task,seed,background,latent_position,D_latent_robot,D_normalized_latent_robot
Original,0,BG1,0,0.0,0.0
Original,0,BG1,1,0.00142574972870833,8.259725871668225e-06
Original,0,BG1,2,0.0028811862289714295,1.9499768006520102e-05
Original,0,BG1,3,0.003872679555960967,3.0723848603310794e-05
Original,0,BG1,4,0.00483253319163554,4.509919705773076e-05
Original,0,BG1,5,0.005668503647324042,6.2455462416188e-05
Original,0,BG1,6,0.0064317527197044425,8.39790924648081e-05
Original,0,BG1,7,0.00711542130957668,0.00011052642828129756
Original,0,BG1,8,0.007682352076780352,0.00014253311899548786
Original,0,BG1,9,0.00841654060491606,0.00018727789676696482
Original,0,BG1,10,0.009126642519570521,0.00024457058011285104
Original,0,BG1,11,0.009638703602321785,0.00031237857609112596
Original,0,BG1,12,0.011091036181964834,0.00043654984394845485
Original,0,BG1,13,0.012462417449023705,0.0005982259222913273
Original,0,BG1,14,0.014878609348322514,0.0008745042080178612
Original,0,BG1,15,0.018257042202782677,0.0013188076530652672
Original,0,BG1,16,0.021753889511570874,0.001937584302026315
Original,0,BG1,17,0.02830109237371094,0.0031162316815327986
Original,0,BG1,18,0.03438679765551697,0.004688494067055691
Original,0,BG1,19,0.04423033909419693,0.007469831978759652
Original,0,BG1,20,0.058554664066081175,0.0122309904119402
Original,0,BG1,21,0.07508243098036171,0.01932472619375967
Original,0,BG1,22,0.08934806309087383,0.028149808377345677
Original,0,BG1,23,0.10220278673205657,0.03902871216265435
Original,0,BG1,24,0.11319762965339192,0.05169734583809637
Original,0,BG1,25,0.1226002153152979,0.06584331219017112
Original,0,BG1,26,0.13045204364898794,0.08077667182421992
Original,0,BG1,27,0.13666309247329872,0.09548250733418634
Original,0,BG1,28,0.1414262415214119,0.10905847657900687
Original,0,BG1,29,0.14482533235945713,0.12069007412219976
Original,0,BG1,30,0.14706268916491477,0.1299600104780838
Original,0,BG1,31,0.14837597384698095,0.13683682334098632
Original,0,BG1,32,0.14906697766971724,0.14164108533064765
Original,0,BG1,33,0.1494808579500235,0.14491809985804602
Original,0,BG1,34,0.14977384227698418,0.14710168858483247
Original,0,BG1,35,0.14991294293362725,0.14842865792936344
Original,0,BG1,36,0.1500906398878191,0.1500906398878191
Original,0,BG2,0,0.0,0.0
Original,0,BG2,1,0.0009059375978038886,5.248323792834255e-06
Original,0,BG2,2,0.0019640622965177157,1.329270514626788e-05
Original,0,BG2,3,0.002726271624704132,2.1628837461830742e-05
Original,0,BG2,4,0.0032487702423948253,3.031886669623213e-05
Original,0,BG2,5,0.003770431797651292,4.154254381677102e-05
Original,0,BG2,6,0.004239607145396522,5.535635095468339e-05
Original,0,BG2,7,0.00456328747803471,7.088320505510817e-05
Original,0,BG2,8,0.004915166721089604,9.119264976044952e-05
Original,0,BG2,9,0.0052609806232837,0.00011706298742289631
Original,0,BG2,10,0.005508396121292948,0.00014761086914764224
Original,0,BG2,11,0.0059970992134560416,0.00019435863984344984
Original,0,BG2,12,0.0062107388279205806,0.0002444584095978961
Original,0,BG2,13,0.0064635363732003836,0.00031026524596102113
Original,0,BG2,14,0.007514157747239911,0.0004416516621489451
Original,0,BG2,15,0.008095592533490112,0.0005847896540449786
Original,0,BG2,16,0.008932834612413693,0.0007956333550277803
Original,0,BG2,17,0.010469920143134578,0.0011528423157472533
Original,0,BG2,18,0.01129572770058545,0.00154012458224437
Original,0,BG2,19,0.013825433983335682,0.0023349056534727472
Original,0,BG2,20,0.01880281342965172,0.003927561277394645
Original,0,BG2,21,0.024067827877418513,0.006194580783825785
Original,0,BG2,22,0.028591655388350918,0.009008025398888902
Original,0,BG2,23,0.03297642041722771,0.012592877955657236
Original,0,BG2,24,0.03689127849419013,0.016848243099796125
Original,0,BG2,25,0.04092510231088739,0.021979115452431752
Original,0,BG2,26,0.04403445648008721,0.027266394175659604
Original,0,BG2,27,0.046498152979986954,0.0324869000964984
Original,0,BG2,28,0.04828744869247954,0.03723605706538112
Original,0,BG2,29,0.0496102484418019,0.04134266061198598
Original,0,BG2,30,0.05042404829922163,0.04455997573245221
Original,0,BG2,31,0.05091546107512085,0.04695578242677239
Original,0,BG2,32,0.05115789584875769,0.048609423816029784
Original,0,BG2,33,0.051314383104270354,0.04974806137633342
Original,0,BG2,34,0.051416912619315,0.05049957022805137
Original,0,BG2,35,0.051468594056206025,0.05095900450154086
Original,0,BG2,36,0.05153737480521741,0.05153737480521741
Original,0,BG3,0,0.0,0.0
Original,0,BG3,1,0.001625340243233034,9.416003809425409e-06
Original,0,BG3,2,0.0031381963336591535,2.123920342035821e-05
Original,0,BG3,3,0.004315540342033037,3.4237278297428895e-05
Original,0,BG3,4,0.005411982385219538,5.0506856482534025e-05
Original,0,BG3,5,0.006342461480632587,6.988111672399126e-05
Original,0,BG3,6,0.007331361161348369,9.572523733970585e-05
Original,0,BG3,7,0.007730218462504144,0.00012007629622632264
Original,0,BG3,8,0.008637888958836167,0.00016026149832794204
Original,0,BG3,9,0.00928488905752617,0.00020659966800198
Original,0,BG3,10,0.01000352902449522,0.0002680688869570236
Original,0,BG3,11,0.010426107289038446,0.000337897366148889
Original,0,BG3,12,0.01195927809757364,0.00047072436695339904
Original,0,BG3,13,0.014842893346926886,0.0007124944738131112
Original,0,BG3,14,0.019520201806265118,0.001147318152839958
Original,0,BG3,15,0.024442736348807313,0.0017656347269202526
Original,0,BG3,16,0.03559185563207233,0.0031701099100287272
Original,0,BG3,17,0.048058081835913403,0.005291672670989694
Original,0,BG3,18,0.05601704022705942,0.0076376859362115345
Original,0,BG3,19,0.06447551740173027,0.010888934868080655
Original,0,BG3,20,0.07737200153060299,0.016161585508042586
Original,0,BG3,21,0.09399018317101084,0.02419120604001504
Original,0,BG3,22,0.10819842681783451,0.03408876344644658
Original,0,BG3,23,0.12172001231749206,0.046481856981403544
Original,0,BG3,24,0.13333877487145038,0.060895804797441055
Original,0,BG3,25,0.1436117391601046,0.07712769974500881
Original,0,BG3,26,0.15219307267090923,0.0942388447791002
Original,0,BG3,27,0.15900918607350814,0.111095069530854
Original,0,BG3,28,0.16427150657570444,0.1266752203590258
Original,0,BG3,29,0.16799998766943675,0.1400026545364236
Original,0,BG3,30,0.1705569955126085,0.1507220430995685
Original,0,BG3,31,0.1721196143834665,0.15873392859185076
Original,0,BG3,32,0.17297855846437202,0.1643614911932397
Original,0,BG3,33,0.17347275397732595,0.1681776663309232
Original,0,BG3,34,0.17380500954019237,0.17070410957691856
Original,0,BG3,35,0.17396197347208037,0.1722395792173992
Original,0,BG3,36,0.17416060472352698,0.17416060472352698
Original,0,BG4,0,0.0,0.0
Original,0,BG4,1,0.001397613089132683,8.096723245458457e-06
Original,0,BG4,2,0.002719927687566575,1.840837583100805e-05
Original,0,BG4,3,0.003637763019712986,2.8860141563356396e-05
Original,0,BG4,4,0.004586676501859872,4.2804760905270255e-05
Original,0,BG4,5,0.005447643584341506,6.002203060609904e-05
Original,0,BG4,6,0.006476703622348636,8.456601432067902e-05
Original,0,BG4,7,0.007024060563662075,0.0001091072886489038
Original,0,BG4,8,0.007715222727266123,0.00014314297842051477
Original,0,BG4,9,0.007933523302256672,0.0001765301952229914
Original,0,BG4,10,0.008466207584700191,0.000226872619821208
Original,0,BG4,11,0.008793707838797194,0.0002849932998767985
Original,0,BG4,12,0.010418757893525612,0.0004100885664250129
Original,0,BG4,13,0.01252691496526028,0.0006013219589907377
Original,0,BG4,14,0.015981547809131556,0.0009393304496490835
Original,0,BG4,15,0.020559509591713005,0.0014851276701947714
Original,0,BG4,16,0.029408273074101224,0.002619348054335081
Original,0,BG4,17,0.04130537075267567,0.004548132039593288
Original,0,BG4,18,0.046522172325389986,0.006343100955586439
Original,0,BG4,19,0.052701628039293846,0.008900503910358066
Original,0,BG4,20,0.06438385747586338,0.013448601514511865
Original,0,BG4,21,0.07942970312904522,0.020443627722615595
Original,0,BG4,22,0.09217136020554724,0.029039310333319728
Original,0,BG4,23,0.10402988314452041,0.03972643495132784
Original,0,BG4,24,0.11441888208288074,0.05225509169829746
Original,0,BG4,25,0.123744411279522,0.06645781086901419
Original,0,BG4,26,0.13158559060510197,0.08147857077705374
Original,0,BG4,27,0.13783559815501642,0.09630170270230266
Original,0,BG4,28,0.14266915765309646,0.11001693075544122
Original,0,BG4,29,0.14610024821980133,0.12175252403995722
Original,0,BG4,30,0.14838474525591713,0.13112831807468986
Original,0,BG4,31,0.14975413458844156,0.13810780486058769
Original,0,BG4,32,0.15050080392251589,0.14300348450185588
Original,0,BG4,33,0.1509382811267383,0.14633103681684367
Original,0,BG4,34,0.15123335987877345,0.1485351666646443
Original,0,BG4,35,0.15137547374298158,0.1498767081440352
Original,0,BG4,36,0.15155728123303885,0.15155728123303885
Original,0,BG5,0,0.0,0.0
Original,0,BG5,1,0.005380878876625632,3.11727813526785e-05
Original,0,BG5,2,0.010107276514338837,6.840569518561671e-05
Original,0,BG5,3,0.014208467269963916,0.00011272267465447794
Original,0,BG5,4,0.01790495108055691,0.00016709640359467001
Original,0,BG5,5,0.02112415852225387,0.00023274556580972632
Original,0,BG5,6,0.02401904762990812,0.0003136155744647687
Original,0,BG5,7,0.026411252202384022,0.0004102555899302443
Original,0,BG5,8,0.028742369467326223,0.00053326630967232
Original,0,BG5,9,0.030855121728019175,0.0006865626364137495
Original,0,BG5,10,0.032843890083261086,0.0008801319030953714
Original,0,BG5,11,0.03493554294909943,0.0011322181536577154
Original,0,BG5,12,0.037756567017420646,0.001486121147620129
Original,0,BG5,13,0.0423163246863351,0.0020312850635279176
Original,0,BG5,14,0.04840980976688197,0.0028453319304166036
Original,0,BG5,15,0.056952833367754925,0.00411401976884793
Original,0,BG5,16,0.07221723337950926,0.006432273995330014
Original,0,BG5,17,0.09390455318211083,0.010339825036102644
Original,0,BG5,18,0.11566892682753442,0.015770967763249575
Original,0,BG5,19,0.13847878308753084,0.023386961565979896
Original,0,BG5,20,0.16546955481099238,0.03456354114419084
Original,0,BG5,21,0.19043360906624004,0.04901382801932638
Original,0,BG5,22,0.21231414610552127,0.06689123788682866
Original,0,BG5,23,0.23137511644885894,0.08835642476076899
Original,0,BG5,24,0.2475288112205729,0.11304638267132892
Original,0,BG5,25,0.2635587476876376,0.14154608849990988
Original,0,BG5,26,0.2770180493670408,0.17153120369371896
Original,0,BG5,27,0.28748642406872116,0.20085835977790803
Original,0,BG5,28,0.2954578744568979,0.22783738963308853
Original,0,BG5,29,0.30093569928680025,0.2507845224778543
Original,0,BG5,30,0.3047165278981492,0.26927947178564987
Original,0,BG5,31,0.3071258309013707,0.28324075605088966
Original,0,BG5,32,0.3085568706084567,0.29318586020966464
Original,0,BG5,33,0.3093276484007189,0.2998857222846281
Original,0,BG5,34,0.3097728089855346,0.3042460727006604
Original,0,BG5,35,0.3099538873511447,0.3068850403374469
Original,0,BG5,36,0.3101901692136499,0.3101901692136499
Original,0,BG6,0,0.0,0.0
Original,0,BG6,1,0.006784030220532313,3.9301589067067926e-05
Original,0,BG6,2,0.01276188746150621,8.637200952177823e-05
Original,0,BG6,3,0.0179602482863284,0.00014248737605054824
Original,0,BG6,4,0.02251058478096732,0.00021007808122048858
Original,0,BG6,5,0.026521529412067587,0.0002922136928770633
Original,0,BG6,6,0.02984627710411557,0.0003897014356244531
Original,0,BG6,7,0.032718829471854664,0.0005082334845994311
Original,0,BG6,8,0.03543673132082781,0.000657468933557727
Original,0,BG6,9,0.0376482219589741,0.0008377170797838231
Original,0,BG6,10,0.039921945707935544,0.0010698056179367702
Original,0,BG6,11,0.042259081988019274,0.0013695650790341329
Original,0,BG6,12,0.045286384520446546,0.001782499284360494
Original,0,BG6,13,0.049404196276329936,0.0023715198959552574
Original,0,BG6,14,0.05642466239062274,0.003316412403496229
Original,0,BG6,15,0.06570036259322101,0.004745902431012511
Original,0,BG6,16,0.08208175593134101,0.007310891295007468
Original,0,BG6,17,0.12700423467568583,0.013984429082182021
Original,0,BG6,18,0.19400737185040676,0.026452082611634096
Original,0,BG6,19,0.24925514241850022,0.04209540491355604
Original,0,BG6,20,0.2984509600720371,0.06234090641449732
Original,0,BG6,21,0.34224389071461325,0.0880867787205154
Original,0,BG6,22,0.3810025755367461,0.12003785126384205
Original,0,BG6,23,0.4114647741905032,0.1571282029154027
Original,0,BG6,24,0.4360375398814907,0.19913829974563513
Original,0,BG6,25,0.46610097286016033,0.25032282226819375
Original,0,BG6,26,0.4875034280107205,0.3018649868166949
Original,0,BG6,27,0.5037245516354362,0.35193761781229665
Original,0,BG6,28,0.5156106108757734,0.39760448427793355
Original,0,BG6,29,0.5238604445007518,0.4365586798493954
Original,0,BG6,30,0.529406659586616,0.4678392290666655
Original,0,BG6,31,0.532925805417548,0.4914803414880718
Original,0,BG6,32,0.534951689699866,0.5083026374642765
Original,0,BG6,33,0.5360265234374078,0.5196648342975076
Original,0,BG6,34,0.5366342354692989,0.5270600057524908
Original,0,BG6,35,0.5368803364868234,0.5315646947231657
Original,0,BG6,36,0.5372022309415254,0.5372022309415254
Original,0,BG7,0,0.0,0.0
Original,0,BG7,1,0.005319069904723852,3.08147063630413e-05
Original,0,BG7,2,0.010030586670488645,6.788666096114608e-05
Original,0,BG7,3,0.0140672007136516,0.00011160193804828368
Original,0,BG7,4,0.017603074102191786,0.00016427916237167522
Original,0,BG7,5,0.020766848781778105,0.00022880873448981881
Original,0,BG7,6,0.023457463318732334,0.0003062829943976245
Original,0,BG7,7,0.025865180892250893,0.0004017732650356522
Original,0,BG7,8,0.02806107014562158,0.0005206259495422932
Original,0,BG7,9,0.030022587613723305,0.0006680377768438528
Original,0,BG7,10,0.03154904998963154,0.0008454335124118183
Original,0,BG7,11,0.03326312894665796,0.0010780172662959414
Original,0,BG7,12,0.03520628857325653,0.00138574065570197
Original,0,BG7,13,0.03796411460919598,0.0018223685383581194
Original,0,BG7,14,0.04244432196191199,0.002494704790021125
Original,0,BG7,15,0.048446278768158386,0.0034995440352183376
Original,0,BG7,16,0.05981460593515307,0.005327591713321666
Original,0,BG7,17,0.07899759702261999,0.008698420943490697
Original,0,BG7,18,0.09781482505594012,0.013336636675919276
Original,0,BG7,19,0.10920458670096427,0.01844299477162867
Original,0,BG7,20,0.12424881266453074,0.0259532876267844
Original,0,BG7,21,0.13829796948140743,0.035595149992337274
Original,0,BG7,22,0.15324607615336494,0.048281378836885144
Original,0,BG7,23,0.1681983168196119,0.06423077002062552
Original,0,BG7,24,0.18382715348292158,0.08395384216237697
Original,0,BG7,25,0.2049431630002324,0.11006617430001857
Original,0,BG7,26,0.22089046614791996,0.13677667458748624
Original,0,BG7,27,0.23348732915832357,0.16313077065457154
Original,0,BG7,28,0.24306966749771677,0.1874391020357448
Original,0,BG7,29,0.24977820594350816,0.20815246718317043
Original,0,BG7,30,0.25422280438356765,0.22465792365860643
Original,0,BG7,31,0.25683011167619735,0.23685651845462088
Original,0,BG7,32,0.25828525223705856,0.24541856295933967
Original,0,BG7,33,0.25906179076350283,0.2511541806561868
Original,0,BG7,34,0.25948825771248246,0.25485866120888456
Original,0,BG7,35,0.25965655749790645,0.25708570280780196
Original,0,BG7,36,0.25990003503926545,0.25990003503926545
Original,0,BG8,0,0.0,0.0
Original,0,BG8,1,0.007455320796038296,4.3190543771187615e-05
Original,0,BG8,2,0.014005303895174884,9.47874084892554e-05
Original,0,BG8,3,0.019727821303511056,0.00015651039133033863
Original,0,BG8,4,0.024693680915766056,0.0002304516371291693
Original,0,BG8,5,0.02902209351399175,0.0003197648591262807
Original,0,BG8,6,0.03284773886959799,0.00042889138152885575
Original,0,BG8,7,0.03603622654618376,0.0005597638195979584
Original,0,BG8,8,0.038938196242132586,0.0007224327236798744
Original,0,BG8,9,0.04138774380162943,0.0009209258263353717
Original,0,BG8,10,0.04382135327218672,0.0011742997206573235
Original,0,BG8,11,0.04662299248236841,0.0015109940762006952
Original,0,BG8,12,0.050673482868168286,0.0019945387142168178
Original,0,BG8,13,0.05665703511754675,0.0027196735559616783
Original,0,BG8,14,0.06566638877091721,0.0038596035387246878
Original,0,BG8,15,0.0778527449928842,0.00562373657015696
Original,0,BG8,16,0.09637862061605215,0.008584290282651875
Original,0,BG8,17,0.13880573155624107,0.015283891240474131
Original,0,BG8,18,0.21166043471370413,0.028859002884218585
Original,0,BG8,19,0.2765657266102558,0.04670774746367116
Original,0,BG8,20,0.33358606682733366,0.06967998284852714
Original,0,BG8,21,0.3815951980571093,0.09821502353632677
Original,0,BG8,22,0.419683586800958,0.13222460752797793
Original,0,BG8,23,0.4508994202867998,0.1721873173897213
Original,0,BG8,24,0.47674419310620975,0.2177290244233403
Original,0,BG8,25,0.49972745830156223,0.2683821638376064
Original,0,BG8,26,0.5177430234381921,0.32058952159811005
Original,0,BG8,27,0.5313532966306581,0.3712410142432272
Original,0,BG8,28,0.5411676348742784,0.4173123550595304
Original,0,BG8,29,0.5479660778830768,0.45664709021750344
Original,0,BG8,30,0.5525725140847922,0.4883110071383986
Original,0,BG8,31,0.5555769287885456,0.5123698944025935
Original,0,BG8,32,0.557303612591847,0.5295410819600249
Original,0,BG8,33,0.5582270540082639,0.5411877150814518
Original,0,BG8,34,0.5587975354127706,0.5488278843293422
Original,0,BG8,35,0.559012316427382,0.5534775465112859
Original,0,BG8,36,0.5592993003490025,0.5592993003490025
Original,0,BG9,0,0.0,0.0
Original,0,BG9,1,0.005409578033422907,3.133904282749174e-05
Original,0,BG9,2,0.010193005392558468,6.89859053712659e-05
Original,0,BG9,3,0.014344030221590068,0.00011379816124217499
Original,0,BG9,4,0.017996613383194512,0.000167951834459086
Original,0,BG9,5,0.021163163088292372,0.00023317531749999598
Original,0,BG9,6,0.023892699377867675,0.00031196585108118896
Original,0,BG9,7,0.02631851747195377,0.00040881510850576365
Original,0,BG9,8,0.028390737463755436,0.0005267423703678964
Original,0,BG9,9,0.030253882322566858,0.0006731843539963046
Original,0,BG9,10,0.03230996503805345,0.0008658240837685432
Original,0,BG9,11,0.034337854360883636,0.0011128477989536814
Original,0,BG9,12,0.037335256017546885,0.0014695380954090538
Original,0,BG9,13,0.042017160110394955,0.0020169244420839183
Original,0,BG9,14,0.0501485579337694,0.002947528483996601
Original,0,BG9,15,0.06127424528197496,0.004426179372010158
Original,0,BG9,16,0.08161513186219688,0.007269329830267649
Original,0,BG9,17,0.12409976601745132,0.01366461821434326
Original,0,BG9,18,0.18570922447771784,0.025320665384776987
Original,0,BG9,19,0.23480071484799636,0.039654271794249345
Original,0,BG9,20,0.27965422139311974,0.058414614136576906
Original,0,BG9,21,0.3171007349269463,0.08161542998722007
Original,0,BG9,22,0.346065744640156,0.10903072865390614
Original,0,BG9,23,0.3685724924958288,0.14074870333641726
Original,0,BG9,24,0.38672667124155385,0.17661803116402314
Original,0,BG9,25,0.4041214428053907,0.21703627757908822
Original,0,BG9,26,0.4175976065188864,0.25857889168736126
Original,0,BG9,27,0.42761332880439307,0.29876093103395973
Original,0,BG9,28,0.4350627507434072,0.33549135124737434
Original,0,BG9,29,0.44022037337306064,0.36685729417219987
Original,0,BG9,30,0.44378512797699005,0.3921750675464861
Original,0,BG9,31,0.44632006975841515,0.41160990549064075
Original,0,BG9,32,0.4478528593700784,0.42554270656110904
Original,0,BG9,33,0.44875193958293474,0.4350542222538558
Original,0,BG9,34,0.4492784111415884,0.4412627191112566
Original,0,BG9,35,0.44949329401349386,0.4450428693937769
Original,0,BG9,36,0.4497463133604177,0.4497463133604177
Original,0,BG10,0,0.0,0.0
Original,0,BG10,1,0.007139312043399304,4.135982573005611e-05
Original,0,BG10,2,0.013422904492986557,9.084574978865246e-05
Original,0,BG10,3,0.018919619217280883,0.00015009853145526108
Original,0,BG10,4,0.02367329433997744,0.00022092896789021555
Original,0,BG10,5,0.027803629682663346,0.000306339848459451
Original,0,BG10,6,0.03139432617803357,0.0004099142396412374
Original,0,BG10,7,0.034486388488021394,0.0005356896191109217
Original,0,BG10,8,0.03731489510397216,0.0006923151022064324
Original,0,BG10,9,0.039689294194912746,0.0008831333321458123
Original,0,BG10,10,0.04207018452860527,0.0011273728978258325
Original,0,BG10,11,0.04463832591595229,0.0014466734655304086
Original,0,BG10,12,0.047984783684769,0.0018887099035090982
Original,0,BG10,13,0.05264041829068924,0.002526866311870222
Original,0,BG10,14,0.06036432611658596,0.0035479698314374152
Original,0,BG10,15,0.07041689236287055,0.005086603600740938
Original,0,BG10,16,0.08724731815207311,0.007770979709370839
Original,0,BG10,17,0.1333872721120652,0.014687264985345156
Original,0,BG10,18,0.20744052419322404,0.02828363597821042
Original,0,BG10,19,0.27209886266838856,0.045953362029866024
Original,0,BG10,20,0.32955928815540225,0.06883886300501041
Original,0,BG10,21,0.3787744937622009,0.09748903026758411
Original,0,BG10,22,0.419586532584984,0.1321940296149282
Original,0,BG10,23,0.45245422885065034,0.17278106024763282
Original,0,BG10,24,0.47839702586609095,0.21848387272222963
Original,0,BG10,25,0.5009764032275461,0.2690529188634527
Original,0,BG10,26,0.5192514961757514,0.3215235772216065
Original,0,BG10,27,0.5332177838226282,0.3725436769980154
Original,0,BG10,28,0.5435621207060789,0.41915882244700775
Original,0,BG10,29,0.5508320758949913,0.45903546719561095
Original,0,BG10,30,0.5558799263782557,0.4912337841876762
Original,0,BG10,31,0.5591112663721123,0.5156293675154952
Original,0,BG10,32,0.5609303137131827,0.5329871154623176
Original,0,BG10,33,0.5617961583770518,0.5446478767703344
Original,0,BG10,34,0.5622360147232062,0.5522050171895586
Original,0,BG10,35,0.5623698591057529,0.5568018458551804
Original,0,BG10,36,0.5625703873116404,0.5625703873116404
Original,0,BG11,0,0.0,0.0
Original,0,BG11,1,0.005271539283308822,3.053934957136801e-05
Original,0,BG11,2,0.009921847982609538,6.715072141302564e-05
Original,0,BG11,3,0.013912924804676149,0.0001103779921076552
Original,0,BG11,4,0.017461878155738426,0.00016296146443690385
Original,0,BG11,5,0.020537567185130244,0.00022628251387873057
Original,0,BG11,6,0.02306036238655875,0.00030109806625069365
Original,0,BG11,7,0.02527676970892269,0.0003926332613129526
Original,0,BG11,8,0.02752307119716532,0.0005106442842875019
Original,0,BG11,9,0.029343887194154726,0.0006529358957581187
Original,0,BG11,10,0.03102617487813774,0.0008314218045383468
Original,0,BG11,11,0.03292778390096872,0.0010671491404022615
Original,0,BG11,12,0.03540291341107882,0.0013934799271104344
Original,0,BG11,13,0.03905674820785104,0.001874817578455353
Original,0,BG11,14,0.04514824351786906,0.0026536303204133783
Original,0,BG11,15,0.053391706010216665,0.0038567797427091904
Original,0,BG11,16,0.0685783248388666,0.006108162198327223
Original,0,BG11,17,0.10372126277187668,0.01142074236984889
Original,0,BG11,18,0.16661230808542385,0.022716881812463955
Original,0,BG11,19,0.2209687031901761,0.03731825523436027
Original,0,BG11,20,0.26941777912776393,0.05627641002996248
Original,0,BG11,21,0.3114374283482986,0.08015780732360951
Original,0,BG11,22,0.3465300740738282,0.10917701933073014
Original,0,BG11,23,0.3749231426689566,0.14317385943955113
Original,0,BG11,24,0.39769637238658634,0.18162789246104408
Original,0,BG11,25,0.4196313062477577,0.22536595929593875
Original,0,BG11,26,0.43581860200912914,0.269861438943746
Original,0,BG11,27,0.4478677553896346,0.31291210692863985
Original,0,BG11,28,0.4566428815606318,0.35213250778236543
Original,0,BG11,29,0.46263535056281985,0.3855367970584914
Original,0,BG11,30,0.46679310968011534,0.41250733176094034
Original,0,BG11,31,0.4695428796313341,0.43302668440337194
Original,0,BG11,32,0.4712103508640648,0.44773662494354677
Original,0,BG11,33,0.47213032992510245,0.45771900995194326
Original,0,BG11,34,0.4726433132596199,0.46421076218282653
Original,0,BG11,35,0.4728452343909621,0.46816360311691896
Original,0,BG11,36,0.47310374291377655,0.47310374291377655
Original,0,BG12,0,0.0,0.0
Original,0,BG12,1,0.0031557251313656023,1.828190740969115e-05
Original,0,BG12,2,0.005940400473153291,4.020442329771613e-05
Original,0,BG12,3,0.008249780549200019,6.544951748841132e-05
Original,0,BG12,4,0.010616930443120207,9.908158332331147e-05
Original,0,BG12,5,0.012337581534436355,0.0001359352316757979
Original,0,BG12,6,0.014135701578134695,0.00018456918999980323
Original,0,BG12,7,0.015589126515170847,0.00024215157578948789
Original,0,BG12,8,0.016824993778994837,0.00031215945376940877
Original,0,BG12,9,0.018288217200891986,0.00040693427531946484
Original,0,BG12,10,0.01927592735100038,0.0005165453500543867
Original,0,BG12,11,0.021066772495157232,0.0006827482915341256
Original,0,BG12,12,0.023355936738073665,0.0009193036946748198
Original,0,BG12,13,0.026735992070446316,0.0012833917353193426
Original,0,BG12,14,0.0328454978161507,0.0019305249122875219
Original,0,BG12,15,0.04022113064856998,0.0029053958620321343
Original,0,BG12,16,0.05478353710205115,0.004879482414844631
Original,0,BG12,17,0.07710871894646673,0.00849043668895707
Original,0,BG12,18,0.09787877991276664,0.013345356669773344
Original,0,BG12,19,0.11137594522136054,0.01880970423260566
Original,0,BG12,20,0.12423778728741176,0.025950984627585834
Original,0,BG12,21,0.1397424319492918,0.035966925982455294
Original,0,BG12,22,0.15691921382653412,0.04943862968580971
Original,0,BG12,23,0.17221760245241452,0.06576563563819171
Original,0,BG12,24,0.1865687310444744,0.08520592034430227
Original,0,BG12,25,0.20035518114102827,0.10760216635377863
Original,0,BG12,26,0.21162388784225764,0.13103875470254128
Original,0,BG12,27,0.2204162473022372,0.15399838821690842
Original,0,BG12,28,0.2271540820697863,0.17516606470683177
Original,0,BG12,29,0.23183378635176163,0.1931984993672404
Original,0,BG12,30,0.23499438788672572,0.20766567944573983
Original,0,BG12,31,0.23697108183120835,0.21854191905337003
Original,0,BG12,32,0.23812272718250493,0.22626045031136002
Original,0,BG12,33,0.23880320784563022,0.2315139719198483
Original,0,BG12,34,0.2392294391445058,0.23496128518754203
Original,0,BG12,35,0.23941765362331313,0.23704718436146963
Original,0,BG12,36,0.23965766897154037,0.23965766897154037
Original,0,BG13,0,0.0,0.0
Original,0,BG13,1,0.002482214953213117,1.438009403914792e-05
Original,0,BG13,2,0.004738270216919874,3.20684476865028e-05
Original,0,BG13,3,0.006630151387795287,5.26002123182757e-05
Original,0,BG13,4,0.008311669401502353,7.756793414163007e-05
Original,0,BG13,5,0.00972749252925034,0.00010717732223816009
Original,0,BG13,6,0.01099297911175992,0.0001435348114514558
Original,0,BG13,7,0.01205555308124147,0.0001872632926999328
Original,0,BG13,8,0.013091058878745412,0.00024288257472305396
Original,0,BG13,9,0.013901274821911985,0.0003093196625262361
Original,0,BG13,10,0.01468081955797756,0.0003934082590951635
Original,0,BG13,11,0.01546915618819395,0.0005013364038221667
Original,0,BG13,12,0.01677994801638662,0.0006604688282340886
Original,0,BG13,13,0.018814817962063805,0.0009031563827764851
Original,0,BG13,14,0.02254459360261709,0.0013250796143609788
Original,0,BG13,15,0.026589887556127744,0.0019207353920115276
Original,0,BG13,16,0.03730732347934713,0.0033229039053538673
Original,0,BG13,17,0.05092322783251463,0.005607153734120371
Original,0,BG13,18,0.061961383368075315,0.008448171930240445
Original,0,BG13,19,0.05557813888233355,0.009386302870429582
Original,0,BG13,20,0.05482668940793641,0.011452285217436436
Original,0,BG13,21,0.05916647935898862,0.015228276439381606
Original,0,BG13,22,0.0627031064430433,0.01975510575669444
Original,0,BG13,23,0.06731944223599529,0.025707627127450856
Original,0,BG13,24,0.07238232833832506,0.03305700195867821
Original,0,BG13,25,0.08194569748128172,0.044009516078589585
Original,0,BG13,26,0.0890675645529519,0.05515115929154268
Original,0,BG13,27,0.0948486231808334,0.06626796009375384
Original,0,BG13,28,0.0993537587680241,0.07661498661741073
Original,0,BG13,29,0.10249881160868449,0.0854173020851754
Original,0,BG13,30,0.10455716198700779,0.09239767049022392
Original,0,BG13,31,0.10579181965116534,0.09756442470225658
Original,0,BG13,32,0.10644460902505273,0.10114198460591825
Original,0,BG13,33,0.1068409585320751,0.10357974185811006
Original,0,BG13,34,0.10709524726124779,0.10518453329219819
Original,0,BG13,35,0.10721773301763114,0.10615617226000319
Original,0,BG13,36,0.10738429455832336,0.10738429455832336
Original,0,BG14,0,0.0,0.0
Original,0,BG14,1,0.005221960537452507,3.0252127533903734e-05
Original,0,BG14,2,0.009787591751600265,6.62420800209508e-05
Original,0,BG14,3,0.013770973730179303,0.00010925182596396153
Original,0,BG14,4,0.017260605206483686,0.000161083101908038
Original,0,BG14,5,0.020305558085775853,0.00022372624156143448
Original,0,BG14,6,0.023024754042653004,0.000300633130527013
Original,0,BG14,7,0.025187276146318306,0.00039124312483482243
Original,0,BG14,8,0.02728396223063403,0.0005062080207553813
Original,0,BG14,9,0.029046966856085148,0.0006463290681973198
Original,0,BG14,10,0.03070973372840683,0.0008229419931183189
Original,0,BG14,11,0.03254038640326936,0.0010545940615971521
Original,0,BG14,12,0.03476419483946779,0.0013683395867535632
Original,0,BG14,13,0.0382184386498051,0.0018345767052530642
Original,0,BG14,14,0.04323971809277872,0.0025414549482928803
Original,0,BG14,15,0.051949636732721946,0.003752611053374005
Original,0,BG14,16,0.06665430362361177,0.005936792696351038
Original,0,BG14,17,0.09986283837409386,0.010995891474906556
Original,0,BG14,18,0.16190644213544947,0.02207525692703716
Original,0,BG14,19,0.21699822209857916,0.036647701396539695
Original,0,BG14,20,0.26607281634522073,0.05557770883881351
Original,0,BG14,21,0.30902229903852524,0.0795362011469536
Original,0,BG14,22,0.3449188104817179,0.10866937801179262
Original,0,BG14,23,0.3740430742650966,0.14283778309388404
Original,0,BG14,24,0.397643355180988,0.18160367949462375
Original,0,BG14,25,0.4181505121927545,0.2245706888698468
Original,0,BG14,26,0.4335389572507435,0.2684498693807891
Original,0,BG14,27,0.4449459184817867,0.310870705293804
Original,0,BG14,28,0.4532692502964429,0.3495309886716722
Original,0,BG14,29,0.4589001059567869,0.3824240341511899
Original,0,BG14,30,0.46285959631872453,0.40903126769729126
Original,0,BG14,31,0.46551112219432483,0.4293084756759412
Original,0,BG14,32,0.46701807830596925,0.44375319459685775
Original,0,BG14,33,0.4678744979978374,0.4535930829614507
Original,0,BG14,34,0.4683754062570308,0.46001900011520835
Original,0,BG14,35,0.46857469446606614,0.46393534614849985
Original,0,BG14,36,0.46881075371855946,0.46881075371855946
Original,0,BG15,0,0.0,0.0
Original,0,BG15,1,0.0029204041531618883,1.691863393578654e-05
Original,0,BG15,2,0.005522023505324503,3.7372862613320753e-05
Original,0,BG15,3,0.007805618828818537,6.192576674264167e-05
Original,0,BG15,4,0.009837527125365302,9.180786931879311e-05
Original,0,BG15,5,0.011698017742373263,0.00012888853129044945
Original,0,BG15,6,0.013299447304385474,0.0001736502578559062
Original,0,BG15,7,0.014414545813533002,0.0002239063845820737
Original,0,BG15,8,0.015898936249332526,0.00029497801489120903
Original,0,BG15,9,0.01709330128726793,0.00038034599471047765
Original,0,BG15,10,0.01804534891544038,0.00048356900520980247
Original,0,BG15,11,0.01938301526298091,0.0006281797811850161
Original,0,BG15,12,0.0221758080237254,0.0008728531186686006
Original,0,BG15,13,0.025698081054602,0.0012335695168435197
Original,0,BG15,14,0.032232945476457726,0.0018945215719340202
Original,0,BG15,15,0.03995610964970858,0.0028862519249225013
Original,0,BG15,16,0.05586911981914012,0.004976173539576714
Original,0,BG15,17,0.07598195468732608,0.008366368730322342
Original,0,BG15,18,0.10307418146898602,0.014053727649226262
Original,0,BG15,19,0.13134544505006443,0.022182249228921935
Original,0,BG15,20,0.1597579804378772,0.03337049850904649
Original,0,BG15,21,0.18533795857280938,0.04770230882795926
Original,0,BG15,22,0.20753447261865485,0.06538536413083229
Original,0,BG15,23,0.22641376997124227,0.0864618093230214
Original,0,BG15,24,0.24164402543284955,0.11035880164741364
Original,0,BG15,25,0.25414582619657855,0.13649081246921801
Original,0,BG15,26,0.26450772798969424,0.16378473937214094
Original,0,BG15,27,0.2722928586870048,0.19024305980409303
Original,0,BG15,28,0.2781075284536995,0.21445796096810157
Original,0,BG15,29,0.2820341616067327,0.23503294163636967
Original,0,BG15,30,0.2847543200640451,0.25163877195116385
Original,0,BG15,31,0.28649688856755995,0.2642161201072265
Original,0,BG15,32,0.28747315780185484,0.2731524496957885
Original,0,BG15,33,0.2880289009612728,0.2792370983157234
Original,0,BG15,34,0.288393331966426,0.2832480322686801
Original,0,BG15,35,0.2885521317756665,0.2856951830477373
Original,0,BG15,36,0.2887492013250256,0.2887492013250256
Original,1,BG1,0,0.0,0.0
Original,1,BG1,1,0.0013512429597148127,7.828089477737464e-06
Original,1,BG1,2,0.002552401803238616,1.7274566418154534e-05
Original,1,BG1,3,0.003511601036755055,2.7859237343741586e-05
Original,1,BG1,4,0.0043702276051278246,4.0784770336294836e-05
Original,1,BG1,5,0.005022756633683445,5.534063443426944e-05
Original,1,BG1,6,0.005700545507618054,7.443175446956802e-05
Original,1,BG1,7,0.006132559206966879,9.525927370825629e-05
Original,1,BG1,8,0.006939983860605185,0.00012875972517848946
Original,1,BG1,9,0.0071794384323758615,0.00015975092249254
Original,1,BG1,10,0.007575694193606892,0.00020300914783134065
Original,1,BG1,11,0.007715523821147137,0.00025005067643079655
Original,1,BG1,12,0.008018729967246592,0.000315622026703917
Original,1,BG1,13,0.00824464999345639,0.00039576297138333707
Original,1,BG1,14,0.008799508776837871,0.0005171993742106066
Original,1,BG1,15,0.009668390464228257,0.0006984015909677995
Original,1,BG1,16,0.009962184499065455,0.0008873159107698147
Original,1,BG1,17,0.011055496757160544,0.0012173201230489647
Original,1,BG1,18,0.014082204953332176,0.001920048939789424
Original,1,BG1,19,0.017225933431041358,0.002909198326016951
Original,1,BG1,20,0.02092741469335081,0.004371351327577002
Original,1,BG1,21,0.0255276049785689,0.006570298423333999
Original,1,BG1,22,0.03157448951702543,0.009947790694644952
Original,1,BG1,23,0.037898093879811606,0.014472343114412697
Original,1,BG1,24,0.04426820230426403,0.02021728345692536
Original,1,BG1,25,0.05176171687314762,0.027798995965290133
Original,1,BG1,26,0.057949956717257785,0.035882953646026915
Original,1,BG1,27,0.06320244755799662,0.04415770236645608
Original,1,BG1,28,0.0672709635358728,0.05187487640545
Original,1,BG1,29,0.07021309982101057,0.058512030166174255
Original,1,BG1,30,0.0721391023485608,0.06374967424406751
Original,1,BG1,31,0.07330512045671905,0.06760420536726357
Original,1,BG1,32,0.0739516297250429,0.07026766932509676
Original,1,BG1,33,0.07431446402882455,0.07204608712436363
Original,1,BG1,34,0.07453007728085372,0.07320036698981477
Original,1,BG1,35,0.07463690910355253,0.07389793048240223
Original,1,BG1,36,0.07478239144432956,0.07478239144432956
Original,1,BG2,0,0.0,0.0
Original,1,BG2,1,0.000897607277401393,5.200064161901593e-06
Original,1,BG2,2,0.001960349067863513,1.3267574150693365e-05
Original,1,BG2,3,0.0026299531835057006,2.0864696469089888e-05
Original,1,BG2,4,0.00336239068516978,3.137921964013686e-05
Original,1,BG2,5,0.003724073310031064,4.1031766853774424e-05
Original,1,BG2,6,0.00416727729083787,5.441194347977721e-05
Original,1,BG2,7,0.004564071382039633,7.089538150838485e-05
Original,1,BG2,8,0.004982641337816121,9.24445274656677e-05
Original,1,BG2,9,0.0051274058936878735,0.0001140907924585162
Original,1,BG2,10,0.00530092554687918,0.0001420511899984766
Original,1,BG2,11,0.005424707191897228,0.00017580811552051756
Original,1,BG2,12,0.0055907060013099495,0.00022005354487640303
Original,1,BG2,13,0.005882470269247723,0.0002823726793402787
Original,1,BG2,14,0.0060414672476476325,0.0003550928991573966
Original,1,BG2,15,0.005953108796836319,0.0004300261423199211
Original,1,BG2,16,0.005978903415454079,0.0005325314066931469
Original,1,BG2,17,0.006078665461500886,0.0006693215090487954
Original,1,BG2,18,0.006120864574154382,0.0008345539346218073
Original,1,BG2,19,0.0061608215501998236,0.0010404691163241654
Original,1,BG2,20,0.006323618439995244,0.0013208873747829288
Original,1,BG2,21,0.006675501001079139,0.001718141346690946
Original,1,BG2,22,0.00736741439699402,0.0023211617207256224
Original,1,BG2,23,0.00817621051024322,0.0031222922205637023
Original,1,BG2,24,0.009139601540102078,0.004174055079622419
Original,1,BG2,25,0.014465054076187431,0.007768559543932066
Original,1,BG2,26,0.017107472393765966,0.010593047406893126
Original,1,BG2,27,0.019094038795371526,0.013340446666358339
Original,1,BG2,28,0.020428006726068895,0.01575271514132307
Original,1,BG2,29,0.02148092636313633,0.0179011126948934
Original,1,BG2,30,0.022070317022941235,0.019503646085256267
Original,1,BG2,31,0.022431678666467215,0.020687174398748922
Original,1,BG2,32,0.022650442689297157,0.021522092543458375
Original,1,BG2,33,0.022774312686081002,0.02207914888026903
Original,1,BG2,34,0.022852497747098674,0.02244478045757876
Original,1,BG2,35,0.022886084844878453,0.02265949014661247
Original,1,BG2,36,0.022938189999287175,0.022938189999287175
Original,1,BG3,0,0.0,0.0
Original,1,BG3,1,0.0015216740266060843,8.815439406243141e-06
Original,1,BG3,2,0.0030393591960986665,2.0570277109351153e-05
Original,1,BG3,3,0.004255396656730078,3.3760129295513534e-05
Original,1,BG3,4,0.005225605103434853,4.87675066467729e-05
Original,1,BG3,5,0.005994043772435694,6.604225701539358e-05
Original,1,BG3,6,0.00693832563083608,9.059339097417527e-05
Original,1,BG3,7,0.007506478891168046,0.00011660086819964411
Original,1,BG3,8,0.008218868162636315,0.0001524872721224562
Original,1,BG3,9,0.008699669088205133,0.0001935778369055542
Original,1,BG3,10,0.009629724472187854,0.0002580518844410448
Original,1,BG3,11,0.009903468194911516,0.00032095927279453176
Original,1,BG3,12,0.010726500319987559,0.0004222014932765614
Original,1,BG3,13,0.01142619598335914,0.0005484848083083583
Original,1,BG3,14,0.013264061640129752,0.0007796076520863377
Original,1,BG3,15,0.013739803928458857,0.0009925024197733282
Original,1,BG3,16,0.015280831971915243,0.0013610393736288118
Original,1,BG3,17,0.01963343652736408,0.0021618365825442705
Original,1,BG3,18,0.02673019822382662,0.003644549201342249
Original,1,BG3,19,0.032050968049945956,0.0054129213283077935
Original,1,BG3,20,0.03745591530290875,0.007823850560465213
Original,1,BG3,21,0.0443654062371803,0.011418774259777238
Original,1,BG3,22,0.05291254690475699,0.016670513136996724
Original,1,BG3,23,0.0619744780017514,0.023666517690779522
Original,1,BG3,24,0.0707973659802461,0.032333149763916505
Original,1,BG3,25,0.08006679799680715,0.043000439805552515
Original,1,BG3,26,0.08785870093249006,0.054402623789495695
Original,1,BG3,27,0.0942800750454256,0.06587073214085348
Original,1,BG3,28,0.09917057942101278,0.07647373091790602
Original,1,BG3,29,0.10263217519652908,0.0855284406027396
Original,1,BG3,30,0.10491952497933363,0.09271789246858389
Original,1,BG3,31,0.10637503191883621,0.09810228082834253
Original,1,BG3,32,0.10718713584732348,0.10184752178935427
Original,1,BG3,33,0.10764396108013015,0.10435823365263684
Original,1,BG3,34,0.10793022768867323,0.10600461685064494
Original,1,BG3,35,0.10807192003777696,0.10700190199609202
Original,1,BG3,36,0.10825674894185111,0.10825674894185111
Original,1,BG4,0,0.0,0.0
Original,1,BG4,1,0.0013464295394400125,7.80020411952503e-06
Original,1,BG4,2,0.0026703444056604356,1.807279781380685e-05
Original,1,BG4,3,0.003614925763859315,2.8678962462901483e-05
Original,1,BG4,4,0.004364879965065979,4.073486396581264e-05
Original,1,BG4,5,0.005143684311186054,5.667301327177313e-05
Original,1,BG4,6,0.005805283074442469,7.579930781040809e-05
Original,1,BG4,7,0.006365838846313471,9.88828909992752e-05
Original,1,BG4,8,0.0073601625628531816,0.00013655543405245526
Original,1,BG4,9,0.007836306434768858,0.00017436700632585695
Original,1,BG4,10,0.008555731786839115,0.00022927163827808912
Original,1,BG4,11,0.008700960123203266,0.0002819874591504864
Original,1,BG4,12,0.009184522645037054,0.00036150832593790977
Original,1,BG4,13,0.009561260183612237,0.00045896341711407966
Original,1,BG4,14,0.011193692390784207,0.0006579197596294615
Original,1,BG4,15,0.011832256354426255,0.0008547096548602854
Original,1,BG4,16,0.012955325007776903,0.0011539101695223226
Original,1,BG4,17,0.015568236261165503,0.0017142176119137775
Original,1,BG4,18,0.020249240060318717,0.0027608980339131756
Original,1,BG4,19,0.024696334253257964,0.00417083546531653
Original,1,BG4,20,0.028430613739816837,0.005938631362774272
Original,1,BG4,21,0.03343069780700803,0.00860439751319691
Original,1,BG4,22,0.0399918462510804,0.012599744979217875
Original,1,BG4,23,0.04681749157421558,0.017878440106062266
Original,1,BG4,24,0.054022504956911375,0.02467207247921384
Original,1,BG4,25,0.062286997699078424,0.03345167243071298
Original,1,BG4,26,0.06924559899352466,0.04287728170479646
Original,1,BG4,27,0.07507991289178398,0.052456140098615926
Original,1,BG4,28,0.07960653392883431,0.06138724500090998
Original,1,BG4,29,0.08288846934146919,0.06907503929913927
Original,1,BG4,30,0.08500754567206047,0.07512157975360934
Original,1,BG4,31,0.08628382559509169,0.07957356090425917
Original,1,BG4,32,0.08703870042526314,0.08270279700929949
Original,1,BG4,33,0.08745558567362419,0.08478608878395753
Original,1,BG4,34,0.0877121750353091,0.08614727958503382
Original,1,BG4,35,0.087836797259309,0.0869671267648487
Original,1,BG4,36,0.08800514102651884,0.08800514102651884
Original,1,BG5,0,0.0,0.0
Original,1,BG5,1,0.0051890771032644485,3.0061625472125992e-05
Original,1,BG5,2,0.009798732733412654,6.631748193093602e-05
Original,1,BG5,3,0.013939334568418215,0.0001105875139377508
Original,1,BG5,4,0.017333733614957523,0.00016176556687535503
Original,1,BG5,5,0.020327832197953297,0.00022397165853543243
Original,1,BG5,6,0.023016685925324396,0.00030052778494255733
Original,1,BG5,7,0.025284253698878375,0.0003927495134627018
Original,1,BG5,8,0.027441669359246253,0.0005091340084417388
Original,1,BG5,9,0.02967841875955072,0.00066037961561332
Original,1,BG5,10,0.0311583237259496,0.0008349630499340855
Original,1,BG5,11,0.03243981548086976,0.0010513346833122528
Original,1,BG5,12,0.03370022967626071,0.0013264612772921054
Original,1,BG5,13,0.0375023272259824,0.0018002016392752597
Original,1,BG5,14,0.03935353079333979,0.0023130406544431006
Original,1,BG5,15,0.041408518957105324,0.002991167520710385
Original,1,BG5,16,0.04411439266928651,0.0039291987205158484
Original,1,BG5,17,0.05069193229365914,0.005581685793131119
Original,1,BG5,18,0.06115493155856064,0.008338215629609015
Original,1,BG5,19,0.07242116015213075,0.012230833161589596
Original,1,BG5,20,0.0839719996693949,0.01754020350277347
Original,1,BG5,21,0.09763599960957153,0.025129566771418522
Original,1,BG5,22,0.11304798311565355,0.03561665421283924
Original,1,BG5,23,0.12843448475350344,0.04904594775280761
Original,1,BG5,24,0.14267294346816717,0.06515871868935148
Original,1,BG5,25,0.1624788399573166,0.08726040952529444
Original,1,BG5,26,0.17693557511943664,0.10955954770370802
Original,1,BG5,27,0.18835735898577682,0.13159977992294666
Original,1,BG5,28,0.19688551881384356,0.1518249691798106
Original,1,BG5,29,0.202911321602465,0.16909598666784967
Original,1,BG5,30,0.20703508983709257,0.18295791194740854
Original,1,BG5,31,0.20968624674877823,0.1933790166278066
Original,1,BG5,32,0.21119419025426941,0.2006733804701163
Original,1,BG5,33,0.21202129936042285,0.2055495550565919
Original,1,BG5,34,0.2125104518434968,0.20871899832175672
Original,1,BG5,35,0.21273043386005164,0.2106241940064373
Original,1,BG5,36,0.21302439014334962,0.21302439014334962
Original,1,BG6,0,0.0,0.0
Original,1,BG6,1,0.006517896644751177,3.775981051789102e-05
Original,1,BG6,2,0.0122460305843916,8.288070823440823e-05
Original,1,BG6,3,0.017169226270944193,0.00013621181447947062
Original,1,BG6,4,0.02141704144193865,0.0001998726827971776
Original,1,BG6,5,0.02509621069841903,0.00027650955859532134
Original,1,BG6,6,0.02821939818980407,0.00036845935365779464
Original,1,BG6,7,0.030912811481147405,0.0004801799488003711
Original,1,BG6,8,0.03331745343303752,0.0006181492973224996
Original,1,BG6,9,0.03542107167603659,0.0007881603723683609
Original,1,BG6,10,0.03756294564906789,0.001006590472020077
Original,1,BG6,11,0.039135885535834906,0.0012683461129739343
Original,1,BG6,12,0.04106570164613376,0.0016163706749511414
Original,1,BG6,13,0.04581606847874596,0.0021992811570507925
Original,1,BG6,14,0.051955608138104355,0.0030537395525194956
Original,1,BG6,15,0.056122958589123056,0.004054073288159441
Original,1,BG6,16,0.06764300482212855,0.006024854733790494
Original,1,BG6,17,0.10082145001972802,0.011101444157928466
Original,1,BG6,18,0.15636307687486722,0.02131944260389845
Original,1,BG6,19,0.20633914668153144,0.03484754553467047
Original,1,BG6,20,0.24957787164811504,0.052132218814573826
Original,1,BG6,21,0.2854062848830803,0.07345790802806042
Original,1,BG6,22,0.3145112076363317,0.09908922401515464
Original,1,BG6,23,0.33806835602436774,0.1290999292827819
Original,1,BG6,24,0.3567033135943244,0.16290636679268525
Original,1,BG6,25,0.37613379820099596,0.20200531519849332
Original,1,BG6,26,0.39038560110110043,0.24172905767359232
Original,1,BG6,27,0.40132876161476516,0.2803966726384711
Original,1,BG6,28,0.40935016733284046,0.315663523813811
Original,1,BG6,29,0.4149183776635027,0.3457718964399999
Original,1,BG6,30,0.4188748840797801,0.3701617640360507
Original,1,BG6,31,0.4214577391900198,0.38868110972015474
Original,1,BG6,32,0.4230683870719674,0.4019928924451366
Original,1,BG6,33,0.4239665529141721,0.4110253853745461
Original,1,BG6,34,0.42451790785332155,0.4169439745933947
Original,1,BG6,35,0.4247451462457333,0.4205397530779274
Original,1,BG6,36,0.4250364617189968,0.4250364617189968
Original,1,BG7,0,0.0,0.0
Original,1,BG7,1,0.0052825581715861495,3.060318486475608e-05
Original,1,BG7,2,0.00993291105669467,6.722559585171867e-05
Original,1,BG7,3,0.014016977521691273,0.00011120349330173616
Original,1,BG7,4,0.017501769786414597,0.00016333374984529958
Original,1,BG7,5,0.020565286971268797,0.0002265879297615491
Original,1,BG7,6,0.02319852560614443,0.00030290205657208634
Original,1,BG7,7,0.02547419986798601,0.0003957000151827141
Original,1,BG7,8,0.027672902006179997,0.0005134241409493373
Original,1,BG7,9,0.029578118033754586,0.0006581478050389209
Original,1,BG7,10,0.031238533819946675,0.0008371124796988827
Original,1,BG7,11,0.032480818617878875,0.001052663544751598
Original,1,BG7,12,0.03402628838756632,0.0013392951433932889
Original,1,BG7,13,0.0366672324892965,0.0017601150925638418
Original,1,BG7,14,0.03762595471534241,0.0022115007527372926
Original,1,BG7,15,0.03737554327989032,0.0026998432567617962
Original,1,BG7,16,0.039059734526762924,0.0034789883633293637
Original,1,BG7,17,0.041355190670875126,0.0045536177061898265
Original,1,BG7,18,0.04462780714521549,0.00608481229739792
Original,1,BG7,19,0.04668102468152216,0.007883715510081483
Original,1,BG7,20,0.04804877478237377,0.010036503733818527
Original,1,BG7,21,0.05046470593059833,0.012988612814783298
Original,1,BG7,22,0.055147813081703925,0.017374751267123113
Original,1,BG7,23,0.06189691303234488,0.02363689756739712
Original,1,BG7,24,0.07245509961555074,0.03309023656179765
Original,1,BG7,25,0.09924444563195066,0.05329993098114265
Original,1,BG7,26,0.11550791160768892,0.0715231774399821
Original,1,BG7,27,0.1281168061673395,0.08951146695290031
Original,1,BG7,28,0.13744123047774856,0.10598550240859377
Original,1,BG7,29,0.14391481443221724,0.11993129480888097
Original,1,BG7,30,0.14815435111908368,0.13092471787926557
Original,1,BG7,31,0.1505621317240892,0.1388529642463324
Original,1,BG7,32,0.15183065013145933,0.14426708308405134
Original,1,BG7,33,0.1524602588224519,0.14780655760864866
Original,1,BG7,34,0.1527623752736774,0.15003690249911575
Original,1,BG7,35,0.15288958950151643,0.1513758327973955
Original,1,BG7,36,0.15308999240831578,0.15308999240831578
Original,1,BG8,0,0.0,0.0
Original,1,BG8,1,0.007515597153137425,4.3539739921012045e-05
Original,1,BG8,2,0.014127018586224479,9.561116932755601e-05
Original,1,BG8,3,0.019877659414242275,0.000157699130103448
Original,1,BG8,4,0.024825004034585527,0.00023167719845717873
Original,1,BG8,5,0.029148007879206964,0.00032115218147397626
Original,1,BG8,6,0.03292672578424773,0.0004299227071528904
Original,1,BG8,7,0.03619830474683671,0.0005622814385949921
Original,1,BG8,8,0.03924988626650529,0.0007282156070165561
Original,1,BG8,9,0.04209018122147225,0.0009365558823505273
Original,1,BG8,10,0.04477966800837754,0.001199980095770445
Original,1,BG8,11,0.047390791818079536,0.0015358775078648612
Original,1,BG8,12,0.05028209847185286,0.00197913359346776
Original,1,BG8,13,0.05566924223573989,0.002672257132182429
Original,1,BG8,14,0.06493401191482066,0.0038165573909148855
Original,1,BG8,15,0.07607795995604964,0.005495533972967558
Original,1,BG8,16,0.09409720276064171,0.008381088024366023
Original,1,BG8,17,0.12908162714122515,0.01421317066985166
Original,1,BG8,18,0.1930810241089343,0.026325778985832205
Original,1,BG8,19,0.25253212919676266,0.04264883815143983
Original,1,BG8,20,0.30652409842540146,0.06402723624875173
Original,1,BG8,21,0.3527140409805564,0.09078158737216814
Original,1,BG8,22,0.3911000169229934,0.12321912942139339
Original,1,BG8,23,0.42131685455212814,0.1608904688534049
Original,1,BG8,24,0.44615135663796474,0.20375727895004406
Original,1,BG8,25,0.468077442799614,0.25138429962222725
Original,1,BG8,26,0.4845509827183914,0.30003681514092095
Original,1,BG8,27,0.4964702186790935,0.3468692269699537
Original,1,BG8,28,0.504792884003296,0.3892625751584897
Original,1,BG8,29,0.5103922579350798,0.4253349768062765
Original,1,BG8,30,0.5142379566010774,0.45443457335408566
Original,1,BG8,31,0.5166251246540433,0.4764473588262375
Original,1,BG8,32,0.5181245101601658,0.4923137175243741
Original,1,BG8,33,0.518946934855178,0.5031065828468002
Original,1,BG8,34,0.519429822131451,0.5101625405122993
Original,1,BG8,35,0.5195978753067679,0.5144533470565972
Original,1,BG8,36,0.5198326214117572,0.5198326214117572
Original,1,BG9,0,0.0,0.0
Original,1,BG9,1,0.00538852585094815,3.121708210475215e-05
Original,1,BG9,2,0.010101100457990305,6.836389576520872e-05
Original,1,BG9,3,0.014130151053579438,0.00011210135371498126
Original,1,BG9,4,0.017605929321219193,0.00016430580973980598
Original,1,BG9,5,0.020730381190320852,0.00022840693496014683
Original,1,BG9,6,0.02345360867045728,0.0003062326646918457
Original,1,BG9,7,0.025711966615798068,0.00039939333334761796
Original,1,BG9,8,0.027855579856669213,0.0005168134242296759
Original,1,BG9,9,0.03000230706786776,0.0006675865089565475
Original,1,BG9,10,0.03211557004563374,0.0008606147942916824
Original,1,BG9,11,0.03338742637792858,0.0010820455941115475
Original,1,BG9,12,0.03567841425565252,0.001404323807619473
Original,1,BG9,13,0.04077172662513072,0.001957140646352112
Original,1,BG9,14,0.046595604351072434,0.00273870030610138
Original,1,BG9,15,0.052786380764085594,0.003813053731371464
Original,1,BG9,16,0.06610635603515769,0.005887987870550188
Original,1,BG9,17,0.09858896942847062,0.010855625854512324
Original,1,BG9,18,0.1511342135996488,0.02060650922523168
Original,1,BG9,19,0.1967330510599574,0.033225222003073235
Original,1,BG9,20,0.23500504377883868,0.04908822360979709
Original,1,BG9,21,0.2652649126912378,0.0682739189645602
Original,1,BG9,22,0.2895840907931368,0.09123574016707788
Original,1,BG9,23,0.30992833909457035,0.11835395393745542
Original,1,BG9,24,0.32653402214828137,0.14912805461455947
Original,1,BG9,25,0.3404675871884493,0.1828505242749636
Original,1,BG9,26,0.35142794233633345,0.21760624636316286
Original,1,BG9,27,0.3598472915633035,0.2514147824118842
Original,1,BG9,28,0.36595907790509724,0.2822032115552172
Original,1,BG9,29,0.3701204360028109,0.30843956739551
Original,1,BG9,30,0.37300499663983766,0.3296263222877734
Original,1,BG9,31,0.37496698729970107,0.34580592814304034
Original,1,BG9,32,0.3762052370445234,0.35746426824286454
Original,1,BG9,33,0.3769870122645209,0.36547984946744677
Original,1,BG9,34,0.3774847989525629,0.3707499955991278
Original,1,BG9,35,0.37770211920881247,0.3739624979204487
Original,1,BG9,36,0.3779676365899869,0.3779676365899869
Original,1,BG10,0,0.0,0.0
Original,1,BG10,1,0.006998498945616949,4.05440602224099e-05
Original,1,BG10,2,0.013172547271055855,8.915134051831418e-05
Original,1,BG10,3,0.018521072492520774,0.00014693666674911094
Original,1,BG10,4,0.02310373815184631,0.00021561363420537937
Original,1,BG10,5,0.027125661508660023,0.0002988700073382292
Original,1,BG10,6,0.030651676438220355,0.0004002174964595469
Original,1,BG10,7,0.033678912612324294,0.0005231468047898997
Original,1,BG10,8,0.03642086156819579,0.0006757278153968342
Original,1,BG10,9,0.03903548193278731,0.0008685852414774753
Original,1,BG10,10,0.041176752767998315,0.001103431217770482
Original,1,BG10,11,0.043115209108395836,0.0013973111148215369
Original,1,BG10,12,0.04582847386597429,0.0018038362471494802
Original,1,BG10,13,0.05071688088952523,0.002434531909174259
Original,1,BG10,14,0.058937229390809705,0.0034640908851697513
Original,1,BG10,15,0.06841472637563173,0.004941976024587383
Original,1,BG10,16,0.08010932005223236,0.007135209568823257
Original,1,BG10,17,0.11782143083512127,0.012973311078750042
Original,1,BG10,18,0.18407435623322835,0.02509775803464233
Original,1,BG10,19,0.24432084051531866,0.041262076313734096
Original,1,BG10,20,0.298576197688792,0.06236706629436482
Original,1,BG10,21,0.34594795015346785,0.08904013011806529
Original,1,BG10,22,0.38521806776870116,0.12136597526466444
Original,1,BG10,23,0.41662567122959054,0.15909902160627182
Original,1,BG10,24,0.44099314432416725,0.20140152384163598
Original,1,BG10,25,0.464541833804461,0.2494854755819682
Original,1,BG10,26,0.48164309934590877,0.29823623689186557
Original,1,BG10,27,0.49442818542339645,0.34544251829663014
Original,1,BG10,28,0.5036794054154611,0.3884039354648239
Original,1,BG10,29,0.5099342529754614,0.42495329894459855
Original,1,BG10,30,0.5142409136898239,0.454437186480686
Original,1,BG10,31,0.5169169940255234,0.4767165296178517
Original,1,BG10,32,0.518486005122165,0.4926572050350644
Original,1,BG10,33,0.5193237998490225,0.5034719447649612
Original,1,BG10,34,0.5197827590482059,0.5105091810082691
Original,1,BG10,35,0.5199373102847697,0.5147894203155469
Original,1,BG10,36,0.5201555571567984,0.5201555571567984
Original,1,BG11,0,0.0,0.0
Original,1,BG11,1,0.0052223332826612165,3.0254286971286454e-05
Original,1,BG11,2,0.009815419920808203,6.64304199386714e-05
Original,1,BG11,3,0.013718352680448085,0.00010883435684772145
Original,1,BG11,4,0.017172000255774093,0.00016025620420502074
Original,1,BG11,5,0.02012123463377553,0.0002216953698880834
Original,1,BG11,6,0.022710267297664944,0.0002965268913834098
Original,1,BG11,7,0.02502264538444643,0.00038868585598414836
Original,1,BG11,8,0.02700919591805715,0.0005011101906212664
Original,1,BG11,9,0.0291212776817517,0.00064798257177084
Original,1,BG11,10,0.030807210926347563,0.0008255541301445668
Original,1,BG11,11,0.032212817457160446,0.0010439779544016343
Original,1,BG11,12,0.03391751155984616,0.0013350136231825961
Original,1,BG11,13,0.03879332887249029,0.001862172817459244
Original,1,BG11,14,0.042317542124052254,0.0024872531914501323
Original,1,BG11,15,0.04756220164810985,0.003435682228941364
Original,1,BG11,16,0.060639536241268985,0.005401066944254337
Original,1,BG11,17,0.09197737687667637,0.010127623757464252
Original,1,BG11,18,0.14733388587988255,0.020088350677678595
Original,1,BG11,19,0.1945204720675241,0.03285155101092051
Original,1,BG11,20,0.23480422285277674,0.049046275799071275
Original,1,BG11,21,0.26871476458137744,0.06916184237383546
Original,1,BG11,22,0.2977045597388145,0.09379415780734134
Original,1,BG11,23,0.3211369577417412,0.1226342479959204
Original,1,BG11,24,0.3395678862990562,0.155080618904935
Original,1,BG11,25,0.3561545668741176,0.19127532777342482
Original,1,BG11,26,0.36839121870310826,0.22811000676620138
Original,1,BG11,27,0.37762873249064155,0.26383815536509675
Original,1,BG11,28,0.384315523381921,0.2963584774927701
Original,1,BG11,29,0.3886703141944727,0.3238980934701456
Original,1,BG11,30,0.3918215216874212,0.34625457677774385
Original,1,BG11,31,0.39393664472902684,0.3633003220060866
Original,1,BG11,32,0.39522590784403633,0.375537409319198
Original,1,BG11,33,0.39603614021312905,0.3839475213027991
Original,1,BG11,34,0.3965497591982087,0.38947481321813826
Original,1,BG11,35,0.3967769180813815,0.3928484379337928
Original,1,BG11,36,0.39705266212349155,0.39705266212349155
Original,1,BG12,0,0.0,0.0
Original,1,BG12,1,0.0029554367511360506,1.712158662638208e-05
Original,1,BG12,2,0.005591722858729059,3.784458545900136e-05
Original,1,BG12,3,0.007845150235379773,6.2239388515562e-05
Original,1,BG12,4,0.009812332900500435,9.157274612161336e-05
Original,1,BG12,5,0.011580101655682051,0.00012758933352383556
Original,1,BG12,6,0.013196726278618214,0.00017230903449147342
Original,1,BG12,7,0.014457037314394803,0.00022456642082825434
Original,1,BG12,8,0.01588602499709446,0.0002947384680261873
Original,1,BG12,9,0.01723249663756018,0.0003834432546708674
Original,1,BG12,10,0.018678307872020607,0.0005005306798726147
Original,1,BG12,11,0.01958620884617689,0.0006347650393880535
Original,1,BG12,12,0.021086805383870047,0.0008299893217385862
Original,1,BG12,13,0.02504781906575992,0.0012023553786172105
Original,1,BG12,14,0.026870642721372916,0.001579347201751912
Original,1,BG12,15,0.028402728375215035,0.0020516869643893224
Original,1,BG12,16,0.03405012318595454,0.0030327902531987754
Original,1,BG12,17,0.039582305600667986,0.004358405432131116
Original,1,BG12,18,0.053380923420078705,0.007278262588009802
Original,1,BG12,19,0.06284073270252916,0.010612844562807405
Original,1,BG12,20,0.07037548753031671,0.014700142643428483
Original,1,BG12,21,0.07937595475712214,0.020429793954446905
Original,1,BG12,22,0.09197075018730368,0.02897610656571128
Original,1,BG12,23,0.10476633557971407,0.04000766796904871
Original,1,BG12,24,0.11663347676872154,0.05326649689575153
Original,1,BG12,25,0.13078629348727852,0.07023970345584206
Original,1,BG12,26,0.1420049748304989,0.08793031468801588
Original,1,BG12,27,0.15095008691387019,0.10546441258100062
Original,1,BG12,28,0.1577352922029725,0.12163492805386622
Original,1,BG12,29,0.16257456933339878,0.13548138674604812
Original,1,BG12,30,0.1657982265987565,0.14651669585422156
Original,1,BG12,31,0.16782423633685647,0.1547726009599003
Original,1,BG12,32,0.16895845391867964,0.1605416514426552
Original,1,BG12,33,0.16958676822526872,0.1644102969982482
Original,1,BG12,34,0.1699726299870964,0.16694010425465577
Original,1,BG12,35,0.17014148240653906,0.16845691493483653
Original,1,BG12,36,0.17037233131953206,0.17037233131953206
Original,1,BG13,0,0.0,0.0
Original,1,BG13,1,0.002483301760449791,1.4386390147672579e-05
Original,1,BG13,2,0.004783233124721666,3.237275505491688e-05
Original,1,BG13,3,0.006674211049314768,5.2949759191532066e-05
Original,1,BG13,4,0.008300221551277945,7.746109820943778e-05
Original,1,BG13,5,0.0097469378440095,0.00010739157081913172
Original,1,BG13,6,0.011010468010303169,0.00014376316309550847
Original,1,BG13,7,0.012016229138886805,0.00018665245952780056
Original,1,BG13,8,0.01307423226730672,0.00024257038445004776
Original,1,BG13,9,0.014136524596233158,0.0003145542473544795
Original,1,BG13,10,0.01501454351839263,0.00040235120537751763
Original,1,BG13,11,0.015573202313465092,0.0005047084108329135
Original,1,BG13,12,0.01655473584960992,0.0006516043428230743
Original,1,BG13,13,0.01897615085408044,0.0009109007485799058
Original,1,BG13,14,0.019652124944021052,0.0011550720559490879
Original,1,BG13,15,0.019990010751600566,0.0014439896048056746
Original,1,BG13,16,0.022386768974885903,0.0019939538632491745
Original,1,BG13,17,0.024669342177161057,0.0027163398714294762
Original,1,BG13,18,0.032108647086582856,0.004377877894429537
Original,1,BG13,19,0.03426576261364113,0.005786966464919666
Original,1,BG13,20,0.03532532467528074,0.007378809434704878
Original,1,BG13,21,0.03726857129222433,0.009592189910647964
Original,1,BG13,22,0.041896590088708364,0.013199849496553045
Original,1,BG13,23,0.04754885357709395,0.018157729141639455
Original,1,BG13,24,0.05373635759671513,0.024541389034870464
Original,1,BG13,25,0.06671053296327695,0.03582736326342831
Original,1,BG13,26,0.07602082666957866,0.04707254245823017
Original,1,BG13,27,0.08365127404606656,0.05844469957762751
Original,1,BG13,28,0.0895058273175178,0.06902091922109932
Original,1,BG13,29,0.09369333428244203,0.07807926462199621
Original,1,BG13,30,0.09652476287343402,0.0852994005076784
Original,1,BG13,31,0.0982406563276161,0.090600512957017
Original,1,BG13,32,0.09925578605760807,0.0943112786801032
Original,1,BG13,33,0.09984696291665289,0.09679923117872379
Original,1,BG13,34,0.1001895129498228,0.09840200620738981
Original,1,BG13,35,0.10035782868120537,0.09936418778091231
Original,1,BG13,36,0.10058306921802991,0.10058306921802991
Original,1,BG14,0,0.0,0.0
Original,1,BG14,1,0.0052215730269502755,3.0249882554477048e-05
Original,1,BG14,2,0.009844341999206857,6.662616348837557e-05
Original,1,BG14,3,0.013756859902706566,0.00010913985374835664
Original,1,BG14,4,0.017138156969624584,0.00015994036419301693
Original,1,BG14,5,0.020012067979973396,0.00022049257413547612
Original,1,BG14,6,0.022707297359385595,0.00029648811250010333
Original,1,BG14,7,0.024864680911011173,0.0003862321361036833
Original,1,BG14,8,0.02689962511463849,0.0004990772906399742
Original,1,BG14,9,0.028713371211362308,0.000638906174873915
Original,1,BG14,10,0.030513460637367373,0.0008176823765225742
Original,1,BG14,11,0.031832054585133766,0.0010316378990122338
Original,1,BG14,12,0.03394918128089967,0.0013362601566641907
Original,1,BG14,13,0.03824817445486077,0.0018360040985460056
Original,1,BG14,14,0.04112468314370587,0.0024171417808360983
Original,1,BG14,15,0.04704241414623712,0.003398135092154947
Original,1,BG14,16,0.060861576102994634,0.005420843668184085
Original,1,BG14,17,0.09206444369238356,0.01013721068920104
Original,1,BG14,18,0.1462682288036888,0.01994305286035093
Original,1,BG14,19,0.19301783280495138,0.03259777813852943
Original,1,BG14,20,0.2326808561532925,0.04860274357454458
Original,1,BG14,21,0.2664677198627658,0.06858349775452359
Original,1,BG14,22,0.295864898386867,0.09321455804137187
Original,1,BG14,23,0.31966197247925865,0.12207098748432176
Original,1,BG14,24,0.33830041996637134,0.1545017669340031
Original,1,BG14,25,0.35268295074987116,0.18941087209370913
Original,1,BG14,26,0.36379835273436456,0.22526607747325011
Original,1,BG14,27,0.37209525855533926,0.2599720784807749
Original,1,BG14,28,0.37812884655797924,0.29158772470940303
Original,1,BG14,29,0.38208936476862226,0.31841386456898285
Original,1,BG14,30,0.3848957397815929,0.34013422981837127
Original,1,BG14,31,0.3868352439408801,0.35675119439981967
Original,1,BG14,32,0.38800467859867405,0.36867591134861594
Original,1,BG14,33,0.3887450177109277,0.3768789537412626
Original,1,BG14,34,0.38924077443122873,0.3822962294486436
Original,1,BG14,35,0.3894574329885228,0.38560142241129486
Original,1,BG14,36,0.38971567892043474,0.38971567892043474
Original,1,BG15,0,0.0,0.0
Original,1,BG15,1,0.0026131334721741038,1.5138537800784098e-05
Original,1,BG15,2,0.0050201071346928,3.3975910125981076e-05
Original,1,BG15,3,0.007063860872518328,5.604104044430039e-05
Original,1,BG15,4,0.008747002061394527,8.163063843039625e-05
Original,1,BG15,5,0.010179177335797374,0.0001121539771203305
Original,1,BG15,6,0.011663024449035475,0.00015228356140799604
Original,1,BG15,7,0.01259631932072283,0.00019566321144339892
Original,1,BG15,8,0.01393221667071316,0.0002584888419205884
Original,1,BG15,9,0.015026458566291737,0.0003343563199790119
Original,1,BG15,10,0.015984411515869604,0.0004283411765285744
Original,1,BG15,11,0.016477024918172746,0.0005340001933747896
Original,1,BG15,12,0.017658515229207843,0.0006950497631060454
Original,1,BG15,13,0.019802529324803565,0.0009505688927853092
Original,1,BG15,14,0.022808920622941306,0.0013406156820985743
Original,1,BG15,15,0.02494509496887279,0.0018019228831296981
Original,1,BG15,16,0.029354169671379705,0.0026145291508710435
Original,1,BG15,17,0.03647923364333661,0.004016726354393599
Original,1,BG15,18,0.05083984188101751,0.006931796887013146
Original,1,BG15,19,0.06330194303276815,0.010690735996270222
Original,1,BG15,20,0.07472369261634791,0.015608402553786796
Original,1,BG15,21,0.08799132314120289,0.022647218666458017
Original,1,BG15,22,0.10283888056070241,0.03240019633158379
Original,1,BG15,23,0.11731768587600339,0.044800717602760824
Original,1,BG15,24,0.13016226410679618,0.059445092607611445
Original,1,BG15,25,0.14239867295693936,0.07647621393271337
Original,1,BG15,26,0.15235062984662914,0.09433640508923312
Original,1,BG15,27,0.16025962060220028,0.11196871177309084
Original,1,BG15,28,0.16624857499767146,0.12819980338969564
Original,1,BG15,29,0.1704633398549275,0.14205548697816217
Original,1,BG15,30,0.1733832565508038,0.15321962352825488
Original,1,BG15,31,0.17517145613562357,0.16154842960353888
Original,1,BG15,32,0.1762231132796821,0.16744441608576305
Original,1,BG15,33,0.1767911172534077,0.17139473992998125
Original,1,BG15,34,0.17714615175331472,0.17398564172032754
Original,1,BG15,35,0.17731286661930515,0.17555729509612641
Original,1,BG15,36,0.1775335098470169,0.1775335098470169
Original,2,BG1,0,0.0,0.0
Original,2,BG1,1,0.0012842168511332432,7.439790423116803e-06
Original,2,BG1,2,0.002745124154931749,1.8578904590671694e-05
Original,2,BG1,3,0.003740002916510731,2.9671260335307664e-05
Original,2,BG1,4,0.0047139977586367725,4.399297543877312e-05
Original,2,BG1,5,0.0053354045032590535,5.878538246706023e-05
Original,2,BG1,6,0.005934900010338031,7.749171014955763e-05
Original,2,BG1,7,0.006612038552365341,0.0001027072009729618
Original,2,BG1,8,0.0073392467994035605,0.00013616737773708244
Original,2,BG1,9,0.007801073350578848,0.00017358302836037524
Original,2,BG1,10,0.008070234540075903,0.00021626155944419307
Original,2,BG1,11,0.008767626947276758,0.0002841480501649361
Original,2,BG1,12,0.009478349415357098,0.00037307352384139466
Original,2,BG1,13,0.01096905444522268,0.0005265409182773488
Original,2,BG1,14,0.012492609995627225,0.0007342648572400565
Original,2,BG1,15,0.012604086351421264,0.0009104632268911951
Original,2,BG1,16,0.012987200275651983,0.0011567492509441243
Original,2,BG1,17,0.01429003030734642,0.001573474428523121
Original,2,BG1,18,0.015539434679657266,0.0021187360325804227
Original,2,BG1,19,0.018056867980308155,0.003049530537202426
Original,2,BG1,20,0.02087416736508794,0.004360228947864149
Original,2,BG1,21,0.023209758377250637,0.00597373073949941
Original,2,BG1,22,0.025914306754655256,0.008164505705454184
Original,2,BG1,23,0.028461852846986706,0.010868876476994145
Original,2,BG1,24,0.030912055641158308,0.014117532657648547
Original,2,BG1,25,0.03439921102448235,0.01847433945970966
Original,2,BG1,26,0.03710293439154916,0.02297435494784042
Original,2,BG1,27,0.039233209082066386,0.027411096209796808
Original,2,BG1,28,0.04088229390305316,0.031525696063299746
Original,2,BG1,29,0.04209020874202748,0.03507584158394254
Original,2,BG1,30,0.04290332394997302,0.03791387517766823
Original,2,BG1,31,0.04334158484998801,0.03997092404559098
Original,2,BG1,32,0.043621726335663975,0.04144867469557178
Original,2,BG1,33,0.04377858787621287,0.042442288985161176
Original,2,BG1,34,0.04388083974334768,0.04309795034386127
Original,2,BG1,35,0.043939692763725155,0.04350464670196042
Original,2,BG1,36,0.04401699616318401,0.04401699616318401
Original,2,BG2,0,0.0,0.0
Original,2,BG2,1,0.0008481836379707266,4.913740616592413e-06
Original,2,BG2,2,0.0018681562326844034,1.264361628161804e-05
Original,2,BG2,3,0.00253460897629377,2.0108284556928616e-05
Original,2,BG2,4,0.003106803705136367,2.899397626839323e-05
Original,2,BG2,5,0.003635074794502295,4.005118291304342e-05
Original,2,BG2,6,0.004014922297086179,5.24226514457905e-05
Original,2,BG2,7,0.004368220769613203,6.785316260932332e-05
Original,2,BG2,8,0.004706241822617051,8.731639945521283e-05
Original,2,BG2,9,0.005040874207785069,0.00011216536137122978
Original,2,BG2,10,0.005311305823098571,0.00014232935512815197
Original,2,BG2,11,0.005740409286287562,0.0001860396335904245
Original,2,BG2,12,0.00578963824601982,0.0002278836373397949
Original,2,BG2,13,0.006206746369069092,0.0002979387099194601
Original,2,BG2,14,0.007098884906483842,0.00041724361252258027
Original,2,BG2,15,0.007321598674166714,0.0005288797753135103
Original,2,BG2,16,0.006894223967919163,0.0006140575516655783
Original,2,BG2,17,0.006839751613293744,0.0007531246640067828
Original,2,BG2,18,0.006478897961895005,0.0008833702691378423
Original,2,BG2,19,0.006482186933380188,0.0010947428440848343
Original,2,BG2,20,0.0066204368102202125,0.0013828872636586459
Original,2,BG2,21,0.006838241946721751,0.0017600276410350806
Original,2,BG2,22,0.007113178688326706,0.002241062762241776
Original,2,BG2,23,0.00751276946050651,0.00286894052746939
Original,2,BG2,24,0.00799097837404983,0.003649478999288515
Original,2,BG2,25,0.013463287700638716,0.007230553846352111
Original,2,BG2,26,0.015975251679008273,0.009891969689743128
Original,2,BG2,27,0.01768107658949709,0.012353251310655813
Original,2,BG2,28,0.018853894439444123,0.014538864803207962
Original,2,BG2,29,0.01957294907274552,0.016311101365292915
Original,2,BG2,30,0.02000494230484037,0.017678464434283624
Original,2,BG2,31,0.02020501785208949,0.018633680295859153
Original,2,BG2,32,0.020287981643347792,0.019277319400408312
Original,2,BG2,33,0.020359890901552113,0.019738424996615676
Original,2,BG2,34,0.020396334771512006,0.0200324384773338
Original,2,BG2,35,0.020413093736419557,0.020210984087413984
Original,2,BG2,36,0.020449220580556957,0.020449220580556957
Original,2,BG3,0,0.0,0.0
Original,2,BG3,1,0.0015405470813666606,8.924775731466872e-06
Original,2,BG3,2,0.0031844725436837927,2.155239916912767e-05
Original,2,BG3,3,0.0042921591699725346,3.4051784172002326e-05
Original,2,BG3,4,0.005371894810942665,5.013274271609862e-05
Original,2,BG3,5,0.00628572545704041,6.925600043174243e-05
Original,2,BG3,6,0.0071050357828220155,9.277011771374341e-05
Original,2,BG3,7,0.007651265612673125,0.0001188498928432021
Original,2,BG3,8,0.008436855509764014,0.0001565316601318071
Original,2,BG3,9,0.009330789172495352,0.0002076209992862941
Original,2,BG3,10,0.00988767641627691,0.0002649643335552333
Original,2,BG3,11,0.011099650484636845,0.00035972607642763065
Original,2,BG3,12,0.012468141553439293,0.0004907535377136504
Original,2,BG3,13,0.01686015585746217,0.0008093279128915364
Original,2,BG3,14,0.022149071176698676,0.0013018324122845884
Original,2,BG3,15,0.0246467751787929,0.0017803735882050864
Original,2,BG3,16,0.025782399212527802,0.00229639724497523
Original,2,BG3,17,0.028602616804988195,0.003149432517705301
Original,2,BG3,18,0.028862833653200845,0.003935324993370335
Original,2,BG3,19,0.03011881148272388,0.00508660945771702
Original,2,BG3,20,0.032157678118168526,0.0067171464447068055
Original,2,BG3,21,0.03401296598415444,0.008754261783857048
Original,2,BG3,22,0.03662385465910472,0.011538632823575964
Original,2,BG3,23,0.039528518108354116,0.015094961709116717
Original,2,BG3,24,0.042448583593097285,0.019386263762485735
Original,2,BG3,25,0.04673474234669721,0.02509922373859441
Original,2,BG3,26,0.05020503334702114,0.031087251646745303
Original,2,BG3,27,0.052951883975568145,0.03699593322913151
Original,2,BG3,28,0.05513123155724926,0.04251352561437229
Original,2,BG3,29,0.056717369227961105,0.04726537396622521
Original,2,BG3,30,0.057713867892009274,0.051002024576658464
Original,2,BG3,31,0.058267339190231186,0.05373590752838323
Original,2,BG3,32,0.05858420652629101,0.05566578678146769
Original,2,BG3,33,0.058776626491211174,0.056982527009121715
Original,2,BG3,34,0.058909669142507094,0.05785864652731152
Original,2,BG3,35,0.0589765319963356,0.05839260652380448
Original,2,BG3,36,0.05906750813197486,0.05906750813197486
Original,2,BG4,0,0.0,0.0
Original,2,BG4,1,0.0013087388822556145,7.581852691177736e-06
Original,2,BG4,2,0.002863058627848103,1.9377080982493122e-05
Original,2,BG4,3,0.003795170393889414,3.0108930672860033e-05
Original,2,BG4,4,0.004616038166941081,4.307877620108026e-05
Original,2,BG4,5,0.0054307083051555495,5.983543795074201e-05
Original,2,BG4,6,0.006049934448344423,7.899370909388235e-05
Original,2,BG4,7,0.006662698127356578,0.00010349411420699054
Original,2,BG4,8,0.007751481381281335,0.00014381569703560945
Original,2,BG4,9,0.008499149452071962,0.00018911603982461352
Original,2,BG4,10,0.009003867925028755,0.00024128053618373285
Original,2,BG4,11,0.010085512606237745,0.00032685910956714473
Original,2,BG4,12,0.011337005551050145,0.0004462313449028309
Original,2,BG4,13,0.014571716369866528,0.0006994773304258294
Original,2,BG4,14,0.01890548208185422,0.0011111874259806878
Original,2,BG4,15,0.021687060565759912,0.0015665769486181411
Original,2,BG4,16,0.02356180603858652,0.002098612548665058
Original,2,BG4,17,0.02518151421186917,0.0027727351027279877
Original,2,BG4,18,0.025883574463626442,0.0035291156377987463
Original,2,BG4,19,0.026719260557299642,0.004512476978120312
Original,2,BG4,20,0.028102078646302823,0.0058700064356722115
Original,2,BG4,21,0.02946505214137664,0.007583719102237089
Original,2,BG4,22,0.031649537140812194,0.009971435043875817
Original,2,BG4,23,0.03408705301658744,0.013017001019684924
Original,2,BG4,24,0.03662940146367695,0.01672864388008339
Original,2,BG4,25,0.04043835852389974,0.021717706300387416
Original,2,BG4,26,0.04357433371967084,0.026981483458779494
Original,2,BG4,27,0.046162252178601974,0.032252216000119946
Original,2,BG4,28,0.04809833242319251,0.037090223225805186
Original,2,BG4,29,0.04956325167836566,0.041303495943651986
Original,2,BG4,30,0.0504815351103179,0.04461077710776564
Original,2,BG4,31,0.05097716906806682,0.04701269144309132
Original,2,BG4,32,0.05124759856977285,0.04869465786672785
Original,2,BG4,33,0.05141260521736529,0.049843285340023524
Original,2,BG4,34,0.051529904755863117,0.05061054642962661
Original,2,BG4,35,0.0515862845810912,0.05107552973646501
Original,2,BG4,36,0.051665115683522174,0.051665115683522174
Original,2,BG5,0,0.0,0.0
Original,2,BG5,1,0.005238664709092444,3.0348898973923038e-05
Original,2,BG5,2,0.009908499104695401,6.706037675596783e-05
Original,2,BG5,3,0.014004793813330496,0.00011110683378539834
Original,2,BG5,4,0.01757504904195997,0.00016401762199031786
Original,2,BG5,5,0.020656290514897636,0.0002275906057211036
Original,2,BG5,6,0.02341386865363479,0.0003057137813116467
Original,2,BG5,7,0.025843716432896496,0.0004014398508396133
Original,2,BG5,8,0.028160260704633563,0.0005224662622944824
Original,2,BG5,9,0.030273045591893533,0.0006736107582302615
Original,2,BG5,10,0.03293270260804857,0.0008825118519660061
Original,2,BG5,11,0.03617355944587418,0.0011723407526389312
Original,2,BG5,12,0.040443969574807774,0.0015918989262362665
Original,2,BG5,13,0.04743897411376327,0.0022771845164389765
Original,2,BG5,14,0.0591413016362418,0.0034760854217449613
Original,2,BG5,15,0.07032259533746385,0.00507979198239282
Original,2,BG5,16,0.07710392129281621,0.00686752349772576
Original,2,BG5,17,0.08316424212715737,0.009157209998792737
Original,2,BG5,18,0.08505945236550222,0.011597495705872884
Original,2,BG5,19,0.08326361903694127,0.01406195965813745
Original,2,BG5,20,0.08454562943334236,0.01766002418479245
Original,2,BG5,21,0.08814329367362801,0.0226863328232552
Original,2,BG5,22,0.0926167000114607,0.029179618159601812
Original,2,BG5,23,0.09839039938321804,0.03757285583817651
Original,2,BG5,24,0.10538136620095721,0.04812765913336047
Original,2,BG5,25,0.12170575467243272,0.06536293595819495
Original,2,BG5,26,0.1331047916134771,0.08241926896658834
Original,2,BG5,27,0.14223890805815834,0.09937816644749034
Original,2,BG5,28,0.14916688871923572,0.11502754714073922
Original,2,BG5,29,0.1541799994792098,0.12848577852699783
Original,2,BG5,30,0.157476705939878,0.13916292773521938
Original,2,BG5,31,0.1595413472653172,0.1471338693094563
Original,2,BG5,32,0.16073569661235482,0.15272851772990464
Original,2,BG5,33,0.16142052997006642,0.15649332494665652
Original,2,BG5,34,0.16182452637823963,0.1589373733015893
Original,2,BG5,35,0.1620076196362787,0.16040358534728283
Original,2,BG5,36,0.1622565126801172,0.1622565126801172
Original,2,BG6,0,0.0,0.0
Original,2,BG6,1,0.006743798401551125,3.9068516155148996e-05
Original,2,BG6,2,0.012758848791585809,8.635144377625001e-05
Original,2,BG6,3,0.01798632575122183,0.00014269426123562494
Original,2,BG6,4,0.022517616991605788,0.00021014370859455763
Original,2,BG6,5,0.026401796567863,0.0002908944777038048
Original,2,BG6,6,0.02988695045408437,0.0003902325054294204
Original,2,BG6,7,0.032796797375294263,0.0005094445877791409
Original,2,BG6,8,0.03547359642974367,0.0006581529041029059
Original,2,BG6,9,0.038078389160335784,0.000847288804442932
Original,2,BG6,10,0.040975680587434705,0.0010980430000328712
Original,2,BG6,11,0.04460579848408865,0.0014456192899440826
Original,2,BG6,12,0.04938582199194714,0.0019438556080264707
Original,2,BG6,13,0.05892410671501266,0.002828498426499178
Original,2,BG6,14,0.07454062682920924,0.004381195186444586
Original,2,BG6,15,0.09281898529952314,0.006704831297665918
Original,2,BG6,16,0.11317135451197811,0.010079992342443136
Original,2,BG6,17,0.13676141587730414,0.01505879176790616
Original,2,BG6,18,0.1740874621417096,0.023736087359646812
Original,2,BG6,19,0.21987298252888285,0.03713320471879582
Original,2,BG6,20,0.2589237605886471,0.05408440271801783
Original,2,BG6,21,0.29317982788502106,0.07545866370853056
Original,2,BG6,22,0.32231599971164077,0.10154818510500684
Original,2,BG6,23,0.3470405516621313,0.1325261885343088
Original,2,BG6,24,0.36709667549623687,0.16765301439486296
Original,2,BG6,25,0.3890433623248695,0.20893848806067883
Original,2,BG6,26,0.40536003103649776,0.2510013131628957
Original,2,BG6,27,0.417826265478741,0.291922996182714
Original,2,BG6,28,0.42723579276601686,0.3294557240580199
Original,2,BG6,29,0.43394071312153815,0.36162414349430394
Original,2,BG6,30,0.4388788556285758,0.3878393709039939
Original,2,BG6,31,0.4421311134342638,0.40774672208336454
Original,2,BG6,32,0.4440875539854017,0.4219649725871065
Original,2,BG6,33,0.44520605774744393,0.431616574851854
Original,2,BG6,34,0.4458355060348745,0.4378812396184948
Original,2,BG6,35,0.4460829335858851,0.44166627516222656
Original,2,BG6,36,0.4464176868588455,0.4464176868588455
Original,2,BG7,0,0.0,0.0
Original,2,BG7,1,0.0052346554488460414,3.0325672360897307e-05
Original,2,BG7,2,0.009899653396993467,6.700050935231792e-05
Original,2,BG7,3,0.013968644961045176,0.00011082004736833999
Original,2,BG7,4,0.017402704797831573,0.00016240923452486242
Original,2,BG7,5,0.020419617982677548,0.00022498295177508332
Original,2,BG7,6,0.02309890226884805,0.0003016012804070814
Original,2,BG7,7,0.02535526468933414,0.00039385255302368564
Original,2,BG7,8,0.027519231967378984,0.0005105730536566471
Original,2,BG7,9,0.029356478382992345,0.0006532160654204455
Original,2,BG7,10,0.031344799420944515,0.0008399601227520993
Original,2,BG7,11,0.03354412547093946,0.0010871240182816853
Original,2,BG7,12,0.036118111560543606,0.0014216305569079311
Original,2,BG7,13,0.04130020366073412,0.001982508815541466
Original,2,BG7,14,0.04891571784113029,0.002875067155480658
Original,2,BG7,15,0.05454511165930936,0.003940096638243517
Original,2,BG7,16,0.06018199577476933,0.005360314536608629
Original,2,BG7,17,0.062238694971238795,0.006853099187079199
Original,2,BG7,18,0.061812703490147225,0.00842790004913374
Original,2,BG7,19,0.060315010934777154,0.010186288584931142
Original,2,BG7,20,0.058065152500569976,0.012128740474439037
Original,2,BG7,21,0.05709129136801126,0.014694164283950411
Original,2,BG7,22,0.057581544248313396,0.018141517369195354
Original,2,BG7,23,0.06056883467527866,0.023129737373785854
Original,2,BG7,24,0.06766140705495546,0.03090095766955787
Original,2,BG7,25,0.09104083982260278,0.04889412656184968
Original,2,BG7,26,0.10423713430998001,0.06454424590369928
Original,2,BG7,27,0.11437289241961757,0.0799089961602333
Original,2,BG7,28,0.12173423800182795,0.0938733180565253
Original,2,BG7,29,0.12683333381812736,0.1056964567241507
Original,2,BG7,30,0.1302192854768861,0.11507541352490203
Original,2,BG7,31,0.13205094004007237,0.12178138190992271
Original,2,BG7,32,0.13300184200132414,0.12637624738251826
Original,2,BG7,33,0.13348860630223247,0.1294139960218828
Original,2,BG7,34,0.1337273849420691,0.13134152026608006
Original,2,BG7,35,0.1338243282950403,0.13249933606000439
Original,2,BG7,36,0.1339746756294436,0.1339746756294436
Original,2,BG8,0,0.0,0.0
Original,2,BG8,1,0.0075714917874017155,4.3863551389512665e-05
Original,2,BG8,2,0.01425508747794963,9.647793522327051e-05
Original,2,BG8,3,0.020061301942773748,0.0001591560558342723
Original,2,BG8,4,0.02512138315128613,0.00023444313089538977
Original,2,BG8,5,0.029469876287609588,0.00032469851999749244
Original,2,BG8,6,0.033316544511374904,0.000435012552693153
Original,2,BG8,7,0.03662387677445596,0.0005688920041548905
Original,2,BG8,8,0.0396502105036416,0.0007356429530978532
Original,2,BG8,9,0.042698259388509394,0.0009500863292118572
Original,2,BG8,10,0.04598278675988258,0.001232220588543458
Original,2,BG8,11,0.050800635703932874,0.0016463863748537042
Original,2,BG8,12,0.05927635566470251,0.0023331529510018344
Original,2,BG8,13,0.07454358407066565,0.003578270802162455
Original,2,BG8,14,0.09650874347875638,0.0056723918345048
Original,2,BG8,15,0.12455967220838068,0.008997637568230948
Original,2,BG8,16,0.15358507965797216,0.013679578501872567
Original,2,BG8,17,0.18692456150692574,0.02058225289201504
Original,2,BG8,18,0.2183882498485536,0.02977631196847406
Original,2,BG8,19,0.2615767999113405,0.04417634557665564
Original,2,BG8,20,0.30479292373658334,0.06366562576995881
Original,2,BG8,21,0.34642411774531456,0.08916268619724942
Original,2,BG8,22,0.3824631821992031,0.12049802679351226
Original,2,BG8,23,0.41469816082141436,0.1583629532941284
Original,2,BG8,24,0.44275371280365533,0.20220557518858845
Original,2,BG8,25,0.46419512019022946,0.24929927055333762
Original,2,BG8,26,0.4820130612563258,0.2984653193064185
Original,2,BG8,27,0.4956016132626467,0.34626235824937285
Original,2,BG8,28,0.5056889190844018,0.3899535382712826
Original,2,BG8,29,0.5127857748959711,0.42732961282649573
Original,2,BG8,30,0.5179690420404695,0.45773175146064016
Original,2,BG8,31,0.5215929863052069,0.4810288715022382
Original,2,BG8,32,0.5238604493169452,0.49776391655584024
Original,2,BG8,33,0.5251581875920509,0.5091282434398496
Original,2,BG8,34,0.5259123568661196,0.5165294187521501
Original,2,BG8,35,0.5262334375690783,0.5210232106111587
Original,2,BG8,36,0.5266550012506086,0.5266550012506086
Original,2,BG9,0,0.0,0.0
Original,2,BG9,1,0.005487747018216185,3.179189522528541e-05
Original,2,BG9,2,0.010441310100240951,7.06664228321426e-05
Original,2,BG9,3,0.014710731103259636,0.00011670737745272781
Original,2,BG9,4,0.018408292784288675,0.0001717937967909245
Original,2,BG9,5,0.021568507050388996,0.0002376413898700672
Original,2,BG9,6,0.02443038934425005,0.0003189864447025897
Original,2,BG9,7,0.02682657406895777,0.00041670693634816294
Original,2,BG9,8,0.029380271150073023,0.0005451015043368679
Original,2,BG9,9,0.03162340126837168,0.0007036577549669612
Original,2,BG9,10,0.034510459903832655,0.0009247916924036332
Original,2,BG9,11,0.03795128707172705,0.0012299547272586553
Original,2,BG9,12,0.042300151756504346,0.0016649593739601735
Original,2,BG9,13,0.05278521386266577,0.0025338168462100802
Original,2,BG9,14,0.06854272721301125,0.004028663016193676
Original,2,BG9,15,0.08556387376540218,0.006180754266099817
Original,2,BG9,16,0.10635010477396616,0.009472434504703028
Original,2,BG9,17,0.12905516592159003,0.014210256975708038
Original,2,BG9,18,0.16834611642034641,0.022953279244717583
Original,2,BG9,19,0.2067062715117887,0.03490954734323991
Original,2,BG9,20,0.24067820727766992,0.0502732428497058
Original,2,BG9,21,0.2682980809215232,0.06905459634311686
Original,2,BG9,22,0.28980915351695163,0.09130664804595305
Original,2,BG9,23,0.30688674340711125,0.11719244400952401
Original,2,BG9,24,0.3211200361184769,0.1466554874464254
Original,2,BG9,25,0.3337451465863873,0.1792401901785198
Original,2,BG9,26,0.34452569428473934,0.213332334092024
Original,2,BG9,27,0.3529453362633875,0.24659258802426054
Original,2,BG9,28,0.3592841860921871,0.277055980780976
Original,2,BG9,29,0.3638023349967653,0.30317438315888295
Original,2,BG9,30,0.3671339470076817,0.3244380475410232
Original,2,BG9,31,0.3694216603892662,0.34069185974194877
Original,2,BG9,32,0.37090475339696993,0.35242783210710993
Original,2,BG9,33,0.371826853450711,0.36047719979282766
Original,2,BG9,34,0.372410565537425,0.365766293208497
Original,2,BG9,35,0.37265471062848415,0.3689650635273877
Original,2,BG9,36,0.3729596030668782,0.3729596030668782
Original,2,BG10,0,0.0,0.0
Original,2,BG10,1,0.007109616018787448,4.1187789210612244e-05
Original,2,BG10,2,0.013417985705838954,9.081245977709481e-05
Original,2,BG10,3,0.018900533738157463,0.00014994711764158966
Original,2,BG10,4,0.02366034179117777,0.00022080808891813164
Original,2,BG10,5,0.027785143409373523,0.0003061361680073796
Original,2,BG10,6,0.03138918266305705,0.00040984708039410985
Original,2,BG10,7,0.03452920534811473,0.0005363547096369034
Original,2,BG10,8,0.03741647491266514,0.0006941997464677051
Original,2,BG10,9,0.04020316639353792,0.0008945675889986273
Original,2,BG10,10,0.04320960324922291,0.0011579063914527966
Original,2,BG10,11,0.04762395305959218,0.0015434339818151933
Original,2,BG10,12,0.05417078570925801,0.0021321946504880315
Original,2,BG10,13,0.06701777320847797,0.003217013830954323
Original,2,BG10,14,0.08570900393976726,0.005037627019406088
Original,2,BG10,15,0.10855852585757905,0.00784178580959528
Original,2,BG10,16,0.13463631372981175,0.011991842086810525
Original,2,BG10,17,0.16312905660801025,0.017962131183311626
Original,2,BG10,18,0.1933819638334344,0.02636681084677309
Original,2,BG10,19,0.23901916812464066,0.04036670442909587
Original,2,BG10,20,0.287191269622026,0.059988964652596934
Original,2,BG10,21,0.33046953372618804,0.08505629319366714
Original,2,BG10,22,0.37116656511914403,0.11693893896428988
Original,2,BG10,23,0.40484076511924755,0.15459865803485753
Original,2,BG10,24,0.4348142052841494,0.19857960323618393
Original,2,BG10,25,0.4659378212275723,0.25023520041168734
Original,2,BG10,26,0.48900386222600917,0.3027940643608826
Original,2,BG10,27,0.5059375520456845,0.3534837766247815
Original,2,BG10,28,0.5181190381722012,0.3995388162395537
Original,2,BG10,29,0.5266192839421793,0.4388577564856746
Original,2,BG10,30,0.5325435197731497,0.47061128809496244
Original,2,BG10,31,0.5363527124722108,0.49464073853241686
Original,2,BG10,32,0.5385261166287179,0.5116990022034369
Original,2,BG10,33,0.5395905412389314,0.5231200635845454
Original,2,BG10,34,0.5401367704395255,0.5305000516178455
Original,2,BG10,35,0.5402967514464986,0.5349472834614305
Original,2,BG10,36,0.5405640185077464,0.5405640185077464
Original,2,BG11,0,0.0,0.0
Original,2,BG11,1,0.005192075919186087,3.0078998464174515e-05
Original,2,BG11,2,0.00991451609812992,6.710109960225782e-05
Original,2,BG11,3,0.01386477615799215,0.0001099960059273448
Original,2,BG11,4,0.01732275099585036,0.00016166307223737246
Original,2,BG11,5,0.02037946618281601,0.00022454056078681817
Original,2,BG11,6,0.022983942673849476,0.00030010025722269825
Original,2,BG11,7,0.025244556207100602,0.0003921328769483494
Original,2,BG11,8,0.0274737194086593,0.000509728644134368
Original,2,BG11,9,0.029440095868857125,0.0006550766514054581
Original,2,BG11,10,0.03189668784332497,0.0008547493160646681
Original,2,BG11,11,0.03448835894576659,0.0011177254667518444
Original,2,BG11,12,0.03810733015047767,0.001499927398054033
Original,2,BG11,13,0.0454994673426575,0.002184083542503301
Original,2,BG11,14,0.05768986956551296,0.003390776141492473
Original,2,BG11,15,0.0714783171897937,0.0051632762087681005
Original,2,BG11,16,0.08214477631323584,0.0073165044257508804
Original,2,BG11,17,0.10141309551954801,0.011166590211244692
Original,2,BG11,18,0.13781167860050136,0.01879003806498426
Original,2,BG11,19,0.17451138461251675,0.029472320311763108
Original,2,BG11,20,0.20627458708812121,0.04308696058733155
Original,2,BG11,21,0.233964226975892,0.06021774428539336
Original,2,BG11,22,0.25687118726010555,0.08092928322682592
Original,2,BG11,23,0.275346019274614,0.10514782299554232
Original,2,BG11,24,0.29033674554648375,0.13259676188157432
Original,2,BG11,25,0.3048263372278277,0.16370913926369404
Original,2,BG11,26,0.3157237917009756,0.19549802655667298
Original,2,BG11,27,0.3241820072774767,0.22649649076132342
Original,2,BG11,28,0.33060872330286883,0.25494337794157546
Original,2,BG11,29,0.3350572401987768,0.2792196811886306
Original,2,BG11,30,0.33832485811226476,0.2989793158894054
Original,2,BG11,31,0.34053042460392013,0.3140474857005936
Original,2,BG11,32,0.3418421647709459,0.3248130201437426
Original,2,BG11,33,0.34262614950137976,0.3321678194567953
Original,2,BG11,34,0.34310041182407425,0.3369790696404591
Original,2,BG11,35,0.3432937920649544,0.3398948467042982
Original,2,BG11,36,0.34354237595273485,0.34354237595273485
Original,2,BG12,0,0.0,0.0
Original,2,BG12,1,0.003001542011703996,1.7388685917630796e-05
Original,2,BG12,2,0.005787801949637357,3.9171641766442894e-05
Original,2,BG12,3,0.007988950384190412,6.338022491269148e-05
Original,2,BG12,4,0.010101914968437566,9.427524596032417e-05
Original,2,BG12,5,0.01167909491020948,0.00012868003964015191
Original,2,BG12,6,0.01344331997771449,0.0001755287959911666
Original,2,BG12,7,0.014641645037918118,0.00022743400049843115
Original,2,BG12,8,0.01606056337466954,0.0002979767353469001
Original,2,BG12,9,0.01768132836103606,0.00039343028601507177
Original,2,BG12,10,0.019835654800033548,0.0005315446064002006
Original,2,BG12,11,0.022362333936539053,0.0007247358513118902
Original,2,BG12,12,0.025984246802657315,0.0010227555541489296
Original,2,BG12,13,0.03295034630697351,0.0015816956396593345
Original,2,BG12,14,0.04420927414038152,0.002598441510230613
Original,2,BG12,15,0.05319838157270625,0.003842814836286255
Original,2,BG12,16,0.06126475494335965,0.005456754174565602
Original,2,BG12,17,0.06669228796378655,0.007343484060932123
Original,2,BG12,18,0.0706989608284732,0.009639503570277095
Original,2,BG12,19,0.06812137494956283,0.011504664776027105
Original,2,BG12,20,0.06730678328771184,0.014059146886382832
Original,2,BG12,21,0.06790119679520744,0.017476419223017573
Original,2,BG12,22,0.07010480052640744,0.02208706757155591
Original,2,BG12,23,0.07352085880123016,0.02807579446802759
Original,2,BG12,24,0.07762662210844512,0.03545207032910447
Original,2,BG12,25,0.08624546832445158,0.046318738461144246
Original,2,BG12,26,0.09266297642293099,0.057377459451504194
Original,2,BG12,27,0.09796966316813145,0.06844853946620831
Original,2,BG12,28,0.10211017744036577,0.07874055261953951
Original,2,BG12,29,0.10498542783113812,0.08748952163224659
Original,2,BG12,30,0.10693572353170273,0.0944996169085807
Original,2,BG12,31,0.10814352057274866,0.09973323463504312
Original,2,BG12,32,0.10892279879857499,0.10349672127600118
Original,2,BG12,33,0.10940977006087088,0.106070143088215
Original,2,BG12,34,0.1097064251028216,0.10774912442092317
Original,2,BG12,35,0.10985681477148258,0.1087691245485945
Original,2,BG12,36,0.11004622341847706,0.11004622341847706
Original,2,BG13,0,0.0,0.0
Original,2,BG13,1,0.0024287203205257697,1.4070186132766199e-05
Original,2,BG13,2,0.00471295975338606,3.189714743896773e-05
Original,2,BG13,3,0.006528038976278441,5.179010504967504e-05
Original,2,BG13,4,0.008142035124636203,7.598483721929438e-05
Original,2,BG13,5,0.009522262087202226,0.00010491609774420674
Original,2,BG13,6,0.010761300674055809,0.00014050979561236926
Original,2,BG13,7,0.011819909145173687,0.00018360294970104854
Original,2,BG13,8,0.012838266579353412,0.0002381924381582728
Original,2,BG13,9,0.013853849252355456,0.0003082643880997917
Original,2,BG13,10,0.015529841956277714,0.00041615987891338856
Original,2,BG13,11,0.0168872719256408,0.0005472957980459412
Original,2,BG13,12,0.019270474978857647,0.0007584974665225744
Original,2,BG13,13,0.0239749831416471,0.0011508566854196
Original,2,BG13,14,0.03316399608962262,0.001949244945175714
Original,2,BG13,15,0.037780160140377855,0.00272907099361064
Original,2,BG13,16,0.045868079280841335,0.004085396785871249
Original,2,BG13,17,0.049896637408732056,0.005494115918444508
Original,2,BG13,18,0.050136901584646384,0.006835953967186696
Original,2,BG13,19,0.04553584282519744,0.007690311710004426
Original,2,BG13,20,0.04270298963866873,0.008919867714683791
Original,2,BG13,21,0.04066694007936263,0.010466862529913174
Original,2,BG13,22,0.04052179463486576,0.012766709393588439
Original,2,BG13,23,0.041607181467293634,0.01588875177073584
Original,2,BG13,24,0.043677174262011224,0.01994736099917721
Original,2,BG13,25,0.05294695202816119,0.02843553488715376
Original,2,BG13,26,0.05899942688135044,0.03653279181380522
Original,2,BG13,27,0.06379492774180459,0.04457165094142977
Original,2,BG13,28,0.06734955055596502,0.051935477509213304
Original,2,BG13,29,0.06993260755295577,0.05827828221896589
Original,2,BG13,30,0.07166225632876093,0.06332828308935579
Original,2,BG13,31,0.07271123311328875,0.06705650446400509
Original,2,BG13,32,0.07335404662060335,0.06969985536106932
Original,2,BG13,33,0.07375186269649948,0.07150065870289504
Original,2,BG13,34,0.0739911323493435,0.07267103755439068
Original,2,BG13,35,0.07411081539461624,0.0733770456101255
Original,2,BG13,36,0.07427331898812314,0.07427331898812314
Original,2,BG14,0,0.0,0.0
Original,2,BG14,1,0.0052164834177392426,3.0220397228252636e-05
Original,2,BG14,2,0.00995365879025682,6.736601553258327e-05
Original,2,BG14,3,0.013914032313050996,0.0001103867787897992
Original,2,BG14,4,0.01755631628382577,0.00016384280012771032
Original,2,BG14,5,0.02060517041598539,0.00022702736516067268
Original,2,BG14,6,0.02328945918195888,0.0003040893726316627
Original,2,BG14,7,0.025651217573742693,0.0003984496952867531
Original,2,BG14,8,0.027810197308393892,0.0005159714269037426
Original,2,BG14,9,0.03001186139636383,0.0006677991046995057
Original,2,BG14,10,0.032283735680521494,0.0008651212047457512
Original,2,BG14,11,0.03476262739334452,0.0011266141733328942
Original,2,BG14,12,0.03844810688285151,0.0015133405729209548
Original,2,BG14,13,0.0457588412380674,0.0021965341107023184
Original,2,BG14,14,0.05655461717065201,0.0033240506159869366
Original,2,BG14,15,0.06892925914060781,0.004979143578701664
Original,2,BG14,16,0.07903960890914383,0.007039932120516742
Original,2,BG14,17,0.09663989850279206,0.010641013753720563
Original,2,BG14,18,0.1354351058125451,0.01846600245901522
Original,2,BG14,19,0.17388804760928137,0.02936704818276001
Original,2,BG14,20,0.20715951247582162,0.043271805139604345
Original,2,BG14,21,0.23634147111541964,0.06082959971765957
Original,2,BG14,22,0.2605575669914118,0.08209070615005268
Original,2,BG14,23,0.2800875370986701,0.10695849106525171
Original,2,BG14,24,0.29605232600471587,0.13520706694670234
Original,2,BG14,25,0.3090644369007018,0.16598524041292337
Original,2,BG14,26,0.31959541917264117,0.19789536096085095
Original,2,BG14,27,0.32747490216192937,0.22879714023559003
Original,2,BG14,28,0.3334978730514561,0.25717129751207696
Original,2,BG14,29,0.3378169232567186,0.2815194610749147
Original,2,BG14,30,0.3409738482120184,0.3013202413261093
Original,2,BG14,31,0.34308314160898673,0.31640167868379837
Original,2,BG14,32,0.3443249687860939,0.32717214143939644
Original,2,BG14,33,0.3450914833532965,0.3345579007060465
Original,2,BG14,34,0.345575495220262,0.3394099938861598
Original,2,BG14,35,0.3457893344671834,0.34236568082087276
Original,2,BG14,36,0.3460478006770511,0.3460478006770511
Original,2,BG15,0,0.0,0.0
Original,2,BG15,1,0.002898931995675625,1.679424032906962e-05
Original,2,BG15,2,0.005568392928921995,3.768668925998723e-05
Original,2,BG15,3,0.007722510896983164,6.126643112306422e-05
Original,2,BG15,4,0.009709669968452312,9.061465331521453e-05
Original,2,BG15,5,0.011278276052479908,0.00012426382499180458
Original,2,BG15,6,0.01290582527888254,0.00016851075278883428
Original,2,BG15,7,0.014105968186002517,0.00021911313595177864
Original,2,BG15,8,0.015635032131363615,0.00029008171775870027
Original,2,BG15,9,0.017276235033895884,0.00038441648578410993
Original,2,BG15,10,0.019001923361144597,0.0005092027438036848
Original,2,BG15,11,0.021104474625020145,0.0006839701725460131
Original,2,BG15,12,0.024143747153178498,0.0009503123832381746
Original,2,BG15,13,0.029809623629609372,0.0014309334210013212
Original,2,BG15,14,0.04012708027789801,0.002358506742644461
Original,2,BG15,15,0.04433678489658612,0.0032026924519494033
Original,2,BG15,16,0.050952856701885575,0.004538289809779834
Original,2,BG15,17,0.05826380415356376,0.006415424182621076
Original,2,BG15,18,0.06477693850639021,0.008832060925470139
Original,2,BG15,19,0.0676535769947264,0.011425660819337114
Original,2,BG15,20,0.07182949040980113,0.015003857057040803
Original,2,BG15,21,0.07632158368817601,0.019643659508189484
Original,2,BG15,22,0.0816681283128515,0.025730184706755997
Original,2,BG15,23,0.08753494701581223,0.03342742757091042
Original,2,BG15,24,0.09356018100227627,0.04272892505950404
Original,2,BG15,25,0.10041076854679304,0.053926312983743334
Original,2,BG15,26,0.106360988479266,0.06585934890719444
Original,2,BG15,27,0.11124340536355645,0.07772251507201589
Original,2,BG15,28,0.11503198091421411,0.08870498493391411
Original,2,BG15,29,0.11783014635287478,0.09819365777367382
Original,2,BG15,30,0.11966147388338466,0.10574542416616933
Original,2,BG15,31,0.12078327758154801,0.11139000168166799
Original,2,BG15,32,0.12140782832707851,0.11535979904085325
Original,2,BG15,33,0.1218063116572776,0.11808829219836746
Original,2,BG15,34,0.12207977211610956,0.11990171546235953
Original,2,BG15,35,0.12221321949271238,0.12100318875621716
Original,2,BG15,36,0.1223840259449744,0.1223840259449744
T01,0,BG1,0,0.0,0.0
T01,0,BG1,1,0.0006891175261903164,3.9922307077944e-06
T01,0,BG1,2,0.0015617944406490654,1.0570170320498115e-05
T01,0,BG1,3,0.0020742992409045406,1.6456423689056136e-05
T01,0,BG1,4,0.0025454393366760655,2.375509199107096e-05
T01,0,BG1,5,0.002925519866807057,3.2233320730330276e-05
T01,0,BG1,6,0.0032620937951456565,4.2593005080854916e-05
T01,0,BG1,7,0.0035645323418635765,5.536917779346004e-05
T01,0,BG1,8,0.003805043985522427,7.059618986738707e-05
T01,0,BG1,9,0.004042749816598837,8.995592300818844e-05
T01,0,BG1,10,0.004222446671910831,0.00011315072637754473
T01,0,BG1,11,0.004452962692225304,0.00014431506623227376
T01,0,BG1,12,0.004583131324412577,0.00018039480036864292
T01,0,BG1,13,0.004733826246763449,0.00022723501189756375
T01,0,BG1,14,0.004876400976396951,0.00028661503624345896
T01,0,BG1,15,0.00500784843881681,0.0003617447326908062
T01,0,BG1,16,0.005026499397918943,0.0004477022986519076
T01,0,BG1,17,0.005131656239395342,0.0005650463785527972
T01,0,BG1,18,0.005321585911458717,0.0007255756773302427
T01,0,BG1,19,0.005579374929875649,0.0009422716220394991
T01,0,BG1,20,0.0058962757003137274,0.001231623351005159
T01,0,BG1,21,0.006289475019656184,0.0016187859305380786
T01,0,BG1,22,0.006691477959763246,0.0021082026451544993
T01,0,BG1,23,0.006991757816255167,0.0026699790845658676
T01,0,BG1,24,0.007258096669206278,0.0033147720120681227
T01,0,BG1,25,0.012892124110542396,0.006923806372770684
T01,0,BG1,26,0.01574443622828022,0.00974904740639522
T01,0,BG1,27,0.017791633376350254,0.012430494111931829
T01,0,BG1,28,0.019216606511254695,0.014818564123644969
T01,0,BG1,29,0.020191927434304143,0.01682692646053951
T01,0,BG1,30,0.02081741894047905,0.01839645395051735
T01,0,BG1,31,0.021216943315413964,0.019566908601648076
T01,0,BG1,32,0.021418404156681715,0.020351428977834395
T01,0,BG1,33,0.021529329039065414,0.02087216712175001
T01,0,BG1,34,0.02158866555898514,0.021203496642928914
T01,0,BG1,35,0.021618741167978975,0.021404694439877792
T01,0,BG1,36,0.021668364942144722,0.021668364942144722
T01,0,BG2,0,0.0,0.0
T01,0,BG2,1,0.0007078070933033188,4.100504069439434e-06
T01,0,BG2,2,0.0015859665153174014,1.0733766089762149e-05
T01,0,BG2,3,0.0021182201129687174,1.680486936647931e-05
T01,0,BG2,4,0.002554403049633552,2.38387450903825e-05
T01,0,BG2,5,0.0029711811166058975,3.273641551637726e-05
T01,0,BG2,6,0.0033169451791727153,4.3309197011472045e-05
T01,0,BG2,7,0.003633965106933174,5.6447702217178825e-05
T01,0,BG2,8,0.0038701986054294293,7.18050241742188e-05
T01,0,BG2,9,0.004080180155563182,9.078879224472495e-05
T01,0,BG2,10,0.004267227812177128,0.00011435074594154077
T01,0,BG2,11,0.004441846301690517,0.00014395479790390369
T01,0,BG2,12,0.004600751939822799,0.00018108835903886457
T01,0,BG2,13,0.004712566997034722,0.00022621451763868704
T01,0,BG2,14,0.004823338333181344,0.0002834962306622559
T01,0,BG2,15,0.004924277915537393,0.00035570796962464916
T01,0,BG2,16,0.004961308494171383,0.000441895847637654
T01,0,BG2,17,0.005069879543189766,0.0005582441498150538
T01,0,BG2,18,0.00515345885158977,0.0007026522658492753
T01,0,BG2,19,0.0053362557233902945,0.0009012124792817629
T01,0,BG2,20,0.005489184994586228,0.0011465896022402056
T01,0,BG2,21,0.005673816458543523,0.0014603276435696314
T01,0,BG2,22,0.005830807610053004,0.0018370416954641242
T01,0,BG2,23,0.005874772583389477,0.002243430100697085
T01,0,BG2,24,0.006173595352249589,0.0028194803631708815
T01,0,BG2,25,0.012405498836481997,0.00666246084636578
T01,0,BG2,26,0.015265309331144616,0.009452369219719349
T01,0,BG2,27,0.017335648337633715,0.012111910685153996
T01,0,BG2,28,0.018665803232564847,0.014393821415037962
T01,0,BG2,29,0.01962557646980208,0.016354958372159098
T01,0,BG2,30,0.020209654340331316,0.01785936945463011
T01,0,BG2,31,0.020522218942111214,0.018926212743099222
T01,0,BG2,32,0.02066276061166548,0.019633428420211405
T01,0,BG2,33,0.02073434627017466,0.020101450489014204
T01,0,BG2,34,0.020776644379885082,0.020405962971579567
T01,0,BG2,35,0.020794638751124014,0.020588751410911585
T01,0,BG2,36,0.020825839805435984,0.020825839805435984
T01,0,BG3,0,0.0,0.0
T01,0,BG3,1,0.0008455490086518002,4.898477537461866e-06
T01,0,BG3,2,0.0018148908689267576,1.2283118124555733e-05
T01,0,BG3,3,0.0024668279771198733,1.9570544913090172e-05
T01,0,BG3,4,0.003010899871817988,2.8098962172403757e-05
T01,0,BG3,5,0.0034648951161320575,3.817614670197599e-05
T01,0,BG3,6,0.003924528236902103,5.124238050837121e-05
T01,0,BG3,7,0.004292270695335145,6.667340246093447e-05
T01,0,BG3,8,0.0046018650543722854,8.537986390899334e-05
T01,0,BG3,9,0.004900131227922915,0.00010903366514182222
T01,0,BG3,10,0.005115760159120563,0.0001370892337556654
T01,0,BG3,11,0.005361582787621218,0.00017376233018959905
T01,0,BG3,12,0.005549717757446648,0.0002184402230456012
T01,0,BG3,13,0.0057509301421382365,0.00027605843754651056
T01,0,BG3,14,0.0059327300455874,0.0003487017669841984
T01,0,BG3,15,0.006119327933803043,0.00044203307687883575
T01,0,BG3,16,0.006258555825211723,0.0005574396015129667
T01,0,BG3,17,0.006454330464262155,0.0007106859603845415
T01,0,BG3,18,0.006746756604134498,0.0009198916588123432
T01,0,BG3,19,0.007247433481698367,0.0012239813569210863
T01,0,BG3,20,0.00795096888693483,0.0016608108970359663
T01,0,BG3,21,0.008920202806756448,0.002295882999832381
T01,0,BG3,22,0.010045677064576385,0.0031649693904352593
T01,0,BG3,23,0.011463602621626925,0.004377665826906416
T01,0,BG3,24,0.013104300554653512,0.005984732708788545
T01,0,BG3,25,0.02036879275641884,0.010939204130821797
T01,0,BG3,26,0.02449876013831814,0.015169776219518065
T01,0,BG3,27,0.027943240595584274,0.019523125264200705
T01,0,BG3,28,0.030662367485614052,0.023644770955164023
T01,0,BG3,29,0.03252620849254224,0.02710568967216054
T01,0,BG3,30,0.03378944084240539,0.029859892593510986
T01,0,BG3,31,0.03461113720813653,0.03191944044234614
T01,0,BG3,32,0.03499881660210796,0.033255322184913165
T01,0,BG3,33,0.03515381175414539,0.034080775795097
T01,0,BG3,34,0.035204702688276794,0.03457660647873975
T01,0,BG3,35,0.035213477500456995,0.034864829573341936
T01,0,BG3,36,0.03525494397168569,0.03525494397168569
T01,0,BG4,0,0.0,0.0
T01,0,BG4,1,0.0007925771725719094,4.591598403812402e-06
T01,0,BG4,2,0.0017059376613645662,1.1545726668591364e-05
T01,0,BG4,3,0.00232199748524576,1.842153422730984e-05
T01,0,BG4,4,0.0028318608868361387,2.642809623550264e-05
T01,0,BG4,5,0.0032891825987564523,3.624014942922731e-05
T01,0,BG4,6,0.0036649195504806715,4.78526819052536e-05
T01,0,BG4,7,0.004023401987193091,6.249696715585106e-05
T01,0,BG4,8,0.00430863625456746,7.99394971949676e-05
T01,0,BG4,9,0.004576798318323886,0.00010183912830917296
T01,0,BG4,10,0.004800343183484942,0.00012863686831167745
T01,0,BG4,11,0.004997418293675516,0.00016196020528952304
T01,0,BG4,12,0.0051834566241178775,0.00020402396501321347
T01,0,BG4,13,0.005364384891809026,0.0002575033391100395
T01,0,BG4,14,0.00549825924668157,0.00032316533836591877
T01,0,BG4,15,0.005670233580894395,0.00040959249368141787
T01,0,BG4,16,0.005815545692883262,0.0005179813953590198
T01,0,BG4,17,0.0059960103823844535,0.0006602203645479142
T01,0,BG4,18,0.006236063114003794,0.0008502607662718938
T01,0,BG4,19,0.006667497935089682,0.0011260390536269652
T01,0,BG4,20,0.007216727862235084,0.0015074414773445432
T01,0,BG4,21,0.007927282457671039,0.0020403250278168638
T01,0,BG4,22,0.00883031347356861,0.002782059553379124
T01,0,BG4,23,0.009880980280027147,0.0037733015678066795
T01,0,BG4,24,0.011032233757029553,0.005038420025529659
T01,0,BG4,25,0.017165259877343936,0.009218724154394115
T01,0,BG4,26,0.020537913117503838,0.012717196444987287
T01,0,BG4,27,0.023237246085232127,0.0162351844907224
T01,0,BG4,28,0.025302056453659467,0.01951125695721381
T01,0,BG4,29,0.02673948551824978,0.022283328728474487
T01,0,BG4,30,0.027673658572699936,0.02445534610390277
T01,0,BG4,31,0.02822532014565558,0.026030246339114427
T01,0,BG4,32,0.028530622465813494,0.02710934638388549
T01,0,BG4,33,0.02866479811740193,0.027789832985205893
T01,0,BG4,34,0.02872691770673265,0.02821439337546532
T01,0,BG4,35,0.028751312116803485,0.028466645896553525
T01,0,BG4,36,0.02880200490099022,0.02880200490099022
T01,0,BG5,0,0.0,0.0
T01,0,BG5,1,0.0034881032333170386,2.0207457119006572e-05
T01,0,BG5,2,0.006607437743504633,4.4718908181437003e-05
T01,0,BG5,3,0.009290721134555565,7.370780493601687e-05
T01,0,BG5,4,0.01161061170645455,0.00010835502747825046
T01,0,BG5,5,0.013611382000255457,0.00014996994151072573
T01,0,BG5,6,0.01539021668912846,0.0002009493351382679
T01,0,BG5,7,0.016879500900842864,0.0002621954296574627
T01,0,BG5,8,0.018200584319318668,0.0003376812228528241
T01,0,BG5,9,0.019330974739519117,0.00043013685298398793
T01,0,BG5,10,0.02026511225951099,0.000543052961790886
T01,0,BG5,11,0.02109539744091739,0.000683675990596793
T01,0,BG5,12,0.021814789738486252,0.0008586432258933298
T01,0,BG5,13,0.022441196062397754,0.0010772312237034474
T01,0,BG5,14,0.022963318655272902,0.0013496905713192829
T01,0,BG5,15,0.023395656503075315,0.0016899983324358478
T01,0,BG5,16,0.02378017761213418,0.002118062553303631
T01,0,BG5,17,0.0242490567496431,0.002670062264035728
T01,0,BG5,18,0.024510249963064834,0.003341868676824387
T01,0,BG5,19,0.02487287889082493,0.004200651197925718
T01,0,BG5,20,0.02515349785435026,0.005254102237540852
T01,0,BG5,21,0.025520281595358307,0.006568413522371588
T01,0,BG5,22,0.02614288174919641,0.008236520045443833
T01,0,BG5,23,0.027377083955252204,0.010454630068831152
T01,0,BG5,24,0.030854239062125536,0.014091127771032124
T01,0,BG5,25,0.06098340706830509,0.03275156989595936
T01,0,BG5,26,0.07531270620261805,0.046634070050705134
T01,0,BG5,27,0.08592640318558689,0.060034265787475144
T01,0,BG5,28,0.09336158830431661,0.07199422467390558
T01,0,BG5,29,0.09844898331166801,0.08204238097374811
T01,0,BG5,30,0.10170011122450581,0.08987288085468695
T01,0,BG5,31,0.10360545707187709,0.09554809477821044
T01,0,BG5,32,0.10452392412365095,0.09931698024521304
T01,0,BG5,33,0.10496196395811397,0.10175810169506072
T01,0,BG5,34,0.10512467591995334,0.10324911937605989
T01,0,BG5,35,0.10520067928507223,0.10415908936730947
T01,0,BG5,36,0.105324264404945,0.105324264404945
T01,0,BG6,0,0.0,0.0
T01,0,BG6,1,0.004146521701598441,2.4021840468965114e-05
T01,0,BG6,2,0.007821880499299006,5.293821444570889e-05
T01,0,BG6,3,0.010998113013196158,8.72533743067155e-05
T01,0,BG6,4,0.013782746278557653,0.00012862628506296446
T01,0,BG6,5,0.016144473109305425,0.00017787948881349124
T01,0,BG6,6,0.018265823709696965,0.0002384960006416135
T01,0,BG6,7,0.020033067352513853,0.00031118092375592157
T01,0,BG6,8,0.021531477464783722,0.00039948034150592745
T01,0,BG6,9,0.022805038159120314,0.0005074388371590201
T01,0,BG6,10,0.023909665283509296,0.000640717622569834
T01,0,BG6,11,0.02489209334783854,0.0008067222562543483
T01,0,BG6,12,0.02567964552186574,0.0010107662639538583
T01,0,BG6,13,0.02637707269002858,0.0012661627425221557
T01,0,BG6,14,0.02695338394983427,0.0015842104021207063
T01,0,BG6,15,0.027478964726409667,0.0019849583852935993
T01,0,BG6,16,0.02794953295349623,0.0024894204004800927
T01,0,BG6,17,0.028375168973938738,0.0031243882399868994
T01,0,BG6,18,0.028652694711481016,0.003906673437513527
T01,0,BG6,19,0.029098695251773152,0.004914327330382583
T01,0,BG6,20,0.02941614046808524,0.006144489708145186
T01,0,BG6,21,0.02994777400698461,0.007707962155903328
T01,0,BG6,22,0.03061651745728368,0.009645974086036643
T01,0,BG6,23,0.03210592749168243,0.012260458312288895
T01,0,BG6,24,0.03496060284220148,0.015966503749627214
T01,0,BG6,25,0.0693788323134051,0.03726039225645291
T01,0,BG6,26,0.08516687814525038,0.05273583137060653
T01,0,BG6,27,0.09701260693818815,0.06777987225011887
T01,0,BG6,28,0.1054860685413475,0.08134381441359663
T01,0,BG6,29,0.11125673323401469,0.09271570921464373
T01,0,BG6,30,0.11504908032843798,0.10166942980566962
T01,0,BG6,31,0.11720210011211776,0.1080873311605117
T01,0,BG6,32,0.1184069617903532,0.11250842277273847
T01,0,BG6,33,0.11898453171161395,0.1153526444697381
T01,0,BG6,34,0.11924463375584327,0.11711715949663844
T01,0,BG6,35,0.11935448413132266,0.11817275779968008
T01,0,BG6,36,0.11952606224902555,0.11952606224902555
T01,0,BG7,0,0.0,0.0
T01,0,BG7,1,0.0051593496989940845,2.9889407218541823e-05
T01,0,BG7,2,0.009705960971902851,6.568960571224244e-05
T01,0,BG7,3,0.013642576968551293,0.00010823319175409397
T01,0,BG7,4,0.017079071859565743,0.00015938895770771999
T01,0,BG7,5,0.02002529924044129,0.0002206383560981934
T01,0,BG7,6,0.022600723887445075,0.00029509658752090764
T01,0,BG7,7,0.024805166964411644,0.0003853076835607216
T01,0,BG7,8,0.02668312169589333,0.0004950604323145459
T01,0,BG7,9,0.028293607786570456,0.0006295659467320952
T01,0,BG7,10,0.02968349205474886,0.0007954413495479138
T01,0,BG7,11,0.030872203361062923,0.0010005302950503348
T01,0,BG7,12,0.03181507786263599,0.0012522605686884662
T01,0,BG7,13,0.032662940250330244,0.0015678994576456015
T01,0,BG7,14,0.03338202053068531,0.0019620595355530498
T01,0,BG7,15,0.033892705169164754,0.002448258514842397
T01,0,BG7,16,0.0343815624405374,0.003062311025884049
T01,0,BG7,17,0.03481672523579251,0.0038336676446991172
T01,0,BG7,18,0.03511938730185394,0.0047883795656718
T01,0,BG7,19,0.035542944079413726,0.006002662977929411
T01,0,BG7,20,0.0359408577477947,0.0075073829371909975
T01,0,BG7,21,0.036573888502892116,0.009413392394744686
T01,0,BG7,22,0.037697952387808834,0.011877035732408288
T01,0,BG7,23,0.04180790186891631,0.015965401908046115
T01,0,BG7,24,0.051911632444226564,0.023708037167282696
T01,0,BG7,25,0.08998721395067558,0.04832826935526123
T01,0,BG7,26,0.10811322562870553,0.06694434453837962
T01,0,BG7,27,0.12128127691668061,0.08473568257735468
T01,0,BG7,28,0.13046135360958427,0.10060308703490421
T01,0,BG7,29,0.13673458698981242,0.11394765810236758
T01,0,BG7,30,0.14062326402576678,0.12426945968692665
T01,0,BG7,31,0.1427198478801801,0.1316205722744149
T01,0,BG7,32,0.1437156134478266,0.13655630359530124
T01,0,BG7,33,0.14415256344777097,0.13975244630583222
T01,0,BG7,34,0.14429296539693573,0.14171859740906897
T01,0,BG7,35,0.14433995088320728,0.142910843993109
T01,0,BG7,36,0.14443813600836675,0.14443813600836675
T01,0,BG8,0,0.0,0.0
T01,0,BG8,1,0.004134383613595731,2.3951521414652447e-05
T01,0,BG8,2,0.007825253009008198,5.296103967189086e-05
T01,0,BG8,3,0.011011358551645575,8.735845744188663e-05
T01,0,BG8,4,0.013791385946814703,0.00012870691403233132
T01,0,BG8,5,0.016159173667276008,0.00017804146018778681
T01,0,BG8,6,0.018240386912870346,0.00023816387331662713
T01,0,BG8,7,0.02002473176075281,0.0003110514448513129
T01,0,BG8,8,0.021525341182173762,0.0003993664927174978
T01,0,BG8,9,0.022819542977779085,0.0005077615866078064
T01,0,BG8,10,0.02393348288028822,0.0006413558711398544
T01,0,BG8,11,0.024908143694681698,0.0008072424234725226
T01,0,BG8,12,0.02571069950079516,0.001011988571583502
T01,0,BG8,13,0.02647284299330082,0.0012707599444560444
T01,0,BG8,14,0.027100530326607367,0.0015928590628081331
T01,0,BG8,15,0.027703720128526024,0.002001193719622422
T01,0,BG8,16,0.02828756977470303,0.0025195287984251047
T01,0,BG8,17,0.02896835353190031,0.003189703759173432
T01,0,BG8,18,0.02968054973545991,0.004046817124478844
T01,0,BG8,19,0.03087147283337054,0.0052137225158380195
T01,0,BG8,20,0.032183764658215944,0.006722595411550167
T01,0,BG8,21,0.03402687702971363,0.008757842215778876
T01,0,BG8,22,0.037689474412348385,0.011874364671752428
T01,0,BG8,23,0.04320302733595939,0.016498165783209597
T01,0,BG8,24,0.049988305784489845,0.02282965414622834
T01,0,BG8,25,0.07512013889679976,0.04034380170227979
T01,0,BG8,26,0.08828793956781647,0.0546684108805653
T01,0,BG8,27,0.09794613636435949,0.06843210194804444
T01,0,BG8,28,0.10466420070413718,0.08071004481913743
T01,0,BG8,29,0.10916990681789164,0.09097665408787832
T01,0,BG8,30,0.11214924035406104,0.09910682707873722
T01,0,BG8,31,0.11387858369130839,0.10502228409544144
T01,0,BG8,32,0.11480952180339832,0.1090901922867366
T01,0,BG8,33,0.11520901743227435,0.11169237396770332
T01,0,BG8,34,0.1153535928804424,0.11329553988275787
T01,0,BG8,35,0.11541723398886293,0.11427449004582375
T01,0,BG8,36,0.1155240053925828,0.1155240053925828
T01,0,BG9,0,0.0,0.0
T01,0,BG9,1,0.002557258484102723,1.4814840031386649e-05
T01,0,BG9,2,0.004870063505354695,3.296042006576184e-05
T01,0,BG9,3,0.0068469176290939845,5.431992448206593e-05
T01,0,BG9,4,0.00856932233069526,7.997245799037857e-05
T01,0,BG9,5,0.010009214167943859,0.00011028132627631125
T01,0,BG9,6,0.011297179477705253,0.00014750674060539536
T01,0,BG9,7,0.012397101711857603,0.00019256869199442707
T01,0,BG9,8,0.013345474948953025,0.0002476028360883145
T01,0,BG9,9,0.014178575226017537,0.0003154899216436575
T01,0,BG9,10,0.014844084690614212,0.0003977833477954844
T01,0,BG9,11,0.015505770223114458,0.000502523019465812
T01,0,BG9,12,0.016047695020034534,0.0006316469105424908
T01,0,BG9,13,0.016506655462315004,0.0007923590479906273
T01,0,BG9,14,0.016915821494283584,0.000994243260830134
T01,0,BG9,15,0.017320261624457163,0.0012511387865211398
T01,0,BG9,16,0.01765522763588442,0.001572523010430374
T01,0,BG9,17,0.017995332247334524,0.00198146501395692
T01,0,BG9,18,0.01825332651693274,0.0024887636665503372
T01,0,BG9,19,0.01887493173433652,0.0031876890631689354
T01,0,BG9,20,0.019592496265350548,0.004092511469366238
T01,0,BG9,21,0.020719470917972035,0.005332780217003845
T01,0,BG9,22,0.022075763906598714,0.006955142676977368
T01,0,BG9,23,0.02506917556118906,0.009573297065131287
T01,0,BG9,24,0.028876463712643585,0.013187878032441404
T01,0,BG9,25,0.04582564600326467,0.024610987067597064
T01,0,BG9,26,0.05466135168718156,0.03384663010800958
T01,0,BG9,27,0.061290447732549214,0.04282184405286708
T01,0,BG9,28,0.06592282190629002,0.05083527973716559
T01,0,BG9,29,0.06914870533200106,0.05762501792366729
T01,0,BG9,30,0.07129612257679693,0.06300472890646672
T01,0,BG9,31,0.07266340677613935,0.06701239752576524
T01,0,BG9,32,0.07348007887218114,0.06981960912223814
T01,0,BG9,33,0.07386431495920301,0.0716096784537078
T01,0,BG9,34,0.07404767663015559,0.07272657311166614
T01,0,BG9,35,0.074126026071738,0.07339210569255981
T01,0,BG9,36,0.07424884118342859,0.07424884118342859
T01,0,BG10,0,0.0,0.0
T01,0,BG10,1,0.0028856309053781064,1.6717183752154147e-05
T01,0,BG10,2,0.005478838512216438,3.7080588079053855e-05
T01,0,BG10,3,0.007716149681903324,6.121596460877082e-05
T01,0,BG10,4,0.009648210078296632,9.004108414330181e-05
T01,0,BG10,5,0.011300823355919478,0.0001245122507508286
T01,0,BG10,6,0.012776494228754228,0.00016682208418928254
T01,0,BG10,7,0.014022185157473185,0.0002178117040349486
T01,0,BG10,8,0.015084347425356779,0.0002798646893709554
T01,0,BG10,9,0.01597853725042484,0.0003555411892302995
T01,0,BG10,10,0.016757810018822164,0.0004490662699186885
T01,0,BG10,11,0.017519652260035802,0.0005677904690072482
T01,0,BG10,12,0.018152946952784944,0.0007145108918524237
T01,0,BG10,13,0.018719994424150403,0.0008986046239002806
T01,0,BG10,14,0.01925294206964435,0.0011316097127937314
T01,0,BG10,15,0.019832771659663035,0.0014326313503176067
T01,0,BG10,16,0.020488687331493848,0.0018248947509834123
T01,0,BG10,17,0.021478271564624465,0.0023649712643889096
T01,0,BG10,18,0.022890225478331937,0.003120985194286099
T01,0,BG10,19,0.025072713216389608,0.0042344001547287525
T01,0,BG10,20,0.027725869316827745,0.005791423231456838
T01,0,BG10,21,0.030830116377091144,0.007935059516425329
T01,0,BG10,22,0.0337778609215535,0.010641980165921529
T01,0,BG10,23,0.036533793048992215,0.01395135042531033
T01,0,BG10,24,0.039334203054888627,0.01796392650679466
T01,0,BG10,25,0.05940580501852145,0.031904307529668614
T01,0,BG10,26,0.07003871437363693,0.04336838348497839
T01,0,BG10,27,0.07830663117680234,0.0547105539271747
T01,0,BG10,28,0.08425175448547151,0.06496932894263277
T01,0,BG10,29,0.08824555300610085,0.07353936055276826
T01,0,BG10,30,0.09087106950433353,0.08030320435274202
T01,0,BG10,31,0.09236882841715598,0.08518533504742733
T01,0,BG10,32,0.09309040216380562,0.08845302834849264
T01,0,BG10,33,0.09337324706264541,0.0905231194337593
T01,0,BG10,34,0.09346845051758917,0.09180085580225628
T01,0,BG10,35,0.0934901967226261,0.09256455197271563
T01,0,BG10,36,0.09355581779260627,0.09355581779260627
T01,0,BG11,0,0.0,0.0
T01,0,BG11,1,0.0023168304395797916,1.3421979975118309e-05
T01,0,BG11,2,0.004421550202262771,2.9924897695001125e-05
T01,0,BG11,3,0.006196998144479645,4.91637971515829e-05
T01,0,BG11,4,0.007755736302337848,7.237973679917154e-05
T01,0,BG11,5,0.00906524337037442,9.988067422692521e-05
T01,0,BG11,6,0.01024232335597552,0.00013373353389346145
T01,0,BG11,7,0.011221039172230123,0.00017430048524330757
T01,0,BG11,8,0.012054322324621555,0.00022364767169999242
T01,0,BG11,9,0.012757460264930215,0.00028386844907291644
T01,0,BG11,10,0.013358616615731117,0.00035797661677016096
T01,0,BG11,11,0.01392360245882721,0.0004512468992464439
T01,0,BG11,12,0.01442419885428086,0.0005677451291102675
T01,0,BG11,13,0.014850025444169369,0.0007128368351403594
T01,0,BG11,14,0.01517752154844004,0.0008920730506385261
T01,0,BG11,15,0.015521980599772766,0.001121238947263801
T01,0,BG11,16,0.015829584994687694,0.0014099159305484498
T01,0,BG11,17,0.016164858259805973,0.0017799116325452591
T01,0,BG11,18,0.01642070333286017,0.0022388932737811775
T01,0,BG11,19,0.016878641479594118,0.0028505459977143034
T01,0,BG11,20,0.017346007298001852,0.0036232613144108246
T01,0,BG11,21,0.018091577990718838,0.004656412787063441
T01,0,BG11,22,0.018915644741689937,0.005959522318451465
T01,0,BG11,23,0.02024652649625488,0.007731646850719541
T01,0,BG11,24,0.021664851410394856,0.009894335411848037
T01,0,BG11,25,0.04116236096373755,0.02210653692794754
T01,0,BG11,26,0.050168466602586996,0.031064609300928216
T01,0,BG11,27,0.05705877092116425,0.039865295124485424
T01,0,BG11,28,0.06171808047392931,0.047592863759221796
T01,0,BG11,29,0.06500388122646023,0.05417093211423753
T01,0,BG11,30,0.06710464236895489,0.05930069750875484
T01,0,BG11,31,0.0683401454717761,0.06302535486670043
T01,0,BG11,32,0.06908907342363901,0.0656473451633104
T01,0,BG11,33,0.06946476011618492,0.06734441569340946
T01,0,BG11,34,0.06962017576549155,0.06837806422643572
T01,0,BG11,35,0.06968454270512099,0.06899459734224507
T01,0,BG11,36,0.06979237994248581,0.06979237994248581
T01,0,BG12,0,0.0,0.0
T01,0,BG12,1,0.002346579016636111,1.3594320974189648e-05
T01,0,BG12,2,0.00449271341314461,3.0406527794155823e-05
T01,0,BG12,3,0.006303700084664471,5.001031559008761e-05
T01,0,BG12,4,0.00787443305514186,7.348746410261011e-05
T01,0,BG12,5,0.009203201433603503,0.00010140069369015375
T01,0,BG12,6,0.010387235870632124,0.00013562564994127685
T01,0,BG12,7,0.011374248960035695,0.00017668034781471745
T01,0,BG12,8,0.012223260299994399,0.00022678203075021574
T01,0,BG12,9,0.012922365470540695,0.0002875377834351528
T01,0,BG12,10,0.01354190279560726,0.00036288821559210863
T01,0,BG12,11,0.01411756524260379,0.0004575329943633912
T01,0,BG12,12,0.014620835864456009,0.0005754848797835689
T01,0,BG12,13,0.015056679542021254,0.0007227567254183328
T01,0,BG12,14,0.015373926809572587,0.0009036169552768627
T01,0,BG12,15,0.015660442684829336,0.0011312408356390741
T01,0,BG12,16,0.015886020619465122,0.0014149425653737818
T01,0,BG12,17,0.016137745871883356,0.0017769262783655525
T01,0,BG12,18,0.016306342169320986,0.0022233006199170848
T01,0,BG12,19,0.01665960556938256,0.002813554156286025
T01,0,BG12,20,0.017001849736794066,0.0035513731537358084
T01,0,BG12,21,0.017397959167532985,0.004477889084211774
T01,0,BG12,22,0.017981401038103938,0.005665181515101823
T01,0,BG12,23,0.019042239528548603,0.007271759483573175
T01,0,BG12,24,0.0205526986203051,0.009386415368300517
T01,0,BG12,25,0.04048719215778224,0.021743932753605557
T01,0,BG12,26,0.049765425954365373,0.030815044090681087
T01,0,BG12,27,0.056874787609614556,0.03973675136961026
T01,0,BG12,28,0.06180082801370529,0.04765667307618379
T01,0,BG12,29,0.06540129904182868,0.05450211997440884
T01,0,BG12,30,0.06777979727939525,0.0598973352382334
T01,0,BG12,31,0.06912657411822026,0.06375062323051467
T01,0,BG12,32,0.0697679306654442,0.06629238458503721
T01,0,BG12,33,0.07003734226618108,0.06789952022451727
T01,0,BG12,34,0.07010895264342124,0.0688581206781108
T01,0,BG12,35,0.07013264703156283,0.06943826511620191
T01,0,BG12,36,0.07019109079981002,0.07019109079981002
T01,0,BG13,0,0.0,0.0
T01,0,BG13,1,0.0020586768989015176,1.192643175789267e-05
T01,0,BG13,2,0.0039548834853454385,2.6766513551787776e-05
T01,0,BG13,3,0.005545037889095955,4.39914797776318e-05
T01,0,BG13,4,0.006897789207383855,6.437301983097135e-05
T01,0,BG13,5,0.008086366560813634,8.909542930240668e-05
T01,0,BG13,6,0.009146989112782956,0.00011943180633137721
T01,0,BG13,7,0.01001891697095165,0.00015562748242925516
T01,0,BG13,8,0.010793540162153305,0.0002002559806995406
T01,0,BG13,9,0.01142362201361008,0.00025418898316620315
T01,0,BG13,10,0.011968082673433586,0.0003207138774737324
T01,0,BG13,11,0.012456434599991538,0.0004036977867981393
T01,0,BG13,12,0.012899101472096407,0.0005077163801152876
T01,0,BG13,13,0.013267545543136427,0.0006368740029525338
T01,0,BG13,14,0.013542571655438648,0.0007959773394805119
T01,0,BG13,15,0.013792729165891488,0.0009963255053171242
T01,0,BG13,16,0.014000836464892889,0.0012470322099587194
T01,0,BG13,17,0.014191661583442518,0.001562643050533821
T01,0,BG13,18,0.014319853610092899,0.0019524513270912519
T01,0,BG13,19,0.014617204453079131,0.0024686236539675395
T01,0,BG13,20,0.014851549040981762,0.003102214949653932
T01,0,BG13,21,0.015132110151800498,0.0038947045545177465
T01,0,BG13,22,0.015680777127616535,0.004940351883596407
T01,0,BG13,23,0.016531989483901572,0.006313157219471437
T01,0,BG13,24,0.017962576750701526,0.008203506960004775
T01,0,BG13,25,0.03572389838033519,0.019185772144002265
T01,0,BG13,26,0.04415908657021943,0.027343565850935614
T01,0,BG13,27,0.050559619578075574,0.035324528106276155
T01,0,BG13,28,0.05506919225649825,0.04246568492778597
T01,0,BG13,29,0.058311701252216054,0.04859400932304021
T01,0,BG13,30,0.06050067240520643,0.05346473739186694
T01,0,BG13,31,0.061841455678529306,0.057032066054448716
T01,0,BG13,32,0.06243733921302552,0.05932697252098664
T01,0,BG13,33,0.06270179297513957,0.06078788165307405
T01,0,BG13,34,0.06276860238769749,0.06164873158389781
T01,0,BG13,35,0.06277600820097579,0.06215446407035309
T01,0,BG13,36,0.06282204083717537,0.06282204083717537
T01,0,BG14,0,0.0,0.0
T01,0,BG14,1,0.0015830356780924015,9.170922868596216e-06
T01,0,BG14,2,0.0031019956775069574,2.099419861612919e-05
T01,0,BG14,3,0.0043233931284617985,3.4299578306995185e-05
T01,0,BG14,4,0.00536628043146168,5.008034683480623e-05
T01,0,BG14,5,0.006253364469105154,6.889944751489051e-05
T01,0,BG14,6,0.007054214015276421,9.210654025321585e-05
T01,0,BG14,7,0.007757725668791396,0.00012050357565444938
T01,0,BG14,8,0.00836205194165548,0.00015514380620419694
T01,0,BG14,9,0.008852505463710629,0.00019697862631091347
T01,0,BG14,10,0.009279199831697631,0.00024865872394871393
T01,0,BG14,11,0.009684243125521054,0.0003138544560686561
T01,0,BG14,12,0.010023909068416728,0.00039454708073567403
T01,0,BG14,13,0.010378317864555916,0.0004981841436639037
T01,0,BG14,14,0.010616000986056164,0.0006239654034252389
T01,0,BG14,15,0.010840443233438829,0.0007830654807234806
T01,0,BG14,16,0.011033297992185734,0.0009827182847327903
T01,0,BG14,17,0.011289603941691616,0.0012430976447896952
T01,0,BG14,18,0.011537171372296241,0.0015730444009100413
T01,0,BG14,19,0.012006224175273432,0.00202766877545717
T01,0,BG14,20,0.012577403999076059,0.0026271879470057637
T01,0,BG14,21,0.013345794048493979,0.0034349422680674253
T01,0,BG14,22,0.014227751875820815,0.004482564876738126
T01,0,BG14,23,0.015414147289052615,0.005886280955570475
T01,0,BG14,24,0.01685802536298778,0.007699058437323379
T01,0,BG14,25,0.029464311935623756,0.015824017003311482
T01,0,BG14,26,0.03589069140759656,0.02222372697441304
T01,0,BG14,27,0.04069559686437614,0.028432823790234325
T01,0,BG14,28,0.04429221938497765,0.03415520295137864
T01,0,BG14,29,0.046789043454667334,0.038991611727554734
T01,0,BG14,30,0.04847652479301626,0.0428389397326768
T01,0,BG14,31,0.049494315855459436,0.045645159196435504
T01,0,BG14,32,0.05001857232121446,0.04752685659815724
T01,0,BG14,33,0.05026862256400497,0.0487342217375191
T01,0,BG14,34,0.050362604221818624,0.04946407207798444
T01,0,BG14,35,0.05040871431196302,0.049909618645071444
T01,0,BG14,36,0.05048065732519863,0.05048065732519863
T01,0,BG15,0,0.0,0.0
T01,0,BG15,1,0.001314994455512327,7.6180927671235055e-06
T01,0,BG15,2,0.002591561743985654,1.7539599571250283e-05
T01,0,BG15,3,0.0036249546972436774,2.8758526905330603e-05
T01,0,BG15,4,0.004506586529327527,4.2057328186864004e-05
T01,0,BG15,5,0.0052490283431907815,5.783369174184946e-05
T01,0,BG15,6,0.005916812921787394,7.725554785843588e-05
T01,0,BG15,7,0.006490689308982956,0.00010082223863489543
T01,0,BG15,8,0.0069734115013317735,0.00012937991856083785
T01,0,BG15,9,0.0073893696233729295,0.0001644221378802577
T01,0,BG15,10,0.0077598499213065615,0.00020794404840391158
T01,0,BG15,11,0.008109920285836309,0.00026283258245086814
T01,0,BG15,12,0.008383434882315823,0.0003299770309448638
T01,0,BG15,13,0.008634563528729336,0.0004144797560391895
T01,0,BG15,14,0.008842609292428074,0.0005197326484601039
T01,0,BG15,15,0.009039828838076204,0.0006529970920554258
T01,0,BG15,16,0.009220360943916452,0.0008212428698902116
T01,0,BG15,17,0.009394773078084144,0.0010344579315517926
T01,0,BG15,18,0.00955277594926082,0.0013024805009030345
T01,0,BG15,19,0.009938899334058058,0.001678529024621067
T01,0,BG15,20,0.010400188627737575,0.0021724077749023887
T01,0,BG15,21,0.010969176391140627,0.0028232481032495396
T01,0,BG15,22,0.011720927567642219,0.003692770209086248
T01,0,BG15,23,0.012795100798522425,0.00488613199828057
T01,0,BG15,24,0.014075317292123819,0.006428195952302237
T01,0,BG15,25,0.025107123187593325,0.013483958010492821
T01,0,BG15,26,0.030701591421070748,0.01901060577438042
T01,0,BG15,27,0.0348544726743757,0.02435180105837671
T01,0,BG15,28,0.03788928379848673,0.02921768637809889
T01,0,BG15,29,0.04006123282904489,0.033384996127450106
T01,0,BG15,30,0.04150265223764036,0.03667609479478902
T01,0,BG15,31,0.04245146474193057,0.03915002833818877
T01,0,BG15,32,0.04298584236376236,0.04084446778340161
T01,0,BG15,33,0.043254755283593446,0.04193444584540817
T01,0,BG15,34,0.04337841635890387,0.04260449081117071
T01,0,BG15,35,0.0434285757224664,0.04299859018274501
T01,0,BG15,36,0.04351462478745864,0.04351462478745864
T01,1,BG1,0,0.0,0.0
T01,1,BG1,1,0.0006793541218296442,3.935668857048084e-06
T01,1,BG1,2,0.00155923526426572,1.0552849929068958e-05
T01,1,BG1,3,0.0020907506230653378,1.6586940516778767e-05
T01,1,BG1,4,0.0025103079866007176,2.3427231729703153e-05
T01,1,BG1,5,0.0028597664860285053,3.1508851239831184e-05
T01,1,BG1,6,0.0031990635754093615,4.1770022496880466e-05
T01,1,BG1,7,0.0034924020627078944,5.424875200820411e-05
T01,1,BG1,8,0.0037435456118519272,6.945519085689423e-05
T01,1,BG1,9,0.003990175714448096,8.878608765572626e-05
T01,1,BG1,10,0.0041409871661422515,0.00011096782104974109
T01,1,BG1,11,0.004304741024162837,0.0001395113837286675
T01,1,BG1,12,0.004454215678720873,0.00017532060392495027
T01,1,BG1,13,0.004600745963802012,0.00022084683907389293
T01,1,BG1,14,0.004747942519155709,0.00027906477132017075
T01,1,BG1,15,0.004871752098359342,0.0003519137371440925
T01,1,BG1,16,0.004967563430616035,0.0004424529656230584
T01,1,BG1,17,0.005113147102960901,0.0005630083380189254
T01,1,BG1,18,0.00525667469962651,0.0007167253071746022
T01,1,BG1,19,0.005517339903645717,0.0009317948481665487
T01,1,BG1,20,0.005889735522462966,0.0012302572330670156
T01,1,BG1,21,0.006408758532779379,0.0016494871322757325
T01,1,BG1,22,0.0071397468823721725,0.0022494332815584965
T01,1,BG1,23,0.008056459880271889,0.0030765624326001936
T01,1,BG1,24,0.008921884008193028,0.004074623503935416
T01,1,BG1,25,0.015133645093162462,0.008127631074303119
T01,1,BG1,26,0.018276369871507138,0.011316835601177851
T01,1,BG1,27,0.020751567982612608,0.014498513852064207
T01,1,BG1,28,0.022564247836766707,0.01740004168151191
T01,1,BG1,29,0.023669950360731908,0.019725334070690874
T01,1,BG1,30,0.02430817220341512,0.02148124956126737
T01,1,BG1,31,0.024608844308242304,0.02269502262090765
T01,1,BG1,32,0.02470926798237543,0.02347835581361144
T01,1,BG1,33,0.02470969038034183,0.023955451021162144
T01,1,BG1,34,0.02469594206555682,0.0242553353929762
T01,1,BG1,35,0.024693114231420576,0.024448628243767135
T01,1,BG1,36,0.024702353565865896,0.024702353565865896
T01,1,BG2,0,0.0,0.0
T01,1,BG2,1,0.0006894609416076724,3.994220217500908e-06
T01,1,BG2,2,0.0015805324197989139,1.069698833265311e-05
T01,1,BG2,3,0.0021045516860000815,1.6696431039182348e-05
T01,1,BG2,4,0.0025579432237133526,2.3871783400358323e-05
T01,1,BG2,5,0.0029271505320353597,3.225128738642347e-05
T01,1,BG2,6,0.0032753210220982857,4.276571235050956e-05
T01,1,BG2,7,0.003557577397350647,5.5261144371062636e-05
T01,1,BG2,8,0.003800113744387086,7.050471750684132e-05
T01,1,BG2,9,0.004049320570470128,9.010213055873102e-05
T01,1,BG2,10,0.004258139798376575,0.00011410721054732556
T01,1,BG2,11,0.0044219814635314625,0.00014331100287405513
T01,1,BG2,12,0.004582625174500589,0.00018037487836993478
T01,1,BG2,13,0.0046922076307592524,0.00022523721856566208
T01,1,BG2,14,0.004857545184185557,0.00028550677033534926
T01,1,BG2,15,0.004931679098390641,0.0003562425984655626
T01,1,BG2,16,0.0050185120480147555,0.0004469908758007567
T01,1,BG2,17,0.005131677631429656,0.0005650487328487692
T01,1,BG2,18,0.005237854952770135,0.0007141593168261607
T01,1,BG2,19,0.005402713630706322,0.0009124362108392709
T01,1,BG2,20,0.0056414327750074714,0.0011783913612368419
T01,1,BG2,21,0.005981596501849835,0.001539544116263476
T01,1,BG2,22,0.006407158712602789,0.002018625632962972
T01,1,BG2,23,0.007012373856456902,0.0026778518409080136
T01,1,BG2,24,0.007667097829534665,0.0035015627982351184
T01,1,BG2,25,0.013919269371723135,0.007475442018133425
T01,1,BG2,26,0.017004623466121405,0.010529362746243852
T01,1,BG2,27,0.01932244609838317,0.013500028204153367
T01,1,BG2,28,0.020719040446356897,0.015977140898278435
T01,1,BG2,29,0.021625408566749903,0.01802151683847719
T01,1,BG2,30,0.02207646827631505,0.019509081939319068
T01,1,BG2,31,0.022310977555337758,0.020575860181614867
T01,1,BG2,32,0.0224081126630823,0.02129183433348808
T01,1,BG2,33,0.022438356415299548,0.02175344732867422
T01,1,BG2,34,0.02244316026308248,0.02204274605635275
T01,1,BG2,35,0.022455295042376727,0.02223296556836391
T01,1,BG2,36,0.022475048578264066,0.022475048578264066
T01,1,BG3,0,0.0,0.0
T01,1,BG3,1,0.000842237431977692,4.87929274152848e-06
T01,1,BG3,2,0.0018110927529632148,1.2257412593520535e-05
T01,1,BG3,3,0.0024662895915971415,1.9566273613515263e-05
T01,1,BG3,4,0.003004256693178677,2.803696517583249e-05
T01,1,BG3,5,0.00350331145120109,3.8599417117711784e-05
T01,1,BG3,6,0.003917278419222477,5.1147719929726053e-05
T01,1,BG3,7,0.004260316512545849,6.617704655774041e-05
T01,1,BG3,8,0.004566303017189034,8.472007030637428e-05
T01,1,BG3,9,0.004835855295359286,0.00010760345016227273
T01,1,BG3,10,0.005082540959033734,0.00013619904419405444
T01,1,BG3,11,0.005278717661242322,0.00017107677346629504
T01,1,BG3,12,0.005473648888097582,0.00021544610739004816
T01,1,BG3,13,0.005674439263619081,0.0002723866930165445
T01,1,BG3,14,0.005898331041548849,0.0003466799344501482
T01,1,BG3,15,0.006017589995767018,0.0004346839767920936
T01,1,BG3,16,0.006222187979365153,0.0005542003770189543
T01,1,BG3,17,0.006463366101873337,0.0007116808754916748
T01,1,BG3,18,0.0067553383295109,0.0009210617400514766
T01,1,BG3,19,0.007262332242962468,0.0012264975298624484
T01,1,BG3,20,0.0080727540969938,0.0016862495883151717
T01,1,BG3,21,0.009094371383962359,0.002340710528705053
T01,1,BG3,22,0.010376429374165498,0.0032691755162895584
T01,1,BG3,23,0.011998636888862274,0.004581982156354117
T01,1,BG3,24,0.013797493054994423,0.006301313656315403
T01,1,BG3,25,0.020497180657222665,0.011008155750224782
T01,1,BG3,26,0.024332424384521652,0.015066780112809644
T01,1,BG3,27,0.0276312214048855,0.019305126551935527
T01,1,BG3,28,0.030179408860293733,0.02327234555408595
T01,1,BG3,29,0.03209239048032806,0.026744167801303356
T01,1,BG3,30,0.0334824743856863,0.029588624792627992
T01,1,BG3,31,0.03427035264624986,0.03160515871263222
T01,1,BG3,32,0.034661967414267414,0.0329352533965211
T01,1,BG3,33,0.034732965728772124,0.03367277562095041
T01,1,BG3,34,0.034743328391750934,0.034123463713560065
T01,1,BG3,35,0.03473196538608509,0.034388084887216196
T01,1,BG3,36,0.03474459984643787,0.03474459984643787
T01,1,BG4,0,0.0,0.0
T01,1,BG4,1,0.0007818861373948659,4.529662548993122e-06
T01,1,BG4,2,0.0017183548566163317,1.1629765763348648e-05
T01,1,BG4,3,0.002317978848273627,1.838965242612303e-05
T01,1,BG4,4,0.002851924708350325,2.6615340115181212e-05
T01,1,BG4,5,0.0033103380837542122,3.647324034305203e-05
T01,1,BG4,6,0.0037072426173870615,4.8405292360644464e-05
T01,1,BG4,7,0.004034977932970279,6.267678051189061e-05
T01,1,BG4,8,0.004288877158387653,7.95729004582806e-05
T01,1,BG4,9,0.004556333477935618,0.0001013837622535948
T01,1,BG4,10,0.004812435559012564,0.0001289609131168026
T01,1,BG4,11,0.0050071642284888595,0.00016227605936336125
T01,1,BG4,12,0.005148673095679396,0.00020265486418996056
T01,1,BG4,13,0.005354791184133492,0.0002570428189299449
T01,1,BG4,14,0.005549203003880987,0.00032615960638936425
T01,1,BG4,15,0.005670890771147539,0.00040963996649537565
T01,1,BG4,16,0.005866038832433448,0.0005224787392002884
T01,1,BG4,17,0.00604132872831472,0.0006652103641241814
T01,1,BG4,18,0.006273938510210026,0.0008554249166926185
T01,1,BG4,19,0.006658203038348555,0.001124469287850224
T01,1,BG4,20,0.007334143943716917,0.0015319675327175849
T01,1,BG4,21,0.008251167789695328,0.002123686678161224
T01,1,BG4,22,0.0093843978649824,0.0029566281836721224
T01,1,BG4,23,0.010772395966553492,0.004113711125992691
T01,1,BG4,24,0.01245792608998428,0.005689533576307125
T01,1,BG4,25,0.018699750898419104,0.010042833409487925
T01,1,BG4,26,0.022194985124511457,0.0137432651900528
T01,1,BG4,27,0.025095956852384048,0.017533811377679728
T01,1,BG4,28,0.02727832547750789,0.021035223665993683
T01,1,BG4,29,0.028922704992997504,0.02410271293917652
T01,1,BG4,30,0.03011144335442892,0.026609628344241108
T01,1,BG4,31,0.03080367676342255,0.028408084999272866
T01,1,BG4,32,0.031052883029549484,0.029505958561607416
T01,1,BG4,33,0.03110225919505112,0.030152892928985462
T01,1,BG4,34,0.031097062083633664,0.030542251415937024
T01,1,BG4,35,0.031082234407760187,0.030774489807594525
T01,1,BG4,36,0.03109059093508029,0.03109059093508029
T01,1,BG5,0,0.0,0.0
T01,1,BG5,1,0.0034813833828544376,2.0168527266353216e-05
T01,1,BG5,2,0.006582888715850647,4.455276131688017e-05
T01,1,BG5,3,0.009262437781382568,7.348341913664573e-05
T01,1,BG5,4,0.01157369768206167,0.00010801053033614844
T01,1,BG5,5,0.013576457413085505,0.00014958514229861043
T01,1,BG5,6,0.015352016421445664,0.00020045055540341404
T01,1,BG5,7,0.01683709200956697,0.0002615366778929535
T01,1,BG5,8,0.01814114654588585,0.0003365784549385333
T01,1,BG5,9,0.019271633794128003,0.00042881644698065057
T01,1,BG5,10,0.02021604700825553,0.0005417381374610245
T01,1,BG5,11,0.02104821388305315,0.0006821468284804098
T01,1,BG5,12,0.021708722490757417,0.0008544683514105069
T01,1,BG5,13,0.022350963922333104,0.0010728998681898399
T01,1,BG5,14,0.022949934335141663,0.001348903893836369
T01,1,BG5,15,0.023377489349689404,0.001688686021219038
T01,1,BG5,16,0.02376860033778404,0.002117031386089171
T01,1,BG5,17,0.024152550664412634,0.002659435987059957
T01,1,BG5,18,0.02444711964437104,0.0033332611073345186
T01,1,BG5,19,0.024699143051133448,0.004171309837151793
T01,1,BG5,20,0.0250425234844439,0.005230921728024485
T01,1,BG5,21,0.025452309764895396,0.006550918916606935
T01,1,BG5,22,0.026217778388680436,0.008260116822874974
T01,1,BG5,23,0.027450955886538377,0.010482839959067338
T01,1,BG5,24,0.030803783693718174,0.014068084850986758
T01,1,BG5,25,0.057958967925303986,0.031127273545141772
T01,1,BG5,26,0.07089326877024715,0.04389752854455919
T01,1,BG5,27,0.08038472994159974,0.05616246083162411
T01,1,BG5,28,0.08707767289717973,0.0671484886612401
T01,1,BG5,29,0.09182319453133458,0.0765207853432367
T01,1,BG5,30,0.09478003662196338,0.08375757752399249
T01,1,BG5,31,0.09654223046008016,0.08903417295462383
T01,1,BG5,32,0.09741227045041383,0.09255959921333072
T01,1,BG5,33,0.09777780667955506,0.09479323401452845
T01,1,BG5,34,0.09794341208041403,0.0961959787175726
T01,1,BG5,35,0.09802481599237513,0.09705427417746972
T01,1,BG5,36,0.09815256110374343,0.09815256110374343
T01,1,BG6,0,0.0,0.0
T01,1,BG6,1,0.004147285315766184,2.402626432416893e-05
T01,1,BG6,2,0.007845296508565774,5.3096693182163824e-05
T01,1,BG6,3,0.011017147740823845,8.740438596677775e-05
T01,1,BG6,4,0.013776210986582327,0.00012856529519377378
T01,1,BG6,5,0.016150938891286708,0.00017795072927734784
T01,1,BG6,6,0.018247012334113084,0.00023825038117426025
T01,1,BG6,7,0.020048453055004748,0.00031141991587894734
T01,1,BG6,8,0.02155156500854735,0.00039985303230060233
T01,1,BG6,9,0.022911770662656716,0.0005098137592936755
T01,1,BG6,10,0.024010414107050532,0.0006434174308764079
T01,1,BG6,11,0.025007157685559157,0.0008104513475498592
T01,1,BG6,12,0.025788072348824357,0.0010150340135326866
T01,1,BG6,13,0.02650474082401369,0.0012722911173225196
T01,1,BG6,14,0.027132347704684888,0.0015947291595077794
T01,1,BG6,15,0.02759310137084562,0.0019932031096917147
T01,1,BG6,16,0.028014450337780456,0.002495202481912165
T01,1,BG6,17,0.028454198874270982,0.0031330902308841614
T01,1,BG6,18,0.02879852837392586,0.003926557251611551
T01,1,BG6,19,0.02918716101312736,0.004929267841954643
T01,1,BG6,20,0.029615130230306538,0.006186055033775392
T01,1,BG6,21,0.03025263710087877,0.007786427803322191
T01,1,BG6,22,0.031239391683724322,0.009842215466690913
T01,1,BG6,23,0.03284150765124443,0.012541358121895897
T01,1,BG6,24,0.03616878605177226,0.016518280899609446
T01,1,BG6,25,0.06932174402670603,0.03722973266714344
T01,1,BG6,26,0.08426014568811425,0.052174377317749626
T01,1,BG6,27,0.0955515611004147,0.06675908209622564
T01,1,BG6,28,0.10373741622508885,0.0799953705705297
T01,1,BG6,29,0.10946480112204514,0.09122240384419172
T01,1,BG6,30,0.11315331844645225,0.09999413577421473
T01,1,BG6,31,0.11531479129996039,0.10634679799899925
T01,1,BG6,32,0.11651963778405622,0.11071511767847778
T01,1,BG6,33,0.11704617937259762,0.11347345859202364
T01,1,BG6,34,0.11727179124556213,0.11517951516264605
T01,1,BG6,35,0.11736495894348771,0.11620293067915952
T01,1,BG6,36,0.11751772637027691,0.11751772637027691
T01,1,BG7,0,0.0,0.0
T01,1,BG7,1,0.0051654825781004676,2.992493648870525e-05
T01,1,BG7,2,0.009745640632029278,6.595815615703546e-05
T01,1,BG7,3,0.013698412855532407,0.00010867616451449068
T01,1,BG7,4,0.01710516250227706,0.00015963244641937485
T01,1,BG7,5,0.020071816594433557,0.00022115088326873494
T01,1,BG7,6,0.022658820919572328,0.00029585515769115194
T01,1,BG7,7,0.024883336142072863,0.0003865219144944321
T01,1,BG7,8,0.02678298450691809,0.000496913221387917
T01,1,BG7,9,0.028430537235608754,0.0006326127871426429
T01,1,BG7,10,0.02976896973767486,0.000797731931933774
T01,1,BG7,11,0.030966806151213964,0.0010035962572315133
T01,1,BG7,12,0.0319371140473824,0.0012570639907379148
T01,1,BG7,13,0.032745244353512594,0.0015718502599510957
T01,1,BG7,14,0.03348235921293967,0.001967957037019765
T01,1,BG7,15,0.03407940367699272,0.0024617447793642984
T01,1,BG7,16,0.0345404491153991,0.003076462803677335
T01,1,BG7,17,0.03496144479589096,0.003849602689434005
T01,1,BG7,18,0.035349135864770696,0.004819704800357428
T01,1,BG7,19,0.03569239930402953,0.006027903739536389
T01,1,BG7,20,0.03612685950977356,0.007546235314019901
T01,1,BG7,21,0.03673126432579105,0.009453897761337104
T01,1,BG7,22,0.03785077498964901,0.011925183689326045
T01,1,BG7,23,0.041652882625413765,0.01590620387176253
T01,1,BG7,24,0.05262091207125133,0.02403196514852369
T01,1,BG7,25,0.08870858755371727,0.047641574044168924
T01,1,BG7,26,0.10625462540953225,0.06579348832473061
T01,1,BG7,27,0.11887533532312515,0.08305472152301872
T01,1,BG7,28,0.12772599471652132,0.09849376095135676
T01,1,BG7,29,0.133734108476192,0.11144721166305263
T01,1,BG7,30,0.13750073411255206,0.12151006484184664
T01,1,BG7,31,0.13941883431550137,0.12857627781337558
T01,1,BG7,32,0.1403221065653054,0.13333184686197802
T01,1,BG7,33,0.14064533157330947,0.13635226933473973
T01,1,BG7,34,0.14073704023121467,0.13822611464512397
T01,1,BG7,35,0.14076273854982646,0.1393690493138513
T01,1,BG7,36,0.14083456027763608,0.14083456027763608
T01,1,BG8,0,0.0,0.0
T01,1,BG8,1,0.004113295261673409,2.3829351329870038e-05
T01,1,BG8,2,0.0077882658806561825,5.2710712122430084e-05
T01,1,BG8,3,0.01092961828166544,8.67099728569029e-05
T01,1,BG8,4,0.013671063044134188,0.0001275840114030257
T01,1,BG8,5,0.016035967410200126,0.0001766839757073777
T01,1,BG8,6,0.01812176401320551,0.00023661502002156134
T01,1,BG8,7,0.01989829232112456,0.0003090874156898641
T01,1,BG8,8,0.0213927059894978,0.0003969056694780879
T01,1,BG8,9,0.022782257530936188,0.0005069319434163346
T01,1,BG8,10,0.02387366380949301,0.0006397528743647093
T01,1,BG8,11,0.02486628394263419,0.0008058858008573186
T01,1,BG8,12,0.025699739606634943,0.0010115571835605593
T01,1,BG8,13,0.02641125998058281,0.0012678038146841184
T01,1,BG8,14,0.027135145022779927,0.0015948935759473085
T01,1,BG8,15,0.02766179764574804,0.0019981654258165557
T01,1,BG8,16,0.02826487532110307,0.0025175074377970356
T01,1,BG8,17,0.028898022588991927,0.003181959646001876
T01,1,BG8,18,0.02946981652495175,0.0040180845421044515
T01,1,BG8,19,0.030033478347131746,0.005072197984611946
T01,1,BG8,20,0.030702565407773785,0.006413200208649442
T01,1,BG8,21,0.03163644530103663,0.00814259255640986
T01,1,BG8,22,0.03312352736550559,0.01043582720286924
T01,1,BG8,23,0.036737233641597845,0.014029039340299778
T01,1,BG8,24,0.04348129245410686,0.01985790180536967
T01,1,BG8,25,0.07019251446738542,0.037697386038360516
T01,1,BG8,26,0.08281361605498168,0.051278677636816754
T01,1,BG8,27,0.09242665144859491,0.06457579924684824
T01,1,BG8,28,0.09934180401812243,0.07660576763320553
T01,1,BG8,29,0.10415076349927585,0.08679395494256462
T01,1,BG8,30,0.10721631655533485,0.0947475782433308
T01,1,BG8,31,0.10890738941575824,0.10043769763957137
T01,1,BG8,32,0.10984080841301155,0.1043689996560655
T01,1,BG8,33,0.11023841557898977,0.10687349494545735
T01,1,BG8,34,0.11042917880626268,0.10845898365173778
T01,1,BG8,35,0.11051659314144371,0.10942237042213289
T01,1,BG8,36,0.11065308900740439,0.11065308900740439
T01,1,BG9,0,0.0,0.0
T01,1,BG9,1,0.0025495935677483108,1.4770435228244113e-05
T01,1,BG9,2,0.004872060252661171,3.297393395400981e-05
T01,1,BG9,3,0.006838364624423256,5.425206917462557e-05
T01,1,BG9,4,0.00853438925909796,7.964644796869862e-05
T01,1,BG9,5,0.010014734169805431,0.00011034214526388318
T01,1,BG9,6,0.011304553925917048,0.00014760302889320462
T01,1,BG9,7,0.012393894801359452,0.00019251887730870553
T01,1,BG9,8,0.013341684166634471,0.00024753250500461626
T01,1,BG9,9,0.014177591251049048,0.0003154680277669455
T01,1,BG9,10,0.014831623141032042,0.0003974494079675589
T01,1,BG9,11,0.015457239217010074,0.0005009501890558995
T01,1,BG9,12,0.016013000031641564,0.0006302812937719009
T01,1,BG9,13,0.016463413025771215,0.0007902833051621769
T01,1,BG9,14,0.016917769636532232,0.0009943577641473907
T01,1,BG9,15,0.01728909696785659,0.0012488875880417617
T01,1,BG9,16,0.017659835707820908,0.0015729334466865143
T01,1,BG9,17,0.01807529492127289,0.0019902696906715545
T01,1,BG9,18,0.018385757332511306,0.0025068200547404395
T01,1,BG9,19,0.01872974784345199,0.003163169737658615
T01,1,BG9,20,0.019361384542956717,0.004044236501729303
T01,1,BG9,21,0.020355876717568496,0.005239198299208125
T01,1,BG9,22,0.021704418891188,0.0068381474881032585
T01,1,BG9,23,0.02337509359559452,0.008926369145726065
T01,1,BG9,24,0.026627955745246557,0.012160984639124725
T01,1,BG9,25,0.04336825429364471,0.02329122749092276
T01,1,BG9,26,0.05183649703894753,0.032097463486566405
T01,1,BG9,27,0.05811966553100768,0.04060651106951016
T01,1,BG9,28,0.06260324210706829,0.04827544130955566
T01,1,BG9,29,0.06584893445371817,0.054875156548651806
T01,1,BG9,30,0.06798830718093017,0.06008159634274086
T01,1,BG9,31,0.06927423535765088,0.06388680088468471
T01,1,BG9,32,0.07000857388242318,0.06652104008021002
T01,1,BG9,33,0.07036101094632524,0.06821330944498177
T01,1,BG9,34,0.07053341077901099,0.06927500581504774
T01,1,BG9,35,0.0706040682128039,0.06990501863864441
T01,1,BG9,36,0.07071452107154691,0.07071452107154691
T01,1,BG10,0,0.0,0.0
T01,1,BG10,1,0.002915282566374349,1.688896327367838e-05
T01,1,BG10,2,0.005554266024969023,3.7591078855642976e-05
T01,1,BG10,3,0.007774820773793486,6.168143084923905e-05
T01,1,BG10,4,0.009727130804102396,9.077760544272288e-05
T01,1,BG10,5,0.011385284465805025,0.0001254428416041199
T01,1,BG10,6,0.012844813302725968,0.00016771412282997247
T01,1,BG10,7,0.014095792987434833,0.00021895508179250832
T01,1,BG10,8,0.015148283593907234,0.00028105091747070106
T01,1,BG10,9,0.01609509369823471,0.0003581347066149946
T01,1,BG10,10,0.016834212412796482,0.00045111365890504235
T01,1,BG10,11,0.01749735953758804,0.0005670679895982425
T01,1,BG10,12,0.018023632983956154,0.0007094210194861769
T01,1,BG10,13,0.018514121658583866,0.0008887222351177715
T01,1,BG10,14,0.01893413235461401,0.0011128713681215865
T01,1,BG10,15,0.019313387129371574,0.0013951133195349602
T01,1,BG10,16,0.019769238590209976,0.0017608146039733165
T01,1,BG10,17,0.020286760297357077,0.002233774026430585
T01,1,BG10,18,0.020959068644602574,0.0028576801452054952
T01,1,BG10,19,0.02194963909989537,0.0037069604067726573
T01,1,BG10,20,0.023201803396737348,0.004846429213890389
T01,1,BG10,21,0.02469662658627723,0.006356421086975347
T01,1,BG10,22,0.026732545584526465,0.00842229825118899
T01,1,BG10,23,0.028842528529507905,0.011014247044280256
T01,1,BG10,24,0.030846850704204842,0.014087753531205744
T01,1,BG10,25,0.05248201597808293,0.028185837665129297
T01,1,BG10,26,0.06283561537991561,0.03890818222674896
T01,1,BG10,27,0.07085600562751919,0.049505019610003025
T01,1,BG10,28,0.0767567408237535,0.059189674777031465
T01,1,BG10,29,0.08083118142337543,0.0673606000696446
T01,1,BG10,30,0.08347178046015054,0.07376441669928695
T01,1,BG10,31,0.08501867120759299,0.07840679722235434
T01,1,BG10,32,0.08581995180216533,0.08154476156623534
T01,1,BG10,33,0.08615556822965878,0.08352575319732558
T01,1,BG10,34,0.08624577647798097,0.08470704343669971
T01,1,BG10,35,0.0862676973732862,0.0854135626039714
T01,1,BG10,36,0.0863370985395224,0.0863370985395224
T01,1,BG11,0,0.0,0.0
T01,1,BG11,1,0.0023240249145794504,1.3463659410479167e-05
T01,1,BG11,2,0.004457247635625449,3.0166496676450973e-05
T01,1,BG11,3,0.006225806435047067,4.93923476295811e-05
T01,1,BG11,4,0.00777725302598232,7.258053975456313e-05
T01,1,BG11,5,0.009127009073054177,0.00010056120703233729
T01,1,BG11,6,0.010271149105060566,0.00013410991078572176
T01,1,BG11,7,0.011290036006687891,0.00017537223712880937
T01,1,BG11,8,0.012099176404881678,0.00022447986344530723
T01,1,BG11,9,0.012869124116893773,0.0002863530990491133
T01,1,BG11,10,0.013453838803119065,0.0003605283255405318
T01,1,BG11,11,0.014015030944403574,0.0004542099863577273
T01,1,BG11,12,0.01447444876316317,0.0005697229954016524
T01,1,BG11,13,0.014875966825921919,0.0007140820817565977
T01,1,BG11,14,0.015255508966252739,0.0008966568348346319
T01,1,BG11,15,0.015542185149322756,0.0011226984355105732
T01,1,BG11,16,0.015810605772514027,0.001408225482386167
T01,1,BG11,17,0.016136201333377696,0.0017767562157221337
T01,1,BG11,18,0.01645384348780598,0.0022434117922861606
T01,1,BG11,19,0.016766288168824334,0.0028315712214597487
T01,1,BG11,20,0.017357718901901777,0.0036257076574177883
T01,1,BG11,21,0.018111385906939663,0.004661510936733668
T01,1,BG11,22,0.019247778254835604,0.006064163583719949
T01,1,BG11,23,0.02059677938603654,0.007865399763128469
T01,1,BG11,24,0.02227415897731506,0.010172606136992614
T01,1,BG11,25,0.0411564688248438,0.02210337252310825
T01,1,BG11,26,0.049967475044272035,0.03094015411675616
T01,1,BG11,27,0.05681061835874817,0.03969191814008703
T01,1,BG11,28,0.06172456097662326,0.04759786111619103
T01,1,BG11,29,0.06518344534267399,0.05432057160019216
T01,1,BG11,30,0.06744486918732569,0.05960135754943624
T01,1,BG11,31,0.06873484927659199,0.0633893627117481
T01,1,BG11,32,0.0695487276309638,0.06608410143373908
T01,1,BG11,33,0.0698924931187526,0.067759092579314
T01,1,BG11,34,0.07000082435052472,0.06875192158775731
T01,1,BG11,35,0.07004349532010931,0.06934999608927972
T01,1,BG11,36,0.07012369502064682,0.07012369502064682
T01,1,BG12,0,0.0,0.0
T01,1,BG12,1,0.0023610516803541106,1.3678164785963302e-05
T01,1,BG12,2,0.004523707710881732,3.061629609723524e-05
T01,1,BG12,3,0.006350656436358774,5.038284305793727e-05
T01,1,BG12,4,0.007904750327383239,7.37703973745017e-05
T01,1,BG12,5,0.009253329216504173,0.0001019530000561147
T01,1,BG12,6,0.010468210522283639,0.00013668293173899445
T01,1,BG12,7,0.011444771554945818,0.0001777758010621651
T01,1,BG12,8,0.012296104798144622,0.00022813353875033692
T01,1,BG12,9,0.013072150907339479,0.0002908706858402752
T01,1,BG12,10,0.01369081102767553,0.00036687857153148675
T01,1,BG12,11,0.014224170216567942,0.0004609879339117928
T01,1,BG12,12,0.01471208422059968,0.0005790764699731883
T01,1,BG12,13,0.015099996565492008,0.0007248360440763319
T01,1,BG12,14,0.015491851448416583,0.0009105480858958153
T01,1,BG12,15,0.01574850361554377,0.001137601957780012
T01,1,BG12,16,0.015992294204086925,0.0014244081799891562
T01,1,BG12,17,0.016232407280925218,0.0017873494443017422
T01,1,BG12,18,0.016438389339216437,0.002241304694567643
T01,1,BG12,19,0.016627948620788077,0.0028082077870851267
T01,1,BG12,20,0.016974572531588898,0.003545675444133118
T01,1,BG12,21,0.017421603939733705,0.004483974777941004
T01,1,BG12,22,0.018167555723048626,0.005723830999706146
T01,1,BG12,23,0.019308896697220287,0.007373589261907159
T01,1,BG12,24,0.020758718738977985,0.009480504733934086
T01,1,BG12,25,0.03966654214419512,0.02130319686856177
T01,1,BG12,26,0.048563615855691855,0.030070876256316628
T01,1,BG12,27,0.055362511273347556,0.038680168136073584
T01,1,BG12,28,0.06023493776758755,0.04644916309607751
T01,1,BG12,29,0.06370176232793043,0.053085812380637275
T01,1,BG12,30,0.06599586721872923,0.05832086747967097
T01,1,BG12,31,0.06731633789774709,0.062081168341850866
T01,1,BG12,32,0.06796071804359491,0.06457519974545799
T01,1,BG12,33,0.06820622379656689,0.06612429522315509
T01,1,BG12,34,0.0682892254359522,0.06707085969432829
T01,1,BG12,35,0.06831791701227118,0.06764150261689919
T01,1,BG12,36,0.06838072921214454,0.06838072921214454
T01,1,BG13,0,0.0,0.0
T01,1,BG13,1,0.0020698772576041072,1.1991318241739821e-05
T01,1,BG13,2,0.00398367930498041,2.696140270183937e-05
T01,1,BG13,3,0.005588724494110365,4.433806675794462e-05
T01,1,BG13,4,0.006969941997806069,6.50463795399751e-05
T01,1,BG13,5,0.008141049842395788,8.969792825578047e-05
T01,1,BG13,6,0.009195479066022255,0.00012006493723458646
T01,1,BG13,7,0.010079946053956429,0.00015657546923675383
T01,1,BG13,8,0.010826759178341194,0.00020087230250159053
T01,1,BG13,9,0.011485997418990144,0.00025557690933252983
T01,1,BG13,10,0.012011512602303393,0.00032187768928786955
T01,1,BG13,11,0.01249577932845744,0.00040497290008286086
T01,1,BG13,12,0.012907429018443996,0.0005080441561805723
T01,1,BG13,13,0.013244879863221093,0.0006357859950564045
T01,1,BG13,14,0.013595960270220767,0.0007991153049307567
T01,1,BG13,15,0.013863125640183244,0.0010014106352782123
T01,1,BG13,16,0.014094168791157487,0.0012553451713099991
T01,1,BG13,17,0.014297673300854602,0.0015743159968513406
T01,1,BG13,18,0.014482636557646308,0.001974646090867239
T01,1,BG13,19,0.014615880749628442,0.0024684001013956475
T01,1,BG13,20,0.014907363192391743,0.0031138734932833474
T01,1,BG13,21,0.015238888513499816,0.0039221871907987975
T01,1,BG13,22,0.01578076890876743,0.00497185506826857
T01,1,BG13,23,0.016581590806264448,0.006332098730020547
T01,1,BG13,24,0.017866023546165274,0.00815941114278945
T01,1,BG13,25,0.03425162657245074,0.01839507816752804
T01,1,BG13,26,0.04204585141401209,0.02603503825602133
T01,1,BG13,27,0.04787957285349631,0.033452057759202056
T01,1,BG13,28,0.05196165224579756,0.04006935763963732
T01,1,BG13,29,0.05496457466504062,0.045804684108552644
T01,1,BG13,30,0.05693206464746559,0.05031114136626928
T01,1,BG13,31,0.05811143394761083,0.05359212697164104
T01,1,BG13,32,0.05866990378761289,0.05574721505552255
T01,1,BG13,33,0.05887707883517451,0.05707991325379519
T01,1,BG13,34,0.05894172219299931,0.05789012772614203
T01,1,BG13,35,0.058948527647164226,0.058364879501707136
T01,1,BG13,36,0.058987734791241045,0.058987734791241045
T01,1,BG14,0,0.0,0.0
T01,1,BG14,1,0.001581914535774624,9.164427798740279e-06
T01,1,BG14,2,0.003095513287046658,2.0950326055542477e-05
T01,1,BG14,3,0.004308495705140296,3.418138992620378e-05
T01,1,BG14,4,0.0053557816862543975,4.998236838875018e-05
T01,1,BG14,5,0.006267416556542905,6.905427307677898e-05
T01,1,BG14,6,0.007070843016592884,9.232366460883563e-05
T01,1,BG14,7,0.007713590316305829,0.00011981800510434523
T01,1,BG14,8,0.008274977992206979,0.00015352829523727828
T01,1,BG14,9,0.00881087069623506,0.00019605220328832882
T01,1,BG14,10,0.009211378473054888,0.000246841286293011
T01,1,BG14,11,0.00957332866803982,0.00031025985522047843
T01,1,BG14,12,0.00988346154596784,0.0003890189806592055
T01,1,BG14,13,0.010205026440817926,0.0004898657410427614
T01,1,BG14,14,0.010511363636798724,0.0006178152483608549
T01,1,BG14,15,0.010740251080020849,0.0007758280388344951
T01,1,BG14,16,0.011004119413089958,0.0009801193967396162
T01,1,BG14,17,0.011224399086835967,0.0012359179490180193
T01,1,BG14,18,0.011390063884519259,0.0015529869196694945
T01,1,BG14,19,0.011761866566740562,0.0019864004788875335
T01,1,BG14,20,0.012347468756463692,0.002579158718558694
T01,1,BG14,21,0.013068727728657194,0.0033636309071561686
T01,1,BG14,22,0.01420307012153873,0.0044747886993409675
T01,1,BG14,23,0.015483383734567192,0.0059127206366587194
T01,1,BG14,24,0.017165016180142417,0.007839261128181263
T01,1,BG14,25,0.029075359339325143,0.015615127262908628
T01,1,BG14,26,0.03511100129424601,0.02174093828547739
T01,1,BG14,27,0.03974530355661752,0.02776888163052514
T01,1,BG14,28,0.04317810530789742,0.03329607252436935
T01,1,BG14,29,0.04562371441860842,0.03802048566745948
T01,1,BG14,30,0.047356908794312806,0.04184952974810344
T01,1,BG14,31,0.04835790692859742,0.04459712848965784
T01,1,BG14,32,0.04889353098730369,0.04645786018296451
T01,1,BG14,33,0.04907839184535771,0.04758032148774816
T01,1,BG14,34,0.04913489818174294,0.0482582698139892
T01,1,BG14,35,0.04915635013681658,0.04866965403501519
T01,1,BG14,36,0.04921078062605505,0.04921078062605505
T01,1,BG15,0,0.0,0.0
T01,1,BG15,1,0.0013121936551097008,7.601867046639423e-06
T01,1,BG15,2,0.0026096817467164174,1.766223506301635e-05
T01,1,BG15,3,0.0036297861380646685,2.879685710663087e-05
T01,1,BG15,4,0.004481233636431154,4.1820724664021027e-05
T01,1,BG15,5,0.005248481729075529,5.782766930105791e-05
T01,1,BG15,6,0.005924593077894282,7.735713289373599e-05
T01,1,BG15,7,0.006470701734115272,0.00010051176456168962
T01,1,BG15,8,0.00692732267645,0.00012852481848855588
T01,1,BG15,9,0.007375293603159535,0.00016410892923812023
T01,1,BG15,10,0.007731280735561162,0.00020717846685209396
T01,1,BG15,11,0.008059202484157934,0.0002611888797136569
T01,1,BG15,12,0.008314258471416338,0.0003272542056044635
T01,1,BG15,13,0.008581353885292908,0.00041192556504585353
T01,1,BG15,14,0.008870507768409334,0.000521372405352896
T01,1,BG15,15,0.009117266576665669,0.0006585908475856447
T01,1,BG15,16,0.009299532366651412,0.0008282945396995329
T01,1,BG15,17,0.009473644575771564,0.0010431424680889029
T01,1,BG15,18,0.009697894530352308,0.0013222668055360507
T01,1,BG15,19,0.010049757980594435,0.0016972513644860619
T01,1,BG15,20,0.010566502222330238,0.0022071476127520267
T01,1,BG15,21,0.011325778872542073,0.0029150304930766493
T01,1,BG15,22,0.012368987026066659,0.0038969464277954827
T01,1,BG15,23,0.01365647986895287,0.005215071325639216
T01,1,BG15,24,0.015314816915445248,0.006994275315340609
T01,1,BG15,25,0.02566390502903333,0.013782981583899779
T01,1,BG15,26,0.030879411338440764,0.019120712900385826
T01,1,BG15,27,0.03503494865412704,0.024477894401247088
T01,1,BG15,28,0.03797486041322315,0.029283677426221098
T01,1,BG15,29,0.04012411610999746,0.0334373998481701
T01,1,BG15,30,0.041573650527132876,0.036738836327303154
T01,1,BG15,31,0.04242300545512591,0.0391237822924637
T01,1,BG15,32,0.04286205859316683,0.04072685039531693
T01,1,BG15,33,0.043004824487022364,0.04169214400572182
T01,1,BG15,34,0.04304925956341262,0.04228120658715419
T01,1,BG15,35,0.04306062586508949,0.04263428342839475
T01,1,BG15,36,0.04309928077161242,0.04309928077161242
T01,2,BG1,0,0.0,0.0
T01,2,BG1,1,0.000692903401828945,4.014163257578833e-06
T01,2,BG1,2,0.0016334553785056648,1.1055169076390863e-05
T01,2,BG1,3,0.002115143932997695,1.6780464471807084e-05
T01,2,BG1,4,0.002546976590297145,2.3769438185897064e-05
T01,2,BG1,5,0.002934293233182031,3.232998553233583e-05
T01,2,BG1,6,0.0033019423957135747,4.311330640591837e-05
T01,2,BG1,7,0.0036025571463049882,5.5959831046615866e-05
T01,2,BG1,8,0.003853849956289436,7.150170239394581e-05
T01,2,BG1,9,0.0040736326364198645,9.064310237971584e-05
T01,2,BG1,10,0.0042849206521541955,0.00011482486815499253
T01,2,BG1,11,0.004423535003013181,0.00014336135132349826
T01,2,BG1,12,0.004565809418219814,0.000179712999983611
T01,2,BG1,13,0.004682807546846713,0.0002247859920528914
T01,2,BG1,14,0.00478362639299393,0.0002811621228062262
T01,2,BG1,15,0.004862828707815258,0.0003512691504019132
T01,2,BG1,16,0.004997015550618284,0.00044507621834024945
T01,2,BG1,17,0.005074991859414058,0.0005588070671965032
T01,2,BG1,18,0.005236252213981921,0.0007139407908423846
T01,2,BG1,19,0.005385774997509781,0.0009095755309120401
T01,2,BG1,20,0.005614532640867002,0.0011727724198808908
T01,2,BG1,21,0.005850377714454739,0.0015057710115231632
T01,2,BG1,22,0.006279789341373415,0.0019784969095736848
T01,2,BG1,23,0.006833434271754453,0.002609519254130562
T01,2,BG1,24,0.007812428284366221,0.003567935198248812
T01,2,BG1,25,0.013959837101237218,0.0074972291885815265
T01,2,BG1,26,0.017280273880270564,0.010700047112102306
T01,2,BG1,27,0.019835429904428926,0.013858434962643768
T01,2,BG1,28,0.02163538861437387,0.016683767475548287
T01,2,BG1,29,0.022874672569394877,0.019062589928847115
T01,2,BG1,30,0.023632493764810806,0.020884149249289913
T01,2,BG1,31,0.024095714930619412,0.02222179910397165
T01,2,BG1,32,0.02434947248435711,0.023136483753118678
T01,2,BG1,33,0.02444713095807464,0.023700906010649066
T01,2,BG1,34,0.02447859728023709,0.024041868338154488
T01,2,BG1,35,0.024496592525977582,0.024254052220020927
T01,2,BG1,36,0.02453055854580881,0.02453055854580881
T01,2,BG2,0,0.0,0.0
T01,2,BG2,1,0.0007004379822718709,4.057812951568022e-06
T01,2,BG2,2,0.0016186328284386754,1.0954850564355328e-05
T01,2,BG2,3,0.00212453383256778,1.6854959135375037e-05
T01,2,BG2,4,0.0025794591860963754,2.4072579248158475e-05
T01,2,BG2,5,0.002982045151725406,3.285611512549559e-05
T01,2,BG2,6,0.0033490844715664096,4.3728838517842006e-05
T01,2,BG2,7,0.0036714365263380297,5.70297595114123e-05
T01,2,BG2,8,0.0039151287206651625,7.26386269050285e-05
T01,2,BG2,9,0.004132313358050976,9.19488172187105e-05
T01,2,BG2,10,0.004321772790639054,0.00011581241137819618
T01,2,BG2,11,0.004497736890832725,0.0001457661431500943
T01,2,BG2,12,0.0046240264293486094,0.0001820044569740251
T01,2,BG2,13,0.004731903310408129,0.0002271427057790146
T01,2,BG2,14,0.004828104403785234,0.0002837763600612999
T01,2,BG2,15,0.004933320891593118,0.00035636119258788355
T01,2,BG2,16,0.005049460387000814,0.00044974739597305633
T01,2,BG2,17,0.0051300050880812255,0.0005648645710038524
T01,2,BG2,18,0.005240086901123602,0.000714463633434049
T01,2,BG2,19,0.005325190315896533,0.0008993437036242786
T01,2,BG2,20,0.005461308656427192,0.0011407667509702145
T01,2,BG2,21,0.005674526871780943,0.001460510494128011
T01,2,BG2,22,0.0060006202904349165,0.001890542511502785
T01,2,BG2,23,0.006435867792427528,0.002457698459301181
T01,2,BG2,24,0.007325336050428347,0.003345480227482032
T01,2,BG2,25,0.01370514219075934,0.0073604434934389775
T01,2,BG2,26,0.01709747335319165,0.010586855950117682
T01,2,BG2,27,0.01961123650855595,0.013701797599550347
T01,2,BG2,28,0.021292716119243438,0.01641952131886272
T01,2,BG2,29,0.022402639272398224,0.018669221412229375
T01,2,BG2,30,0.023098017011918763,0.02041182950211729
T01,2,BG2,31,0.023469224433330108,0.021644030568208156
T01,2,BG2,32,0.023678067455709714,0.022498525334158255
T01,2,BG2,33,0.02375321809659374,0.023028174222360424
T01,2,BG2,34,0.02378020955281511,0.023355940720235856
T01,2,BG2,35,0.02379533126416602,0.023559734162861827
T01,2,BG2,36,0.023826027552045503,0.023826027552045503
T01,2,BG3,0,0.0,0.0
T01,2,BG3,1,0.000846086602705955,4.901591958647761e-06
T01,2,BG3,2,0.0018660880538567098,1.2629618918214024e-05
T01,2,BG3,3,0.0024901416342602697,1.975550347184155e-05
T01,2,BG3,4,0.0030188775980944517,2.8173413501052734e-05
T01,2,BG3,5,0.003481555371734252,3.8359708976312564e-05
T01,2,BG3,6,0.0039050305963820673,5.098780054629809e-05
T01,2,BG3,7,0.00427915296764673,6.646964023235402e-05
T01,2,BG3,8,0.004597884334646158,8.530600876618813e-05
T01,2,BG3,9,0.004879697193871848,0.00010857898390684721
T01,2,BG3,10,0.00512284969211594,0.0001372792148577889
T01,2,BG3,11,0.0053009072587448846,0.00017179591105647872
T01,2,BG3,12,0.005509663490466431,0.00021686366338210256
T01,2,BG3,13,0.005653366721671185,0.00027137515989258953
T01,2,BG3,14,0.005820398857716604,0.0003420993969393616
T01,2,BG3,15,0.005918626101086661,0.000427535266111294
T01,2,BG3,16,0.006113158016527388,0.0005444892512831499
T01,2,BG3,17,0.006288689935699211,0.0006924472934721896
T01,2,BG3,18,0.0065574235298211095,0.0008940768937644983
T01,2,BG3,19,0.00678508772901551,0.0011458981855418213
T01,2,BG3,20,0.007104720819070398,0.0014840452689148487
T01,2,BG3,21,0.00761195376202269,0.001959165685782678
T01,2,BG3,22,0.008274714610980437,0.0026070137739280783
T01,2,BG3,23,0.009088405103301962,0.00347063674033696
T01,2,BG3,24,0.010323969131244372,0.00471495564999676
T01,2,BG3,25,0.017114369922401004,0.009191393344154425
T01,2,BG3,26,0.020882555863333596,0.01293060128774134
T01,2,BG3,27,0.023884574751270184,0.01668745411495494
T01,2,BG3,28,0.026149979196146454,0.020165118363063384
T01,2,BG3,29,0.02785066459209033,0.023209328975363555
T01,2,BG3,30,0.029005672949722842,0.02563245372062699
T01,2,BG3,31,0.029803914572027215,0.027486073945718163
T01,2,BG3,32,0.03025302098565279,0.028745942252666273
T01,2,BG3,33,0.030395258783778033,0.02946747306092642
T01,2,BG3,34,0.030430449872487962,0.02988753240556758
T01,2,BG3,35,0.030435848531802406,0.03013450380032347
T01,2,BG3,36,0.03046712532293068,0.03046712532293068
T01,2,BG4,0,0.0,0.0
T01,2,BG4,1,0.0007838133095474384,4.540827164309516e-06
T01,2,BG4,2,0.001775172086235305,1.2014302831791138e-05
T01,2,BG4,3,0.0023386598088347243,1.8553724529213487e-05
T01,2,BG4,4,0.0028139143678773803,2.626061200028328e-05
T01,2,BG4,5,0.003279028600983739,3.612827304402406e-05
T01,2,BG4,6,0.003671210585610889,4.793482383562266e-05
T01,2,BG4,7,0.004022911664675455,6.24893507839166e-05
T01,2,BG4,8,0.004285960567896299,7.95187881078208e-05
T01,2,BG4,9,0.004570172303849723,0.00010169169234218632
T01,2,BG4,10,0.004781434597794746,0.00012813016712607777
T01,2,BG4,11,0.004996948173110213,0.00016194496925771765
T01,2,BG4,12,0.005140445320807866,0.00020233101469356902
T01,2,BG4,13,0.005247312137492321,0.00025188356674032313
T01,2,BG4,14,0.0054101436044111635,0.0003179862591264563
T01,2,BG4,15,0.005523892899305827,0.00039902149276821333
T01,2,BG4,16,0.005669872099331623,0.0005050064790612562
T01,2,BG4,17,0.005848522769811119,0.0006439805111999917
T01,2,BG4,18,0.00610173178993101,0.0008319452612546564
T01,2,BG4,19,0.0062852360352014264,0.0010614808295480553
T01,2,BG4,20,0.006670181148517165,0.0013932779396412288
T01,2,BG4,21,0.007172129372592899,0.001845963626151092
T01,2,BG4,22,0.007818379260282225,0.0024632417417186268
T01,2,BG4,23,0.008643827077357306,0.0033008634053401198
T01,2,BG4,24,0.00985721735083712,0.004501790163245492
T01,2,BG4,25,0.016278960299855007,0.008742730698012376
T01,2,BG4,26,0.019905503083958814,0.012325604450230744
T01,2,BG4,27,0.022748257270917893,0.015893542297808094
T01,2,BG4,28,0.024956623830707812,0.019244882376044836
T01,2,BG4,29,0.02656275481713815,0.022136050348099935
T01,2,BG4,30,0.02768313484473397,0.02446372036072038
T01,2,BG4,31,0.02844858459587836,0.02623614755096246
T01,2,BG4,32,0.028849981586178984,0.027412796372969745
T01,2,BG4,33,0.028975428403636604,0.02809098156213003
T01,2,BG4,34,0.02901825017388241,0.02850052809647619
T01,2,BG4,35,0.02902789330255749,0.028740488675749028
T01,2,BG4,36,0.02906245817595427,0.02906245817595427
T01,2,BG5,0,0.0,0.0
T01,2,BG5,1,0.003451009149882177,1.9992561786982562e-05
T01,2,BG5,2,0.006533773266109911,4.422034996134023e-05
T01,2,BG5,3,0.009166861161534243,7.272516328304243e-05
T01,2,BG5,4,0.011475777411859562,0.000107096697763906
T01,2,BG5,5,0.013455814702961387,0.0001482559032120894
T01,2,BG5,6,0.0152041009201333,0.00019851922959855466
T01,2,BG5,7,0.016714113007042165,0.0002596263983445815
T01,2,BG5,8,0.01797927004403301,0.0003335751091570271
T01,2,BG5,9,0.01911395886495154,0.0004253079938271014
T01,2,BG5,10,0.020019821453170755,0.0005364797990685181
T01,2,BG5,11,0.020787904590850146,0.0006737105221385356
T01,2,BG5,12,0.021439002799147105,0.00084385202041615
T01,2,BG5,13,0.022016537985966433,0.0010568466228173883
T01,2,BG5,14,0.022550634787958893,0.0013254346935262066
T01,2,BG5,15,0.022985888406331735,0.0016603985108740661
T01,2,BG5,16,0.023386875946282703,0.0020830317953799693
T01,2,BG5,17,0.02379031496989866,0.0026195502382660705
T01,2,BG5,18,0.024111753636552834,0.003287535383060598
T01,2,BG5,19,0.024429303541518645,0.004125738062596707
T01,2,BG5,20,0.024769702069305243,0.005173934388300582
T01,2,BG5,21,0.025227074349099415,0.006492947825365183
T01,2,BG5,22,0.025860346808371175,0.008147505207298832
T01,2,BG5,23,0.027057248013842523,0.010332492678047802
T01,2,BG5,24,0.030474556277728975,0.013917726765626253
T01,2,BG5,25,0.05900534410109937,0.03168923714370015
T01,2,BG5,26,0.07295113787120992,0.04517177312341565
T01,2,BG5,27,0.0835408956110161,0.05836758143366624
T01,2,BG5,28,0.09121008004244294,0.07033512510595612
T01,2,BG5,29,0.0966242217297517,0.08052171764404162
T01,2,BG5,30,0.1002130777509821,0.08855878225924477
T01,2,BG5,31,0.10229299032673585,0.09433769836416443
T01,2,BG5,32,0.10341201405300027,0.09826046091056849
T01,2,BG5,33,0.10393015451190954,0.10075778736314923
T01,2,BG5,34,0.10417680331525765,0.10231815800336704
T01,2,BG5,35,0.10430077322066085,0.10326809319389824
T01,2,BG5,36,0.1044699572502553,0.1044699572502553
T01,2,BG6,0,0.0,0.0
T01,2,BG6,1,0.00417514411317092,2.4187657340638207e-05
T01,2,BG6,2,0.007863560120719685,5.3220300695880605e-05
T01,2,BG6,3,0.011080769816247213,8.79091308625225e-05
T01,2,BG6,4,0.013852749649295924,0.00012927958540674656
T01,2,BG6,5,0.016269300787521573,0.00017925483780835172
T01,2,BG6,6,0.018347379257522903,0.0002395608674588218
T01,2,BG6,7,0.02016667897129281,0.0003132563621786015
T01,2,BG6,8,0.02168415318472596,0.0004023129829882546
T01,2,BG6,9,0.02302842172236632,0.0005124093822441512
T01,2,BG6,10,0.024111039569847406,0.0006461139381779655
T01,2,BG6,11,0.025096295129733243,0.0008133401822175942
T01,2,BG6,12,0.025861973560813073,0.0010179428068953968
T01,2,BG6,13,0.026567574754644493,0.0012753072974858901
T01,2,BG6,14,0.02709498022458713,0.0015925328488223243
T01,2,BG6,15,0.02763955649681722,0.00199655882261577
T01,2,BG6,16,0.028130249033779416,0.0025055164993815324
T01,2,BG6,17,0.028624627609061412,0.003151856112590107
T01,2,BG6,18,0.029086218112063994,0.003965782519724684
T01,2,BG6,19,0.029506221847699538,0.004983152378051255
T01,2,BG6,20,0.029913504459790043,0.006248379910198194
T01,2,BG6,21,0.030376726572724836,0.0078183659961591
T01,2,BG6,22,0.03131131208639218,0.009864874597981419
T01,2,BG6,23,0.03299462114560087,0.012599828394501923
T01,2,BG6,24,0.035097081863361794,0.016028833668231844
T01,2,BG6,25,0.06884706930934535,0.03697480523897956
T01,2,BG6,26,0.08418471340773218,0.052127669084109936
T01,2,BG6,27,0.09581245491761364,0.06694136114874596
T01,2,BG6,28,0.10429236203824868,0.08042330776368885
T01,2,BG6,29,0.11021935386085992,0.09185120997397885
T01,2,BG6,30,0.1139976338180755,0.10074026121422049
T01,2,BG6,31,0.11633348261470236,0.10728626595970871
T01,2,BG6,32,0.11761458540735319,0.11175551958223917
T01,2,BG6,33,0.1182408377447608,0.1146316508835362
T01,2,BG6,34,0.11851355775280102,0.11639912679458596
T01,2,BG6,35,0.11864388140624785,0.11746919075284892
T01,2,BG6,36,0.11883212620094824,0.11883212620094824
T01,2,BG7,0,0.0,0.0
T01,2,BG7,1,0.005202533310139563,3.0139580768406904e-05
T01,2,BG7,2,0.009798643281423809,6.631687617407751e-05
T01,2,BG7,3,0.013783611999167115,0.00010935209095177357
T01,2,BG7,4,0.01722194186665875,0.00016072228004081435
T01,2,BG7,5,0.020194836836536886,0.00022250631791912446
T01,2,BG7,6,0.0227877447243159,0.0002975385107179039
T01,2,BG7,7,0.025018471460000604,0.00038862102080544945
T01,2,BG7,8,0.026920464885595446,0.0004994639366289495
T01,2,BG7,9,0.028558538894786323,0.0006354609721299618
T01,2,BG7,10,0.02991213621055592,0.000801568427829311
T01,2,BG7,11,0.031105167936016823,0.001008080388366312
T01,2,BG7,12,0.03209151570393785,0.0012631413262469992
T01,2,BG7,13,0.03291639744945685,0.0015800660174860464
T01,2,BG7,14,0.03355462666290529,0.0019722046228664494
T01,2,BG7,15,0.034185753942028586,0.0024694270562490104
T01,2,BG7,16,0.03470309525569465,0.0030909494509384376
T01,2,BG7,17,0.03511945304673858,0.003867000990676852
T01,2,BG7,18,0.03556504037918971,0.004849142456685839
T01,2,BG7,19,0.03596232370166292,0.00607348985281199
T01,2,BG7,20,0.03635348579686816,0.007593573341299117
T01,2,BG7,21,0.03685510081500422,0.009485770820536294
T01,2,BG7,22,0.037930123024257946,0.011950182891808563
T01,2,BG7,23,0.042026637345308,0.016048931559775905
T01,2,BG7,24,0.05169383574516553,0.02360856944869664
T01,2,BG7,25,0.08921913566453923,0.0479157674912573
T01,2,BG7,26,0.10719191137874695,0.06637386125696054
T01,2,BG7,27,0.1203465199449643,0.08408259510386064
T01,2,BG7,28,0.12960656549963462,0.09994393175093301
T01,2,BG7,29,0.13585378749523797,0.11321364439812623
T01,2,BG7,30,0.13974488372436863,0.12349323087808096
T01,2,BG7,31,0.14189137393791376,0.1308565281804676
T01,2,BG7,32,0.14291689646672243,0.13579737554383728
T01,2,BG7,33,0.14335394041589747,0.13897820031296512
T01,2,BG7,34,0.14352157186209877,0.1409609664522165
T01,2,BG7,35,0.14358919251295163,0.14216751853502604
T01,2,BG7,36,0.14370456585660257,0.14370456585660257
T01,2,BG8,0,0.0,0.0
T01,2,BG8,1,0.004205289714435848,2.436229843291208e-05
T01,2,BG8,2,0.007955643577759552,5.384351849716275e-05
T01,2,BG8,3,0.011150924743446375,8.846570416151083e-05
T01,2,BG8,4,0.013943077459635515,0.00013012256128761232
T01,2,BG8,5,0.016346273702088663,0.0001801029239280338
T01,2,BG8,6,0.018427268213636945,0.0002406039740457242
T01,2,BG8,7,0.020199276261340784,0.00031376270812159465
T01,2,BG8,8,0.021749308180718054,0.0004035218240187434
T01,2,BG8,9,0.023057375295077846,0.000513053634813423
T01,2,BG8,10,0.024130909266864335,0.0006466463922711189
T01,2,BG8,11,0.025054648753254527,0.0008119904719345177
T01,2,BG8,12,0.025869279654125086,0.001018230379126664
T01,2,BG8,13,0.026576665410926934,0.0012757436741208472
T01,2,BG8,14,0.027177833439616148,0.0015974026315612737
T01,2,BG8,15,0.027723656796372866,0.0020026338553388178
T01,2,BG8,16,0.02822801230190952,0.0025142241197958744
T01,2,BG8,17,0.028798072508097045,0.0031709541260707273
T01,2,BG8,18,0.029592513637932336,0.0040348137795579355
T01,2,BG8,19,0.030631871123972008,0.005173257428706151
T01,2,BG8,20,0.03187617016034554,0.006658344604245443
T01,2,BG8,21,0.03405797975348942,0.008765847429056313
T01,2,BG8,22,0.03838975488738849,0.012094993530164914
T01,2,BG8,23,0.044440425498691406,0.01697069744771143
T01,2,BG8,24,0.05220731112848626,0.023843073615628516
T01,2,BG8,25,0.0769009012328441,0.041300172670204
T01,2,BG8,26,0.09010820318163307,0.05579552889587907
T01,2,BG8,27,0.10001522711833916,0.06987771529971923
T01,2,BG8,28,0.10702032451194544,0.08252693011921022
T01,2,BG8,29,0.11175225228946938,0.09312864960974232
T01,2,BG8,30,0.11465467983875964,0.10132089606407212
T01,2,BG8,31,0.11636113142720012,0.1073117645374346
T01,2,BG8,32,0.11726630586033295,0.1114245901877733
T01,2,BG8,33,0.11769970767874897,0.1141070383264353
T01,2,BG8,34,0.11792655127703343,0.11582259326529595
T01,2,BG8,35,0.1180316491188798,0.11686302013732544
T01,2,BG8,36,0.11818669512722031,0.11818669512722031
T01,2,BG9,0,0.0,0.0
T01,2,BG9,1,0.002567384660973484,1.4873503484472675e-05
T01,2,BG9,2,0.004935154890465205,3.340095615913141e-05
T01,2,BG9,3,0.006883335209671124,5.46088428322108e-05
T01,2,BG9,4,0.008602604296815477,8.02830586872351e-05
T01,2,BG9,5,0.010083920459721297,0.00011110443860773765
T01,2,BG9,6,0.0113764875903511,0.00014854226352677667
T01,2,BG9,7,0.01246134588604301,0.0001935666195366305
T01,2,BG9,8,0.013442974724990375,0.0002494117814545275
T01,2,BG9,9,0.014307395674645455,0.000318356329024772
T01,2,BG9,10,0.014978025299896516,0.0004013726128094508
T01,2,BG9,11,0.015572347794493503,0.0005046807177809343
T01,2,BG9,12,0.016100465694833005,0.0006337239963567976
T01,2,BG9,13,0.01652593982988974,0.0007932847432600122
T01,2,BG9,14,0.016877789189992186,0.0009920078724015614
T01,2,BG9,15,0.01723139948721059,0.0012447197785808177
T01,2,BG9,16,0.017613525062879557,0.0015688086277917007
T01,2,BG9,17,0.018001105982483674,0.0019821007549997737
T01,2,BG9,18,0.018444111811527174,0.002514776457101384
T01,2,BG9,19,0.018821680341350587,0.00317869571866889
T01,2,BG9,20,0.019412392240793677,0.004054891052467302
T01,2,BG9,21,0.020362329834543395,0.005240859211969731
T01,2,BG9,22,0.021780653065067677,0.0068621656510475795
T01,2,BG9,23,0.024068326493968367,0.009191097594647882
T01,2,BG9,24,0.027361842156372575,0.01249615050231199
T01,2,BG9,25,0.0439381973672706,0.02359731950241301
T01,2,BG9,26,0.05267344010676876,0.03261570354176748
T01,2,BG9,27,0.05935684496472543,0.04147089226948471
T01,2,BG9,28,0.06414454037671107,0.049463987712785894
T01,2,BG9,29,0.06749955331295875,0.05625069837382978
T01,2,BG9,30,0.06971626826016025,0.061608604041916454
T01,2,BG9,31,0.07122060868756455,0.0656818053134621
T01,2,BG9,32,0.07206900269403915,0.0684788269134835
T01,2,BG9,33,0.07248010178208489,0.07026771706784206
T01,2,BG9,34,0.07268817373830631,0.07139132533023555
T01,2,BG9,35,0.07279425763105628,0.0720735229706233
T01,2,BG9,36,0.07294506138259531,0.07294506138259531
T01,2,BG10,0,0.0,0.0
T01,2,BG10,1,0.002939924878862951,1.7031722351202725e-05
T01,2,BG10,2,0.005595108779124442,3.786750095187911e-05
T01,2,BG10,3,0.007851666761772272,6.229108729282517e-05
T01,2,BG10,4,0.009796089242798378,9.142115378072347e-05
T01,2,BG10,5,0.011473085352402101,0.00012641023025090233
T01,2,BG10,6,0.012941516398275132,0.0001689767703121438
T01,2,BG10,7,0.014222860573126744,0.00022092886916537022
T01,2,BG10,8,0.015322819071710686,0.00028428913075302084
T01,2,BG10,9,0.0162662824150102,0.0003619438567302119
T01,2,BG10,10,0.01704877238563472,0.0004568633139509256
T01,2,BG10,11,0.017740187722686096,0.0005749377542675769
T01,2,BG10,12,0.018314832545053727,0.0007208828044034812
T01,2,BG10,13,0.018836091458688135,0.0009041775614135125
T01,2,BG10,14,0.019262817820250428,0.0011321901674786652
T01,2,BG10,15,0.019725967561251893,0.0014249162931169546
T01,2,BG10,16,0.020197979384963226,0.001799001862995735
T01,2,BG10,17,0.020840972476292532,0.002294798307730178
T01,2,BG10,18,0.021820152504525965,0.0029750852829853545
T01,2,BG10,19,0.023196049140643195,0.0039174601283091205
T01,2,BG10,20,0.02525750870175196,0.0052758281954364515
T01,2,BG10,21,0.027893547900454937,0.00717924511810665
T01,2,BG10,22,0.03104128727589409,0.009779801148975996
T01,2,BG10,23,0.03434885768812384,0.013116977765249583
T01,2,BG10,24,0.0369653550155494,0.016882073872091077
T01,2,BG10,25,0.0568851691879517,0.03055058221392739
T01,2,BG10,26,0.06705846882112824,0.04152299785163352
T01,2,BG10,27,0.07480448569382347,0.052263707269530765
T01,2,BG10,28,0.08041031092193647,0.06200706414120049
T01,2,BG10,29,0.08415755748765147,0.07013263284148567
T01,2,BG10,30,0.08655350766468976,0.07648775399922365
T01,2,BG10,31,0.08793728129350914,0.08109842794534092
T01,2,BG10,32,0.0886263664606536,0.08421137208130818
T01,2,BG10,33,0.08894327857241154,0.08622837146188811
T01,2,BG10,34,0.08905884267492938,0.08746992096965335
T01,2,BG10,35,0.08909939304397806,0.08821722161049653
T01,2,BG10,36,0.08917034899463606,0.08917034899463606
T01,2,BG11,0,0.0,0.0
T01,2,BG11,1,0.002339441728244905,1.355297287357738e-05
T01,2,BG11,2,0.004473152614992144,3.027414098937727e-05
T01,2,BG11,3,0.0062817162928429345,4.9835907452731535e-05
T01,2,BG11,4,0.00783269395840692,7.309793745772846e-05
T01,2,BG11,5,0.009190679342031946,0.00010126272543288329
T01,2,BG11,6,0.010346022127730668,0.00013508752418456502
T01,2,BG11,7,0.01135543794591525,0.00017638814934560644
T01,2,BG11,8,0.012227046011715592,0.00022685226852493798
T01,2,BG11,9,0.013003757807084087,0.0002893488582196338
T01,2,BG11,10,0.013594500112636637,0.00036429768798895614
T01,2,BG11,11,0.014094550361174844,0.00045678711255212875
T01,2,BG11,12,0.014565881977890445,0.0005733218600208009
T01,2,BG11,13,0.014958401958394192,0.0007180391652193605
T01,2,BG11,14,0.015254145862024544,0.0008965767178736487
T01,2,BG11,15,0.015544700759672942,0.0011228801490036225
T01,2,BG11,16,0.015880432439359153,0.0014144448334952578
T01,2,BG11,17,0.016251712846328044,0.0017894751799573377
T01,2,BG11,18,0.016652776544028386,0.0022705354749656954
T01,2,BG11,19,0.01706663951102393,0.0028822959936973657
T01,2,BG11,20,0.01759625825323142,0.0036755341294467427
T01,2,BG11,21,0.01817340462055349,0.0046774733281501665
T01,2,BG11,22,0.019041759767114835,0.005999255823493452
T01,2,BG11,23,0.020150153155613783,0.0076948442647223276
T01,2,BG11,24,0.021526466896122993,0.009831135220233834
T01,2,BG11,25,0.040232807147047175,0.02160731348727745
T01,2,BG11,26,0.04916523516869446,0.030443402456509356
T01,2,BG11,27,0.05592129757052327,0.03907057571496649
T01,2,BG11,28,0.06094823352278506,0.04699920914698536
T01,2,BG11,29,0.06437416342225938,0.05364615734929704
T01,2,BG11,30,0.06657132167574163,0.05882939939404294
T01,2,BG11,31,0.06792187171881457,0.06263961014957857
T01,2,BG11,32,0.06867118547479585,0.06525027474318532
T01,2,BG11,33,0.06906824159368567,0.06696000056732129
T01,2,BG11,34,0.06922760534383654,0.0679924979136732
T01,2,BG11,35,0.0693003854393622,0.06861424362399586
T01,2,BG11,36,0.06940341239115501,0.06940341239115501
T01,2,BG12,0,0.0,0.0
T01,2,BG12,1,0.0023488381655626354,1.3607408778914003e-05
T01,2,BG12,2,0.004492603406054859,3.0405783226923237e-05
T01,2,BG12,3,0.006291242081423536,4.991148007729674e-05
T01,2,BG12,4,0.007860659101237616,7.33589196396717e-05
T01,2,BG12,5,0.009221746922336448,0.00010160502746015641
T01,2,BG12,6,0.010406718552145006,0.00013588003418161195
T01,2,BG12,7,0.011425886553124738,0.0001774824530194709
T01,2,BG12,8,0.012310948897698187,0.00022840894634810238
T01,2,BG12,9,0.013094570234941845,0.00029136954138451977
T01,2,BG12,10,0.013680457365400524,0.00036660112229455093
T01,2,BG12,11,0.014205948451125418,0.00046039738634284723
T01,2,BG12,12,0.01462697536088038,0.0005757265334968687
T01,2,BG12,13,0.015036587744464546,0.0007217922689391201
T01,2,BG12,14,0.015328878372629846,0.0009009691891033132
T01,2,BG12,15,0.015651205784704747,0.0011305736014305642
T01,2,BG12,16,0.01585338687053671,0.0014120359262385007
T01,2,BG12,17,0.0161056875128167,0.0017733963398734271
T01,2,BG12,18,0.016307140037433457,0.0022234094039110717
T01,2,BG12,19,0.016540692632747746,0.0027934715617867
T01,2,BG12,20,0.016826042470776254,0.0035146502432914003
T01,2,BG12,21,0.017158778459586434,0.0044163287048122335
T01,2,BG12,22,0.017714260452773533,0.0055810167664913386
T01,2,BG12,23,0.0187185118300583,0.00714813590276499
T01,2,BG12,24,0.02020687732693441,0.009228478804651576
T01,2,BG12,25,0.03937441401032074,0.02114630736205511
T01,2,BG12,26,0.04870723079790473,0.03015980347091488
T01,2,BG12,27,0.05578333752840137,0.038974187095039706
T01,2,BG12,28,0.060941677077541036,0.04699415332513816
T01,2,BG12,29,0.064528584776678,0.05377484426619917
T01,2,BG12,30,0.06692270199008606,0.05913991587416904
T01,2,BG12,31,0.06832990372872749,0.06301590955770858
T01,2,BG12,32,0.06908963617932311,0.06564787999729003
T01,2,BG12,33,0.06940325631599906,0.06728478913431682
T01,2,BG12,34,0.06954296073911387,0.06830222679247154
T01,2,BG12,35,0.06959577729189353,0.06890671084096242
T01,2,BG12,36,0.069688295721817,0.069688295721817
T01,2,BG13,0,0.0,0.0
T01,2,BG13,1,0.0020638508288474368,1.1956405663705568e-05
T01,2,BG13,2,0.003987678762671223,2.6988470887208257e-05
T01,2,BG13,3,0.005551756002247488,4.404477771810825e-05
T01,2,BG13,4,0.0069323262532456145,6.469533380138667e-05
T01,2,BG13,5,0.008119362581277429,8.945897792216508e-05
T01,2,BG13,6,0.009158869356523287,0.00011958692593237484
T01,2,BG13,7,0.010073039035002876,0.00015646818109430526
T01,2,BG13,8,0.010813203545716157,0.00020062080060151248
T01,2,BG13,9,0.01149393588441116,0.0002557535490493671
T01,2,BG13,10,0.012035576542756879,0.00032252254052734033
T01,2,BG13,11,0.012496640849004013,0.00040500082331676034
T01,2,BG13,12,0.01291007509036226,0.0005081483079515036
T01,2,BG13,13,0.013223633376333034,0.0006347661139198431
T01,2,BG13,14,0.013470146457514327,0.0007917204779880179
T01,2,BG13,15,0.013745871102335163,0.0009929406824171455
T01,2,BG13,16,0.013940706395158087,0.0012416765164490406
T01,2,BG13,17,0.014162973691715193,0.0015594842361653359
T01,2,BG13,18,0.014356317586735732,0.001957423035578083
T01,2,BG13,19,0.014574303198581067,0.0024613782835877646
T01,2,BG13,20,0.0148113915832512,0.003093826790494676
T01,2,BG13,21,0.015110439211645245,0.003889126876063996
T01,2,BG13,22,0.015517286330555961,0.004888842819417014
T01,2,BG13,23,0.016314480396275394,0.00623009586695484
T01,2,BG13,24,0.01764845681572247,0.008060048430408154
T01,2,BG13,25,0.03460501263126828,0.0185848666595456
T01,2,BG13,26,0.043020473792404944,0.026638530089257807
T01,2,BG13,27,0.04956290810481647,0.0346281548376566
T01,2,BG13,28,0.05423058019756405,0.04181900340725291
T01,2,BG13,29,0.0575957846446581,0.04799740075858188
T01,2,BG13,30,0.059883719776280236,0.052919533328539485
T01,2,BG13,31,0.0612488385674739,0.05648553648954875
T01,2,BG13,32,0.061990647812924946,0.058902533508334964
T01,2,BG13,33,0.06231204719521374,0.06041003243916621
T01,2,BG13,34,0.06242457493433346,0.061310841999753285
T01,2,BG13,35,0.06246938923747126,0.061850880988261144
T01,2,BG13,36,0.06254817316587717,0.06254817316587717
T01,2,BG14,0,0.0,0.0
T01,2,BG14,1,0.0016017603781467652,9.279399714147988e-06
T01,2,BG14,2,0.003147764277126216,2.1303958877794473e-05
T01,2,BG14,3,0.004341110178946514,3.44401364058473e-05
T01,2,BG14,4,0.005404977501496826,5.0441484190445476e-05
T01,2,BG14,5,0.00631446138802881,6.957261204356469e-05
T01,2,BG14,6,0.0070927601436557184,9.260983557547809e-05
T01,2,BG14,7,0.007798090557405138,0.00012113057822459006
T01,2,BG14,8,0.00841921381718571,0.00015620434883325496
T01,2,BG14,9,0.008964206965278382,0.00019946411575262566
T01,2,BG14,10,0.009372655754558907,0.00025116310296425555
T01,2,BG14,11,0.009747107564583248,0.0003158918151366129
T01,2,BG14,12,0.010063875594951864,0.00039612018680391795
T01,2,BG14,13,0.010342265381102335,0.0004964535400895772
T01,2,BG14,14,0.010593682250341387,0.000622653600554222
T01,2,BG14,15,0.010833188466171158,0.000782541429607208
T01,2,BG14,16,0.011049549582754293,0.0009841657834441721
T01,2,BG14,17,0.011285243037156632,0.0012426174801429938
T01,2,BG14,18,0.011580117361739937,0.0015788999034772365
T01,2,BG14,19,0.01185829405493788,0.002002685621963184
T01,2,BG14,20,0.01225912239168732,0.0025607047886770577
T01,2,BG14,21,0.012754541998178937,0.0032827657421784016
T01,2,BG14,22,0.013444151203984385,0.004235685335794148
T01,2,BG14,23,0.0143885626555178,0.005494635613772252
T01,2,BG14,24,0.015588167145061007,0.007119114334519141
T01,2,BG14,25,0.027863060876790125,0.01496405380471199
T01,2,BG14,26,0.034021996028514696,0.02106661985603987
T01,2,BG14,27,0.038686934883806194,0.02702943035852498
T01,2,BG14,28,0.04212990040397717,0.03248776690896009
T01,2,BG14,29,0.04463976339330943,0.037200510888445566
T01,2,BG14,30,0.0463297334257736,0.040941809931337475
T01,2,BG14,31,0.047415672700298415,0.043728171500762095
T01,2,BG14,32,0.048044392905614894,0.04565102260482437
T01,2,BG14,33,0.048321213288607986,0.046846255239029
T01,2,BG14,34,0.048450932563034385,0.04758650692986771
T01,2,BG14,35,0.04850169797453307,0.04802148369420508
T01,2,BG14,36,0.048587110598290725,0.048587110598290725
T01,2,BG15,0,0.0,0.0
T01,2,BG15,1,0.0013502054265521412,7.822078776408539e-06
T01,2,BG15,2,0.002719288180917081,1.8404047578477086e-05
T01,2,BG15,3,0.003722227404778106,2.95302385403625e-05
T01,2,BG15,4,0.004599838722644614,4.292759633559504e-05
T01,2,BG15,5,0.005363685518038739,5.909698227564242e-05
T01,2,BG15,6,0.006052107932247953,7.90220881780116e-05
T01,2,BG15,7,0.006651946418962339,0.00010332710466003684
T01,2,BG15,8,0.007164548267481973,0.00013292614018488083
T01,2,BG15,9,0.007612780596157845,0.0001693932940921804
T01,2,BG15,10,0.007985639930502228,0.00021399464090529648
T01,2,BG15,11,0.008268808740415043,0.00026798196227642595
T01,2,BG15,12,0.008590869474736201,0.0003381417796368641
T01,2,BG15,13,0.008811352666823792,0.0004229660576699201
T01,2,BG15,14,0.008962782159567726,0.000526795916927131
T01,2,BG15,15,0.009161591318469062,0.0006617926740993173
T01,2,BG15,16,0.00940706974782041,0.0008378727202293804
T01,2,BG15,17,0.009594833312828482,0.0010564865524032648
T01,2,BG15,18,0.009813226007930945,0.0013379917653558808
T01,2,BG15,19,0.010002972494397817,0.0016893500099127406
T01,2,BG15,20,0.010305336010548847,0.002152594807297441
T01,2,BG15,21,0.010739724744221368,0.0027641918048198683
T01,2,BG15,22,0.011342875579502767,0.003573661959123533
T01,2,BG15,23,0.012199971423691211,0.00465886681760256
T01,2,BG15,24,0.013468461449799305,0.006151044963232318
T01,2,BG15,25,0.024371066839495564,0.013088653726728074
T01,2,BG15,26,0.030059231796162076,0.018612852957366036
T01,2,BG15,27,0.03438537542271341,0.02402405652531684
T01,2,BG15,28,0.037656270980846084,0.02903800249914873
T01,2,BG15,29,0.03986266626414065,0.03321952088625175
T01,2,BG15,30,0.041448595347786304,0.03662832447344111
T01,2,BG15,31,0.04243288915299493,0.03913289734469618
T01,2,BG15,32,0.043021693561988296,0.04087853310291313
T01,2,BG15,33,0.04326559321405392,0.04194495297445272
T01,2,BG15,34,0.043380895370314046,0.04260692570437591
T01,2,BG15,35,0.04343416899393407,0.04300412814517108
T01,2,BG15,36,0.043512476333049104,0.043512476333049104
T02,0,BG1,0,0.0,0.0
T02,0,BG1,1,0.000829063788685329,4.802974537507593e-06
T02,0,BG1,2,0.0018056724893937934,1.2220728477338417e-05
T02,0,BG1,3,0.0024439913750015875,1.9389371025355828e-05
T02,0,BG1,4,0.0029646297926051103,2.7667150623926412e-05
T02,0,BG1,5,0.00344224404230799,3.792657773420603e-05
T02,0,BG1,6,0.0038489702280560954,5.0255823032998815e-05
T02,0,BG1,7,0.00420031622345926,6.524504023570251e-05
T02,0,BG1,8,0.004482822798739269,8.317123541100739e-05
T02,0,BG1,9,0.004771698179799589,0.00010617587900666355
T02,0,BG1,10,0.004972641925792884,0.00013325403275692434
T02,0,BG1,11,0.005137969498350896,0.0001665152977832643
T02,0,BG1,12,0.0052626814889494816,0.00020714230293259747
T02,0,BG1,13,0.005397016087021734,0.00025906971423295805
T02,0,BG1,14,0.00546679174129825,0.0003213158082220801
T02,0,BG1,15,0.005627059461970016,0.0004064737859837657
T02,0,BG1,16,0.005674111043620669,0.0005053840342920852
T02,0,BG1,17,0.0058145411674935775,0.000640238800274453
T02,0,BG1,18,0.005966932632013143,0.0008135659668784155
T02,0,BG1,19,0.006141427076956593,0.0010371936841231779
T02,0,BG1,20,0.00630498316612834,0.001316994811425751
T02,0,BG1,21,0.006573021920154973,0.0016917652682391705
T02,0,BG1,22,0.006887448591428549,0.002169944733389378
T02,0,BG1,23,0.007408972150358377,0.0028293029066372333
T02,0,BG1,24,0.008142670861781783,0.003718756950428969
T02,0,BG1,25,0.014180338960673824,0.007615651282839489
T02,0,BG1,26,0.017179513499308335,0.010637655679094962
T02,0,BG1,27,0.019666977816713463,0.01374074242281448
T02,0,BG1,28,0.021570945435410604,0.016634073192445576
T02,0,BG1,29,0.022956605463753787,0.019130868690219783
T02,0,BG1,30,0.023893912218726828,0.021115165973235924
T02,0,BG1,31,0.02444403213891089,0.022543027818467443
T02,0,BG1,32,0.024732042070973445,0.023499995385638336
T02,0,BG1,33,0.02485173656882383,0.024093161436806957
T02,0,BG1,34,0.024910337876203992,0.02446590610567311
T02,0,BG1,35,0.0249322838649777,0.024685429843481276
T02,0,BG1,36,0.024976521494920977,0.024976521494920977
T02,0,BG2,0,0.0,0.0
T02,0,BG2,1,0.000860532681274037,4.985281715403746e-06
T02,0,BG2,2,0.0018675532330877556,1.2639535192289961e-05
T02,0,BG2,3,0.0025399462055941185,2.0150627287405242e-05
T02,0,BG2,4,0.003104725016834628,2.8974577187940533e-05
T02,0,BG2,5,0.0035923987323601705,3.958097909988242e-05
T02,0,BG2,6,0.004008170722841871,5.2334496366496005e-05
T02,0,BG2,7,0.004399552888785622,6.833985584916503e-05
T02,0,BG2,8,0.004678666193521246,8.680478027485733e-05
T02,0,BG2,9,0.004969572465696637,0.00011057881404110468
T02,0,BG2,10,0.005182318359116891,0.00013887282241610322
T02,0,BG2,11,0.005357656035639473,0.0001736350694962846
T02,0,BG2,12,0.005487434842948681,0.00021598873077426
T02,0,BG2,13,0.005646658675881797,0.0002710531583463102
T02,0,BG2,14,0.005692562450044398,0.0003345856915452182
T02,0,BG2,15,0.0058196808066985385,0.0004203878982818756
T02,0,BG2,16,0.005852164134699981,0.0005212429419487597
T02,0,BG2,17,0.005985860628816419,0.0006591027769094874
T02,0,BG2,18,0.00614615164447409,0.0008380017186695422
T02,0,BG2,19,0.006252178664381279,0.0010558979423971318
T02,0,BG2,20,0.006391511205245185,0.0013350689240143009
T02,0,BG2,21,0.006555652636122021,0.0016872947611414745
T02,0,BG2,22,0.006763488642644566,0.002130890174044295
T02,0,BG2,23,0.007136037981435082,0.0027250761037286796
T02,0,BG2,24,0.007688836327128449,0.0035114907731333303
T02,0,BG2,25,0.013858275931211899,0.007442685043973928
T02,0,BG2,26,0.016755561770811007,0.010375142282438042
T02,0,BG2,27,0.018848293688948158,0.013168751765825798
T02,0,BG2,28,0.02033116465240938,0.015678037000283657
T02,0,BG2,29,0.021401934124514882,0.017835284575601115
T02,0,BG2,30,0.022136506854790326,0.019562138335429073
T02,0,BG2,31,0.022583539706593013,0.020827225299395312
T02,0,BG2,32,0.022846901106159084,0.02170876421505957
T02,0,BG2,33,0.022977006138625237,0.022275655353011244
T02,0,BG2,34,0.02301734487293195,0.022606686521193457
T02,0,BG2,35,0.023034043390123878,0.02280598375351124
T02,0,BG2,36,0.023072421351615423,0.023072421351615423
T02,0,BG3,0,0.0,0.0
T02,0,BG3,1,0.001061575674541234,6.14997423694619e-06
T02,0,BG3,2,0.0022014922889517,1.4899623080654713e-05
T02,0,BG3,3,0.0030073349282898304,2.3858649195703445e-05
T02,0,BG3,4,0.0037115313516608607,3.463754461784313e-05
T02,0,BG3,5,0.004316532449597213,4.755947017062591e-05
T02,0,BG3,6,0.004834650077523394,6.312579832723805e-05
T02,0,BG3,7,0.005323896665846882,8.269802453288252e-05
T02,0,BG3,8,0.005683175246732801,0.00010544175593177606
T02,0,BG3,9,0.0060423004311803636,0.00013444826889372913
T02,0,BG3,10,0.00633752507665311,0.0001698293952531796
T02,0,BG3,11,0.0066503094929546815,0.00021552838378703662
T02,0,BG3,12,0.006807592480975946,0.0002679509275787803
T02,0,BG3,13,0.007043703079107651,0.0003381146393390153
T02,0,BG3,14,0.007242229936631391,0.00042566885138484693
T02,0,BG3,15,0.0075911118511275254,0.0005483482090321562
T02,0,BG3,16,0.007870078850400156,0.0007009753916689075
T02,0,BG3,17,0.008217465663589293,0.0009048246801983626
T02,0,BG3,18,0.008584458925019595,0.0011704545803996387
T02,0,BG3,19,0.00902270391828623,0.001523797550758264
T02,0,BG3,20,0.009570464714109618,0.00199909373664403
T02,0,BG3,21,0.010137975062014155,0.0026093133972225273
T02,0,BG3,22,0.010884391233504036,0.0034292128783205166
T02,0,BG3,23,0.011890810750478585,0.004540806035437266
T02,0,BG3,24,0.013119524168280973,0.005991685343859664
T02,0,BG3,25,0.019853100725413776,0.010662248081423619
T02,0,BG3,26,0.023549707000977294,0.01458211693671083
T02,0,BG3,27,0.026491650934588384,0.018508941994529723
T02,0,BG3,28,0.028756725870805033,0.022175267405490872
T02,0,BG3,29,0.03038643457024983,0.02532251084579521
T02,0,BG3,30,0.03153950050421889,0.027871609335800237
T02,0,BG3,31,0.03221274553206726,0.029707570956888998
T02,0,BG3,32,0.03263683624834283,0.031011005745285897
T02,0,BG3,33,0.03283531707017184,0.03183305096846269
T02,0,BG3,34,0.032912813859369824,0.032325607908293946
T02,0,BG3,35,0.03294160166321524,0.03261544750560408
T02,0,BG3,36,0.03299372548851018,0.03299372548851018
T02,0,BG4,0,0.0,0.0
T02,0,BG4,1,0.000997671112876848,5.779759057449704e-06
T02,0,BG4,2,0.0020963793604488173,1.4188222434641222e-05
T02,0,BG4,3,0.0028453707228734545,2.2573708434267597e-05
T02,0,BG4,4,0.0034754385046892574,3.243422856759205e-05
T02,0,BG4,5,0.004050581104199187,4.462922350552095e-05
T02,0,BG4,6,0.004523143774502541,5.905847542136728e-05
T02,0,BG4,7,0.004954964561159525,7.696726755378761e-05
T02,0,BG4,8,0.0053253676184432394,9.880323727018523e-05
T02,0,BG4,9,0.005650215660227645,0.00012572392303696503
T02,0,BG4,10,0.0059252073788730215,0.0001587803400975094
T02,0,BG4,11,0.006153204511682775,0.00019941782096945498
T02,0,BG4,12,0.006296256317401937,0.00024782442929871756
T02,0,BG4,13,0.006488200742723482,0.00031144919572344065
T02,0,BG4,14,0.0066558580332711234,0.00039120429263364624
T02,0,BG4,15,0.006975377740426046,0.0005038703103695006
T02,0,BG4,16,0.007150853209135349,0.0006369151081011802
T02,0,BG4,17,0.007427564353359668,0.0008178486909075171
T02,0,BG4,18,0.007667274332273468,0.0010454003485785115
T02,0,BG4,19,0.007949040052752725,0.0013424720397138628
T02,0,BG4,20,0.008330427649295799,0.0017400728439565987
T02,0,BG4,21,0.0087392481458138,0.002249308869203771
T02,0,BG4,22,0.009227911991639632,0.0029073260868342156
T02,0,BG4,23,0.009987380045865657,0.00381393300350415
T02,0,BG4,24,0.010997614378455166,0.005022609367035653
T02,0,BG4,25,0.01752107195398924,0.009409815549896795
T02,0,BG4,26,0.02103997897372498,0.013028078599946107
T02,0,BG4,27,0.023889090886115308,0.016690609416135548
T02,0,BG4,28,0.0260088715447256,0.0200563055499008
T02,0,BG4,29,0.027593032723400777,0.0229946316111963
T02,0,BG4,30,0.028754271295885484,0.02541028886012212
T02,0,BG4,31,0.029436485561526633,0.027147219814173985
T02,0,BG4,32,0.0298056700873151,0.028320876491805206
T02,0,BG4,33,0.029976186920970246,0.02906119295563089
T02,0,BG4,34,0.030056282849822157,0.02952004098410895
T02,0,BG4,35,0.0300860866218373,0.02978820482977588
T02,0,BG4,36,0.03013609199550452,0.03013609199550452
T02,0,BG5,0,0.0,0.0
T02,0,BG5,1,0.004981276875159101,2.8857786694118894e-05
T02,0,BG5,2,0.009416626996718818,6.373140339329054e-05
T02,0,BG5,3,0.01327147460300858,0.0001052890560150568
T02,0,BG5,4,0.01655206087997103,0.0001544706735447664
T02,0,BG5,5,0.019420659475347924,0.00021397644675711662
T02,0,BG5,6,0.021919215597242473,0.0002861981657625959
T02,0,BG5,7,0.02408076601344237,0.000374055301147611
T02,0,BG5,8,0.025906346363717435,0.0004806486723306089
T02,0,BG5,9,0.027466210706951398,0.0006111553936508008
T02,0,BG5,10,0.02873514578671734,0.0007700281064519378
T02,0,BG5,11,0.029851225793118934,0.0009674416641241444
T02,0,BG5,12,0.030767368644254393,0.0012110221043354335
T02,0,BG5,13,0.03153405025877768,0.0015137100279510234
T02,0,BG5,14,0.03217225748576427,0.0018909545689920065
T02,0,BG5,15,0.03281191862611738,0.002370187298073458
T02,0,BG5,16,0.033237008280638934,0.002960367404381697
T02,0,BG5,17,0.033711687499907876,0.0037119920122287956
T02,0,BG5,18,0.034170710005764354,0.004659031453566045
T02,0,BG5,19,0.03452577566795621,0.005830878715902994
T02,0,BG5,20,0.03499981394197409,0.007310816246696215
T02,0,BG5,21,0.03544519457422854,0.009122888957526235
T02,0,BG5,22,0.03609092747997824,0.011370729911102126
T02,0,BG5,23,0.03714628184567593,0.01418524472891433
T02,0,BG5,24,0.04011725076037209,0.018321544270880293
T02,0,BG5,25,0.06801092615919516,0.03652574866126448
T02,0,BG5,26,0.08109031288970703,0.05021159823257151
T02,0,BG5,27,0.09091161820668651,0.06351728982282108
T02,0,BG5,28,0.09822840891070421,0.07574719186574981
T02,0,BG5,29,0.10347978222746332,0.08623479322647537
T02,0,BG5,30,0.10708989133313983,0.09463585582959157
T02,0,BG5,31,0.10930395202899595,0.10080341977750124
T02,0,BG5,32,0.11044362309622292,0.10494178442671842
T02,0,BG5,33,0.11102181669611921,0.10763298331925614
T02,0,BG5,34,0.11126005481464708,0.10927503577056438
T02,0,BG5,35,0.11135355014342989,0.11025104079245768
T02,0,BG5,36,0.11149803992215991,0.11149803992215991
T02,0,BG6,0,0.0,0.0
T02,0,BG6,1,0.0045815851067176755,2.6542271931020756e-05
T02,0,BG6,2,0.008631316949624513,5.841645213245779e-05
T02,0,BG6,3,0.012186984550983335,9.668527010661455e-05
T02,0,BG6,4,0.015227400180849678,0.00014210839195100434
T02,0,BG6,5,0.017888697039496904,0.0001970973146307861
T02,0,BG6,6,0.020228585606939183,0.0002641236897746597
T02,0,BG6,7,0.022208857149318216,0.0003449782596367445
T02,0,BG6,8,0.023952361030710953,0.00044439576444697587
T02,0,BG6,9,0.025502634382912653,0.0005674635167563698
T02,0,BG6,10,0.0268686901122379,0.000720011890865014
T02,0,BG6,11,0.02816540372204065,0.0009128062314050521
T02,0,BG6,12,0.029285905787271808,0.0011527108366560068
T02,0,BG6,13,0.03051950819599123,0.001465009577166706
T02,0,BG6,14,0.03188284032881364,0.0018739438162859684
T02,0,BG6,15,0.03367764604033689,0.0024327235849191183
T02,0,BG6,16,0.03577423652397146,0.003186354287829351
T02,0,BG6,17,0.038529057144405014,0.004242432300757266
T02,0,BG6,18,0.04174202631587588,0.005691348293890951
T02,0,BG6,19,0.0457072982558418,0.007719267935510467
T02,0,BG6,20,0.050719233102448205,0.010594313272703125
T02,0,BG6,21,0.05621365954564412,0.014468279269184323
T02,0,BG6,22,0.06216018044982329,0.019584052631760624
T02,0,BG6,23,0.06797117053480582,0.0259565060157009
T02,0,BG6,24,0.07335938250280712,0.03350322245866328
T02,0,BG6,25,0.094417751257105,0.05070772073726133
T02,0,BG6,26,0.1066586209218414,0.06604364473749377
T02,0,BG6,27,0.11620115514418426,0.08118634994452538
T02,0,BG6,28,0.12332227463623001,0.09509790602381568
T02,0,BG6,29,0.12842652025353882,0.10702413730487896
T02,0,BG6,30,0.1319207384401344,0.11657899580236875
T02,0,BG6,31,0.1341662237845836,0.12373216087983151
T02,0,BG6,32,0.13545853565580096,0.12871055894386368
T02,0,BG6,33,0.13607965860885254,0.13192595915643038
T02,0,BG6,34,0.1363695470692092,0.13393654311797817
T02,0,BG6,35,0.13650012587195695,0.1351486405000954
T02,0,BG6,36,0.13668649607716582,0.13668649607716582
T02,0,BG7,0,0.0,0.0
T02,0,BG7,1,0.0057391058008936825,3.324807990030541e-05
T02,0,BG7,2,0.010792391657739332,7.304253057693781e-05
T02,0,BG7,3,0.015168361452558163,0.00012033798163460887
T02,0,BG7,4,0.018950220737673055,0.00017685129286662158
T02,0,BG7,5,0.022264516947645228,0.0002453100134714462
T02,0,BG7,6,0.025114848612343466,0.0003279233953304907
T02,0,BG7,7,0.02756826736259609,0.000428227928392691
T02,0,BG7,8,0.029669884227323345,0.0005504747883490227
T02,0,BG7,9,0.03148890650566141,0.0007006650907326181
T02,0,BG7,10,0.03303909840772826,0.000885362981098834
T02,0,BG7,11,0.03436366942242831,0.0011136844327935007
T02,0,BG7,12,0.03543571345248665,0.0013947709563178722
T02,0,BG7,13,0.036394545882296334,0.001747025478544895
T02,0,BG7,14,0.037216282662304735,0.002187421890313816
T02,0,BG7,15,0.03799319536678782,0.00274445971288115
T02,0,BG7,16,0.03858410018557708,0.0034366243735085063
T02,0,BG7,17,0.03922511131840679,0.0043190747883310445
T02,0,BG7,18,0.039787389534909956,0.005424841867437544
T02,0,BG7,19,0.04032040470278156,0.006809503478214554
T02,0,BG7,20,0.04084411163079235,0.008531582356789757
T02,0,BG7,21,0.04146068451638345,0.010671156569719507
T02,0,BG7,22,0.04237888977019601,0.013351801819160633
T02,0,BG7,23,0.045254645734980115,0.01728162798631378
T02,0,BG7,24,0.05295593430617673,0.024184969749807654
T02,0,BG7,25,0.08813837188971982,0.047335335708920935
T02,0,BG7,26,0.10498079863842565,0.0650047271281593
T02,0,BG7,27,0.11747902706380377,0.0820791616895061
T02,0,BG7,28,0.12651431712700892,0.0975593961532862
T02,0,BG7,29,0.13277542016511626,0.11064828964512048
T02,0,BG7,30,0.13683492973090508,0.12092169021599647
T02,0,BG7,31,0.1390858675694244,0.1282692053633052
T02,0,BG7,32,0.1401952105617705,0.13321127247234918
T02,0,BG7,33,0.14065969183861912,0.1363661912001616
T02,0,BG7,34,0.14080834800074843,0.13829614993705214
T02,0,BG7,35,0.1408589604443655,0.13946431843967128
T02,0,BG7,36,0.1409604960018164,0.1409604960018164
T02,0,BG8,0,0.0,0.0
T02,0,BG8,1,0.0057775434951746005,3.347075897852089e-05
T02,0,BG8,2,0.010850256335174004,7.343415685069076e-05
T02,0,BG8,3,0.015359014665350761,0.00012185052581418063
T02,0,BG8,4,0.019191665023777473,0.00017910455103062556
T02,0,BG8,5,0.0225078278236126,0.0002479908074798254
T02,0,BG8,6,0.02547805935631396,0.0003326658212337071
T02,0,BG8,7,0.028011300659396277,0.0004351097285140549
T02,0,BG8,8,0.03023788864768612,0.0005610131526816714
T02,0,BG8,9,0.0323129581993871,0.0007190012053878831
T02,0,BG8,10,0.03416882834945998,0.0009156368437947819
T02,0,BG8,11,0.03603133422314406,0.0011677314031710063
T02,0,BG8,12,0.03788959548978646,0.0014913572288155375
T02,0,BG8,13,0.04018423844446822,0.001928939812669625
T02,0,BG8,14,0.043365691937380636,0.002548859173213463
T02,0,BG8,15,0.04810110392403018,0.0034746101341927124
T02,0,BG8,16,0.05511355702249222,0.004908876772448876
T02,0,BG8,17,0.0654536524981528,0.00720709798584936
T02,0,BG8,18,0.07859305930914032,0.010715830431895057
T02,0,BG8,19,0.09362129048325991,0.01581121290359715
T02,0,BG8,20,0.10806267964600966,0.02257230266379043
T02,0,BG8,21,0.12148202241348337,0.031267059369702144
T02,0,BG8,22,0.13364015786397007,0.042104380447679876
T02,0,BG8,23,0.14394158814546237,0.05496772623082987
T02,0,BG8,24,0.15236729391635612,0.06958612752204818
T02,0,BG8,25,0.1691226923004614,0.09082853734483794
T02,0,BG8,26,0.1796538050127021,0.11124269137213545
T02,0,BG8,27,0.1877215026244926,0.13115552563408683
T02,0,BG8,28,0.19346095845623515,0.14918417705608078
T02,0,BG8,29,0.1974910959464666,0.1645790456650336
T02,0,BG8,30,0.2002987026703792,0.17700493373014228
T02,0,BG8,31,0.2020965294419412,0.18637954899926318
T02,0,BG8,32,0.2031686459586219,0.19304763531664038
T02,0,BG8,33,0.20375295438080696,0.19753359331392883
T02,0,BG8,34,0.20410393857247278,0.2004624675099156
T02,0,BG8,35,0.20427268030266127,0.20225018023803118
T02,0,BG8,36,0.2044872265997131,0.2044872265997131
T02,0,BG9,0,0.0,0.0
T02,0,BG9,1,0.002866995155985781,1.660922224525491e-05
T02,0,BG9,2,0.005473019290469146,3.7041203767851984e-05
T02,0,BG9,3,0.007698236401509487,6.107384967086594e-05
T02,0,BG9,4,0.009623851966238982,8.981376409371933e-05
T02,0,BG9,5,0.011277177897811947,0.00012425172590838172
T02,0,BG9,6,0.012723581064807669,0.0001661311989086262
T02,0,BG9,7,0.013954075897192332,0.00021675373832200225
T02,0,BG9,8,0.015028540212077297,0.00027882928181781753
T02,0,BG9,9,0.01599292358539608,0.0003558613008788656
T02,0,BG9,10,0.016819648455769155,0.0004507233819075775
T02,0,BG9,11,0.017571422325294753,0.0005694682740604472
T02,0,BG9,12,0.018227561412154588,0.0007174477604883974
T02,0,BG9,13,0.01897967855597361,0.0009110700857916859
T02,0,BG9,14,0.01987842875722664,0.001168373270833765
T02,0,BG9,15,0.020976150174189877,0.001515223938495279
T02,0,BG9,16,0.022257867787802383,0.0019824728398786327
T02,0,BG9,17,0.02380887344189197,0.0026215937042121384
T02,0,BG9,18,0.025509691657127978,0.003478138306456198
T02,0,BG9,19,0.02751599134016352,0.004647032688396566
T02,0,BG9,20,0.030027852591569322,0.00627226512443071
T02,0,BG9,21,0.03303258528805664,0.008501931262976246
T02,0,BG9,22,0.036141777058785164,0.011386750490297524
T02,0,BG9,23,0.03887445652595636,0.014845191812728505
T02,0,BG9,24,0.041642792850209484,0.019018259232247547
T02,0,BG9,25,0.052842884175266766,0.02837964450644243
T02,0,BG9,26,0.0595631650815628,0.03688186187496318
T02,0,BG9,27,0.06479190226452664,0.04526820782226666
T02,0,BG9,28,0.0688044459275505,0.05305739579704405
T02,0,BG9,29,0.07174220539935659,0.05978630916276276
T02,0,BG9,30,0.07392062768049436,0.06532401667625613
T02,0,BG9,31,0.07527176738875209,0.06941790688796573
T02,0,BG9,32,0.0760664681755398,0.07227715529955256
T02,0,BG9,33,0.07646096920146188,0.07412707245214462
T02,0,BG9,34,0.07663211843958694,0.07526490518087317
T02,0,BG9,35,0.07669261268336393,0.07593328073667198
T02,0,BG9,36,0.07679378624890454,0.07679378624890454
T02,0,BG10,0,0.0,0.0
T02,0,BG10,1,0.005565939972852442,3.2244886701436544e-05
T02,0,BG10,2,0.010464253171469113,7.082170082749431e-05
T02,0,BG10,3,0.014721245072624569,0.00011679078993930598
T02,0,BG10,4,0.018472542929899485,0.00017239340577139735
T02,0,BG10,5,0.021682397048610927,0.00023889622730260209
T02,0,BG10,6,0.024550494495607977,0.0003205546514709344
T02,0,BG10,7,0.026991983819028346,0.00041927630691401043
T02,0,BG10,8,0.029112488555846642,0.0005401332497379824
T02,0,BG10,9,0.031131545490733433,0.0006927133885125206
T02,0,BG10,10,0.03301824875766853,0.0008848042667644882
T02,0,BG10,11,0.03489986490807169,0.0011310618701666315
T02,0,BG10,12,0.03687554207482374,0.0014514434788454073
T02,0,BG10,13,0.039490186745919066,0.0018956236695652005
T02,0,BG10,14,0.04313458702839082,0.002535275771555282
T02,0,BG10,15,0.049001297089123895,0.0035396360990834937
T02,0,BG10,16,0.057830893077147734,0.005150905561265095
T02,0,BG10,17,0.07152120865680071,0.0078751962398267
T02,0,BG10,18,0.08815012576834327,0.01201889590948904
T02,0,BG10,19,0.10597645972825973,0.017897813192862634
T02,0,BG10,20,0.12382778328124627,0.025865342314556953
T02,0,BG10,21,0.14062506969804753,0.03619409939612755
T02,0,BG10,22,0.15600437414931403,0.04915040230967898
T02,0,BG10,23,0.16943019717591448,0.06470119474769767
T02,0,BG10,24,0.18023190032292327,0.08231189037151085
T02,0,BG10,25,0.19623844452906267,0.1053912438271015
T02,0,BG10,26,0.20687177869472573,0.12809622045024896
T02,0,BG10,27,0.2148277232342221,0.15009384953478871
T02,0,BG10,28,0.22049187914936455,0.17002861859804355
T02,0,BG10,29,0.22446664677854966,0.18705909920934405
T02,0,BG10,30,0.22727464309811604,0.2008437030982015
T02,0,BG10,31,0.22904204169517683,0.21122951758595923
T02,0,BG10,32,0.23002713577091266,0.21856814727041493
T02,0,BG10,33,0.23052809717592881,0.2234914506963962
T02,0,BG10,34,0.23082356081019284,0.2267053782776928
T02,0,BG10,35,0.23095544256754968,0.228668757209377
T02,0,BG10,36,0.2311214270906656,0.2311214270906656
T02,0,BG11,0,0.0,0.0
T02,0,BG11,1,0.0026941272577383486,1.5607755163078986e-05
T02,0,BG11,2,0.005151751138224127,3.486687205604561e-05
T02,0,BG11,3,0.007251426585704737,5.752909036764244e-05
T02,0,BG11,4,0.009068704078736955,8.463289479477262e-05
T02,0,BG11,5,0.010645399211444296,0.00011729080072003608
T02,0,BG11,6,0.01202521502321497,0.00015701266618179231
T02,0,BG11,7,0.01321381121295831,0.00020525493761760298
T02,0,BG11,8,0.014306288197996328,0.0002654291100866394
T02,0,BG11,9,0.015259966687969438,0.00033955215087306265
T02,0,BG11,10,0.01621676674294514,0.0004345677001650972
T02,0,BG11,11,0.017120755196856043,0.0005548627039474293
T02,0,BG11,12,0.017938141261913242,0.0007060560102903718
T02,0,BG11,13,0.018987312197968488,0.0009114365184587188
T02,0,BG11,14,0.020260097036889087,0.0011908061877341294
T02,0,BG11,15,0.021914396051922712,0.0015829986527845874
T02,0,BG11,16,0.023920880713291577,0.002130594751577524
T02,0,BG11,17,0.026668362444130716,0.0029364518733616275
T02,0,BG11,18,0.030004879897374298,0.00409103816196796
T02,0,BG11,19,0.03408470932725706,0.00575638932662688
T02,0,BG11,20,0.038776844184626576,0.008099768275706045
T02,0,BG11,21,0.043787737624262205,0.011270093828607797
T02,0,BG11,22,0.04918181993281573,0.015495118326504709
T02,0,BG11,23,0.053651531152232354,0.020488190515140677
T02,0,BG11,24,0.057794375714581285,0.02639468543478398
T02,0,BG11,25,0.06818333491137862,0.036618342020868076
T02,0,BG11,26,0.07460544633928183,0.04619613068804399
T02,0,BG11,27,0.07954594246280322,0.055576424427660545
T02,0,BG11,28,0.0831909041394633,0.06415127204576879
T02,0,BG11,29,0.0857162009775763,0.07143152698171681
T02,0,BG11,30,0.08755215277008134,0.07737026145976475
T02,0,BG11,31,0.08873156713882428,0.08183094243788842
T02,0,BG11,32,0.08943779921724884,0.08498238281486616
T02,0,BG11,33,0.089775487074142,0.08703517743002354
T02,0,BG11,34,0.0899480982224207,0.08834331103747371
T02,0,BG11,35,0.09002104118257793,0.08912974468399673
T02,0,BG11,36,0.09012358608810744,0.09012358608810744
T02,0,BG12,0,0.0,0.0
T02,0,BG12,1,0.0028371790503995934,1.6436490020547115e-05
T02,0,BG12,2,0.005418769580495392,3.6674043622214444e-05
T02,0,BG12,3,0.007595883420787031,6.026183388080964e-05
T02,0,BG12,4,0.00947078591093259,8.838528918548516e-05
T02,0,BG12,5,0.011103358829741576,0.00012233659082766765
T02,0,BG12,6,0.012540599044850968,0.00016374201125969078
T02,0,BG12,7,0.013750210277341536,0.00021358701884631933
T02,0,BG12,8,0.014796175223114766,0.0002745181392751045
T02,0,BG12,9,0.015675672134845504,0.0003488020837472603
T02,0,BG12,10,0.016432557938185356,0.0004403503485409598
T02,0,BG12,11,0.017064357719162402,0.0005530349324456683
T02,0,BG12,12,0.017588457847439256,0.0006922922639629938
T02,0,BG12,13,0.01810040753288486,0.0008688629656693529
T02,0,BG12,14,0.018518474084244008,0.0010884406669460181
T02,0,BG12,15,0.01899933500312174,0.0013724275865633483
T02,0,BG12,16,0.019390419765924368,0.0017270738205647832
T02,0,BG12,17,0.019829377385697573,0.0021834116240972462
T02,0,BG12,18,0.020211558392528618,0.0027557602933450318
T02,0,BG12,19,0.020609488181542675,0.003480629287386917
T02,0,BG12,20,0.021043185454295926,0.004395533715643755
T02,0,BG12,21,0.02150005018486567,0.005533685814618139
T02,0,BG12,22,0.021965462210136334,0.006920391231431828
T02,0,BG12,23,0.02265240864771962,0.008650393658388269
T02,0,BG12,24,0.023808476081628175,0.010873328601743575
T02,0,BG12,25,0.04035931626514928,0.021675256107627956
T02,0,BG12,26,0.0483147339538887,0.029916767164319222
T02,0,BG12,27,0.05426392452272145,0.03791261770572867
T02,0,BG12,28,0.05873094661187949,0.045289385490889886
T02,0,BG12,29,0.06203831842379531,0.05169958271127919
T02,0,BG12,30,0.06440261573144765,0.056912903433835184
T02,0,BG12,31,0.06597059895366089,0.06084008730031344
T02,0,BG12,32,0.06678654905041152,0.06345952297652659
T02,0,BG12,33,0.06718579300347789,0.06513501197499366
T02,0,BG12,34,0.06733093276217149,0.06612966413803407
T02,0,BG12,35,0.06738620513053316,0.0667190155874334
T02,0,BG12,36,0.06747786062276585,0.06747786062276585
T02,0,BG13,0,0.0,0.0
T02,0,BG13,1,0.0026443574093887486,1.5319425866618015e-05
T02,0,BG13,2,0.005073055993542337,3.433426621739558e-05
T02,0,BG13,3,0.007116278906960274,5.645689832677726e-05
T02,0,BG13,4,0.008854765306752332,8.263632985970197e-05
T02,0,BG13,5,0.010379076493228293,0.0001143564619182605
T02,0,BG13,6,0.011699367969266591,0.00015275809662706165
T02,0,BG13,7,0.012837096901568236,0.00019940329655565835
T02,0,BG13,8,0.013803268934473825,0.00025609643427926726
T02,0,BG13,9,0.0146528082345125,0.00032604216216174054
T02,0,BG13,10,0.015356650327512208,0.0004115187887111736
T02,0,BG13,11,0.015940030807025465,0.0005165968747668174
T02,0,BG13,12,0.016411460365224395,0.0006459649377834018
T02,0,BG13,13,0.016882669708128527,0.0008104086335144073
T02,0,BG13,14,0.017223322448193516,0.001012316916301528
T02,0,BG13,15,0.017650414304868592,0.0012749875503658586
T02,0,BG13,16,0.0179180130903289,0.001595928892708637
T02,0,BG13,17,0.018229879722930397,0.0020072910229827364
T02,0,BG13,18,0.01858064288616826,0.002533391881883723
T02,0,BG13,19,0.018804424861250793,0.0031757815335339305
T02,0,BG13,20,0.01920771923469066,0.004012138632811611
T02,0,BG13,21,0.01956916846946597,0.0050367152086990006
T02,0,BG13,22,0.019942785351776737,0.006283130992256915
T02,0,BG13,23,0.02049895866288365,0.007828044429376834
T02,0,BG13,24,0.021476599070015864,0.009808360599128515
T02,0,BG13,25,0.03737029486193881,0.020069980989492413
T02,0,BG13,26,0.044829829411283856,0.027758893727461372
T02,0,BG13,27,0.050332529650824666,0.03516586684434644
T02,0,BG13,28,0.05440871648914417,0.041956370190969816
T02,0,BG13,29,0.0574381493612836,0.0478660355460188
T02,0,BG13,30,0.059624694020079076,0.052690630947331694
T02,0,BG13,31,0.06101452866267418,0.05626944878531554
T02,0,BG13,32,0.06174822542625743,0.05867218754009808
T02,0,BG13,33,0.062132717224059456,0.06023617640174096
T02,0,BG13,34,0.062264085011326235,0.06115321553803499
T02,0,BG13,35,0.06231299182570753,0.06169603213510843
T02,0,BG13,36,0.06239898986958885,0.06239898986958885
T02,0,BG14,0,0.0,0.0
T02,0,BG14,1,0.0022283883232112884,1.2909612661577323e-05
T02,0,BG14,2,0.004299079038354431,2.9096017023170976e-05
T02,0,BG14,3,0.006077000531228221,4.821179785641557e-05
T02,0,BG14,4,0.0075477382924224855,7.043861356380052e-05
T02,0,BG14,5,0.00881881647417042,9.716554776471391e-05
T02,0,BG14,6,0.009994947361279044,0.00013050355782603557
T02,0,BG14,7,0.010998121384810319,0.00017083782161117037
T02,0,BG14,8,0.011888948955701435,0.00022057944683137357
T02,0,BG14,9,0.012751967051378182,0.000283746218349101
T02,0,BG14,10,0.013598215492650912,0.00036439725025647215
T02,0,BG14,11,0.014394530210149765,0.0004665090905392466
T02,0,BG14,12,0.015161271193253771,0.000596756738713996
T02,0,BG14,13,0.01610513750952135,0.000773085221471279
T02,0,BG14,14,0.01735342605842352,0.0010199638776617807
T02,0,BG14,15,0.0190908196188983,0.001379036030707955
T02,0,BG14,16,0.021131276758753106,0.0018821291701043128
T02,0,BG14,17,0.023909392278353574,0.002632661831054308
T02,0,BG14,18,0.027242416403183388,0.003714387973399892
T02,0,BG14,19,0.031338473543278525,0.005292591834971684
T02,0,BG14,20,0.036028699654497,0.00752573150748328
T02,0,BG14,21,0.040743206735799606,0.01048649206343306
T02,0,BG14,22,0.04534792837758623,0.01428722068614321
T02,0,BG14,23,0.04935885754507691,0.018848924788727326
T02,0,BG14,24,0.05275267216055786,0.024092139958096597
T02,0,BG14,25,0.05969727354296791,0.032060842734215084
T02,0,BG14,26,0.06384451313252702,0.03953289763892072
T02,0,BG14,27,0.06698708276195058,0.04680191638595568
T02,0,BG14,28,0.06915953245953316,0.05333121488267185
T02,0,BG14,29,0.07076172658409301,0.05896922791816521
T02,0,BG14,30,0.07188443774965625,0.06352462581805415
T02,0,BG14,31,0.07263542490501984,0.06698659189236049
T02,0,BG14,32,0.07304595725531811,0.0694071136858179
T02,0,BG14,33,0.07322643094652902,0.07099126533276554
T02,0,BG14,34,0.07332843174747751,0.0720201603631141
T02,0,BG14,35,0.07337070978124485,0.07264426784478291
T02,0,BG14,36,0.07343633167491455,0.07343633167491455
T02,0,BG15,0,0.0,0.0
T02,0,BG15,1,0.001701169545764252,9.85530196519666e-06
T02,0,BG15,2,0.003330696280574417,2.2542036345779612e-05
T02,0,BG15,3,0.004636827582840171,3.678620622697433e-05
T02,0,BG15,4,0.005747985180912314,5.3642573424466004e-05
T02,0,BG15,5,0.006725775725824165,7.410446579677735e-05
T02,0,BG15,6,0.0075734601169263,9.88863126439286e-05
T02,0,BG15,7,0.008312465902564476,0.0001291205577909499
T02,0,BG15,8,0.008911685330484418,0.00016534132872219037
T02,0,BG15,9,0.009508235809409233,0.00021156939499210241
T02,0,BG15,10,0.00997241140837962,0.0002672350130351828
T02,0,BG15,11,0.01037538841249997,0.0003362536296213794
T02,0,BG15,12,0.010716799968060272,0.0004218196827122474
T02,0,BG15,13,0.011069488381808277,0.000531361986067109
T02,0,BG15,14,0.011399616384310913,0.0006700231346649971
T02,0,BG15,15,0.011864282142305166,0.000857023057720774
T02,0,BG15,16,0.012184449834298092,0.0010852495435478328
T02,0,BG15,17,0.01266974011293146,0.001395064365980325
T02,0,BG15,18,0.013221437536312214,0.0018026869514711258
T02,0,BG15,19,0.013746253915577437,0.002321533347147144
T02,0,BG15,20,0.014355984827214662,0.002998700718856537
T02,0,BG15,21,0.015015247306134405,0.0038646263814019195
T02,0,BG15,22,0.015817214655441263,0.004983337601440439
T02,0,BG15,23,0.01666289583871508,0.006363147091417641
T02,0,BG15,24,0.01767584802040315,0.00807255798578053
T02,0,BG15,25,0.027083489535022508,0.014545379463708888
T02,0,BG15,26,0.03203153263695683,0.019834113203782425
T02,0,BG15,27,0.0358112296204769,0.025020259171108544
T02,0,BG15,28,0.03875079623692371,0.0298820273119518
T02,0,BG15,29,0.040887772626662176,0.03407379237882061
T02,0,BG15,30,0.042453613066224125,0.03751646357696443
T02,0,BG15,31,0.04345010861824487,0.04007100800736523
T02,0,BG15,32,0.04406633982759813,0.041871139506431516
T02,0,BG15,33,0.04438272325672707,0.0430279837419882
T02,0,BG15,34,0.04452744553414809,0.0437330199215818
T02,0,BG15,35,0.044586214611634124,0.04414476733364139
T02,0,BG15,36,0.04467716620063851,0.04467716620063851
T02,1,BG1,0,0.0,0.0
T02,1,BG1,1,0.0008402319356047963,4.8676743957862596e-06
T02,1,BG1,2,0.0018163105773073155,1.2292726650607578e-05
T02,1,BG1,3,0.0024642809484099436,1.9550338087800727e-05
T02,1,BG1,4,0.003018782399821031,2.8172525175183266e-05
T02,1,BG1,5,0.0035084681483721386,3.8656233568175845e-05
T02,1,BG1,6,0.0038793030860167616,5.065187778821415e-05
T02,1,BG1,7,0.004264855137885611,6.624754675028417e-05
T02,1,BG1,8,0.004524758181554934,8.394927599159878e-05
T02,1,BG1,9,0.004784264413917225,0.00010645549283672196
T02,1,BG1,10,0.005016051895563638,0.0001344173083993542
T02,1,BG1,11,0.0051947343939674215,0.00016835497835411317
T02,1,BG1,12,0.0053354413259145824,0.00021000617429896143
T02,1,BG1,13,0.005471067357369601,0.00026262435420600164
T02,1,BG1,14,0.005579652982871495,0.0003279493320900856
T02,1,BG1,15,0.005662682879494956,0.00040904706259354363
T02,1,BG1,16,0.005750570031369013,0.000512194115114196
T02,1,BG1,17,0.005829348647228438,0.0006418692485419183
T02,1,BG1,18,0.005968163113447832,0.0008137337393882694
T02,1,BG1,19,0.006090590955113257,0.001028608236368953
T02,1,BG1,20,0.006245844717611588,0.0013046418789840653
T02,1,BG1,21,0.0064967677024589015,0.0016721389500388855
T02,1,BG1,22,0.006742226961729642,0.0021241915048951557
T02,1,BG1,23,0.007119706724281757,0.0027188396113705534
T02,1,BG1,24,0.007607797074307015,0.003474480153883395
T02,1,BG1,25,0.013403223244625933,0.007198295784858182
T02,1,BG1,26,0.016236409783281763,0.010053680353837328
T02,1,BG1,27,0.01835154714141419,0.012821689481912047
T02,1,BG1,28,0.01990974855591466,0.015353069037977368
T02,1,BG1,29,0.0210446328482878,0.017537527844955294
T02,1,BG1,30,0.02182669616289811,0.01928835710582525
T02,1,BG1,31,0.02229352778670598,0.020559767483013035
T02,1,BG1,32,0.02251387874719785,0.021392331641372345
T02,1,BG1,33,0.0226224019168991,0.021931875027154872
T02,1,BG1,34,0.022675150229131684,0.022270596993450104
T02,1,BG1,35,0.022705132749103935,0.022480329670498962
T02,1,BG1,36,0.02274640260657322,0.02274640260657322
T02,1,BG2,0,0.0,0.0
T02,1,BG2,1,0.0008650900243541789,5.011683551361161e-06
T02,1,BG2,2,0.0018529245331774186,1.2540528641241285e-05
T02,1,BG2,3,0.0025322611770162585,2.0089658208353595e-05
T02,1,BG2,4,0.003090936239817037,2.8845894597570074e-05
T02,1,BG2,5,0.0036030246578209833,3.969805520311936e-05
T02,1,BG2,6,0.00402318266397253,5.253050655520943e-05
T02,1,BG2,7,0.0044083847382056065,6.84770441074598e-05
T02,1,BG2,8,0.004689551819578667,8.700674442198898e-05
T02,1,BG2,9,0.004967072513404278,0.00011052318720665904
T02,1,BG2,10,0.00519604291447747,0.00013924060520193065
T02,1,BG2,11,0.0053904940942918565,0.0001746993106551875
T02,1,BG2,12,0.005548231713212833,0.00021838173259106276
T02,1,BG2,13,0.0056837748417242024,0.0002728348225289018
T02,1,BG2,14,0.00577228935397209,0.00033927171602471596
T02,1,BG2,15,0.0058458147231440745,0.00042227569602939553
T02,1,BG2,16,0.005900291304615836,0.0005255295499589078
T02,1,BG2,17,0.0059775183233831495,0.0006581842030118073
T02,1,BG2,18,0.006072278011207973,0.0008279293615470024
T02,1,BG2,19,0.006209626089947559,0.0010487114599914663
T02,1,BG2,20,0.006372683031326067,0.0013311360636750248
T02,1,BG2,21,0.006590117006124485,0.0016961652066959658
T02,1,BG2,22,0.006766103010073525,0.002131713852956694
T02,1,BG2,23,0.007057281888847923,0.002695001110201165
T02,1,BG2,24,0.007447139198478496,0.003401107704641412
T02,1,BG2,25,0.013632729814734013,0.0073215539091964635
T02,1,BG2,26,0.01643032344806091,0.010173752825836432
T02,1,BG2,27,0.018362714629977565,0.012829491866838903
T02,1,BG2,28,0.01954021134939019,0.015068106611921026
T02,1,BG2,29,0.02031858877454511,0.01693247962743191
T02,1,BG2,30,0.02083898123181791,0.018415508670935898
T02,1,BG2,31,0.021189417954189296,0.019541523966826433
T02,1,BG2,32,0.0213942099822046,0.02032844007188726
T02,1,BG2,33,0.021515595693312163,0.020858853004926025
T02,1,BG2,34,0.021573687329248747,0.02118878564201698
T02,1,BG2,35,0.021606378323218232,0.021392453977134136
T02,1,BG2,36,0.021654214815723587,0.021654214815723587
T02,1,BG3,0,0.0,0.0
T02,1,BG3,1,0.0010688553078093048,6.192146955107481e-06
T02,1,BG3,2,0.0021867906593773475,1.4800122970752187e-05
T02,1,BG3,3,0.0030058033605636714,2.3846498519777337e-05
T02,1,BG3,4,0.003718129740734388,3.469912360095078e-05
T02,1,BG3,5,0.004349226884002604,4.7919696990590765e-05
T02,1,BG3,6,0.004855758226592743,6.34014068304534e-05
T02,1,BG3,7,0.005338583711349535,8.292616356787315e-05
T02,1,BG3,8,0.005726281876694525,0.00010624152646678275
T02,1,BG3,9,0.0060580735243444435,0.0001347992388094853
T02,1,BG3,10,0.006346770749810072,0.0001700771555933061
T02,1,BG3,11,0.006617830262405474,0.00021447577205783397
T02,1,BG3,12,0.006829085004281631,0.00026879688690080146
T02,1,BG3,13,0.007016623044141571,0.000336814732859718
T02,1,BG3,14,0.0072086368060454,0.0004236943842094417
T02,1,BG3,15,0.007428743574842641,0.000536619446726116
T02,1,BG3,16,0.0076798832855311545,0.0006840349740005833
T02,1,BG3,17,0.00801044970391063,0.000882030162982344
T02,1,BG3,18,0.008440944305209575,0.0011508869692667626
T02,1,BG3,19,0.008987012116916309,0.0015177697427163031
T02,1,BG3,20,0.0094600435192972,0.0019760287832570056
T02,1,BG3,21,0.01006302432875494,0.002590022560400571
T02,1,BG3,22,0.010762444622093827,0.0033907926419839696
T02,1,BG3,23,0.011623022326993143,0.004438544267127159
T02,1,BG3,24,0.012678317730176077,0.005790186396631478
T02,1,BG3,25,0.01920491954380576,0.010314137811266973
T02,1,BG3,26,0.022730570500625633,0.014074902776025041
T02,1,BG3,27,0.02541006641932818,0.017753270532487115
T02,1,BG3,28,0.027427888017194757,0.021150556291972007
T02,1,BG3,29,0.02885726981677812,0.024048182582005518
T02,1,BG3,30,0.02991389476714036,0.026435053721902045
T02,1,BG3,31,0.030533915563522314,0.028159303089513952
T02,1,BG3,32,0.030846130726134065,0.029309505722169487
T02,1,BG3,33,0.03097958766577111,0.030033965848623133
T02,1,BG3,34,0.03102490393895665,0.030471380631494228
T02,1,BG3,35,0.031044885191655068,0.03073751042409714
T02,1,BG3,36,0.031082082743846006,0.031082082743846006
T02,1,BG4,0,0.0,0.0
T02,1,BG4,1,0.0009960338926774256,5.7702742242316755e-06
T02,1,BG4,2,0.002076284131288723,1.4052218610196316e-05
T02,1,BG4,3,0.0028455402378310154,2.25750532501761e-05
T02,1,BG4,4,0.0034799468539965382,3.247630243635194e-05
T02,1,BG4,5,0.0040853819408029615,4.501265826685007e-05
T02,1,BG4,6,0.00456030867591739,5.954373571651721e-05
T02,1,BG4,7,0.004989628965377876,7.750572230985057e-05
T02,1,BG4,8,0.005351847588803997,9.929452863563441e-05
T02,1,BG4,9,0.005659306288100666,0.0001259262001624048
T02,1,BG4,10,0.00594783179934037,0.00015938661650320406
T02,1,BG4,11,0.006182679582522588,0.00020037307202578025
T02,1,BG4,12,0.006368054532002388,0.0002506504505709641
T02,1,BG4,13,0.006580931824790975,0.0003159005098410048
T02,1,BG4,14,0.0067412799320840915,0.0003962250441071431
T02,1,BG4,15,0.006915000856172082,0.0004995089540303468
T02,1,BG4,16,0.007169509503464359,0.0006385767957893618
T02,1,BG4,17,0.007433894714895675,0.0008185457268393524
T02,1,BG4,18,0.007801206797457423,0.0010636614711129282
T02,1,BG4,19,0.008315549934937575,0.0014043699898454917
T02,1,BG4,20,0.008626860213028996,0.0018019921448001824
T02,1,BG4,21,0.009044487444286757,0.0023278713978827615
T02,1,BG4,22,0.009546248837535815,0.0030076206032800066
T02,1,BG4,23,0.010093824368257289,0.0038545814547180277
T02,1,BG4,24,0.010799657332950728,0.004932202393148766
T02,1,BG4,25,0.016929734591454474,0.009092233646791964
T02,1,BG4,26,0.020171356634513898,0.012490222558627102
T02,1,BG4,27,0.022721371873694263,0.015874758245249043
T02,1,BG4,28,0.02458172883543148,0.0189557883561232
T02,1,BG4,29,0.025954586143210463,0.021629233464800994
T02,1,BG4,30,0.026914489789544818,0.02378446497272519
T02,1,BG4,31,0.027544245713324065,0.0254021387911579
T02,1,BG4,32,0.02785019918553465,0.026462818962818373
T02,1,BG4,33,0.027976588894585052,0.027122630676903986
T02,1,BG4,34,0.02803176060053173,0.027531638751240102
T02,1,BG4,35,0.028051424680490114,0.027773688054800336
T02,1,BG4,36,0.028089563354320436,0.028089563354320436
T02,1,BG5,0,0.0,0.0
T02,1,BG5,1,0.004935310140553283,2.8591489904183828e-05
T02,1,BG5,2,0.009292041781267248,6.288821470116654e-05
T02,1,BG5,3,0.013101371466880035,0.00010393954542043514
T02,1,BG5,4,0.01636928091905024,0.00015276489529652962
T02,1,BG5,5,0.01923768523959655,0.0002119604403650206
T02,1,BG5,6,0.021713600204374916,0.00028351345551034715
T02,1,BG5,7,0.023810226902077333,0.0003698529185182874
T02,1,BG5,8,0.02562527732761371,0.00047543391211993214
T02,1,BG5,9,0.02712389949817776,0.0006035385655562456
T02,1,BG5,10,0.028451760763163487,0.000762434119143473
T02,1,BG5,11,0.029519316374231788,0.0009566848836558041
T02,1,BG5,12,0.030459815216672743,0.0011989166170957297
T02,1,BG5,13,0.031216013349697484,0.0014984434970942257
T02,1,BG5,14,0.03185701747676292,0.0018724260595623825
T02,1,BG5,15,0.032387951850649445,0.002339561815200357
T02,1,BG5,16,0.032882990994929286,0.0029288356605968124
T02,1,BG5,17,0.03334874376215822,0.003672028285329704
T02,1,BG5,18,0.03371035370699348,0.004596263793305353
T02,1,BG5,19,0.034067982984392876,0.005753564481619482
T02,1,BG5,20,0.034416663624047925,0.0071890068781457084
T02,1,BG5,21,0.03482211777255731,0.008962521365760727
T02,1,BG5,22,0.03535378744932273,0.011138488147339727
T02,1,BG5,23,0.03627769008588694,0.013853551082750515
T02,1,BG5,24,0.03910339830018749,0.017858517957114198
T02,1,BG5,25,0.06754364517431276,0.03627479203419176
T02,1,BG5,26,0.08065006142627014,0.04993899185449269
T02,1,BG5,27,0.09049302879277352,0.06322483368952402
T02,1,BG5,28,0.09757644271052944,0.07524443902119862
T02,1,BG5,29,0.10268180772000839,0.08556980184509241
T02,1,BG5,30,0.10606320912418156,0.09372857177059936
T02,1,BG5,31,0.108118685278556,0.09971033089413392
T02,1,BG5,32,0.10916317591330413,0.10372512391530489
T02,1,BG5,33,0.10962608390413454,0.10627985410014361
T02,1,BG5,34,0.1098225398466956,0.1078631678083211
T02,1,BG5,35,0.10990006208682122,0.10881194374751098
T02,1,BG5,36,0.11002665562946735,0.11002665562946735
T02,1,BG6,0,0.0,0.0
T02,1,BG6,1,0.004417391658893546,2.5591058173192743e-05
T02,1,BG6,2,0.0083285325465047,5.6367218066393004e-05
T02,1,BG6,3,0.011691405562700305,9.275360078566674e-05
T02,1,BG6,4,0.014647535412236642,0.0001366968546418581
T02,1,BG6,5,0.017204217089452814,0.00018955572802737664
T02,1,BG6,6,0.0194002380572618,0.0002533079953465307
T02,1,BG6,7,0.021298197936650824,0.00033083265810294994
T02,1,BG6,8,0.022941883660685607,0.0004256480558054313
T02,1,BG6,9,0.02428627429671331,0.0005403980767880665
T02,1,BG6,10,0.025504221062849816,0.0006834476208889552
T02,1,BG6,11,0.026564254218682682,0.0008609149382425358
T02,1,BG6,12,0.027372323195028962,0.0010773910745633874
T02,1,BG6,13,0.02822041673884407,0.0013546476772223544
T02,1,BG6,14,0.028932256713861446,0.0017005204974770947
T02,1,BG6,15,0.029839022195572083,0.0021554384593655933
T02,1,BG6,16,0.030783511181162706,0.002741838330314716
T02,1,BG6,17,0.03199486684569338,0.0035229529858232032
T02,1,BG6,18,0.03344008904590761,0.004559414367220545
T02,1,BG6,19,0.03524013952822843,0.0059515239138792945
T02,1,BG6,20,0.03740953037677245,0.007814161618534392
T02,1,BG6,21,0.040013500996692784,0.010298680271969498
T02,1,BG6,22,0.04305923110575663,0.013566148662313052
T02,1,BG6,23,0.046244662766743994,0.017659690965990592
T02,1,BG6,24,0.04936886365840014,0.022546755016017474
T02,1,BG6,25,0.07457192313644666,0.04004937852288905
T02,1,BG6,26,0.08759228254523936,0.054237655949844796
T02,1,BG6,27,0.09763433344345582,0.0682142542602219
T02,1,BG6,28,0.10487933801916946,0.08087594440877392
T02,1,BG6,29,0.11014286505872238,0.09178746787647757
T02,1,BG6,30,0.11379822882077441,0.1005640459738941
T02,1,BG6,31,0.11608919687821258,0.1070609782323711
T02,1,BG6,32,0.11733882198549828,0.11149349346507165
T02,1,BG6,33,0.11795988127706813,0.11435927016945495
T02,1,BG6,34,0.11824965597195954,0.11613993340236588
T02,1,BG6,35,0.11836471392534065,0.11719278746317456
T02,1,BG6,36,0.11853916421435924,0.11853916421435924
T02,1,BG7,0,0.0,0.0
T02,1,BG7,1,0.005682868973847056,3.29222857423751e-05
T02,1,BG7,2,0.010686820741861083,7.23280304627392e-05
T02,1,BG7,3,0.015042402522319993,0.0001193386882438429
T02,1,BG7,4,0.01885348758919004,0.00017594853899380227
T02,1,BG7,5,0.022115624045571894,0.0002436695137658427
T02,1,BG7,6,0.02495841062353682,0.00032588079221473464
T02,1,BG7,7,0.027403245972787843,0.0004256645909165308
T02,1,BG7,8,0.029488624050090492,0.0005471118105938665
T02,1,BG7,9,0.031272213304664474,0.0006958434112278128
T02,1,BG7,10,0.032770893260148724,0.0008781757749392099
T02,1,BG7,11,0.03408851131484258,0.0011047668960971313
T02,1,BG7,12,0.03510972554126091,0.0013819398793799577
T02,1,BG7,13,0.03602223260263714,0.001729153543162992
T02,1,BG7,14,0.036864339046693714,0.0021667360708289654
T02,1,BG7,15,0.03759204480765235,0.002715482369969805
T02,1,BG7,16,0.038245662743255755,0.0034064802774972413
T02,1,BG7,17,0.03896940733771128,0.004290919238601203
T02,1,BG7,18,0.03968456928635036,0.0054108227643437125
T02,1,BG7,19,0.04032866864839993,0.0068108991393454376
T02,1,BG7,20,0.04094407402720469,0.008552462654239708
T02,1,BG7,21,0.041694553341116276,0.010731349761261
T02,1,BG7,22,0.04278734670567411,0.013480489371660825
T02,1,BG7,23,0.0456697000657416,0.017440126969984145
T02,1,BG7,24,0.05409213408948317,0.02470387204713613
T02,1,BG7,25,0.08939452298926377,0.04800996046967258
T02,1,BG7,26,0.10639017851839949,0.06587742357498487
T02,1,BG7,27,0.11904764234105188,0.0831751072021423
T02,1,BG7,28,0.12802778792539443,0.09872648394890593
T02,1,BG7,29,0.13407959797248897,0.11173512492899909
T02,1,BG7,30,0.138062728807828,0.12200670236217648
T02,1,BG7,31,0.14024710362992082,0.12934013277188605
T02,1,BG7,32,0.14126962391835302,0.13423216312219893
T02,1,BG7,33,0.1416641730072386,0.13734001168055013
T02,1,BG7,34,0.14177863102518115,0.13924912226717018
T02,1,BG7,35,0.14181070952711083,0.1404066444945138
T02,1,BG7,36,0.1418921883454123,0.1418921883454123
T02,1,BG8,0,0.0,0.0
T02,1,BG8,1,0.005344135731963621,3.09599190307968e-05
T02,1,BG8,2,0.010057623220306589,6.806964345876097e-05
T02,1,BG8,3,0.014160939631602861,0.00011234561470118181
T02,1,BG8,4,0.01770255897199775,0.00016520759704032298
T02,1,BG8,5,0.02079478380045464,0.00022911652163677736
T02,1,BG8,6,0.02344892895555217,0.00030617156090151246
T02,1,BG8,7,0.025711643202990752,0.00039938830963823305
T02,1,BG8,8,0.027680709513693214,0.000513568995674417
T02,1,BG8,9,0.02939970340097551,0.0006541778725256541
T02,1,BG8,10,0.030981306150054587,0.0008302194384622999
T02,1,BG8,11,0.03254371114708634,0.0010547018126075688
T02,1,BG8,12,0.03399229108210767,0.0013379569847410222
T02,1,BG8,13,0.035785547693219795,0.0017177921051681497
T02,1,BG8,14,0.03786318771997976,0.0022254443339997433
T02,1,BG8,15,0.04085456424135663,0.0029511523011840997
T02,1,BG8,16,0.04514375280006929,0.004020882170659965
T02,1,BG8,17,0.051417736344565416,0.0056616040404571764
T02,1,BG8,18,0.05910862484011827,0.008059210405360985
T02,1,BG8,19,0.06800422977623091,0.011484880746448685
T02,1,BG8,20,0.07690518463100528,0.016064076029708704
T02,1,BG8,21,0.08473661024524733,0.021809520203906984
T02,1,BG8,22,0.09158908501080205,0.02885585994979882
T02,1,BG8,23,0.09732173415476997,0.03716475905608902
T02,1,BG8,24,0.10310129185244128,0.04708634949156277
T02,1,BG8,25,0.11906594165157225,0.06394520568382635
T02,1,BG8,26,0.12878840196044147,0.07974653524697461
T02,1,BG8,27,0.13605157283450794,0.09505525643446096
T02,1,BG8,28,0.141290432154856,0.10895374964672867
T02,1,BG8,29,0.1448308496658093,0.12069467202526847
T02,1,BG8,30,0.14723149945638808,0.1301091891889578
T02,1,BG8,31,0.14878208703641332,0.13721135316369068
T02,1,BG8,32,0.14961554414056016,0.1421623244488753
T02,1,BG8,33,0.15009138589899398,0.14550999212735577
T02,1,BG8,34,0.15034805511350205,0.14766565707836213
T02,1,BG8,35,0.1504744007013004,0.14898455637029276
T02,1,BG8,36,0.15064147932634747,0.15064147932634747
T02,1,BG9,0,0.0,0.0
T02,1,BG9,1,0.0028286771088507925,1.6387236140463856e-05
T02,1,BG9,2,0.005380674974890561,3.641622062014957e-05
T02,1,BG9,3,0.007529832992231836,5.973782389390819e-05
T02,1,BG9,4,0.009425593366462802,8.796353275867631e-05
T02,1,BG9,5,0.011055354462850669,0.00012180767952685104
T02,1,BG9,6,0.0124718901772163,0.00016284488267290695
T02,1,BG9,7,0.013664073684783706,0.0002122490285717628
T02,1,BG9,8,0.014671285707124657,0.00027220102301329756
T02,1,BG9,9,0.015541964968444578,0.0003458269417772604
T02,1,BG9,10,0.016283614715931878,0.00043635905381961634
T02,1,BG9,11,0.01696910770429922,0.0005499479942350377
T02,1,BG9,12,0.017523139061338646,0.0006897212751898786
T02,1,BG9,13,0.01808215293032363,0.0008679867049759655
T02,1,BG9,14,0.018620606480551603,0.0010944435965612852
T02,1,BG9,15,0.01916516980615853,0.0013844067589095929
T02,1,BG9,16,0.019932718763392438,0.0017753755206797353
T02,1,BG9,17,0.020891130608678615,0.0023003212005057137
T02,1,BG9,18,0.021807043315727668,0.0029732978982486002
T02,1,BG9,19,0.022982984308117814,0.0038814767002559258
T02,1,BG9,20,0.0239064730550751,0.004993621728521227
T02,1,BG9,21,0.024912051044776336,0.006411867058788448
T02,1,BG9,22,0.025961097961986396,0.008179247647205155
T02,1,BG9,23,0.026853758205455894,0.01025478495899736
T02,1,BG9,24,0.028449122308672716,0.012992711243749351
T02,1,BG9,25,0.043231647403119904,0.02321786181965044
T02,1,BG9,26,0.05081880683458654,0.0314673038907804
T02,1,BG9,27,0.05660532544579083,0.039548486022664184
T02,1,BG9,28,0.06087224423939791,0.04694061146849083
T02,1,BG9,29,0.06383761887788936,0.05319902835423105
T02,1,BG9,30,0.06592788444875315,0.058260790854509234
T02,1,BG9,31,0.06729004844332696,0.06205692342544183
T02,1,BG9,32,0.06808956403970003,0.0646976272698048
T02,1,BG9,33,0.06850197281554272,0.06641101644243817
T02,1,BG9,34,0.06868343171226267,0.06745803278353095
T02,1,BG9,35,0.06876073410697564,0.06807993530818329
T02,1,BG9,36,0.06887847626666521,0.06887847626666521
T02,1,BG10,0,0.0,0.0
T02,1,BG10,1,0.00500496086588994,2.899499400828822e-05
T02,1,BG10,2,0.009442747722849261,6.390818728117555e-05
T02,1,BG10,3,0.013270917847649381,0.00010528463911836774
T02,1,BG10,4,0.016605562166250913,0.00015496996938168972
T02,1,BG10,5,0.01953579232854874,0.00021524497778282225
T02,1,BG10,6,0.022018857675237896,0.0002874991873227348
T02,1,BG10,7,0.024174295906419948,0.0003755081352039217
T02,1,BG10,8,0.025900934742138827,0.0004805482701223236
T02,1,BG10,9,0.027543719523604543,0.0006128800523812417
T02,1,BG10,10,0.029099487287451882,0.0007797915267470078
T02,1,BG10,11,0.03062888731215543,0.0009926447182436696
T02,1,BG10,12,0.03210773711985815,0.0012637798122359133
T02,1,BG10,13,0.03407625872340338,0.0016357421395893877
T02,1,BG10,14,0.03657835524415305,0.0021499271048485793
T02,1,BG10,15,0.04039929485163378,0.002918265652214008
T02,1,BG10,16,0.04601466394682388,0.0040984528478156534
T02,1,BG10,17,0.054846753386466815,0.006039172915393215
T02,1,BG10,18,0.06624295865404276,0.009031946564817137
T02,1,BG10,19,0.07978427183158596,0.013474350799775874
T02,1,BG10,20,0.09445165406105717,0.019729210200216004
T02,1,BG10,21,0.10889767380213254,0.028028097973188115
T02,1,BG10,22,0.12202329446530302,0.038444396484248654
T02,1,BG10,23,0.13318586757653328,0.05086038314729672
T02,1,BG10,24,0.142573016397991,0.06511308196836535
T02,1,BG10,25,0.15742185495593858,0.08454451990406854
T02,1,BG10,26,0.16729221879286185,0.10358832481471263
T02,1,BG10,27,0.17458075269610854,0.12197446811344345
T02,1,BG10,28,0.1797188144940023,0.13858715273865388
T02,1,BG10,29,0.1829700370171353,0.15247793323924155
T02,1,BG10,30,0.18525508532547638,0.16371081637055998
T02,1,BG10,31,0.1866422516702379,0.17212714523992637
T02,1,BG10,32,0.18733477654128464,0.17800254290658668
T02,1,BG10,33,0.1877259984522361,0.18199584468358243
T02,1,BG10,34,0.18794744190418905,0.18459422298846997
T02,1,BG10,35,0.18805291355172415,0.18619100529011176
T02,1,BG10,36,0.1881809445072354,0.1881809445072354
T02,1,BG11,0,0.0,0.0
T02,1,BG11,1,0.0025636677758891576,1.4851970588409935e-05
T02,1,BG11,2,0.004879305035662208,3.302296642135411e-05
T02,1,BG11,3,0.006833448540585603,5.42130674273599e-05
T02,1,BG11,4,0.008563498563375236,7.991810815926056e-05
T02,1,BG11,5,0.01005911597513832,0.00011083114336632606
T02,1,BG11,6,0.011311721528821258,0.00014769661516325186
T02,1,BG11,7,0.0124354107318199,0.00019316375957123183
T02,1,BG11,8,0.013370802443126184,0.0002480727453586508
T02,1,BG11,9,0.014157487297252606,0.0003150206914963702
T02,1,BG11,10,0.014880924751087817,0.0003987705660999115
T02,1,BG11,11,0.015587816735283573,0.0005051820454434316
T02,1,BG11,12,0.016132961046781198,0.0006350030327494405
T02,1,BG11,13,0.016705136010085574,0.0008018865890413709
T02,1,BG11,14,0.017289987006199586,0.0010162351876126176
T02,1,BG11,15,0.017957801149733395,0.0012971918059513114
T02,1,BG11,16,0.018972736112479554,0.0016898713895262033
T02,1,BG11,17,0.02039827953208301,0.0022460534051443235
T02,1,BG11,18,0.02209408344683507,0.0030124346050139127
T02,1,BG11,19,0.02436559701501934,0.0041149789773050035
T02,1,BG11,20,0.027146958609502173,0.005670499458180774
T02,1,BG11,21,0.03046034954434568,0.007839888882969229
T02,1,BG11,22,0.03383509687613618,0.01066001280172513
T02,1,BG11,23,0.03653397344465107,0.013951419333203941
T02,1,BG11,24,0.038861384069414105,0.017747990142147896
T02,1,BG11,25,0.0511339783167838,0.02746186450341051
T02,1,BG11,26,0.057969525360606566,0.035895070727209925
T02,1,BG11,27,0.0632285446144281,0.04417593558208912
T02,1,BG11,28,0.06711111431235939,0.051751611534272414
T02,1,BG11,29,0.06975685605066743,0.058131819836035326
T02,1,BG11,30,0.07162697333419421,0.06329710336535924
T02,1,BG11,31,0.07279943347407478,0.06713784567002863
T02,1,BG11,32,0.07347802167623282,0.06981765440676177
T02,1,BG11,33,0.07383255731013923,0.07157889008850032
T02,1,BG11,34,0.07398202876823584,0.07266209634558259
T02,1,BG11,35,0.07404281058527062,0.07330971430062551
T02,1,BG11,36,0.0741322024020837,0.0741322024020837
T02,1,BG12,0,0.0,0.0
T02,1,BG12,1,0.002835141864975484,1.642468802529527e-05
T02,1,BG12,2,0.00535877306055462,3.626798928521314e-05
T02,1,BG12,3,0.007550181744811734,5.9899260226510184e-05
T02,1,BG12,4,0.009440023888001773,8.809820472559319e-05
T02,1,BG12,5,0.011081891677547698,0.00012210006576036134
T02,1,BG12,6,0.01250234437481605,0.00016324252243148736
T02,1,BG12,7,0.01372658495967898,0.00021322003969355703
T02,1,BG12,8,0.014743429344432533,0.0002735395280244036
T02,1,BG12,9,0.01561805117477213,0.00034751995017697114
T02,1,BG12,10,0.016342638495238336,0.00043794073984233794
T02,1,BG12,11,0.016950064738371656,0.0005493308361557147
T02,1,BG12,12,0.017470538836677152,0.0006876508985241409
T02,1,BG12,13,0.017899519864054393,0.0008592198770594369
T02,1,BG12,14,0.018340318095414254,0.0010779693845489528
T02,1,BG12,15,0.018735229599225,0.001353349781922162
T02,1,BG12,16,0.019088982106697686,0.0017002252390270547
T02,1,BG12,17,0.019541638642351103,0.002151728723401089
T02,1,BG12,18,0.01984250056229045,0.0027054408160858954
T02,1,BG12,19,0.02027118131923535,0.003423494383231645
T02,1,BG12,20,0.020534599087385867,0.004289299389706551
T02,1,BG12,21,0.020764951223781334,0.005344485949531619
T02,1,BG12,22,0.021149601051058953,0.00666334778522311
T02,1,BG12,23,0.021678157786168245,0.00827835136406482
T02,1,BG12,24,0.02262791418515367,0.010334166084393335
T02,1,BG12,25,0.039388888355315906,0.021154080974842938
T02,1,BG12,26,0.0472592068950596,0.02926317854529838
T02,1,BG12,27,0.05313648168949487,0.03712490626855127
T02,1,BG12,28,0.05748183692149294,0.04432615552008267
T02,1,BG12,29,0.060609952211912635,0.050509254891178385
T02,1,BG12,30,0.06287738717698031,0.05556505170675929
T02,1,BG12,31,0.06441673475547748,0.059407066623388904
T02,1,BG12,32,0.06519755949913893,0.06194969019251324
T02,1,BG12,33,0.06557503500421227,0.06357342078304155
T02,1,BG12,34,0.06570004338842353,0.06452787211370649
T02,1,BG12,35,0.06573575875007624,0.06508491029284791
T02,1,BG12,36,0.06581962344768758,0.06581962344768758
T02,1,BG13,0,0.0,0.0
T02,1,BG13,1,0.0026541583710170138,1.537620534637625e-05
T02,1,BG13,2,0.005041167502537286,3.411844592051349e-05
T02,1,BG13,3,0.007083401317363182,5.619606433897447e-05
T02,1,BG13,4,0.008846710848867411,8.256116189911454e-05
T02,1,BG13,5,0.010388601299123307,0.00011446140603294369
T02,1,BG13,6,0.011716393697390356,0.00015298040088878272
T02,1,BG13,7,0.012866210924870851,0.00019985553620249438
T02,1,BG13,8,0.013826463581938593,0.00025652677145644937
T02,1,BG13,9,0.014633986434514227,0.000325623355850181
T02,1,BG13,10,0.015337104732068278,0.0004109950175605682
T02,1,BG13,11,0.015904059398179266,0.0005154310833490925
T02,1,BG13,12,0.01641828390979932,0.0006462335126149407
T02,1,BG13,13,0.01681860194578541,0.0008073332245446457
T02,1,BG13,14,0.01721664552256697,0.0010119244730884545
T02,1,BG13,15,0.01752479403831801,0.0012659132985706149
T02,1,BG13,16,0.01783827946820138,0.0015888271480231986
T02,1,BG13,17,0.018214938712252913,0.002005645873407805
T02,1,BG13,18,0.018472097875095635,0.002518592227555811
T02,1,BG13,19,0.01881842480327068,0.0031781459057805585
T02,1,BG13,20,0.018982699041846303,0.0039651360609164275
T02,1,BG13,21,0.019222329318830375,0.0049474457033121125
T02,1,BG13,22,0.019594561072505023,0.006173420235400111
T02,1,BG13,23,0.020124587211136923,0.007685081274160985
T02,1,BG13,24,0.020957942561150907,0.009571490235886344
T02,1,BG13,25,0.03720000572904587,0.019978526035570657
T02,1,BG13,26,0.04476934733019083,0.02772144289268166
T02,1,BG13,27,0.05032829097728039,0.035162905500619394
T02,1,BG13,28,0.05443759126724511,0.041978636488447914
T02,1,BG13,29,0.05735063132784558,0.04779310249863401
T02,1,BG13,30,0.059521802357828564,0.05259970503392684
T02,1,BG13,31,0.06091332133933957,0.05617611242400339
T02,1,BG13,32,0.061654554943176204,0.05858318329508324
T02,1,BG13,33,0.06199140027969086,0.06009917307080636
T02,1,BG13,34,0.06212088370151682,0.06101256906589086
T02,1,BG13,35,0.0621597174176619,0.06154427513140498
T02,1,BG13,36,0.06224559365982917,0.06224559365982917
T02,1,BG14,0,0.0,0.0
T02,1,BG14,1,0.0020558551410650395,1.1910084619654128e-05
T02,1,BG14,2,0.003953117080102452,2.675455863921079e-05
T02,1,BG14,3,0.005534964283969752,4.3911560963176945e-05
T02,1,BG14,4,0.006929110132060164,6.466531957184603e-05
T02,1,BG14,5,0.008106808377220867,8.932065615409467e-05
T02,1,BG14,6,0.009131000086536636,0.00011922303816829008
T02,1,BG14,7,0.010017757005779457,0.0001556094646674114
T02,1,BG14,8,0.01078477495998904,0.0002000933557477463
T02,1,BG14,9,0.011415886388917681,0.000254016856458222
T02,1,BG14,10,0.012011447783391251,0.00032187595258322254
T02,1,BG14,11,0.012533975769620417,0.00040621080155332773
T02,1,BG14,12,0.013040673141068413,0.0005132887235345752
T02,1,BG14,13,0.013586365591098645,0.0006521781297485322
T02,1,BG14,14,0.014195613501962391,0.0008343604841714983
T02,1,BG14,15,0.01498323559731429,0.001082322403640185
T02,1,BG14,16,0.016017034040099756,0.0014266117169271727
T02,1,BG14,17,0.017414493693873236,0.0019175089126164287
T02,1,BG14,18,0.018954245295377436,0.0025843309857639424
T02,1,BG14,19,0.020923635972665285,0.003533684076973131
T02,1,BG14,20,0.022935850131768114,0.004790876491221983
T02,1,BG14,21,0.025219839453075363,0.006491085682506264
T02,1,BG14,22,0.027672789178668434,0.008718529395313309
T02,1,BG14,23,0.02968754520388441,0.011336938004383849
T02,1,BG14,24,0.031079694254297997,0.01419409320132224
T02,1,BG14,25,0.039399035264145725,0.021159530429734418
T02,1,BG14,26,0.04388374729504647,0.027173074125063926
T02,1,BG14,27,0.0473252287521356,0.03306475376522111
T02,1,BG14,28,0.04973577759456988,0.03835291166416604
T02,1,BG14,29,0.051385891673020746,0.042822391500803726
T02,1,BG14,30,0.052583699653149824,0.04646847004662298
T02,1,BG14,31,0.05333760177301455,0.04918955399482055
T02,1,BG14,32,0.05374218288377123,0.05106497248570329
T02,1,BG14,33,0.05396842419976009,0.05232109044420369
T02,1,BG14,34,0.05406112245672424,0.05309660406844602
T02,1,BG14,35,0.054100273218359446,0.05356462737491241
T02,1,BG14,36,0.05416181156430547,0.05416181156430547
T02,1,BG15,0,0.0,0.0
T02,1,BG15,1,0.001698346523767639,9.838947484266209e-06
T02,1,BG15,2,0.0033086265790394434,2.239266933856271e-05
T02,1,BG15,3,0.004618469977494379,3.664056626868271e-05
T02,1,BG15,4,0.005771415975431476,5.386123939561613e-05
T02,1,BG15,5,0.006747256568053585,7.434114117712808e-05
T02,1,BG15,6,0.007576769256285428,9.892951913618486e-05
T02,1,BG15,7,0.00831676219039707,0.00012918729299347189
T02,1,BG15,8,0.008940601484576214,0.00016587781967650146
T02,1,BG15,9,0.009457004498852808,0.00021042943842686484
T02,1,BG15,10,0.00993132231621199,0.0002661339319597823
T02,1,BG15,11,0.01032953343247799,0.000334767524523285
T02,1,BG15,12,0.010682862568796933,0.0004204838852889361
T02,1,BG15,13,0.010988785532587267,0.0005274880578463613
T02,1,BG15,14,0.01121049912417127,0.0006589075879892118
T02,1,BG15,15,0.011497718618753313,0.0008305441309650616
T02,1,BG15,16,0.01181453595348861,0.0010523019065873452
T02,1,BG15,17,0.012242319000941818,0.0013480010530915554
T02,1,BG15,18,0.012614143589453527,0.0017198849981610216
T02,1,BG15,19,0.013362972615833163,0.0022568029610323553
T02,1,BG15,20,0.013987002649924401,0.0029216271411891897
T02,1,BG15,21,0.014572264720208119,0.003750611457181586
T02,1,BG15,22,0.015084097095309413,0.004752363158114762
T02,1,BG15,23,0.015617715811013096,0.0059640187301229775
T02,1,BG15,24,0.016283924869089524,0.007436866825204882
T02,1,BG15,25,0.026003797418410888,0.013965523251679511
T02,1,BG15,26,0.030864587990991288,0.01911153420375804
T02,1,BG15,27,0.034583865785736294,0.024162735987077202
T02,1,BG15,28,0.037237743626644317,0.028715262144509236
T02,1,BG15,29,0.039141232149245336,0.03261831435992823
T02,1,BG15,30,0.04056679141439084,0.03584907008136983
T02,1,BG15,31,0.04150441925367766,0.03827663421842935
T02,1,BG15,32,0.04203687267854979,0.039942771790225186
T02,1,BG15,33,0.042285658937968255,0.040994930221878605
T02,1,BG15,34,0.04240879635329697,0.04165217004990014
T02,1,BG15,35,0.04246285598527942,0.042042432093143255
T02,1,BG15,36,0.042544307951143175,0.042544307951143175
T02,2,BG1,0,0.0,0.0
T02,2,BG1,1,0.0008434894078109864,4.886545766066186e-06
T02,2,BG1,2,0.00182781174478297,1.2370566154712474e-05
T02,2,BG1,3,0.0024367825688374205,1.9332180076202587e-05
T02,2,BG1,4,0.0030166542526178317,2.8152664395103903e-05
T02,2,BG1,5,0.0034761544656784155,3.8300202089102535e-05
T02,2,BG1,6,0.0038912648515393843,5.080806196200533e-05
T02,2,BG1,7,0.0042438787572096045,6.592171273378929e-05
T02,2,BG1,8,0.004566856212743462,8.473033420245728e-05
T02,2,BG1,9,0.004846890069166207,0.00010784898700744801
T02,2,BG1,10,0.005089184807695683,0.00013637708212043835
T02,2,BG1,11,0.00533551297786047,0.00017291744004594478
T02,2,BG1,12,0.0055389913263348385,0.00021801802393975315
T02,2,BG1,13,0.005693941194735772,0.0002733228317497593
T02,2,BG1,14,0.005841136335296624,0.0003433182616129151
T02,2,BG1,15,0.0059852769746820255,0.0004323498299838984
T02,2,BG1,16,0.006086602886983379,0.0005421240287762704
T02,2,BG1,17,0.006269248932362243,0.0006903066450544882
T02,2,BG1,18,0.006413931605019716,0.0008745123807171949
T02,2,BG1,19,0.0065870739910555975,0.0011124566752593588
T02,2,BG1,20,0.006804874850711598,0.0014214129717431136
T02,2,BG1,21,0.007073156801557523,0.0018204900549631743
T02,2,BG1,22,0.007457757718391883,0.002349625093473556
T02,2,BG1,23,0.007884357644177949,0.0030108408518412706
T02,2,BG1,24,0.008511894663230964,0.0038873814067618023
T02,2,BG1,25,0.01454356934096582,0.007810726702434777
T02,2,BG1,26,0.017373401051050858,0.01075771201316944
T02,2,BG1,27,0.019538865111426506,0.013651233798586652
T02,2,BG1,28,0.021125369958326548,0.01629047511952759
T02,2,BG1,29,0.022330275712696152,0.018608917300600776
T02,2,BG1,30,0.0232711855190292,0.020564859383553513
T02,2,BG1,31,0.0238416313316367,0.021987475535707436
T02,2,BG1,32,0.024162657077443937,0.022958974703412623
T02,2,BG1,33,0.024324069249203724,0.0235816006516043
T02,2,BG1,34,0.024407952464588527,0.023972483906883182
T02,2,BG1,35,0.02444430523877909,0.024202282660074664
T02,2,BG1,36,0.024501178169042872,0.024501178169042872
T02,2,BG2,0,0.0,0.0
T02,2,BG2,1,0.0008703366864942845,5.0420787694378075e-06
T02,2,BG2,2,0.001883491632049287,1.2747405711378303e-05
T02,2,BG2,3,0.0025370891905367792,2.012796129334154e-05
T02,2,BG2,4,0.003109481546317676,2.901896708374182e-05
T02,2,BG2,5,0.0036165910349209907,3.9847529344379114e-05
T02,2,BG2,6,0.004057693153890533,5.298110864406599e-05
T02,2,BG2,7,0.004442670167479266,6.90096122356826e-05
T02,2,BG2,8,0.004793947421277502,8.894362952662845e-05
T02,2,BG2,9,0.0050424071369648,0.00011219947094871266
T02,2,BG2,10,0.005278654597218814,0.00014145438599994962
T02,2,BG2,11,0.005516958551554023,0.00017879786871022047
T02,2,BG2,12,0.005722176238816685,0.0002252282920186177
T02,2,BG2,13,0.005895929926726912,0.0002830187753275757
T02,2,BG2,14,0.006024608863853703,0.00035410203087543303
T02,2,BG2,15,0.006153659340695933,0.0004445130235018075
T02,2,BG2,16,0.00627240617227235,0.0005586732312842352
T02,2,BG2,17,0.006451434863899434,0.000710367129831403
T02,2,BG2,18,0.006567112445264107,0.0008953979377506889
T02,2,BG2,19,0.0066856910562993034,0.001129111600281952
T02,2,BG2,20,0.006882916886584099,0.0014377145160365948
T02,2,BG2,21,0.007113982552737656,0.0018309977871822048
T02,2,BG2,22,0.007419826869900906,0.0023376746762526542
T02,2,BG2,23,0.007855545281731274,0.0029998381254380097
T02,2,BG2,24,0.008456361093366801,0.00386201924180963
T02,2,BG2,25,0.014839538849073313,0.00796967923598383
T02,2,BG2,26,0.017926796559208095,0.011100377737851368
T02,2,BG2,27,0.020219972087842732,0.014127103336529964
T02,2,BG2,28,0.021784450513543663,0.016798714084428658
T02,2,BG2,29,0.02286797839774217,0.019057011380990488
T02,2,BG2,30,0.023653074213402972,0.020902336240943797
T02,2,BG2,31,0.02414649278360099,0.02226862802411456
T02,2,BG2,32,0.024426695015526037,0.023209859441081837
T02,2,BG2,33,0.024562287609468218,0.023812547596828444
T02,2,BG2,34,0.0246430036800701,0.024203341503986592
T02,2,BG2,35,0.024670747750635668,0.024426483122818175
T02,2,BG2,36,0.024720199326143156,0.024720199326143156
T02,2,BG3,0,0.0,0.0
T02,2,BG3,1,0.0010715916253834254,6.2079991516317634e-06
T02,2,BG3,2,0.002204673724083285,1.492115496938412e-05
T02,2,BG3,3,0.0030037050971190946,2.3829851991951814e-05
T02,2,BG3,4,0.0037282961717810393,3.479400093856441e-05
T02,2,BG3,5,0.004333337035441933,4.7744622908255706e-05
T02,2,BG3,6,0.004889908805884679,6.384730899711788e-05
T02,2,BG3,7,0.005346824636348777,8.305417250678431e-05
T02,2,BG3,8,0.005774303690462161,0.00010713249095237552
T02,2,BG3,9,0.006073876998162362,0.00013515088473506058
T02,2,BG3,10,0.006369703769535912,0.00017069170187315654
T02,2,BG3,11,0.006709727690970356,0.00021745405533824173
T02,2,BG3,12,0.006948710401768361,0.0002735054135170389
T02,2,BG3,13,0.007221827844776445,0.0003466650552102843
T02,2,BG3,14,0.007449219971543193,0.0004378348817821613
T02,2,BG3,15,0.007666759871720626,0.0005538126862347672
T02,2,BG3,16,0.007908080045488158,0.0007043600976756256
T02,2,BG3,17,0.008240483749232974,0.0009073591983184718
T02,2,BG3,18,0.00851496242222845,0.0011609790280869626
T02,2,BG3,19,0.008823404662354468,0.0014901389291571505
T02,2,BG3,20,0.009143256962768834,0.0019098579132753645
T02,2,BG3,21,0.009637398492243944,0.0024804749254343965
T02,2,BG3,22,0.010107431483298663,0.0031844255960989964
T02,2,BG3,23,0.01072049980506693,0.004093893276171059
T02,2,BG3,24,0.011539586272952797,0.005270127864152216
T02,2,BG3,25,0.018590764028341485,0.009984301245257357
T02,2,BG3,26,0.0219873896934118,0.013614720869042843
T02,2,BG3,27,0.024669670489404518,0.017235977534512576
T02,2,BG3,28,0.02658941409492041,0.020503981236432604
T02,2,BG3,29,0.02804935144376697,0.023374904508723742
T02,2,BG3,30,0.02915224835968408,0.02576198309398907
T02,2,BG3,31,0.02991815228625493,0.0275914274623637
T02,2,BG3,32,0.030376943416550593,0.028863691351418804
T02,2,BG3,33,0.030595006065204263,0.029661123243515435
T02,2,BG3,34,0.030696779701026383,0.030149110570962007
T02,2,BG3,35,0.030738992424313497,0.03043464625752684
T02,2,BG3,36,0.0308005248463775,0.0308005248463775
T02,2,BG4,0,0.0,0.0
T02,2,BG4,1,0.001006585903466752,5.831404674977844e-06
T02,2,BG4,2,0.0021032837808953888,1.4234951329867877e-05
T02,2,BG4,3,0.0028608203039259834,2.2696277498789068e-05
T02,2,BG4,4,0.0035158576541897617,3.281143678005118e-05
T02,2,BG4,5,0.004077465959188174,4.492544016202673e-05
T02,2,BG4,6,0.004563127502425994,5.958054095273027e-05
T02,2,BG4,7,0.005017093230425955,7.793233497323094e-05
T02,2,BG4,8,0.005407942005015249,0.00010033526587486494
T02,2,BG4,9,0.005704411518707118,0.00012692984531605507
T02,2,BG4,10,0.005985019293778192,0.00016038314513245513
T02,2,BG4,11,0.006321640252635919,0.00020487661666591516
T02,2,BG4,12,0.006540043454402339,0.00025742003698495114
T02,2,BG4,13,0.006754931126081973,0.00032425289273322846
T02,2,BG4,14,0.006972763924128782,0.0004098307344224487
T02,2,BG4,15,0.0072180866397964895,0.0005214025236240006
T02,2,BG4,16,0.007393238410545413,0.0006585039728017682
T02,2,BG4,17,0.0077152927754577305,0.0008495304509305159
T02,2,BG4,18,0.007981245212459367,0.0010882089512539868
T02,2,BG4,19,0.008259759639673138,0.001394947852955183
T02,2,BG4,20,0.008550083430966497,0.001785954889934111
T02,2,BG4,21,0.008928700164660167,0.0022980700528834217
T02,2,BG4,22,0.009346724772898826,0.002944758983392269
T02,2,BG4,23,0.0099743608425906,0.0038089612871111183
T02,2,BG4,24,0.010808505718861825,0.004936243456984237
T02,2,BG4,25,0.017468033048275766,0.009381330630449124
T02,2,BG4,26,0.02067492794316567,0.012802036853513247
T02,2,BG4,27,0.023191635826576164,0.01620331790785046
T02,2,BG4,28,0.025035503440268017,0.019305709057148245
T02,2,BG4,29,0.026437932101482476,0.022032029491755926
T02,2,BG4,30,0.027518242084193737,0.024318003807138392
T02,2,BG4,31,0.028222587789292503,0.02602772645519251
T02,2,BG4,32,0.02866551408678526,0.02723751829672323
T02,2,BG4,33,0.02887553873236253,0.027994140938372103
T02,2,BG4,34,0.028989696778560965,0.028472484147397923
T02,2,BG4,35,0.02902880989758627,0.028741396202314765
T02,2,BG4,36,0.029089459251291323,0.029089459251291323
T02,2,BG5,0,0.0,0.0
T02,2,BG5,1,0.004995186327271278,2.893836761184549e-05
T02,2,BG5,2,0.00942107853327899,6.376153107247156e-05
T02,2,BG5,3,0.013266088833411623,0.00010524632850100273
T02,2,BG5,4,0.016609357998072678,0.00015500539423646235
T02,2,BG5,5,0.01945428124729327,0.00021434689060940022
T02,2,BG5,6,0.02199408954653948,0.0002871757926713133
T02,2,BG5,7,0.02415573251315537,0.0003752197826508147
T02,2,BG5,8,0.02603464946960075,0.0004830291240614512
T02,2,BG5,9,0.027637314493394835,0.0006149626501825816
T02,2,BG5,10,0.029051897259657834,0.0007785162335192042
T02,2,BG5,11,0.03029938026383174,0.000981965798394084
T02,2,BG5,12,0.03131304941330485,0.0012325004294045992
T02,2,BG5,13,0.032277162484413466,0.0015493812026245958
T02,2,BG5,14,0.03310689242661252,0.0019458886159471201
T02,2,BG5,15,0.03381849150957543,0.0024428976451408525
T02,2,BG5,16,0.03442590149262974,0.0030662602364095624
T02,2,BG5,17,0.0350749958823455,0.003862105813207351
T02,2,BG5,18,0.03565066879997447,0.004860817552178339
T02,2,BG5,19,0.036179032738105694,0.006110088711195857
T02,2,BG5,20,0.03666955977645086,0.007659595370167446
T02,2,BG5,21,0.037207667192280754,0.009576514426998809
T02,2,BG5,22,0.037884794358846,0.011935901827560559
T02,2,BG5,23,0.03899455552708784,0.014891054621017672
T02,2,BG5,24,0.04192189970552095,0.01914572729104603
T02,2,BG5,25,0.07394476580158119,0.03971255921029596
T02,2,BG5,26,0.08870642942750928,0.054927542296098725
T02,2,BG5,27,0.09986227793122426,0.06977085412322054
T02,2,BG5,28,0.10798920660607497,0.08327406756781751
T02,2,BG5,29,0.11384290401905803,0.09487089228242114
T02,2,BG5,30,0.11786754987471358,0.10416012484403682
T02,2,BG5,31,0.12032181632488517,0.11096442836335899
T02,2,BG5,32,0.12160775835637978,0.11554976918866396
T02,2,BG5,33,0.1222210375834777,0.11849035912480212
T02,2,BG5,34,0.12248504871208836,0.12029976130247154
T02,2,BG5,35,0.12257357334787215,0.12135997460451456
T02,2,BG5,36,0.12272381465961009,0.12272381465961009
T02,2,BG6,0,0.0,0.0
T02,2,BG6,1,0.004493271981579778,2.6030651951384954e-05
T02,2,BG6,2,0.008493195972682497,5.7481654324790524e-05
T02,2,BG6,3,0.011907235676025205,9.446588608576059e-05
T02,2,BG6,4,0.014909886402048003,0.0001391452223332969
T02,2,BG6,5,0.017511531287515012,0.0001929417092466392
T02,2,BG6,6,0.01974594552923715,0.0002578218814643325
T02,2,BG6,7,0.02165697218514011,0.0003364056291680148
T02,2,BG6,8,0.023343047078955,0.00043309096741402596
T02,2,BG6,9,0.024773253294070707,0.0005512339315686118
T02,2,BG6,10,0.025997223532066682,0.0006966588214761062
T02,2,BG6,11,0.02712652003397163,0.0008791372880016827
T02,2,BG6,12,0.02799977607883609,0.0011020880001037768
T02,2,BG6,13,0.02885069037283144,0.00138490232356826
T02,2,BG6,14,0.029706474009459253,0.0017460258459401248
T02,2,BG6,15,0.03056492943328448,0.0022078747711468966
T02,2,BG6,16,0.03153539034320345,0.002808806997542506
T02,2,BG6,17,0.032766618614987544,0.0036079305224526407
T02,2,BG6,18,0.03412989063896024,0.004653465892194769
T02,2,BG6,19,0.03574910761684712,0.006037480897381046
T02,2,BG6,20,0.03740070647548677,0.007812318445433956
T02,2,BG6,21,0.03899446013391389,0.010036399417449536
T02,2,BG6,22,0.04038910299646672,0.012724903819958609
T02,2,BG6,23,0.042938004253312595,0.01639696002933501
T02,2,BG6,24,0.04564841976215315,0.020847628630935137
T02,2,BG6,25,0.07247618534079542,0.03892384771737106
T02,2,BG6,26,0.08621031351621689,0.05338193258439916
T02,2,BG6,27,0.0966786980639113,0.06754657994713252
T02,2,BG6,28,0.10447164946876165,0.08056156225486191
T02,2,BG6,29,0.1102375146594427,0.09186634413425815
T02,2,BG6,30,0.11417594282914577,0.10089783372623742
T02,2,BG6,31,0.1165461007003283,0.10748234870387265
T02,2,BG6,32,0.11789608284589662,0.11202299411712922
T02,2,BG6,33,0.11861028774450502,0.11498982386003209
T02,2,BG6,34,0.11894263181405532,0.11682054574312907
T02,2,BG6,35,0.11909562977593932,0.11791646604367925
T02,2,BG6,36,0.11930950378830502,0.11930950378830502
T02,2,BG7,0,0.0,0.0
T02,2,BG7,1,0.00573812991782108,3.3242426145359266e-05
T02,2,BG7,2,0.010799457295830026,7.309035059348918e-05
T02,2,BG7,3,0.015172782422732319,0.0001203730548393322
T02,2,BG7,4,0.019000311198760687,0.0001773187573017489
T02,2,BG7,5,0.022324073871648822,0.0002459662094930211
T02,2,BG7,6,0.025133919875199282,0.00032817240819143356
T02,2,BG7,7,0.027580165874831718,0.0004284127512793349
T02,2,BG7,8,0.029720854004246337,0.0005514204456938112
T02,2,BG7,9,0.03151510389093685,0.0007012480120621753
T02,2,BG7,10,0.03304548882607552,0.0008855342301215939
T02,2,BG7,11,0.03448563384084579,0.001117637146487115
T02,2,BG7,12,0.035642478788516216,0.0014029093655770612
T02,2,BG7,13,0.03662168161291871,0.0017579285363553655
T02,2,BG7,14,0.037495111284846144,0.0022038103036042265
T02,2,BG7,15,0.038323343865027074,0.0027683081673327893
T02,2,BG7,16,0.03907215752305269,0.0034800948646701263
T02,2,BG7,17,0.03975252807873534,0.004377148625711623
T02,2,BG7,18,0.04028929801476039,0.005493274983061678
T02,2,BG7,19,0.04081482828266825,0.006893004130932767
T02,2,BG7,20,0.041391659070673624,0.008645954927221047
T02,2,BG7,21,0.04204422735748416,0.01082134892286834
T02,2,BG7,22,0.04298367371092096,0.013542343710332217
T02,2,BG7,23,0.04639865167351496,0.01771849553570574
T02,2,BG7,24,0.05434446000160766,0.024819109343006615
T02,2,BG7,25,0.09219768986064121,0.049515421048214166
T02,2,BG7,26,0.11037623884417021,0.06834561543317513
T02,2,BG7,27,0.12380907215723992,0.08650177918906841
T02,2,BG7,28,0.13335699732669332,0.10283601420526371
T02,2,BG7,29,0.13994922778179822,0.11662657646386203
T02,2,BG7,30,0.14412345842340146,0.1273625984488762
T02,2,BG7,31,0.1463238347811651,0.13494427845521076
T02,2,BG7,32,0.14735252315032027,0.140012037734636
T02,2,BG7,33,0.14775242937091423,0.14324242989486125
T02,2,BG7,34,0.14789753351406176,0.14525885547858733
T02,2,BG7,35,0.14793493242731243,0.14647023138718085
T02,2,BG7,36,0.1480213174626457,0.1480213174626457
T02,2,BG8,0,0.0,0.0
T02,2,BG8,1,0.0055941700946343,3.2408430803646065e-05
T02,2,BG8,2,0.010530916524836866,7.127287601367801e-05
T02,2,BG8,3,0.014806643761435093,0.00011746829922403294
T02,2,BG8,4,0.018553941479107584,0.00017315305059918887
T02,2,BG8,5,0.021804033849974397,0.00024023641901535622
T02,2,BG8,6,0.024616782374953697,0.0003214201684636654
T02,2,BG8,7,0.027042442257126015,0.000420060095764149
T02,2,BG8,8,0.0292224884171491,0.0005421741108697181
T02,2,BG8,9,0.031105003563897917,0.0006921227991187644
T02,2,BG8,10,0.03287431985425774,0.0008809473403719154
T02,2,BG8,11,0.034510080945857696,0.001118429452029958
T02,2,BG8,12,0.03594410462033184,0.001414781542524577
T02,2,BG8,13,0.03761045774380233,0.0018053921628373062
T02,2,BG8,14,0.03958317533939878,0.0023265382245170932
T02,2,BG8,15,0.042181226514014805,0.003046984482555646
T02,2,BG8,16,0.04560405324911468,0.0040618804038338755
T02,2,BG8,17,0.05055788130799691,0.0055669254515183396
T02,2,BG8,18,0.0567087374990363,0.007731995928614839
T02,2,BG8,19,0.06383565518366023,0.010780871850830133
T02,2,BG8,20,0.07099524397599775,0.01482959833784642
T02,2,BG8,21,0.07795764452852764,0.02006474905739584
T02,2,BG8,22,0.08536835556006854,0.026895970350750517
T02,2,BG8,23,0.09321915858971878,0.03559808717727912
T02,2,BG8,24,0.10184734823326907,0.04651367353407807
T02,2,BG8,25,0.1260559583030698,0.06769924358551334
T02,2,BG8,26,0.14005991492559933,0.08672592226359765
T02,2,BG8,27,0.1489229709472339,0.10404812600037062
T02,2,BG8,28,0.15439981492238153,0.11906283071489993
T02,2,BG8,29,0.15830909473208762,0.13192675665584538
T02,2,BG8,30,0.16123258262368825,0.14248201436896038
T02,2,BG8,31,0.1633418766987276,0.1506388329477637
T02,2,BG8,32,0.1647102786457899,0.15650510263229578
T02,2,BG8,33,0.1655612814976356,0.16050768400146673
T02,2,BG8,34,0.16607599015549035,0.1631129855779364
T02,2,BG8,35,0.16633310891528,0.1646862479650986
T02,2,BG8,36,0.16665537240057254,0.16665537240057254
T02,2,BG9,0,0.0,0.0
T02,2,BG9,1,0.00289783048430528,1.6787858939379577e-05
T02,2,BG9,2,0.005504845843462204,3.7256604787963196e-05
T02,2,BG9,3,0.00770221200862341,6.110539018348764e-05
T02,2,BG9,4,0.009633649581801348,8.99051996406869e-05
T02,2,BG9,5,0.01132191979827204,0.0001247446907171654
T02,2,BG9,6,0.012787304987351906,0.00016696323907343703
T02,2,BG9,7,0.0140601176255071,0.00021840092303757947
T02,2,BG9,8,0.015147339368065196,0.0002810333997295501
T02,2,BG9,9,0.01609329562608674,0.0003580946963787591
T02,2,BG9,10,0.016933732174136143,0.00045378053057575866
T02,2,BG9,11,0.017740017829923207,0.0005749322468495806
T02,2,BG9,12,0.0184018278662542,0.0007243069954159868
T02,2,BG9,13,0.019124661480294614,0.0009180296133044693
T02,2,BG9,14,0.019908296868723693,0.001170128802992283
T02,2,BG9,15,0.02070294279041914,0.0014954886445657566
T02,2,BG9,16,0.02157880371613653,0.00192198969047669
T02,2,BG9,17,0.022702359217176615,0.0024997554844650364
T02,2,BG9,18,0.02385169495497485,0.0032520774781307745
T02,2,BG9,19,0.02506456930173822,0.004233024782658784
T02,2,BG9,20,0.02620011206584493,0.005472720656375947
T02,2,BG9,21,0.027462995191434976,0.007068429413744605
T02,2,BG9,22,0.02910711276947438,0.009170424313067457
T02,2,BG9,23,0.03143156785942575,0.012002937040075655
T02,2,BG9,24,0.03423897817450254,0.015636937839090734
T02,2,BG9,25,0.04971782441503464,0.02670130900007447
T02,2,BG9,26,0.05781784249106429,0.03580114769614269
T02,2,BG9,27,0.06389651871267658,0.04464262958821513
T02,2,BG9,28,0.06826732354547949,0.05264320289011031
T02,2,BG9,29,0.07153526262046031,0.05961385354244485
T02,2,BG9,30,0.07391183924402946,0.06531625031001681
T02,2,BG9,31,0.07552595693600446,0.0696523280992355
T02,2,BG9,32,0.07644517228264783,0.07263699410962776
T02,2,BG9,33,0.07694713569096662,0.07459839898573173
T02,2,BG9,34,0.0772186606472361,0.07584098268938522
T02,2,BG9,35,0.07733176170994696,0.07656610133498949
T02,2,BG9,36,0.07749293726877994,0.07749293726877994
T02,2,BG10,0,0.0,0.0
T02,2,BG10,1,0.005250827359251446,3.0419360272445477e-05
T02,2,BG10,2,0.009873455653143992,6.682320390371003e-05
T02,2,BG10,3,0.013868389433796384,0.00011002467187043815
T02,2,BG10,4,0.017315212988312848,0.00016159272491335112
T02,2,BG10,5,0.020367145181729256,0.00022440480707172018
T02,2,BG10,6,0.022967713633383183,0.0002998883557140028
T02,2,BG10,7,0.025204132406782688,0.00039150496010306843
T02,2,BG10,8,0.02717765047565741,0.0005042355836288115
T02,2,BG10,9,0.0287735028166813,0.0006402441731067178
T02,2,BG10,10,0.030265498755831732,0.0008110376356133131
T02,2,BG10,11,0.03170077385066229,0.0010273832478671033
T02,2,BG10,12,0.03304987939380018,0.001300863094351567
T02,2,BG10,13,0.03470177491410444,0.0016657684126057332
T02,2,BG10,14,0.03666941921678982,0.0021552794802617587
T02,2,BG10,15,0.03948016838097352,0.0028518720371693107
T02,2,BG10,16,0.04348015942680241,0.003872708565323057
T02,2,BG10,17,0.04953201906299956,0.005453967809918696
T02,2,BG10,18,0.05729285558063336,0.007811637957585745
T02,2,BG10,19,0.06597502092318372,0.011142178218161738
T02,2,BG10,20,0.0747373103218391,0.015611247060408912
T02,2,BG10,21,0.08299311963575152,0.021360780349615666
T02,2,BG10,22,0.09078823159998649,0.028603544817362173
T02,2,BG10,23,0.09803967123492863,0.0374389214848311
T02,2,BG10,24,0.10426794425204361,0.04761915942894511
T02,2,BG10,25,0.12239120584500439,0.06573106228416783
T02,2,BG10,26,0.13293977374437957,0.08231708889379348
T02,2,BG10,27,0.1406421585104933,0.0982625645094096
T02,2,BG10,28,0.14627597593074076,0.11279826818919507
T02,2,BG10,29,0.15035044350784718,0.12529442109703748
T02,2,BG10,30,0.15320666048082948,0.13538946809442418
T02,2,BG10,31,0.1550517185921453,0.1429933973622275
T02,2,BG10,32,0.15605650909433666,0.1482824276038112
T02,2,BG10,33,0.15663584728079855,0.15185469006889807
T02,2,BG10,34,0.15697213498388277,0.15417155443992955
T02,2,BG10,35,0.15712504688417078,0.15556935483163592
T02,2,BG10,36,0.15732582459236383,0.15732582459236383
T02,2,BG11,0,0.0,0.0
T02,2,BG11,1,0.0026558497535485418,1.5386003968714325e-05
T02,2,BG11,2,0.005088558061230723,3.443918369420253e-05
T02,2,BG11,3,0.007093053357977818,5.6272638707702354e-05
T02,2,BG11,4,0.008871606415353495,8.279349821364237e-05
T02,2,BG11,5,0.010366818492428187,0.00011422140365689162
T02,2,BG11,6,0.011679304575123034,0.00015249613037261015
T02,2,BG11,7,0.012821729205891056,0.00019916458565777368
T02,2,BG11,8,0.013784549486916755,0.0002557491257734044
T02,2,BG11,9,0.01460288869545762,0.00032493139498945
T02,2,BG11,10,0.015319764264526515,0.0004105303368092973
T02,2,BG11,11,0.015995839457074112,0.0005184055632280561
T02,2,BG11,12,0.01662408327682303,0.0006543338999177077
T02,2,BG11,13,0.01731214536444425,0.0008310244938065586
T02,2,BG11,14,0.017958958285335194,0.0010555546034786267
T02,2,BG11,15,0.01864698099961755,0.0013469751014058545
T02,2,BG11,16,0.019576035376886923,0.0017436063025156562
T02,2,BG11,17,0.020920496861072575,0.0023035547307252244
T02,2,BG11,18,0.022447304049012736,0.0030605947320643694
T02,2,BG11,19,0.024245937503798266,0.00409477031014767
T02,2,BG11,20,0.026084888851503178,0.005448652660299564
T02,2,BG11,21,0.027987072217800488,0.00720331641435224
T02,2,BG11,22,0.029591054024496955,0.009322893777178624
T02,2,BG11,23,0.031170108445364702,0.011903092151726122
T02,2,BG11,24,0.03270255234146083,0.014935252313675658
T02,2,BG11,25,0.04726157565243662,0.025382163270804618
T02,2,BG11,26,0.05471150435908447,0.03387768489505489
T02,2,BG11,27,0.06049856239398102,0.042268576831823
T02,2,BG11,28,0.06473633787197752,0.04992034239571837
T02,2,BG11,29,0.06782293186649138,0.05652018566744593
T02,2,BG11,30,0.06997271771013475,0.061835229618365024
T02,2,BG11,31,0.07138759228858231,0.0658358028794772
T02,2,BG11,32,0.07214708692310902,0.06855302127059434
T02,2,BG11,33,0.07254011336834833,0.07032589683943895
T02,2,BG11,34,0.07273706249320348,0.07143934188763433
T02,2,BG11,35,0.07282161214688217,0.07210060670613098
T02,2,BG11,36,0.07294239367691979,0.07294239367691979
T02,2,BG12,0,0.0,0.0
T02,2,BG12,1,0.0028728402131667397,1.6643084138330136e-05
T02,2,BG12,2,0.005466921825941564,3.699993626461858e-05
T02,2,BG12,3,0.007687671675655832,6.0990034497872865e-05
T02,2,BG12,4,0.009607975620053845,8.966559987648001e-05
T02,2,BG12,5,0.011265680108566664,0.00012412504356521385
T02,2,BG12,6,0.012723204962460615,0.0001661262881790161
T02,2,BG12,7,0.013941180743090387,0.00021655343298008768
T02,2,BG12,8,0.015028844270562705,0.00027883492178873274
T02,2,BG12,9,0.01595587937128379,0.0003550370242572367
T02,2,BG12,10,0.016752287056552153,0.00044891826753394956
T02,2,BG12,11,0.01751718501330112,0.000567710509027012
T02,2,BG12,12,0.018116599855579087,0.0007130802462601616
T02,2,BG12,13,0.01869085550498753,0.0008972058836675551
T02,2,BG12,14,0.01924781588872358,0.0011313084150309386
T02,2,BG12,15,0.019744659330368085,0.0014262665088769744
T02,2,BG12,16,0.020231695634513245,0.001802004911800132
T02,2,BG12,17,0.0207605488410592,0.0022859428551867947
T02,2,BG12,18,0.02121449944549366,0.0028925070464530514
T02,2,BG12,19,0.021626695478030315,0.0036524201491045833
T02,2,BG12,20,0.022021197251269428,0.004599822365758518
T02,2,BG12,21,0.02243187283007778,0.005773518459409195
T02,2,BG12,22,0.0229200535380864,0.0072211427220461154
T02,2,BG12,23,0.02369746507443224,0.009049474814048266
T02,2,BG12,24,0.0250035537961866,0.011419120459665128
T02,2,BG12,25,0.0438795804831792,0.023565838831925527
T02,2,BG12,26,0.052725463200074395,0.03264791652736742
T02,2,BG12,27,0.05948900399907269,0.041563227947954515
T02,2,BG12,28,0.06444281795217897,0.049693999460072066
T02,2,BG12,29,0.06811423687007287,0.05676294453004419
T02,2,BG12,30,0.0706895760775181,0.062468720709295295
T02,2,BG12,31,0.07237099316753641,0.06674272504286459
T02,2,BG12,32,0.07323575713364872,0.06958745847572374
T02,2,BG12,33,0.07365504401035848,0.07140679532288847
T02,2,BG12,34,0.0738241823265544,0.07250706601705285
T02,2,BG12,35,0.07388639988034379,0.07315485227946225
T02,2,BG12,36,0.07399702589058067,0.07399702589058067
T02,2,BG13,0,0.0,0.0
T02,2,BG13,1,0.0026891443038158627,1.557888754289159e-05
T02,2,BG13,2,0.005132198545199472,3.4734540938017385e-05
T02,2,BG13,3,0.0071962357799942155,5.709123477555798e-05
T02,2,BG13,4,0.00899182641957256,8.391544072594948e-05
T02,2,BG13,5,0.010544221602649645,0.00011617602737713698
T02,2,BG13,6,0.011887529093791104,0.00015521490807574812
T02,2,BG13,7,0.013056500608509594,0.00020281137513584465
T02,2,BG13,8,0.014073423119953144,0.00026110868952839393
T02,2,BG13,9,0.014910929493501498,0.00033178566345542403
T02,2,BG13,10,0.01566213283006112,0.00041970493465794665
T02,2,BG13,11,0.016346021285095255,0.0005297545282181756
T02,2,BG13,12,0.016882076453163357,0.0006644886671720078
T02,2,BG13,13,0.017417665800049456,0.0008360897244899966
T02,2,BG13,14,0.0178884625839582,0.001051411154681089
T02,2,BG13,15,0.018348456723780108,0.001325411031993004
T02,2,BG13,16,0.018704977840105434,0.0016660225900115573
T02,2,BG13,17,0.019197312089044925,0.0021138149467054214
T02,2,BG13,18,0.01953650093817957,0.0026637190710221375
T02,2,BG13,19,0.019905701223733814,0.00336177036440765
T02,2,BG13,20,0.02023725771769128,0.004227190258011072
T02,2,BG13,21,0.02059591043596462,0.005300978204907092
T02,2,BG13,22,0.02103264770217691,0.006626500732535937
T02,2,BG13,23,0.021723589279113293,0.008295700553723662
T02,2,BG13,24,0.022867395046005393,0.010443536966759063
T02,2,BG13,25,0.04089383337027302,0.021962322311129618
T02,2,BG13,26,0.0493143542276457,0.030535737851283464
T02,2,BG13,27,0.05569820129114211,0.03891470483690674
T02,2,BG13,28,0.060351858200503136,0.04653932436212678
T02,2,BG13,29,0.0637282702485967,0.05310790258063611
T02,2,BG13,30,0.06610191921823187,0.058414586161212124
T02,2,BG13,31,0.06766013871938775,0.062398232003672595
T02,2,BG13,32,0.06843159266649372,0.06502261737903046
T02,2,BG13,33,0.06878478059665684,0.06668519180899742
T02,2,BG13,34,0.0689343926541884,0.06770451644885653
T02,2,BG13,35,0.06897937911839891,0.06829641563049368
T02,2,BG13,36,0.069075581571027,0.069075581571027
T02,2,BG14,0,0.0,0.0
T02,2,BG14,1,0.002153791155814221,1.2477452498369343e-05
T02,2,BG14,2,0.004148193439376518,2.8074828609634624e-05
T02,2,BG14,3,0.0057801639007035764,4.585684870558681e-05
T02,2,BG14,4,0.007230421677344815,6.747728370279131e-05
T02,2,BG14,5,0.008454216283141264,9.314838960739785e-05
T02,2,BG14,6,0.009555205387592894,0.00012476186680537634
T02,2,BG14,7,0.010501789777767903,0.0001631281214354865
T02,2,BG14,8,0.01136925084182561,0.00021093732276139914
T02,2,BG14,9,0.012069603756547262,0.00026856283483225765
T02,2,BG14,10,0.012727683625079107,0.0003410692325729582
T02,2,BG14,11,0.01341556999186756,0.0004347821900812192
T02,2,BG14,12,0.013950676166026278,0.0005491069918325251
T02,2,BG14,13,0.014636107086998373,0.0007025682385025348
T02,2,BG14,14,0.015319774452986936,0.0009004340967510859
T02,2,BG14,15,0.016081339414900357,0.0011616445440596028
T02,2,BG14,16,0.016966303934884085,0.0015111616750756761
T02,2,BG14,17,0.01819588475877383,0.002003547843120538
T02,2,BG14,18,0.019504451596579656,0.002659349278842767
T02,2,BG14,19,0.0210626205343825,0.00355715645105446
T02,2,BG14,20,0.022642312293428633,0.004729561843586243
T02,2,BG14,21,0.024249694336113386,0.0062413896039905815
T02,2,BG14,22,0.025429690164880225,0.0080118234434889
T02,2,BG14,23,0.026569307404168945,0.010146160230785704
T02,2,BG14,24,0.02787957580236612,0.012732599416071003
T02,2,BG14,25,0.03882676931062027,0.020852190923564728
T02,2,BG14,26,0.04452915301005176,0.027572713181945607
T02,2,BG14,27,0.04866953747376476,0.03400398296700232
T02,2,BG14,28,0.051838982526812405,0.03997476290772901
T02,2,BG14,29,0.05417504448780273,0.04514672970722336
T02,2,BG14,30,0.055813260629436943,0.04932244879147908
T02,2,BG14,31,0.05696120709794857,0.05253135280059436
T02,2,BG14,32,0.05761550124016871,0.054745338384572954
T02,2,BG14,33,0.05797574002897282,0.05620608681014201
T02,2,BG14,34,0.05816722010554222,0.05712944373001309
T02,2,BG14,35,0.05824983806164156,0.057673107565559927
T02,2,BG14,36,0.0583669002178711,0.0583669002178711
T02,2,BG15,0,0.0,0.0
T02,2,BG15,1,0.001706299782337998,9.885022710327916e-06
T02,2,BG15,2,0.0033102896174480876,2.240392478250501e-05
T02,2,BG15,3,0.004627255453178677,3.6710265817626996e-05
T02,2,BG15,4,0.005774869882809982,5.389347257066246e-05
T02,2,BG15,5,0.006771411209484359,7.460727627076775e-05
T02,2,BG15,6,0.007646398576457949,9.983866651516928e-05
T02,2,BG15,7,0.008396052954771603,0.00013041894535367177
T02,2,BG15,8,0.009026284274573842,0.00016746752048528907
T02,2,BG15,9,0.009566624454948424,0.0002128686103596099
T02,2,BG15,10,0.010055720293793029,0.0002694674778539965
T02,2,BG15,11,0.010524710496527728,0.0003410929750551314
T02,2,BG15,12,0.010908980720776814,0.0004293840325845382
T02,2,BG15,13,0.011306592027789183,0.0005427435302259968
T02,2,BG15,14,0.011634902499583993,0.0006838522970500424
T02,2,BG15,15,0.011985847710124115,0.0008658044123803199
T02,2,BG15,16,0.012336843275649868,0.001098822984857036
T02,2,BG15,17,0.012799084032997251,0.0014093064120751912
T02,2,BG15,18,0.013210686152747737,0.001801221052826039
T02,2,BG15,19,0.013644305903589787,0.002304315867461134
T02,2,BG15,20,0.014040829203435629,0.00293287050331086
T02,2,BG15,21,0.014538064975381192,0.003741809131979658
T02,2,BG15,22,0.015087038950045081,0.004753290020791376
T02,2,BG15,23,0.01575817725901553,0.006017657489212238
T02,2,BG15,24,0.01663000615664837,0.007594922126969749
T02,2,BG15,25,0.02734737826379439,0.01468710282051509
T02,2,BG15,26,0.032500160270707686,0.020124290178329386
T02,2,BG15,27,0.03642202489989031,0.02544700399905246
T02,2,BG15,28,0.03919040910866259,0.03022102741418065
T02,2,BG15,29,0.041297286354467916,0.03441506032618216
T02,2,BG15,30,0.042807697071068726,0.03782936930714789
T02,2,BG15,31,0.043814886595901596,0.04040741733056398
T02,2,BG15,32,0.0444439553509516,0.04222994369694602
T02,2,BG15,33,0.044768037163443006,0.04340153623965009
T02,2,BG15,34,0.044933865067488823,0.04413218840507831
T02,2,BG15,35,0.0449985569871865,0.044553027102751955
T02,2,BG15,36,0.04509486658186846,0.04509486658186846
T03,0,BG1,0,0.0,0.0
T03,0,BG1,1,0.0008515881990601336,4.933464099424646e-06
T03,0,BG1,2,0.0018358109641290522,1.2424704632096728e-05
T03,0,BG1,3,0.002493970630920958,1.9785880826160854e-05
T03,0,BG1,4,0.003039777603141317,2.836846096916122e-05
T03,0,BG1,5,0.0035127146562960987,3.8703021488607353e-05
T03,0,BG1,6,0.003977561825876562,5.193483746856739e-05
T03,0,BG1,7,0.004325156419601454,6.718422845726996e-05
T03,0,BG1,8,0.004656000307804725,8.63842527314514e-05
T03,0,BG1,9,0.0049469721941941104,0.00011007593179217992
T03,0,BG1,10,0.005145354475207986,0.00013788228483642032
T03,0,BG1,11,0.005375759460781981,0.00017422177870594783
T03,0,BG1,12,0.005539124582633254,0.00021802326956864914
T03,0,BG1,13,0.005692944491915521,0.0002732749879220874
T03,0,BG1,14,0.0058447335118558845,0.0003435296886892835
T03,0,BG1,15,0.00596434971400715,0.0004308381388107032
T03,0,BG1,16,0.006098184361929819,0.0005431555709933413
T03,0,BG1,17,0.006155629658539933,0.000677796034763556
T03,0,BG1,18,0.006243503805564275,0.0008512752764030489
T03,0,BG1,19,0.006411786466415354,0.0010828532745231294
T03,0,BG1,20,0.006568946026720923,0.001372131794221528
T03,0,BG1,21,0.006776954217711284,0.0017442533951117169
T03,0,BG1,22,0.007067870294949816,0.002226787993191205
T03,0,BG1,23,0.007360871318840484,0.0028109343933330933
T03,0,BG1,24,0.007746784631406973,0.003537955748640557
T03,0,BG1,25,0.014468142791785737,0.007770218360098814
T03,0,BG1,26,0.017641337436289657,0.01092361977245342
T03,0,BG1,27,0.020009198877354906,0.013979842252409154
T03,0,BG1,28,0.02180187928139496,0.01681215395072361
T03,0,BG1,29,0.023123573145616343,0.01927001108130892
T03,0,BG1,30,0.024028240942510378,0.02123387295819217
T03,0,BG1,31,0.024587969736972203,0.02267577144510807
T03,0,BG1,32,0.02494908050570969,0.023706221835104367
T03,0,BG1,33,0.02513270146956659,0.024365550186536515
T03,0,BG1,34,0.025210416019387717,0.02476063048369222
T03,0,BG1,35,0.02525329884899883,0.02500326643968295
T03,0,BG1,36,0.025313004591204374,0.025313004591204374
T03,0,BG2,0,0.0,0.0
T03,0,BG2,1,0.000924101502775517,5.353551838960332e-06
T03,0,BG2,2,0.001969541923106834,1.3329791061699551e-05
T03,0,BG2,3,0.002669917379927906,2.118175178611878e-05
T03,0,BG2,4,0.0032645923918534045,3.0466525601021903e-05
T03,0,BG2,5,0.003779486955318757,4.164231331702182e-05
T03,0,BG2,6,0.004282851716475691,5.5920993253568904e-05
T03,0,BG2,7,0.0046517590285849895,7.225746530753169e-05
T03,0,BG2,8,0.0049820085829031715,9.243278855429239e-05
T03,0,BG2,9,0.005280859945693601,0.00011750532544334891
T03,0,BG2,10,0.005522479504769197,0.00014798826776237306
T03,0,BG2,11,0.0057626917641724375,0.00018676178170702476
T03,0,BG2,12,0.005925128418122343,0.0002332166131199113
T03,0,BG2,13,0.006118791201943798,0.0002937166504879822
T03,0,BG2,14,0.006225852912363097,0.00036593033918173304
T03,0,BG2,15,0.006342260788267826,0.00045813675295218226
T03,0,BG2,16,0.0065007986955440316,0.0005790157888068418
T03,0,BG2,17,0.006544748204591989,0.0007206418519421557
T03,0,BG2,18,0.00660922665675033,0.0009011400326643307
T03,0,BG2,19,0.006745299765115017,0.0011391786034665534
T03,0,BG2,20,0.006848125204095251,0.001430447176020613
T03,0,BG2,21,0.006980107916310999,0.001796541116777959
T03,0,BG2,22,0.007140629409293453,0.002249711330558588
T03,0,BG2,23,0.0073110265130080015,0.0027918998925385245
T03,0,BG2,24,0.007578579942327839,0.0034611366848779765
T03,0,BG2,25,0.014821265156640265,0.00795986521112181
T03,0,BG2,26,0.018078993466169403,0.011194618962602971
T03,0,BG2,27,0.02042490609263093,0.014270284770141682
T03,0,BG2,28,0.022229649482263664,0.017142021804231206
T03,0,BG2,29,0.023486066020038342,0.01957209418855997
T03,0,BG2,30,0.024408928022458292,0.021570287941912836
T03,0,BG2,31,0.024964307290395317,0.02302284134569947
T03,0,BG2,32,0.02530067315496342,0.024040299615965908
T03,0,BG2,33,0.02549289945341598,0.02471475341626483
T03,0,BG2,34,0.02559715319504785,0.025140467790818143
T03,0,BG2,35,0.025652501885340174,0.025398516898015575
T03,0,BG2,36,0.025721216051819942,0.025721216051819942
T03,0,BG3,0,0.0,0.0
T03,0,BG3,1,0.0010191189544953383,5.904011782301577e-06
T03,0,BG3,2,0.002113808221795347,1.4306180359283096e-05
T03,0,BG3,3,0.0028976978435080484,2.298884489543987e-05
T03,0,BG3,4,0.0035666261242515936,3.328522918925402e-05
T03,0,BG3,5,0.004124019951661173,4.54383712635477e-05
T03,0,BG3,6,0.004671523579677606,6.09958631853385e-05
T03,0,BG3,7,0.005096854828305216,7.917130064945564e-05
T03,0,BG3,8,0.005440768184275558,0.00010094430072551072
T03,0,BG3,9,0.005783990656522952,0.00012870057386110125
T03,0,BG3,10,0.006049592189733628,0.00016211353431517595
T03,0,BG3,11,0.006322479196053052,0.00020490380714985752
T03,0,BG3,12,0.006521973909946315,0.00025670880813435167
T03,0,BG3,13,0.006731712867956358,0.00032313835936274984
T03,0,BG3,14,0.006881109854772094,0.0004044436766342739
T03,0,BG3,15,0.007028949747102912,0.000507740116865995
T03,0,BG3,16,0.007226458367753596,0.000643649137252478
T03,0,BG3,17,0.0074370118202745465,0.0008188889494118375
T03,0,BG3,18,0.007666949845542252,0.0010453561091739636
T03,0,BG3,19,0.008015829501312126,0.0013537517671575556
T03,0,BG3,20,0.008461965042203479,0.0017675485795033254
T03,0,BG3,21,0.00907099606043218,0.0023346941893444793
T03,0,BG3,22,0.009700237512232856,0.0030561359547142076
T03,0,BG3,23,0.01041258177460419,0.003976306999055497
T03,0,BG3,24,0.011438907928638008,0.005224148089218452
T03,0,BG3,25,0.018115801953750874,0.009729219493136574
T03,0,BG3,26,0.021553691362029864,0.013346172312162674
T03,0,BG3,27,0.024119267472831246,0.01685142702800451
T03,0,BG3,28,0.02613891965225772,0.02015658999687211
T03,0,BG3,29,0.02756067776382822,0.022967668657389514
T03,0,BG3,30,0.028637142124222987,0.02530678118515915
T03,0,BG3,31,0.029303018574916847,0.02702413249095221
T03,0,BG3,32,0.02976843742815982,0.028285498567055204
T03,0,BG3,33,0.030010428204029268,0.029094388982138522
T03,0,BG3,34,0.030135160222916724,0.02959751104647036
T03,0,BG3,35,0.030215215261840997,0.0299160549960181
T03,0,BG3,36,0.030310284909792495,0.030310284909792495
T03,0,BG4,0,0.0,0.0
T03,0,BG4,1,0.0009406040313359598,5.449155123874849e-06
T03,0,BG4,2,0.0019755669373415826,1.3370568150284187e-05
T03,0,BG4,3,0.0027180914530771415,2.15639401346961e-05
T03,0,BG4,4,0.0033406689939515658,3.117650384388926e-05
T03,0,BG4,5,0.0038581593623903485,4.250912453237252e-05
T03,0,BG4,6,0.0043611806085587694,5.694372992771732e-05
T03,0,BG4,7,0.004736867478677669,7.357948626987768e-05
T03,0,BG4,8,0.005094165841498173,9.451367746481663e-05
T03,0,BG4,9,0.005392617185005687,0.00011999205511269761
T03,0,BG4,10,0.005648489478083001,0.00015136501155919478
T03,0,BG4,11,0.005893181156607538,0.0001909907825895832
T03,0,BG4,12,0.006071439990442137,0.00023897552337717848
T03,0,BG4,13,0.006279642794568628,0.00030143791218726094
T03,0,BG4,14,0.006395236587917552,0.0003758860222133444
T03,0,BG4,15,0.006582822966705502,0.00047551389695398016
T03,0,BG4,16,0.006762277677574674,0.0006023053048531483
T03,0,BG4,17,0.0069187792915843165,0.0007618263959829285
T03,0,BG4,18,0.007138337678209366,0.0009732820774591575
T03,0,BG4,19,0.007414383701919516,0.0012521767086452014
T03,0,BG4,20,0.007786275228541659,0.0016264094337759903
T03,0,BG4,21,0.00820876326484128,0.002112772597856632
T03,0,BG4,22,0.008710084199745375,0.0027441803871722436
T03,0,BG4,23,0.009269057967670608,0.003539623589105312
T03,0,BG4,24,0.010165470074713474,0.004642569145119968
T03,0,BG4,25,0.016523918166614113,0.008874287047356186
T03,0,BG4,26,0.019733112201592136,0.012218859016418419
T03,0,BG4,27,0.022131764260397285,0.015462816665325093
T03,0,BG4,28,0.024010640990281083,0.018515403523313517
T03,0,BG4,29,0.02538216280416078,0.021152204930131122
T03,0,BG4,30,0.02640509857635823,0.023334313504740276
T03,0,BG4,31,0.02706248957424816,0.0249578486959988
T03,0,BG4,32,0.027492477519162506,0.026122917467918314
T03,0,BG4,33,0.02770234585324602,0.026856758646877116
T03,0,BG4,34,0.02782458131348796,0.027328155748600348
T03,0,BG4,35,0.027904048437488876,0.02762777098588187
T03,0,BG4,36,0.02799666299236485,0.02799666299236485
T03,0,BG5,0,0.0,0.0
T03,0,BG5,1,0.004835042276326032,2.801061297443276e-05
T03,0,BG5,2,0.009118176444542509,6.171150060592116e-05
T03,0,BG5,3,0.012831722363931658,0.00010180028767263395
T03,0,BG5,4,0.01605504617330852,0.00014983232767861362
T03,0,BG5,5,0.018832744020086487,0.00020749880471581219
T03,0,BG5,6,0.021291496575873817,0.00027800206915656905
T03,0,BG5,7,0.023377002674902506,0.0003631234873143229
T03,0,BG5,8,0.025178297622903665,0.0004671409546717795
T03,0,BG5,9,0.026793566398646294,0.0005961882668637689
T03,0,BG5,10,0.028118925274694034,0.0007535149777993809
T03,0,BG5,11,0.029334325568373357,0.000950689560343512
T03,0,BG5,12,0.030393011915143944,0.001196287190916244
T03,0,BG5,13,0.0313769467882374,0.0015061686830123455
T03,0,BG5,14,0.0322105419328356,0.0018932047871416792
T03,0,BG5,15,0.03302206165703429,0.0023853670966008083
T03,0,BG5,16,0.03369253997310981,0.003000940892541476
T03,0,BG5,17,0.03435282204792139,0.003782587294225508
T03,0,BG5,18,0.034990698911299925,0.004770833427818469
T03,0,BG5,19,0.03569788783438917,0.0060288306690839235
T03,0,BG5,20,0.03646755453570117,0.007617400198280152
T03,0,BG5,21,0.037550617615919456,0.009664783010531955
T03,0,BG5,22,0.03899609225387226,0.012286024827662377
T03,0,BG5,23,0.04159777900163005,0.015885161187616077
T03,0,BG5,24,0.04672692350094792,0.021340181188309167
T03,0,BG5,25,0.07760449646777862,0.04167804338071527
T03,0,BG5,26,0.09231404737482261,0.05716140043643209
T03,0,BG5,27,0.10333241721910004,0.07219533890873114
T03,0,BG5,28,0.11136950483300359,0.08588072799789942
T03,0,BG5,29,0.1170872837668859,0.0975745937589791
T03,0,BG5,30,0.12102568622905309,0.10695098515542932
T03,0,BG5,31,0.12351075222654972,0.1139053617974791
T03,0,BG5,32,0.12496391250648459,0.11873873409233039
T03,0,BG5,33,0.1257110828843818,0.12187387394529653
T03,0,BG5,34,0.12608642507108128,0.12383688500841397
T03,0,BG5,35,0.12625506312225235,0.12500501398294664
T03,0,BG5,36,0.12649067181342902,0.12649067181342902
T03,0,BG6,0,0.0,0.0
T03,0,BG6,1,0.004383338209279708,2.5393777977062362e-05
T03,0,BG6,2,0.008272996494349642,5.599135214608098e-05
T03,0,BG6,3,0.011640877759524656,9.23527393412325e-05
T03,0,BG6,4,0.014574937414332757,0.00013601934047487103
T03,0,BG6,5,0.017087157109161068,0.00018826596365150743
T03,0,BG6,6,0.019327588510507282,0.00025235941447254663
T03,0,BG6,7,0.02118402300656758,0.0003290591377037855
T03,0,BG6,8,0.02284298837820456,0.0004238132203501319
T03,0,BG6,9,0.024322484765732778,0.0005412038035336409
T03,0,BG6,10,0.02561075677675379,0.0006863025056702862
T03,0,BG6,11,0.02676847266522077,0.0008675334077300877
T03,0,BG6,12,0.027814546337627335,0.0010947972440202803
T03,0,BG6,13,0.02878033568074836,0.0013815251268571743
T03,0,BG6,14,0.02964126956784199,0.001742193386375859
T03,0,BG6,15,0.030525123565212586,0.0022049993694885934
T03,0,BG6,16,0.031384701525733805,0.002795385391935269
T03,0,BG6,17,0.03236384005142972,0.0035635805947158428
T03,0,BG6,18,0.03355182763345023,0.00457464944937056
T03,0,BG6,19,0.035278313071470425,0.005957970854195028
T03,0,BG6,20,0.03786434880677972,0.00790916479070219
T03,0,BG6,21,0.04133715102217079,0.010639361505422247
T03,0,BG6,22,0.0469530072345536,0.014792913384384421
T03,0,BG6,23,0.05481509261290071,0.020932525833066328
T03,0,BG6,24,0.06261715114913542,0.02859724650080518
T03,0,BG6,25,0.08834851074921737,0.047448192211592535
T03,0,BG6,26,0.10264166989040831,0.06355632516546164
T03,0,BG6,27,0.11335971551943609,0.07920111890580117
T03,0,BG6,28,0.12108807482988786,0.09337504019615617
T03,0,BG6,29,0.12664852730621498,0.10554244825555953
T03,0,BG6,30,0.1304083057627118,0.11524245163150532
T03,0,BG6,31,0.13274450262531415,0.1224210064432337
T03,0,BG6,32,0.134087733860668,0.12740804474769757
T03,0,BG6,33,0.13482543659798232,0.1307100209410832
T03,0,BG6,34,0.13521067283624133,0.13279834440604826
T03,0,BG6,35,0.13538544459201238,0.13404499581055426
T03,0,BG6,36,0.13563147773670203,0.13563147773670203
T03,0,BG7,0,0.0,0.0
T03,0,BG7,1,0.005147003218600211,2.9817880943895813e-05
T03,0,BG7,2,0.009675849387878936,6.548581148175698e-05
T03,0,BG7,3,0.013617122464376834,0.00010803124893178371
T03,0,BG7,4,0.017052094391284554,0.00015913719361371111
T03,0,BG7,5,0.019993613459794463,0.00022028924227199376
T03,0,BG7,6,0.022596621997220658,0.0002950430283292924
T03,0,BG7,7,0.024776791525464182,0.00038486691728408315
T03,0,BG7,8,0.026738148532037136,0.0004960813640049175
T03,0,BG7,9,0.0283926597283796,0.0006317699674853709
T03,0,BG7,10,0.029843524822610847,0.0007997298163172217
T03,0,BG7,11,0.031095962967544653,0.0010077820734235255
T03,0,BG7,12,0.032166877907056926,0.0012661076324675048
T03,0,BG7,13,0.03315790688750777,0.0015916590504371762
T03,0,BG7,14,0.0339611428531345,0.001996097986315598
T03,0,BG7,15,0.03472463830550491,0.0025083536674960763
T03,0,BG7,16,0.03541016431001869,0.00315392694506749
T03,0,BG7,17,0.03602736645206014,0.003966971282681217
T03,0,BG7,18,0.03654048703267205,0.004982140500002073
T03,0,BG7,19,0.03715635190177173,0.006275143060012096
T03,0,BG7,20,0.037853478710322276,0.00790689422419385
T03,0,BG7,21,0.038766470168891544,0.009977719314429876
T03,0,BG7,22,0.040225770602519105,0.01267344470060063
T03,0,BG7,23,0.044876690668604204,0.017137296332235458
T03,0,BG7,24,0.05358213766278278,0.024470956791087184
T03,0,BG7,25,0.08697900683716411,0.046712690461821464
T03,0,BG7,26,0.10362556155524967,0.06416555650268789
T03,0,BG7,27,0.1161993458341094,0.08118508568612375
T03,0,BG7,28,0.12540030148175546,0.09670034172599408
T03,0,BG7,29,0.13193726075093382,0.1099498101089664
T03,0,BG7,30,0.13633128095302263,0.12047661363665003
T03,0,BG7,31,0.13906452140828746,0.128249519424266
T03,0,BG7,32,0.1405902838052945,0.13358666486774123
T03,0,BG7,33,0.14137410190076388,0.13705879463704068
T03,0,BG7,34,0.14176802063976618,0.13923870090348606
T03,0,BG7,35,0.14194487108479087,0.1405394776954649
T03,0,BG7,36,0.1421957901637221,0.1421957901637221
T03,0,BG8,0,0.0,0.0
T03,0,BG8,1,0.004655437760851987,2.6970118872997692e-05
T03,0,BG8,2,0.008784217373429265,5.945127708600289e-05
T03,0,BG8,3,0.012350620344521316,9.798347237091896e-05
T03,0,BG8,4,0.015438316375103385,0.00014407674975011546
T03,0,BG8,5,0.01812744487607598,0.00019972783323235062
T03,0,BG8,6,0.020522047817219558,0.00026795541227541303
T03,0,BG8,7,0.022520807850646595,0.0003498239033617743
T03,0,BG8,8,0.024290133946255912,0.0004506625731569529
T03,0,BG8,9,0.025945210732603252,0.0005773113590212957
T03,0,BG8,10,0.02732928519191893,0.0007323546515590113
T03,0,BG8,11,0.028705251485772954,0.0009303020391878828
T03,0,BG8,12,0.029890190581295228,0.0011764958492768089
T03,0,BG8,13,0.031019111363866207,0.001488991730023424
T03,0,BG8,14,0.0320233323209539,0.0018822013651890073
T03,0,BG8,15,0.0331083444557744,0.002391599767107108
T03,0,BG8,16,0.034237429018795396,0.0030494732829229017
T03,0,BG8,17,0.035881082482099466,0.003950863978814618
T03,0,BG8,18,0.038113694544731326,0.005196640661390857
T03,0,BG8,19,0.041664413778975784,0.007036486200857314
T03,0,BG8,20,0.04811316377052252,0.010049953389452514
T03,0,BG8,21,0.05843415483003587,0.015039790653179182
T03,0,BG8,22,0.07217295284374937,0.022738655193637776
T03,0,BG8,23,0.08498025191562938,0.032451852741023184
T03,0,BG8,24,0.09580452388864123,0.04375391628816759
T03,0,BG8,25,0.11751651666899823,0.06311307598278885
T03,0,BG8,26,0.12931427400012643,0.08007215824728059
T03,0,BG8,27,0.1372509532424167,0.0958932283876308
T03,0,BG8,28,0.14279732337454004,0.11011576350785512
T03,0,BG8,29,0.1465387936959027,0.12211798582892362
T03,0,BG8,30,0.14915623756810284,0.13181008955379234
T03,0,BG8,31,0.15098121925218738,0.13923945948182062
T03,0,BG8,32,0.15215911630852288,0.1445791866512311
T03,0,BG8,33,0.15284096281871687,0.14817564075789083
T03,0,BG8,34,0.1532495099892588,0.15051534603627445
T03,0,BG8,35,0.1534479921389794,0.1519287064694606
T03,0,BG8,36,0.15370519040729344,0.15370519040729344
T03,0,BG9,0,0.0,0.0
T03,0,BG9,1,0.002411261743780538,1.3969044166071595e-05
T03,0,BG9,2,0.004617629417137137,3.1251954995137084e-05
T03,0,BG9,3,0.006466415237033971,5.1301213938659454e-05
T03,0,BG9,4,0.008064632978517292,7.526248825605954e-05
T03,0,BG9,5,0.009443616259839766,0.00010404957927947425
T03,0,BG9,6,0.010696211757166297,0.00013965993322789447
T03,0,BG9,7,0.011717917311208133,0.00018201867276455426
T03,0,BG9,8,0.012614252141062515,0.0002340362260770394
T03,0,BG9,9,0.01341273045119769,0.00029844897784132206
T03,0,BG9,10,0.014080908552448191,0.00037733218630142315
T03,0,BG9,11,0.014694595346703409,0.00047623383228522973
T03,0,BG9,12,0.015223487718720348,0.0005992056168175532
T03,0,BG9,13,0.01578503218114894,0.0007577193999927638
T03,0,BG9,14,0.01626255854283438,0.0009558471192045605
T03,0,BG9,15,0.016804324826252624,0.001213869806920965
T03,0,BG9,16,0.01742127851106295,0.0015516855360050074
T03,0,BG9,17,0.018359507228567256,0.002021564306886556
T03,0,BG9,18,0.019563516989002157,0.002667402600718101
T03,0,BG9,19,0.021390981980313216,0.0036126117266698497
T03,0,BG9,20,0.02477893011956677,0.005175861935436186
T03,0,BG9,21,0.030403667119635748,0.00782529993641041
T03,0,BG9,22,0.038376706031892256,0.012090882386142794
T03,0,BG9,23,0.04652679361700211,0.01776742978113205
T03,0,BG9,24,0.05328220901942106,0.02433397939018784
T03,0,BG9,25,0.06271660771334621,0.03368239751973034
T03,0,BG9,26,0.06956896740081278,0.04307751330266006
T03,0,BG9,27,0.07483229384088246,0.05228313591851691
T03,0,BG9,28,0.07882590109475472,0.060785272942898164
T03,0,BG9,29,0.08191352867586826,0.06826257326940374
T03,0,BG9,30,0.0841150877408374,0.07433291046491197
T03,0,BG9,31,0.08563148032116202,0.07897194831022163
T03,0,BG9,32,0.08664257416052303,0.08232640410831149
T03,0,BG9,33,0.08722115710495389,0.08455881599549306
T03,0,BG9,34,0.0875429618830955,0.08598108525092377
T03,0,BG9,35,0.08769713689331912,0.08682884934054236
T03,0,BG9,36,0.08790093324997472,0.08790093324997472
T03,0,BG10,0,0.0,0.0
T03,0,BG10,1,0.00382969358954658,2.218637580866692e-05
T03,0,BG10,2,0.007228539259120801,4.892250172816285e-05
T03,0,BG10,3,0.01017474622537719,8.072120572480961e-05
T03,0,BG10,4,0.012708424865443886,0.00011860027394198865
T03,0,BG10,5,0.01495953309378942,0.00016482384242650342
T03,0,BG10,6,0.01691109051688057,0.00022080731273201298
T03,0,BG10,7,0.01857756187085704,0.00028857202878158135
T03,0,BG10,8,0.02004545934111589,0.0003719097736077965
T03,0,BG10,9,0.021359579913026602,0.00047527569662435276
T03,0,BG10,10,0.022504677379207087,0.0006030675570223543
T03,0,BG10,11,0.023576529516288688,0.0007640864440966816
T03,0,BG10,12,0.024520382329063763,0.000965136972469194
T03,0,BG10,13,0.02540122224079781,0.0012193195789582153
T03,0,BG10,14,0.026151832481024612,0.0015370984621324393
T03,0,BG10,15,0.027018693046075275,0.0019517104002155985
T03,0,BG10,16,0.028032318962233897,0.0024967940165162494
T03,0,BG10,17,0.029474892428454764,0.0032454787299351752
T03,0,BG10,18,0.031279151764472435,0.004264779734454589
T03,0,BG10,19,0.03389331904967641,0.00572406639913515
T03,0,BG10,20,0.03796067142000599,0.007929284810177071
T03,0,BG10,21,0.04338554816544959,0.01116657824139277
T03,0,BG10,22,0.050679030445982175,0.01596682621100771
T03,0,BG10,23,0.059788939922443836,0.022831914887357876
T03,0,BG10,24,0.06816377620778356,0.03113038967098131
T03,0,BG10,25,0.091892695742855,0.04935162181292749
T03,0,BG10,26,0.10473360119050397,0.0648516612443175
T03,0,BG10,27,0.11330243108540042,0.07916109621384464
T03,0,BG10,28,0.11895996487973802,0.09173398397020925
T03,0,BG10,29,0.12277555572166338,0.10231491053982639
T03,0,BG10,30,0.12533536654960054,0.11075947047349909
T03,0,BG10,31,0.12701217075641058,0.11713447616426642
T03,0,BG10,32,0.127987432155033,0.12161163467138253
T03,0,BG10,33,0.12856902537951148,0.12464458081762421
T03,0,BG10,34,0.12888588303574028,0.12658639661249804
T03,0,BG10,35,0.12902869645273027,0.12775118587979975
T03,0,BG10,36,0.12922145521780595,0.12922145521780595
T03,0,BG11,0,0.0,0.0
T03,0,BG11,1,0.002256874727490215,1.307464148215878e-05
T03,0,BG11,2,0.004340800665677157,2.937838757918241e-05
T03,0,BG11,3,0.006050619486236738,4.8002504054951334e-05
T03,0,BG11,4,0.007549361134649144,7.045375859400719e-05
T03,0,BG11,5,0.008832325711328224,9.731439215787542e-05
T03,0,BG11,6,0.009992377554587142,0.00013047000375789413
T03,0,BG11,7,0.010963224751571575,0.0001702957589588066
T03,0,BG11,8,0.011778348615156009,0.00021852744431294686
T03,0,BG11,9,0.01256773502970899,0.00027964683963720865
T03,0,BG11,10,0.01322721585296119,0.00035445541374656153
T03,0,BG11,11,0.013834747378950197,0.00044836721606628604
T03,0,BG11,12,0.014353860826473703,0.0005649765804599497
T03,0,BG11,13,0.014985146585535188,0.0007193229731780485
T03,0,BG11,14,0.015487499636813042,0.0009102923033123614
T03,0,BG11,15,0.016091327753371656,0.0011623660606111716
T03,0,BG11,16,0.016739700054800095,0.001490978427545169
T03,0,BG11,17,0.01753379357831489,0.0019306450193315508
T03,0,BG11,18,0.018588727937702172,0.0025344942485932445
T03,0,BG11,19,0.02003582514338326,0.0033837463337895533
T03,0,BG11,20,0.02230339120544309,0.00465876747692059
T03,0,BG11,21,0.025271311292179428,0.006504333509533618
T03,0,BG11,22,0.029177889864513605,0.00919272318399857
T03,0,BG11,23,0.03397983854828626,0.012976058492760132
T03,0,BG11,24,0.039109208686683244,0.017861171582054212
T03,0,BG11,25,0.053535366602710334,0.02875154706060189
T03,0,BG11,26,0.06168434861096249,0.03819531107891183
T03,0,BG11,27,0.06762940173838501,0.047250685801962754
T03,0,BG11,28,0.07176678773381526,0.05534175610853654
T03,0,BG11,29,0.07464828104154568,0.06220808494155144
T03,0,BG11,30,0.07670297249010839,0.06778278835194908
T03,0,BG11,31,0.07802122649581897,0.07195354133911497
T03,0,BG11,32,0.07887019745225708,0.07494121450156445
T03,0,BG11,33,0.07935218151414297,0.07693003321127667
T03,0,BG11,34,0.07960649715048446,0.07818621718894367
T03,0,BG11,35,0.07972822397423414,0.07893883637703078
T03,0,BG11,36,0.07989531347545285,0.07989531347545285
T03,0,BG12,0,0.0,0.0
T03,0,BG12,1,0.0025656241214777366,1.4863304175533985e-05
T03,0,BG12,2,0.004891985566682924,3.310878766697784e-05
T03,0,BG12,3,0.0068776022240277235,5.4563360234001414e-05
T03,0,BG12,4,0.008572073497478322,7.999813297879448e-05
T03,0,BG12,5,0.010032343701272484,0.00011053616656550397
T03,0,BG12,6,0.011356027674906552,0.00014827511896004948
T03,0,BG12,7,0.01248116667586432,0.00019387450425138635
T03,0,BG12,8,0.01343995526581985,0.00024935575972872366
T03,0,BG12,9,0.014264398554788634,0.00031739959081609917
T03,0,BG12,10,0.01494631614351654,0.00040052288867856926
T03,0,BG12,11,0.015599087189996412,0.0005055473105162382
T03,0,BG12,12,0.016139931319181636,0.0006352773866361269
T03,0,BG12,13,0.01663731164462912,0.0007986308504297517
T03,0,BG12,14,0.01706479188493917,0.0010029991338309809
T03,0,BG12,15,0.017487514082815736,0.0012632203567404959
T03,0,BG12,16,0.017925848360721454,0.0015966267732446793
T03,0,BG12,17,0.0184165352944189,0.0020278436563884255
T03,0,BG12,18,0.018929070377349994,0.0025808985039144365
T03,0,BG12,19,0.019546758452449235,0.0033011503958477453
T03,0,BG12,20,0.020495203450189372,0.004281070356091087
T03,0,BG12,21,0.02169804304181688,0.005584645245072341
T03,0,BG12,22,0.023335263388131935,0.007351957847720891
T03,0,BG12,23,0.025616336975458325,0.009782244447073086
T03,0,BG12,24,0.028333431292768687,0.012939875172269539
T03,0,BG12,25,0.04493998962974502,0.024135339116562966
T03,0,BG12,26,0.05324576320514331,0.03297008942816726
T03,0,BG12,27,0.05976014698826209,0.04175266759173757
T03,0,BG12,28,0.06459466260899795,0.049811091897694115
T03,0,BG12,29,0.06816189341605033,0.0568026591853254
T03,0,BG12,30,0.07079040357069961,0.06255782251143706
T03,0,BG12,31,0.07265477788221045,0.06700443970007422
T03,0,BG12,32,0.07389916578492937,0.07021781905859492
T03,0,BG12,33,0.07459636897526475,0.07231938729868174
T03,0,BG12,34,0.07497120785146509,0.07363362709799373
T03,0,BG12,35,0.0751554054605575,0.0744112931868278
T03,0,BG12,36,0.07539380340575866,0.07539380340575866
T03,0,BG13,0,0.0,0.0
T03,0,BG13,1,0.00235879239238054,1.3665076163652681e-05
T03,0,BG13,2,0.0045256873476803156,3.062969426583187e-05
T03,0,BG13,3,0.006337143132666129,5.027563562585692e-05
T03,0,BG13,4,0.007901407871483152,7.3739204041764e-05
T03,0,BG13,5,0.009235096204869578,0.00010175210972912457
T03,0,BG13,6,0.010455483988481605,0.00013651676223832196
T03,0,BG13,7,0.011484927546697993,0.00017839955840846786
T03,0,BG13,8,0.012377737117954014,0.00022964808825263536
T03,0,BG13,9,0.013152697750535495,0.00029266294740231205
T03,0,BG13,10,0.013792434200109862,0.00036960181263521455
T03,0,BG13,11,0.014388357984897545,0.00046630905776137184
T03,0,BG13,12,0.014839778494457318,0.0005841025916470645
T03,0,BG13,13,0.015339287489876428,0.0007363225863898377
T03,0,BG13,14,0.0157562148420953,0.0009260862873895315
T03,0,BG13,15,0.016168872120808284,0.0011679675214582945
T03,0,BG13,16,0.01652054101945837,0.0014714582826195711
T03,0,BG13,17,0.016913019334690943,0.0018622916057444022
T03,0,BG13,18,0.01730070969833892,0.0023588784162846656
T03,0,BG13,19,0.017759358942059905,0.0029992857820888286
T03,0,BG13,20,0.018392037658067604,0.0038417577762265556
T03,0,BG13,21,0.019253524152799944,0.004955474642664246
T03,0,BG13,22,0.02030463295670963,0.00639713395951673
T03,0,BG13,23,0.021749388024701718,0.008305552405163525
T03,0,BG13,24,0.023858901390229018,0.010896357844387595
T03,0,BG13,25,0.03959218868557524,0.021263264810621338
T03,0,BG13,26,0.04746069342645217,0.029387940186123587
T03,0,BG13,27,0.053538090196621514,0.037405498464681136
T03,0,BG13,28,0.058112013539495556,0.04481210575604142
T03,0,BG13,29,0.06144560609359294,0.0512056463906243
T03,0,BG13,30,0.06397903533137517,0.056538583355490286
T03,0,BG13,31,0.06571662994153885,0.06060586939298192
T03,0,BG13,32,0.06690030262277957,0.06356760991853534
T03,0,BG13,33,0.0675584983083722,0.06549634083676242
T03,0,BG13,34,0.0679089237595025,0.06669734312359453
T03,0,BG13,35,0.06807060991952772,0.0673966440129064
T03,0,BG13,36,0.06828973423345495,0.06828973423345495
T03,0,BG14,0,0.0,0.0
T03,0,BG14,1,0.0018547951287402058,1.0745293562397e-05
T03,0,BG14,2,0.0035763501193266747,2.420461296596041e-05
T03,0,BG14,3,0.005017109452604815,3.9803167128962035e-05
T03,0,BG14,4,0.00623947142416628,5.822932644442639e-05
T03,0,BG14,5,0.00731235631566884,8.05673989597974e-05
T03,0,BG14,6,0.008283265798716154,0.00010815421164310149
T03,0,BG14,7,0.009080026685795555,0.00014104335839612458
T03,0,BG14,8,0.00977833357931285,0.00018142052969576724
T03,0,BG14,9,0.010447265863593536,0.00023246391353227394
T03,0,BG14,10,0.011014188126305748,0.00029515195405327313
T03,0,BG14,11,0.011624899400432183,0.00037674874974232296
T03,0,BG14,12,0.012145259205719086,0.00047804469321837886
T03,0,BG14,13,0.012686102781980645,0.0006089633571076758
T03,0,BG14,14,0.01319518635717786,0.0007755594423691442
T03,0,BG14,15,0.013789456436547285,0.0009960890967264954
T03,0,BG14,16,0.01450133182288778,0.0012916105378504058
T03,0,BG14,17,0.015438712703822795,0.0016999557859849067
T03,0,BG14,18,0.01664173077149041,0.0022690294294040393
T03,0,BG14,19,0.018431608072353053,0.0031128184385753005
T03,0,BG14,20,0.021047191073287872,0.004396370409199207
T03,0,BG14,21,0.024117831046002056,0.006207450607431426
T03,0,BG14,22,0.02802780931309402,0.008830381273257635
T03,0,BG14,23,0.03234166491125065,0.012350480540649448
T03,0,BG14,24,0.03693640333227874,0.01686885160881309
T03,0,BG14,25,0.049693097944607925,0.026688029487294488
T03,0,BG14,26,0.05682586814634832,0.03518691138646658
T03,0,BG14,27,0.06182022588734421,0.043191984443817305
T03,0,BG14,28,0.06537598889178864,0.05041359850088635
T03,0,BG14,29,0.06780726982175678,0.05650713369829282
T03,0,BG14,30,0.0695000160167066,0.061417500693644135
T03,0,BG14,31,0.07067318768454411,0.06517695710462593
T03,0,BG14,32,0.07138620818487439,0.06783004624454182
T03,0,BG14,33,0.07179511226187263,0.06960363609961319
T03,0,BG14,34,0.07201362197698746,0.07072880839214091
T03,0,BG14,35,0.07212799214082599,0.07141385424065373
T03,0,BG14,36,0.07227413883026725,0.07227413883026725
T03,0,BG15,0,0.0,0.0
T03,0,BG15,1,0.0014498160642104738,8.399148209221067e-06
T03,0,BG15,2,0.002870004252555908,1.9424088735117276e-05
T03,0,BG15,3,0.003987017959755596,3.163095065963278e-05
T03,0,BG15,4,0.004958495010739177,4.6274724955949206e-05
T03,0,BG15,5,0.005803240020018271,6.393998493045321e-05
T03,0,BG15,6,0.006551204486656462,8.553876850812398e-05
T03,0,BG15,7,0.0071727079231538645,0.00011141628224538214
T03,0,BG15,8,0.007711280743124988,0.0001430698416782441
T03,0,BG15,9,0.00818549926580835,0.0001821369560405134
T03,0,BG15,10,0.008575363775026537,0.00022979772528214823
T03,0,BG15,11,0.008965659642313913,0.0002905660461489606
T03,0,BG15,12,0.00926379114746908,0.0003646283823343907
T03,0,BG15,13,0.009565031446794634,0.00045914444722917967
T03,0,BG15,14,0.009809584530522851,0.0005765675260612162
T03,0,BG15,15,0.010020933120299802,0.000723867707472557
T03,0,BG15,16,0.010309262709413906,0.0009182296131883532
T03,0,BG15,17,0.010592067236329708,0.001166291919516631
T03,0,BG15,18,0.010986690077471599,0.001497988607950927
T03,0,BG15,19,0.011394488416768883,0.001924355896694109
T03,0,BG15,20,0.01205027719504836,0.00251708086756631
T03,0,BG15,21,0.013041809027826812,0.003356702566003886
T03,0,BG15,22,0.014172542657565108,0.004465170782208898
T03,0,BG15,23,0.015539979150744737,0.005934333023875543
T03,0,BG15,24,0.017254447146147996,0.007880104253197066
T03,0,BG15,25,0.026918389295375433,0.014456711256911553
T03,0,BG15,26,0.031867268885984006,0.019732400106477088
T03,0,BG15,27,0.03566631814649581,0.024919013731964007
T03,0,BG15,28,0.038541318826990245,0.029720492387205113
T03,0,BG15,29,0.04059772662504508,0.03383208280896374
T03,0,BG15,30,0.042102056575343466,0.03720579130739968
T03,0,BG15,31,0.043124092067034665,0.03977034564070589
T03,0,BG15,32,0.043783858894494834,0.04160273047477048
T03,0,BG15,33,0.04414342708216868,0.04279599181462852
T03,0,BG15,34,0.04434368658371039,0.04355253959027513
T03,0,BG15,35,0.04444689909872791,0.04400683116528014
T03,0,BG15,36,0.044578021384116935,0.044578021384116935
T03,1,BG1,0,0.0,0.0
T03,1,BG1,1,0.0008343323155776147,4.833496421547839e-06
T03,1,BG1,2,0.0018183392688437808,1.230645677617633e-05
T03,1,BG1,3,0.002464122377041791,1.954908008521173e-05
T03,1,BG1,4,0.002998283832313716,2.7981223955000326e-05
T03,1,BG1,5,0.003496184991847009,3.852089792510978e-05
T03,1,BG1,6,0.003908845772006334,5.1037615268865674e-05
T03,1,BG1,7,0.004251592414105361,6.604153205179379e-05
T03,1,BG1,8,0.004555763485398583,8.452452698605404e-05
T03,1,BG1,9,0.004803432184353584,0.00010688199829198485
T03,1,BG1,10,0.0050379915723296935,0.0001350052347455448
T03,1,BG1,11,0.005216154757963738,0.0001690491860760631
T03,1,BG1,12,0.005391871624312174,0.0002122273052890182
T03,1,BG1,13,0.005506831117732903,0.0002643410995241261
T03,1,BG1,14,0.005686946968681145,0.00033425563901087486
T03,1,BG1,15,0.00580089864286702,0.0004190311568040111
T03,1,BG1,16,0.005922756184751602,0.0005275304637735172
T03,1,BG1,17,0.006064852540734529,0.0006678005666936734
T03,1,BG1,18,0.006174294232701104,0.0008418388418324897
T03,1,BG1,19,0.006431778334328066,0.001086229595589593
T03,1,BG1,20,0.006817891894580408,0.001424131991368677
T03,1,BG1,21,0.007424432573201515,0.0019109014595199024
T03,1,BG1,22,0.008216884195043087,0.0025887938427018773
T03,1,BG1,23,0.009272940796005573,0.0035411063384788192
T03,1,BG1,24,0.010550994803642534,0.004818638246348899
T03,1,BG1,25,0.016972715536421386,0.009115316862052462
T03,1,BG1,26,0.020459931775003357,0.01266890995536232
T03,1,BG1,27,0.023252152168761198,0.01624559896284871
T03,1,BG1,28,0.0253828508688637,0.019573560190918497
T03,1,BG1,29,0.026910867815532598,0.022426150024245223
T03,1,BG1,30,0.02805376715777189,0.02479124986703393
T03,1,BG1,31,0.028765551413821245,0.02652846400522004
T03,1,BG1,32,0.02919251998489437,0.027738270948078868
T03,1,BG1,33,0.02948379938299382,0.028583835048434376
T03,1,BG1,34,0.02965340116321904,0.0291243472448179
T03,1,BG1,35,0.029738627807563756,0.02944418629020751
T03,1,BG1,36,0.029849135837359972,0.029849135837359972
T03,1,BG2,0,0.0,0.0
T03,1,BG2,1,0.000901350480988167,5.221749465740849e-06
T03,1,BG2,2,0.0019187884923258158,1.2986293645216772e-05
T03,1,BG2,3,0.0026047997894034906,2.0665142312722282e-05
T03,1,BG2,4,0.0032017422446736048,2.9879981917715773e-05
T03,1,BG2,5,0.0037252468411022727,4.104469688252024e-05
T03,1,BG2,6,0.004175283010337033,5.4516473646194326e-05
T03,1,BG2,7,0.004544940140508529,7.059820910397654e-05
T03,1,BG2,8,0.004866909874387721,9.029732503012347e-05
T03,1,BG2,9,0.005148300125318056,0.0001145557141563749
T03,1,BG2,10,0.005378048434346127,0.0001441178855459848
T03,1,BG2,11,0.0055503750297425224,0.0001798808555365837
T03,1,BG2,12,0.005767489161487099,0.00022701183594547178
T03,1,BG2,13,0.005889534037204537,0.0002827117565460056
T03,1,BG2,14,0.006061324983457961,0.0003562600560216986
T03,1,BG2,15,0.006170110385707108,0.0004457013745840996
T03,1,BG2,16,0.006321356044324087,0.0005630331184667752
T03,1,BG2,17,0.006450983790130822,0.0007103174606405053
T03,1,BG2,18,0.006581496184413553,0.0008973590999754079
T03,1,BG2,19,0.006829546140147322,0.0011534065310400857
T03,1,BG2,20,0.007162146448114633,0.0014960404279595052
T03,1,BG2,21,0.007700895034379403,0.0019820574006217976
T03,1,BG2,22,0.008407483423801066,0.002648843622759078
T03,1,BG2,23,0.009377738713815805,0.003581126081491952
T03,1,BG2,24,0.010598353481619341,0.004840266944192784
T03,1,BG2,25,0.017314345422912207,0.00929879161111822
T03,1,BG2,26,0.020801341230890943,0.012880312695671602
T03,1,BG2,27,0.023590854764336498,0.01648224051781037
T03,1,BG2,28,0.02554438417808081,0.019698123904779347
T03,1,BG2,29,0.027016913500205967,0.022514523074608987
T03,1,BG2,30,0.02802873477880115,0.02476912871998258
T03,1,BG2,31,0.028703581354233284,0.026471313311772004
T03,1,BG2,32,0.029119219924535797,0.02766862241244415
T03,1,BG2,33,0.02939564109707441,0.028498367690430224
T03,1,BG2,34,0.029575707819204218,0.02904804002526304
T03,1,BG2,35,0.029655711437304794,0.029362090809853515
T03,1,BG2,36,0.029763266648667217,0.029763266648667217
T03,1,BG3,0,0.0,0.0
T03,1,BG3,1,0.0009924193447576322,5.7493342527781475e-06
T03,1,BG3,2,0.002083517777243019,1.4101175695527238e-05
T03,1,BG3,3,0.0028527474733158475,2.263223180936731e-05
T03,1,BG3,4,0.003478810384245135,3.2465696438447387e-05
T03,1,BG3,5,0.0040720978678128,4.486629473973964e-05
T03,1,BG3,6,0.004553884801494941,5.9459859451491543e-05
T03,1,BG3,7,0.005000309050247247,7.76716200743498e-05
T03,1,BG3,8,0.005353364484886491,9.932267179990387e-05
T03,1,BG3,9,0.005694790342920069,0.00012671576256260487
T03,1,BG3,10,0.005975520726535088,0.00016012860952458924
T03,1,BG3,11,0.006160026882650065,0.0001996389250792485
T03,1,BG3,12,0.006380019487823274,0.00025112139714989054
T03,1,BG3,13,0.006536806618780367,0.0003137823940744598
T03,1,BG3,14,0.006743686014305408,0.00039636646525425346
T03,1,BG3,15,0.006870923453507362,0.0004963249963341116
T03,1,BG3,16,0.007019617258887772,0.0006252261341801775
T03,1,BG3,17,0.007211399970755916,0.000794046844349356
T03,1,BG3,18,0.007388371172141731,0.0010073730873166843
T03,1,BG3,19,0.007807226511683059,0.0013185218922396732
T03,1,BG3,20,0.008389005386728227,0.0017523086590999538
T03,1,BG3,21,0.009151632293815262,0.002355448349429981
T03,1,BG3,22,0.010250666181132196,0.003229552815593716
T03,1,BG3,23,0.011558822170923865,0.004414027823066711
T03,1,BG3,24,0.013190047270024877,0.006023893237190283
T03,1,BG3,25,0.01975381329032328,0.01060892507950554
T03,1,BG3,26,0.02340018026496418,0.014489529085424082
T03,1,BG3,27,0.026410343058783623,0.018452134584869783
T03,1,BG3,28,0.02869048881187572,0.022124189773803343
T03,1,BG3,29,0.030376465190202772,0.02531420277877841
T03,1,BG3,30,0.03166045793247237,0.027978500015595813
T03,1,BG3,31,0.03248330812832244,0.0299570920278281
T03,1,BG3,32,0.032970612428290795,0.03132815471218638
T03,1,BG3,33,0.03328557448182493,0.032269564608716945
T03,1,BG3,34,0.033481541640108796,0.0328841887784936
T03,1,BG3,35,0.03357741384392089,0.03324496450718169
T03,1,BG3,36,0.033699275560171764,0.033699275560171764
T03,1,BG4,0,0.0,0.0
T03,1,BG4,1,0.0009284250984222573,5.378599547139607e-06
T03,1,BG4,2,0.00196029471432786,1.3267206300176139e-05
T03,1,BG4,3,0.002662130401008195,2.111997394818895e-05
T03,1,BG4,4,0.003267673028971508,3.0495275239063388e-05
T03,1,BG4,5,0.0038261663211542106,4.2156625809985946e-05
T03,1,BG4,6,0.004257128907767952,5.558513175814104e-05
T03,1,BG4,7,0.0046810497536151525,7.271244896264234e-05
T03,1,BG4,8,0.005036754478364431,9.344850591593656e-05
T03,1,BG4,9,0.005333592625032825,0.00011867868962960683
T03,1,BG4,10,0.005573659042989366,0.00014935974732521512
T03,1,BG4,11,0.00576768779065154,0.00018692369640101007
T03,1,BG4,12,0.005987794336612326,0.00023568318088490245
T03,1,BG4,13,0.00612258793003645,0.00029389890332209444
T03,1,BG4,14,0.006319537270141358,0.0003714367235096498
T03,1,BG4,15,0.006416986826640855,0.0004635346321936331
T03,1,BG4,16,0.006569211241307119,0.0005851091862798531
T03,1,BG4,17,0.006715404022431953,0.0007394327563627561
T03,1,BG4,18,0.006859466158118676,0.0009352591254409119
T03,1,BG4,19,0.007250208191478202,0.0012244499626923456
T03,1,BG4,20,0.007710577208166007,0.0016105975108544528
T03,1,BG4,21,0.008483294881454715,0.0021834315912129965
T03,1,BG4,22,0.009507459156687414,0.0029953996125041027
T03,1,BG4,23,0.010779188772886689,0.0041163051490481686
T03,1,BG4,24,0.012343219113017476,0.005637146911298514
T03,1,BG4,25,0.018675016516007774,0.010029549615158843
T03,1,BG4,26,0.022161831162737025,0.013722736091134518
T03,1,BG4,27,0.025030635039450164,0.01748817292302567
T03,1,BG4,28,0.027234254731282305,0.02100123933807337
T03,1,BG4,29,0.02885034037358716,0.02404240795439788
T03,1,BG4,30,0.030075235745635087,0.026577631570265093
T03,1,BG4,31,0.030901429067376276,0.028498235080527946
T03,1,BG4,32,0.03139898404919904,0.02983481819365628
T03,1,BG4,33,0.0317066553809789,0.030738840450511267
T03,1,BG4,34,0.03191056004077067,0.03134123556196128
T03,1,BG4,35,0.032006959206675484,0.03169005887589512
T03,1,BG4,36,0.032132571343607017,0.032132571343607017
T03,1,BG5,0,0.0,0.0
T03,1,BG5,1,0.004760542169521008,2.757901521208707e-05
T03,1,BG5,2,0.00897325772479721,6.0730695260929784e-05
T03,1,BG5,3,0.012615389622288696,0.00010008401542647822
T03,1,BG5,4,0.015789967156381937,0.00014735850038802726
T03,1,BG5,5,0.018530200531198363,0.00020416538720223595
T03,1,BG5,6,0.0209061167985359,0.00027297018223637425
T03,1,BG5,7,0.02297559442039044,0.00035688826937763335
T03,1,BG5,8,0.02473501007523469,0.00045891650009866996
T03,1,BG5,9,0.026243577301069215,0.0005839503653074786
T03,1,BG5,10,0.02751899540619714,0.0007374383998762793
T03,1,BG5,11,0.02858718395498247,0.0009264756147850921
T03,1,BG5,12,0.029520636465735522,0.0011619499763925961
T03,1,BG5,13,0.030299946885973563,0.0014544701044377206
T03,1,BG5,14,0.03098187771474946,0.0018209888905699931
T03,1,BG5,15,0.03148410699941075,0.0022742720842779114
T03,1,BG5,16,0.031939952804252575,0.0028448407393849326
T03,1,BG5,17,0.032279986684530144,0.003554347525679043
T03,1,BG5,18,0.03252197333610796,0.004434233176883546
T03,1,BG5,19,0.032860666640605,0.005549667100958966
T03,1,BG5,20,0.0331528937552513,0.0069250286170585585
T03,1,BG5,21,0.03362154204690839,0.008653517043315405
T03,1,BG5,22,0.034100838744341944,0.010743736855691847
T03,1,BG5,23,0.03530933842036103,0.0134837615611018
T03,1,BG5,24,0.039589290310975425,0.018080424825327283
T03,1,BG5,25,0.06837372360237869,0.036720591548067255
T03,1,BG5,26,0.08196234741634065,0.05075156706946487
T03,1,BG5,27,0.09214486951093727,0.06437892645574822
T03,1,BG5,28,0.09965784834411827,0.07684948008489062
T03,1,BG5,29,0.10505517081333833,0.08754764192375121
T03,1,BG5,30,0.10892622510950233,0.09625863284773681
T03,1,BG5,31,0.11148940966235664,0.10281891507258435
T03,1,BG5,32,0.11294144203323746,0.10731517266735105
T03,1,BG5,33,0.11372243500927837,0.11025116806449149
T03,1,BG5,34,0.11413341101390607,0.11209712756531956
T03,1,BG5,35,0.11432060553920781,0.11318871928622652
T03,1,BG5,36,0.11457902973668782,0.11457902973668782
T03,1,BG6,0,0.0,0.0
T03,1,BG6,1,0.004236666032130312,2.4544069181938428e-05
T03,1,BG6,2,0.008002727331527853,5.416217982120142e-05
T03,1,BG6,3,0.01122869917599507,8.908272647384782e-05
T03,1,BG6,4,0.014054745575948074,0.00013116469482737052
T03,1,BG6,5,0.016483971765238088,0.00018162007904269447
T03,1,BG6,6,0.018577444516682612,0.0002425648188681277
T03,1,BG6,7,0.020371763431549915,0.00031644201400302536
T03,1,BG6,8,0.021955522069683802,0.00040734777586417126
T03,1,BG6,9,0.02326018853216656,0.0005175664673090758
T03,1,BG6,10,0.02441989394974773,0.0006543904372748014
T03,1,BG6,11,0.025383624048502283,0.0008226521613225366
T03,1,BG6,12,0.026178677060497143,0.0010304084477010544
T03,1,BG6,13,0.02684335875233937,0.0012885455894749924
T03,1,BG6,14,0.027452138634670657,0.0016135251750080749
T03,1,BG6,15,0.027994028524421462,0.002022164310030976
T03,1,BG6,16,0.028409061061185206,0.0025303498344398114
T03,1,BG6,17,0.028812458159976732,0.0031725381468614188
T03,1,BG6,18,0.029132929772169705,0.003972151442556248
T03,1,BG6,19,0.02961948646308649,0.005002281058361662
T03,1,BG6,20,0.030087587845872024,0.00628474272947582
T03,1,BG6,21,0.030797262266185028,0.007926603512131519
T03,1,BG6,22,0.03186166273614456,0.010038266891425465
T03,1,BG6,23,0.03412328118045235,0.013030835659392533
T03,1,BG6,24,0.037879558661071885,0.017299590568797388
T03,1,BG6,25,0.06611202227495937,0.035505928931282106
T03,1,BG6,26,0.07961285303180875,0.049296746394025245
T03,1,BG6,27,0.08975291022727157,0.06270773432209854
T03,1,BG6,28,0.09711668118415051,0.07488990175378511
T03,1,BG6,29,0.1022872594434688,0.08524100552909462
T03,1,BG6,30,0.10592072758391122,0.09360266010033806
T03,1,BG6,31,0.1082029112993685,0.09978800643299354
T03,1,BG6,32,0.10954313511805978,0.10408615510634739
T03,1,BG6,33,0.11023879129541564,0.10687385913265599
T03,1,BG6,34,0.1105834233824975,0.10861047616260293
T03,1,BG6,35,0.11073949160954219,0.10964306201535631
T03,1,BG6,36,0.11096166696308309,0.11096166696308309
T03,1,BG7,0,0.0,0.0
T03,1,BG7,1,0.005104520814115671,2.957176974204555e-05
T03,1,BG7,2,0.009633153003137213,6.519684391961949e-05
T03,1,BG7,3,0.01352692684371347,0.00010731568346173423
T03,1,BG7,4,0.0169276362111679,0.0001579756972641409
T03,1,BG7,5,0.019869493555930432,0.00021892169219747413
T03,1,BG7,6,0.022395887302815172,0.00029242204671369045
T03,1,BG7,7,0.024594594801645844,0.0003820367882063824
T03,1,BG7,8,0.02650069790507981,0.0004916758652116416
T03,1,BG7,9,0.028126070449365458,0.0006258380443627831
T03,1,BG7,10,0.029546703282404014,0.0007917757634604349
T03,1,BG7,11,0.030707111310812923,0.0009951798681620608
T03,1,BG7,12,0.031692220104517645,0.0012474248094315138
T03,1,BG7,13,0.032521007356438314,0.0015610863419898322
T03,1,BG7,14,0.03326110734125557,0.0019549527532484964
T03,1,BG7,15,0.03385658085167869,0.0024456490513105576
T03,1,BG7,16,0.03443501415972418,0.0030670718874835777
T03,1,BG7,17,0.03491365781464242,0.003844340878649791
T03,1,BG7,18,0.035364713439124694,0.004821828759878664
T03,1,BG7,19,0.03586405500016364,0.006056893742218746
T03,1,BG7,20,0.036391253609709094,0.00760146234912206
T03,1,BG7,21,0.03714514089067953,0.009560421357127447
T03,1,BG7,22,0.03821748123306721,0.012040717351289646
T03,1,BG7,23,0.042532801554234126,0.016242223219920516
T03,1,BG7,24,0.05277048709993505,0.024100276086687477
T03,1,BG7,25,0.08570724697820958,0.046029682919102616
T03,1,BG7,26,0.10200615799013604,0.06316281223011419
T03,1,BG7,27,0.11449386078007971,0.07999351338153182
T03,1,BG7,28,0.12363450191338354,0.0953386749095234
T03,1,BG7,29,0.130211592152367,0.10851172563270617
T03,1,BG7,30,0.13472640313966627,0.11905837492299959
T03,1,BG7,31,0.13757733147725376,0.1268779878738783
T03,1,BG7,32,0.1391502576388597,0.13221837507821932
T03,1,BG7,33,0.13991843976612878,0.13564756499193598
T03,1,BG7,34,0.14027832734021195,0.13777558554532882
T03,1,BG7,35,0.14043391569227104,0.13904348204139821
T03,1,BG7,36,0.14065553272740283,0.14065553272740283
T03,1,BG8,0,0.0,0.0
T03,1,BG8,1,0.004298460656592234,2.4902061018883952e-05
T03,1,BG8,2,0.008127403355900929,5.500598285049552e-05
T03,1,BG8,3,0.011388987076680198,9.03543681587756e-05
T03,1,BG8,4,0.014219583427455855,0.00013270302994330564
T03,1,BG8,5,0.01662623282318742,0.00018318750857764955
T03,1,BG8,6,0.018729471759623285,0.0002445498310406067
T03,1,BG8,7,0.02052327103012812,0.0003187954357670533
T03,1,BG8,8,0.022078340153400697,0.00040962645976216737
T03,1,BG8,9,0.02333717536588972,0.0005192795137749441
T03,1,BG8,10,0.024466991652533212,0.0006556525381559653
T03,1,BG8,11,0.0254320196365712,0.0008242206032109446
T03,1,BG8,12,0.02627151351197452,0.001034062550332188
T03,1,BG8,13,0.02695675641142347,0.0012939889536079476
T03,1,BG8,14,0.027601039616527077,0.0016222769625818944
T03,1,BG8,15,0.0282501809466714,0.002040667616400316
T03,1,BG8,16,0.02880110032838126,0.002565268148203634
T03,1,BG8,17,0.029348085257958192,0.003231516003570696
T03,1,BG8,18,0.029960698203543978,0.004085014186698117
T03,1,BG8,19,0.03080736912511482,0.005202896379258179
T03,1,BG8,20,0.03201359928235093,0.006687051003846672
T03,1,BG8,21,0.033900675279715256,0.008725360383199706
T03,1,BG8,22,0.03705599338861051,0.011674781507840412
T03,1,BG8,23,0.0420393056110396,0.01605376923804327
T03,1,BG8,24,0.04720150442217917,0.021556922225245048
T03,1,BG8,25,0.06952691789038519,0.037339922694435264
T03,1,BG8,26,0.08064752552982325,0.04993742163424576
T03,1,BG8,27,0.08891742584498649,0.06212400583856405
T03,1,BG8,28,0.09479482959725444,0.07309944457693318
T03,1,BG8,29,0.09903467772063673,0.08253046879761394
T03,1,BG8,30,0.10215671258751384,0.09027638177944519
T03,1,BG8,31,0.10434531788754547,0.09623041687749953
T03,1,BG8,32,0.1057361637908161,0.10046883130505392
T03,1,BG8,33,0.10650878219548864,0.1032577049128606
T03,1,BG8,34,0.10694820679681004,0.10504011642150454
T03,1,BG8,35,0.10714492367659667,0.1060840837838645
T03,1,BG8,36,0.10741470938366131,0.10741470938366131
T03,1,BG9,0,0.0,0.0
T03,1,BG9,1,0.0023802494238620063,1.37893821993792e-05
T03,1,BG9,2,0.004571996650841455,3.0943113976927734e-05
T03,1,BG9,3,0.006409830447586393,5.0852299232235785e-05
T03,1,BG9,4,0.00797075380950072,7.438636867982303e-05
T03,1,BG9,5,0.009354439459050203,0.00010306703118250675
T03,1,BG9,6,0.010526453045919225,0.00013744340220452634
T03,1,BG9,7,0.011536121666580185,0.00017919477652898996
T03,1,BG9,8,0.012432034794141868,0.00023065549121096694
T03,1,BG9,9,0.013178490978178739,0.0002932368767052532
T03,1,BG9,10,0.01381274856455459,0.00037014618715927497
T03,1,BG9,11,0.014349687973080824,0.00046505580808490593
T03,1,BG9,12,0.014827992339885378,0.000583638681968507
T03,1,BG9,13,0.01519586932287675,0.0007294381691308232
T03,1,BG9,14,0.015591640989908354,0.0009164133082221941
T03,1,BG9,15,0.015911633035285814,0.0011493857059247034
T03,1,BG9,16,0.016338742143023645,0.0014552657502910195
T03,1,BG9,17,0.016773956657399777,0.0018469794168714244
T03,1,BG9,18,0.017189814437443704,0.0023437583110359345
T03,1,BG9,19,0.018014331907618458,0.00304234683883718
T03,1,BG9,20,0.01894894241091633,0.003958084920317701
T03,1,BG9,21,0.020207468966450114,0.005201001086216979
T03,1,BG9,22,0.022224107592777306,0.007001879490746638
T03,1,BG9,23,0.024935568036376792,0.009522275652439804
T03,1,BG9,24,0.028957288696965826,0.013224790775948007
T03,1,BG9,25,0.04108971762204699,0.02206752324689922
T03,1,BG9,26,0.04804720777870484,0.029751113347060862
T03,1,BG9,27,0.05361011644015615,0.037455821093358294
T03,1,BG9,28,0.05765890887529149,0.04446270158200712
T03,1,BG9,29,0.06060662249671671,0.05050648012464507
T03,1,BG9,30,0.062772999942294,0.05547280400541348
T03,1,BG9,31,0.06433930260332618,0.059335656276319995
T03,1,BG9,32,0.0653398613787679,0.06208490323880825
T03,1,BG9,33,0.06594630556181864,0.06393335862183248
T03,1,BG9,34,0.06628853159608047,0.06510586077629697
T03,1,BG9,35,0.0664609477394154,0.06580291916244614
T03,1,BG9,36,0.06667636216098378,0.06667636216098378
T03,1,BG10,0,0.0,0.0
T03,1,BG10,1,0.0034411297004451696,1.9935327657076694e-05
T03,1,BG10,2,0.00651420379828277,4.408790422443105e-05
T03,1,BG10,3,0.009143598082297241,7.254060637257922e-05
T03,1,BG10,4,0.01136745435050368,0.0001060857823709986
T03,1,BG10,5,0.013343358810699079,0.00014701686707908223
T03,1,BG10,6,0.015038635097423148,0.00019635875062060695
T03,1,BG10,7,0.01650380735870155,0.000256359645299197
T03,1,BG10,8,0.017715291111452855,0.0003286774230633442
T03,1,BG10,9,0.018749205788981985,0.0004171918137570034
T03,1,BG10,10,0.01961156439406658,0.0005255395575230235
T03,1,BG10,11,0.0203342961262423,0.0006590096302744959
T03,1,BG10,12,0.020988556549531807,0.0008261221868636839
T03,1,BG10,13,0.0215392050536824,0.001033933493376816
T03,1,BG10,14,0.02197254730420468,0.001291457056936105
T03,1,BG10,15,0.02238253945559761,0.0016168152494030095
T03,1,BG10,16,0.02268520309469861,0.0020205349127042937
T03,1,BG10,17,0.02286249214821921,0.0025173877190538476
T03,1,BG10,18,0.022968143138927675,0.003131608940075009
T03,1,BG10,19,0.023584882691141333,0.003983128198188365
T03,1,BG10,20,0.024503035081937796,0.005118232545221667
T03,1,BG10,21,0.02590500567631316,0.006667433870360781
T03,1,BG10,22,0.028332204280655415,0.008926283292072361
T03,1,BG10,23,0.031229068362972068,0.01192560750440102
T03,1,BG10,24,0.033885128312951374,0.015475334602254288
T03,1,BG10,25,0.05497474933152479,0.029524577712493335
T03,1,BG10,26,0.06554753178989635,0.04058741677857329
T03,1,BG10,27,0.07302149930760615,0.05101798663194221
T03,1,BG10,28,0.07800650572788581,0.06015341007353378
T03,1,BG10,29,0.08102619192951846,0.0675231118106395
T03,1,BG10,30,0.08314620517908639,0.07347670425972463
T03,1,BG10,31,0.0844259661458599,0.07786018649827453
T03,1,BG10,32,0.0852320619946562,0.08098615777749192
T03,1,BG10,33,0.08566963833022208,0.08305465565818458
T03,1,BG10,34,0.0859120219803946,0.08437924366802092
T03,1,BG10,35,0.08601454343813522,0.08516291507087276
T03,1,BG10,36,0.08615917901660308,0.08615917901660308
T03,1,BG11,0,0.0,0.0
T03,1,BG11,1,0.0021620640217889456,1.2525379328642603e-05
T03,1,BG11,2,0.004153527010141492,2.8110926060495076e-05
T03,1,BG11,3,0.005788723910484316,4.5924759355567706e-05
T03,1,BG11,4,0.0072409149491396065,6.757521135799319e-05
T03,1,BG11,5,0.0084872535823202,9.351239443382402e-05
T03,1,BG11,6,0.009561393475423988,0.00012484266437136593
T03,1,BG11,7,0.010465848032679487,0.00016256982599179533
T03,1,BG11,8,0.011284577492470192,0.0002093663504238993
T03,1,BG11,9,0.011939806880792148,0.00026567470186713665
T03,1,BG11,10,0.01252257735117696,0.00033557291149229784
T03,1,BG11,11,0.01302934509033862,0.0004222651148431955
T03,1,BG11,12,0.01345617371986485,0.0005296430763838701
T03,1,BG11,13,0.013781477741401062,0.0006615439787684263
T03,1,BG11,14,0.014143722789220207,0.000831310558034478
T03,1,BG11,15,0.014462088810332131,0.001044677068726094
T03,1,BG11,16,0.01476059007435831,0.0013147022515749276
T03,1,BG11,17,0.015066382956044873,0.0016589585737374402
T03,1,BG11,18,0.015323891018507087,0.0020893475763409807
T03,1,BG11,19,0.01586880522601411,0.0026799999968171438
T03,1,BG11,20,0.016553964080544225,0.0034578180866024935
T03,1,BG11,21,0.017450904043007517,0.004491516048084053
T03,1,BG11,22,0.018914241187884914,0.005959080119554172
T03,1,BG11,23,0.020799168177014077,0.007942687028035147
T03,1,BG11,24,0.02264681036329034,0.010342795965132158
T03,1,BG11,25,0.038327511560547284,0.020584061024244395
T03,1,BG11,26,0.0460444860810364,0.028511016302782646
T03,1,BG11,27,0.05192901502944621,0.03628128468284259
T03,1,BG11,28,0.05612662535254872,0.04328110684419984
T03,1,BG11,29,0.059086832975948356,0.04923996464327096
T03,1,BG11,30,0.06115342712986748,0.05404157985565779
T03,1,BG11,31,0.06249170938019262,0.057631749711734404
T03,1,BG11,32,0.06332390915005225,0.06016937729175322
T03,1,BG11,33,0.0637896509724206,0.06184253382305432
T03,1,BG11,34,0.06402395571065322,0.06288168786905005
T03,1,BG11,35,0.0641399446922787,0.06350489626263432
T03,1,BG11,36,0.06428889464805157,0.06428889464805157
T03,1,BG12,0,0.0,0.0
T03,1,BG12,1,0.0025090708194450205,1.4535676661877032e-05
T03,1,BG12,2,0.00478793951151039,3.240460779473014e-05
T03,1,BG12,3,0.006721298461530327,5.33233262974169e-05
T03,1,BG12,4,0.008383092228938105,7.823448213136693e-05
T03,1,BG12,5,0.00985459518348264,0.00010857773680096772
T03,1,BG12,6,0.011120080434158831,0.00014519436682499203
T03,1,BG12,7,0.012203000785012508,0.00018955365102214615
T03,1,BG12,8,0.013110672009968455,0.00024324646413260824
T03,1,BG12,9,0.013890723818681654,0.0003090848919331298
T03,1,BG12,10,0.014573820704076654,0.00039054096668080196
T03,1,BG12,11,0.015121979830291505,0.0004900848433036489
T03,1,BG12,12,0.0156320856938557,0.0006152882775525524
T03,1,BG12,13,0.016046317624179088,0.0007702617286401197
T03,1,BG12,14,0.016447752855347473,0.0009667320833767918
T03,1,BG12,15,0.016770145756459152,0.0012114008557756232
T03,1,BG12,16,0.017090341736096935,0.0015222095247990246
T03,1,BG12,17,0.017421720551531357,0.0019183046561192182
T03,1,BG12,18,0.017638197598660973,0.0024048934656054283
T03,1,BG12,19,0.01807657130384001,0.0030528581359764487
T03,1,BG12,20,0.01846322738789247,0.003856628009363781
T03,1,BG12,21,0.019055854496546665,0.004904598394080488
T03,1,BG12,22,0.02001189477252334,0.0063049044792443
T03,1,BG12,23,0.021158769436462298,0.008080009816399935
T03,1,BG12,24,0.022927088689656264,0.010470799020722439
T03,1,BG12,25,0.03996029840320034,0.021460960798778204
T03,1,BG12,26,0.048224304497714504,0.029860772730495318
T03,1,BG12,27,0.05472896692302532,0.038237529151571324
T03,1,BG12,28,0.059518028127998876,0.045896330359847394
T03,1,BG12,29,0.06316753529629725,0.05264061474122495
T03,1,BG12,30,0.06593865129254638,0.05827030547876216
T03,1,BG12,31,0.06789436116714984,0.0626142390519406
T03,1,BG12,32,0.06911027480764292,0.06566749036207019
T03,1,BG12,33,0.06982826211254851,0.06769682203287276
T03,1,BG12,34,0.07020012120046619,0.06894766287688278
T03,1,BG12,35,0.07035953510382024,0.06966290674168252
T03,1,BG12,36,0.07057649349948336,0.07057649349948336
T03,1,BG13,0,0.0,0.0
T03,1,BG13,1,0.002332589166095379,1.3513274292475373e-05
T03,1,BG13,2,0.004465737561802131,3.022395606634152e-05
T03,1,BG13,3,0.006253634577789465,4.961312155677542e-05
T03,1,BG13,4,0.007798400281106308,7.277789475065165e-05
T03,1,BG13,5,0.009165528470348213,0.00010098561396838745
T03,1,BG13,6,0.010322342512982547,0.0001347783399140135
T03,1,BG13,7,0.011341494265538881,0.00017617155760696692
T03,1,BG13,8,0.012188248889157113,0.00022613245381618953
T03,1,BG13,9,0.012923196749331308,0.0002875562802293678
T03,1,BG13,10,0.01354819026689966,0.00036305670388355236
T03,1,BG13,11,0.014058085997573862,0.00045560534630395913
T03,1,BG13,12,0.014543619727904016,0.00057244560814619
T03,1,BG13,13,0.014951507263820463,0.0007177082044689771
T03,1,BG13,14,0.015326071262126819,0.0009008042014680555
T03,1,BG13,15,0.015611330923399202,0.0011276932199119985
T03,1,BG13,16,0.015879746166532958,0.001414383701976726
T03,1,BG13,17,0.016118536543817927,0.0017748111462715455
T03,1,BG13,18,0.016356990460936315,0.0022302063002253157
T03,1,BG13,19,0.016751139112963723,0.0028290127750766605
T03,1,BG13,20,0.01712207401662482,0.0035764857726412057
T03,1,BG13,21,0.017655139966152495,0.0045440823113015736
T03,1,BG13,22,0.01864964762385584,0.005875717824696659
T03,1,BG13,23,0.019740681143805835,0.007538477045998142
T03,1,BG13,24,0.021475067725008876,0.009807661229990864
T03,1,BG13,25,0.03723690340620306,0.019998342172194882
T03,1,BG13,26,0.045024927519245264,0.027879699676025983
T03,1,BG13,27,0.05111674124488012,0.03571377258001144
T03,1,BG13,28,0.055718019675020644,0.04296601736678907
T03,1,BG13,29,0.05918565486031176,0.049322317786426303
T03,1,BG13,30,0.061804831184625424,0.054617228692420125
T03,1,BG13,31,0.06365808210747252,0.0587074140697709
T03,1,BG13,32,0.06482132057107556,0.06159219374824623
T03,1,BG13,33,0.06550853614758466,0.06350895154457406
T03,1,BG13,34,0.06587016856444208,0.06469496189758639
T03,1,BG13,35,0.06603706396439608,0.06538323230410144
T03,1,BG13,36,0.06625592882084769,0.06625592882084769
T03,1,BG14,0,0.0,0.0
T03,1,BG14,1,0.001743583713527391,1.0101017872725801e-05
T03,1,BG14,2,0.003400433103693688,2.3014012744631922e-05
T03,1,BG14,3,0.004724011953374644,3.747788218167835e-05
T03,1,BG14,4,0.005873791927104779,5.481665431811186e-05
T03,1,BG14,5,0.0068812426083248454,7.581739653752197e-05
T03,1,BG14,6,0.0077507970036665794,0.0001012017916868905
T03,1,BG14,7,0.008482620157445867,0.0001317636250073797
T03,1,BG14,8,0.009075205287136838,0.0001683751669780936
T03,1,BG14,9,0.009611750140657191,0.00021387271028914034
T03,1,BG14,10,0.010090331606642569,0.00027039497372173283
T03,1,BG14,11,0.010414297565542869,0.0003375146268283293
T03,1,BG14,12,0.01080451602588348,0.0004252722371927375
T03,1,BG14,13,0.011071309148039988,0.0005314493877569188
T03,1,BG14,14,0.011402931245767894,0.0006702179669247699
T03,1,BG14,15,0.011630587186510496,0.0008401419696171644
T03,1,BG14,16,0.011871161443066429,0.0010573454495145017
T03,1,BG14,17,0.012089292939396552,0.001331151364067619
T03,1,BG14,18,0.012260448591631955,0.001671660184621091
T03,1,BG14,19,0.012816792417824172,0.0021645614272719237
T03,1,BG14,20,0.013502930513716049,0.0028205133882321415
T03,1,BG14,21,0.014375787249202557,0.003700042062173763
T03,1,BG14,22,0.01579201325756348,0.004975397707114046
T03,1,BG14,23,0.01720249172408346,0.006569205391493855
T03,1,BG14,24,0.019024480617491596,0.008688478348450105
T03,1,BG14,25,0.0309242052495086,0.01660806303722027
T03,1,BG14,26,0.037133956139177006,0.022993563811445145
T03,1,BG14,27,0.041869779505182406,0.02925319081450074
T03,1,BG14,28,0.04515814803186477,0.03482294933479553
T03,1,BG14,29,0.0475803513706191,0.039651047555142
T03,1,BG14,30,0.04934537233480596,0.04360674453760121
T03,1,BG14,31,0.05049892934138375,0.046571644205063774
T03,1,BG14,32,0.051231847095737144,0.048679691085712226
T03,1,BG14,33,0.05164597587315925,0.05006953257426426
T03,1,BG14,34,0.051884967084568426,0.05095927403579545
T03,1,BG14,35,0.05199500471381165,0.051480203144891046
T03,1,BG14,36,0.05214024934320302,0.05214024934320302
T03,1,BG15,0,0.0,0.0
T03,1,BG15,1,0.0014379158423642362,8.330207237302768e-06
T03,1,BG15,2,0.0028576978603682386,1.9340799543609994e-05
T03,1,BG15,3,0.003941731651145674,3.1271672376853196e-05
T03,1,BG15,4,0.004875485664076039,4.550004743611971e-05
T03,1,BG15,5,0.005737706959004331,6.321794295858908e-05
T03,1,BG15,6,0.006436325815576849,8.403880355816247e-05
T03,1,BG15,7,0.0070603780609169685,0.00010967142173785753
T03,1,BG15,8,0.0075821279211016395,0.00014067362812313381
T03,1,BG15,9,0.00804716908675345,0.00017905894663419397
T03,1,BG15,10,0.008452072088507812,0.00022649382501433555
T03,1,BG15,11,0.008740347234913579,0.0002832639484999935
T03,1,BG15,12,0.009020217764817318,0.00035504118644849196
T03,1,BG15,13,0.009259646077144353,0.0004444852172982784
T03,1,BG15,14,0.00951664600547165,0.0005593497826434944
T03,1,BG15,15,0.009741271635027693,0.0007036662048000325
T03,1,BG15,16,0.009937039375028064,0.0008850762762917943
T03,1,BG15,17,0.010146024308955094,0.001117178160172546
T03,1,BG15,18,0.010285894583580701,0.001402438116339617
T03,1,BG15,19,0.010705912201028666,0.001808065840536049
T03,1,BG15,20,0.01119236274148241,0.002337878351753727
T03,1,BG15,21,0.011941581658989675,0.0030735259053192524
T03,1,BG15,22,0.013099736891230982,0.004127174903335834
T03,1,BG15,23,0.014278710273923769,0.005452685705519235
T03,1,BG15,24,0.01593772619743993,0.007278757923794807
T03,1,BG15,25,0.025694243275421087,0.013799275011709732
T03,1,BG15,26,0.03072514345056815,0.019025189351041652
T03,1,BG15,27,0.0346356455691841,0.02419891296179386
T03,1,BG15,28,0.037622243952824784,0.029011763151078784
T03,1,BG15,29,0.03982464367292392,0.03318783469648845
T03,1,BG15,30,0.04142814281428326,0.036610250497106415
T03,1,BG15,31,0.042545645062074464,0.039236884291045535
T03,1,BG15,32,0.04322149606989261,0.041068382310018074
T03,1,BG15,33,0.04365968100164055,0.04232701160231489
T03,1,BG15,34,0.04390221790718131,0.043118947119094586
T03,1,BG15,35,0.044024669225050335,0.04358878189058015
T03,1,BG15,36,0.044176429419818586,0.044176429419818586
T03,2,BG1,0,0.0,0.0
T03,2,BG1,1,0.0008422669204195346,4.879463564492441e-06
T03,2,BG1,2,0.0018172044089344189,1.2298776100248842e-05
T03,2,BG1,3,0.0024503370559459904,1.9439714453031528e-05
T03,2,BG1,4,0.0030027050850706043,2.8022485028509337e-05
T03,2,BG1,5,0.003463892373883008,3.816509848302505e-05
T03,2,BG1,6,0.003903498768639283,5.096779979229951e-05
T03,2,BG1,7,0.0042432063908897505,6.591126896077719e-05
T03,2,BG1,8,0.0045624364341049295,8.464833221477614e-05
T03,2,BG1,9,0.00479712206948243,0.0001067415909070314
T03,2,BG1,10,0.005035215413273217,0.00013493084112072644
T03,2,BG1,11,0.005215902720009441,0.00016904101787141627
T03,2,BG1,12,0.005368421102311325,0.00021130427775291528
T03,2,BG1,13,0.005517149367095792,0.000264836400336253
T03,2,BG1,14,0.005604542408561582,0.00032941223196835697
T03,2,BG1,15,0.005720906746818647,0.0004132528987282664
T03,2,BG1,16,0.005757075144843876,0.0005127735158249945
T03,2,BG1,17,0.005856848762654736,0.0006448972857111339
T03,2,BG1,18,0.005929615681820507,0.0008084779594311932
T03,2,BG1,19,0.0060052260206486,0.0010141913958535546
T03,2,BG1,20,0.006034607025622353,0.0012605182152185233
T03,2,BG1,21,0.006081776094254253,0.001565328357510204
T03,2,BG1,22,0.006238989448570001,0.0019656425894138407
T03,2,BG1,23,0.006386252200919783,0.0024387514961094147
T03,2,BG1,24,0.006614138270199537,0.0030206762650515726
T03,2,BG1,25,0.012889437360167547,0.006922363444691648
T03,2,BG1,26,0.015630034321744066,0.009678209098358925
T03,2,BG1,27,0.01763199549973858,0.012318959762692724
T03,2,BG1,28,0.019224520796608316,0.01482466715900152
T03,2,BG1,29,0.020356164707663722,0.016963793482678746
T03,2,BG1,30,0.02118656047409191,0.018722666081933542
T03,2,BG1,31,0.021694798267571133,0.02000760094571031
T03,2,BG1,32,0.02202638067782586,0.0209291186726072
T03,2,BG1,33,0.02226336551158691,0.02158379791843965
T03,2,BG1,34,0.02238592986434271,0.021986536735689816
T03,2,BG1,35,0.022440348242416867,0.02221816674428794
T03,2,BG1,36,0.022523965943810363,0.022523965943810363
T03,2,BG2,0,0.0,0.0
T03,2,BG2,1,0.000910049713123471,5.27214628201954e-06
T03,2,BG2,2,0.0019387325621961257,1.3121274363937125e-05
T03,2,BG2,3,0.0026127984126928824,2.07285993736313e-05
T03,2,BG2,4,0.00319590073091564,2.9825466584460216e-05
T03,2,BG2,5,0.003725859944233037,4.105145206333703e-05
T03,2,BG2,6,0.004171765807153449,5.4470549816028296e-05
T03,2,BG2,7,0.004555210055176079,7.075773538331273e-05
T03,2,BG2,8,0.004902653850813922,9.096049476475396e-05
T03,2,BG2,9,0.005143709000619092,0.00011445355665119463
T03,2,BG2,10,0.005377513460487058,0.00014410354940900383
T03,2,BG2,11,0.0056116629475052434,0.0001818671225982078
T03,2,BG2,12,0.0057500475195111445,0.00022632532258279735
T03,2,BG2,13,0.005920359503367603,0.000284191454519184
T03,2,BG2,14,0.005976959346291287,0.0003513013856744224
T03,2,BG2,15,0.006080810902433,0.00043925077410254457
T03,2,BG2,16,0.006141394396873616,0.000547004220092887
T03,2,BG2,17,0.006233135629771919,0.0006863302115600328
T03,2,BG2,18,0.006278322021428739,0.0008560225882099523
T03,2,BG2,19,0.00633332734827779,0.001069602723298647
T03,2,BG2,20,0.00637158713129784,0.001330907150520756
T03,2,BG2,21,0.006419292055560964,0.001652198251255307
T03,2,BG2,22,0.006577465368939313,0.002072282083228285
T03,2,BG2,23,0.006719197279607043,0.0025658949766954736
T03,2,BG2,24,0.00693272697047962,0.003166175693837276
T03,2,BG2,25,0.013435593394665537,0.007215680402888195
T03,2,BG2,26,0.01635719578831537,0.010128471715059033
T03,2,BG2,27,0.018345683889147743,0.012817593002600262
T03,2,BG2,28,0.01989093142712548,0.015338558513649105
T03,2,BG2,29,0.02097470542212434,0.017479253859333896
T03,2,BG2,30,0.021666576457782614,0.01914685860769305
T03,2,BG2,31,0.022116538980698153,0.020396543007415047
T03,2,BG2,32,0.02240288551133518,0.021286867587230966
T03,2,BG2,33,0.022590188943826632,0.021900645344642544
T03,2,BG2,34,0.022695880708371884,0.022290957644163695
T03,2,BG2,35,0.022740194471860296,0.022515044231356477
T03,2,BG2,36,0.022805678964578722,0.022805678964578722
T03,2,BG3,0,0.0,0.0
T03,2,BG3,1,0.001004130622098659,5.8171806304872585e-06
T03,2,BG3,2,0.0020966434672228034,1.4190009846651343e-05
T03,2,BG3,3,0.0028386454831005365,2.2520353928606347e-05
T03,2,BG3,4,0.003497385358689072,3.263904595106392e-05
T03,2,BG3,5,0.004059447577548506,4.472691414155559e-05
T03,2,BG3,6,0.004578627100541637,5.9782918400932355e-05
T03,2,BG3,7,0.00498824998021501,7.748430207316995e-05
T03,2,BG3,8,0.0053701680379496155,9.963443316828583e-05
T03,2,BG3,9,0.005661701629262194,0.00012597949917167464
T03,2,BG3,10,0.005946042755854529,0.00015933867503300814
T03,2,BG3,11,0.00615354390391437,0.00019942882107579143
T03,2,BG3,12,0.006334325460215012,0.0002493228542377635
T03,2,BG3,13,0.006489860295709043,0.0003115288572895589
T03,2,BG3,14,0.006608933284094573,0.0003884462470293941
T03,2,BG3,15,0.006714481211789802,0.00048502430415594926
T03,2,BG3,16,0.006833281865994398,0.000608629535193395
T03,2,BG3,17,0.006921837974106243,0.0007621631816431509
T03,2,BG3,18,0.007036493762302402,0.0009593960955875881
T03,2,BG3,19,0.007107358750362613,0.001200324859464084
T03,2,BG3,20,0.00732843404471295,0.0015307748410535846
T03,2,BG3,21,0.007390009100997807,0.0019020415398510809
T03,2,BG3,22,0.0076764652227329306,0.0024185306136100585
T03,2,BG3,23,0.007883470444549793,0.0030105020472612877
T03,2,BG3,24,0.008229327784962095,0.003758333150553024
T03,2,BG3,25,0.014649559507878428,0.007867649500693191
T03,2,BG3,26,0.01767217959225817,0.010942717416377208
T03,2,BG3,27,0.01990774682190923,0.013908960704895258
T03,2,BG3,28,0.021677095782331676,0.01671592923318137
T03,2,BG3,29,0.022964113528886235,0.019137125498941518
T03,2,BG3,30,0.023910726114934545,0.02113002457741885
T03,2,BG3,31,0.024514139323928503,0.02260768277086227
T03,2,BG3,32,0.024873673146412503,0.023634570981136985
T03,2,BG3,33,0.02511683815992774,0.024350171048488925
T03,2,BG3,34,0.02525642282263584,0.024805816480046008
T03,2,BG3,35,0.025316696044630094,0.025066035965744696
T03,2,BG3,36,0.025408761552360663,0.025408761552360663
T03,2,BG4,0,0.0,0.0
T03,2,BG4,1,0.000941930251064758,5.456838275054527e-06
T03,2,BG4,2,0.001965944275120306,1.3305442311844649e-05
T03,2,BG4,3,0.0026803336176767236,2.1264388874142904e-05
T03,2,BG4,4,0.0032794197284786346,3.060490038008179e-05
T03,2,BG4,5,0.003826511799636921,4.216043222312457e-05
T03,2,BG4,6,0.004303583966155504,5.619169321022322e-05
T03,2,BG4,7,0.004673458628179565,7.259453341144231e-05
T03,2,BG4,8,0.005041300952885276,9.353285851205917e-05
T03,2,BG4,9,0.00529446418233244,0.00011780803589422036
T03,2,BG4,10,0.005552572593653736,0.0001487946848732966
T03,2,BG4,11,0.005770299541021013,0.00018700834015935016
T03,2,BG4,12,0.005936399889509277,0.00023366026436306836
T03,2,BG4,13,0.00609120324980135,0.00029239236402967114
T03,2,BG4,14,0.00618604495527919,0.0003635905880530556
T03,2,BG4,15,0.006290993750412145,0.000454433450265483
T03,2,BG4,16,0.006396153918352024,0.0005696952441657878
T03,2,BG4,17,0.006509492024924401,0.0007167597953571748
T03,2,BG4,18,0.006589193781794935,0.0008984086344841185
T03,2,BG4,19,0.006671090738359014,0.001126645826502182
T03,2,BG4,20,0.006803749800673493,0.0014211779682375468
T03,2,BG4,21,0.006824641818336775,0.001756527231649883
T03,2,BG4,22,0.007009255813287677,0.0022083210369427645
T03,2,BG4,23,0.007252636040342128,0.0027696020231956953
T03,2,BG4,24,0.007576812633320207,0.003460329559138197
T03,2,BG4,25,0.013911096783482846,0.007471052871595993
T03,2,BG4,26,0.016849743462668206,0.01043346014513797
T03,2,BG4,27,0.01902168765866475,0.013289897031216769
T03,2,BG4,28,0.020680030199952324,0.015947058823583916
T03,2,BG4,29,0.02192732297388713,0.018273116936102927
T03,2,BG4,30,0.022835448620564764,0.020179796571944256
T03,2,BG4,31,0.0234259605772757,0.021604131403431936
T03,2,BG4,32,0.023774299865398266,0.022589963836961855
T03,2,BG4,33,0.0240096975131136,0.023276824808486894
T03,2,BG4,34,0.02415469556459831,0.0237237454570499
T03,2,BG4,35,0.024213364768993485,0.0239736287229944
T03,2,BG4,36,0.02430012252859209,0.02430012252859209
T03,2,BG5,0,0.0,0.0
T03,2,BG5,1,0.0047773111227520084,2.7676161955403723e-05
T03,2,BG5,2,0.009000530262665674,6.091527520564682e-05
T03,2,BG5,3,0.012648719714390994,0.00010034843960439913
T03,2,BG5,4,0.01583864790145322,0.00014781280901759178
T03,2,BG5,5,0.018578979536312573,0.00020470283249198447
T03,2,BG5,6,0.020996655345969614,0.0002741523402620441
T03,2,BG5,7,0.023007875361388958,0.00035738969924673886
T03,2,BG5,8,0.024788802604156467,0.0004599145275140001
T03,2,BG5,9,0.026253823508321,0.0005841783540939863
T03,2,BG5,10,0.027486216933825747,0.000736560021991786
T03,2,BG5,11,0.02853328227729316,0.0009247287263464592
T03,2,BG5,12,0.0293758071059842,0.0011562494053436578
T03,2,BG5,13,0.030080668627223053,0.001443944225794753
T03,2,BG5,14,0.030629204025761143,0.00180026016924847
T03,2,BG5,15,0.031099302443620993,0.0022464755092310167
T03,2,BG5,16,0.031418791943435095,0.00279842177465626
T03,2,BG5,17,0.03163601886677835,0.003483440237786539
T03,2,BG5,18,0.03178202403777014,0.00433334423589606
T03,2,BG5,19,0.031759999868360304,0.005363781243758737
T03,2,BG5,20,0.03178949999469666,0.0066402408236830015
T03,2,BG5,21,0.031850112158913965,0.008197586186330609
T03,2,BG5,22,0.03212895669844338,0.010122479925226805
T03,2,BG5,23,0.03308997567407677,0.012636241910064438
T03,2,BG5,24,0.036567227672824366,0.01670024912101032
T03,2,BG5,25,0.06407123857703305,0.034409911542656
T03,2,BG5,26,0.07687540342121538,0.047601701537155164
T03,2,BG5,27,0.08652068564283302,0.06044947352709828
T03,2,BG5,28,0.0937096175913646,0.07226260175447562
T03,2,BG5,29,0.09894956749526354,0.0824595425503426
T03,2,BG5,30,0.10259293473094902,0.09066187353740611
T03,2,BG5,31,0.10504887626147986,0.09687925988205001
T03,2,BG5,32,0.10646571913312661,0.10116204299261677
T03,2,BG5,33,0.10719858242600973,0.10392644961920722
T03,2,BG5,34,0.10757045283365246,0.10565126072272167
T03,2,BG5,35,0.10773766786073295,0.10667095950033612
T03,2,BG5,36,0.10797227366719861,0.10797227366719861
T03,2,BG6,0,0.0,0.0
T03,2,BG6,1,0.004284226921165835,2.4819601333729797e-05
T03,2,BG6,2,0.008050936375627952,5.448845686698589e-05
T03,2,BG6,3,0.011365804802843237,9.017045174935953e-05
T03,2,BG6,4,0.014197536023398242,0.000132497274121163
T03,2,BG6,5,0.016650677829977218,0.00018345684329561652
T03,2,BG6,6,0.018797221557173206,0.0002454344375858687
T03,2,BG6,7,0.020665133651732347,0.0003209990390366761
T03,2,BG6,8,0.022242507395408815,0.0004126723061797254
T03,2,BG6,9,0.02357454560469465,0.0005245612808186165
T03,2,BG6,10,0.02473968090672212,0.0006629599088437371
T03,2,BG6,11,0.02570226449961411,0.0008329789063482897
T03,2,BG6,12,0.026551148437762163,0.00104506914521476
T03,2,BG6,13,0.027263185511377276,0.0013086982857287899
T03,2,BG6,14,0.027798057907826006,0.0016338569006813762
T03,2,BG6,15,0.028238978226222008,0.0020398583838749634
T03,2,BG6,16,0.028663542437852414,0.002553016073958088
T03,2,BG6,17,0.02901376513401485,0.003194704034692245
T03,2,BG6,18,0.029377060861143993,0.0040054376958673634
T03,2,BG6,19,0.029684385414771478,0.005013241502888277
T03,2,BG6,20,0.03020284531803825,0.006308817896061548
T03,2,BG6,21,0.030702545911313345,0.007902225440572739
T03,2,BG6,22,0.03191409388934493,0.01005478570240219
T03,2,BG6,23,0.03456963608879224,0.013201287566205953
T03,2,BG6,24,0.03703957500442584,0.01691597014393819
T03,2,BG6,25,0.06405182999597403,0.03439948798142372
T03,2,BG6,26,0.07699696901403573,0.04767697575368947
T03,2,BG6,27,0.08674417762504642,0.06060562094835605
T03,2,BG6,28,0.09377803854066206,0.072315363368182
T03,2,BG6,29,0.09897315983790494,0.08247920308436081
T03,2,BG6,30,0.10233748656445045,0.09043613271344955
T03,2,BG6,31,0.10457655094010262,0.09644366718391452
T03,2,BG6,32,0.10589316107030829,0.1006180073919196
T03,2,BG6,33,0.10658290402170796,0.10332956453575456
T03,2,BG6,34,0.1069575079230011,0.10504925164139808
T03,2,BG6,35,0.10712066585372773,0.10606006637448484
T03,2,BG6,36,0.10735148110502368,0.10735148110502368
T03,2,BG7,0,0.0,0.0
T03,2,BG7,1,0.005092360919270675,2.9501324231005723e-05
T03,2,BG7,2,0.00958290279132029,6.485675229318668e-05
T03,2,BG7,3,0.013467858674568074,0.00010684706710612367
T03,2,BG7,4,0.01685263797611843,0.00015727578310994022
T03,2,BG7,5,0.01977118841191921,0.00021783856730269788
T03,2,BG7,6,0.02230754800922631,0.00029126860575328593
T03,2,BG7,7,0.024508019310125726,0.00038069198027019293
T03,2,BG7,8,0.026424096930614965,0.0004902546649214862
T03,2,BG7,9,0.027954406599410692,0.0006220183230650403
T03,2,BG7,10,0.029321533385827197,0.0007857417893847708
T03,2,BG7,11,0.030523775598308295,0.00098923817553788
T03,2,BG7,12,0.03153844119730097,0.0012413719849510298
T03,2,BG7,13,0.03232036642040528,0.0015514550931282564
T03,2,BG7,14,0.03292579333051466,0.001935244354775966
T03,2,BG7,15,0.03347184176029964,0.0024178572045117077
T03,2,BG7,16,0.03395022599712504,0.0030238925668601073
T03,2,BG7,17,0.03432935389896015,0.003780003221900582
T03,2,BG7,18,0.03469680946218969,0.004730762863089607
T03,2,BG7,19,0.03495888106875826,0.005904023639183454
T03,2,BG7,20,0.03532411181110091,0.007378556103516362
T03,2,BG7,21,0.03566125805822256,0.00917849943725402
T03,2,BG7,22,0.03646255227910258,0.011487813224265666
T03,2,BG7,23,0.041030229969967226,0.01566842832407757
T03,2,BG7,24,0.05000491304592149,0.022837238579788664
T03,2,BG7,25,0.08103221622058891,0.043518924583524264
T03,2,BG7,26,0.09649216562581585,0.059748515841450696
T03,2,BG7,27,0.108055496635142,0.07549521657512817
T03,2,BG7,28,0.11653886798944037,0.08986699565971275
T03,2,BG7,29,0.12264434656684439,0.10220556736580487
T03,2,BG7,30,0.1267014194522147,0.1119666582969097
T03,2,BG7,31,0.12924538292000243,0.11919401223422224
T03,2,BG7,32,0.13064759068859547,0.12413927494833944
T03,2,BG7,33,0.13135309135665268,0.12734366584444776
T03,2,BG7,34,0.13170701227592896,0.12935719325605877
T03,2,BG7,35,0.1318598300735714,0.13055428844903316
T03,2,BG7,36,0.13208435566093574,0.13208435566093574
T03,2,BG8,0,0.0,0.0
T03,2,BG8,1,0.0044425927861478105,2.5737054631300092e-05
T03,2,BG8,2,0.008396170121581501,5.682498678266539e-05
T03,2,BG8,3,0.011774895125363047,9.341596408605331e-05
T03,2,BG8,4,0.014709314809702972,0.00013727340571456685
T03,2,BG8,5,0.017276201917111544,0.0001903488550869794
T03,2,BG8,6,0.01949358524219303,0.0002545268253670373
T03,2,BG8,7,0.021383227920516935,0.0003321534604349336
T03,2,BG8,8,0.02302152715067667,0.0004271257079383801
T03,2,BG8,9,0.024401798530667953,0.0005429686288453574
T03,2,BG8,10,0.02563353159148235,0.0006869128143528457
T03,2,BG8,11,0.026724286766251423,0.0008661014015906862
T03,2,BG8,12,0.027668121944279273,0.0010890338959385557
T03,2,BG8,13,0.02860159551760072,0.0013729451758165596
T03,2,BG8,14,0.029379952264681892,0.0017268342200940775
T03,2,BG8,15,0.030252345069330593,0.0021852950544716493
T03,2,BG8,16,0.031224075238594294,0.002781078657316879
T03,2,BG8,17,0.03231802969990157,0.003558536425714936
T03,2,BG8,18,0.033592985607459595,0.004580261178472935
T03,2,BG8,19,0.0353870943847658,0.005976342355479611
T03,2,BG8,20,0.03834591767016763,0.008009755665472625
T03,2,BG8,21,0.04234896108065579,0.010899781310611383
T03,2,BG8,22,0.04780009787536763,0.015059795934474873
T03,2,BG8,23,0.05333962685457501,0.020369081997871654
T03,2,BG8,24,0.05915161970814359,0.02701453869497038
T03,2,BG8,25,0.07820336157447065,0.04199966816022817
T03,2,BG8,26,0.08681354584485297,0.05375545763200841
T03,2,BG8,27,0.09315027440461818,0.06508137328305894
T03,2,BG8,28,0.09793675978004135,0.07552229134510716
T03,2,BG8,29,0.10153145657955774,0.08461115770036064
T03,2,BG8,30,0.10414254691530579,0.09203127317290165
T03,2,BG8,31,0.10601314531492559,0.09776853775125971
T03,2,BG8,32,0.10716830221010352,0.10182962638503909
T03,2,BG8,33,0.10779665173897071,0.10450626351061136
T03,2,BG8,34,0.10817188493023869,0.10624196262810315
T03,2,BG8,35,0.1083507182956752,0.10727794009247894
T03,2,BG8,36,0.10858592093220822,0.10858592093220822
T03,2,BG9,0,0.0,0.0
T03,2,BG9,1,0.0023696037689389187,1.3727709083713017e-05
T03,2,BG9,2,0.004521621837314682,3.060217888699335e-05
T03,2,BG9,3,0.006324090917822468,5.017208612402561e-05
T03,2,BG9,4,0.007867955990394034,7.342701796476241e-05
T03,2,BG9,5,0.009247123670622382,0.00010188462772334101
T03,2,BG9,6,0.01042434931884015,0.00013611023802239568
T03,2,BG9,7,0.011448321379803693,0.00017783094096596072
T03,2,BG9,8,0.01235032086602493,0.0002291394264335482
T03,2,BG9,9,0.013061313428324763,0.0002906295384342248
T03,2,BG9,10,0.013708591467093176,0.0003673550423736916
T03,2,BG9,11,0.014215405467234994,0.0004607038757125667
T03,2,BG9,12,0.01464722632556252,0.0005765236209457592
T03,2,BG9,13,0.015039187917509985,0.0007219170845983846
T03,2,BG9,14,0.015337649913997551,0.0009014847437151134
T03,2,BG9,15,0.015728830827638717,0.0011361808869077119
T03,2,BG9,16,0.01625194162364653,0.0014475345636477698
T03,2,BG9,17,0.01692124652513852,0.0018631974928679748
T03,2,BG9,18,0.01766417643919087,0.0024084355612528285
T03,2,BG9,19,0.01847817111483666,0.003120682232461996
T03,2,BG9,20,0.020135830750841886,0.004206004025130458
T03,2,BG9,21,0.022101109192586604,0.005688386477400694
T03,2,BG9,22,0.024548191282443607,0.007734100288776929
T03,2,BG9,23,0.027099162710652845,0.010348498851442522
T03,2,BG9,24,0.029504268353457333,0.01347459634807642
T03,2,BG9,25,0.039417769304459956,0.021169591652091875
T03,2,BG9,26,0.04509882578684669,0.027925457910838773
T03,2,BG9,27,0.04954284266092808,0.03461413564803711
T03,2,BG9,28,0.052885913002832664,0.04078208575667209
T03,2,BG9,29,0.05538805330200501,0.04615758962842115
T03,2,BG9,30,0.05716215770423525,0.050514475578323365
T03,2,BG9,31,0.058406966685700945,0.053864675954552486
T03,2,BG9,32,0.059263089126203386,0.05631085040095729
T03,2,BG9,33,0.059769236631818386,0.05794483864745166
T03,2,BG9,34,0.06007070664151072,0.05899896981443612
T03,2,BG9,35,0.06020113513952827,0.0596050848843292
T03,2,BG9,36,0.06038308044156722,0.06038308044156722
T03,2,BG10,0,0.0,0.0
T03,2,BG10,1,0.0035555725873821567,2.059832399477163e-05
T03,2,BG10,2,0.006731096325340057,4.55558252873001e-05
T03,2,BG10,3,0.00940951944235538,7.46502898369685e-05
T03,2,BG10,4,0.011722868631404572,0.00010940265528482725
T03,2,BG10,5,0.013750228258547475,0.00015149974628254477
T03,2,BG10,6,0.01545686442283819,0.00020181955099383324
T03,2,BG10,7,0.016978792195761663,0.0002637377576322489
T03,2,BG10,8,0.018217652420005153,0.0003379978934722754
T03,2,BG10,9,0.019301578555354953,0.0004294827523501963
T03,2,BG10,10,0.020229188764889206,0.000542090303732042
T03,2,BG10,11,0.02104051640111802,0.0006818973630795978
T03,2,BG10,12,0.021675279197681207,0.0008531520035190901
T03,2,BG10,13,0.022231909617892714,0.0010671849728631905
T03,2,BG10,14,0.02265427331033376,0.0013315261409818965
T03,2,BG10,15,0.023036858613627188,0.001664080361492903
T03,2,BG10,16,0.023608803364999896,0.0021027985289992874
T03,2,BG10,17,0.024020212013089123,0.0026448641892617038
T03,2,BG10,18,0.024633781312277194,0.00335871163758352
T03,2,BG10,19,0.025272677368507603,0.004268171062744096
T03,2,BG10,20,0.02643934091617467,0.00552269114581232
T03,2,BG10,21,0.027486688981556835,0.007074527720715454
T03,2,BG10,22,0.0288796657698856,0.009098765319049589
T03,2,BG10,23,0.031036172148784385,0.01185194518914855
T03,2,BG10,24,0.03309491204686122,0.015114442904103492
T03,2,BG10,25,0.05368266989852918,0.02883065731093863
T03,2,BG10,26,0.06288673275768111,0.03893983437914189
T03,2,BG10,27,0.06887463962046725,0.048120697067073656
T03,2,BG10,28,0.07307032471797512,0.05634695668984447
T03,2,BG10,29,0.07594250164429524,0.06328662273039294
T03,2,BG10,30,0.07791566347287159,0.06885444932329594
T03,2,BG10,31,0.07918291637488377,0.07302488717763
T03,2,BG10,32,0.07999165762464908,0.07600680837855364
T03,2,BG10,33,0.0804386516250954,0.07798333978994049
T03,2,BG10,34,0.08070385331553762,0.07926399506870738
T03,2,BG10,35,0.08082654880423841,0.08002628665255467
T03,2,BG10,36,0.08099084484330575,0.08099084484330575
T03,2,BG11,0,0.0,0.0
T03,2,BG11,1,0.0021878905817548718,1.2674999057561468e-05
T03,2,BG11,2,0.004180250231076969,2.829178792642486e-05
T03,2,BG11,3,0.005842922985726364,4.635474707434221e-05
T03,2,BG11,4,0.007269141412945316,6.783863222099318e-05
T03,2,BG11,5,0.008519432005669155,9.386693543074775e-05
T03,2,BG11,6,0.009577978865424462,0.00012505921917509545
T03,2,BG11,7,0.010557247794282213,0.00016398957112625202
T03,2,BG11,8,0.011361354365727655,0.00021079081676694835
T03,2,BG11,9,0.012018153509911705,0.0002674180073871275
T03,2,BG11,10,0.012626285419922936,0.0003383520212055022
T03,2,BG11,11,0.013145745422893176,0.00042603750479110766
T03,2,BG11,12,0.013580375961958437,0.0005345317526021463
T03,2,BG11,13,0.013965744574939081,0.0006703892301047496
T03,2,BG11,14,0.014268316500074594,0.0008386336688639142
T03,2,BG11,15,0.01457914147210088,0.0010531324406045561
T03,2,BG11,16,0.014940797539015171,0.001330753046774593
T03,2,BG11,17,0.015336166748324198,0.0016886644557767127
T03,2,BG11,18,0.015754310699872515,0.0021480334698775767
T03,2,BG11,19,0.01625593289303901,0.0027453799724389064
T03,2,BG11,20,0.017152697833751528,0.0035828825305233786
T03,2,BG11,21,0.017797931788712838,0.004580834094577953
T03,2,BG11,22,0.01868446436800422,0.005886687117058955
T03,2,BG11,23,0.0199886829917377,0.00763318281809149
T03,2,BG11,24,0.02135427554832764,0.00975249544916256
T03,2,BG11,25,0.03568118978605185,0.019162835188870343
T03,2,BG11,26,0.04268599973052127,0.0264314218323468
T03,2,BG11,27,0.04788438754522992,0.033455421650026025
T03,2,BG11,28,0.05149109911750528,0.03970649840965883
T03,2,BG11,29,0.054164068870468554,0.04513758316115956
T03,2,BG11,30,0.055965000635040736,0.04945654218865145
T03,2,BG11,31,0.05710053465052865,0.052659844810678653
T03,2,BG11,32,0.057871086260501206,0.054988191117086686
T03,2,BG11,33,0.05830058481566757,0.056521016044222126
T03,2,BG11,34,0.058568512341357126,0.05752357655580599
T03,2,BG11,35,0.058681505458705825,0.05810050101856535
T03,2,BG11,36,0.05883458641946133,0.05883458641946133
T03,2,BG12,0,0.0,0.0
T03,2,BG12,1,0.002528337134293281,1.464729139473055e-05
T03,2,BG12,2,0.0048381036264824925,3.274411666519159e-05
T03,2,BG12,3,0.006765340308014755,5.367273162309962e-05
T03,2,BG12,4,0.0084457032512451,7.881879357396956e-05
T03,2,BG12,5,0.009893291268051684,0.000109004089902469
T03,2,BG12,6,0.01115338515739066,0.0001456292253558358
T03,2,BG12,7,0.012217388645037677,0.00018977714359525726
T03,2,BG12,8,0.013156569717578974,0.00024409801714613102
T03,2,BG12,9,0.013932721303641607,0.0003100193848492553
T03,2,BG12,10,0.01458318527288753,0.00039079191156558314
T03,2,BG12,11,0.015160980154124162,0.0004913487952750772
T03,2,BG12,12,0.015671629869700533,0.0006168447632956582
T03,2,BG12,13,0.01607527809134183,0.0007716519037787975
T03,2,BG12,14,0.01638288855993647,0.0009629196202292626
T03,2,BG12,15,0.01668735495235222,0.0012054204154800187
T03,2,BG12,16,0.016955490970184877,0.0015101985851286091
T03,2,BG12,17,0.017290908843880844,0.0019039009950656085
T03,2,BG12,18,0.017574854502074633,0.0023962568986569976
T03,2,BG12,19,0.017881259394998513,0.0030198729149318758
T03,2,BG12,20,0.018352274836751205,0.0038334520600334264
T03,2,BG12,21,0.018545499902997125,0.00477324326992101
T03,2,BG12,22,0.01903365488872539,0.0059967023301743
T03,2,BG12,23,0.019914172148477273,0.0076047289586916676
T03,2,BG12,24,0.0209756004686444,0.00957955458448425
T03,2,BG12,25,0.03649258588210317,0.01959860122202544
T03,2,BG12,26,0.04395828073134889,0.02721922567119715
T03,2,BG12,27,0.04979017393556545,0.03478693882204725
T03,2,BG12,28,0.05425574604463346,0.0418384095717807
T03,2,BG12,29,0.05757601117763404,0.04798092262834614
T03,2,BG12,30,0.060016798991615966,0.053037136133343904
T03,2,BG12,31,0.061761583625568175,0.05695840560981707
T03,2,BG12,32,0.06287730496089339,0.05974502091366626
T03,2,BG12,33,0.06352863668871502,0.06158948684069138
T03,2,BG12,34,0.06387864142138168,0.06273896597517903
T03,2,BG12,35,0.06403864870518075,0.06340460332378846
T03,2,BG12,36,0.0642547410664313,0.0642547410664313
T03,2,BG13,0,0.0,0.0
T03,2,BG13,1,0.0023255983028141803,1.3472774455327326e-05
T03,2,BG13,2,0.004456714353652843,3.0162887479564796e-05
T03,2,BG13,3,0.006208597706701297,4.925582222038405e-05
T03,2,BG13,4,0.007758574248837666,7.240622179490632e-05
T03,2,BG13,5,0.009108023428426544,0.00010035202394757083
T03,2,BG13,6,0.010249085394828692,0.00013382182533008463
T03,2,BG13,7,0.011231433035333803,0.00017446193637579095
T03,2,BG13,8,0.012117230858601138,0.0002248148323692327
T03,2,BG13,9,0.012820585083313015,0.0002852730503751726
T03,2,BG13,10,0.013419125796854494,0.00035959810727126363
T03,2,BG13,11,0.01392706764619301,0.0004513592016006158
T03,2,BG13,12,0.014347495298782742,0.0005647260259463688
T03,2,BG13,13,0.014728010402080228,0.0007069798190340888
T03,2,BG13,14,0.015004985485858028,0.0008819320789074255
T03,2,BG13,15,0.015288948388083206,0.0011044057312189436
T03,2,BG13,16,0.015524209063055846,0.0013827165887462735
T03,2,BG13,17,0.015793256282151953,0.0017389945522541576
T03,2,BG13,18,0.016049236091765905,0.0021882452922556373
T03,2,BG13,19,0.016307828291030713,0.0027541443167179505
T03,2,BG13,20,0.016734141522177767,0.003495453845182418
T03,2,BG13,21,0.01698353158296819,0.004371223640630269
T03,2,BG13,22,0.01749246799952636,0.0055111393208703745
T03,2,BG13,23,0.018242609394826158,0.00696640055654724
T03,2,BG13,24,0.019211352696232545,0.008773822785765393
T03,2,BG13,25,0.033651168055099046,0.018072597678999235
T03,2,BG13,26,0.04066421829985794,0.025179522904310178
T03,2,BG13,27,0.04605429916168566,0.03217679241505457
T03,2,BG13,28,0.050217629879436905,0.03872448397778077
T03,2,BG13,29,0.053335810059924806,0.04444735441754789
T03,2,BG13,30,0.055609292769274,0.04914220143090344
T03,2,BG13,31,0.05722609384552992,0.052775639469660574
T03,2,BG13,32,0.058254434455091236,0.055352442697022705
T03,2,BG13,33,0.05887163142786931,0.05707463205623817
T03,2,BG13,34,0.05920175823621469,0.058145524335067186
T03,2,BG13,35,0.05935480008297321,0.05876712929242359
T03,2,BG13,36,0.05955862666319499,0.05955862666319499
T03,2,BG14,0,0.0,0.0
T03,2,BG14,1,0.0017554057816378278,1.0169506144985752e-05
T03,2,BG14,2,0.0034210347156544813,2.3153443726847993e-05
T03,2,BG14,3,0.0047535250479273,3.771202388330848e-05
T03,2,BG14,4,0.005866729202757962,5.4750741547639804e-05
T03,2,BG14,5,0.006886137328989738,7.587132669305558e-05
T03,2,BG14,6,0.007752153857423107,0.00010121950775674668
T03,2,BG14,7,0.008520044624718847,0.000132344953146935
T03,2,BG14,8,0.009183011342879613,0.0001703753262808356
T03,2,BG14,9,0.009705715076769207,0.0002159635399744793
T03,2,BG14,10,0.010175582038624304,0.0002726794664442446
T03,2,BG14,11,0.010585894618811351,0.0003430758780633477
T03,2,BG14,12,0.010934591074030924,0.000430392068003744
T03,2,BG14,13,0.011227176778681595,0.0005389314112510277
T03,2,BG14,14,0.011457155418178813,0.0006734050423277207
T03,2,BG14,15,0.01168739982000084,0.0008442458636520209
T03,2,BG14,16,0.01196954816361157,0.0010661085965941299
T03,2,BG14,17,0.012292687781733837,0.0013535471517857089
T03,2,BG14,18,0.012673614535018762,0.001727993608175753
T03,2,BG14,19,0.013079073797302923,0.0022088567608338485
T03,2,BG14,20,0.013689556456067483,0.002859496108016653
T03,2,BG14,21,0.014154252343091001,0.0036430233728176743
T03,2,BG14,22,0.014705791031871997,0.004633174865737223
T03,2,BG14,23,0.015475274186101621,0.00590962380817111
T03,2,BG14,24,0.016251016262322237,0.007421837456074838
T03,2,BG14,25,0.026967962639423318,0.014483334946622201
T03,2,BG14,26,0.0323355111999199,0.02002233849979151
T03,2,BG14,27,0.03623899687401366,0.02531912761977601
T03,2,BG14,28,0.03921202203444224,0.03023769392401181
T03,2,BG14,29,0.04130584634861894,0.03442219378337578
T03,2,BG14,30,0.04283004071018023,0.03784911434168837
T03,2,BG14,31,0.043886993612731566,0.0404739165171838
T03,2,BG14,32,0.0445163427480893,0.04229872515088301
T03,2,BG14,33,0.04490299951018679,0.043532379057454815
T03,2,BG14,34,0.045133516908526475,0.044328278314846155
T03,2,BG14,35,0.04523921474725994,0.044791302141527926
T03,2,BG14,36,0.045379960662483475,0.045379960662483475
T03,2,BG15,0,0.0,0.0
T03,2,BG15,1,0.0014382839399744087,8.332339698860928e-06
T03,2,BG15,2,0.002816529205739064,1.906217144509236e-05
T03,2,BG15,3,0.003911175467043526,3.102925522447553e-05
T03,2,BG15,4,0.0048331412321352,4.510487179155928e-05
T03,2,BG15,5,0.005643975963317115,6.218521689738245e-05
T03,2,BG15,6,0.006354656927748294,8.297245635278108e-05
T03,2,BG15,7,0.006940103822527615,0.00010780315776565526
T03,2,BG15,8,0.007527521100084076,0.00013966049008903769
T03,2,BG15,9,0.007946693080105907,0.0001768232385365547
T03,2,BG15,10,0.00832829576582611,0.00022317693723367598
T03,2,BG15,11,0.008652084457121156,0.00028040345810470687
T03,2,BG15,12,0.008904416257609115,0.00035048316987494236
T03,2,BG15,13,0.00913325139926192,0.00043841796832907087
T03,2,BG15,14,0.009322783434575136,0.0005479553329644036
T03,2,BG15,15,0.009543459046247251,0.0006893771009221978
T03,2,BG15,16,0.009759975670623979,0.0008693054925865944
T03,2,BG15,17,0.009970233111756564,0.0010978218044591427
T03,2,BG15,18,0.010171187825340985,0.0013867983371640268
T03,2,BG15,19,0.010378421152429984,0.001752757582012187
T03,2,BG15,20,0.010675686704924345,0.0022299542509291834
T03,2,BG15,21,0.010844241757765204,0.002791092407305413
T03,2,BG15,22,0.011199902582258808,0.003528617203110646
T03,2,BG15,23,0.01162561235856697,0.004439533345319907
T03,2,BG15,24,0.012177139628829388,0.00556129842931704
T03,2,BG15,25,0.02137456228754956,0.011479359776447562
T03,2,BG15,26,0.025927956794776705,0.016054743207723758
T03,2,BG15,27,0.029212912504998446,0.020410207934429075
T03,2,BG15,28,0.03178303761834679,0.024508956944709046
T03,2,BG15,29,0.033662219689275505,0.028052383678920927
T03,2,BG15,30,0.03495890844988417,0.030893356725620595
T03,2,BG15,31,0.03588789316088776,0.03309690355539104
T03,2,BG15,32,0.036465744714299794,0.03464917410730168
T03,2,BG15,33,0.03682400587552876,0.03569998886168579
T03,2,BG15,34,0.037033665179907305,0.036372938034645946
T03,2,BG15,35,0.03713361152139084,0.03676595235921307
T03,2,BG15,36,0.037268987641975726,0.037268987641975726
T04,0,BG1,0,0.0,0.0
T04,0,BG1,1,0.0005111801675004659,2.9613949521214256e-06
T04,0,BG1,2,0.0013214840571855316,8.943758005920639e-06
T04,0,BG1,3,0.0017405774368600983,1.3808846526415383e-05
T04,0,BG1,4,0.002042084908120215,1.905758034846831e-05
T04,0,BG1,5,0.002328361038841069,2.565383648882495e-05
T04,0,BG1,6,0.0025850450666268054,3.375281169696392e-05
T04,0,BG1,7,0.002784940373572122,4.325949244204573e-05
T04,0,BG1,8,0.0029831277312408555,5.5346916328092114e-05
T04,0,BG1,9,0.0031420865151477275,6.991510878599014e-05
T04,0,BG1,10,0.0032643072525223743,8.747505032316871e-05
T04,0,BG1,11,0.0033891538458671907,0.0001098383242209778
T04,0,BG1,12,0.0035301593557681516,0.00013894919150954374
T04,0,BG1,13,0.003600696428441227,0.00017284206239869665
T04,0,BG1,14,0.003687095955991265,0.00021671252000818252
T04,0,BG1,15,0.003805660180289146,0.00027490399173944383
T04,0,BG1,16,0.00393853343562336,0.0003507989027319776
T04,0,BG1,17,0.004153683566790473,0.00045736186365056604
T04,0,BG1,18,0.004495308045286645,0.0006129161930802788
T04,0,BG1,19,0.0048526264506065534,0.000819534846859499
T04,0,BG1,20,0.0053001773541470065,0.0011071093905931288
T04,0,BG1,21,0.0056871576300003505,0.001463761397194977
T04,0,BG1,22,0.005985021377361051,0.0018856279531547118
T04,0,BG1,23,0.006259628895143308,0.0023903971945075614
T04,0,BG1,24,0.006589145533624356,0.0030092620905124374
T04,0,BG1,25,0.00935867755354779,0.00502614392754141
T04,0,BG1,26,0.010665393735078963,0.006604074458529212
T04,0,BG1,27,0.011581459019561226,0.008091626815486122
T04,0,BG1,28,0.012194920420323996,0.009403908587638014
T04,0,BG1,29,0.012587097017542813,0.010489447153999123
T04,0,BG1,30,0.012790423454461674,0.011302959153035655
T04,0,BG1,31,0.012876434762891865,0.011875038684535509
T04,0,BG1,32,0.012915973789788739,0.012272554101720892
T04,0,BG1,33,0.012934206559221825,0.012539402466928806
T04,0,BG1,34,0.01295211858902995,0.01272103650746419
T04,0,BG1,35,0.012953505491414129,0.012825253082186206
T04,0,BG1,36,0.012974787000460349,0.012974787000460349
T04,0,BG2,0,0.0,0.0
T04,0,BG2,1,0.0005025657389607467,2.9114894071277696e-06
T04,0,BG2,2,0.0013203015460056388,8.935754839478053e-06
T04,0,BG2,3,0.0017177277358695901,1.3627568696079125e-05
T04,0,BG2,4,0.002021203097705511,1.886270268361366e-05
T04,0,BG2,5,0.0022975510466580686,2.531437255162844e-05
T04,0,BG2,6,0.002553679410351037,3.3343271932087365e-05
T04,0,BG2,7,0.0027400867597318955,4.256276454258107e-05
T04,0,BG2,8,0.002927253644980216,5.431026675549604e-05
T04,0,BG2,9,0.0030708399022090016,6.832978844795492e-05
T04,0,BG2,10,0.0031924512721080893,8.554949499980727e-05
T04,0,BG2,11,0.003316156923732119,0.00010747258380962063
T04,0,BG2,12,0.003453856105148782,0.00013594584971987606
T04,0,BG2,13,0.0035123211904031617,0.0001685998398410413
T04,0,BG2,14,0.0036206552382293785,0.00021280740427725357
T04,0,BG2,15,0.003758618999485008,0.00027150594491305726
T04,0,BG2,16,0.003904911625414035,0.00034780426109054746
T04,0,BG2,17,0.004164702819706718,0.00045857519182953345
T04,0,BG2,18,0.004526038088169945,0.0006171061056817423
T04,0,BG2,19,0.005077769962889106,0.0008575581634487255
T04,0,BG2,20,0.0055975234978565165,0.0011692195222246515
T04,0,BG2,21,0.0062375464389951545,0.0016054205428710775
T04,0,BG2,22,0.006670052660208235,0.0021014524355593197
T04,0,BG2,23,0.0071197450841832795,0.002718854251310666
T04,0,BG2,24,0.007718849415822919,0.003525197739504407
T04,0,BG2,25,0.010645921703848218,0.005717467506990662
T04,0,BG2,26,0.0120089651812953,0.007436021780617533
T04,0,BG2,27,0.01284612408238596,0.008975211331551484
T04,0,BG2,28,0.01342272301358766,0.01035070797224233
T04,0,BG2,29,0.013778253994942292,0.011482096879627523
T04,0,BG2,30,0.013963022636918888,0.012339190726934549
T04,0,BG2,31,0.014058353654235552,0.012965040134979065
T04,0,BG2,32,0.014136542232979617,0.013432318939600297
T04,0,BG2,33,0.014187657777041602,0.013754593298389158
T04,0,BG2,34,0.014212064464644555,0.013958503353423789
T04,0,BG2,35,0.014215069018050069,0.014074325900166997
T04,0,BG2,36,0.014238453207914345,0.014238453207914345
T04,0,BG3,0,0.0,0.0
T04,0,BG3,1,0.0005752528624168117,3.3325841495178396e-06
T04,0,BG3,2,0.0014266330471482546,9.655402708684997e-06
T04,0,BG3,3,0.0018812036191408143,1.4924502378333554e-05
T04,0,BG3,4,0.0022157757422578855,2.0678535075539954e-05
T04,0,BG3,5,0.0025410859300754257,2.7997635030531333e-05
T04,0,BG3,6,0.00282176163655958,3.684360872662956e-05
T04,0,BG3,7,0.003084394250569969,4.791101827003149e-05
T04,0,BG3,8,0.003270581177683432,6.0680131858104115e-05
T04,0,BG3,9,0.003441663329174396,7.658104416576515e-05
T04,0,BG3,10,0.0035785369321651257,9.589559918606952e-05
T04,0,BG3,11,0.0037291867434373874,0.00012085837412976616
T04,0,BG3,12,0.003858778404198849,0.00015188383505279716
T04,0,BG3,13,0.00393922046718673,0.00018909202866168275
T04,0,BG3,14,0.004029512730313718,0.00023683838673928674
T04,0,BG3,15,0.00415397032979416,0.00030006436927030564
T04,0,BG3,16,0.004221658886146259,0.00037601643502030283
T04,0,BG3,17,0.004376251452933977,0.00048186879933934904
T04,0,BG3,18,0.004400808601344845,0.0006000315935612375
T04,0,BG3,19,0.004549591062465147,0.0007683567766056587
T04,0,BG3,20,0.004706527500905293,0.0009831068769902793
T04,0,BG3,21,0.004830713716213318,0.001243329748880454
T04,0,BG3,22,0.005053495284400074,0.0015921433435433323
T04,0,BG3,23,0.005146964632964943,0.001965498269165748
T04,0,BG3,24,0.005221759010601676,0.002384776808595421
T04,0,BG3,25,0.007865976971167463,0.004224478530769456
T04,0,BG3,26,0.008865046434359664,0.005489288831848179
T04,0,BG3,27,0.009490867877489217,0.00663099190898039
T04,0,BG3,28,0.009906231382520395,0.007639024366360084
T04,0,BG3,29,0.010191398545470695,0.008492993783388565
T04,0,BG3,30,0.01034752888311301,0.009144161412605692
T04,0,BG3,31,0.010422756085077808,0.009612181806186507
T04,0,BG3,32,0.01045567661029846,0.009934818591758031
T04,0,BG3,33,0.01047975117015797,0.010159866944284826
T04,0,BG3,34,0.010496894919523813,0.010309617115374878
T04,0,BG3,35,0.010495824248713473,0.010391905303308734
T04,0,BG3,36,0.010505470879835138,0.010505470879835138
T04,0,BG4,0,0.0,0.0
T04,0,BG4,1,0.000653224619089439,3.7842940855208253e-06
T04,0,BG4,2,0.0015276712717560497,1.0339225907891791e-05
T04,0,BG4,3,0.002034626331957242,1.6141679274074065e-05
T04,0,BG4,4,0.002432390149560507,2.2700070300938834e-05
T04,0,BG4,5,0.0028178675438544055,3.1047209539301366e-05
T04,0,BG4,6,0.003135782267739567,4.094376135203604e-05
T04,0,BG4,7,0.003412202991574319,5.300299074653801e-05
T04,0,BG4,8,0.003617512701443806,6.711686230085478e-05
T04,0,BG4,9,0.003838538185345387,8.54119750876698e-05
T04,0,BG4,10,0.004021275106628701,0.00010775984506742422
T04,0,BG4,11,0.004215253425017053,0.000136611199524296
T04,0,BG4,12,0.0043639116325099045,0.00017176618166235316
T04,0,BG4,13,0.004443254732027015,0.00021328688275054918
T04,0,BG4,14,0.004559470529654022,0.00026798715282910795
T04,0,BG4,15,0.0047178211821747775,0.00034079445252492276
T04,0,BG4,16,0.0047498725123670885,0.0004230635829939553
T04,0,BG4,17,0.004849751048753588,0.0005340058142485542
T04,0,BG4,18,0.004981926512957768,0.0006792645569922662
T04,0,BG4,19,0.0051222266123386,0.0008650662177184551
T04,0,BG4,20,0.005422069744718111,0.0011325704656579415
T04,0,BG4,21,0.00575146477444416,0.0014803127811291873
T04,0,BG4,22,0.006153782419557598,0.0019387974403579284
T04,0,BG4,23,0.006592375795344999,0.002517464991200694
T04,0,BG4,24,0.007030037615107289,0.003210617456919932
T04,0,BG4,25,0.010169941772422964,0.005461839121084749
T04,0,BG4,26,0.011775722109573433,0.007291596300476993
T04,0,BG4,27,0.012966612047164552,0.009059392721433702
T04,0,BG4,28,0.013811985058021068,0.010650880873035833
T04,0,BG4,29,0.01443546963042481,0.012029787005134643
T04,0,BG4,30,0.014958034299654926,0.013218487354655136
T04,0,BG4,31,0.015200118375027454,0.014018010177513337
T04,0,BG4,32,0.01534648628781302,0.014581988629090634
T04,0,BG4,33,0.015441423231374488,0.014970088790885253
T04,0,BG4,34,0.015488066663439083,0.015211740057108722
T04,0,BG4,35,0.015512496390380649,0.015358907501422507
T04,0,BG4,36,0.015554067597940606,0.015554067597940606
T04,0,BG5,0,0.0,0.0
T04,0,BG5,1,0.0024677142386754745,1.429608772901016e-05
T04,0,BG5,2,0.004712880005089414,3.189660758865374e-05
T04,0,BG5,3,0.006603579458568503,5.2389404434612634e-05
T04,0,BG5,4,0.008223594396144087,7.674598193508e-05
T04,0,BG5,5,0.00966482118021292,0.00010648681098169678
T04,0,BG5,6,0.01092834968363714,0.0001426909472556654
T04,0,BG5,7,0.011986469348576879,0.0001861901898146025
T04,0,BG5,8,0.012910854896295123,0.00023953919247399284
T04,0,BG5,9,0.013676151923662243,0.00030431041453447334
T04,0,BG5,10,0.014335240901722938,0.00038414763963158364
T04,0,BG5,11,0.01489815083615286,0.000482830819666899
T04,0,BG5,12,0.01541407007953413,0.0006067070555154339
T04,0,BG5,13,0.01575799980227561,0.0007564217805947011
T04,0,BG5,14,0.016122666347863822,0.000947624820234227
T04,0,BG5,15,0.016447575456888894,0.0011880998108151138
T04,0,BG5,16,0.016778045456085546,0.001494393791822217
T04,0,BG5,17,0.01710947147772658,0.0018839229340567236
T04,0,BG5,18,0.01765599415484513,0.002407319943692666
T04,0,BG5,19,0.018379167132457956,0.0031039619752027186
T04,0,BG5,20,0.019467336402285394,0.004066367886099046
T04,0,BG5,21,0.0208352740717823,0.005362585652064269
T04,0,BG5,22,0.02283798630723274,0.00719528681123991
T04,0,BG5,23,0.025730979572956943,0.009826023605963468
T04,0,BG5,24,0.030736053931667437,0.014037152684722788
T04,0,BG5,25,0.043320548167762186,0.02326560669251277
T04,0,BG5,26,0.049911643928899053,0.030905583131624375
T04,0,BG5,27,0.05471678747061354,0.03822901974988861
T04,0,BG5,28,0.05806324685174298,0.044774500030557364
T04,0,BG5,29,0.06052632886719858,0.05043956742277409
T04,0,BG5,30,0.06219400305797239,0.054961141849509454
T04,0,BG5,31,0.0630927267099248,0.058186026240389155
T04,0,BG5,32,0.06363401087814557,0.06046403088968209
T04,0,BG5,33,0.0639224000878644,0.061971230911076695
T04,0,BG5,34,0.06409373556901733,0.06295022265441123
T04,0,BG5,35,0.06418336087365946,0.06354788259702202
T04,0,BG5,36,0.06430614221190903,0.06430614221190903
T04,0,BG6,0,0.0,0.0
T04,0,BG6,1,0.0020473021900448583,1.1860535191541881e-05
T04,0,BG6,2,0.003972086705463926,2.6882944284338315e-05
T04,0,BG6,3,0.005526831447999762,4.3847039020042326e-05
T04,0,BG6,4,0.006873799852181256,6.414914135712899e-05
T04,0,BG6,5,0.008075171943428008,8.89720867193005e-05
T04,0,BG6,6,0.009129147666583527,0.00011919885120267821
T04,0,BG6,7,0.00997423645203012,0.0001549334434901488
T04,0,BG6,8,0.010778245540059229,0.0001999722140033039
T04,0,BG6,9,0.01147969163706451,0.00025543659727093063
T04,0,BG6,10,0.012054265743516828,0.00032302336206239734
T04,0,BG6,11,0.012556943940460209,0.0004069551724728068
T04,0,BG6,12,0.013009568939559147,0.0005120644459321532
T04,0,BG6,13,0.013401621289590541,0.000643309959080326
T04,0,BG6,14,0.013766070578303789,0.0008091136994940608
T04,0,BG6,15,0.014162694592450087,0.00102305016389723
T04,0,BG6,16,0.014736822035326424,0.001312585271089579
T04,0,BG6,17,0.01563616648859987,0.0017216974040958326
T04,0,BG6,18,0.017261589048295313,0.0023535444728823773
T04,0,BG6,19,0.01964483485431845,0.003317714015106446
T04,0,BG6,20,0.022903994888141817,0.004784222514608784
T04,0,BG6,21,0.026946908218538543,0.006935598879299524
T04,0,BG6,22,0.03171837686527655,0.009993123534778917
T04,0,BG6,23,0.03675783493958933,0.014036906485592202
T04,0,BG6,24,0.041458104689811086,0.018933912165503212
T04,0,BG6,25,0.04741735062310085,0.025465823345022443
T04,0,BG6,26,0.05168096752324424,0.032001158742091584
T04,0,BG6,27,0.05508747153751963,0.0384880058405576
T04,0,BG6,28,0.05757682339633079,0.04439940273048691
T04,0,BG6,29,0.05931909963860405,0.04943352400414027
T04,0,BG6,30,0.060461308658506865,0.053429951297177015
T04,0,BG6,31,0.06110820538964329,0.05635584037454766
T04,0,BG6,32,0.06154204164150573,0.05847627485277201
T04,0,BG6,33,0.061835147984297206,0.05994769012764024
T04,0,BG6,34,0.0620622906493346,0.0609550214745285
T04,0,BG6,35,0.062179508076551655,0.06156386996363625
T04,0,BG6,36,0.06233247034987689,0.06233247034987689
T04,0,BG7,0,0.0,0.0
T04,0,BG7,1,0.003628407554195465,2.1020275305146876e-05
T04,0,BG7,2,0.006855403802992148,4.6397133872303904e-05
T04,0,BG7,3,0.009642957890108272,7.65022703547205e-05
T04,0,BG7,4,0.012039104879992957,0.00011235390291679449
T04,0,BG7,5,0.014119499357490102,0.00015556836777272525
T04,0,BG7,6,0.01593906125074523,0.00020811557176601703
T04,0,BG7,7,0.01747468405435573,0.00027144062517688424
T04,0,BG7,8,0.0188127074721107,0.00034903813852595967
T04,0,BG7,9,0.019956412625336,0.00044405358005851454
T04,0,BG7,10,0.020894555812220328,0.000559920431986879
T04,0,BG7,11,0.021714735819632815,0.0007037479914379707
T04,0,BG7,12,0.02234139407071267,0.0008793706890981456
T04,0,BG7,13,0.022917633465476955,0.0011001013656932817
T04,0,BG7,14,0.023402936551186998,0.0013755295197617901
T04,0,BG7,15,0.023791175661815864,0.001718568885981029
T04,0,BG7,16,0.024231409417465388,0.0021582530579997788
T04,0,BG7,17,0.02467614807825627,0.002717089281106108
T04,0,BG7,18,0.025357708809375316,0.0034574160787131155
T04,0,BG7,19,0.026388598312295015,0.004456633152124819
T04,0,BG7,20,0.027945827386608106,0.005837368420314818
T04,0,BG7,21,0.03032806246074326,0.007805840804473722
T04,0,BG7,22,0.034156040157705264,0.010761128471376192
T04,0,BG7,23,0.040295691528077285,0.0153879262602188
T04,0,BG7,24,0.047936489935906046,0.0218925901331896
T04,0,BG7,25,0.061455481881000085,0.033005101049993144
T04,0,BG7,26,0.06921333756721665,0.042857305263574536
T04,0,BG7,27,0.07500194346237418,0.05240166521321527
T04,0,BG7,28,0.07941204342911894,0.06123726696344295
T04,0,BG7,29,0.0827409573601551,0.06895211028548817
T04,0,BG7,30,0.0850723623173395,0.07517885885687181
T04,0,BG7,31,0.08634072808521354,0.07962603803726027
T04,0,BG7,32,0.08690418942849058,0.08257498681865129
T04,0,BG7,33,0.08716368307536146,0.08450309638883163
T04,0,BG7,34,0.08730746567808438,0.08574979068803618
T04,0,BG7,35,0.08737781597578616,0.08651268989483382
T04,0,BG7,36,0.08748821541947777,0.08748821541947777
T04,0,BG8,0,0.0,0.0
T04,0,BG8,1,0.0031031881595493535,1.7977547605782396e-05
T04,0,BG8,2,0.0058946322659943024,3.989466577043024e-05
T04,0,BG8,3,0.008260466865315681,6.553429746843347e-05
T04,0,BG8,4,0.010318842538758411,9.629970318379847e-05
T04,0,BG8,5,0.012117444986616467,0.00013350977237170327
T04,0,BG8,6,0.013675981703179721,0.0001785666486206346
T04,0,BG8,7,0.014986286205957433,0.0002327874362246726
T04,0,BG8,8,0.016110727842517554,0.0002989074512003805
T04,0,BG8,9,0.017068420957328856,0.0003797923779505777
T04,0,BG8,10,0.017923574065719525,0.0004803057511110477
T04,0,BG8,11,0.018624407241438375,0.0006035942218471209
T04,0,BG8,12,0.019194425633116446,0.0007555041142864198
T04,0,BG8,13,0.019746117079192042,0.0009478609721849807
T04,0,BG8,14,0.02021226286046788,0.001187994688494389
T04,0,BG8,15,0.020618953387588797,0.0014894216263887001
T04,0,BG8,16,0.021044610250875166,0.0018744099230653072
T04,0,BG8,17,0.02175001995902826,0.0023948934613883402
T04,0,BG8,18,0.022895718968127064,0.003121734209465323
T04,0,BG8,19,0.02479634642535924,0.004187726014662443
T04,0,BG8,20,0.028035451730787794,0.005856089301575141
T04,0,BG8,21,0.03230339716772494,0.00831425270151128
T04,0,BG8,22,0.04112320565323889,0.012956188648887533
T04,0,BG8,23,0.048761323459392894,0.018620741383097186
T04,0,BG8,24,0.05484839356860859,0.025049255685858265
T04,0,BG8,25,0.0636396729819649,0.034178136191141836
T04,0,BG8,26,0.06931854175021189,0.042922448225369184
T04,0,BG8,27,0.0737229075838651,0.05150804020957727
T04,0,BG8,28,0.07694121367754747,0.059331927861209534
T04,0,BG8,29,0.07923512300743925,0.06603052591912113
T04,0,BG8,30,0.08077291385032588,0.07137941522797349
T04,0,BG8,31,0.08152852404468147,0.07518807751997028
T04,0,BG8,32,0.08197103293667649,0.0778875794771595
T04,0,BG8,33,0.0822324880611083,0.07972242115663397
T04,0,BG8,34,0.08239355523845575,0.08092355075791477
T04,0,BG8,35,0.08248763067068561,0.08167092214317148
T04,0,BG8,36,0.08261281773419712,0.08261281773419712
T04,0,BG9,0,0.0,0.0
T04,0,BG9,1,0.002149716601885189,1.24538476254634e-05
T04,0,BG9,2,0.00414585553789427,2.8059005704071977e-05
T04,0,BG9,3,0.00579515389256781,4.597577166076627e-05
T04,0,BG9,4,0.007205740964669976,6.724695328317526e-05
T04,0,BG9,5,0.008458701669225303,9.319780944206352e-05
T04,0,BG9,6,0.00952960157680718,0.00012442755951604475
T04,0,BG9,7,0.010428223190406732,0.00016198538494887227
T04,0,BG9,8,0.011224750743493788,0.00020825636679215522
T04,0,BG9,9,0.011906823785547506,0.0002649407906435499
T04,0,BG9,10,0.01248677740840693,0.00033461356348225683
T04,0,BG9,11,0.012988826072839115,0.00042095194123685384
T04,0,BG9,12,0.013420722804639722,0.0005282477062009332
T04,0,BG9,13,0.013795489698030086,0.0006622165908223678
T04,0,BG9,14,0.014186056119171044,0.0008337987385175389
T04,0,BG9,15,0.014560772182771329,0.0010518055235480932
T04,0,BG9,16,0.014968491818794139,0.001333219730092296
T04,0,BG9,17,0.015709066516781243,0.0017297244234324109
T04,0,BG9,18,0.016842429656221975,0.002296393876583381
T04,0,BG9,19,0.018505356074687958,0.003125273355825372
T04,0,BG9,20,0.021033639015438955,0.004393539637819817
T04,0,BG9,21,0.0240510190609415,0.006190254536689864
T04,0,BG9,22,0.027987576210371595,0.00881770553059079
T04,0,BG9,23,0.034005540166575546,0.012985873262886607
T04,0,BG9,24,0.03903788423773325,0.017828597710836593
T04,0,BG9,25,0.04419622888920524,0.023735897158793658
T04,0,BG9,26,0.04795570599746762,0.029694454793499952
T04,0,BG9,27,0.05094658256054266,0.03559488776428332
T04,0,BG9,28,0.053184100605282586,0.041012028169319835
T04,0,BG9,29,0.05486514305794426,0.045721822778191236
T04,0,BG9,30,0.056122056696460025,0.049595333396944774
T04,0,BG9,31,0.05685258927277399,0.05243118209140196
T04,0,BG9,32,0.057264003714995446,0.05441135093814313
T04,0,BG9,33,0.057486971782745165,0.05573223780599898
T04,0,BG9,34,0.05761167091019205,0.05658380627406752
T04,0,BG9,35,0.05767924187985687,0.057108160777240805
T04,0,BG9,36,0.057772590683873845,0.057772590683873845
T04,0,BG10,0,0.0,0.0
T04,0,BG10,1,0.0018591061113530799,1.0770268104328343e-05
T04,0,BG10,2,0.0036178382563552907,2.4485403153321765e-05
T04,0,BG10,3,0.0050308715736502516,3.991234844431499e-05
T04,0,BG10,4,0.00626153011117637,5.843518712993992e-05
T04,0,BG10,5,0.007332828178182179,8.079295732641045e-05
T04,0,BG10,6,0.008235388374416446,0.0001075290780561735
T04,0,BG10,7,0.009017917102534597,0.00014007858826496622
T04,0,BG10,8,0.009707632748622175,0.00018010879428312094
T04,0,BG10,9,0.010321420509368342,0.00022966370811091852
T04,0,BG10,10,0.010810137776043116,0.00028968392923713884
T04,0,BG10,11,0.011250695488601043,0.00036462126104201524
T04,0,BG10,12,0.011608641703168047,0.00045692310882787984
T04,0,BG10,13,0.011937726085895342,0.0005730394794899421
T04,0,BG10,14,0.012232819862692436,0.0007189954491057134
T04,0,BG10,15,0.012532266482578793,0.000905275273742403
T04,0,BG10,16,0.012843043396644169,0.0011439094255493978
T04,0,BG10,17,0.01319661202608342,0.001453078203326782
T04,0,BG10,18,0.013925193078107679,0.0018986410356295075
T04,0,BG10,19,0.015057212510239832,0.0025429343185669417
T04,0,BG10,20,0.016399439209942194,0.003425540675927222
T04,0,BG10,21,0.01819813661323024,0.004683838859320243
T04,0,BG10,22,0.020421036820517432,0.006433807907833667
T04,0,BG10,23,0.022620779864025293,0.00863831539828458
T04,0,BG10,24,0.025210241438794,0.01151351469664555
T04,0,BG10,25,0.032779036675180874,0.01760421336044086
T04,0,BG10,26,0.03716088761959999,0.023010239889884137
T04,0,BG10,27,0.04058418853949954,0.02835498598006704
T04,0,BG10,28,0.043208419545225266,0.03331944885370794
T04,0,BG10,29,0.04516409515727902,0.037637462273925386
T04,0,BG10,30,0.04650719202670333,0.04109863088580747
T04,0,BG10,31,0.04733125219150471,0.04365031616701059
T04,0,BG10,32,0.04787032133818397,0.04548562252330096
T04,0,BG10,33,0.04819611743774879,0.04672497765389313
T04,0,BG10,34,0.048369244654998575,0.04750627653491405
T04,0,BG10,35,0.04846632754773876,0.047986463265912244
T04,0,BG10,36,0.048595518946592454,0.048595518946592454
T04,0,BG11,0,0.0,0.0
T04,0,BG11,1,0.0016470515340241594,9.541782755626259e-06
T04,0,BG11,2,0.0032299067269425225,2.1859896087583728e-05
T04,0,BG11,3,0.004501470340190697,3.5712351371235174e-05
T04,0,BG11,4,0.005576116649586132,5.2038625410448146e-05
T04,0,BG11,5,0.006531887430638672,7.196820777544709e-05
T04,0,BG11,6,0.007355709686853906,9.604315547364211e-05
T04,0,BG11,7,0.008028638088909726,0.00012471175628586765
T04,0,BG11,8,0.008639539283544273,0.00016029211699229473
T04,0,BG11,9,0.009165273972900146,0.0002039380919039544
T04,0,BG11,10,0.009605585989998071,0.00025740503512144275
T04,0,BG11,11,0.010001411041241498,0.00032413348191697106
T04,0,BG11,12,0.010304306604623191,0.00040558369736133073
T04,0,BG11,13,0.010600872750831108,0.0005088673115396664
T04,0,BG11,14,0.010838415414127937,0.0006370380218263878
T04,0,BG11,15,0.011125380166505166,0.0008036480571365234
T04,0,BG11,16,0.01149617265123554,0.0010239457976098907
T04,0,BG11,17,0.01190553360654894,0.0013109176260915683
T04,0,BG11,18,0.01284810514030821,0.0017517846643932869
T04,0,BG11,19,0.014024237341081295,0.002368480520650335
T04,0,BG11,20,0.01578078425102926,0.003296315063658673
T04,0,BG11,21,0.018124142413857326,0.004664794214951644
T04,0,BG11,22,0.020914981537775833,0.006589429056458534
T04,0,BG11,23,0.023663890921968064,0.009036653666657188
T04,0,BG11,24,0.026382532671692757,0.012048899953970993
T04,0,BG11,25,0.03234146134940557,0.017369210476496845
T04,0,BG11,26,0.03613056476568467,0.022372258004473098
T04,0,BG11,27,0.039163434956022126,0.027362347081016664
T04,0,BG11,28,0.041515695718129096,0.03201413325260331
T04,0,BG11,29,0.043254957034956194,0.0360464835075844
T04,0,BG11,30,0.04452740502520639,0.03934908350897608
T04,0,BG11,31,0.04527678510245489,0.04175562456530762
T04,0,BG11,32,0.045768407397132345,0.04348841699422792
T04,0,BG11,33,0.04606652533759838,0.04466038944801527
T04,0,BG11,34,0.046250690137851345,0.04542551962869303
T04,0,BG11,35,0.04634144671875737,0.04588262094019473
T04,0,BG11,36,0.046464433943615456,0.046464433943615456
T04,0,BG12,0,0.0,0.0
T04,0,BG12,1,0.0019471074686681132,1.1280082049988642e-05
T04,0,BG12,2,0.0037527714296722702,2.5398626156790964e-05
T04,0,BG12,3,0.005245255081346447,4.161315701565767e-05
T04,0,BG12,4,0.006516170136241841,6.08115930116568e-05
T04,0,BG12,5,0.0076565081567308855,8.435925734938686e-05
T04,0,BG12,6,0.00862508023848772,0.00011261726665705628
T04,0,BG12,7,0.009450345133997527,0.0001467956500704463
T04,0,BG12,8,0.010156533431762454,0.00018843739142190854
T04,0,BG12,9,0.010770868629351176,0.00023966445586953768
T04,0,BG12,10,0.011306137437341992,0.0003029754446307845
T04,0,BG12,11,0.011755123911310334,0.0003809691653574687
T04,0,BG12,12,0.012123269191281325,0.000477179155845572
T04,0,BG12,13,0.012401955692366268,0.0005953236135080799
T04,0,BG12,14,0.012692900726249375,0.0007460371353639477
T04,0,BG12,15,0.01291614139834906,0.0009330046966253705
T04,0,BG12,16,0.013184840895670933,0.001174352785071383
T04,0,BG12,17,0.013421740973701706,0.00147786714053021
T04,0,BG12,18,0.013895934876416811,0.0018946518034128855
T04,0,BG12,19,0.014532733222328021,0.0024543577414674173
T04,0,BG12,20,0.015430526886741012,0.00322315275943348
T04,0,BG12,21,0.016705568275173714,0.004299681407971363
T04,0,BG12,22,0.01841720311794868,0.005802484381564587
T04,0,BG12,23,0.020402567132114472,0.007791234908886187
T04,0,BG12,24,0.022691452687075817,0.010363184105067645
T04,0,BG12,25,0.03227867585711121,0.017335491050144182
T04,0,BG12,26,0.037185390328456795,0.023025412137973503
T04,0,BG12,27,0.04099682744813058,0.028643284710555838
T04,0,BG12,28,0.04382373279238917,0.033793937476063324
T04,0,BG12,29,0.04580457150844643,0.03817120282607743
T04,0,BG12,30,0.047229756300499935,0.04173716438625742
T04,0,BG12,31,0.04808415543263148,0.0443446664701017
T04,0,BG12,32,0.04859644973262592,0.04617557819727151
T04,0,BG12,33,0.04888359010764261,0.04739146583770142
T04,0,BG12,34,0.04904166041967018,0.04816669548397277
T04,0,BG12,35,0.04912665867415646,0.048640256518230125
T04,0,BG12,36,0.04923850562263064,0.04923850562263064
T04,0,BG13,0,0.0,0.0
T04,0,BG13,1,0.001786158130123997,1.0347662175228508e-05
T04,0,BG13,2,0.0034769637835417996,2.353196975441763e-05
T04,0,BG13,3,0.004835833704158564,3.8365018562544015e-05
T04,0,BG13,4,0.0060147770645314425,5.613238581657627e-05
T04,0,BG13,5,0.007062322560467907,7.781253207152458e-05
T04,0,BG13,6,0.007967860243321957,0.00010403597614880765
T04,0,BG13,7,0.008718634573682134,0.00013542972343610142
T04,0,BG13,8,0.00936206794342346,0.00017369742065528274
T04,0,BG13,9,0.009902660318136448,0.00022034580242997622
T04,0,BG13,10,0.010378859806570122,0.0002781267860894245
T04,0,BG13,11,0.010829451850250393,0.0003509692685915536
T04,0,BG13,12,0.011186500591674153,0.00044030737859320754
T04,0,BG13,13,0.011409440769253739,0.000547680521360646
T04,0,BG13,14,0.01169618420793269,0.0006874541838891302
T04,0,BG13,15,0.011886856325658321,0.0008586537126272182
T04,0,BG13,16,0.012162626526769891,0.0010833057816690814
T04,0,BG13,17,0.012408740912728134,0.0013663257599445292
T04,0,BG13,18,0.01282213801354183,0.001748244154400601
T04,0,BG13,19,0.013574243855828255,0.002292483454466112
T04,0,BG13,20,0.014696321950648189,0.0030697908679161875
T04,0,BG13,21,0.01620443584379678,0.004170699900061734
T04,0,BG13,22,0.017958174244628346,0.0056578637277697325
T04,0,BG13,23,0.020119392675280644,0.007683097598253592
T04,0,BG13,24,0.022450228921661184,0.010253017257617368
T04,0,BG13,25,0.03127812662787787,0.016798139002952232
T04,0,BG13,26,0.036046971670870585,0.022320496665364883
T04,0,BG13,27,0.03967630469958737,0.02772067417940932
T04,0,BG13,28,0.04228636033788252,0.03260841836286807
T04,0,BG13,29,0.044254118894376165,0.036879134446400216
T04,0,BG13,30,0.04571342504170639,0.04039717518709051
T04,0,BG13,31,0.04657062530344653,0.0429488431006778
T04,0,BG13,32,0.047063234163864195,0.04471874101873316
T04,0,BG13,33,0.04731474186361542,0.04587050527274996
T04,0,BG13,34,0.047453163957281226,0.04660653989283975
T04,0,BG13,35,0.04752371095699352,0.04705317967117488
T04,0,BG13,36,0.04761899714509441,0.04761899714509441
T04,0,BG14,0,0.0,0.0
T04,0,BG14,1,0.0015041647830730087,8.714003976663159e-06
T04,0,BG14,2,0.0029730180592536315,2.0121282569130986e-05
T04,0,BG14,3,0.004108088891323231,3.25914650884237e-05
T04,0,BG14,4,0.005083063239846221,4.743724697487431e-05
T04,0,BG14,5,0.005964899661258922,6.572114761328764e-05
T04,0,BG14,6,0.006684271144541106,8.72762136311843e-05
T04,0,BG14,7,0.0073204355245240545,0.00011371098883499507
T04,0,BG14,8,0.007830611235000144,0.000145283818142588
T04,0,BG14,9,0.008271029899044673,0.00018404011229620872
T04,0,BG14,10,0.008687934414951044,0.00023281432971457744
T04,0,BG14,11,0.009024359940646204,0.0002924684516155175
T04,0,BG14,12,0.009349808420433916,0.00036801407443186394
T04,0,BG14,13,0.009576391202981037,0.00045968974470999294
T04,0,BG14,14,0.009789539796697859,0.0005753893758811931
T04,0,BG14,15,0.010019602530010564,0.0007237715907683715
T04,0,BG14,16,0.01027529374941995,0.0009152040540278848
T04,0,BG14,17,0.010593742062073036,0.0011664763378685546
T04,0,BG14,18,0.011160366055444503,0.0015216685947918738
T04,0,BG14,19,0.011971301382429633,0.0020217708434781168
T04,0,BG14,20,0.012969284573755676,0.0027090445767421812
T04,0,BG14,21,0.013789700436347275,0.0035491949558857736
T04,0,BG14,22,0.014451942373443612,0.004553197854869181
T04,0,BG14,23,0.015209129706369036,0.005807989832669892
T04,0,BG14,24,0.016137541445634902,0.007370013534258686
T04,0,BG14,25,0.023781862900031876,0.012772217573525825
T04,0,BG14,26,0.02756786581397716,0.017070184465898496
T04,0,BG14,27,0.030543150374497827,0.02133960622694543
T04,0,BG14,28,0.03275449675292341,0.025258081415513313
T04,0,BG14,29,0.034434017113139086,0.0286955604775536
T04,0,BG14,30,0.035626094526448195,0.03148295228666881
T04,0,BG14,31,0.036334098573018586,0.03350840762852297
T04,0,BG14,32,0.03677438050889599,0.03494243492758762
T04,0,BG14,33,0.03701495559703936,0.035885109978664786
T04,0,BG14,34,0.03714944624759263,0.03648665344455981
T04,0,BG14,35,0.03722949985617161,0.036860891352671885
T04,0,BG14,36,0.03733490003496469,0.03733490003496469
T04,0,BG15,0,0.0,0.0
T04,0,BG15,1,0.001138626063215427,6.596346430788323e-06
T04,0,BG15,2,0.0023517270508998465,1.5916406726983868e-05
T04,0,BG15,3,0.003229600050846025,2.5621986461737756e-05
T04,0,BG15,4,0.003949504374799461,3.685840710504093e-05
T04,0,BG15,5,0.004620611360822226,5.090980595785231e-05
T04,0,BG15,6,0.005191298691883523,6.77825425786229e-05
T04,0,BG15,7,0.005668142081274658,8.804531370371038e-05
T04,0,BG15,8,0.00607296763167715,0.00011267369818006794
T04,0,BG15,9,0.006431381354541251,0.00014310577518732975
T04,0,BG15,10,0.006737664480749729,0.0001805521037261388
T04,0,BG15,11,0.00704616450281241,0.0002283575603677905
T04,0,BG15,12,0.00729164214779131,0.00028700341381867684
T04,0,BG15,13,0.007490325425345966,0.0003595535828916762
T04,0,BG15,14,0.0076827962897493335,0.00045156355212410705
T04,0,BG15,15,0.007900801234247377,0.0005707187951041107
T04,0,BG15,16,0.008083870509724712,0.0007200174748038143
T04,0,BG15,17,0.008412286907548529,0.0009262764339206804
T04,0,BG15,18,0.009100458446984221,0.0012408089295300345
T04,0,BG15,19,0.010078373899804231,0.0017020841603946951
T04,0,BG15,20,0.011505044851605268,0.0024031918868396085
T04,0,BG15,21,0.013481421151623893,0.003469849995530052
T04,0,BG15,22,0.015583152052975535,0.0049095943442849285
T04,0,BG15,23,0.01767648296388407,0.006750210907136025
T04,0,BG15,24,0.019599462055025538,0.008951072311156839
T04,0,BG15,25,0.024341523946996055,0.013072787533052868
T04,0,BG15,26,0.027174340964061093,0.01682651154390094
T04,0,BG15,27,0.0293462488217831,0.020503366107402485
T04,0,BG15,28,0.030934211545273958,0.023854399012561506
T04,0,BG15,29,0.032128151807415836,0.026773969399208248
T04,0,BG15,30,0.03300449172307687,0.029166229194972606
T04,0,BG15,31,0.033523211772952276,0.030916122643003585
T04,0,BG15,32,0.03384392845259894,0.03215796575004326
T04,0,BG15,33,0.034060185359994784,0.033020531310083596
T04,0,BG15,34,0.034183844129592404,0.03357396134519109
T04,0,BG15,35,0.03424630259122089,0.033907230601756766
T04,0,BG15,36,0.034335332452111365,0.034335332452111365
T04,1,BG1,0,0.0,0.0
T04,1,BG1,1,0.0005307043008730462,3.0745031613581402e-06
T04,1,BG1,2,0.0013616487773017018,9.215591423751092e-06
T04,1,BG1,3,0.0017472986107986202,1.38621688651614e-05
T04,1,BG1,4,0.0020430237206000264,1.906634179114356e-05
T04,1,BG1,5,0.002351471920997719,2.590847170913483e-05
T04,1,BG1,6,0.0026225080901020508,3.4241964631837495e-05
T04,1,BG1,7,0.0028374668337948854,4.407540481002532e-05
T04,1,BG1,8,0.0030317274080334596,5.624860140974469e-05
T04,1,BG1,9,0.0032145631232932213,7.152779801904323e-05
T04,1,BG1,10,0.0033601447251357633,9.004324888598676e-05
T04,1,BG1,11,0.0035194829831988223,0.0001140621322177906
T04,1,BG1,12,0.003604962049916674,0.0001418934707139438
T04,1,BG1,13,0.003756099718934247,0.00018030179338829748
T04,1,BG1,14,0.0038356611311072056,0.00022544457756530997
T04,1,BG1,15,0.003941226173101575,0.0002846966769021606
T04,1,BG1,16,0.004012101834851635,0.0003573515223286329
T04,1,BG1,17,0.004130595307128322,0.00045481961767799997
T04,1,BG1,18,0.004300164980034441,0.0005863092629700563
T04,1,BG1,19,0.004520399323449453,0.0007634267335943823
T04,1,BG1,20,0.0046839916986051635,0.0009783995604562223
T04,1,BG1,21,0.004899855164552131,0.0012611253860643342
T04,1,BG1,22,0.005088072981159653,0.0016030373269969491
T04,1,BG1,23,0.005342145691341029,0.002040033087493709
T04,1,BG1,24,0.005673696098599089,0.002591176423286886
T04,1,BG1,25,0.00802323544125619,0.004308935296858479
T04,1,BG1,26,0.00921696197237515,0.0057071969952520625
T04,1,BG1,27,0.010101694237915737,0.007057758413069461
T04,1,BG1,28,0.010674534324456017,0.008231488325375451
T04,1,BG1,29,0.011071872736172172,0.009226736268363352
T04,1,BG1,30,0.01126872264852215,0.009958224810584058
T04,1,BG1,31,0.011376578172672562,0.010491825441988279
T04,1,BG1,32,0.0114522896282209,0.010881784563973252
T04,1,BG1,33,0.011467179080368654,0.011117154554011976
T04,1,BG1,34,0.011462399417704503,0.01125789580119641
T04,1,BG1,35,0.011467626143007897,0.01135408542347713
T04,1,BG1,36,0.01148795608423018,0.01148795608423018
T04,1,BG2,0,0.0,0.0
T04,1,BG2,1,0.0005272636856336614,3.054570800701038e-06
T04,1,BG2,2,0.0013509612412470036,9.143258573263294e-06
T04,1,BG2,3,0.0017278371796057394,1.3707771840303708e-05
T04,1,BG2,4,0.002055816039830667,1.918572499929762e-05
T04,1,BG2,5,0.0023582805956445267,2.5983489414104375e-05
T04,1,BG2,6,0.00259226447356331,3.3847075030794284e-05
T04,1,BG2,7,0.0028206971003255266,4.381491428967084e-05
T04,1,BG2,8,0.0029993450553756694,5.564780146415498e-05
T04,1,BG2,9,0.0031826768496874187,7.081829133966481e-05
T04,1,BG2,10,0.003317205530782131,8.889258852682225e-05
T04,1,BG2,11,0.003432983561352858,0.0001112587915232173
T04,1,BG2,12,0.0035418117523675066,0.0001394078367302663
T04,1,BG2,13,0.003651026117339157,0.00017525800828628222
T04,1,BG2,14,0.003754285363483965,0.0002206616404067812
T04,1,BG2,15,0.0038358901092022087,0.00027708766847698674
T04,1,BG2,16,0.0038956246626389614,0.0003469770858077505
T04,1,BG2,17,0.003991198027873038,0.0004394705915181221
T04,1,BG2,18,0.00409617946161005,0.0005584967037648554
T04,1,BG2,19,0.004299702568677684,0.0007261544075046529
T04,1,BG2,20,0.004420968793171509,0.0009234589220332771
T04,1,BG2,21,0.0046093758785106815,0.001186361784533786
T04,1,BG2,22,0.004763703651926814,0.0015008422158001512
T04,1,BG2,23,0.004953073145239254,0.0018914559162332611
T04,1,BG2,24,0.005121256836471119,0.0023388774728101687
T04,1,BG2,25,0.00750911255005035,0.004032821969567785
T04,1,BG2,26,0.008605813331329676,0.005328770182136127
T04,1,BG2,27,0.00935738472055121,0.006537731113714242
T04,1,BG2,28,0.00978601398854954,0.007546320716942089
T04,1,BG2,29,0.01002833550331685,0.008357105313899762
T04,1,BG2,30,0.010093345897680775,0.008919538668449878
T04,1,BG2,31,0.010127906350796608,0.009340262405559775
T04,1,BG2,32,0.010211386121926562,0.00970269761347002
T04,1,BG2,33,0.01024110419295647,0.009928504448195473
T04,1,BG2,34,0.01025339060617882,0.010070457207654144
T04,1,BG2,35,0.010264236458502626,0.010162610469892886
T04,1,BG2,36,0.010290371321001641,0.010290371321001641
T04,1,BG3,0,0.0,0.0
T04,1,BG3,1,0.000592945136774805,3.435079930481989e-06
T04,1,BG3,2,0.0014466549204777998,9.790910033417832e-06
T04,1,BG3,3,0.0018890486312161106,1.4986740654358498e-05
T04,1,BG3,4,0.002253510026505348,2.1030687048902156e-05
T04,1,BG3,5,0.002582943510976994,2.8458821125679462e-05
T04,1,BG3,6,0.0028698556850734395,3.7471570623421074e-05
T04,1,BG3,7,0.003115594861493373,4.83956686670089e-05
T04,1,BG3,8,0.0033396644367748576,6.19618550863791e-05
T04,1,BG3,9,0.0035435289376526302,7.884767381159583e-05
T04,1,BG3,10,0.0036706096740800015,9.836291227816008e-05
T04,1,BG3,11,0.0038218708889953346,0.00012386215380346785
T04,1,BG3,12,0.003937853496437935,0.00015499627819786429
T04,1,BG3,13,0.004067242508846851,0.00019523739346022126
T04,1,BG3,14,0.004173752548891671,0.00024531621783325917
T04,1,BG3,15,0.004246918894219047,0.0003067785605982647
T04,1,BG3,16,0.004332329808958744,0.00038587371751869735
T04,1,BG3,17,0.004412890321765968,0.0004859031030082317
T04,1,BG3,18,0.004570646355841775,0.0006231882543437211
T04,1,BG3,19,0.00475281719155667,0.0008026785803890978
T04,1,BG3,20,0.00499876624771639,0.0010441501638587588
T04,1,BG3,21,0.0052977661582962006,0.0013635397743435838
T04,1,BG3,22,0.005692066170648206,0.001793330113348111
T04,1,BG3,23,0.006024501016021027,0.0023006076766532127
T04,1,BG3,24,0.0061368226784940276,0.002802686285669192
T04,1,BG3,25,0.0077862083390840805,0.004181638225926621
T04,1,BG3,26,0.008562596429739264,0.005302010009321891
T04,1,BG3,27,0.009090695552845151,0.006351403217627733
T04,1,BG3,28,0.009493741089324435,0.007320939378174447
T04,1,BG3,29,0.00972061051965429,0.008100662939239757
T04,1,BG3,30,0.009840811660496968,0.008696372930200345
T04,1,BG3,31,0.009903476393621165,0.009133286296799797
T04,1,BG3,32,0.009999583552991579,0.009501446212624798
T04,1,BG3,33,0.010046354142402706,0.009739698967089707
T04,1,BG3,34,0.010057325852214654,0.009877890532001537
T04,1,BG3,35,0.010060629864482336,0.009961019744044343
T04,1,BG3,36,0.01008257247642833,0.01008257247642833
T04,1,BG4,0,0.0,0.0
T04,1,BG4,1,0.0006631946740679538,3.842053116049247e-06
T04,1,BG4,2,0.0015560387198682581,1.0531215817487153e-05
T04,1,BG4,3,0.0020523620196667056,1.628238513740938e-05
T04,1,BG4,4,0.0024744949926600946,2.3093009926224123e-05
T04,1,BG4,5,0.0028152035014732285,3.101785722315552e-05
T04,1,BG4,6,0.0031241685076818433,4.079212119052185e-05
T04,1,BG4,7,0.0033850627788680233,5.25814117290413e-05
T04,1,BG4,8,0.0036494807288416755,6.7709975412397e-05
T04,1,BG4,9,0.0038761418731476207,8.624870108236593e-05
T04,1,BG4,10,0.004021122408725065,0.00010775575331090987
T04,1,BG4,11,0.0041693708011463744,0.00013512420084252206
T04,1,BG4,12,0.004331292334349557,0.00017048226717752865
T04,1,BG4,13,0.0044765880163047415,0.00021488695982595937
T04,1,BG4,14,0.004564727280636799,0.0002682961239533506
T04,1,BG4,15,0.004695321139360399,0.00033916914766358384
T04,1,BG4,16,0.0047477404224943115,0.0004228736799340956
T04,1,BG4,17,0.004805820931999389,0.0005291686719114761
T04,1,BG4,18,0.004887909942833925,0.0006664457961196847
T04,1,BG4,19,0.00497128336262808,0.0008395741954206585
T04,1,BG4,20,0.0050373092747539585,0.0010522010882068735
T04,1,BG4,21,0.005143365312800391,0.001323800060860184
T04,1,BG4,22,0.00524858646052539,0.0016536083544585242
T04,1,BG4,23,0.005307183767835568,0.0020266819957099496
T04,1,BG4,24,0.00517044832419218,0.0023613432194091407
T04,1,BG4,25,0.007705296299006054,0.004138183847460966
T04,1,BG4,26,0.008593876344175553,0.005321378728585217
T04,1,BG4,27,0.009153069701386211,0.006394982223774638
T04,1,BG4,28,0.009518378706507232,0.0073399382752269305
T04,1,BG4,29,0.009783164493290001,0.008152792226541862
T04,1,BG4,30,0.009921390940223611,0.00876758123431102
T04,1,BG4,31,0.01002562106551491,0.009245931813312694
T04,1,BG4,32,0.010127051104819852,0.009622563850931505
T04,1,BG4,33,0.010163175687107189,0.009852954614068666
T04,1,BG4,34,0.010173563854912044,0.00999205472375643
T04,1,BG4,35,0.010181582757351223,0.010080775049307222
T04,1,BG4,36,0.010198122418424032,0.010198122418424032
T04,1,BG5,0,0.0,0.0
T04,1,BG5,1,0.002514166309181232,1.456519618695884e-05
T04,1,BG5,2,0.004814056281167817,3.258136517694115e-05
T04,1,BG5,3,0.006739575715574946,5.3468328730905924e-05
T04,1,BG5,4,0.008392778135249843,7.832487447771349e-05
T04,1,BG5,5,0.009827716221549453,0.00010828158553368267
T04,1,BG5,6,0.011087970407870509,0.00014477510807418598
T04,1,BG5,7,0.012144957171670207,0.00018865203864702832
T04,1,BG5,8,0.01307398796216595,0.00024256585180388554
T04,1,BG5,9,0.013921241540828154,0.0003097639462738267
T04,1,BG5,10,0.014589833020877196,0.0003909700527450742
T04,1,BG5,11,0.015178996251367578,0.0004919326765534337
T04,1,BG5,12,0.01571896326176047,0.0006187078321409644
T04,1,BG5,13,0.01626036296061887,0.0007805364142393805
T04,1,BG5,14,0.016676294954456633,0.0009801648604118147
T04,1,BG5,15,0.017038877570657952,0.001230812845125445
T04,1,BG5,16,0.017397906658596477,0.0015496038419870347
T04,1,BG5,17,0.017730098860923655,0.0019522601794597296
T04,1,BG5,18,0.018118500335814608,0.0024703807001514467
T04,1,BG5,19,0.01852647537775047,0.003128840100671282
T04,1,BG5,20,0.0189744440819412,0.003963411760275774
T04,1,BG5,21,0.019525401269365267,0.005025450444235771
T04,1,BG5,22,0.020398369010011973,0.006426666230483988
T04,1,BG5,23,0.0221286318305343,0.008450376236108914
T04,1,BG5,24,0.026014010204977206,0.01188059579526075
T04,1,BG5,25,0.039914039829877165,0.021436117225421263
T04,1,BG5,26,0.0465682456276902,0.028835331283079167
T04,1,BG5,27,0.05129774678803273,0.03584023594526996
T04,1,BG5,28,0.05472177678634386,0.04219778143887973
T04,1,BG5,29,0.05722308577993897,0.04768681247349735
T04,1,BG5,30,0.058933351866135894,0.052079688540792445
T04,1,BG5,31,0.05999093139073897,0.055325456489563545
T04,1,BG5,32,0.06061114340429381,0.057591750335442775
T04,1,BG5,33,0.06091004806827717,0.059050827794514545
T04,1,BG5,34,0.061033615599682484,0.05994469912058671
T04,1,BG5,35,0.061105869468416216,0.0605008614924357
T04,1,BG5,36,0.06120020607148781,0.06120020607148781
T04,1,BG6,0,0.0,0.0
T04,1,BG6,1,0.0020728505803961662,1.2008543393515857e-05
T04,1,BG6,2,0.004007817846475261,2.712477137278813e-05
T04,1,BG6,3,0.005611013008771291,4.451489233169362e-05
T04,1,BG6,4,0.006958999699294996,6.4944261795347e-05
T04,1,BG6,5,0.008163609661167004,8.994649192350955e-05
T04,1,BG6,6,0.009191514282473312,0.00012001316920662605
T04,1,BG6,7,0.010064618626171267,0.00015633738348288669
T04,1,BG6,8,0.010867181102639385,0.00020162226383286272
T04,1,BG6,9,0.011585351090280577,0.00025778764510496927
T04,1,BG6,10,0.01217462582212558,0.0003262487042514082
T04,1,BG6,11,0.012657289734100713,0.00041020725613147725
T04,1,BG6,12,0.013131815558526038,0.0005168761457998654
T04,1,BG6,13,0.013536765184101898,0.0006497971886523318
T04,1,BG6,14,0.013954120368053076,0.0008201664971435597
T04,1,BG6,15,0.014383923049240918,0.0010390307262830296
T04,1,BG6,16,0.015054532642428035,0.0013408832529068343
T04,1,BG6,17,0.015793967413963925,0.0017390728588859105
T04,1,BG6,18,0.016968414500952524,0.0023135713775027746
T04,1,BG6,19,0.01885534430514698,0.0031843810574224943
T04,1,BG6,20,0.021878013850202556,0.004569913977468485
T04,1,BG6,21,0.02579144718091334,0.006638206157100569
T04,1,BG6,22,0.03020616061413718,0.009516687940776132
T04,1,BG6,23,0.03479644171623149,0.013287899003667577
T04,1,BG6,24,0.03938108983397213,0.017985339670487294
T04,1,BG6,25,0.04603982165245529,0.024726011682476148
T04,1,BG6,26,0.050289469064990745,0.031139534699892973
T04,1,BG6,27,0.053532742146561015,0.03740176185043663
T04,1,BG6,28,0.055598965393975734,0.04287421066628181
T04,1,BG6,29,0.05684342114505011,0.04737041924740834
T04,1,BG6,30,0.057494240933518834,0.0508079391420983
T04,1,BG6,31,0.05790629123115519,0.05340293818293543
T04,1,BG6,32,0.05818277556399819,0.055284353444303796
T04,1,BG6,33,0.05838691638037163,0.056604712423738456
T04,1,BG6,34,0.05850822332510317,0.057464363019432405
T04,1,BG6,35,0.058585946766687956,0.05800588839253036
T04,1,BG6,36,0.05867094013356943,0.05867094013356943
T04,1,BG7,0,0.0,0.0
T04,1,BG7,1,0.0036601476897433365,2.1204153901534558e-05
T04,1,BG7,2,0.006912368162291322,4.6782666663849295e-05
T04,1,BG7,3,0.00973403920275108,7.722486214496209e-05
T04,1,BG7,4,0.012149362094338147,0.00011338286821727819
T04,1,BG7,5,0.014229938558429935,0.00015678518484426126
T04,1,BG7,6,0.016050920242679224,0.00020957611047728777
T04,1,BG7,7,0.017638871036948434,0.0002739910014457902
T04,1,BG7,8,0.01895276777341414,0.0003516367208767125
T04,1,BG7,9,0.02012533556348471,0.0004478123116304559
T04,1,BG7,10,0.021154699039276765,0.000566891603601895
T04,1,BG7,11,0.021996753596069552,0.0007128878352600402
T04,1,BG7,12,0.022791643745819098,0.0008970927828985186
T04,1,BG7,13,0.023456569616451928,0.0011259715960826118
T04,1,BG7,14,0.024144642516512136,0.0014191239841007338
T04,1,BG7,15,0.02476433575040358,0.0017888656429012845
T04,1,BG7,16,0.02545795389689999,0.002267499416453403
T04,1,BG7,17,0.026181602626935113,0.00288285478410962
T04,1,BG7,18,0.027106428399407478,0.0036958465778170755
T04,1,BG7,19,0.028419543418715113,0.004799628903133588
T04,1,BG7,20,0.030592731338585005,0.0063902578808394265
T04,1,BG7,21,0.03377805809153263,0.008693801154965668
T04,1,BG7,22,0.03825805602213435,0.012053500811474405
T04,1,BG7,23,0.04491134492090783,0.017150529954109293
T04,1,BG7,24,0.052795673769379554,0.024111778822195108
T04,1,BG7,25,0.06896015004193659,0.037035536063218154
T04,1,BG7,26,0.07783292458148217,0.04819460425219853
T04,1,BG7,27,0.08464686210783884,0.05914028780192417
T04,1,BG7,28,0.08975511184457091,0.06921315087089921
T04,1,BG7,29,0.09351874816986057,0.07793377338842027
T04,1,BG7,30,0.09609582165676807,0.08492034311160458
T04,1,BG7,31,0.09762999056703903,0.09003733840581325
T04,1,BG7,32,0.09836258869500336,0.09346257662501622
T04,1,BG7,33,0.09866443756689607,0.09565280145729464
T04,1,BG7,34,0.09882004820355078,0.09705697441516102
T04,1,BG7,35,0.09888944519001107,0.09791034277534938
T04,1,BG7,36,0.09899811837255595,0.09899811837255595
T04,1,BG8,0,0.0,0.0
T04,1,BG8,1,0.003200095610852921,1.8538956613104185e-05
T04,1,BG8,2,0.006043156965285546,4.089987575625579e-05
T04,1,BG8,3,0.008513154443702948,6.753899079643286e-05
T04,1,BG8,4,0.010636727704918308,9.926633935576554e-05
T04,1,BG8,5,0.012434611949832985,0.00013700431138239974
T04,1,BG8,6,0.014096058771314078,0.00018405157597964884
T04,1,BG8,7,0.015446859008840129,0.00023994168178252396
T04,1,BG8,8,0.016667525842258134,0.0003092379022049365
T04,1,BG8,9,0.017777972122002658,0.00039558072337485576
T04,1,BG8,10,0.018727707475743514,0.0005018544631637427
T04,1,BG8,11,0.019515648128874682,0.000632478249763798
T04,1,BG8,12,0.020206771276580323,0.000795350650775718
T04,1,BG8,13,0.020864255941216603,0.001001534316480785
T04,1,BG8,14,0.021440514715382226,0.0012601863434337723
T04,1,BG8,15,0.022014289672807007,0.00159021451779248
T04,1,BG8,16,0.022610083197586714,0.0020138441073231208
T04,1,BG8,17,0.023297200876893614,0.0025652534698970596
T04,1,BG8,18,0.024201642084927782,0.00329979128245857
T04,1,BG8,19,0.025391990674863054,0.004288321261533752
T04,1,BG8,20,0.027453920921746085,0.005734618236703854
T04,1,BG8,21,0.030280055451871953,0.0077934847694794305
T04,1,BG8,22,0.035511667666714264,0.011188229533235037
T04,1,BG8,23,0.04168058474756948,0.015916782668627564
T04,1,BG8,24,0.04755083959192697,0.021716463549902257
T04,1,BG8,25,0.059302559469020494,0.03184885875936238
T04,1,BG8,26,0.06623825115126188,0.041015114236975375
T04,1,BG8,27,0.07133536928348254,0.049839937020074034
T04,1,BG8,28,0.07513615862985722,0.057939990078978
T04,1,BG8,29,0.0778057028616902,0.06483931975332369
T04,1,BG8,30,0.07949886468042854,0.07025353190079407
T04,1,BG8,31,0.08047116065620492,0.07421294485381616
T04,1,BG8,32,0.08102515732672724,0.07698882354410944
T04,1,BG8,33,0.08136782699638902,0.0788841530993827
T04,1,BG8,34,0.08155722965637555,0.08010214613406912
T04,1,BG8,35,0.08166627118664768,0.08085769496883241
T04,1,BG8,36,0.08179808986189706,0.08179808986189706
T04,1,BG9,0,0.0,0.0
T04,1,BG9,1,0.0021927433671449304,1.270311246508349e-05
T04,1,BG9,2,0.004216558809614162,2.8537523073389844e-05
T04,1,BG9,3,0.0059169751316960105,4.694223875484312e-05
T04,1,BG9,4,0.007356529123556852,6.865417042437818e-05
T04,1,BG9,5,0.008629093652267274,9.507518511361314e-05
T04,1,BG9,6,0.009725718006306753,0.00012698824168972606
T04,1,BG9,7,0.010674161670251647,0.00016580563721677974
T04,1,BG9,8,0.011522771566569199,0.00021378564038312522
T04,1,BG9,9,0.01225767830083662,0.0002727477145202384
T04,1,BG9,10,0.012920440845508243,0.0003462346306534771
T04,1,BG9,11,0.013450146767649251,0.00043590278007869777
T04,1,BG9,12,0.013978664280546277,0.000550208616224387
T04,1,BG9,13,0.014472173316520405,0.0006946990272347186
T04,1,BG9,14,0.015017551096431991,0.0008826706370416612
T04,1,BG9,15,0.015552382784807596,0.0011234350655319714
T04,1,BG9,16,0.01623287320089709,0.001445836170162367
T04,1,BG9,17,0.01703063419933295,0.0018752421749701706
T04,1,BG9,18,0.01818414046885298,0.0024793304546116995
T04,1,BG9,19,0.019743038727955128,0.003334299149734663
T04,1,BG9,20,0.022279091889499166,0.004653691789812196
T04,1,BG9,21,0.025550995335646986,0.006576318633930981
T04,1,BG9,22,0.028955030711984863,0.009122509643872364
T04,1,BG9,23,0.034772470072654965,0.013278744798515232
T04,1,BG9,24,0.0399926177688302,0.018264624424297035
T04,1,BG9,25,0.0479562588649539,0.025755247847755302
T04,1,BG9,26,0.05331052698334247,0.03301019149331321
T04,1,BG9,27,0.05743869154451729,0.040130734556859116
T04,1,BG9,28,0.06054847207921836,0.04669093985326922
T04,1,BG9,29,0.062823069644954,0.05235355449477393
T04,1,BG9,30,0.0644558517419445,0.056959948532393556
T04,1,BG9,31,0.06552974991723919,0.0604335227957668
T04,1,BG9,32,0.06619363909988162,0.06289614934743915
T04,1,BG9,33,0.06654186677732828,0.06451074071025122
T04,1,BG9,34,0.06672475324543169,0.06553429988182012
T04,1,BG9,35,0.0668172586295446,0.0661557022841111
T04,1,BG9,36,0.06693806812309736,0.06693806812309736
T04,1,BG10,0,0.0,0.0
T04,1,BG10,1,0.001922280791212637,1.1136254920901143e-05
T04,1,BG10,2,0.003711578804872767,2.511983591050034e-05
T04,1,BG10,3,0.005193187018835397,4.120007577313743e-05
T04,1,BG10,4,0.006431359458093333,6.002010466925422e-05
T04,1,BG10,5,0.007525694032840916,8.291794968105863e-05
T04,1,BG10,6,0.008483109877625484,0.00011076356632838673
T04,1,BG10,7,0.00930126402219581,0.00014447991867656284
T04,1,BG10,8,0.010020382482422848,0.000185911339406487
T04,1,BG10,9,0.010684685423098606,0.000237746778852071
T04,1,BG10,10,0.011239958215796162,0.0003012020109616603
T04,1,BG10,11,0.01169957071600662,0.00037916875552016085
T04,1,BG10,12,0.012184481937081217,0.0004795885245619827
T04,1,BG10,13,0.012586766647719556,0.000604194984619236
T04,1,BG10,14,0.012935447611696172,0.00076029305345
T04,1,BG10,15,0.013317228328661657,0.0009619774373413616
T04,1,BG10,16,0.013754701686953323,0.001225109383127886
T04,1,BG10,17,0.014182876333046204,0.0015616757110721872
T04,1,BG10,18,0.014863355893221254,0.0020265555531315325
T04,1,BG10,19,0.015813133131301154,0.0026705978260008374
T04,1,BG10,20,0.017634731105886273,0.0036835704019471866
T04,1,BG10,21,0.02028253357207208,0.005220321231329233
T04,1,BG10,22,0.023860836929547033,0.007517543919872702
T04,1,BG10,23,0.027684383564776052,0.010571980192974421
T04,1,BG10,24,0.03153050221570135,0.0143999771415452
T04,1,BG10,25,0.0403141703285183,0.021651010153629028
T04,1,BG10,26,0.04572198910112874,0.02831132430233375
T04,1,BG10,27,0.04982315724672052,0.03480998337816814
T04,1,BG10,28,0.05290328602339113,0.04079548278421204
T04,1,BG10,29,0.055213577670147694,0.0460121904822328
T04,1,BG10,30,0.05677153612647082,0.05016928142393656
T04,1,BG10,31,0.05775790769517081,0.0532660942817845
T04,1,BG10,32,0.058350062048559234,0.05544330630118897
T04,1,BG10,33,0.058697790854847026,0.05690609780095721
T04,1,BG10,34,0.058892152877750556,0.05784144281522929
T04,1,BG10,35,0.05899327899984909,0.05840918776034483
T04,1,BG10,36,0.05912223635417589,0.05912223635417589
T04,1,BG11,0,0.0,0.0
T04,1,BG11,1,0.001690468998686501,9.793310995320612e-06
T04,1,BG11,2,0.0032983885028473837,2.2323378322812015e-05
T04,1,BG11,3,0.00460774956433165,3.655551605976491e-05
T04,1,BG11,4,0.005692389232129898,5.3123729202067096e-05
T04,1,BG11,5,0.006660665819327124,7.338708562408769e-05
T04,1,BG11,6,0.007508524531332819,9.803845145334926e-05
T04,1,BG11,7,0.008225459290223473,0.00012776905231353086
T04,1,BG11,8,0.008883002291287146,0.00016480916287585557
T04,1,BG11,9,0.009443153143005556,0.00021012122917027216
T04,1,BG11,10,0.009918276220769353,0.00026578433096922124
T04,1,BG11,11,0.010333414385093102,0.00033489330104729967
T04,1,BG11,12,0.010719307175503987,0.0004219183658762183
T04,1,BG11,13,0.011025643565556674,0.0005292573310228587
T04,1,BG11,14,0.011371897779184157,0.000668393947921015
T04,1,BG11,15,0.011744457135711256,0.0008483674287486481
T04,1,BG11,16,0.012182549686111465,0.0010850803008453146
T04,1,BG11,17,0.012753728759486624,0.001404312347377877
T04,1,BG11,18,0.013554092714834915,0.0018480430723279043
T04,1,BG11,19,0.014704937374251246,0.0024834404129437846
T04,1,BG11,20,0.01703014797821351,0.0035572841097845343
T04,1,BG11,21,0.02004100152181592,0.005158155681001905
T04,1,BG11,22,0.023676929215437705,0.007459602344212044
T04,1,BG11,23,0.02737517140235767,0.010453899725319708
T04,1,BG11,24,0.03102686802445022,0.014169967462746416
T04,1,BG11,25,0.038572632322757726,0.020715704836471963
T04,1,BG11,26,0.04333754242708981,0.02683486090404073
T04,1,BG11,27,0.04711206066037277,0.032915819432068005
T04,1,BG11,28,0.04993411753177669,0.03850585817422477
T04,1,BG11,29,0.05205008037323975,0.043375892536324574
T04,1,BG11,30,0.053559414728079346,0.04733071428521453
T04,1,BG11,31,0.05449014281228484,0.05025246243496826
T04,1,BG11,32,0.05505079111530754,0.05230839129286727
T04,1,BG11,33,0.0553660912762735,0.05367609508589921
T04,1,BG11,34,0.05554484557563929,0.05455385574617658
T04,1,BG11,35,0.05563412297199955,0.05508329050380554
T04,1,BG11,36,0.05574521780269996,0.05574521780269996
T04,1,BG12,0,0.0,0.0
T04,1,BG12,1,0.002000951134299226,1.1592011943786406e-05
T04,1,BG12,2,0.0038488408856518198,2.6048821038357238e-05
T04,1,BG12,3,0.005397384836915368,4.282007641912447e-05
T04,1,BG12,4,0.006698103613683027,6.250947145185779e-05
T04,1,BG12,5,0.00783001503018143,8.627095256799482e-05
T04,1,BG12,6,0.008833995391208643,0.00011534506239169298
T04,1,BG12,7,0.009700329986816036,0.00015067875539807784
T04,1,BG12,8,0.010451976865901104,0.0001939188474549796
T04,1,BG12,9,0.011123393722024087,0.0002475085516663213
T04,1,BG12,10,0.011694226714450695,0.0003133752417032854
T04,1,BG12,11,0.012182475414089225,0.0003948191052295246
T04,1,BG12,12,0.012624933440318523,0.0004969249598503236
T04,1,BG12,13,0.013026380078679714,0.0006252974822092641
T04,1,BG12,14,0.013387937752845932,0.0007868885855669566
T04,1,BG12,15,0.013703511874333489,0.0009898808404856928
T04,1,BG12,16,0.014039203372425643,0.0012504494862929534
T04,1,BG12,17,0.014377264652831593,0.001583079792931105
T04,1,BG12,18,0.014778040240738253,0.002014923134016181
T04,1,BG12,19,0.015288974511572944,0.0025820753966239616
T04,1,BG12,20,0.016067443859530028,0.0033561929710884245
T04,1,BG12,21,0.01709915187995186,0.004400982024522531
T04,1,BG12,22,0.018674901920019155,0.0058836744173985656
T04,1,BG12,23,0.02070154617320866,0.00790540760717012
T04,1,BG12,24,0.02326614786218914,0.010625647352456857
T04,1,BG12,25,0.0344244156719331,0.018487875765522358
T04,1,BG12,26,0.040086178448979284,0.024821597230746856
T04,1,BG12,27,0.04447077134542819,0.031070427784781435
T04,1,BG12,28,0.047685948228647586,0.03677222006582292
T04,1,BG12,29,0.05009320771506826,0.041745134422073775
T04,1,BG12,30,0.05178334400470068,0.045761191983258155
T04,1,BG12,31,0.05291613364656848,0.048800863448434734
T04,1,BG12,32,0.05359088198578558,0.050921208739098854
T04,1,BG12,33,0.05393838248153314,0.052291965759773906
T04,1,BG12,34,0.054094249892226665,0.053129140487523194
T04,1,BG12,35,0.05417895714205235,0.05364253233446342
T04,1,BG12,36,0.05428927682716143,0.05428927682716143
T04,1,BG13,0,0.0,0.0
T04,1,BG13,1,0.001850884016535365,1.0722635508708744e-05
T04,1,BG13,2,0.0035990285072663433,2.435809947868111e-05
T04,1,BG13,3,0.005021050740754353,3.9834435155901085e-05
T04,1,BG13,4,0.0062031115618410605,5.789000102508348e-05
T04,1,BG13,5,0.007258056314681106,7.996912275120928e-05
T04,1,BG13,6,0.008196080064466815,0.00010701583135397597
T04,1,BG13,7,0.008966460671499844,0.0001392792954333956
T04,1,BG13,8,0.009682966516071024,0.0001796511534038802
T04,1,BG13,9,0.010286306165883444,0.0002288823721489017
T04,1,BG13,10,0.01079872457683089,0.00028937808457549994
T04,1,BG13,11,0.011253643218546583,0.00036471679156474486
T04,1,BG13,12,0.011653248456945976,0.00045867885708113996
T04,1,BG13,13,0.012037332889929541,0.0005778208463353868
T04,1,BG13,14,0.012398542313728288,0.0007287359430850324
T04,1,BG13,15,0.012684147748987185,0.0009162465092196283
T04,1,BG13,16,0.01303691193447512,0.001161176987202366
T04,1,BG13,17,0.013373176879753522,0.0014725197528707025
T04,1,BG13,18,0.013824830010923727,0.0018849569584525154
T04,1,BG13,19,0.014434247875247693,0.002437725066150929
T04,1,BG13,20,0.015529936000700647,0.0032439174876235585
T04,1,BG13,21,0.016847424172485297,0.0043361923068666415
T04,1,BG13,22,0.018786200392826913,0.005918739848411541
T04,1,BG13,23,0.02102472458060577,0.008028821421878184
T04,1,BG13,24,0.023678072046976,0.010813773068848091
T04,1,BG13,25,0.03381481935072542,0.018160487776711087
T04,1,BG13,26,0.03920171923708981,0.02427393491388068
T04,1,BG13,27,0.04337620679948471,0.030305687595816796
T04,1,BG13,28,0.04653054034266097,0.03588124663615967
T04,1,BG13,29,0.048848768553386955,0.04070808196363187
T04,1,BG13,30,0.050528939634655545,0.0446526686133679
T04,1,BG13,31,0.051597052316604115,0.04758436659846808
T04,1,BG13,32,0.05226113499080246,0.049657704202528824
T04,1,BG13,33,0.052578375443285134,0.050973471711177505
T04,1,BG13,34,0.052719657654756544,0.051779072692113855
T04,1,BG13,35,0.05278311603827827,0.052260511508742113
T04,1,BG13,36,0.05288148924995872,0.05288148924995872
T04,1,BG14,0,0.0,0.0
T04,1,BG14,1,0.0015625659368378394,9.052336439505554e-06
T04,1,BG14,2,0.0030664324624350373,2.0753508033495192e-05
T04,1,BG14,3,0.004238307396204914,3.362455184295943e-05
T04,1,BG14,4,0.005229189385141536,4.88009565415584e-05
T04,1,BG14,5,0.006094629438345129,6.715050790229144e-05
T04,1,BG14,6,0.006870047254581935,8.970188350696225e-05
T04,1,BG14,7,0.007538440270665305,0.00011709733612614933
T04,1,BG14,8,0.008133657470687448,0.00015090633080738284
T04,1,BG14,9,0.008697080749192856,0.00019352024369302982
T04,1,BG14,10,0.009099912678058238,0.0002438542876244465
T04,1,BG14,11,0.009482891719870086,0.0003073289045255898
T04,1,BG14,12,0.009799415439005152,0.0003857108745942062
T04,1,BG14,13,0.010145031086915756,0.0004869858207100691
T04,1,BG14,14,0.010412673865087835,0.0006120146672840166
T04,1,BG14,15,0.010703772608760367,0.0007731930000236549
T04,1,BG14,16,0.01099160018912511,0.0009790043306927832
T04,1,BG14,17,0.011318524642173566,0.0012462821079756892
T04,1,BG14,18,0.011707064294894919,0.0015962085850250599
T04,1,BG14,19,0.012132644950290655,0.0020490193201052756
T04,1,BG14,20,0.012729332751385148,0.0026589230646779376
T04,1,BG14,21,0.01346404859475706,0.0034653786516761803
T04,1,BG14,22,0.014708941112801122,0.0046341673267699885
T04,1,BG14,23,0.01627187460678599,0.0062138257847868545
T04,1,BG14,24,0.01823564855062452,0.00832821881942484
T04,1,BG14,25,0.026811590015855136,0.01439935392977906
T04,1,BG14,26,0.0312502117341587,0.019350314704028124
T04,1,BG14,27,0.03454229831584905,0.024133693982551323
T04,1,BG14,28,0.037046196739599586,0.02856755395720815
T04,1,BG14,29,0.03886049320461797,0.03238436066637537
T04,1,BG14,30,0.040185752940484015,0.03551234445686507
T04,1,BG14,31,0.041041201812507616,0.037849441050664394
T04,1,BG14,32,0.041565919969465535,0.039495279951414976
T04,1,BG14,33,0.04186572723360629,0.040587816603203104
T04,1,BG14,34,0.042011430379246394,0.041261893631260885
T04,1,BG14,35,0.04209907753058489,0.041682255409008134
T04,1,BG14,36,0.04220944533009104,0.04220944533009104
T04,1,BG15,0,0.0,0.0
T04,1,BG15,1,0.0011465734223185938,6.642387487517033e-06
T04,1,BG15,2,0.002350346207167389,1.5907061190669338e-05
T04,1,BG15,3,0.0032276980144621175,2.5606896605740985e-05
T04,1,BG15,4,0.0039599210099493885,3.695561956780061e-05
T04,1,BG15,5,0.0045934574705552055,5.0610624423866365e-05
T04,1,BG15,6,0.00516820239465036,6.748097546341974e-05
T04,1,BG15,7,0.00563650088541956,8.755381924565494e-05
T04,1,BG15,8,0.006089805408493233,0.0001129860942214005
T04,1,BG15,9,0.00646227309469927,0.00014379315273782241
T04,1,BG15,10,0.006741509912195029,0.00018065515139871236
T04,1,BG15,11,0.006985107434264835,0.0002263787754997714
T04,1,BG15,12,0.007204438831340037,0.000283571037558969
T04,1,BG15,13,0.007418313210069144,0.0003560968235614028
T04,1,BG15,14,0.007596599770267701,0.0004464972696635611
T04,1,BG15,15,0.007751367783142526,0.0005599243850937205
T04,1,BG15,16,0.007974488518253836,0.0007102749946470033
T04,1,BG15,17,0.008205642507198936,0.0009035228318262498
T04,1,BG15,18,0.008455504123758992,0.0011528721339066393
T04,1,BG15,19,0.008877784309117988,0.0014993228329673227
T04,1,BG15,20,0.009750062176396417,0.002036608338275745
T04,1,BG15,21,0.010679337245392646,0.002748649265637729
T04,1,BG15,22,0.011801271913146888,0.0037180833262373354
T04,1,BG15,23,0.012758911103939246,0.004872312030941187
T04,1,BG15,24,0.013620870635745937,0.0062206502189522915
T04,1,BG15,25,0.01602014912742938,0.008603734320840706
T04,1,BG15,26,0.017323994758785904,0.010727119339080368
T04,1,BG15,27,0.018260594425078613,0.012758143456910953
T04,1,BG15,28,0.018995374288642754,0.014647964671186437
T04,1,BG15,29,0.019563013622260095,0.016302821670767558
T04,1,BG15,30,0.01994877330882154,0.01762882758569896
T04,1,BG15,31,0.02021846393429812,0.018646080672774644
T04,1,BG15,32,0.020419392072859564,0.019402183531050964
T04,1,BG15,33,0.02053373474183634,0.019906962411762534
T04,1,BG15,34,0.02059629373505517,0.02022882995130953
T04,1,BG15,35,0.02063719496429896,0.02043286648575967
T04,1,BG15,36,0.02068911724119922,0.02068911724119922
T04,2,BG1,0,0.0,0.0
T04,2,BG1,1,0.000518550366895578,3.0040923692336294e-06
T04,2,BG1,2,0.0013318093749046594,9.013639443840556e-06
T04,2,BG1,3,0.001735178224320555,1.3766011904739157e-05
T04,2,BG1,4,0.0020805869500201634,1.9416897387937687e-05
T04,2,BG1,5,0.00233369722866249,2.571263035137762e-05
T04,2,BG1,6,0.0025997408518532456,3.394469395986563e-05
T04,2,BG1,7,0.002813146676606354,4.3697630927344724e-05
T04,2,BG1,8,0.0029744504572404486,5.518592419157305e-05
T04,2,BG1,9,0.0031818785053704425,7.080052737991559e-05
T04,2,BG1,10,0.003323371702266068,8.905782619347205e-05
T04,2,BG1,11,0.003433010118195317,0.00011125965230098073
T04,2,BG1,12,0.0035823595355432697,0.00014100382221418644
T04,2,BG1,13,0.003666377333259819,0.00017599490364831824
T04,2,BG1,14,0.0037240475795556503,0.00021888438567567873
T04,2,BG1,15,0.00385998041926632,0.0002788278438128399
T04,2,BG1,16,0.00394511676996577,0.0003513852691180104
T04,2,BG1,17,0.00406020458245364,0.00044706889679253033
T04,2,BG1,18,0.004233805846915663,0.0005772614771014133
T04,2,BG1,19,0.004299646687379431,0.000726144974280501
T04,2,BG1,20,0.004415660526480033,0.0009223501268116191
T04,2,BG1,21,0.004585935174853532,0.0011803286101527176
T04,2,BG1,22,0.004736066352768205,0.0014921348687589654
T04,2,BG1,23,0.00492447409503479,0.0018805346528984125
T04,2,BG1,24,0.005277989216790696,0.0024104571269701444
T04,2,BG1,25,0.00839308209793391,0.004507564081091331
T04,2,BG1,26,0.009943869811574774,0.0061573026255968355
T04,2,BG1,27,0.011151487606284588,0.007791218366715727
T04,2,BG1,28,0.011980112126173318,0.009238262771552453
T04,2,BG1,29,0.012623535229389872,0.010519812917569617
T04,2,BG1,30,0.01301912391900229,0.011505062852418493
T04,2,BG1,31,0.013248019654206912,0.012217725510210867
T04,2,BG1,32,0.013411651612089502,0.012743539346150825
T04,2,BG1,33,0.013450465085104604,0.0130399026914787
T04,2,BG1,34,0.013465783663120042,0.01322553712853437
T04,2,BG1,35,0.013473169806320939,0.01333977216862884
T04,2,BG1,36,0.0134977068013527,0.0134977068013527
T04,2,BG2,0,0.0,0.0
T04,2,BG2,1,0.0005100002255087723,2.954559268228794e-06
T04,2,BG2,2,0.00132345498184553,8.957097203169863e-06
T04,2,BG2,3,0.001701368273329552,1.3497781188615902e-05
T04,2,BG2,4,0.0020558049933495975,1.9185621930324173e-05
T04,2,BG2,5,0.002337666513802458,2.5756364138244215e-05
T04,2,BG2,6,0.002586522356655073,3.377210061765804e-05
T04,2,BG2,7,0.0028053207826799,4.3576068550138545e-05
T04,2,BG2,8,0.0029376254656848858,5.450269854229705e-05
T04,2,BG2,9,0.0031245760237147806,6.952547989418211e-05
T04,2,BG2,10,0.0032659754336362857,8.75197536150351e-05
T04,2,BG2,11,0.0033777222457012975,0.00010946784080268584
T04,2,BG2,12,0.0035152041124994933,0.0001383605443790652
T04,2,BG2,13,0.0035969247240487745,0.00017266101266633503
T04,2,BG2,14,0.003666473937646577,0.00021550044170566467
T04,2,BG2,15,0.003788099522457047,0.0002736354866175939
T04,2,BG2,16,0.0038691966249632358,0.0003446231823103671
T04,2,BG2,17,0.004044317209949637,0.0004453195403244306
T04,2,BG2,18,0.004201087085432209,0.0005728004122955088
T04,2,BG2,19,0.0043644224682277116,0.0007370846162280873
T04,2,BG2,20,0.004620401587895382,0.0009651167561820202
T04,2,BG2,21,0.004957692279441055,0.0012760115072665082
T04,2,BG2,22,0.005382968111286598,0.0016959463498534644
T04,2,BG2,23,0.005811151925069783,0.0022191349488567937
T04,2,BG2,24,0.006437597427864034,0.002940050077082519
T04,2,BG2,25,0.009762774194830138,0.005243166890923712
T04,2,BG2,26,0.011350276715295284,0.007028158027479901
T04,2,BG2,27,0.012550502534020326,0.008768669180830082
T04,2,BG2,28,0.01345986674220459,0.010379350715312404
T04,2,BG2,29,0.014117627369730278,0.01176491340101225
T04,2,BG2,30,0.014557170643595322,0.01286424223832256
T04,2,BG2,31,0.014833138274241691,0.013679570003491712
T04,2,BG2,32,0.014999011196679114,0.014251823298225705
T04,2,BG2,33,0.015063632322650894,0.014603829596777243
T04,2,BG2,34,0.015077519556931976,0.014808517650839206
T04,2,BG2,35,0.015085249528389228,0.014935890776097641
T04,2,BG2,36,0.01510733125989234,0.01510733125989234
T04,2,BG3,0,0.0,0.0
T04,2,BG3,1,0.0005886405571711401,3.410142436749852e-06
T04,2,BG3,2,0.0014073326397127793,9.524778212520838e-06
T04,2,BG3,3,0.001865219443432762,1.4797692088608981e-05
T04,2,BG3,4,0.002265093345114109,2.113878728029059e-05
T04,2,BG3,5,0.0025765874756870483,2.838879050480333e-05
T04,2,BG3,6,0.0028848221429662924,3.766698690458272e-05
T04,2,BG3,7,0.003133011535495097,4.8666208155471644e-05
T04,2,BG3,8,0.0033115527683612055,6.144029034822944e-05
T04,2,BG3,9,0.003488816053878051,7.763024742702792e-05
T04,2,BG3,10,0.0036617616567782645,9.812580809899329e-05
T04,2,BG3,11,0.003811036568879819,0.00012351102713137387
T04,2,BG3,12,0.0039274393354966014,0.00015458637005069615
T04,2,BG3,13,0.0040206907087265795,0.000193002795670911
T04,2,BG3,14,0.004099980122646925,0.0002409801742005314
T04,2,BG3,15,0.004217825561233604,0.00030467698844113166
T04,2,BG3,16,0.004278627336857268,0.00038109052359456495
T04,2,BG3,17,0.004380838329475936,0.00048237385827821784
T04,2,BG3,18,0.00457364204785629,0.0006235967017312117
T04,2,BG3,19,0.004707425810434915,0.0007950126659477168
T04,2,BG3,20,0.004891499936895173,0.0010217442089180627
T04,2,BG3,21,0.005189799627414841,0.0013357513286569231
T04,2,BG3,22,0.005525069044458474,0.0017407163615212433
T04,2,BG3,23,0.005836638356443889,0.0022288675867373976
T04,2,BG3,24,0.006120012045583018,0.0027950088733567917
T04,2,BG3,25,0.008872296134935627,0.004764929342198863
T04,2,BG3,26,0.010077404976887423,0.00623998835730957
T04,2,BG3,27,0.010989232153318833,0.007677855245239167
T04,2,BG3,28,0.011725219778671062,0.009041706788647526
T04,2,BG3,29,0.012252314795557582,0.010210456664234261
T04,2,BG3,30,0.012563998535331083,0.011102866362460816
T04,2,BG3,31,0.012765421152436894,0.011772658552338628
T04,2,BG3,32,0.012920809353200783,0.012277148768199773
T04,2,BG3,33,0.012983022528909278,0.012586728371350431
T04,2,BG3,34,0.013009032319987367,0.012776934839695572
T04,2,BG3,35,0.013020427403296002,0.012891512407571389
T04,2,BG3,36,0.013045463850334527,0.013045463850334527
T04,2,BG4,0,0.0,0.0
T04,2,BG4,1,0.0006534065049525809,3.7853478008852813e-06
T04,2,BG4,2,0.0015430546089420251,1.0443339781416953e-05
T04,2,BG4,3,0.0020271888599421787,1.608267412667146e-05
T04,2,BG4,4,0.002472561032039612,2.3074961549100538e-05
T04,2,BG4,5,0.0028293994796349574,3.1174268231438285e-05
T04,2,BG4,6,0.003169949886648675,4.1389886657374766e-05
T04,2,BG4,7,0.0034326633797976376,5.332080931911116e-05
T04,2,BG4,8,0.0036372414786116675,6.748289658212053e-05
T04,2,BG4,9,0.0038915638109793126,8.659185768049969e-05
T04,2,BG4,10,0.004074319413266837,0.00010918129598588556
T04,2,BG4,11,0.00423987411565536,0.0001374091261833231
T04,2,BG4,12,0.00435561844798599,0.0001714397575186687
T04,2,BG4,13,0.004472883010026764,0.00021470911153401094
T04,2,BG4,14,0.0045835490881475085,0.00026940239288953077
T04,2,BG4,15,0.004750367513908208,0.0003431454527880074
T04,2,BG4,16,0.004835364012218278,0.00043067817445562013
T04,2,BG4,17,0.004969424576996552,0.0005471830610257723
T04,2,BG4,18,0.005150822041424543,0.0007022927465338958
T04,2,BG4,19,0.005310953214089675,0.0008969392712052764
T04,2,BG4,20,0.005585119546815199,0.0011666285647861565
T04,2,BG4,21,0.005958044176215907,0.0015334822104249273
T04,2,BG4,22,0.006386136050121672,0.0020120022764136655
T04,2,BG4,23,0.006717375661122966,0.0025651993395024463
T04,2,BG4,24,0.0070842966352115296,0.0032353975395320073
T04,2,BG4,25,0.010086357735242333,0.005416949711222437
T04,2,BG4,26,0.011600933734203619,0.0071833663424676454
T04,2,BG4,27,0.01278984162069968,0.008935888417157922
T04,2,BG4,28,0.013714910511189808,0.01057602347433366
T04,2,BG4,29,0.014394143137698564,0.011995347607219492
T04,2,BG4,30,0.01489492271103576,0.01316271532233528
T04,2,BG4,31,0.015192644097493914,0.014011117178934544
T04,2,BG4,32,0.015415050267670587,0.014647137080258485
T04,2,BG4,33,0.015513870101300974,0.01504032426720773
T04,2,BG4,34,0.015553951958488165,0.01527644994085642
T04,2,BG4,35,0.015577660328313933,0.015423426207760299
T04,2,BG4,36,0.015617482782112304,0.015617482782112304
T04,2,BG5,0,0.0,0.0
T04,2,BG5,1,0.002474601759958496,1.4335988856149754e-05
T04,2,BG5,2,0.004728634412719026,3.200323284601127e-05
T04,2,BG5,3,0.00663843247764706,5.266591040112381e-05
T04,2,BG5,4,0.008274060393554399,7.721695159923923e-05
T04,2,BG5,5,0.009706320933476457,0.00010694405434893622
T04,2,BG5,6,0.010967485325902656,0.00014320193956776468
T04,2,BG5,7,0.012032624679658056,0.00018690713770515968
T04,2,BG5,8,0.0129482898647138,0.00024023373544355668
T04,2,BG5,9,0.013751963079552279,0.0003059973019653357
T04,2,BG5,10,0.014455008798994076,0.00038735711226057086
T04,2,BG5,11,0.015012291473071569,0.00048652997610498984
T04,2,BG5,12,0.015484593800115805,0.0006094829098945549
T04,2,BG5,13,0.015914150852642358,0.0007639174027965921
T04,2,BG5,14,0.016254302168405434,0.0009553618382762691
T04,2,BG5,15,0.016592711427865846,0.0011985837864096345
T04,2,BG5,16,0.016896853156918225,0.001504975799396378
T04,2,BG5,17,0.017234828614004598,0.0018977260023041612
T04,2,BG5,18,0.01767129875115503,0.0024094066660795893
T04,2,BG5,19,0.018161248517211695,0.0030671588258619218
T04,2,BG5,20,0.018936295795432764,0.003955443276513663
T04,2,BG5,21,0.020004212754617393,0.005148686979271446
T04,2,BG5,22,0.021633952231275587,0.006815946428053662
T04,2,BG5,23,0.024399442179574432,0.009317542476497041
T04,2,BG5,24,0.028960741719453995,0.013226367745147896
T04,2,BG5,25,0.040999304548058176,0.022018966373833607
T04,2,BG5,26,0.047096592558087194,0.0291624868645163
T04,2,BG5,27,0.05160185540779379,0.03605270784115425
T04,2,BG5,28,0.054866307896587016,0.04230923422724686
T04,2,BG5,29,0.057192773222942285,0.047661551519534905
T04,2,BG5,30,0.05887544470283148,0.05202851576993321
T04,2,BG5,31,0.05990562273447579,0.05524678237138588
T04,2,BG5,32,0.06051910438304058,0.057504296199050044
T04,2,BG5,33,0.06084655295686143,0.058989270909650365
T04,2,BG5,34,0.06101396432910468,0.05992539860055039
T04,2,BG5,35,0.06109233159387417,0.06048745756337717
T04,2,BG5,36,0.061208950752340355,0.061208950752340355
T04,2,BG6,0,0.0,0.0
T04,2,BG6,1,0.0020237462156026884,1.1724069549407649e-05
T04,2,BG6,2,0.0039021769147671095,2.6409797376793697e-05
T04,2,BG6,3,0.005482510505577263,4.349541988351781e-05
T04,2,BG6,4,0.006799528188432952,6.345600745046529e-05
T04,2,BG6,5,0.007932921971404477,8.740477940979494e-05
T04,2,BG6,6,0.008969127966440477,0.0001171094815066559
T04,2,BG6,7,0.009869903979584973,0.00015331280951125646
T04,2,BG6,8,0.010605865546501746,0.00019677399309639396
T04,2,BG6,9,0.011307802369062536,0.0002516118601998525
T04,2,BG6,10,0.011931281967638041,0.00031972771293133876
T04,2,BG6,11,0.012446560030083459,0.00040337776360867327
T04,2,BG6,12,0.012911436358139242,0.00050820188957223
T04,2,BG6,13,0.013307689182718074,0.000638800991492393
T04,2,BG6,14,0.013748334343330535,0.0008080712309106329
T04,2,BG6,15,0.01422892181925092,0.0010278341213855195
T04,2,BG6,16,0.014806957668799933,0.001318832138621716
T04,2,BG6,17,0.015682681012588812,0.0017268191198650633
T04,2,BG6,18,0.016891220410244153,0.002303046292128229
T04,2,BG6,19,0.018735261478446504,0.0031641008933362353
T04,2,BG6,20,0.021260495131284394,0.004440925700569802
T04,2,BG6,21,0.024973342588526456,0.006427642289491137
T04,2,BG6,22,0.029496294947847956,0.009293039197642988
T04,2,BG6,23,0.03432178836255506,0.013106640636407653
T04,2,BG6,24,0.038356228842142154,0.017517285788260888
T04,2,BG6,25,0.04534919787685394,0.024355107240561287
T04,2,BG6,26,0.04994076167042336,0.030923613056054188
T04,2,BG6,27,0.05376821265948425,0.03756627831157963
T04,2,BG6,28,0.05652541946968167,0.043588630212155116
T04,2,BG6,29,0.0584699751807269,0.048725906711372675
T04,2,BG6,30,0.05987894738540218,0.052915315837324464
T04,2,BG6,31,0.06066125243767159,0.05594364682838806
T04,2,BG6,32,0.06116980850522636,0.058122584857057416
T04,2,BG6,33,0.06144325316763211,0.05956775744473698
T04,2,BG6,34,0.06162079093228951,0.060521398522856096
T04,2,BG6,35,0.06170749519128814,0.06109653046892342
T04,2,BG6,36,0.061824521226520615,0.061824521226520615
T04,2,BG7,0,0.0,0.0
T04,2,BG7,1,0.0036258585745984513,2.10055083875434e-05
T04,2,BG7,2,0.006865020130164958,4.646221698370604e-05
T04,2,BG7,3,0.009639825351930578,7.647741847466522e-05
T04,2,BG7,4,0.012046129504740218,0.00011241945946664548
T04,2,BG7,5,0.01408816586680157,0.0001552231365587558
T04,2,BG7,6,0.015925156309663152,0.00020793401639479362
T04,2,BG7,7,0.017501446853685307,0.000271856342480321
T04,2,BG7,8,0.018840543595139855,0.0003495545906386017
T04,2,BG7,9,0.019976189085817848,0.0004444936298609937
T04,2,BG7,10,0.02093472633347589,0.0005609968965541917
T04,2,BG7,11,0.0217399850394766,0.0007045662824913354
T04,2,BG7,12,0.022402333134402933,0.0008817692821738322
T04,2,BG7,13,0.02291510675376544,0.0010999800723967747
T04,2,BG7,14,0.0233434251912579,0.0013720316918992249
T04,2,BG7,15,0.023702602494256802,0.0017121707430105505
T04,2,BG7,16,0.024070908788620567,0.0021439575114214674
T04,2,BG7,17,0.02446456027014134,0.002693791344838856
T04,2,BG7,18,0.02503978958943996,0.003414069138028295
T04,2,BG7,19,0.025905045476024274,0.00437496841130334
T04,2,BG7,20,0.027227933848940646,0.005687413692013942
T04,2,BG7,21,0.029532865326993576,0.007601172898713064
T04,2,BG7,22,0.03353701143408303,0.010566098610307433
T04,2,BG7,23,0.039241337598853024,0.014985294623270647
T04,2,BG7,24,0.046122265538216516,0.02106403390941185
T04,2,BG7,25,0.059756460219099305,0.03209262930818485
T04,2,BG7,26,0.06726150503170089,0.041648719032008646
T04,2,BG7,27,0.0730383137657827,0.051029734432160245
T04,2,BG7,28,0.07747112646217279,0.05974056119740647
T04,2,BG7,29,0.08070827427800464,0.06725817545246969
T04,2,BG7,30,0.08295289663774422,0.07330587661829828
T04,2,BG7,31,0.08423702397872437,0.07768593852528846
T04,2,BG7,32,0.08481713083853702,0.08059189668561924
T04,2,BG7,33,0.0850490681943652,0.0824530278867539
T04,2,BG7,34,0.08513481302955023,0.08361590095797848
T04,2,BG7,35,0.08517427384077897,0.08433096521403963
T04,2,BG7,36,0.08523564747195216,0.08523564747195216
T04,2,BG8,0,0.0,0.0
T04,2,BG8,1,0.003032805781305587,1.756980479296035e-05
T04,2,BG8,2,0.005761190323310997,3.899153519107451e-05
T04,2,BG8,3,0.008098223957912832,6.424714549141314e-05
T04,2,BG8,4,0.010107529842830204,9.432764615967997e-05
T04,2,BG8,5,0.011833039980069699,0.0001303762033870066
T04,2,BG8,6,0.01339119154684086,0.00017484815677877924
T04,2,BG8,7,0.01468236898601809,0.00022806658015005763
T04,2,BG8,8,0.01578638752035278,0.00029288986381963405
T04,2,BG8,9,0.016735109199772565,0.00037237580058160013
T04,2,BG8,10,0.01754013814234388,0.00047003065491285656
T04,2,BG8,11,0.01817972588222362,0.0005891826457445376
T04,2,BG8,12,0.018724766126025316,0.0007370180385898619
T04,2,BG8,13,0.019168097644828505,0.0009201146527286289
T04,2,BG8,14,0.019513401124671915,0.001146918437799048
T04,2,BG8,15,0.019960424723492708,0.001441852437114873
T04,2,BG8,16,0.020378133621553163,0.0018150479181874503
T04,2,BG8,17,0.02088912569062827,0.0023001004458919365
T04,2,BG8,18,0.02170606546176531,0.0029595299910513567
T04,2,BG8,19,0.02286235241756585,0.003861103817822985
T04,2,BG8,20,0.024740091963930136,0.005167749363692601
T04,2,BG8,21,0.029119424682995873,0.007494761453994886
T04,2,BG8,22,0.035773279907215016,0.011270652567173559
T04,2,BG8,23,0.041492331350514035,0.01584489339560974
T04,2,BG8,24,0.04625800791609994,0.021126027446997264
T04,2,BG8,25,0.053931084340035705,0.028964069993571293
T04,2,BG8,26,0.058873273557165276,0.03645467688562434
T04,2,BG8,27,0.06272275847804085,0.04382255756496062
T04,2,BG8,28,0.06562374498209789,0.05060465160966658
T04,2,BG8,29,0.06767019218077469,0.05639290021157759
T04,2,BG8,30,0.06899493586236013,0.06097115897111393
T04,2,BG8,31,0.06979054575659653,0.06436295799535277
T04,2,BG8,32,0.07021007208511831,0.06671250049405578
T04,2,BG8,33,0.07046966456891675,0.06831864645858346
T04,2,BG8,34,0.07060484013423222,0.06934516102077978
T04,2,BG8,35,0.07068587662241581,0.06998601706799872
T04,2,BG8,36,0.07079101727857018,0.07079101727857018
T04,2,BG9,0,0.0,0.0
T04,2,BG9,1,0.002130628367833533,1.2343264618667546e-05
T04,2,BG9,2,0.004080193456756017,2.7614607124484513e-05
T04,2,BG9,3,0.005748515873934557,4.560576950822227e-05
T04,2,BG9,4,0.007151196992521402,6.673792624306493e-05
T04,2,BG9,5,0.008385639811279157,9.239281593763941e-05
T04,2,BG9,6,0.009469061188685953,0.00012363708602624113
T04,2,BG9,7,0.010390143622688794,0.00016139388163438422
T04,2,BG9,8,0.011166718882179232,0.00020717968236094595
T04,2,BG9,9,0.011827926518489936,0.0002631852328038053
T04,2,BG9,10,0.012440376794960965,0.00033337014823248574
T04,2,BG9,11,0.012891970224159352,0.00041781296254134523
T04,2,BG9,12,0.013305889805494396,0.0005237278125232618
T04,2,BG9,13,0.013657430881484394,0.0006555894338375934
T04,2,BG9,14,0.014001530808682276,0.0008229530953667428
T04,2,BG9,15,0.014480394713241515,0.001045999409006747
T04,2,BG9,16,0.01505356326447566,0.0013407969105811105
T04,2,BG9,17,0.016046530976604707,0.001766882618895373
T04,2,BG9,18,0.017425279905706536,0.0023758630431206782
T04,2,BG9,19,0.01935162139346887,0.0032681947179004386
T04,2,BG9,20,0.02189987781485346,0.004574480953292859
T04,2,BG9,21,0.025597669454257115,0.00658833163619239
T04,2,BG9,22,0.0315980850613225,0.009955224659469282
T04,2,BG9,23,0.037764907968909925,0.014421482723692893
T04,2,BG9,24,0.04254054775854288,0.019428263792103197
T04,2,BG9,25,0.047291705607683594,0.02539834484397163
T04,2,BG9,26,0.05111798374020117,0.031652555832578824
T04,2,BG9,27,0.05413346132265613,0.03782146687973057
T04,2,BG9,28,0.05637781221954193,0.04347480541728509
T04,2,BG9,29,0.05805899278874318,0.04838341490796018
T04,2,BG9,30,0.05927095329292946,0.05237802858525058
T04,2,BG9,31,0.060022407324060834,0.05535448444929722
T04,2,BG9,32,0.06049136979231134,0.05747794314814092
T04,2,BG9,33,0.06076209086496775,0.058907387129539156
T04,2,BG9,34,0.06091040074729796,0.059823682598628775
T04,2,BG9,35,0.060992795195270746,0.06038890669632189
T04,2,BG9,36,0.06109647957608801,0.06109647957608801
T04,2,BG10,0,0.0,0.0
T04,2,BG10,1,0.0018328191206461902,1.0617981012735186e-05
T04,2,BG10,2,0.003560347293374143,2.4096306422149716e-05
T04,2,BG10,3,0.004980946886974445,3.951627168098954e-05
T04,2,BG10,4,0.006180207105796098,5.767624714788294e-05
T04,2,BG10,5,0.007213647089935518,7.947982295397533e-05
T04,2,BG10,6,0.008131271353469671,0.00010616962692664952
T04,2,BG10,7,0.008933069869247507,0.00013876062463882537
T04,2,BG10,8,0.009579561949258616,0.0001777326561073743
T04,2,BG10,9,0.010178612507487625,0.00022648606195445128
T04,2,BG10,10,0.010675163754040588,0.0002860669707003998
T04,2,BG10,11,0.011056687764360501,0.0003583337057369671
T04,2,BG10,12,0.011415937385430402,0.00044933815098251184
T04,2,BG10,13,0.01169869673971686,0.0005615654995204006
T04,2,BG10,14,0.01195420304061986,0.0007026194881008419
T04,2,BG10,15,0.012245693257269916,0.0008845744994296039
T04,2,BG10,16,0.012525048473100696,0.0011155861250944344
T04,2,BG10,17,0.012961462753098162,0.0014271859330522616
T04,2,BG10,18,0.013627130151681861,0.0018580014235963492
T04,2,BG10,19,0.014633708842594519,0.0024714109876632336
T04,2,BG10,20,0.016195645346641842,0.003382971904109782
T04,2,BG10,21,0.018512728833305264,0.00476480864465209
T04,2,BG10,22,0.02165723204104448,0.006823280897920016
T04,2,BG10,23,0.024986791583744318,0.009541836660964453
T04,2,BG10,24,0.028139813939688278,0.012851450152056812
T04,2,BG10,25,0.03485090304512727,0.01871692376751216
T04,2,BG10,26,0.03894211332488932,0.024113185413965493
T04,2,BG10,27,0.04235157711274677,0.029589808712772732
T04,2,BG10,28,0.044823090713090805,0.03456457536967093
T04,2,BG10,29,0.04654123449539984,0.03878510033726584
T04,2,BG10,30,0.04780769991779687,0.0422478960567163
T04,2,BG10,31,0.048548841806915814,0.044773214328304334
T04,2,BG10,32,0.04900685216915625,0.04656553604056233
T04,2,BG10,33,0.0492685155304827,0.04776464187625454
T04,2,BG10,34,0.04941479661575922,0.04853317453063329
T04,2,BG10,35,0.049498351015869864,0.04900826875186968
T04,2,BG10,36,0.049605186068582684,0.049605186068582684
T04,2,BG11,0,0.0,0.0
T04,2,BG11,1,0.0016363976579294702,9.480062208818853e-06
T04,2,BG11,2,0.0032094159274029545,2.1721215081935322e-05
T04,2,BG11,3,0.004469924377851966,3.546208192136317e-05
T04,2,BG11,4,0.00554539263276084,5.175189600520476e-05
T04,2,BG11,5,0.006483220613745286,7.14319982487909e-05
T04,2,BG11,6,0.007285301933045751,9.512384440505314e-05
T04,2,BG11,7,0.008016045836992874,0.0001245161567214462
T04,2,BG11,8,0.008584663190115206,0.0001592739836506062
T04,2,BG11,9,0.009116327377275397,0.0002028489724404774
T04,2,BG11,10,0.009573968446507977,0.00025655776544528325
T04,2,BG11,11,0.00993073220724416,0.0003218428656533914
T04,2,BG11,12,0.010274705241084627,0.00040441856782379485
T04,2,BG11,13,0.010511716750321358,0.0005045876095993774
T04,2,BG11,14,0.010797011287886724,0.0006346044581316747
T04,2,BG11,15,0.011153031336548429,0.0008056454541173332
T04,2,BG11,16,0.011467826725012686,0.0010214210661960066
T04,2,BG11,17,0.012089763973421474,0.0013312032237329683
T04,2,BG11,18,0.012877122675647988,0.0017557410797624077
T04,2,BG11,19,0.014077934959812015,0.002377549233522433
T04,2,BG11,20,0.015873119357606366,0.003315602164430143
T04,2,BG11,21,0.018282415124884085,0.004705530469639601
T04,2,BG11,22,0.021449233271196955,0.006757749268220531
T04,2,BG11,23,0.02460744829160686,0.00939697485446667
T04,2,BG11,24,0.02757871178803019,0.012595194834554128
T04,2,BG11,25,0.03343248382265089,0.017955151773257915
T04,2,BG11,26,0.037255916621633786,0.023069082502718306
T04,2,BG11,27,0.040443142302739224,0.02825644119904625
T04,2,BG11,28,0.0429272331964053,0.033102616664716006
T04,2,BG11,29,0.04473180041914118,0.03727720987689553
T04,2,BG11,30,0.04599559439905118,0.04064652955676126
T04,2,BG11,31,0.04678974801146912,0.04315092473919076
T04,2,BG11,32,0.04725940932718388,0.04490514355991039
T04,2,BG11,33,0.04753841236348116,0.04608734845422745
T04,2,BG11,34,0.04769059906851277,0.046839738785375624
T04,2,BG11,35,0.04776915850187916,0.04729619696367809
T04,2,BG11,36,0.047868197272311376,0.047868197272311376
T04,2,BG12,0,0.0,0.0
T04,2,BG12,1,0.0019461190574375205,1.1274355928804482e-05
T04,2,BG12,2,0.0037624208632433256,2.5463933267359782e-05
T04,2,BG12,3,0.005252724356002343,4.167241440855171e-05
T04,2,BG12,4,0.006537433283982186,6.1010029364822376e-05
T04,2,BG12,5,0.007638471195968198,8.416052622942089e-05
T04,2,BG12,6,0.008634315756902652,0.00011273785413409566
T04,2,BG12,7,0.009471608288233322,0.00014712593777420186
T04,2,BG12,8,0.010181413052329726,0.00018889899148469047
T04,2,BG12,9,0.01080030157408536,0.00024031937244029734
T04,2,BG12,10,0.01132610898021156,0.00030351063222591084
T04,2,BG12,11,0.011751083984925494,0.00038083823567020686
T04,2,BG12,12,0.012096010366801269,0.00047610622890548263
T04,2,BG12,13,0.012430266064948084,0.0005966825810483495
T04,2,BG12,14,0.012669108203668804,0.0007446387041820336
T04,2,BG12,15,0.012937551587776437,0.000934551272029364
T04,2,BG12,16,0.01317005536066653,0.001173035859474929
T04,2,BG12,17,0.01351956905757173,0.0014886389811164698
T04,2,BG12,18,0.013880331832479293,0.0018925243965555011
T04,2,BG12,19,0.014335467154758488,0.0024210425082715663
T04,2,BG12,20,0.015234599835369587,0.0031822271976095196
T04,2,BG12,21,0.01654219668481173,0.004257632824246039
T04,2,BG12,22,0.01843717917312142,0.005808777986633534
T04,2,BG12,23,0.020724458651947216,0.007914157302540928
T04,2,BG12,24,0.0231166583416144,0.01055737550531315
T04,2,BG12,25,0.03195828710098708,0.017163424035551808
T04,2,BG12,26,0.036606507769842436,0.022666964731537044
T04,2,BG12,27,0.04032753874493874,0.028175672341179424
T04,2,BG12,28,0.04303462527622476,0.033185430278878034
T04,2,BG12,29,0.04499456962329615,0.03749618835821853
T04,2,BG12,30,0.04638484804834395,0.040990515010616825
T04,2,BG12,31,0.04738019195307722,0.04369545013720148
T04,2,BG12,32,0.04792090641516336,0.04553368768535944
T04,2,BG12,33,0.04822350827346622,0.0467515324127347
T04,2,BG12,34,0.04836147855052551,0.04749864903156901
T04,2,BG12,35,0.048428230849840395,0.0479487439240555
T04,2,BG12,36,0.04852329930839153,0.04852329930839153
T04,2,BG13,0,0.0,0.0
T04,2,BG13,1,0.0018026349392012233,1.0443116453486295e-05
T04,2,BG13,2,0.0034904124780457462,2.3622990042138124e-05
T04,2,BG13,3,0.004893141564643779,3.881966962193672e-05
T04,2,BG13,4,0.00606901624866298,5.66385678092077e-05
T04,2,BG13,5,0.007085846562765453,7.807171904703203e-05
T04,2,BG13,6,0.008007222581773861,0.00010454992792654335
T04,2,BG13,7,0.008798532009317716,0.00013667079912826555
T04,2,BG13,8,0.009444339573958046,0.00017522383324203924
T04,2,BG13,9,0.01000663718114714,0.00022265941044936059
T04,2,BG13,10,0.01051396548090567,0.00028174727327017537
T04,2,BG13,11,0.010892931212847023,0.0003530265582346053
T04,2,BG13,12,0.011240736268684675,0.00044244212902126603
T04,2,BG13,13,0.01151955633310193,0.0005529663291555108
T04,2,BG13,14,0.011751253164828184,0.000690690917903472
T04,2,BG13,15,0.012031477438989727,0.0008691004989799646
T04,2,BG13,16,0.012277299521827234,0.001093519519400008
T04,2,BG13,17,0.012696061845198352,0.0013979626548113603
T04,2,BG13,18,0.013133243365314315,0.00179066204976221
T04,2,BG13,19,0.013667338720454935,0.00230820576616359
T04,2,BG13,20,0.014569801548356322,0.0030433630822053197
T04,2,BG13,21,0.015861342723118215,0.004082394534594062
T04,2,BG13,22,0.017594069477621196,0.005543149653534569
T04,2,BG13,23,0.019486957336078383,0.007441586214952907
T04,2,BG13,24,0.021549384211038542,0.009841601574589173
T04,2,BG13,25,0.029943487598931076,0.016081361654814833
T04,2,BG13,26,0.034363418196901946,0.021278030438962918
T04,2,BG13,27,0.037860281199768114,0.026451871590012672
T04,2,BG13,28,0.040440591338888,0.03118508446724995
T04,2,BG13,29,0.04230628761215613,0.035255910672573006
T04,2,BG13,30,0.043692623628499724,0.03861138312839971
T04,2,BG13,31,0.04460702987988481,0.04113795581742686
T04,2,BG13,32,0.04509245107799782,0.042846134107849064
T04,2,BG13,33,0.045342641081299276,0.04395860094911485
T04,2,BG13,34,0.04544704296114981,0.04463621062076755
T04,2,BG13,35,0.04550095155362231,0.04505044738535828
T04,2,BG13,36,0.04557467544245033,0.04557467544245033
T04,2,BG14,0,0.0,0.0
T04,2,BG14,1,0.0014851744326856394,8.603988029929272e-06
T04,2,BG14,2,0.002922484186030291,1.9779271059417602e-05
T04,2,BG14,3,0.004067666835285596,3.2270777281658384e-05
T04,2,BG14,4,0.005047271317335627,4.710322198531435e-05
T04,2,BG14,5,0.005893974218623798,6.493969305717884e-05
T04,2,BG14,6,0.006611641586235861,8.632789313950836e-05
T04,2,BG14,7,0.007250212637110656,0.00011262019116981362
T04,2,BG14,8,0.00776454062145483,0.0001440579890636415
T04,2,BG14,9,0.008224982703023234,0.00018301550826445103
T04,2,BG14,10,0.008587586741975302,0.00023012526936558683
T04,2,BG14,11,0.008895889935129037,0.0002883048962115846
T04,2,BG14,12,0.009136296854522946,0.00035961013107304446
T04,2,BG14,13,0.00937155989364096,0.0004498573491816727
T04,2,BG14,14,0.009499426439226034,0.0005583376909637671
T04,2,BG14,15,0.0097035855950978,0.0007009439315617351
T04,2,BG14,16,0.009875299362633129,0.0008795771901732377
T04,2,BG14,17,0.010083436786269283,0.0011102866545562031
T04,2,BG14,18,0.010387849441256172,0.0014163392275702436
T04,2,BG14,19,0.010678810222768668,0.0018034887333374997
T04,2,BG14,20,0.011275774863099016,0.0023553016126114765
T04,2,BG14,21,0.012069347591035028,0.0031064103054256964
T04,2,BG14,22,0.01338277924571249,0.004216349622319865
T04,2,BG14,23,0.015002057187770467,0.005728913967195117
T04,2,BG14,24,0.01675802689923967,0.007653389157688057
T04,2,BG14,25,0.023734012141835344,0.012746519011983891
T04,2,BG14,26,0.02732096314372786,0.016917300914596832
T04,2,BG14,27,0.030119345922431488,0.021043506451646612
T04,2,BG14,28,0.03213687921238154,0.024781815970431446
T04,2,BG14,29,0.03361510365890041,0.02801311952499643
T04,2,BG14,30,0.034681831055389814,0.030648502060576826
T04,2,BG14,31,0.03535534405561943,0.032605770580204314
T04,2,BG14,32,0.03574619647244782,0.03396547082291076
T04,2,BG14,33,0.03594127138169458,0.0348441989061113
T04,2,BG14,34,0.03606306377962116,0.03541965339717731
T04,2,BG14,35,0.036125019170465775,0.03576734609476415
T04,2,BG14,36,0.036208703839929704,0.036208703839929704
T04,2,BG15,0,0.0,0.0
T04,2,BG15,1,0.0011358299530723499,6.580147865690869e-06
T04,2,BG15,2,0.002302165505004959,1.5580975925759442e-05
T04,2,BG15,3,0.0031887881062581743,2.529820534550963e-05
T04,2,BG15,4,0.003937999508130367,3.675103909247439e-05
T04,2,BG15,5,0.004590628545166806,5.057945587185409e-05
T04,2,BG15,6,0.005174660052797117,6.756529262818001e-05
T04,2,BG15,7,0.005683613567597437,8.828563765838544e-05
T04,2,BG15,8,0.006049283532013642,0.00011223427894875225
T04,2,BG15,9,0.006446921170023613,0.00014345155460421743
T04,2,BG15,10,0.00677067792170694,0.00018143677866515545
T04,2,BG15,11,0.006998360334598633,0.00022680828721073726
T04,2,BG15,12,0.007252066441721071,0.0002854456899726464
T04,2,BG15,13,0.007452296089527453,0.0003577280832792973
T04,2,BG15,14,0.007652134500722836,0.00044976137494612934
T04,2,BG15,15,0.00794707292626862,0.0005740612570311367
T04,2,BG15,16,0.008266767818730108,0.000736307846839947
T04,2,BG15,17,0.008838531389834195,0.0009732101897222939
T04,2,BG15,18,0.009515282726754176,0.001297368454981426
T04,2,BG15,19,0.01049235005416939,0.001771998445502972
T04,2,BG15,20,0.011836854958510879,0.0024725009045873892
T04,2,BG15,21,0.013671270073528698,0.003518713335964489
T04,2,BG15,22,0.01593631734146175,0.005020861849134128
T04,2,BG15,23,0.01823067116635034,0.006961841650403206
T04,2,BG15,24,0.02034561680301799,0.009291841098556543
T04,2,BG15,25,0.024517027690623205,0.013167043022586932
T04,2,BG15,26,0.02724822636246955,0.016872261875337777
T04,2,BG15,27,0.029474403408119132,0.02059290393420955
T04,2,BG15,28,0.03122636270487245,0.024079686430775075
T04,2,BG15,29,0.03247868745506784,0.027066088023598552
T04,2,BG15,30,0.0335206800625146,0.029622387355455224
T04,2,BG15,31,0.03417873784050909,0.031520668606455526
T04,2,BG15,32,0.03462778808037188,0.032902776746578176
T04,2,BG15,33,0.034864844450140285,0.03380062889206687
T04,2,BG15,34,0.03498881280392541,0.03436456839590812
T04,2,BG15,35,0.03505322645622492,0.03470616508664438
T04,2,BG15,36,0.03514321931046921,0.03514321931046921
T05,0,BG1,0,0.0,0.0
T05,0,BG1,1,0.0006022098582143229,3.4887528123601426e-06
T05,0,BG1,2,0.0014713336235433292,9.9579346733345e-06
T05,0,BG1,3,0.0019181415861257085,1.5217549143550184e-05
T05,0,BG1,4,0.0022866041841573636,2.1339535401706158e-05
T05,0,BG1,5,0.0026708785171978685,2.9427687206756403e-05
T05,0,BG1,6,0.002959113135454792,3.863700083661593e-05
T05,0,BG1,7,0.0031908219025623802,4.956419795506056e-05
T05,0,BG1,8,0.003443926601681493,6.38962643798957e-05
T05,0,BG1,9,0.003615255094049908,8.044366421124962e-05
T05,0,BG1,10,0.0038061794680403723,0.00010199583496552416
T05,0,BG1,11,0.004003757084875479,0.00012975686250774185
T05,0,BG1,12,0.004097701249173633,0.0001612879820232258
T05,0,BG1,13,0.0041899333152759415,0.00020112684693963362
T05,0,BG1,14,0.004280750896672743,0.0002516051459241143
T05,0,BG1,15,0.0044351322466535305,0.00032037425782154716
T05,0,BG1,16,0.004527221635914159,0.0004032324212409066
T05,0,BG1,17,0.004602640563883932,0.0005067964932516306
T05,0,BG1,18,0.00472363274381906,0.0006440472982096805
T05,0,BG1,19,0.004842766767838566,0.0008178696939000263
T05,0,BG1,20,0.004912916162354697,0.0010262176585768797
T05,0,BG1,21,0.004993740377377226,0.0012852895748050224
T05,0,BG1,22,0.005095513499848571,0.0016053815186736465
T05,0,BG1,23,0.005250530659910739,0.0020050475738747383
T05,0,BG1,24,0.005338001320555304,0.0024378646539373297
T05,0,BG1,25,0.0076674868704081035,0.004117878014737971
T05,0,BG1,26,0.008782728175015197,0.005438316888204806
T05,0,BG1,27,0.00959811461513842,0.00670592207608503
T05,0,BG1,28,0.010130476651779834,0.00781194733151893
T05,0,BG1,29,0.010502839258006933,0.008752532600328263
T05,0,BG1,30,0.010647464594873032,0.009409216058705913
T05,0,BG1,31,0.010751448262071236,0.009915311670593186
T05,0,BG1,32,0.010774112257763018,0.010237391090166607
T05,0,BG1,33,0.010755339997895588,0.010427043680371565
T05,0,BG1,34,0.010756917423709924,0.010565000483694
T05,0,BG1,35,0.01076401027848748,0.010657436024762231
T05,0,BG1,36,0.010775521978293687,0.010775521978293687
T05,0,BG2,0,0.0,0.0
T05,0,BG2,1,0.0005910973976801233,3.4243755142702485e-06
T05,0,BG2,2,0.0014424573330218857,9.76250091285422e-06
T05,0,BG2,3,0.001856216603357326,1.4726268158638672e-05
T05,0,BG2,4,0.0022531897418936785,2.102769798725642e-05
T05,0,BG2,5,0.002587625820660235,2.8510410775940515e-05
T05,0,BG2,6,0.002877956342170418,3.757734043328448e-05
T05,0,BG2,7,0.0031107505960860557,4.832042066284962e-05
T05,0,BG2,8,0.0033457103051841687,6.207402624921438e-05
T05,0,BG2,9,0.003502995689945045,7.794576110126909e-05
T05,0,BG2,10,0.003649558243925533,9.779878811879825e-05
T05,0,BG2,11,0.003825540476974104,0.00012398108125028398
T05,0,BG2,12,0.003909163931282728,0.000153867040255787
T05,0,BG2,13,0.0039847759642788975,0.00019127880182982342
T05,0,BG2,14,0.004112632774006447,0.00024172384566397984
T05,0,BG2,15,0.0042225560258860395,0.00030501869567011727
T05,0,BG2,16,0.004278826580406424,0.0003811082707487226
T05,0,BG2,17,0.004363769247121871,0.0004804943825683951
T05,0,BG2,18,0.0044877546771443875,0.0006118863258883243
T05,0,BG2,19,0.004586704644055221,0.0007746246989359511
T05,0,BG2,20,0.00472983460725556,0.0009879753022079463
T05,0,BG2,21,0.005022591483988367,0.0012927152725303382
T05,0,BG2,22,0.00598274155542663,0.0018849096733613466
T05,0,BG2,23,0.006773968701527432,0.002586810823069427
T05,0,BG2,24,0.007360631813833983,0.003361599795807331
T05,0,BG2,25,0.01025676163421572,0.005508466341981156
T05,0,BG2,26,0.011666288854408048,0.007223834605885607
T05,0,BG2,27,0.012661962131332161,0.008846542771733813
T05,0,BG2,28,0.01320225507150368,0.010180697819224253
T05,0,BG2,29,0.013552905048488646,0.011294302529346018
T05,0,BG2,30,0.013643187286732106,0.012056550675685142
T05,0,BG2,31,0.013636711860004699,0.012576189256186959
T05,0,BG2,32,0.013603908497453946,0.012926218778277002
T05,0,BG2,33,0.01359542933756578,0.013180442074712763
T05,0,BG2,34,0.013609933717374236,0.013367115410162255
T05,0,BG2,35,0.01360427820869457,0.013469582503384493
T05,0,BG2,36,0.013608602450654742,0.013608602450654742
T05,0,BG3,0,0.0,0.0
T05,0,BG3,1,0.00089592103122507,5.190295300184377e-06
T05,0,BG3,2,0.0019456009062181518,1.3167759106204229e-05
T05,0,BG3,3,0.0025756328156992564,2.0433746660627474e-05
T05,0,BG3,4,0.0031714348812074784,2.9597141204192214e-05
T05,0,BG3,5,0.003655517977603841,4.027642569295797e-05
T05,0,BG3,6,0.00411734016478159,5.375991664902859e-05
T05,0,BG3,7,0.0044527818247075525,6.916668032857945e-05
T05,0,BG3,8,0.004779397925048719,8.867368810075735e-05
T05,0,BG3,9,0.005006264857393147,0.00011139526282545209
T05,0,BG3,10,0.005244426279242311,0.00014053715532057906
T05,0,BG3,11,0.00540872123704669,0.00017529002984216434
T05,0,BG3,12,0.005520261050858161,0.00021728078927645998
T05,0,BG3,13,0.005562817485800319,0.00026702857919576865
T05,0,BG3,14,0.0057147866997997315,0.00033589194227599464
T05,0,BG3,15,0.005800588338522445,0.00041900874297815015
T05,0,BG3,16,0.005890531948463655,0.0005246603011922478
T05,0,BG3,17,0.005953715397544756,0.0006555632638321838
T05,0,BG3,18,0.00603144184547758,0.0008223615225904987
T05,0,BG3,19,0.0061137199839568085,0.0010325143792357552
T05,0,BG3,20,0.00621614736832871,0.0012984386493303272
T05,0,BG3,21,0.006283721020190411,0.0016173049670644385
T05,0,BG3,22,0.006411054779306841,0.0020198531229850296
T05,0,BG3,23,0.00652642102974981,0.0024922785038339486
T05,0,BG3,24,0.006574869027838998,0.003002742011783321
T05,0,BG3,25,0.009422033150759002,0.00506016952047399
T05,0,BG3,26,0.01036242831977512,0.006416476476770038
T05,0,BG3,27,0.010901603273658696,0.007616631490850051
T05,0,BG3,28,0.011207218870144113,0.008642259058270582
T05,0,BG3,29,0.011343346863377247,0.009452968961311767
T05,0,BG3,30,0.011377223857208572,0.010054107826666672
T05,0,BG3,31,0.011409935496822829,0.010522588574933104
T05,0,BG3,32,0.011444156938715914,0.010874056993833958
T05,0,BG3,33,0.011450272747918218,0.011100764289860137
T05,0,BG3,34,0.011467693931490407,0.011263095850478575
T05,0,BG3,35,0.01147952352511836,0.011365865006871523
T05,0,BG3,36,0.011501057405543741,0.011501057405543741
T05,0,BG4,0,0.0,0.0
T05,0,BG4,1,0.0009318054521035295,5.39818275257621e-06
T05,0,BG4,2,0.0019857965738440575,1.343980198533655e-05
T05,0,BG4,3,0.002693339077301371,2.136756751590382e-05
T05,0,BG4,4,0.0032796114509675922,3.060668960710797e-05
T05,0,BG4,5,0.003790895667302634,4.1768014532766365e-05
T05,0,BG4,6,0.0042421978244926144,5.539017706403445e-05
T05,0,BG4,7,0.004612690597576737,7.165060136874546e-05
T05,0,BG4,8,0.004936916144783205,9.159617374285048e-05
T05,0,BG4,9,0.0051968616446385,0.0001156362647471884
T05,0,BG4,10,0.005408631922495946,0.00014493744554300043
T05,0,BG4,11,0.0056172828334117835,0.0001820492553287563
T05,0,BG4,12,0.0057200688205643795,0.00022514534284084098
T05,0,BG4,13,0.005865388453712907,0.0002815527124859694
T05,0,BG4,14,0.005989450582844384,0.0003520355700905391
T05,0,BG4,15,0.00609409560549259,0.00044021040475355214
T05,0,BG4,16,0.006192151349575846,0.0005515250615225494
T05,0,BG4,17,0.0062305448275072894,0.0006860449386382066
T05,0,BG4,18,0.006276765087375368,0.000855810307143775
T05,0,BG4,19,0.006335506489286073,0.0010699707441622936
T05,0,BG4,20,0.006414489878781069,0.00133986874288821
T05,0,BG4,21,0.006521336954584106,0.0016784625846209653
T05,0,BG4,22,0.006696442187794289,0.002109766658548542
T05,0,BG4,23,0.006902388417649631,0.00263585113756135
T05,0,BG4,24,0.007073412375654997,0.0032304267074385806
T05,0,BG4,25,0.010810222728315753,0.005805706535072299
T05,0,BG4,26,0.012469288069703918,0.00772105643375227
T05,0,BG4,27,0.013669454331274491,0.009550448098423887
T05,0,BG4,28,0.014510387971489909,0.011189442581285469
T05,0,BG4,29,0.01508663205670462,0.0125724327061059
T05,0,BG4,30,0.01554612544513755,0.013738186409326536
T05,0,BG4,31,0.015821974820109715,0.01459150506908057
T05,0,BG4,32,0.01600783622808256,0.015210392915924116
T05,0,BG4,33,0.016117767304311862,0.015625788073839218
T05,0,BG4,34,0.01621332129895529,0.015924055291257056
T05,0,BG4,35,0.016239159729841773,0.016078376125516384
T05,0,BG4,36,0.016287005357862802,0.016287005357862802
T05,0,BG5,0,0.0,0.0
T05,0,BG5,1,0.002962101709690581,1.7160198329446875e-05
T05,0,BG5,2,0.005615153039901643,3.8003160032259995e-05
T05,0,BG5,3,0.007859690296840933,6.2354742037108e-05
T05,0,BG5,4,0.00980329782588112,9.148842721152684e-05
T05,0,BG5,5,0.011477029344109371,0.00012645368471472573
T05,0,BG5,6,0.012936678635249079,0.00016891360456928236
T05,0,BG5,7,0.014166342201042735,0.00022005094832405338
T05,0,BG5,8,0.015153348478374625,0.00028114488861295805
T05,0,BG5,9,0.015991876290277568,0.0003558379964988216
T05,0,BG5,10,0.016654465452438656,0.0004462969009555353
T05,0,BG5,11,0.017181946067210126,0.0005568458238383809
T05,0,BG5,12,0.01758660380284145,0.0006922192864583102
T05,0,BG5,13,0.01797699735324277,0.000862938982761747
T05,0,BG5,14,0.018386981689497924,0.0010807120750157499
T05,0,BG5,15,0.018753936714210245,0.001354701110136964
T05,0,BG5,16,0.019046645300982157,0.001696454365901056
T05,0,BG5,17,0.01934085406334291,0.002129620343544488
T05,0,BG5,18,0.019634305844435696,0.002677054360949282
T05,0,BG5,19,0.019918734773664987,0.003363971532584837
T05,0,BG5,20,0.020286815389764318,0.00423754193477014
T05,0,BG5,21,0.0207387654823306,0.005337746269370549
T05,0,BG5,22,0.021536124719067587,0.0067851250932818245
T05,0,BG5,23,0.02321585179980649,0.008865558607981444
T05,0,BG5,24,0.027049540931515792,0.012353522548675645
T05,0,BG5,25,0.038031778979126726,0.020425235764755776
T05,0,BG5,26,0.04341382933639064,0.026882098226770536
T05,0,BG5,27,0.04730242887095056,0.033048824169935154
T05,0,BG5,28,0.050006070800859434,0.038561343631969044
T05,0,BG5,29,0.05190306458894259,0.043253377013979584
T05,0,BG5,30,0.053086866974063784,0.04691312152867706
T05,0,BG5,31,0.05380889728156637,0.049624197010536254
T05,0,BG5,32,0.05420029268714298,0.051500261079660506
T05,0,BG5,33,0.054394670561501886,0.05273432615026521
T05,0,BG5,34,0.05451022162104851,0.053537690736916735
T05,0,BG5,35,0.05455769163393205,0.0540175169526656
T05,0,BG5,36,0.05462676243786011,0.05462676243786011
T05,0,BG6,0,0.0,0.0
T05,0,BG6,1,0.00316831254858242,1.8354829524725498e-05
T05,0,BG6,2,0.00599325535716561,4.056214346801029e-05
T05,0,BG6,3,0.008439531874525572,6.695490678162956e-05
T05,0,BG6,4,0.01051529543404025,9.81330832153345e-05
T05,0,BG6,5,0.0123890670077084,0.0001365024982178839
T05,0,BG6,6,0.013941024347367601,0.00018202729785120333
T05,0,BG6,7,0.015299775580345636,0.00023765698008464781
T05,0,BG6,8,0.016438815250554746,0.0003049945615668608
T05,0,BG6,9,0.017454022312142912,0.000388372461494484
T05,0,BG6,10,0.01825587876614848,0.0004892106626106694
T05,0,BG6,11,0.01892366125421332,0.0006132926814815776
T05,0,BG6,12,0.019478976206435277,0.0007667042022831663
T05,0,BG6,13,0.020025375246263365,0.0009612660335569666
T05,0,BG6,14,0.020484270359397712,0.0012039821824865351
T05,0,BG6,15,0.02099399696844121,0.00151651311360078
T05,0,BG6,16,0.021424981630546538,0.0019082889975789688
T05,0,BG6,17,0.02193566142827303,0.002415334434296213
T05,0,BG6,18,0.0225826869493332,0.003079053631505722
T05,0,BG6,19,0.02355855803074145,0.003978682349680102
T05,0,BG6,20,0.024837404196737713,0.005188076081771129
T05,0,BG6,21,0.026714692331243333,0.0068758311231665835
T05,0,BG6,22,0.029470248930760272,0.009284833176158509
T05,0,BG6,23,0.032588650278274935,0.012444798161951277
T05,0,BG6,24,0.03564554752414311,0.01627931791904032
T05,0,BG6,25,0.04513621952473581,0.024240725719521846
T05,0,BG6,26,0.05039850141978278,0.03120704817400193
T05,0,BG6,27,0.054299508183697456,0.03793747887278113
T05,0,BG6,28,0.05688041334109069,0.04386237779805984
T05,0,BG6,29,0.058412435999776746,0.04867795657706171
T05,0,BG6,30,0.05921420795273556,0.05232788244086455
T05,0,BG6,31,0.05957702070190632,0.054943735501196175
T05,0,BG6,32,0.0597946353620567,0.05681591733642205
T05,0,BG6,33,0.05993546238512991,0.058105990402906864
T05,0,BG6,34,0.060024740274535984,0.05895382358346778
T05,0,BG6,35,0.060071775377100504,0.05947700594757075
T05,0,BG6,36,0.060138414471800856,0.060138414471800856
T05,0,BG7,0,0.0,0.0
T05,0,BG7,1,0.005198304802158474,3.011508383744717e-05
T05,0,BG7,2,0.00982138646457512,6.64708013634256e-05
T05,0,BG7,3,0.013815496768161545,0.00010960504828267105
T05,0,BG7,4,0.01725734844378297,0.00016105270882148479
T05,0,BG7,5,0.020264856697381595,0.00022327779561543272
T05,0,BG7,6,0.022793291898391726,0.0002976109380435994
T05,0,BG7,7,0.02499305462197773,0.00038822621268645995
T05,0,BG7,8,0.02681172096787176,0.00049744637494345
T05,0,BG7,9,0.02839128347588452,0.0006317393430305961
T05,0,BG7,10,0.0296199438493515,0.0007937384217915512
T05,0,BG7,11,0.030609242655249468,0.000992008057596275
T05,0,BG7,12,0.031450522807366536,0.001237911463174337
T05,0,BG7,13,0.0322084850587191,0.001546084518563314
T05,0,BG7,14,0.03298251752366163,0.0019385783762789436
T05,0,BG7,15,0.03359811035782622,0.0024269782910259045
T05,0,BG7,16,0.034192791865922285,0.0030454975371328637
T05,0,BG7,17,0.03468931768141341,0.0038196388090603315
T05,0,BG7,18,0.035238147689834784,0.004804572041825844
T05,0,BG7,19,0.035786007199838,0.006043712654374181
T05,0,BG7,20,0.03646307481402279,0.007616464474630285
T05,0,BG7,21,0.03749281037781946,0.009649904571506242
T05,0,BG7,22,0.040589096954978504,0.012787913472248743
T05,0,BG7,23,0.04702554911323555,0.017957892136682984
T05,0,BG7,24,0.05492298671833754,0.025083322338678615
T05,0,BG7,25,0.06982054083471459,0.03749761498147452
T05,0,BG7,26,0.07774227552326451,0.04813847384011793
T05,0,BG7,27,0.08352653450996515,0.05835754778252113
T05,0,BG7,28,0.08780100133829165,0.06770627118704638
T05,0,BG7,29,0.09089798069935906,0.07574975911720472
T05,0,BG7,30,0.09288183549915913,0.08208012779977596
T05,0,BG7,31,0.09397212706497643,0.08666394589569998
T05,0,BG7,32,0.09445253323980687,0.08974730377435482
T05,0,BG7,33,0.0947062789232311,0.09181546171439788
T05,0,BG7,34,0.09482619362229353,0.0931343749506164
T05,0,BG7,35,0.0948848355177992,0.09394538235075009
T05,0,BG7,36,0.09498021797715735,0.09498021797715735
T05,0,BG8,0,0.0,0.0
T05,0,BG8,1,0.005955522844324975,3.450183811657672e-05
T05,0,BG8,2,0.01108900851662187,7.505002281309211e-05
T05,0,BG8,3,0.01578714321903433,0.0001252470782539386
T05,0,BG8,4,0.01946473118207803,0.0001816529169868879
T05,0,BG8,5,0.022724420726639518,0.00025037722351120106
T05,0,BG8,6,0.025674253330860423,0.0003352275188056926
T05,0,BG8,7,0.02795902528351396,0.0004342977136749986
T05,0,BG8,8,0.0296283545435059,0.0005497042761161116
T05,0,BG8,9,0.030825838829109792,0.0006859110591233708
T05,0,BG8,10,0.031277971807054356,0.0008381693153455706
T05,0,BG8,11,0.031286859629009386,0.0010139687978141683
T05,0,BG8,12,0.031189980522174705,0.0012276563569987339
T05,0,BG8,13,0.03114360851740789,0.0014949678952077981
T05,0,BG8,14,0.03117875211627256,0.0018325603684101778
T05,0,BG8,15,0.03132363356466957,0.0022626801832639075
T05,0,BG8,16,0.03144526011267494,0.0028007792413399374
T05,0,BG8,17,0.031462719793673884,0.0034643583036381583
T05,0,BG8,18,0.03142842207450511,0.004285132117785077
T05,0,BG8,19,0.0311346114116402,0.005258162626958619
T05,0,BG8,20,0.03085424145857167,0.006444882508585614
T05,0,BG8,21,0.03171993392200314,0.008164080858939875
T05,0,BG8,22,0.03856122196968963,0.01214901553794938
T05,0,BG8,23,0.044546834104413756,0.01701133230482991
T05,0,BG8,24,0.049715987710854226,0.02270528639610639
T05,0,BG8,25,0.05801824974988217,0.0311591112764337
T05,0,BG8,26,0.06294245476000132,0.03897433773635474
T05,0,BG8,27,0.06659609464162795,0.04652874432162103
T05,0,BG8,28,0.06913447966874754,0.053311895875926975
T05,0,BG8,29,0.07095483252461517,0.05913015247668972
T05,0,BG8,30,0.0720709336410436,0.06368943327890056
T05,0,BG8,31,0.07269150056584997,0.06703830632422325
T05,0,BG8,32,0.07301174833340625,0.069374609042667
T05,0,BG8,33,0.073215821889411,0.07098097999037051
T05,0,BG8,34,0.07335805599100813,0.07204925594058444
T05,0,BG8,35,0.0734163013501267,0.07268940815263662
T05,0,BG8,36,0.0734994456031129,0.0734994456031129
T05,0,BG9,0,0.0,0.0
T05,0,BG9,1,0.0037218953931413435,2.1561873777015507e-05
T05,0,BG9,2,0.007043752231743982,4.7671869658016124e-05
T05,0,BG9,3,0.009913660806808755,7.864988779217267e-05
T05,0,BG9,4,0.012301199050640171,0.00011479987420756186
T05,0,BG9,5,0.014381017701085085,0.0001584497717064016
T05,0,BG9,6,0.016184333462517398,0.00021131807974810233
T05,0,BG9,7,0.017664168131347344,0.0002743839501424591
T05,0,BG9,8,0.018798579462629188,0.0003487760163200711
T05,0,BG9,9,0.019770406684570824,0.0004399147298673799
T05,0,BG9,10,0.02047835158624263,0.0005487672267655395
T05,0,BG9,11,0.021030209121382905,0.0006815633155838244
T05,0,BG9,12,0.021306104686530127,0.0008386210745047173
T05,0,BG9,13,0.021635018489826068,0.0010385327718768927
T05,0,BG9,14,0.021963767999612978,0.0012909410441795392
T05,0,BG9,15,0.022192415383202827,0.0016030815297017613
T05,0,BG9,16,0.022413600769257098,0.001996343732521265
T05,0,BG9,17,0.022708744671935847,0.0025004585849065872
T05,0,BG9,18,0.023188374179969228,0.003161636500545442
T05,0,BG9,19,0.02399170089306433,0.004051833622389165
T05,0,BG9,20,0.02543066381247485,0.005311997104467269
T05,0,BG9,21,0.02759112995290433,0.007101408767584071
T05,0,BG9,22,0.03093577675672445,0.009746559241369659
T05,0,BG9,23,0.03782706107928015,0.014445217454399084
T05,0,BG9,24,0.042642576126633094,0.019474860184561037
T05,0,BG9,25,0.04957912251974417,0.026626818221355993
T05,0,BG9,26,0.05386239581489241,0.03335191196698264
T05,0,BG9,27,0.05702285422654336,0.03984020127516873
T05,0,BG9,28,0.0592099472337623,0.04565875883932566
T05,0,BG9,29,0.060855322220550095,0.050713733747379794
T05,0,BG9,30,0.06193516673016955,0.05473240673846032
T05,0,BG9,31,0.0625711799835404,0.05770503989844153
T05,0,BG9,32,0.06292555540605668,0.05979086783279223
T05,0,BG9,33,0.06314577741059674,0.061218313909064535
T05,0,BG9,34,0.06328697753971665,0.06215785837118287
T05,0,BG9,35,0.06333650435711582,0.06270941083368446
T05,0,BG9,36,0.06341797933612849,0.06341797933612849
T05,0,BG10,0,0.0,0.0
T05,0,BG10,1,0.0039253950718076015,2.274079839350659e-05
T05,0,BG10,2,0.007435776191408189,5.032507416251749e-05
T05,0,BG10,3,0.010307147053047035,8.177160555642186e-05
T05,0,BG10,4,0.012803350398778229,0.0001194861580426718
T05,0,BG10,5,0.014856074477577521,0.00016368393767893203
T05,0,BG10,6,0.016733748663876467,0.00021849176845044492
T05,0,BG10,7,0.018168535174553628,0.00028221846837958776
T05,0,BG10,8,0.019253870809023424,0.00035722318390926145
T05,0,BG10,9,0.020022697349027344,0.0004455284925253445
T05,0,BG10,10,0.02042185565401924,0.0005472532815226571
T05,0,BG10,11,0.02062498552850102,0.0006684305151017076
T05,0,BG10,12,0.02064109358398519,0.0008124458365654761
T05,0,BG10,13,0.02070938297536837,0.0009941000411794972
T05,0,BG10,14,0.02097974242397801,0.0012331040187129644
T05,0,BG10,15,0.02130376056224763,0.0015388890599544144
T05,0,BG10,16,0.02163236731149908,0.001926760508648598
T05,0,BG10,17,0.021758027533652066,0.0023957751806877297
T05,0,BG10,18,0.02181005499709513,0.0029737085242302
T05,0,BG10,19,0.02161796132924285,0.0036509450696339965
T05,0,BG10,20,0.021260462038214502,0.004440918799948424
T05,0,BG10,21,0.021067165630091464,0.005422269934962598
T05,0,BG10,22,0.0214765272128534,0.006766348429233171
T05,0,BG10,23,0.022542174576648255,0.008608297982136661
T05,0,BG10,24,0.024542695081995875,0.011208646347886824
T05,0,BG10,25,0.03560862246750176,0.01912386242510128
T05,0,BG10,26,0.04093547827542624,0.02534748860921778
T05,0,BG10,27,0.04499820553474196,0.03143893061897153
T05,0,BG10,28,0.047885183561720716,0.03692585697382349
T05,0,BG10,29,0.04989302014194498,0.041578308214385254
T05,0,BG10,30,0.05110100713832797,0.04515820752145691
T05,0,BG10,31,0.051787519965657204,0.047760021559002754
T05,0,BG10,32,0.05216784653871384,0.04956906297656456
T05,0,BG10,33,0.05240139016081981,0.05080188841073357
T05,0,BG10,34,0.052534455629191776,0.05159717495523077
T05,0,BG10,35,0.052597270404913375,0.05207650570375308
T05,0,BG10,36,0.052688894684336,0.052688894684336
T05,0,BG11,0,0.0,0.0
T05,0,BG11,1,0.002668819706028915,1.5461142129234244e-05
T05,0,BG11,2,0.005090108309080425,3.444967572492234e-05
T05,0,BG11,3,0.007093601134585959,5.6276984386375786e-05
T05,0,BG11,4,0.008764689513564732,8.179570541141422e-05
T05,0,BG11,5,0.010238283647652486,0.00011280520928968429
T05,0,BG11,6,0.011510662456096749,0.00015029417808492027
T05,0,BG11,7,0.01255193685345529,0.00019497380282662593
T05,0,BG11,8,0.013414426690906664,0.00024888212122532396
T05,0,BG11,9,0.014074940698109878,0.00031318393287421844
T05,0,BG11,10,0.014601204898265673,0.0003912747899147357
T05,0,BG11,11,0.015039364760613365,0.00048740739056320193
T05,0,BG11,12,0.015323276985043552,0.0006031333834981308
T05,0,BG11,13,0.015601739903670949,0.0007489209291835267
T05,0,BG11,14,0.015960789878619586,0.0009381103766160747
T05,0,BG11,15,0.016271849553414933,0.0011754061505884728
T05,0,BG11,16,0.016588295688873503,0.0014774930831808605
T05,0,BG11,17,0.01682321140374371,0.0018524028594961914
T05,0,BG11,18,0.0171687128236996,0.0023408812061835116
T05,0,BG11,19,0.01757853641615186,0.0029687476092336994
T05,0,BG11,20,0.018397182355850073,0.003842832414302061
T05,0,BG11,21,0.019632732110285704,0.005053075252479389
T05,0,BG11,22,0.02155515218474407,0.006791119841557332
T05,0,BG11,23,0.023615208179863317,0.009018062937178101
T05,0,BG11,24,0.025874877596289703,0.011817053940445766
T05,0,BG11,25,0.03412854227367115,0.018328974888360543
T05,0,BG11,26,0.038568200463565454,0.023881656327672047
T05,0,BG11,27,0.0420167847030359,0.029355899014754504
T05,0,BG11,28,0.04450268237347505,0.03431749793138656
T05,0,BG11,29,0.04623854031258802,0.038532850341660575
T05,0,BG11,30,0.047377635146375885,0.04186784561357704
T05,0,BG11,31,0.048077726583895336,0.04433873762089672
T05,0,BG11,32,0.04848205220621721,0.04606687957010449
T05,0,BG11,33,0.048729578514180215,0.04724215544694798
T05,0,BG11,34,0.048857048988028624,0.047985377800844574
T05,0,BG11,35,0.04891651247164396,0.0484321910603993
T05,0,BG11,36,0.04899945912184971,0.04899945912184971
T05,0,BG12,0,0.0,0.0
T05,0,BG12,1,0.003143333596819295,1.821012012475459e-05
T05,0,BG12,2,0.005942957077972965,4.022172638682185e-05
T05,0,BG12,3,0.008301109973233576,6.585673880045608e-05
T05,0,BG12,4,0.010338373894258887,9.64819786932132e-05
T05,0,BG12,5,0.012037114240765447,0.0001326246897372779
T05,0,BG12,6,0.013491801423658514,0.00017616181594466715
T05,0,BG12,7,0.014645615610605473,0.00022749567663189307
T05,0,BG12,8,0.015621393113285139,0.0002898286693422587
T05,0,BG12,9,0.016338721026039987,0.0003635556993623619
T05,0,BG12,10,0.016787558042095144,0.0004498634402518262
T05,0,BG12,11,0.017079475188426806,0.0005535248700840118
T05,0,BG12,12,0.0172233566396339,0.0006779216583621935
T05,0,BG12,13,0.017333138093764005,0.0008320321978071793
T05,0,BG12,14,0.017432684444994524,0.0010246223663433786
T05,0,BG12,15,0.017510084830709396,0.001264850761314837
T05,0,BG12,16,0.01757106745547321,0.0015650270034132847
T05,0,BG12,17,0.017580239180541052,0.0019357591368349273
T05,0,BG12,18,0.017566886002111124,0.0023951704278681735
T05,0,BG12,19,0.017636207583098272,0.0029784873851850585
T05,0,BG12,20,0.017829161244424904,0.0037241832695697574
T05,0,BG12,21,0.018281264407028347,0.004705234309517568
T05,0,BG12,22,0.01917841938020227,0.006042311518781823
T05,0,BG12,23,0.02051763561502384,0.007835176691525973
T05,0,BG12,24,0.0223187885034349,0.010192988407686657
T05,0,BG12,25,0.03226576282638315,0.017328556003990078
T05,0,BG12,26,0.036997414670852206,0.022909016501691325
T05,0,BG12,27,0.040484287745651,0.02828518829996904
T05,0,BG12,28,0.04300973204581142,0.03316623429617894
T05,0,BG12,29,0.04488099914504411,0.03740154459913085
T05,0,BG12,30,0.04618711242236654,0.040815774914123824
T05,0,BG12,31,0.04706551606767714,0.04340524632336166
T05,0,BG12,32,0.04754736958175741,0.04517875889221143
T05,0,BG12,33,0.04780667902965128,0.04634742647768815
T05,0,BG12,34,0.047952800298915736,0.04709726197284769
T05,0,BG12,35,0.048012042870372654,0.04753667662906763
T05,0,BG12,36,0.0481091816577149,0.0481091816577149
T05,0,BG13,0,0.0,0.0
T05,0,BG13,1,0.0026877871404853426,1.5571025212803213e-05
T05,0,BG13,2,0.0051121176419793935,3.4598633985868445e-05
T05,0,BG13,3,0.007128979201418165,5.655765585025468e-05
T05,0,BG13,4,0.008857605292821546,8.266283310022896e-05
T05,0,BG13,5,0.01032932996755923,0.00011380835548977354
T05,0,BG13,6,0.0116453866665996,0.00015205326513613205
T05,0,BG13,7,0.012651105928258206,0.00019651423135515819
T05,0,BG13,8,0.01346104362464457,0.0002497470185726713
T05,0,BG13,9,0.014134814120336316,0.0003145161876778667
T05,0,BG13,10,0.014503572800292828,0.00038865850163419507
T05,0,BG13,11,0.014742344937745287,0.00047778134118376574
T05,0,BG13,12,0.014896888653548386,0.0005863504822176114
T05,0,BG13,13,0.014980349263648449,0.0007190926920784838
T05,0,BG13,14,0.015113246423372806,0.0008882952212797167
T05,0,BG13,15,0.015250807117906972,0.0011016505773114144
T05,0,BG13,16,0.01536210107557988,0.0013682778813697192
T05,0,BG13,17,0.0154706657421767,0.0017034741303242624
T05,0,BG13,18,0.015642691606402855,0.002132814677881182
T05,0,BG13,19,0.015925476400539176,0.0026895708948838485
T05,0,BG13,20,0.016419333158171994,0.0034296961699324096
T05,0,BG13,21,0.01724286489705041,0.004437970884994091
T05,0,BG13,22,0.018580252302127627,0.005853854295204035
T05,0,BG13,23,0.020292301855559657,0.007749127306880486
T05,0,BG13,24,0.02224379362457008,0.010158738269639173
T05,0,BG13,25,0.03141119025191677,0.016869601735950604
T05,0,BG13,26,0.03593535895975137,0.022251385342246466
T05,0,BG13,27,0.03936746907829263,0.027504899786617017
T05,0,BG13,28,0.04180999604192814,0.032241078009655505
T05,0,BG13,29,0.0436023997761878,0.03633602474213733
T05,0,BG13,30,0.04487314943437266,0.03965461959117312
T05,0,BG13,31,0.045735452133414525,0.042178621159422176
T05,0,BG13,32,0.04620120697978545,0.04389965635892993
T05,0,BG13,33,0.04645888349620561,0.04504077109106624
T05,0,BG13,34,0.04659507770336064,0.045763762962705755
T05,0,BG13,35,0.04664974023498138,0.0461878622249033
T05,0,BG13,36,0.04673821904117761,0.04673821904117761
T05,0,BG14,0,0.0,0.0
T05,0,BG14,1,0.0038655423504841504,2.2394056675626895e-05
T05,0,BG14,2,0.007314783633598605,4.950620052936875e-05
T05,0,BG14,3,0.010107731183766847,8.01895426866336e-05
T05,0,BG14,4,0.012486112629678794,0.00011652556404064031
T05,0,BG14,5,0.014456943683747335,0.00015928632324583672
T05,0,BG14,6,0.016298693295972357,0.00021281127080048905
T05,0,BG14,7,0.017478724574025148,0.0002715033882153467
T05,0,BG14,8,0.01838305544871628,0.0003410666670890512
T05,0,BG14,9,0.01895535241469601,0.000421778814807373
T05,0,BG14,10,0.018954895693561596,0.0005079425234978181
T05,0,BG14,11,0.018935748813495825,0.0006136844241270044
T05,0,BG14,12,0.01879890146966017,0.0007399360503088883
T05,0,BG14,13,0.01873312680496752,0.0008992350103042687
T05,0,BG14,14,0.018860938346295757,0.0011085693274380853
T05,0,BG14,15,0.01912234269755594,0.0013813131239119871
T05,0,BG14,16,0.01957583020512959,0.0017435880274178106
T05,0,BG14,17,0.01985974486591727,0.002186755384195533
T05,0,BG14,18,0.020118883708871303,0.002743124497124982
T05,0,BG14,19,0.01997003596778989,0.0033726355424420216
T05,0,BG14,20,0.019607056838610845,0.00409555291323323
T05,0,BG14,21,0.019027562399875953,0.004897316593400536
T05,0,BG14,22,0.018553516201959833,0.005845430879015654
T05,0,BG14,23,0.018342172409047747,0.007004421216648896
T05,0,BG14,24,0.018445725225641096,0.008424160846965824
T05,0,BG14,25,0.02727682945094618,0.014649214091238507
T05,0,BG14,26,0.03148389287614367,0.019495011496267815
T05,0,BG14,27,0.034754634341439085,0.02428204699117437
T05,0,BG14,28,0.0372268676487369,0.028706875375732452
T05,0,BG14,29,0.03896343503244606,0.03247014727385307
T05,0,BG14,30,0.04012740480124485,0.035460781936958674
T05,0,BG14,31,0.04073653422521288,0.03756846733856989
T05,0,BG14,32,0.04105366118639381,0.03900853979093073
T05,0,BG14,33,0.041209697835359466,0.03995181188315981
T05,0,BG14,34,0.041297980078074746,0.04056117222702139
T05,0,BG14,35,0.04133212122608782,0.04092289282186812
T05,0,BG14,36,0.0413959379910348,0.0413959379910348
T05,0,BG15,0,0.0,0.0
T05,0,BG15,1,0.0018759356150732775,1.086776568090071e-05
T05,0,BG15,2,0.003626936117908961,2.454697727157411e-05
T05,0,BG15,3,0.005042219627927566,4.000237819924959e-05
T05,0,BG15,4,0.006251896406342753,5.834528133315044e-05
T05,0,BG15,5,0.007267368425844132,8.007172341646149e-05
T05,0,BG15,6,0.008190224773492653,0.00010693937977520376
T05,0,BG15,7,0.008910428323735961,0.00013840892506710684
T05,0,BG15,8,0.009505797415069897,0.00017636407971928692
T05,0,BG15,9,0.009989618870267938,0.00022228073202541228
T05,0,BG15,10,0.01034805302340905,0.0002773012439588268
T05,0,BG15,11,0.010631241255177771,0.0003445455078690924
T05,0,BG15,12,0.010806084870693004,0.0004253339900910351
T05,0,BG15,13,0.010989886192604426,0.0005275408905072169
T05,0,BG15,14,0.011177222331576748,0.0006569517140012715
T05,0,BG15,15,0.011331503741474853,0.0008185375071545099
T05,0,BG15,16,0.01142719822356371,0.0010178023474158892
T05,0,BG15,17,0.011581201687530922,0.001275205460141792
T05,0,BG15,18,0.01168748194349362,0.0015935386163438237
T05,0,BG15,19,0.011888216588359823,0.002007739081234282
T05,0,BG15,20,0.012339232623111748,0.0025774383432953414
T05,0,BG15,21,0.013110518693468203,0.003374387085270357
T05,0,BG15,22,0.014240997949450005,0.0044867381593498975
T05,0,BG15,23,0.015402052571046664,0.005881662302483263
T05,0,BG15,24,0.016659066894624125,0.007608194139344565
T05,0,BG15,25,0.022721270040233877,0.012202618700761935
T05,0,BG15,26,0.025830082431187982,0.015994138794847963
T05,0,BG15,27,0.028110548303633683,0.019640018238849127
T05,0,BG15,28,0.029846571703369955,0.023015683745732807
T05,0,BG15,29,0.031133181241598487,0.025944811546339448
T05,0,BG15,30,0.03203305548344569,0.028307766268281145
T05,0,BG15,31,0.032649990669173554,0.030110811683840524
T05,0,BG15,32,0.03304207519312919,0.031396057445418665
T05,0,BG15,33,0.03328597066419851,0.03226994876915087
T05,0,BG15,34,0.033413168735214126,0.032817035714449674
T05,0,BG15,35,0.03346410264262631,0.03313277510257125
T05,0,BG15,36,0.03354076862895959,0.03354076862895959
T05,1,BG1,0,0.0,0.0
T05,1,BG1,1,0.0006369272219437662,3.6898791991469357e-06
T05,1,BG1,2,0.0015580439129885483,1.0544786906338568e-05
T05,1,BG1,3,0.001985422846682043,1.5751324119820527e-05
T05,1,BG1,4,0.0023901332030749306,2.230571097019111e-05
T05,1,BG1,5,0.002781930003584457,3.065125062696933e-05
T05,1,BG1,6,0.003045850204752159,3.976952279150698e-05
T05,1,BG1,7,0.0033076549382877007,5.137900763339368e-05
T05,1,BG1,8,0.003488078595670117,6.471543030202618e-05
T05,1,BG1,9,0.0036376512846234034,8.094200597951433e-05
T05,1,BG1,10,0.0037731970816764163,0.00010111199108534637
T05,1,BG1,11,0.0037995620117837626,0.00012313915041472877
T05,1,BG1,12,0.0038670738851587275,0.0001522103497745708
T05,1,BG1,13,0.0038709557930697277,0.00018581516144226007
T05,1,BG1,14,0.0038983364347142074,0.0002291283766379034
T05,1,BG1,15,0.0038559442341512366,0.0002785362872904558
T05,1,BG1,16,0.003893496764463443,0.00034678755747552244
T05,1,BG1,17,0.0038711807077477646,0.00042625548674550035
T05,1,BG1,18,0.003911288252363497,0.0005332875700301355
T05,1,BG1,19,0.0040206202689518356,0.0006790216500659595
T05,1,BG1,20,0.004034172423526427,0.0008426642880330408
T05,1,BG1,21,0.00405705825534258,0.0010442061990112753
T05,1,BG1,22,0.004133618244116601,0.0013023288644510426
T05,1,BG1,23,0.004370887750038242,0.0016691337469151564
T05,1,BG1,24,0.00431283490122086,0.001969671255433514
T05,1,BG1,25,0.005813900675686705,0.0031223964629842824
T05,1,BG1,26,0.0066424369301890255,0.004113035972424613
T05,1,BG1,27,0.00718826670988934,0.005022231798409965
T05,1,BG1,28,0.007543503281624462,0.005817046175845314
T05,1,BG1,29,0.00778250403262636,0.006485543468186466
T05,1,BG1,30,0.007980399924457473,0.007052318067162903
T05,1,BG1,31,0.00809564419697488,0.00746604861642438
T05,1,BG1,32,0.008167571669117375,0.007760697472002983
T05,1,BG1,33,0.008183889235892396,0.007934083975925934
T05,1,BG1,34,0.008188466149477519,0.008042373602657275
T05,1,BG1,35,0.008205893173368001,0.008124646775638818
T05,1,BG1,36,0.008231328705324118,0.008231328705324118
T05,1,BG2,0,0.0,0.0
T05,1,BG2,1,0.000624992134985532,3.6207362426262948e-06
T05,1,BG2,2,0.0015273994566109286,1.0337386265900282e-05
T05,1,BG2,3,0.0019632288485979528,1.5575248330265174e-05
T05,1,BG2,4,0.0023638023971480153,2.2059981093669996e-05
T05,1,BG2,5,0.002721586955698104,2.9986392010637205e-05
T05,1,BG2,6,0.003000207477111305,3.917356764140654e-05
T05,1,BG2,7,0.003257985174984019,5.060746926903544e-05
T05,1,BG2,8,0.003429226285604764,6.3623524599988e-05
T05,1,BG2,9,0.003576136321664404,7.957322604440767e-05
T05,1,BG2,10,0.0036599380731053505,9.807694031297837e-05
T05,1,BG2,11,0.0037043426371853464,0.00012005320679277877
T05,1,BG2,12,0.0037407132327129966,0.00014723671942080754
T05,1,BG2,13,0.003784560998264413,0.00018166800233170523
T05,1,BG2,14,0.0038179302805121515,0.0002244024285912309
T05,1,BG2,15,0.0038251208912075904,0.0002763097460568459
T05,1,BG2,16,0.0039021214000376494,0.0003475557386200777
T05,1,BG2,17,0.004063291581624432,0.0004474088060618851
T05,1,BG2,18,0.004239847473040678,0.0005780852257560702
T05,1,BG2,19,0.004565774122931245,0.000771089847830877
T05,1,BG2,20,0.0048893058407925944,0.001021285902673409
T05,1,BG2,21,0.005337731990471129,0.0013738261787134558
T05,1,BG2,22,0.005827675199023462,0.0018360548014574377
T05,1,BG2,23,0.006463149458320258,0.0024681166522274606
T05,1,BG2,24,0.0068601050058413405,0.003133009251715774
T05,1,BG2,25,0.00911231881880402,0.004893835230728658
T05,1,BG2,26,0.010200927869636476,0.006316474467119787
T05,1,BG2,27,0.011086912889693252,0.00774610190824932
T05,1,BG2,28,0.011731749229115586,0.009046741891290603
T05,1,BG2,29,0.012166856752167436,0.010139240286198592
T05,1,BG2,30,0.012450357914999413,0.011002441606921301
T05,1,BG2,31,0.01266948284013563,0.011684181343636114
T05,1,BG2,32,0.01277822108036777,0.01214166363280923
T05,1,BG2,33,0.012788667859961803,0.012398306178636053
T05,1,BG2,34,0.01281537707994243,0.012586734649674221
T05,1,BG2,35,0.0128231772221597,0.01269621519913511
T05,1,BG2,36,0.012840242646131005,0.012840242646131005
T05,1,BG3,0,0.0,0.0
T05,1,BG3,1,0.000900008172022508,5.213973150033476e-06
T05,1,BG3,2,0.001963097797564847,1.3286177485383637e-05
T05,1,BG3,3,0.0026470115949483028,2.1000029156485327e-05
T05,1,BG3,4,0.0032628006503671175,3.0449804123774094e-05
T05,1,BG3,5,0.003799608330704322,4.186401038058528e-05
T05,1,BG3,6,0.004260648576263951,5.563108801669634e-05
T05,1,BG3,7,0.004694295836526385,7.291820511824645e-05
T05,1,BG3,8,0.00496736199918495,9.216104553022983e-05
T05,1,BG3,9,0.005219574072384229,0.00011614164265870046
T05,1,BG3,10,0.005388241230812405,0.00014439102616602175
T05,1,BG3,11,0.005510997884582035,0.0001786046914179306
T05,1,BG3,12,0.005662761209932775,0.0002228896811845836
T05,1,BG3,13,0.005626996006439163,0.0002701093020385132
T05,1,BG3,14,0.005709994342156468,0.00033561026776560984
T05,1,BG3,15,0.005881366974102972,0.00042484383345127024
T05,1,BG3,16,0.0059413549595232415,0.0005291870248635639
T05,1,BG3,17,0.006250299549951926,0.0006882201299303605
T05,1,BG3,18,0.006598383957129581,0.0008996616759500032
T05,1,BG3,19,0.007114194108722425,0.001201479249994288
T05,1,BG3,20,0.007360681687446471,0.0015375107825875772
T05,1,BG3,21,0.007872027345433071,0.0020261034580844385
T05,1,BG3,22,0.00831880992126316,0.0026209063475943505
T05,1,BG3,23,0.008941725398958964,0.003414623394621765
T05,1,BG3,24,0.009158834171313064,0.004182838626733323
T05,1,BG3,25,0.010557834557328265,0.005670159676581083
T05,1,BG3,26,0.011135345703959423,0.006895071476886326
T05,1,BG3,27,0.01164070415705559,0.008133019668081661
T05,1,BG3,28,0.012015850887577327,0.009265822108882731
T05,1,BG3,29,0.01214619694491919,0.010122023436385973
T05,1,BG3,30,0.01229269980480236,0.01086311837428693
T05,1,BG3,31,0.012401169543796645,0.011436734661464361
T05,1,BG3,32,0.012459265622785166,0.011838597219715332
T05,1,BG3,33,0.01252837929708978,0.012145962684086159
T05,1,BG3,34,0.012546286232727112,0.012322444741477078
T05,1,BG3,35,0.012568274386078455,0.012443836162183107
T05,1,BG3,36,0.012599926367389066,0.012599926367389066
T05,1,BG4,0,0.0,0.0
T05,1,BG4,1,0.0009361322626644096,5.423249056745135e-06
T05,1,BG4,2,0.0020188353205536384,1.366340706458568e-05
T05,1,BG4,3,0.0027245105331411123,2.161486587920749e-05
T05,1,BG4,4,0.003343990616510169,3.1207502713507616e-05
T05,1,BG4,5,0.0038806900868790825,4.275736754947474e-05
T05,1,BG4,6,0.004333346113336403,5.658029629692784e-05
T05,1,BG4,7,0.004740683036742776,7.36387547640256e-05
T05,1,BG4,8,0.005060520217148657,9.388943929389177e-05
T05,1,BG4,9,0.005334591866599586,0.0001187009232344282
T05,1,BG4,10,0.005529450463723557,0.00014817507099478832
T05,1,BG4,11,0.005600537189138371,0.00018150655044327384
T05,1,BG4,12,0.005666757871389223,0.00022304699208257879
T05,1,BG4,13,0.005631278426117669,0.0002703148681281849
T05,1,BG4,14,0.005615656395949843,0.0003300654659984884
T05,1,BG4,15,0.005631283887541743,0.0004067789398625935
T05,1,BG4,16,0.005618408212528515,0.0005004226720741655
T05,1,BG4,17,0.005616079750290816,0.0006183862218120078
T05,1,BG4,18,0.005657200226308969,0.0007713352663766304
T05,1,BG4,19,0.005795729884145772,0.0009788106863392488
T05,1,BG4,20,0.005686303070292737,0.0011877639381062738
T05,1,BG4,21,0.00575846643364071,0.0014821148659023861
T05,1,BG4,22,0.005849247360997117,0.0018428512849592638
T05,1,BG4,23,0.005947493143267027,0.002271200276486878
T05,1,BG4,24,0.0060654047174528115,0.002770069717085282
T05,1,BG4,25,0.008331747914262047,0.00447462411376882
T05,1,BG4,26,0.009136397897740697,0.005657311264584344
T05,1,BG4,27,0.009634969215704368,0.0067316713145844104
T05,1,BG4,28,0.01001360451522089,0.007721823347543724
T05,1,BG4,29,0.01018896856756501,0.008490968763185214
T05,1,BG4,30,0.0103025127877403,0.009104380445867494
T05,1,BG4,31,0.010417361450507683,0.009607206671330462
T05,1,BG4,32,0.010489356574014575,0.009966820779573208
T05,1,BG4,33,0.010551623846509385,0.010229545788127379
T05,1,BG4,34,0.01056473055740988,0.01037624249549356
T05,1,BG4,35,0.010574703867441103,0.0104700039425906
T05,1,BG4,36,0.010601108240278063,0.010601108240278063
T05,1,BG5,0,0.0,0.0
T05,1,BG5,1,0.003127248904622264,1.8116937466309344e-05
T05,1,BG5,2,0.0059142325710088,4.0027319861634976e-05
T05,1,BG5,3,0.008305092272403272,6.588833193166982e-05
T05,1,BG5,4,0.010321071803234433,9.632050802837348e-05
T05,1,BG5,5,0.012118456228254167,0.0001335209141922276
T05,1,BG5,6,0.013666499893490454,0.00017844284536203052
T05,1,BG5,7,0.014950118288688748,0.00023222562615161102
T05,1,BG5,8,0.01593575773662933,0.00029566117473282073
T05,1,BG5,9,0.0166474631146115,0.0003704255729989007
T05,1,BG5,10,0.016981950375978317,0.0004550726534231035
T05,1,BG5,11,0.017120049119359427,0.0005548398217294473
T05,1,BG5,12,0.017102836179040046,0.0006731779012515366
T05,1,BG5,13,0.0169645723624001,0.0008143401572725212
T05,1,BG5,14,0.016868760890254457,0.0009914772255942973
T05,1,BG5,15,0.016774349065620347,0.0012117044852994214
T05,1,BG5,16,0.016643535216194362,0.0014824131779511863
T05,1,BG5,17,0.01659833696666062,0.0018276419401728695
T05,1,BG5,18,0.016541362538329215,0.002255344644832077
T05,1,BG5,19,0.016604940514174396,0.0028043220566092513
T05,1,BG5,20,0.016623483257630085,0.0034723393159626676
T05,1,BG5,21,0.016726223423378143,0.004304997658493997
T05,1,BG5,22,0.01705109592726494,0.0053720815604340845
T05,1,BG5,23,0.01809800781693749,0.006911180796814041
T05,1,BG5,24,0.02072666991795114,0.00946586805692525
T05,1,BG5,25,0.029150666407453958,0.015655571440763842
T05,1,BG5,26,0.033334980626279855,0.020641215846772767
T05,1,BG5,27,0.036456865712770826,0.025471346313519008
T05,1,BG5,28,0.03854552852448164,0.029723738612686058
T05,1,BG5,29,0.039910309679164195,0.03325922447280091
T05,1,BG5,30,0.040906817824349594,0.036149553020679
T05,1,BG5,31,0.041516985141443474,0.038288222880622676
T05,1,BG5,32,0.041856087549122505,0.039770992663543885
T05,1,BG5,33,0.042091581602803387,0.04080677679805064
T05,1,BG5,34,0.04218027539804326,0.04142772621059324
T05,1,BG5,35,0.04223623396565548,0.04181805379105111
T05,1,BG5,36,0.04231145125438221,0.04231145125438221
T05,1,BG6,0,0.0,0.0
T05,1,BG6,1,0.0031466896023353117,1.822956237154443e-05
T05,1,BG6,2,0.005950076855968816,4.0269912773507755e-05
T05,1,BG6,3,0.00838669348620557,6.653571425736862e-05
T05,1,BG6,4,0.010475741593644134,9.776395036984317e-05
T05,1,BG6,5,0.012245306735914094,0.00013491855083996998
T05,1,BG6,6,0.013816588017510017,0.00018040253933617392
T05,1,BG6,7,0.015073850193275758,0.00023414760040017075
T05,1,BG6,8,0.016169642265649015,0.00030000050919335385
T05,1,BG6,9,0.017126795688413608,0.0003810912849362399
T05,1,BG6,10,0.017741305738999902,0.00047542142892600204
T05,1,BG6,11,0.018211948046183524,0.000590226928885799
T05,1,BG6,12,0.018491385885809147,0.0007278320516594855
T05,1,BG6,13,0.018764816828268506,0.0009007562044520993
T05,1,BG6,14,0.019024458113306372,0.0011181803510248941
T05,1,BG6,15,0.01942998607103387,0.001403535905857855
T05,1,BG6,16,0.02007645808598653,0.001788178157795471
T05,1,BG6,17,0.021002570089660715,0.0023125918107297035
T05,1,BG6,18,0.022359372153379905,0.003048605589708443
T05,1,BG6,19,0.02438044323984017,0.0041174862851567785
T05,1,BG6,20,0.027150572918636255,0.00567125442655012
T05,1,BG6,21,0.030145259322627616,0.0077587909177259
T05,1,BG6,22,0.03363359490396361,0.010596528004720034
T05,1,BG6,23,0.03714741089717242,0.014185675887972938
T05,1,BG6,24,0.04040105177892793,0.01845115622634314
T05,1,BG6,25,0.04323231724544307,0.023218221535198254
T05,1,BG6,26,0.045942681675527224,0.02844797844309963
T05,1,BG6,27,0.04841129594018849,0.03382355720664297
T05,1,BG6,28,0.050116028978297596,0.038646136168944176
T05,1,BG6,29,0.05124677838355154,0.04270646152236102
T05,1,BG6,30,0.0518909379529339,0.045856273264982865
T05,1,BG6,31,0.05224893693281164,0.048185554347676005
T05,1,BG6,32,0.052490280547469056,0.049875434666466566
T05,1,BG6,33,0.052640400982140484,0.05103360390240565
T05,1,BG6,34,0.05273947420458871,0.051798535772952424
T05,1,BG6,35,0.05279515371704678,0.052272429908413215
T05,1,BG6,36,0.05286059644478193,0.05286059644478193
T05,1,BG7,0,0.0,0.0
T05,1,BG7,1,0.005258985350585462,3.0466621494363724e-05
T05,1,BG7,2,0.009904177764521434,6.703112995972785e-05
T05,1,BG7,3,0.013950374108836728,0.00011067509633910312
T05,1,BG7,4,0.017486062858981476,0.00016318716644692191
T05,1,BG7,5,0.020489316190791102,0.0002257508843325366
T05,1,BG7,6,0.02303562321637986,0.0003007750475289561
T05,1,BG7,7,0.025177605717153252,0.00039109291108771054
T05,1,BG7,8,0.02690937958234022,0.000499258267832691
T05,1,BG7,9,0.028339102826575684,0.0006305782649333313
T05,1,BG7,10,0.029200154669408472,0.0007824891493581487
T05,1,BG7,11,0.029751116662381345,0.0009641972461783813
T05,1,BG7,12,0.029837525812027334,0.001174422932293036
T05,1,BG7,13,0.029706564110272383,0.0014259863153438654
T05,1,BG7,14,0.029536565696190866,0.001736039323148177
T05,1,BG7,15,0.029225660117701453,0.002111131909626016
T05,1,BG7,16,0.02889768960931703,0.0025738712037179506
T05,1,BG7,17,0.02861835437748299,0.0031511653754159367
T05,1,BG7,18,0.0285226828405396,0.0038889468694295734
T05,1,BG7,19,0.02854656373723995,0.004821080706882408
T05,1,BG7,20,0.02898003496816002,0.006053395343040227
T05,1,BG7,21,0.02997101233997328,0.007713943207465419
T05,1,BG7,22,0.03189579895647009,0.010049021737745406
T05,1,BG7,23,0.03587997026222943,0.013701671728118165
T05,1,BG7,24,0.04111847016787513,0.01877880117420036
T05,1,BG7,25,0.05207117974643671,0.02796519513093295
T05,1,BG7,26,0.058016060357257086,0.03592388548600072
T05,1,BG7,27,0.062492421572890575,0.04366162791321508
T05,1,BG7,28,0.06587019100794685,0.05079469412022378
T05,1,BG7,29,0.06822325316203952,0.056853793046089215
T05,1,BG7,30,0.06979308088429645,0.06167648356170776
T05,1,BG7,31,0.0707286511769008,0.06522810733821072
T05,1,BG7,32,0.07120548536788429,0.06765832640391427
T05,1,BG7,33,0.07143709766632389,0.06925654955047361
T05,1,BG7,34,0.0715519636102647,0.0702753866743909
T05,1,BG7,35,0.07161137424618602,0.0709023515174601
T05,1,BG7,36,0.07170011904681241,0.07170011904681241
T05,1,BG8,0,0.0,0.0
T05,1,BG8,1,0.006796320673684786,3.937279081860241e-05
T05,1,BG8,2,0.012563820324841204,8.503149801001661e-05
T05,1,BG8,3,0.018234442901721878,0.00014466269500301886
T05,1,BG8,4,0.02275618127206379,0.00021237008975258015
T05,1,BG8,5,0.026762499066574873,0.0002948686923288488
T05,1,BG8,6,0.030376814889164133,0.00039662864177794264
T05,1,BG8,7,0.03336674142939865,0.0005182977378833932
T05,1,BG8,8,0.03602742215014947,0.0006684282092703544
T05,1,BG8,9,0.038178752257844874,0.00084952199939661
T05,1,BG8,10,0.039056762184055134,0.0010466209206280593
T05,1,BG8,11,0.03951015041012694,0.0012804755820533108
T05,1,BG8,12,0.03906949644032628,0.0015377988446972028
T05,1,BG8,13,0.038636576190809485,0.001854648313994035
T05,1,BG8,14,0.03866649742905931,0.0022726596138906525
T05,1,BG8,15,0.0400621819788849,0.0028939141166486214
T05,1,BG8,16,0.04255689672818915,0.003790475021410528
T05,1,BG8,17,0.04658737953272515,0.0051297337172527225
T05,1,BG8,18,0.050659141500217976,0.006907159158092836
T05,1,BG8,19,0.0537779631775242,0.0090822805484376
T05,1,BG8,20,0.054356853929620856,0.011354145231259053
T05,1,BG8,21,0.05351254273659943,0.013773065461794885
T05,1,BG8,22,0.05398954415588796,0.01700982955679873
T05,1,BG8,23,0.057868352864384194,0.02209849021251968
T05,1,BG8,24,0.061047058894402026,0.027880185521671545
T05,1,BG8,25,0.06932294874395607,0.03723037965855957
T05,1,BG8,26,0.07386683458306488,0.04573877797048643
T05,1,BG8,27,0.07743001428222229,0.05409808712292651
T05,1,BG8,28,0.08007254463162282,0.06174660144809345
T05,1,BG8,29,0.08189204344165665,0.06824466840426419
T05,1,BG8,30,0.08315353802752608,0.07348318427640112
T05,1,BG8,31,0.08388579035405325,0.07736202003884753
T05,1,BG8,32,0.0842798097481848,0.08008134277080949
T05,1,BG8,33,0.08455195347770078,0.0819710872150256
T05,1,BG8,34,0.08472438994080551,0.08321280041910806
T05,1,BG8,35,0.0848323475131856,0.0839924242567498
T05,1,BG8,36,0.08497166995414333,0.08497166995414333
T05,1,BG9,0,0.0,0.0
T05,1,BG9,1,0.0040868380870153365,2.3676078391421967e-05
T05,1,BG9,2,0.007666493838730432,5.1886563056356854e-05
T05,1,BG9,3,0.010804252846441485,8.571538804412941e-05
T05,1,BG9,4,0.013550844449629956,0.0001264620810328411
T05,1,BG9,5,0.015885835446363673,0.00017502982454763863
T05,1,BG9,6,0.01797912071700881,0.00023475253326817898
T05,1,BG9,7,0.019678948643041694,0.000305680270718307
T05,1,BG9,8,0.021238577392089647,0.0003940460732174859
T05,1,BG9,9,0.022508093373006594,0.0005008314686121263
T05,1,BG9,10,0.023342752010309362,0.0006255258005593571
T05,1,BG9,11,0.023708399899937775,0.0007683601967431874
T05,1,BG9,12,0.02367162390462899,0.0009317293306129935
T05,1,BG9,13,0.023294426916522486,0.0011181883510368764
T05,1,BG9,14,0.022927560128869366,0.0013475888280194452
T05,1,BG9,15,0.022768593620938967,0.0016447020881668513
T05,1,BG9,16,0.022624488361749504,0.002015127152165776
T05,1,BG9,17,0.02271939309460825,0.0025016310825351907
T05,1,BG9,18,0.022826805607068238,0.0031123381594579647
T05,1,BG9,19,0.023049322149217902,0.0038926801578532287
T05,1,BG9,20,0.023029583524252377,0.004810455660822807
T05,1,BG9,21,0.023248088462083673,0.005983596154377958
T05,1,BG9,22,0.02387897565467718,0.0075232586844683515
T05,1,BG9,23,0.02689678360274785,0.010271215246398884
T05,1,BG9,24,0.03122053428892308,0.014258414827435032
T05,1,BG9,25,0.039573092285212774,0.021253008956133242
T05,1,BG9,26,0.04438007001269358,0.027480400082684226
T05,1,BG9,27,0.048095343324597,0.033602810254156096
T05,1,BG9,28,0.05081105161932425,0.039182091072593614
T05,1,BG9,29,0.05275647595588491,0.04396456685874046
T05,1,BG9,30,0.054159532701011585,0.047861041361478264
T05,1,BG9,31,0.05504188494535249,0.050761295676954754
T05,1,BG9,32,0.05553229359893952,0.05276590736298735
T05,1,BG9,33,0.0558601859605973,0.05415510805909978
T05,1,BG9,34,0.056011795443469334,0.055012474573287236
T05,1,BG9,35,0.05609283674821393,0.05553746249796823
T05,1,BG9,36,0.0562101281620201,0.0562101281620201
T05,1,BG10,0,0.0,0.0
T05,1,BG10,1,0.0043903942566723,2.5434655459106564e-05
T05,1,BG10,2,0.008389400721153226,5.677917178303519e-05
T05,1,BG10,3,0.011724590538957356,9.301687330901381e-05
T05,1,BG10,4,0.014625509413304177,0.0001364912986775167
T05,1,BG10,5,0.017130088835980967,0.00018873898429041264
T05,1,BG10,6,0.019396814927464045,0.00025326329884682195
T05,1,BG10,7,0.021272641701377364,0.0003304356843010242
T05,1,BG10,8,0.022634734627872157,0.0004199494219227087
T05,1,BG10,9,0.02377900545882375,0.0005291107510789517
T05,1,BG10,10,0.0242658839862283,0.0006502633718144012
T05,1,BG10,11,0.024282100246620003,0.0007869531230906336
T05,1,BG10,12,0.024117951590019438,0.0009492970585600191
T05,1,BG10,13,0.024140812169206865,0.0011588168744344383
T05,1,BG10,14,0.025143542818687945,0.001477835291738922
T05,1,BG10,15,0.02733859872442777,0.0019748189634480524
T05,1,BG10,16,0.029842295522265885,0.002658005744306243
T05,1,BG10,17,0.03346416693027779,0.003684737530678943
T05,1,BG10,18,0.037340098345338434,0.0050911640960836875
T05,1,BG10,19,0.04112669079960015,0.006945672953158992
T05,1,BG10,20,0.0431853191622769,0.009020617465295318
T05,1,BG10,21,0.04416360725581757,0.011366835184758364
T05,1,BG10,22,0.043754363193284906,0.013785155486842516
T05,1,BG10,23,0.043246033215865884,0.016514588655941013
T05,1,BG10,24,0.043682932577449506,0.019949990798576858
T05,1,BG10,25,0.051763350007936366,0.027799873035332445
T05,1,BG10,26,0.055741791503558714,0.03451564479674103
T05,1,BG10,27,0.058725933481585904,0.041030092771154394
T05,1,BG10,28,0.061064064701171344,0.047088530467126334
T05,1,BG10,29,0.06283024220672999,0.05235953169815109
T05,1,BG10,30,0.06402375556392871,0.056578102912297076
T05,1,BG10,31,0.0647619373121995,0.05972542277555611
T05,1,BG10,32,0.06520491509035363,0.06195667937943668
T05,1,BG10,33,0.06548407147608946,0.06348523380864105
T05,1,BG10,34,0.0656818262782381,0.06450997986716905
T05,1,BG10,35,0.06578884130193573,0.06513746719143447
T05,1,BG10,36,0.06592685125735505,0.06592685125735505
T05,1,BG11,0,0.0,0.0
T05,1,BG11,1,0.0028094772654349925,1.627600669931865e-05
T05,1,BG11,2,0.005311790649762259,3.5950013819151023e-05
T05,1,BG11,3,0.007488179942153771,5.9407369806416726e-05
T05,1,BG11,4,0.009359995787481533,8.735134932786961e-05
T05,1,BG11,5,0.010921082900028176,0.00012032827767886019
T05,1,BG11,6,0.012308329730422698,0.00016070928220670205
T05,1,BG11,7,0.013483530680239468,0.00020944458852179386
T05,1,BG11,8,0.01437115575091213,0.00026663261846556835
T05,1,BG11,9,0.015107022303306154,0.00033614895881532155
T05,1,BG11,10,0.015519620305534193,0.00041588596373435887
T05,1,BG11,11,0.01579346282135773,0.0005118467859532803
T05,1,BG11,12,0.015798984999936986,0.0006218575347491583
T05,1,BG11,13,0.01564963455958236,0.0007512199906681467
T05,1,BG11,14,0.015608655025032633,0.0009174133237650141
T05,1,BG11,15,0.015582325781302126,0.0011255980177525802
T05,1,BG11,16,0.015555299786702288,0.0013854857880161106
T05,1,BG11,17,0.015533871710944763,0.0017104337439342626
T05,1,BG11,18,0.015530507973022191,0.002117518924995018
T05,1,BG11,19,0.01562745480841624,0.002639239578889203
T05,1,BG11,20,0.015526857076147777,0.0032432743520364516
T05,1,BG11,21,0.01593140504723046,0.004100427181897655
T05,1,BG11,22,0.016623234567986474,0.005237280500499365
T05,1,BG11,23,0.017658891016582526,0.006743492980158869
T05,1,BG11,24,0.01898507877259562,0.008670483536024792
T05,1,BG11,25,0.025564557655112445,0.013729626411299638
T05,1,BG11,26,0.029341281669093753,0.01816829399253659
T05,1,BG11,27,0.03234534418398627,0.02259874636404299
T05,1,BG11,28,0.034610042522707836,0.02668895444738347
T05,1,BG11,29,0.03616922324007128,0.03014159302223688
T05,1,BG11,30,0.03728370155039385,0.03294778772835879
T05,1,BG11,31,0.03794455468798598,0.03499361910726059
T05,1,BG11,32,0.03833085990383926,0.03642137702879519
T05,1,BG11,33,0.03858889484195224,0.037411006281104206
T05,1,BG11,34,0.03872143694529691,0.03803059786126081
T05,1,BG11,35,0.038797865232252704,0.03841372836058766
T05,1,BG11,36,0.03889880722726013,0.03889880722726013
T05,1,BG12,0,0.0,0.0
T05,1,BG12,1,0.003631717506106729,2.1039450637048832e-05
T05,1,BG12,2,0.00694161436586064,4.6980603962895295e-05
T05,1,BG12,3,0.0098076512957194,7.78088632449178e-05
T05,1,BG12,4,0.012226290788375387,0.00011410079882172919
T05,1,BG12,5,0.014254036406240699,0.0001570506951660383
T05,1,BG12,6,0.016252232556383594,0.0002122046366160087
T05,1,BG12,7,0.0177116049905054,0.00027512080512900595
T05,1,BG12,8,0.018941752480000164,0.00035143235123769306
T05,1,BG12,9,0.019949815151689792,0.0004439067758093512
T05,1,BG12,10,0.020389635986876185,0.0005463898784751184
T05,1,BG12,11,0.02049493510613701,0.0006642157440415675
T05,1,BG12,12,0.020244637545972395,0.000796841091576652
T05,1,BG12,13,0.019851639848059436,0.000952926317954632
T05,1,BG12,14,0.019622628184554094,0.0011533383586484424
T05,1,BG12,15,0.01955170507133744,0.0014123283488694947
T05,1,BG12,16,0.019602991819356784,0.0017460072714978064
T05,1,BG12,17,0.019985332997593162,0.0022005838841118357
T05,1,BG12,18,0.020553734492597068,0.002802414556109937
T05,1,BG12,19,0.021436407000834403,0.0036202833108450144
T05,1,BG12,20,0.021516445879829826,0.004494389097709948
T05,1,BG12,21,0.021704335562514304,0.0055862648249054665
T05,1,BG12,22,0.021620109769291795,0.006811585229002939
T05,1,BG12,23,0.021530436466778057,0.008221940257077138
T05,1,BG12,24,0.021948726399702887,0.01002398108698443
T05,1,BG12,25,0.03062506710042253,0.016447408750207032
T05,1,BG12,26,0.03477135740140697,0.021530628830033018
T05,1,BG12,27,0.037987544281055205,0.026540786559480757
T05,1,BG12,28,0.040223447862299505,0.03101763792203944
T05,1,BG12,29,0.04187192757040568,0.034893937165655864
T05,1,BG12,30,0.043069717711098736,0.03806091820991427
T05,1,BG12,31,0.04392782065791434,0.040511568546925815
T05,1,BG12,32,0.04444741718093797,0.04223323315582663
T05,1,BG12,33,0.044785024564367816,0.043418005208130675
T05,1,BG12,34,0.044955482849893605,0.04415342045457558
T05,1,BG12,35,0.04504843884300343,0.04460241511526699
T05,1,BG12,36,0.0451721483481595,0.0451721483481595
T05,1,BG13,0,0.0,0.0
T05,1,BG13,1,0.003161103522620319,1.8313065768280046e-05
T05,1,BG13,2,0.006037470228819173,4.086138828783957e-05
T05,1,BG13,3,0.008442791516083495,6.698076758582532e-05
T05,1,BG13,4,0.010490357179089572,9.790034908167627e-05
T05,1,BG13,5,0.012275267305819439,0.00013524865515241613
T05,1,BG13,6,0.013894365329282446,0.00018141807372729985
T05,1,BG13,7,0.015186127581725951,0.00023589164601240647
T05,1,BG13,8,0.016269245542518934,0.0003018484810028487
T05,1,BG13,9,0.017014857269434618,0.00037860052335621913
T05,1,BG13,10,0.017349279968150822,0.0004649161441588871
T05,1,BG13,11,0.01734928037077985,0.0005622689275679565
T05,1,BG13,12,0.01703079112507049,0.0006703421671390844
T05,1,BG13,13,0.016518558498410444,0.0007929304191587583
T05,1,BG13,14,0.016204722908869106,0.0009524477770121153
T05,1,BG13,15,0.015895645169128052,0.0011482308187628918
T05,1,BG13,16,0.01578313954986351,0.0014057791086386356
T05,1,BG13,17,0.0158502119302208,0.0017452659378698152
T05,1,BG13,18,0.01615746201166565,0.0022030014407078595
T05,1,BG13,19,0.016598982856042006,0.0028033158944167176
T05,1,BG13,20,0.016609815848793893,0.003469484474248492
T05,1,BG13,21,0.01666750331803041,0.004289884267716831
T05,1,BG13,22,0.016639052383550762,0.0052422640202490515
T05,1,BG13,23,0.01688849698222733,0.006449298568711487
T05,1,BG13,24,0.01752604839832846,0.00800414450235106
T05,1,BG13,25,0.02625847574385923,0.014102300026229505
T05,1,BG13,26,0.03036247137112598,0.0188006206722455
T05,1,BG13,27,0.033611062176773294,0.023483066502122445
T05,1,BG13,28,0.03598614911194914,0.027750115968595262
T05,1,BG13,29,0.03760382342725975,0.03133711598470396
T05,1,BG13,30,0.03881661858922271,0.0343024338755282
T05,1,BG13,31,0.03961964316774616,0.03653843653013624
T05,1,BG13,32,0.040059855536347055,0.03806424131417148
T05,1,BG13,33,0.04036823248867584,0.0391360314130953
T05,1,BG13,34,0.040503159116120985,0.03978053194866819
T05,1,BG13,35,0.04057001980857334,0.04016833688875094
T05,1,BG13,36,0.04066967215498656,0.04066967215498656
T05,1,BG14,0,0.0,0.0
T05,1,BG14,1,0.004667943779934218,2.7042569427422217e-05
T05,1,BG14,2,0.008782478703561962,5.9439509770746657e-05
T05,1,BG14,3,0.012371030401947066,9.814539529712642e-05
T05,1,BG14,4,0.01553379487106009,0.0001449677942090584
T05,1,BG14,5,0.01819086460087142,0.0002004265918675318
T05,1,BG14,6,0.020748663901327007,0.0002709143268575673
T05,1,BG14,7,0.022610391270628184,0.0003512154341990133
T05,1,BG14,8,0.024279791811544535,0.00045047068979905394
T05,1,BG14,9,0.02549439829625456,0.0005672802522271459
T05,1,BG14,10,0.025831320692733035,0.0006922130532124491
T05,1,BG14,11,0.025598598985550225,0.0008296192362024271
T05,1,BG14,12,0.025088610685719596,0.0009875027816381803
T05,1,BG14,13,0.02535353431028759,0.0012170304500622917
T05,1,BG14,14,0.026914350472716727,0.001581916173785344
T05,1,BG14,15,0.03014208110919768,0.0021773300815863834
T05,1,BG14,16,0.034007250463979,0.0030289716550780423
T05,1,BG14,17,0.03992206518837927,0.0043958163373314174
T05,1,BG14,18,0.04616927011630047,0.0062949842390748
T05,1,BG14,19,0.052272801167045004,0.008828081559052556
T05,1,BG14,20,0.056996369445330666,0.01190549136231639
T05,1,BG14,21,0.06073991545977307,0.01563324766659956
T05,1,BG14,22,0.06302643195004345,0.019856971946974552
T05,1,BG14,23,0.06459478189127942,0.024667146884666487
T05,1,BG14,24,0.06579630661420889,0.030049166534239852
T05,1,BG14,25,0.07069233545573861,0.03796581850449076
T05,1,BG14,26,0.07339267964627534,0.04544517848612176
T05,1,BG14,27,0.0756046572510742,0.052822763621829624
T05,1,BG14,28,0.0774069254759549,0.05969105371000071
T05,1,BG14,29,0.0787951557837569,0.0656638795620534
T05,1,BG14,30,0.07979885434660601,0.07051863409889529
T05,1,BG14,31,0.08042369330235936,0.07416916921643578
T05,1,BG14,32,0.08078561112054046,0.07676121053762308
T05,1,BG14,33,0.08101677743853589,0.07854381923453689
T05,1,BG14,34,0.0811732378387326,0.07972500527941752
T05,1,BG14,35,0.08126011067767075,0.08045555583661508
T05,1,BG14,36,0.0813820106131071,0.0813820106131071
T05,1,BG15,0,0.0,0.0
T05,1,BG15,1,0.002035673805393754,1.1793169056464449e-05
T05,1,BG15,2,0.003926266711976235,2.6572836339054976e-05
T05,1,BG15,3,0.005491456208343847,4.3566390313292364e-05
T05,1,BG15,4,0.006819997276872307,6.364703341939199e-05
T05,1,BG15,5,0.00793453802844248,8.742258537472197e-05
T05,1,BG15,6,0.008959231195829738,0.0001169802601846903
T05,1,BG15,7,0.009770028514139474,0.00015176140749199505
T05,1,BG15,8,0.010422781005203892,0.00019337716676284168
T05,1,BG15,9,0.01093481783718624,0.0002433125171416304
T05,1,BG15,10,0.011184659741660281,0.00029972015575294533
T05,1,BG15,11,0.011190926505946398,0.0003626842193961694
T05,1,BG15,12,0.011131547311825626,0.0004381443848873054
T05,1,BG15,13,0.010925763479755999,0.0005244628456604896
T05,1,BG15,14,0.01071351892123228,0.0006296971136125492
T05,1,BG15,15,0.010515913029478841,0.0007596228623610892
T05,1,BG15,16,0.010209726869556275,0.0009093641183143128
T05,1,BG15,17,0.009980982920543861,0.001099005461034743
T05,1,BG15,18,0.009767230216379166,0.0013317204330080502
T05,1,BG15,19,0.0097572700754984,0.0016478545997552238
T05,1,BG15,20,0.009631300124094026,0.002011801138274498
T05,1,BG15,21,0.009788171534560255,0.0025192809128314567
T05,1,BG15,22,0.010139576143284939,0.0031945530260629644
T05,1,BG15,23,0.010658977078370473,0.004070399271146434
T05,1,BG15,24,0.011043789036159586,0.005043697312977763
T05,1,BG15,25,0.015277735057080744,0.00820501558657
T05,1,BG15,26,0.01733063223624376,0.010731229283626832
T05,1,BG15,27,0.018807122420398344,0.01313998657150374
T05,1,BG15,28,0.019839292683680485,0.015298738177362596
T05,1,BG15,29,0.020411008396748705,0.017009497412610538
T05,1,BG15,30,0.020906233113544528,0.018474939437779274
T05,1,BG15,31,0.021329895097856127,0.019671076130800928
T05,1,BG15,32,0.02163208124235069,0.02055446160127022
T05,1,BG15,33,0.021786909337179677,0.02112188505548796
T05,1,BG15,34,0.02186885291493768,0.021478685129486856
T05,1,BG15,35,0.021910936613544135,0.02169399682380003
T05,1,BG15,36,0.021979418821604167,0.021979418821604167
T05,2,BG1,0,0.0,0.0
T05,2,BG1,1,0.0006071017528412529,3.517092771659429e-06
T05,2,BG1,2,0.0014820985820413017,1.0030791512352341e-05
T05,2,BG1,3,0.0019160625867939288,1.5201055493995937e-05
T05,2,BG1,4,0.002283416042076527,2.1309782347625006e-05
T05,2,BG1,5,0.0026237574803058767,2.890850869345824e-05
T05,2,BG1,6,0.002925887320957625,3.820317314461843e-05
T05,2,BG1,7,0.0031792393374412784,4.938428184102208e-05
T05,2,BG1,8,0.00338677936195282,6.283599334613013e-05
T05,2,BG1,9,0.003546100991374359,7.89049045423899e-05
T05,2,BG1,10,0.0037134924531424117,9.951205986850385e-05
T05,2,BG1,11,0.0038976584136318658,0.000126318335126144
T05,2,BG1,12,0.004067886446674178,0.0001601144535917302
T05,2,BG1,13,0.004175515656630956,0.00020043476547434332
T05,2,BG1,14,0.004342472535437462,0.00025523289304929856
T05,2,BG1,15,0.0044375632620842565,0.0003205498635476072
T05,2,BG1,16,0.0044563356157171,0.0003969187189043762
T05,2,BG1,17,0.004584133206857918,0.0005047586467142029
T05,2,BG1,18,0.004699385438684322,0.0006407412795502765
T05,2,BG1,19,0.0048152158624657215,0.0008132167674734415
T05,2,BG1,20,0.004941356659516935,0.0010321583622084618
T05,2,BG1,21,0.005148776396282982,0.0013251927644967727
T05,2,BG1,22,0.005313970558219451,0.0016742081143860381
T05,2,BG1,23,0.005464752882668574,0.0020868537285310945
T05,2,BG1,24,0.0056938221881056034,0.0026003680026084348
T05,2,BG1,25,0.008340671352442845,0.004479416496444145
T05,2,BG1,26,0.009721122503852672,0.006019376172264968
T05,2,BG1,27,0.010817729394069747,0.007558031275254928
T05,2,BG1,28,0.011608405471502856,0.008951627418756068
T05,2,BG1,29,0.012213102572185792,0.010177779210396453
T05,2,BG1,30,0.01267382415742575,0.011199919826476178
T05,2,BG1,31,0.012966810749940813,0.011958386187540745
T05,2,BG1,32,0.013145069276469551,0.012490236999425138
T05,2,BG1,33,0.013246165442609412,0.012841839097037767
T05,2,BG1,34,0.013289975718230845,0.01305286583174631
T05,2,BG1,35,0.013311169904964193,0.013179376262913906
T05,2,BG1,36,0.01334053110601197,0.01334053110601197
T05,2,BG2,0,0.0,0.0
T05,2,BG2,1,0.0006083365530201438,3.524246262468246e-06
T05,2,BG2,2,0.0014605703682917428,9.885089331338375e-06
T05,2,BG2,3,0.001891245427838235,1.5004168916830343e-05
T05,2,BG2,4,0.002244140772697292,2.094324929232471e-05
T05,2,BG2,5,0.0025659674978680234,2.8271779781844555e-05
T05,2,BG2,6,0.002866147203975193,3.74231491135047e-05
T05,2,BG2,7,0.003111880588052811,4.833797345212737e-05
T05,2,BG2,8,0.0032953262980523843,6.113923572444131e-05
T05,2,BG2,9,0.003441765332107417,7.658331402128869e-05
T05,2,BG2,10,0.003584913524717051,9.606647534688524e-05
T05,2,BG2,11,0.003742355692351365,0.00012128516354167547
T05,2,BG2,12,0.0038926334903043843,0.0001532163907550377
T05,2,BG2,13,0.0039736823165019254,0.00019074628046309043
T05,2,BG2,14,0.0040961755679983875,0.00024075655643399283
T05,2,BG2,15,0.0042097427905864356,0.00030409312550368824
T05,2,BG2,16,0.0042076388085406135,0.0003747676894921823
T05,2,BG2,17,0.00436161444700369,0.00048025711872805527
T05,2,BG2,18,0.004429476524545627,0.0006039403428061614
T05,2,BG2,19,0.004515022365254921,0.0007625186492059341
T05,2,BG2,20,0.00466828191083947,0.0009751180796701428
T05,2,BG2,21,0.0048020034724406135,0.001235940302741432
T05,2,BG2,22,0.0050193657358931455,0.0015813905645115018
T05,2,BG2,23,0.005257850327231468,0.0020078427812154588
T05,2,BG2,24,0.005581875126794262,0.0025492417936193827
T05,2,BG2,25,0.008553349700707412,0.004593636915764118
T05,2,BG2,26,0.010079823112271964,0.006241485686968087
T05,2,BG2,27,0.01120114021278141,0.007825909209695406
T05,2,BG2,28,0.012055097102203862,0.009296086154659386
T05,2,BG2,29,0.012704146052338565,0.010586989885817069
T05,2,BG2,30,0.013192137310736103,0.011657955653107621
T05,2,BG2,31,0.013551953574761896,0.012498022633064649
T05,2,BG2,32,0.013794121148221202,0.013106955838969694
T05,2,BG2,33,0.013914280154937309,0.013489560241698527
T05,2,BG2,34,0.013966821053014597,0.013717635412509087
T05,2,BG2,35,0.013980104400710494,0.01384168764467399
T05,2,BG2,36,0.014009218185694046,0.014009218185694046
T05,2,BG3,0,0.0,0.0
T05,2,BG3,1,0.0009067614953097168,5.253096859933679e-06
T05,2,BG3,2,0.001961673786619437,1.3276539786611201e-05
T05,2,BG3,3,0.0026201443047856963,2.0786877736032796e-05
T05,2,BG3,4,0.0031755314619322465,2.9635372152515154e-05
T05,2,BG3,5,0.0037415236721606683,4.12240348467807e-05
T05,2,BG3,6,0.004192170665995637,5.473697480485786e-05
T05,2,BG3,7,0.0045727187572374185,7.102970439236303e-05
T05,2,BG3,8,0.004841160964664606,8.981959712499293e-05
T05,2,BG3,9,0.005065282128420789,0.00011270846641698109
T05,2,BG3,10,0.005295151792119085,0.00014189646799249773
T05,2,BG3,11,0.005480456999806491,0.00017761489805808852
T05,2,BG3,12,0.005588384693718705,0.0002199621768660817
T05,2,BG3,13,0.005730706046047788,0.0002750876318923372
T05,2,BG3,14,0.0058336702408212805,0.00034287943419406664
T05,2,BG3,15,0.005954297575007389,0.0004301120144511141
T05,2,BG3,16,0.005968019746893875,0.0005315620141878721
T05,2,BG3,17,0.006119603559278302,0.0006738292008120593
T05,2,BG3,18,0.006272825544887726,0.0008552731672614109
T05,2,BG3,19,0.006354233575758055,0.0010731334697725015
T05,2,BG3,20,0.006457027450914367,0.0013487540628737637
T05,2,BG3,21,0.006686107638383403,0.0017208712843081973
T05,2,BG3,22,0.0069505311942769255,0.002189819401714444
T05,2,BG3,23,0.007147510773371002,0.0027294572846832473
T05,2,BG3,24,0.007495942273596177,0.0034233960641314154
T05,2,BG3,25,0.010262099173572625,0.00551133289765141
T05,2,BG3,26,0.011478486006045422,0.007107545964003235
T05,2,BG3,27,0.012340872781327977,0.008622207007806184
T05,2,BG3,28,0.012893943831473088,0.009942948774594689
T05,2,BG3,29,0.013312150677390227,0.011093670053452713
T05,2,BG3,30,0.01356198399585114,0.011984790921133394
T05,2,BG3,31,0.013791153115575402,0.012718619677073842
T05,2,BG3,32,0.013916935675326758,0.013223652229234162
T05,2,BG3,33,0.01400437367139029,0.01357690375478542
T05,2,BG3,34,0.014053770864115947,0.013803033935538597
T05,2,BG3,35,0.014077628537676733,0.013938246218255589
T05,2,BG3,36,0.014108756858268325,0.014108756858268325
T05,2,BG4,0,0.0,0.0
T05,2,BG4,1,0.0009498888158220677,5.502944215473314e-06
T05,2,BG4,2,0.0020319866886107756,1.3752415110392556e-05
T05,2,BG4,3,0.00274731695926132,2.1795800293739834e-05
T05,2,BG4,4,0.0033382468013400408,3.115389897258014e-05
T05,2,BG4,5,0.0038769333425945603,4.2715975696268205e-05
T05,2,BG4,6,0.004390052188463255,5.7320704672356674e-05
T05,2,BG4,7,0.004741257150681518,7.364767257242382e-05
T05,2,BG4,8,0.005079338311750224,9.423857737279827e-05
T05,2,BG4,9,0.005366427452116874,0.0001194093026544847
T05,2,BG4,10,0.005570738651344859,0.00014928148898217734
T05,2,BG4,11,0.005772638828860085,0.0001870841540641447
T05,2,BG4,12,0.005904400402987382,0.0002324007455481687
T05,2,BG4,13,0.006077662580181117,0.00029174237826341256
T05,2,BG4,14,0.00619978466144617,0.00036439815169439055
T05,2,BG4,15,0.0062855877494854655,0.00045404294514137466
T05,2,BG4,16,0.006328309062895653,0.0005636524112314916
T05,2,BG4,17,0.006386628338949226,0.0007032312861765891
T05,2,BG4,18,0.0064559730631286345,0.0008802445566246493
T05,2,BG4,19,0.006512652171739626,0.0010998879611704164
T05,2,BG4,20,0.006600229746132931,0.0013786663765884262
T05,2,BG4,21,0.0066791476183640204,0.001719079917537495
T05,2,BG4,22,0.006852207606400732,0.0021588417813507197
T05,2,BG4,23,0.007064603831711103,0.0026977971740747655
T05,2,BG4,24,0.007455642314879913,0.003404991085479255
T05,2,BG4,25,0.011533111391811426,0.0061939389828135506
T05,2,BG4,26,0.013364818154823394,0.008275573930665112
T05,2,BG4,27,0.014803246750673116,0.010342595731565334
T05,2,BG4,28,0.01578591464752818,0.012173043594623567
T05,2,BG4,29,0.01651227312279741,0.013760489530190056
T05,2,BG4,30,0.01703073751861248,0.015050145266292418
T05,2,BG4,31,0.017455282164429594,0.016097790673320594
T05,2,BG4,32,0.017687786459434165,0.016806655027595853
T05,2,BG4,33,0.017849357455299475,0.017304523121569312
T05,2,BG4,34,0.01792730732003222,0.01760746158949606
T05,2,BG4,35,0.017972370754896983,0.017794426700368845
T05,2,BG4,36,0.018026586722498086,0.018026586722498086
T05,2,BG5,0,0.0,0.0
T05,2,BG5,1,0.0030703563545642996,1.7787344708408852e-05
T05,2,BG5,2,0.005828063185984615,3.9444128220062155e-05
T05,2,BG5,3,0.008132863474665877,6.452195756052451e-05
T05,2,BG5,4,0.010121829779690365,9.446109901510966e-05
T05,2,BG5,5,0.011851410478778185,0.000130578609250216
T05,2,BG5,6,0.013344150946657399,0.0001742339513183552
T05,2,BG5,7,0.014586297801486287,0.00022657427074964965
T05,2,BG5,8,0.015646262630151748,0.00029029008024445454
T05,2,BG5,9,0.016506893440486507,0.00036729773366142804
T05,2,BG5,10,0.01711841017527448,0.00045872942676051636
T05,2,BG5,11,0.017621803624813512,0.0005711010675316362
T05,2,BG5,12,0.017986358693725436,0.0007079538787207212
T05,2,BG5,13,0.018323772383070598,0.000879585018161434
T05,2,BG5,14,0.01862769255063182,0.0010948600853015861
T05,2,BG5,15,0.018936906237823847,0.0013679180127917241
T05,2,BG5,16,0.01906988973027389,0.0016985247096161368
T05,2,BG5,17,0.01928037538111342,0.002122961042861724
T05,2,BG5,18,0.019464404950272088,0.002653889088317996
T05,2,BG5,19,0.019677967485509897,0.003323309607364975
T05,2,BG5,20,0.02004347394607288,0.004186712410356277
T05,2,BG5,21,0.02053432208028,0.00528512655719576
T05,2,BG5,22,0.021440745060552168,0.0067550749838256674
T05,2,BG5,23,0.023304069193864466,0.008899246681131626
T05,2,BG5,24,0.02742949648393223,0.012527048225686016
T05,2,BG5,25,0.03753784909267435,0.020159967192332477
T05,2,BG5,26,0.042567153817423244,0.026357831772070208
T05,2,BG5,27,0.04620163429574815,0.03227973115645657
T05,2,BG5,28,0.04876922805606191,0.03760757312660865
T05,2,BG5,29,0.05056959484106014,0.04214213100264185
T05,2,BG5,30,0.05175530442959141,0.04573641325312634
T05,2,BG5,31,0.052505227652455466,0.04842191343237259
T05,2,BG5,32,0.05287535652802476,0.05024132790023074
T05,2,BG5,33,0.05306120107916672,0.05144155944532364
T05,2,BG5,34,0.053132757881465036,0.052184802675627216
T05,2,BG5,35,0.05316911130882819,0.052642685090474824
T05,2,BG5,36,0.05322185628893911,0.05322185628893911
T05,2,BG6,0,0.0,0.0
T05,2,BG6,1,0.0032005409482409658,1.8541536672784487e-05
T05,2,BG6,2,0.006070941616906356,4.108792106540697e-05
T05,2,BG6,3,0.00851833304555226,6.758007504614878e-05
T05,2,BG6,4,0.010633791570569012,9.923893790120252e-05
T05,2,BG6,5,0.012470290000883583,0.00013739741178199545
T05,2,BG6,6,0.014053102685311252,0.000183490700717053
T05,2,BG6,7,0.015420394478323432,0.0002395305985516284
T05,2,BG6,8,0.016634043853538373,0.00030861669973909783
T05,2,BG6,9,0.01763996214299812,0.0003925098402502893
T05,2,BG6,10,0.018445402788233735,0.0004942894235206421
T05,2,BG6,11,0.01912965010600398,0.0006199685251093588
T05,2,BG6,12,0.0197002776403293,0.0007754147566240493
T05,2,BG6,13,0.020323922914130245,0.0009755970407620031
T05,2,BG6,14,0.020972460699294766,0.0012326760312838983
T05,2,BG6,15,0.021578115583866922,0.0015587072451716134
T05,2,BG6,16,0.022223357679570437,0.0019793990850832544
T05,2,BG6,17,0.023033999962769967,0.0025362724243041417
T05,2,BG6,18,0.024123524349778252,0.0032891402673542016
T05,2,BG6,19,0.025766564389316217,0.004351581084532444
T05,2,BG6,20,0.028552142897113015,0.005964016553095542
T05,2,BG6,21,0.03215751671602525,0.00827670599499085
T05,2,BG6,22,0.03699209724857255,0.011654650542876333
T05,2,BG6,23,0.04192142343805129,0.016008753006245848
T05,2,BG6,24,0.0460558339071605,0.02103369465858403
T05,2,BG6,25,0.05375705221308894,0.028870604894607684
T05,2,BG6,26,0.058730827251633616,0.03636647328978599
T05,2,BG6,27,0.06293305938893021,0.04396948875184163
T05,2,BG6,28,0.06599390431057534,0.050890093759688684
T05,2,BG6,29,0.06809910605860493,0.05675033531581241
T05,2,BG6,30,0.06925668881607439,0.061202471546482215
T05,2,BG6,31,0.06978510860402629,0.06435794364858996
T05,2,BG6,32,0.07002253660236053,0.06653430710173239
T05,2,BG6,33,0.07015543833256573,0.0680140118891492
T05,2,BG6,34,0.07022913489781278,0.06897615899525757
T05,2,BG6,35,0.0702609230270673,0.06956527109438781
T05,2,BG6,36,0.0703042860630118,0.0703042860630118
T05,2,BG7,0,0.0,0.0
T05,2,BG7,1,0.005316077337230887,3.0797369649805425e-05
T05,2,BG7,2,0.010028414909646703,6.787196270201086e-05
T05,2,BG7,3,0.014121277829963436,0.00011203095842443984
T05,2,BG7,4,0.017641868298734303,0.0001646412062310508
T05,2,BG7,5,0.02069931149832541,0.00022806461008645845
T05,2,BG7,6,0.023333409475522645,0.00030466322845411624
T05,2,BG7,7,0.025568251111919727,0.0003971609479972078
T05,2,BG7,8,0.027530992365759094,0.0005107912488153013
T05,2,BG7,9,0.029203582999884483,0.0006498139627030985
T05,2,BG7,10,0.03047207386479984,0.0008165733210558575
T05,2,BG7,11,0.03149760748852857,0.001020798877010192
T05,2,BG7,12,0.032316366725184044,0.0012719916009704198
T05,2,BG7,13,0.033106646266825704,0.0015891984068074488
T05,2,BG7,14,0.033806471847722265,0.001987007059874007
T05,2,BG7,15,0.034349479148344284,0.0024812538332931646
T05,2,BG7,16,0.03483634813546275,0.003102818066847917
T05,2,BG7,17,0.03522404386855065,0.0038785174731750245
T05,2,BG7,18,0.0356676400867617,0.004863131514620726
T05,2,BG7,19,0.036187431916143944,0.006111507200663807
T05,2,BG7,20,0.03695260709467949,0.0077187187369992865
T05,2,BG7,21,0.038288478382782605,0.009854693709307714
T05,2,BG7,22,0.0426727499435099,0.013444384736987858
T05,2,BG7,23,0.049350733255051786,0.01884582239118559
T05,2,BG7,24,0.05711789764428287,0.026085737967059174
T05,2,BG7,25,0.07154159597583812,0.03842191986523506
T05,2,BG7,26,0.07940593544472173,0.04916862174887464
T05,2,BG7,27,0.08524326228836797,0.05955697507080243
T05,2,BG7,28,0.08961106119869075,0.06910206842189681
T05,2,BG7,29,0.09274090917597395,0.0772855621126161
T05,2,BG7,30,0.0947672098658519,0.0837462423306509
T05,2,BG7,31,0.0958016735093554,0.08835120900660351
T05,2,BG7,32,0.09625149718746927,0.09145665071514772
T05,2,BG7,33,0.09643341217455233,0.09348987580901084
T05,2,BG7,34,0.09650520020406116,0.09478342632843521
T05,2,BG7,35,0.09654747367829397,0.09559155887214829
T05,2,BG7,36,0.09661038354938757,0.09661038354938757
T05,2,BG8,0,0.0,0.0
T05,2,BG8,1,0.0067372025430920595,3.9030304516779384e-05
T05,2,BG8,2,0.012626485014913596,8.545561073194492e-05
T05,2,BG8,3,0.017806138448764417,0.00014126474740401904
T05,2,BG8,4,0.022043717393712147,0.0002057210819872629
T05,2,BG8,5,0.025637099197797768,0.00028246905796169847
T05,2,BG8,6,0.02941614260181821,0.00038408518966501557
T05,2,BG8,7,0.03218304979307651,0.0004999110215148359
T05,2,BG8,8,0.03442802613504203,0.0006387541055906187
T05,2,BG8,9,0.036461170521485654,0.0008113037909955001
T05,2,BG8,10,0.037480843404793074,0.0010043903435326745
T05,2,BG8,11,0.03775445082890691,0.0012235755023324764
T05,2,BG8,12,0.037583449872035365,0.0014793071516759572
T05,2,BG8,13,0.03772235224766483,0.0018107633596535083
T05,2,BG8,14,0.03796794035139476,0.002231601273358964
T05,2,BG8,15,0.03862841034460125,0.002790344822614066
T05,2,BG8,16,0.03950908367970663,0.003519011182817473
T05,2,BG8,17,0.04078027763630893,0.004490314035345029
T05,2,BG8,18,0.042335157724531364,0.005772219258944458
T05,2,BG8,19,0.043780071310395914,0.007393788579079431
T05,2,BG8,20,0.044955136024655715,0.009390299568509479
T05,2,BG8,21,0.05100111575487932,0.013126674044747568
T05,2,BG8,22,0.05989087229727772,0.018869089288782677
T05,2,BG8,23,0.06718495785613539,0.025656270879544193
T05,2,BG8,24,0.074203981889687,0.03388895100647139
T05,2,BG8,25,0.08512274653166993,0.045715772782723714
T05,2,BG8,26,0.09185875813361838,0.05687948271985615
T05,2,BG8,27,0.0970611939284102,0.06781381874968087
T05,2,BG8,28,0.10087815270665931,0.0777904973413999
T05,2,BG8,29,0.10372289977706935,0.0864373949389982
T05,2,BG8,30,0.10561045897677288,0.09332847432071023
T05,2,BG8,31,0.1068134432959664,0.09850659690396295
T05,2,BG8,32,0.10747460969314182,0.10212067499681424
T05,2,BG8,33,0.10792237076540187,0.10462814489922705
T05,2,BG8,34,0.1082025214247597,0.10627205250483102
T05,2,BG8,35,0.10836436730027238,0.1072914536870863
T05,2,BG8,36,0.10855686059577475,0.10855686059577475
T05,2,BG9,0,0.0,0.0
T05,2,BG9,1,0.003963578782315087,2.296200616848859e-05
T05,2,BG9,2,0.00743286875302888,5.0305396782192504e-05
T05,2,BG9,3,0.010491337409669534,8.323287704677893e-05
T05,2,BG9,4,0.013073066840086424,0.00012200326367121594
T05,2,BG9,5,0.015277187534783182,0.00016832375349162812
T05,2,BG9,6,0.017299193275177104,0.00022587475356548363
T05,2,BG9,7,0.018935317988509184,0.000294129183509225
T05,2,BG9,8,0.020323407993873,0.00037706664420708493
T05,2,BG9,9,0.021455742407046854,0.00047741542566294393
T05,2,BG9,10,0.022293061507170375,0.0005973967942120301
T05,2,BG9,11,0.022849175751548857,0.0007405137979140841
T05,2,BG9,12,0.023179050865385506,0.000912341361573516
T05,2,BG9,13,0.023431699604809956,0.001124777772482173
T05,2,BG9,14,0.02359214963404046,0.0013866507013563306
T05,2,BG9,15,0.02373512182459748,0.0017145197947348104
T05,2,BG9,16,0.023762342163814586,0.0021164739886802694
T05,2,BG9,17,0.024026147126187048,0.002645517699211631
T05,2,BG9,18,0.02434492073399807,0.0033193267405565788
T05,2,BG9,19,0.025008751332296086,0.004223597988264521
T05,2,BG9,20,0.026387391797320494,0.005511839943482374
T05,2,BG9,21,0.02831508325288977,0.007287739936226558
T05,2,BG9,22,0.03545840673920461,0.011171449279800039
T05,2,BG9,23,0.04156712377221695,0.01587345472344143
T05,2,BG9,24,0.046054065412854735,0.021032886973336298
T05,2,BG9,25,0.05284694791699832,0.02838182693008918
T05,2,BG9,26,0.057104623293525024,0.035359518104061974
T05,2,BG9,27,0.060348848480386054,0.04216397609332114
T05,2,BG9,28,0.06264330870385985,0.04830633822942144
T05,2,BG9,29,0.06434488876183625,0.05362176139725333
T05,2,BG9,30,0.06536148186194266,0.05776025826022454
T05,2,BG9,31,0.06600979098474045,0.06087623132187038
T05,2,BG9,32,0.066303941993832,0.06300095733757416
T05,2,BG9,33,0.06647803846960394,0.06444886069744096
T05,2,BG9,34,0.06658685966111186,0.06539886643790464
T05,2,BG9,35,0.06664830288343808,0.065988419313499
T05,2,BG9,36,0.06672124115007512,0.06672124115007512
T05,2,BG10,0,0.0,0.0
T05,2,BG10,1,0.004330427524833741,2.5087253108545508e-05
T05,2,BG10,2,0.008264237276836587,5.5932069557446255e-05
T05,2,BG10,3,0.011392240486413739,9.038017901752076e-05
T05,2,BG10,4,0.014306977094190852,0.00013351862439388545
T05,2,BG10,5,0.016644380740907003,0.00018338746153298706
T05,2,BG10,6,0.018838721848126266,0.00024597630488642347
T05,2,BG10,7,0.020576084964825478,0.0003196158147433658
T05,2,BG10,8,0.021889742029009125,0.00040612733899074216
T05,2,BG10,9,0.02308447715191743,0.0005136566808303215
T05,2,BG10,10,0.023693135069646484,0.0006349151700154286
T05,2,BG10,11,0.02372951527907257,0.0007690445259159143
T05,2,BG10,12,0.02355422614782255,0.0009271084774253937
T05,2,BG10,13,0.023717132333037932,0.0011384792303649307
T05,2,BG10,14,0.024209406314101577,0.0014229305469183658
T05,2,BG10,15,0.024965369476534025,0.001803387428628177
T05,2,BG10,16,0.025865234372188003,0.002303775233812201
T05,2,BG10,17,0.026731708855663883,0.0029434269591609072
T05,2,BG10,18,0.027781349593857363,0.0037878692336975246
T05,2,BG10,19,0.028495525307670244,0.004812461096352644
T05,2,BG10,20,0.028622044380869103,0.005978617682083653
T05,2,BG10,21,0.028518095104431238,0.007339991149834788
T05,2,BG10,22,0.028861145416020077,0.00909293034688603
T05,2,BG10,23,0.029887817013828335,0.011413416830190572
T05,2,BG10,24,0.03278396597857447,0.014972433889446574
T05,2,BG10,25,0.04565888347726141,0.024521426096894828
T05,2,BG10,26,0.05218759236517151,0.03231486378276761
T05,2,BG10,27,0.057384471607063864,0.040092852619784326
T05,2,BG10,28,0.061200951610879885,0.04719408860780912
T05,2,BG10,29,0.06389021550793948,0.053242859711459166
T05,2,BG10,30,0.06548869142322304,0.05787267379243918
T05,2,BG10,31,0.06646428202185749,0.06129537669805331
T05,2,BG10,32,0.06695297448626995,0.0636176577870449
T05,2,BG10,33,0.0672524661117461,0.06519964980052291
T05,2,BG10,34,0.06743234531308023,0.06622926751932873
T05,2,BG10,35,0.06752906554940397,0.06686046143636779
T05,2,BG10,36,0.06764671021679634,0.06764671021679634
T05,2,BG11,0,0.0,0.0
T05,2,BG11,1,0.0027508841840820216,1.5936562231301986e-05
T05,2,BG11,2,0.005202055217096039,3.520732862520739e-05
T05,2,BG11,3,0.007243564689562207,5.746671799237775e-05
T05,2,BG11,4,0.009025850665369112,8.423296933790179e-05
T05,2,BG11,5,0.01055620892517734,0.00011630810369136802
T05,2,BG11,6,0.011902544466615485,0.0001554109626793452
T05,2,BG11,7,0.013029828412596247,0.0002023970655734833
T05,2,BG11,8,0.013967578767934682,0.00025914492664498736
T05,2,BG11,9,0.01466778797116771,0.0003263754797963619
T05,2,BG11,10,0.01519231717815987,0.0004071150812578845
T05,2,BG11,11,0.015532082761764323,0.0005033757773550808
T05,2,BG11,12,0.015757943971574973,0.0006202421340451013
T05,2,BG11,13,0.01602715714025843,0.0007693419771707559
T05,2,BG11,14,0.016299838480406618,0.0009580382824600621
T05,2,BG11,15,0.016631509651181917,0.0012013863980058412
T05,2,BG11,16,0.016907781823306104,0.001505949207955833
T05,2,BG11,17,0.017162491719410238,0.0018897609897137939
T05,2,BG11,18,0.01749696394507292,0.0023856368450984357
T05,2,BG11,19,0.017967111509076403,0.0030343720238472697
T05,2,BG11,20,0.018865007570831944,0.003940552499473395
T05,2,BG11,21,0.020193694562811396,0.005197455832247288
T05,2,BG11,22,0.022324027750474755,0.007033360136660175
T05,2,BG11,23,0.024724557750499816,0.009441696047796223
T05,2,BG11,24,0.027069801625349083,0.012362775646168363
T05,2,BG11,25,0.035628203418915115,0.019134378448924433
T05,2,BG11,26,0.040333917203493046,0.02497499851117236
T05,2,BG11,27,0.04405729396255308,0.030781543215806877
T05,2,BG11,28,0.04669198189240624,0.036005739650929944
T05,2,BG11,29,0.04860574672294638,0.04050555992684269
T05,2,BG11,30,0.04980537913995649,0.04401325470134721
T05,2,BG11,31,0.050543078895693386,0.0466123602916671
T05,2,BG11,32,0.0509878250383364,0.048447825239405495
T05,2,BG11,33,0.0512906632341779,0.049725065523929565
T05,2,BG11,34,0.05143205369381814,0.05051444130026173
T05,2,BG11,35,0.0515016648129844,0.05099174799165064
T05,2,BG11,36,0.05158987107927721,0.05158987107927721
T05,2,BG12,0,0.0,0.0
T05,2,BG12,1,0.0035346660548817325,2.0477207296460746e-05
T05,2,BG12,2,0.006681366550969655,4.521925591186611e-05
T05,2,BG12,3,0.009438493170823922,7.488015207175572e-05
T05,2,BG12,4,0.011792835391810943,0.00011005561425261347
T05,2,BG12,5,0.013808458669529327,0.00015214132708645897
T05,2,BG12,6,0.015717876881654,0.00020522757843605634
T05,2,BG12,7,0.017132185871159576,0.0002661204768888114
T05,2,BG12,8,0.01830254374011529,0.00033957290816161645
T05,2,BG12,9,0.01930628977033591,0.00042958758395060157
T05,2,BG12,10,0.019930734565792606,0.0005340924974375819
T05,2,BG12,11,0.020158928319246112,0.000653326175397495
T05,2,BG12,12,0.020231775797942712,0.0007963348438372983
T05,2,BG12,13,0.020361756415606,0.0009774131350480286
T05,2,BG12,14,0.020268427127883806,0.0011912957934185379
T05,2,BG12,15,0.020290275549735205,0.0014656793998842098
T05,2,BG12,16,0.02023704991848016,0.0018024818097241353
T05,2,BG12,17,0.020279197219368893,0.0022329412601405337
T05,2,BG12,18,0.02031759305125957,0.002770217674642767
T05,2,BG12,19,0.020391723484267526,0.0034438521395383096
T05,2,BG12,20,0.02034190981416505,0.004249050160704404
T05,2,BG12,21,0.020301363864234583,0.005225167768613967
T05,2,BG12,22,0.02052176767852996,0.006465543956921472
T05,2,BG12,23,0.02105323227055857,0.0080397078220689
T05,2,BG12,24,0.02287710981410809,0.010447973657863294
T05,2,BG12,25,0.03445197621937129,0.018502677358169663
T05,2,BG12,26,0.039912566641757415,0.024714095714223627
T05,2,BG12,27,0.0441252159708782,0.030828998324416795
T05,2,BG12,28,0.04726550021441168,0.03644799865875312
T05,2,BG12,29,0.049635492719081804,0.04136369786527937
T05,2,BG12,30,0.05123479901737201,0.04527644010237763
T05,2,BG12,31,0.05229260500199723,0.048225826245752036
T05,2,BG12,32,0.05281915193926323,0.050187923031316285
T05,2,BG12,33,0.05309360180682528,0.05147297101508012
T05,2,BG12,34,0.05323593209531875,0.052286136189373146
T05,2,BG12,35,0.053316656502924706,0.052788769552553086
T05,2,BG12,36,0.05342024823201756,0.05342024823201756
T05,2,BG13,0,0.0,0.0
T05,2,BG13,1,0.0030113975929225677,1.74457817993491e-05
T05,2,BG13,2,0.005702310349098593,3.859303773734615e-05
T05,2,BG13,3,0.008016411027057182,6.359808382079295e-05
T05,2,BG13,4,0.010009013644829222,9.34082518842936e-05
T05,2,BG13,5,0.011620894313834677,0.00012803878604793534
T05,2,BG13,6,0.013153333306322373,0.0001717424538469158
T05,2,BG13,7,0.01432506296065945,0.00022251641571391877
T05,2,BG13,8,0.015246142319181828,0.0002828665219841971
T05,2,BG13,9,0.016001384377441197,0.0003560495644720505
T05,2,BG13,10,0.016525852016264164,0.00044285039022000876
T05,2,BG13,11,0.01676061276568316,0.0005431909280253046
T05,2,BG13,12,0.016886121345819998,0.0006646478764550051
T05,2,BG13,13,0.016905335121805625,0.0008114966213661378
T05,2,BG13,14,0.016822511577873657,0.0009887588802490828
T05,2,BG13,15,0.01680890838350132,0.0012142008963906073
T05,2,BG13,16,0.016649385958726275,0.0014829342976669174
T05,2,BG13,17,0.016694447332469078,0.0018382246443514347
T05,2,BG13,18,0.016727806536188407,0.002280765496174092
T05,2,BG13,19,0.016821952945149255,0.002840972158787493
T05,2,BG13,20,0.016921848374333515,0.0035346623356935438
T05,2,BG13,21,0.01720082782397664,0.004427151402294745
T05,2,BG13,22,0.017964433238219536,0.005659835680887069
T05,2,BG13,23,0.019040450339663544,0.007271076227609945
T05,2,BG13,24,0.02072709936380765,0.00946606414454368
T05,2,BG13,25,0.030726007635765624,0.016501619650471488
T05,2,BG13,26,0.035584527574116336,0.022034148505712677
T05,2,BG13,27,0.039254409232258515,0.027425908059197233
T05,2,BG13,28,0.04194599437948855,0.0323459507694353
T05,2,BG13,29,0.043984507293071066,0.036654453793611735
T05,2,BG13,30,0.04530693120266363,0.04003795467257981
T05,2,BG13,31,0.0461812293397769,0.04258973026613245
T05,2,BG13,32,0.04666095475925202,0.04433650147026373
T05,2,BG13,33,0.046902985896431174,0.045471317800652784
T05,2,BG13,34,0.047006666917138236,0.046168008983897946
T05,2,BG13,35,0.047054735401175204,0.04658884726680261
T05,2,BG13,36,0.04712706885861545,0.04712706885861545
T05,2,BG14,0,0.0,0.0
T05,2,BG14,1,0.0046805341542546725,2.7115508601082826e-05
T05,2,BG14,2,0.008851605705325068,5.990735874795276e-05
T05,2,BG14,3,0.012272955281677643,9.736731738331527e-05
T05,2,BG14,4,0.015327186677480493,0.00014303964137609703
T05,2,BG14,5,0.017886436917141132,0.00019707241347099148
T05,2,BG14,6,0.02032818934726764,0.00026542421193088625
T05,2,BG14,7,0.02217999696080837,0.00034452996288491795
T05,2,BG14,8,0.023613838677298358,0.0004381150491065938
T05,2,BG14,9,0.024611278651166767,0.0005476298074595571
T05,2,BG14,10,0.02515361922784433,0.0006740523937321904
T05,2,BG14,11,0.025124846253266064,0.0008142654893907161
T05,2,BG14,12,0.024684488853125304,0.0009715963016827597
T05,2,BG14,13,0.024630624697308277,0.0011823290459207862
T05,2,BG14,14,0.024958015848165885,0.001466930767108418
T05,2,BG14,15,0.02571793212446504,0.0018577492106750556
T05,2,BG14,16,0.026853949104672273,0.0023918384856043374
T05,2,BG14,17,0.028422392367588204,0.003129588019120365
T05,2,BG14,18,0.030217656856896882,0.004120049403686748
T05,2,BG14,19,0.03167028230215828,0.005348629287634088
T05,2,BG14,20,0.03325294630401488,0.0069459277865470655
T05,2,BG14,21,0.03464425367874878,0.008916742706588938
T05,2,BG14,22,0.035917450121407374,0.011316074540199625
T05,2,BG14,23,0.037328339055766505,0.01425476787645761
T05,2,BG14,24,0.039176194436599275,0.01789176399269589
T05,2,BG14,25,0.04882522301602714,0.02622193120001459
T05,2,BG14,26,0.05397744509574848,0.03342315112228333
T05,2,BG14,27,0.05811770606028685,0.04060514210111946
T05,2,BG14,28,0.0612085911299445,0.04719997962698044
T05,2,BG14,29,0.0635177896975892,0.052932498807824795
T05,2,BG14,30,0.06506854600441264,0.05750138937602682
T05,2,BG14,31,0.0660747708635282,0.06093615773180946
T05,2,BG14,32,0.06658910333698188,0.06327191321673122
T05,2,BG14,33,0.06690765365928585,0.06486536243378949
T05,2,BG14,34,0.06709323580280475,0.0658962081481849
T05,2,BG14,35,0.06720628947773258,0.0665408812638292
T05,2,BG14,36,0.06734173972605492,0.06734173972605492
T05,2,BG15,0,0.0,0.0
T05,2,BG15,1,0.0020119018106881724,1.1655451973765247e-05
T05,2,BG15,2,0.0038568791941685767,2.610322396498183e-05
T05,2,BG15,3,0.005342263089979046,4.238276863376582e-05
T05,2,BG15,4,0.0066475053266168175,6.203726732898889e-05
T05,2,BG15,5,0.007742069264300109,8.530196780162205e-05
T05,2,BG15,6,0.008724575726491808,0.0001139163744477762
T05,2,BG15,7,0.009533001668840219,0.00014807958389943595
T05,2,BG15,8,0.010137616338960924,0.0001880864168236312
T05,2,BG15,9,0.010679667257867257,0.00023763511764137647
T05,2,BG15,10,0.011002821762284162,0.00029484736565734695
T05,2,BG15,11,0.011308283779481718,0.00036648762499548394
T05,2,BG15,12,0.011398759034740845,0.00044866200077233126
T05,2,BG15,13,0.01159025993293717,0.0005563602706870968
T05,2,BG15,14,0.011722685958796017,0.0006890118505575298
T05,2,BG15,15,0.011924177659470174,0.000861349638641472
T05,2,BG15,16,0.011997915284610017,0.0010686352062352922
T05,2,BG15,17,0.012112217556062645,0.001333675590256394
T05,2,BG15,18,0.01228756517351203,0.0016753574194713853
T05,2,BG15,19,0.012484611973352521,0.002108461177732199
T05,2,BG15,20,0.012943561064225353,0.002703671403987284
T05,2,BG15,21,0.013461457526250095,0.003464711739331579
T05,2,BG15,22,0.014520816176189624,0.004574897074462298
T05,2,BG15,23,0.015807695016198574,0.00603656709118758
T05,2,BG15,24,0.017267522103777144,0.00788607555816898
T05,2,BG15,25,0.023706966293481374,0.01273199382119219
T05,2,BG15,26,0.02711286186529253,0.01678844334264307
T05,2,BG15,27,0.029597814841800303,0.020679127931661236
T05,2,BG15,28,0.03131202011339144,0.024145739753928825
T05,2,BG15,29,0.0326894583352103,0.027241733870053464
T05,2,BG15,30,0.033692576329777305,0.029774292984495822
T05,2,BG15,31,0.03442513642366759,0.03174790486497442
T05,2,BG15,32,0.03488312176472228,0.033145390843731234
T05,2,BG15,33,0.0351473847593333,0.03407454503868349
T05,2,BG15,34,0.03528881836623747,0.034659221484221805
T05,2,BG15,35,0.03536379881036598,0.0350136625070148
T05,2,BG15,36,0.03545460942914909,0.03545460942914909
