task,seed,background,comparison,D_BG_px_common,D_early_middle_px_common,D_other_px_common,Recovery_early_middle,Recovery_other,Delta_recovery,absolute_improvement_px,paired_future_fraction
Original,0,BG1,early,2.4180679321289062,2.0131337642669678,2.3460583686828613,0.16746186937387197,0.029779797412411213,0.13768207196146076,0.33292460441589355,1.0
Original,0,BG1,middle,2.4180679321289062,2.0131337642669678,2.07889461517334,0.16746186937387197,0.14026625184772623,0.027195617526145743,0.06576085090637207,1.0
Original,0,BG1,late,2.4180679321289062,2.0131337642669678,2.4237172603607178,0.16746186937387197,-0.0023362942510365414,0.16979816362490852,0.41058349609375,1.0
Original,0,BG1,full,2.4180679321289062,2.0131337642669678,2.0125269889831543,0.16746186937387197,0.1677128033006,-0.0002509339267280364,-0.0006067752838134766,1.0
Original,0,BG2,early,0.5472681522369385,0.5291110277175903,0.5530597567558289,0.033177765074313026,-0.010582736067118237,0.04376050114143126,0.023948729038238525,1.0
Original,0,BG2,middle,0.5472681522369385,0.5291110277175903,0.5224553942680359,0.033177765074313026,0.045339322988352526,-0.0121615579140395,-0.006655633449554443,1.0
Original,0,BG2,late,0.5472681522369385,0.5291110277175903,0.568141520023346,0.033177765074313026,-0.038141005135559736,0.07131877020987276,0.039030492305755615,1.0
Original,0,BG2,full,0.5472681522369385,0.5291110277175903,0.5480138063430786,0.033177765074313026,-0.0013624839842543146,0.03454024905856734,0.01890277862548828,1.0
Original,0,BG3,early,2.7398698329925537,2.3400206565856934,2.580782651901245,0.14593729239712172,0.05806377682435804,0.08787351557276368,0.24076199531555176,1.0
Original,0,BG3,middle,2.7398698329925537,2.3400206565856934,2.394590377807617,0.14593729239712172,0.12602038964296702,0.019916902754154697,0.05456972122192383,1.0
Original,0,BG3,late,2.7398698329925537,2.3400206565856934,2.738072395324707,0.14593729239712172,0.0006560339617751598,0.14528125843534656,0.39805173873901367,1.0
Original,0,BG3,full,2.7398698329925537,2.3400206565856934,2.3433289527893066,0.14593729239712172,0.1447298276658775,0.0012074647312442233,0.0033082962036132812,1.0
Original,0,BG4,early,2.1726555824279785,1.9778505563735962,2.1188392639160156,0.08966217965392498,0.024769838670942845,0.06489234098298213,0.14098870754241943,1.0
Original,0,BG4,middle,2.1726555824279785,1.9778505563735962,2.0435080528259277,0.08966217965392498,0.05944225124872471,0.03021992840520027,0.06565749645233154,1.0
Original,0,BG4,late,2.1726555824279785,1.9778505563735962,2.177035331726074,0.08966217965392498,-0.0020158460979089465,0.09167802575183392,0.19918477535247803,1.0
Original,0,BG4,full,2.1726555824279785,1.9778505563735962,1.9813740253448486,0.08966217965392498,0.08804044587175897,0.0016217337821660127,0.0035234689712524414,1.0
Original,0,BG5,early,6.009836196899414,5.123404026031494,5.635916709899902,0.14749689514836983,0.062217918114015225,0.08527897703435461,0.5125126838684082,1.0
Original,0,BG5,middle,6.009836196899414,5.123404026031494,5.36676549911499,0.14749689514836983,0.10700303396724287,0.04049386118112697,0.2433614730834961,1.0
Original,0,BG5,late,6.009836196899414,5.123404026031494,5.907296180725098,0.14749689514836983,0.017062033413922095,0.13043486173444774,0.7838921546936035,1.0
Original,0,BG5,full,6.009836196899414,5.123404026031494,5.081877708435059,0.14749689514836983,0.15440662049974674,-0.006909725351376905,-0.04152631759643555,1.0
Original,0,BG6,early,16.993370056152344,14.720932006835938,16.82112693786621,0.13372497924014992,0.010135901684928839,0.12358907755522108,2.1001949310302734,1.0
Original,0,BG6,middle,16.993370056152344,14.720932006835938,16.684131622314453,0.13372497924014992,0.018197593687071967,0.11552738555307795,1.9631996154785156,1.0
Original,0,BG6,late,16.993370056152344,14.720932006835938,16.892135620117188,0.13372497924014992,0.00595729073403739,0.12776768850611253,2.17120361328125,1.0
Original,0,BG6,full,16.993370056152344,14.720932006835938,14.848289489746094,0.13372497924014992,0.1262304397571412,0.007494539483008711,0.12735748291015625,1.0
Original,0,BG7,early,3.6982169151306152,2.956228256225586,3.2467918395996094,0.20063416612015628,0.1220656047684553,0.07856856135170098,0.29056358337402344,1.0
Original,0,BG7,middle,3.6982169151306152,2.956228256225586,3.363632917404175,0.20063416612015628,0.09047170961033424,0.11016245650982204,0.40740466117858887,1.0
Original,0,BG7,late,3.6982169151306152,2.956228256225586,3.7008769512176514,0.20063416612015628,-0.0007192725956555179,0.2013534387158118,0.7446486949920654,1.0
Original,0,BG7,full,3.6982169151306152,2.956228256225586,3.0345470905303955,0.20063416612015628,0.17945670793142565,0.021177458188730625,0.07831883430480957,1.0
Original,0,BG8,early,25.3856143951416,26.236251831054688,25.30289077758789,-0.03350864045822721,0.003258681323740409,-0.03676732178196762,-0.9333610534667969,1.0
Original,0,BG8,middle,25.3856143951416,26.236251831054688,26.36617660522461,-0.03350864045822721,-0.03862668771508648,0.0051180472568592705,0.12992477416992188,1.0
Original,0,BG8,late,25.3856143951416,26.236251831054688,26.788440704345703,-0.03350864045822721,-0.05526067940746682,0.021752038949239605,0.5521888732910156,1.0
Original,0,BG8,full,25.3856143951416,26.236251831054688,26.32223892211914,-0.03350864045822721,-0.036895877406372124,0.0033872369481449116,0.08598709106445312,1.0
Original,0,BG9,early,13.222055435180664,10.456460952758789,12.733282089233398,0.20916524695333305,0.036966518403567905,0.17219872854976515,2.2768211364746094,1.0
Original,0,BG9,middle,13.222055435180664,10.456460952758789,12.247547149658203,0.20916524695333305,0.0737032377123833,0.13546200924094975,1.791086196899414,1.0
Original,0,BG9,late,13.222055435180664,10.456460952758789,13.163363456726074,0.20916524695333305,0.004438945873274425,0.20472630108005863,2.706902503967285,1.0
Original,0,BG9,full,13.222055435180664,10.456460952758789,10.516501426696777,0.20916524695333305,0.20462431349658583,0.00454093345674722,0.06004047393798828,1.0
Original,0,BG10,early,23.93341064453125,22.800077438354492,24.006515502929688,0.047353602565716524,-0.0030545102598904528,0.05040811282560698,1.2064380645751953,1.0
Original,0,BG10,middle,23.93341064453125,22.800077438354492,23.209409713745117,0.047353602565716524,0.03025063795698757,0.017102964608728954,0.409332275390625,1.0
Original,0,BG10,late,23.93341064453125,22.800077438354492,24.013086318969727,0.047353602565716524,-0.003329056004117481,0.050682658569834005,1.2130088806152344,1.0
Original,0,BG10,full,23.93341064453125,22.800077438354492,22.91522979736328,0.047353602565716524,0.04254223820687253,0.004811364358843995,0.11515235900878906,1.0
Original,0,BG11,early,13.86436939239502,11.753270149230957,13.4765043258667,0.15226796054636127,0.027975673849350735,0.12429228669701053,1.7232341766357422,1.0
Original,0,BG11,middle,13.86436939239502,11.753270149230957,13.089929580688477,0.15226796054636127,0.05585827953868294,0.09640968100767833,1.3366594314575195,1.0
Original,0,BG11,late,13.86436939239502,11.753270149230957,13.87132740020752,0.15226796054636127,-0.0005018618308956224,0.1527698223772569,2.1180572509765625,1.0
Original,0,BG11,full,13.86436939239502,11.753270149230957,11.843323707580566,0.15226796054636127,0.14577263748218694,0.00649532306417433,0.09005355834960938,1.0
Original,0,BG12,early,3.8575217723846436,3.4390530586242676,3.3906807899475098,0.10848123416212752,0.12102096080674418,-0.012539726644616667,-0.04837226867675781,1.0
Original,0,BG12,middle,3.8575217723846436,3.4390530586242676,3.8639512062072754,0.10848123416212752,-0.001666723918965829,0.11014795808109334,0.4248981475830078,1.0
Original,0,BG12,late,3.8575217723846436,3.4390530586242676,3.795283555984497,0.10848123416212752,0.016134251447226355,0.09234698271490116,0.3562304973602295,1.0
Original,0,BG12,full,3.8575217723846436,3.4390530586242676,3.411832332611084,0.10848123416212752,0.11553776619196254,-0.007056532029835028,-0.027220726013183594,1.0
Original,0,BG13,early,0.7604745626449585,1.091633915901184,0.7224540710449219,-0.4354640577980684,0.0499957565547523,-0.4854598143528207,-0.3691798448562622,1.0
Original,0,BG13,middle,0.7604745626449585,1.091633915901184,1.1244007349014282,-0.4354640577980684,-0.4785513879717518,0.04308733017368338,0.03276681900024414,1.0
Original,0,BG13,late,0.7604745626449585,1.091633915901184,0.7205047011375427,-0.4354640577980684,0.05255911630075827,-0.4880231740988267,-0.37112921476364136,1.0
Original,0,BG13,full,0.7604745626449585,1.091633915901184,1.0898025035858154,-0.4354640577980684,-0.43305580855312775,-0.0024082492449406523,-0.0018314123153686523,1.0
Original,0,BG14,early,14.419865608215332,12.048704147338867,14.316675186157227,0.16443714065415338,0.00715612993839243,0.15728101071576095,2.2679710388183594,1.0
Original,0,BG14,middle,14.419865608215332,12.048704147338867,13.466046333312988,0.16443714065415338,0.06614619790197418,0.0982909427521792,1.417342185974121,1.0
Original,0,BG14,late,14.419865608215332,12.048704147338867,14.414838790893555,0.16443714065415338,0.0003486043112238546,0.16408853634292953,2.3661346435546875,1.0
Original,0,BG14,full,14.419865608215332,12.048704147338867,12.046815872192383,0.16443714065415338,0.16456809022029217,-0.00013094956613879383,-0.001888275146484375,1.0
Original,0,BG15,early,5.427455425262451,4.793853282928467,5.19488525390625,0.11674018513674733,0.0428506846588147,0.07388950047793263,0.4010319709777832,1.0
Original,0,BG15,middle,5.427455425262451,4.793853282928467,4.996273040771484,0.11674018513674733,0.07944466788056015,0.03729551725618718,0.20241975784301758,1.0
Original,0,BG15,late,5.427455425262451,4.793853282928467,5.391067981719971,0.11674018513674733,0.006704330229239552,0.11003585490750778,0.5972146987915039,1.0
Original,0,BG15,full,5.427455425262451,4.793853282928467,4.805342674255371,0.11674018513674733,0.1146232831254923,0.0021169020112550285,0.011489391326904297,1.0
Original,1,BG1,early,1.3454056978225708,0.9017307162284851,1.2803444862365723,0.3297704097837799,0.04835806865372583,0.2814123411300541,0.37861377000808716,1.0
Original,1,BG1,middle,1.3454056978225708,0.9017307162284851,0.9992891550064087,0.3297704097837799,0.2572581272724964,0.0725122825112835,0.09755843877792358,1.0
Original,1,BG1,late,1.3454056978225708,0.9017307162284851,1.3322315216064453,0.3297704097837799,0.009791980322015115,0.3199784294617648,0.4305008053779602,1.0
Original,1,BG1,full,1.3454056978225708,0.9017307162284851,0.9018138647079468,0.3297704097837799,0.32970860799493795,6.180178884196419e-05,8.314847946166992e-05,1.0
Original,1,BG2,early,0.09256619215011597,0.13952597975730896,0.10190919786691666,-0.507310190073885,-0.10093312137457056,-0.40637706869931445,-0.0376167818903923,1.0
Original,1,BG2,middle,0.09256619215011597,0.13952597975730896,0.13226324319839478,-0.507310190073885,-0.42885027284474253,-0.07845991722914247,-0.007262736558914185,1.0
Original,1,BG2,late,0.09256619215011597,0.13952597975730896,0.13187545537948608,-0.507310190073885,-0.4246609703790345,-0.0826492196948505,-0.007650524377822876,1.0
Original,1,BG2,full,0.09256619215011597,0.13952597975730896,0.1828729659318924,-0.507310190073885,-0.9755911086783557,0.46828091860447074,0.043346986174583435,1.0
Original,1,BG3,early,1.5806487798690796,1.3215488195419312,1.4852421283721924,0.16392001309070614,0.06035917789478673,0.10356083519591941,0.16369330883026123,1.0
Original,1,BG3,middle,1.5806487798690796,1.3215488195419312,1.4092521667480469,0.16392001309070614,0.10843434937575791,0.05548566371494823,0.08770334720611572,1.0
Original,1,BG3,late,1.5806487798690796,1.3215488195419312,1.562253475189209,0.16392001309070614,0.01163782542824976,0.15228218766245638,0.24070465564727783,1.0
Original,1,BG3,full,1.5806487798690796,1.3215488195419312,1.304924488067627,0.16392001309070614,0.17443742314463795,-0.010517410053931808,-0.0166243314743042,1.0
Original,1,BG4,early,1.2589232921600342,1.0196030139923096,1.1730024814605713,0.19009918059114783,0.06824944820072965,0.12184973239041819,0.15339946746826172,1.0
Original,1,BG4,middle,1.2589232921600342,1.0196030139923096,1.087485671043396,0.19009918059114783,0.13617797908934492,0.05392120150180291,0.06788265705108643,1.0
Original,1,BG4,late,1.2589232921600342,1.0196030139923096,1.2420401573181152,0.19009918059114783,0.013410781111884318,0.1766883994792635,0.22243714332580566,1.0
Original,1,BG4,full,1.2589232921600342,1.0196030139923096,1.0034801959991455,0.19009918059114783,0.20290601160738286,-0.012806831016235032,-0.016122817993164062,1.0
Original,1,BG5,early,3.0308902263641357,2.465747594833374,2.893641948699951,0.18646093967715183,0.04528316004898547,0.14117777962816636,0.42789435386657715,1.0
Original,1,BG5,middle,3.0308902263641357,2.465747594833374,2.6001322269439697,0.18646093967715183,0.14212260287489142,0.0443383368022604,0.1343846321105957,1.0
Original,1,BG5,late,3.0308902263641357,2.465747594833374,2.924285888671875,0.18646093967715183,0.03517261905866431,0.15128832061848752,0.458538293838501,1.0
Original,1,BG5,full,3.0308902263641357,2.465747594833374,2.3642578125,0.18646093967715183,0.21994607916380038,-0.03348513948664855,-0.10148978233337402,1.0
Original,1,BG6,early,8.414840698242188,8.016642570495605,8.237154960632324,0.047320935897996796,0.02111575890388795,0.026205176994108847,0.22051239013671875,1.0
Original,1,BG6,middle,8.414840698242188,8.016642570495605,8.300683975219727,0.047320935897996796,0.013566119309976643,0.03375481658802015,0.2840414047241211,1.0
Original,1,BG6,late,8.414840698242188,8.016642570495605,8.36382007598877,0.047320935897996796,0.0060631726757994775,0.04125776322219732,0.34717750549316406,1.0
Original,1,BG6,full,8.414840698242188,8.016642570495605,7.992938995361328,0.047320935897996796,0.050137813359629635,-0.0028168774616328385,-0.023703575134277344,1.0
Original,1,BG7,early,0.5526313185691833,1.0317659378051758,0.33342617750167847,-0.8670058761896811,0.3966571197384856,-1.2636629959281667,-0.6983397603034973,1.0
Original,1,BG7,middle,0.5526313185691833,1.0317659378051758,1.1628751754760742,-0.8670058761896811,-1.1042512708913406,0.2372453947016595,0.13110923767089844,1.0
Original,1,BG7,late,0.5526313185691833,1.0317659378051758,0.5540469884872437,-0.8670058761896811,-0.002561671488523043,-0.864444204701158,-0.47771894931793213,1.0
Original,1,BG7,full,0.5526313185691833,1.0317659378051758,1.070735216140747,-0.8670058761896811,-0.9375217451261502,0.0705158689364691,0.03896927833557129,1.0
Original,1,BG8,early,20.541980743408203,15.923721313476562,19.25558090209961,0.22482055140497625,0.06262297033333375,0.1621975810716425,3.331859588623047,1.0
Original,1,BG8,middle,20.541980743408203,15.923721313476562,17.824874877929688,0.22482055140497625,0.13227088020845845,0.0925496711965178,1.901153564453125,1.0
Original,1,BG8,late,20.541980743408203,15.923721313476562,20.58344841003418,0.22482055140497625,-0.0020186785842983834,0.22683922998927464,4.659727096557617,1.0
Original,1,BG8,full,20.541980743408203,15.923721313476562,16.025896072387695,0.22482055140497625,0.21984660268320166,0.00497394872177459,0.10217475891113281,1.0
Original,1,BG9,early,7.5841546058654785,6.970559597015381,7.299147605895996,0.08090486678192232,0.03757927210150347,0.043325594680418855,0.32858800888061523,1.0
Original,1,BG9,middle,7.5841546058654785,6.970559597015381,7.5483856201171875,0.08090486678192232,0.004716279870331852,0.07618858691159047,0.5778260231018066,1.0
Original,1,BG9,late,7.5841546058654785,6.970559597015381,7.5705108642578125,0.08090486678192232,0.001798981204724437,0.07910588557719789,0.5999512672424316,1.0
Original,1,BG9,full,7.5841546058654785,6.970559597015381,6.965539455413818,0.08090486678192232,0.0815667917894981,-0.000661925007575781,-0.0050201416015625,1.0
Original,1,BG10,early,17.569000244140625,14.617830276489258,16.72043228149414,0.1679759767181882,0.04829916104341203,0.11967681567477617,2.102602005004883,1.0
Original,1,BG10,middle,17.569000244140625,14.617830276489258,15.468240737915039,0.1679759767181882,0.11957194409684657,0.04840403262134163,0.8504104614257812,1.0
Original,1,BG10,late,17.569000244140625,14.617830276489258,17.547344207763672,0.1679759767181882,0.0012326282693205792,0.16674334844886762,2.929513931274414,1.0
Original,1,BG10,full,17.569000244140625,14.617830276489258,14.588526725769043,0.1679759767181882,0.1696438889668267,-0.0016679122486384923,-0.029303550720214844,1.0
Original,1,BG11,early,7.897454261779785,7.483389854431152,7.750443458557129,0.05243011267924924,0.018614962260430468,0.033815150418818773,0.26705360412597656,1.0
Original,1,BG11,middle,7.897454261779785,7.483389854431152,7.830070495605469,0.05243011267924924,0.008532341417297085,0.043897771261952157,0.3466806411743164,1.0
Original,1,BG11,late,7.897454261779785,7.483389854431152,7.925926208496094,0.05243011267924924,-0.0036052043780800958,0.05603531705732934,0.4425363540649414,1.0
Original,1,BG11,full,7.897454261779785,7.483389854431152,7.508365631103516,0.05243011267924924,0.04926760286116649,0.0031625098180827482,0.02497577667236328,1.0
Original,1,BG12,early,2.2352547645568848,2.055753231048584,2.1391806602478027,0.0803047355279154,0.04298128132983303,0.03732345419808236,0.08342742919921875,1.0
Original,1,BG12,middle,2.2352547645568848,2.055753231048584,2.1582655906677246,0.0803047355279154,0.034443135863303276,0.04586159966461212,0.10251235961914062,1.0
Original,1,BG12,late,2.2352547645568848,2.055753231048584,2.17588472366333,0.0803047355279154,0.02656075341806352,0.05374398210985187,0.1201314926147461,1.0
Original,1,BG12,full,2.2352547645568848,2.055753231048584,2.0073399543762207,0.0803047355279154,0.10196368788691912,-0.021658952359003725,-0.04841327667236328,1.0
Original,1,BG13,early,0.6818767189979553,1.0079562664031982,0.6222549676895142,-0.4782089247779866,0.08743774171037888,-0.5656466664883655,-0.3857012987136841,1.0
Original,1,BG13,middle,0.6818767189979553,1.0079562664031982,1.0277137756347656,-0.4782089247779866,-0.5071841169078044,0.028975192129817806,0.019757509231567383,1.0
Original,1,BG13,late,0.6818767189979553,1.0079562664031982,0.6536499857902527,-0.4782089247779866,0.04139566875846168,-0.5196045935364483,-0.35430628061294556,1.0
Original,1,BG13,full,0.6818767189979553,1.0079562664031982,0.9995062947273254,-0.4782089247779866,-0.4658166970973465,-0.012392227680640078,-0.008449971675872803,1.0
Original,1,BG14,early,8.05540657043457,7.4957594871521,7.918280124664307,0.06947471709767872,0.017022909321960822,0.052451807775717896,0.42252063751220703,1.0
Original,1,BG14,middle,8.05540657043457,7.4957594871521,7.875569820404053,0.06947471709767872,0.022324976180260858,0.04714974091741786,0.3798103332519531,1.0
Original,1,BG14,late,8.05540657043457,7.4957594871521,8.068563461303711,0.06947471709767872,-0.0016332981753020004,0.07110801527298072,0.5728039741516113,1.0
Original,1,BG14,full,8.05540657043457,7.4957594871521,7.516833305358887,0.06947471709767872,0.06685860852558356,0.002616108572095155,0.02107381820678711,1.0
Original,1,BG15,early,2.526517152786255,2.1697018146514893,2.4050846099853516,0.1412281513026683,0.04806322101805427,0.09316493028461403,0.2353827953338623,1.0
Original,1,BG15,middle,2.526517152786255,2.1697018146514893,2.2990314960479736,0.1412281513026683,0.09003923269906033,0.05118891860360797,0.12932968139648438,1.0
Original,1,BG15,late,2.526517152786255,2.1697018146514893,2.495269298553467,0.1412281513026683,0.01236796040535415,0.12886019089731415,0.32556748390197754,1.0
Original,1,BG15,full,2.526517152786255,2.1697018146514893,2.1406302452087402,0.1412281513026683,0.15273473034790574,-0.011506579045237442,-0.029071569442749023,1.0
Original,2,BG1,early,0.5151075124740601,0.4156568944454193,0.4943355917930603,0.1930677066236185,0.040325426779310614,0.15274227984430788,0.07867869734764099,1.0
Original,2,BG1,middle,0.5151075124740601,0.4156568944454193,0.4504041075706482,0.1930677066236185,0.12561147348934365,0.06745623313427485,0.03474721312522888,1.0
Original,2,BG1,late,0.5151075124740601,0.4156568944454193,0.5049828886985779,0.1930677066236185,0.019655379379539317,0.17341232724407918,0.08932599425315857,1.0
Original,2,BG1,full,0.5151075124740601,0.4156568944454193,0.40942543745040894,0.1930677066236185,0.20516509740735367,-0.012097390783735174,-0.006231456995010376,1.0
Original,2,BG2,early,0.12120405584573746,0.05344756320118904,0.11109640449285507,0.5590282980340406,0.08339374824064827,0.47563454979339237,0.05764884129166603,1.0
Original,2,BG2,middle,0.12120405584573746,0.05344756320118904,0.05135983228683472,0.5590282980340406,0.5762532227903726,-0.017224924756331972,-0.0020877309143543243,1.0
Original,2,BG2,late,0.12120405584573746,0.05344756320118904,0.08888301998376846,0.5590282980340406,0.2666663501462535,0.29236194788778713,0.03543545678257942,1.0
Original,2,BG2,full,0.12120405584573746,0.05344756320118904,0.05910057574510574,0.5590282980340406,0.5123878449727417,0.04664045306129894,0.005653012543916702,1.0
Original,2,BG3,early,0.6737686395645142,0.5789393186569214,0.6267186999320984,0.14074464724484448,0.06983101642207046,0.07091363082277402,0.047779381275177,1.0
Original,2,BG3,middle,0.6737686395645142,0.5789393186569214,0.6294058561325073,0.14074464724484448,0.0658427688208415,0.07490187842400298,0.05046653747558594,1.0
Original,2,BG3,late,0.6737686395645142,0.5789393186569214,0.6811624765396118,0.14074464724484448,-0.010973836464306386,0.15171848370915086,0.10222315788269043,1.0
Original,2,BG3,full,0.6737686395645142,0.5789393186569214,0.5869000554084778,0.14074464724484448,0.128929409541663,0.011815237703181491,0.007960736751556396,1.0
Original,2,BG4,early,0.49805107712745667,0.47225284576416016,0.45249873399734497,0.051798383800524594,0.0914612061040524,-0.0396628223035278,-0.019754111766815186,1.0
Original,2,BG4,middle,0.49805107712745667,0.47225284576416016,0.5008919835090637,0.051798383800524594,-0.005704026062852474,0.05750240986337707,0.028639137744903564,1.0
Original,2,BG4,late,0.49805107712745667,0.47225284576416016,0.5016688108444214,0.051798383800524594,-0.007263760305855849,0.05906214410638044,0.02941596508026123,1.0
Original,2,BG4,full,0.49805107712745667,0.47225284576416016,0.4812288284301758,0.051798383800524594,0.033776171023547796,0.018022212776976798,0.008975982666015625,1.0
Original,2,BG5,early,1.9634336233139038,1.5923354625701904,1.8186872005462646,0.18900469282344423,0.07372107226427338,0.11528362055917085,0.22635173797607422,1.0
Original,2,BG5,middle,1.9634336233139038,1.5923354625701904,1.7045869827270508,0.18900469282344423,0.1318336643495145,0.05717102847392974,0.11225152015686035,1.0
Original,2,BG5,late,1.9634336233139038,1.5923354625701904,1.891933798789978,0.18900469282344423,0.03641571240849506,0.15258898041494917,0.2995983362197876,1.0
Original,2,BG5,full,1.9634336233139038,1.5923354625701904,1.5787746906280518,0.18900469282344423,0.1959113545572817,-0.006906661733837471,-0.013560771942138672,1.0
Original,2,BG6,early,12.718385696411133,8.9994478225708,11.852801322937012,0.29240643975482483,0.06805772394823617,0.22434871580658866,2.853353500366211,1.0
Original,2,BG6,middle,12.718385696411133,8.9994478225708,11.069147109985352,0.29240643975482483,0.12967357921803135,0.16273286053679348,2.069699287414551,1.0
Original,2,BG6,late,12.718385696411133,8.9994478225708,12.701862335205078,0.29240643975482483,0.0012991720480474145,0.2911072677067774,3.7024145126342773,1.0
Original,2,BG6,full,12.718385696411133,8.9994478225708,8.9530029296875,0.29240643975482483,0.29605823126008557,-0.0036517915052607375,-0.04644489288330078,1.0
Original,2,BG7,early,0.3525125980377197,0.5398524403572083,0.280283123254776,-0.5314415088933293,0.20489901108789554,-0.7363405199812249,-0.25956931710243225,1.0
Original,2,BG7,middle,0.3525125980377197,0.5398524403572083,0.5788350105285645,-0.5314415088933293,-0.6420264050998927,0.11058489620656342,0.0389825701713562,1.0
Original,2,BG7,late,0.3525125980377197,0.5398524403572083,0.39470306038856506,-0.5314415088933293,-0.11968494569797294,-0.41175656319535636,-0.1451493799686432,1.0
Original,2,BG7,full,0.3525125980377197,0.5398524403572083,0.6124227046966553,-0.5314415088933293,-0.7373072359191322,0.20586572702580286,0.07257026433944702,1.0
Original,2,BG8,early,,,,,,,,0.85
Original,2,BG8,middle,25.355228424072266,24.535192489624023,24.980627059936523,0.03234188745648536,0.014774127360349665,0.0175677600961357,0.4454345703125,0.95
Original,2,BG8,late,25.355228424072266,24.535192489624023,25.956350326538086,0.03234188745648536,-0.02370800539339779,0.056049892849883154,1.4211578369140625,0.95
Original,2,BG8,full,25.355228424072266,24.535192489624023,25.797027587890625,0.03234188745648536,-0.01742438073342978,0.04976626818991514,1.2618350982666016,0.95
Original,2,BG9,early,11.4099760055542,6.880382537841797,9.211063385009766,0.3969853636447275,0.1927184270630239,0.20426693658170358,2.3306808471679688,1.0
Original,2,BG9,middle,11.4099760055542,6.880382537841797,8.168022155761719,0.3969853636447275,0.28413327559786417,0.11285208804686331,1.2876396179199219,1.0
Original,2,BG9,late,11.4099760055542,6.880382537841797,11.338242530822754,0.3969853636447275,0.006286909335625146,0.3906984543091023,4.457859992980957,1.0
Original,2,BG9,full,11.4099760055542,6.880382537841797,6.83444881439209,0.3969853636447275,0.40101111474070616,-0.004025751095978691,-0.04593372344970703,1.0
Original,2,BG10,early,23.414058685302734,19.353918075561523,21.967269897460938,0.17340610069264695,0.0617914568622846,0.11161464383036235,2.613351821899414,1.0
Original,2,BG10,middle,23.414058685302734,19.353918075561523,20.315710067749023,0.17340610069264695,0.13232855814849798,0.04107754254414897,0.9617919921875,1.0
Original,2,BG10,late,23.414058685302734,19.353918075561523,23.592748641967773,0.17340610069264695,-0.0076317373672973865,0.18103783805994433,4.23883056640625,1.0
Original,2,BG10,full,23.414058685302734,19.353918075561523,19.149572372436523,0.17340610069264695,0.182133579588307,-0.008727478895660057,-0.204345703125,1.0
Original,2,BG11,early,9.314845085144043,6.00715970993042,8.50676155090332,0.35509827070961875,0.08675222571999486,0.2683460449896239,2.4996018409729004,1.0
Original,2,BG11,middle,9.314845085144043,6.00715970993042,7.236588954925537,0.35509827070961875,0.22311225994535644,0.1319860107642623,1.2294292449951172,1.0
Original,2,BG11,late,9.314845085144043,6.00715970993042,9.333501815795898,0.35509827070961875,-0.0020029018691443135,0.35710117257876306,3.3263421058654785,1.0
Original,2,BG11,full,9.314845085144043,6.00715970993042,6.0297136306762695,0.35509827070961875,0.3526769829141183,0.0024212877955004375,0.02255392074584961,1.0
Original,2,BG12,early,1.0861239433288574,1.0706218481063843,1.0012139081954956,0.014272869293565194,0.07817712230093188,-0.06390425300736668,-0.06940793991088867,1.0
Original,2,BG12,middle,1.0861239433288574,1.0706218481063843,1.136110782623291,0.014272869293565194,-0.046023134966528545,0.06029600426009374,0.06548893451690674,1.0
Original,2,BG12,late,1.0861239433288574,1.0706218481063843,1.0804615020751953,0.014272869293565194,0.005213448461667047,0.009059420831898146,0.009839653968811035,1.0
Original,2,BG12,full,1.0861239433288574,1.0706218481063843,1.0806689262390137,0.014272869293565194,0.005022471950024254,0.00925039734354094,0.010047078132629395,1.0
Original,2,BG13,early,0.3694702684879303,0.5631922483444214,0.351007878780365,-0.5243235549265419,0.049969918509070066,-0.574293473435612,-0.2121843695640564,1.0
Original,2,BG13,middle,0.3694702684879303,0.5631922483444214,0.5669237971305847,-0.5243235549265419,-0.5344232814902992,0.010099726563757239,0.00373154878616333,1.0
Original,2,BG13,late,0.3694702684879303,0.5631922483444214,0.35622620582580566,-0.5243235549265419,0.03584611113057978,-0.5601696660571217,-0.20696604251861572,1.0
Original,2,BG13,full,0.3694702684879303,0.5631922483444214,0.5580064058303833,-0.5243235549265419,-0.5102876694548844,-0.014035885471657572,-0.005185842514038086,1.0
Original,2,BG14,early,11.671987533569336,6.301399230957031,10.177854537963867,0.4601262889088005,0.12801016108251928,0.3321161278262812,3.876455307006836,1.0
Original,2,BG14,middle,11.671987533569336,6.301399230957031,7.815779685974121,0.4601262889088005,0.3303814233180695,0.12974486559073095,1.5143804550170898,1.0
Original,2,BG14,late,11.671987533569336,6.301399230957031,11.648021697998047,0.4601262889088005,0.002053278885179588,0.4580730100236209,5.346622467041016,1.0
Original,2,BG14,full,11.671987533569336,6.301399230957031,6.254262924194336,0.4601262889088005,0.46416470195428605,-0.004038413045485578,-0.04713630676269531,1.0
Original,2,BG15,early,1.7912158966064453,1.338912010192871,1.6018537282943726,0.2525122151636584,0.10571711518062021,0.1467950999830382,0.26294171810150146,1.0
Original,2,BG15,middle,1.7912158966064453,1.338912010192871,1.4712908267974854,0.2525122151636584,0.1786077706372512,0.07390444452640721,0.13237881660461426,1.0
Original,2,BG15,late,1.7912158966064453,1.338912010192871,1.7953907251358032,0.2525122151636584,-0.0023307176504854255,0.25484293281414383,0.45647871494293213,1.0
Original,2,BG15,full,1.7912158966064453,1.338912010192871,1.3644100427627563,0.2525122151636584,0.23827717377314694,0.01423504139051146,0.025498032569885254,1.0
T01,0,BG1,early,0.0922725722193718,0.06675583124160767,0.09882056713104248,0.27653665221051016,-0.07096349483428677,0.3475001470447969,0.032064735889434814,1.0
T01,0,BG1,middle,0.0922725722193718,0.06675583124160767,0.07518158853054047,0.27653665221051016,0.18522288287325317,0.09131376933725699,0.0084257572889328,1.0
T01,0,BG1,late,0.0922725722193718,0.06675583124160767,0.08210612088441849,0.27653665221051016,0.1101785719053926,0.16635808030511756,0.015350289642810822,1.0
T01,0,BG1,full,0.0922725722193718,0.06675583124160767,0.06263063848018646,0.27653665221051016,0.3212432450271482,-0.044706592816638024,-0.004125192761421204,1.0
T01,0,BG2,early,0.0832848995923996,0.06980876624584198,0.08845183253288269,0.16180774419412247,-0.06203912528416344,0.22384686947828591,0.01864306628704071,1.0
T01,0,BG2,middle,0.0832848995923996,0.06980876624584198,0.06307951360940933,0.16180774419412247,0.24260572631796629,-0.08079798212384381,-0.006729252636432648,1.0
T01,0,BG2,late,0.0832848995923996,0.06980876624584198,0.0858171284198761,0.16180774419412247,-0.030404293405243532,0.192212037599366,0.01600836217403412,1.0
T01,0,BG2,full,0.0832848995923996,0.06980876624584198,0.06277342140674591,0.16180774419412247,0.24628096837755964,-0.08447322418343717,-0.007035344839096069,1.0
T01,0,BG3,early,0.10235004127025604,0.08679626882076263,0.09835828840732574,0.15196653305452212,0.039001083178649476,0.11296544987587265,0.01156201958656311,1.0
T01,0,BG3,middle,0.10235004127025604,0.08679626882076263,0.09280364215373993,0.15196653305452212,0.093272147869362,0.058694385185160125,0.006007373332977295,1.0
T01,0,BG3,late,0.10235004127025604,0.08679626882076263,0.11622147262096405,0.15196653305452212,-0.13552920764133702,0.28749574069585915,0.029425203800201416,1.0
T01,0,BG3,full,0.10235004127025604,0.08679626882076263,0.09722854197025299,0.15196653305452212,0.050039147381369276,0.10192738567315285,0.010432273149490356,1.0
T01,0,BG4,early,0.10034718364477158,0.09639573842287064,0.09879457950592041,0.03937783487886126,0.015472422122211005,0.023905412756650257,0.002398841083049774,1.0
T01,0,BG4,middle,0.10034718364477158,0.09639573842287064,0.08968993276357651,0.03937783487886126,0.10620387570500178,-0.06682604082614052,-0.006705805659294128,1.0
T01,0,BG4,late,0.10034718364477158,0.09639573842287064,0.10824213922023773,0.03937783487886126,-0.07867629665274167,0.11805413153160293,0.011846400797367096,1.0
T01,0,BG4,full,0.10034718364477158,0.09639573842287064,0.0999157503247261,0.03937783487886126,0.004299505590288577,0.035078329288572685,0.0035200119018554688,1.0
T01,0,BG5,early,0.23564176261425018,0.26020461320877075,0.22996023297309875,-0.10423805729356128,0.024110918782011548,-0.12834897607557283,-0.030244380235671997,1.0
T01,0,BG5,middle,0.23564176261425018,0.26020461320877075,0.2537047863006592,-0.10423805729356128,-0.07665454849543374,-0.027583508798127543,-0.006499826908111572,1.0
T01,0,BG5,late,0.23564176261425018,0.26020461320877075,0.24366123974323273,-0.10423805729356128,-0.034032451207666625,-0.07020560608589466,-0.016543373465538025,1.0
T01,0,BG5,full,0.23564176261425018,0.26020461320877075,0.264507532119751,-0.10423805729356128,-0.12249848227357618,0.0182604249800149,0.004302918910980225,1.0
T01,0,BG6,early,0.1276663988828659,0.13885639607906342,0.13213138282299042,-0.08765020724021721,-0.03497375683388371,-0.05267645040633351,-0.006725013256072998,1.0
T01,0,BG6,middle,0.1276663988828659,0.13885639607906342,0.13605278730392456,-0.08765020724021721,-0.06568978084715438,-0.021960426393062837,-0.002803608775138855,1.0
T01,0,BG6,late,0.1276663988828659,0.13885639607906342,0.11549443006515503,-0.08765020724021721,0.09534206314895788,-0.1829922703891751,-0.023361966013908386,1.0
T01,0,BG6,full,0.1276663988828659,0.13885639607906342,0.11334214359521866,-0.08765020724021721,0.11220073794657903,-0.19985094518679625,-0.025514252483844757,1.0
T01,0,BG7,early,0.12621347606182098,0.16003543138504028,0.13025757670402527,-0.26797409990444976,-0.032041668195611495,-0.23593243170883826,-0.029777854681015015,1.0
T01,0,BG7,middle,0.12621347606182098,0.16003543138504028,0.15332446992397308,-0.26797409990444976,-0.21480259129260393,-0.05317150861184583,-0.0067109614610672,1.0
T01,0,BG7,late,0.12621347606182098,0.16003543138504028,0.10236530005931854,-0.26797409990444976,0.1889511711198698,-0.45692527102431957,-0.05767013132572174,1.0
T01,0,BG7,full,0.12621347606182098,0.16003543138504028,0.1444762647151947,-0.26797409990444976,-0.1446975218197235,-0.12327657808472625,-0.015559166669845581,1.0
T01,0,BG8,early,0.2524532377719879,0.3040231764316559,0.25809159874916077,-0.20427516427217918,-0.022334238228003844,-0.18194092604417533,-0.04593157768249512,1.0
T01,0,BG8,middle,0.2524532377719879,0.3040231764316559,0.31112319231033325,-0.20427516427217918,-0.2323992464194209,0.028124082147241714,0.007100015878677368,1.0
T01,0,BG8,late,0.2524532377719879,0.3040231764316559,0.2053210437297821,-0.20427516427217918,0.18669676250223932,-0.3909719267744185,-0.09870213270187378,1.0
T01,0,BG8,full,0.2524532377719879,0.3040231764316559,0.2523726224899292,-0.20427516427217918,0.00031936718093450445,-0.20459453145311368,-0.051650553941726685,1.0
T01,0,BG9,early,0.2467074692249298,0.2539917230606079,0.2531840205192566,-0.02952583301715328,-0.026251904946999804,-0.0032739280701534756,-0.0008077025413513184,1.0
T01,0,BG9,middle,0.2467074692249298,0.2539917230606079,0.2607065439224243,-0.02952583301715328,-0.056743576406660834,0.027217743389507554,0.006714820861816406,1.0
T01,0,BG9,late,0.2467074692249298,0.2539917230606079,0.281680703163147,-0.02952583301715328,-0.1417598852215225,0.11223405220436922,0.027688980102539062,1.0
T01,0,BG9,full,0.2467074692249298,0.2539917230606079,0.274339884519577,-0.02952583301715328,-0.11200473281741896,0.08247889980026568,0.020348161458969116,1.0
T01,0,BG10,early,0.32834896445274353,0.34385648369789124,0.3348052501678467,-0.04722874274540967,-0.019662847206584955,-0.027565895538824714,-0.009051233530044556,1.0
T01,0,BG10,middle,0.32834896445274353,0.34385648369789124,0.35120731592178345,-0.04722874274540967,-0.0696159977570745,0.02238725501166483,0.007350832223892212,1.0
T01,0,BG10,late,0.32834896445274353,0.34385648369789124,0.322794646024704,-0.04722874274540967,0.01691593048919038,-0.06414467323460005,-0.021061837673187256,1.0
T01,0,BG10,full,0.32834896445274353,0.34385648369789124,0.3504958748817444,-0.04722874274540967,-0.06744927547257573,0.020220532727166063,0.006639391183853149,1.0
T01,0,BG11,early,0.16778171062469482,0.16395756602287292,0.17586550116539001,0.02279243881624038,-0.04818034116349024,0.07097277997973062,0.01190793514251709,1.0
T01,0,BG11,middle,0.16778171062469482,0.16395756602287292,0.16611428558826447,0.02279243881624038,0.00993812097183211,0.01285431784440827,0.0021567195653915405,1.0
T01,0,BG11,late,0.16778171062469482,0.16395756602287292,0.1566927284002304,0.02279243881624038,0.06609177795517429,-0.04329933913893391,-0.007264837622642517,1.0
T01,0,BG11,full,0.16778171062469482,0.16395756602287292,0.150520920753479,0.02279243881624038,0.10287652198910213,-0.08008408317286175,-0.013436645269393921,1.0
T01,0,BG12,early,0.12608034908771515,0.15555503964424133,0.131326824426651,-0.23377694011817018,-0.0416120748457407,-0.19216486527242949,-0.024228215217590332,1.0
T01,0,BG12,middle,0.12608034908771515,0.15555503964424133,0.15399731695652008,-0.23377694011817018,-0.2214219412984293,-0.012354998819740892,-0.0015577226877212524,1.0
T01,0,BG12,late,0.12608034908771515,0.15555503964424133,0.1352108120918274,-0.23377694011817018,-0.07241772683848491,-0.16135921327968528,-0.02034422755241394,1.0
T01,0,BG12,full,0.12608034908771515,0.15555503964424133,0.15429151058197021,-0.23377694011817018,-0.223755323179468,-0.010021616938702183,-0.0012635290622711182,1.0
T01,0,BG13,early,0.17652085423469543,0.18322260677814484,0.16947445273399353,-0.03796572474593729,0.039918292555679136,-0.07788401730161643,-0.013748154044151306,1.0
T01,0,BG13,middle,0.17652085423469543,0.18322260677814484,0.17673465609550476,-0.03796572474593729,-0.0012111421600853323,-0.03675458258585196,-0.006487950682640076,1.0
T01,0,BG13,late,0.17652085423469543,0.18322260677814484,0.19902631640434265,-0.03796572474593729,-0.12749457276463838,0.08952884801870109,0.015803709626197815,1.0
T01,0,BG13,full,0.17652085423469543,0.18322260677814484,0.2126573622226715,-0.03796572474593729,-0.20471516579439797,0.16674944104846068,0.029434755444526672,1.0
T01,0,BG14,early,0.11310245096683502,0.12204853445291519,0.12047801166772842,-0.07909707189044646,-0.06521123093029901,-0.013885840960147444,-0.0015705227851867676,1.0
T01,0,BG14,middle,0.11310245096683502,0.12204853445291519,0.1159561276435852,-0.07909707189044646,-0.02523080976626102,-0.05386626212418544,-0.006092406809329987,1.0
T01,0,BG14,late,0.11310245096683502,0.12204853445291519,0.08913514763116837,-0.07909707189044646,0.2119079738034575,-0.29100504569390395,-0.032913386821746826,1.0
T01,0,BG14,full,0.11310245096683502,0.12204853445291519,0.0927421972155571,-0.07909707189044646,0.18001609847594868,-0.25911317036639514,-0.029306337237358093,1.0
T01,0,BG15,early,0.11226721107959747,0.1001942977309227,0.11522003263235092,0.10753738475556518,-0.026301635725533012,0.1338390204810982,0.015025734901428223,1.0
T01,0,BG15,middle,0.11226721107959747,0.1001942977309227,0.0998290628194809,0.10753738475556518,0.11079064877982436,-0.0032532640242591837,-0.000365234911441803,1.0
T01,0,BG15,late,0.11226721107959747,0.1001942977309227,0.13614441454410553,0.10753738475556518,-0.21268178934953008,0.32021917410509526,0.03595011681318283,1.0
T01,0,BG15,full,0.11226721107959747,0.1001942977309227,0.12776324152946472,0.10753738475556518,-0.13802800408572136,0.24556538884128654,0.027568943798542023,1.0
T01,1,BG1,early,0.04065796732902527,0.044070497155189514,0.04468756169080734,-0.08393235596912207,-0.09910931695329062,0.015176960984168542,0.0006170645356178284,1.0
T01,1,BG1,middle,0.04065796732902527,0.044070497155189514,0.04115912690758705,-0.08393235596912207,-0.01232598401308116,-0.07160637195604092,-0.0029113702476024628,1.0
T01,1,BG1,late,0.04065796732902527,0.044070497155189514,0.024353567510843277,-0.08393235596912207,0.40101379579801333,-0.4849461517671354,-0.019716929644346237,1.0
T01,1,BG1,full,0.04065796732902527,0.044070497155189514,0.027867892757058144,-0.08393235596912207,0.31457749283647785,-0.3985098488055999,-0.01620260439813137,1.0
T01,1,BG2,early,0.07067588716745377,0.06475246697664261,0.07020360231399536,0.08381117790095616,0.006682544861643325,0.07712863303931283,0.005451135337352753,1.0
T01,1,BG2,middle,0.07067588716745377,0.06475246697664261,0.06190627068281174,0.08381117790095616,0.12408228032626145,-0.040271102425305294,-0.0028461962938308716,1.0
T01,1,BG2,late,0.07067588716745377,0.06475246697664261,0.06716258823871613,0.08381117790095616,0.049710142630570164,0.03410103527038599,0.002410121262073517,1.0
T01,1,BG2,full,0.07067588716745377,0.06475246697664261,0.05478956177830696,0.08381117790095616,0.2247772723918453,-0.14096609449088915,-0.009962905198335648,1.0
T01,1,BG3,early,0.0666971206665039,0.07001569122076035,0.06381622701883316,-0.049755671962108394,0.043193816868610235,-0.09294948883071863,-0.006199464201927185,1.0
T01,1,BG3,middle,0.0666971206665039,0.07001569122076035,0.06926016509532928,-0.049755671962108394,-0.038427956393521034,-0.01132771556858736,-0.0007555261254310608,1.0
T01,1,BG3,late,0.0666971206665039,0.07001569122076035,0.029305672273039818,-0.049755671962108394,0.5606156969544497,-0.6103713689165581,-0.04071001894772053,1.0
T01,1,BG3,full,0.0666971206665039,0.07001569122076035,0.030709445476531982,-0.049755671962108394,0.5395687165301906,-0.589324388492299,-0.03930624574422836,1.0
T01,1,BG4,early,0.08227916061878204,0.09059663861989975,0.07981153577566147,-0.10108837921634395,0.029991002881563755,-0.1310793820979077,-0.010785102844238281,1.0
T01,1,BG4,middle,0.08227916061878204,0.09059663861989975,0.09257960319519043,-0.10108837921634395,-0.12518882359829098,0.024100444381947028,0.00198296457529068,1.0
T01,1,BG4,late,0.08227916061878204,0.09059663861989975,0.046061813831329346,-0.10108837921634395,0.44017649321303787,-0.5412648724293818,-0.044534824788570404,1.0
T01,1,BG4,full,0.08227916061878204,0.09059663861989975,0.05378096178174019,-0.10108837921634395,0.3463599428958817,-0.4474483221122256,-0.03681567683815956,1.0
T01,1,BG5,early,0.18610410392284393,0.17302122712135315,0.19720467925071716,0.07029875119748696,-0.05964707116832124,0.1299458223658082,0.024183452129364014,1.0
T01,1,BG5,middle,0.18610410392284393,0.17302122712135315,0.17163532972335815,0.07029875119748696,0.07774564406181972,-0.007446892864332755,-0.0013858973979949951,1.0
T01,1,BG5,late,0.18610410392284393,0.17302122712135315,0.14201487600803375,0.07029875119748696,0.23690630467786933,-0.16660755348038236,-0.031006351113319397,1.0
T01,1,BG5,full,0.18610410392284393,0.17302122712135315,0.1486443132162094,0.07029875119748696,0.20128410875519287,-0.1309853575577059,-0.024376913905143738,1.0
T01,1,BG6,early,0.2758258581161499,0.2434932440519333,0.27232059836387634,0.1172211449384486,0.012708270533920651,0.10451287440452794,0.028827354311943054,1.0
T01,1,BG6,middle,0.2758258581161499,0.2434932440519333,0.2522168755531311,0.1172211449384486,0.08559383035487111,0.03162731458357748,0.008723631501197815,1.0
T01,1,BG6,late,0.2758258581161499,0.2434932440519333,0.18352213501930237,0.1172211449384486,0.3346449472896377,-0.21742380235118908,-0.05997110903263092,1.0
T01,1,BG6,full,0.2758258581161499,0.2434932440519333,0.15558768808841705,0.1172211449384486,0.43592060762444773,-0.31869946268599914,-0.08790555596351624,1.0
T01,1,BG7,early,0.07260431349277496,0.06351166218519211,0.06931252777576447,0.12523581062617684,0.045338838772295276,0.07989697185388156,0.005800865590572357,1.0
T01,1,BG7,middle,0.07260431349277496,0.06351166218519211,0.06026770919561386,0.12523581062617684,0.16991569790452965,-0.044679887278352814,-0.003243952989578247,1.0
T01,1,BG7,late,0.07260431349277496,0.06351166218519211,0.06332655251026154,0.12523581062617684,0.12778537883403973,-0.0025495682078628956,-0.0001851096749305725,1.0
T01,1,BG7,full,0.07260431349277496,0.06351166218519211,0.053929634392261505,0.12523581062617684,0.25721180505692365,-0.1319759944307468,-0.009582027792930603,1.0
T01,1,BG8,early,0.24100534617900848,0.23876354098320007,0.23849305510520935,0.009301931008302122,0.010424254106340736,-0.0011223230980386134,-0.00027048587799072266,1.0
T01,1,BG8,middle,0.24100534617900848,0.23876354098320007,0.24028611183166504,0.009301931008302122,0.002984350052408047,0.006317580955894075,0.0015225708484649658,1.0
T01,1,BG8,late,0.24100534617900848,0.23876354098320007,0.18767663836479187,0.009301931008302122,0.22127606896257657,-0.21197413795427444,-0.0510869026184082,1.0
T01,1,BG8,full,0.24100534617900848,0.23876354098320007,0.22210264205932617,0.009301931008302122,0.07843275526890026,-0.06913082426059813,-0.0166608989238739,1.0
T01,1,BG9,early,0.09404848515987396,0.12178313732147217,0.09387966245412827,-0.2948972454524852,0.001795166477238097,-0.2966924119297233,-0.027903474867343903,1.0
T01,1,BG9,middle,0.09404848515987396,0.12178313732147217,0.12140331417322159,-0.2948972454524852,-0.2908586571943219,-0.004038588258163278,-0.00037982314825057983,1.0
T01,1,BG9,late,0.09404848515987396,0.12178313732147217,0.1271195113658905,-0.2948972454524852,-0.35163790924882754,0.05674066379634235,0.005336374044418335,1.0
T01,1,BG9,full,0.09404848515987396,0.12178313732147217,0.15672312676906586,-0.2948972454524852,-0.6664075964495837,0.3715103509970985,0.03493998944759369,1.0
T01,1,BG10,early,0.366668164730072,0.3570144474506378,0.3680608570575714,0.02632823884031099,-0.003798208907889622,0.030126447748200613,0.011046409606933594,1.0
T01,1,BG10,middle,0.366668164730072,0.3570144474506378,0.35848110914230347,0.02632823884031099,0.022328268859972855,0.003999969980338136,0.0014666616916656494,1.0
T01,1,BG10,late,0.366668164730072,0.3570144474506378,0.29285916686058044,0.02632823884031099,0.20129646627724673,-0.17496822743693574,-0.06415528059005737,1.0
T01,1,BG10,full,0.366668164730072,0.3570144474506378,0.29336607456207275,0.02632823884031099,0.1999139964136829,-0.1735857575733719,-0.06364837288856506,1.0
T01,1,BG11,early,0.19840656220912933,0.19938835501670837,0.19769519567489624,-0.004948338135413177,0.00358544843707731,-0.008533786572490487,-0.0016931593418121338,1.0
T01,1,BG11,middle,0.19840656220912933,0.19938835501670837,0.20927567780017853,-0.004948338135413177,-0.054781983631029485,0.04983364549561631,0.009887322783470154,1.0
T01,1,BG11,late,0.19840656220912933,0.19938835501670837,0.12888172268867493,-0.004948338135413177,0.35041606105251455,-0.3553643991879277,-0.07050663232803345,1.0
T01,1,BG11,full,0.19840656220912933,0.19938835501670837,0.1411161720752716,-0.004948338135413177,0.2887525322168819,-0.2937008703522951,-0.05827218294143677,1.0
T01,1,BG12,early,0.17141848802566528,0.15479739010334015,0.1623443067073822,0.0969621605238693,0.052935893283375224,0.04402626724049408,0.007546916604042053,1.0
T01,1,BG12,middle,0.17141848802566528,0.15479739010334015,0.15500633418560028,0.0969621605238693,0.09574324841889426,0.001218912104975045,0.00020894408226013184,1.0
T01,1,BG12,late,0.17141848802566528,0.15479739010334015,0.11829062551259995,0.0969621605238693,0.30993080166360387,-0.21296864113973457,-0.036506764590740204,1.0
T01,1,BG12,full,0.17141848802566528,0.15479739010334015,0.13160094618797302,0.0969621605238693,0.23228270167045018,-0.13532054114658087,-0.023196443915367126,1.0
T01,1,BG13,early,0.14439800381660461,0.1567252278327942,0.14838123321533203,-0.08536969235495162,-0.02758500129916186,-0.05778469105578976,-0.008343994617462158,1.0
T01,1,BG13,middle,0.14439800381660461,0.1567252278327942,0.15895894169807434,-0.08536969235495162,-0.10083883771395308,0.015469145359001457,0.0022337138652801514,1.0
T01,1,BG13,late,0.14439800381660461,0.1567252278327942,0.13275505602359772,-0.08536969235495162,0.0806310106716166,-0.16600070302656822,-0.023970171809196472,1.0
T01,1,BG13,full,0.14439800381660461,0.1567252278327942,0.16043603420257568,-0.08536969235495162,-0.1110681508842668,0.025698458529315182,0.003710806369781494,1.0
T01,1,BG14,early,0.09770061820745468,0.11850816011428833,0.10265340656042099,-0.21297234509742902,-0.05069341358225188,-0.16227893151517714,-0.01585475355386734,1.0
T01,1,BG14,middle,0.09770061820745468,0.11850816011428833,0.12099836766719818,-0.21297234509742902,-0.23846048779004536,0.025488142692616345,0.002490207552909851,1.0
T01,1,BG14,late,0.09770061820745468,0.11850816011428833,0.04634085297584534,-0.21297234509742902,0.5256852097465892,-0.7386575548440182,-0.072167307138443,1.0
T01,1,BG14,full,0.09770061820745468,0.11850816011428833,0.06918170303106308,-0.21297234509742902,0.2919011443389631,-0.5048734894363921,-0.04932645708322525,1.0
T01,1,BG15,early,0.06846700608730316,0.08327639102935791,0.06656860560178757,-0.21629940646414525,0.027727372887039525,-0.24402677935118477,-0.016707785427570343,1.0
T01,1,BG15,middle,0.06846700608730316,0.08327639102935791,0.08380239456892014,-0.21629940646414525,-0.223981989547531,0.007682583083385763,0.0005260035395622253,1.0
T01,1,BG15,late,0.06846700608730316,0.08327639102935791,0.04952103644609451,-0.21629940646414525,0.2767168882758142,-0.49301629473995945,-0.0337553545832634,1.0
T01,1,BG15,full,0.06846700608730316,0.08327639102935791,0.06924731284379959,-0.21629940646414525,-0.011396681220946947,-0.2049027252431983,-0.014029078185558319,1.0
T01,2,BG1,early,0.0449618399143219,0.03807233273983002,0.04243583232164383,0.1532302871794724,0.05618135369188726,0.09704893348758514,0.004363499581813812,1.0
T01,2,BG1,middle,0.0449618399143219,0.03807233273983002,0.03773054480552673,0.1532302871794724,0.16083201920238932,-0.007601732022916918,-0.0003417879343032837,1.0
T01,2,BG1,late,0.0449618399143219,0.03807233273983002,0.05224032327532768,0.1532302871794724,-0.16188109196742229,0.3151113791468947,0.014167990535497665,1.0
T01,2,BG1,full,0.0449618399143219,0.03807233273983002,0.05683969706296921,0.1532302871794724,-0.26417612200746676,0.41740640918693916,0.01876736432313919,1.0
T01,2,BG2,early,0.028707558289170265,0.04090289771556854,0.031280361115932465,-0.42481234577429805,-0.08962071607203193,-0.3351916297022661,-0.009622536599636078,1.0
T01,2,BG2,middle,0.028707558289170265,0.04090289771556854,0.04455700144171715,-0.42481234577429805,-0.5520994670428414,0.12728712126854336,0.0036541037261486053,1.0
T01,2,BG2,late,0.028707558289170265,0.04090289771556854,0.03254655376076698,-0.42481234577429805,-0.1337272956360065,-0.29108505013829156,-0.00835634395480156,1.0
T01,2,BG2,full,0.028707558289170265,0.04090289771556854,0.05251073092222214,-0.42481234577429805,-0.8291598366425013,0.4043474908682032,0.011607833206653595,1.0
T01,2,BG3,early,0.03298129886388779,0.03723255172371864,0.03297043964266777,-0.12889854909565668,0.00032955700044756675,-0.12922810609610424,-0.004262112081050873,1.0
T01,2,BG3,middle,0.03298129886388779,0.03723255172371864,0.03598824515938759,-0.12889854909565668,-0.0911709207147986,-0.03772762838085808,-0.0012443065643310547,1.0
T01,2,BG3,late,0.03298129886388779,0.03723255172371864,0.04296869784593582,-0.12889854909565668,-0.30281966744453626,0.17392111834887958,0.005736146122217178,1.0
T01,2,BG3,full,0.03298129886388779,0.03723255172371864,0.03172788396477699,-0.12889854909565668,0.03800409814794248,-0.16690264724359916,-0.00550466775894165,1.0
T01,2,BG4,early,0.07409055531024933,0.10439684242010117,0.07283227145671844,-0.4090436748990418,0.016983186027287767,-0.4260268609263296,-0.03156457096338272,1.0
T01,2,BG4,middle,0.07409055531024933,0.10439684242010117,0.10232891142368317,-0.4090436748990418,-0.3811328202880846,-0.027910854610957214,-0.0020679309964179993,1.0
T01,2,BG4,late,0.07409055531024933,0.10439684242010117,0.06027018278837204,-0.4090436748990418,0.18653363574707993,-0.5955773106461217,-0.044126659631729126,1.0
T01,2,BG4,full,0.07409055531024933,0.10439684242010117,0.0951576828956604,-0.4090436748990418,-0.2843427836890422,-0.12470089120999961,-0.009239159524440765,1.0
T01,2,BG5,early,0.1251528114080429,0.10358911752700806,0.1206488162279129,0.1722989832624665,0.03598804349320528,0.13631093976926123,0.017059698700904846,1.0
T01,2,BG5,middle,0.1251528114080429,0.10358911752700806,0.09930671751499176,0.1722989832624665,0.206516350189051,-0.0342173669265845,-0.004282400012016296,1.0
T01,2,BG5,late,0.1251528114080429,0.10358911752700806,0.1424587517976761,0.1722989832624665,-0.13827838793349834,0.31057737119596485,0.03886963427066803,1.0
T01,2,BG5,full,0.1251528114080429,0.10358911752700806,0.1327097862958908,0.1722989832624665,-0.060381897929488115,0.23268088119195462,0.02912066876888275,1.0
T01,2,BG6,early,0.0674576684832573,0.06274894624948502,0.067221499979496,0.0698027613704637,0.003501135957708734,0.06630162541275497,0.004472553730010986,1.0
T01,2,BG6,middle,0.0674576684832573,0.06274894624948502,0.0644136369228363,0.0698027613704637,0.0451252048523505,0.02467755651811321,0.0016646906733512878,1.0
T01,2,BG6,late,0.0674576684832573,0.06274894624948502,0.059612374752759933,0.0698027613704637,0.11629964011353466,-0.04649687874307096,-0.0031365714967250824,1.0
T01,2,BG6,full,0.0674576684832573,0.06274894624948502,0.09106646478176117,0.0698027613704637,-0.3499792288933199,0.4197819902637836,0.028317518532276154,1.0
T01,2,BG7,early,0.09159891307353973,0.0956558883190155,0.09211985021829605,-0.044290534313581986,-0.00568704442450807,-0.038603489889073916,-0.003536038100719452,1.0
T01,2,BG7,middle,0.09159891307353973,0.0956558883190155,0.09529149532318115,-0.044290534313581986,-0.04031239806910025,-0.003978136244481734,-0.0003643929958343506,1.0
T01,2,BG7,late,0.09159891307353973,0.0956558883190155,0.15380243957042694,-0.044290534313581986,-0.679085674915058,0.634795140601476,0.05814655125141144,1.0
T01,2,BG7,full,0.09159891307353973,0.0956558883190155,0.16312377154827118,-0.044290534313581986,-0.7808481374536258,0.7365576031400438,0.06746788322925568,1.0
T01,2,BG8,early,0.5630930066108704,0.47437405586242676,0.5567833185195923,0.157556492677574,0.011205427709359284,0.1463510649682147,0.08240926265716553,1.0
T01,2,BG8,middle,0.5630930066108704,0.47437405586242676,0.4835851788520813,0.157556492677574,0.1411984084571477,0.016358084220426283,0.009211122989654541,1.0
T01,2,BG8,late,0.5630930066108704,0.47437405586242676,0.6199742555618286,0.157556492677574,-0.10101570659375869,0.2585721992713327,0.14560019969940186,1.0
T01,2,BG8,full,0.5630930066108704,0.47437405586242676,0.525479793548584,0.157556492677574,0.06679753069692096,0.09075896198065303,0.05110573768615723,1.0
T01,2,BG9,early,0.056796394288539886,0.06121738627552986,0.05501911789178848,-0.07783911749994399,0.03129223441192419,-0.10913135191186818,-0.006198268383741379,1.0
T01,2,BG9,middle,0.056796394288539886,0.06121738627552986,0.05587398260831833,-0.07783911749994399,0.016240846436958,-0.09407996393690199,-0.005343403667211533,1.0
T01,2,BG9,late,0.056796394288539886,0.06121738627552986,0.06618355214595795,-0.07783911749994399,-0.16527715046412106,0.08743803296417707,0.004966165870428085,1.0
T01,2,BG9,full,0.056796394288539886,0.06121738627552986,0.05460575968027115,-0.07783911749994399,0.03857012843876029,-0.11640924593870428,-0.006611626595258713,1.0
T01,2,BG10,early,0.46557918190956116,0.434060662984848,0.464738130569458,0.06769746043726887,0.0018064839552934808,0.0658909764819754,0.030677467584609985,1.0
T01,2,BG10,middle,0.46557918190956116,0.434060662984848,0.43619975447654724,0.06769746043726887,0.06310298643827894,0.004594473998989934,0.0021390914916992188,1.0
T01,2,BG10,late,0.46557918190956116,0.434060662984848,0.4970518946647644,0.06769746043726887,-0.06759903213483143,0.1352964925721003,0.06299123167991638,1.0
T01,2,BG10,full,0.46557918190956116,0.434060662984848,0.443875789642334,0.06769746043726887,0.04661591979274504,0.021081540644523833,0.009815126657485962,1.0
T01,2,BG11,early,0.05463792011141777,0.05936190485954285,0.05227742716670036,-0.086459621337996,0.043202642192042506,-0.1296622635300385,-0.0070844776928424835,1.0
T01,2,BG11,middle,0.05463792011141777,0.05936190485954285,0.06169154495000839,-0.086459621337996,-0.1290974021930713,0.0426377808550753,0.0023296400904655457,1.0
T01,2,BG11,late,0.05463792011141777,0.05936190485954285,0.05574992299079895,-0.086459621337996,-0.020352031585266772,-0.06610758975272923,-0.0036119818687438965,1.0
T01,2,BG11,full,0.05463792011141777,0.05936190485954285,0.0953456237912178,-0.086459621337996,-0.7450445797779826,0.6585849584399865,0.03598371893167496,1.0
T01,2,BG12,early,0.21518388390541077,0.20629294216632843,0.21369823813438416,0.04131792383583577,0.006904121605307845,0.03441380223052792,0.007405295968055725,1.0
T01,2,BG12,middle,0.21518388390541077,0.20629294216632843,0.20825831592082977,0.04131792383583577,0.03218446259563135,0.009133461240204421,0.0019653737545013428,1.0
T01,2,BG12,late,0.21518388390541077,0.20629294216632843,0.24099305272102356,0.04131792383583577,-0.11994001199252313,0.1612579358283589,0.03470011055469513,1.0
T01,2,BG12,full,0.21518388390541077,0.20629294216632843,0.23009967803955078,0.04131792383583577,-0.06931645237675932,0.11063437621259509,0.02380673587322235,1.0
T01,2,BG13,early,0.12258896976709366,0.11896471679210663,0.12226895242929459,0.02956434568484667,0.0026105718344918705,0.0269537738503548,0.0033042356371879578,1.0
T01,2,BG13,middle,0.12258896976709366,0.11896471679210663,0.11559829860925674,0.02956434568484667,0.057025363708209986,-0.027461018023363315,-0.003366418182849884,1.0
T01,2,BG13,late,0.12258896976709366,0.11896471679210663,0.1108303889632225,0.02956434568484667,0.09591882423861631,-0.06635447855376964,-0.008134327828884125,1.0
T01,2,BG13,full,0.12258896976709366,0.11896471679210663,0.1335058957338333,0.02956434568484667,-0.08905299634176478,0.11861734202661145,0.014541178941726685,1.0
T01,2,BG14,early,0.12555399537086487,0.1624414026737213,0.1278042495250702,-0.29379705724160243,-0.017922519855567254,-0.2758745373860352,-0.03463715314865112,1.0
T01,2,BG14,middle,0.12555399537086487,0.1624414026737213,0.15408183634281158,-0.29379705724160243,-0.22721561839210502,-0.06658143884949741,-0.008359566330909729,1.0
T01,2,BG14,late,0.12555399537086487,0.1624414026737213,0.129516139626503,-0.29379705724160243,-0.03155721112946308,-0.26223984611213935,-0.03292526304721832,1.0
T01,2,BG14,full,0.12555399537086487,0.1624414026737213,0.1626579314470291,-0.29379705724160243,-0.2955216439855157,0.0017245867439132923,0.0002165287733078003,1.0
T01,2,BG15,early,0.08922502398490906,0.07302509248256683,0.08838936686515808,0.18156273837992787,0.009365836945406047,0.17219690143452182,0.015364274382591248,1.0
T01,2,BG15,middle,0.08922502398490906,0.07302509248256683,0.07474105805158615,0.18156273837992787,0.16233085364554334,0.01923188473438453,0.0017159655690193176,1.0
T01,2,BG15,late,0.08922502398490906,0.07302509248256683,0.07184775173664093,0.18156273837992787,0.194757922436961,-0.013195184057033127,-0.0011773407459259033,1.0
T01,2,BG15,full,0.08922502398490906,0.07302509248256683,0.06036561727523804,0.18156273837992787,0.3234452868300629,-0.14188254845013504,-0.012659475207328796,1.0
T02,0,BG1,early,0.03734281659126282,0.04056768864393234,0.0437583401799202,-0.08635827405266783,-0.17180042793435546,0.08544215388168763,0.003190651535987854,1.0
T02,0,BG1,middle,0.03734281659126282,0.04056768864393234,0.042864955961704254,-0.08635827405266783,-0.14787657696306944,0.06151830291040161,0.0022972673177719116,1.0
T02,0,BG1,late,0.03734281659126282,0.04056768864393234,0.0594063401222229,-0.08635827405266783,-0.5908367294328578,0.50447845538019,0.018838651478290558,1.0
T02,0,BG1,full,0.03734281659126282,0.04056768864393234,0.06815261393785477,-0.08635827405266783,-0.8250523637061953,0.7386940896535275,0.027584925293922424,1.0
T02,0,BG2,early,0.054142165929079056,0.041928526014089584,0.054435402154922485,0.225584762810201,-0.005415855953545767,0.23100061876374678,0.012506876140832901,1.0
T02,0,BG2,middle,0.054142165929079056,0.041928526014089584,0.05211548134684563,0.225584762810201,0.03743282473331333,0.18815193807688768,0.010186955332756042,1.0
T02,0,BG2,late,0.054142165929079056,0.041928526014089584,0.047434303909540176,0.225584762810201,0.12389365415098086,0.10169110865922015,0.005505777895450592,1.0
T02,0,BG2,full,0.054142165929079056,0.041928526014089584,0.04901524633169174,0.225584762810201,0.0946938225036077,0.13089094030659332,0.007086720317602158,1.0
T02,0,BG3,early,0.1612122654914856,0.11544332653284073,0.16035902500152588,0.2839048628220755,0.0052927141395306965,0.2786121486825448,0.04491569846868515,1.0
T02,0,BG3,middle,0.1612122654914856,0.11544332653284073,0.12459774315357208,0.2839048628220755,0.22712000203636662,0.05678486078570888,0.009154416620731354,1.0
T02,0,BG3,late,0.1612122654914856,0.11544332653284073,0.1577063351869583,0.2839048628220755,0.021747353257304813,0.2621575095647707,0.042263008654117584,1.0
T02,0,BG3,full,0.1612122654914856,0.11544332653284073,0.11576799303293228,0.2839048628220755,0.281890956008207,0.0020139068138684824,0.00032466650009155273,1.0
T02,0,BG4,early,0.07164732366800308,0.05853099375963211,0.07303831726312637,0.18306808134897257,-0.019414310678591118,0.20248239202756368,0.014507323503494263,1.0
T02,0,BG4,middle,0.07164732366800308,0.05853099375963211,0.07002122700214386,0.18306808134897257,0.022695982985133978,0.1603720983638386,0.01149023324251175,1.0
T02,0,BG4,late,0.07164732366800308,0.05853099375963211,0.07716448605060577,0.18306808134897257,-0.07700429450965873,0.2600723758586313,0.018633492290973663,1.0
T02,0,BG4,full,0.07164732366800308,0.05853099375963211,0.06486614793539047,0.18306808134897257,0.09464672843284061,0.08842135291613196,0.006335154175758362,1.0
T02,0,BG5,early,0.09931343793869019,0.10593519359827042,0.0903734415769577,-0.06667521667023468,0.09001808463292371,-0.1566933013031584,-0.015561752021312714,1.0
T02,0,BG5,middle,0.09931343793869019,0.10593519359827042,0.1057806983590126,-0.06667521667023468,-0.06511958404983487,-0.001555632620399816,-0.0001544952392578125,1.0
T02,0,BG5,late,0.09931343793869019,0.10593519359827042,0.0955493301153183,-0.06667521667023468,0.03790139101499734,-0.10457660768523203,-0.010385863482952118,1.0
T02,0,BG5,full,0.09931343793869019,0.10593519359827042,0.11714683473110199,-0.06667521667023468,-0.1795666867131731,0.11289147004293842,0.011211641132831573,1.0
T02,0,BG6,early,0.9490310549736023,0.7007689476013184,0.8911320567131042,0.2615953539720952,0.06100854903217379,0.20058680493992143,0.1903631091117859,1.0
T02,0,BG6,middle,0.9490310549736023,0.7007689476013184,0.7530222535133362,0.2615953539720952,0.2065357170007056,0.0550596369713896,0.05225330591201782,1.0
T02,0,BG6,late,0.9490310549736023,0.7007689476013184,0.8945063352584839,0.2615953539720952,0.05745305051382599,0.20414230345826923,0.19373738765716553,1.0
T02,0,BG6,full,0.9490310549736023,0.7007689476013184,0.6440338492393494,0.2615953539720952,0.3213774838263451,-0.05978212985424991,-0.056735098361968994,1.0
T02,0,BG7,early,0.09036216139793396,0.06934786587953568,0.07966457307338715,0.2325564469434469,0.11838580413740918,0.11417064280603773,0.010316707193851471,1.0
T02,0,BG7,middle,0.09036216139793396,0.06934786587953568,0.07078017294406891,0.2325564469434469,0.21670570937954203,0.01585073756390487,0.0014323070645332336,1.0
T02,0,BG7,late,0.09036216139793396,0.06934786587953568,0.1104298010468483,0.2325564469434469,-0.22207998478191926,0.45463643172536616,0.04108193516731262,1.0
T02,0,BG7,full,0.09036216139793396,0.06934786587953568,0.10158423334360123,0.2325564469434469,-0.1241898216040862,0.3567462685475331,0.03223636746406555,1.0
T02,0,BG8,early,2.2242119312286377,1.4571443796157837,2.1024928092956543,0.34487161380364306,0.05472461040099741,0.29014700340264565,0.6453484296798706,1.0
T02,0,BG8,middle,2.2242119312286377,1.4571443796157837,1.6227413415908813,0.34487161380364306,0.2704196432402519,0.07445197056339115,0.16559696197509766,1.0
T02,0,BG8,late,2.2242119312286377,1.4571443796157837,2.2085719108581543,0.34487161380364306,0.0070317176526999425,0.3378398961509431,0.7514275312423706,1.0
T02,0,BG8,full,2.2242119312286377,1.4571443796157837,1.4553296566009521,0.34487161380364306,0.3456875086296681,-0.0008158948260250654,-0.001814723014831543,1.0
T02,0,BG9,early,0.32548242807388306,0.23056967556476593,0.29454749822616577,0.2916064014721813,0.09504334559732897,0.19656305587485234,0.06397782266139984,1.0
T02,0,BG9,middle,0.32548242807388306,0.23056967556476593,0.2563713490962982,0.2916064014721813,0.21233431022136107,0.07927209125082024,0.025801673531532288,1.0
T02,0,BG9,late,0.32548242807388306,0.23056967556476593,0.3037361204624176,0.2916064014721813,0.06681256826068482,0.22479383321149649,0.07316644489765167,1.0
T02,0,BG9,full,0.32548242807388306,0.23056967556476593,0.23304232954978943,0.2916064014721813,0.28400951237531946,0.0075968890968618474,0.0024726539850234985,1.0
T02,0,BG10,early,3.2013087272644043,2.0050482749938965,3.0289037227630615,0.373678567251449,0.053854541579974824,0.31982402567147417,1.023855447769165,1.0
T02,0,BG10,middle,3.2013087272644043,2.0050482749938965,2.2028374671936035,0.373678567251449,0.3118947130741343,0.06178385417731469,0.19778919219970703,1.0
T02,0,BG10,late,3.2013087272644043,2.0050482749938965,3.2088980674743652,0.373678567251449,-0.002370696122375948,0.37604926337382494,1.2038497924804688,1.0
T02,0,BG10,full,3.2013087272644043,2.0050482749938965,1.9914274215698242,0.373678567251449,0.37793334382626675,-0.004254776574817765,-0.013620853424072266,1.0
T02,0,BG11,early,0.836962878704071,0.537908673286438,0.7834252715110779,0.35730881196020525,0.06396653652814799,0.29334227543205726,0.2455165982246399,1.0
T02,0,BG11,middle,0.836962878704071,0.537908673286438,0.5876262187957764,0.35730881196020525,0.29790648220300464,0.05940232975720061,0.04971754550933838,1.0
T02,0,BG11,late,0.836962878704071,0.537908673286438,0.809224009513855,0.35730881196020525,0.03314230483165892,0.32416650712854633,0.271315336227417,1.0
T02,0,BG11,full,0.836962878704071,0.537908673286438,0.5296555161476135,0.35730881196020525,0.36716965196901785,-0.0098608400088126,-0.008253157138824463,1.0
T02,0,BG12,early,0.05774833634495735,0.06532091647386551,0.05284716561436653,-0.13113051036429213,0.08487136066743495,-0.21600187103172708,-0.012473750859498978,1.0
T02,0,BG12,middle,0.05774833634495735,0.06532091647386551,0.06683837622404099,-0.13113051036429213,-0.1574076221124101,0.026277111748117976,0.001517459750175476,1.0
T02,0,BG12,late,0.05774833634495735,0.06532091647386551,0.07614578306674957,-0.13113051036429213,-0.31857945527818043,0.1874489449138883,0.010824866592884064,1.0
T02,0,BG12,full,0.05774833634495735,0.06532091647386551,0.0898190587759018,-0.13113051036429213,-0.5553529141660849,0.42422240380179277,0.024498142302036285,1.0
T02,0,BG13,early,0.05495395511388779,0.06561890989542007,0.05275391787290573,-0.19407052356331378,0.04003436760973722,-0.234104891173051,-0.012864992022514343,1.0
T02,0,BG13,middle,0.05495395511388779,0.06561890989542007,0.06443009525537491,-0.19407052356331378,-0.17243760521826923,-0.02163291834504455,-0.001188814640045166,1.0
T02,0,BG13,late,0.05495395511388779,0.06561890989542007,0.07011770457029343,-0.19407052356331378,-0.2759353110367919,0.08186478747347814,0.004498794674873352,1.0
T02,0,BG13,full,0.05495395511388779,0.06561890989542007,0.0845680683851242,-0.19407052356331378,-0.538889290515498,0.3448187669521843,0.018949158489704132,1.0
T02,0,BG14,early,0.750180184841156,0.4733508229255676,0.6894164085388184,0.3690171692338593,0.0809989209528571,0.2880182482810022,0.21606558561325073,1.0
T02,0,BG14,middle,0.750180184841156,0.4733508229255676,0.5202826857566833,0.3690171692338593,0.30645638296696365,0.06256078626689565,0.04693186283111572,1.0
T02,0,BG14,late,0.750180184841156,0.4733508229255676,0.7240474820137024,0.3690171692338593,0.034835247594062424,0.3341819216397969,0.25069665908813477,1.0
T02,0,BG14,full,0.750180184841156,0.4733508229255676,0.4693529009819031,0.3690171692338593,0.37434645141320433,-0.00532928217934503,-0.003997921943664551,1.0
T02,0,BG15,early,0.1753745973110199,0.11303292214870453,0.15320155024528503,0.3554772616069489,0.12643254006785498,0.22904472153909394,0.040168628096580505,1.0
T02,0,BG15,middle,0.1753745973110199,0.11303292214870453,0.12276463210582733,0.3554772616069489,0.299986275161779,0.05549098644516992,0.009731709957122803,1.0
T02,0,BG15,late,0.1753745973110199,0.11303292214870453,0.17034320533275604,0.3554772616069489,0.028689455420081722,0.3267878061868672,0.057310283184051514,1.0
T02,0,BG15,full,0.1753745973110199,0.11303292214870453,0.11077763885259628,0.3554772616069489,0.36833706685862144,-0.012859805251672518,-0.002255283296108246,1.0
T02,1,BG1,early,0.07718808203935623,0.05764353275299072,0.07283055037260056,0.25320692311451665,0.05645354810083758,0.19675337501367907,0.015187017619609833,1.0
T02,1,BG1,middle,0.07718808203935623,0.05764353275299072,0.05202753096818924,0.25320692311451665,0.32596428291475665,-0.07275735980024,-0.005616001784801483,1.0
T02,1,BG1,late,0.07718808203935623,0.05764353275299072,0.06178731843829155,0.25320692311451665,0.1995226620346079,0.05368426107990876,0.004143785685300827,1.0
T02,1,BG1,full,0.07718808203935623,0.05764353275299072,0.051018744707107544,0.25320692311451665,0.33903347836225317,-0.08582655524773652,-0.006624788045883179,1.0
T02,1,BG2,early,0.05375010520219803,0.047656867653131485,0.04961370304226875,0.11336250212943488,0.07695634036073884,0.036406161768696044,0.001956835389137268,1.0
T02,1,BG2,middle,0.05375010520219803,0.047656867653131485,0.05172588303685188,0.11336250212943488,0.037660052592098814,0.07570244953733607,0.004069015383720398,1.0
T02,1,BG2,late,0.05375010520219803,0.047656867653131485,0.038593944162130356,0.11336250212943488,0.28197467080866623,-0.16861216867923134,-0.00906292349100113,1.0
T02,1,BG2,full,0.05375010520219803,0.047656867653131485,0.043663397431373596,0.11336250212943488,0.18765946329380057,-0.07429696116436568,-0.003993470221757889,1.0
T02,1,BG3,early,0.1549988090991974,0.10121047496795654,0.14906418323516846,0.3470242189188354,0.038288265023689205,0.3087359538951462,0.047853708267211914,1.0
T02,1,BG3,middle,0.1549988090991974,0.10121047496795654,0.10384930670261383,0.3470242189188354,0.3299993683425967,0.017024850576238704,0.0026388317346572876,1.0
T02,1,BG3,late,0.1549988090991974,0.10121047496795654,0.1404941827058792,0.3470242189188354,0.09357901226354104,0.25344520665529435,0.03928370773792267,1.0
T02,1,BG3,full,0.1549988090991974,0.10121047496795654,0.09109900146722794,0.3470242189188354,0.41226002883979607,-0.06523580992096067,-0.010111473500728607,1.0
T02,1,BG4,early,0.07476802170276642,0.0509486198425293,0.06960935890674591,0.3185774898412338,0.06899570148547363,0.24958178835576017,0.018660739064216614,1.0
T02,1,BG4,middle,0.07476802170276642,0.0509486198425293,0.05914146453142166,0.3185774898412338,0.20900064928105588,0.10957684056017791,0.008192844688892365,1.0
T02,1,BG4,late,0.07476802170276642,0.0509486198425293,0.0757996216416359,0.3185774898412338,-0.013797206043492993,0.3323746958847268,0.024851001799106598,1.0
T02,1,BG4,full,0.07476802170276642,0.0509486198425293,0.06004239246249199,0.3185774898412338,0.19695100840443247,0.12162648143680133,0.009093772619962692,1.0
T02,1,BG5,early,0.11067277193069458,0.14288300275802612,0.10637501627206802,-0.2910401298803731,0.038833086000475636,-0.3298732158808487,-0.0365079864859581,1.0
T02,1,BG5,middle,0.11067277193069458,0.14288300275802612,0.13436686992645264,-0.2910401298803731,-0.21409137443202386,-0.07694875544834923,-0.008516132831573486,1.0
T02,1,BG5,late,0.11067277193069458,0.14288300275802612,0.1155262365937233,-0.2910401298803731,-0.04385409473187418,-0.2471860351484989,-0.027356766164302826,1.0
T02,1,BG5,full,0.11067277193069458,0.14288300275802612,0.15575705468654633,-0.2910401298803731,-0.407365496460407,0.1163253665800339,0.012874051928520203,1.0
T02,1,BG6,early,0.515608549118042,0.37824326753616333,0.474382221698761,0.26641390867685477,0.07995665838014687,0.1864572502967079,0.09613895416259766,1.0
T02,1,BG6,middle,0.515608549118042,0.37824326753616333,0.4038906991481781,0.26641390867685477,0.21667184920467453,0.049742059472180244,0.02564743161201477,1.0
T02,1,BG6,late,0.515608549118042,0.37824326753616333,0.44458574056625366,0.26641390867685477,0.13774561592475154,0.12866829275210323,0.06634247303009033,1.0
T02,1,BG6,full,0.515608549118042,0.37824326753616333,0.3097507953643799,0.26641390867685477,0.39925202969048,-0.13283812101362524,-0.06849247217178345,1.0
T02,1,BG7,early,0.16574323177337646,0.0805254578590393,0.15301892161369324,0.5141554068965108,0.0767712760021998,0.43738413089431105,0.07249346375465393,1.0
T02,1,BG7,middle,0.16574323177337646,0.0805254578590393,0.08810211718082428,0.5141554068965108,0.46844217454556736,0.04571323235094349,0.007576659321784973,1.0
T02,1,BG7,late,0.16574323177337646,0.0805254578590393,0.17447085678577423,0.5141554068965108,-0.05265744122666072,0.5668128481231716,0.09394539892673492,1.0
T02,1,BG7,full,0.16574323177337646,0.0805254578590393,0.09511290490627289,0.5141554068965108,0.42614308801608713,0.08801231888042371,0.014587447047233582,1.0
T02,1,BG8,early,1.6765817403793335,1.0685813426971436,1.5093090534210205,0.36264286399671675,0.09977008095219142,0.2628727830445253,0.44072771072387695,1.0
T02,1,BG8,middle,1.6765817403793335,1.0685813426971436,1.2307668924331665,0.36264286399671675,0.265907020546597,0.09673584345011976,0.16218554973602295,1.0
T02,1,BG8,late,1.6765817403793335,1.0685813426971436,1.6785213947296143,0.36264286399671675,-0.0011569041293941762,0.3637997681261109,0.6099400520324707,1.0
T02,1,BG8,full,1.6765817403793335,1.0685813426971436,1.1013109683990479,0.36264286399671675,0.3431212237936673,0.019521640203049473,0.0327296257019043,1.0
T02,1,BG9,early,0.2146076261997223,0.1245313286781311,0.18334703147411346,0.4197255471271425,0.14566399070961522,0.2740615564175273,0.05881570279598236,1.0
T02,1,BG9,middle,0.2146076261997223,0.1245313286781311,0.1484510749578476,0.4197255471271425,0.30826750815291026,0.11145803897423223,0.02391974627971649,1.0
T02,1,BG9,late,0.2146076261997223,0.1245313286781311,0.18882659077644348,0.4197255471271425,0.12013107212683682,0.29959447500030567,0.06429526209831238,1.0
T02,1,BG9,full,0.2146076261997223,0.1245313286781311,0.132821723818779,0.4197255471271425,0.38109507112239993,0.038630476004742564,0.008290395140647888,1.0
T02,1,BG10,early,2.422804355621338,1.7921022176742554,2.2987544536590576,0.2603190570796815,0.051200961052613514,0.209118096027068,0.5066522359848022,1.0
T02,1,BG10,middle,2.422804355621338,1.7921022176742554,1.9541887044906616,0.2603190570796815,0.19341869602851647,0.06690036105116504,0.16208648681640625,1.0
T02,1,BG10,late,2.422804355621338,1.7921022176742554,2.450495958328247,0.2603190570796815,-0.011429561998419047,0.27174861907810055,0.6583937406539917,1.0
T02,1,BG10,full,2.422804355621338,1.7921022176742554,1.798911690711975,0.2603190570796815,0.25750848222091716,0.0028105748587643475,0.0068094730377197266,1.0
T02,1,BG11,early,0.5103693008422852,0.3336295187473297,0.47100934386253357,0.3462978442086848,0.07712055984478006,0.26917728436390476,0.13737982511520386,1.0
T02,1,BG11,middle,0.5103693008422852,0.3336295187473297,0.37210705876350403,0.3462978442086848,0.27090628127816074,0.07539156293052407,0.038477540016174316,1.0
T02,1,BG11,late,0.5103693008422852,0.3336295187473297,0.4675407409667969,0.3462978442086848,0.08391682055648375,0.26238102365220106,0.13391122221946716,1.0
T02,1,BG11,full,0.5103693008422852,0.3336295187473297,0.31770139932632446,0.3462978442086848,0.3775068512603007,-0.03120900705161589,-0.01592811942100525,1.0
T02,1,BG12,early,0.07842749357223511,0.06762655079364777,0.07084603607654572,0.1377189415271799,0.09666847917333654,0.04105046235384335,0.0032194852828979492,1.0
T02,1,BG12,middle,0.07842749357223511,0.06762655079364777,0.06996158510446548,0.1377189415271799,0.10794578537071686,0.029773156156463032,0.0023350343108177185,1.0
T02,1,BG12,late,0.07842749357223511,0.06762655079364777,0.0823122039437294,0.1377189415271799,-0.04953237314147474,0.18725131466865463,0.014685653150081635,1.0
T02,1,BG12,full,0.07842749357223511,0.06762655079364777,0.09533600509166718,0.1377189415271799,-0.2155940295085208,0.3533129710357007,0.02770945429801941,1.0
T02,1,BG13,early,0.08391957730054855,0.08094862103462219,0.08945374935865402,0.03540253666031712,-0.06594601136782874,0.10134854802814586,0.00850512832403183,1.0
T02,1,BG13,middle,0.08391957730054855,0.08094862103462219,0.07928664982318878,0.03540253666031712,0.05520686679222364,-0.019804330131906522,-0.0016619712114334106,1.0
T02,1,BG13,late,0.08391957730054855,0.08094862103462219,0.09521915763616562,0.03540253666031712,-0.1346475918089174,0.1700501284692345,0.014270536601543427,1.0
T02,1,BG13,full,0.08391957730054855,0.08094862103462219,0.1053212508559227,0.03540253666031712,-0.2550258437130595,0.2904283803733766,0.024372629821300507,1.0
T02,1,BG14,early,0.44352856278419495,0.2449754774570465,0.40032821893692017,0.44766697685507906,0.09740151254763585,0.3502654643074432,0.15535274147987366,1.0
T02,1,BG14,middle,0.44352856278419495,0.2449754774570465,0.28411516547203064,0.44766697685507906,0.35942082899297023,0.08824614786210883,0.03913968801498413,1.0
T02,1,BG14,late,0.44352856278419495,0.2449754774570465,0.426555335521698,0.44766697685507906,0.038268644466239454,0.4093983323888396,0.1815798580646515,1.0
T02,1,BG14,full,0.44352856278419495,0.2449754774570465,0.24685800075531006,0.44766697685507906,0.44342255290185717,0.0042444239532218875,0.0018825232982635498,1.0
T02,1,BG15,early,0.14789925515651703,0.07735172659158707,0.13631926476955414,0.4769972216580777,0.07829653767858913,0.39870068397948855,0.05896753817796707,1.0
T02,1,BG15,middle,0.14789925515651703,0.07735172659158707,0.09096100926399231,0.4769972216580777,0.3849799783134067,0.09201724334467098,0.013609282672405243,1.0
T02,1,BG15,late,0.14789925515651703,0.07735172659158707,0.14668144285678864,0.4769972216580777,0.00823413353974145,0.4687630881183362,0.06932971626520157,1.0
T02,1,BG15,full,0.14789925515651703,0.07735172659158707,0.09047876298427582,0.4769972216580777,0.3882406184471231,0.08875660321095458,0.013127036392688751,1.0
T02,2,BG1,early,0.061054788529872894,0.06055636331439018,0.05932000279426575,0.008163735324404287,0.028413749244596165,-0.02025001392019188,-0.0012363605201244354,1.0
T02,2,BG1,middle,0.061054788529872894,0.06055636331439018,0.05841862037777901,0.008163735324404287,0.04317724758036934,-0.03501351225596505,-0.0021377429366111755,1.0
T02,2,BG1,late,0.061054788529872894,0.06055636331439018,0.048705849796533585,0.008163735324404287,0.20226008488582947,-0.19409634956142519,-0.011850513517856598,1.0
T02,2,BG1,full,0.061054788529872894,0.06055636331439018,0.04595237597823143,0.008163735324404287,0.24735848639730018,-0.2391947510728959,-0.014603987336158752,1.0
T02,2,BG2,early,0.05058787390589714,0.0536050982773304,0.04879402369260788,-0.059643023951067686,0.035460273780697715,-0.0951032977317654,-0.004811074584722519,1.0
T02,2,BG2,middle,0.05058787390589714,0.0536050982773304,0.05299804359674454,-0.059643023951067686,-0.047643022493898624,-0.012000001457169063,-0.0006070546805858612,1.0
T02,2,BG2,late,0.05058787390589714,0.0536050982773304,0.04332917183637619,-0.059643023951067686,0.14348716548459517,-0.20313018943566286,-0.010275926440954208,1.0
T02,2,BG2,full,0.05058787390589714,0.0536050982773304,0.03640324994921684,-0.059643023951067686,0.28039587469336236,-0.34003889864443004,-0.017201848328113556,1.0
T02,2,BG3,early,0.11897806823253632,0.06090613454580307,0.11218135058879852,0.4880894409240224,0.05712588188266032,0.4309635590413621,0.05127521604299545,1.0
T02,2,BG3,middle,0.11897806823253632,0.06090613454580307,0.06104370951652527,0.4880894409240224,0.4869331357225438,0.0011563052014785802,0.00013757497072219849,1.0
T02,2,BG3,late,0.11897806823253632,0.06090613454580307,0.12649798393249512,0.4880894409240224,-0.06320412811897635,0.5512935690429988,0.06559184938669205,1.0
T02,2,BG3,full,0.11897806823253632,0.06090613454580307,0.07307759672403336,0.4880894409240224,0.38578940079022717,0.10230004013379523,0.012171462178230286,1.0
T02,2,BG4,early,0.06269831210374832,0.04678953066468239,0.05581784248352051,0.25373552122720755,0.10973945377425776,0.1439960674529498,0.00902831181883812,1.0
T02,2,BG4,middle,0.06269831210374832,0.04678953066468239,0.050195079296827316,0.25373552122720755,0.19941909747172504,0.05431642375548251,0.003405548632144928,1.0
T02,2,BG4,late,0.06269831210374832,0.04678953066468239,0.0732782632112503,0.25373552122720755,-0.1687436083216889,0.42247912954889644,0.026488732546567917,1.0
T02,2,BG4,full,0.06269831210374832,0.04678953066468239,0.05589188262820244,0.25373552122720755,0.10855855862112407,0.14517696260608348,0.00910235196352005,1.0
T02,2,BG5,early,0.07350144535303116,0.08083086460828781,0.07335400581359863,-0.09971787932705745,0.002006076460994044,-0.10172395578805149,-0.0074768587946891785,1.0
T02,2,BG5,middle,0.07350144535303116,0.08083086460828781,0.07949306815862656,-0.09971787932705745,-0.08151692747874706,-0.018200951848310387,-0.0013377964496612549,1.0
T02,2,BG5,late,0.07350144535303116,0.08083086460828781,0.06268550455570221,-0.09971787932705745,0.14715287942775268,-0.24687075875481013,-0.018145360052585602,1.0
T02,2,BG5,full,0.07350144535303116,0.08083086460828781,0.09738489240407944,-0.09971787932705745,-0.324938287770425,0.22522040844336755,0.016554027795791626,1.0
T02,2,BG6,early,0.2443017214536667,0.1846841424703598,0.21396370232105255,0.24403260930065784,0.12418262020532556,0.11984998909533229,0.02927955985069275,1.0
T02,2,BG6,middle,0.2443017214536667,0.1846841424703598,0.20788654685020447,0.24403260930065784,0.14905823379466543,0.09497437550599241,0.023202404379844666,1.0
T02,2,BG6,late,0.2443017214536667,0.1846841424703598,0.22943314909934998,0.24403260930065784,0.06086155127040771,0.18317105803025013,0.04474900662899017,1.0
T02,2,BG6,full,0.2443017214536667,0.1846841424703598,0.18354275822639465,0.24403260930065784,0.2487046361306503,-0.0046720268299924594,-0.001141384243965149,1.0
T02,2,BG7,early,0.12015000730752945,0.11514337360858917,0.11573375761508942,0.04166993739273073,0.03675621353542058,0.004913723857310148,0.0005903840065002441,1.0
T02,2,BG7,middle,0.12015000730752945,0.11514337360858917,0.11416207253932953,0.04166993739273073,0.04983723600200152,-0.00816729860927079,-0.0009813010692596436,1.0
T02,2,BG7,late,0.12015000730752945,0.11514337360858917,0.10419397056102753,0.04166993739273073,0.1328010357723186,-0.09113109837958788,-0.010949403047561646,1.0
T02,2,BG7,full,0.12015000730752945,0.11514337360858917,0.11140556633472443,0.04166993739273073,0.07277943997646874,-0.031109502583738013,-0.003737807273864746,1.0
T02,2,BG8,early,1.2164758443832397,0.7261804938316345,1.1467955112457275,0.403045698593161,0.057280498323446394,0.3457652002697146,0.420615017414093,1.0
T02,2,BG8,middle,1.2164758443832397,0.7261804938316345,0.8228549957275391,0.403045698593161,0.32357474029377153,0.07947095829938944,0.09667450189590454,1.0
T02,2,BG8,late,1.2164758443832397,0.7261804938316345,1.219756007194519,0.403045698593161,-0.0026964388972130493,0.405742137490374,0.4935755133628845,1.0
T02,2,BG8,full,1.2164758443832397,0.7261804938316345,0.735347330570221,0.403045698593161,0.3955101304143466,0.0075355681788144,0.009166836738586426,1.0
T02,2,BG9,early,0.23684652149677277,0.09402839839458466,0.20900586247444153,0.6029986261552415,0.11754729464007618,0.4854513315151653,0.11497746407985687,1.0
T02,2,BG9,middle,0.23684652149677277,0.09402839839458466,0.1251331865787506,0.6029986261552415,0.4716697526117005,0.13132887354354095,0.031104788184165955,1.0
T02,2,BG9,late,0.23684652149677277,0.09402839839458466,0.21362920105457306,0.6029986261552415,0.09802689655396557,0.5049717296012759,0.1196008026599884,1.0
T02,2,BG9,full,0.23684652149677277,0.09402839839458466,0.11664827913045883,0.6029986261552415,0.5074942478857949,0.09550437826944658,0.022619880735874176,1.0
T02,2,BG10,early,1.7511603832244873,0.9333966374397278,1.6538654565811157,0.4669839261719343,0.05556026565003458,0.4114236605218997,0.7204688191413879,1.0
T02,2,BG10,middle,1.7511603832244873,0.9333966374397278,1.044661045074463,0.4669839261719343,0.4034463952494475,0.06353753092248682,0.11126440763473511,1.0
T02,2,BG10,late,1.7511603832244873,0.9333966374397278,1.7362858057022095,0.4669839261719343,0.008494131993751042,0.45848979417818325,0.8028891682624817,1.0
T02,2,BG10,full,1.7511603832244873,0.9333966374397278,0.9082968831062317,0.4669839261719343,0.4813171388408657,-0.014333212668931394,-0.025099754333496094,1.0
T02,2,BG11,early,0.47664228081703186,0.19431589543819427,0.4313954710960388,0.5923234274803657,0.09492825247091197,0.49739517500945374,0.23707957565784454,1.0
T02,2,BG11,middle,0.47664228081703186,0.19431589543819427,0.22175586223602295,0.5923234274803657,0.5347541195811596,0.05756930789920611,0.027439966797828674,1.0
T02,2,BG11,late,0.47664228081703186,0.19431589543819427,0.44604021310806274,0.5923234274803657,0.06420344627102403,0.5281199812093417,0.25172431766986847,1.0
T02,2,BG11,full,0.47664228081703186,0.19431589543819427,0.17472366988658905,0.5923234274803657,0.6334281005844276,-0.04110467310406185,-0.019592225551605225,1.0
T02,2,BG12,early,0.10172649472951889,0.07418180257081985,0.09653805196285248,0.2707721279910067,0.05100394219246995,0.21976818579853674,0.022356249392032623,1.0
T02,2,BG12,middle,0.10172649472951889,0.07418180257081985,0.08032085746526718,0.2707721279910067,0.21042350094665385,0.06034862704435284,0.006139054894447327,1.0
T02,2,BG12,late,0.10172649472951889,0.07418180257081985,0.0953575000166893,0.2707721279910067,0.06260909808868553,0.20816302990232116,0.021175697445869446,1.0
T02,2,BG12,full,0.10172649472951889,0.07418180257081985,0.08270354568958282,0.2707721279910067,0.187001009132441,0.0837711188585657,0.00852174311876297,1.0
T02,2,BG13,early,0.07262974977493286,0.0675797164440155,0.07176269590854645,0.06953132361399195,0.011938134850965954,0.05759318876302599,0.004182979464530945,1.0
T02,2,BG13,middle,0.07262974977493286,0.0675797164440155,0.0688602477312088,0.06953132361399195,0.05190037878970166,0.017630944824290284,0.0012805312871932983,1.0
T02,2,BG13,late,0.07262974977493286,0.0675797164440155,0.07429027557373047,0.06953132361399195,-0.022862746674961798,0.09239407028895374,0.006710559129714966,1.0
T02,2,BG13,full,0.07262974977493286,0.0675797164440155,0.09403692185878754,0.06953132361399195,-0.2947436718803944,0.36427499549438636,0.026457205414772034,1.0
T02,2,BG14,early,0.45895498991012573,0.18509621918201447,0.4203561842441559,0.596700723996338,0.08410152558209061,0.5125991984142474,0.23525996506214142,1.0
T02,2,BG14,middle,0.45895498991012573,0.18509621918201447,0.21897220611572266,0.596700723996338,0.5228895944948795,0.07381112950145852,0.03387598693370819,1.0
T02,2,BG14,late,0.45895498991012573,0.18509621918201447,0.4358668327331543,0.596700723996338,0.050305949780463544,0.5463947742158745,0.25077061355113983,1.0
T02,2,BG14,full,0.45895498991012573,0.18509621918201447,0.173756405711174,0.596700723996338,0.6214086223154783,-0.02470789831914033,-0.011339813470840454,1.0
T02,2,BG15,early,0.15081799030303955,0.060866039246320724,0.1305301934480667,0.5964272227186264,0.13451847136421657,0.4619087513544098,0.06966415420174599,1.0
T02,2,BG15,middle,0.15081799030303955,0.060866039246320724,0.0601947121322155,0.5964272227186264,0.6008784627082584,-0.004451239989632039,-0.0006713271141052246,1.0
T02,2,BG15,late,0.15081799030303955,0.060866039246320724,0.1395537108182907,0.5964272227186264,0.07468796471320016,0.5217392580054262,0.07868767157196999,1.0
T02,2,BG15,full,0.15081799030303955,0.060866039246320724,0.0665806233882904,0.5964272227186264,0.5585366252402926,0.03789059747833379,0.005714584141969681,1.0
T03,0,BG1,early,0.11162809282541275,0.04764002189040184,0.09931249916553497,0.5732255526647154,0.11032708921999212,0.4628984634447233,0.05167247727513313,1.0
T03,0,BG1,middle,0.11162809282541275,0.04764002189040184,0.05109666660428047,0.5732255526647154,0.5422598314315521,0.030965721233163324,0.0034566447138786316,1.0
T03,0,BG1,late,0.11162809282541275,0.04764002189040184,0.10787689685821533,0.5732255526647154,0.03360449449780878,0.5396210581669066,0.06023687496781349,1.0
T03,0,BG1,full,0.11162809282541275,0.04764002189040184,0.05951714515686035,0.5732255526647154,0.46682651007743414,0.10639904258728128,0.011877123266458511,1.0
T03,0,BG2,early,0.07260255515575409,0.051312994211912155,0.0646871030330658,0.29323441807007056,0.10902455175939407,0.18420986631067648,0.01337410882115364,1.0
T03,0,BG2,middle,0.07260255515575409,0.051312994211912155,0.04991527274250984,0.29323441807007056,0.31248609969321683,-0.019251681623146277,-0.0013977214694023132,1.0
T03,0,BG2,late,0.07260255515575409,0.051312994211912155,0.07332994788885117,0.29323441807007056,-0.010018691922752732,0.3032531099928233,0.02201695367693901,1.0
T03,0,BG2,full,0.07260255515575409,0.051312994211912155,0.0646233782172203,0.29323441807007056,0.10990227303148381,0.18333214503858675,0.013310384005308151,1.0
T03,0,BG3,early,0.141752690076828,0.08275595307350159,0.13260355591773987,0.4161948729819679,0.0645429974464643,0.3516518755355036,0.04984760284423828,1.0
T03,0,BG3,middle,0.141752690076828,0.08275595307350159,0.0821867436170578,0.4161948729819679,0.4202103834881895,-0.00401551050622162,-0.0005692094564437866,1.0
T03,0,BG3,late,0.141752690076828,0.08275595307350159,0.11228348314762115,0.4161948729819679,0.20789175030341533,0.20830312267855255,0.029527530074119568,1.0
T03,0,BG3,full,0.141752690076828,0.08275595307350159,0.07164539396762848,0.4161948729819679,0.49457474934306245,-0.07837987636109456,-0.011110559105873108,1.0
T03,0,BG4,early,0.07572707533836365,0.07249635457992554,0.07501770555973053,0.042662816665959835,0.009367583282302028,0.03329523338365781,0.0025213509798049927,1.0
T03,0,BG4,middle,0.07572707533836365,0.07249635457992554,0.07391493022441864,0.042662816665959835,0.023930078727418813,0.018732737938541022,0.001418575644493103,1.0
T03,0,BG4,late,0.07572707533836365,0.07249635457992554,0.07474920153617859,0.042662816665959835,0.012913263435607947,0.02974955323035189,0.0022528469562530518,1.0
T03,0,BG4,full,0.07572707533836365,0.07249635457992554,0.07582361996173859,0.042662816665959835,-0.0012747700897717262,0.04393758675573156,0.0033272653818130493,1.0
T03,0,BG5,early,0.4526486396789551,0.25508958101272583,0.42860180139541626,0.4364512493439442,0.05312475426712138,0.3833264950768228,0.17351222038269043,1.0
T03,0,BG5,middle,0.4526486396789551,0.25508958101272583,0.267991840839386,0.4364512493439442,0.40794733171199893,0.028503917631945264,0.012902259826660156,1.0
T03,0,BG5,late,0.4526486396789551,0.25508958101272583,0.38364771008491516,0.4364512493439442,0.15243818719658042,0.28401306214736377,0.12855812907218933,1.0
T03,0,BG5,full,0.4526486396789551,0.25508958101272583,0.27208447456359863,0.4364512493439442,0.3989058075030669,0.03754544184087727,0.016994893550872803,1.0
T03,0,BG6,early,0.9121346473693848,0.4539078176021576,0.8559802770614624,0.5023675353908412,0.06156369550727614,0.4408038398835651,0.4020724594593048,1.0
T03,0,BG6,middle,0.9121346473693848,0.4539078176021576,0.5135658979415894,0.5023675353908412,0.4369626306901615,0.06540490470067972,0.05965808033943176,1.0
T03,0,BG6,late,0.9121346473693848,0.4539078176021576,0.917840301990509,0.5023675353908412,-0.006255265683664968,0.5086228010745062,0.46393248438835144,1.0
T03,0,BG6,full,0.9121346473693848,0.4539078176021576,0.47189846634864807,0.5023675353908412,0.48264385906614604,0.019723676324695183,0.01799064874649048,1.0
T03,0,BG7,early,0.2720842957496643,0.18406502902507782,0.25422045588493347,0.3235000140198093,0.06565556883375245,0.25784444518605687,0.07015542685985565,1.0
T03,0,BG7,middle,0.2720842957496643,0.18406502902507782,0.18212078511714935,0.3235000140198093,0.3306457547584071,-0.00714574073859775,-0.0019442439079284668,1.0
T03,0,BG7,late,0.2720842957496643,0.18406502902507782,0.2813135087490082,0.3235000140198093,-0.033920379839311066,0.3574203938591204,0.09724847972393036,1.0
T03,0,BG7,full,0.2720842957496643,0.18406502902507782,0.18004921078681946,0.3235000140198093,0.3382594770002033,-0.01475946298039399,-0.004015818238258362,1.0
T03,0,BG8,early,1.6755679845809937,0.7221248149871826,1.570210337638855,0.5690268510005987,0.0628787714272886,0.5061480795733101,0.8480855226516724,1.0
T03,0,BG8,middle,1.6755679845809937,0.7221248149871826,0.8434077501296997,0.5690268510005987,0.4966436737527866,0.07238317724781207,0.12128293514251709,1.0
T03,0,BG8,late,1.6755679845809937,0.7221248149871826,1.5878102779388428,0.5690268510005987,0.052374906256249076,0.5166519447443496,0.8656854629516602,1.0
T03,0,BG8,full,1.6755679845809937,0.7221248149871826,0.670735239982605,0.5690268510005987,0.5996967940711146,-0.03066994307051596,-0.05138957500457764,1.0
T03,0,BG9,early,0.5877248048782349,0.4518480896949768,0.5540401339530945,0.23119106381684618,0.05731369524038088,0.1738773685764653,0.10219204425811768,1.0
T03,0,BG9,middle,0.5877248048782349,0.4518480896949768,0.4799146056175232,0.23119106381684618,0.18343654467447978,0.04775451914236639,0.028066515922546387,1.0
T03,0,BG9,late,0.5877248048782349,0.4518480896949768,0.5738814473152161,0.23119106381684618,0.023554165508371305,0.20763689830847487,0.12203335762023926,1.0
T03,0,BG9,full,0.5877248048782349,0.4518480896949768,0.46371564269065857,0.23119106381684618,0.21099870049432679,0.02019236332251939,0.011867552995681763,1.0
T03,0,BG10,early,1.5161058902740479,0.634182333946228,1.446016550064087,0.5817031423519988,0.04622985122430545,0.5354732911276934,0.8118342161178589,1.0
T03,0,BG10,middle,1.5161058902740479,0.634182333946228,0.7714299559593201,0.5817031423519988,0.49117673388126903,0.09052640847072979,0.13724762201309204,1.0
T03,0,BG10,late,1.5161058902740479,0.634182333946228,1.5691721439361572,0.5817031423519988,-0.035001673466554806,0.6167048158185536,0.9349898099899292,1.0
T03,0,BG10,full,1.5161058902740479,0.634182333946228,0.5913112759590149,0.5817031423519988,0.6099802290511958,-0.02827708669919693,-0.042871057987213135,1.0
T03,0,BG11,early,0.6884467601776123,0.32068607211112976,0.6391420364379883,0.5341890092266741,0.07161735064412311,0.462571658582551,0.3184559643268585,1.0
T03,0,BG11,middle,0.6884467601776123,0.32068607211112976,0.37212392687797546,0.5341890092266741,0.45947320403294034,0.07471580519373378,0.0514378547668457,1.0
T03,0,BG11,late,0.6884467601776123,0.32068607211112976,0.7211407423019409,0.5341890092266741,-0.04748946983351221,0.5816784790601863,0.40045467019081116,1.0
T03,0,BG11,full,0.6884467601776123,0.32068607211112976,0.3322920501232147,0.5341890092266741,0.5173308024417245,0.016858206784949648,0.011605978012084961,1.0
T03,0,BG12,early,0.27589765191078186,0.21866385638713837,0.26935309171676636,0.20744577945046672,0.023721006364062047,0.18372477308640467,0.05068923532962799,1.0
T03,0,BG12,middle,0.27589765191078186,0.21866385638713837,0.22592660784721375,0.20744577945046672,0.1811217018567104,0.026324077593756323,0.007262751460075378,1.0
T03,0,BG12,late,0.27589765191078186,0.21866385638713837,0.24467608332633972,0.20744577945046672,0.1131636214972288,0.09428215795323791,0.026012226939201355,1.0
T03,0,BG12,full,0.27589765191078186,0.21866385638713837,0.22658386826515198,0.20744577945046672,0.17873944021162702,0.028706339238839695,0.00792001187801361,1.0
T03,0,BG13,early,0.13833926618099213,0.17306093871593475,0.13831228017807007,-0.2509891875501471,0.00019514344492255198,-0.25118433099506965,-0.034748658537864685,1.0
T03,0,BG13,middle,0.13833926618099213,0.17306093871593475,0.17011216282844543,-0.2509891875501471,-0.2296736510742199,-0.02131553647592721,-0.002948775887489319,1.0
T03,0,BG13,late,0.13833926618099213,0.17306093871593475,0.17081806063652039,-0.2509891875501471,-0.234776307583362,-0.01621287996678511,-0.0022428780794143677,1.0
T03,0,BG13,full,0.13833926618099213,0.17306093871593475,0.20227381587028503,-0.2509891875501471,-0.46215754089710614,0.21116835334695905,0.02921287715435028,1.0
T03,0,BG14,early,0.8896175622940063,0.3800351619720459,0.8428621292114258,0.5728106393041779,0.05255678905039496,0.5202538502537829,0.4628269672393799,1.0
T03,0,BG14,middle,0.8896175622940063,0.3800351619720459,0.44208818674087524,0.5728106393041779,0.5030581673416281,0.06975247196254974,0.062053024768829346,1.0
T03,0,BG14,late,0.8896175622940063,0.3800351619720459,0.8543695211410522,0.5728106393041779,0.03962157701321256,0.5331890622909653,0.47433435916900635,1.0
T03,0,BG14,full,0.8896175622940063,0.3800351619720459,0.3497609496116638,0.5728106393041779,0.6068412309912504,-0.034030591687072564,-0.03027421236038208,1.0
T03,0,BG15,early,0.22832567989826202,0.1425132155418396,0.21523018181324005,0.37583363656826774,0.057354510089763,0.31847912647850474,0.07271696627140045,1.0
T03,0,BG15,middle,0.22832567989826202,0.1425132155418396,0.15144367516040802,0.37583363656826774,0.3367208252917633,0.039112811276504456,0.00893045961856842,1.0
T03,0,BG15,late,0.22832567989826202,0.1425132155418396,0.2350170910358429,0.37583363656826774,-0.029306387470295014,0.40514002403856275,0.0925038754940033,1.0
T03,0,BG15,full,0.22832567989826202,0.1425132155418396,0.15034212172031403,0.37583363656826774,0.3415453084262928,0.03428832814197491,0.007828906178474426,1.0
T03,1,BG1,early,0.06201699376106262,0.053106922656297684,0.06998205929994583,0.1436715830241243,-0.1284334143192527,0.272104997343377,0.016875136643648148,1.0
T03,1,BG1,middle,0.06201699376106262,0.053106922656297684,0.055281393229961395,0.1436715830241243,0.10860909303280764,0.03506248999131667,0.0021744705736637115,1.0
T03,1,BG1,late,0.06201699376106262,0.053106922656297684,0.057318370789289474,0.1436715830241243,0.07576362427755956,0.06790795874656474,0.004211448132991791,1.0
T03,1,BG1,full,0.06201699376106262,0.053106922656297684,0.048047009855508804,0.1436715830241243,0.22526070365116346,-0.08158912062703916,-0.005059912800788879,1.0
T03,1,BG2,early,0.0702344998717308,0.05705459043383598,0.06679093837738037,0.18765588970386904,0.04902962234148733,0.1386262673623817,0.009736347943544388,1.0
T03,1,BG2,middle,0.0702344998717308,0.05705459043383598,0.059593427926301956,0.18765588970386904,0.15150788358689538,0.03614800611697366,0.002538837492465973,1.0
T03,1,BG2,late,0.0702344998717308,0.05705459043383598,0.0656168982386589,0.18765588970386904,0.06574562336243295,0.12191026634143609,0.008562307804822922,1.0
T03,1,BG2,full,0.0702344998717308,0.05705459043383598,0.05387752130627632,0.18765588970386904,0.23289104736869704,-0.045235157664827996,-0.003177069127559662,1.0
T03,1,BG3,early,0.09364785254001617,0.06318013370037079,0.0917925238609314,0.3253435584461565,0.019811863600111335,0.30553169484604514,0.028612390160560608,1.0
T03,1,BG3,middle,0.09364785254001617,0.06318013370037079,0.06191062927246094,0.3253435584461565,0.338899707977785,-0.013556149531628536,-0.001269504427909851,1.0
T03,1,BG3,late,0.09364785254001617,0.06318013370037079,0.06673451513051987,0.3253435584461565,0.2873888061032477,0.03795475234290879,0.0035543814301490784,1.0
T03,1,BG3,full,0.09364785254001617,0.06318013370037079,0.03825909644365311,0.3253435584461565,0.5914578784186899,-0.26611431997253343,-0.024921037256717682,1.0
T03,1,BG4,early,0.04074510931968689,0.059936899691820145,0.04325898736715317,-0.4710203502302748,-0.06169740301267557,-0.4093229472175992,-0.016677912324666977,1.0
T03,1,BG4,middle,0.04074510931968689,0.059936899691820145,0.05766979604959488,-0.4710203502302748,-0.4153792408145056,-0.05564110941576916,-0.0022671036422252655,1.0
T03,1,BG4,late,0.04074510931968689,0.059936899691820145,0.042233336716890335,-0.4710203502302748,-0.03652504697622461,-0.43449530325405017,-0.01770356297492981,1.0
T03,1,BG4,full,0.04074510931968689,0.059936899691820145,0.043818049132823944,-0.4710203502302748,-0.07541835352172588,-0.3956019967085489,-0.0161188505589962,1.0
T03,1,BG5,early,0.11832763999700546,0.18015260994434357,0.1276964247226715,-0.5224895444885682,-0.0791765468671366,-0.4433129976214316,-0.05245618522167206,1.0
T03,1,BG5,middle,0.11832763999700546,0.18015260994434357,0.16664135456085205,-0.5224895444885682,-0.40830443742497446,-0.11418510706359375,-0.013511255383491516,1.0
T03,1,BG5,late,0.11832763999700546,0.18015260994434357,0.17610347270965576,-0.5224895444885682,-0.48826983983973693,-0.034219704648831284,-0.004049137234687805,1.0
T03,1,BG5,full,0.11832763999700546,0.18015260994434357,0.221843883395195,-0.5224895444885682,-0.8748270873359629,0.3523375428473947,0.04169127345085144,1.0
T03,1,BG6,early,0.3101302981376648,0.17434152960777283,0.28630560636520386,0.4378442705110144,0.07682158482196877,0.3610226856890456,0.11196407675743103,1.0
T03,1,BG6,middle,0.3101302981376648,0.17434152960777283,0.1814955323934555,0.4378442705110144,0.41477653866422226,0.023067731846792117,0.007154002785682678,1.0
T03,1,BG6,late,0.3101302981376648,0.17434152960777283,0.27274075150489807,0.4378442705110144,0.12056079541948461,0.31728347509152977,0.09839922189712524,1.0
T03,1,BG6,full,0.3101302981376648,0.17434152960777283,0.16925309598445892,0.4378442705110144,0.45425167568811564,-0.016407405177101264,-0.005088433623313904,1.0
T03,1,BG7,early,0.14728647470474243,0.09576621651649475,0.1393888145685196,0.3497963054215577,0.053621146244714035,0.29617515917684367,0.04362259805202484,1.0
T03,1,BG7,middle,0.14728647470474243,0.09576621651649475,0.095596544444561,0.3497963054215577,0.3509482921247089,-0.0011519867031511977,-0.00016967207193374634,1.0
T03,1,BG7,late,0.14728647470474243,0.09576621651649475,0.1442766934633255,0.3497963054215577,0.020434945184892528,0.3293613602366652,0.04851047694683075,1.0
T03,1,BG7,full,0.14728647470474243,0.09576621651649475,0.09302264451980591,0.3497963054215577,0.3684237579144918,-0.01862745249293407,-0.0027435719966888428,1.0
T03,1,BG8,early,0.7361791729927063,0.2553081214427948,0.6371675729751587,0.6531983960685774,0.13449390081236323,0.5187044952562142,0.3818594515323639,1.0
T03,1,BG8,middle,0.7361791729927063,0.2553081214427948,0.2916069030761719,0.6531983960685774,0.6038914033255665,0.04930699274301098,0.036298781633377075,1.0
T03,1,BG8,late,0.7361791729927063,0.2553081214427948,0.682907223701477,0.6531983960685774,0.07236276238438144,0.580835633684196,0.42759910225868225,1.0
T03,1,BG8,full,0.7361791729927063,0.2553081214427948,0.26071736216545105,0.6531983960685774,0.645850673058173,0.007347723010404428,0.00540924072265625,1.0
T03,1,BG9,early,0.18854303658008575,0.19699645042419434,0.17537721991539001,-0.04483540495097449,0.06982928781254949,-0.11466469276352398,-0.02161923050880432,1.0
T03,1,BG9,middle,0.18854303658008575,0.19699645042419434,0.20331840217113495,-0.04483540495097449,-0.07836595334091623,0.03353054838994174,0.006321951746940613,1.0
T03,1,BG9,late,0.18854303658008575,0.19699645042419434,0.16948387026786804,-0.04483540495097449,0.1010866041359001,-0.14592200908687458,-0.027512580156326294,1.0
T03,1,BG9,full,0.18854303658008575,0.19699645042419434,0.1705467849969864,-0.04483540495097449,0.09544908661192786,-0.14028449156290235,-0.026449665427207947,1.0
T03,1,BG10,early,0.8755890727043152,0.22958192229270935,0.7728198766708374,0.7377971849721672,0.1173715022988504,0.6204256826733168,0.543237954378128,1.0
T03,1,BG10,middle,0.8755890727043152,0.22958192229270935,0.2946140468120575,0.7377971849721672,0.6635247599226313,0.0742724250495359,0.06503212451934814,1.0
T03,1,BG10,late,0.8755890727043152,0.22958192229270935,0.8844634890556335,0.7377971849721672,-0.010135355187286255,0.7479325401594534,0.6548815667629242,1.0
T03,1,BG10,full,0.8755890727043152,0.22958192229270935,0.19505399465560913,0.7377971849721672,0.7772311252977574,-0.03943394032559022,-0.03452792763710022,1.0
T03,1,BG11,early,0.2539897561073303,0.11383488029241562,0.22232016921043396,0.5518131220912594,0.12468847616290768,0.42712464592835175,0.10848528891801834,1.0
T03,1,BG11,middle,0.2539897561073303,0.11383488029241562,0.12247633934020996,0.5518131220912594,0.5177902589647874,0.03402286312647207,0.008641459047794342,1.0
T03,1,BG11,late,0.2539897561073303,0.11383488029241562,0.2478088140487671,0.5518131220912594,0.024335437420542783,0.5274776846707167,0.13397393375635147,1.0
T03,1,BG11,full,0.2539897561073303,0.11383488029241562,0.12198442220687866,0.5518131220912594,0.5197270186258969,0.03208610346536256,0.008149541914463043,1.0
T03,1,BG12,early,0.11592370271682739,0.1637726128101349,0.11418862640857697,-0.4127619705399739,0.014967483939103965,-0.42772945447907784,-0.04958398640155792,1.0
T03,1,BG12,middle,0.11592370271682739,0.1637726128101349,0.1588996797800064,-0.4127619705399739,-0.37072628244885975,-0.04203568809111413,-0.004872933030128479,1.0
T03,1,BG12,late,0.11592370271682739,0.1637726128101349,0.11944396793842316,-0.4127619705399739,-0.030366998598422068,-0.3823949719415518,-0.04432864487171173,1.0
T03,1,BG12,full,0.11592370271682739,0.1637726128101349,0.1572202742099762,-0.4127619705399739,-0.35623912075716535,-0.056522849782808526,-0.006552338600158691,1.0
T03,1,BG13,early,0.11311995983123779,0.146439790725708,0.11772684007883072,-0.2945529506786435,-0.04072552577998256,-0.25382742489866095,-0.02871295064687729,1.0
T03,1,BG13,middle,0.11311995983123779,0.146439790725708,0.14290425181388855,-0.2945529506786435,-0.2632981782711359,-0.031254772407507625,-0.003535538911819458,1.0
T03,1,BG13,late,0.11311995983123779,0.146439790725708,0.11399458348751068,-0.2945529506786435,-0.007731735232759718,-0.2868212154458838,-0.03244520723819733,1.0
T03,1,BG13,full,0.11311995983123779,0.146439790725708,0.13441424071788788,-0.2945529506786435,-0.1882450191457683,-0.10630793153287521,-0.01202555000782013,1.0
T03,1,BG14,early,0.33230042457580566,0.1578466296195984,0.2903619706630707,0.5249881938279867,0.12620646724784168,0.398781726580145,0.1325153410434723,1.0
T03,1,BG14,middle,0.33230042457580566,0.1578466296195984,0.1742139756679535,0.5249881938279867,0.475733530441077,0.04925466338690965,0.016367346048355103,1.0
T03,1,BG14,late,0.33230042457580566,0.1578466296195984,0.26528894901275635,0.5249881938279867,0.20165933772729505,0.3233288561006916,0.10744231939315796,1.0
T03,1,BG14,full,0.33230042457580566,0.1578466296195984,0.11927217245101929,0.5249881938279867,0.6410712715339213,-0.11608307770593462,-0.0385744571685791,1.0
T03,1,BG15,early,0.07142720371484756,0.08512759953737259,0.07353676855564117,-0.19180904742021498,-0.029534329159407013,-0.16227471826080797,-0.011590830981731415,1.0
T03,1,BG15,middle,0.07142720371484756,0.08512759953737259,0.08088722079992294,-0.19180904742021498,-0.13244261665927115,-0.059366430760943834,-0.004240378737449646,1.0
T03,1,BG15,late,0.07142720371484756,0.08512759953737259,0.08858726173639297,-0.19180904742021498,-0.24024523888124683,0.04843619146103184,0.0034596621990203857,1.0
T03,1,BG15,full,0.07142720371484756,0.08512759953737259,0.0887439101934433,-0.19180904742021498,-0.2424383589667607,0.05062931154654571,0.0036163106560707092,1.0
T03,2,BG1,early,0.03716724365949631,0.03986993804574013,0.03885067254304886,-0.07271681709399802,-0.04529306628288987,-0.02742375081110815,-0.001019265502691269,1.0
T03,2,BG1,middle,0.03716724365949631,0.03986993804574013,0.04109148308634758,-0.07271681709399802,-0.10558298072821493,0.032866163634216905,0.0012215450406074524,1.0
T03,2,BG1,late,0.03716724365949631,0.03986993804574013,0.05967603251338005,-0.07271681709399802,-0.6056078035814922,0.5328909864874942,0.019806094467639923,1.0
T03,2,BG1,full,0.03716724365949631,0.03986993804574013,0.054873980581760406,-0.07271681709399802,-0.4764066531383331,0.40368983604433506,0.015004042536020279,1.0
T03,2,BG2,early,0.030999675393104553,0.03877558186650276,0.03185193985700607,-0.25083791576568215,-0.02749235848990561,-0.22334555727577654,-0.006923642009496689,1.0
T03,2,BG2,middle,0.030999675393104553,0.03877558186650276,0.03624064475297928,-0.25083791576568215,-0.16906492093111702,-0.08177299483456513,-0.0025349371135234833,1.0
T03,2,BG2,late,0.030999675393104553,0.03877558186650276,0.06382672488689423,-0.25083791576568215,-1.0589475047089216,0.8081095889432395,0.025051143020391464,1.0
T03,2,BG2,full,0.030999675393104553,0.03877558186650276,0.06300297379493713,-0.25083791576568215,-1.0323746191614984,0.7815367033958163,0.024227391928434372,1.0
T03,2,BG3,early,0.033381495624780655,0.028005385771393776,0.03266947716474533,0.16105084994716157,0.021330028310848625,0.13972082163631294,0.004664091393351555,1.0
T03,2,BG3,middle,0.033381495624780655,0.028005385771393776,0.029924754053354263,0.16105084994716157,0.10355289573458559,0.057497954212575975,0.0019193682819604874,1.0
T03,2,BG3,late,0.033381495624780655,0.028005385771393776,0.036897480487823486,0.16105084994716157,-0.10532703055888404,0.2663778805060456,0.00889209471642971,1.0
T03,2,BG3,full,0.033381495624780655,0.028005385771393776,0.03937891870737076,0.16105084994716157,-0.1796627494877865,0.34071359943494806,0.011373532935976982,1.0
T03,2,BG4,early,0.04974397271871567,0.038963355123996735,0.05300270766019821,0.2167222446919762,-0.06550993232507052,0.2822321770170467,0.014039352536201477,1.0
T03,2,BG4,middle,0.04974397271871567,0.038963355123996735,0.0396868959069252,0.2167222446919762,0.202176952108151,0.014545292583825198,0.0007235407829284668,1.0
T03,2,BG4,late,0.04974397271871567,0.038963355123996735,0.04791421815752983,0.2167222446919762,0.036783636154195776,0.17993860853778043,0.008950863033533096,1.0
T03,2,BG4,full,0.04974397271871567,0.038963355123996735,0.058359295129776,0.2167222446919762,-0.17319305653061234,0.38991530122258855,0.019395940005779266,1.0
T03,2,BG5,early,0.1568092554807663,0.1406133472919464,0.16374288499355316,0.10328419139751932,-0.04421689937472051,0.14750109077223983,0.02312953770160675,1.0
T03,2,BG5,middle,0.1568092554807663,0.1406133472919464,0.13717606663703918,0.10328419139751932,0.12520432886113642,-0.021920137463617095,-0.0034372806549072266,1.0
T03,2,BG5,late,0.1568092554807663,0.1406133472919464,0.2857385575771332,0.10328419139751932,-0.8222045534176736,0.9254887448151929,0.14512521028518677,1.0
T03,2,BG5,full,0.1568092554807663,0.1406133472919464,0.22665338218212128,0.10328419139751932,-0.44540809809431714,0.5486922894918365,0.08604003489017487,1.0
T03,2,BG6,early,0.15313303470611572,0.183104008436203,0.14481960237026215,-0.19571846029448348,0.05428901614154058,-0.25000747643602406,-0.03828440606594086,1.0
T03,2,BG6,middle,0.15313303470611572,0.183104008436203,0.17322495579719543,-0.19571846029448348,-0.1312055874657163,-0.06451287282876716,-0.009879052639007568,1.0
T03,2,BG6,late,0.15313303470611572,0.183104008436203,0.16692964732646942,-0.19571846029448348,-0.090095528674633,-0.10562293161985048,-0.01617436110973358,1.0
T03,2,BG6,full,0.15313303470611572,0.183104008436203,0.1903708577156067,-0.19571846029448348,-0.24317294207109685,0.04745448177661338,0.0072668492794036865,1.0
T03,2,BG7,early,0.15959742665290833,0.13975292444229126,0.16108164191246033,0.12434104598919593,-0.009299681064300902,0.13364072705349683,0.021328717470169067,1.0
T03,2,BG7,middle,0.15959742665290833,0.13975292444229126,0.1372922956943512,0.12434104598919593,0.13975876697234324,-0.01541772098314731,-0.0024606287479400635,1.0
T03,2,BG7,late,0.15959742665290833,0.13975292444229126,0.19263264536857605,0.12434104598919593,-0.20699084777603627,0.3313318937652322,0.05287972092628479,1.0
T03,2,BG7,full,0.15959742665290833,0.13975292444229126,0.16543364524841309,0.12434104598919593,-0.03656831035574415,0.16090935634494008,0.025680720806121826,1.0
T03,2,BG8,early,0.8681052923202515,0.3001285791397095,0.789454460144043,0.6542716899234081,0.09060057802433918,0.5636711118990689,0.4893258810043335,1.0
T03,2,BG8,middle,0.8681052923202515,0.3001285791397095,0.3389987051486969,0.6542716899234081,0.6094958707859184,0.044775819137489736,0.03887012600898743,1.0
T03,2,BG8,late,0.8681052923202515,0.3001285791397095,0.8698703050613403,0.6542716899234081,-0.0020331666404656,0.6563048565638737,0.5697417259216309,1.0
T03,2,BG8,full,0.8681052923202515,0.3001285791397095,0.34292805194854736,0.6542716899234081,0.6049695226696838,0.04930216725372427,0.04279947280883789,1.0
T03,2,BG9,early,0.2042158544063568,0.20738151669502258,0.1962037980556488,-0.015501500325981743,0.039233319967567626,-0.05473482029354937,-0.01117771863937378,1.0
T03,2,BG9,middle,0.2042158544063568,0.20738151669502258,0.21347537636756897,-0.015501500325981743,-0.04534178570371594,0.0298402853777342,0.006093859672546387,1.0
T03,2,BG9,late,0.2042158544063568,0.20738151669502258,0.18324699997901917,-0.015501500325981743,0.10267989946957778,-0.11818139979555953,-0.024134516716003418,1.0
T03,2,BG9,full,0.2042158544063568,0.20738151669502258,0.18822157382965088,-0.015501500325981743,0.07832050963915249,-0.09382200996513423,-0.019159942865371704,1.0
T03,2,BG10,early,0.6861244440078735,0.24446547031402588,0.6171830296516418,0.6437009803600142,0.10047947417341374,0.5432215061866005,0.37271755933761597,1.0
T03,2,BG10,middle,0.6861244440078735,0.24446547031402588,0.2712629735469818,0.6437009803600142,0.6046446501615741,0.039056330198440126,0.026797503232955933,1.0
T03,2,BG10,late,0.6861244440078735,0.24446547031402588,0.7239335775375366,0.6437009803600142,-0.05510534321988936,0.6988063235799036,0.47946810722351074,1.0
T03,2,BG10,full,0.6861244440078735,0.24446547031402588,0.2215295135974884,0.6437009803600142,0.6771292550448198,-0.03342827468480558,-0.022935956716537476,1.0
T03,2,BG11,early,0.15324446558952332,0.13023808598518372,0.1356501430273056,0.1501286719526772,0.11481218161067963,0.035316490341997575,0.005412057042121887,1.0
T03,2,BG11,middle,0.15324446558952332,0.13023808598518372,0.12606313824653625,0.1501286719526772,0.17737237990747723,-0.027243707954800023,-0.004174947738647461,1.0
T03,2,BG11,late,0.15324446558952332,0.13023808598518372,0.19232383370399475,0.1501286719526772,-0.25501316092560744,0.40514183287828465,0.062085747718811035,1.0
T03,2,BG11,full,0.15324446558952332,0.13023808598518372,0.13488885760307312,0.1501286719526772,0.11977996541693992,0.03034870653573729,0.004650771617889404,1.0
T03,2,BG12,early,0.0746382623910904,0.10276813805103302,0.06840043514966965,-0.376882593323536,0.08357424470834018,-0.4604568380318762,-0.03436770290136337,1.0
T03,2,BG12,middle,0.0746382623910904,0.10276813805103302,0.10276643931865692,-0.376882593323536,-0.3768598337884923,-2.2759535043714862e-05,-1.6987323760986328e-06,1.0
T03,2,BG12,late,0.0746382623910904,0.10276813805103302,0.12772074341773987,-0.376882593323536,-0.7111964053576616,0.3343138120341256,0.024952605366706848,1.0
T03,2,BG12,full,0.0746382623910904,0.10276813805103302,0.17314469814300537,-0.376882593323536,-1.3197843759801944,0.9429017826566584,0.07037656009197235,1.0
T03,2,BG13,early,0.061087749898433685,0.08758118748664856,0.06104335933923721,-0.433694534424959,0.0007268323354842066,-0.4344213667604432,-0.026537828147411346,1.0
T03,2,BG13,middle,0.061087749898433685,0.08758118748664856,0.0896991640329361,-0.433694534424959,-0.4683655806346898,0.03467104620973083,0.0021179765462875366,1.0
T03,2,BG13,late,0.061087749898433685,0.08758118748664856,0.10423684120178223,-0.433694534424959,-0.7063457781900904,0.2726512437651314,0.016655653715133667,1.0
T03,2,BG13,full,0.061087749898433685,0.08758118748664856,0.15658719837665558,-0.433694534424959,-1.5633154438303527,1.1296209094053937,0.06900601089000702,1.0
T03,2,BG14,early,0.17734912037849426,0.10203077644109726,0.15835775434970856,0.4246897279769818,0.10708468650652392,0.31760504147045787,0.0563269779086113,1.0
T03,2,BG14,middle,0.17734912037849426,0.10203077644109726,0.11390956491231918,0.4246897279769818,0.3577100453257587,0.06697968265122312,0.011878788471221924,1.0
T03,2,BG14,late,0.17734912037849426,0.10203077644109726,0.21546833217144012,0.4246897279769818,-0.21493875787038141,0.6396284858473632,0.11343755573034286,1.0
T03,2,BG14,full,0.17734912037849426,0.10203077644109726,0.13518932461738586,0.4246897279769818,0.23772208902931724,0.18696763894766455,0.033158548176288605,1.0
T03,2,BG15,early,0.060067951679229736,0.043577250093221664,0.05689961835741997,0.27453422964592156,0.05274597694406735,0.2217882527018542,0.013322368264198303,1.0
T03,2,BG15,middle,0.060067951679229736,0.043577250093221664,0.04673980176448822,0.27453422964592156,0.2218846709984188,0.05264955864750276,0.003162551671266556,1.0
T03,2,BG15,late,0.060067951679229736,0.043577250093221664,0.06973272562026978,0.27453422964592156,-0.16089715167381669,0.43543138131973824,0.02615547552704811,1.0
T03,2,BG15,full,0.060067951679229736,0.043577250093221664,0.07863457500934601,0.27453422964592156,-0.3090934470069795,0.583627676652901,0.035057324916124344,1.0
T04,0,BG1,early,0.2660529315471649,0.1445745825767517,0.26478245854377747,0.4565946847420138,0.004775301471952376,0.45181938327006144,0.12020787596702576,1.0
T04,0,BG1,middle,0.2660529315471649,0.1445745825767517,0.13987162709236145,0.4565946847420138,0.4742714503400237,-0.017676765598009903,-0.004702955484390259,1.0
T04,0,BG1,late,0.2660529315471649,0.1445745825767517,0.2199186533689499,0.4565946847420138,0.17340266155274398,0.28319202318926984,0.07534407079219818,1.0
T04,0,BG1,full,0.2660529315471649,0.1445745825767517,0.0968838483095169,0.4565946847420138,0.6358474830381017,-0.17925279829608787,-0.0476907342672348,1.0
T04,0,BG2,early,0.2941129803657532,0.17024336755275726,0.3202209770679474,0.4211633857414936,-0.08876856023845403,0.5099319459799476,0.14997760951519012,1.0
T04,0,BG2,middle,0.2941129803657532,0.17024336755275726,0.17196215689182281,0.4211633857414936,0.41531940946241774,0.0058439762790758465,0.0017187893390655518,1.0
T04,0,BG2,late,0.2941129803657532,0.17024336755275726,0.28226059675216675,0.4211633857414936,0.04029877632690426,0.38086460941458933,0.11201722919940948,1.0
T04,0,BG2,full,0.2941129803657532,0.17024336755275726,0.12513896822929382,0.4211633857414936,0.5745207715114065,-0.15335738576991287,-0.04510439932346344,1.0
T04,0,BG3,early,0.129903644323349,0.0996507853269577,0.14330551028251648,0.23288697422697224,-0.10316765936244043,0.3360546335894127,0.04365472495555878,1.0
T04,0,BG3,middle,0.129903644323349,0.0996507853269577,0.10456494241952896,0.23288697422697224,0.1950577297906363,0.03782924443633595,0.0049141570925712585,1.0
T04,0,BG3,late,0.129903644323349,0.0996507853269577,0.13071466982364655,0.23288697422697224,-0.006243207741321921,0.23913018196829416,0.031063884496688843,1.0
T04,0,BG3,full,0.129903644323349,0.0996507853269577,0.07977389544248581,0.23288697422697224,0.3858995279384748,-0.15301255371150257,-0.019876889884471893,1.0
T04,0,BG4,early,0.0881999284029007,0.0781487375497818,0.0770583376288414,0.11395927293287467,0.126322092461834,-0.012362819528959346,-0.0010903999209403992,1.0
T04,0,BG4,middle,0.0881999284029007,0.0781487375497818,0.060585252940654755,0.11395927293287467,0.3130918905646056,-0.19913261763173096,-0.017563484609127045,1.0
T04,0,BG4,late,0.0881999284029007,0.0781487375497818,0.08400946110486984,0.11395927293287467,0.04751111365734284,0.06644815927553183,0.005860723555088043,1.0
T04,0,BG4,full,0.0881999284029007,0.0781487375497818,0.09080001711845398,0.11395927293287467,-0.0294793711042749,0.14343864403714957,0.01265127956867218,1.0
T04,0,BG5,early,0.7489795684814453,0.5220348834991455,0.7372950315475464,0.3030051839897021,0.015600621525074687,0.2874045624646274,0.21526014804840088,1.0
T04,0,BG5,middle,0.7489795684814453,0.5220348834991455,0.5313236713409424,0.3030051839897021,0.2906032599470868,0.012401924042615309,0.009288787841796875,1.0
T04,0,BG5,late,0.7489795684814453,0.5220348834991455,0.790032148361206,0.3030051839897021,-0.054811334059327255,0.35781651804902936,0.26799726486206055,1.0
T04,0,BG5,full,0.7489795684814453,0.5220348834991455,0.582257866859436,0.3030051839897021,0.22259847452721915,0.08040670946248296,0.06022298336029053,1.0
T04,0,BG6,early,0.4199063181877136,0.6062387824058533,0.42044609785079956,-0.4437476687296844,-0.0012854525565630937,-0.4424622161731213,-0.1857926845550537,1.0
T04,0,BG6,middle,0.4199063181877136,0.6062387824058533,0.6167431473731995,-0.4437476687296844,-0.4687636407744076,0.025015972044723167,0.010504364967346191,1.0
T04,0,BG6,late,0.4199063181877136,0.6062387824058533,0.549902617931366,-0.4437476687296844,-0.3095840215238177,-0.1341636472058667,-0.056336164474487305,1.0
T04,0,BG6,full,0.4199063181877136,0.6062387824058533,0.7387316823005676,-0.4437476687296844,-0.7592773261810126,0.3155296574513282,0.13249289989471436,1.0
T04,0,BG7,early,0.1257866621017456,0.36979740858078003,0.1475410759449005,-1.9398775116783473,-0.17294681129299883,-1.7669307003853485,-0.22225633263587952,1.0
T04,0,BG7,middle,0.1257866621017456,0.36979740858078003,0.35063081979751587,-1.9398775116783473,-1.7875037469303554,-0.1523737647479919,-0.01916658878326416,1.0
T04,0,BG7,late,0.1257866621017456,0.36979740858078003,0.18915267288684845,-1.9398775116783473,-0.5037576694440864,-1.436119842234261,-0.18064473569393158,1.0
T04,0,BG7,full,0.1257866621017456,0.36979740858078003,0.4567050337791443,-1.9398775116783473,-2.630790338500468,0.6909128268221205,0.08690762519836426,1.0
T04,0,BG8,early,0.7492254972457886,0.4980476498603821,0.6868304014205933,0.335250008116723,0.08327947356539511,0.2519705345513279,0.18878275156021118,1.0
T04,0,BG8,middle,0.7492254972457886,0.4980476498603821,0.5184564590454102,0.335250008116723,0.308010133088906,0.027239875027816995,0.020408809185028076,1.0
T04,0,BG8,late,0.7492254972457886,0.4980476498603821,0.6937335729598999,0.335250008116723,0.07406573020969531,0.2611842779070277,0.19568592309951782,1.0
T04,0,BG8,full,0.7492254972457886,0.4980476498603821,0.47524237632751465,0.335250008116723,0.3656884719868352,-0.030438463870112176,-0.02280527353286743,1.0
T04,0,BG9,early,0.17922285199165344,0.23690786957740784,0.16555222868919373,-0.32186188159656126,0.07627728488732854,-0.3981391664838898,-0.07135564088821411,1.0
T04,0,BG9,middle,0.17922285199165344,0.23690786957740784,0.2177262306213379,-0.32186188159656126,-0.21483513990239467,-0.1070267416941666,-0.019181638956069946,1.0
T04,0,BG9,late,0.17922285199165344,0.23690786957740784,0.1713576316833496,-0.32186188159656126,0.04388519534226676,-0.365747076938828,-0.06555023789405823,1.0
T04,0,BG9,full,0.17922285199165344,0.23690786957740784,0.23748576641082764,-0.32186188159656126,-0.3250863409484419,0.0032244593518806486,0.0005778968334197998,1.0
T04,0,BG10,early,0.2780517637729645,0.16248783469200134,0.2575332522392273,0.4156202188996776,0.07379388829395139,0.3418263306057262,0.09504541754722595,1.0
T04,0,BG10,middle,0.2780517637729645,0.16248783469200134,0.15114577114582062,0.4156202188996776,0.45641141182133027,-0.040791192921652675,-0.011342063546180725,1.0
T04,0,BG10,late,0.2780517637729645,0.16248783469200134,0.2407703399658203,0.4156202188996776,0.13408090623289926,0.28153931266677834,0.07828250527381897,1.0
T04,0,BG10,full,0.2780517637729645,0.16248783469200134,0.18256333470344543,0.4156202188996776,0.343419636472046,0.07220058242763161,0.020075500011444092,1.0
T04,0,BG11,early,0.1315905898809433,0.23649676144123077,0.1253035068511963,-0.7972162271104579,0.04777767587833215,-0.8449939029887901,-0.11119325459003448,1.0
T04,0,BG11,middle,0.1315905898809433,0.23649676144123077,0.2158098965883255,-0.7972162271104579,-0.6400099762717071,-0.15720625083875084,-0.020686864852905273,1.0
T04,0,BG11,late,0.1315905898809433,0.23649676144123077,0.12133409827947617,-0.7972162271104579,0.07794250965302008,-0.875158736763478,-0.11516266316175461,1.0
T04,0,BG11,full,0.1315905898809433,0.23649676144123077,0.2962793707847595,-0.7972162271104579,-1.2515238250514744,0.4543075979410165,0.05978260934352875,1.0
T04,0,BG12,early,0.114918053150177,0.19405420124530792,0.10400988161563873,-0.6886309769397556,0.0949213834232766,-0.7835523603630322,-0.09004431962966919,1.0
T04,0,BG12,middle,0.114918053150177,0.19405420124530792,0.1500117927789688,-0.6886309769397556,-0.305380448180115,-0.3832505287596406,-0.04404240846633911,1.0
T04,0,BG12,late,0.114918053150177,0.19405420124530792,0.09651514887809753,-0.6886309769397556,0.16013943994191937,-0.848770416881675,-0.09753905236721039,1.0
T04,0,BG12,full,0.114918053150177,0.19405420124530792,0.23046498000621796,-0.6886309769397556,-1.0054721920003313,0.3168412150605757,0.036410778760910034,1.0
T04,0,BG13,early,0.17303702235221863,0.24314935505390167,0.2049834430217743,-0.4051868074052998,-0.18462181323433957,-0.2205649941709602,-0.03816591203212738,1.0
T04,0,BG13,middle,0.17303702235221863,0.24314935505390167,0.23916879296302795,-0.4051868074052998,-0.38218270223334305,-0.023004105171956724,-0.003980562090873718,1.0
T04,0,BG13,late,0.17303702235221863,0.24314935505390167,0.23915842175483704,-0.4051868074052998,-0.3821227658830144,-0.02306404152228536,-0.003990933299064636,1.0
T04,0,BG13,full,0.17303702235221863,0.24314935505390167,0.2734970450401306,-0.4051868074052998,-0.5805694383582851,0.17538263095298534,0.030347689986228943,1.0
T04,0,BG14,early,0.3030932545661926,0.17359718680381775,0.272622287273407,0.42724828592848585,0.10053333694629518,0.32671494898219067,0.09902510046958923,1.0
T04,0,BG14,middle,0.3030932545661926,0.17359718680381775,0.1598309725522995,0.42724828592848585,0.4726673560989213,-0.04541907017043545,-0.01376621425151825,1.0
T04,0,BG14,late,0.3030932545661926,0.17359718680381775,0.26982730627059937,0.42724828592848585,0.10975485827177889,0.31749342765670696,0.09623011946678162,1.0
T04,0,BG14,full,0.3030932545661926,0.17359718680381775,0.15102912485599518,0.42724828592848585,0.5017074197535925,-0.0744591338251066,-0.02256806194782257,1.0
T04,0,BG15,early,0.25915101170539856,0.28250232338905334,0.26037850975990295,-0.09010692502767914,-0.0047365742431833,-0.08537035078449584,-0.02212381362915039,1.0
T04,0,BG15,middle,0.25915101170539856,0.28250232338905334,0.29684773087501526,-0.09010692502767914,-0.14546232124243796,0.05535539621475882,0.014345407485961914,1.0
T04,0,BG15,late,0.25915101170539856,0.28250232338905334,0.26952075958251953,-0.09010692502767914,-0.04001426584730683,-0.05009265918037231,-0.012981563806533813,1.0
T04,0,BG15,full,0.25915101170539856,0.28250232338905334,0.30420437455177307,-0.09010692502767914,-0.17384979827550495,0.08374287324782581,0.021702051162719727,1.0
T04,1,BG1,early,0.03305840119719505,0.04047439619898796,0.037885602563619614,-0.22432974644656056,-0.14602006544204804,-0.07830968100451252,-0.002588793635368347,1.0
T04,1,BG1,middle,0.03305840119719505,0.04047439619898796,0.0319235622882843,-0.22432974644656056,0.034328598012207,-0.25865834445876756,-0.008550833910703659,1.0
T04,1,BG1,late,0.03305840119719505,0.04047439619898796,0.029317736625671387,-0.22432974644656056,0.11315348911387058,-0.33748323556043114,-0.011156659573316574,1.0
T04,1,BG1,full,0.03305840119719505,0.04047439619898796,0.047835640609264374,-0.22432974644656056,-0.4470036180481396,0.22267387160157903,0.007361244410276413,1.0
T04,1,BG2,early,0.041849639266729355,0.03818684071302414,0.03636043518781662,0.08752304064390726,0.13116511548106768,-0.04364207483716043,-0.0018264055252075195,1.0
T04,1,BG2,middle,0.041849639266729355,0.03818684071302414,0.047458358108997345,0.08752304064390726,-0.134020450363175,0.22154349100708226,0.009271517395973206,1.0
T04,1,BG2,late,0.041849639266729355,0.03818684071302414,0.02904527820646763,0.08752304064390726,0.3059612513990949,-0.21843821075518766,-0.009141562506556511,1.0
T04,1,BG2,full,0.041849639266729355,0.03818684071302414,0.04049474000930786,0.08752304064390726,0.03237564187900266,0.0551473987649046,0.002307899296283722,1.0
T04,1,BG3,early,0.06199200823903084,0.04287738725543022,0.06183068826794624,0.3083401948602126,0.0026024313398305132,0.30573776352038207,0.01895330101251602,1.0
T04,1,BG3,middle,0.06199200823903084,0.04287738725543022,0.047582026571035385,0.3083401948602126,0.23244914550826434,0.07589104935194824,0.004704639315605164,1.0
T04,1,BG3,late,0.06199200823903084,0.04287738725543022,0.07265947014093399,0.3083401948602126,-0.17207782880646416,0.48041802366667674,0.02978208288550377,1.0
T04,1,BG3,full,0.06199200823903084,0.04287738725543022,0.04645777493715286,0.3083401948602126,0.2505845710972102,0.05775562376300236,0.003580387681722641,1.0
T04,1,BG4,early,0.05902206152677536,0.033471278846263885,0.048133451491594315,0.43290233669484746,0.18448386770432867,0.24841846899051878,0.014662172645330429,1.0
T04,1,BG4,middle,0.05902206152677536,0.033471278846263885,0.035501133650541306,0.43290233669484746,0.39851088360332765,0.03439145309151981,0.00202985480427742,1.0
T04,1,BG4,late,0.05902206152677536,0.033471278846263885,0.05469898134469986,0.43290233669484746,0.07324531434167525,0.3596570223531722,0.021227702498435974,1.0
T04,1,BG4,full,0.05902206152677536,0.033471278846263885,0.029480602592229843,0.43290233669484746,0.500515623568787,-0.06761328687393953,-0.003990676254034042,1.0
T04,1,BG5,early,0.14346173405647278,0.1540154367685318,0.14486850798130035,-0.07356450865329389,-0.009805847085434971,-0.06375866156785892,-0.009146928787231445,1.0
T04,1,BG5,middle,0.14346173405647278,0.1540154367685318,0.15333005785942078,-0.07356450865329389,-0.06878707538271245,-0.004777433270581444,-0.000685378909111023,1.0
T04,1,BG5,late,0.14346173405647278,0.1540154367685318,0.1704399585723877,-0.07356450865329389,-0.1880516279329152,0.1144871192796213,0.016424521803855896,1.0
T04,1,BG5,full,0.14346173405647278,0.1540154367685318,0.18518245220184326,-0.07356450865329389,-0.2908141708422798,0.2172496621889859,0.031167015433311462,1.0
T04,1,BG6,early,0.2917892336845398,0.38128596544265747,0.2917507588863373,-0.30671700103816946,0.00013189244989486593,-0.3068488934880643,-0.08953520655632019,1.0
T04,1,BG6,middle,0.2917892336845398,0.38128596544265747,0.38638633489608765,-0.30671700103816946,-0.32419663595899717,0.017479634920827714,0.005100369453430176,1.0
T04,1,BG6,late,0.2917892336845398,0.38128596544265747,0.4021802544593811,-0.30671700103816946,-0.37832446933577724,0.07160746829760778,0.020894289016723633,1.0
T04,1,BG6,full,0.2917892336845398,0.38128596544265747,0.47417983412742615,-0.30671700103816946,-0.625076470056837,0.3183594690186675,0.09289386868476868,1.0
T04,1,BG7,early,0.1338939368724823,0.28754618763923645,0.14481446146965027,-1.147566744843882,-0.08156092827384076,-1.0660058165700412,-0.14273172616958618,1.0
T04,1,BG7,middle,0.1338939368724823,0.28754618763923645,0.2775172293186188,-1.147566744843882,-1.0726644915689891,-0.07490225327489286,-0.010028958320617676,1.0
T04,1,BG7,late,0.1338939368724823,0.28754618763923645,0.16838297247886658,-1.147566744843882,-0.25758465122572627,-0.8899820936181557,-0.11916321516036987,1.0
T04,1,BG7,full,0.1338939368724823,0.28754618763923645,0.33230477571487427,-1.147566744843882,-1.481850624893104,0.33428388004922205,0.04475858807563782,1.0
T04,1,BG8,early,0.4974413812160492,0.2871757447719574,0.4332725405693054,0.42269431164558846,0.12899781115897113,0.29369650048661733,0.14609679579734802,1.0
T04,1,BG8,middle,0.4974413812160492,0.2871757447719574,0.2946571707725525,0.42269431164558846,0.4076544976439712,0.015039814001617247,0.007481426000595093,1.0
T04,1,BG8,late,0.4974413812160492,0.2871757447719574,0.46091094613075256,0.42269431164558846,0.07343668164805106,0.3492576299975374,0.17373520135879517,1.0
T04,1,BG8,full,0.4974413812160492,0.2871757447719574,0.27425163984298706,0.42269431164558846,0.448675472757606,-0.025981161112017537,-0.012924104928970337,1.0
T04,1,BG9,early,0.2804747223854065,0.21787747740745544,0.26251596212387085,0.22318322383470457,0.06402990425839183,0.15915331957631274,0.044638484716415405,1.0
T04,1,BG9,middle,0.2804747223854065,0.21787747740745544,0.20112350583076477,0.22318322383470457,0.2829175586683632,-0.05973433483365864,-0.016753971576690674,1.0
T04,1,BG9,late,0.2804747223854065,0.21787747740745544,0.2579196095466614,0.22318322383470457,0.08041766417572194,0.14276555965898263,0.04004213213920593,1.0
T04,1,BG9,full,0.2804747223854065,0.21787747740745544,0.22799913585186005,0.22318322383470457,0.18709562921139922,0.03608759462330535,0.010121658444404602,1.0
T04,1,BG10,early,0.16415752470493317,0.20141944289207458,0.15749934315681458,-0.22698871699138423,0.04055976815250317,-0.2675484851438874,-0.04392009973526001,1.0
T04,1,BG10,middle,0.16415752470493317,0.20141944289207458,0.18585173785686493,-0.22698871699138423,-0.13215478163050065,-0.09483393536088358,-0.015567705035209656,1.0
T04,1,BG10,late,0.16415752470493317,0.20141944289207458,0.137343630194664,-0.22698871699138423,0.16334251460626603,-0.39033123159765026,-0.06407581269741058,1.0
T04,1,BG10,full,0.16415752470493317,0.20141944289207458,0.23492205142974854,-0.22698871699138423,-0.43107687290755115,0.2040881559161669,0.03350260853767395,1.0
T04,1,BG11,early,0.14309577643871307,0.23261599242687225,0.15133830904960632,-0.6255963799919437,-0.05760143478734414,-0.5679949452045996,-0.08127768337726593,1.0
T04,1,BG11,middle,0.14309577643871307,0.23261599242687225,0.216322660446167,-0.6255963799919437,-0.5117332650379365,-0.11386311495400725,-0.01629333198070526,1.0
T04,1,BG11,late,0.14309577643871307,0.23261599242687225,0.1641494333744049,-0.6255963799919437,-0.1471297475604494,-0.47846663243149434,-0.06846655905246735,1.0
T04,1,BG11,full,0.14309577643871307,0.23261599242687225,0.2662796080112457,-0.6255963799919437,-0.860848698890875,0.23525231889893128,0.033663615584373474,1.0
T04,1,BG12,early,0.20015236735343933,0.16239269077777863,0.18110159039497375,0.18865469935929224,0.09518141732998109,0.09347328202931116,0.01870889961719513,1.0
T04,1,BG12,middle,0.20015236735343933,0.16239269077777863,0.14513325691223145,0.18865469935929224,0.27488617007057725,-0.08623147071128501,-0.01725943386554718,1.0
T04,1,BG12,late,0.20015236735343933,0.16239269077777863,0.18609122931957245,0.18865469935929224,0.07025221593564679,0.11840248342364545,0.023698538541793823,1.0
T04,1,BG12,full,0.20015236735343933,0.16239269077777863,0.18170073628425598,0.18865469935929224,0.09218796855258182,0.09646673080671042,0.019308045506477356,1.0
T04,1,BG13,early,0.15004852414131165,0.18180717527866364,0.15205956995487213,-0.2116557907019776,-0.013402568875924947,-0.19825322182605265,-0.029747605323791504,1.0
T04,1,BG13,middle,0.15004852414131165,0.18180717527866364,0.16573584079742432,-0.2116557907019776,-0.10454821665461123,-0.10710757404736637,-0.01607133448123932,1.0
T04,1,BG13,late,0.15004852414131165,0.18180717527866364,0.158631831407547,-0.2116557907019776,-0.057203472965299706,-0.1544523177366779,-0.023175343871116638,1.0
T04,1,BG13,full,0.15004852414131165,0.18180717527866364,0.2042078673839569,-0.2116557907019776,-0.3609454337730449,0.1492896430710673,0.022400692105293274,1.0
T04,1,BG14,early,0.25746259093284607,0.11902640759944916,0.2221457064151764,0.5376943790352884,0.13717291128773057,0.4005214677475578,0.10311929881572723,1.0
T04,1,BG14,middle,0.25746259093284607,0.11902640759944916,0.11263928562402725,0.5376943790352884,0.5625023393071099,-0.024807960271821528,-0.0063871219754219055,1.0
T04,1,BG14,late,0.25746259093284607,0.11902640759944916,0.23517081141471863,0.5376943790352884,0.08658263156419288,0.4511117474710955,0.11614440381526947,1.0
T04,1,BG14,full,0.25746259093284607,0.11902640759944916,0.12932626903057098,0.5376943790352884,0.49768910683729506,0.040005272197993325,0.010299861431121826,1.0
T04,1,BG15,early,0.07383411377668381,0.11867648363113403,0.08529771864414215,-0.6073392296234044,-0.15526147370734367,-0.4520777559160607,-0.03337876498699188,1.0
T04,1,BG15,middle,0.07383411377668381,0.11867648363113403,0.1046370416879654,-0.6073392296234044,-0.4171908100981472,-0.19014841952525718,-0.01403944194316864,1.0
T04,1,BG15,late,0.07383411377668381,0.11867648363113403,0.07519517838954926,-0.6073392296234044,-0.018433950905709207,-0.5889052787176952,-0.04348130524158478,1.0
T04,1,BG15,full,0.07383411377668381,0.11867648363113403,0.11394423246383667,-0.6073392296234044,-0.5432462205208604,-0.06409300910254401,-0.004732251167297363,1.0
T04,2,BG1,early,0.184153750538826,0.07102258503437042,0.17085304856300354,0.6143299771529976,0.07222612200209833,0.5421038551508993,0.09983046352863312,1.0
T04,2,BG1,middle,0.184153750538826,0.07102258503437042,0.07133487612009048,0.6143299771529976,0.6126341601096403,0.001695817043357306,0.00031229108572006226,1.0
T04,2,BG1,late,0.184153750538826,0.07102258503437042,0.15238432586193085,0.6143299771529976,0.1725158073554357,0.44181416979756194,0.08136174082756042,1.0
T04,2,BG1,full,0.184153750538826,0.07102258503437042,0.04061424732208252,0.6143299771529976,0.7794546947982655,-0.16512471764526782,-0.030408337712287903,1.0
T04,2,BG2,early,0.2223045527935028,0.09052316099405289,0.20885582268238068,0.5927966576280342,0.06049691442282523,0.532299743205209,0.11833266168832779,1.0
T04,2,BG2,middle,0.2223045527935028,0.09052316099405289,0.0915188193321228,0.5927966576280342,0.5883178546491012,0.004478802978932994,0.0009956583380699158,1.0
T04,2,BG2,late,0.2223045527935028,0.09052316099405289,0.20973677933216095,0.5927966576280342,0.056534077858833576,0.5362625797692007,0.11921361833810806,1.0
T04,2,BG2,full,0.2223045527935028,0.09052316099405289,0.06918871402740479,0.5927966576280342,0.6887661091703561,-0.09596945154232184,-0.021334446966648102,1.0
T04,2,BG3,early,0.13848181068897247,0.07100280374288559,0.135592982172966,0.48727707803353815,0.020860777982510403,0.46641630005102774,0.06459017843008041,1.0
T04,2,BG3,middle,0.13848181068897247,0.07100280374288559,0.0829697772860527,0.48727707803353815,0.40086159415537115,0.086415483878167,0.011966973543167114,1.0
T04,2,BG3,late,0.13848181068897247,0.07100280374288559,0.11865349113941193,0.48727707803353815,0.1431836283702147,0.34409344966332345,0.04765068739652634,1.0
T04,2,BG3,full,0.13848181068897247,0.07100280374288559,0.05557899922132492,0.48727707803353815,0.5986549068692973,-0.1113778288357592,-0.015423804521560669,1.0
T04,2,BG4,early,0.07654634118080139,0.05943722277879715,0.07350774109363556,0.2235133110602845,0.03969634137084699,0.1838169696894375,0.01407051831483841,1.0
T04,2,BG4,middle,0.07654634118080139,0.05943722277879715,0.07243812084197998,0.2235133110602845,0.05366983893350874,0.16984347212677575,0.01300089806318283,1.0
T04,2,BG4,late,0.07654634118080139,0.05943722277879715,0.07949873059988022,0.2235133110602845,-0.038569825648584466,0.26208313670886896,0.02006150782108307,1.0
T04,2,BG4,full,0.07654634118080139,0.05943722277879715,0.06438429653644562,0.2235133110602845,0.15888483848993884,0.06462847257034565,0.004947073757648468,1.0
T04,2,BG5,early,0.4928587079048157,0.3065461218357086,0.4824765622615814,0.3780243491707679,0.021065176015085396,0.3569591731556825,0.1759304404258728,1.0
T04,2,BG5,middle,0.4928587079048157,0.3065461218357086,0.31295403838157654,0.3780243491707679,0.3650228209171773,0.013001528253590577,0.00640791654586792,1.0
T04,2,BG5,late,0.4928587079048157,0.3065461218357086,0.5538692474365234,0.3780243491707679,-0.12378908461043103,0.5018134337811989,0.24732312560081482,1.0
T04,2,BG5,full,0.4928587079048157,0.3065461218357086,0.37071946263313293,0.3780243491707679,0.24781798684805068,0.1302063623227172,0.06417334079742432,1.0
T04,2,BG6,early,0.42714962363243103,0.46863633394241333,0.4091263711452484,-0.09712451338699335,0.042194259500856535,-0.13931877288784988,-0.05950996279716492,1.0
T04,2,BG6,middle,0.42714962363243103,0.46863633394241333,0.4674556851387024,-0.09712451338699335,-0.09436049649279421,-0.0027640168941991394,-0.0011806488037109375,1.0
T04,2,BG6,late,0.42714962363243103,0.46863633394241333,0.5062306523323059,-0.09712451338699335,-0.18513657152735696,0.08801205814036361,0.03759431838989258,1.0
T04,2,BG6,full,0.42714962363243103,0.46863633394241333,0.5664348006248474,-0.09712451338699335,-0.32608050206657424,0.2289559886795809,0.09779846668243408,1.0
T04,2,BG7,early,0.08708176016807556,0.26821234822273254,0.09105874598026276,-2.080005697002471,-0.045669441543405576,-2.0343362554590656,-0.1771536022424698,1.0
T04,2,BG7,middle,0.08708176016807556,0.26821234822273254,0.2359577715396881,-2.080005697002471,-1.7096115649035228,-0.37039413209894834,-0.032254576683044434,1.0
T04,2,BG7,late,0.08708176016807556,0.26821234822273254,0.12527693808078766,-2.080005697002471,-0.43861267219295197,-1.6413930248095192,-0.14293541014194489,1.0
T04,2,BG7,full,0.08708176016807556,0.26821234822273254,0.341256707906723,-2.080005697002471,-2.918807659146883,0.8388019621444118,0.07304435968399048,1.0
T04,2,BG8,early,0.14074046909809113,0.30869734287261963,0.17861351370811462,-1.193379934833592,-0.26909837775688783,-0.9242815570767042,-0.130083829164505,1.0
T04,2,BG8,middle,0.14074046909809113,0.30869734287261963,0.2734335660934448,-1.193379934833592,-0.9428210550773479,-0.25055887975624413,-0.035263776779174805,1.0
T04,2,BG8,late,0.14074046909809113,0.30869734287261963,0.18455789983272552,-1.193379934833592,-0.31133488400373577,-0.8820450508298563,-0.1241394430398941,1.0
T04,2,BG8,full,0.14074046909809113,0.30869734287261963,0.3405775725841522,-1.193379934833592,-1.4198977775738686,0.22651784274027653,0.03188022971153259,1.0
T04,2,BG9,early,0.3658498227596283,0.377371609210968,0.35561710596084595,-0.03149318496179232,0.02796974573309563,-0.05946293069488795,-0.02175450325012207,1.0
T04,2,BG9,middle,0.3658498227596283,0.377371609210968,0.39139243960380554,-0.03149318496179232,-0.06981718879439613,0.038324003832603815,0.014020830392837524,1.0
T04,2,BG9,late,0.3658498227596283,0.377371609210968,0.3728799521923065,-0.03149318496179232,-0.019215860725286138,-0.012277324236506182,-0.004491657018661499,1.0
T04,2,BG9,full,0.3658498227596283,0.377371609210968,0.39222002029418945,-0.03149318496179232,-0.07207926633627015,0.040586081374477834,0.014848411083221436,1.0
T04,2,BG10,early,0.17289504408836365,0.2932557463645935,0.18411611020565033,-0.6961488453840652,-0.06490096652245358,-0.6312478788616116,-0.10913963615894318,1.0
T04,2,BG10,middle,0.17289504408836365,0.2932557463645935,0.28769195079803467,-0.6961488453840652,-0.6639686561016391,-0.03218018928242605,-0.005563795566558838,1.0
T04,2,BG10,late,0.17289504408836365,0.2932557463645935,0.19892901182174683,-0.6961488453840652,-0.150576648190744,-0.5455721971933212,-0.09432673454284668,1.0
T04,2,BG10,full,0.17289504408836365,0.2932557463645935,0.322855144739151,-0.6961488453840652,-0.8673474868410369,0.17119864145697172,0.029599398374557495,1.0
T04,2,BG11,early,0.2615026831626892,0.2946293354034424,0.25825220346450806,-0.12667801558794678,0.012430042914161943,-0.13910805850210872,-0.036377131938934326,1.0
T04,2,BG11,middle,0.2615026831626892,0.2946293354034424,0.30008628964424133,-0.12667801558794678,-0.14754569452004862,0.02086767893210184,0.00545695424079895,1.0
T04,2,BG11,late,0.2615026831626892,0.2946293354034424,0.28978636860847473,-0.12667801558794678,-0.10815825681836988,-0.0185197587695769,-0.004842966794967651,1.0
T04,2,BG11,full,0.2615026831626892,0.2946293354034424,0.3197329342365265,-0.12667801558794678,-0.2226754928202992,0.09599747723235241,0.025103598833084106,1.0
T04,2,BG12,early,0.13791748881340027,0.21215729415416718,0.15008513629436493,-0.5382913406892038,-0.08822402947886432,-0.4500673112103395,-0.062072157859802246,1.0
T04,2,BG12,middle,0.13791748881340027,0.21215729415416718,0.2137337625026703,-0.5382913406892038,-0.5497218579336911,0.011430517244487293,0.0015764683485031128,1.0
T04,2,BG12,late,0.13791748881340027,0.21215729415416718,0.20002968609333038,-0.5382913406892038,-0.45035755298873803,-0.08793378770046578,-0.012127608060836792,1.0
T04,2,BG12,full,0.13791748881340027,0.21215729415416718,0.28291451930999756,-0.5382913406892038,-1.051331569555039,0.5130402288658351,0.07075722515583038,1.0
T04,2,BG13,early,0.1764679104089737,0.1946200579404831,0.16674427688121796,-0.10286366773882105,0.0551014796639564,-0.15796514740277745,-0.027875781059265137,1.0
T04,2,BG13,middle,0.1764679104089737,0.1946200579404831,0.20894744992256165,-0.10286366773882105,-0.18405344970527748,0.08118978196645643,0.014327391982078552,1.0
T04,2,BG13,late,0.1764679104089737,0.1946200579404831,0.23343905806541443,-0.10286366773882105,-0.3228413273325097,0.21997765959368865,0.038819000124931335,1.0
T04,2,BG13,full,0.1764679104089737,0.1946200579404831,0.26655641198158264,-0.10286366773882105,-0.5105091699603199,0.40764550222149887,0.07193635404109955,1.0
T04,2,BG14,early,0.14398318529129028,0.1693325787782669,0.15576085448265076,-0.1760579311751811,-0.08179884581345265,-0.09425908536172845,-0.01357172429561615,1.0
T04,2,BG14,middle,0.14398318529129028,0.1693325787782669,0.16641780734062195,-0.1760579311751811,-0.1558141004159863,-0.02024383075919478,-0.0029147714376449585,1.0
T04,2,BG14,late,0.14398318529129028,0.1693325787782669,0.1962035894393921,-0.1760579311751811,-0.3626839510156412,0.18662601984046012,0.026871010661125183,1.0
T04,2,BG14,full,0.14398318529129028,0.1693325787782669,0.22589583694934845,-0.1760579311751811,-0.5689041800492198,0.39284624887403874,0.05656325817108154,1.0
T04,2,BG15,early,0.22955353558063507,0.22221103310585022,0.21229834854602814,0.03198605561161172,0.07516850585322676,-0.043182450241615045,-0.009912684559822083,1.0
T04,2,BG15,middle,0.22955353558063507,0.22221103310585022,0.232430100440979,0.03198605561161172,-0.012531084427678696,0.044517140039290415,0.010219067335128784,1.0
T04,2,BG15,late,0.22955353558063507,0.22221103310585022,0.2349119931459427,0.03198605561161172,-0.023342909175085635,0.055328964786697354,0.012700960040092468,1.0
T04,2,BG15,full,0.22955353558063507,0.22221103310585022,0.23931899666786194,0.03198605561161172,-0.04254105970145683,0.07452711531306855,0.01710796356201172,1.0
T05,0,BG1,early,0.0537986159324646,0.0460672490298748,0.04338803142309189,0.14370956076638985,0.19351041646382416,-0.04980085569743431,-0.002679217606782913,1.0
T05,0,BG1,middle,0.0537986159324646,0.0460672490298748,0.0510777123272419,0.14370956076638985,0.050575894050498005,0.09313366671589185,0.005010463297367096,1.0
T05,0,BG1,late,0.0537986159324646,0.0460672490298748,0.04047718271613121,0.14370956076638985,0.24761679290947491,-0.10390723214308506,-0.005590066313743591,1.0
T05,0,BG1,full,0.0537986159324646,0.0460672490298748,0.058905892074108124,0.14370956076638985,-0.09493302204511433,0.2386425828115042,0.012838643044233322,1.0
T05,0,BG2,early,0.11182012408971786,0.049943696707487106,0.10692242532968521,0.5533568519295886,0.043799882730448325,0.5095569691991403,0.056978728622198105,1.0
T05,0,BG2,middle,0.11182012408971786,0.049943696707487106,0.05406445264816284,0.5533568519295886,0.5165052064346057,0.036851645494982876,0.0041207559406757355,1.0
T05,0,BG2,late,0.11182012408971786,0.049943696707487106,0.08766503632068634,0.5533568519295886,0.2160174280389514,0.3373394238906372,0.037721339613199234,1.0
T05,0,BG2,full,0.11182012408971786,0.049943696707487106,0.04344829171895981,0.5533568519295886,0.6114448254542472,-0.058087973524658554,-0.006495404988527298,1.0
T05,0,BG3,early,0.11615358293056488,0.057042766362428665,0.10531224310398102,0.5089022653261522,0.09333632781436796,0.4155659375117843,0.04826947674155235,1.0
T05,0,BG3,middle,0.11615358293056488,0.057042766362428665,0.06788863241672516,0.5089022653261522,0.4155270559963814,0.09337520932977084,0.010845866054296494,1.0
T05,0,BG3,late,0.11615358293056488,0.057042766362428665,0.1182360053062439,0.5089022653261522,-0.017928092649909244,0.5268303579760615,0.06119323894381523,1.0
T05,0,BG3,full,0.11615358293056488,0.057042766362428665,0.05976903438568115,0.5089022653261522,0.4854310325001284,0.023471232826023813,0.002726268023252487,1.0
T05,0,BG4,early,0.11133556067943573,0.051499735563993454,0.09561283886432648,0.5374368205083828,0.14121930411960715,0.39621751638877567,0.04411310330033302,1.0
T05,0,BG4,middle,0.11133556067943573,0.051499735563993454,0.06309758871793747,0.5374368205083828,0.4332665801874591,0.1041702403209237,0.011597853153944016,1.0
T05,0,BG4,late,0.11133556067943573,0.051499735563993454,0.09359098225831985,0.5374368205083828,0.15937932785387332,0.3780574926545095,0.0420912466943264,1.0
T05,0,BG4,full,0.11133556067943573,0.051499735563993454,0.047128960490226746,0.5374368205083828,0.5766944903356774,-0.03925766982729462,-0.004370775073766708,1.0
T05,0,BG5,early,0.11118993908166885,0.09400950372219086,0.09401751309633255,0.15451437383840316,0.1544423405817298,7.203325667337612e-05,8.009374141693115e-06,1.0
T05,0,BG5,middle,0.11118993908166885,0.09400950372219086,0.08454261720180511,0.15451437383840316,0.23965594102656984,-0.08514156718816668,-0.009466886520385742,1.0
T05,0,BG5,late,0.11118993908166885,0.09400950372219086,0.08562411367893219,0.15451437383840316,0.22992937413757242,-0.07541500029916925,-0.008385390043258667,1.0
T05,0,BG5,full,0.11118993908166885,0.09400950372219086,0.15488196909427643,0.15451437383840316,-0.39294936613844356,0.5474637399768467,0.06087246537208557,1.0
T05,0,BG6,early,0.10951253026723862,0.19701477885246277,0.10063258558511734,-0.7990156960261932,0.08108619031621322,-0.8801018863424064,-0.09638219326734543,1.0
T05,0,BG6,middle,0.10951253026723862,0.19701477885246277,0.18531805276870728,-0.7990156960261932,-0.6922085116141385,-0.10680718441205461,-0.011696726083755493,1.0
T05,0,BG6,late,0.10951253026723862,0.19701477885246277,0.047203633934259415,-0.7990156960261932,0.5689659483829845,-1.3679816444091777,-0.14981114491820335,1.0
T05,0,BG6,full,0.10951253026723862,0.19701477885246277,0.32519853115081787,-0.7990156960261932,-1.9695095224460162,1.170493826419823,0.1281837522983551,1.0
T05,0,BG7,early,0.32435697317123413,0.09147671610116959,0.2692479193210602,0.7179751913869623,0.1699025046767093,0.548072686710253,0.1777712032198906,1.0
T05,0,BG7,middle,0.32435697317123413,0.09147671610116959,0.10338668525218964,0.7179751913869623,0.6812564840091331,0.03671870737782923,0.01190996915102005,1.0
T05,0,BG7,late,0.32435697317123413,0.09147671610116959,0.26222506165504456,0.7179751913869623,0.1915541355352567,0.5264210558517056,0.17074834555387497,1.0
T05,0,BG7,full,0.32435697317123413,0.09147671610116959,0.09379679709672928,0.7179751913869623,0.7108223285970934,0.00715286278986893,0.0023200809955596924,1.0
T05,0,BG8,early,0.5112369060516357,0.20173922181129456,0.384324312210083,0.6053899562469809,0.24824616504950203,0.35714379119747885,0.18258509039878845,1.0
T05,0,BG8,middle,0.5112369060516357,0.20173922181129456,0.28557178378105164,0.6053899562469809,0.4414100883274079,0.16397986791957297,0.08383256196975708,1.0
T05,0,BG8,late,0.5112369060516357,0.20173922181129456,0.47240638732910156,0.6053899562469809,0.07595407824307487,0.529435878003906,0.270667165517807,1.0
T05,0,BG8,full,0.5112369060516357,0.20173922181129456,0.17182950675487518,0.6053899562469809,0.663894563636089,-0.05850460738910812,-0.029909715056419373,1.0
T05,0,BG9,early,0.2321518361568451,0.1546781212091446,0.20311239361763,0.33372004672906264,0.12508818266987032,0.20863186405919232,0.04843427240848541,1.0
T05,0,BG9,middle,0.2321518361568451,0.1546781212091446,0.13153418898582458,0.33372004672906264,0.43341312523115494,-0.0996930785020923,-0.023143932223320007,1.0
T05,0,BG9,late,0.2321518361568451,0.1546781212091446,0.20422959327697754,0.33372004672906264,0.12027581663512976,0.21344423009393287,0.04955147206783295,1.0
T05,0,BG9,full,0.2321518361568451,0.1546781212091446,0.1602330356836319,0.33372004672906264,0.3097921109127162,0.023927935816346446,0.005554914474487305,1.0
T05,0,BG10,early,0.41817569732666016,0.10465683788061142,0.3313371241092682,0.7497299913721239,0.20766051613217584,0.5420694752399481,0.22668028622865677,1.0
T05,0,BG10,middle,0.41817569732666016,0.10465683788061142,0.18746890127658844,0.7497299913721239,0.5516982502999723,0.1980317410721516,0.08281206339597702,1.0
T05,0,BG10,late,0.41817569732666016,0.10465683788061142,0.35215145349502563,0.7497299913721239,0.15788639242991542,0.5918435989422085,0.24749461561441422,1.0
T05,0,BG10,full,0.41817569732666016,0.10465683788061142,0.08501433581113815,0.7497299913721239,0.7967018783692073,-0.04697188699708332,-0.019642502069473267,1.0
T05,0,BG11,early,0.19457247853279114,0.07878682762384415,0.15896347165107727,0.595077247467253,0.18301157142117086,0.41206567604608213,0.08017664402723312,1.0
T05,0,BG11,middle,0.19457247853279114,0.07878682762384415,0.05807071179151535,0.595077247467253,0.7015471599843945,-0.10646991251714155,-0.020716115832328796,1.0
T05,0,BG11,late,0.19457247853279114,0.07878682762384415,0.12724772095680237,0.595077247467253,0.34601380741780763,0.24906344004944536,0.04846089333295822,1.0
T05,0,BG11,full,0.19457247853279114,0.07878682762384415,0.1319032907485962,0.595077247467253,0.32208663340209764,0.27299061406515535,0.053116463124752045,1.0
T05,0,BG12,early,0.2655084729194641,0.10707731544971466,0.2025231122970581,0.5967084958178376,0.23722545483230817,0.3594830409855294,0.09544579684734344,1.0
T05,0,BG12,middle,0.2655084729194641,0.10707731544971466,0.11299637705087662,0.5967084958178376,0.5744151907750854,0.022293305042752176,0.005919061601161957,1.0
T05,0,BG12,late,0.2655084729194641,0.10707731544971466,0.20661139488220215,0.5967084958178376,0.22182751899165132,0.37488097682618626,0.09953407943248749,1.0
T05,0,BG12,full,0.2655084729194641,0.10707731544971466,0.10998691618442535,0.5967084958178376,0.5857498977997349,0.010958598018102728,0.0029096007347106934,1.0
T05,0,BG13,early,0.14499881863594055,0.10816778242588043,0.10800007730722427,0.25400926722335526,0.2551658635919868,-0.001156596368631524,-0.00016770511865615845,1.0
T05,0,BG13,middle,0.14499881863594055,0.10816778242588043,0.08354760706424713,0.25400926722335526,0.42380495173504895,-0.1697956845116937,-0.0246201753616333,1.0
T05,0,BG13,late,0.14499881863594055,0.10816778242588043,0.11110280454158783,0.25400926722335526,0.23376757187092878,0.02024169535242648,0.0029350221157073975,1.0
T05,0,BG13,full,0.14499881863594055,0.10816778242588043,0.12911958992481232,0.25400926722335526,0.10951287579706892,0.14449639142628634,0.020951807498931885,1.0
T05,0,BG14,early,0.45726507902145386,0.19849102199077606,0.3580273985862732,0.5659169554895469,0.21702441935278516,0.34889253613676174,0.15953637659549713,1.0
T05,0,BG14,middle,0.45726507902145386,0.19849102199077606,0.29632192850112915,0.5659169554895469,0.35196905336627093,0.21394790212327597,0.09783090651035309,1.0
T05,0,BG14,late,0.45726507902145386,0.19849102199077606,0.4110013544559479,0.5659169554895469,0.10117486700003764,0.46474208848950926,0.21251033246517181,1.0
T05,0,BG14,full,0.45726507902145386,0.19849102199077606,0.15777403116226196,0.5659169554895469,0.6549615639805392,-0.08904460849099227,-0.0407169908285141,1.0
T05,0,BG15,early,0.16040408611297607,0.07353593409061432,0.13405387103557587,0.5415582527342608,0.16427401616253723,0.3772842365717236,0.06051793694496155,1.0
T05,0,BG15,middle,0.16040408611297607,0.07353593409061432,0.07260336726903915,0.5415582527342608,0.547372111882336,-0.0058138591480751955,-0.0009325668215751648,1.0
T05,0,BG15,late,0.16040408611297607,0.07353593409061432,0.12521305680274963,0.5415582527342608,0.21938990439147277,0.32216834834278807,0.051677122712135315,1.0
T05,0,BG15,full,0.16040408611297607,0.07353593409061432,0.07444046437740326,0.5415582527342608,0.5359191804866801,0.005639072247580756,0.0009045302867889404,1.0
T05,1,BG1,early,0.061909765005111694,0.03898599371314049,0.06500877439975739,0.3702772508877389,-0.05005670581729316,0.42033395670503204,0.026022780686616898,1.0
T05,1,BG1,middle,0.061909765005111694,0.03898599371314049,0.03840072453022003,0.3702772508877389,0.37973083366803706,-0.009453582780298175,-0.0005852691829204559,1.0
T05,1,BG1,late,0.061909765005111694,0.03898599371314049,0.04708850011229515,0.3702772508877389,0.23940120750871408,0.1308760433790248,0.008102506399154663,1.0
T05,1,BG1,full,0.061909765005111694,0.03898599371314049,0.04710986465215683,0.3702772508877389,0.23905611596444798,0.1312211349232909,0.008123870939016342,1.0
T05,1,BG2,early,0.15867622196674347,0.08602921664714813,0.1537177860736847,0.4578317396320656,0.031248825558814586,0.426582914073251,0.06768856942653656,1.0
T05,1,BG2,middle,0.15867622196674347,0.08602921664714813,0.0817418247461319,0.4578317396320656,0.4848514882602962,-0.027019748628230644,-0.004287391901016235,1.0
T05,1,BG2,late,0.15867622196674347,0.08602921664714813,0.1332201510667801,0.4578317396320656,0.16042781319195076,0.2974039264401148,0.04719093441963196,1.0
T05,1,BG2,full,0.15867622196674347,0.08602921664714813,0.0688268393278122,0.4578317396320656,0.5662435484210551,-0.10841180878898948,-0.017202377319335938,1.0
T05,1,BG3,early,0.1754714399576187,0.10855177789926529,0.17192396521568298,0.3813707134380915,0.020216877120423526,0.36115383631766795,0.0633721873164177,1.0
T05,1,BG3,middle,0.1754714399576187,0.10855177789926529,0.11450672149658203,0.3813707134380915,0.3474338901044094,0.03393682333368209,0.005954943597316742,1.0
T05,1,BG3,late,0.1754714399576187,0.10855177789926529,0.17511193454265594,0.3813707134380915,0.0020488541871033217,0.37932185925098816,0.06656015664339066,1.0
T05,1,BG3,full,0.1754714399576187,0.10855177789926529,0.09896129369735718,0.3813707134380915,0.4360262383353012,-0.054655524897209706,-0.009590484201908112,1.0
T05,1,BG4,early,0.1504479944705963,0.08886796236038208,0.12917518615722656,0.40931112597275754,0.1413964803868657,0.26791464558589184,0.04030722379684448,1.0
T05,1,BG4,middle,0.1504479944705963,0.08886796236038208,0.09527520090341568,0.40931112597275754,0.3667233989664759,0.04258772700628166,0.0064072385430336,1.0
T05,1,BG4,late,0.1504479944705963,0.08886796236038208,0.13123898208141327,0.40931112597275754,0.12767881140581872,0.2816323145669388,0.04237101972103119,1.0
T05,1,BG4,full,0.1504479944705963,0.08886796236038208,0.07991968840360641,0.40931112597275754,0.46878864439025514,-0.0594775184174976,-0.008948273956775665,1.0
T05,1,BG5,early,0.1336168497800827,0.05272061750292778,0.10121430456638336,0.6054343921141421,0.2425034929501415,0.36293089916400056,0.04849368706345558,1.0
T05,1,BG5,middle,0.1336168497800827,0.05272061750292778,0.045362040400505066,0.6054343921141421,0.6605066121508503,-0.0550722200367082,-0.007358577102422714,1.0
T05,1,BG5,late,0.1336168497800827,0.05272061750292778,0.09578466415405273,0.6054343921141421,0.28313938591505006,0.322295006199092,0.043064046651124954,1.0
T05,1,BG5,full,0.1336168497800827,0.05272061750292778,0.09283661097288132,0.6054343921141421,0.3052028679189196,0.3002315241952225,0.04011599346995354,1.0
T05,1,BG6,early,0.15733344852924347,0.29556065797805786,0.15145620703697205,-0.8785620092570596,0.03735538230209956,-0.9159173915591592,-0.14410445094108582,1.0
T05,1,BG6,middle,0.15733344852924347,0.29556065797805786,0.2903884947299957,-0.8785620092570596,-0.8456881164664756,-0.03287389279058406,-0.005172163248062134,1.0
T05,1,BG6,late,0.15733344852924347,0.29556065797805786,0.2700500786304474,-0.8785620092570596,-0.7164186254778946,-0.16214338377916504,-0.025510579347610474,1.0
T05,1,BG6,full,0.15733344852924347,0.29556065797805786,0.4359094500541687,-0.8785620092570596,-1.7706087066861658,0.8920466974291061,0.14034879207611084,1.0
T05,1,BG7,early,0.2620825171470642,0.12187027931213379,0.23108339309692383,0.5349927343925989,0.11828004860753505,0.4167126857850638,0.10921311378479004,1.0
T05,1,BG7,middle,0.2620825171470642,0.12187027931213379,0.10431520640850067,0.5349927343925989,0.6019757305302327,-0.06698299613763381,-0.017555072903633118,1.0
T05,1,BG7,late,0.2620825171470642,0.12187027931213379,0.2016438990831375,0.5349927343925989,0.2306091471333087,0.30438358725929016,0.07977361977100372,1.0
T05,1,BG7,full,0.2620825171470642,0.12187027931213379,0.15668874979019165,0.5349927343925989,0.40213965617682024,0.13285307821577863,0.03481847047805786,1.0
T05,1,BG8,early,2.017444133758545,0.6610962748527527,1.5720796585083008,0.6723099983223748,0.22075678606918936,0.45155321225318545,0.9109833836555481,1.0
T05,1,BG8,middle,2.017444133758545,0.6610962748527527,0.8013585805892944,0.6723099983223748,0.6027852453469442,0.06952475297543059,0.14026230573654175,1.0
T05,1,BG8,late,2.017444133758545,0.6610962748527527,1.9237029552459717,0.6723099983223748,0.04646532039193474,0.6258446779304401,1.262606680393219,1.0
T05,1,BG8,full,2.017444133758545,0.6610962748527527,0.606784462928772,0.6723099983223748,0.699231096530723,-0.026921098208348204,-0.05431181192398071,1.0
T05,1,BG9,early,0.9366976022720337,0.24947762489318848,0.7896000742912292,0.7336625805119105,0.1570384466167346,0.5766241338951759,0.5401224493980408,1.0
T05,1,BG9,middle,0.9366976022720337,0.24947762489318848,0.30726906657218933,0.7336625805119105,0.6719655708026371,0.06169700970927339,0.057791441679000854,1.0
T05,1,BG9,late,0.9366976022720337,0.24947762489318848,0.8585866093635559,0.7336625805119105,0.08338977476307796,0.6502728057488325,0.6091089844703674,1.0
T05,1,BG9,full,0.9366976022720337,0.24947762489318848,0.1853419542312622,0.7336625805119105,0.8021325646579789,-0.06846998414606842,-0.06413567066192627,1.0
T05,1,BG10,early,1.4414724111557007,0.6050031185150146,1.1951042413711548,0.5802881070524031,0.1709142514062254,0.4093738556461777,0.5901011228561401,1.0
T05,1,BG10,middle,1.4414724111557007,0.6050031185150146,0.7291237115859985,0.5802881070524031,0.4941812962322071,0.086106810820196,0.12412059307098389,1.0
T05,1,BG10,late,1.4414724111557007,0.6050031185150146,1.3630003929138184,0.5802881070524031,0.05443879958450215,0.5258493074679009,0.7579972743988037,1.0
T05,1,BG10,full,1.4414724111557007,0.6050031185150146,0.5346670746803284,0.5802881070524031,0.6290826887609414,-0.04879458170853834,-0.07033604383468628,1.0
T05,1,BG11,early,0.5325934290885925,0.14935246109962463,0.48938173055648804,0.719575101497296,0.08113451154421114,0.6384405899530848,0.3400292694568634,1.0
T05,1,BG11,middle,0.5325934290885925,0.14935246109962463,0.184112086892128,0.719575101497296,0.654310261111755,0.06526484038554092,0.03475962579250336,1.0
T05,1,BG11,late,0.5325934290885925,0.14935246109962463,0.42803534865379333,0.719575101497296,0.19631877293442745,0.5232563285628685,0.2786828875541687,1.0
T05,1,BG11,full,0.5325934290885925,0.14935246109962463,0.07563085854053497,0.719575101497296,0.8579951366468966,-0.13842003514960066,-0.07372160255908966,1.0
T05,1,BG12,early,0.7732623219490051,0.18498195707798004,0.5919988751411438,0.7607772298804034,0.23441392308737896,0.5263633067930245,0.40701691806316376,1.0
T05,1,BG12,middle,0.7732623219490051,0.18498195707798004,0.28007569909095764,0.7607772298804034,0.6377998933621559,0.1229773365182475,0.0950937420129776,1.0
T05,1,BG12,late,0.7732623219490051,0.18498195707798004,0.6933809518814087,0.7607772298804034,0.10330437261343861,0.6574728572669648,0.5083989948034286,1.0
T05,1,BG12,full,0.7732623219490051,0.18498195707798004,0.1537288874387741,0.7607772298804034,0.8011943927860795,-0.040417162905676096,-0.03125306963920593,1.0
T05,1,BG13,early,0.5821459889411926,0.17317301034927368,0.5022100210189819,0.7025264956484443,0.13731259523830508,0.5652139004101392,0.32903701066970825,1.0
T05,1,BG13,middle,0.5821459889411926,0.17317301034927368,0.23797519505023956,0.7025264956484443,0.5912104601198516,0.1113160355285927,0.06480218470096588,1.0
T05,1,BG13,late,0.5821459889411926,0.17317301034927368,0.5117779970169067,0.7025264956484443,0.12087689695071557,0.5816495986977287,0.33860498666763306,1.0
T05,1,BG13,full,0.5821459889411926,0.17317301034927368,0.12095008790493011,0.7025264956484443,0.7922340991350724,-0.0897076034866281,-0.05222292244434357,1.0
T05,1,BG14,early,1.9780147075653076,0.932213306427002,1.619767427444458,0.5287126540825532,0.18111457257598562,0.34759808150656757,0.687554121017456,1.0
T05,1,BG14,middle,1.9780147075653076,0.932213306427002,1.138972282409668,0.5287126540825532,0.4241841214348483,0.1045285326477049,0.20675897598266602,1.0
T05,1,BG14,late,1.9780147075653076,0.932213306427002,1.906654953956604,0.5287126540825532,0.03607645735646425,0.49263619672608894,0.974441647529602,1.0
T05,1,BG14,full,1.9780147075653076,0.932213306427002,0.8902534246444702,0.5287126540825532,0.5499257832923192,-0.021213129209766035,-0.04195988178253174,1.0
T05,1,BG15,early,0.2521299719810486,0.09055060893297195,0.2311510294675827,0.6408574330530107,0.0832068933199811,0.5576505397330296,0.14060042053461075,1.0
T05,1,BG15,middle,0.2521299719810486,0.09055060893297195,0.10820144414901733,0.6408574330530107,0.5708505458222326,0.07000688723077808,0.01765083521604538,1.0
T05,1,BG15,late,0.2521299719810486,0.09055060893297195,0.21199393272399902,0.6408574330530107,0.15918792736068332,0.48166950569232736,0.12144332379102707,1.0
T05,1,BG15,full,0.2521299719810486,0.09055060893297195,0.06673036515712738,0.6408574330530107,0.7353334790538986,-0.09447604600088788,-0.023820243775844574,1.0
T05,2,BG1,early,0.09138093888759613,0.06315571814775467,0.09458273649215698,0.30887434507339306,-0.03503780211889951,0.34391214719229257,0.03142701834440231,1.0
T05,2,BG1,middle,0.09138093888759613,0.06315571814775467,0.06394065171480179,0.30887434507339306,0.30028466006133836,0.008589685012054704,0.0007849335670471191,1.0
T05,2,BG1,late,0.09138093888759613,0.06315571814775467,0.07298620790243149,0.30887434507339306,0.20129732957567814,0.10757701549771492,0.009830489754676819,1.0
T05,2,BG1,full,0.09138093888759613,0.06315571814775467,0.04512999579310417,0.30887434507339306,0.5061334299710907,-0.1972590848976976,-0.018025722354650497,1.0
T05,2,BG2,early,0.09594254940748215,0.05130118131637573,0.0889616534113884,0.46529275815446947,0.07276130675693993,0.39253145139752954,0.037660472095012665,1.0
T05,2,BG2,middle,0.09594254940748215,0.05130118131637573,0.062035609036684036,0.46529275815446947,0.35340885817721734,0.11188389997725212,0.010734427720308304,1.0
T05,2,BG2,late,0.09594254940748215,0.05130118131637573,0.06667161732912064,0.46529275815446947,0.3050881929680812,0.16020456518638826,0.015370436012744904,1.0
T05,2,BG2,full,0.09594254940748215,0.05130118131637573,0.047641366720199585,0.46529275815446947,0.5034386510593312,-0.0381458929048617,-0.0036598145961761475,1.0
T05,2,BG3,early,0.20720644295215607,0.09258151054382324,0.19463063776493073,0.5531919531231959,0.06069219856839636,0.49249975455479955,0.10204912722110748,1.0
T05,2,BG3,middle,0.20720644295215607,0.09258151054382324,0.1120326966047287,0.5531919531231959,0.45931849607696806,0.09387345704622785,0.019451186060905457,1.0
T05,2,BG3,late,0.20720644295215607,0.09258151054382324,0.20480003952980042,0.5531919531231959,0.01161360270431,0.5415783504188859,0.11221852898597717,1.0
T05,2,BG3,full,0.20720644295215607,0.09258151054382324,0.09913619607686996,0.5531919531231959,0.5215583556185844,0.03163359750461148,0.006554685533046722,1.0
T05,2,BG4,early,0.2558152377605438,0.11146292835474014,0.23319661617279053,0.5642834845439895,0.08841783977210571,0.47586564477188376,0.12173368781805038,1.0
T05,2,BG4,middle,0.2558152377605438,0.11146292835474014,0.139778733253479,0.5642834845439895,0.4535949890511646,0.11068849549282489,0.02831580489873886,1.0
T05,2,BG4,late,0.2558152377605438,0.11146292835474014,0.24137696623802185,0.5642834845439895,0.05644026948712977,0.5078432150568597,0.1299140378832817,1.0
T05,2,BG4,full,0.2558152377605438,0.11146292835474014,0.08788323402404785,0.5642834845439895,0.6564581869400097,-0.09217470239602021,-0.02357969433069229,1.0
T05,2,BG5,early,0.18627920746803284,0.14648190140724182,0.11347804963588715,0.21364335002975077,0.3908174450251758,-0.17717409499542502,-0.033003851771354675,1.0
T05,2,BG5,middle,0.18627920746803284,0.14648190140724182,0.0959634780883789,0.21364335002975077,0.4848406634258753,-0.2711973133961245,-0.050518423318862915,1.0
T05,2,BG5,late,0.18627920746803284,0.14648190140724182,0.11690942943096161,0.21364335002975077,0.37239681903310384,-0.15875346900335308,-0.029572471976280212,1.0
T05,2,BG5,full,0.18627920746803284,0.14648190140724182,0.21221518516540527,0.21364335002975077,-0.13923167624334298,0.35287502627309375,0.06573328375816345,1.0
T05,2,BG6,early,0.13081254065036774,0.444286584854126,0.12622497975826263,-2.3963605376184676,0.035069806905352885,-2.4314303445238203,-0.31806160509586334,1.0
T05,2,BG6,middle,0.13081254065036774,0.444286584854126,0.452233225107193,-2.3963605376184676,-2.4571088390127778,0.0607483013943102,0.007946640253067017,1.0
T05,2,BG6,late,0.13081254065036774,0.444286584854126,0.21153314411640167,-2.3963605376184676,-0.6170707096888721,-1.7792898279295954,-0.2327534407377243,1.0
T05,2,BG6,full,0.13081254065036774,0.444286584854126,0.5997272729873657,-2.3963605376184676,-3.5846309853731135,1.188270447754646,0.15544068813323975,1.0
T05,2,BG7,early,0.6440534591674805,0.12378118932247162,0.5460361242294312,0.8078091412464958,0.15218821049865472,0.6556209307478411,0.42225493490695953,1.0
T05,2,BG7,middle,0.6440534591674805,0.12378118932247162,0.18046453595161438,0.8078091412464958,0.7197988294591638,0.08801031178733199,0.05668334662914276,1.0
T05,2,BG7,late,0.6440534591674805,0.12378118932247162,0.5648244023323059,0.8078091412464958,0.12301628766566242,0.6847928535808334,0.4410432130098343,1.0
T05,2,BG7,full,0.6440534591674805,0.12378118932247162,0.10326560586690903,0.8078091412464958,0.8396629925766991,-0.03185385133020324,-0.02051558345556259,1.0
T05,2,BG8,early,2.099372386932373,1.0293647050857544,1.76153564453125,0.5096797944995972,0.16092273714505057,0.34875705735454665,0.7321709394454956,1.0
T05,2,BG8,middle,2.099372386932373,1.0293647050857544,1.3044912815093994,0.5096797944995972,0.37862797309541796,0.13105182140417926,0.275126576423645,1.0
T05,2,BG8,late,2.099372386932373,1.0293647050857544,2.080193281173706,0.5096797944995972,0.009135642531402088,0.5005441519681951,1.0508285760879517,1.0
T05,2,BG8,full,2.099372386932373,1.0293647050857544,1.0009713172912598,0.5096797944995972,0.5232044973279202,-0.013524702828322965,-0.02839338779449463,1.0
T05,2,BG9,early,0.7913795113563538,0.25728169083595276,0.6536608338356018,0.6748946821431582,0.17402356745940872,0.5008711146837495,0.39637914299964905,1.0
T05,2,BG9,middle,0.7913795113563538,0.25728169083595276,0.38027364015579224,0.6748946821431582,0.5194800599539937,0.15541462218916446,0.12299194931983948,1.0
T05,2,BG9,late,0.7913795113563538,0.25728169083595276,0.8008992075920105,0.6748946821431582,-0.012029229944364506,0.6869239120875227,0.5436175167560577,1.0
T05,2,BG9,full,0.7913795113563538,0.25728169083595276,0.27511435747146606,0.6748946821431582,0.6523610353222881,0.022533646820870112,0.017832666635513306,1.0
T05,2,BG10,early,1.3352118730545044,0.5701410174369812,1.11549973487854,0.5729958483198223,0.16455227141428574,0.40844357690553657,0.5453587174415588,1.0
T05,2,BG10,middle,1.3352118730545044,0.5701410174369812,0.7509214878082275,0.5729958483198223,0.4376012546485295,0.1353945936712928,0.18078047037124634,1.0
T05,2,BG10,late,1.3352118730545044,0.5701410174369812,1.2686049938201904,0.5729958483198223,0.049884883500242894,0.5231109648195794,0.6984639763832092,1.0
T05,2,BG10,full,1.3352118730545044,0.5701410174369812,0.5087515711784363,0.5729958483198223,0.618973155021218,-0.04597730670139566,-0.06138944625854492,1.0
T05,2,BG11,early,0.4684630334377289,0.11787556111812592,0.3917401432991028,0.7483780998963803,0.163775779569738,0.5846023203266423,0.27386458218097687,1.0
T05,2,BG11,middle,0.4684630334377289,0.11787556111812592,0.13913366198539734,0.7483780998963803,0.7029997052395194,0.04537839465686089,0.021258100867271423,1.0
T05,2,BG11,late,0.4684630334377289,0.11787556111812592,0.42087727785110474,0.7483780998963803,0.10157848362471633,0.6467996162716639,0.3030017167329788,1.0
T05,2,BG11,full,0.4684630334377289,0.11787556111812592,0.11403970420360565,0.7483780998963803,0.7565662739012526,-0.008188174004872373,-0.0038358569145202637,1.0
T05,2,BG12,early,0.9600540995597839,0.30344194173812866,0.8067346811294556,0.6839324588931069,0.1596987366687388,0.5242337222243681,0.5032927393913269,1.0
T05,2,BG12,middle,0.9600540995597839,0.30344194173812866,0.4476281702518463,0.6839324588931069,0.5337469359335398,0.1501855229595671,0.14418622851371765,1.0
T05,2,BG12,late,0.9600540995597839,0.30344194173812866,0.9059367179870605,0.6839324588931069,0.05636910569294684,0.6275633532001601,0.6024947762489319,1.0
T05,2,BG12,full,0.9600540995597839,0.30344194173812866,0.2705315947532654,0.6839324588931069,0.7182121381915516,-0.034279679298444665,-0.03291034698486328,1.0
T05,2,BG13,early,0.6426599025726318,0.12604288756847382,0.5100820660591125,0.8038731137532579,0.2062954976961251,0.5975776160571328,0.38403917849063873,1.0
T05,2,BG13,middle,0.6426599025726318,0.12604288756847382,0.22411885857582092,0.8038731137532579,0.6512636712026261,0.1526094425506318,0.0980759710073471,1.0
T05,2,BG13,late,0.6426599025726318,0.12604288756847382,0.5982503890991211,0.8038731137532579,0.06910268184572932,0.7347704319075286,0.4722075015306473,1.0
T05,2,BG13,full,0.6426599025726318,0.12604288756847382,0.10018076747655869,0.8038731137532579,0.8441154247889446,-0.04024231103568676,-0.02586212009191513,1.0
T05,2,BG14,early,1.5224193334579468,0.7172662019729614,1.2794554233551025,0.528864235038029,0.15959066806848898,0.36927356696954006,0.5621892213821411,1.0
T05,2,BG14,middle,1.5224193334579468,0.7172662019729614,0.9726354479789734,0.528864235038029,0.36112513798610957,0.16773909705191947,0.25536924600601196,1.0
T05,2,BG14,late,1.5224193334579468,0.7172662019729614,1.449716329574585,0.528864235038029,0.047754919954069774,0.48110931508395927,0.7324501276016235,1.0
T05,2,BG14,full,1.5224193334579468,0.7172662019729614,0.6607540249824524,0.528864235038029,0.5659842159640136,-0.037119980925984564,-0.05651217699050903,1.0
T05,2,BG15,early,0.4467148184776306,0.08944782614707947,0.3820919990539551,0.7997652631055236,0.144662378107987,0.6551028849975367,0.2926441729068756,1.0
T05,2,BG15,middle,0.4467148184776306,0.08944782614707947,0.12655167281627655,0.7997652631055236,0.7167059055380929,0.08305935756743077,0.03710384666919708,1.0
T05,2,BG15,late,0.4467148184776306,0.08944782614707947,0.39733320474624634,0.7997652631055236,0.11054395462911537,0.6892213084764083,0.30788537859916687,1.0
T05,2,BG15,full,0.4467148184776306,0.08944782614707947,0.06581953167915344,0.7997652631055236,0.8526587265897099,-0.05289346348418622,-0.023628294467926025,1.0
