task,seed,background,position,D_latent_robot,D_normalized_latent_robot
Original,0,BG1,0,0.0,0.0
Original,0,BG1,1,0.011382134974609421,6.59395635888584e-05
Original,0,BG1,2,0.02137670843839718,0.0001446768177053668
Original,0,BG1,3,0.02962725125616644,0.0002350473793929652
Original,0,BG1,4,0.03704850239457983,0.0003457519370769084
Original,0,BG1,5,0.0438468139288983,0.0004831033396175188
Original,0,BG1,6,0.049210616788982496,0.000642540706950785
Original,0,BG1,7,0.05415801677252806,0.0008412561808943955
Original,0,BG1,8,0.057532990175229864,0.0010674278428920109
Original,0,BG1,9,0.06241629120170811,0.0013888356594458319
Original,0,BG1,10,0.06703646270165244,0.001796405028982571
Original,0,BG1,11,0.07085119242349432,0.0022962003576757753
Original,0,BG1,12,0.07509733851498498,0.0029558763369800707
Original,0,BG1,13,0.0552167433841646,0.002650536093537646
Original,0,BG1,14,0.04793227296651808,0.0028172642568761288
Original,0,BG1,15,0.04159068209744475,0.0030043261775059477
Original,0,BG1,16,0.03615755471312207,0.0032204958271591136
Original,0,BG1,17,0.032772725967944887,0.003608603002986494
Original,0,BG1,18,0.02761503144485458,0.0037651924571940024
Original,0,BG1,19,0.02536041198746095,0.004282988112259103
Original,0,BG1,20,0.026245250724566033,0.005482149288532998
Original,0,BG1,21,0.029261203674200764,0.00753125254851761
Original,0,BG1,22,0.03187091851916869,0.010041182977234392
Original,0,BG1,23,0.03491100321635652,0.01333164719010115
Original,0,BG1,24,0.037937532931593486,0.017326067380824806
Original,0,BG1,25,0.04134605894742758,0.02220519325054779
Original,0,BG1,26,0.04430466410469698,0.02743370831460619
Original,0,BG1,27,0.046708646011582027,0.03263396537943999
Original,0,BG1,28,0.0484819850263454,0.03738607053086321
Original,0,BG1,29,0.04983211992080651,0.041527556974771035
Original,0,BG1,30,0.0507089671798248,0.04481175990611666
Original,0,BG1,31,0.05118920825841497,0.04720824041667208
Original,0,BG1,32,0.051434444937852264,0.04887219637977042
Original,0,BG1,33,0.0515655723669619,0.04999158336136762
Original,0,BG1,34,0.05167283937426167,0.050750930949279426
Original,0,BG1,35,0.051721917386801215,0.05120981957734565
Original,0,BG1,36,0.05178707583596369,0.05178707583596369
Original,0,BG2,0,0.0,0.0
Original,0,BG2,1,0.006311987039583113,3.656692458576482e-05
Original,0,BG2,2,0.01190683151630269,8.058502069034392e-05
Original,0,BG2,3,0.016453365462357056,0.0001305325425001978
Original,0,BG2,4,0.020679711464791715,0.0001929916151786216
Original,0,BG2,5,0.02436693092930983,0.00026847436873487954
Original,0,BG2,6,0.027577812947694624,0.00036008220608695963
Original,0,BG2,7,0.03041994782300311,0.0004725241187838789
Original,0,BG2,8,0.03254317004825809,0.0006037837724079559
Original,0,BG2,9,0.034900821557145974,0.0007765841999856288
Original,0,BG2,10,0.036580545651538475,0.0009802646728224748
Original,0,BG2,11,0.038550867213417224,0.0012493863860291762
Original,0,BG2,12,0.04045773126135017,0.0015924405913257725
Original,0,BG2,13,0.02823345193610523,0.001355273398770448
Original,0,BG2,14,0.023201335417398893,0.0013636802288633212
Original,0,BG2,15,0.01886503578150056,0.0013627264089091902
Original,0,BG2,16,0.015349849302904752,0.001367186635036914
Original,0,BG2,17,0.012680647019713834,0.0013962653252393054
Original,0,BG2,18,0.010290663636977896,0.0014030883569421204
Original,0,BG2,19,0.008878189495889852,0.0014993912591499928
Original,0,BG2,20,0.00833920654234431,0.0017419065918565014
Original,0,BG2,21,0.00841086147977664,0.0021647886669287383
Original,0,BG2,22,0.008880077728328648,0.0027977381753161077
Original,0,BG2,23,0.009306110810843544,0.0035537731534618306
Original,0,BG2,24,0.009989367991205455,0.0045621433337194525
Original,0,BG2,25,0.013513430432892848,0.007257483347002761
Original,0,BG2,26,0.015890583032945358,0.0098395423766911
Original,0,BG2,27,0.01758793968302088,0.012288179277993111
Original,0,BG2,28,0.018725260371775396,0.01443967083797248
Original,0,BG2,29,0.01940687529078216,0.016172703895438297
Original,0,BG2,30,0.0198033474650555,0.017500314111648485
Original,0,BG2,31,0.020018680476810692,0.01846183429839655
Original,0,BG2,32,0.020118897932494162,0.019116658720764432
Original,0,BG2,33,0.02018943465074661,0.01957317175194793
Original,0,BG2,34,0.02024363118449674,0.01988245934427615
Original,0,BG2,35,0.020271534104654477,0.020070826054725776
Original,0,BG2,36,0.02031312797106524,0.02031312797106524
Original,0,BG3,0,0.0,0.0
Original,0,BG3,1,0.01314976073196815,7.617986305377286e-05
Original,0,BG3,2,0.02464380060668637,0.00016678838370740183
Original,0,BG3,3,0.03321718014514204,0.0002635280294730734
Original,0,BG3,4,0.041901238720588894,0.0003910396783474154
Original,0,BG3,5,0.04935075718690782,0.0005437456777608918
Original,0,BG3,6,0.05558064523882408,0.0007257138684705951
Original,0,BG3,7,0.061692092514780965,0.0009582857215784826
Original,0,BG3,8,0.06547830082487834,0.0012148397178748502
Original,0,BG3,9,0.07030366791871093,0.0015643390412214393
Original,0,BG3,10,0.07431077638293003,0.0019913379558330227
Original,0,BG3,11,0.07766004730728246,0.002516867003313483
Original,0,BG3,12,0.08254777956481862,0.003249130166405169
Original,0,BG3,13,0.06192918954037173,0.0029727496080535648
Original,0,BG3,14,0.054258596557251085,0.0031890998529528996
Original,0,BG3,15,0.04875040970628979,0.003521513103262562
Original,0,BG3,16,0.04445655757944592,0.003959674795158699
Original,0,BG3,17,0.04240131073401153,0.004668805922390343
Original,0,BG3,18,0.03615167402814384,0.004929127482203904
Original,0,BG3,19,0.03375658231259734,0.005700973659693782
Original,0,BG3,20,0.035255513659295065,0.007364227201686646
Original,0,BG3,21,0.03966204029824926,0.010208221283983089
Original,0,BG3,22,0.04398019198066718,0.013856304595792047
Original,0,BG3,23,0.0484120611221855,0.018487366735083846
Original,0,BG3,24,0.05280913298368669,0.024117925593625127
Original,0,BG3,25,0.057645366574429945,0.030958851578999858
Original,0,BG3,26,0.061888096184963055,0.038321472752760245
Original,0,BG3,27,0.06516692917766465,0.04553022826079763
Original,0,BG3,28,0.06762639240021946,0.05214895959458742
Original,0,BG3,29,0.06940789169054999,0.05784101068624033
Original,0,BG3,30,0.07047700414338258,0.06228086991473102
Original,0,BG3,31,0.07104569382117647,0.06552049359826603
Original,0,BG3,32,0.07129862664600324,0.06774682794887574
Original,0,BG3,33,0.07145187752176642,0.06927087824093209
Original,0,BG3,34,0.07157794645318782,0.0703009058989363
Original,0,BG3,35,0.07163798119206281,0.07092869496639326
Original,0,BG3,36,0.07171590169577165,0.07171590169577165
Original,0,BG4,0,0.0,0.0
Original,0,BG4,1,0.010901881071692328,6.315733222153657e-05
Original,0,BG4,2,0.019794602153549973,0.000133969177485242
Original,0,BG4,3,0.026400922663788195,0.00020945134700121095
Original,0,BG4,4,0.03444727314276575,0.00032147619090047876
Original,0,BG4,5,0.0399515774826786,0.0004401856999933394
Original,0,BG4,6,0.04558489034227709,0.0005951997678909043
Original,0,BG4,7,0.04894281156280908,0.0007602465005506464
Original,0,BG4,8,0.05304063917854109,0.0009840798266687529
Original,0,BG4,9,0.05571243655203389,0.001239667033582021
Original,0,BG4,10,0.05890896068380671,0.001578608851161037
Original,0,BG4,11,0.06167620454126886,0.001998850237306891
Original,0,BG4,12,0.06566476236805173,0.0025846044784281685
Original,0,BG4,13,0.04989070885145043,0.00239487366849865
Original,0,BG4,14,0.04339850894437763,0.0025507880293195785
Original,0,BG4,15,0.03848621005366599,0.0027800729019806874
Original,0,BG4,16,0.03543258379966173,0.003155923817608659
Original,0,BG4,17,0.035534761177820805,0.0039127305437161196
Original,0,BG4,18,0.030095850356854248,0.004103441598382356
Original,0,BG4,19,0.027412750283484884,0.004629596850315368
Original,0,BG4,20,0.029054022815805984,0.006068850025851362
Original,0,BG4,21,0.03260216746152389,0.00839115025778541
Original,0,BG4,22,0.035867868579491924,0.011300453460957764
Original,0,BG4,23,0.039195740780533284,0.01496788231992734
Original,0,BG4,24,0.04277019963099555,0.019533145788016848
Original,0,BG4,25,0.04679145510362356,0.02512968173142056
Original,0,BG4,26,0.05030338540025115,0.031148151794114214
Original,0,BG4,27,0.0530312916747999,0.03705141306723026
Original,0,BG4,28,0.05512663453028858,0.042509980689909
Original,0,BG4,29,0.05664416765254484,0.04720437153566121
Original,0,BG4,30,0.057593822990650245,0.050895940396612
Original,0,BG4,31,0.058093437226730896,0.0535755297486718
Original,0,BG4,32,0.05830932972072819,0.05540460313621026
Original,0,BG4,33,0.058457353417420144,0.056672999452205455
Original,0,BG4,34,0.05856565768354227,0.05752077267768651
Original,0,BG4,35,0.05861762395293212,0.058037252009369364
Original,0,BG4,36,0.05868424080805981,0.05868424080805981
Original,0,BG5,0,0.0,0.0
Original,0,BG5,1,0.03296906991473238,0.00019099809327369766
Original,0,BG5,2,0.06136855236863125,0.00041534022303009834
Original,0,BG5,3,0.08742330211164874,0.0006935715319184676
Original,0,BG5,4,0.10930977720089129,0.0010201240228148475
Original,0,BG5,5,0.1293073600580374,0.0014247059637542251
Original,0,BG5,6,0.14596186942765635,0.0019058172604183143
Original,0,BG5,7,0.16069507558518228,0.002496135077759649
Original,0,BG5,8,0.17437838663978047,0.003235297601518956
Original,0,BG5,9,0.1873745408784573,0.004169303228990184
Original,0,BG5,10,0.1998394452088186,0.005355183889966586
Original,0,BG5,11,0.21027643553090786,0.0068148016937623615
Original,0,BG5,12,0.22206152949520563,0.00874047513130593
Original,0,BG5,13,0.16107073147295364,0.007731781366643716
Original,0,BG5,14,0.13495214604588043,0.007931938838252096
Original,0,BG5,15,0.11408050570120809,0.00824066911922041
Original,0,BG5,16,0.10018516384310074,0.008923333019496818
Original,0,BG5,17,0.08907034964631276,0.009807531160174663
Original,0,BG5,18,0.07508478400133145,0.010237491960764471
Original,0,BG5,19,0.06518108323761429,0.011008094210820043
Original,0,BG5,20,0.06335154890015932,0.013232971276424497
Original,0,BG5,21,0.06772897487441493,0.017432092686671456
Original,0,BG5,22,0.07328177122467043,0.02308799708840277
Original,0,BG5,23,0.08007136608940617,0.03057727090294307
Original,0,BG5,24,0.08697285271567769,0.03972049289915988
Original,0,BG5,25,0.09603868726865486,0.05157825591643448
Original,0,BG5,26,0.10332902822805473,0.0639819414196472
Original,0,BG5,27,0.10899947497259187,0.07615474644850231
Original,0,BG5,28,0.11309022581280304,0.0872076329726418
Original,0,BG5,29,0.11594328759340718,0.09662124528770341
Original,0,BG5,30,0.11764594939278251,0.10396429540627723
Original,0,BG5,31,0.11856518604170173,0.1093444105716986
Original,0,BG5,32,0.11905132742523379,0.11312068901617488
Original,0,BG5,33,0.1193542345912508,0.11571106243402002
Original,0,BG5,34,0.1195826169737383,0.1174491127078109
Original,0,BG5,35,0.11969622941848727,0.11851111915458618
Original,0,BG5,36,0.11984040581017107,0.11984040581017107
Original,0,BG6,0,0.0,0.0
Original,0,BG6,1,0.06167986687946247,0.00035732694304416407
Original,0,BG6,2,0.11618355074429909,0.0007863262204256554
Original,0,BG6,3,0.1635917705130611,0.001297853000340436
Original,0,BG6,4,0.20533036377149458,0.0019162278239237159
Original,0,BG6,5,0.24031009237264966,0.002647731902002838
Original,0,BG6,6,0.2710338137388477,0.0035388757478407567
Original,0,BG6,7,0.2969101291762045,0.004612013070463492
Original,0,BG6,8,0.3197364751762986,0.005932172387488691
Original,0,BG6,9,0.3404790650724447,0.007576058394533825
Original,0,BG6,10,0.35869440366136474,0.009612088792170079
Original,0,BG6,11,0.3748027292694141,0.01214689735099459
Original,0,BG6,12,0.3894254877793478,0.015328021026991183
Original,0,BG6,13,0.2777599690736628,0.013333144597368935
Original,0,BG6,14,0.2297084093232022,0.013501326996575396
Original,0,BG6,15,0.19045433438131595,0.01375757534259964
Original,0,BG6,16,0.16054596135722857,0.014299573129480722
Original,0,BG6,17,0.1423203457619174,0.015670885217466853
Original,0,BG6,18,0.1259775971933523,0.017176511241047958
Original,0,BG6,19,0.10673039977906133,0.018025142221278004
Original,0,BG6,20,0.09684700555074263,0.020229554985319614
Original,0,BG6,21,0.09553491084937338,0.024588788249437988
Original,0,BG6,22,0.09734591798029664,0.030669595387162078
Original,0,BG6,23,0.10258476477422661,0.0391745801144586
Original,0,BG6,24,0.10928153392216522,0.04990886536965279
Original,0,BG6,25,0.11692519388977943,0.06279550193621034
Original,0,BG6,26,0.12441189471075581,0.07703657613443546
Original,0,BG6,27,0.13032096606609725,0.09105144883361628
Original,0,BG6,28,0.13448537162143154,0.10370614132834101
Original,0,BG6,29,0.13732283024577072,0.11443787008052314
Original,0,BG6,30,0.13919316260658404,0.12300567212075626
Original,0,BG6,31,0.14031151645416187,0.12939953584115862
Original,0,BG6,32,0.1409156580068895,0.13389583036280517
Original,0,BG6,33,0.14130298249088216,0.13698984614165233
Original,0,BG6,34,0.1415802870125018,0.13905431670543045
Original,0,BG6,35,0.1417147765456015,0.14031166155924263
Original,0,BG6,36,0.14188673135975918,0.14188673135975918
Original,0,BG7,0,0.0,0.0
Original,0,BG7,1,0.028471679021059376,0.00016494357987848672
Original,0,BG7,2,0.053140458309047206,0.0003596527698232952
Original,0,BG7,3,0.07503237312414258,0.0005952682712154171
Original,0,BG7,4,0.09390647701554115,0.0008763740559897779
Original,0,BG7,5,0.11090344793209388,0.0012219320244139973
Original,0,BG7,6,0.12677470388110118,0.0016552913419117833
Original,0,BG7,7,0.1396381431280595,0.0021690500896002843
Original,0,BG7,8,0.15255600016233287,0.002830419934600492
Original,0,BG7,9,0.16356256960698753,0.003639458945942985
Original,0,BG7,10,0.17278088274003833,0.004630083912948877
Original,0,BG7,11,0.18252715544110387,0.005915481527626397
Original,0,BG7,12,0.19015534928332004,0.007484628730029771
Original,0,BG7,13,0.1360284042296178,0.006529689607420745
Original,0,BG7,14,0.11282315219489182,0.006631286493700972
Original,0,BG7,15,0.09486561842372412,0.006852670998606067
Original,0,BG7,16,0.08368696883037866,0.007453865065779877
Original,0,BG7,17,0.07543051577044972,0.008305649821427232
Original,0,BG7,18,0.06521009130363675,0.008891119472892261
Original,0,BG7,19,0.05732779060314399,0.00968179246891086
Original,0,BG7,20,0.05614336069125192,0.011727313563502971
Original,0,BG7,21,0.06028571341145901,0.015516345049876553
Original,0,BG7,22,0.06464950798848078,0.020368334826297824
Original,0,BG7,23,0.07040756500312653,0.026886904684106438
Original,0,BG7,24,0.07626349106379862,0.034829528580351085
Original,0,BG7,25,0.08456898355009906,0.04541837041883726
Original,0,BG7,26,0.09161646099183562,0.05672945090017301
Original,0,BG7,27,0.09702704626998916,0.06778996062389687
Original,0,BG7,28,0.10084686636943048,0.07776637145999364
Original,0,BG7,29,0.10327842035341062,0.08606698853353655
Original,0,BG7,30,0.1045422494478323,0.09238449231737884
Original,0,BG7,31,0.10520204788874112,0.09702051929706398
Original,0,BG7,32,0.10555014007565147,0.100292074064262
Original,0,BG7,33,0.10579465733632751,0.10256537815991314
Original,0,BG7,34,0.105982736325183,0.10409187111805837
Original,0,BG7,35,0.10607607295530792,0.10502581581553107
Original,0,BG7,36,0.10619685968013705,0.10619685968013705
Original,0,BG8,0,0.0,0.0
Original,0,BG8,1,0.06915752632648381,0.00040064690048321225
Original,0,BG8,2,0.12964102330887628,0.0008774059266050117
Original,0,BG8,3,0.18244565169043803,0.001447430001329667
Original,0,BG8,4,0.22839493309954242,0.0021314759155105054
Original,0,BG8,5,0.26804328789141374,0.0029532957062298236
Original,0,BG8,6,0.30229112752626136,0.003947001021308475
Original,0,BG8,7,0.3316616619387706,0.005151821278090089
Original,0,BG8,8,0.35686212110586996,0.006620976297970856
Original,0,BG8,9,0.3782412772138699,0.008416311892206924
Original,0,BG8,10,0.3966843838779301,0.010630122695810741
Original,0,BG8,11,0.41249787408091915,0.01336855081866195
Original,0,BG8,12,0.4261423821872951,0.016773220048351266
Original,0,BG8,13,0.3051037792499499,0.01464571305712203
Original,0,BG8,14,0.2530946241646007,0.014875873676677174
Original,0,BG8,15,0.2122990930554813,0.015335543693874985
Original,0,BG8,16,0.1802626055377587,0.01605570323214541
Original,0,BG8,17,0.15883126347848636,0.017488901430845995
Original,0,BG8,18,0.14626877827088847,0.01994312776148656
Original,0,BG8,19,0.1294789197641359,0.021867021508643152
Original,0,BG8,20,0.11605977697947364,0.024242748963543673
Original,0,BG8,21,0.11257152300484168,0.02897367380841345
Original,0,BG8,22,0.11566069780383445,0.03643981045724568
Original,0,BG8,23,0.12187122325809199,0.04653960081206211
Original,0,BG8,24,0.13002931982171764,0.05938437696957496
Original,0,BG8,25,0.13761941650845955,0.0739094804841604
Original,0,BG8,26,0.1448407159135619,0.08968622223605667
Original,0,BG8,27,0.15081234445036315,0.10536817603065213
Original,0,BG8,28,0.1555540082185774,0.11995286731948752
Original,0,BG8,29,0.15900772649038097,0.1325089609674854
Original,0,BG8,30,0.16126268672792057,0.14250861765333833
Original,0,BG8,31,0.16259585720791606,0.14995083102633847
Original,0,BG8,32,0.16329752872933784,0.15516272984860843
Original,0,BG8,33,0.1637300041715143,0.15873230480093917
Original,0,BG8,34,0.1640248267926618,0.16109841750734108
Original,0,BG8,35,0.16416262926698744,0.1625372584896725
Original,0,BG8,36,0.16433784566408555,0.16433784566408555
Original,0,BG9,0,0.0,0.0
Original,0,BG9,1,0.04797542251779958,0.0002779336587852081
Original,0,BG9,2,0.09010947279011487,0.0006098577720837307
Original,0,BG9,3,0.12720622243025004,0.0010091887695101386
Original,0,BG9,4,0.15914143871910372,0.001485173683827509
Original,0,BG9,5,0.18786156537192072,0.002069855058280707
Original,0,BG9,6,0.2118421232550394,0.0027660126305072003
Original,0,BG9,7,0.23337515790362834,0.0036251012465945698
Original,0,BG9,8,0.2511639053430847,0.004659923724738328
Original,0,BG9,9,0.267908814665515,0.005961285248447105
Original,0,BG9,10,0.2835750606037038,0.007599083320659119
Original,0,BG9,11,0.2974667101810058,0.009640531703038094
Original,0,BG9,12,0.31027395523253426,0.012212569185737042
Original,0,BG9,13,0.22334258652840977,0.010720979749026695
Original,0,BG9,14,0.18652852492002037,0.010963388840687953
Original,0,BG9,15,0.1569535170716311,0.011337625074265296
Original,0,BG9,16,0.13619020865012388,0.012130245037268226
Original,0,BG9,17,0.12420317614533707,0.013676004696457009
Original,0,BG9,18,0.11334160204704034,0.015453646893335279
Original,0,BG9,19,0.09876795349355595,0.016680406079923223
Original,0,BG9,20,0.09155389434581125,0.01912392161836052
Original,0,BG9,21,0.09306180941743772,0.02395226107951895
Original,0,BG9,22,0.09704102115468086,0.03057353522283959
Original,0,BG9,23,0.1037976910290292,0.039637766536103035
Original,0,BG9,24,0.11135737015013833,0.05085689956708107
Original,0,BG9,25,0.11772630476415427,0.0632257441607892
Original,0,BG9,26,0.12447617057138038,0.0770763762049668
Original,0,BG9,27,0.13016867612810215,0.09094504848084148
Original,0,BG9,28,0.13473539039316515,0.10389893912630156
Original,0,BG9,29,0.13805396353871954,0.1150471595103175
Original,0,BG9,30,0.1402159510219928,0.12390951519181498
Original,0,BG9,31,0.14148971502938446,0.1304861064714292
Original,0,BG9,32,0.14216163520236824,0.13507973836786946
Original,0,BG9,33,0.14256638053944212,0.138214680112699
Original,0,BG9,34,0.14284166005295532,0.14029318519998296
Original,0,BG9,35,0.14297769348493242,0.14156207404015103
Original,0,BG9,36,0.14314846691150246,0.14314846691150246
Original,0,BG10,0,0.0,0.0
Original,0,BG10,1,0.07079586623371056,0.00041013821404388065
Original,0,BG10,2,0.1327494555206432,0.000898443688507629
Original,0,BG10,3,0.18700915729758666,0.0014836345067392813
Original,0,BG10,4,0.23400650501516818,0.002183845426982969
Original,0,BG10,5,0.27474769303997476,0.0030271647136166074
Original,0,BG10,6,0.30982775925072803,0.004045406469017662
Original,0,BG10,7,0.33996100817813274,0.005280738044658555
Original,0,BG10,8,0.36581241405893816,0.006787033931058974
Original,0,BG10,9,0.38763253656602237,0.008625278432865011
Original,0,BG10,10,0.40661399295513273,0.010896210707101
Original,0,BG10,11,0.42310963466205814,0.013712464984919948
Original,0,BG10,12,0.43725884642678325,0.017210770748475386
Original,0,BG10,13,0.31230939073631553,0.014991599698251533
Original,0,BG10,14,0.25792584429077875,0.015159833177574394
Original,0,BG10,15,0.21484746318195455,0.015519626642530692
Original,0,BG10,16,0.18064112246704606,0.016089417140837645
Original,0,BG10,17,0.1577217754227283,0.017366735741541173
Original,0,BG10,18,0.1417665974230942,0.019329274519024154
Original,0,BG10,19,0.12356518787755498,0.02086828204481385
Original,0,BG10,20,0.1102064009288923,0.023020086561855
Original,0,BG10,21,0.10663551386443669,0.027445862943806364
Original,0,BG10,22,0.10863504683472171,0.03422632398920193
Original,0,BG10,23,0.11424938183707865,0.043629008408869435
Original,0,BG10,24,0.12168114170722233,0.05557176499711946
Original,0,BG10,25,0.13176836452207943,0.07076713166251757
Original,0,BG10,26,0.13959693954882718,0.08643924508634841
Original,0,BG10,27,0.1454557416466799,0.10162567425870228
Original,0,BG10,28,0.14987851013181322,0.11557630227104233
Original,0,BG10,29,0.15312805595973097,0.12760914223860503
Original,0,BG10,30,0.15522966616416525,0.1371772080242956
Original,0,BG10,31,0.15647298944451432,0.1443041363782556
Original,0,BG10,32,0.1571779261864524,0.14934798055884801
Original,0,BG10,33,0.15759256470032024,0.1527822047167957
Original,0,BG10,34,0.1578773541973473,0.15506062375623345
Original,0,BG10,35,0.15800706195488554,0.15644263747837925
Original,0,BG10,36,0.15817034902146346,0.15817034902146346
Original,0,BG11,0,0.0,0.0
Original,0,BG11,1,0.05103740337609632,0.00029567248184320864
Original,0,BG11,2,0.09520733892944033,0.0006443599513457271
Original,0,BG11,3,0.13413094898360167,0.0010641259901351561
Original,0,BG11,4,0.1687101046171793,0.0015744724272567514
Original,0,BG11,5,0.19896590953218618,0.0021922025064771236
Original,0,BG11,6,0.22373605817868047,0.0029213111811148
Original,0,BG11,7,0.24629785860588185,0.003825834263408954
Original,0,BG11,8,0.26644260639508033,0.004943394318320103
Original,0,BG11,9,0.2833533928144314,0.006304945221466626
Original,0,BG11,10,0.2998599582027219,0.008035476758675194
Original,0,BG11,11,0.31364211659070096,0.01016475680303848
Original,0,BG11,12,0.32654567177725013,0.012853033695598301
Original,0,BG11,13,0.23389374712421632,0.01122746075884937
Original,0,BG11,14,0.19367859473777513,0.011383640890038552
Original,0,BG11,15,0.161420361422911,0.011660290071332997
Original,0,BG11,16,0.13737314340342105,0.01223560715463974
Original,0,BG11,17,0.12122175464736784,0.01334772053440697
Original,0,BG11,18,0.10727172742982766,0.014626045234687801
Original,0,BG11,19,0.0915528424674731,0.015461883502091107
Original,0,BG11,20,0.08386680365666496,0.017518230001449822
Original,0,BG11,21,0.08434263710136163,0.021708119316339713
Original,0,BG11,22,0.08705189838465145,0.02742638367961589
Original,0,BG11,23,0.09235079379892758,0.035266480150251744
Original,0,BG11,24,0.09884739260342155,0.04514359409071847
Original,0,BG11,25,0.10493304644188466,0.056355034391340306
Original,0,BG11,26,0.11090535820976767,0.06867324938146362
Original,0,BG11,27,0.11610263387561641,0.08111751594418438
Original,0,BG11,28,0.12011113261412724,0.09262168770209031
Original,0,BG11,29,0.12296975056490937,0.10247674272376452
Original,0,BG11,30,0.12478413377978276,0.11027234359119047
Original,0,BG11,31,0.1258068721291072,0.11602291310816583
Original,0,BG11,32,0.126361259471861,0.12006647087958887
Original,0,BG11,33,0.12669353059865102,0.122826333803165
Original,0,BG11,34,0.12693922759196852,0.12467447226702143
Original,0,BG11,35,0.12705750310534278,0.1257995091727642
Original,0,BG11,36,0.12720835970633493,0.12720835970633493
Original,0,BG12,0,0.0,0.0
Original,0,BG12,1,0.019794388064853816,0.00011467385635258391
Original,0,BG12,2,0.03618803131019563,0.0002449193347277225
Original,0,BG12,3,0.05093084333224197,0.00040405912548660945
Original,0,BG12,4,0.06418831686751791,0.0005990319035962145
Original,0,BG12,5,0.07597162226934816,0.0008370538493396776
Original,0,BG12,6,0.08688078620321579,0.0011343983348167826
Original,0,BG12,7,0.09591323752033086,0.0014898552182484814
Original,0,BG12,8,0.1050010182247557,0.0019481172492439654
Original,0,BG12,9,0.11320687585268002,0.0025189857199555713
Original,0,BG12,10,0.12104387621023682,0.003243665009497314
Original,0,BG12,11,0.12816730144653174,0.004153745248951261
Original,0,BG12,12,0.1345438589009692,0.005295727073850068
Original,0,BG12,13,0.09993162086481536,0.004796957447338133
Original,0,BG12,14,0.08531541559215731,0.005014493492973176
Original,0,BG12,15,0.07412771524018598,0.005354656969191158
Original,0,BG12,16,0.06979646309936444,0.006216659826415574
Original,0,BG12,17,0.06634558148212652,0.00730530821987283
Original,0,BG12,18,0.058524361701990595,0.007979548592764178
Original,0,BG12,19,0.05240310461430895,0.008850087849132717
Original,0,BG12,20,0.05340764330552698,0.011155872622946565
Original,0,BG12,21,0.059137429051285904,0.015220799469788233
Original,0,BG12,22,0.06496820383339458,0.02046874243935893
Original,0,BG12,23,0.07154433068018196,0.027321007336153474
Original,0,BG12,24,0.07800837865967457,0.03562641852214077
Original,0,BG12,25,0.0846854146792184,0.045480900549024296
Original,0,BG12,26,0.09063065557070864,0.05611903433617503
Original,0,BG12,27,0.0954527863314208,0.06669007124987053
Original,0,BG12,28,0.09903179055324629,0.07636670612926721
Original,0,BG12,29,0.10154304791029652,0.08462081736221179
Original,0,BG12,30,0.10300812051686978,0.09102877500796162
Original,0,BG12,31,0.10380719611436712,0.09573414471755963
Original,0,BG12,32,0.10419668110376577,0.09900603900587682
Original,0,BG12,33,0.10445792245073426,0.10126944589796255
Original,0,BG12,34,0.1046595846811482,0.10279232601455793
Original,0,BG12,35,0.10476350807359133,0.10372624664918662
Original,0,BG12,36,0.10489295887237916,0.10489295887237916
Original,0,BG13,0,0.0,0.0
Original,0,BG13,1,0.013226101362442691,7.662212341117428e-05
Original,0,BG13,2,0.024654455949826414,0.00016686049865395207
Original,0,BG13,3,0.03463847389872132,0.00027480384278410396
Original,0,BG13,4,0.04359004634460072,0.00040680032882342804
Original,0,BG13,5,0.05137756562392572,0.0005660770142876052
Original,0,BG13,6,0.05837276164848716,0.0007621704006186608
Original,0,BG13,7,0.06411804610054431,0.0009959689420539774
Original,0,BG13,8,0.06932960176866484,0.0012862941244467959
Original,0,BG13,9,0.07416646411581364,0.0016502907848460302
Original,0,BG13,10,0.0781317444352611,0.002093730091143444
Original,0,BG13,11,0.08139044510618272,0.002637764624961132
Original,0,BG13,12,0.08395319822475007,0.003304448288546732
Original,0,BG13,13,0.05864060731338548,0.002814889773024577
Original,0,BG13,14,0.04735618329004116,0.002783404047933297
Original,0,BG13,15,0.039755616689047556,0.0028717692001980484
Original,0,BG13,16,0.03632166004787534,0.003235112423438175
Original,0,BG13,17,0.035325426697810226,0.0038896807327014225
Original,0,BG13,18,0.030056589568669446,0.004098088557586654
Original,0,BG13,19,0.02674359971478543,0.0045165874871763685
Original,0,BG13,20,0.026790570096026492,0.00559605646163391
Original,0,BG13,21,0.02930023378330046,0.007541298124676131
Original,0,BG13,22,0.03151806976501897,0.009930015206483461
Original,0,BG13,23,0.034111530634446836,0.013026348425696855
Original,0,BG13,24,0.0368797992539573,0.01684300053049561
Original,0,BG13,25,0.04352978033693769,0.023377976257272254
Original,0,BG13,26,0.047808031705173094,0.02960301413798716
Original,0,BG13,27,0.05084087092168759,0.03552103008919832
Original,0,BG13,28,0.05295599546177384,0.040836128725181435
Original,0,BG13,29,0.054328774097341874,0.04527484018560812
Original,0,BG13,30,0.05513754925239804,0.048725319448319517
Original,0,BG13,31,0.05562380490302624,0.051297959926394576
Original,0,BG13,32,0.055888241102755955,0.05310412308191517
Original,0,BG13,33,0.05609288427420335,0.054380703417676264
Original,0,BG13,34,0.05623373029685023,0.05523044991127258
Original,0,BG13,35,0.0563074730538039,0.0557499738498303
Original,0,BG13,36,0.056399542566517503,0.056399542566517503
Original,0,BG14,0,0.0,0.0
Original,0,BG14,1,0.050693299765436024,0.00029367900321082427
Original,0,BG14,2,0.09447262846849537,0.0006393874565377441
Original,0,BG14,3,0.13313272616283148,0.0010562066001348531
Original,0,BG14,4,0.16724302004869573,0.0015607809895678616
Original,0,BG14,5,0.19652514950035066,0.0021653102571490956
Original,0,BG14,6,0.22239257901944373,0.0029037694366747142
Original,0,BG14,7,0.24486650952300684,0.00380360059155345
Original,0,BG14,8,0.2641479721414437,0.00490082124121957
Original,0,BG14,9,0.2808737918326062,0.00624977117836868
Original,0,BG14,10,0.2967419009896022,0.007951920827149076
Original,0,BG14,11,0.3102522179470431,0.010054894340081314
Original,0,BG14,12,0.3227025788515913,0.012701767276092301
Original,0,BG14,13,0.2311170856166801,0.011094174340547804
Original,0,BG14,14,0.1907416899676298,0.011211021560236638
Original,0,BG14,15,0.15887932438040972,0.011476736828037034
Original,0,BG14,16,0.13501628495880313,0.012025685519693208
Original,0,BG14,17,0.11884273048119713,0.013085766322866399
Original,0,BG14,18,0.10481020416418727,0.01429042698976211
Original,0,BG14,19,0.08914217393111731,0.01505475823282917
Original,0,BG14,20,0.08163850422928574,0.01705277928460504
Original,0,BG14,21,0.08232348239474269,0.021188429023026853
Original,0,BG14,22,0.08511805935026485,0.0268171125740676
Original,0,BG14,23,0.09041778641539629,0.03452831253008471
Original,0,BG14,24,0.09697149474770636,0.04428687175442655
Original,0,BG14,25,0.10334056710900878,0.05549978209400286
Original,0,BG14,26,0.10937256053775192,0.06772413205806722
Original,0,BG14,27,0.11429341367404969,0.07985346663115665
Original,0,BG14,28,0.11818080638508915,0.09113314902993999
Original,0,BG14,29,0.12099570603319798,0.10083167425057477
Original,0,BG14,30,0.12275881068421515,0.10848255571012533
Original,0,BG14,31,0.12374710203260468,0.1141233306088067
Original,0,BG14,32,0.12427018412956793,0.11807956424924099
Original,0,BG14,33,0.12458050476519623,0.1207778057385613
Original,0,BG14,34,0.12481582965122576,0.12258895828054307
Original,0,BG14,35,0.1249337378579172,0.12369677145183888
Original,0,BG14,36,0.12508146950577526,0.12508146950577526
Original,0,BG15,0,0.0,0.0
Original,0,BG15,1,0.023850416883487928,0.00013817144897096967
Original,0,BG15,2,0.04413698982012072,0.00029871760862122774
Original,0,BG15,3,0.06285654251174111,0.0004986714918199255
Original,0,BG15,4,0.07948553210520301,0.0007417918392430813
Original,0,BG15,5,0.09364347798331434,0.0010317620111823852
Original,0,BG15,6,0.10596911986070275,0.0013836338101919188
Original,0,BG15,7,0.1161957828356505,0.0018049113746085447
Original,0,BG15,8,0.12618831316748405,0.002341211863612125
Original,0,BG15,9,0.1348926210707626,0.003001518974891449
Original,0,BG15,10,0.14295181153256,0.0038307414091974324
Original,0,BG15,11,0.15069023636254128,0.004883685967388673
Original,0,BG15,12,0.15839426794116282,0.006234493500965294
Original,0,BG15,13,0.11692198258058084,0.005612535554126187
Original,0,BG15,14,0.10040807667206356,0.005901578787067663
Original,0,BG15,15,0.08664727096244157,0.006259014068803234
Original,0,BG15,16,0.07844577635114597,0.006987040383097991
Original,0,BG15,17,0.07203301629327223,0.007931551348114537
Original,0,BG15,18,0.062097389970826304,0.00846671584582664
Original,0,BG15,19,0.05574068240148287,0.009413754005052281
Original,0,BG15,20,0.056064665056026815,0.011710875524633712
Original,0,BG15,21,0.06154656183933085,0.01584086241676865
Original,0,BG15,22,0.06726919114369635,0.02119368655468035
Original,0,BG15,23,0.07372535336237773,0.028153885903016682
Original,0,BG15,24,0.08024715663193106,0.03664886822730323
Original,0,BG15,25,0.086677220116439,0.0465506137984173
Original,0,BG15,26,0.09246944944313842,0.05725762635160884
Original,0,BG15,27,0.0970220576433168,0.067786475252015
Original,0,BG15,28,0.10043000190706335,0.07744491343458128
Original,0,BG15,29,0.10285688723283075,0.08571570408502432
Original,0,BG15,30,0.10432485874943001,0.09219238294485003
Original,0,BG15,31,0.10511903303085483,0.09694396047504286
Original,0,BG15,32,0.1055331024693909,0.10027588548062144
Original,0,BG15,33,0.10577092924113027,0.10254237437032888
Original,0,BG15,34,0.10595278886245724,0.10406245789701636
Original,0,BG15,35,0.10604886592807898,0.10499887810506102
Original,0,BG15,36,0.10616850874020721,0.10616850874020721
Original,1,BG1,0,0.0,0.0
Original,1,BG1,1,0.01060494295173485,6.143709516259558e-05
Original,1,BG1,2,0.018507687465561386,0.00012525938366119988
Original,1,BG1,3,0.026274728367855302,0.00020845018638054877
Original,1,BG1,4,0.03278476455198083,0.00030596097342211053
Original,1,BG1,5,0.03792716604343861,0.0004178807747144134
Original,1,BG1,6,0.04306300354023256,0.000562271610549496
Original,1,BG1,7,0.0473993641219985,0.000736271569236496
Original,1,BG1,8,0.05089793376018434,0.0009443255341467476
Original,1,BG1,9,0.05295967427763228,0.0011784148469222194
Original,1,BG1,10,0.05385304370857598,0.001443123262078032
Original,1,BG1,11,0.05349542117394908,0.001733721071667239
Original,1,BG1,12,0.05361541792945631,0.0021103350427826655
Original,1,BG1,13,0.03952815062883545,0.001897446020686568
Original,1,BG1,14,0.032991791129437294,0.0019391234370042208
Original,1,BG1,15,0.027336408350534663,0.0019746607423957404
Original,1,BG1,16,0.022444616987226412,0.0019991062961435538
Original,1,BG1,17,0.019238455346018306,0.002118345229354803
Original,1,BG1,18,0.016951364380861023,0.002311246662688542
Original,1,BG1,19,0.01581186203768083,0.0026703831585572994
Original,1,BG1,20,0.015083838548210172,0.003150735945845006
Original,1,BG1,21,0.01583551077087346,0.004075745896694939
Original,1,BG1,22,0.01766812553515205,0.005566481595319231
Original,1,BG1,23,0.01981422561639956,0.007566561858786562
Original,1,BG1,24,0.022501221563068087,0.010276305584049
Original,1,BG1,25,0.026787082524234642,0.014386192019743104
Original,1,BG1,26,0.030411780581341707,0.01883115323199549
Original,1,BG1,27,0.03361845615888939,0.02348823247574788
Original,1,BG1,28,0.03607934811817821,0.027821984830247042
Original,1,BG1,29,0.03795842166705203,0.03163262016042703
Original,1,BG1,30,0.03911246868614994,0.034563878049507675
Original,1,BG1,31,0.03977221317251474,0.036679141289732306
Original,1,BG1,32,0.04012692812300389,0.0381279726549895
Original,1,BG1,33,0.04032271431533974,0.039091902681877747
Original,1,BG1,34,0.040438053701802805,0.03971658800028039
Original,1,BG1,35,0.04049507712421298,0.040094136186366355
Original,1,BG1,36,0.04057973382583339,0.04057973382583339
Original,1,BG2,0,0.0,0.0
Original,1,BG2,1,0.006199218230174805,3.5913626482111285e-05
Original,1,BG2,2,0.0115916977971984,7.845220688016342e-05
Original,1,BG2,3,0.016227925857928642,0.00012874402059165016
Original,1,BG2,4,0.020319504452912855,0.00018963001418992597
Original,1,BG2,5,0.023826981174329236,0.000262525212788906
Original,1,BG2,6,0.02666093586273261,0.00034811058392211866
Original,1,BG2,7,0.029039728104572074,0.00045108466384042375
Original,1,BG2,8,0.03005964476639925,0.0005577061384193674
Original,1,BG2,9,0.03036832043798448,0.0006757307355242169
Original,1,BG2,10,0.030681444460267736,0.0008221839137638702
Original,1,BG2,11,0.031105814909530707,0.0010081013587085097
Original,1,BG2,12,0.03162510215426697,0.0012447830085650646
Original,1,BG2,13,0.022259029704737286,0.0010684868042651636
Original,1,BG2,14,0.017962394996822645,0.001055756598022835
Original,1,BG2,15,0.014527267467291006,0.0010493852872460615
Original,1,BG2,16,0.011564933123055472,0.0010300701809866418
Original,1,BG2,17,0.009285171289357541,0.0010223896857480717
Original,1,BG2,18,0.007358764500500971,0.0010033363409597403
Original,1,BG2,19,0.00590323530820592,0.0009969667154907354
Original,1,BG2,20,0.004761580446101644,0.0009946064208832613
Original,1,BG2,21,0.003936953230161953,0.0010132935540166923
Original,1,BG2,22,0.003451085186928915,0.0010872914709630418
Original,1,BG2,23,0.0030970300527034737,0.001182679048326769
Original,1,BG2,24,0.002971127841317148,0.0013569137819641963
Original,1,BG2,25,0.009880907892875572,0.005306611423675011
Original,1,BG2,26,0.012798141715603251,0.007924684552977705
Original,1,BG2,27,0.014735245613599965,0.010295085299853119
Original,1,BG2,28,0.015913886180940577,0.012271726705806136
Original,1,BG2,29,0.01670195353465921,0.013918559518667743
Original,1,BG2,30,0.017085292178100755,0.01509835547579132
Original,1,BG2,31,0.017280579374228625,0.015936674420250763
Original,1,BG2,32,0.01735748741601625,0.016492810109759788
Original,1,BG2,33,0.017452957158902525,0.01692022258397295
Original,1,BG2,34,0.017508525977737548,0.0171961518366166
Original,1,BG2,35,0.017535725367202968,0.01736210446462863
Original,1,BG2,36,0.017578917301911516,0.017578917301911516
Original,1,BG3,0,0.0,0.0
Original,1,BG3,1,0.011716689976588021,6.787772462864764e-05
Original,1,BG3,2,0.021608457678970627,0.0001462452884766023
Original,1,BG3,3,0.03021436575406589,0.00023970524424456996
Original,1,BG3,4,0.039092820919858884,0.000364830362962241
Original,1,BG3,5,0.04542333488904034,0.0005004734160161183
Original,1,BG3,6,0.05114810750665124,0.0006678384322051347
Original,1,BG3,7,0.05600369472253588,0.0008699257686267929
Original,1,BG3,8,0.06065798432928855,0.0011254068537275173
Original,1,BG3,9,0.06319099646099263,0.0014060737605838063
Original,1,BG3,10,0.06638036104968435,0.0017788231920241905
Original,1,BG3,11,0.06818126333501566,0.002209671228334408
Original,1,BG3,12,0.06860607199537132,0.0027003761886818757
Original,1,BG3,13,0.05126856462435167,0.0024610140458149457
Original,1,BG3,14,0.0436536403499426,0.0025657836132789826
Original,1,BG3,15,0.036127053270600916,0.002609657897245275
Original,1,BG3,16,0.030359096317859435,0.002704036368922651
Original,1,BG3,17,0.026434728886080845,0.002910726502968202
Original,1,BG3,18,0.024500297703692386,0.0033405117165677027
Original,1,BG3,19,0.02317335753376291,0.003913627849006656
Original,1,BG3,20,0.022779195520690125,0.004758154226787816
Original,1,BG3,21,0.02407368109447089,0.006196087289377459
Original,1,BG3,22,0.027247610945225785,0.008584573637866926
Original,1,BG3,23,0.030791761414544958,0.011758610815572721
Original,1,BG3,24,0.034967096629155474,0.01596946945718823
Original,1,BG3,25,0.04119987135035766,0.022126682144058735
Original,1,BG3,26,0.04659330598612437,0.028850848825185915
Original,1,BG3,27,0.05128729459397567,0.03583293336655181
Original,1,BG3,28,0.05480864133613551,0.04226476562536068
Original,1,BG3,29,0.05740275596711116,0.047836540497772535
Original,1,BG3,30,0.059067089353269944,0.052197872984648015
Original,1,BG3,31,0.060017405611623595,0.05534987172411844
Original,1,BG3,32,0.060531300353337744,0.05751588454115479
Original,1,BG3,33,0.060828624896576554,0.058971890138762514
Original,1,BG3,34,0.06100503427886037,0.05991662780516831
Original,1,BG3,35,0.06109484707379994,0.06048994811889029
Original,1,BG3,36,0.06121768133044629,0.06121768133044629
Original,1,BG4,0,0.0,0.0
Original,1,BG4,1,0.010073636613296258,5.83591042847413e-05
Original,1,BG4,2,0.018325928261967935,0.00012402924383094776
Original,1,BG4,3,0.025678055790880967,0.0002037164926811562
Original,1,BG4,4,0.031440279532265324,0.000293413683811666
Original,1,BG4,5,0.0367661430774814,0.0004050886463402916
Original,1,BG4,6,0.041644477172095025,0.0005437499791637157
Original,1,BG4,7,0.04566830627132416,0.0007093824190896947
Original,1,BG4,8,0.049406694649719106,0.0009166581023076708
Original,1,BG4,9,0.05130003771170055,0.0011414859864827672
Original,1,BG4,10,0.05349210610239517,0.0014334510622358203
Original,1,BG4,11,0.05512394926075035,0.0017864996710657893
Original,1,BG4,12,0.05420825004103755,0.002133669271323824
Original,1,BG4,13,0.0412060778810224,0.0019779905525779203
Original,1,BG4,14,0.0346050583212409,0.00203394472896358
Original,1,BG4,15,0.028569691593259405,0.0020637476506452663
Original,1,BG4,16,0.02422947623135396,0.0021580808677902764
Original,1,BG4,17,0.02078544858615129,0.002288684564891615
Original,1,BG4,18,0.019229136714091703,0.0026218112648317927
Original,1,BG4,19,0.017896692000233336,0.0030224792499866306
Original,1,BG4,20,0.017463621270576195,0.003647828706857261
Original,1,BG4,21,0.01854340403255013,0.004772703831990772
Original,1,BG4,22,0.020947240245627517,0.006599592408495809
Original,1,BG4,23,0.02362820591804431,0.009023026451965734
Original,1,BG4,24,0.02699238825095018,0.01232742093511565
Original,1,BG4,25,0.032285461656563846,0.01733913540476579
Original,1,BG4,26,0.03707969375452847,0.02295996422460939
Original,1,BG4,27,0.041027840662337625,0.028664952746340892
Original,1,BG4,28,0.04406586223459694,0.0339806514176892
Original,1,BG4,29,0.04629992026532469,0.038584001370880444
Original,1,BG4,30,0.047703596512011996,0.04215589933396544
Original,1,BG4,31,0.04850290700592449,0.04473085189538523
Original,1,BG4,32,0.048918968275570754,0.046482030198511326
Original,1,BG4,33,0.04917246703427677,0.04767152521175188
Original,1,BG4,34,0.049316380347030495,0.048436514201380586
Original,1,BG4,35,0.049387752169514146,0.04889876501539691
Original,1,BG4,36,0.04948892249404379,0.04948892249404379
Original,1,BG5,0,0.0,0.0
Original,1,BG5,1,0.030703966193464022,0.00017787577929697323
Original,1,BG5,2,0.05733421757053397,0.000388035986178866
Original,1,BG5,3,0.08132548351194831,0.0006451945741090672
Original,1,BG5,4,0.10158390996678289,0.0009480230363796278
Original,1,BG5,5,0.11931372619990264,0.0013145963031672074
Original,1,BG5,6,0.13548766824490693,0.0017690561089132887
Original,1,BG5,7,0.1493316394965241,0.002319622692638748
Original,1,BG5,8,0.16157140824325122,0.0029976856658085497
Original,1,BG5,9,0.17261753462387075,0.0038409425337634162
Original,1,BG5,10,0.1822915389769524,0.004884945069244245
Original,1,BG5,11,0.1885215870940722,0.006109753704126186
Original,1,BG5,12,0.19355968228571924,0.0076186253226748525
Original,1,BG5,13,0.1398826696848315,0.006714703597197656
Original,1,BG5,14,0.11473362230226462,0.006743576150107462
Original,1,BG5,15,0.09301923392795063,0.0067192963806144024
Original,1,BG5,16,0.07537449610671762,0.006713486361089433
Original,1,BG5,17,0.061791936792723844,0.0068039066581786775
Original,1,BG5,18,0.05197051320505458,0.00708595913230814
Original,1,BG5,19,0.04481245784078233,0.0075681429761771815
Original,1,BG5,20,0.03999439555123662,0.008354092312480698
Original,1,BG5,21,0.03889367539694915,0.010010459424634082
Original,1,BG5,22,0.04143771856705242,0.01305527840392204
Original,1,BG5,23,0.04556106465571021,0.01739864180548191
Original,1,BG5,24,0.0508628036779277,0.023229037234823287
Original,1,BG5,25,0.0638138358428407,0.03427167165334109
Original,1,BG5,26,0.07311120282381021,0.04527088631651065
Original,1,BG5,27,0.08021352534256862,0.05604284512971523
Original,1,BG5,28,0.08530208038913409,0.06577927017691242
Original,1,BG5,29,0.08880826690794141,0.07400829769973954
Original,1,BG5,30,0.09092833874549128,0.08035381341339382
Original,1,BG5,31,0.09217705262041224,0.08500847353410766
Original,1,BG5,32,0.09291837115596582,0.08828956705558419
Original,1,BG5,33,0.09336370459439798,0.09051386819296157
Original,1,BG5,34,0.09363672114946818,0.09196612442073436
Original,1,BG5,35,0.09377025050950276,0.09284183288981211
Original,1,BG5,36,0.09395448663516896,0.09395448663516896
Original,1,BG6,0,0.0,0.0
Original,1,BG6,1,0.05741517028025388,0.00033262048558709733
Original,1,BG6,2,0.10814962871868221,0.000731952917098527
Original,1,BG6,3,0.15099909154729937,0.0011979491617941417
Original,1,BG6,4,0.1881823813497955,0.0017561957640447245
Original,1,BG6,5,0.22015459647785338,0.0024256590422466057
Original,1,BG6,6,0.2460582686874044,0.0032127712323428274
Original,1,BG6,7,0.2685269056306123,0.004171126134481474
Original,1,BG6,8,0.28579338602617393,0.005302415484171432
Original,1,BG6,9,0.30001286972109015,0.006675638104717346
Original,1,BG6,10,0.31274521002074523,0.008380768414888223
Original,1,BG6,11,0.321744788423561,0.010427354471986273
Original,1,BG6,12,0.32905372605536737,0.012951752242867617
Original,1,BG6,13,0.23683695042382458,0.01136874156796708
Original,1,BG6,14,0.1950201433612999,0.011462491656585314
Original,1,BG6,15,0.15819493483386285,0.01142729957020936
Original,1,BG6,16,0.12981937306934596,0.01156280484330458
Original,1,BG6,17,0.10552458442266179,0.011619306015260327
Original,1,BG6,18,0.08966184566089992,0.012225012506857709
Original,1,BG6,19,0.07603939569681492,0.01284189814469336
Original,1,BG6,20,0.06750015043744813,0.014099537707501804
Original,1,BG6,21,0.06252980363038213,0.016093929297685158
Original,1,BG6,22,0.06319901789248128,0.019911346528683257
Original,1,BG6,23,0.06671252716714206,0.025475861305259705
Original,1,BG6,24,0.07250140997525524,0.03311138649459525
Original,1,BG6,25,0.0859719889919256,0.04617186442113674
Original,1,BG6,26,0.09704320212618953,0.06008972088889717
Original,1,BG6,27,0.10550211522834287,0.07371124348144237
Original,1,BG6,28,0.11116352445970926,0.08572188947455242
Original,1,BG6,29,0.11491229512872497,0.09576206879650916
Original,1,BG6,30,0.11735292076867869,0.1037053446160674
Original,1,BG6,31,0.11892690727797593,0.1096780009147202
Original,1,BG6,32,0.11990266900429762,0.11392962040891377
Original,1,BG6,33,0.1204676898278936,0.11679053062367986
Original,1,BG6,34,0.12080676474090711,0.11865142018320794
Original,1,BG6,35,0.12097661428220333,0.11977882722660285
Original,1,BG6,36,0.12120066976033872,0.12120066976033872
Original,1,BG7,0,0.0,0.0
Original,1,BG7,1,0.027421688906093918,0.0001588607232846721
Original,1,BG7,2,0.051306353603771,0.00034723961311882833
Original,1,BG7,3,0.0723570821742312,0.0005740438894913938
Original,1,BG7,4,0.09011483099825082,0.0008409888494657304
Original,1,BG7,5,0.10568492557072925,0.0011644344456989855
Original,1,BG7,6,0.11985787597866487,0.00156497864056304
Original,1,BG7,7,0.13147758950669203,0.002042289236100962
Original,1,BG7,8,0.1413233074238618,0.00262201621683967
Original,1,BG7,9,0.14985156064092542,0.003334372921733
Original,1,BG7,10,0.15733991578332823,0.004216305650235513
Original,1,BG7,11,0.16299968573371848,0.005282620142726413
Original,1,BG7,12,0.16736757755020995,0.0065876883419196215
Original,1,BG7,13,0.11549340473327709,0.005543960393369813
Original,1,BG7,14,0.09410502446070261,0.0055311109946089105
Original,1,BG7,15,0.07586591720676923,0.005480216948393179
Original,1,BG7,16,0.061610414103103264,0.005487541480788072
Original,1,BG7,17,0.05073523750451644,0.0055864541281570495
Original,1,BG7,18,0.04296681115825402,0.005858342526938719
Original,1,BG7,19,0.03644570400292569,0.006155125440955812
Original,1,BG7,20,0.031959863598220783,0.006675826628379229
Original,1,BG7,21,0.030610487661042716,0.007878531446045329
Original,1,BG7,22,0.032024892777854745,0.010089693783938092
Original,1,BG7,23,0.034924725555235056,0.01333688741549061
Original,1,BG7,24,0.03882036816551119,0.017729258158365898
Original,1,BG7,25,0.05353056052569293,0.028748965942590875
Original,1,BG7,26,0.06323928538156258,0.0391581371106214
Original,1,BG7,27,0.07040865304160518,0.04919246747174427
Original,1,BG7,28,0.07541497454555145,0.058154994173865375
Original,1,BG7,29,0.0787546404498096,0.0656301161792562
Original,1,BG7,30,0.08072524471229914,0.07133728979637942
Original,1,BG7,31,0.08193433286433739,0.07556232690503886
Original,1,BG7,32,0.08270562215483801,0.07858557467358362
Original,1,BG7,33,0.0831458822795849,0.08060793508703024
Original,1,BG7,34,0.08340039217916852,0.08191242436865187
Original,1,BG7,35,0.08352292264282073,0.08269596390471157
Original,1,BG7,36,0.08369280144940223,0.08369280144940223
Original,1,BG8,0,0.0,0.0
Original,1,BG8,1,0.06993469970932406,0.00040514926054227644
Original,1,BG8,2,0.1310236677367022,0.0008867636161966587
Original,1,BG8,3,0.18448865326853126,0.0014636381248529623
Original,1,BG8,4,0.2308660201927397,0.002154537124147401
Original,1,BG8,5,0.27104623584773696,0.002986382134563892
Original,1,BG8,6,0.3059643720401795,0.00399496240160279
Original,1,BG8,7,0.33603446704301254,0.005219745648660843
Original,1,BG8,8,0.3620536093498187,0.006717295631769854
Original,1,BG8,9,0.3844130096752114,0.00855364017463322
Original,1,BG8,10,0.4034487820868553,0.010811391191814675
Original,1,BG8,11,0.4196824355998285,0.01360139364427114
Original,1,BG8,12,0.4328931797244283,0.017038935510152713
Original,1,BG8,13,0.30822075740341087,0.014795335476591474
Original,1,BG8,14,0.2531362393340104,0.014878319648788553
Original,1,BG8,15,0.20916816195388033,0.015109379142555073
Original,1,BG8,16,0.1718132328015138,0.015303131057722066
Original,1,BG8,17,0.14061569864305018,0.01548318661603919
Original,1,BG8,18,0.11729639807614073,0.0159928665705353
Original,1,BG8,19,0.10222309845715158,0.017263927552434326
Original,1,BG8,20,0.08759886098734074,0.018297788021330853
Original,1,BG8,21,0.07779511575989512,0.020022917410807778
Original,1,BG8,22,0.07616167796825014,0.02399533430343529
Original,1,BG8,23,0.07902796852264392,0.030178823246789162
Original,1,BG8,24,0.0847521671513586,0.03870630606125972
Original,1,BG8,25,0.09741484604893769,0.05231733161277704
Original,1,BG8,26,0.10680769655558849,0.06613595317122521
Original,1,BG8,27,0.1142548578171338,0.07982652879460378
Original,1,BG8,28,0.11984268440437647,0.09241467828315446
Original,1,BG8,29,0.12375635146886937,0.10313225579513512
Original,1,BG8,30,0.12627922068600497,0.11159355914601508
Original,1,BG8,31,0.12777985606142678,0.11784245871712021
Original,1,BG8,32,0.12861364847576548,0.1222066555347417
Original,1,BG8,33,0.12910001355495251,0.12515936112044002
Original,1,BG8,34,0.12939706184813055,0.12708845537357777
Original,1,BG8,35,0.1295427353920273,0.1282601353198292
Original,1,BG8,36,0.12973476190618718,0.12973476190618718
Original,1,BG9,0,0.0,0.0
Original,1,BG9,1,0.04605207642262476,0.00026679123258025963
Original,1,BG9,2,0.0857630404960557,0.0005804412691661717
Original,1,BG9,3,0.1203277560897042,0.0009546185555390465
Original,1,BG9,4,0.1495117828881227,0.0013953057554937178
Original,1,BG9,5,0.17570428779692346,0.0019359064113360878
Original,1,BG9,6,0.1982255964334916,0.002588222285156118
Original,1,BG9,7,0.21782182618728757,0.003383505689068368
Original,1,BG9,8,0.23307186409782474,0.004324256339261077
Original,1,BG9,9,0.24705595640780775,0.005497284688856815
Original,1,BG9,10,0.25954851489137254,0.006955233610883289
Original,1,BG9,11,0.2684371297075035,0.008699718541841846
Original,1,BG9,12,0.27626537368046294,0.010873970990853408
Original,1,BG9,13,0.2000208788737513,0.009601481846612041
Original,1,BG9,14,0.16499968751972788,0.009698011244013816
Original,1,BG9,15,0.13452546658623016,0.00971752231433144
Original,1,BG9,16,0.11117592145466391,0.009902262300001642
Original,1,BG9,17,0.09140297994389088,0.010064376946026096
Original,1,BG9,18,0.07923495454939576,0.010803350106169096
Original,1,BG9,19,0.06880498775705375,0.011620116614366186
Original,1,BG9,20,0.06221944935937393,0.012996496548258794
Original,1,BG9,21,0.0594253099640689,0.015294894307128706
Original,1,BG9,22,0.0616910845016838,0.01943626028449821
Original,1,BG9,23,0.06637348543503468,0.02534638967024203
Original,1,BG9,24,0.072928844409267,0.03330659572196347
Original,1,BG9,25,0.08118620169215227,0.04360162353198941
Original,1,BG9,26,0.08923288530948087,0.05525352678809076
Original,1,BG9,27,0.09597014421683882,0.06705153411038835
Original,1,BG9,28,0.10115910528574405,0.07800714922857394
Original,1,BG9,29,0.10483593782353148,0.08736494434918914
Original,1,BG9,30,0.10729124762543657,0.09481379531766872
Original,1,BG9,31,0.10876594082508027,0.10030724951896366
Original,1,BG9,32,0.10961540168625478,0.10415482155881646
Original,1,BG9,33,0.11009765487816038,0.1067370309272983
Original,1,BG9,34,0.11039597325264991,0.10842637041028966
Original,1,BG9,35,0.11053971982831809,0.10944526819681137
Original,1,BG9,36,0.1107324681164786,0.1107324681164786
Original,1,BG10,0,0.0,0.0
Original,1,BG10,1,0.07012351466385691,0.0004062431131918449
Original,1,BG10,2,0.1314818383971631,0.0008898644982040189
Original,1,BG10,3,0.18492895047068927,0.001467131216549636
Original,1,BG10,4,0.23148998496490297,0.0021603602191863133
Original,1,BG10,5,0.27156928190278207,0.0029921450402502106
Original,1,BG10,6,0.3064279786811267,0.004001015693512123
Original,1,BG10,7,0.33612780937024245,0.0052211955692614675
Original,1,BG10,8,0.36208641480706893,0.006717904279444156
Original,1,BG10,9,0.3841104458125118,0.008546907779179635
Original,1,BG10,10,0.4027407988215482,0.010792419062024033
Original,1,BG10,11,0.41873348602865496,0.01357063936391388
Original,1,BG10,12,0.43190846572861047,0.01700017655124491
Original,1,BG10,13,0.30737138752059495,0.014754563695871775
Original,1,BG10,14,0.25253396080994955,0.014842920170334888
Original,1,BG10,15,0.20838332455293976,0.015052685966526803
Original,1,BG10,16,0.16956627549196,0.015102998178304856
Original,1,BG10,17,0.1383626844978183,0.015235107362331787
Original,1,BG10,18,0.11537264182706554,0.01573057056488502
Original,1,BG10,19,0.1006997675304214,0.017006660110879285
Original,1,BG10,20,0.08605057878536632,0.017974380384294546
Original,1,BG10,21,0.07592190978977825,0.019540791396438488
Original,1,BG10,22,0.07343596067236217,0.02313657569478901
Original,1,BG10,23,0.0756298177705509,0.028881153633329177
Original,1,BG10,24,0.08071871682659267,0.03686422968914932
Original,1,BG10,25,0.09977078893141098,0.05358260750747801
Original,1,BG10,26,0.11046921555443732,0.06840318726962422
Original,1,BG10,27,0.11819310044078364,0.08257806391183525
Original,1,BG10,28,0.12392591364988101,0.09556339208545273
Original,1,BG10,29,0.12796662493941285,0.10664088403199067
Original,1,BG10,30,0.13057506153935075,0.1153898145486168
Original,1,BG10,31,0.13213605894618635,0.12185988126365702
Original,1,BG10,32,0.13303253363135065,0.12640541039441688
Original,1,BG10,33,0.13351958051679777,0.12944402489171866
Original,1,BG10,34,0.13381178334618726,0.13142441284255177
Original,1,BG10,35,0.13395104796873725,0.13262480106597355
Original,1,BG10,36,0.13413788290394696,0.13413788290394696
Original,1,BG11,0,0.0,0.0
Original,1,BG11,1,0.04708152866618234,0.0002727551076634343
Original,1,BG11,2,0.08852495104075975,0.0005991337831828848
Original,1,BG11,3,0.12347287676274174,0.0009795703240392003
Original,1,BG11,4,0.15467132800553854,0.001443456762166082
Original,1,BG11,5,0.18070252644943963,0.001990976904737653
Original,1,BG11,6,0.20338643868633596,0.00265560715793455
Original,1,BG11,7,0.2227641683891256,0.0034602768889706857
Original,1,BG11,8,0.23846744613470217,0.004424362282373332
Original,1,BG11,9,0.2508691656121897,0.0055821330745907055
Original,1,BG11,10,0.26229899415277674,0.007028939378856851
Original,1,BG11,11,0.2711553806225004,0.008787813728224188
Original,1,BG11,12,0.2786250115419601,0.01096684775161741
Original,1,BG11,13,0.20108143380693677,0.00965239102724742
Original,1,BG11,14,0.16479371951709762,0.009685905281981008
Original,1,BG11,15,0.1341952452241153,0.009693668571353451
Original,1,BG11,16,0.11045957151281934,0.00983845815361169
Original,1,BG11,17,0.09011234573082455,0.009922265302294644
Original,1,BG11,18,0.07711697914921609,0.010514573159822502
Original,1,BG11,19,0.06571721942833413,0.011098639468567768
Original,1,BG11,20,0.05894833874765561,0.012313221809460515
Original,1,BG11,21,0.05589795033350778,0.014387021979016005
Original,1,BG11,22,0.05733420515145076,0.018063591272522224
Original,1,BG11,23,0.0615434512599354,0.023501919287019425
Original,1,BG11,24,0.0673418903772488,0.030755034483804074
Original,1,BG11,25,0.07762916393748791,0.041691291244623535
Original,1,BG11,26,0.08618185548454625,0.05336431122654044
Original,1,BG11,27,0.09287544789347661,0.06488936012347876
Original,1,BG11,28,0.09803497665665876,0.07559802985747362
Original,1,BG11,29,0.1016858156932542,0.0847397926493088
Original,1,BG11,30,0.10403871152300029,0.09193951335905616
Original,1,BG11,31,0.10551728427506961,0.09731123993426748
Original,1,BG11,32,0.10639523574464715,0.10109507085212964
Original,1,BG11,33,0.10689110507102988,0.10362835780567642
Original,1,BG11,34,0.10719565098462737,0.10528314582414292
Original,1,BG11,35,0.10734090828463937,0.10627812786052257
Original,1,BG11,36,0.10753257636121004,0.10753257636121004
Original,1,BG12,0,0.0,0.0
Original,1,BG12,1,0.01768309049674978,0.00010244257964191066
Original,1,BG12,2,0.03290089964304513,0.00022267214221003063
Original,1,BG12,3,0.04641816268909031,0.0003682578383518899
Original,1,BG12,4,0.05853542866447207,0.0005462768146110657
Original,1,BG12,5,0.06960314876496257,0.000766886132104273
Original,1,BG12,6,0.07983952285657044,0.0010424608912894659
Original,1,BG12,7,0.08753800847399687,0.0013597597368114095
Original,1,BG12,8,0.09439329833391324,0.0017513088501504423
Original,1,BG12,9,0.10043271001790384,0.002234745554240987
Original,1,BG12,10,0.10642947402232886,0.0028520365633540636
Original,1,BG12,11,0.11087301762991995,0.0035932586878033254
Original,1,BG12,12,0.11407040275760788,0.0044898795435296
Original,1,BG12,13,0.08349516621558385,0.004007968205780575
Original,1,BG12,14,0.0693059994701118,0.004073525062447016
Original,1,BG12,15,0.05672795361031061,0.004097775447388499
Original,1,BG12,16,0.04748493539833716,0.004229407586586721
Original,1,BG12,17,0.04111057568249353,0.004526683165305788
Original,1,BG12,18,0.03758266171415169,0.005124236573995762
Original,1,BG12,19,0.034500490192184624,0.005826608391038637
Original,1,BG12,20,0.032560942916959205,0.0068013810222747875
Original,1,BG12,21,0.03361279537441998,0.008651265814254235
Original,1,BG12,22,0.0370544205417117,0.011674285966773034
Original,1,BG12,23,0.04161978861002433,0.015893566122266518
Original,1,BG12,24,0.04709166808018473,0.021506760010282313
Original,1,BG12,25,0.056608848063287046,0.030402182034939978
Original,1,BG12,26,0.0638012291680854,0.039506095894048195
Original,1,BG12,27,0.06981602513683859,0.04877841558838944
Original,1,BG12,28,0.07435808170080663,0.057339988946493156
Original,1,BG12,29,0.0775818141938089,0.06465274239036485
Original,1,BG12,30,0.07966869874417626,0.07040361507838598
Original,1,BG12,31,0.08085086215004156,0.07456311726944563
Original,1,BG12,32,0.08157146134505618,0.07750791283177506
Original,1,BG12,33,0.08201901816055616,0.07951546734528367
Original,1,BG12,34,0.0822882031374038,0.08082007813274246
Original,1,BG12,35,0.08242431511672368,0.08160823355054937
Original,1,BG12,36,0.08260310797088165,0.08260310797088165
Original,1,BG13,0,0.0,0.0
Original,1,BG13,1,0.012593989992896855,7.296014371080892e-05
Original,1,BG13,2,0.023522804215907044,0.00015920151923304318
Original,1,BG13,3,0.03319006493730307,0.00026331291149378494
Original,1,BG13,4,0.04157298136881727,0.00038797624618770314
Original,1,BG13,5,0.0488547389618886,0.0005382805591176594
Original,1,BG13,6,0.05511493796573225,0.0007196331502203355
Original,1,BG13,7,0.0601494979035617,0.0009343240372379016
Original,1,BG13,8,0.06395648646937001,0.0011866050123452885
Original,1,BG13,9,0.06693664961719537,0.0014894189348266947
Original,1,BG13,10,0.06967919208902401,0.0018672233919022894
Original,1,BG13,11,0.07179442814576997,0.0023267694711787417
Original,1,BG13,12,0.07442151674468545,0.00292927558950157
Original,1,BG13,13,0.05184949655898175,0.0024889001681526928
Original,1,BG13,14,0.042330656447254686,0.0024880239977015596
Original,1,BG13,15,0.03437542814959573,0.002483128274605998
Original,1,BG13,16,0.027741744274608408,0.0024709129900167466
Original,1,BG13,17,0.02332490433378262,0.0025683038951577635
Original,1,BG13,18,0.020536734391195417,0.0028000966618967845
Original,1,BG13,19,0.017813425289868724,0.0030084167689461683
Original,1,BG13,20,0.0161753604119652,0.003378734748474423
Original,1,BG13,21,0.015962134846628527,0.0041083364209227235
Original,1,BG13,22,0.017218732553705214,0.005424896812879769
Original,1,BG13,23,0.018927836265472193,0.007228071718752685
Original,1,BG13,24,0.02136996722602465,0.009759661846698001
Original,1,BG13,25,0.031771849354851875,0.0170632962961211
Original,1,BG13,26,0.03761155218682715,0.023289294078978538
Original,1,BG13,27,0.04107008192404536,0.028694465510028112
Original,1,BG13,28,0.04378414274510371,0.033763408173556
Original,1,BG13,29,0.04574112266659822,0.03811832769794706
Original,1,BG13,30,0.046950285382852786,0.041490194627443605
Original,1,BG13,31,0.047668019400491334,0.0439608932416209
Original,1,BG13,32,0.048117482495715895,0.04572047113567182
Original,1,BG13,33,0.04844642689163968,0.046967646696494454
Original,1,BG13,34,0.04864324672811851,0.04777539001067856
Original,1,BG13,35,0.048743514770659704,0.04826090611738688
Original,1,BG13,36,0.048876868814053766,0.048876868814053766
Original,1,BG14,0,0.0,0.0
Original,1,BG14,1,0.04812296605051318,0.0002787884152515986
Original,1,BG14,2,0.08965881070389409,0.000606807705763443
Original,1,BG14,3,0.125320679323381,0.0009942298389677777
Original,1,BG14,4,0.15738480709609293,0.0014687800710174624
Original,1,BG14,5,0.1837808442334153,0.0020248937476792473
Original,1,BG14,6,0.20719769898462925,0.002705370603013462
Original,1,BG14,7,0.22629228664543233,0.003515080432027032
Original,1,BG14,8,0.24260856782148427,0.004501193839316036
Original,1,BG14,9,0.2563346014243511,0.005703745436077904
Original,1,BG14,10,0.2675527047801813,0.007169725339222767
Original,1,BG14,11,0.2780368149695512,0.009010832595473738
Original,1,BG14,12,0.2867114630025167,0.011285135330458475
Original,1,BG14,13,0.20606173232759153,0.009891457313586947
Original,1,BG14,14,0.1687516499813434,0.009918536339790724
Original,1,BG14,15,0.13707691380736953,0.009901827532334522
Original,1,BG14,16,0.11255610316892825,0.010025192884283204
Original,1,BG14,17,0.09177849320722817,0.010105724694757734
Original,1,BG14,18,0.07820586030518563,0.01066303747445588
Original,1,BG14,19,0.06623465063234578,0.011186025727477485
Original,1,BG14,20,0.05879331972095087,0.012280841198356774
Original,1,BG14,21,0.0553643910569222,0.014249694452698152
Original,1,BG14,22,0.05658414133234857,0.01782727776670539
Original,1,BG14,23,0.06031639697232163,0.02303333764586744
Original,1,BG14,24,0.06602163372089816,0.030152073344027922
Original,1,BG14,25,0.0755174150542336,0.04055716159867078
Original,1,BG14,26,0.08313307219031132,0.05147648666724102
Original,1,BG14,27,0.08940850150041783,0.06246710610447051
Original,1,BG14,28,0.09430559311202141,0.07272217811964343
Original,1,BG14,29,0.0977585531471728,0.08146701151225816
Original,1,BG14,30,0.09999871036751361,0.08836934491122954
Original,1,BG14,31,0.10135619103132813,0.09347375365961122
Original,1,BG14,32,0.10211824576147698,0.09703114273088838
Original,1,BG14,33,0.10257594816659839,0.09944491686617905
Original,1,BG14,34,0.10285293485564806,0.10101790915563465
Original,1,BG14,35,0.10299318141246529,0.10197344776902663
Original,1,BG14,36,0.10317274180094817,0.10317274180094817
Original,1,BG15,0,0.0,0.0
Original,1,BG15,1,0.020796367426917893,0.00012047857400783376
Original,1,BG15,2,0.03802775785380843,0.0002573705398275036
Original,1,BG15,3,0.05474464004153174,0.0004343158285814865
Original,1,BG15,4,0.06813278288987498,0.0006358432916922609
Original,1,BG15,5,0.08021136439656881,0.0008837672454931062
Original,1,BG15,6,0.09135798988521113,0.001192856973750801
Original,1,BG15,7,0.09951199333961998,0.0015457560016507617
Original,1,BG15,8,0.10630143639568061,0.0019722443193303002
Original,1,BG15,9,0.11237686663505381,0.002500517039392293
Original,1,BG15,10,0.1170962076493275,0.003137877630902864
Original,1,BG15,11,0.12047604356933123,0.003904480993114224
Original,1,BG15,12,0.12269438164958527,0.004829324527195055
Original,1,BG15,13,0.09072893366887615,0.004355206389366774
Original,1,BG15,14,0.07560624935427458,0.0044438281534582924
Original,1,BG15,15,0.06233861565938032,0.004503064758295679
Original,1,BG15,16,0.05194167888832464,0.004626362633983932
Original,1,BG15,17,0.04406250996584826,0.004851720478523967
Original,1,BG15,18,0.03936865362049191,0.005367749012903495
Original,1,BG15,19,0.03647596879093275,0.006160236701502019
Original,1,BG15,20,0.034520716645281106,0.0072107416428167275
Original,1,BG15,21,0.03544418552337482,0.009122629253880138
Original,1,BG15,22,0.0390977852523204,0.01231806406403699
Original,1,BG15,23,0.04378129134728015,0.016718990475531652
Original,1,BG15,24,0.04941275213283603,0.022566798865319572
Original,1,BG15,25,0.05811869605348623,0.031213056551938265
Original,1,BG15,26,0.06538000254972444,0.040483681788878255
Original,1,BG15,27,0.07120173929980034,0.049746573743729636
Original,1,BG15,28,0.07545785963276339,0.05818806434273283
Original,1,BG15,29,0.07842682188569554,0.06535692889781507
Original,1,BG15,30,0.08039352242044463,0.07104414515444084
Original,1,BG15,31,0.08151417722466894,0.07517484649475203
Original,1,BG15,32,0.0821965055692625,0.07810181993489325
Original,1,BG15,33,0.08259124512616485,0.08007022760310391
Original,1,BG15,34,0.08282614632995737,0.08134842363563756
Original,1,BG15,35,0.08294560682456949,0.08212436388585814
Original,1,BG15,36,0.0831043632415263,0.0831043632415263
Original,2,BG1,0,0.0,0.0
Original,2,BG1,1,0.010191349812640811,5.904104639454969e-05
Original,2,BG1,2,0.020334802346826976,0.00013762523377184932
Original,2,BG1,3,0.028394835997198623,0.00022527003045428906
Original,2,BG1,4,0.035767944963822386,0.0003338012459922462
Original,2,BG1,5,0.040936581475543785,0.00045103845499672206
Original,2,BG1,6,0.04672695730041902,0.0006101116825580626
Original,2,BG1,7,0.05139294380459723,0.0007983052964824825
Original,2,BG1,8,0.056343140835442625,0.0010453521911329962
Original,2,BG1,9,0.059272571506469106,0.001318884211509555
Original,2,BG1,10,0.06251545333729193,0.0016752535911174844
Original,2,BG1,11,0.06446271554666827,0.0020891576504974718
Original,2,BG1,12,0.06770415764152955,0.002664876299137772
Original,2,BG1,13,0.049887445994177625,0.002394717041513827
Original,2,BG1,14,0.04159658122276159,0.0024448780384051477
Original,2,BG1,15,0.03418850864685366,0.0024696260389248984
Original,2,BG1,16,0.027714289435768848,0.002468467628201743
Original,2,BG1,17,0.02260586288557511,0.0024891302810762118
Original,2,BG1,18,0.018981672928917354,0.0025880706268240202
Original,2,BG1,19,0.01611300961962794,0.0027212424049577527
Original,2,BG1,20,0.014654807960281215,0.0030611193584218844
Original,2,BG1,21,0.013443395941214022,0.0034600630588318216
Original,2,BG1,22,0.013283957326129915,0.004185214997937785
Original,2,BG1,23,0.013464595157548423,0.0051417953032933195
Original,2,BG1,24,0.013975244502539326,0.006382492738970631
Original,2,BG1,25,0.01628734851018664,0.008747235638468964
Original,2,BG1,26,0.018205313029699525,0.011272836781750692
Original,2,BG1,27,0.019712270812733336,0.013772387329359518
Original,2,BG1,28,0.020702882516754707,0.015964681009421833
Original,2,BG1,29,0.021395293722768986,0.017829750807730346
Original,2,BG1,30,0.021820352195513266,0.01928275094536691
Original,2,BG1,31,0.022038202620388067,0.020324298888367957
Original,2,BG1,32,0.022177293763120973,0.021072513906421664
Original,2,BG1,33,0.02226116373847468,0.021581663349475224
Original,2,BG1,34,0.022317236528504043,0.021919068972171045
Original,2,BG1,35,0.022346983573760953,0.022125726508465404
Original,2,BG1,36,0.022388659478137403,0.022388659478137403
Original,2,BG2,0,0.0,0.0
Original,2,BG2,1,0.005391837956574121,3.1236270044780534e-05
Original,2,BG2,2,0.01005788602095688,6.807142202771472e-05
Original,2,BG2,3,0.01408156562568656,0.00011171590201961525
Original,2,BG2,4,0.017715614545547008,0.0001653294374968028
Original,2,BG2,5,0.02085608763847804,0.0002297919660046813
Original,2,BG2,6,0.023982060295037952,0.0003131326326379427
Original,2,BG2,7,0.026781991106986612,0.0004160144131144457
Original,2,BG2,8,0.02936902802278558,0.0005448929071639885
Original,2,BG2,9,0.03136155424363778,0.0006978313520020027
Original,2,BG2,10,0.03188769445835438,0.0008545083138270089
Original,2,BG2,11,0.03262220381764404,0.0010572456666117312
Original,2,BG2,12,0.03400211989609861,0.0013383438557853012
Original,2,BG2,13,0.02331739454407347,0.0011192908551758694
Original,2,BG2,14,0.018749076917060133,0.0011019945633677904
Original,2,BG2,15,0.015198669219544927,0.0010978843676268154
Original,2,BG2,16,0.01234741501107246,0.0010997645935275962
Original,2,BG2,17,0.009822244204347201,0.001081526754321406
Original,2,BG2,18,0.007851761177640986,0.0010705543463261585
Original,2,BG2,19,0.006316305836526457,0.0010667280480259847
Original,2,BG2,20,0.005069521573492747,0.0010589296494505226
Original,2,BG2,21,0.0041518621275750765,0.0010686068341105286
Original,2,BG2,22,0.003536632451921469,0.001114243806303435
Original,2,BG2,23,0.0031981227235427737,0.00122128383420746
Original,2,BG2,24,0.0030087238480476734,0.0013740838725871001
Original,2,BG2,25,0.009462467895635469,0.005081885274428847
Original,2,BG2,26,0.01227420582905111,0.007600260361670838
Original,2,BG2,27,0.01407147605444925,0.00983132891694494
Original,2,BG2,28,0.015188531485899659,0.011712381581505348
Original,2,BG2,29,0.015842677194929062,0.013202482259987755
Original,2,BG2,30,0.016163153784691815,0.014283457273455027
Original,2,BG2,31,0.01631434444846227,0.01504558325240161
Original,2,BG2,32,0.016381638738629696,0.015565574117246508
Original,2,BG2,33,0.016445823923209778,0.01594383109966688
Original,2,BG2,34,0.01648505277641777,0.016190938725150945
Original,2,BG2,35,0.016508062299485347,0.016344616300367314
Original,2,BG2,36,0.01654747551601164,0.01654747551601164
Original,2,BG3,0,0.0,0.0
Original,2,BG3,1,0.012236700703888097,7.089027734061755e-05
Original,2,BG3,2,0.02464591330627518,0.0001668026825012462
Original,2,BG3,3,0.032504721975942244,0.00025787575239148534
Original,2,BG3,4,0.041502518134861666,0.0003873186531118174
Original,2,BG3,5,0.04813030963169715,0.0005302988110132677
Original,2,BG3,6,0.05462502974719841,0.0007132364415250667
Original,2,BG3,7,0.05935856035537799,0.0009220381168523049
Original,2,BG3,8,0.06607001579787194,0.0012258179911995145
Original,2,BG3,9,0.07159340986755319,0.0015930373100013473
Original,2,BG3,10,0.07627628658654222,0.0020440085821373808
Original,2,BG3,11,0.07959478994159883,0.0025795696424482837
Original,2,BG3,12,0.0847723743517222,0.0033366915566855376
Original,2,BG3,13,0.064475656587389,0.003094986133063636
Original,2,BG3,14,0.05543754848949829,0.003258393857079767
Original,2,BG3,15,0.046383957190057924,0.0033505710859465295
Original,2,BG3,16,0.038069734402947045,0.0033908106276907286
Original,2,BG3,17,0.03195105392726692,0.00351812874005269
Original,2,BG3,18,0.02685594488308096,0.0036616942194060407
Original,2,BG3,19,0.02325895114658096,0.003928083314695322
Original,2,BG3,20,0.02118564222126516,0.00442529030741957
Original,2,BG3,21,0.019817561396285505,0.005100646633076293
Original,2,BG3,22,0.019607352569538303,0.0061774502969065915
Original,2,BG3,23,0.020033665251484895,0.007650360409396586
Original,2,BG3,24,0.02080099680815484,0.009499813107323613
Original,2,BG3,25,0.024040825562978412,0.012911295319460874
Original,2,BG3,26,0.026573376159896158,0.01645439063296149
Original,2,BG3,27,0.028369491909362023,0.019820934602598064
Original,2,BG3,28,0.029585540709850738,0.02281439405975695
Original,2,BG3,29,0.03040196743333465,0.02533545507128219
Original,2,BG3,30,0.03090473789324625,0.027310666598863994
Original,2,BG3,31,0.0311908938994909,0.028765188363065027
Original,2,BG3,32,0.03134816422654684,0.029786529964084416
Original,2,BG3,33,0.031445100345996534,0.030485269148075318
Original,2,BG3,34,0.03152178693101573,0.030959398600782253
Original,2,BG3,35,0.031554128483388934,0.03124171167543339
Original,2,BG3,36,0.03160489523208404,0.03160489523208404
Original,2,BG4,0,0.0,0.0
Original,2,BG4,1,0.009963121918702382,5.771886489069212e-05
Original,2,BG4,2,0.01928792256143038,0.000130539987831735
Original,2,BG4,3,0.02715648632314653,0.0002154456004607425
Original,2,BG4,4,0.034630533491079175,0.0003231864525435817
Original,2,BG4,5,0.039989969580376504,0.00044060870373271934
Original,2,BG4,6,0.044763461990719,0.0005844744156685221
Original,2,BG4,7,0.04972177864228814,0.0007723464801804856
Original,2,BG4,8,0.05471104540918927,0.0010150714056524877
Original,2,BG4,9,0.05961089140614446,0.0013264122252890746
Original,2,BG4,10,0.06357784312065339,0.0017037229102925113
Original,2,BG4,11,0.06886255393694728,0.002231751018866236
Original,2,BG4,12,0.07277956856181782,0.00286464751750043
Original,2,BG4,13,0.0561380938471762,0.0026947631252481653
Original,2,BG4,14,0.04857069032581367,0.0028547878338626926
Original,2,BG4,15,0.0406168914787922,0.0029339838650882977
Original,2,BG4,16,0.03335292835015616,0.0029706922208044923
Original,2,BG4,17,0.02761088622647725,0.0030402331161333783
Original,2,BG4,18,0.023392883076009865,0.003189520429726469
Original,2,BG4,19,0.020012521594895707,0.0033798107067005024
Original,2,BG4,20,0.01819331698252675,0.003800248696886364
Original,2,BG4,21,0.01698463620253746,0.004371507957819539
Original,2,BG4,22,0.01672980650042373,0.005270856825384769
Original,2,BG4,23,0.017044393036197168,0.006508831417927172
Original,2,BG4,24,0.017685199684747733,0.00807682887675402
Original,2,BG4,25,0.020233728037089393,0.01086666667868204
Original,2,BG4,26,0.022338970586206444,0.013832421831819396
Original,2,BG4,27,0.023883591839449412,0.016686767376821385
Original,2,BG4,28,0.024966829200979083,0.01925275207161823
Original,2,BG4,29,0.025657859935784642,0.02138195694658303
Original,2,BG4,30,0.026051944735471157,0.0230222297630065
Original,2,BG4,31,0.02626127353844366,0.024218942955066276
Original,2,BG4,32,0.026399748536951533,0.025084623663905993
Original,2,BG4,33,0.026468720807471383,0.025660788833296543
Original,2,BG4,34,0.026545470921206862,0.026071866351295818
Original,2,BG4,35,0.02657347587379289,0.026310372433019116
Original,2,BG4,36,0.026617374369619442,0.026617374369619442
Original,2,BG5,0,0.0,0.0
Original,2,BG5,1,0.031275154222223545,0.00018118481511859608
Original,2,BG5,2,0.05891420535485015,0.0003987292887747288
Original,2,BG5,3,0.08389240698024764,0.0006655592251388885
Original,2,BG5,4,0.1046110076207686,0.000976273162108895
Original,2,BG5,5,0.12332377196444674,0.0013587789103748514
Original,2,BG5,6,0.14093061697873,0.0018401244316825637
Original,2,BG5,7,0.15528327869075678,0.00241207167243445
Original,2,BG5,8,0.16863028240718753,0.00312865119760627
Original,2,BG5,9,0.1812846033854495,0.004033794975248703
Original,2,BG5,10,0.19454661688500077,0.005213349686112951
Original,2,BG5,11,0.2054547479433348,0.006658536716151281
Original,2,BG5,12,0.21491988327992148,0.008459375651493841
Original,2,BG5,13,0.15958823379675627,0.007660617921817144
Original,2,BG5,14,0.13488754694933555,0.007928141973482614
Original,2,BG5,15,0.11076549243737475,0.008001207272647132
Original,2,BG5,16,0.09005153735515298,0.008020747051435906
Original,2,BG5,17,0.07405157782613378,0.008153815036378255
Original,2,BG5,18,0.060295854401774235,0.008221084103248046
Original,2,BG5,19,0.050234584819526674,0.008483857807992046
Original,2,BG5,20,0.04359883210608489,0.009106992701899502
Original,2,BG5,21,0.03876224507867065,0.00997663186416603
Original,2,BG5,22,0.03681347419219743,0.01159837393320924
Original,2,BG5,23,0.03639568478838418,0.013898610290099065
Original,2,BG5,24,0.03709371908693517,0.016940697737848072
Original,2,BG5,25,0.04539924460205289,0.024381985211598553
Original,2,BG5,26,0.050536928343859526,0.03129276292138254
Original,2,BG5,27,0.05436449504408611,0.037982883290009505
Original,2,BG5,28,0.056845248668646875,0.04383526119557707
Original,2,BG5,29,0.058471708359018874,0.04872735110676742
Original,2,BG5,30,0.059285648589782386,0.052391014850182986
Original,2,BG5,31,0.05983112666519372,0.05517807959909503
Original,2,BG5,32,0.060233737226256044,0.05723314466058948
Original,2,BG5,33,0.060502448220858096,0.05865566979887914
Original,2,BG5,34,0.06067673092614505,0.05959418178556145
Original,2,BG5,35,0.06077134318721169,0.06016964730699716
Original,2,BG5,36,0.060892199733634744,0.060892199733634744
Original,2,BG6,0,0.0,0.0
Original,2,BG6,1,0.06048637721598642,0.00035041275795132744
Original,2,BG6,2,0.11408332905874385,0.0007721119946251164
Original,2,BG6,3,0.16096114860447538,0.001276982996700825
Original,2,BG6,4,0.20182095807121056,0.0018834765976160804
Original,2,BG6,5,0.23686899588106736,0.0026098179711228414
Original,2,BG6,6,0.26834657283226826,0.0035037885695111746
Original,2,BG6,7,0.294943705850806,0.0045814678998301155
Original,2,BG6,8,0.31859733016109587,0.005911037481734872
Original,2,BG6,9,0.33950644054945733,0.007554416363368364
Original,2,BG6,10,0.3589714517577436,0.009619512971575789
Original,2,BG6,11,0.3766433084146449,0.012206548275905513
Original,2,BG6,12,0.39207824462567614,0.015432435121584796
Original,2,BG6,13,0.2838849355224766,0.01362715768197289
Original,2,BG6,14,0.23866134613855988,0.014027544253947569
Original,2,BG6,15,0.2005200662121501,0.014484679113483811
Original,2,BG6,16,0.1652584843374864,0.014719310056414215
Original,2,BG6,17,0.1351908486353578,0.014885856695938492
Original,2,BG6,18,0.1122899280501191,0.015310255612263967
Original,2,BG6,19,0.09254273173403937,0.01562906075916364
Original,2,BG6,20,0.07844168649899932,0.016385022979074237
Original,2,BG6,21,0.06918417511509375,0.017806632333386595
Original,2,BG6,22,0.06310262532904798,0.019880977284578383
Original,2,BG6,23,0.060697303643976803,0.0231787964975298
Original,2,BG6,24,0.06071458325553087,0.027728343950002354
Original,2,BG6,25,0.06787566504270698,0.03645310571959994
Original,2,BG6,26,0.07312026252567841,0.04527649617811062
Original,2,BG6,27,0.07670380024963305,0.05359070272094283
Original,2,BG6,28,0.07887547362853307,0.060823500064408204
Original,2,BG6,29,0.08019739503514772,0.0668324345951878
Original,2,BG6,30,0.0810440747635419,0.07161904148342649
Original,2,BG6,31,0.08159879773237969,0.07525288615306076
Original,2,BG6,32,0.08201962847051673,0.07793375435219303
Original,2,BG6,33,0.08228993171344341,0.07977811148024865
Original,2,BG6,34,0.08248703150352166,0.081015359187955
Original,2,BG6,35,0.0825925546824116,0.08177480737711863
Original,2,BG6,36,0.08272483774919914,0.08272483774919914
Original,2,BG7,0,0.0,0.0
Original,2,BG7,1,0.026907577525741206,0.000155882347089566
Original,2,BG7,2,0.05083929599563383,0.00034407858285916045
Original,2,BG7,3,0.07187688273276689,0.0005702342334608137
Original,2,BG7,4,0.08974901734356713,0.0008375749259624452
Original,2,BG7,5,0.10503901508076242,0.0011573178180783652
Original,2,BG7,6,0.11936849816464869,0.0015585888618600992
Original,2,BG7,7,0.13133786760934804,0.0020401188856716576
Original,2,BG7,8,0.14194396142121501,0.0026335314073835632
Original,2,BG7,9,0.15109929213017567,0.0033621364175121906
Original,2,BG7,10,0.15833968882683624,0.004243097004706204
Original,2,BG7,11,0.16430096259449786,0.005324792932332199
Original,2,BG7,12,0.16900416480482414,0.006652105405735659
Original,2,BG7,13,0.12197623479228989,0.005855151775273284
Original,2,BG7,14,0.09901265334338258,0.0058195614791625005
Original,2,BG7,15,0.08211078522836081,0.005931318492478412
Original,2,BG7,16,0.06853105251323689,0.006103951733138536
Original,2,BG7,17,0.05703035404751908,0.006279609055559697
Original,2,BG7,18,0.04708304074824043,0.006419572991819615
Original,2,BG7,19,0.03926707025814769,0.006631611309513173
Original,2,BG7,20,0.033925218443801704,0.007086353045815861
Original,2,BG7,21,0.03012940692380927,0.007754710824254226
Original,2,BG7,22,0.02839808913311448,0.008947040826733928
Original,2,BG7,23,0.027910039464151437,0.010658152579264562
Original,2,BG7,24,0.028419635256160192,0.012979244510349375
Original,2,BG7,25,0.041197487628578576,0.02212540195056904
Original,2,BG7,26,0.04761604513538717,0.029484134886810648
Original,2,BG7,27,0.05131407974869916,0.035851647365872166
Original,2,BG7,28,0.0534194647650348,0.041193525345680444
Original,2,BG7,29,0.0546901228605961,0.045575969892774126
Original,2,BG7,30,0.05536939980911139,0.048930206923987744
Original,2,BG7,31,0.055677368642054616,0.0513473580206075
Original,2,BG7,32,0.05597959252959695,0.053190923686551116
Original,2,BG7,33,0.056198624596735844,0.05448321609754984
Original,2,BG7,34,0.05635433148729648,0.05534889940347295
Original,2,BG7,35,0.0564373694566211,0.0558785841634384
Original,2,BG7,36,0.05654220797862509,0.05654220797862509
Original,2,BG8,0,0.0,0.0
Original,2,BG8,1,0.06975215536370913,0.00040409173555999673
Original,2,BG8,2,0.1308689700241099,0.0008857166276551723
Original,2,BG8,3,0.18434391603764777,0.0014624898561616771
Original,2,BG8,4,0.23074358733819236,0.0021533945300395807
Original,2,BG8,5,0.2709423775218576,0.0029852378230367177
Original,2,BG8,6,0.3059692320361958,0.003995025861781533
Original,2,BG8,7,0.3359780181482191,0.0052188688119909135
Original,2,BG8,8,0.3621601258686503,0.006719271866160991
Original,2,BG8,9,0.3846182607313207,0.00855820725797027
Original,2,BG8,10,0.4043668974250203,0.010835994323560217
Original,2,BG8,11,0.42138097051193485,0.013656441087072169
Original,2,BG8,12,0.43603629218564843,0.01716265028469186
Original,2,BG8,13,0.3162537218631959,0.015180937048143488
Original,2,BG8,14,0.2670907249204589,0.01569850762832333
Original,2,BG8,15,0.2292865676085222,0.016562643435269316
Original,2,BG8,16,0.19722074023985092,0.017566137284819504
Original,2,BG8,17,0.1661458364053541,0.01829430863950818
Original,2,BG8,18,0.13742162589216456,0.01873685607607614
Original,2,BG8,19,0.11329349899580592,0.01913354993855598
Original,2,BG8,20,0.09567487931689535,0.01998471945976932
Original,2,BG8,21,0.08555603220480912,0.022020423137425166
Original,2,BG8,22,0.07927634555461283,0.024976634776099446
Original,2,BG8,23,0.07766629102859457,0.02965883234412552
Original,2,BG8,24,0.07857635529756295,0.03588581336097578
Original,2,BG8,25,0.08440531071467113,0.04533046870724536
Original,2,BG8,26,0.08828495784869965,0.054666564497320325
Original,2,BG8,27,0.09149081164639622,0.06392195517203811
Original,2,BG8,28,0.09406001431188134,0.0725328042863661
Original,2,BG8,29,0.09586323695611107,0.0798875512966274
Original,2,BG8,30,0.09707580765007479,0.0857863613890115
Original,2,BG8,31,0.09775007314248722,0.09014808204468669
Original,2,BG8,32,0.09822592481108626,0.09333272069545688
Original,2,BG8,33,0.09854723581858432,0.09553917712687914
Original,2,BG8,34,0.09877356865274223,0.09701132401448372
Original,2,BG8,35,0.09888538167386883,0.09790631945100961
Original,2,BG8,36,0.09902693050852815,0.09902693050852815
Original,2,BG9,0,0.0,0.0
Original,2,BG9,1,0.04842517322030774,0.00028053917725878686
Original,2,BG9,2,0.09137240919301895,0.0006184052804561886
Original,2,BG9,3,0.129547993918248,0.0010277671798807598
Original,2,BG9,4,0.16243552613725068,0.001515915469497902
Original,2,BG9,5,0.19058673407768192,0.00209988091136692
Original,2,BG9,6,0.21592554664982894,0.002819329698923392
Original,2,BG9,7,0.23910953820357703,0.003714175461530543
Original,2,BG9,8,0.2592987561139174,0.004810852195402003
Original,2,BG9,9,0.27795070342381645,0.006184729035511606
Original,2,BG9,10,0.2958168735084637,0.007927132467896216
Original,2,BG9,11,0.3124033618019764,0.010124610281921003
Original,2,BG9,12,0.32793550972761615,0.012907738558631499
Original,2,BG9,13,0.23885858958485226,0.011465785122533526
Original,2,BG9,14,0.20173233775176727,0.011857007179603975
Original,2,BG9,15,0.17075862052064164,0.012334844427369884
Original,2,BG9,16,0.1411512131775446,0.012572113810660103
Original,2,BG9,17,0.11633250732950644,0.01280936581079693
Original,2,BG9,18,0.0971832107216172,0.01325051875922408
Original,2,BG9,19,0.08069215708279563,0.013627678817312673
Original,2,BG9,20,0.06902904085009709,0.0144188947410728
Original,2,BG9,21,0.061493338060154425,0.015827163652749495
Original,2,BG9,22,0.056917307550668095,0.017932244395855015
Original,2,BG9,23,0.05534496330274084,0.021134870302499775
Original,2,BG9,24,0.05569151687514418,0.02543431006920824
Original,2,BG9,25,0.05843982319182117,0.03138552015031246
Original,2,BG9,26,0.061376759775264335,0.038004850262545756
Original,2,BG9,27,0.06394655834082773,0.04467759079562557
Original,2,BG9,28,0.06600055526540308,0.05089522245669544
Original,2,BG9,29,0.06747781074779666,0.05623257928569047
Original,2,BG9,30,0.0684507962752312,0.060490300264938145
Original,2,BG9,31,0.06902241521946754,0.06365456480154268
Original,2,BG9,32,0.06938940637204147,0.06593271688132082
Original,2,BG9,33,0.06963059049655972,0.06750518431716791
Original,2,BG9,34,0.06980438091637706,0.06855898308033642
Original,2,BG9,35,0.06988799060567635,0.06919603096204696
Original,2,BG9,36,0.06999921763749813,0.06999921763749813
Original,2,BG10,0,0.0,0.0
Original,2,BG10,1,0.07061996652304282,0.0004091191826425231
Original,2,BG10,2,0.13258857473554095,0.0008973548544153781
Original,2,BG10,3,0.1869569259629593,0.0014832201322710781
Original,2,BG10,4,0.23392588278485602,0.002183093024460797
Original,2,BG10,5,0.274608843813126,0.0030256348775616797
Original,2,BG10,6,0.3099155811032507,0.004046553155362908
Original,2,BG10,7,0.3403820724521912,0.0052872785822202055
Original,2,BG10,8,0.36712010427595176,0.006811295924687876
Original,2,BG10,9,0.3902856825660901,0.008684314033004575
Original,2,BG10,10,0.4106244968848726,0.011003681919951866
Original,2,BG10,11,0.42866427141669566,0.013892483946481796
Original,2,BG10,12,0.4442519128443916,0.01748602201615361
Original,2,BG10,13,0.3205827083150328,0.015388738776731784
Original,2,BG10,14,0.26851551452041866,0.015782250967982057
Original,2,BG10,15,0.22625588338225747,0.016343720248013328
Original,2,BG10,16,0.1920298321523071,0.01710379138488354
Original,2,BG10,17,0.1591942082913616,0.01752886527963708
Original,2,BG10,18,0.13101404371250175,0.017863209396514174
Original,2,BG10,19,0.10761015135187084,0.018173718903512413
Original,2,BG10,20,0.09027870884889135,0.018857558853827467
Original,2,BG10,21,0.0794289775578408,0.020443440988759946
Original,2,BG10,22,0.0724389016809352,0.022822444434265482
Original,2,BG10,23,0.07003832288243408,0.026745900330634936
Original,2,BG10,24,0.07030026282749081,0.032106122832060796
Original,2,BG10,25,0.08418453963530503,0.04521190209585989
Original,2,BG10,26,0.08990293473689595,0.05566842540740126
Original,2,BG10,27,0.09329078684701929,0.06517954534896638
Original,2,BG10,28,0.09563464740781319,0.07374705604157308
Original,2,BG10,29,0.09718825732943699,0.08099175608503288
Original,2,BG10,30,0.09819390774273203,0.08677443178844507
Original,2,BG10,31,0.09881457993410597,0.09112980263058468
Original,2,BG10,32,0.09926149403520725,0.09431670222538009
Original,2,BG10,33,0.09956431446099528,0.09652521032909575
Original,2,BG10,34,0.09978840467288227,0.09800805397119165
Original,2,BG10,35,0.09990230528652647,0.09891317451523039
Original,2,BG10,36,0.100039369365054,0.100039369365054
Original,2,BG11,0,0.0,0.0
Original,2,BG11,1,0.047933580091566404,0.0002776912552591662
Original,2,BG11,2,0.0913402767220395,0.0006181878093227944
Original,2,BG11,3,0.12859528581286891,0.0010202088834326138
Original,2,BG11,4,0.1608265400900308,0.0015008997449520167
Original,2,BG11,5,0.1888800422875402,0.0020810766153619526
Original,2,BG11,6,0.21248250682157666,0.002774374095610731
Original,2,BG11,7,0.23423572673900586,0.003638468777467216
Original,2,BG11,8,0.2522731127974639,0.0046805032016639155
Original,2,BG11,9,0.2688063757490499,0.0059812570253488665
Original,2,BG11,10,0.28512598283112434,0.007640644061777014
Original,2,BG11,11,0.30089920829290195,0.009751774754583198
Original,2,BG11,12,0.3149215907822704,0.0123955028915575
Original,2,BG11,13,0.22751258842432434,0.010921149827703924
Original,2,BG11,14,0.19074659474618064,0.0112113098449743
Original,2,BG11,15,0.1583321181569263,0.011437209094286175
Original,2,BG11,16,0.1305018846182227,0.011623595065506696
Original,2,BG11,17,0.10599810543599403,0.011671445382672367
Original,2,BG11,18,0.08804282012420558,0.012004265242294716
Original,2,BG11,19,0.07280641812872869,0.012295897366276773
Original,2,BG11,20,0.061903379478355114,0.012930475387891544
Original,2,BG11,21,0.05427521067381288,0.013969361050019663
Original,2,BG11,22,0.049637478756424463,0.015638677197034635
Original,2,BG11,23,0.047660256396487626,0.01820027112339894
Original,2,BG11,24,0.047540693369176386,0.021711829788079732
Original,2,BG11,25,0.051898159738349776,0.027872273573772557
Original,2,BG11,26,0.0549750738308776,0.03404088868435997
Original,2,BG11,27,0.057507993086239335,0.04017915344860005
Original,2,BG11,28,0.05935792460465216,0.04577286913365629
Original,2,BG11,29,0.06067485970671787,0.05056334547910265
Original,2,BG11,30,0.06146985031954149,0.054321204468728734
Original,2,BG11,31,0.06190911405403659,0.0570944626877959
Original,2,BG11,32,0.06223671964745261,0.05913634698016686
Original,2,BG11,33,0.06243951683137357,0.06053361119753915
Original,2,BG11,34,0.06258047546744212,0.0614639611257754
Original,2,BG11,35,0.06265040890999989,0.06203010841269442
Original,2,BG11,36,0.06274043122002988,0.06274043122002988
Original,2,BG12,0,0.0,0.0
Original,2,BG12,1,0.018006737593759214,0.00010431754850399109
Original,2,BG12,2,0.03373554964423361,0.00022832102411668594
Original,2,BG12,3,0.04712830084437994,0.00037389170888269517
Original,2,BG12,4,0.05913548987188133,0.0005518768330825093
Original,2,BG12,5,0.06907133372507392,0.0007610266039056136
Original,2,BG12,6,0.07892415988764839,0.0010305090403690904
Original,2,BG12,7,0.08761993670916123,0.0013610323583137837
Original,2,BG12,8,0.09604256884388,0.0017819082889024738
Original,2,BG12,9,0.10428158301375834,0.002320387487935976
Original,2,BG12,10,0.11279254545227137,0.0030225505372509327
Original,2,BG12,11,0.12064061560717704,0.003909814572323773
Original,2,BG12,12,0.12784563472775143,0.005032080936639002
Original,2,BG12,13,0.09773583426975263,0.00469155442407796
Original,2,BG12,14,0.08496566714089493,0.004993936700951312
Original,2,BG12,15,0.07124501449930744,0.0051464234598943065
Original,2,BG12,16,0.05998771872217939,0.005343010592627204
Original,2,BG12,17,0.05089132951480426,0.005603641407110338
Original,2,BG12,18,0.04248632818717402,0.005792830716364438
Original,2,BG12,19,0.03631569466396663,0.006133168828733885
Original,2,BG12,20,0.03252653731290382,0.006794194326959203
Original,2,BG12,21,0.02982207420732914,0.00767560949332263
Original,2,BG12,22,0.02904200678207002,0.009149912141928822
Original,2,BG12,23,0.029250359557250326,0.011169987633114607
Original,2,BG12,24,0.03030100062775617,0.013838463887930457
Original,2,BG12,25,0.035329125694412884,0.018973756666932594
Original,2,BG12,26,0.03895927632161171,0.02412381285056599
Original,2,BG12,27,0.04174885067477494,0.02916870143191861
Original,2,BG12,28,0.04369418710817426,0.03369404037851794
Original,2,BG12,29,0.04500132435796799,0.03750181744574544
Original,2,BG12,30,0.04581788364636307,0.04048948576024284
Original,2,BG12,31,0.04624311911578159,0.0426468070192277
Original,2,BG12,32,0.04657427443473864,0.044254139170527
Original,2,BG12,33,0.046799230642266425,0.04537072962461746
Original,2,BG12,34,0.046965470631603674,0.04612754758899157
Original,2,BG12,35,0.04705108099916575,0.046585229151506265
Original,2,BG12,36,0.04716334361034411,0.04716334361034411
Original,2,BG13,0,0.0,0.0
Original,2,BG13,1,0.012382134021238233,7.173280886687838e-05
Original,2,BG13,2,0.02321983511252182,0.00015715103467596497
Original,2,BG13,3,0.03243920350929083,0.0002573559622337643
Original,2,BG13,4,0.04083075121763806,0.0003810494463407006
Original,2,BG13,5,0.04791285130758984,0.0005279028595934949
Original,2,BG13,6,0.05415196016880244,0.0007070595956650657
Original,2,BG13,7,0.05968022479116041,0.0009270346481231007
Original,2,BG13,8,0.06461164632896912,0.0011987604038968028
Original,2,BG13,9,0.06868108464846352,0.0015282346606852943
Original,2,BG13,10,0.07215162171353476,0.0019334781545996777
Original,2,BG13,11,0.07550030510791349,0.002446872405680272
Original,2,BG13,12,0.07834366951172622,0.0030836538753529264
Original,2,BG13,13,0.05872103749569324,0.0028187506136023574
Original,2,BG13,14,0.050656517877773775,0.002977384306300451
Original,2,BG13,15,0.04360587459471985,0.003149894731167477
Original,2,BG13,16,0.03719346257975232,0.0033127624884080917
Original,2,BG13,17,0.031696016247620244,0.003490046554474466
Original,2,BG13,18,0.026609067137452445,0.0036280334898422034
Original,2,BG13,19,0.022733982215569094,0.0038394240416308465
Original,2,BG13,20,0.02017566962141964,0.004214325638919579
Original,2,BG13,21,0.0183364488939648,0.004719437692164169
Original,2,BG13,22,0.01780274122705028,0.005608893321635452
Original,2,BG13,23,0.017931929446442067,0.006847759583656092
Original,2,BG13,24,0.018515145890923377,0.008455865239018808
Original,2,BG13,25,0.026582766312061783,0.014276462562588759
Original,2,BG13,26,0.030207418227391834,0.018704610830251003
Original,2,BG13,27,0.03247398753330232,0.02268862570138811
Original,2,BG13,28,0.03403717816157756,0.026247199644300494
Original,2,BG13,29,0.03502421360449012,0.029187400174172512
Original,2,BG13,30,0.0355943316326052,0.03145488330945545
Original,2,BG13,31,0.03592067260823957,0.03312713376165444
Original,2,BG13,32,0.03618634146063186,0.03438368955043607
Original,2,BG13,33,0.036396923431788214,0.03528594271909605
Original,2,BG13,34,0.036536849815866516,0.035884986414675774
Original,2,BG13,35,0.03661453269513897,0.036252012943031514
Original,2,BG13,36,0.03671804114098691,0.03671804114098691
Original,2,BG14,0,0.0,0.0
Original,2,BG14,1,0.049644231441866395,0.0002876014874291357
Original,2,BG14,2,0.093671153624969,0.0006339631031161751
Original,2,BG14,3,0.13135435483560637,0.0010420979191074387
Original,2,BG14,4,0.16533745231974553,0.0015429974441426284
Original,2,BG14,5,0.19357675752387543,0.0021328249330781635
Original,2,BG14,6,0.2190277548662611,0.002859835083665731
Original,2,BG14,7,0.2412564980217697,0.0037475249679669704
Original,2,BG14,8,0.2614034851318142,0.00484990189716328
Original,2,BG14,9,0.27968359973044116,0.0062232880128148555
Original,2,BG14,10,0.2967995008490383,0.007953464355376177
Original,2,BG14,11,0.31315879392960905,0.010149092914948277
Original,2,BG14,12,0.328409674086652,0.012926401969680524
Original,2,BG14,13,0.23642659770118696,0.011349043647099252
Original,2,BG14,14,0.19681883889113508,0.011568211686317012
Original,2,BG14,15,0.1630054294780141,0.0117747883523979
Original,2,BG14,16,0.13380514233520327,0.011917810967754298
Original,2,BG14,17,0.10821769940638995,0.011915844752612974
Original,2,BG14,18,0.08926170785711235,0.012170455424099011
Original,2,BG14,19,0.07339769235814754,0.01239575458870258
Original,2,BG14,20,0.06200601643934156,0.012951914344737223
Original,2,BG14,21,0.053849154137980325,0.013859702563990819
Original,2,BG14,22,0.04890224269262384,0.015407035309407825
Original,2,BG14,23,0.04663267468949273,0.0178078631496509
Original,2,BG14,24,0.046413019497909234,0.021196821237761905
Original,2,BG14,25,0.04877209909484868,0.02619340057490479
Original,2,BG14,26,0.05109280510662145,0.03163696506870471
Original,2,BG14,27,0.05316831662567241,0.03714714842524697
Original,2,BG14,28,0.054794461500345025,0.042253830940774964
Original,2,BG14,29,0.055986043075332274,0.04665592399519364
Original,2,BG14,30,0.05671227987063911,0.05011691641050135
Original,2,BG14,31,0.05716615045486722,0.05272035774844811
Original,2,BG14,32,0.05745359443958548,0.054591497119809616
Original,2,BG14,33,0.05765705354361527,0.055897127990172525
Original,2,BG14,34,0.057796305362943674,0.05676514663358434
Original,2,BG14,35,0.057867020701333594,0.05729408043674636
Original,2,BG14,36,0.05795683508785732,0.05795683508785732
Original,2,BG15,0,0.0,0.0
Original,2,BG15,1,0.023504591028061926,0.00013616799287453573
Original,2,BG15,2,0.044723584292709326,0.0003026876599204895
Original,2,BG15,3,0.06291387669478637,0.0004991263525172518
Original,2,BG15,4,0.07795637742562263,0.0007275211357283771
Original,2,BG15,5,0.08997426891959069,0.000991334736567699
Original,2,BG15,6,0.10291199150127056,0.0013437170305912937
Original,2,BG15,7,0.11359979468004654,0.001764586945752887
Original,2,BG15,8,0.12244122987347947,0.002271691035525035
Original,2,BG15,9,0.13248053865719514,0.0029478473154383442
Original,2,BG15,10,0.14034251625147717,0.0037608189987046736
Original,2,BG15,11,0.15066007610682094,0.004882708515890174
Original,2,BG15,12,0.15877237579567763,0.006249376048828878
Original,2,BG15,13,0.11868094259989144,0.005696969854801602
Original,2,BG15,14,0.1007244716734427,0.005920175208362119
Original,2,BG15,15,0.08281567310286327,0.005982236454846374
Original,2,BG15,16,0.06765588386358928,0.006026001850493993
Original,2,BG15,17,0.05600097020632922,0.006166263661053609
Original,2,BG15,18,0.046223491703714426,0.0063023771136952724
Original,2,BG15,19,0.03928311387614026,0.006634320826059423
Original,2,BG15,20,0.034514758954328754,0.007209497198650774
Original,2,BG15,21,0.03127944300789696,0.008050707264969975
Original,2,BG15,22,0.02995345874112557,0.009437072240195585
Original,2,BG15,23,0.02987128412419701,0.01140710335323087
Original,2,BG15,24,0.03057593395153347,0.013964025905782109
Original,2,BG15,25,0.03406963035903226,0.018297335828909474
Original,2,BG15,26,0.036723911725658344,0.02273966190687807
Original,2,BG15,27,0.038483732980299105,0.026887459127004576
Original,2,BG15,28,0.03968994242309871,0.03060623414949738
Original,2,BG15,29,0.04048701497997219,0.03373982134827211
Original,2,BG15,30,0.04097825869408847,0.036212685650842534
Original,2,BG15,31,0.04130074104668808,0.03808879603151241
Original,2,BG15,32,0.04153912735046467,0.03946982203659117
Original,2,BG15,33,0.04168163726205647,0.04040934575488458
Original,2,BG15,34,0.04178117049945096,0.04103574190866765
Original,2,BG15,35,0.041830012105896035,0.041415853961911414
Original,2,BG15,36,0.04189614716513939,0.04189614716513939
T01,0,BG1,0,0.0,0.0
T01,0,BG1,1,0.0035218024127040685,2.0402684944963762e-05
T01,0,BG1,2,0.006580412288653741,4.4536001077481917e-05
T01,0,BG1,3,0.00915053181780522,7.25956148619471e-05
T01,0,BG1,4,0.011440542625692407,0.00010676787265787264
T01,0,BG1,5,0.013430858236963286,0.00014798093368204745
T01,0,BG1,6,0.015097265023024511,0.0001971242784544387
T01,0,BG1,7,0.016584975833850383,0.0002576204644126243
T01,0,BG1,8,0.017893704007486595,0.00033198757460226925
T01,0,BG1,9,0.01900749908979816,0.00042293914006073547
T01,0,BG1,10,0.019936097325278786,0.000534236207790506
T01,0,BG1,11,0.020775509577738296,0.0006733088156923772
T01,0,BG1,12,0.021503403432398097,0.0008463868715727228
T01,0,BG1,13,0.015081810379955759,0.0007239630659441649
T01,0,BG1,14,0.012250470645963595,0.0007200328922984292
T01,0,BG1,15,0.009919511645824993,0.0007165414707239083
T01,0,BG1,16,0.008000659072033156,0.000712605963353494
T01,0,BG1,17,0.006437454610427674,0.0007088277624433617
T01,0,BG1,18,0.005242538389584828,0.0007147978817985622
T01,0,BG1,19,0.004279513239644898,0.0007227447379064486
T01,0,BG1,20,0.0035488259377796333,0.0007412843498517083
T01,0,BG1,21,0.0030527239010993946,0.0007857104894188578
T01,0,BG1,22,0.002695066494688188,0.0008491018476837564
T01,0,BG1,23,0.002345742355198216,0.0008957808897142847
T01,0,BG1,24,0.002104714215733081,0.0009612227672973659
T01,0,BG1,25,0.009523839879300737,0.005114845539997182
T01,0,BG1,26,0.012643624168136294,0.007829006384711215
T01,0,BG1,27,0.014859264114775514,0.010381733403582514
T01,0,BG1,28,0.016270115620248826,0.01254642709645856
T01,0,BG1,29,0.01718520758930931,0.01432127892476781
T01,0,BG1,30,0.01781255818269561,0.015741043958797007
T01,0,BG1,31,0.018173426804067794,0.016760085426219273
T01,0,BG1,32,0.018361490715490966,0.01744679816195162
T01,0,BG1,33,0.018459321206337528,0.017895868347569312
T01,0,BG1,34,0.01851828701051329,0.0181878974738102
T01,0,BG1,35,0.018542543376834992,0.018358953995844446
T01,0,BG1,36,0.018581451230931394,0.018581451230931394
T01,0,BG2,0,0.0,0.0
T01,0,BG2,1,0.0036711290650394087,2.1267771669268393e-05
T01,0,BG2,2,0.006828599479186661,4.6215723370255186e-05
T01,0,BG2,3,0.009485721963095332,7.525484139319762e-05
T01,0,BG2,4,0.011846508961800669,0.00011055651810164984
T01,0,BG2,5,0.013890679466046428,0.0001530472351336469
T01,0,BG2,6,0.015651456288598157,0.00020436032789747306
T01,0,BG2,7,0.01717729890564149,0.00026682123435365404
T01,0,BG2,8,0.01848291701387395,0.00034291943076289987
T01,0,BG2,9,0.019626854289950212,0.0004367205193005063
T01,0,BG2,10,0.020581585941832202,0.0005515336434493412
T01,0,BG2,11,0.02138477151384794,0.0006930542501013695
T01,0,BG2,12,0.02207702007941644,0.0008689647680878507
T01,0,BG2,13,0.015532590985743017,0.000745601615710394
T01,0,BG2,14,0.012565860578066655,0.0007385702293034917
T01,0,BG2,15,0.01016276803048311,0.0007341132321763697
T01,0,BG2,16,0.008177452934674288,0.0007283527122600902
T01,0,BG2,17,0.0065908935676409494,0.0007257229172516466
T01,0,BG2,18,0.00526842029975012,0.0007183267714692571
T01,0,BG2,19,0.004312282127025576,0.0007282789052682745
T01,0,BG2,20,0.0035724578524472294,0.000746220621667825
T01,0,BG2,21,0.0029886349569868374,0.0007692152692021415
T01,0,BG2,22,0.0025911589049485034,0.0008163649478223136
T01,0,BG2,23,0.0022811808441376676,0.0008711264479845463
T01,0,BG2,24,0.0020706358610381036,0.0009456591849500999
T01,0,BG2,25,0.009903519851749249,0.005318755354541166
T01,0,BG2,26,0.013103724032844497,0.00811390290242572
T01,0,BG2,27,0.01541414968880268,0.010769415754776144
T01,0,BG2,28,0.016731630573304523,0.01290231660422616
T01,0,BG2,29,0.0176927962121172,0.014744277479126185
T01,0,BG2,30,0.018343147280375977,0.016209928099855095
T01,0,BG2,31,0.018718488815393456,0.017262758139512835
T01,0,BG2,32,0.018916886627387743,0.017974526537965323
T01,0,BG2,33,0.019027270720318,0.018446481782655524
T01,0,BG2,34,0.019091153020780027,0.018750542853330342
T01,0,BG2,35,0.019119582100721507,0.018930279516706512
T01,0,BG2,36,0.019163200806433026,0.019163200806433026
T01,0,BG3,0,0.0,0.0
T01,0,BG3,1,0.004243593471774724,2.4584201613551873e-05
T01,0,BG3,2,0.00788123002262414,5.3339890215192264e-05
T01,0,BG3,3,0.011107735632836065,8.812306375035692e-05
T01,0,BG3,4,0.013876460132166736,0.0001295008612451236
T01,0,BG3,5,0.016260662227135857,0.00017915965866584848
T01,0,BG3,6,0.01840839306364546,0.0002403575216700917
T01,0,BG3,7,0.020200577567602962,0.0003137829217725582
T01,0,BG3,8,0.021867211014385098,0.00040570931286599947
T01,0,BG3,9,0.023235015751206303,0.0005170063442020249
T01,0,BG3,10,0.024387250152309532,0.000653515669896107
T01,0,BG3,11,0.02537955244348378,0.0008225202085801877
T01,0,BG3,12,0.026397132631164884,0.0010390069902269847
T01,0,BG3,13,0.018476370628553937,0.0008869100967935364
T01,0,BG3,14,0.014988145779380579,0.0008809423126558856
T01,0,BG3,15,0.012149133622716893,0.0008775994618400792
T01,0,BG3,16,0.009762097987086294,0.0008694945242831904
T01,0,BG3,17,0.007794860442641232,0.0008582916414241512
T01,0,BG3,18,0.006287280140852075,0.0008572439902163769
T01,0,BG3,19,0.0051202825792759825,0.0008647379003248356
T01,0,BG3,20,0.004253501333756444,0.0008884780561289173
T01,0,BG3,21,0.0036450092307182243,0.000938152968501142
T01,0,BG3,22,0.0030718194465614457,0.0009678008220775306
T01,0,BG3,23,0.002720770816653695,0.0010389949681655721
T01,0,BG3,24,0.0024265548719797753,0.0011082073612265718
T01,0,BG3,25,0.011118243555568131,0.005971131291937961
T01,0,BG3,26,0.014627029199193965,0.009057142414886678
T01,0,BG3,27,0.016900432758406497,0.011807838264115916
T01,0,BG3,28,0.018432410179132656,0.014213844319093791
T01,0,BG3,29,0.01942693084372822,0.016189417184271443
T01,0,BG3,30,0.020035200553396033,0.01770520376629563
T01,0,BG3,31,0.020390416552440612,0.018804660563332354
T01,0,BG3,32,0.020602832402915754,0.01957648559680793
T01,0,BG3,33,0.02072297439763164,0.020090425749158872
T01,0,BG3,34,0.02078232191626302,0.020411539150711377
T01,0,BG3,35,0.02081624561139657,0.02061014431542815
T01,0,BG3,36,0.020864593094416226,0.020864593094416226
T01,0,BG4,0,0.0,0.0
T01,0,BG4,1,0.003821780615073402,2.2140533920338874e-05
T01,0,BG4,2,0.007117718703692806,4.817247217809187e-05
T01,0,BG4,3,0.009961884664331875,7.903247124580308e-05
T01,0,BG4,4,0.012432543096144397,0.00011602563086339448
T01,0,BG4,5,0.014606680677140138,0.00016093612233245355
T01,0,BG4,6,0.01650960822368207,0.0002155651775123319
T01,0,BG4,7,0.018135006790293434,0.0002816976587375321
T01,0,BG4,8,0.019556890521943177,0.0003628452029295676
T01,0,BG4,9,0.020782630465757308,0.00046243789443035845
T01,0,BG4,10,0.02179054024997511,0.00058393051462452
T01,0,BG4,11,0.022697369170597483,0.0007355939325591588
T01,0,BG4,12,0.02360273308358397,0.0009290177472289984
T01,0,BG4,13,0.01657525897419435,0.0007956521789108186
T01,0,BG4,14,0.013414635051929158,0.0007884577440378077
T01,0,BG4,15,0.010857296240440581,0.0007842828633397502
T01,0,BG4,16,0.008752168503683167,0.0007795417130255691
T01,0,BG4,17,0.007045282691585671,0.0007757556794762275
T01,0,BG4,18,0.0057338953168842455,0.000781792316652867
T01,0,BG4,19,0.0046766900521814005,0.0007898218644132717
T01,0,BG4,20,0.0038884172256328188,0.0008122187131939667
T01,0,BG4,21,0.0033195423459948374,0.0008543842571557584
T01,0,BG4,22,0.0028660322543740705,0.000902965952610558
T01,0,BG4,23,0.002607709130667118,0.000995819510836376
T01,0,BG4,24,0.0023229611142062873,0.0010608961029004956
T01,0,BG4,25,0.01052924130727404,0.005654803468278418
T01,0,BG4,26,0.0138966903538278,0.008604912298763834
T01,0,BG4,27,0.016113875537048686,0.01125829374877391
T01,0,BG4,28,0.017601195716664707,0.01357286716129377
T01,0,BG4,29,0.0185998110233777,0.015500137559976352
T01,0,BG4,30,0.019277696133708444,0.017035793425656986
T01,0,BG4,31,0.019687559327093863,0.018156464348171454
T01,0,BG4,32,0.019915533138371612,0.01892342467863527
T01,0,BG4,33,0.02006144470664891,0.019449088608909173
T01,0,BG4,34,0.020139059047671735,0.019779752940889295
T01,0,BG4,35,0.02018328335905418,0.019983449099880698
T01,0,BG4,36,0.0202429115451238,0.0202429115451238
T01,0,BG5,0,0.0,0.0
T01,0,BG5,1,0.015624644750103058,9.051748708285783e-05
T01,0,BG5,2,0.029331009463761996,0.0001985112498141564
T01,0,BG5,3,0.04130863870941285,0.00032772150180671164
T01,0,BG5,4,0.05174725715076948,0.0004829267921373404
T01,0,BG5,5,0.06079132145040068,0.0006697975927394627
T01,0,BG5,6,0.06862943002180381,0.0008960912369527572
T01,0,BG5,7,0.0753657131341536,0.001170683044170681
T01,0,BG5,8,0.08130047466871312,0.0015083935334233745
T01,0,BG5,9,0.08635417576814597,0.0019214816593631587
T01,0,BG5,10,0.0906484324384404,0.002429145182127978
T01,0,BG5,11,0.09442798159763259,0.003060295210948854
T01,0,BG5,12,0.0976921164366436,0.003845220355983222
T01,0,BG5,13,0.06824875766666925,0.0032761040337164703
T01,0,BG5,14,0.05513722865119158,0.0032407422807315227
T01,0,BG5,15,0.044228404680302556,0.0031948635442407562
T01,0,BG5,16,0.03525378226267369,0.003139998257358006
T01,0,BG5,17,0.027962125487762807,0.003078908057553451
T01,0,BG5,18,0.021945856740937093,0.002992224519554556
T01,0,BG5,19,0.01714837002970031,0.0028960990470052817
T01,0,BG5,20,0.013285641969216595,0.0027751258177508785
T01,0,BG5,21,0.010244871861454754,0.0026368264999221207
T01,0,BG5,22,0.007915287049727254,0.0024937732933785154
T01,0,BG5,23,0.006128781829152658,0.002340429936420844
T01,0,BG5,24,0.004895210400826097,0.002235642090789984
T01,0,BG5,25,0.023140454714590614,0.01242774475891353
T01,0,BG5,26,0.029731735005997913,0.01841006497872196
T01,0,BG5,27,0.03460389675628887,0.02417673098454886
T01,0,BG5,28,0.03806309981937732,0.029351721779442393
T01,0,BG5,29,0.040454192681128986,0.03371246889934975
T01,0,BG5,30,0.041981573031858906,0.037099319425293834
T01,0,BG5,31,0.04291109623543964,0.039573914447921854
T01,0,BG5,32,0.04347564085406097,0.04130986657408935
T01,0,BG5,33,0.04374677218072426,0.042411444511283786
T01,0,BG5,34,0.04390138921985731,0.04311813324661188
T01,0,BG5,35,0.04398546703141019,0.043549967809490095
T01,0,BG5,36,0.04409720906320321,0.04409720906320321
T01,0,BG6,0,0.0,0.0
T01,0,BG6,1,0.01773045701453245,0.00010271698581411262
T01,0,BG6,2,0.03322858061215002,0.00022488987553929773
T01,0,BG6,3,0.04680542197795184,0.00037133015376383626
T01,0,BG6,4,0.05858246297017048,0.000546715758535626
T01,0,BG6,5,0.0687958746285562,0.0007579916022086909
T01,0,BG6,6,0.07766891542307515,0.001014119371781749
T01,0,BG6,7,0.0852920118479229,0.0013248718551026272
T01,0,BG6,8,0.091796867352837,0.0017031364462030021
T01,0,BG6,9,0.09732203319479336,0.002165529345214265
T01,0,BG6,10,0.10204132671525001,0.0027344454838790465
T01,0,BG6,11,0.10622996051215715,0.00344278289675609
T01,0,BG6,12,0.10960677680341961,0.004314188550936842
T01,0,BG6,13,0.0766283212679338,0.0036783431849098437
T01,0,BG6,14,0.06190827219567107,0.0036387167028987598
T01,0,BG6,15,0.04971506868964624,0.0035911957882497447
T01,0,BG6,16,0.03967882426820047,0.003534129699278255
T01,0,BG6,17,0.031415734978194866,0.0034591848003575564
T01,0,BG6,18,0.0246707683569334,0.0033637546646559722
T01,0,BG6,19,0.019264439557464437,0.003253471020285231
T01,0,BG6,20,0.014940785746147345,0.0031208548563152493
T01,0,BG6,21,0.01159555434902679,0.0029844653412461255
T01,0,BG6,22,0.008952490166679898,0.0028205522798459524
T01,0,BG6,23,0.007021513100416004,0.0026813418929625033
T01,0,BG6,24,0.0055933891851394,0.0025545002679270147
T01,0,BG6,25,0.03086793174858113,0.016577840942947897
T01,0,BG6,26,0.03971197893126137,0.024589890680598834
T01,0,BG6,27,0.0430686132863684,0.030090780946586567
T01,0,BG6,28,0.04395631491883567,0.0338961757965242
T01,0,BG6,29,0.04422932071817784,0.03685846886116386
T01,0,BG6,30,0.04444435125891222,0.03927568855934877
T01,0,BG6,31,0.04464652303770013,0.0411743776605518
T01,0,BG6,32,0.04492156965137788,0.04268376528537741
T01,0,BG6,33,0.045142850589840376,0.04376490885085307
T01,0,BG6,34,0.045275972758180225,0.04446819248854302
T01,0,BG6,35,0.04534829404839041,0.04489930151539046
T01,0,BG6,36,0.04544194266091661,0.04544194266091661
T01,0,BG7,0,0.0,0.0
T01,0,BG7,1,0.022821664781895994,0.00013221162959444504
T01,0,BG7,2,0.04278004939106366,0.0002895338829222385
T01,0,BG7,3,0.06017754969443703,0.00047741774124890595
T01,0,BG7,4,0.07534461394693799,0.0007031470801039791
T01,0,BG7,5,0.08848369157590448,0.000974911585658663
T01,0,BG7,6,0.09987133422506372,0.0013040153119481548
T01,0,BG7,7,0.10962983836364427,0.0017029201725347791
T01,0,BG7,8,0.11803767616436588,0.0021899905054317344
T01,0,BG7,9,0.12523577138116865,0.0027866427503683245
T01,0,BG7,10,0.13136794682789324,0.0035203235805156955
T01,0,BG7,11,0.13662810143202023,0.004427949408452493
T01,0,BG7,12,0.1409386755583486,0.005547430890014477
T01,0,BG7,13,0.09857662240981713,0.004731914269337417
T01,0,BG7,14,0.0796842927641671,0.004683518977363351
T01,0,BG7,15,0.06395031438755713,0.0046194867173192855
T01,0,BG7,16,0.051043340076621674,0.0045463490207923755
T01,0,BG7,17,0.04046265165192542,0.004455340288417859
T01,0,BG7,18,0.03176295948480396,0.0043307448595800175
T01,0,BG7,19,0.024822729320022788,0.0041921816793900986
T01,0,BG7,20,0.019262191924846274,0.004023516982080876
T01,0,BG7,21,0.01483932351439296,0.0038193470823236616
T01,0,BG7,22,0.011428623902185079,0.0036006776430170927
T01,0,BG7,23,0.008899024589243082,0.0033983170158134192
T01,0,BG7,24,0.006962344976938223,0.003179702235527023
T01,0,BG7,25,0.02885422421718763,0.015496365075997947
T01,0,BG7,26,0.03641391375568176,0.022547709333443675
T01,0,BG7,27,0.0410991433172852,0.028714769865435173
T01,0,BG7,28,0.04399069766258399,0.03392268952242098
T01,0,BG7,29,0.045852195059839077,0.03821088983580044
T01,0,BG7,30,0.047055917081751164,0.04158354180973312
T01,0,BG7,31,0.04781641583674617,0.044097748939071986
T01,0,BG7,32,0.04826208272367626,0.045857868006683664
T01,0,BG7,33,0.04853024258163046,0.047048904013032876
T01,0,BG7,34,0.04869423799606461,0.04782547157662788
T01,0,BG7,35,0.04877309054955696,0.048290189174647474
T01,0,BG7,36,0.04888427608421931,0.04888427608421931
T01,0,BG8,0,0.0,0.0
T01,0,BG8,1,0.017503951464869973,0.00010140478233684787
T01,0,BG8,2,0.03282453609378015,0.0002221553162506584
T01,0,BG8,3,0.046285727478907794,0.0003672071656933785
T01,0,BG8,4,0.057996937157805746,0.0005412513901663247
T01,0,BG8,5,0.06802383498691723,0.0007494852848194286
T01,0,BG8,6,0.0767990219216077,0.0010027612149307917
T01,0,BG8,7,0.08433302102918715,0.0013099755022457963
T01,0,BG8,8,0.09081441078491018,0.0016849086147009004
T01,0,BG8,9,0.09636297424561088,0.0021441891537488022
T01,0,BG8,10,0.10105936673950956,0.002708131485045927
T01,0,BG8,11,0.10516434965577275,0.0034082477590951787
T01,0,BG8,12,0.10857065077692694,0.0042734060015842835
T01,0,BG8,13,0.07591233194732425,0.0036439739797010013
T01,0,BG8,14,0.06132028249867583,0.003604157055012295
T01,0,BG8,15,0.049293429216193556,0.003560738428053708
T01,0,BG8,16,0.03935799421148105,0.003505553871516295
T01,0,BG8,17,0.031259188811318,0.003441947510585559
T01,0,BG8,18,0.024608018480246727,0.0033551989910354536
T01,0,BG8,19,0.01940336501386347,0.00327693342657476
T01,0,BG8,20,0.015332872559840383,0.003202754557641328
T01,0,BG8,21,0.012314731525383515,0.0031695672620409704
T01,0,BG8,22,0.01018431591231138,0.003208648647550818
T01,0,BG8,23,0.008805430446168586,0.0033625757331748655
T01,0,BG8,24,0.008015076424316068,0.003660484587743748
T01,0,BG8,25,0.019819428084633196,0.010644163969374251
T01,0,BG8,26,0.026279865163514562,0.016272646912676176
T01,0,BG8,27,0.030984987557156115,0.021648304918739616
T01,0,BG8,28,0.03432273488958451,0.026467402019794844
T01,0,BG8,29,0.0364852126529188,0.030404922566334137
T01,0,BG8,30,0.03798174064723764,0.033564648217685455
T01,0,BG8,31,0.03898798176297829,0.03595589921389538
T01,0,BG8,32,0.03964942439037611,0.03767425626303676
T01,0,BG8,33,0.040022652061659884,0.03880099951019499
T01,0,BG8,34,0.04023634413333801,0.03951847710223646
T01,0,BG8,35,0.04035301850647235,0.039953484117302755
T01,0,BG8,36,0.04050553024511704,0.04050553024511704
T01,0,BG9,0,0.0,0.0
T01,0,BG9,1,0.010961561821153208,6.350307767586187e-05
T01,0,BG9,2,0.02052243599997447,0.00013889513151122326
T01,0,BG9,3,0.02891656296251106,0.00022940914409469697
T01,0,BG9,4,0.036210492283047395,0.00033793128025879325
T01,0,BG9,5,0.04248814395966608,0.0004681335408563073
T01,0,BG9,6,0.04791923677134124,0.0006256792189573637
T01,0,BG9,7,0.05262037661289807,0.0008173714563077029
T01,0,BG9,8,0.056753420324891904,0.0010529642351012377
T01,0,BG9,9,0.060277320603458716,0.001341241056333797
T01,0,BG9,10,0.06326408166954098,0.0016953149074280685
T01,0,BG9,11,0.06590604542081499,0.0021359342033922773
T01,0,BG9,12,0.06820261897102649,0.002684496031976828
T01,0,BG9,13,0.04768128729298988,0.002288816129194526
T01,0,BG9,14,0.03853673612068121,0.0022650327702593695
T01,0,BG9,15,0.03100755910720005,0.002239848370246235
T01,0,BG9,16,0.024757239770956913,0.0022050879271358226
T01,0,BG9,17,0.01966256307612752,0.002165043706957683
T01,0,BG9,18,0.015472625192896473,0.0021096268421682144
T01,0,BG9,19,0.012176761933403193,0.0020564700058883635
T01,0,BG9,20,0.009646717310992493,0.0020150215062336796
T01,0,BG9,21,0.007685708401710148,0.001978148666074022
T01,0,BG9,22,0.006223422322726077,0.0019607380404867572
T01,0,BG9,23,0.005245318858207742,0.0020030573217328443
T01,0,BG9,24,0.004572041172402063,0.0020880507348391905
T01,0,BG9,25,0.017358815053962147,0.009322674325287592
T01,0,BG9,26,0.02304742863859893,0.014271103198706687
T01,0,BG9,27,0.02688062750127524,0.01878070856472257
T01,0,BG9,28,0.02968081921978971,0.02288786649296445
T01,0,BG9,29,0.03148054211613405,0.026234284502499972
T01,0,BG9,30,0.03272678362242743,0.028920817202612407
T01,0,BG9,31,0.03360138604474513,0.030988217294202657
T01,0,BG9,32,0.03415116527207545,0.03244989733852664
T01,0,BG9,33,0.034475982737282765,0.033423636840986815
T01,0,BG9,34,0.034669623737352044,0.034051074097740934
T01,0,BG9,35,0.03477838100358676,0.03443404091608092
T01,0,BG9,36,0.0349190538067979,0.0349190538067979
T01,0,BG10,0,0.0,0.0
T01,0,BG10,1,0.013207579449357382,7.651482125117048e-05
T01,0,BG10,2,0.024745457922297112,0.00016747639713931512
T01,0,BG10,3,0.03489228781870299,0.0002768174724431234
T01,0,BG10,4,0.04370616968394896,0.0004078840406314911
T01,0,BG10,5,0.05131804976766014,0.0005654212700678013
T01,0,BG10,6,0.057937719215391155,0.00075649007252345
T01,0,BG10,7,0.06361173059955515,0.0009881041580054489
T01,0,BG10,8,0.06861491902859888,0.001273034388983687
T01,0,BG10,9,0.07281991104091678,0.0016203283974101743
T01,0,BG10,10,0.076480955830273,0.0020494931927489165
T01,0,BG10,11,0.0796857688881353,0.002582518157530148
T01,0,BG10,12,0.0823765409196497,0.0032423901101761203
T01,0,BG10,13,0.057667948662872365,0.0027681998286894563
T01,0,BG10,14,0.046665027848313514,0.0027427807338195327
T01,0,BG10,15,0.037653762178044815,0.002719940567768152
T01,0,BG10,16,0.030151575536284135,0.0026855528252339787
T01,0,BG10,17,0.024065820232920563,0.0026498861071952142
T01,0,BG10,18,0.019224167743796827,0.0026211337687113818
T01,0,BG10,19,0.015470769699769064,0.0026127778448180833
T01,0,BG10,20,0.012631180646031871,0.0026384208981868563
T01,0,BG10,21,0.010668226983424024,0.0027457897036798165
T01,0,BG10,22,0.009384662102989277,0.002956711437934463
T01,0,BG10,23,0.008665427172918762,0.003309111949084796
T01,0,BG10,24,0.008250311121379543,0.0037679162444321924
T01,0,BG10,25,0.027023984732527977,0.014513422030996833
T01,0,BG10,26,0.03328650614807663,0.020611200142592104
T01,0,BG10,27,0.03607058767766177,0.025201465092826086
T01,0,BG10,28,0.0371188225011055,0.028623558112805265
T01,0,BG10,29,0.037580270844858606,0.03131748843597483
T01,0,BG10,30,0.037788815458944164,0.03339415924734986
T01,0,BG10,31,0.038062225982701536,0.035102139163304076
T01,0,BG10,32,0.038315691155472745,0.0364069638965
T01,0,BG10,33,0.038469876455579206,0.0372956208699434
T01,0,BG10,34,0.03855539157002378,0.037867514911315604
T01,0,BG10,35,0.03859931256302231,0.03821714153800652
T01,0,BG10,36,0.038659937368391774,0.038659937368391774
T01,0,BG11,0,0.0,0.0
T01,0,BG11,1,0.010127437388277255,5.867078565226754e-05
T01,0,BG11,2,0.018969447486170382,0.00012838455961244064
T01,0,BG11,3,0.026739749426621176,0.00021213942453536432
T01,0,BG11,4,0.03347926136978466,0.0003124423052422351
T01,0,BG11,5,0.03927259932518827,0.0004327047324621271
T01,0,BG11,6,0.0442938302885534,0.000578342457705021
T01,0,BG11,7,0.048657595999273724,0.0007558161440189017
T01,0,BG11,8,0.052365113145648255,0.0009715465796029096
T01,0,BG11,9,0.05546564918611227,0.0012341757255807334
T01,0,BG11,10,0.05815633085683606,0.001558440309341658
T01,0,BG11,11,0.06050145920993267,0.0019607781827602412
T01,0,BG11,12,0.062474649228179135,0.002459039707591403
T01,0,BG11,13,0.04368251716662419,0.0020968655821984954
T01,0,BG11,14,0.035327421238370425,0.0020764022848853026
T01,0,BG11,15,0.028450124473568157,0.002055110649313895
T01,0,BG11,16,0.022735508866107503,0.0020250155724935246
T01,0,BG11,17,0.01805062713470768,0.001987553535433841
T01,0,BG11,18,0.014274158844654838,0.0019462210351342227
T01,0,BG11,19,0.011233460788946983,0.0018971607811311061
T01,0,BG11,20,0.00886346795785595,0.0018514151418478912
T01,0,BG11,21,0.007003500027715252,0.0018025617833319055
T01,0,BG11,22,0.00572917458877935,0.0018050214139150764
T01,0,BG11,23,0.004732045873803201,0.0018070510806733992
T01,0,BG11,24,0.004119600754045408,0.0018814212428139756
T01,0,BG11,25,0.021668171357542523,0.011637044593800472
T01,0,BG11,26,0.027738181398687292,0.017175644872972292
T01,0,BG11,27,0.031191547581816127,0.021792622339900813
T01,0,BG11,28,0.032668950455687455,0.0251921138173697
T01,0,BG11,29,0.033356199370647134,0.027797361899568454
T01,0,BG11,30,0.03377114716369991,0.029843726354675144
T01,0,BG11,31,0.034128780882921414,0.031474596839421554
T01,0,BG11,32,0.03440823166686644,0.032694157742676457
T01,0,BG11,33,0.03460187356936278,0.033545685004012414
T01,0,BG11,34,0.03470824934197067,0.034089010584552146
T01,0,BG11,35,0.03475912942877879,0.034414979971471256
T01,0,BG11,36,0.034830655046058374,0.034830655046058374
T01,0,BG12,0,0.0,0.0
T01,0,BG12,1,0.010499305466963161,6.082511079674621e-05
T01,0,BG12,2,0.019679340506421814,0.0001331890903007298
T01,0,BG12,3,0.02768563447887521,0.00021964358980512108
T01,0,BG12,4,0.0346287451025568,0.00032316976165113354
T01,0,BG12,5,0.04071564774994276,0.0004486042110121464
T01,0,BG12,6,0.04598245516312588,0.000600390753027675
T01,0,BG12,7,0.05048605023399728,0.0007842181883864368
T01,0,BG12,8,0.05442650504528733,0.0010097922384684093
T01,0,BG12,9,0.057763907998230654,0.0012853146815086642
T01,0,BG12,10,0.06061592344707742,0.001624351071073761
T01,0,BG12,11,0.0631593816542914,0.002046918193101398
T01,0,BG12,12,0.06526882233097422,0.0025690200413579054
T01,0,BG12,13,0.045649813171090306,0.002191300504281156
T01,0,BG12,14,0.03686104557186704,0.0021665424972370116
T01,0,BG12,15,0.02960937224455355,0.0021388495675287514
T01,0,BG12,16,0.023628073760904162,0.0021045149030124582
T01,0,BG12,17,0.018760196419280298,0.0020656841619020156
T01,0,BG12,18,0.014763237089133253,0.0020129047911959454
T01,0,BG12,19,0.011599578210257406,0.001958992447631163
T01,0,BG12,20,0.009040229614224607,0.0018883373945920974
T01,0,BG12,21,0.007090397145741164,0.0018249273728749924
T01,0,BG12,22,0.005561994426710636,0.0017523499926682812
T01,0,BG12,23,0.0044330870114563095,0.0016928860977637626
T01,0,BG12,24,0.003665115588176785,0.0016738579150695466
T01,0,BG12,25,0.019758040446074675,0.010611195277005988
T01,0,BG12,26,0.02602473987612888,0.016114671819102488
T01,0,BG12,27,0.03024384333300843,0.021130489127054432
T01,0,BG12,28,0.03316199314474742,0.02557231539676879
T01,0,BG12,29,0.035368377857247925,0.029474209209175123
T01,0,BG12,30,0.03679764015027159,0.03251825280616483
T01,0,BG12,31,0.03777365887535738,0.034836013817519884
T01,0,BG12,32,0.03834136488709966,0.036431358732427414
T01,0,BG12,33,0.03864754819163084,0.03746786932361414
T01,0,BG12,34,0.038829164410015646,0.03813640330118961
T01,0,BG12,35,0.03891735193825106,0.03853203200313639
T01,0,BG12,36,0.03904241976647772,0.03904241976647772
T01,0,BG13,0,0.0,0.0
T01,0,BG13,1,0.009377599868375327,5.432678877068322e-05
T01,0,BG13,2,0.01758734644975167,0.00011903054810979765
T01,0,BG13,3,0.024740314080144023,0.0001962769322632606
T01,0,BG13,4,0.03093718342559866,0.00028871858279878496
T01,0,BG13,5,0.036366683415447354,0.00040068740705498547
T01,0,BG13,6,0.041053816161507106,0.0005360377447366302
T01,0,BG13,7,0.0450252763122292,0.0006993940002255999
T01,0,BG13,8,0.048550906343959324,0.0009007803888836349
T01,0,BG13,9,0.051513969660780375,0.001146246223561536
T01,0,BG13,10,0.05402231830177688,0.0014476593851729487
T01,0,BG13,11,0.05623640303525157,0.0018225529365916541
T01,0,BG13,12,0.05812802098804093,0.002287953820176509
T01,0,BG13,13,0.040655293360774655,0.0019515515725737648
T01,0,BG13,14,0.03283606738538897,0.0019299706322001167
T01,0,BG13,15,0.026364375806560626,0.0019044454284034857
T01,0,BG13,16,0.0210734721030431,0.001876980603482894
T01,0,BG13,17,0.01671721899531016,0.0018407320348163905
T01,0,BG13,18,0.01317146499367816,0.0017958734094099004
T01,0,BG13,19,0.010341993916794742,0.0017466055751630663
T01,0,BG13,20,0.008112516121097741,0.0016945551380919382
T01,0,BG13,21,0.006366214569869739,0.0016385371628358804
T01,0,BG13,22,0.005050922854898426,0.0015913328824990784
T01,0,BG13,23,0.004035078844951909,0.0015408966408473458
T01,0,BG13,24,0.0033943883920238152,0.0015502168310402363
T01,0,BG13,25,0.020577801220623387,0.01105145362106565
T01,0,BG13,26,0.026356739650418123,0.01632024804605723
T01,0,BG13,27,0.030382858283268956,0.021227614816932958
T01,0,BG13,28,0.03281746622308902,0.02530663926301439
T01,0,BG13,29,0.03435408168240242,0.028628946306847883
T01,0,BG13,30,0.035379031563097095,0.031264621601714816
T01,0,BG13,31,0.03614340374204391,0.0333325431235045
T01,0,BG13,32,0.036659706973710286,0.03483347397856741
T01,0,BG13,33,0.0369256945972278,0.03579857367627044
T01,0,BG13,34,0.03709891977171689,0.03643702839949159
T01,0,BG13,35,0.037178686443377316,0.0368105810083911
T01,0,BG13,36,0.03728877504927799,0.03728877504927799
T01,0,BG14,0,0.0,0.0
T01,0,BG14,1,0.007153709192662662,4.144323218091176e-05
T01,0,BG14,2,0.01339347194849898,9.064655149104585e-05
T01,0,BG14,3,0.018881903854449166,0.00014979931723559646
T01,0,BG14,4,0.023636304489127683,0.00022058376269346714
T01,0,BG14,5,0.02775489036774133,0.0003058028394055076
T01,0,BG14,6,0.03135737815816898,0.00040943181078174185
T01,0,BG14,7,0.034425794365232826,0.0005347483905699224
T01,0,BG14,8,0.03715314251704226,0.0006893140553044623
T01,0,BG14,9,0.03938137976672655,0.0008762818728516839
T01,0,BG14,10,0.04133086227204367,0.001107560960030377
T01,0,BG14,11,0.043115572621137487,0.0013973228935033964
T01,0,BG14,12,0.04460343280577767,0.0017556178984686776
T01,0,BG14,13,0.031209048872198993,0.0014981091840094063
T01,0,BG14,14,0.02522276392533031,0.0014824915830425481
T01,0,BG14,15,0.02030324724977133,0.0014666164181129677
T01,0,BG14,16,0.016230926308652336,0.0014456627620066448
T01,0,BG14,17,0.012865829231037533,0.001416655730465133
T01,0,BG14,18,0.010211390240471326,0.0013922797662590915
T01,0,BG14,19,0.00811734598946662,0.0013708963538498304
T01,0,BG14,20,0.00647527850871379,0.0013525663708332336
T01,0,BG14,21,0.005288853848312997,0.0013612459142778458
T01,0,BG14,22,0.004370818512929445,0.0013770606712982252
T01,0,BG14,23,0.0037570594572891858,0.001434727924028449
T01,0,BG14,24,0.0033548765562843226,0.0015321717804229692
T01,0,BG14,25,0.01647707805072078,0.008849131221820175
T01,0,BG14,26,0.02103990657908218,0.013028033723635151
T01,0,BG14,27,0.023832912786911686,0.01665135940341994
T01,0,BG14,28,0.02546382914467625,0.019636005264821923
T01,0,BG14,29,0.026552429945706717,0.022127446155756226
T01,0,BG14,30,0.027276886004874646,0.02410471631341608
T01,0,BG14,31,0.027767590031695332,0.025608113692068116
T01,0,BG14,32,0.02811909558382227,0.026718320044105404
T01,0,BG14,33,0.028319841873861534,0.02745540616558269
T01,0,BG14,34,0.02844815986760355,0.02794060890553973
T01,0,BG14,35,0.028520508781172318,0.02823812782106667
T01,0,BG14,36,0.02860949527333256,0.02860949527333256
T01,0,BG15,0,0.0,0.0
T01,0,BG15,1,0.0061516344718806175,3.5637961859112606e-05
T01,0,BG15,2,0.011511173166813323,7.790721895476531e-05
T01,0,BG15,3,0.01624135267251686,0.00012885054192847604
T01,0,BG15,4,0.0203243826275789,0.00018967553880754292
T01,0,BG15,5,0.02387191561971056,0.000263020299649009
T01,0,BG15,6,0.026914592741620346,0.000351422571193757
T01,0,BG15,7,0.02950262553632059,0.0004582750179100799
T01,0,BG15,8,0.03188061993593165,0.0005914912697710091
T01,0,BG15,9,0.03381021491140012,0.0007523169236009398
T01,0,BG15,10,0.03551125528335231,0.0009516104381319183
T01,0,BG15,11,0.03692095504224654,0.0011965629281298932
T01,0,BG15,12,0.03823273843988769,0.0015048635433788657
T01,0,BG15,13,0.026755028141370134,0.0012843055124360956
T01,0,BG15,14,0.02165606511007529,0.0012728555174777785
T01,0,BG15,15,0.017425097154139646,0.0012587116365972652
T01,0,BG15,16,0.013938530608017254,0.00124148272765877
T01,0,BG15,17,0.01111787455282396,0.0012241885379725812
T01,0,BG15,18,0.008836539243621403,0.0012048246606367404
T01,0,BG15,19,0.0069974356586802846,0.00118176052153826
T01,0,BG15,20,0.0055805420755033475,0.0011656724175696782
T01,0,BG15,21,0.004560755581110343,0.0011738478874721739
T01,0,BG15,22,0.003759771307597023,0.0011845454534835354
T01,0,BG15,23,0.003213131938871898,0.0012270154820388029
T01,0,BG15,24,0.0028250486700356243,0.0012901994392072466
T01,0,BG15,25,0.01688785662969146,0.009069742790910712
T01,0,BG15,26,0.02174573536778235,0.013465087121034097
T01,0,BG15,27,0.024732978935940918,0.01728020931025893
T01,0,BG15,28,0.02651907966049733,0.02044974398614144
T01,0,BG15,29,0.027587263223582868,0.02298982357947712
T01,0,BG15,30,0.02820629849181507,0.024926042589976143
T01,0,BG15,31,0.028593847012474995,0.026370112975012898
T01,0,BG15,32,0.028887045150058615,0.027448013586296897
T01,0,BG15,33,0.029074393706131983,0.02818692607338699
T01,0,BG15,34,0.029195186775071817,0.028674307947586863
T01,0,BG15,35,0.02926187028918766,0.02897214912875257
T01,0,BG15,36,0.02934625100378489,0.02934625100378489
T01,1,BG1,0,0.0,0.0
T01,1,BG1,1,0.003453518132661784,2.0007096991433135e-05
T01,1,BG1,2,0.00645247743605197,4.367014241577214e-05
T01,1,BG1,3,0.009017035211971476,7.153652151560925e-05
T01,1,BG1,4,0.011203143357823032,0.00010455236435173326
T01,1,BG1,5,0.013186826597149379,0.00014529219794019084
T01,1,BG1,6,0.01489437865385313,0.00019447520105849128
T01,1,BG1,7,0.016346172498912744,0.0002539110450267281
T01,1,BG1,8,0.017626447526949734,0.0003270290802456285
T01,1,BG1,9,0.018666158326218842,0.0004153439088718636
T01,1,BG1,10,0.01956362013319947,0.0005242547751267087
T01,1,BG1,11,0.02034552480964149,0.0006593735388425754
T01,1,BG1,12,0.021013354875222847,0.0008270982660017705
T01,1,BG1,13,0.014755103403543404,0.000708280346770217
T01,1,BG1,14,0.012007534188550684,0.0007057540726951989
T01,1,BG1,15,0.009684976989094728,0.0006995997271835296
T01,1,BG1,16,0.007825340708606689,0.0006969906384624452
T01,1,BG1,17,0.006319286901917048,0.0006958163234953038
T01,1,BG1,18,0.005082828123625671,0.0006930220648210038
T01,1,BG1,19,0.004201592571420697,0.000709585122062348
T01,1,BG1,20,0.0034955604947376805,0.0007301581799527148
T01,1,BG1,21,0.002971563806961664,0.0007648214936185635
T01,1,BG1,22,0.0026027210474853773,0.0008200076896538938
T01,1,BG1,23,0.002339232862181143,0.0008932950752265584
T01,1,BG1,24,0.002104741631359918,0.0009612352876191207
T01,1,BG1,25,0.009466358750923394,0.0050839748903186745
T01,1,BG1,26,0.012482214396214893,0.007729060490434457
T01,1,BG1,27,0.014516046765300057,0.01014193750657278
T01,1,BG1,28,0.015796138246633423,0.012180927369669971
T01,1,BG1,29,0.01668580135014298,0.013905099152000742
T01,1,BG1,30,0.017218415140898582,0.015215996840338454
T01,1,BG1,31,0.017550095077910065,0.016185229962263913
T01,1,BG1,32,0.017768934488411357,0.01688376063283676
T01,1,BG1,33,0.017862881610069936,0.017317634486189056
T01,1,BG1,34,0.017912312520799493,0.01759273435301977
T01,1,BG1,35,0.017940437869744558,0.017762809946667908
T01,1,BG1,36,0.017983332859854508,0.017983332859854508
T01,1,BG2,0,0.0,0.0
T01,1,BG2,1,0.003605290294392176,2.0886351183031002e-05
T01,1,BG2,2,0.006721858761401409,4.549330591023223e-05
T01,1,BG2,3,0.00940173381785285,7.458852246346572e-05
T01,1,BG2,4,0.011753625589931928,0.00010968969203725836
T01,1,BG2,5,0.01378186746916716,0.00015184834640045728
T01,1,BG2,6,0.015541705039135724,0.00020292731114152437
T01,1,BG2,7,0.017045570601648852,0.00026477505035839386
T01,1,BG2,8,0.018387017437658876,0.0003411401759023118
T01,1,BG2,9,0.019533652684620647,0.0004346466758022794
T01,1,BG2,10,0.020485386739674115,0.0005489557522243011
T01,1,BG2,11,0.02123859180664714,0.0006883167444956534
T01,1,BG2,12,0.02191873769345702,0.0008627346769500108
T01,1,BG2,13,0.015395485261306812,0.0007390202123354897
T01,1,BG2,14,0.01251743311001428,0.0007357238623564965
T01,1,BG2,15,0.01009021126418486,0.0007288720514408678
T01,1,BG2,16,0.008123348388576826,0.0007235337060189128
T01,1,BG2,17,0.006557223039936066,0.000722015457241444
T01,1,BG2,18,0.005277716955908608,0.0007195943329280227
T01,1,BG2,19,0.0043221447627370515,0.0007299445546177603
T01,1,BG2,20,0.003524390840151387,0.000736180308056113
T01,1,BG2,21,0.002965473002298097,0.0007632538419929505
T01,1,BG2,22,0.0025996085623439832,0.0008190270779335064
T01,1,BG2,23,0.0022881942213789372,0.000873804683303732
T01,1,BG2,24,0.0020785961215360007,0.0009492946354978121
T01,1,BG2,25,0.009861592784009592,0.005296238116582122
T01,1,BG2,26,0.013088499214496417,0.008104475611023532
T01,1,BG2,27,0.01520003240777664,0.01061981826233769
T01,1,BG2,28,0.016591470488098635,0.012794234520842539
T01,1,BG2,29,0.01765131320022539,0.014709707638052875
T01,1,BG2,30,0.018388412643964264,0.016249929322374665
T01,1,BG2,31,0.01886272728117144,0.017395779195339228
T01,1,BG2,32,0.019160277524443166,0.01820579279105453
T01,1,BG2,33,0.01932065532763965,0.018730911071243198
T01,1,BG2,34,0.019387343526420416,0.019041448957555437
T01,1,BG2,35,0.01943567759232519,0.019243245321920798
T01,1,BG2,36,0.019495206646717788,0.019495206646717788
T01,1,BG3,0,0.0,0.0
T01,1,BG3,1,0.00421230929508125,2.4402964544160462e-05
T01,1,BG3,2,0.007865250936474152,5.323174423282831e-05
T01,1,BG3,3,0.011019487977148253,8.742295223967964e-05
T01,1,BG3,4,0.013800863824641841,0.00012879536552853316
T01,1,BG3,5,0.016199783838868168,0.0001784889017349149
T01,1,BG3,6,0.018273038943772833,0.00023859020905730267
T01,1,BG3,7,0.020035683765630852,0.0003112215664768122
T01,1,BG3,8,0.021609830018509302,0.0004009340401397468
T01,1,BG3,9,0.02291673791082302,0.0005099242882614291
T01,1,BG3,10,0.02401620898666213,0.0006435727206938149
T01,1,BG3,11,0.025018589643683826,0.0008108218437242598
T01,1,BG3,12,0.025895736080383685,0.0010192717217914274
T01,1,BG3,13,0.018165978019468104,0.0008720105074119294
T01,1,BG3,14,0.01478893246057788,0.0008692333623885856
T01,1,BG3,15,0.011910398210671129,0.0008603542735390388
T01,1,BG3,16,0.00959593707558846,0.00085469483595612
T01,1,BG3,17,0.007732467093723386,0.0008514215143865438
T01,1,BG3,18,0.006211399194456861,0.0008468979454220644
T01,1,BG3,19,0.005093930364624494,0.0008602874115062833
T01,1,BG3,20,0.004229366790431072,0.0008834367945275579
T01,1,BG3,21,0.003556226396551066,0.0009153020294677918
T01,1,BG3,22,0.003142890506542673,0.0009901923173377743
T01,1,BG3,23,0.0028629487625807452,0.0010932892025038027
T01,1,BG3,24,0.002659944716951291,0.0012147964805930647
T01,1,BG3,25,0.011553938074098883,0.00620512411617354
T01,1,BG3,26,0.015182228359890861,0.009400925016372191
T01,1,BG3,27,0.017585713404284095,0.012286623855111594
T01,1,BG3,28,0.01889177257724807,0.014568073914831154
T01,1,BG3,29,0.019778112032506148,0.016482073741274576
T01,1,BG3,30,0.02021844465437559,0.017867137486310754
T01,1,BG3,31,0.0203967038401951,0.01881045888847071
T01,1,BG3,32,0.020483888450738872,0.019463466948609374
T01,1,BG3,33,0.020504048422347883,0.019878182228153143
T01,1,BG3,34,0.020508668178366184,0.020142767738718714
T01,1,BG3,35,0.020508491303616847,0.02030543710624601
T01,1,BG3,36,0.0205146797171405,0.0205146797171405
T01,1,BG4,0,0.0,0.0
T01,1,BG4,1,0.0038067345334371694,2.20533682062349e-05
T01,1,BG4,2,0.007132081706504599,4.826968041106754e-05
T01,1,BG4,3,0.00997244330215229,7.9116238097459e-05
T01,1,BG4,4,0.012446632647844685,0.00011615712057773313
T01,1,BG4,5,0.014604742126598569,0.00016091476342858463
T01,1,BG4,6,0.016467364249712485,0.00021501359983231452
T01,1,BG4,7,0.018072674486530108,0.00028072942922325065
T01,1,BG4,8,0.019523911338641935,0.0003622333287425611
T01,1,BG4,9,0.02073621644076247,0.0004614051285581906
T01,1,BG4,10,0.02178330738558209,0.000583736692076236
T01,1,BG4,11,0.022637601951640555,0.0007336569504663897
T01,1,BG4,12,0.023474872059265132,0.0009239850603050169
T01,1,BG4,13,0.01651395591995113,0.0007927094850316503
T01,1,BG4,14,0.013467984796126244,0.0007915934262158761
T01,1,BG4,15,0.010850155720547677,0.0007837670664516848
T01,1,BG4,16,0.008774480891630129,0.0007815290427406016
T01,1,BG4,17,0.007072998835849552,0.0007788075017274555
T01,1,BG4,18,0.005691163901487722,0.000775966069754073
T01,1,BG4,19,0.004669856825847897,0.000788667836474366
T01,1,BG4,20,0.0038428102655930683,0.0008026922606611038
T01,1,BG4,21,0.0032542636330138304,0.0008375828127517823
T01,1,BG4,22,0.002942976453803286,0.0009272078262732023
T01,1,BG4,23,0.0026334205288252328,0.001005638055802403
T01,1,BG4,24,0.0024589672274108023,0.0011230100809672267
T01,1,BG4,25,0.010677179125634305,0.005734254523136937
T01,1,BG4,26,0.014072351873237944,0.008713682965651724
T01,1,BG4,27,0.016244811631829007,0.01134977493809256
T01,1,BG4,28,0.01755088075741388,0.013534067637062861
T01,1,BG4,29,0.018393214074769133,0.015327970143887643
T01,1,BG4,30,0.018936298497723606,0.016734098708447664
T01,1,BG4,31,0.01922216529485473,0.017727263836045
T01,1,BG4,32,0.01940829438570888,0.018441454470691482
T01,1,BG4,33,0.019521553813296077,0.018925677340342926
T01,1,BG4,34,0.019572626580469255,0.019223426341132284
T01,1,BG4,35,0.019602142797076734,0.019408062377892145
T01,1,BG4,36,0.019648631983342192,0.019648631983342192
T01,1,BG5,0,0.0,0.0
T01,1,BG5,1,0.015501618519130289,8.980476532243655e-05
T01,1,BG5,2,0.029065547996970986,0.0001967146165053038
T01,1,BG5,3,0.04086326478494803,0.00032418813362969595
T01,1,BG5,4,0.05120646155877072,0.00047787986476219686
T01,1,BG5,5,0.06009746256397625,0.0006621526695871657
T01,1,BG5,6,0.0678840253194809,0.0008863585213324259
T01,1,BG5,7,0.07453439179894399,0.0011577698269638944
T01,1,BG5,8,0.08035788488931289,0.0014909053661624771
T01,1,BG5,9,0.08535287757347312,0.0018992015975871264
T01,1,BG5,10,0.0896442160212645,0.0024022347621830407
T01,1,BG5,11,0.09335702666137842,0.003025586869721741
T01,1,BG5,12,0.0964190241506787,0.0037951106849564756
T01,1,BG5,13,0.06737682964211167,0.003234249400870292
T01,1,BG5,14,0.05445660889364112,0.0032007382183706027
T01,1,BG5,15,0.04372042149098291,0.00315816909432444
T01,1,BG5,16,0.034870503242417965,0.0031058601976047214
T01,1,BG5,17,0.027589052209993158,0.0030378289755791446
T01,1,BG5,18,0.021721219264824135,0.002961596156039414
T01,1,BG5,19,0.01698163453042671,0.0028679399540503226
T01,1,BG5,20,0.013184487444972994,0.0027539965007055667
T01,1,BG5,21,0.01020865928181342,0.0026275061046901857
T01,1,BG5,22,0.007906392381869557,0.002490970964546532
T01,1,BG5,23,0.006142778861130184,0.002345775057063187
T01,1,BG5,24,0.004821706316592995,0.0022020727792817756
T01,1,BG5,25,0.022758689973445823,0.012222715316842724
T01,1,BG5,26,0.029328486380967557,0.018160371129598427
T01,1,BG5,27,0.03389862330897801,0.023683977053404224
T01,1,BG5,28,0.037030227842036446,0.028555239795129674
T01,1,BG5,29,0.03927129690511177,0.032726703631544965
T01,1,BG5,30,0.04057568178693948,0.035856926522771906
T01,1,BG5,31,0.0413414706630029,0.038126358078312536
T01,1,BG5,32,0.04183992332490158,0.03975563365805493
T01,1,BG5,33,0.04211406111825679,0.04082857032229362
T01,1,BG5,34,0.042275555953476505,0.04152130688457368
T01,1,BG5,35,0.042365495657388924,0.04194603569968788
T01,1,BG5,36,0.04248200483320577,0.04248200483320577
T01,1,BG6,0,0.0,0.0
T01,1,BG6,1,0.017591575966938826,0.00010191241288987916
T01,1,BG6,2,0.033007767999431455,0.00022339542301757335
T01,1,BG6,3,0.046441741445662606,0.0003684448996203509
T01,1,BG6,4,0.05813655587739556,0.0005425543680770522
T01,1,BG6,5,0.06819646611219865,0.0007513873312686545
T01,1,BG6,6,0.07700080797537032,0.0010053959245375308
T01,1,BG6,7,0.0846151009602907,0.0013143571480070157
T01,1,BG6,8,0.09113749487954612,0.0016909028985290394
T01,1,BG6,9,0.09671726384302906,0.0021520725159530902
T01,1,BG6,10,0.10149644444049641,0.0027198440413565457
T01,1,BG6,11,0.10564355226157941,0.003423778123038359
T01,1,BG6,12,0.1090557836600739,0.004292501130361537
T01,1,BG6,13,0.07624819165238451,0.003660096041734303
T01,1,BG6,14,0.06158096901471967,0.0036194791518187994
T01,1,BG6,15,0.049352852877577964,0.0035650309281310805
T01,1,BG6,16,0.0393402493457121,0.003503973370493951
T01,1,BG6,17,0.031139920073898153,0.0034288148377009746
T01,1,BG6,18,0.02448415360028427,0.003338310529302841
T01,1,BG6,19,0.019122944666498748,0.003229574688299026
T01,1,BG6,20,0.014853377833588617,0.0031025969490326177
T01,1,BG6,21,0.011463622448803362,0.002950508693595799
T01,1,BG6,22,0.008890175884140187,0.002800919678329094
T01,1,BG6,23,0.006893829908136597,0.002632582843388008
T01,1,BG6,24,0.005485164617037854,0.002505074117793531
T01,1,BG6,25,0.03191566862311888,0.01714053543309871
T01,1,BG6,26,0.041572884719036245,0.025742174450108332
T01,1,BG6,27,0.04617696209050374,0.03226249342413736
T01,1,BG6,28,0.04773225350240875,0.03680792760049397
T01,1,BG6,29,0.048548448641398366,0.0404578105248188
T01,1,BG6,30,0.048905875294779785,0.043218358797146514
T01,1,BG6,31,0.049078990975553766,0.04526213393109086
T01,1,BG6,32,0.04938502573925833,0.04692487060791822
T01,1,BG6,33,0.04960824195854558,0.04809399850992898
T01,1,BG6,34,0.04975525904559209,0.048867562724768575
T01,1,BG6,35,0.049830789860753365,0.0493374162176291
T01,1,BG6,36,0.04992427424904334,0.04992427424904334
T01,1,BG7,0,0.0,0.0
T01,1,BG7,1,0.02280227485531047,0.00013209929897837775
T01,1,BG7,2,0.04275985098722591,0.0002893971809999495
T01,1,BG7,3,0.06018272696294525,0.0004774588150502442
T01,1,BG7,4,0.07534103763206107,0.00070311370294207
T01,1,BG7,5,0.0884486054632157,0.0009745250064742649
T01,1,BG7,6,0.09981096270584194,0.0013032270425372468
T01,1,BG7,7,0.10961146932551248,0.0017026348372387965
T01,1,BG7,8,0.1180691265319492,0.002190574014002979
T01,1,BG7,9,0.1252354626525961,0.0027866358778657267
T01,1,BG7,10,0.13131101620061347,0.0035187979884789976
T01,1,BG7,11,0.13662808378001406,0.004427948828175306
T01,1,BG7,12,0.14099247795462003,0.005549548593380088
T01,1,BG7,13,0.09860968383163624,0.004733501294110582
T01,1,BG7,14,0.07962323412192149,0.0046799301950399275
T01,1,BG7,15,0.06391097078801271,0.004616644710028786
T01,1,BG7,16,0.05086726265294931,0.0045306660921881695
T01,1,BG7,17,0.04033436215567081,0.004441214335514976
T01,1,BG7,18,0.03172576599298305,0.004325673679614382
T01,1,BG7,19,0.024763652330286767,0.0041822044709796105
T01,1,BG7,20,0.019217230303979798,0.004014125327640588
T01,1,BG7,21,0.014826875274477862,0.003816143153370944
T01,1,BG7,22,0.011429916338635628,0.003601084834738483
T01,1,BG7,23,0.008795247746406776,0.003358687209593239
T01,1,BG7,24,0.006880202886509183,0.003142187953325473
T01,1,BG7,25,0.03187405723257383,0.017118187761717266
T01,1,BG7,26,0.03955348922895775,0.024491752909808134
T01,1,BG7,27,0.04337497486644099,0.030304826788596514
T01,1,BG7,28,0.04570717408336849,0.03524632153009274
T01,1,BG7,29,0.04724866012222857,0.03937463283746442
T01,1,BG7,30,0.048103500061006214,0.04250929603014294
T01,1,BG7,31,0.04858741172175227,0.0448087846811361
T01,1,BG7,32,0.04894270507134423,0.046504584446568895
T01,1,BG7,33,0.04913764566137996,0.04763776669640895
T01,1,BG7,34,0.04925923403169697,0.048380387457913884
T01,1,BG7,35,0.04931482628821888,0.04882656124433884
T01,1,BG7,36,0.049391287919660735,0.049391287919660735
T01,1,BG8,0,0.0,0.0
T01,1,BG8,1,0.017389686826758566,0.00010074281868172051
T01,1,BG8,2,0.032608620441491994,0.00022069400707150038
T01,1,BG8,3,0.04594106414344805,0.00036447278291077214
T01,1,BG8,4,0.057485052102370815,0.0005364742649526746
T01,1,BG8,5,0.06746741413470099,0.0007433546522991558
T01,1,BG8,6,0.07619747701428059,0.0009949068684466347
T01,1,BG8,7,0.08368837700459392,0.0012999620135026033
T01,1,BG8,8,0.09018541444443791,0.0016732386451254327
T01,1,BG8,9,0.09578049668277099,0.0021312283480597756
T01,1,BG8,10,0.10056446049312837,0.0026948692581123643
T01,1,BG8,11,0.10477669127470574,0.0033956842165938647
T01,1,BG8,12,0.10825762461922481,0.004261085105380207
T01,1,BG8,13,0.07567248656029313,0.0036324608242480016
T01,1,BG8,14,0.06120382217257106,0.0035973120024672426
T01,1,BG8,15,0.049156351721625295,0.0035508365530326604
T01,1,BG8,16,0.03922162992623636,0.0034934081289132793
T01,1,BG8,17,0.03108684745692652,0.0034229710174156157
T01,1,BG8,18,0.02450387337487001,0.0033409992439241126
T01,1,BG8,19,0.01924503507221581,0.0032501939010803177
T01,1,BG8,20,0.015144808600729814,0.00316347146810215
T01,1,BG8,21,0.011830848980667996,0.0030450255077118836
T01,1,BG8,22,0.009434819754463971,0.0029725140058642794
T01,1,BG8,23,0.0077417435238919955,0.0029563800486151516
T01,1,BG8,24,0.006464009160331296,0.002952112315308239
T01,1,BG8,25,0.019602738693561172,0.010527789416311918
T01,1,BG8,26,0.025757735427302555,0.015949341108605252
T01,1,BG8,27,0.030137598419898576,0.021056258943610677
T01,1,BG8,28,0.03316190900040413,0.025572250478894734
T01,1,BG8,29,0.03538253208345071,0.02948600461093121
T01,1,BG8,30,0.03669238681840645,0.03242523995886854
T01,1,BG8,31,0.03753117695780594,0.0346123897053768
T01,1,BG8,32,0.03811419478274043,0.03621550532943983
T01,1,BG8,33,0.038463941296672854,0.037289866807743356
T01,1,BG8,34,0.03867230370425409,0.037982341190431194
T01,1,BG8,35,0.03878664498584709,0.03840261909757467
T01,1,BG8,36,0.03893154635282119,0.03893154635282119
T01,1,BG9,0,0.0,0.0
T01,1,BG9,1,0.01091560223326462,6.323682246692527e-05
T01,1,BG9,2,0.020461964162162772,0.00013848586072501723
T01,1,BG9,3,0.028831590226441002,0.0002287350136623182
T01,1,BG9,4,0.03605958345205956,0.0003365229371045188
T01,1,BG9,5,0.042335431572465804,0.0004664509587738886
T01,1,BG9,6,0.04781033826165734,0.000624257335660749
T01,1,BG9,7,0.05245244612384999,0.0008147629324575245
T01,1,BG9,8,0.056517927312146644,0.0010485950597149607
T01,1,BG9,9,0.0600081671324251,0.0013352520805991668
T01,1,BG9,10,0.06297585961567614,0.0016875912996079695
T01,1,BG9,11,0.0656157324079894,0.0021265255163402425
T01,1,BG9,12,0.06780954839469405,0.0026690245359797496
T01,1,BG9,13,0.047407612952920286,0.0022756790987376544
T01,1,BG9,14,0.0383889537512168,0.0022563467262991
T01,1,BG9,15,0.0307855751853095,0.002223813241946872
T01,1,BG9,16,0.024556263274101223,0.00218718727692896
T01,1,BG9,17,0.019561487156220147,0.002153914248961451
T01,1,BG9,18,0.015382890149790239,0.002097391852214995
T01,1,BG9,19,0.012115795353752274,0.0020461736766612445
T01,1,BG9,20,0.009532507842383516,0.0019911652487662134
T01,1,BG9,21,0.007494031586719633,0.0019288148607517085
T01,1,BG9,22,0.005995533691538145,0.0018889399311017834
T01,1,BG9,23,0.004897760326648802,0.0018703333251499942
T01,1,BG9,24,0.004158561243410357,0.0018992144919983006
T01,1,BG9,25,0.018006137305802784,0.009670323315381767
T01,1,BG9,26,0.024049030574176965,0.014891300961984023
T01,1,BG9,27,0.028131578991149774,0.019654711795712564
T01,1,BG9,28,0.030776327605820587,0.023732649394529286
T01,1,BG9,29,0.032755302636299735,0.027296605110413263
T01,1,BG9,30,0.03389929693113944,0.029956972925180392
T01,1,BG9,31,0.03461438398375881,0.03192243468429615
T01,1,BG9,32,0.035118172037919136,0.03336873178330703
T01,1,BG9,33,0.035416754722011,0.03433569269112936
T01,1,BG9,34,0.035590590412371684,0.03495560952343015
T01,1,BG9,35,0.03568496090718403,0.03533164474570414
T01,1,BG9,36,0.03581028585089263,0.03581028585089263
T01,1,BG10,0,0.0,0.0
T01,1,BG10,1,0.013083003592360077,7.579312221165441e-05
T01,1,BG10,2,0.024522414624584057,0.00016596684779240833
T01,1,BG10,3,0.034496297706268525,0.0002736758907365519
T01,1,BG10,4,0.04315869869689096,0.00040277481471246823
T01,1,BG10,5,0.05068849881002437,0.0005584848898636264
T01,1,BG10,6,0.05722745426283674,0.0007472161768997622
T01,1,BG10,7,0.06282507816627717,0.0009758847988013533
T01,1,BG10,8,0.06756194748294493,0.0012534982758322611
T01,1,BG10,9,0.07162354742645412,0.0015937079078192278
T01,1,BG10,10,0.07501083741069633,0.0020100977953159105
T01,1,BG10,11,0.07798527035644183,0.0025274070837661353
T01,1,BG10,12,0.08028604559979097,0.003160106961002653
T01,1,BG10,13,0.056258371755372474,0.0027005367555210775
T01,1,BG10,14,0.04552557498291811,0.0026758083278636867
T01,1,BG10,15,0.03660390180765155,0.002644103318768652
T01,1,BG10,16,0.02927835561979538,0.0026077765141258196
T01,1,BG10,17,0.023316429231152853,0.0025673706994499474
T01,1,BG10,18,0.0185293423625608,0.0025263972734466023
T01,1,BG10,19,0.014762793257572302,0.002493211388408485
T01,1,BG10,20,0.011813888461245018,0.0024677036211510107
T01,1,BG10,21,0.009551253781752504,0.0024583029923457137
T01,1,BG10,22,0.008029773702279896,0.0025298432173779585
T01,1,BG10,23,0.006845776667855343,0.002614232504288967
T01,1,BG10,24,0.006084759567762119,0.0027789090723463663
T01,1,BG10,25,0.028470993748109793,0.015290548451498773
T01,1,BG10,26,0.03627712392942622,0.022463008290416833
T01,1,BG10,27,0.03986240522748328,0.027850697137908435
T01,1,BG10,28,0.04115275050233643,0.031734254120362834
T01,1,BG10,29,0.04165292882090353,0.03471143471326515
T01,1,BG10,30,0.04181025496872844,0.03694792488959173
T01,1,BG10,31,0.04187532454547034,0.03861869435286783
T01,1,BG10,32,0.04207547197712025,0.03997944823957057
T01,1,BG10,33,0.04220406929317606,0.040915831091077874
T01,1,BG10,34,0.04227957937229746,0.04152525846134537
T01,1,BG10,35,0.04231315498170109,0.04189421322326742
T01,1,BG10,36,0.042356525125687154,0.042356525125687154
T01,1,BG11,0,0.0,0.0
T01,1,BG11,1,0.010128216888432809,5.8675301437828464e-05
T01,1,BG11,2,0.01901212363552274,0.0001286733900044782
T01,1,BG11,3,0.026728931574140333,0.00021205360093011784
T01,1,BG11,4,0.033472577312655585,0.000312379926180671
T01,1,BG11,5,0.039285154127111734,0.0004328430612799314
T01,1,BG11,6,0.04435730757541701,0.0005791712782389508
T01,1,BG11,7,0.04867099369911992,0.00075602425534223
T01,1,BG11,8,0.05237739369013051,0.0009717744253098077
T01,1,BG11,9,0.055568632481869835,0.0012364672265863577
T01,1,BG11,10,0.05826207387915651,0.0015612739454109697
T01,1,BG11,11,0.060614292670742045,0.001964434978222831
T01,1,BG11,12,0.062493617830274226,0.002459786319340669
T01,1,BG11,13,0.043731393865042115,0.002099211777728424
T01,1,BG11,14,0.03536073897156076,0.002078360568803508
T01,1,BG11,15,0.028439995317281662,0.002054378965812545
T01,1,BG11,16,0.022683576767841402,0.002020390067271768
T01,1,BG11,17,0.018011079037742336,0.001983198893775141
T01,1,BG11,18,0.01423348541574171,0.0019406753887593288
T01,1,BG11,19,0.011192170425789428,0.0018901874651317562
T01,1,BG11,20,0.008785966494772401,0.0018352265179895342
T01,1,BG11,21,0.006920114292869921,0.0017810999508769668
T01,1,BG11,22,0.0055706157613337175,0.0017550662106913682
T01,1,BG11,23,0.004513440664763802,0.001723571169173734
T01,1,BG11,24,0.0038480191768245704,0.0017573899656708875
T01,1,BG11,25,0.023774561151495323,0.012768296105378522
T01,1,BG11,26,0.029748982401265327,0.018420744672833972
T01,1,BG11,27,0.033046450671078816,0.023088588947176768
T01,1,BG11,28,0.03479255634518925,0.026829696914567783
T01,1,BG11,29,0.03568749937997098,0.029740148877238175
T01,1,BG11,30,0.03610961733205335,0.03191024377810752
T01,1,BG11,31,0.036276517137133445,0.03345530443545023
T01,1,BG11,32,0.036504859201255534,0.03468634008218469
T01,1,BG11,33,0.0366493164783962,0.03553063177058533
T01,1,BG11,34,0.036732357828711135,0.03607700642793076
T01,1,BG11,35,0.03677559383055111,0.03641147931252241
T01,1,BG11,36,0.03682849737681942,0.03682849737681942
T01,1,BG12,0,0.0,0.0
T01,1,BG12,1,0.010538136707413586,6.105006978141366e-05
T01,1,BG12,2,0.01974760791234459,0.00013365112209118364
T01,1,BG12,3,0.0277938554962512,0.00022050215949813098
T01,1,BG12,4,0.03480289239999446,0.00032479497675852475
T01,1,BG12,5,0.04084428613652665,0.00045002154613371344
T01,1,BG12,6,0.04610027049344767,0.0006019290612346825
T01,1,BG12,7,0.05061325386443873,0.0007861940864898937
T01,1,BG12,8,0.05453184624623723,0.001011746668227622
T01,1,BG12,9,0.05783312627648431,0.0012868548672115964
T01,1,BG12,10,0.06075674250521722,0.0016281246571225865
T01,1,BG12,11,0.06321393057481617,0.0020486860567764955
T01,1,BG12,12,0.06526286972701036,0.0025687857422248524
T01,1,BG12,13,0.045625398532152854,0.0021901285443330213
T01,1,BG12,14,0.036889644650149246,0.0021682234255345307
T01,1,BG12,15,0.029647075071926637,0.002141573047662474
T01,1,BG12,16,0.023616914677302595,0.0021035209887805416
T01,1,BG12,17,0.018736038262236503,0.0020630241164276645
T01,1,BG12,18,0.014796626630763003,0.0020174573057733726
T01,1,BG12,19,0.011666620727382762,0.001970314906120185
T01,1,BG12,20,0.009124919610254573,0.001906027576297599
T01,1,BG12,21,0.007112741685550896,0.0018306784157115937
T01,1,BG12,22,0.005694672086764052,0.0017941511266531978
T01,1,BG12,23,0.004560644612166899,0.0017415971850104112
T01,1,BG12,24,0.0037939837229792202,0.001732711975941766
T01,1,BG12,25,0.020454041729813983,0.010984987681225007
T01,1,BG12,26,0.02559813784468778,0.015850517328795607
T01,1,BG12,27,0.029450331256915586,0.020576085473587816
T01,1,BG12,28,0.03215118732861627,0.024792849451356215
T01,1,BG12,29,0.03408783723943717,0.028407071746222572
T01,1,BG12,30,0.03527189267753986,0.031169942372331286
T01,1,BG12,31,0.03601562089563571,0.03321469795120113
T01,1,BG12,32,0.03652608677898421,0.03470651025438799
T01,1,BG12,33,0.036807901278067656,0.035684375818591255
T01,1,BG12,34,0.036980518793838214,0.03632073987491484
T01,1,BG12,35,0.03706948090415865,0.03670245667154927
T01,1,BG12,36,0.03719039203776076,0.03719039203776076
T01,1,BG13,0,0.0,0.0
T01,1,BG13,1,0.00939310124107024,5.441659214513814e-05
T01,1,BG13,2,0.017571529749659504,0.00011892350094147497
T01,1,BG13,3,0.02477148641005833,0.00019652423772672264
T01,1,BG13,4,0.03097951232487796,0.00028911361372692304
T01,1,BG13,5,0.036399501872202034,0.00040104899993448486
T01,1,BG13,6,0.041047625887035775,0.0005359569192185081
T01,1,BG13,7,0.045078215556522,0.0007002163248798492
T01,1,BG13,8,0.048537655516470136,0.0009005345407339365
T01,1,BG13,9,0.05145852865413236,0.0011450125987688138
T01,1,BG13,10,0.0539179080010138,0.0014448614570473518
T01,1,BG13,11,0.05612084711346515,0.0018188079100056038
T01,1,BG13,12,0.05791213618031728,0.002279456453418102
T01,1,BG13,13,0.040467104399468476,0.0019425180530666987
T01,1,BG13,14,0.03274384717706407,0.0019245502983833182
T01,1,BG13,15,0.026340711128288074,0.0019027359996192385
T01,1,BG13,16,0.020992435342820366,0.0018697627885398184
T01,1,BG13,17,0.01667291024493459,0.0018358532029556349
T01,1,BG13,18,0.013141458093223,0.0017917820960259435
T01,1,BG13,19,0.01034599365162007,0.0017472810697513647
T01,1,BG13,20,0.008137873265768597,0.0016998517803911155
T01,1,BG13,21,0.00635350163857746,0.0016352651115703384
T01,1,BG13,22,0.005095613069825816,0.0016054128846418872
T01,1,BG13,23,0.0040840521394754446,0.00155959832661399
T01,1,BG13,24,0.003396085123482849,0.001550991728140634
T01,1,BG13,25,0.02176023939128108,0.011686490343571302
T01,1,BG13,26,0.027935673862925895,0.017297933367016113
T01,1,BG13,27,0.03057281809380061,0.021360334209854275
T01,1,BG13,28,0.03256047112799187,0.02510846181456532
T01,1,BG13,29,0.034061401051240024,0.02838504111827467
T01,1,BG13,30,0.03494621298252919,0.030882137664262378
T01,1,BG13,31,0.035504956186745686,0.032743747448625356
T01,1,BG13,32,0.03593306289685007,0.03414302822952352
T01,1,BG13,33,0.03616302084442641,0.03505917968080308
T01,1,BG13,34,0.036304725979694606,0.03565700404546962
T01,1,BG13,35,0.03637713796496937,0.03601696852286448
T01,1,BG13,36,0.036475263120303816,0.036475263120303816
T01,1,BG14,0,0.0,0.0
T01,1,BG14,1,0.007120680364113485,4.125188774942551e-05
T01,1,BG14,2,0.013378684245799955,9.054646891905584e-05
T01,1,BG14,3,0.01880634522788082,0.00014919987431293003
T01,1,BG14,4,0.023507310688403216,0.00021937994026557958
T01,1,BG14,5,0.02760957306225993,0.00030420173668672804
T01,1,BG14,6,0.03115573990705661,0.0004067990292588361
T01,1,BG14,7,0.03419583369006988,0.0005311763270041084
T01,1,BG14,8,0.03689827906993067,0.0006845854944647384
T01,1,BG14,9,0.03908912552845746,0.000869778872324065
T01,1,BG14,10,0.04105113798630417,0.0011000650679846668
T01,1,BG14,11,0.042717853422845904,0.0013844333029566732
T01,1,BG14,12,0.044146620611594495,0.0017376374955558776
T01,1,BG14,13,0.030929558037117385,0.001484692960877252
T01,1,BG14,14,0.025033792183646462,0.0014713845923651847
T01,1,BG14,15,0.020111785118925616,0.0014527860437889171
T01,1,BG14,16,0.01609933522308225,0.0014339421561760184
T01,1,BG14,17,0.012792526473644423,0.0014085843665620562
T01,1,BG14,18,0.010113985499533023,0.0013789990428838678
T01,1,BG14,19,0.008017381256124454,0.001354013830790139
T01,1,BG14,20,0.00640798542242116,0.0013385100813134865
T01,1,BG14,21,0.005123125205303924,0.0013185906573945775
T01,1,BG14,22,0.004260581826125123,0.0013423297371593856
T01,1,BG14,23,0.0036201479956239984,0.0013824448291585082
T01,1,BG14,24,0.003195964928453782,0.0014595968565613735
T01,1,BG14,25,0.01745931466654632,0.009376648333639256
T01,1,BG14,26,0.022006790886763248,0.013626734203921591
T01,1,BG14,27,0.025285695861637376,0.01766637643903716
T01,1,BG14,28,0.027124922609967145,0.020916929617992734
T01,1,BG14,29,0.028274303627197416,0.023562368181858355
T01,1,BG14,30,0.02885571743599769,0.025499937286907585
T01,1,BG14,31,0.029193455395656747,0.026923090045343098
T01,1,BG14,32,0.02945867563847392,0.02799116778944243
T01,1,BG14,33,0.02960324779896178,0.028699637345947906
T01,1,BG14,34,0.029693249983045063,0.029163485100635878
T01,1,BG14,35,0.029745138124618865,0.029450632091368535
T01,1,BG14,36,0.029810911710955023,0.029810911710955023
T01,1,BG15,0,0.0,0.0
T01,1,BG15,1,0.006159362806463843,3.5682734032831955e-05
T01,1,BG15,2,0.011539858317589377,7.810135905837525e-05
T01,1,BG15,3,0.01624463769735207,0.0001288766036557371
T01,1,BG15,4,0.02034133558081461,0.0001898337513494583
T01,1,BG15,5,0.023856270347831502,0.00026284792088493046
T01,1,BG15,6,0.026940868912454896,0.000351765656986136
T01,1,BG15,7,0.029580604063633182,0.0004594862860348436
T01,1,BG15,8,0.03188817638625025,0.0005916314659993912
T01,1,BG15,9,0.03383299332084293,0.0007528237692442508
T01,1,BG15,10,0.0355587369051503,0.0009528828233446357
T01,1,BG15,11,0.03699898637404723,0.0011990918268829991
T01,1,BG15,12,0.03820673480266489,0.0015038400264720136
T01,1,BG15,13,0.026754973549692907,0.0012843028904591508
T01,1,BG15,14,0.02170023796162036,0.0012754518181271152
T01,1,BG15,15,0.01746804591740212,0.0012618140639464876
T01,1,BG15,16,0.013985573285977843,0.0012456727429987875
T01,1,BG15,17,0.011156872878004185,0.0012284826420310615
T01,1,BG15,18,0.008827382758671943,0.0012035762147327967
T01,1,BG15,19,0.007050924888777916,0.0011907940384727385
T01,1,BG15,20,0.005620564322973916,0.0011740323269060552
T01,1,BG15,21,0.004493552169416071,0.0011565510644605728
T01,1,BG15,22,0.00376277734337147,0.0011854925267983834
T01,1,BG15,23,0.003215551163792338,0.001227939324308744
T01,1,BG15,24,0.0028219650870898224,0.0012887911633412768
T01,1,BG15,25,0.01703552144593412,0.009149047231316054
T01,1,BG15,26,0.022699741913745294,0.014055813545251284
T01,1,BG15,27,0.026073615460625865,0.01821687285338868
T01,1,BG15,28,0.027804963478619008,0.021441331699414732
T01,1,BG15,29,0.028843947745794046,0.024037080637390722
T01,1,BG15,30,0.02946028032895244,0.026034192447586552
T01,1,BG15,31,0.029834219008767243,0.027514021621728744
T01,1,BG15,32,0.030115683988129745,0.02861544683727228
T01,1,BG15,33,0.030274201145520624,0.029350110555776004
T01,1,BG15,34,0.030360815245466986,0.029819140107721607
T01,1,BG15,35,0.030407848860152468,0.030106781331360504
T01,1,BG15,36,0.030472188811644783,0.030472188811644783
T01,2,BG1,0,0.0,0.0
T01,2,BG1,1,0.003545566353518146,2.0540355382239085e-05
T01,2,BG1,2,0.006641416214793015,4.494887357560194e-05
T01,2,BG1,3,0.009220611817150495,7.31515935740364e-05
T01,2,BG1,4,0.011506765092339598,0.00010738588785745482
T01,2,BG1,5,0.013480970918810235,0.0001485330741851748
T01,2,BG1,6,0.0151725407363572,0.0001981071502071304
T01,2,BG1,7,0.016640195280777485,0.0002584782077050679
T01,2,BG1,8,0.01786109546766982,0.0003313825779228748
T01,2,BG1,9,0.01887263341150926,0.0004199382210245445
T01,2,BG1,10,0.019751208177066857,0.0005292816529989824
T01,2,BG1,11,0.020508572135340564,0.0006646577017556716
T01,2,BG1,12,0.021079404986944522,0.0008296980375446446
T01,2,BG1,13,0.014821852092452178,0.0007114844444830568
T01,2,BG1,14,0.012001136748833123,0.0007053780578604084
T01,2,BG1,15,0.00973542810202002,0.0007032440915894792
T01,2,BG1,16,0.007895271832305237,0.0007032192914245442
T01,2,BG1,17,0.006311629327632924,0.000694973148358388
T01,2,BG1,18,0.005163955147729099,0.0007040833921063143
T01,2,BG1,19,0.0042089914811508766,0.0007108346836977736
T01,2,BG1,20,0.0035511870354039063,0.000741777540667427
T01,2,BG1,21,0.0030244426007627816,0.0007784314452518712
T01,2,BG1,22,0.002723303925742463,0.0008579982732913983
T01,2,BG1,23,0.002494912845162742,0.0009527454015270999
T01,2,BG1,24,0.0026123055369602828,0.0011930396711686314
T01,2,BG1,25,0.010072421134047124,0.005409464967523823
T01,2,BG1,26,0.013606605972322567,0.008425290351104576
T01,2,BG1,27,0.016195152537267617,0.01131507959836885
T01,2,BG1,28,0.018050255645331657,0.013919152226992195
T01,2,BG1,29,0.019261270853098648,0.016051364562867328
T01,2,BG1,30,0.019962744819520786,0.017641174273676886
T01,2,BG1,31,0.02038100601348015,0.018795981875341795
T01,2,BG1,32,0.02060666762977767,0.01958012976736317
T01,2,BG1,33,0.0206897587663023,0.02005822396178545
T01,2,BG1,34,0.02072298000825638,0.020353255976545435
T01,2,BG1,35,0.02073999156721473,0.020534645320642628
T01,2,BG1,36,0.020773225049778785,0.020773225049778785
T01,2,BG2,0,0.0,0.0
T01,2,BG2,1,0.003651561287868657,2.1154410641931616e-05
T01,2,BG2,2,0.0068447393906697265,4.632495768713453e-05
T01,2,BG2,3,0.009522035233359339,7.554293199140564e-05
T01,2,BG2,4,0.011896958964383503,0.00011102733838301625
T01,2,BG2,5,0.01396602335772544,0.00015387737234786754
T01,2,BG2,6,0.015699734103324356,0.00020499068915928083
T01,2,BG2,7,0.01724219493350407,0.00026782928788987126
T01,2,BG2,8,0.018495493077894977,0.00034315275898207727
T01,2,BG2,9,0.019578896506447407,0.00043565340235829787
T01,2,BG2,10,0.020490932186425604,0.000549104356123944
T01,2,BG2,11,0.021258252886852125,0.0006889539363283717
T01,2,BG2,12,0.02189258624638012,0.0008617053407638544
T01,2,BG2,13,0.015355756562604532,0.0007371131408127891
T01,2,BG2,14,0.012456582344157249,0.0007321473002744657
T01,2,BG2,15,0.01005339581598001,0.0007262126684751294
T01,2,BG2,16,0.008114722424820253,0.0007227654053390395
T01,2,BG2,17,0.006471321628240775,0.0007125568574086929
T01,2,BG2,18,0.005259643817173218,0.0007171301355443682
T01,2,BG2,19,0.004282735552414127,0.0007232889382025808
T01,2,BG2,20,0.0036007035791160587,0.000752120633670386
T01,2,BG2,21,0.0030375285745213158,0.0007817995144479994
T01,2,BG2,22,0.002710591735237991,0.0008539931960674525
T01,2,BG2,23,0.002434934172483966,0.0009298410340278617
T01,2,BG2,24,0.002407267900104996,0.001099399002990385
T01,2,BG2,25,0.010192361884038955,0.005473879993122152
T01,2,BG2,26,0.01362987906723807,0.008439701188327861
T01,2,BG2,27,0.01600782874858641,0.011184201920732767
T01,2,BG2,28,0.017558443948038724,0.013539899858901704
T01,2,BG2,29,0.018579749414733365,0.015483419202965296
T01,2,BG2,30,0.019267354894508096,0.017026654842171363
T01,2,BG2,31,0.019658907687219257,0.018130040956694685
T01,2,BG2,32,0.01994667898752954,0.01895301901801285
T01,2,BG2,33,0.020071846577034293,0.01945917294591261
T01,2,BG2,34,0.020133036078149574,0.019773837428581232
T01,2,BG2,35,0.020163372824169953,0.01996373567018024
T01,2,BG2,36,0.020214391027216262,0.020214391027216262
T01,2,BG3,0,0.0,0.0
T01,2,BG3,1,0.0042156477171897,2.442230481561695e-05
T01,2,BG3,2,0.007895062338257661,5.343350684588009e-05
T01,2,BG3,3,0.010965096327603592,8.699143685521245e-05
T01,2,BG3,4,0.013704614878022991,0.00012789713065318347
T01,2,BG3,5,0.01605459327381401,0.00017688919505615057
T01,2,BG3,6,0.01807161952511079,0.00023596028550091567
T01,2,BG3,7,0.019851552137060677,0.0003083613824606415
T01,2,BG3,8,0.02133464220374243,0.0003958283942406074
T01,2,BG3,9,0.022625492110747363,0.0005034437265396118
T01,2,BG3,10,0.023705733056917314,0.0006352527631009999
T01,2,BG3,11,0.024584887348591142,0.0007967660833037413
T01,2,BG3,12,0.02540240865408885,0.000999854060358756
T01,2,BG3,13,0.01783420864954543,0.0008560847829552735
T01,2,BG3,14,0.01448528795644309,0.0008513863744414313
T01,2,BG3,15,0.011674085280034259,0.0008432840777813845
T01,2,BG3,16,0.009436543899883975,0.0008404979388791471
T01,2,BG3,17,0.007565114752210851,0.0008329943568849695
T01,2,BG3,18,0.006120115999719511,0.0008344518688223486
T01,2,BG3,19,0.004953082544434971,0.0008365003544767562
T01,2,BG3,20,0.004147307032494562,0.0008662960224456452
T01,2,BG3,21,0.003566014171228193,0.0009178212076837466
T01,2,BG3,22,0.003146796502736887,0.0009914229314808216
T01,2,BG3,23,0.0029880758502373347,0.0011410721359318228
T01,2,BG3,24,0.0031716072625530972,0.0014484727144819327
T01,2,BG3,25,0.012213901201586849,0.006559561963305694
T01,2,BG3,26,0.016451439623784772,0.01018682807684671
T01,2,BG3,27,0.01940568286888988,0.013558183266856672
T01,2,BG3,28,0.021405576464149763,0.01650655166237938
T01,2,BG3,29,0.02278581039414474,0.01898853677392568
T01,2,BG3,30,0.023681814992880343,0.020927734643182243
T01,2,BG3,31,0.024232769867191948,0.022348195331650382
T01,2,BG3,32,0.024511309944075157,0.023290259169284573
T01,2,BG3,33,0.024581664851478627,0.023831333354770216
T01,2,BG3,34,0.02459662496380069,0.024157790234089285
T01,2,BG3,35,0.024584974142359484,0.024341558775394685
T01,2,BG3,36,0.024595454650879648,0.024595454650879648
T01,2,BG4,0,0.0,0.0
T01,2,BG4,1,0.003824748917364762,2.2157730050434962e-05
T01,2,BG4,2,0.007088358587129943,4.797376397129907e-05
T01,2,BG4,3,0.009893985087081454,7.849379083113343e-05
T01,2,BG4,4,0.012339841183792844,0.00011516049822742763
T01,2,BG4,5,0.014418217580120813,0.00015885963915305803
T01,2,BG4,6,0.01630471602718199,0.000212889909415456
T01,2,BG4,7,0.017898877560954502,0.00027802977768334644
T01,2,BG4,8,0.019267716975564193,0.0003574800743046374
T01,2,BG4,9,0.020484812689690435,0.0004558111011120005
T01,2,BG4,10,0.021427806376450066,0.0005742101778183757
T01,2,BG4,11,0.02231002982687519,0.0007230407369947159
T01,2,BG4,12,0.02296562313349331,0.000903940714847782
T01,2,BG4,13,0.016132658901798238,0.0007744063143648657
T01,2,BG4,14,0.013076183447772748,0.0007685649346505131
T01,2,BG4,15,0.010582962364073223,0.0007644662027783292
T01,2,BG4,16,0.008547871333857014,0.0007613452909386383
T01,2,BG4,17,0.006879591926002787,0.000757511478117005
T01,2,BG4,18,0.005601184830843473,0.000763697804448724
T01,2,BG4,19,0.004560732819676058,0.000770238450647239
T01,2,BG4,20,0.0038565617069522776,0.0008055646814670789
T01,2,BG4,21,0.0033255722416953666,0.0008559362330619496
T01,2,BG4,22,0.0029755667520893936,0.0009374756560041842
T01,2,BG4,23,0.002807791280331001,0.0010722259265710044
T01,2,BG4,24,0.003025016000610375,0.0013815244963821588
T01,2,BG4,25,0.011254065754499701,0.006044075563161767
T01,2,BG4,26,0.015011869536666979,0.009295437819882102
T01,2,BG4,27,0.017574148888302138,0.012278544055675017
T01,2,BG4,28,0.019232150703469772,0.014830550797076163
T01,2,BG4,29,0.020365362124729364,0.016971458158086723
T01,2,BG4,30,0.02102215854089082,0.018577383306329166
T01,2,BG4,31,0.021378154983085422,0.019715582897464626
T01,2,BG4,32,0.021567275378224473,0.020492884042858588
T01,2,BG4,33,0.02163720400013179,0.02097674935561557
T01,2,BG4,34,0.021688024265344913,0.021301082667974605
T01,2,BG4,35,0.021708162586780204,0.02149323047863334
T01,2,BG4,36,0.02174602878167585,0.02174602878167585
T01,2,BG5,0,0.0,0.0
T01,2,BG5,1,0.015484353580665336,8.97047450637966e-05
T01,2,BG5,2,0.028999103174273254,0.00019626491969579985
T01,2,BG5,3,0.04081174967856265,0.0003237794398739017
T01,2,BG5,4,0.0510772424949491,0.00047667393896797173
T01,2,BG5,5,0.0600251978858111,0.0006613564572400942
T01,2,BG5,6,0.06774065158670681,0.000884486499457502
T01,2,BG5,7,0.07436469502821547,0.0011551338690051702
T01,2,BG5,8,0.08009188642449415,0.0014859702119983825
T01,2,BG5,9,0.08501701237116971,0.001891728201116311
T01,2,BG5,10,0.08904755490449168,0.00238624576883855
T01,2,BG5,11,0.09244861634928946,0.002996146415073205
T01,2,BG5,12,0.09538266878739522,0.0037543191212236994
T01,2,BG5,13,0.06670726738900283,0.003202108800469672
T01,2,BG5,14,0.05390945974409917,0.00316857901271331
T01,2,BG5,15,0.04324564790656991,0.0031238735652604085
T01,2,BG5,16,0.03446434988515515,0.0030696847634533995
T01,2,BG5,17,0.02732925526469085,0.0030092227484864714
T01,2,BG5,18,0.021547401388667925,0.0029378968204162004
T01,2,BG5,19,0.016804839776465512,0.0028380820108204353
T01,2,BG5,20,0.013054839749669814,0.002726915479623666
T01,2,BG5,21,0.01009906465909326,0.0025992986229551487
T01,2,BG5,22,0.007849030814526883,0.002472898751069527
T01,2,BG5,23,0.006133930804858717,0.0023423962025186937
T01,2,BG5,24,0.004937033192959509,0.0022547425569604323
T01,2,BG5,25,0.02349157300162833,0.012616315331443787
T01,2,BG5,26,0.0299664761213124,0.018555418144518006
T01,2,BG5,27,0.03486479766090545,0.024359014813426283
T01,2,BG5,28,0.03821965092753122,0.02947244352409602
T01,2,BG5,29,0.04059035992470743,0.033825943779695236
T01,2,BG5,30,0.04211898231358027,0.037220748660939836
T01,2,BG5,31,0.043096184000552346,0.03974460798894035
T01,2,BG5,32,0.04372703985982773,0.041548741937669074
T01,2,BG5,33,0.04405826785201248,0.04271343195639357
T01,2,BG5,34,0.04424579282069711,0.04345639223092358
T01,2,BG5,35,0.044343257049041726,0.04390421527948289
T01,2,BG5,36,0.04447546990691429,0.04447546990691429
T01,2,BG6,0,0.0,0.0
T01,2,BG6,1,0.017765919243349977,0.00010292242730886092
T01,2,BG6,2,0.03328762563643395,0.00022528949023920477
T01,2,BG6,3,0.04683815914759241,0.0003715898745998227
T01,2,BG6,4,0.05859444179569343,0.0005468275497023579
T01,2,BG6,5,0.06878796863792536,0.0007579044951196733
T01,2,BG6,6,0.07768727972600596,0.001014359154444385
T01,2,BG6,7,0.08527606867207907,0.0013246242033652053
T01,2,BG6,8,0.09182147240820679,0.0017035929475476316
T01,2,BG6,9,0.09747009893709858,0.002168823983966557
T01,2,BG6,10,0.1021916783431711,0.002738474524195063
T01,2,BG6,11,0.10623558469332983,0.0034429651772295185
T01,2,BG6,12,0.10959515116763263,0.004313730952519896
T01,2,BG6,13,0.07663790160003743,0.0036788030655312506
T01,2,BG6,14,0.06185593380497369,0.0036356404658491248
T01,2,BG6,15,0.0496191624973501,0.0035842679471542477
T01,2,BG6,16,0.039555787545505754,0.003523171020840991
T01,2,BG6,17,0.031310480338938046,0.003447595216045795
T01,2,BG6,18,0.024638084648856248,0.0033592983781310466
T01,2,BG6,19,0.019263988542272664,0.0032533948557428084
T01,2,BG6,20,0.014998550380454105,0.0031329208217214847
T01,2,BG6,21,0.011600045447263651,0.0029856212654677857
T01,2,BG6,22,0.009068599689454728,0.002857133498016246
T01,2,BG6,23,0.007265431727590871,0.002774488373013898
T01,2,BG6,24,0.0060624030260358714,0.0027686988393637165
T01,2,BG6,25,0.03119281999852654,0.016752324493442126
T01,2,BG6,26,0.04012341189238257,0.02484465231923595
T01,2,BG6,27,0.043672419403955685,0.030512642645298595
T01,2,BG6,28,0.04498423554765896,0.03468883969754532
T01,2,BG6,29,0.04580938479788425,0.03817521397891306
T01,2,BG6,30,0.04628920457398134,0.04090599434334246
T01,2,BG6,31,0.04665688292563174,0.04302839243666574
T01,2,BG6,32,0.047036609134290384,0.04469344233070364
T01,2,BG6,33,0.04732845101229558,0.04588379604064007
T01,2,BG6,34,0.04751218891141836,0.046664511648021434
T01,2,BG6,35,0.0476166230325434,0.047145171769703224
T01,2,BG6,36,0.047752937526944844,0.047752937526944844
T01,2,BG7,0,0.0,0.0
T01,2,BG7,1,0.022871643800973895,0.0001325011705030416
T01,2,BG7,2,0.042856005378286266,0.00029004795054242313
T01,2,BG7,3,0.06026677529433367,0.0004781256105054423
T01,2,BG7,4,0.07545513262469183,0.0007041784851264031
T01,2,BG7,5,0.08859162599761636,0.0009761008057715959
T01,2,BG7,6,0.099980821124522,0.0013054448746779267
T01,2,BG7,7,0.10981169473839811,0.0017057450096082925
T01,2,BG7,8,0.11825248994936784,0.00219397601333828
T01,2,BG7,9,0.12533345355284517,0.002788816292029001
T01,2,BG7,10,0.13134536609064668,0.003519718480085965
T01,2,BG7,11,0.13653701732305926,0.0044249974825776965
T01,2,BG7,12,0.14082356393495024,0.005542900042363037
T01,2,BG7,13,0.09852256542961821,0.0047293194044207435
T01,2,BG7,14,0.07953717356373405,0.0046748719017245905
T01,2,BG7,15,0.06385593617231569,0.004612669255769189
T01,2,BG7,16,0.050876880057113875,0.004531522694732961
T01,2,BG7,17,0.040274845916260314,0.004434661004934355
T01,2,BG7,18,0.031686516385060426,0.004320322161308472
T01,2,BG7,19,0.02472548723375282,0.004175758972414325
T01,2,BG7,20,0.01919784069936425,0.004010075191257236
T01,2,BG7,21,0.014836592860776187,0.0038186442696617993
T01,2,BG7,22,0.011405062167320859,0.003593254339730242
T01,2,BG7,23,0.008839522824504136,0.0033755947653988233
T01,2,BG7,24,0.006950823105855381,0.0031744402002085595
T01,2,BG7,25,0.030122126464223086,0.01617730097343372
T01,2,BG7,26,0.0372514002771992,0.023066285900793727
T01,2,BG7,27,0.041343991597869584,0.028885838282953706
T01,2,BG7,28,0.04386698367492229,0.03382728958924172
T01,2,BG7,29,0.04552102838312793,0.03793491238711823
T01,2,BG7,30,0.04660727590033648,0.04118707537834968
T01,2,BG7,31,0.04727680343196963,0.04360010198053034
T01,2,BG7,32,0.047792482471052125,0.04541166120465664
T01,2,BG7,33,0.04807395634383281,0.04660654546861178
T01,2,BG7,34,0.04824034938134621,0.04737968086161258
T01,2,BG7,35,0.0483360149237998,0.04785744108712335
T01,2,BG7,36,0.048462194883083204,0.048462194883083204
T01,2,BG8,0,0.0,0.0
T01,2,BG8,1,0.017655350375598813,0.00010228187412864641
T01,2,BG8,2,0.0331402409550303,0.0002242919960688294
T01,2,BG8,3,0.04655717027245341,0.00036936065269759405
T01,2,BG8,4,0.05829495735700432,0.0005440326375194127
T01,2,BG8,5,0.06846617834188866,0.0007543590143020576
T01,2,BG8,6,0.07722229229401824,0.0010082878351865279
T01,2,BG8,7,0.08470446502822633,0.001315745277044124
T01,2,BG8,8,0.09123375535748214,0.0016926888479990127
T01,2,BG8,9,0.09673733926683774,0.0021525192160051763
T01,2,BG8,10,0.10135867382629639,0.002716152148668179
T01,2,BG8,11,0.10542928897197569,0.003416834107506212
T01,2,BG8,12,0.10895969821865371,0.004288719151959393
T01,2,BG8,13,0.07617157307532536,0.0036564181712580635
T01,2,BG8,14,0.061565050251095314,0.0036185435215660517
T01,2,BG8,15,0.04945713807955953,0.0035725640291752216
T01,2,BG8,16,0.03948439657324567,0.003516812338585715
T01,2,BG8,17,0.03134986177846999,0.0034519315092879045
T01,2,BG8,18,0.024777351555880636,0.0033782868384574405
T01,2,BG8,19,0.019595172934152978,0.00330932686971233
T01,2,BG8,20,0.015438321974049152,0.0032247809992389928
T01,2,BG8,21,0.012173888826999607,0.003133317143194816
T01,2,BG8,22,0.00983919750256343,0.0030999163836463446
T01,2,BG8,23,0.008160726072784995,0.0031163791033949656
T01,2,BG8,24,0.007028441465667425,0.003209888494110515
T01,2,BG8,25,0.02075692601488778,0.011147653858636601
T01,2,BG8,26,0.028078217265174815,0.0173861971238506
T01,2,BG8,27,0.033544321475825194,0.023436436735822217
T01,2,BG8,28,0.037196942604939484,0.028683799160881762
T01,2,BG8,29,0.0397171936347407,0.03309829129870562
T01,2,BG8,30,0.0414096555018641,0.03659391311029593
T01,2,BG8,31,0.04245346792337955,0.039151875784170086
T01,2,BG8,32,0.04315917735087291,0.04100916792957947
T01,2,BG8,33,0.043500614137773,0.04217280009339516
T01,2,BG8,34,0.0436941447203668,0.04291458627243733
T01,2,BG8,35,0.043790770096375775,0.04335719853739462
T01,2,BG8,36,0.0439320474630128,0.0439320474630128
T01,2,BG9,0,0.0,0.0
T01,2,BG9,1,0.010920091414411071,6.326282921773554e-05
T01,2,BG9,2,0.020509162070181514,0.0001388052944888017
T01,2,BG9,3,0.028839763347355496,0.0002287998550921821
T01,2,BG9,4,0.03607285855283704,0.00033664682594928576
T01,2,BG9,5,0.042352164238970605,0.0004666353184245183
T01,2,BG9,6,0.04778721487395986,0.0006239554153029398
T01,2,BG9,7,0.052461298068999365,0.0008149004325962179
T01,2,BG9,8,0.056518075018216124,0.001048597798895933
T01,2,BG9,9,0.059980652481834935,0.001334639843447766
T01,2,BG9,10,0.06284572178642227,0.0016841039386681878
T01,2,BG9,11,0.06532831684994206,0.002117210727476328
T01,2,BG9,12,0.06733833757779219,0.002650477401996658
T01,2,BG9,13,0.047092934780175635,0.0022605738004302114
T01,2,BG9,14,0.03798147592257917,0.002232396838695033
T01,2,BG9,15,0.030514706680753356,0.0022042469015337235
T01,2,BG9,16,0.024372842638981786,0.0021708502860479386
T01,2,BG9,17,0.019330710063970937,0.0021285033889917645
T01,2,BG9,18,0.015223562175289425,0.0020756681564673904
T01,2,BG9,19,0.012009641493982712,0.0020282459043654607
T01,2,BG9,20,0.009477313603353462,0.001979636187316182
T01,2,BG9,21,0.007454355551934514,0.0019186030381420536
T01,2,BG9,22,0.006089361443561132,0.0019185011089209757
T01,2,BG9,23,0.005113617338499523,0.0019527637679052732
T01,2,BG9,24,0.004694905168394564,0.0021441627089393094
T01,2,BG9,25,0.017864707205608746,0.009594367275681996
T01,2,BG9,26,0.023965095824920277,0.01483932815488176
T01,2,BG9,27,0.028220275904646673,0.019716681683052316
T01,2,BG9,28,0.031075214503111015,0.023963131029303142
T01,2,BG9,29,0.03309645591933679,0.027580904925239135
T01,2,BG9,30,0.03449503527845436,0.030483429725573167
T01,2,BG9,31,0.035404274266229864,0.03265089554697942
T01,2,BG9,32,0.03602622073677456,0.03423154538017271
T01,2,BG9,33,0.03636633234230906,0.03525628535727689
T01,2,BG9,34,0.036571103072536346,0.03591862862953219
T01,2,BG9,35,0.036679944777487844,0.03631677733565667
T01,2,BG9,36,0.0368276646337557,0.0368276646337557
T01,2,BG10,0,0.0,0.0
T01,2,BG10,1,0.013228504018939628,7.663604264960504e-05
T01,2,BG10,2,0.024772317963424908,0.0001676581846793339
T01,2,BG10,3,0.03479813019267551,0.00027607047450146704
T01,2,BG10,4,0.04361073243722623,0.000406993380024496
T01,2,BG10,5,0.051173136827867234,0.000563824622049664
T01,2,BG10,6,0.057710719841587384,0.0007535261508249772
T01,2,BG10,7,0.06338789988578382,0.0009846273126337677
T01,2,BG10,8,0.06833381622237253,0.0012678189995836767
T01,2,BG10,9,0.07253674701407237,0.0016140276683702032
T01,2,BG10,10,0.07615300901911867,0.0020407050561417517
T01,2,BG10,11,0.07937297891675886,0.002572381021184444
T01,2,BG10,12,0.08207819403354769,0.0032306470000097805
T01,2,BG10,13,0.05749201096362934,0.0027597543951476725
T01,2,BG10,14,0.04649780767362678,0.0027329522141858295
T01,2,BG10,15,0.037490397624689524,0.002708139832754096
T01,2,BG10,16,0.03002360117998667,0.0026741543500315708
T01,2,BG10,17,0.023997186839825196,0.0026423288822148973
T01,2,BG10,18,0.01914571132168797,0.0026104365648160982
T01,2,BG10,19,0.015363356699660968,0.0025946374258236458
T01,2,BG10,20,0.012483118462892325,0.002607493441030759
T01,2,BG10,21,0.010245618440953091,0.0026370186606383492
T01,2,BG10,22,0.00872601804778727,0.0027492004633282103
T01,2,BG10,23,0.007726928200513172,0.002950722438029317
T01,2,BG10,24,0.007131726431292134,0.003257058730065139
T01,2,BG10,25,0.028536138465117336,0.015325534885787369
T01,2,BG10,26,0.036012851319604154,0.02229936908188238
T01,2,BG10,27,0.03956916658596591,0.027645819891486362
T01,2,BG10,28,0.04103896916814273,0.03164651353149521
T01,2,BG10,29,0.04177071786401,0.034809594066913765
T01,2,BG10,30,0.042055216590153204,0.03716439860036747
T01,2,BG10,31,0.04227704900416539,0.038989176838632365
T01,2,BG10,32,0.04250480784058404,0.040387396453469594
T01,2,BG10,33,0.042669678402192504,0.041367227864415795
T01,2,BG10,34,0.0427712205052111,0.042008128140552964
T01,2,BG10,35,0.042822753372348456,0.04239876615236537
T01,2,BG10,36,0.04289211490710957,0.04289211490710957
T01,2,BG11,0,0.0,0.0
T01,2,BG11,1,0.010195041155183285,5.9062431192242656e-05
T01,2,BG11,2,0.019086348809540146,0.0001291757437311077
T01,2,BG11,3,0.026880776018181066,0.00021325825688350887
T01,2,BG11,4,0.03363974438910345,0.0003139399984663807
T01,2,BG11,5,0.03950920235102616,0.00043531161983812215
T01,2,BG11,6,0.044532960949509134,0.0005814647745910057
T01,2,BG11,7,0.04893853651897188,0.0007601800939601266
T01,2,BG11,8,0.05277373028570525,0.0009791277838168935
T01,2,BG11,9,0.055957632266047316,0.0012451229275503633
T01,2,BG11,10,0.058615886388115136,0.0015707552133597733
T01,2,BG11,11,0.06096277918344476,0.0019757289958470614
T01,2,BG11,12,0.06296289017215638,0.0024782571605537563
T01,2,BG11,13,0.04402488252946619,0.0021132999378708594
T01,2,BG11,14,0.0355046246713865,0.0020868175841064836
T01,2,BG11,15,0.02850884797000043,0.002059352575993604
T01,2,BG11,16,0.022772001869894296,0.0020282659448657395
T01,2,BG11,17,0.018071121312289287,0.001989810142659839
T01,2,BG11,18,0.01432792104212606,0.0019535512888563737
T01,2,BG11,19,0.011296432888581577,0.001907795808234211
T01,2,BG11,20,0.009000647464634342,0.0018800694146808461
T01,2,BG11,21,0.007152907434151099,0.0018410162821740775
T01,2,BG11,22,0.005858510236630173,0.0018457696237439772
T01,2,BG11,23,0.005041961480586086,0.0019254001720531693
T01,2,BG11,24,0.004607535188732251,0.0021042608493873835
T01,2,BG11,25,0.023159103295976417,0.012437760132391599
T01,2,BG11,26,0.029304655896541423,0.01814561511094357
T01,2,BG11,27,0.032648920707182894,0.022810846365991542
T01,2,BG11,28,0.03464050651879465,0.026712446253135482
T01,2,BG11,29,0.03566635988142418,0.029722532288854984
T01,2,BG11,30,0.03617577733826388,0.03196870966349709
T01,2,BG11,31,0.036485558828618966,0.03364808896219368
T01,2,BG11,32,0.03674754810451835,0.034916939256019124
T01,2,BG11,33,0.03694562874315337,0.03581789927820781
T01,2,BG11,34,0.03707141538377999,0.03641001467755778
T01,2,BG11,35,0.03713651324902054,0.03676882532345053
T01,2,BG11,36,0.03722038724889964,0.03722038724889964
T01,2,BG12,0,0.0,0.0
T01,2,BG12,1,0.0105169508660717,6.092733473379395e-05
T01,2,BG12,2,0.019706310667924852,0.00013337162405544149
T01,2,BG12,3,0.027695465924963324,0.0002197215875864465
T01,2,BG12,4,0.034677233589930266,0.00032362227731174087
T01,2,BG12,5,0.04070618328380316,0.0004484999315771284
T01,2,BG12,6,0.04594928014234525,0.0005999575866291997
T01,2,BG12,7,0.050447299981366905,0.0007836162668751087
T01,2,BG12,8,0.054320193110753666,0.0010078197967738605
T01,2,BG12,9,0.057605209515509195,0.001281783451367587
T01,2,BG12,10,0.06029845239667727,0.001615843660544345
T01,2,BG12,11,0.06261091292379861,0.002029142996098926
T01,2,BG12,12,0.06453739241953692,0.0025402305167215753
T01,2,BG12,13,0.04514135319631816,0.002166893207145563
T01,2,BG12,14,0.036458061913563655,0.0021428567521539705
T01,2,BG12,15,0.029259670056294616,0.002113588628061165
T01,2,BG12,16,0.023371260106470157,0.0020816409257808713
T01,2,BG12,17,0.018540115334446328,0.002041451047018559
T01,2,BG12,18,0.014664677022354309,0.0019994665377109076
T01,2,BG12,19,0.011524149080348203,0.0019462536151856522
T01,2,BG12,20,0.009028880381464242,0.001885966750237874
T01,2,BG12,21,0.007086586338745285,0.0018239465463487248
T01,2,BG12,22,0.005589018095486743,0.001760864011085149
T01,2,BG12,23,0.00457479385637848,0.001747000433401102
T01,2,BG12,24,0.003939871196894888,0.001799338771529061
T01,2,BG12,25,0.019965635442444,0.010722685646756406
T01,2,BG12,26,0.025955052505633583,0.01607152099695645
T01,2,BG12,27,0.030469784590127856,0.021288347664760534
T01,2,BG12,28,0.03359238887374959,0.025904207897031947
T01,2,BG12,29,0.035730193361055394,0.029775727843926115
T01,2,BG12,30,0.03717465316952012,0.032851421079269104
T01,2,BG12,31,0.03810791901045724,0.03514427872501224
T01,2,BG12,32,0.0387347372296934,0.036805134869797335
T01,2,BG12,33,0.039064227780651675,0.03787183008189821
T01,2,BG12,34,0.03924848382245886,0.038548241488488864
T01,2,BG12,35,0.03934562605031016,0.03895606565676335
T01,2,BG12,36,0.03947772617698619,0.03947772617698619
T01,2,BG13,0,0.0,0.0
T01,2,BG13,1,0.009358188411786724,5.4214333286888965e-05
T01,2,BG13,2,0.017559466124185262,0.00011884185488158074
T01,2,BG13,3,0.02465890143154919,0.00019563104615122803
T01,2,BG13,4,0.030905689838403014,0.00028842467195717774
T01,2,BG13,5,0.03626477467058011,0.00039956457781846456
T01,2,BG13,6,0.040905657549503496,0.0005341032441002942
T01,2,BG13,7,0.04489004878071714,0.0006972934627228149
T01,2,BG13,8,0.048317155127778476,0.0008964435271091855
T01,2,BG13,9,0.05124810209966053,0.0011403303606134358
T01,2,BG13,10,0.053632250941514976,0.001437206583321802
T01,2,BG13,11,0.055746240192891656,0.0018066673566059727
T01,2,BG13,12,0.05741138300107734,0.0022597465094258196
T01,2,BG13,13,0.04013308260122909,0.001926484210867436
T01,2,BG13,14,0.03239101284348074,0.0019038121352046543
T01,2,BG13,15,0.026046001197714566,0.0018814474610091654
T01,2,BG13,16,0.02079613071597829,0.001852278250565529
T01,2,BG13,17,0.016487760942971687,0.0018154664238969834
T01,2,BG13,18,0.013056377128803292,0.0017801816642706795
T01,2,BG13,19,0.010243345816614869,0.0017299454123538747
T01,2,BG13,20,0.008048688186204928,0.0016812226614709243
T01,2,BG13,21,0.006309846301695802,0.0016240290927004735
T01,2,BG13,22,0.004988909225316696,0.001571795001559412
T01,2,BG13,23,0.004077273235140377,0.0015570096345967038
T01,2,BG13,24,0.0034859290064911943,0.00159202342125493
T01,2,BG13,25,0.020801658596882072,0.011171677822828279
T01,2,BG13,26,0.02612135276261664,0.01617449511210182
T01,2,BG13,27,0.02977981535372359,0.020806286360124007
T01,2,BG13,28,0.03230489547534097,0.02491137897806431
T01,2,BG13,29,0.034022610821186405,0.028352715304653657
T01,2,BG13,30,0.03514102262713041,0.031054291971141672
T01,2,BG13,31,0.03591260376795972,0.03311969240271105
T01,2,BG13,32,0.03649244569002917,0.03467454490565616
T01,2,BG13,33,0.03679046472844444,0.03566747152926995
T01,2,BG13,34,0.03697167019171335,0.036312049119333674
T01,2,BG13,35,0.037067439889502216,0.03670043591442749
T01,2,BG13,36,0.03719970866883688,0.03719970866883688
T01,2,BG14,0,0.0,0.0
T01,2,BG14,1,0.007157954625627056,4.146782695539737e-05
T01,2,BG14,2,0.013409600199160267,9.075570701950725e-05
T01,2,BG14,3,0.018787778477062853,0.00014905257507519276
T01,2,BG14,4,0.02352667675473123,0.00021956067151350438
T01,2,BG14,5,0.027600510783830644,0.00030410188875458017
T01,2,BG14,6,0.031109226189306987,0.0004061917015630107
T01,2,BG14,7,0.034184751127010984,0.0005310041783875216
T01,2,BG14,8,0.03684321334320752,0.0006835638398102653
T01,2,BG14,9,0.039131000988824244,0.0008707106524973258
T01,2,BG14,10,0.04104320475951488,0.0010998524783601867
T01,2,BG14,11,0.04271613131203876,0.0013843774896989854
T01,2,BG14,12,0.04411808162673911,0.0017365141811389961
T01,2,BG14,13,0.030832989890707693,0.0014800574555879262
T01,2,BG14,14,0.02489346816540224,0.0014631369166716649
T01,2,BG14,15,0.020041420162807945,0.0014477031938978488
T01,2,BG14,16,0.015994302065297603,0.0014245870194560663
T01,2,BG14,17,0.012740770445276205,0.0014028855093887642
T01,2,BG14,18,0.010098630555055369,0.001376905462776261
T01,2,BG14,19,0.008046483613181091,0.0013589287738472546
T01,2,BG14,20,0.006445555732205921,0.001346357829874652
T01,2,BG14,21,0.005203135328824262,0.0013391836711502839
T01,2,BG14,22,0.004306046354345519,0.00135665369315975
T01,2,BG14,23,0.0037409581938052847,0.0014285792526694337
T01,2,BG14,24,0.003552878630912782,0.0016225993056308517
T01,2,BG14,25,0.017000513005196186,0.00913024570313358
T01,2,BG14,26,0.021854060313179897,0.013532162528963835
T01,2,BG14,27,0.025221138566260896,0.01762127217137398
T01,2,BG14,28,0.027383058510675067,0.021115986827286416
T01,2,BG14,29,0.02864436563270599,0.02387075905110395
T01,2,BG14,30,0.029367962364352383,0.025952610560701386
T01,2,BG14,31,0.029855663227074603,0.027533798087427144
T01,2,BG14,32,0.030200324768076114,0.028695871099439017
T01,2,BG14,33,0.030385424954152015,0.029457939316091857
T01,2,BG14,34,0.030503671797388564,0.029959447896632203
T01,2,BG14,35,0.030562016724192842,0.030259422742514412
T01,2,BG14,36,0.03064460520650056,0.03064460520650056
T01,2,BG15,0,0.0,0.0
T01,2,BG15,1,0.006184858329968471,3.5830436029596666e-05
T01,2,BG15,2,0.011592446344001204,7.845727282288608e-05
T01,2,BG15,3,0.016232885101388234,0.00012878336441242205
T01,2,BG15,4,0.02033543860563029,0.00018977871831587695
T01,2,BG15,5,0.02382900868527992,0.0002625475518515044
T01,2,BG15,6,0.026924841324084958,0.000351556385467205
T01,2,BG15,7,0.029561965400156928,0.0004591967659601845
T01,2,BG15,8,0.031856484831403915,0.0005910434829006644
T01,2,BG15,9,0.0338327778777306,0.0007528189741053062
T01,2,BG15,10,0.03545284260569071,0.0009500451303301392
T01,2,BG15,11,0.03689019735246914,0.0011955661066026357
T01,2,BG15,12,0.038050889808740725,0.001497705875414619
T01,2,BG15,13,0.02664339077926198,0.0012789466495077852
T01,2,BG15,14,0.021529724163919385,0.0012654297079201648
T01,2,BG15,15,0.01730514200792432,0.0012500466086156708
T01,2,BG15,16,0.013904127265682771,0.001238418476150591
T01,2,BG15,17,0.011039078622951094,0.001215512319838935
T01,2,BG15,18,0.008789837356932097,0.0011984570568482117
T01,2,BG15,19,0.0069901412812929395,0.0011805286116710148
T01,2,BG15,20,0.005651583691772553,0.0011805117006690887
T01,2,BG15,21,0.004615144529318643,0.0011878465220554692
T01,2,BG15,22,0.0038655067094687527,0.0012178582233991276
T01,2,BG15,23,0.0033817339155819263,0.0012914003993148356
T01,2,BG15,24,0.003404244573496895,0.0015547181484092355
T01,2,BG15,25,0.01690908997681909,0.009081146299247106
T01,2,BG15,26,0.022050029485539333,0.013653507783802588
T01,2,BG15,27,0.025215712643342606,0.017617481214068375
T01,2,BG15,28,0.027123939516992535,0.020916171553334313
T01,2,BG15,29,0.028232154699118932,0.02352724341607774
T01,2,BG15,30,0.028922819656515924,0.025559235847238748
T01,2,BG15,31,0.02934733286130714,0.027065000441641385
T01,2,BG15,32,0.02964249237896234,0.028165827584208443
T01,2,BG15,33,0.02980328907554755,0.02889357259047548
T01,2,BG15,34,0.02990378574948659,0.02937026461979082
T01,2,BG15,35,0.029958572006147023,0.029661952744938814
T01,2,BG15,36,0.03003699129565615,0.03003699129565615
T02,0,BG1,0,0.0,0.0
T02,0,BG1,1,0.003460427684326256,2.0047125716990315e-05
T02,0,BG1,2,0.006502168798473374,4.400645180245015e-05
T02,0,BG1,3,0.009025326676104182,7.160230163198355e-05
T02,0,BG1,4,0.011235039016992663,0.00010485002785897001
T02,0,BG1,5,0.01318031606888693,0.00014522046496029937
T02,0,BG1,6,0.014834523579668992,0.00019369367581443704
T02,0,BG1,7,0.01627205468111833,0.0002527597461144582
T02,0,BG1,8,0.01737702828183349,0.00032240152560257003
T02,0,BG1,9,0.01837126967591482,0.00040878228969733497
T02,0,BG1,10,0.019103825808365615,0.000511933467812521
T02,0,BG1,11,0.019770141541223925,0.0006407260693476826
T02,0,BG1,12,0.020207984037803165,0.0007953983865032679
T02,0,BG1,13,0.014281721582708183,0.0006855568851012306
T02,0,BG1,14,0.01158400334312207,0.0006808606520328083
T02,0,BG1,15,0.009408573687563164,0.0006796335809969415
T02,0,BG1,16,0.007584225825772528,0.000675514918355588
T02,0,BG1,17,0.006190757142553396,0.0006816639184368208
T02,0,BG1,18,0.005023663751728773,0.0006849552538890799
T02,0,BG1,19,0.004165724290445551,0.0007035275138250478
T02,0,BG1,20,0.0035170713666119588,0.0007346514053209322
T02,0,BG1,21,0.0030636254385142344,0.0007885163284121839
T02,0,BG1,22,0.002752014675323686,0.0008670438187693597
T02,0,BG1,23,0.0025242454282403356,0.0009639467897229407
T02,0,BG1,24,0.0023458125272252956,0.001071332340758794
T02,0,BG1,25,0.009147676330797664,0.004912824234778338
T02,0,BG1,26,0.01196784062478701,0.007410557221659226
T02,0,BG1,27,0.014002714456895665,0.00978328723044609
T02,0,BG1,28,0.015412442736207996,0.01188504698287627
T02,0,BG1,29,0.01645965720160732,0.013716642059496574
T02,0,BG1,30,0.01706822465024714,0.01508327278466313
T02,0,BG1,31,0.01753857933763945,0.016174609799007582
T02,0,BG1,32,0.017773064215017394,0.016887684628253834
T02,0,BG1,33,0.017904195779933112,0.01735768757647843
T02,0,BG1,34,0.017953668486911354,0.017633352463515523
T02,0,BG1,35,0.0179845655444222,0.01780650072272858
T02,0,BG1,36,0.01803276191069788,0.01803276191069788
T02,0,BG2,0,0.0,0.0
T02,0,BG2,1,0.003687497109541372,2.1362595898025073e-05
T02,0,BG2,2,0.00690234590901018,4.6714836632912756e-05
T02,0,BG2,3,0.009579847612826455,7.600158573462555e-05
T02,0,BG2,4,0.011946959058940304,0.00011149395998471304
T02,0,BG2,5,0.014037604461334214,0.00015466605144991516
T02,0,BG2,6,0.015766670184444817,0.00020586467060020549
T02,0,BG2,7,0.017302034245142855,0.0002687587938674324
T02,0,BG2,8,0.018518511925918708,0.00034357983491391285
T02,0,BG2,9,0.019565984836959545,0.00043536610263056693
T02,0,BG2,10,0.02041375560163391,0.0005470362228033454
T02,0,BG2,11,0.021059781980181148,0.0006825217373138723
T02,0,BG2,12,0.021597502395175085,0.0008500906633668369
T02,0,BG2,13,0.015202520731284655,0.0007297574520860704
T02,0,BG2,14,0.012286147823258872,0.000722129850226009
T02,0,BG2,15,0.009979095092793462,0.0007208455140012745
T02,0,BG2,16,0.008014876460464592,0.0007138722840335536
T02,0,BG2,17,0.006469547926615037,0.0007123615565852361
T02,0,BG2,18,0.005199319492864526,0.0007089051704292486
T02,0,BG2,19,0.004261146958448925,0.0007196429510738301
T02,0,BG2,20,0.003489937494240123,0.0007289836378289638
T02,0,BG2,21,0.0029658345040578906,0.0007633468846699206
T02,0,BG2,22,0.002542008163250421,0.0008008796189234939
T02,0,BG2,23,0.0022766186050409863,0.0008693842407687282
T02,0,BG2,24,0.0020816046694381515,0.0009506686400345522
T02,0,BG2,25,0.009628863477751241,0.005171249192859892
T02,0,BG2,26,0.012580227763709848,0.007789750936511104
T02,0,BG2,27,0.014571370556401755,0.010180590605649026
T02,0,BG2,28,0.015909985580175947,0.01226871884100464
T02,0,BG2,29,0.016764374628529078,0.013970578079993608
T02,0,BG2,30,0.017311098726438306,0.015297901781268565
T02,0,BG2,31,0.01768269230593647,0.01630751515778228
T02,0,BG2,32,0.01786231184308333,0.01697248629278679
T02,0,BG2,33,0.017982366102891084,0.01743347183102238
T02,0,BG2,34,0.018027971940804154,0.017706330260404083
T02,0,BG2,35,0.01805053756465415,0.01787181951439362
T02,0,BG2,36,0.018088022130550198,0.018088022130550198
T02,0,BG3,0,0.0,0.0
T02,0,BG3,1,0.004509309441217307,2.612356093435367e-05
T02,0,BG3,2,0.008427170159000547,5.7034793993867334e-05
T02,0,BG3,3,0.011843461808492967,9.395993703213404e-05
T02,0,BG3,4,0.01478799042728235,0.00013800763900751598
T02,0,BG3,5,0.017351674876085375,0.000191180414939847
T02,0,BG3,6,0.019568571129327594,0.00025550591205247006
T02,0,BG3,7,0.021486651713983417,0.0003337599800107875
T02,0,BG3,8,0.0230837628102881,0.00042828038480556205
T02,0,BG3,9,0.02457147798152597,0.0005467441939800213
T02,0,BG3,10,0.025779846290638557,0.00069083367152168
T02,0,BG3,11,0.02681263442152705,0.0008689646390690404
T02,0,BG3,12,0.02748067362598378,0.0010816558141344427
T02,0,BG3,13,0.019485458554166744,0.0009353487381318113
T02,0,BG3,14,0.015923004206784056,0.0009358894919689366
T02,0,BG3,15,0.013091026009253633,0.0009456375850644016
T02,0,BG3,16,0.010748800312720682,0.0009573785300551377
T02,0,BG3,17,0.008861043206835987,0.0009756889664025047
T02,0,BG3,18,0.007393544664200663,0.0010080784673169563
T02,0,BG3,19,0.006346832320829528,0.0010718835070243206
T02,0,BG3,20,0.0055950061664737614,0.0011686936975507049
T02,0,BG3,21,0.0052100929171882025,0.0013409744180290224
T02,0,BG3,22,0.005058606176958768,0.0015937535734423978
T02,0,BG3,23,0.004719210146347936,0.0018021494347045049
T02,0,BG3,24,0.004565963116312397,0.002085274884284221
T02,0,BG3,25,0.012209736245276612,0.006557325161284953
T02,0,BG3,26,0.015826303279192704,0.009799739974000212
T02,0,BG3,27,0.018126188387082583,0.012664237895095588
T02,0,BG3,28,0.019621165860853013,0.015130533329635421
T02,0,BG3,29,0.020615778864884683,0.017180142719787603
T02,0,BG3,30,0.021239730606869987,0.01876965283550055
T02,0,BG3,31,0.021653025120752952,0.019969076507028206
T02,0,BG3,32,0.021895434842814924,0.020804696029037995
T02,0,BG3,33,0.022016578340913376,0.021344543719767965
T02,0,BG3,34,0.0220755106120714,0.02168165575992961
T02,0,BG3,35,0.022109582085134714,0.021890675570951666
T02,0,BG3,36,0.022153710450061596,0.022153710450061596
T02,0,BG4,0,0.0,0.0
T02,0,BG4,1,0.004099898844340808,2.375174260769663e-05
T02,0,BG4,2,0.00766910267495872,5.190421960337864e-05
T02,0,BG4,3,0.010729836204769645,8.512500398578792e-05
T02,0,BG4,4,0.013361303175227796,0.0001246932039002308
T02,0,BG4,5,0.015708908031141753,0.00017308044196528866
T02,0,BG4,6,0.01764506886134849,0.00023039083342029601
T02,0,BG4,7,0.01939314644865997,0.0003012408004110336
T02,0,BG4,8,0.020785051046371513,0.00038563165523497543
T02,0,BG4,9,0.022050787038243685,0.0004906558660198042
T02,0,BG4,10,0.02299083629764748,0.0006160953663847367
T02,0,BG4,11,0.023818112929225574,0.0007719158645761306
T02,0,BG4,12,0.024444196871930748,0.0009621382658040552
T02,0,BG4,13,0.017318028112154923,0.0008313068788803817
T02,0,BG4,14,0.014107827123659525,0.0008292007586123463
T02,0,BG4,15,0.011571308912012357,0.0008358599694252539
T02,0,BG4,16,0.009397708303112175,0.0008370389154004663
T02,0,BG4,17,0.007674123990861206,0.0008449973586920503
T02,0,BG4,18,0.0063295482321010475,0.000863007065233829
T02,0,BG4,19,0.0053631002624155745,0.0009057461170580402
T02,0,BG4,20,0.004604295408356338,0.0009617524761403151
T02,0,BG4,21,0.004234017256459461,0.0010897519325976054
T02,0,BG4,22,0.00395756137260111,0.0012468607661259502
T02,0,BG4,23,0.0036922216403201856,0.0014099679690978187
T02,0,BG4,24,0.003531061997489585,0.0016126356521895082
T02,0,BG4,25,0.010910128918698522,0.00585936185636092
T02,0,BG4,26,0.014252844789552506,0.008825445245414397
T02,0,BG4,27,0.016385915340286692,0.011448360001707115
T02,0,BG4,28,0.01780982090904851,0.013733745030039978
T02,0,BG4,29,0.01876222967157379,0.015635488964078324
T02,0,BG4,30,0.019397156845444224,0.01714136145880276
T02,0,BG4,31,0.019806590049462565,0.01826623807109311
T02,0,BG4,32,0.020024238162157454,0.019026714502487416
T02,0,BG4,33,0.020157187964623652,0.019541909372781732
T02,0,BG4,34,0.020216750892604277,0.019856058620172472
T02,0,BG4,35,0.02024990977058796,0.020049415828522123
T02,0,BG4,36,0.020298534836896174,0.020298534836896174
T02,0,BG5,0,0.0,0.0
T02,0,BG5,1,0.017346019535799874,0.00010048984290462717
T02,0,BG5,2,0.03254836372676082,0.00022028619105270915
T02,0,BG5,3,0.04586973482105528,0.0003639068937863077
T02,0,BG5,4,0.05735423208926576,0.0005352533995311316
T02,0,BG5,5,0.06730369286663095,0.0007415507729623376
T02,0,BG5,6,0.07600511945739792,0.0009923952681123761
T02,0,BG5,7,0.08341853638606693,0.0012957704779136836
T02,0,BG5,8,0.08970045077103164,0.0016642409569779144
T02,0,BG5,9,0.09509750222392052,0.002116030922153894
T02,0,BG5,10,0.09959586866923335,0.0026689134922304996
T02,0,BG5,11,0.10335958641908709,0.003349757584932121
T02,0,BG5,12,0.10656853298578352,0.0041946014473325625
T02,0,BG5,13,0.07460061909831762,0.00358100861426356
T02,0,BG5,14,0.06023545337544347,0.003540395215399774
T02,0,BG5,15,0.04844745817544364,0.0034996292331587625
T02,0,BG5,16,0.03862998625448026,0.0034407113622708925
T02,0,BG5,17,0.030653453271481765,0.003375249996745301
T02,0,BG5,18,0.024269426726562952,0.0033090334363472455
T02,0,BG5,19,0.019079720752813306,0.0032222748229803065
T02,0,BG5,20,0.01504086575778109,0.003141759728845481
T02,0,BG5,21,0.01197775610230554,0.0030828364839794583
T02,0,BG5,22,0.009637101144373496,0.0030362443420060346
T02,0,BG5,23,0.007843006733328292,0.002995049957748661
T02,0,BG5,24,0.006720219974940781,0.00306912377549664
T02,0,BG5,25,0.02490139411776185,0.013373469738267791
T02,0,BG5,26,0.02902052796358704,0.017969681445132047
T02,0,BG5,27,0.030555908661357146,0.021348520040224236
T02,0,BG5,28,0.031372931896966896,0.024192710820482792
T02,0,BG5,29,0.031982213016034704,0.026652351469834017
T02,0,BG5,30,0.03244747944134906,0.02867399473122353
T02,0,BG5,31,0.032868434053324125,0.030312266722055278
T02,0,BG5,32,0.033141707026361954,0.031490726053985056
T02,0,BG5,33,0.033321624393089146,0.032304514161822916
T02,0,BG5,34,0.033408589865549954,0.032812538607851
T02,0,BG5,35,0.03345341826663202,0.033122196559487414
T02,0,BG5,36,0.03351839694023969,0.03351839694023969
T02,0,BG6,0,0.0,0.0
T02,0,BG6,1,0.018723027803654514,0.00010846719744799406
T02,0,BG6,2,0.035080598429836365,0.0002374242675577795
T02,0,BG6,3,0.049507000555398833,0.00039276308962510044
T02,0,BG6,4,0.062038043034578126,0.0005789646601567989
T02,0,BG6,5,0.072828379830163,0.0008024216665150983
T02,0,BG6,6,0.08258239069050943,0.001078274386456211
T02,0,BG6,7,0.09077025521846736,0.0014099674028773452
T02,0,BG6,8,0.0980218876840603,0.0018186312212956919
T02,0,BG6,9,0.10437865152394565,0.002322547376125834
T02,0,BG6,10,0.11018574120239817,0.0029526948772480035
T02,0,BG6,11,0.11528364846691595,0.003736201830308168
T02,0,BG6,12,0.11951851471739401,0.004704320502085642
T02,0,BG6,13,0.08493424700858362,0.004077047533197261
T02,0,BG6,14,0.06977926625992346,0.004101341760511345
T02,0,BG6,15,0.05745432026258159,0.004150244950673711
T02,0,BG6,16,0.047486306549933084,0.0042295297150123316
T02,0,BG6,17,0.03969190703209986,0.0043704736392100275
T02,0,BG6,18,0.03365147938721508,0.004588236538661192
T02,0,BG6,19,0.029266271228889376,0.004942628370058106
T02,0,BG6,20,0.026476520896551475,0.005530457367737588
T02,0,BG6,21,0.024953335437198958,0.006422492836232952
T02,0,BG6,22,0.0242449704209159,0.007638568177882937
T02,0,BG6,23,0.023708016442439337,0.009053504111029412
T02,0,BG6,24,0.023540508062449977,0.010750947623312865
T02,0,BG6,25,0.03842485805847628,0.020636341616429552
T02,0,BG6,26,0.047626706217326925,0.02949073631459131
T02,0,BG6,27,0.05312477292799071,0.03711672572952175
T02,0,BG6,28,0.05548344573233496,0.04278512960996827
T02,0,BG6,29,0.05633088861581321,0.04694330068907624
T02,0,BG6,30,0.05645530393086314,0.04988982560974094
T02,0,BG6,31,0.056565044282831274,0.05216599930400389
T02,0,BG6,32,0.056623083710645734,0.053802358932571376
T02,0,BG6,33,0.05668513200412142,0.054954873403729926
T02,0,BG6,34,0.056728432471386765,0.05571632593787441
T02,0,BG6,35,0.05674822413192535,0.05618636106960847
T02,0,BG6,36,0.05677561282507411,0.05677561282507411
T02,0,BG7,0,0.0,0.0
T02,0,BG7,1,0.022289024575868555,0.00012912591122144214
T02,0,BG7,2,0.04177051796314978,0.0002827014094428028
T02,0,BG7,3,0.058771754568101305,0.0004662648843132409
T02,0,BG7,4,0.0735542370930263,0.0006864385428574156
T02,0,BG7,5,0.08639197392271927,0.0009518650770890557
T02,0,BG7,6,0.09753247421913869,0.0012734769234966018
T02,0,BG7,7,0.10703964518117985,0.0016626857544039752
T02,0,BG7,8,0.11526188621570906,0.00213849039244143
T02,0,BG7,9,0.12227729013114419,0.0027208130755301974
T02,0,BG7,10,0.12825062883101307,0.0034367874712366675
T02,0,BG7,11,0.1333682607139595,0.004322301957038463
T02,0,BG7,12,0.13755485241784893,0.005414241590030035
T02,0,BG7,13,0.09627945621449686,0.00462164478870529
T02,0,BG7,14,0.07786861252909347,0.0045768006623687196
T02,0,BG7,15,0.06265663410202756,0.004526037000072629
T02,0,BG7,16,0.05001998428020331,0.004455200353934938
T02,0,BG7,17,0.03980737119611584,0.004383187392085257
T02,0,BG7,18,0.03149988880482788,0.004294876288750575
T02,0,BG7,19,0.0247898699823076,0.004186632238375176
T02,0,BG7,20,0.01954430283456359,0.00408244474601212
T02,0,BG7,21,0.015516081716480288,0.003993531201589855
T02,0,BG7,22,0.01245083203899136,0.003922732342542825
T02,0,BG7,23,0.010223090184226256,0.0039039448559452282
T02,0,BG7,24,0.00867265780124329,0.003960801925114978
T02,0,BG7,25,0.031804187433309344,0.017080663661947184
T02,0,BG7,26,0.040235531018738946,0.024914077185224447
T02,0,BG7,27,0.04433869094090759,0.030978147113919007
T02,0,BG7,28,0.046177271796748416,0.03560882949754875
T02,0,BG7,29,0.04690709760859799,0.039089992028065595
T02,0,BG7,30,0.047227684064830674,0.04173533324959447
T02,0,BG7,31,0.0475509669843916,0.04385294395728885
T02,0,BG7,32,0.04787966631281009,0.0454945019413654
T02,0,BG7,33,0.04809645144624837,0.04662835395633234
T02,0,BG7,34,0.04819472156855238,0.047334867128852445
T02,0,BG7,35,0.04825287195178052,0.04777512126950325
T02,0,BG7,36,0.04832653020503481,0.04832653020503481
T02,0,BG8,0,0.0,0.0
T02,0,BG8,1,0.02970619669988682,0.0001720954503072685
T02,0,BG8,2,0.055707862365152495,0.0003770288710562087
T02,0,BG8,3,0.07884699705287716,0.0006255315370008101
T02,0,BG8,4,0.09820163363071029,0.0009164582336588943
T02,0,BG8,5,0.1149352880755281,0.0012663547551394622
T02,0,BG8,6,0.1305129721118976,0.0017041017301792577
T02,0,BG8,7,0.14364359925616565,0.002231268291907933
T02,0,BG8,8,0.1550722950282419,0.002877105554392029
T02,0,BG8,9,0.1656348675144823,0.0036855700026166625
T02,0,BG8,10,0.17478568572566125,0.004683807476024616
T02,0,BG8,11,0.18328484936062084,0.005940037456825857
T02,0,BG8,12,0.19096496550126565,0.0075164957044784675
T02,0,BG8,13,0.13685770356781637,0.006569497980226579
T02,0,BG8,14,0.11339035400998823,0.006664624303138861
T02,0,BG8,15,0.09458881611340808,0.0068326760157152635
T02,0,BG8,16,0.07957593039713354,0.007087701428662871
T02,0,BG8,17,0.06800911741941289,0.007488480076866019
T02,0,BG8,18,0.059451320902313,0.008105935557909295
T02,0,BG8,19,0.05370154068068322,0.009069373969251053
T02,0,BG8,20,0.050525057604632224,0.010553753585774124
T02,0,BG8,21,0.04924985093598269,0.012675933288346965
T02,0,BG8,22,0.049323255522797864,0.015539678720020907
T02,0,BG8,23,0.049542209854899016,0.018918942517293577
T02,0,BG8,24,0.05013104213264495,0.022894841798794523
T02,0,BG8,25,0.0548430801782349,0.02945386390337201
T02,0,BG8,26,0.05767792864910626,0.03571451229914276
T02,0,BG8,27,0.059682528288683534,0.041698437634140335
T02,0,BG8,28,0.060911197849867836,0.046970649735118455
T02,0,BG8,29,0.061700722051189,0.051418247102629204
T02,0,BG8,30,0.06203103531259212,0.054817126382803026
T02,0,BG8,31,0.06228764765716291,0.057443557779700526
T02,0,BG8,32,0.06244230238764577,0.05933168849595044
T02,0,BG8,33,0.06254350995657398,0.060634430010338546
T02,0,BG8,34,0.06259592242303771,0.06147913234068879
T02,0,BG8,35,0.06262782137402627,0.06200774448574591
T02,0,BG8,36,0.06266686193610607,0.06266686193610607
T02,0,BG9,0,0.0,0.0
T02,0,BG9,1,0.011727056933651607,6.79377829591751e-05
T02,0,BG9,2,0.02202415873673656,0.000149058738672626
T02,0,BG9,3,0.030948472450747905,0.00024552926930496795
T02,0,BG9,4,0.03879850594540871,0.00036208369412165167
T02,0,BG9,5,0.04565233860217318,0.0005029965746300558
T02,0,BG9,6,0.05154122126527888,0.0006729712997932633
T02,0,BG9,7,0.05655190797464134,0.0008784413657808827
T02,0,BG9,8,0.06101030229046248,0.0011319435200778188
T02,0,BG9,9,0.06487224137421965,0.0014434834307171219
T02,0,BG9,10,0.06814652992901311,0.0018261519810554277
T02,0,BG9,11,0.07080080100774588,0.0022945672333117843
T02,0,BG9,12,0.07310430287481326,0.0028774292561937354
T02,0,BG9,13,0.052101435952232066,0.002500993862773579
T02,0,BG9,14,0.04282846156388378,0.002517282962051635
T02,0,BG9,15,0.03532962409092288,0.002552055154524909
T02,0,BG9,16,0.02923700444286111,0.0026040934333679505
T02,0,BG9,17,0.024485060414053166,0.002696048615209995
T02,0,BG9,18,0.020818719081213122,0.002838544084422343
T02,0,BG9,19,0.01822999174295603,0.0030787685135486367
T02,0,BG9,20,0.01655747707726939,0.0034585518808348727
T02,0,BG9,21,0.01559785767629611,0.0040145787114915015
T02,0,BG9,22,0.015077533933271922,0.004750295382943763
T02,0,BG9,23,0.014587168582190802,0.005570478276683638
T02,0,BG9,24,0.014409658726920965,0.006580889656978486
T02,0,BG9,25,0.01991118409883538,0.010693442161803028
T02,0,BG9,26,0.023058018149792203,0.01427766030648678
T02,0,BG9,27,0.025274484229323272,0.017658543225088162
T02,0,BG9,28,0.02664159895722576,0.020544222670457357
T02,0,BG9,29,0.027506911097205062,0.02292286219912828
T02,0,BG9,30,0.027958023633467277,0.024706640912177457
T02,0,BG9,31,0.028250852802363023,0.02605379326248662
T02,0,BG9,32,0.0284953127485474,0.027075795626026224
T02,0,BG9,33,0.02863903511696532,0.02776485639482328
T02,0,BG9,34,0.02871879636567116,0.02820641689098465
T02,0,BG9,35,0.028764688013188107,0.028479889397045106
T02,0,BG9,36,0.0288352816594095,0.0288352816594095
T02,0,BG10,0,0.0,0.0
T02,0,BG10,1,0.033574799370634595,0.00019450723605046803
T02,0,BG10,2,0.06289021347116204,0.00042563877282777177
T02,0,BG10,3,0.08853989945547248,0.0007024300415067315
T02,0,BG10,4,0.11112036635886997,0.0010370211882249284
T02,0,BG10,5,0.1304047207573944,0.0014367966661182215
T02,0,BG10,6,0.1479968525472137,0.001932387935846642
T02,0,BG10,7,0.16241570216344065,0.0025228621974445124
T02,0,BG10,8,0.1753659307758899,0.0032536198278815707
T02,0,BG10,9,0.18695426236348275,0.004159951535932838
T02,0,BG10,10,0.19733615817192365,0.005288102234257311
T02,0,BG10,11,0.2067055923993314,0.006699075046915838
T02,0,BG10,12,0.21480406327813803,0.008454816902893144
T02,0,BG10,13,0.15382893366434286,0.00738415770202299
T02,0,BG10,14,0.1271592477339226,0.007473903939376045
T02,0,BG10,15,0.1058616182427879,0.0076469732008825194
T02,0,BG10,16,0.08887805859729607,0.007916227159181536
T02,0,BG10,17,0.0756861175208133,0.008333794111429878
T02,0,BG10,18,0.0660318578610884,0.009003163858522916
T02,0,BG10,19,0.05959821331040162,0.010065232352579914
T02,0,BG10,20,0.05606438934179572,0.011710817901860996
T02,0,BG10,21,0.05468745833580428,0.014075465405905938
T02,0,BG10,22,0.05491269995692776,0.017300677029694636
T02,0,BG10,23,0.05537293503579198,0.021145551994341764
T02,0,BG10,24,0.05623231597121939,0.025681292939365094
T02,0,BG10,25,0.06526382288093983,0.03505039742842691
T02,0,BG10,26,0.06982077469499957,0.043233433895343544
T02,0,BG10,27,0.07184672006458262,0.05019720284609991
T02,0,BG10,28,0.07245129561298347,0.05586960273393922
T02,0,BG10,29,0.07254223227268883,0.060453010871901955
T02,0,BG10,30,0.07236137122214291,0.06394609433632167
T02,0,BG10,31,0.07230368602404592,0.06668065223819901
T02,0,BG10,32,0.07232303681297342,0.06872020604142162
T02,0,BG10,33,0.07234201974691525,0.07013384973806487
T02,0,BG10,34,0.07236343604054274,0.07107238132457015
T02,0,BG10,35,0.07238290496353178,0.07166624323660843
T02,0,BG10,36,0.07240249814071105,0.07240249814071105
T02,0,BG11,0,0.0,0.0
T02,0,BG11,1,0.012288661576344498,7.119129956640336e-05
T02,0,BG11,2,0.023112175048485614,0.0001564223953650517
T02,0,BG11,3,0.032670302661031776,0.0002591893845716872
T02,0,BG11,4,0.04097634205255589,0.00038240816052878356
T02,0,BG11,5,0.048265612719050464,0.0005317895776371844
T02,0,BG11,6,0.054665319776080745,0.0007137625069410583
T02,0,BG11,7,0.06029821415241178,0.0009366341008420915
T02,0,BG11,8,0.06543808723674123,0.0012140936209985445
T02,0,BG11,9,0.06986009214758701,0.001554468958379794
T02,0,BG11,10,0.07412522564210018,0.00198636567283581
T02,0,BG11,11,0.07762882782739544,0.002515855215471155
T02,0,BG11,12,0.08072214652640848,0.0031772721566659164
T02,0,BG11,13,0.05788185264649281,0.002778467728978734
T02,0,BG11,14,0.04797685000928012,0.002819884317677599
T02,0,BG11,15,0.040060698778381525,0.0028938069752757604
T02,0,BG11,16,0.03376941295883138,0.003007787845375234
T02,0,BG11,17,0.02890549255031766,0.003182782151411821
T02,0,BG11,18,0.025325212887577116,0.0034529854008653466
T02,0,BG11,19,0.02286706979477964,0.003861900508281794
T02,0,BG11,20,0.0215078206009816,0.004492587430989086
T02,0,BG11,21,0.02088993715374033,0.005376654842725743
T02,0,BG11,22,0.020628786926984517,0.0064992612014956
T02,0,BG11,23,0.020411264224621747,0.007794556115551547
T02,0,BG11,24,0.02047664240456865,0.00935168047667751
T02,0,BG11,25,0.029076057773105658,0.015615502345863732
T02,0,BG11,26,0.03322076587337623,0.020570493390787405
T02,0,BG11,27,0.03570917406985136,0.02494895597279553
T02,0,BG11,28,0.03703839911048394,0.028561540914793748
T02,0,BG11,29,0.03752183431301604,0.03126879041506107
T02,0,BG11,30,0.037671550630240795,0.033290531817402824
T02,0,BG11,31,0.03774959397165933,0.03481382043573129
T02,0,BG11,32,0.03786664769419162,0.03598028996965273
T02,0,BG11,33,0.037926234420207934,0.03676857296501848
T02,0,BG11,34,0.0379684281515833,0.03729102373423326
T02,0,BG11,35,0.037994797806695214,0.037618612071049704
T02,0,BG11,36,0.038028246853255544,0.038028246853255544
T02,0,BG12,0,0.0,0.0
T02,0,BG12,1,0.010393556736185161,6.021248176685959e-05
T02,0,BG12,2,0.01948618419269094,0.00013188181556727485
T02,0,BG12,3,0.02742240921859351,0.00021755529588165108
T02,0,BG12,4,0.03428234056319306,0.00031993697167585566
T02,0,BG12,5,0.04023797013576391,0.0004433411686821391
T02,0,BG12,6,0.04544705708877977,0.0005934000856331718
T02,0,BG12,7,0.04988074874888218,0.0007748158202064502
T02,0,BG12,8,0.053603603692739026,0.000994524689601849
T02,0,BG12,9,0.056886135660913724,0.0012657832150600292
T02,0,BG12,10,0.05959403100328803,0.0015969669797570316
T02,0,BG12,11,0.061858048185763924,0.0020047435736584344
T02,0,BG12,12,0.0636861406964014,0.0025067247331748894
T02,0,BG12,13,0.044658518107635554,0.0021437159636459816
T02,0,BG12,14,0.03612641697922526,0.002123364011473708
T02,0,BG12,15,0.029157547552625326,0.002106211750522349
T02,0,BG12,16,0.02340877952143182,0.002084982716973024
T02,0,BG12,17,0.018708853571353472,0.002060030806107747
T02,0,BG12,18,0.01497561450444994,0.002041861541396097
T02,0,BG12,19,0.01197880087195805,0.0020230373905689323
T02,0,BG12,20,0.009747404675343437,0.0020360532338762265
T02,0,BG12,21,0.008130760334454482,0.002092696192330295
T02,0,BG12,22,0.006931680677070051,0.00218388039180641
T02,0,BG12,23,0.006085841771523495,0.002324032194318282
T02,0,BG12,24,0.0055214382954604435,0.0025216403028484945
T02,0,BG12,25,0.017921572202062596,0.009624907043451238
T02,0,BG12,26,0.02158686897482914,0.01336671609152582
T02,0,BG12,27,0.02368679209980912,0.016549269144362125
T02,0,BG12,28,0.02487041776755093,0.01917840600654471
T02,0,BG12,29,0.02562601665573629,0.021355420367018117
T02,0,BG12,30,0.026114482203335645,0.023077494417616327
T02,0,BG12,31,0.02658711385149536,0.024519442778086587
T02,0,BG12,32,0.026868758447799145,0.025530269491923947
T02,0,BG12,33,0.02708138344710264,0.026254750506680653
T02,0,BG12,34,0.027178658264086827,0.026693756868435312
T02,0,BG12,35,0.027236545541468156,0.026966877012474737
T02,0,BG12,36,0.02731972815075018,0.02731972815075018
T02,0,BG13,0,0.0,0.0
T02,0,BG13,1,0.00974492945349752,5.6454821145063396e-05
T02,0,BG13,2,0.01825873267682377,0.00012357446636640014
T02,0,BG13,3,0.025694836641501163,0.00020384962373661466
T02,0,BG13,4,0.03211129292615754,0.0002996758585140566
T02,0,BG13,5,0.037722719050105116,0.000415628181755745
T02,0,BG13,6,0.04257191885202874,0.0005558595408710954
T02,0,BG13,7,0.046738142505598095,0.0007260005735490099
T02,0,BG13,8,0.05024351446972387,0.0009321838838364267
T02,0,BG13,9,0.05331860200076808,0.001186401407640897
T02,0,BG13,10,0.0558619946723419,0.0014969579897329433
T02,0,BG13,11,0.05797564547341509,0.0018789196533610289
T02,0,BG13,12,0.059691265091771015,0.002349484037251882
T02,0,BG13,13,0.04178879411737025,0.0020059623302417255
T02,0,BG13,14,0.03375467118652641,0.0019839624287723433
T02,0,BG13,15,0.02719870293054174,0.001964713512634891
T02,0,BG13,16,0.021775516987919515,0.001939510626696928
T02,0,BG13,17,0.017309424230920165,0.0019059397227255098
T02,0,BG13,18,0.013811531520373276,0.0018831437648236605
T02,0,BG13,19,0.010928330735563523,0.0018456289496562223
T02,0,BG13,20,0.00869136121098694,0.001815465212180456
T02,0,BG13,21,0.007118064833183314,0.00183204848826768
T02,0,BG13,22,0.005911741170303255,0.0018625404438528065
T02,0,BG13,23,0.004999055956492508,0.0019090156159688267
T02,0,BG13,24,0.004437743323033144,0.0020267169206134848
T02,0,BG13,25,0.020742365936629956,0.011139834264330331
T02,0,BG13,26,0.025330377474807368,0.01568471855560148
T02,0,BG13,27,0.02758200367744398,0.019270739628153562
T02,0,BG13,28,0.028572273875839084,0.022033030358727654
T02,0,BG13,29,0.029071963161422736,0.024227097090095177
T02,0,BG13,30,0.029319213514341434,0.02590953099736095
T02,0,BG13,31,0.029582047319294483,0.027281461244646144
T02,0,BG13,32,0.029804780561591915,0.028320031235880436
T02,0,BG13,33,0.030026500418858324,0.029109970691857525
T02,0,BG13,34,0.03013461151791808,0.029596972155657608
T02,0,BG13,35,0.030199754834101693,0.02990074767213226
T02,0,BG13,36,0.030281117602780842,0.030281117602780842
T02,0,BG14,0,0.0,0.0
T02,0,BG14,1,0.010959894074061605,6.349341598894823e-05
T02,0,BG14,2,0.020616950982735416,0.0001395348057484863
T02,0,BG14,3,0.02919666313209235,0.0002316313142103968
T02,0,BG14,4,0.03662506992810997,0.0003418002906632366
T02,0,BG14,5,0.042844488826760764,0.0004720597406210544
T02,0,BG14,6,0.048794306707315924,0.0006371049667937086
T02,0,BG14,7,0.05359313008904138,0.0008324815911934418
T02,0,BG14,8,0.058044612994826564,0.0010769201444626555
T02,0,BG14,9,0.06243300206930433,0.0013892074952477215
T02,0,BG14,10,0.06646658258998332,0.0017811337091928905
T02,0,BG14,11,0.07000587979890376,0.0022688048076921308
T02,0,BG14,12,0.07290377399805181,0.0028695363219450776
T02,0,BG14,13,0.052470696838680796,0.002518719274786683
T02,0,BG14,14,0.043812443408175306,0.002575117415741622
T02,0,BG14,15,0.03689325804699534,0.0026650051262972815
T02,0,BG14,16,0.03135591595891945,0.0027928215078236686
T02,0,BG14,17,0.027347661803627923,0.0030112494976487886
T02,0,BG14,18,0.024288159835685615,0.0033115876218087824
T02,0,BG14,19,0.022275476237913632,0.003761989346859006
T02,0,BG14,20,0.021267342770729697,0.004442356038600754
T02,0,BG14,21,0.020893112914987036,0.005377472230116418
T02,0,BG14,22,0.020898124058813958,0.006584117989767079
T02,0,BG14,23,0.02075683550317411,0.007926521220436222
T02,0,BG14,24,0.020819911187167098,0.009508451298209455
T02,0,BG14,25,0.026343901811465162,0.014148178675552108
T02,0,BG14,26,0.02918926616900838,0.01807416510003853
T02,0,BG14,27,0.03078759267765567,0.021510390883845997
T02,0,BG14,28,0.0314961431928437,0.024287723151869136
T02,0,BG14,29,0.031817632756349815,0.02651519865104597
T02,0,BG14,30,0.03192679973746624,0.02821386758504288
T02,0,BG14,31,0.03199195565767415,0.029503951758763067
T02,0,BG14,32,0.03205474501105862,0.030457911924018897
T02,0,BG14,33,0.03210459020455801,0.031124628771324304
T02,0,BG14,34,0.0321434006310652,0.031569921945465325
T02,0,BG14,35,0.03217310804579478,0.03185456270545323
T02,0,BG14,36,0.03221367082301889,0.03221367082301889
T02,0,BG15,0,0.0,0.0
T02,0,BG15,1,0.006514337131674877,3.7739189378311134e-05
T02,0,BG15,2,0.012195261517792037,8.253710491019175e-05
T02,0,BG15,3,0.017189659517395695,0.00013637392073532307
T02,0,BG15,4,0.02145562173357453,0.0002002327299307215
T02,0,BG15,5,0.02521732341631359,0.0002778439770686415
T02,0,BG15,6,0.028488192827241104,0.0003719689927291776
T02,0,BG15,7,0.031308701854393405,0.00048632945865426076
T02,0,BG15,8,0.03363091732893036,0.0006239650937366509
T02,0,BG15,9,0.035737135725503376,0.0007951931701006798
T02,0,BG15,10,0.03747711831042168,0.0010042905198031635
T02,0,BG15,11,0.03894488830684534,0.0012621561269649092
T02,0,BG15,12,0.04020143288951589,0.0015823525386603218
T02,0,BG15,13,0.02838817928555611,0.0013627006846620726
T02,0,BG15,14,0.02318912137136481,0.0013629623367111077
T02,0,BG15,15,0.01892465716299954,0.0013670331921640324
T02,0,BG15,16,0.015457439574518344,0.0013767695325137574
T02,0,BG15,17,0.01271004473285148,0.0013995023063563892
T02,0,BG15,18,0.010571330054649032,0.0014413560317071555
T02,0,BG15,19,0.008987555219457662,0.0015178614666684213
T02,0,BG15,20,0.007848026508925342,0.0016393081319063727
T02,0,BG15,21,0.007144998480968895,0.0018389806719847715
T02,0,BG15,22,0.006693847303368133,0.002108949121134017
T02,0,BG15,23,0.006321688101536656,0.0024140960639443005
T02,0,BG15,24,0.006178159105666734,0.002821564635154918
T02,0,BG15,25,0.016816840776886513,0.009031603219514668
T02,0,BG15,26,0.021313956652388655,0.01319772719112496
T02,0,BG15,27,0.023607792976451096,0.016494074753349873
T02,0,BG15,28,0.025105764299833327,0.019359889539793763
T02,0,BG15,29,0.025890563907063777,0.021575880582694332
T02,0,BG15,30,0.02618802677424703,0.023142486083702996
T02,0,BG15,31,0.02637528634288853,0.024324088979133855
T02,0,BG15,32,0.02652969741137466,0.025208099008877827
T02,0,BG15,33,0.02665515560127838,0.02584153284579358
T02,0,BG15,34,0.026720628137185544,0.026243898578635707
T02,0,BG15,35,0.026767766877707027,0.026502739754374612
T02,0,BG15,36,0.026824018701736885,0.026824018701736885
T02,1,BG1,0,0.0,0.0
T02,1,BG1,1,0.0034379438247516205,1.9916871068228886e-05
T02,1,BG1,2,0.006391069433951371,4.325453519610519e-05
T02,1,BG1,3,0.008995265768277923,7.136381385341604e-05
T02,1,BG1,4,0.011242565708597203,0.00010492027017704516
T02,1,BG1,5,0.013203248627776555,0.00014547313530062413
T02,1,BG1,6,0.014780919291928422,0.00019299376754167117
T02,1,BG1,7,0.016265502310810795,0.0002526579658941671
T02,1,BG1,8,0.017336852531958952,0.00032165613218714526
T02,1,BG1,9,0.018310112387248386,0.0004074214680014919
T02,1,BG1,10,0.019090210395452313,0.0005115686089983139
T02,1,BG1,11,0.019690484551870842,0.0006381444846173702
T02,1,BG1,12,0.020227032232924387,0.0007961481353218251
T02,1,BG1,13,0.014225763634132978,0.000682870769129539
T02,1,BG1,14,0.011529206785209361,0.0006776399309087479
T02,1,BG1,15,0.00931194330516105,0.0006726534318819593
T02,1,BG1,16,0.007521820433529352,0.0006699565688110752
T02,1,BG1,17,0.006125055560365185,0.0006744295216499932
T02,1,BG1,18,0.005025377718373475,0.0006851889459487936
T02,1,BG1,19,0.004180462233731472,0.0007060165285170314
T02,1,BG1,20,0.0035773735655280255,0.0007472474231749906
T02,1,BG1,21,0.003188293914349352,0.0008206035175173051
T02,1,BG1,22,0.0028455590568983403,0.0008965157112549841
T02,1,BG1,23,0.0026130061971273684,0.0009978423282438734
T02,1,BG1,24,0.0024839687832415966,0.0011344282886605027
T02,1,BG1,25,0.009243435370806078,0.004964252310775289
T02,1,BG1,26,0.012146242611756682,0.0075210247924610285
T02,1,BG1,27,0.014155940971925473,0.00989034211863158
T02,1,BG1,28,0.015456531527664429,0.011919045338848593
T02,1,BG1,29,0.01629967655100845,0.013583322306737929
T02,1,BG1,30,0.016826572253386476,0.014869723429081085
T02,1,BG1,31,0.017211781607601517,0.01587322700321359
T02,1,BG1,32,0.017406674873206886,0.016539547262710914
T02,1,BG1,33,0.017538866069106516,0.01700350919689894
T02,1,BG1,34,0.017603469170694122,0.017289401158842716
T02,1,BG1,35,0.017642475372648608,0.01746779758017317
T02,1,BG1,36,0.017696194526395124,0.017696194526395124
T02,1,BG2,0,0.0,0.0
T02,1,BG2,1,0.003637770714876166,2.107451842680251e-05
T02,1,BG2,2,0.006809105585455114,4.6083789392371266e-05
T02,1,BG2,3,0.009558946024410228,7.583576306708158e-05
T02,1,BG2,4,0.011951025708368451,0.00011153191155071974
T02,1,BG2,5,0.014041303647503408,0.00015470680937753313
T02,1,BG2,6,0.01574117910527868,0.00020553183428807638
T02,1,BG2,7,0.017304660235100203,0.00026879958387597053
T02,1,BG2,8,0.01848260432196254,0.0003429136296017123
T02,1,BG2,9,0.01949518444436011,0.00043379071088915747
T02,1,BG2,10,0.02034588116333328,0.0005452173613368092
T02,1,BG2,11,0.021040007651867115,0.0006818808750166838
T02,1,BG2,12,0.021587407913683118,0.0008496933374048826
T02,1,BG2,13,0.015195120777634859,0.0007294022350409047
T02,1,BG2,14,0.012287874538050875,0.0007222313399640521
T02,1,BG2,15,0.009896595952539037,0.0007148861421172579
T02,1,BG2,16,0.007971554934135636,0.0007100137057396502
T02,1,BG2,17,0.006446576875207949,0.0007098322154649438
T02,1,BG2,18,0.0052259487523407125,0.0007125359566827013
T02,1,BG2,19,0.004224754111886439,0.0007134967528128865
T02,1,BG2,20,0.0035148808940866417,0.0007341938556201592
T02,1,BG2,21,0.0030160041607144336,0.0007762595569925872
T02,1,BG2,22,0.0026555293585998857,0.0008366453643093313
T02,1,BG2,23,0.002385419749349146,0.0009109327028742493
T02,1,BG2,24,0.0022324147622869105,0.001019543592800365
T02,1,BG2,25,0.009710065702944195,0.0052148594184682736
T02,1,BG2,26,0.012699333881376769,0.007863502147978816
T02,1,BG2,27,0.014736510519118902,0.01029596907536582
T02,1,BG2,28,0.01601069413144176,0.012346378554819688
T02,1,BG2,29,0.016810189545203878,0.014008757915081453
T02,1,BG2,30,0.017283545841057298,0.015273553200452204
T02,1,BG2,31,0.017599675846663342,0.016230954860611848
T02,1,BG2,32,0.017763968349197374,0.016879041885462128
T02,1,BG2,33,0.017908742021621047,0.01736209509351106
T02,1,BG2,34,0.01797785355992969,0.017657106053532143
T02,1,BG2,35,0.018018484147460857,0.017840083484541244
T02,1,BG2,36,0.018073030670701668,0.018073030670701668
T02,1,BG3,0,0.0,0.0
T02,1,BG3,1,0.004408057313533671,2.553698193736515e-05
T02,1,BG3,2,0.008246526147791464,5.581220155671575e-05
T02,1,BG3,3,0.011577350863824075,9.184874935684118e-05
T02,1,BG3,4,0.01452172536486898,0.00013552274316831127
T02,1,BG3,5,0.017012005236589533,0.00018743794125035504
T02,1,BG3,6,0.01916649575190437,0.00025025603244833777
T02,1,BG3,7,0.02103675129409261,0.00032677151182381185
T02,1,BG3,8,0.02255078823971919,0.0004183919382799646
T02,1,BG3,9,0.023854906766782962,0.0005307996453425387
T02,1,BG3,10,0.025039298665389346,0.0006709888959756043
T02,1,BG3,11,0.026045247758151074,0.00084409457578885
T02,1,BG3,12,0.026930806148691786,0.0010600127000974454
T02,1,BG3,13,0.019051205756960524,0.0009145035629812548
T02,1,BG3,14,0.0155724466094227,0.0009152851416811249
T02,1,BG3,15,0.012668319686624472,0.0009151031573920906
T02,1,BG3,16,0.010367855480295122,0.0009234483821216007
T02,1,BG3,17,0.008533481521560768,0.0009396211673540445
T02,1,BG3,18,0.007201348853687188,0.0009818733839004007
T02,1,BG3,19,0.006220410344525326,0.0010505327575845126
T02,1,BG3,20,0.0055268999560333255,0.0011544675646139205
T02,1,BG3,21,0.004997240075653464,0.0012861903258106781
T02,1,BG3,22,0.004742886086794581,0.0014942834807111424
T02,1,BG3,23,0.004387745000764672,0.00167557110916394
T02,1,BG3,24,0.004290369421262036,0.0019594112755744126
T02,1,BG3,25,0.012249473958373672,0.006578666576949134
T02,1,BG3,26,0.01586113073362463,0.009821305333509243
T02,1,BG3,27,0.018317193183588355,0.01279768735031586
T02,1,BG3,28,0.019841776682197804,0.015300653648988282
T02,1,BG3,29,0.020733805414390773,0.01727850003125788
T02,1,BG3,30,0.021294107654651697,0.018817706046463618
T02,1,BG3,31,0.021625831891422028,0.01994399810889252
T02,1,BG3,32,0.02179030697543055,0.020704805175590053
T02,1,BG3,33,0.02192824880784079,0.02125891029556924
T02,1,BG3,34,0.021983589746293324,0.021591374844000512
T02,1,BG3,35,0.022022085005258117,0.02180404475208206
T02,1,BG3,36,0.022067626741297468,0.022067626741297468
T02,1,BG4,0,0.0,0.0
T02,1,BG4,1,0.004063921423746119,2.3543316388871795e-05
T02,1,BG4,2,0.0075831974701406285,5.1322816279066754e-05
T02,1,BG4,3,0.010676634314315184,8.470292758960981e-05
T02,1,BG4,4,0.013315421125093903,0.00012426501346636233
T02,1,BG4,5,0.015611207977836054,0.00017200398432436616
T02,1,BG4,6,0.017538088816065115,0.000228994000208724
T02,1,BG4,7,0.01928070514300147,0.0002994942090852364
T02,1,BG4,8,0.020689333764138375,0.00038385578163154004
T02,1,BG4,9,0.02187660587106225,0.0004867801298477137
T02,1,BG4,10,0.022954326445657137,0.0006151169952401449
T02,1,BG4,11,0.02379354226781365,0.0007711195595369793
T02,1,BG4,12,0.024529414696342722,0.0009654924917899525
T02,1,BG4,13,0.01736408092407134,0.0008335175259987544
T02,1,BG4,14,0.014182775897151006,0.0008336059435048781
T02,1,BG4,15,0.011478760236130781,0.0008291746649770583
T02,1,BG4,16,0.009389469086476055,0.0008363050613357511
T02,1,BG4,17,0.007707435246777025,0.000848665258189285
T02,1,BG4,18,0.006388352515315276,0.0008710247801549054
T02,1,BG4,19,0.00548414268773937,0.0009261883421392988
T02,1,BG4,20,0.004780176508975911,0.0009984907947078513
T02,1,BG4,21,0.0043194639999974875,0.0011117442274075438
T02,1,BG4,22,0.004125834170436637,0.0012998764318017612
T02,1,BG4,23,0.003789788092574639,0.0014472261792132979
T02,1,BG4,24,0.003704876813761156,0.0016920168623235177
T02,1,BG4,25,0.011097685217072018,0.005960090298912207
T02,1,BG4,26,0.014496376536557942,0.008976241517357783
T02,1,BG4,27,0.016707837858854713,0.011673277842130767
T02,1,BG4,28,0.018103628953728128,0.013960310188887957
T02,1,BG4,29,0.01895275629341121,0.015794264175064507
T02,1,BG4,30,0.019451690310170185,0.017189552923729964
T02,1,BG4,31,0.01979832203911253,0.018258613073713792
T02,1,BG4,32,0.01999455108535382,0.018998506305967063
T02,1,BG4,33,0.020137515002716183,0.019522836854567148
T02,1,BG4,34,0.020212373327718674,0.019851759187479213
T02,1,BG4,35,0.020251171462269596,0.020050664998062486
T02,1,BG4,36,0.02030325883010639,0.02030325883010639
T02,1,BG5,0,0.0,0.0
T02,1,BG5,1,0.017111803182807986,9.913296893394473e-05
T02,1,BG5,2,0.03207351974707941,0.00021707246387481842
T02,1,BG5,3,0.045225878166856935,0.00035879886614971403
T02,1,BG5,4,0.056621884314246335,0.0005284188270878238
T02,1,BG5,5,0.06650496145022464,0.000732750366038775
T02,1,BG5,6,0.07509750544459617,0.000980544594066352
T02,1,BG5,7,0.08238107333789998,0.0012796551867929828
T02,1,BG5,8,0.08860580901835732,0.001643931723430709
T02,1,BG5,9,0.09385330366605123,0.002088346041151544
T02,1,BG5,10,0.0983951594099321,0.002636737569290848
T02,1,BG5,11,0.10212901062167365,0.0033098761382346327
T02,1,BG5,12,0.1052880327232313,0.004144200190348981
T02,1,BG5,13,0.07371130152032976,0.0035383192397573622
T02,1,BG5,14,0.059605717167720874,0.003503381879511808
T02,1,BG5,15,0.04791971151264581,0.0034615071499070225
T02,1,BG5,16,0.03823581154886803,0.0034056028478577556
T02,1,BG5,17,0.030404075696665915,0.0033477910508281665
T02,1,BG5,18,0.02395293936526369,0.003265881735953866
T02,1,BG5,19,0.01885593115311163,0.0031844801652320454
T02,1,BG5,20,0.014864140495810073,0.0031048450713830763
T02,1,BG5,21,0.011743194837862637,0.003022465074490636
T02,1,BG5,22,0.00937819576731845,0.002954674167385048
T02,1,BG5,23,0.007607662016924234,0.002905177640461369
T02,1,BG5,24,0.006489848577312618,0.002963913177452965
T02,1,BG5,25,0.0249740532418198,0.013412491865597316
T02,1,BG5,26,0.028698742444163265,0.01777042992401649
T02,1,BG5,27,0.03049128619912825,0.02130337023113536
T02,1,BG5,28,0.03132257033757795,0.024153875353626498
T02,1,BG5,29,0.03187746816139455,0.026565062385097253
T02,1,BG5,30,0.03229344999437874,0.028537878169995666
T02,1,BG5,31,0.03261865376699745,0.030081911823682795
T02,1,BG5,32,0.03288145261217073,0.031243436404683758
T02,1,BG5,33,0.03305685525024424,0.03204782680304929
T02,1,BG5,34,0.033161229739052035,0.03256959168667815
T02,1,BG5,35,0.03322012242082809,0.03289121070051286
T02,1,BG5,36,0.03329550730470343,0.03329550730470343
T02,1,BG6,0,0.0,0.0
T02,1,BG6,1,0.017307438449962263,0.0001002663332083045
T02,1,BG6,2,0.03232826793282425,0.00021879659091314868
T02,1,BG6,3,0.04552629267856943,0.00036118219987073117
T02,1,BG6,4,0.05694785792628119,0.0005314609475371504
T02,1,BG6,5,0.06689307737610209,0.0007370266183467673
T02,1,BG6,6,0.07540585871592499,0.0009845707488172243
T02,1,BG6,7,0.0827612364190312,0.0012855603975025207
T02,1,BG6,8,0.08909496012716756,0.0016530070985617308
T02,1,BG6,9,0.09424196654037478,0.002096994255550374
T02,1,BG6,10,0.09871590099975781,0.0026453326175424983
T02,1,BG6,11,0.10245725100285784,0.0033205140018374756
T02,1,BG6,12,0.10531365575114862,0.004145208729524966
T02,1,BG6,13,0.07440846099841789,0.003571784566459296
T02,1,BG6,14,0.060497685831315186,0.0035558081737292603
T02,1,BG6,15,0.04917817605489524,0.003552413046989477
T02,1,BG6,16,0.040003977452199496,0.003563090578267962
T02,1,BG6,17,0.03270428438617803,0.0036010669036653487
T02,1,BG6,18,0.026928254199271133,0.0036715532894052386
T02,1,BG6,19,0.022793913136203717,0.0038495454610701536
T02,1,BG6,20,0.019760985233171612,0.004127705709810018
T02,1,BG6,21,0.017710254289375872,0.004558267640813108
T02,1,BG6,22,0.016425493485163686,0.005174980613426325
T02,1,BG6,23,0.015561396552177236,0.005942511809533434
T02,1,BG6,24,0.01509036193806207,0.0068917667534685026
T02,1,BG6,25,0.03433577752572713,0.0184402720430792
T02,1,BG6,26,0.04393652043861688,0.027205751612116896
T02,1,BG6,27,0.04997064847031607,0.034913031154833137
T02,1,BG6,28,0.05311054591914666,0.04095530770631071
T02,1,BG6,29,0.05449690075742584,0.04541494838591217
T02,1,BG6,30,0.05510324208263607,0.04869500202688851
T02,1,BG6,31,0.05544423326111591,0.0511323535786234
T02,1,BG6,32,0.05560942346228857,0.052839194985145575
T02,1,BG6,33,0.055727123252187434,0.05402610700414373
T02,1,BG6,34,0.05578855180018308,0.054793213923958965
T02,1,BG6,35,0.05580343822676322,0.0552509295247368
T02,1,BG6,36,0.055834316329969304,0.055834316329969304
T02,1,BG7,0,0.0,0.0
T02,1,BG7,1,0.022036194348356433,0.0001276612022388653
T02,1,BG7,2,0.041308739436027045,0.00027957610873967614
T02,1,BG7,3,0.058222546629247696,0.0004619077509786294
T02,1,BG7,4,0.07287535584503055,0.0006801029414265664
T02,1,BG7,5,0.08557617207577728,0.0009428765915008375
T02,1,BG7,6,0.09656430792340844,0.001260835620589354
T02,1,BG7,7,0.1060525657542676,0.0016473530935521652
T02,1,BG7,8,0.11414214289201692,0.0021177154367541867
T02,1,BG7,9,0.12101517069782979,0.0026927294344417456
T02,1,BG7,10,0.12679696232330884,0.003397832943756446
T02,1,BG7,11,0.13181809854132243,0.004272063112623386
T02,1,BG7,12,0.13587491098957458,0.0053481180828398546
T02,1,BG7,13,0.09513259797956228,0.004566592835895143
T02,1,BG7,14,0.07690964780099716,0.004520436623099942
T02,1,BG7,15,0.06180114314707677,0.004464240132872221
T02,1,BG7,16,0.04933888769048316,0.004394536160593286
T02,1,BG7,17,0.03915231434631449,0.004311059120259399
T02,1,BG7,18,0.03090065516489846,0.004213173323123328
T02,1,BG7,19,0.02434372019139071,0.004111284314802105
T02,1,BG7,20,0.01913547758123885,0.003997048688644469
T02,1,BG7,21,0.015039149658384645,0.0038707783702263596
T02,1,BG7,22,0.011909599630539116,0.0037522128263867732
T02,1,BG7,23,0.009500220375356139,0.0036278987903375147
T02,1,BG7,24,0.00789355025056719,0.0036049835929359343
T02,1,BG7,25,0.034308331422996004,0.0184255319164153
T02,1,BG7,26,0.043770600300400156,0.027103012825733783
T02,1,BG7,27,0.04855633838351284,0.03392489400227924
T02,1,BG7,28,0.05069426055926486,0.03909202967502857
T02,1,BG7,29,0.05149116952419796,0.04291012474134641
T02,1,BG7,30,0.05183674815488417,0.045808385426579855
T02,1,BG7,31,0.052066531210016274,0.04801733435517344
T02,1,BG7,32,0.0522545388422913,0.049651436657153776
T02,1,BG7,33,0.052392755738753495,0.05079351767992603
T02,1,BG7,34,0.05246664879677998,0.05153057784390741
T02,1,BG7,35,0.052490261525875166,0.05197055640885072
T02,1,BG7,36,0.052535841796590814,0.052535841796590814
T02,1,BG8,0,0.0,0.0
T02,1,BG8,1,0.025733542553147835,0.0001490808679748322
T02,1,BG8,2,0.04797113384313479,0.0003246669622473116
T02,1,BG8,3,0.0675069472534929,0.0005355654122082922
T02,1,BG8,4,0.08470923939781151,0.0007905416351007161
T02,1,BG8,5,0.09944548999112653,0.001095688463735267
T02,1,BG8,6,0.11224792419112321,0.0014656158628485931
T02,1,BG8,7,0.1230619764540962,0.0019115664602408222
T02,1,BG8,8,0.1323191419437776,0.0024549590778636535
T02,1,BG8,9,0.14015981357881513,0.0031187201758897344
T02,1,BG8,10,0.147214998901864,0.003944983885998277
T02,1,BG8,11,0.15396179103241323,0.004989713053574315
T02,1,BG8,12,0.1588491280026879,0.006252397055675158
T02,1,BG8,13,0.11429479458442815,0.005486424221680387
T02,1,BG8,14,0.09465702999812661,0.005563555629581162
T02,1,BG8,15,0.07886488455771846,0.005696849038225879
T02,1,BG8,16,0.06642682079252644,0.0059165311615482835
T02,1,BG8,17,0.057162624925909705,0.0062941733980457475
T02,1,BG8,18,0.050363188447589684,0.006866807215978038
T02,1,BG8,19,0.04602815858150326,0.007773456372411878
T02,1,BG8,20,0.04369415356006785,0.00912690360175737
T02,1,BG8,21,0.043223689796623166,0.011124919106574599
T02,1,BG8,22,0.044261232106067805,0.013944848539524412
T02,1,BG8,23,0.045673660221438386,0.017441639251336547
T02,1,BG8,24,0.046710224099476644,0.02133255453290022
T02,1,BG8,25,0.05073161933503578,0.027245774822830977
T02,1,BG8,26,0.05328225458618596,0.032992685088297856
T02,1,BG8,27,0.05492739817982826,0.038376167280179355
T02,1,BG8,28,0.05586618500207008,0.04308027259409
T02,1,BG8,29,0.056372881389457626,0.04697829527935321
T02,1,BG8,30,0.05672071705826599,0.05012437241880616
T02,1,BG8,31,0.056972716888573076,0.05254196751970391
T02,1,BG8,32,0.057085287127942655,0.054241537239060944
T02,1,BG8,33,0.05718412570832573,0.05543863575389092
T02,1,BG8,34,0.057244528044087174,0.056223213719958
T02,1,BG8,35,0.05728368351909697,0.05671651883808322
T02,1,BG8,36,0.057328511060901144,0.057328511060901144
T02,1,BG9,0,0.0,0.0
T02,1,BG9,1,0.011251503552533364,6.518278304261994e-05
T02,1,BG9,2,0.021053258922735074,0.00014248772271603752
T02,1,BG9,3,0.02956718976823087,0.00023457088248023607
T02,1,BG9,4,0.03697677442204578,0.00034508254240598734
T02,1,BG9,5,0.043411507534273364,0.0004783071416099793
T02,1,BG9,6,0.04900041630551757,0.0006397961284534045
T02,1,BG9,7,0.05378785286963729,0.0008355062884342722
T02,1,BG9,8,0.05764617535774471,0.0010695278036554272
T02,1,BG9,9,0.0609309475649423,0.0013557850220257937
T02,1,BG9,10,0.06372097576790152,0.0017075584946681874
T02,1,BG9,11,0.06606164794910264,0.0021409770872037937
T02,1,BG9,12,0.06795735387737034,0.0026748422545339197
T02,1,BG9,13,0.04810871640496459,0.0023093337601650947
T02,1,BG9,14,0.03925629355540355,0.002307325436978115
T02,1,BG9,15,0.032034303531334914,0.0023140158283086374
T02,1,BG9,16,0.02622193530670788,0.002335546026541375
T02,1,BG9,17,0.02163094495797021,0.002381782127580524
T02,1,BG9,18,0.018105820326236064,0.002468651840022231
T02,1,BG9,19,0.01561157297865764,0.0026365573832509317
T02,1,BG9,20,0.013836268302043939,0.0028901415083676086
T02,1,BG9,21,0.012596455050039828,0.0032420773059333875
T02,1,BG9,22,0.011819586359575935,0.0037238534325444244
T02,1,BG9,23,0.011169464373830578,0.004265341723632309
T02,1,BG9,24,0.010905776996337031,0.004980667238711941
T02,1,BG9,25,0.018020761573523746,0.009678177386462905
T02,1,BG9,26,0.021711772793829392,0.0134440572650733
T02,1,BG9,27,0.02426788865018721,0.016955264290972973
T02,1,BG9,28,0.02574469986875483,0.019852594015034968
T02,1,BG9,29,0.02653920549747456,0.022116425542810826
T02,1,BG9,30,0.02708312986860811,0.023933493059561585
T02,1,BG9,31,0.02751974726348213,0.02537954557539157
T02,1,BG9,32,0.02781741876301797,0.026431671536086946
T02,1,BG9,33,0.02801760204434236,0.0271623919257209
T02,1,BG9,34,0.028133430365112396,0.027631494586468144
T02,1,BG9,35,0.02820674201806622,0.027927467583058578
T02,1,BG9,36,0.02829795828040782,0.02829795828040782
T02,1,BG10,0,0.0,0.0
T02,1,BG10,1,0.02908592656650831,0.00016850206955002094
T02,1,BG10,2,0.05465946892047483,0.00036993338128301343
T02,1,BG10,3,0.07678780218575662,0.0006091949442660762
T02,1,BG10,4,0.09623053025062732,0.000898063082556696
T02,1,BG10,5,0.11299326443109414,0.001244957580604159
T02,1,BG10,6,0.12737503562506508,0.0016631298431357135
T02,1,BG10,7,0.13977526104894034,0.0021711799899280762
T02,1,BG10,8,0.14993779464249032,0.002781843539713116
T02,1,BG10,9,0.15884214972370775,0.0035344240667592422
T02,1,BG10,10,0.16657259513109113,0.0044637177472174145
T02,1,BG10,11,0.173539168652908,0.005624191874782331
T02,1,BG10,12,0.17856123141236008,0.007028277288055259
T02,1,BG10,13,0.12892955655559868,0.0061889278977438735
T02,1,BG10,14,0.10672534089498592,0.00627288191110516
T02,1,BG10,15,0.08907103899124347,0.006434096312657072
T02,1,BG10,16,0.07530979978284134,0.006707723957181362
T02,1,BG10,17,0.06499025748694998,0.007156073588232219
T02,1,BG10,18,0.05731538225994643,0.007814709378465325
T02,1,BG10,19,0.05259705162706206,0.008882842548724127
T02,1,BG10,20,0.05019545991295724,0.010484906702293661
T02,1,BG10,21,0.05005129594304732,0.012882209300663736
T02,1,BG10,22,0.0512017001787677,0.016131497426860108
T02,1,BG10,23,0.05283474112424053,0.020176278632406064
T02,1,BG10,24,0.053984774287080275,0.024654840840939676
T02,1,BG10,25,0.06447948264019182,0.034629161958863126
T02,1,BG10,26,0.06896561575559428,0.042703914381418476
T02,1,BG10,27,0.07106874511506713,0.0496536544962206
T02,1,BG10,28,0.07207475431816333,0.05557923937420064
T02,1,BG10,29,0.07240566615688585,0.06033920362120276
T02,1,BG10,30,0.07245611263496883,0.06402981771046216
T02,1,BG10,31,0.07249300971314873,0.06685525218728604
T02,1,BG10,32,0.07252603971786979,0.06891309629870007
T02,1,BG10,33,0.07257531947814364,0.07036002821923577
T02,1,BG10,34,0.07261207809361941,0.07131658738014747
T02,1,BG10,35,0.07263179899583312,0.07191267294826316
T02,1,BG10,36,0.07264775211452142,0.07264775211452142
T02,1,BG11,0,0.0,0.0
T02,1,BG11,1,0.010972888044053277,6.35686933564822e-05
T02,1,BG11,2,0.02043950425487551,0.00013833385247574544
T02,1,BG11,3,0.028789899328144502,0.00022840425963877609
T02,1,BG11,4,0.03606389619616103,0.0003365631852807199
T02,1,BG11,5,0.04240604668825276,0.00046722899414848167
T02,1,BG11,6,0.047736996964661015,0.0006232997219583109
T02,1,BG11,7,0.052514790815778006,0.0008157313558296445
T02,1,BG11,8,0.056427256918290924,0.0010469128239507899
T02,1,BG11,9,0.05967948468743302,0.0013279385075272222
T02,1,BG11,10,0.06251345915148812,0.0016752001533848547
T02,1,BG11,11,0.06496881831190732,0.0021055598166383554
T02,1,BG11,12,0.06689490847902421,0.0026330237647105904
T02,1,BG11,13,0.047612659775731925,0.002285521847065469
T02,1,BG11,14,0.03898758389697369,0.0022915317751599244
T02,1,BG11,15,0.03204272946268368,0.0023146244808414833
T02,1,BG11,16,0.02664840306246637,0.0023735308290211326
T02,1,BG11,17,0.02246311888889257,0.00247341275004499
T02,1,BG11,18,0.019495676479036404,0.002658152830549192
T02,1,BG11,19,0.01746684326750461,0.00294988433084805
T02,1,BG11,20,0.016230969993172792,0.0033903505669340126
T02,1,BG11,21,0.0154525110240358,0.003977169370768663
T02,1,BG11,22,0.014842988337526165,0.0046763999574342486
T02,1,BG11,23,0.0144588127563554,0.005521462370171544
T02,1,BG11,24,0.01420754341218479,0.006488583618820299
T02,1,BG11,25,0.025618074141310537,0.013758367805560102
T02,1,BG11,26,0.030676086758207575,0.018994813138500558
T02,1,BG11,27,0.033422623992609105,0.023351410256879084
T02,1,BG11,28,0.035023648466517385,0.027007899783762897
T02,1,BG11,29,0.03575812642476311,0.029799005812363173
T02,1,BG11,30,0.036164081482932,0.03195837398142842
T02,1,BG11,31,0.036354464445485866,0.033527189811763246
T02,1,BG11,32,0.03647031116545975,0.03465351303741489
T02,1,BG11,33,0.036574222314448325,0.03545782967509086
T02,1,BG11,34,0.03664183544816876,0.03598809906271127
T02,1,BG11,35,0.03666924845614306,0.03630618694969764
T02,1,BG11,36,0.036704308077257226,0.036704308077257226
T02,1,BG12,0,0.0,0.0
T02,1,BG12,1,0.010364807907962705,6.004593255131586e-05
T02,1,BG12,2,0.01940498585935073,0.0001313322680179284
T02,1,BG12,3,0.027361674598807693,0.000217073458693701
T02,1,BG12,4,0.03422086555771793,0.0003193632616823351
T02,1,BG12,5,0.04016988988942954,0.0004425910604143674
T02,1,BG12,6,0.04538187276686966,0.0005925489765071746
T02,1,BG12,7,0.04978614168084224,0.0007733462532634269
T02,1,BG12,8,0.05345213907185785,0.000991714516513178
T02,1,BG12,9,0.05662094468121538,0.0012598824068178547
T02,1,BG12,10,0.05928963331447181,0.0015888098993788046
T02,1,BG12,11,0.061504210117120386,0.001993276110788694
T02,1,BG12,12,0.06329284367289056,0.0024912443303879888
T02,1,BG12,13,0.04441589684569532,0.002132069563227806
T02,1,BG12,14,0.036007596317273266,0.0021163802159211193
T02,1,BG12,15,0.02905586857505881,0.0020988669134532263
T02,1,BG12,16,0.023297409194465588,0.0020750631418367475
T02,1,BG12,17,0.018690855915670518,0.0020580490899739304
T02,1,BG12,18,0.014951879327544914,0.0020386253505230104
T02,1,BG12,19,0.012047344854721429,0.0020346134274448913
T02,1,BG12,20,0.009762002251842,0.002039102402140603
T02,1,BG12,21,0.00812946366723411,0.0020923624540278626
T02,1,BG12,22,0.007000382595241415,0.002205525468483217
T02,1,BG12,23,0.006099555830581958,0.002329269251765388
T02,1,BG12,24,0.005606081977423262,0.002560297065128313
T02,1,BG12,25,0.01991598986171559,0.010696023143303668
T02,1,BG12,26,0.022918454872235483,0.014191241899907253
T02,1,BG12,27,0.024907228165708076,0.017401952127012593
T02,1,BG12,28,0.025950533272507497,0.020011318950081906
T02,1,BG12,29,0.02652511958527216,0.022104687044387318
T02,1,BG12,30,0.026895279023602656,0.02376748834096373
T02,1,BG12,31,0.027260047850629774,0.025140042928853887
T02,1,BG12,32,0.02756708479660127,0.02619380814579004
T02,1,BG12,33,0.027809809346997498,0.0269609419993869
T02,1,BG12,34,0.027950509699851904,0.027451837482414775
T02,1,BG12,35,0.028024987059482365,0.027747512225328473
T02,1,BG12,36,0.02812119911417776,0.02812119911417776
T02,1,BG13,0,0.0,0.0
T02,1,BG13,1,0.009724552262477834,5.633677103411472e-05
T02,1,BG13,2,0.018184389304090574,0.00012307131313976188
T02,1,BG13,3,0.025629309979327313,0.0002033297685752143
T02,1,BG13,4,0.03206322485279599,0.00029922726667210194
T02,1,BG13,5,0.03771302886677744,0.0004155214142199353
T02,1,BG13,6,0.04252597174682843,0.0005552596118328752
T02,1,BG13,7,0.04665635181455692,0.0007247300905053476
T02,1,BG13,8,0.0500983596207183,0.0009294907812662445
T02,1,BG13,9,0.053128493904514094,0.0011821712798285415
T02,1,BG13,10,0.05559226504374189,0.0014897299310884166
T02,1,BG13,11,0.05767191156472243,0.0018690760100233935
T02,1,BG13,12,0.05940117064081675,0.002338065742359922
T02,1,BG13,13,0.041625454612391824,0.0019981216447759547
T02,1,BG13,14,0.033675042224461584,0.001979282161529925
T02,1,BG13,15,0.027112061526025907,0.0019584549248426075
T02,1,BG13,16,0.02167374420308369,0.001930445889084574
T02,1,BG13,17,0.017282039344811546,0.0019029243739086834
T02,1,BG13,18,0.013679696653483508,0.0018651686418129278
T02,1,BG13,19,0.010902859840833288,0.0018413273065398883
T02,1,BG13,20,0.008727284357705851,0.0018229688993832657
T02,1,BG13,21,0.007105579597593912,0.0018288350381826144
T02,1,BG13,22,0.005904658949868806,0.0018603091387576097
T02,1,BG13,23,0.004963227586952668,0.0018953336504264587
T02,1,BG13,24,0.00447018451827415,0.002041532812143243
T02,1,BG13,25,0.021939567820604664,0.011782799971830706
T02,1,BG13,26,0.02784224852331209,0.017240083841206687
T02,1,BG13,27,0.03042377880340645,0.021256204773995858
T02,1,BG13,28,0.03068884448233074,0.023665188279199386
T02,1,BG13,29,0.030881560802023946,0.025735123856351398
T02,1,BG13,30,0.030969540109648964,0.027367932561121366
T02,1,BG13,31,0.031160625189634288,0.028737273657158904
T02,1,BG13,32,0.03140806670016196,0.0298434484015004
T02,1,BG13,33,0.03162179522985795,0.03065657063998654
T02,1,BG13,34,0.0317506322683685,0.03118416104738654
T02,1,BG13,35,0.03181813006090152,0.031503099386043495
T02,1,BG13,36,0.03189991742059764,0.03189991742059764
T02,1,BG14,0,0.0,0.0
T02,1,BG14,1,0.009357200190416073,5.420860830396817e-05
T02,1,BG14,2,0.017641378499111692,0.0001193962348436544
T02,1,BG14,3,0.024791385350669014,0.00019668210544691967
T02,1,BG14,4,0.030916440671503214,0.0002885250027612043
T02,1,BG14,5,0.036294610933021026,0.00039989331446372965
T02,1,BG14,6,0.0411168675651546,0.000536861004410976
T02,1,BG14,7,0.04511268415386135,0.0007007517373669558
T02,1,BG14,8,0.048626699454201165,0.0009021866028586376
T02,1,BG14,9,0.05137680779776581,0.0011431942121682263
T02,1,BG14,10,0.0538344888994084,0.0014426260393286367
T02,1,BG14,11,0.055739014330121926,0.0018064331762805586
T02,1,BG14,12,0.057363164041252766,0.0022578485769444976
T02,1,BG14,13,0.0412379447085786,0.0019795202362935848
T02,1,BG14,14,0.034099266599203266,0.002004216346261916
T02,1,BG14,15,0.028388059818975256,0.0020506273769830903
T02,1,BG14,16,0.024004904795264154,0.0021380786472874284
T02,1,BG14,17,0.020571986972338856,0.0022651803191533915
T02,1,BG14,18,0.018315176654163646,0.002497196685927313
T02,1,BG14,19,0.017013172941485268,0.002873266306929123
T02,1,BG14,20,0.016264323734922904,0.0033973175530146453
T02,1,BG14,21,0.015700406691546657,0.004040972791694567
T02,1,BG14,22,0.015476472057802105,0.004875983973699775
T02,1,BG14,23,0.015239247911681532,0.005819491219373697
T02,1,BG14,24,0.01508100479883999,0.006887493342696442
T02,1,BG14,25,0.022733778094830098,0.012209336243420561
T02,1,BG14,26,0.02623249068191855,0.016243312346327688
T02,1,BG14,27,0.028408440486908403,0.01984814682722115
T02,1,BG14,28,0.029468289885768155,0.0227239780488607
T02,1,BG14,29,0.02991582587772685,0.02493032946182559
T02,1,BG14,30,0.029996384485449015,0.026507950270617885
T02,1,BG14,31,0.03016418947178437,0.027818330403904728
T02,1,BG14,32,0.030258834825649426,0.02875146645566457
T02,1,BG14,33,0.03035747584651423,0.029430843373202613
T02,1,BG14,34,0.030421657685398954,0.0298788970218924
T02,1,BG14,35,0.030468973655979392,0.03016730093343653
T02,1,BG14,36,0.030519622687471222,0.030519622687471222
T02,1,BG15,0,0.0,0.0
T02,1,BG15,1,0.006422275391522988,3.720585261813326e-05
T02,1,BG15,2,0.012020840976645466,8.135663294306597e-05
T02,1,BG15,3,0.016892740494827706,0.00013401831794495958
T02,1,BG15,4,0.021166309027952555,0.00019753274407836096
T02,1,BG15,5,0.024846615965140494,0.0002737595290651867
T02,1,BG15,6,0.027963896000112298,0.0003651232738362068
T02,1,BG15,7,0.030730775218737932,0.00047735231366439703
T02,1,BG15,8,0.03299644005613702,0.0006121934356290091
T02,1,BG15,9,0.03498760483663835,0.0007785152301359257
T02,1,BG15,10,0.036691110698997234,0.0009832275334975577
T02,1,BG15,11,0.03809489272951233,0.001234608810622348
T02,1,BG15,12,0.03929252041748377,0.0015465771981232328
T02,1,BG15,13,0.02768700564757709,0.0013290426673024888
T02,1,BG15,14,0.022527495515500595,0.001324074656804006
T02,1,BG15,15,0.018218528463552437,0.0013160255893503797
T02,1,BG15,16,0.014841515823349484,0.001321910183898458
T02,1,BG15,17,0.01216652170026946,0.0013396550161506868
T02,1,BG15,18,0.010135952499554622,0.0013819941489925619
T02,1,BG15,19,0.008620649897816936,0.0014558967354139903
T02,1,BG15,20,0.007511812869532699,0.0015690792995291354
T02,1,BG15,21,0.0067054361493841955,0.0017258460608929277
T02,1,BG15,22,0.006194293415376143,0.0019515607514337195
T02,1,BG15,23,0.005784524294074402,0.0022089665125191115
T02,1,BG15,24,0.005610770487183129,0.0025624383082803004
T02,1,BG15,25,0.017238631107938118,0.009258128704901402
T02,1,BG15,26,0.022474007081999207,0.01391603722890045
T02,1,BG15,27,0.02554614834056567,0.017848346985414005
T02,1,BG15,28,0.026747443386774525,0.020625842816798703
T02,1,BG15,29,0.02723057070497599,0.02269257424638379
T02,1,BG15,30,0.027510532692476976,0.0243111909197671
T02,1,BG15,31,0.02777189825064863,0.025612086916729088
T02,1,BG15,32,0.027951107157006654,0.026558700068312957
T02,1,BG15,33,0.02809748509717108,0.027239836703932357
T02,1,BG15,34,0.028189828033245178,0.02768688601450623
T02,1,BG15,35,0.028244368015060296,0.027964721062611463
T02,1,BG15,36,0.02831023227557284,0.02831023227557284
T02,2,BG1,0,0.0,0.0
T02,2,BG1,1,0.0034321641790800894,1.988338812933797e-05
T02,2,BG1,2,0.006415683618471853,4.3421123193085205e-05
T02,2,BG1,3,0.008972235633900328,7.11811045444114e-05
T02,2,BG1,4,0.01122534806066417,0.00010475958782220269
T02,2,BG1,5,0.013162618848373149,0.0001450254770430514
T02,2,BG1,6,0.014801776224112469,0.0001932660954711231
T02,2,BG1,7,0.016213943524139813,0.0002518570845940115
T02,2,BG1,8,0.01748413372222461,0.00032438868735404136
T02,2,BG1,9,0.0184800367343494,0.00041120248422003717
T02,2,BG1,10,0.019298817270071468,0.0005171587380492625
T02,2,BG1,11,0.020082308407083617,0.0006508430168230667
T02,2,BG1,12,0.020648723832281564,0.0008127461692090427
T02,2,BG1,13,0.014533795882928885,0.000697657056451898
T02,2,BG1,14,0.011817734265243013,0.000694598405150056
T02,2,BG1,15,0.009589038662108366,0.0006926695708027995
T02,2,BG1,16,0.0077336034975825346,0.0006888197510075084
T02,2,BG1,17,0.006287297053817565,0.0006922939230993957
T02,2,BG1,18,0.005110815783102579,0.0006968380630371907
T02,2,BG1,19,0.004249605282336399,0.00071769373874748
T02,2,BG1,20,0.0035786129089162818,0.0007475062979874867
T02,2,BG1,21,0.003163280391644362,0.0008141655333159206
T02,2,BG1,22,0.0027782372803453253,0.0008753054573201993
T02,2,BG1,23,0.0026856479700826923,0.0010255824208182962
T02,2,BG1,24,0.002628413141381438,0.0012003960116358531
T02,2,BG1,25,0.010252132559683762,0.005505980267516957
T02,2,BG1,26,0.013689921473598404,0.008476879812165378
T02,2,BG1,27,0.016148131882946344,0.011282227658355735
T02,2,BG1,28,0.017832327399016263,0.013751100546330159
T02,2,BG1,29,0.019085915856323903,0.01590523263047794
T02,2,BG1,30,0.019969726250267893,0.017647343813820864
T02,2,BG1,31,0.02049986850979617,0.01890560048866549
T02,2,BG1,32,0.020789537728706585,0.019753890052582084
T02,2,BG1,33,0.020926578508058655,0.020287814989217733
T02,2,BG1,34,0.021005806105964857,0.020631036124290732
T02,2,BG1,35,0.021038746260388656,0.02083044202327158
T02,2,BG1,36,0.02108542327231393,0.02108542327231393
T02,2,BG2,0,0.0,0.0
T02,2,BG2,1,0.00361442603270702,2.0939276786758546e-05
T02,2,BG2,2,0.00675251976445066,4.570081846692413e-05
T02,2,BG2,3,0.009476478006016203,7.518150433540701e-05
T02,2,BG2,4,0.011854807309760105,0.00011063396173003796
T02,2,BG2,5,0.013925684919375288,0.0001534329241908923
T02,2,BG2,6,0.015660603248019572,0.00020447975931863063
T02,2,BG2,7,0.017217823627174302,0.00026745071987891074
T02,2,BG2,8,0.018550864194852936,0.0003441800767152719
T02,2,BG2,9,0.019600275524695836,0.0004361291118460933
T02,2,BG2,10,0.020428437487543295,0.0005474296587420671
T02,2,BG2,11,0.02126188445031354,0.0006890716297628533
T02,2,BG2,12,0.021894816042085388,0.0008617931051309141
T02,2,BG2,13,0.015337743004425301,0.0007362484448990966
T02,2,BG2,14,0.012455623435807374,0.0007320909382533922
T02,2,BG2,15,0.010078794506580223,0.0007280473572692539
T02,2,BG2,16,0.008128721608126402,0.0007240122891881245
T02,2,BG2,17,0.006579330467011662,0.0007244497062444276
T02,2,BG2,18,0.005309823623502598,0.0007239719382817187
T02,2,BG2,19,0.004352469349232328,0.0007350659157520913
T02,2,BG2,20,0.0036084104494530428,0.0007537304571584751
T02,2,BG2,21,0.00312420605440368,0.0008041085770335421
T02,2,BG2,22,0.0026933727038619,0.0008485682064772439
T02,2,BG2,23,0.002497729931440092,0.0009538211792874909
T02,2,BG2,24,0.0023995938060497966,0.0010958942453887783
T02,2,BG2,25,0.010679983356508941,0.005735760547264624
T02,2,BG2,26,0.014223491442127664,0.008807269481391168
T02,2,BG2,27,0.016639685027740922,0.011625661455629455
T02,2,BG2,28,0.01826446663302477,0.014084337427598312
T02,2,BG2,29,0.019236827321132258,0.016030994585133577
T02,2,BG2,30,0.019822463108417076,0.017517206648737703
T02,2,BG2,31,0.020170512145938038,0.018601858062568862
T02,2,BG2,32,0.02037873167362889,0.019363548614556563
T02,2,BG2,33,0.020501043793547103,0.019875269342046014
T02,2,BG2,34,0.020566484478713308,0.02019955257208825
T02,2,BG2,35,0.020596069318756828,0.02039214802623888
T02,2,BG2,36,0.020643773482533514,0.020643773482533514
T02,2,BG3,0,0.0,0.0
T02,2,BG3,1,0.004443413855334085,2.5741811201482506e-05
T02,2,BG3,2,0.008280828124056266,5.6044356214448726e-05
T02,2,BG3,3,0.011651225338011688,9.243483154670957e-05
T02,2,BG3,4,0.01455519776860647,0.00013583512172065203
T02,2,BG3,5,0.017076054542196715,0.00018814363514767585
T02,2,BG3,6,0.019317070498887895,0.00025222208001976504
T02,2,BG3,7,0.021183975983934396,0.00032905840651660425
T02,2,BG3,8,0.022810899076840297,0.00042321785679941206
T02,2,BG3,9,0.024091377605233586,0.0005360613987769638
T02,2,BG3,10,0.02515406921920536,0.0006740644537017972
T02,2,BG3,11,0.02620622234768067,0.0008493115646195245
T02,2,BG3,12,0.027008693414375208,0.0010630783877836022
T02,2,BG3,13,0.01910264585589149,0.0009169728099622897
T02,2,BG3,14,0.0155559519271911,0.0009143156499596902
T02,2,BG3,15,0.012646728213183439,0.0009135434833829118
T02,2,BG3,16,0.010329281844551483,0.0009200126881241492
T02,2,BG3,17,0.008503953931635937,0.0009363698859757283
T02,2,BG3,18,0.007024327791536565,0.0009577373139962383
T02,2,BG3,19,0.005894533169996276,0.0009954970554291954
T02,2,BG3,20,0.005023974762517935,0.001049415759810801
T02,2,BG3,21,0.004507569515394488,0.0011601588511491103
T02,2,BG3,22,0.004128902517002006,0.0013008431402189253
T02,2,BG3,23,0.003970893299687187,0.0015163857709362314
T02,2,BG3,24,0.003915936952986795,0.0017884080102372833
T02,2,BG3,25,0.013067503632772629,0.007017995201494828
T02,2,BG3,26,0.017140670111549513,0.010613603644101905
T02,2,BG3,27,0.020047817817639035,0.014006824178621754
T02,2,BG3,28,0.02192962176720895,0.016910660392057353
T02,2,BG3,29,0.02326460101127082,0.019387536533201435
T02,2,BG3,30,0.024198264865745382,0.021384123898234287
T02,2,BG3,31,0.024795058223145924,0.022866754716245247
T02,2,BG3,32,0.025153414597865065,0.023900376850351006
T02,2,BG3,33,0.025335618786834564,0.02456227356812563
T02,2,BG3,34,0.02542872577026366,0.024975045330180575
T02,2,BG3,35,0.02546264334294861,0.025210538188211846
T02,2,BG3,36,0.025520587940881787,0.025520587940881787
T02,2,BG4,0,0.0,0.0
T02,2,BG4,1,0.004088730208222652,2.3687039872261324e-05
T02,2,BG4,2,0.007637244345918294,5.168860359054087e-05
T02,2,BG4,3,0.010739026356329433,8.519791394043804e-05
T02,2,BG4,4,0.013423562379480435,0.00012527423265246086
T02,2,BG4,5,0.015725531264346487,0.0001732635963079749
T02,2,BG4,6,0.017699236473288596,0.00023109809756217218
T02,2,BG4,7,0.01943445255196664,0.000301882422923014
T02,2,BG4,8,0.020898600025179695,0.00038773836512362675
T02,2,BG4,9,0.022109665836370827,0.0004919659879556932
T02,2,BG4,10,0.023128303748876318,0.0006197791406454062
T02,2,BG4,11,0.024076249951281627,0.0007802817692716519
T02,2,BG4,12,0.024771597879306693,0.000975024964628087
T02,2,BG4,13,0.01748866999433939,0.0008394980981558197
T02,2,BG4,14,0.014309205759499812,0.0008410369773108391
T02,2,BG4,15,0.011644914535318728,0.0008411769129622975
T02,2,BG4,16,0.009494839614061263,0.0008456902462021247
T02,2,BG4,17,0.007854836073263108,0.0008648955547168207
T02,2,BG4,18,0.006442118966949476,0.0008783556077352338
T02,2,BG4,19,0.005374971046687731,0.0009077509104148685
T02,2,BG4,20,0.004563534575041844,0.0009532382871312227
T02,2,BG4,21,0.004065037732757386,0.0010462599608360864
T02,2,BG4,22,0.0036409355379508693,0.001147105313535481
T02,2,BG4,23,0.0035155335308733092,0.001342495159208588
T02,2,BG4,24,0.003355378375576234,0.0015324009577535483
T02,2,BG4,25,0.011929660970434514,0.006406908760162197
T02,2,BG4,26,0.015733958552158436,0.009742559561832445
T02,2,BG4,27,0.01835899536259215,0.012826893320886677
T02,2,BG4,28,0.020026587428576492,0.01544316737094252
T02,2,BG4,29,0.021186517660310874,0.01765576747061936
T02,2,BG4,30,0.0219748202000856,0.019419255018552826
T02,2,BG4,31,0.022447313434566525,0.020701593299722456
T02,2,BG4,32,0.022733209119956754,0.021600735883589586
T02,2,BG4,33,0.022873294816313793,0.022175109729194446
T02,2,BG4,34,0.02295521397831955,0.02254566402614112
T02,2,BG4,35,0.022990020910867055,0.02276239713816052
T02,2,BG4,36,0.023042379337137146,0.023042379337137146
T02,2,BG5,0,0.0,0.0
T02,2,BG5,1,0.01725656482169411,9.997160933545729e-05
T02,2,BG5,2,0.032331872766625,0.00021882098785030744
T02,2,BG5,3,0.04563096249746887,0.0003620125958204523
T02,2,BG5,4,0.05712943022808542,0.0005331554559379413
T02,2,BG5,5,0.06702478073613263,0.0007384777232813284
T02,2,BG5,6,0.07576601194193346,0.0009892732520818412
T02,2,BG5,7,0.08319486902088936,0.0012922961756518287
T02,2,BG5,8,0.08966922380853953,0.001663661595193172
T02,2,BG5,9,0.09512149731565828,0.0021165648448313594
T02,2,BG5,10,0.09991657324666979,0.002677507551602755
T02,2,BG5,11,0.10406144681225206,0.0033725040248584596
T02,2,BG5,12,0.10757811195240208,0.00423433907764856
T02,2,BG5,13,0.07520633315309337,0.003610084340454179
T02,2,BG5,14,0.06075906769263957,0.0035711711390378972
T02,2,BG5,15,0.0487886613800912,0.003524276239926381
T02,2,BG5,16,0.038918312749242935,0.0034663921468528367
T02,2,BG5,17,0.030951675503225515,0.0034080872433420993
T02,2,BG5,18,0.024385550751472015,0.0033248664576421534
T02,2,BG5,19,0.019137443100204852,0.003232023245803933
T02,2,BG5,20,0.01496432608803642,0.003125771994128225
T02,2,BG5,21,0.011742483681331095,0.00302228202889162
T02,2,BG5,22,0.009205858487982102,0.0029003779565900333
T02,2,BG5,23,0.007445999421689786,0.002843442700972709
T02,2,BG5,24,0.006082307548190898,0.0027777892306123627
T02,2,BG5,25,0.027912213962209928,0.01499045182799901
T02,2,BG5,26,0.03180598808152052,0.019694454661796677
T02,2,BG5,27,0.03344058618545332,0.02336395993285958
T02,2,BG5,28,0.034344029076253085,0.026483822623226242
T02,2,BG5,29,0.03503696090784049,0.029198023199566225
T02,2,BG5,30,0.03557603809664359,0.03143871723703805
T02,2,BG5,31,0.03607411920621221,0.03326864685150892
T02,2,BG5,32,0.036443502694198784,0.03462804004573154
T02,2,BG5,33,0.036682979558845065,0.03556326712467045
T02,2,BG5,34,0.03681709174560333,0.03616022848791774
T02,2,BG5,35,0.03689008637245929,0.03652483832589552
T02,2,BG5,36,0.036984293494059496,0.036984293494059496
T02,2,BG6,0,0.0,0.0
T02,2,BG6,1,0.01797998552113563,0.00010416256709476775
T02,2,BG6,2,0.033754317137331125,0.00022844804188036375
T02,2,BG6,3,0.047650084634839426,0.0003780312737250062
T02,2,BG6,4,0.05952696655626663,0.0005555302552703985
T02,2,BG6,5,0.0697857354766505,0.0007688978710066956
T02,2,BG6,6,0.07886252344925862,0.0010297042571142685
T02,2,BG6,7,0.08641792677979761,0.0013423611013679156
T02,2,BG6,8,0.09315500740846179,0.0017283344476017011
T02,2,BG6,9,0.09863666496051468,0.002194781444135597
T02,2,BG6,10,0.10331219116018328,0.0027685013906887197
T02,2,BG6,11,0.10732697223059082,0.0034783356996297807
T02,2,BG6,12,0.11023167598657917,0.004338784951436443
T02,2,BG6,13,0.07793224307631141,0.003740934560516863
T02,2,BG6,14,0.06355422654363073,0.003735459216212469
T02,2,BG6,15,0.05168153973863772,0.003733244923157242
T02,2,BG6,16,0.04202519642035331,0.0037431173345074307
T02,2,BG6,17,0.034423754642243815,0.0037903976732270124
T02,2,BG6,18,0.02832051845281072,0.0038613826174772603
T02,2,BG6,19,0.023666710531929293,0.0039969476754287995
T02,2,BG6,20,0.020049374622333947,0.004187944938425836
T02,2,BG6,21,0.0177603380845481,0.004571158211679813
T02,2,BG6,22,0.016050111086806068,0.00505671343960786
T02,2,BG6,23,0.014967183995430615,0.005715596748244193
T02,2,BG6,24,0.014380055403508975,0.0065673698284702976
T02,2,BG6,25,0.03586069171442794,0.01925923798613727
T02,2,BG6,26,0.046585745767311074,0.028846167478457394
T02,2,BG6,27,0.052700219959721316,0.036820102993011104
T02,2,BG6,28,0.05573758910951468,0.04298110800755987
T02,2,BG6,29,0.057199600379583375,0.047667240813230156
T02,2,BG6,30,0.05767890812518665,0.05097113053702587
T02,2,BG6,31,0.057939290697076984,0.053433371261678575
T02,2,BG6,32,0.058077923503977565,0.05518472476715687
T02,2,BG6,33,0.058171620033735535,0.056395987764548204
T02,2,BG6,34,0.05822834978773652,0.05718948280378807
T02,2,BG6,35,0.05825063645235901,0.05767389794659076
T02,2,BG6,36,0.058291471310455756,0.058291471310455756
T02,2,BG7,0,0.0,0.0
T02,2,BG7,1,0.022230120255856918,0.00012878466394539671
T02,2,BG7,2,0.04169857285746439,0.0002822144874183505
T02,2,BG7,3,0.05868721168680808,0.00046559416422961667
T02,2,BG7,4,0.07343292181881998,0.0006853063774662506
T02,2,BG7,5,0.08625971262862171,0.0009504078304621008
T02,2,BG7,6,0.09735040213172859,0.001271099618147152
T02,2,BG7,7,0.10684182438085948,0.001659612934964239
T02,2,BG7,8,0.11510643296507092,0.0021356062169298356
T02,2,BG7,9,0.12207632077552284,0.00271634127027908
T02,2,BG7,10,0.12807410019920287,0.0034320569549581357
T02,2,BG7,11,0.13342077856472978,0.004324003994358754
T02,2,BG7,12,0.13776298018627697,0.005422433613844612
T02,2,BG7,13,0.09633172387720293,0.004624153757129967
T02,2,BG7,14,0.07784725764205787,0.004575545519343877
T02,2,BG7,15,0.06252384767807365,0.004516445100647472
T02,2,BG7,16,0.04994269055096363,0.004448315925158054
T02,2,BG7,17,0.03963073292937192,0.004363737763299005
T02,2,BG7,18,0.03123004673044992,0.00425808447045433
T02,2,BG7,19,0.024443425739607682,0.00412812307255372
T02,2,BG7,20,0.019074308858191367,0.00398427167142127
T02,2,BG7,21,0.014881520229930095,0.0038302076844371246
T02,2,BG7,22,0.01164975968227981,0.0036703482076158307
T02,2,BG7,23,0.009229080877373933,0.003524357332040011
T02,2,BG7,24,0.00744978926625252,0.0034023179958543068
T02,2,BG7,25,0.03377606705958986,0.018139675552741652
T02,2,BG7,26,0.042530292151404865,0.026335006745188884
T02,2,BG7,27,0.04608620433711397,0.032199083612839706
T02,2,BG7,28,0.047147815633210306,0.036357248097662484
T02,2,BG7,29,0.047110155845939555,0.039259210473452995
T02,2,BG7,30,0.04702375055560959,0.04155511620758815
T02,2,BG7,31,0.04713291476193839,0.043467403488281306
T02,2,BG7,32,0.04736264685873428,0.04500323824846461
T02,2,BG7,33,0.0475616064018387,0.046109834642511206
T02,2,BG7,34,0.047683273526968176,0.046832544058157774
T02,2,BG7,35,0.047737825469932285,0.047265174102375906
T02,2,BG7,36,0.04780807525871035,0.04780807525871035
T02,2,BG8,0,0.0,0.0
T02,2,BG8,1,0.027632155334962105,0.00016008000834979357
T02,2,BG8,2,0.051828748572909394,0.00035077516429529856
T02,2,BG8,3,0.0731084580761061,0.0005800049187490315
T02,2,BG8,4,0.09140931826660922,0.0008530695405089048
T02,2,BG8,5,0.10732931723877813,0.0011825523189677085
T02,2,BG8,6,0.12105275289486347,0.0015805800962857468
T02,2,BG8,7,0.13308359283032795,0.0020672358727819246
T02,2,BG8,8,0.14392945719063582,0.002670368945463305
T02,2,BG8,9,0.1534328851551626,0.0034140615890602332
T02,2,BG8,10,0.16182106703864352,0.004336388998772978
T02,2,BG8,11,0.16961933387065148,0.005497154839727736
T02,2,BG8,12,0.17546991239143953,0.006906601110817532
T02,2,BG8,13,0.1252080301056857,0.006010285701009076
T02,2,BG8,14,0.10336192764430331,0.0060751941543087575
T02,2,BG8,15,0.0856802616582562,0.006189161611531705
T02,2,BG8,16,0.071697930828758,0.0063860205471481055
T02,2,BG8,17,0.06091911117928226,0.006707799894319074
T02,2,BG8,18,0.052758604044537055,0.0071934119765103876
T02,2,BG8,19,0.04692629425095906,0.007925137813972178
T02,2,BG8,20,0.04296063337858986,0.00897368476146572
T02,2,BG8,21,0.040577333194127804,0.010443799504871907
T02,2,BG8,22,0.038923715495477476,0.012263222011793702
T02,2,BG8,23,0.038077866600127325,0.014540993857247655
T02,2,BG8,24,0.03782664161127995,0.017275423331155334
T02,2,BG8,25,0.04489498277031995,0.024111167837532563
T02,2,BG8,26,0.049022213579181635,0.030354842649268878
T02,2,BG8,27,0.051790170494088586,0.036184278025880444
T02,2,BG8,28,0.053712692793822146,0.041419643178987164
T02,2,BG8,29,0.055187889362467664,0.045990783229638496
T02,2,BG8,30,0.05631894591880154,0.049769325276959285
T02,2,BG8,31,0.0571428391600844,0.05269885940249169
T02,2,BG8,32,0.057772316189452985,0.05489434145309611
T02,2,BG8,33,0.05818263305087346,0.056406664638882886
T02,2,BG8,34,0.058430391074157546,0.05738791944504029
T02,2,BG8,35,0.05856584720944404,0.057985987767291934
T02,2,BG8,36,0.0587348637735116,0.0587348637735116
T02,2,BG9,0,0.0,0.0
T02,2,BG9,1,0.011749678312893572,6.806883426285425e-05
T02,2,BG9,2,0.02207118938972941,0.00014937704060176285
T02,2,BG9,3,0.03108325704919663,0.0002465985811223333
T02,2,BG9,4,0.0389251017916118,0.0003632651384809775
T02,2,BG9,5,0.04577873470781941,0.0005043892048217396
T02,2,BG9,6,0.05181173815355956,0.0006765034256659987
T02,2,BG9,7,0.056891115698048854,0.0008837104013855811
T02,2,BG9,8,0.0614061963678955,0.0011392886682074625
T02,2,BG9,9,0.06522619508056485,0.0014513593148865506
T02,2,BG9,10,0.06869463347709778,0.0018408397518035451
T02,2,BG9,11,0.07172964083139982,0.0023246697946126146
T02,2,BG9,12,0.07407618847566039,0.002915683255873631
T02,2,BG9,13,0.052425952932499895,0.0025165714604799758
T02,2,BG9,14,0.042898679928767745,0.002521410109463225
T02,2,BG9,15,0.0351159286376251,0.002536618738621444
T02,2,BG9,16,0.028802513559550987,0.0025653940182726073
T02,2,BG9,17,0.023774433848112484,0.0026178015648642555
T02,2,BG9,18,0.019812120673841173,0.002701298655157154
T02,2,BG9,19,0.016650824936459415,0.002812071240288691
T02,2,BG9,20,0.014328205410801667,0.0029928981060767883
T02,2,BG9,21,0.012825156498845722,0.0033009405117029743
T02,2,BG9,22,0.011642214452943528,0.003667971020154902
T02,2,BG9,23,0.011038844901145919,0.00421546138248164
T02,2,BG9,24,0.010661149321027437,0.004868945802869016
T02,2,BG9,25,0.0193139949433677,0.010372717524433521
T02,2,BG9,26,0.023587302338416133,0.014605396177234175
T02,2,BG9,27,0.02620790732859306,0.018310698684927264
T02,2,BG9,28,0.028039088990301216,0.021621873675017476
T02,2,BG9,29,0.02924627533545672,0.024372360009558582
T02,2,BG9,30,0.029876683057001727,0.02640216956566718
T02,2,BG9,31,0.030395346053087906,0.028031509990266535
T02,2,BG9,32,0.030787955574107566,0.029254228581351283
T02,2,BG9,33,0.030999320891104423,0.030053096722400603
T02,2,BG9,34,0.031126280848993444,0.030570948859620185
T02,2,BG9,35,0.03119903230311855,0.03089013127168783
T02,2,BG9,36,0.03129660743422597,0.03129660743422597
T02,2,BG10,0,0.0,0.0
T02,2,BG10,1,0.031128500068599452,0.0001803352103065831
T02,2,BG10,2,0.05813279265150428,0.0003934407150757104
T02,2,BG10,3,0.08186520274137098,0.0006494764291028752
T02,2,BG10,4,0.10226160737196191,0.0009543475888010761
T02,2,BG10,5,0.11981395379173208,0.0013201077996821263
T02,2,BG10,6,0.13536050522717158,0.0017673957437713311
T02,2,BG10,7,0.1484199076523034,0.0023054604304878256
T02,2,BG10,8,0.15993111943768765,0.0029672528603518493
T02,2,BG10,9,0.16926664160664315,0.003766381233469526
T02,2,BG10,10,0.17764252112516254,0.004760363333129161
T02,2,BG10,11,0.18505786843315947,0.005997498830002121
T02,2,BG10,12,0.19046946527134048,0.007496992519234193
T02,2,BG10,13,0.13649936523715991,0.0065522968581935535
T02,2,BG10,14,0.112678828441076,0.006622803723334327
T02,2,BG10,15,0.09364972809410498,0.0067648404763137925
T02,2,BG10,16,0.07856121693021198,0.006997322498136064
T02,2,BG10,17,0.06705339220648034,0.00738324521851922
T02,2,BG10,18,0.058539745865961765,0.007981646160679928
T02,2,BG10,19,0.05244980685628787,0.008857975165329742
T02,2,BG10,20,0.04848427595208176,0.01012747191271524
T02,2,BG10,21,0.046319846143582484,0.011921808241954065
T02,2,BG10,22,0.04494244145850203,0.014159468857642195
T02,2,BG10,23,0.04433344057310197,0.01692984257926148
T02,2,BG10,24,0.044115579656738374,0.020147580711429067
T02,2,BG10,25,0.05782701593688249,0.031056407654989196
T02,2,BG10,26,0.0641505740700809,0.039722412318803704
T02,2,BG10,27,0.06744392396132372,0.047121097920804655
T02,2,BG10,28,0.06917641031558656,0.053344229861251216
T02,2,BG10,29,0.07023357083153707,0.05852908977343928
T02,2,BG10,30,0.0707438937533505,0.06251672154664226
T02,2,BG10,31,0.07120255893918599,0.06566515949073877
T02,2,BG10,32,0.07151964066223533,0.06795683174876437
T02,2,BG10,33,0.07177843180164388,0.06958746483671961
T02,2,BG10,34,0.07194817000209612,0.07066452424254391
T02,2,BG10,35,0.07203736842202281,0.07132412792381095
T02,2,BG10,36,0.07214952389654818,0.07214952389654818
T02,2,BG11,0,0.0,0.0
T02,2,BG11,1,0.011722337611434144,6.79104427363369e-05
T02,2,BG11,2,0.022053582783178257,0.0001492578799270643
T02,2,BG11,3,0.03087207845645912,0.000244923198192178
T02,2,BG11,4,0.03862289036163687,0.0003604447764475062
T02,2,BG11,5,0.045220563503066954,0.0004982392856028205
T02,2,BG11,6,0.05110719219268002,0.0006673042031836429
T02,2,BG11,7,0.05607084452383248,0.0008709688311767536
T02,2,BG11,8,0.0602995380471733,0.001118756485712725
T02,2,BG11,9,0.06397596571339449,0.0014235402467931086
T02,2,BG11,10,0.06711431578094276,0.0017984912915377258
T02,2,BG11,11,0.06953130635791405,0.0022534244661098326
T02,2,BG11,12,0.07192134450669814,0.0028308673044592815
T02,2,BG11,13,0.051119678953513575,0.0024538671753970166
T02,2,BG11,14,0.04194052382491072,0.002465093587207164
T02,2,BG11,15,0.03445360628789149,0.0024887755173835764
T02,2,BG11,16,0.02856380083619427,0.002544132260928248
T02,2,BG11,17,0.02403661562494641,0.002646670385225765
T02,2,BG11,18,0.020381554653514638,0.002778938566880693
T02,2,BG11,19,0.017895959373707648,0.003022355521740371
T02,2,BG11,20,0.01599963237653177,0.0033420283990428607
T02,2,BG11,21,0.014837482410875426,0.0038188732323182093
T02,2,BG11,22,0.014030952599266037,0.004420561724444321
T02,2,BG11,23,0.01364539263349561,0.005210837384348504
T02,2,BG11,24,0.013487065303081006,0.00615954134259467
T02,2,BG11,25,0.026780221838361533,0.01438250745273043
T02,2,BG11,26,0.032085269644610934,0.019867387477746027
T02,2,BG11,27,0.03520740057155853,0.024598381432972917
T02,2,BG11,28,0.037138012237608306,0.028638355997238792
T02,2,BG11,29,0.038183945714070765,0.03182056039069883
T02,2,BG11,30,0.038710586718820564,0.03420873298032627
T02,2,BG11,31,0.03906119237208265,0.03602341628660392
T02,2,BG11,32,0.039284645362520014,0.03732764886658707
T02,2,BG11,33,0.03942936477605832,0.03822582172174935
T02,2,BG11,34,0.039510753027287286,0.038805831464940585
T02,2,BG11,35,0.039546339792779134,0.03915479225748522
T02,2,BG11,36,0.0396030636827202,0.0396030636827202
T02,2,BG12,0,0.0,0.0
T02,2,BG12,1,0.010463912264384959,6.0620069137004145e-05
T02,2,BG12,2,0.019632241972321815,0.0001328703294982064
T02,2,BG12,3,0.027728192026497112,0.0002199812198499953
T02,2,BG12,4,0.03471241785572185,0.00032395062993145605
T02,2,BG12,5,0.04076423488496813,0.0004491395439860146
T02,2,BG12,6,0.0460801751677694,0.0006016666775354214
T02,2,BG12,7,0.05053922591249688,0.000785044186048876
T02,2,BG12,8,0.05447373315306794,0.001010668477070489
T02,2,BG12,9,0.057821066095818864,0.0012865865101664895
T02,2,BG12,10,0.060742815865257906,0.0016277514566834534
T02,2,BG12,11,0.06326713719234262,0.002050410420165831
T02,2,BG12,12,0.06539590029848891,0.0025740219104233054
T02,2,BG12,13,0.04585407612355625,0.0022011056157575223
T02,2,BG12,14,0.03713250892357579,0.002182498004180866
T02,2,BG12,15,0.029974610569234793,0.0021652327523987943
T02,2,BG12,16,0.024051182331599114,0.0021422005129954
T02,2,BG12,17,0.019238410459365547,0.0021183402855180222
T02,2,BG12,18,0.015400090888491846,0.0020997370963338224
T02,2,BG12,19,0.012316206912840688,0.002080020143938993
T02,2,BG12,20,0.009839724096140562,0.0020553370612968174
T02,2,BG12,21,0.008066035826200678,0.002076037391173694
T02,2,BG12,22,0.006693444788198023,0.0021088223080537095
T02,2,BG12,23,0.00577651192013784,0.0022059067910422227
T02,2,BG12,24,0.005229391102285232,0.002388262379776614
T02,2,BG12,25,0.020019179429049978,0.010751441810986726
T02,2,BG12,26,0.02384949952136897,0.01476775022658056
T02,2,BG12,27,0.026369898902448268,0.01842387743765106
T02,2,BG12,28,0.02772819128769712,0.021382130197101862
T02,2,BG12,29,0.02862011881886115,0.023850552948705778
T02,2,BG12,30,0.02928940036312295,0.025883184993970496
T02,2,BG12,31,0.029813016576488702,0.027494468092977026
T02,2,BG12,32,0.03021555622404788,0.028710343787527428
T02,2,BG12,33,0.030503596395365602,0.02957250378466322
T02,2,BG12,34,0.03067228184904179,0.03012504978499393
T02,2,BG12,35,0.030760968537759198,0.03045640475770446
T02,2,BG12,36,0.030875417678348387,0.030875417678348387
T02,2,BG13,0,0.0,0.0
T02,2,BG13,1,0.009836522770708884,5.698544425576093e-05
T02,2,BG13,2,0.018425109126136197,0.00012470049645135412
T02,2,BG13,3,0.02595655331692595,0.00020592594917681403
T02,2,BG13,4,0.03252996324885136,0.0003035830624355914
T02,2,BG13,5,0.038196895199404675,0.0004208526458693841
T02,2,BG13,6,0.04313437836643836,0.0005632035481700199
T02,2,BG13,7,0.047348502745686555,0.0007354815231407594
T02,2,BG13,8,0.05103443834084301,0.0009468581474830105
T02,2,BG13,9,0.054133235446156364,0.0012045279575003003
T02,2,BG13,10,0.05679215364168653,0.001521883861313041
T02,2,BG13,11,0.05906941949722194,0.0019143675256435206
T02,2,BG13,12,0.06102997512715742,0.002402176463803058
T02,2,BG13,13,0.04273117308368708,0.0020511987778030964
T02,2,BG13,14,0.034570070565101335,0.0020318882945560782
T02,2,BG13,15,0.02785646991627095,0.002012227687263471
T02,2,BG13,16,0.022298975766090932,0.0019861342646080573
T02,2,BG13,17,0.01780811793654039,0.001960850858549674
T02,2,BG13,18,0.014153107646718831,0.0019297162180653836
T02,2,BG13,19,0.011237734330659601,0.0018978825146188007
T02,2,BG13,20,0.008850237686913103,0.0018486515811507564
T02,2,BG13,21,0.007118632112419782,0.0018321944921377586
T02,2,BG13,22,0.005805616744120721,0.0018291051128206288
T02,2,BG13,23,0.00486835234679343,0.0018591031486877895
T02,2,BG13,24,0.004287547170398247,0.0019581223531191507
T02,2,BG13,25,0.023239166138446735,0.01248075843077941
T02,2,BG13,26,0.028460914038575008,0.01762316523085574
T02,2,BG13,27,0.030156913282126146,0.0210697536716914
T02,2,BG13,28,0.030968386869212862,0.023880752694118063
T02,2,BG13,29,0.031281010782021085,0.02606800515706257
T02,2,BG13,30,0.0315440125050967,0.02787559667793008
T02,2,BG13,31,0.03185213708260179,0.029375006840325343
T02,2,BG13,32,0.03215507374617326,0.030553242603521037
T02,2,BG13,33,0.032405383209015384,0.03141624039159866
T02,2,BG13,34,0.032573525310026594,0.03199237271032325
T02,2,BG13,35,0.03265045093600309,0.03232717948946937
T02,2,BG13,36,0.03275583042323396,0.03275583042323396
T02,2,BG14,0,0.0,0.0
T02,2,BG14,1,0.010076427262746785,5.837527115295599e-05
T02,2,BG14,2,0.0188933635263583,0.0001278696257330366
T02,2,BG14,3,0.026457442300670903,0.00020989974462281593
T02,2,BG14,4,0.03318654004071442,0.0003097105086172211
T02,2,BG14,5,0.03900036566775622,0.00042970526659312855
T02,2,BG14,6,0.044170923884232514,0.0005767376739430542
T02,2,BG14,7,0.048667764956697036,0.000755974102192452
T02,2,BG14,8,0.052708512453747004,0.0009779177757832493
T02,2,BG14,9,0.056065366869823156,0.0012475201478249905
T02,2,BG14,10,0.0589156974890205,0.0015787893807066322
T02,2,BG14,11,0.06172876099403733,0.0020005535279067287
T02,2,BG14,12,0.0636414710481837,0.002504966511288388
T02,2,BG14,13,0.045643471647543336,0.002190996091643632
T02,2,BG14,14,0.037668039505655046,0.002213974319868471
T02,2,BG14,15,0.031141366595042897,0.002249514031067768
T02,2,BG14,16,0.026237521864135433,0.002336934295561316
T02,2,BG14,17,0.022286203193330106,0.0024539325747713267
T02,2,BG14,18,0.019258973071039964,0.0026258793199801967
T02,2,BG14,19,0.017157461496293377,0.0028976344572721746
T02,2,BG14,20,0.015588564820808884,0.003256163962321682
T02,2,BG14,21,0.014594326178802738,0.0037562896491391906
T02,2,BG14,22,0.013971587367276585,0.004401858242515967
T02,2,BG14,23,0.01367031129320434,0.005220353197296811
T02,2,BG14,24,0.013485164481431357,0.0061586732313778135
T02,2,BG14,25,0.023198451626218544,0.012458892453220082
T02,2,BG14,26,0.027507383467262343,0.017032733462150926
T02,2,BG14,27,0.029946794054944256,0.02092294948055461
T02,2,BG14,28,0.03156432414673823,0.02434029976821782
T02,2,BG14,29,0.03233116471697503,0.0269431500976477
T02,2,BG14,30,0.03259578358532092,0.02880505182232139
T02,2,BG14,31,0.03290593554640545,0.030346851765801736
T02,2,BG14,32,0.03312800800255316,0.03147770951493582
T02,2,BG14,33,0.03329131165811833,0.032275126698103986
T02,2,BG14,34,0.033394242962160904,0.032798447661952175
T02,2,BG14,35,0.03345020957127609,0.03311901968225998
T02,2,BG14,36,0.03352809040475844,0.03352809040475844
T02,2,BG15,0,0.0,0.0
T02,2,BG15,1,0.006471743238059637,3.749243223045039e-05
T02,2,BG15,2,0.012145260458772875,8.219869968758096e-05
T02,2,BG15,3,0.017101696733311893,0.00013567606937250434
T02,2,BG15,4,0.02139885529687456,0.00019970296244824313
T02,2,BG15,5,0.025157944197005542,0.00027718973765317607
T02,2,BG15,6,0.028376821193030977,0.000370514818498304
T02,2,BG15,7,0.031232104807385867,0.0004851396489446108
T02,2,BG15,8,0.0336281635248269,0.0006239140020270924
T02,2,BG15,9,0.035611999345237934,0.0007924087391853535
T02,2,BG15,10,0.03738488222908698,0.0010018188283853135
T02,2,BG15,11,0.03900405757492424,0.0012640737271078807
T02,2,BG15,12,0.04031282457003809,0.001586736981916117
T02,2,BG15,13,0.0283579328580585,0.0013612487809111329
T02,2,BG15,14,0.023073952328134608,0.0013561931666062543
T02,2,BG15,15,0.018662007488356037,0.0013480605469229066
T02,2,BG15,16,0.015193245037871424,0.001353238146081813
T02,2,BG15,17,0.012451971773226213,0.0013710859077472133
T02,2,BG15,18,0.010206567029515118,0.0013916221398374597
T02,2,BG15,19,0.008486754834310653,0.0014332838939055301
T02,2,BG15,20,0.007152165636800794,0.0014939556203121954
T02,2,BG15,21,0.006309113925987344,0.0016238405928596725
T02,2,BG15,22,0.005646700321125352,0.0017790372473895514
T02,2,BG15,23,0.0053740631947551175,0.002052221589304523
T02,2,BG15,24,0.005241634671151101,0.0023938540145923906
T02,2,BG15,25,0.018305178753050065,0.009830925658696213
T02,2,BG15,26,0.02338283260568925,0.014478787286847459
T02,2,BG15,27,0.025986014953409523,0.01815566891102386
T02,2,BG15,28,0.027522995613518838,0.021223896943309863
T02,2,BG15,29,0.028129561357678686,0.023441747321900967
T02,2,BG15,30,0.0284627476890549,0.025152667973047577
T02,2,BG15,31,0.028760469915970886,0.02652377765882776
T02,2,BG15,32,0.029022404872978778,0.027576630265845167
T02,2,BG15,33,0.029167127649451334,0.028276829368999938
T02,2,BG15,34,0.029260073376837586,0.02873803691972564
T02,2,BG15,35,0.02930740834988269,0.029017236241295243
T02,2,BG15,36,0.02937061285078918,0.02937061285078918
T03,0,BG1,0,0.0,0.0
T03,0,BG1,1,0.003936548798998043,2.2805414810036136e-05
T03,0,BG1,2,0.007347753708063002,4.9729341137181814e-05
T03,0,BG1,3,0.01030812666637509,8.177937732180059e-05
T03,0,BG1,4,0.01288951811090322,0.00012029031064348579
T03,0,BG1,5,0.015194654658724577,0.00016741440807283486
T03,0,BG1,6,0.017133832088404542,0.0002237156391394707
T03,0,BG1,7,0.01882669807600919,0.00029244195150432417
T03,0,BG1,8,0.020194600746084562,0.00037467684329081137
T03,0,BG1,9,0.02149063552801705,0.00047819183699890187
T03,0,BG1,10,0.022525902350983798,0.0006036363307199393
T03,0,BG1,11,0.023509258513476097,0.0007619062729365831
T03,0,BG1,12,0.02434733702208369,0.0009583258050765279
T03,0,BG1,13,0.017012250787016837,0.0008166288337288527
T03,0,BG1,14,0.01376857122231338,0.0008092606750523625
T03,0,BG1,15,0.011117254225663871,0.0008030610762255355
T03,0,BG1,16,0.008929367592331972,0.0007953245527111987
T03,0,BG1,17,0.0071112381229862034,0.0007830180270528513
T03,0,BG1,18,0.005886031640488944,0.0008025354582736713
T03,0,BG1,19,0.004805605937346614,0.0008115937988577008
T03,0,BG1,20,0.003969871772331588,0.0008292330662521129
T03,0,BG1,21,0.0034311907203451015,0.0008831203312750135
T03,0,BG1,22,0.002958576945499496,0.0009321228823529689
T03,0,BG1,23,0.002757683861058292,0.001053091145390086
T03,0,BG1,24,0.002603379510777551,0.0011889631548147217
T03,0,BG1,25,0.010928347315479791,0.005869146173666351
T03,0,BG1,26,0.01444230667989251,0.008942761151122119
T03,0,BG1,27,0.016919302317340828,0.011821021887253178
T03,0,BG1,28,0.01867535817232621,0.014401189576480738
T03,0,BG1,29,0.019951887798521552,0.016626889630083432
T03,0,BG1,30,0.020780606576956618,0.01836392268402711
T03,0,BG1,31,0.021283442933054633,0.019628236607219608
T03,0,BG1,32,0.02159511408047445,0.020519335970719175
T03,0,BG1,33,0.021757818523143513,0.0210936822298389
T03,0,BG1,34,0.021836769032145046,0.021447173639723472
T03,0,BG1,35,0.021879659150878143,0.02166302908769651
T03,0,BG1,36,0.021936048181088977,0.021936048181088977
T03,0,BG2,0,0.0,0.0
T03,0,BG2,1,0.0041072051260896275,2.3794069737965087e-05
T03,0,BG2,2,0.007662277072997284,5.185802426190915e-05
T03,0,BG2,3,0.01073830963463894,8.519222750485806e-05
T03,0,BG2,4,0.013421191638563694,0.00012525210769139732
T03,0,BG2,5,0.015747576251186602,0.00017350648722704308
T03,0,BG2,6,0.01776767023004356,0.00023199163425243122
T03,0,BG2,7,0.01945881853371703,0.0003022609089061821
T03,0,BG2,8,0.020868629474982314,0.00038718231175098394
T03,0,BG2,9,0.022199854611089514,0.0004939727941893115
T03,0,BG2,10,0.023220709088565755,0.0006222553658562641
T03,0,BG2,11,0.024188728992275216,0.0007839270763016363
T03,0,BG2,12,0.024844171562366908,0.0009778815105856993
T03,0,BG2,13,0.017421148005103786,0.0008362568820940338
T03,0,BG2,14,0.014123275491554389,0.0008301087509193811
T03,0,BG2,15,0.01143108265566364,0.000825730647080923
T03,0,BG2,16,0.00919528633184841,0.0008190095116256906
T03,0,BG2,17,0.007320203424569114,0.0008060271844793355
T03,0,BG2,18,0.005951957898231848,0.0008115242259725415
T03,0,BG2,19,0.004868615400635953,0.0008222351388214215
T03,0,BG2,20,0.00404341383938686,0.0008445946492122764
T03,0,BG2,21,0.0033932143659205797,0.0008733459715481397
T03,0,BG2,22,0.002947120616981828,0.0009285134776122396
T03,0,BG2,23,0.0026962018217902674,0.0010296126767708562
T03,0,BG2,24,0.0024857462943673877,0.0011352400773960959
T03,0,BG2,25,0.011484291913294427,0.006167720149814699
T03,0,BG2,26,0.0150822458348965,0.009339015236755637
T03,0,BG2,27,0.017645218641467838,0.012328198394320058
T03,0,BG2,28,0.019409561792899994,0.01496735842392475
T03,0,BG2,29,0.020635280788957433,0.017196394621398235
T03,0,BG2,30,0.021419937100738563,0.018928902141264598
T03,0,BG2,31,0.021918919231190964,0.020214292082645993
T03,0,BG2,32,0.02219211971683436,0.021086601284865763
T03,0,BG2,33,0.022358241578261474,0.021675777963638957
T03,0,BG2,34,0.022464131408428744,0.02206334300212377
T03,0,BG2,35,0.02251553441606483,0.02229260852902983
T03,0,BG2,36,0.022583981374976938,0.022583981374976938
T03,0,BG3,0,0.0,0.0
T03,0,BG3,1,0.004558221182080552,2.6406918892767724e-05
T03,0,BG3,2,0.008496170449932498,5.750178566514146e-05
T03,0,BG3,3,0.011887836044824993,9.431197944557322e-05
T03,0,BG3,4,0.014839416253246229,0.00013848756609682953
T03,0,BG3,5,0.017476691566362494,0.00019255784612424046
T03,0,BG3,6,0.019731223957601386,0.00025762966250574525
T03,0,BG3,7,0.021659329206593057,0.00033644224205692523
T03,0,BG3,8,0.023227536986459543,0.00043094787321334207
T03,0,BG3,9,0.024672431210454097,0.0005489905217105287
T03,0,BG3,10,0.02583067799596824,0.000692195829381079
T03,0,BG3,11,0.026985601803383184,0.0008745702992654721
T03,0,BG3,12,0.027910181927852218,0.0010985615217220268
T03,0,BG3,13,0.019567462051326968,0.0009392851020828272
T03,0,BG3,14,0.015900952436064927,0.0009345933788254842
T03,0,BG3,15,0.01282486170810622,0.0009264110553256973
T03,0,BG3,16,0.01037983136839343,0.0009245150523462406
T03,0,BG3,17,0.00823114558438998,0.0009063309742867397
T03,0,BG3,18,0.006722380311655299,0.0009165680540331163
T03,0,BG3,19,0.005508005062152073,0.0009302183333216242
T03,0,BG3,20,0.004563681557297276,0.0009532689897842727
T03,0,BG3,21,0.003985406967910283,0.0010257645842853317
T03,0,BG3,22,0.003525622864509415,0.0011107751498790593
T03,0,BG3,23,0.003360878747799359,0.001283436327632456
T03,0,BG3,24,0.0032340040568305077,0.0014769693226607714
T03,0,BG3,25,0.012476208338206857,0.006700435890229632
T03,0,BG3,26,0.016485511497169553,0.010207925579476506
T03,0,BG3,27,0.019178878579011644,0.013399721756903238
T03,0,BG3,28,0.021075099300421014,0.016251709747006883
T03,0,BG3,29,0.022341799636942196,0.018618520692209053
T03,0,BG3,30,0.02318294627174279,0.020486881896678088
T03,0,BG3,31,0.023698314187159886,0.021855304096686817
T03,0,BG3,32,0.023998762320453185,0.022803244522277045
T03,0,BG3,33,0.024179958871141743,0.02344188907269508
T03,0,BG3,34,0.024276207552293996,0.023843089517086725
T03,0,BG3,35,0.024334046636303654,0.024093115695248676
T03,0,BG3,36,0.024407435225899592,0.024407435225899592
T03,0,BG4,0,0.0,0.0
T03,0,BG4,1,0.0041049858216671955,2.3781212723258562e-05
T03,0,BG4,2,0.007659621254632744,5.184004975786963e-05
T03,0,BG4,3,0.010715313614895786,8.500978912326584e-05
T03,0,BG4,4,0.01337729717902641,0.00012484246643426812
T03,0,BG4,5,0.01570129017604828,0.0001729965084091805
T03,0,BG4,6,0.017727836482092987,0.00023147152654910485
T03,0,BG4,7,0.019483086410432192,0.00030263787041418086
T03,0,BG4,8,0.020901161379622703,0.00038778588721228506
T03,0,BG4,9,0.02219564316214852,0.0004938790841927942
T03,0,BG4,10,0.023211175121355548,0.0006219998809795287
T03,0,BG4,11,0.024154505310412733,0.0007828179299536895
T03,0,BG4,12,0.024953677940940028,0.0009821917478759505
T03,0,BG4,13,0.017470634509795684,0.0008386323531138839
T03,0,BG4,14,0.014183112325881923,0.0008336257173463848
T03,0,BG4,15,0.01149754019935777,0.000830531246636161
T03,0,BG4,16,0.009233128051990398,0.0008223800149567417
T03,0,BG4,17,0.0074137286602366705,0.0008163252431442343
T03,0,BG4,18,0.005990355648210726,0.0008167595969105695
T03,0,BG4,19,0.004945479745617849,0.0008352163588221207
T03,0,BG4,20,0.004108142407694748,0.0008581152542640909
T03,0,BG4,21,0.003446375163582915,0.000887028504346967
T03,0,BG4,22,0.0030111676075867573,0.0009486919848177551
T03,0,BG4,23,0.0027816085173849587,0.0010622273790623458
T03,0,BG4,24,0.0026518553416982273,0.0012111020627239351
T03,0,BG4,25,0.011461642129307236,0.00615555593036451
T03,0,BG4,26,0.015156488968658111,0.009384986996439321
T03,0,BG4,27,0.01762541411943362,0.012314361538530683
T03,0,BG4,28,0.01934973032193989,0.014921220324919446
T03,0,BG4,29,0.0204535893976763,0.017044982260698227
T03,0,BG4,30,0.021213694440511348,0.018746644551088848
T03,0,BG4,31,0.02169556217994845,0.02000830547192213
T03,0,BG4,32,0.022002609413474095,0.020906531552423058
T03,0,BG4,33,0.022163315793478765,0.021486802087197266
T03,0,BG4,34,0.022262347450231222,0.021865159253061817
T03,0,BG4,35,0.022322553928806665,0.02210153871729341
T03,0,BG4,36,0.02239478956524188,0.02239478956524188
T03,0,BG5,0,0.0,0.0
T03,0,BG5,1,0.017703800852748593,0.00010256255997247118
T03,0,BG5,2,0.033212628407021196,0.00022478191164495502
T03,0,BG5,3,0.04682756247523439,0.00037150580468150155
T03,0,BG5,4,0.058657523672255345,0.0005474162564526697
T03,0,BG5,5,0.06884546263000386,0.0007585379619149333
T03,0,BG5,6,0.07785487986985502,0.001016547499916185
T03,0,BG5,7,0.0855026580215806,0.0013281438989378746
T03,0,BG5,8,0.09219601087063553,0.0017105418791841934
T03,0,BG5,9,0.09817529993471542,0.002184515538234706
T03,0,BG5,10,0.10327517731722356,0.0027675095164009593
T03,0,BG5,11,0.10791074233198168,0.00349725497884297
T03,0,BG5,12,0.11191245319888594,0.004404941358419725
T03,0,BG5,13,0.07808415961075085,0.003748226910152653
T03,0,BG5,14,0.06307665988980561,0.0037073897931300484
T03,0,BG5,15,0.05064504112181721,0.0036583728575965107
T03,0,BG5,16,0.04045475740862645,0.003603240824844069
T03,0,BG5,17,0.032043917131365424,0.003528353897440281
T03,0,BG5,18,0.025370519520721314,0.003459162771127229
T03,0,BG5,19,0.019875812746791125,0.0033567226676045076
T03,0,BG5,20,0.015610803066157081,0.0032608091275304605
T03,0,BG5,21,0.012452984509008008,0.0032051508420727053
T03,0,BG5,22,0.010003300820923282,0.003151618424322051
T03,0,BG5,23,0.008444296395879907,0.003224667583992124
T03,0,BG5,24,0.0075892984136354535,0.0034660318083276453
T03,0,BG5,25,0.031388523666078055,0.016857428568816918
T03,0,BG5,26,0.037822625995250395,0.023419992236408255
T03,0,BG5,27,0.041186348475162324,0.028775697546586466
T03,0,BG5,28,0.043253375980843785,0.033354116212969936
T03,0,BG5,29,0.04433309837533776,0.03694495184811429
T03,0,BG5,30,0.04498076413213226,0.03974971918692028
T03,0,BG5,31,0.045403669893563245,0.04187264140809133
T03,0,BG5,32,0.045817071495681226,0.04353465694437464
T03,0,BG5,33,0.04614589863571305,0.04473733987249536
T03,0,BG5,34,0.046341591788017035,0.04551479963628069
T03,0,BG5,35,0.046434564820072945,0.04597481709527513
T03,0,BG5,36,0.04655483164460083,0.04655483164460083
T03,0,BG6,0,0.0,0.0
T03,0,BG6,1,0.01987831848681465,0.00011516008625999913
T03,0,BG6,2,0.03730912733490609,0.0002525068735292277
T03,0,BG6,3,0.05267006470509891,0.00041785721433355497
T03,0,BG6,4,0.06599297068550125,0.0006158736789398877
T03,0,BG6,5,0.07755767770447525,0.000854528978051123
T03,0,BG6,6,0.08795021773400145,0.00114836185263103
T03,0,BG6,7,0.09670588853569152,0.0015021677543783911
T03,0,BG6,8,0.1045937205056144,0.0019405605245629701
T03,0,BG6,9,0.11173724991755675,0.002486284818548402
T03,0,BG6,10,0.11831879265608515,0.0031706397682563945
T03,0,BG6,11,0.12481187536033643,0.004044999982588984
T03,0,BG6,12,0.13011059230087135,0.005121231045207877
T03,0,BG6,13,0.09090784969776598,0.004363794791782746
T03,0,BG6,14,0.07368745212817948,0.004331049041811786
T03,0,BG6,15,0.05960803574338805,0.00430581979017148
T03,0,BG6,16,0.048234063092652504,0.004296131206314907
T03,0,BG6,17,0.038871338274506416,0.004280120851221277
T03,0,BG6,18,0.03173907089855404,0.004327487757738362
T03,0,BG6,19,0.026097695468952055,0.0044075040781069285
T03,0,BG6,20,0.02218863278345663,0.004634796554780085
T03,0,BG6,21,0.019481586578733244,0.005014173378406081
T03,0,BG6,22,0.018205937971027947,0.005735923620994319
T03,0,BG6,23,0.01805664515236749,0.00689538542068248
T03,0,BG6,24,0.01850528727383297,0.008451362789244526
T03,0,BG6,25,0.040787777094110335,0.0219053640148685
T03,0,BG6,26,0.05085718464109551,0.031491067547585
T03,0,BG6,27,0.05623775801471725,0.03929167744518102
T03,0,BG6,28,0.05850943563369814,0.045118570960245595
T03,0,BG6,29,0.05984180818395147,0.04986912272936152
T03,0,BG6,30,0.06069173027871443,0.05363357602977037
T03,0,BG6,31,0.06137478269209669,0.056601686035437644
T03,0,BG6,32,0.06193870243460973,0.05885317569836811
T03,0,BG6,33,0.06234894848819048,0.06044580738083215
T03,0,BG6,34,0.06260418596604904,0.061487248550025075
T03,0,BG6,35,0.06273639118894733,0.06211523946717621
T03,0,BG6,36,0.0628967047990767,0.0628967047990767
T03,0,BG7,0,0.0,0.0
T03,0,BG7,1,0.021111584933353616,0.00012230470798416996
T03,0,BG7,2,0.039559236992718384,0.00026773553703456516
T03,0,BG7,3,0.0557121757281612,0.00044199175873969095
T03,0,BG7,4,0.06975937821443245,0.0006510233501268873
T03,0,BG7,5,0.08192946023578565,0.0009026971918383865
T03,0,BG7,6,0.09251600963751731,0.0012079771827800915
T03,0,BG7,7,0.1015510907619823,0.0015774300432216902
T03,0,BG7,8,0.1094554004751376,0.002030760817672581
T03,0,BG7,9,0.11629717074465648,0.0025877484077438733
T03,0,BG7,10,0.1222239342342249,0.0032752875309279236
T03,0,BG7,11,0.12744267255278083,0.004130260909392297
T03,0,BG7,12,0.13181620214976472,0.005188364867526624
T03,0,BG7,13,0.09210551455708733,0.004421285577328699
T03,0,BG7,14,0.0744128248814673,0.004373683505960471
T03,0,BG7,15,0.0597786768695152,0.004318146152897122
T03,0,BG7,16,0.04770313924264686,0.004248842658777137
T03,0,BG7,17,0.03781857946660302,0.004164201641150164
T03,0,BG7,18,0.029826108669624107,0.004066663458731754
T03,0,BG7,19,0.023391591803257065,0.003950484310643943
T03,0,BG7,20,0.018315128115799998,0.0038256927942267043
T03,0,BG7,21,0.014345294376797704,0.003692193804109244
T03,0,BG7,22,0.011415535773542353,0.0035965541270224907
T03,0,BG7,23,0.009361077682128297,0.003574763642314663
T03,0,BG7,24,0.007908312994527423,0.0036117257355192966
T03,0,BG7,25,0.034432418367230676,0.018492173678601218
T03,0,BG7,26,0.04456190914124662,0.027592995980709186
T03,0,BG7,27,0.050002936740873,0.03493559000471881
T03,0,BG7,28,0.05267080627783323,0.04061620978511614
T03,0,BG7,29,0.05375590136237399,0.0447974370326234
T03,0,BG7,30,0.054302709266627724,0.04798756724820276
T03,0,BG7,31,0.05476056748170687,0.05050185613810286
T03,0,BG7,32,0.05517797862033739,0.05242924289151257
T03,0,BG7,33,0.05546761173545559,0.05377451683218576
T03,0,BG7,34,0.05565046977035171,0.05465759538103022
T03,0,BG7,35,0.05572111796843494,0.055169424247099266
T03,0,BG7,36,0.05581576192408017,0.05581576192408017
T03,0,BG8,0,0.0,0.0
T03,0,BG8,1,0.031631679879251876,0.00018325025745665767
T03,0,BG8,2,0.059458050504843436,0.00040241001355426434
T03,0,BG8,3,0.08378524673317271,0.0006647090713352231
T03,0,BG8,4,0.10480907179676419,0.0009781215780596908
T03,0,BG8,5,0.12325349518522184,0.0013580046014081701
T03,0,BG8,6,0.13930962222431764,0.0018189591774263021
T03,0,BG8,7,0.15284295916250568,0.0023741652991109996
T03,0,BG8,8,0.16513993603319507,0.003063893697135468
T03,0,BG8,9,0.17617995195894912,0.00392021049344705
T03,0,BG8,10,0.18589163100388229,0.004981418288368974
T03,0,BG8,11,0.1954533072533699,0.006334402272888097
T03,0,BG8,12,0.20281718942585136,0.007983006362623949
T03,0,BG8,13,0.14232230126869153,0.00683181175542013
T03,0,BG8,14,0.11572738472014879,0.00680198546965282
T03,0,BG8,15,0.09397240147442486,0.006788148959862441
T03,0,BG8,16,0.07642725767726945,0.00680725414376135
T03,0,BG8,17,0.06222293518829028,0.006851363883239723
T03,0,BG8,18,0.051304719084476855,0.006995180927973033
T03,0,BG8,19,0.043028617726648705,0.0072668794898573365
T03,0,BG8,20,0.03746251106382632,0.007825228304226538
T03,0,BG8,21,0.033997046170673464,0.008750164334542674
T03,0,BG8,22,0.03267899699219379,0.01029577445174761
T03,0,BG8,23,0.03292509299898402,0.012573277295938004
T03,0,BG8,24,0.034391697639522836,0.015706684773029018
T03,0,BG8,25,0.05021379138132145,0.026967671649118764
T03,0,BG8,26,0.05670033424686324,0.03510918012755573
T03,0,BG8,27,0.059794793641764085,0.041776874169903
T03,0,BG8,28,0.061672863116825544,0.047557995183459774
T03,0,BG8,29,0.06296650295044014,0.052473084620900654
T03,0,BG8,30,0.06385148187062878,0.05642586392540159
T03,0,BG8,31,0.06450317452978206,0.059486783887369596
T03,0,BG8,32,0.064949595143081,0.061714078301574424
T03,0,BG8,33,0.06524838902612769,0.06325674546358095
T03,0,BG8,34,0.06541628604901106,0.06424917719735566
T03,0,BG8,35,0.06550647462846473,0.064857896424646
T03,0,BG8,36,0.06562064511105603,0.06562064511105603
T03,0,BG9,0,0.0,0.0
T03,0,BG9,1,0.010254945865597278,5.9409474265547095e-05
T03,0,BG9,2,0.019204103821146644,0.00012997270541798307
T03,0,BG9,3,0.027075088093052604,0.00021479982890316974
T03,0,BG9,4,0.033853073704713944,0.0003159308766552149
T03,0,BG9,5,0.03990498118810786,0.000439672302370388
T03,0,BG9,6,0.04499453217343855,0.0005874914888241723
T03,0,BG9,7,0.049485410413938676,0.0007686748877991045
T03,0,BG9,8,0.0533037433929407,0.0009889612836964544
T03,0,BG9,9,0.057007383287206316,0.0012684811162090351
T03,0,BG9,10,0.06008104791036326,0.0016100177798720867
T03,0,BG9,11,0.06315797517449119,0.002046872608823093
T03,0,BG9,12,0.06588483475649777,0.0025932666593151215
T03,0,BG9,13,0.04628119629943349,0.0022216084089439715
T03,0,BG9,14,0.03759791218523817,0.0022098525239673157
T03,0,BG9,15,0.030488466726408748,0.002202351437692969
T03,0,BG9,16,0.024743887728810095,0.0022038986796045455
T03,0,BG9,17,0.020089260628443843,0.0022120273508132713
T03,0,BG9,18,0.01648911616239108,0.002248221079574455
T03,0,BG9,19,0.01371757632193302,0.0023166901319106718
T03,0,BG9,20,0.01174453304592937,0.0024532165521207153
T03,0,BG9,21,0.010510194705127953,0.0027051153332024783
T03,0,BG9,22,0.010005886363248229,0.003152433016718368
T03,0,BG9,23,0.009838100384170836,0.0037569267970779512
T03,0,BG9,24,0.010121581540481211,0.004622525250512138
T03,0,BG9,25,0.02102901706244083,0.011293782265855454
T03,0,BG9,26,0.026027755630381844,0.016116539184156033
T03,0,BG9,27,0.029239735437550877,0.020428948306878202
T03,0,BG9,28,0.03128053633233327,0.024121461564353942
T03,0,BG9,29,0.03241855929798652,0.027015980244290957
T03,0,BG9,30,0.03303159808497372,0.029190183243493536
T03,0,BG9,31,0.033439447174368996,0.030838872440156505
T03,0,BG9,32,0.03373717251111544,0.032056527941544816
T03,0,BG9,33,0.03395637491428695,0.03291988953175953
T03,0,BG9,34,0.03409496659621143,0.033486669516219716
T03,0,BG9,35,0.03416040897798418,0.03382218739463049
T03,0,BG9,36,0.03424467664491759,0.03424467664491759
T03,0,BG10,0,0.0,0.0
T03,0,BG10,1,0.029263843632467826,0.00016953278816566
T03,0,BG10,2,0.05472718720500023,0.00037039169529458224
T03,0,BG10,3,0.0771960619151146,0.0006124338672847617
T03,0,BG10,4,0.09695846136760435,0.0009048564378979284
T03,0,BG10,5,0.11393709259791598,0.0012553566621209557
T03,0,BG10,6,0.12898732283755732,0.001684181404172862
T03,0,BG10,7,0.1418525595463149,0.002203447421008199
T03,0,BG10,8,0.15312169614062404,0.0028409154725319006
T03,0,BG10,9,0.16307899580276236,0.003628698863472339
T03,0,BG10,10,0.17155745605203648,0.004597299207643021
T03,0,BG10,11,0.17939434741957577,0.005813951054116719
T03,0,BG10,12,0.1858464244139869,0.007315026861018365
T03,0,BG10,13,0.13066967740429317,0.006272457871599041
T03,0,BG10,14,0.10624308865247944,0.006244537089194694
T03,0,BG10,15,0.08631683745135936,0.006235145010286565
T03,0,BG10,16,0.07015913309058738,0.00624896228452775
T03,0,BG10,17,0.057301693098627614,0.0063094861873609276
T03,0,BG10,18,0.047530337774412026,0.0064805600338156966
T03,0,BG10,19,0.04024396009777781,0.0067965931528693535
T03,0,BG10,20,0.03535961116423355,0.007385971259107392
T03,0,BG10,21,0.032567152341974784,0.00838213806039154
T03,0,BG10,22,0.03176933905694028,0.010009179568945125
T03,0,BG10,23,0.03236185463581555,0.012358190488860612
T03,0,BG10,24,0.033835769854589935,0.015452792606672393
T03,0,BG10,25,0.055336390097569535,0.029718799439181237
T03,0,BG10,26,0.06370254511250245,0.03944499026385615
T03,0,BG10,27,0.06797244762797891,0.04749036199497191
T03,0,BG10,28,0.07022016012540348,0.05414910008683283
T03,0,BG10,29,0.07158472285935566,0.05965507119061605
T03,0,BG10,30,0.0725047590118479,0.06407280683839028
T03,0,BG10,31,0.07314296474015401,0.0674546605000269
T03,0,BG10,32,0.07360283754570503,0.06993625242629455
T03,0,BG10,33,0.07393468585124109,0.07167790128883142
T03,0,BG10,34,0.07413190862245003,0.0728093021056801
T03,0,BG10,35,0.07423345379226746,0.07349846954263144
T03,0,BG10,36,0.0743568052780329,0.0743568052780329
T03,0,BG11,0,0.0,0.0
T03,0,BG11,1,0.012215069860453209,7.076496437378839e-05
T03,0,BG11,2,0.022897416878201595,0.00015496891937571478
T03,0,BG11,3,0.03223207048417673,0.0002557126758646231
T03,0,BG11,4,0.04047226822489675,0.0003777039346658913
T03,0,BG11,5,0.047738743194233726,0.0005259845401114615
T03,0,BG11,6,0.05412320952129668,0.0007066841980350684
T03,0,BG11,7,0.059480166368258126,0.0009239270668766495
T03,0,BG11,8,0.06434974243070969,0.0011939012144111592
T03,0,BG11,9,0.06916483238463154,0.0015389986130973376
T03,0,BG11,10,0.07319532738455677,0.001961446787433403
T03,0,BG11,11,0.07737624254202276,0.002507669243087535
T03,0,BG11,12,0.08118768438005396,0.003195596004885601
T03,0,BG11,13,0.05676639912225746,0.002724923288377309
T03,0,BG11,14,0.04609788759114389,0.002709446537410717
T03,0,BG11,15,0.03744735799021052,0.0027050308476778344
T03,0,BG11,16,0.030431349213220056,0.0027104718232350195
T03,0,BG11,17,0.024763058522442812,0.0027266589721869896
T03,0,BG11,18,0.020479494308955345,0.0027922922200164244
T03,0,BG11,19,0.017253741072043555,0.0029138946132226382
T03,0,BG11,20,0.014840911501045204,0.003099992961773097
T03,0,BG11,21,0.013542922801417397,0.0034856793034177794
T03,0,BG11,22,0.013023797085489433,0.0041032494827171586
T03,0,BG11,23,0.013123515191702687,0.005011545310203584
T03,0,BG11,24,0.01365452424259306,0.0062360198168168405
T03,0,BG11,25,0.027165230228768128,0.014589278914185615
T03,0,BG11,26,0.0333285139186899,0.020637211642241162
T03,0,BG11,27,0.03706916916630402,0.02589914474020211
T03,0,BG11,28,0.03913264935660732,0.030176486971681644
T03,0,BG11,29,0.04023155694000939,0.03352693564842254
T03,0,BG11,30,0.04099365209593456,0.036226288950515516
T03,0,BG11,31,0.04147069028654964,0.03824552835997989
T03,0,BG11,32,0.04185481745408277,0.0397697858136931
T03,0,BG11,33,0.04209778443318916,0.04081279038861177
T03,0,BG11,34,0.04225606441531408,0.04150216307824605
T03,0,BG11,35,0.04234511475349246,0.04192585655571442
T03,0,BG11,36,0.04244683163047482,0.04244683163047482
T03,0,BG12,0,0.0,0.0
T03,0,BG12,1,0.010106643569184955,5.8550321828141393e-05
T03,0,BG12,2,0.01888013020041424,0.0001277800632744138
T03,0,BG12,3,0.02660055418265132,0.00021103512136609633
T03,0,BG12,4,0.03333075008633199,0.00031105633642603746
T03,0,BG12,5,0.03915839853206288,0.00043144647067687724
T03,0,BG12,6,0.044252341604450324,0.0005778007412235162
T03,0,BG12,7,0.04863246551490863,0.0007554257824917445
T03,0,BG12,8,0.05241304473364407,0.0009724358676611439
T03,0,BG12,9,0.05570419859719791,0.0012394837266178104
T03,0,BG12,10,0.05843609865755254,0.0015659373620284043
T03,0,BG12,11,0.06100401608172608,0.0019770654370642117
T03,0,BG12,12,0.0631970366893776,0.002487473306685093
T03,0,BG12,13,0.04414279136274793,0.002118959843013293
T03,0,BG12,14,0.03572749441697425,0.0020999169619640703
T03,0,BG12,15,0.028684287710838793,0.0020720255619146154
T03,0,BG12,16,0.022986025242151167,0.0020473286664612297
T03,0,BG12,17,0.018280557279347777,0.0020128711239595434
T03,0,BG12,18,0.014569657305896606,0.0019865110030076703
T03,0,BG12,19,0.011553186266612551,0.0019511575527459293
T03,0,BG12,20,0.009283565267308743,0.0019391657286634291
T03,0,BG12,21,0.007551097004897929,0.001943502370443652
T03,0,BG12,22,0.006295442202634385,0.001983428466969072
T03,0,BG12,23,0.0055886044333024205,0.0021341495756461324
T03,0,BG12,24,0.005217528121207515,0.002382844553368851
T03,0,BG12,25,0.022130828522030865,0.011885517877205055
T03,0,BG12,26,0.02787866999207976,0.017262636225455912
T03,0,BG12,27,0.031352206828946204,0.0219048703315174
T03,0,BG12,28,0.033769075634119794,0.026040456883431467
T03,0,BG12,29,0.03535063185612169,0.029459420575038506
T03,0,BG12,30,0.03641389927697726,0.032179139159692484
T03,0,BG12,31,0.03715734794630959,0.034267633295778
T03,0,BG12,32,0.03775034312842301,0.035869779194364106
T03,0,BG12,33,0.038146491930823645,0.03698210737030501
T03,0,BG12,34,0.0383838382155246,0.037699022271803974
T03,0,BG12,35,0.03850918374843708,0.03812790507016419
T03,0,BG12,36,0.038658176445456514,0.038658176445456514
T03,0,BG13,0,0.0,0.0
T03,0,BG13,1,0.00924339744313192,5.3549320381766464e-05
T03,0,BG13,2,0.017277600567245095,0.00011693419846230473
T03,0,BG13,3,0.024356156666908272,0.00019322922487279172
T03,0,BG13,4,0.030466175967760536,0.0002843229469400236
T03,0,BG13,5,0.035801741140209245,0.00039446288399638325
T03,0,BG13,6,0.04044175393748625,0.0005280460772539278
T03,0,BG13,7,0.04442223852208931,0.0006900267966356677
T03,0,BG13,8,0.047858866339003554,0.0008879407490756697
T03,0,BG13,9,0.05087530847573247,0.001132035264185577
T03,0,BG13,10,0.05335504686867248,0.0014297782253734018
T03,0,BG13,11,0.055594885117264854,0.0018017621264100464
T03,0,BG13,12,0.057418315464821415,0.002260019373782406
T03,0,BG13,13,0.040137830169663206,0.0019267120989709182
T03,0,BG13,14,0.03247061645625532,0.0019084909057874347
T03,0,BG13,15,0.026130122199868742,0.0018875239890327143
T03,0,BG13,16,0.02087043151227152,0.0018588961073347139
T03,0,BG13,17,0.016535624396165443,0.00182073666444211
T03,0,BG13,18,0.013119639071140872,0.0017888071650321738
T03,0,BG13,19,0.010377303129859287,0.0017525687654935357
T03,0,BG13,20,0.008240202914323782,0.0017212265611105295
T03,0,BG13,21,0.006551578565801614,0.0016862461732228748
T03,0,BG13,22,0.0053394963239553825,0.0016822502157123667
T03,0,BG13,23,0.0044657498797464916,0.001705359239818177
T03,0,BG13,24,0.0039812329325135355,0.0018182286720464444
T03,0,BG13,25,0.023038519380905127,0.012372999673675616
T03,0,BG13,26,0.029007163955772294,0.01796140636623262
T03,0,BG13,27,0.03270154812666456,0.022847615671980483
T03,0,BG13,28,0.03512842692005918,0.027088697916723647
T03,0,BG13,29,0.036392288349433075,0.030327484255804782
T03,0,BG13,30,0.037315951776812024,0.03297628740005417
T03,0,BG13,31,0.038066205501831075,0.03510580925062452
T03,0,BG13,32,0.03870920282744162,0.03678087253284718
T03,0,BG13,33,0.03915553767785192,0.037960352939899696
T03,0,BG13,34,0.03942031501005038,0.0387170070796353
T03,0,BG13,35,0.0395565285388542,0.03916488013170484
T03,0,BG13,36,0.03971889663580824,0.03971889663580824
T03,0,BG14,0,0.0,0.0
T03,0,BG14,1,0.012449989532400497,7.212591282779133e-05
T03,0,BG14,2,0.023360350698359084,0.00015810203918012054
T03,0,BG14,3,0.033023492968146675,0.0002619914146636998
T03,0,BG14,4,0.04127251042819851,0.00038517212681054615
T03,0,BG14,5,0.04840802234418612,0.0005333586449894202
T03,0,BG14,6,0.05464689296030662,0.0007135219093975292
T03,0,BG14,7,0.06012664427051004,0.0009339690434003196
T03,0,BG14,8,0.06487866164411486,0.001203714419705051
T03,0,BG14,9,0.06971473271252208,0.0015512345438614182
T03,0,BG14,10,0.07430878389327504,0.0019912845641074954
T03,0,BG14,11,0.07885413413235322,0.002555565895626397
T03,0,BG14,12,0.08291119430097192,0.003263434394793959
T03,0,BG14,13,0.058065564145319624,0.0027872863246628694
T03,0,BG14,14,0.047277312804812816,0.002778768365586621
T03,0,BG14,15,0.038608994470855355,0.0027889423032346518
T03,0,BG14,16,0.03149439932170648,0.002805155994957789
T03,0,BG14,17,0.025860587413672993,0.0028475078156719132
T03,0,BG14,18,0.021678370940257895,0.002955753972110747
T03,0,BG14,19,0.01847515839375707,0.0031201734330975344
T03,0,BG14,20,0.01629279763879014,0.0034032652201224857
T03,0,BG14,21,0.015251283609885728,0.003925377432523769
T03,0,BG14,22,0.014845432869059972,0.004677170126964842
T03,0,BG14,23,0.015249184977205678,0.0058232859370831265
T03,0,BG14,24,0.01600467038912018,0.007309331307699102
T03,0,BG14,25,0.027863634143514455,0.014964361704342538
T03,0,BG14,26,0.03327181464987085,0.02060210311700802
T03,0,BG14,27,0.036734937116584286,0.02566562659256638
T03,0,BG14,28,0.03894669782975288,0.030033093544922243
T03,0,BG14,29,0.04035024408928213,0.03362584345497326
T03,0,BG14,30,0.04128317892106099,0.03648214513575606
T03,0,BG14,31,0.04187119068484969,0.038614881948852736
T03,0,BG14,32,0.0422630605148809,0.04015769192281128
T03,0,BG14,33,0.04250703375540114,0.041209547789249346
T03,0,BG14,34,0.042655361774786356,0.041894336476932574
T03,0,BG14,35,0.0427303439425774,0.0423072715902115
T03,0,BG14,36,0.04282356068619659,0.04282356068619659
T03,0,BG15,0,0.0,0.0
T03,0,BG15,1,0.006345073684102658,3.6758603718568263e-05
T03,0,BG15,2,0.011867522556206437,8.031897922489397e-05
T03,0,BG15,3,0.01665575830272295,0.00013213822315359458
T03,0,BG15,4,0.020862623783466004,0.00019469862837791693
T03,0,BG15,5,0.02454605406880649,0.00027044794398344994
T03,0,BG15,6,0.027794866923270864,0.00036291626909181076
T03,0,BG15,7,0.030560314894118205,0.0004747044912046557
T03,0,BG15,8,0.03285632528591851,0.0006095938404596578
T03,0,BG15,9,0.0349477169110155,0.0007776276768685756
T03,0,BG15,10,0.03668925745482404,0.000983177870809989
T03,0,BG15,11,0.0384149522495145,0.0012449815475188706
T03,0,BG15,12,0.039738549191924884,0.0015641331601711013
T03,0,BG15,13,0.027848605730501314,0.0013367998554113633
T03,0,BG15,14,0.02257961023549012,0.0013271377513282404
T03,0,BG15,15,0.01821636408984645,0.0013158692465789748
T03,0,BG15,16,0.014669360153177182,0.0013065765518121067
T03,0,BG15,17,0.011720777706680854,0.0012905741684474188
T03,0,BG15,18,0.00954161092523172,0.0013009581962052945
T03,0,BG15,19,0.007692386409896247,0.00129912714096216
T03,0,BG15,20,0.006326221361285753,0.0013214310782018609
T03,0,BG15,21,0.005482766854605347,0.0014111552724112198
T03,0,BG15,22,0.004946380883107903,0.0015583961126200028
T03,0,BG15,23,0.004690678319787853,0.0017912538379736952
T03,0,BG15,24,0.004553845956163757,0.0020797409810976147
T03,0,BG15,25,0.017348013887174926,0.009316873479387325
T03,0,BG15,26,0.022638099043745655,0.014017643923739526
T03,0,BG15,27,0.02593145805405284,0.018117551646799207
T03,0,BG15,28,0.02814311055478901,0.02170208816846965
T03,0,BG15,29,0.029452722371003295,0.02454440245965645
T03,0,BG15,30,0.030332377666619736,0.026804869084868586
T03,0,BG15,31,0.030910866669797147,0.028506938779646256
T03,0,BG15,32,0.0313122620237678,0.029752416331204023
T03,0,BG15,33,0.03157447137631312,0.030610691325364855
T03,0,BG15,34,0.031716788593908966,0.031150921239606926
T03,0,BG15,35,0.03179608559163182,0.03148127319094698
T03,0,BG15,36,0.03188744228437978,0.03188744228437978
T03,1,BG1,0,0.0,0.0
T03,1,BG1,1,0.003805621659093073,2.2046921049045513e-05
T03,1,BG1,2,0.007166766159679028,4.8504423666645815e-05
T03,1,BG1,3,0.009993003403096435,7.927935144034922e-05
T03,1,BG1,4,0.012450324893423554,0.00011619157807913819
T03,1,BG1,5,0.01457391839073999,0.0001605751479408547
T03,1,BG1,6,0.016400881489978012,0.00021414553735785784
T03,1,BG1,7,0.01800755663286657,0.000279717929744569
T03,1,BG1,8,0.019374771553203933,0.00035946629164186616
T03,1,BG1,9,0.02053908066859495,0.00045701862641589025
T03,1,BG1,10,0.021570783085227294,0.0005780415856875875
T03,1,BG1,11,0.02238066489811307,0.0007253299341846305
T03,1,BG1,12,0.02309009200454902,0.0009088398856680713
T03,1,BG1,13,0.016196360981265107,0.0007774641670322881
T03,1,BG1,14,0.013190762817964904,0.0007752994450357997
T03,1,BG1,15,0.010634321555449047,0.0007681761625166276
T03,1,BG1,16,0.00864708633582086,0.0007701822111647565
T03,1,BG1,17,0.006922636618494185,0.0007622511256506809
T03,1,BG1,18,0.005584650617996215,0.0007614434343783537
T03,1,BG1,19,0.004539030277480641,0.0007665732203135904
T03,1,BG1,20,0.0037443185164666606,0.0007821191475514836
T03,1,BG1,21,0.0032527331748702275,0.0008371889030654349
T03,1,BG1,22,0.0028439435111245128,0.0008960067203552828
T03,1,BG1,23,0.002530340185954621,0.0009662742263782672
T03,1,BG1,24,0.002405483083614932,0.0010985838775758167
T03,1,BG1,25,0.010704099753628656,0.005748712428194077
T03,1,BG1,26,0.014327761767580192,0.008871834266042824
T03,1,BG1,27,0.01703500688357778,0.011901861287438979
T03,1,BG1,28,0.018933629231253406,0.014600350999002072
T03,1,BG1,29,0.020360511130131924,0.016967415562385995
T03,1,BG1,30,0.02135441155844572,0.01887099693563652
T03,1,BG1,31,0.02201012121284828,0.020298401324557815
T03,1,BG1,32,0.022407041584229088,0.021290816644652637
T03,1,BG1,33,0.022623855659749992,0.021933284443028125
T03,1,BG1,34,0.02276740888037783,0.02236120967858705
T03,1,BG1,35,0.02284316422440769,0.02261699445607873
T03,1,BG1,36,0.02293514873175051,0.02293514873175051
T03,1,BG2,0,0.0,0.0
T03,1,BG2,1,0.003990938793200046,2.312050969765264e-05
T03,1,BG2,2,0.007454745920200327,5.045346071777776e-05
T03,1,BG2,3,0.010464924667161011,8.302333189085113e-05
T03,1,BG2,4,0.013087929958047511,0.0001221419719204004
T03,1,BG2,5,0.015361515816335884,0.00016925288105539574
T03,1,BG2,6,0.017279327757349444,0.00022561536956835262
T03,1,BG2,7,0.018990888628223644,0.00029499238270985735
T03,1,BG2,8,0.02038618100235974,0.0003782312926109029
T03,1,BG2,9,0.021606025183487396,0.000480759392656997
T03,1,BG2,10,0.02262850862438649,0.0006063859148848582
T03,1,BG2,11,0.02345220061091733,0.0007600570941670351
T03,1,BG2,12,0.024239262049883654,0.0009540719082286255
T03,1,BG2,13,0.01699938285905308,0.0008160111426109413
T03,1,BG2,14,0.013824564161125787,0.0008125517130158359
T03,1,BG2,15,0.011145327797544778,0.0008050889849376412
T03,1,BG2,16,0.009020683187262471,0.0008034578872607071
T03,1,BG2,17,0.007198369654270167,0.000792612075611015
T03,1,BG2,18,0.005770143455922669,0.0007867345972266302
T03,1,BG2,19,0.004700592003514589,0.0007938585398369646
T03,1,BG2,20,0.0038769689378238426,0.0008098273758174059
T03,1,BG2,21,0.00328375037456159,0.0008451721146149516
T03,1,BG2,22,0.002871686066701602,0.0009047472301850487
T03,1,BG2,23,0.002590928272315087,0.0009894113160928877
T03,1,BG2,24,0.002415203486189872,0.0011030231852901212
T03,1,BG2,25,0.011167992114800166,0.005997849117018444
T03,1,BG2,26,0.014892071638659292,0.009221258254594114
T03,1,BG2,27,0.01750162633308631,0.012227874650641722
T03,1,BG2,28,0.019416832587532032,0.014972965158818206
T03,1,BG2,29,0.020806198378808524,0.01733882867310504
T03,1,BG2,30,0.021734968040896172,0.019207296535386435
T03,1,BG2,31,0.022354064664924966,0.02061559641157025
T03,1,BG2,32,0.02272129131204295,0.021589411787880323
T03,1,BG2,33,0.02292876208956519,0.022228883881219796
T03,1,BG2,34,0.023075249951904225,0.022663558470397478
T03,1,BG2,35,0.023144859764890748,0.022915702932873868
T03,1,BG2,36,0.02323616820124484,0.02323616820124484
T03,1,BG3,0,0.0,0.0
T03,1,BG3,1,0.00438651160569113,2.5412162267258847e-05
T03,1,BG3,2,0.008227057720041125,5.56804400060687e-05
T03,1,BG3,3,0.011488419585978163,9.114321443481374e-05
T03,1,BG3,4,0.014340470373299136,0.00013383119670331553
T03,1,BG3,5,0.016827915433751034,0.00018540964304145796
T03,1,BG3,6,0.01899720696874997,0.00024804563725070225
T03,1,BG3,7,0.020852411105008923,0.0003239080892919817
T03,1,BG3,8,0.022407260940615473,0.00041572903033959763
T03,1,BG3,9,0.02379985884196315,0.0005295747636836807
T03,1,BG3,10,0.024966300711645812,0.0006690327393663937
T03,1,BG3,11,0.02587196878350154,0.0008384788164795802
T03,1,BG3,12,0.02673738739225549,0.0010523996225791229
T03,1,BG3,13,0.018784013573530243,0.0009016776965058201
T03,1,BG3,14,0.015277539099663756,0.000897951677323454
T03,1,BG3,15,0.012325092182869831,0.000890309924723001
T03,1,BG3,16,0.009974388231508273,0.0008884028757388646
T03,1,BG3,17,0.00798729589444075,0.0008794806974090491
T03,1,BG3,18,0.0063565748978957285,0.0008666920379723156
T03,1,BG3,19,0.0052762842394865565,0.0008910842078346875
T03,1,BG3,20,0.004345808132246308,0.0009077592448674939
T03,1,BG3,21,0.003719534635576186,0.0009573343258891515
T03,1,BG3,22,0.003318636659380312,0.0010455625206987904
T03,1,BG3,23,0.003041776920591612,0.0011615792466177766
T03,1,BG3,24,0.003015987510652359,0.0013774011884958963
T03,1,BG3,25,0.012356135855327443,0.00663595009743147
T03,1,BG3,26,0.016534730247467665,0.01023840212476584
T03,1,BG3,27,0.01950729454482703,0.013629176395123592
T03,1,BG3,28,0.021555749618304525,0.016622355187021546
T03,1,BG3,29,0.023054513875581117,0.01921246058332736
T03,1,BG3,30,0.024052027892830306,0.021254893596276934
T03,1,BG3,31,0.024704198526861003,0.022782961153138926
T03,1,BG3,32,0.02508907101018858,0.023839238538194977
T03,1,BG3,33,0.0253411830427695,0.024567668022705116
T03,1,BG3,34,0.02549195529357917,0.025037146763974144
T03,1,BG3,35,0.02557422673510877,0.02532101681812276
T03,1,BG3,36,0.025679076011464193,0.025679076011464193
T03,1,BG4,0,0.0,0.0
T03,1,BG4,1,0.004025406060794752,2.3320187228235767e-05
T03,1,BG4,2,0.007542745106577058,5.104903604530881e-05
T03,1,BG4,3,0.010551889021023286,8.371326243646449e-05
T03,1,BG4,4,0.013146030253597438,0.0001226841878305281
T03,1,BG4,5,0.015467531616746502,0.00017042096117817013
T03,1,BG4,6,0.017356669166828237,0.00022662521246591364
T03,1,BG4,7,0.019062045603328234,0.0002960976904333991
T03,1,BG4,8,0.020525236130175453,0.0003808112259576564
T03,1,BG4,9,0.021711442835482517,0.00048310505889013263
T03,1,BG4,10,0.022732694266347254,0.0006091778215907033
T03,1,BG4,11,0.0236364756640479,0.0007660292243053948
T03,1,BG4,12,0.024388602571187322,0.0009599500413753647
T03,1,BG4,13,0.01711586171604729,0.0008216024088454913
T03,1,BG4,14,0.013979614769406576,0.0008216649580213055
T03,1,BG4,15,0.01127049911584557,0.0008141308077155723
T03,1,BG4,16,0.00910941753534173,0.0008113613155836815
T03,1,BG4,17,0.007323374847060678,0.0008063763901860058
T03,1,BG4,18,0.005859107644635585,0.0007988644866531498
T03,1,BG4,19,0.004777788528833741,0.0008068958601553358
T03,1,BG4,20,0.003945447653598981,0.0008241313179916586
T03,1,BG4,21,0.003421456906451078,0.0008806150412200225
T03,1,BG4,22,0.0029989119828326707,0.0009448307528841314
T03,1,BG4,23,0.0027591060141816718,0.001053634228649713
T03,1,BG4,24,0.0027349457816588612,0.0012490494580341843
T03,1,BG4,25,0.011440899539039678,0.006144415977485729
T03,1,BG4,26,0.015206721734280533,0.009416091451523348
T03,1,BG4,27,0.017927368361141904,0.012525328187521603
T03,1,BG4,28,0.01983847604515897,0.015298108423942601
T03,1,BG4,29,0.02125515807246184,0.017712968881674857
T03,1,BG4,30,0.022110923659542633,0.0195395303589796
T03,1,BG4,31,0.022731287365407124,0.02096348261455908
T03,1,BG4,32,0.023074259163540545,0.02192479623762004
T03,1,BG4,33,0.023303646580547115,0.022592325365618175
T03,1,BG4,34,0.02345331688330742,0.023034880183217935
T03,1,BG4,35,0.02352725183788042,0.023294309011164367
T03,1,BG4,36,0.02362530991031514,0.02362530991031514
T03,1,BG5,0,0.0,0.0
T03,1,BG5,1,0.017292457948860612,0.00010017954719789103
T03,1,BG5,2,0.032382996848568726,0.00021916699396317245
T03,1,BG5,3,0.04562322538006203,0.00036195121479824967
T03,1,BG5,4,0.057083586580679094,0.0005327276241892209
T03,1,BG5,5,0.06711405051273543,0.0007394612975433492
T03,1,BG5,6,0.07576896299085685,0.0009893117809134694
T03,1,BG5,7,0.08316697371020836,0.0012918628647007244
T03,1,BG5,8,0.08962645659862734,0.0016628681195100348
T03,1,BG5,9,0.09507979451192543,0.002115636905339411
T03,1,BG5,10,0.09983680875198474,0.0026753700608289498
T03,1,BG5,11,0.10384032065817939,0.0033653375942742443
T03,1,BG5,12,0.10717862084832391,0.004218614871450478
T03,1,BG5,13,0.07494243560024186,0.0035974166245812808
T03,1,BG5,14,0.060598442431317075,0.003561730232879871
T03,1,BG5,15,0.04862842786200576,0.003512701673632023
T03,1,BG5,16,0.03879288461782412,0.0034552204560440235
T03,1,BG5,17,0.030730014903038092,0.0033836801934152044
T03,1,BG5,18,0.024126449613391096,0.003289539111688435
T03,1,BG5,19,0.018882308752395185,0.0031889349417360702
T03,1,BG5,20,0.014695631041116854,0.0030696465472223387
T03,1,BG5,21,0.01134766610005389,0.0029206638321284876
T03,1,BG5,22,0.008818296246409537,0.0027782734366676846
T03,1,BG5,23,0.006917297568753144,0.0026415445638909058
T03,1,BG5,24,0.005594421803010116,0.0025549718661532312
T03,1,BG5,25,0.027664968219293953,0.014857666758443213
T03,1,BG5,26,0.03474333110804491,0.02151327477992221
T03,1,BG5,27,0.03877001436677292,0.027087475561201446
T03,1,BG5,28,0.04060847376946326,0.031314544256295505
T03,1,BG5,29,0.04132142540968197,0.034435176615944287
T03,1,BG5,30,0.04173964680111694,0.036885528050650755
T03,1,BG5,31,0.04208975232372168,0.038816446219870675
T03,1,BG5,32,0.04240707232343765,0.04029452965301622
T03,1,BG5,33,0.04265729326578797,0.041355220714008566
T03,1,BG5,34,0.04280996596663203,0.04204618239723586
T03,1,BG5,35,0.04288293458712005,0.042458351440412094
T03,1,BG5,36,0.04297569240967939,0.04297569240967939
T03,1,BG6,0,0.0,0.0
T03,1,BG6,1,0.01801365724203627,0.00010435763582862718
T03,1,BG6,2,0.033785468092682444,0.00022865887107253462
T03,1,BG6,3,0.047557086483509536,0.00037729347373969223
T03,1,BG6,4,0.0594130246351923,0.000554466903283143
T03,1,BG6,5,0.06979186909316532,0.0007689654502134577
T03,1,BG6,6,0.0787214526316361,0.001027862301364202
T03,1,BG6,7,0.0864064034891363,0.0013421821061459964
T03,1,BG6,8,0.09291950272561363,0.001723965050670396
T03,1,BG6,9,0.09853573014813186,0.002192535522342246
T03,1,BG6,10,0.10325290440351322,0.002766912654634923
T03,1,BG6,11,0.10734234998081313,0.0034788340760839188
T03,1,BG6,12,0.11062617542708832,0.004354312687542435
T03,1,BG6,13,0.07753499766402895,0.0037218658182530595
T03,1,BG6,14,0.06276336488484262,0.0036889755846274772
T03,1,BG6,15,0.05060886795395303,0.0036557598780497234
T03,1,BG6,16,0.040630844388618845,0.003618924608708877
T03,1,BG6,17,0.03230512308365038,0.0035571152759512445
T03,1,BG6,18,0.02563197690900429,0.00349481137657595
T03,1,BG6,19,0.02040785727121363,0.0034465768985167213
T03,1,BG6,20,0.016230318723231687,0.0033902145279611374
T03,1,BG6,21,0.01292720376908992,0.0033272054526855086
T03,1,BG6,22,0.01066873977494908,0.0033612701888526145
T03,1,BG6,23,0.008849203072750762,0.003379291407094235
T03,1,BG6,24,0.0078104909856194235,0.0035670504356339733
T03,1,BG6,25,0.03519641603508959,0.018902484087569765
T03,1,BG6,26,0.04491901044797356,0.027814115122223728
T03,1,BG6,27,0.05090196466956054,0.035563714598332005
T03,1,BG6,28,0.0542071016438664,0.041800898209514395
T03,1,BG6,29,0.05600560375977663,0.04667222482252669
T03,1,BG6,30,0.057147176781228826,0.05050123700246281
T03,1,BG6,31,0.05806656146073944,0.05355074415606713
T03,1,BG6,32,0.058723374907162236,0.05579802239091431
T03,1,BG6,33,0.05913293165010484,0.057327956325913566
T03,1,BG6,34,0.059367167772228426,0.058307982785386
T03,1,BG6,35,0.059482128971188916,0.05889319759058639
T03,1,BG6,36,0.05962977871053366,0.05962977871053366
T03,1,BG7,0,0.0,0.0
T03,1,BG7,1,0.02085915627267961,0.00012084232560028429
T03,1,BG7,2,0.039110699729884235,0.00026469985289404697
T03,1,BG7,3,0.05506477027200446,0.00043685557687113635
T03,1,BG7,4,0.06894154409995451,0.0006433909854000365
T03,1,BG7,5,0.08093435163347977,0.0008917331045325176
T03,1,BG7,6,0.09132137799021282,0.0011923789362264137
T03,1,BG7,7,0.10026373046180104,0.0015574330083713232
T03,1,BG7,8,0.10796571928096235,0.0020031222863684753
T03,1,BG7,9,0.11458584851652133,0.002549669476694628
T03,1,BG7,10,0.12019845005761472,0.0032210097566563014
T03,1,BG7,11,0.1249610545029419,0.0040498347004575995
T03,1,BG7,12,0.12898097437564188,0.00507676860262357
T03,1,BG7,13,0.09012966921839448,0.004326440259683911
T03,1,BG7,14,0.07285816807913992,0.004282307092997691
T03,1,BG7,15,0.058545496773514984,0.0042290666939139585
T03,1,BG7,16,0.04674913067580035,0.004163870636533341
T03,1,BG7,17,0.03706632164927346,0.004081370574527455
T03,1,BG7,18,0.02917658024805589,0.003978103014591293
T03,1,BG7,19,0.022861801842552328,0.0038610108340167587
T03,1,BG7,20,0.017779493741746182,0.003713808648117762
T03,1,BG7,21,0.013799886755898789,0.003551816713627349
T03,1,BG7,22,0.010831361826873689,0.0034125055434295593
T03,1,BG7,23,0.00843270226583312,0.0032202400733908837
T03,1,BG7,24,0.006772188956896037,0.003092858000056801
T03,1,BG7,25,0.03747481252027847,0.02012611294750563
T03,1,BG7,26,0.048362979239564986,0.02994664086922266
T03,1,BG7,27,0.054741291064564185,0.03824613967178741
T03,1,BG7,28,0.05842601227865747,0.0450542405697475
T03,1,BG7,29,0.060466319445084495,0.050389558617778725
T03,1,BG7,30,0.061424409972012844,0.054281048675815326
T03,1,BG7,31,0.06204852054942482,0.057223027499620216
T03,1,BG7,32,0.06251481394366162,0.0594005880143168
T03,1,BG7,33,0.06276647634154127,0.060850590505597775
T03,1,BG7,34,0.06290316877185742,0.06178089710635425
T03,1,BG7,35,0.06296137077132229,0.0623379915256841
T03,1,BG7,36,0.06305123365954692,0.06305123365954692
T03,1,BG8,0,0.0,0.0
T03,1,BG8,1,0.028729794720089432,0.0001664389085293167
T03,1,BG8,2,0.054043432669247944,0.00036576406826615524
T03,1,BG8,3,0.07550395837279751,0.0005990095869513838
T03,1,BG8,4,0.09459690967530972,0.0008828174601324644
T03,1,BG8,5,0.11079046352705044,0.0012206871614306187
T03,1,BG8,6,0.12504391994699354,0.0016326925745131112
T03,1,BG8,7,0.13685434518713702,0.002125808339421899
T03,1,BG8,8,0.14716369763157766,0.002730374834067047
T03,1,BG8,9,0.15564082157523798,0.0034631907612878623
T03,1,BG8,10,0.16263220797927294,0.004358125492062162
T03,1,BG8,11,0.16889074307098947,0.005473542102542565
T03,1,BG8,12,0.1733970401383398,0.006825011620194361
T03,1,BG8,13,0.1224845445157074,0.005879551869579091
T03,1,BG8,14,0.09951933523954241,0.00584934218157048
T03,1,BG8,15,0.08064942159036753,0.005825756062371432
T03,1,BG8,16,0.06520041457338925,0.005807297115523296
T03,1,BG8,17,0.05244978128647783,0.005775242452822694
T03,1,BG8,18,0.042020896957719316,0.0057293711538537176
T03,1,BG8,19,0.033991237643338224,0.005740603370516187
T03,1,BG8,20,0.02758461232386997,0.005761917249665861
T03,1,BG8,21,0.02260831961048906,0.0058189323415038414
T03,1,BG8,22,0.019404001633179322,0.0061133829756444625
T03,1,BG8,23,0.016935050633817655,0.006467076273112119
T03,1,BG8,24,0.015474892142459016,0.007067381658218691
T03,1,BG8,25,0.027842536638290363,0.014953031089628447
T03,1,BG8,26,0.032263623894331454,0.019977825467371525
T03,1,BG8,27,0.03464396187791205,0.024204723358060922
T03,1,BG8,28,0.036089801292793634,0.027830045662897766
T03,1,BG8,29,0.03687325691734314,0.030728298933819276
T03,1,BG8,30,0.03753280664658161,0.033167922974008786
T03,1,BG8,31,0.03802031792889869,0.03506349034584247
T03,1,BG8,32,0.03839972071629829,0.036486807464043966
T03,1,BG8,33,0.03865196139864306,0.0374721477377626
T03,1,BG8,34,0.03880290815274942,0.03811061545727855
T03,1,BG8,35,0.038882189584569835,0.03849721779699889
T03,1,BG8,36,0.03898664496413289,0.03898664496413289
T03,1,BG9,0,0.0,0.0
T03,1,BG9,1,0.009654218817278381,5.592931170277237e-05
T03,1,BG9,2,0.018093750382081025,0.00012245787187149763
T03,1,BG9,3,0.02546981335039364,0.00020206440472861765
T03,1,BG9,4,0.0317621206286583,0.0002964172379478647
T03,1,BG9,5,0.03728158155950648,0.00041076773644287297
T03,1,BG9,6,0.04209845871853936,0.0005496775942588519
T03,1,BG9,7,0.04617646401279717,0.0007172758178528912
T03,1,BG9,8,0.04969522506281631,0.0009220112969543793
T03,1,BG9,9,0.052641248854013806,0.001171329506588753
T03,1,BG9,10,0.055247439683270456,0.001480489490332523
T03,1,BG9,11,0.05728527502454683,0.0018565455923392521
T03,1,BG9,12,0.05894288681700123,0.0023200274160307
T03,1,BG9,13,0.04146749484851748,0.001990539192672054
T03,1,BG9,14,0.03376538886147043,0.001984592368703982
T03,1,BG9,15,0.02728229658725541,0.0019707519465714542
T03,1,BG9,16,0.02204487401360046,0.0019635018224482344
T03,1,BG9,17,0.017698642062671733,0.0019487964750821915
T03,1,BG9,18,0.014078053263727783,0.0019194828754327202
T03,1,BG9,19,0.011408075412047752,0.0019266505340450905
T03,1,BG9,20,0.009306800654478685,0.001944019174369508
T03,1,BG9,21,0.007615013311382675,0.0019599531523312235
T03,1,BG9,22,0.006761239110705723,0.002130181437993109
T03,1,BG9,23,0.005925335737761346,0.002262738919615137
T03,1,BG9,24,0.005574660279836401,0.002545946780391728
T03,1,BG9,25,0.01861678153619034,0.009998274134790488
T03,1,BG9,26,0.02401517862077489,0.014870339698424528
T03,1,BG9,27,0.027408216790750135,0.01914931975815229
T03,1,BG9,28,0.029201357690174744,0.02251813779905948
T03,1,BG9,29,0.030304324767882727,0.025254084659638916
T03,1,BG9,30,0.03092114091780238,0.027325161992076283
T03,1,BG9,31,0.031312777851160344,0.028877593408785745
T03,1,BG9,32,0.03159453529115218,0.03002062785585566
T03,1,BG9,33,0.03180625897439047,0.030835403833834672
T03,1,BG9,34,0.03194519463216149,0.03137525215186488
T03,1,BG9,35,0.03201049031105753,0.0316935549762952
T03,1,BG9,36,0.03209680899150061,0.03209680899150061
T03,1,BG10,0,0.0,0.0
T03,1,BG10,1,0.02617573850570675,0.0001516426202829755
T03,1,BG10,2,0.04904932888064415,0.0003319641481681791
T03,1,BG10,3,0.06877668030942938,0.0005456388220678506
T03,1,BG10,4,0.08611565752126223,0.0008036669086466926
T03,1,BG10,5,0.10079794144924922,0.0011105897491603572
T03,1,BG10,6,0.11380437276452918,0.0014859383401762314
T03,1,BG10,7,0.12496157109942801,0.0019410735569362007
T03,1,BG10,8,0.13412101058658776,0.0024883897169411594
T03,1,BG10,9,0.14203111072994806,0.0031603587401619216
T03,1,BG10,10,0.1485886486700058,0.003981794172970459
T03,1,BG10,11,0.154258866729453,0.004999340910577794
T03,1,BG10,12,0.15864724134447375,0.0062444506830546505
T03,1,BG10,13,0.11199564432601461,0.0053760594938392775
T03,1,BG10,14,0.09106969292437778,0.005352706534420989
T03,1,BG10,15,0.07377268304816975,0.005329011012249803
T03,1,BG10,16,0.059631256993988344,0.005311261113590079
T03,1,BG10,17,0.04801849953287669,0.005287314265431751
T03,1,BG10,18,0.03845491290754516,0.005243164339137468
T03,1,BG10,19,0.031278964587205874,0.005282541685185292
T03,1,BG10,20,0.025612673088885256,0.005350015479572715
T03,1,BG10,21,0.021176162295225315,0.00545032351009206
T03,1,BG10,22,0.01839418649540393,0.005795232789626633
T03,1,BG10,23,0.01609965127560838,0.006148057943363867
T03,1,BG10,24,0.014908350381290856,0.006808642103276429
T03,1,BG10,25,0.035761635914320834,0.01920603936700988
T03,1,BG10,26,0.042682314529026336,0.02642913985970005
T03,1,BG10,27,0.046511267224278265,0.03249606264392255
T03,1,BG10,28,0.048386188271681785,0.03731219848682658
T03,1,BG10,29,0.0494732002435117,0.04122845154318413
T03,1,BG10,30,0.049996332635451925,0.04418200138348781
T03,1,BG10,31,0.050383521836532524,0.04646521195300957
T03,1,BG10,32,0.05069795595539,0.0481723961122669
T03,1,BG10,33,0.05089741151308268,0.0493438174083058
T03,1,BG10,34,0.0510315906584158,0.05012112289872648
T03,1,BG10,35,0.05109672255367343,0.05059081485229294
T03,1,BG10,36,0.05118275407183612,0.05118275407183612
T03,1,BG11,0,0.0,0.0
T03,1,BG11,1,0.01068666672302654,6.191054141010404e-05
T03,1,BG11,2,0.020100470633258462,0.00013603928488014385
T03,1,BG11,3,0.0282707536557766,0.00022428562497860905
T03,1,BG11,4,0.03535649775986156,0.00032996145122003647
T03,1,BG11,5,0.041424301578944604,0.00045641214515959485
T03,1,BG11,6,0.046862850837370545,0.0006118860372864814
T03,1,BG11,7,0.05145386953656083,0.0007992516782109518
T03,1,BG11,8,0.0553022831386741,0.0010260408279289957
T03,1,BG11,9,0.058460173678939006,0.001300807406024295
T03,1,BG11,10,0.06127492092009843,0.0016420105121593006
T03,1,BG11,11,0.06355229163321685,0.0020596519210922116
T03,1,BG11,12,0.06549784349905524,0.002578034448275532
T03,1,BG11,13,0.04604944998084521,0.002210484027978868
T03,1,BG11,14,0.037422630980294885,0.0021995501982814258
T03,1,BG11,15,0.03030728291777452,0.0021892635289079867
T03,1,BG11,16,0.02448675591452107,0.0021809963603665002
T03,1,BG11,17,0.01950242844857127,0.002147411293176882
T03,1,BG11,18,0.015593765244984185,0.0021261437775498527
T03,1,BG11,19,0.012721152752635826,0.0021484093393281966
T03,1,BG11,20,0.010413538185505071,0.0021751962527233604
T03,1,BG11,21,0.00857613703443091,0.0022073273087848976
T03,1,BG11,22,0.007493313563885373,0.0023608272413281925
T03,1,BG11,23,0.006518333182509256,0.0024891899487883636
T03,1,BG11,24,0.006042974893135064,0.0027598260143021965
T03,1,BG11,25,0.02342958481431277,0.012583024144457776
T03,1,BG11,26,0.029386517283861324,0.018196304152113648
T03,1,BG11,27,0.033046086136806915,0.023088334271542693
T03,1,BG11,28,0.03551546817030123,0.02738715823045778
T03,1,BG11,29,0.03707324881596956,0.030894962039799394
T03,1,BG11,30,0.0379764314073698,0.03355995636311096
T03,1,BG11,31,0.038570472606949444,0.035570859715464705
T03,1,BG11,32,0.039016587884708624,0.037072944941357336
T03,1,BG11,33,0.03929884777533041,0.03809928857099408
T03,1,BG11,34,0.03945071740207294,0.038746867041214814
T03,1,BG11,35,0.03953876900236334,0.039147296376083184
T03,1,BG11,36,0.03964726026285066,0.03964726026285066
T03,1,BG12,0,0.0,0.0
T03,1,BG12,1,0.00983436269619905,5.697293047321954e-05
T03,1,BG12,2,0.018454589201010015,0.0001249000164977846
T03,1,BG12,3,0.02595577037980116,0.00020591973768359362
T03,1,BG12,4,0.032481694922518504,0.00030313260324177366
T03,1,BG12,5,0.038162780015955605,0.000420476763496656
T03,1,BG12,6,0.04308483053940749,0.0005625566042185314
T03,1,BG12,7,0.04729051948676364,0.0007345808472048065
T03,1,BG12,8,0.050868844454883114,0.0009437858301897298
T03,1,BG12,9,0.05400087287755549,0.0012015827350347744
T03,1,BG12,10,0.05664730576495726,0.0015180023076083215
T03,1,BG12,11,0.0588122645400669,0.001906033451884703
T03,1,BG12,12,0.060694717559977976,0.002388980523526559
T03,1,BG12,13,0.04247871279707085,0.0020390800781518005
T03,1,BG12,14,0.034407976478319884,0.0020223610618768616
T03,1,BG12,15,0.02767459431909388,0.0019990897898875207
T03,1,BG12,16,0.022111063093894615,0.0019693971787653583
T03,1,BG12,17,0.01759853710068201,0.001937773930426615
T03,1,BG12,18,0.013889675465940358,0.0018937983600182213
T03,1,BG12,19,0.011016039605607309,0.0018604416472315713
T03,1,BG12,20,0.008653170767992881,0.0018074879330826654
T03,1,BG12,21,0.0068468158196181945,0.001762234379394561
T03,1,BG12,22,0.005600558319776494,0.0017644998471214753
T03,1,BG12,23,0.00460106371660893,0.0017570322408527175
T03,1,BG12,24,0.003965836423529885,0.0018111970868625702
T03,1,BG12,25,0.023093830460822525,0.012402704885458318
T03,1,BG12,26,0.028197592323610514,0.017460114821880417
T03,1,BG12,27,0.031553047798326156,0.022045192097913894
T03,1,BG12,28,0.03358686296381763,0.025899946694868902
T03,1,BG12,29,0.034794564449018496,0.028996022271223765
T03,1,BG12,30,0.03560628492997007,0.03146544648069793
T03,1,BG12,31,0.03623778544537284,0.03341958486316362
T03,1,BG12,32,0.03672848769547021,0.03489882839194904
T03,1,BG12,33,0.03709307632839827,0.03596084613522772
T03,1,BG12,34,0.03730903988485813,0.036643399760992554
T03,1,BG12,35,0.03740755579878897,0.03703718432994762
T03,1,BG12,36,0.03753401646904696,0.03753401646904696
T03,1,BG13,0,0.0,0.0
T03,1,BG13,1,0.009107132835762026,5.2759905462124625e-05
T03,1,BG13,2,0.01703339328056683,0.00011528141226275498
T03,1,BG13,3,0.023994995270977794,0.00019036395609892413
T03,1,BG13,4,0.030064074632505957,0.0002805703707835914
T03,1,BG13,5,0.035285264100676256,0.0003887723502813303
T03,1,BG13,6,0.03982347618101107,0.0005199732538636101
T03,1,BG13,7,0.043722962127194044,0.0006791646800499724
T03,1,BG13,8,0.04702996445341717,0.0008725618715556621
T03,1,BG13,9,0.04990342226125195,0.0011104096581223944
T03,1,BG13,10,0.05231281006724399,0.0014018489544775023
T03,1,BG13,11,0.05432599192749295,0.0017606388514585412
T03,1,BG13,12,0.0561391099157421,0.002209669075011705
T03,1,BG13,13,0.039253143433245125,0.0018842450193627383
T03,1,BG13,14,0.031793568581239294,0.0018686967796230775
T03,1,BG13,15,0.02554261224978623,0.001845084878646412
T03,1,BG13,16,0.020409764468989632,0.001817865227429562
T03,1,BG13,17,0.016228440424354233,0.001786912654966323
T03,1,BG13,18,0.012807973364653304,0.001746312867303151
T03,1,BG13,19,0.010135790664329706,0.0017117809769410294
T03,1,BG13,20,0.00795360581076241,0.001661361702075898
T03,1,BG13,21,0.0063238213352053586,0.0016276259850262305
T03,1,BG13,22,0.005150416943921156,0.0016226792757688977
T03,1,BG13,23,0.004266123291346896,0.0016291267930502531
T03,1,BG13,24,0.0037809254401037318,0.0017267482620190538
T03,1,BG13,25,0.023707198340039082,0.012732118457243478
T03,1,BG13,26,0.030602941447932488,0.018949521162871723
T03,1,BG13,27,0.03456575190614457,0.024150080365669388
T03,1,BG13,28,0.03633843522359614,0.028021775510027297
T03,1,BG13,29,0.037571770129260884,0.031310404380722606
T03,1,BG13,30,0.03843192247018053,0.03396247602679116
T03,1,BG13,31,0.039202790790655924,0.03615400265876551
T03,1,BG13,32,0.03980464063288089,0.037821740220961374
T03,1,BG13,33,0.04022587270474939,0.038998016963808974
T03,1,BG13,34,0.040476431185575146,0.03975428071751045
T03,1,BG13,35,0.040589112895322715,0.040187240863435544
T03,1,BG13,36,0.040731179243983257,0.040731179243983257
T03,1,BG14,0,0.0,0.0
T03,1,BG14,1,0.010584215936857932,6.131701836743379e-05
T03,1,BG14,2,0.019792434463042984,0.0001339545065480762
T03,1,BG14,3,0.027719690989789995,0.00021991377699371497
T03,1,BG14,4,0.03475651763468104,0.0003243621887156235
T03,1,BG14,5,0.04067677178514799,0.00044817587716894884
T03,1,BG14,6,0.045888243810893424,0.0005991606399049373
T03,1,BG14,7,0.05024899584469198,0.0007805359370769897
T03,1,BG14,8,0.05394204083857751,0.0010008038205585393
T03,1,BG14,9,0.05697188499928543,0.0012676912387462956
T03,1,BG14,10,0.05988236887725624,0.0016046936901771697
T03,1,BG14,11,0.062078512958848205,0.002011888562763145
T03,1,BG14,12,0.06409205288735416,0.002522701682827608
T03,1,BG14,13,0.04513395490517832,0.0021665380702023057
T03,1,BG14,14,0.03685171165604206,0.002165993883272034
T03,1,BG14,15,0.029897797752190772,0.002159684139216903
T03,1,BG14,16,0.024257566671729278,0.0021605828428104875
T03,1,BG14,17,0.019550229303140532,0.002152674645171731
T03,1,BG14,18,0.0157002566250862,0.002140663429977642
T03,1,BG14,19,0.01300020880271926,0.0021955376613559995
T03,1,BG14,20,0.010618449082190767,0.002217998361032214
T03,1,BG14,21,0.008917097569892934,0.0022950837763189218
T03,1,BG14,22,0.007813767455111675,0.002461788759143071
T03,1,BG14,23,0.006942523386246201,0.002651177679166595
T03,1,BG14,24,0.006573747985382447,0.0030022300323458606
T03,1,BG14,25,0.020768170483684366,0.01115369277755682
T03,1,BG14,26,0.02650005929789547,0.016408992423384436
T03,1,BG14,27,0.030092008374566596,0.021024406470898295
T03,1,BG14,28,0.03235001518223109,0.024946172227154464
T03,1,BG14,29,0.03376329308913729,0.028136613095098767
T03,1,BG14,30,0.0345588101517768,0.03053978792697596
T03,1,BG14,31,0.03503938420847517,0.03231438284404904
T03,1,BG14,32,0.03536352190464475,0.03360185937093894
T03,1,BG14,33,0.035604668428508034,0.034517870448450505
T03,1,BG14,34,0.03574918644427064,0.035111376041387164
T03,1,BG14,35,0.03581807353977483,0.03546343949218193
T03,1,BG14,36,0.03590242193739284,0.03590242193739284
T03,1,BG15,0,0.0,0.0
T03,1,BG15,1,0.00610657839200614,3.5376940724674857e-05
T03,1,BG15,2,0.011424237701852627,7.73188427371263e-05
T03,1,BG15,3,0.01601189691853871,0.0001270301579822414
T03,1,BG15,4,0.01998501368258334,0.00018650840832074914
T03,1,BG15,5,0.023426711870243637,0.0002581150537532239
T03,1,BG15,6,0.026413335452518935,0.0003448776781959088
T03,1,BG15,7,0.029026222024106613,0.0004508748682826084
T03,1,BG15,8,0.03130467703198688,0.0005808056173324787
T03,1,BG15,9,0.03320319157048296,0.0007388099435343537
T03,1,BG15,10,0.03485515211619984,0.0009340285568160961
T03,1,BG15,11,0.036153316513813157,0.0011716847024868598
T03,1,BG15,12,0.03723318662781193,0.0014655205789910694
T03,1,BG15,13,0.02610153931389577,0.001252936477088245
T03,1,BG15,14,0.02125651176686069,0.0012493713969756331
T03,1,BG15,15,0.01714872592900752,0.0012387478036779507
T03,1,BG15,16,0.013817668249798994,0.0012307177093548922
T03,1,BG15,17,0.011001424436577383,0.0012113662200195184
T03,1,BG15,18,0.008732330531024266,0.0011906162447518766
T03,1,BG15,19,0.007044746786104385,0.0011897506541248973
T03,1,BG15,20,0.005679122769640922,0.001186264104142007
T03,1,BG15,21,0.004739295144347728,0.0012198004255375683
T03,1,BG15,22,0.004096498892195336,0.001290634123198667
T03,1,BG15,23,0.0036401589403278877,0.0013900865130465636
T03,1,BG15,24,0.0034707983068470007,0.0015851132327507427
T03,1,BG15,25,0.017019407811631502,0.009140393262607637
T03,1,BG15,26,0.02265261273417649,0.014026630884153781
T03,1,BG15,27,0.026263984221709814,0.01834987795863999
T03,1,BG15,28,0.028439290066166707,0.021930482071934317
T03,1,BG15,29,0.02978575905425261,0.024821938317084246
T03,1,BG15,30,0.030860208810745596,0.027271316010925934
T03,1,BG15,31,0.03157749469366062,0.029121723324539387
T03,1,BG15,32,0.03204121507794861,0.030445056003227975
T03,1,BG15,33,0.03236749120870261,0.03137950496227799
T03,1,BG15,34,0.03255968525787337,0.03197877957182073
T03,1,BG15,35,0.032658888323228843,0.03233553329793768
T03,1,BG15,36,0.0327786137174561,0.0327786137174561
T03,2,BG1,0,0.0,0.0
T03,2,BG1,1,0.003822523612438791,2.214483830234789e-05
T03,2,BG1,2,0.007088924747950114,4.7977595802360104e-05
T03,2,BG1,3,0.009896455685955598,7.851339150554059e-05
T03,2,BG1,4,0.012365897703823719,0.00011540366853645026
T03,2,BG1,5,0.014489907920710036,0.00015964952221483853
T03,2,BG1,6,0.016295449651749557,0.00021276891879229478
T03,2,BG1,7,0.017874552184686476,0.00027765192316116705
T03,2,BG1,8,0.01917404103922451,0.0003557420749696055
T03,2,BG1,9,0.02034939018496248,0.0004527977905799204
T03,2,BG1,10,0.02125959540547429,0.0005697025569035226
T03,2,BG1,11,0.022029956346607184,0.0007139638989113121
T03,2,BG1,12,0.022653989756282054,0.000891674640287859
T03,2,BG1,13,0.01592612585477765,0.0007644922323310805
T03,2,BG1,14,0.01293132797603059,0.000760050918396177
T03,2,BG1,15,0.010468579653690123,0.0007562037046556023
T03,2,BG1,16,0.00839891789826008,0.0007480782442119443
T03,2,BG1,17,0.006766121088503602,0.0007450172087536486
T03,2,BG1,18,0.005406275049479754,0.0007371226820356268
T03,2,BG1,19,0.004435075930457436,0.0007490169123369684
T03,2,BG1,20,0.0036637425507579967,0.0007652883127325361
T03,2,BG1,21,0.0030587558082653464,0.0007872629833126993
T03,2,BG1,22,0.00262580414803449,0.0008272802029552646
T03,2,BG1,23,0.0023683707410335317,0.0009044221085992802
T03,2,BG1,24,0.002149158693808649,0.0009815205546815254
T03,2,BG1,25,0.00988563260544268,0.005309148863813084
T03,2,BG1,26,0.013055455831747751,0.008084014974854838
T03,2,BG1,27,0.015300390107056206,0.010689935254388496
T03,2,BG1,28,0.016890530356240187,0.01302484953080595
T03,2,BG1,29,0.0180375819747031,0.015031604404303981
T03,2,BG1,30,0.018777244324582994,0.016593541763808613
T03,2,BG1,31,0.01928082485278102,0.017781361477160376
T03,2,BG1,32,0.01957490464836137,0.01859976490618688
T03,2,BG1,33,0.019795634750681454,0.019191392196499988
T03,2,BG1,34,0.019916164961093243,0.019560835507066016
T03,2,BG1,35,0.01996813465839809,0.01977043055429363
T03,2,BG1,36,0.020044564554656627,0.020044564554656627
T03,2,BG2,0,0.0,0.0
T03,2,BG2,1,0.004023124266726955,2.3306968214938562e-05
T03,2,BG2,2,0.0074984906933624855,5.074952370998226e-05
T03,2,BG2,3,0.01045720594525347,8.296209549378581e-05
T03,2,BG2,4,0.013057609532581725,0.00012185900886486198
T03,2,BG2,5,0.015302965496452185,0.00016860777505020013
T03,2,BG2,6,0.01722020489048385,0.0002248434046799933
T03,2,BG2,7,0.018890755790120884,0.00029343698391161836
T03,2,BG2,8,0.02026260246469642,0.0003759385001458886
T03,2,BG2,9,0.021443840232003533,0.00047715058780119316
T03,2,BG2,10,0.022375784186570668,0.0005996135487152074
T03,2,BG2,11,0.023202442937639782,0.0007519627568296908
T03,2,BG2,12,0.023767862439373844,0.000935517335615972
T03,2,BG2,13,0.01674292130584955,0.0008037003723698523
T03,2,BG2,14,0.013579909353835405,0.0007981718976635703
T03,2,BG2,15,0.010974337494800446,0.0007927374061812373
T03,2,BG2,16,0.008797421328663306,0.0007835723096350499
T03,2,BG2,17,0.007108781001911352,0.0007827474732709097
T03,2,BG2,18,0.0056760016744330745,0.0007738987634521597
T03,2,BG2,19,0.004612942063847655,0.0007790557972557372
T03,2,BG2,20,0.003781514055287078,0.0007898886095525602
T03,2,BG2,21,0.00314206614493843,0.0008087054088316561
T03,2,BG2,22,0.0026545217015413597,0.0008363278923144498
T03,2,BG2,23,0.0023662936019476274,0.0009036289015846045
T03,2,BG2,24,0.0020974082197644035,0.000957886119741671
T03,2,BG2,25,0.010375128916757273,0.005572036329272838
T03,2,BG2,26,0.013735058853561992,0.008504829143250668
T03,2,BG2,27,0.015898555617117126,0.011107856011090206
T03,2,BG2,28,0.0175029009646214,0.0134970688245793
T03,2,BG2,29,0.018596720241883198,0.01549756185414269
T03,2,BG2,30,0.01925030410200744,0.0170115869727012
T03,2,BG2,31,0.01965835392379916,0.01812953021003286
T03,2,BG2,32,0.01992013863467997,0.01892780080891973
T03,2,BG2,33,0.020104194665502735,0.01949053366558623
T03,2,BG2,34,0.020209818420786195,0.019849249856035703
T03,2,BG2,35,0.020258739355086264,0.020058157979085455
T03,2,BG2,36,0.02032856553260091,0.02032856553260091
T03,2,BG3,0,0.0,0.0
T03,2,BG3,1,0.0044162229488287135,2.5584287529677853e-05
T03,2,BG3,2,0.008200005641814438,5.549735235856254e-05
T03,2,BG3,3,0.011490069234425958,9.115630204779789e-05
T03,2,BG3,4,0.014367545879163593,0.00013408387677534757
T03,2,BG3,5,0.016862950644251588,0.0001857956605091391
T03,2,BG3,6,0.0189521191869306,0.0002474569281362674
T03,2,BG3,7,0.02080688278020663,0.0003232008809645852
T03,2,BG3,8,0.022326196074672806,0.00041422500760093496
T03,2,BG3,9,0.02364961449285337,0.0005262316512150032
T03,2,BG3,10,0.024659326465616964,0.0006608066163301419
T03,2,BG3,11,0.025555466505672916,0.0008282213643097714
T03,2,BG3,12,0.026189423803294982,0.0010308314474964313
T03,2,BG3,13,0.01851263147758284,0.0008886507067494757
T03,2,BG3,14,0.014982778935374056,0.000880626870937913
T03,2,BG3,15,0.012129461003138718,0.0008761783988610254
T03,2,BG3,16,0.009741337061115607,0.0008676453820718645
T03,2,BG3,17,0.007823894967466688,0.0008614886306639942
T03,2,BG3,18,0.006243369873181097,0.0008512570110807653
T03,2,BG3,19,0.005143952984715782,0.0008687354714934212
T03,2,BG3,20,0.0042768362639004865,0.0008933522929886619
T03,2,BG3,21,0.003535310673100733,0.0009099187378548673
T03,2,BG3,22,0.0030516683381250228,0.000961452058576072
T03,2,BG3,23,0.00279874601848761,0.0010687717641769655
T03,2,BG3,24,0.002532608401318911,0.001156641997768605
T03,2,BG3,25,0.01123477391416517,0.006033714760903315
T03,2,BG3,26,0.01495859744527347,0.0092624514289528
T03,2,BG3,27,0.017433114085091423,0.012180007141618623
T03,2,BG3,28,0.019191956513576112,0.014799555739401822
T03,2,BG3,29,0.02035195200145879,0.016960282862356547
T03,2,BG3,30,0.021046767498096534,0.018599130382640203
T03,2,BG3,31,0.02148953745393515,0.019818303216949617
T03,2,BG3,32,0.021739734994774284,0.020656752471210644
T03,2,BG3,33,0.021919250871950763,0.02125018698180314
T03,2,BG3,34,0.02201710875454411,0.02162429583219981
T03,2,BG3,35,0.022060629091571037,0.02184220727951277
T03,2,BG3,36,0.022129169891900474,0.022129169891900474
T03,2,BG4,0,0.0,0.0
T03,2,BG4,1,0.004060323140460598,2.3522470568186826e-05
T03,2,BG4,2,0.0075403143878819915,5.1032585099446495e-05
T03,2,BG4,3,0.01053638153588272,8.359023396466224e-05
T03,2,BG4,4,0.013175409421214005,0.00012295836647740398
T03,2,BG4,5,0.015451784309548673,0.00017024745768442332
T03,2,BG4,6,0.017368862750665206,0.0002267844230684627
T03,2,BG4,7,0.019068965356043584,0.0002962051773460219
T03,2,BG4,8,0.020495947018280416,0.00038026781608066636
T03,2,BG4,9,0.021705615930274882,0.0004829754040966437
T03,2,BG4,10,0.022627569596215043,0.0006063607517948428
T03,2,BG4,11,0.02343542533212356,0.0007595134282015784
T03,2,BG4,12,0.02404498989092742,0.0009464252404073411
T03,2,BG4,13,0.01695091409798242,0.0008136845267704687
T03,2,BG4,14,0.013677233247870317,0.0008038921997900244
T03,2,BG4,15,0.011096165388717515,0.0008015377113829629
T03,2,BG4,16,0.008934314621770004,0.0007957651778053727
T03,2,BG4,17,0.0071976171601497215,0.0007925292167433224
T03,2,BG4,18,0.005804807263477664,0.0007914608592643408
T03,2,BG4,19,0.0047368907838713815,0.00079998885217343
T03,2,BG4,20,0.003935705395567489,0.0008220963395364002
T03,2,BG4,21,0.0032595884710332384,0.0008389533215562873
T03,2,BG4,22,0.0028674844473369604,0.0009034234777328699
T03,2,BG4,23,0.0025376355510574895,0.0009690601460252769
T03,2,BG4,24,0.0023189451479662293,0.0010590620108387623
T03,2,BG4,25,0.010599483810543462,0.005692527712544411
T03,2,BG4,26,0.014140517412711943,0.008755891461592152
T03,2,BG4,27,0.016409159333057807,0.011464599900567682
T03,2,BG4,28,0.018006107731071905,0.013885108295501023
T03,2,BG4,29,0.019021498222788077,0.015851550216176496
T03,2,BG4,30,0.01973876322193199,0.017443240664658223
T03,2,BG4,31,0.02016046426163271,0.018592591608043794
T03,2,BG4,32,0.02044819698965156,0.01942955350390699
T03,2,BG4,33,0.020631853083727506,0.020002085784802455
T03,2,BG4,34,0.020739039148185527,0.02036902860839763
T03,2,BG4,35,0.02078197951624029,0.02057621755485921
T03,2,BG4,36,0.02084958902690254,0.02084958902690254
T03,2,BG5,0,0.0,0.0
T03,2,BG5,1,0.017406559633925556,0.0001008405670237318
T03,2,BG5,2,0.032627654925507614,0.00022082283132986353
T03,2,BG5,3,0.045947243321715486,0.0003645218066285403
T03,2,BG5,4,0.05745608239063925,0.000536203909577444
T03,2,BG5,5,0.06744828747363808,0.000743143913300225
T03,2,BG5,6,0.07612045457106706,0.0009939011903504183
T03,2,BG5,7,0.08352773968644404,0.0012974667751123946
T03,2,BG5,8,0.0899108589921936,0.001668144730106008
T03,2,BG5,9,0.0953276937221632,0.002121152954890292
T03,2,BG5,10,0.09982721351104686,0.0026751129375353422
T03,2,BG5,11,0.10354084199336128,0.0033556318596133883
T03,2,BG5,12,0.10656068388737974,0.004194292515206097
T03,2,BG5,13,0.07463105342794144,0.0035824695232463248
T03,2,BG5,14,0.06031233936962325,0.003544914264931041
T03,2,BG5,15,0.048432655597066394,0.0034985599588419586
T03,2,BG5,16,0.038616471189535116,0.0034395076079811837
T03,2,BG5,17,0.030609139994821673,0.0033703706717657525
T03,2,BG5,18,0.02405466808836957,0.0032797520041418565
T03,2,BG5,19,0.018776152321977664,0.003171006729453413
T03,2,BG5,20,0.014614845062913693,0.003052771848719854
T03,2,BG5,21,0.011312591151962018,0.0029116362292534383
T03,2,BG5,22,0.008760159478763347,0.0027599569848793036
T03,2,BG5,23,0.0069037947520030314,0.0026363881710666425
T03,2,BG5,24,0.005392498116822167,0.00246275333667501
T03,2,BG5,25,0.028858128713530412,0.015498462021185646
T03,2,BG5,26,0.036022466669717534,0.022305322980835256
T03,2,BG5,27,0.03977368460127283,0.02778871062497197
T03,2,BG5,28,0.04185510074454448,0.032275859760609184
T03,2,BG5,29,0.04279927569180918,0.03566674202010607
T03,2,BG5,30,0.043431170375859,0.03838033553155958
T03,2,BG5,31,0.04391742233545712,0.04050197880624159
T03,2,BG5,32,0.04441529058956613,0.04220270680262941
T03,2,BG5,33,0.044761725725303105,0.04339541748577887
T03,2,BG5,34,0.0449567286857747,0.04415464420427157
T03,2,BG5,35,0.04505627728140506,0.04461017591158652
T03,2,BG5,36,0.045180705093998776,0.045180705093998776
T03,2,BG6,0,0.0,0.0
T03,2,BG6,1,0.01861012536958797,0.00010781312521419742
T03,2,BG6,2,0.03493696479686157,0.0002364521597936448
T03,2,BG6,3,0.049223700050446406,0.0003905155289946146
T03,2,BG6,4,0.06169884629124642,0.0005757991355977243
T03,2,BG6,5,0.07227651520217998,0.000796341231422374
T03,2,BG6,6,0.08155450477482215,0.001064853329424095
T03,2,BG6,7,0.08970535302768227,0.0013934258881773604
T03,2,BG6,8,0.09644060140040012,0.001789293115335567
T03,2,BG6,9,0.1022968911678014,0.0022762257679280946
T03,2,BG6,10,0.10707831499565208,0.0028694238355767856
T03,2,BG6,11,0.11135560345031618,0.0036088987039955265
T03,2,BG6,12,0.11506633351937158,0.004529079976267017
T03,2,BG6,13,0.08074262620375684,0.003875839683575927
T03,2,BG6,14,0.06528583968758979,0.0038372364043087396
T03,2,BG6,15,0.052595913003921156,0.0037992951881298644
T03,2,BG6,16,0.0421739793176907,0.0037563691850435537
T03,2,BG6,17,0.03363024987247959,0.003703024916486227
T03,2,BG6,18,0.02674485375103197,0.003646547413593253
T03,2,BG6,19,0.021215424662752745,0.003582962754003648
T03,2,BG6,20,0.01695076071814015,0.003540701586217106
T03,2,BG6,21,0.013667002278131654,0.0035176148882973663
T03,2,BG6,22,0.0111415899294169,0.003510245334322214
T03,2,BG6,23,0.009358634376866517,0.0035738306029305324
T03,2,BG6,24,0.008090947919653056,0.003695135092057346
T03,2,BG6,25,0.03266666020252342,0.017543860752446863
T03,2,BG6,26,0.04153554844011588,0.025719055670653666
T03,2,BG6,27,0.0458727305939549,0.032049935785766835
T03,2,BG6,28,0.048089327088924466,0.03708327896938027
T03,2,BG6,29,0.04953872475799492,0.04128305634407834
T03,2,BG6,30,0.050346248327967566,0.04449122356217538
T03,2,BG6,31,0.05104344764456093,0.047073815549157856
T03,2,BG6,32,0.051652948257600445,0.0490798147612373
T03,2,BG6,33,0.052043660445002,0.05045507820726768
T03,2,BG6,34,0.0522917240253059,0.05135877388872577
T03,2,BG6,35,0.05242301508695683,0.051903975810047444
T03,2,BG6,36,0.05258812090007376,0.05258812090007376
T03,2,BG7,0,0.0,0.0
T03,2,BG7,1,0.020856631744818197,0.0001208277003101116
T03,2,BG7,2,0.03903099842582756,0.00026416043735582445
T03,2,BG7,3,0.054943119551761864,0.0004358904625816435
T03,2,BG7,4,0.06872688216754616,0.0006413876709821843
T03,2,BG7,5,0.08069080390862121,0.0008890497017561756
T03,2,BG7,6,0.09105672567268748,0.0011889233789589416
T03,2,BG7,7,0.09999939725802856,0.0015533270249810333
T03,2,BG7,8,0.10774431452842731,0.001999014497592837
T03,2,BG7,9,0.11424423592631927,0.002542068194219191
T03,2,BG7,10,0.11976108316852506,0.0032092894448324956
T03,2,BG7,11,0.12456377483426664,0.004036959358146918
T03,2,BG7,12,0.1284457810070189,0.005055703069194316
T03,2,BG7,13,0.0898694598627244,0.004313949585325063
T03,2,BG7,14,0.07256147539890366,0.004264868705816654
T03,2,BG7,15,0.05822113064180248,0.004205635928870719
T03,2,BG7,16,0.04646910196291633,0.004138928921303739
T03,2,BG7,17,0.036820194633476085,0.004054269551952521
T03,2,BG7,18,0.028949184791789956,0.003947098608595361
T03,2,BG7,19,0.022629815644972122,0.003821831886504616
T03,2,BG7,20,0.01760529701901064,0.003677422162394267
T03,2,BG7,21,0.013645740761010442,0.003512142595799472
T03,2,BG7,22,0.010558032834798501,0.003326391093762173
T03,2,BG7,23,0.008265236267173102,0.0031562889555048885
T03,2,BG7,24,0.0064692329718215565,0.0029544980305460356
T03,2,BG7,25,0.033874015724071276,0.018192279609445354
T03,2,BG7,26,0.04367701006325682,0.027045061278398376
T03,2,BG7,27,0.04908630585170579,0.03429516679374041
T03,2,BG7,28,0.05205574593509057,0.040141916363431035
T03,2,BG7,29,0.053638547002532073,0.044699640035414365
T03,2,BG7,30,0.0545014105970061,0.04816316056442701
T03,2,BG7,31,0.055110400864680956,0.05082448313275528
T03,2,BG7,32,0.055665820502878875,0.052892782482217744
T03,2,BG7,33,0.056027589241567075,0.05431740154483695
T03,2,BG7,34,0.056236896113070624,0.05523355916351126
T03,2,BG7,35,0.056339798430266576,0.05578197915576778
T03,2,BG7,36,0.05647427935433995,0.05647427935433995
T03,2,BG8,0,0.0,0.0
T03,2,BG8,1,0.029933258916283196,0.00017341087887882958
T03,2,BG8,2,0.055985252749074906,0.00037890623911333247
T03,2,BG8,3,0.07865498704800808,0.0006240082283653341
T03,2,BG8,4,0.09815849992687715,0.0009160556926487867
T03,2,BG8,5,0.11553769718835809,0.0012729920887904248
T03,2,BG8,6,0.13008528865001956,0.0016985174921276143
T03,2,BG8,7,0.1426343948641282,0.002215591956622075
T03,2,BG8,8,0.15356760999173014,0.002849188651881567
T03,2,BG8,9,0.1631226221168204,0.0036296696012483964
T03,2,BG8,10,0.17177702228640604,0.004603183027305592
T03,2,BG8,11,0.17947078313895198,0.005816428238557753
T03,2,BG8,12,0.1856393083269463,0.007306874633633564
T03,2,BG8,13,0.13046049017295688,0.006262416384021438
T03,2,BG8,14,0.10585797528072424,0.006221901702090312
T03,2,BG8,15,0.08561218155128646,0.006184243817203427
T03,2,BG8,16,0.06901708277872969,0.006147241668684095
T03,2,BG8,17,0.05535723628581077,0.006095382162443199
T03,2,BG8,18,0.04444990931114175,0.00606055668084505
T03,2,BG8,19,0.03574692490187483,0.006037112265885478
T03,2,BG8,20,0.02906465773656335,0.006071071457802489
T03,2,BG8,21,0.023703164747485503,0.006100723751837371
T03,2,BG8,22,0.019960211989372537,0.006288621426580175
T03,2,BG8,23,0.017403491716835483,0.006645962311783894
T03,2,BG8,24,0.015706433688061773,0.007173126660049887
T03,2,BG8,25,0.027954893723895223,0.015013373289965343
T03,2,BG8,26,0.03224132634547937,0.01996401869228018
T03,2,BG8,27,0.03463111661338336,0.024195748701860774
T03,2,BG8,28,0.035972254116558966,0.02773940102173187
T03,2,BG8,29,0.036896727138411384,0.030747857850854394
T03,2,BG8,30,0.037672149608018575,0.03329106107737323
T03,2,BG8,31,0.03830047671514791,0.03532186130013538
T03,2,BG8,32,0.03879341187038592,0.03686088663221603
T03,2,BG8,33,0.03912107916984968,0.037926946146881406
T03,2,BG8,34,0.039307538647759585,0.038606242777132566
T03,2,BG8,35,0.039404883901986106,0.03901473690146082
T03,2,BG8,36,0.03952672808282211,0.03952672808282211
T03,2,BG9,0,0.0,0.0
T03,2,BG9,1,0.009872618350308712,5.719455491992352e-05
T03,2,BG9,2,0.018439799790887546,0.00012479992264427653
T03,2,BG9,3,0.02592759227438472,0.0002056961868619601
T03,2,BG9,4,0.03241551727442321,0.00030251500509149477
T03,2,BG9,5,0.0381354714352006,0.00042017587891552565
T03,2,BG9,6,0.04305536195003933,0.0005621718347620092
T03,2,BG9,7,0.04733761591987176,0.0007353124117452038
T03,2,BG9,8,0.050831311829598734,0.0009430894776365257
T03,2,BG9,9,0.05403174130239649,0.0012022695949113556
T03,2,BG9,10,0.05664472250762578,0.0015179330818392896
T03,2,BG9,11,0.058948992706135725,0.0019104646437732742
T03,2,BG9,12,0.0607239072419997,0.002390129449591844
T03,2,BG9,13,0.04289459000021846,0.002059043184276593
T03,2,BG9,14,0.03485211926741012,0.0020484659665325785
T03,2,BG9,15,0.02826759543499947,0.0020419255626802574
T03,2,BG9,16,0.022957294346324326,0.002044769655247475
T03,2,BG9,17,0.018602358020456896,0.0020483045865754873
T03,2,BG9,18,0.01518552675946665,0.0020704821908987276
T03,2,BG9,19,0.012344630611572496,0.0020848204716160355
T03,2,BG9,20,0.010438672661176025,0.0021804463827801374
T03,2,BG9,21,0.008704968844190258,0.00224048605624082
T03,2,BG9,22,0.00755621123031324,0.0023806436466726577
T03,2,BG9,23,0.006776098854334516,0.002587624278740733
T03,2,BG9,24,0.006252686562593214,0.0028556013132838517
T03,2,BG9,25,0.017677761617447316,0.009493966845238282
T03,2,BG9,26,0.022536149419596013,0.013954516124746475
T03,2,BG9,27,0.025288504258725284,0.017668338590629187
T03,2,BG9,28,0.026879157172276995,0.02072741170975907
T03,2,BG9,29,0.027772353432435042,0.023144068405260277
T03,2,BG9,30,0.028280199934537623,0.02499134966864508
T03,2,BG9,31,0.028529158423519965,0.02631045511374535
T03,2,BG9,32,0.028803749687142822,0.02736886752941256
T03,2,BG9,33,0.028975046294456294,0.028090611105458674
T03,2,BG9,34,0.02906636139070075,0.02854778100022649
T03,2,BG9,35,0.029120244320847838,0.028831925295565514
T03,2,BG9,36,0.029187297282876952,0.029187297282876952
T03,2,BG10,0,0.0,0.0
T03,2,BG10,1,0.027432279393413538,0.0001589220768171982
T03,2,BG10,2,0.05138466426268722,0.0003477696166811759
T03,2,BG10,3,0.07194462381827138,0.0005707716576806075
T03,2,BG10,4,0.09021622247778623,0.0008419350769237983
T03,2,BG10,5,0.10587083714666982,0.0011664828151694505
T03,2,BG10,6,0.11898661215707168,0.001553602595715076
T03,2,BG10,7,0.1303367739791772,0.0020245685351745865
T03,2,BG10,8,0.13993774101634504,0.0025963093656281005
T03,2,BG10,9,0.14817881442760697,0.0032971523609056546
T03,2,BG10,10,0.15508729660663273,0.004155941237015386
T03,2,BG10,11,0.16149228529023393,0.005233767151804862
T03,2,BG10,12,0.16617017125549494,0.0065405577243942935
T03,2,BG10,13,0.11704849060735147,0.005618608235876628
T03,2,BG10,14,0.09498801409426334,0.005583009534196055
T03,2,BG10,15,0.07675989016661718,0.0055447935846602864
T03,2,BG10,16,0.061880785668546726,0.005511623058566273
T03,2,BG10,17,0.049664902560590404,0.005468599615386915
T03,2,BG10,18,0.03991199900989889,0.005441831851828743
T03,2,BG10,19,0.032145157082530164,0.005428828429468599
T03,2,BG10,20,0.026198579433954067,0.005472400517718536
T03,2,BG10,21,0.02147302235243354,0.005526729391055467
T03,2,BG10,22,0.01818152692110939,0.005728232738238475
T03,2,BG10,23,0.01603227263594907,0.006122327719265478
T03,2,BG10,24,0.014448573183820732,0.006598661889735797
T03,2,BG10,25,0.03301008729790698,0.017728300714417253
T03,2,BG10,26,0.03891520814641464,0.024096525543023373
T03,2,BG10,27,0.04180153166046848,0.02920550810239713
T03,2,BG10,28,0.04324204263722154,0.0333453767405928
T03,2,BG10,29,0.043949108908693565,0.03662495450957355
T03,2,BG10,30,0.044367365205527434,0.03920765557013347
T03,2,BG10,31,0.044609107903654174,0.04113987229091588
T03,2,BG10,32,0.04492374408015301,0.04268583134134726
T03,2,BG10,33,0.04514934626241314,0.04377120639074655
T03,2,BG10,34,0.04530647396821281,0.044498149549852914
T03,2,BG10,35,0.04539198503870169,0.04494255988924093
T03,2,BG10,36,0.04549474199222381,0.04549474199222381
T03,2,BG11,0,0.0,0.0
T03,2,BG11,1,0.011276122207342346,6.532540490601581e-05
T03,2,BG11,2,0.02119147827139542,0.00014342318651726818
T03,2,BG11,3,0.02971887388489847,0.00023577426611577998
T03,2,BG11,4,0.03714467963206978,0.00034664950321298407
T03,2,BG11,5,0.04346612611590059,0.0004789089292150813
T03,2,BG11,6,0.0488704765114445,0.0006380995113969449
T03,2,BG11,7,0.05366599587569624,0.0008336134413415051
T03,2,BG11,8,0.05765970915165877,0.0010697789007687094
T03,2,BG11,9,0.0610482244151201,0.001358394569939475
T03,2,BG11,10,0.06398440832264018,0.001714617814538865
T03,2,BG11,11,0.06656822264832156,0.0021573945516220674
T03,2,BG11,12,0.06864327058784625,0.0027018403446394715
T03,2,BG11,13,0.04836572359117928,0.0023216707149614478
T03,2,BG11,14,0.03916143351458689,0.002301749949139751
T03,2,BG11,15,0.031656589477431274,0.002286731441948181
T03,2,BG11,16,0.02552838778057087,0.002273772849575893
T03,2,BG11,17,0.02060265632210726,0.002268557320125846
T03,2,BG11,18,0.016514084043095408,0.002251625344506799
T03,2,BG11,19,0.013362207693005768,0.0022566737698336485
T03,2,BG11,20,0.01103290239165895,0.0023045700237625667
T03,2,BG11,21,0.009032191025202708,0.0023247065459266014
T03,2,BG11,22,0.007762984250459928,0.002445789104812437
T03,2,BG11,23,0.006881301160860191,0.002627798425799934
T03,2,BG11,24,0.006274199484958255,0.0028654262607161578
T03,2,BG11,25,0.02154625730025632,0.011571569787246829
T03,2,BG11,26,0.02715168444116883,0.016812482519878748
T03,2,BG11,27,0.030306751576473317,0.021174441333894307
T03,2,BG11,28,0.03215952154430266,0.024799276216919002
T03,2,BG11,29,0.033342337269927115,0.027785809972131665
T03,2,BG11,30,0.034031383428272284,0.030073698383127533
T03,2,BG11,31,0.034442142015273354,0.03176358797306223
T03,2,BG11,32,0.03481502116468081,0.03308068268849716
T03,2,BG11,33,0.03507141840276287,0.034000897435193723
T03,2,BG11,34,0.03524178802995621,0.0346130301841877
T03,2,BG11,35,0.03532891359944619,0.03497912270458087
T03,2,BG11,36,0.03544193940918223,0.03544193940918223
T03,2,BG12,0,0.0,0.0
T03,2,BG12,1,0.009910464320054381,5.7413806344055004e-05
T03,2,BG12,2,0.01854704187003862,0.00012552573289434615
T03,2,BG12,3,0.026092747162414397,0.00020700644053807298
T03,2,BG12,4,0.032653539580037236,0.0003047363281829934
T03,2,BG12,5,0.03830442329435296,0.0004220373863156137
T03,2,BG12,6,0.043199884913990155,0.0005640588643282428
T03,2,BG12,7,0.04743692528491837,0.0007368550202563161
T03,2,BG12,8,0.0510665438448401,0.000947453811443601
T03,2,BG12,9,0.05413787604625751,0.0012046312175757168
T03,2,BG12,10,0.05669067699572739,0.0015191645440382079
T03,2,BG12,11,0.05884041459001209,0.0019069457600438754
T03,2,BG12,12,0.060681131111907746,0.0023884457563580954
T03,2,BG12,13,0.04251145144987033,0.0020406516129174166
T03,2,BG12,14,0.03436124895424062,0.0020196146043477076
T03,2,BG12,15,0.027669486921516235,0.0019987208587176836
T03,2,BG12,16,0.022144633963449987,0.001972387285231884
T03,2,BG12,17,0.0176509563438121,0.001943545811112413
T03,2,BG12,18,0.013984123707675405,0.001906675977029423
T03,2,BG12,19,0.011050997679752235,0.001866345534425637
T03,2,BG12,20,0.008793896666288704,0.0018368829823045866
T03,2,BG12,21,0.007033949021372146,0.0018103987499539552
T03,2,BG12,22,0.0057142707953271995,0.0018003258548397547
T03,2,BG12,23,0.004814862138583278,0.0018386765625457457
T03,2,BG12,24,0.004051982737496407,0.0018505400999505857
T03,2,BG12,25,0.02039446639300701,0.010952992336216305
T03,2,BG12,26,0.026024926085538008,0.016114787165178935
T03,2,BG12,27,0.029878610113076964,0.020875311392078842
T03,2,BG12,28,0.032322330089590574,0.02492482331071979
T03,2,BG12,29,0.033863045770092644,0.028219741907373308
T03,2,BG12,30,0.03484305286703147,0.03079097462017458
T03,2,BG12,31,0.035613118536322465,0.03284349802332622
T03,2,BG12,32,0.03624763088127017,0.034441925657448975
T03,2,BG12,33,0.03667904323704668,0.03555945113682113
T03,2,BG12,34,0.03692577574797808,0.036266973414391
T03,2,BG12,35,0.03705251677423263,0.036685660434996305
T03,2,BG12,36,0.03721343427605931,0.03721343427605931
T03,2,BG13,0,0.0,0.0
T03,2,BG13,1,0.009087022948403623,5.2643403758262986e-05
T03,2,BG13,2,0.017022961073273928,0.00011521080751417677
T03,2,BG13,3,0.0238776861437701,0.00018943328561746745
T03,2,BG13,4,0.029889902931815662,0.0002789449280021273
T03,2,BG13,5,0.03507200955427464,0.0003864227157193983
T03,2,BG13,6,0.0395606676271398,0.0005165417747175828
T03,2,BG13,7,0.043416583446548224,0.0006744055919669489
T03,2,BG13,8,0.046771474694476296,0.0008677660291222135
T03,2,BG13,9,0.04958041519017651,0.0011032223690914421
T03,2,BG13,10,0.051927395694271926,0.0013915208397467576
T03,2,BG13,11,0.05386010128680986,0.001745539908302964
T03,2,BG13,12,0.05548787750951547,0.0021840361762519565
T03,2,BG13,13,0.03885883825090347,0.0018653174189963695
T03,2,BG13,14,0.031401653052345935,0.0018456615828263336
T03,2,BG13,15,0.025254854584450405,0.0018242985411499608
T03,2,BG13,16,0.020199402380117464,0.001799128608393796
T03,2,BG13,17,0.01609231752194149,0.0017719241748197787
T03,2,BG13,18,0.012732328460977691,0.001735999004256846
T03,2,BG13,19,0.01011360203622856,0.0017080336600600267
T03,2,BG13,20,0.008011097644014654,0.0016733706898762008
T03,2,BG13,21,0.00638531891594066,0.0016434542451833245
T03,2,BG13,22,0.005182055118033421,0.0016326471322756179
T03,2,BG13,23,0.004295304289936764,0.0016402702894102378
T03,2,BG13,24,0.003674770616071347,0.0016782673614632896
T03,2,BG13,25,0.021370775615533306,0.01147732611302747
T03,2,BG13,26,0.0265456193679121,0.016437203444504826
T03,2,BG13,27,0.029524283475018696,0.02062775366480146
T03,2,BG13,28,0.0318135186536655,0.02453246195476566
T03,2,BG13,29,0.03335282223546167,0.027794547580284712
T03,2,BG13,30,0.034453157851225484,0.03044642246990885
T03,2,BG13,31,0.035220413741047604,0.03248133379839128
T03,2,BG13,32,0.035870359346566766,0.03408344834706691
T03,2,BG13,33,0.03632584673553903,0.035217035533631195
T03,2,BG13,34,0.03658029182586116,0.03592765344369336
T03,2,BG13,35,0.036716296467176064,0.03635276912289819
T03,2,BG13,36,0.03688060306803686,0.03688060306803686
T03,2,BG14,0,0.0,0.0
T03,2,BG14,1,0.010988031685152264,6.365642433400312e-05
T03,2,BG14,2,0.020513770813599397,0.00013883648589890933
T03,2,BG14,3,0.02870511910414028,0.0002277316564484736
T03,2,BG14,4,0.035666754414951894,0.00033285689370360133
T03,2,BG14,5,0.04194269542315412,0.0004621237982721573
T03,2,BG14,6,0.04720607374844324,0.0006163674827208911
T03,2,BG14,7,0.05198946009782609,0.0008075712015718714
T03,2,BG14,8,0.055676677366718726,0.001032987081297987
T03,2,BG14,9,0.0591365210608729,0.0013158569277297947
T03,2,BG14,10,0.06178559837409343,0.0016556953542862648
T03,2,BG14,11,0.06435432234745384,0.002085644754601648
T03,2,BG14,12,0.066301589293092,0.0026096703649112363
T03,2,BG14,13,0.04682342659038023,0.0022476367588475862
T03,2,BG14,14,0.03812509915623976,0.002240838430619332
T03,2,BG14,15,0.030934260353534658,0.002234553592914318
T03,2,BG14,16,0.024958770757589448,0.002223037969336173
T03,2,BG14,17,0.020223692223484857,0.0022268296115503937
T03,2,BG14,18,0.016257493122823378,0.002216640256242391
T03,2,BG14,19,0.01332081348172228,0.0022496829198941424
T03,2,BG14,20,0.011109911311993128,0.002320655769245779
T03,2,BG14,21,0.009271558336206976,0.0023863149378739474
T03,2,BG14,22,0.008091572655328548,0.0025493134638609875
T03,2,BG14,23,0.0073752676565655055,0.002816431994184518
T03,2,BG14,24,0.006719457384755002,0.0030687755024810972
T03,2,BG14,25,0.018701408258270543,0.010043723507358743
T03,2,BG14,26,0.02353477780356496,0.014572872685346603
T03,2,BG14,27,0.026674950843424867,0.018637008323542485
T03,2,BG14,28,0.028697806192943202,0.022129832448010218
T03,2,BG14,29,0.02991187254328688,0.02492703494363874
T03,2,BG14,30,0.030680232873912097,0.027112270363855346
T03,2,BG14,31,0.031102341199529877,0.028683522390655733
T03,2,BG14,32,0.03143868774620339,0.029872543963479267
T03,2,BG14,33,0.03167105470656775,0.03070432647518656
T03,2,BG14,34,0.03180417977418179,0.031236753332450122
T03,2,BG14,35,0.03187142675554406,0.03155586829367536
T03,2,BG14,36,0.031961733532712026,0.031961733532712026
T03,2,BG15,0,0.0,0.0
T03,2,BG15,1,0.006147543570873218,3.5614262222031654e-05
T03,2,BG15,2,0.011418557289623476,7.728039773465168e-05
T03,2,BG15,3,0.016001288827042808,0.00012694599901127897
T03,2,BG15,4,0.01997301455203771,0.0001863964268904036
T03,2,BG15,5,0.023426684346750125,0.00025811475010518265
T03,2,BG15,6,0.026364477537965388,0.00034423974234037703
T03,2,BG15,7,0.02894257065909637,0.0004495754818277152
T03,2,BG15,8,0.031150459424724667,0.0005779443701908399
T03,2,BG15,9,0.033089455158478324,0.0007362791748107258
T03,2,BG15,10,0.034607959409500455,0.000927404430303582
T03,2,BG15,11,0.03597219459237759,0.0011658147655602038
T03,2,BG15,12,0.037035885040900024,0.0014577546752980776
T03,2,BG15,13,0.026036217954848905,0.0012498009005851062
T03,2,BG15,14,0.021096510077428604,0.0012399671470261489
T03,2,BG15,15,0.017086926609098118,0.0012342836985196448
T03,2,BG15,16,0.013777938108702785,0.0012271790087484038
T03,2,BG15,17,0.011052138680593253,0.0012169503639917658
T03,2,BG15,18,0.008829008684778912,0.0012037979009960349
T03,2,BG15,19,0.007147533799732259,0.0012071098180758252
T03,2,BG15,20,0.005823411361574689,0.0012164033369753851
T03,2,BG15,21,0.00473909586831684,0.0012197491339984256
T03,2,BG15,22,0.004081416271877536,0.0012858822245673742
T03,2,BG15,23,0.0036002270253428195,0.0013748375060692781
T03,2,BG15,24,0.003123302021613366,0.0014264117122545113
T03,2,BG15,25,0.015928836563943734,0.008554694273393578
T03,2,BG15,26,0.021070910129680518,0.013047231358908968
T03,2,BG15,27,0.023828313976587714,0.01664814633827322
T03,2,BG15,28,0.025661876634817185,0.01978872620722641
T03,2,BG15,29,0.026788002767591277,0.022323760542087907
T03,2,BG15,30,0.02748098967954407,0.02428508372850217
T03,2,BG15,31,0.02795971378002438,0.025785296117032237
T03,2,BG15,32,0.02832811592295636,0.02691692790230411
T03,2,BG15,33,0.02856548081679463,0.02769354724836328
T03,2,BG15,34,0.02870271099950901,0.028190618558221907
T03,2,BG15,35,0.028766359985889205,0.028481544862390656
T03,2,BG15,36,0.02885381804910909,0.02885381804910909
T04,0,BG1,0,0.0,0.0
T04,0,BG1,1,0.0019630357008007865,1.1372358260920683e-05
T04,0,BG1,2,0.0036505059225330257,2.4706496821313402e-05
T04,0,BG1,3,0.004965755320109754,3.939574955484622e-05
T04,0,BG1,4,0.0061824736311699895,5.769739939030501e-05
T04,0,BG1,5,0.007230263189572782,7.966289855420791e-05
T04,0,BG1,6,0.0080703514889858,0.00010537419949295061
T04,0,BG1,7,0.008828091715199621,0.00013712996083654503
T04,0,BG1,8,0.00942467278128233,0.0001748589483118176
T04,0,BG1,9,0.009901079364076975,0.00022031062466614713
T04,0,BG1,10,0.010343948203001788,0.000277191244764328
T04,0,BG1,11,0.010788753591920894,0.00034965028806286513
T04,0,BG1,12,0.011106477693591516,0.00043715762949956405
T04,0,BG1,13,0.007881250900470012,0.0003783189425315912
T04,0,BG1,14,0.006493306319023319,0.0003816501631108852
T04,0,BG1,15,0.005344304681506525,0.0003860488370854273
T04,0,BG1,16,0.004442401593988643,0.0003956776367077122
T04,0,BG1,17,0.003830271434314959,0.00042175097096752067
T04,0,BG1,18,0.0032526033191000504,0.0004434786717391873
T04,0,BG1,19,0.00288694409582496,0.00048756097635945715
T04,0,BG1,20,0.002652554778347273,0.0005540698185954934
T04,0,BG1,21,0.0025058816480202297,0.0006449641569086771
T04,0,BG1,22,0.002421712659633051,0.0007629795773803726
T04,0,BG1,23,0.0022947901441734697,0.0008763235017747164
T04,0,BG1,24,0.0021925156511431267,0.0010013216727648444
T04,0,BG1,25,0.005532933627807363,0.0029715011120800008
T04,0,BG1,26,0.007071141619572211,0.0043784924364544614
T04,0,BG1,27,0.008079867118789698,0.005645166920972154
T04,0,BG1,28,0.008727931060777702,0.00673039780875741
T04,0,BG1,29,0.00909440803402615,0.007578817625854352
T04,0,BG1,30,0.009320229267202822,0.008236331765337964
T04,0,BG1,31,0.009411143133858347,0.008679241647510537
T04,0,BG1,32,0.009429979108640133,0.008960217059302103
T04,0,BG1,33,0.009429830933727642,0.009141994496810144
T04,0,BG1,34,0.009429226554402186,0.009260997264948147
T04,0,BG1,35,0.009423221530482181,0.009329922395567057
T04,0,BG1,36,0.009433919504557072,0.009433919504557072
T04,0,BG2,0,0.0,0.0
T04,0,BG2,1,0.0021141677637687285,1.2247904216054894e-05
T04,0,BG2,2,0.003873779452390908,2.6217604328649358e-05
T04,0,BG2,3,0.005353285914480265,4.247021815639185e-05
T04,0,BG2,4,0.006697795722190585,6.25065979713172e-05
T04,0,BG2,5,0.007883279475683269,8.685781910142925e-05
T04,0,BG2,6,0.008829618536058124,0.00011528791391473985
T04,0,BG2,7,0.009671642496329118,0.00015023314209909564
T04,0,BG2,8,0.010331487876277688,0.0001916833765294037
T04,0,BG2,9,0.010852343469465824,0.00024147736655195758
T04,0,BG2,10,0.01140422788994632,0.0003056040183058917
T04,0,BG2,11,0.011837039399078481,0.0003836239474832369
T04,0,BG2,12,0.012188969888125465,0.0004797651739178413
T04,0,BG2,13,0.008671062990935077,0.0004162318172908453
T04,0,BG2,14,0.007080154620278074,0.0004161427222221681
T04,0,BG2,15,0.005900065230593283,0.00042619451087295583
T04,0,BG2,16,0.004926900386367817,0.0004388311718530459
T04,0,BG2,17,0.004189326438268237,0.00046128649647524025
T04,0,BG2,18,0.0035632022343550346,0.0004858275175949184
T04,0,BG2,19,0.0032130693496933834,0.0005426385740531446
T04,0,BG2,20,0.002982141607665617,0.0006229144344135264
T04,0,BG2,21,0.0028405800220166794,0.0007311088698524268
T04,0,BG2,22,0.002689144373093641,0.0008472360375568542
T04,0,BG2,23,0.0025790353637732033,0.0009848697095099826
T04,0,BG2,24,0.0025288358297095685,0.0011549190641634175
T04,0,BG2,25,0.005914970960634971,0.003176676962135154
T04,0,BG2,26,0.007433523001737327,0.00460288111298132
T04,0,BG2,27,0.008334582506195405,0.00582312912976544
T04,0,BG2,28,0.008888182007011953,0.006853972649804938
T04,0,BG2,29,0.009283688441514896,0.007736554307428643
T04,0,BG2,30,0.009475493084356707,0.008373539146324327
T04,0,BG2,31,0.009572928876969585,0.00882844532186662
T04,0,BG2,32,0.009624174553081788,0.009144738484635727
T04,0,BG2,33,0.009657235891222424,0.009362458133406455
T04,0,BG2,34,0.0096698708353012,0.009497348185383479
T04,0,BG2,35,0.009667983794214841,0.009572261246698504
T04,0,BG2,36,0.009682046741821883,0.009682046741821883
T04,0,BG3,0,0.0,0.0
T04,0,BG3,1,0.002279130881909691,1.320357692783064e-05
T04,0,BG3,2,0.00426509777231924,2.886603308922116e-05
T04,0,BG3,3,0.005845821055182664,4.637773865400773e-05
T04,0,BG3,4,0.007337369743037988,6.847536715312507e-05
T04,0,BG3,5,0.008599285313299449,9.474675762126273e-05
T04,0,BG3,6,0.00960530825041015,0.0001254160575301613
T04,0,BG3,7,0.010567729476278837,0.00016415238735389729
T04,0,BG3,8,0.011282652695240595,0.00020933063938331675
T04,0,BG3,9,0.011903599316768048,0.00026486904135460755
T04,0,BG3,10,0.01237405295009992,0.0003315928386759255
T04,0,BG3,11,0.012903984237810423,0.0004182023221824762
T04,0,BG3,12,0.013283097074060215,0.0005228306774302699
T04,0,BG3,13,0.00940709348200701,0.0004515630461897257
T04,0,BG3,14,0.007754929770411252,0.0004558032638485521
T04,0,BG3,15,0.00644377786191095,0.0004654698973617618
T04,0,BG3,16,0.00533898946388779,0.0004755352900012848
T04,0,BG3,17,0.004483961161624862,0.0004937287094487473
T04,0,BG3,18,0.003726299949658075,0.0005080651989830291
T04,0,BG3,19,0.0032376569555536082,0.0005467910474127872
T04,0,BG3,20,0.002916623617541515,0.0006092289336053318
T04,0,BG3,21,0.0026947245120328965,0.0006935685587747201
T04,0,BG3,22,0.0025832669476867913,0.0008138785229988191
T04,0,BG3,23,0.002499320935797361,0.0009544287441061448
T04,0,BG3,24,0.0024084567503053367,0.0010999419513332337
T04,0,BG3,25,0.005317613114298214,0.0028558617164081666
T04,0,BG3,26,0.006536309409831743,0.004047321195633994
T04,0,BG3,27,0.007312361505270858,0.005108933202687989
T04,0,BG3,28,0.0077684103429234595,0.005990479486694036
T04,0,BG3,29,0.00805379271850531,0.006711621673160063
T04,0,BG3,30,0.008205756610573755,0.007251466858120416
T04,0,BG3,31,0.008277296357627958,0.0076335737663184
T04,0,BG3,32,0.00830567042439777,0.007891916722864092
T04,0,BG3,33,0.00831430991760526,0.008060523674424861
T04,0,BG3,34,0.008324025777173994,0.008175514715334703
T04,0,BG3,35,0.008312761727774199,0.008230457227832236
T04,0,BG3,36,0.008322255499857947,0.008322255499857947
T04,0,BG4,0,0.0,0.0
T04,0,BG4,1,0.002539834657053502,1.4713899360538648e-05
T04,0,BG4,2,0.004718433381076331,3.193419266708306e-05
T04,0,BG4,3,0.0064520746843189794,5.1187443297793794e-05
T04,0,BG4,4,0.008024175136430698,7.488491906925138e-05
T04,0,BG4,5,0.009478159364879358,0.00010443017445097434
T04,0,BG4,6,0.010622934608115498,0.00013870315687978618
T04,0,BG4,7,0.011674210976127555,0.00018133976693329414
T04,0,BG4,8,0.012564972099452535,0.0002331219188569883
T04,0,BG4,9,0.013379554946520674,0.000297710784710015
T04,0,BG4,10,0.014066793146282883,0.0003769539289566218
T04,0,BG4,11,0.014608548114182239,0.00047344515048912194
T04,0,BG4,12,0.015128794818216029,0.0005954784473961662
T04,0,BG4,13,0.010706589119835649,0.0005139419522666127
T04,0,BG4,14,0.00876773427482679,0.0005153317988870272
T04,0,BG4,15,0.0072176623292039875,0.0005213718738228671
T04,0,BG4,16,0.005939463159961202,0.0005290185260462075
T04,0,BG4,17,0.004906125316953071,0.0005402131804779973
T04,0,BG4,18,0.00411461660566438,0.0005610105284646151
T04,0,BG4,19,0.0034887244046531676,0.0005891925237347814
T04,0,BG4,20,0.003112687389445165,0.0006501830427340261
T04,0,BG4,21,0.002816761058826283,0.0007249783415744529
T04,0,BG4,22,0.0025564658393249736,0.0008054346236452107
T04,0,BG4,23,0.0024605012181775905,0.0009396044549442691
T04,0,BG4,24,0.0023057366014707786,0.001053029669885577
T04,0,BG4,25,0.005775266990390088,0.003101647962034353
T04,0,BG4,26,0.007199823956475685,0.004458173284014503
T04,0,BG4,27,0.007876680357981494,0.005503206274964501
T04,0,BG4,28,0.008238579067692415,0.006353042206889941
T04,0,BG4,29,0.008468032356995267,0.007056827962235387
T04,0,BG4,30,0.008581364887896778,0.007583393733299466
T04,0,BG4,31,0.008594941109407022,0.007926515362734216
T04,0,BG4,32,0.008596704510489526,0.008168452713719155
T04,0,BG4,33,0.008581923742092832,0.008319968835424752
T04,0,BG4,34,0.008579336435182118,0.008426270274150854
T04,0,BG4,35,0.008563302674408595,0.008478517574436996
T04,0,BG4,36,0.008564614843667087,0.008564614843667087
T04,0,BG5,0,0.0,0.0
T04,0,BG5,1,0.008631940543779568,5.000699722523737e-05
T04,0,BG5,2,0.016204502825353757,0.00010967151030555809
T04,0,BG5,3,0.022737464180342164,0.00018038735107263183
T04,0,BG5,4,0.028432052838948466,0.000265339668644756
T04,0,BG5,5,0.03338556797947276,0.0003678415352574216
T04,0,BG5,6,0.0377322135963297,0.0004926677383842615
T04,0,BG5,7,0.04143254503178818,0.0006435867990411018
T04,0,BG5,8,0.04453912565810167,0.0008263485463903825
T04,0,BG5,9,0.047186167778137715,0.0010499475552212688
T04,0,BG5,10,0.04948653249867611,0.0013261119760668153
T04,0,BG5,11,0.05145200674953345,0.001667496513690157
T04,0,BG5,12,0.0531092179189043,0.002090410704544281
T04,0,BG5,13,0.03715846446953513,0.001783695400869053
T04,0,BG5,14,0.03006990200762313,0.001767386673265909
T04,0,BG5,15,0.02426395958449994,0.001752720687451057
T04,0,BG5,16,0.019466429070094965,0.001733843843659188
T04,0,BG5,17,0.015591363610530283,0.0017167641638907662
T04,0,BG5,18,0.01234945131816781,0.001683795330069377
T04,0,BG5,19,0.009811759372803302,0.0016570570197899197
T04,0,BG5,20,0.007951396940842933,0.0016609003127456344
T04,0,BG5,21,0.006500182986040342,0.0016730179759733804
T04,0,BG5,22,0.005417845056961336,0.0017069346043937206
T04,0,BG5,23,0.004649453246402934,0.0017755110015914284
T04,0,BG5,24,0.004142039631518313,0.0018916690757602621
T04,0,BG5,25,0.00931368595387201,0.00500198086852729
T04,0,BG5,26,0.01156517447084518,0.0071612240124509004
T04,0,BG5,27,0.013139813434244052,0.009180403510027043
T04,0,BG5,28,0.01394390444868354,0.010752608304997989
T04,0,BG5,29,0.014623860366602685,0.012186782264630231
T04,0,BG5,30,0.01503337441983782,0.013285065803346178
T04,0,BG5,31,0.015253427819000721,0.014067173747001898
T04,0,BG5,32,0.015394655028938426,0.014627757783955609
T04,0,BG5,33,0.015454987421168197,0.014983238922915037
T04,0,BG5,34,0.015488744383321797,0.01521240572488594
T04,0,BG5,35,0.015501874300788667,0.01534839052446613
T04,0,BG5,36,0.015532465328015825,0.015532465328015825
T04,0,BG6,0,0.0,0.0
T04,0,BG6,1,0.007604132109463468,4.4052644979416444e-05
T04,0,BG6,2,0.01424693943428559,9.642278962848209e-05
T04,0,BG6,3,0.020007985294765482,0.00015873306866454322
T04,0,BG6,4,0.025075405971074542,0.00023401405296337481
T04,0,BG6,5,0.029419418177651153,0.0003241425750161749
T04,0,BG6,6,0.03327255659386273,0.00043443820474987324
T04,0,BG6,7,0.036525104182817375,0.0005673577342519521
T04,0,BG6,8,0.039431650933681645,0.0007315879475728365
T04,0,BG6,9,0.041911324760901654,0.0009325761151396568
T04,0,BG6,10,0.04401008070699154,0.0011793571339562062
T04,0,BG6,11,0.04587105175329782,0.0014866246007567917
T04,0,BG6,12,0.04732149687188664,0.0018626025349342012
T04,0,BG6,13,0.0331383968286371,0.0015907225161021436
T04,0,BG6,14,0.026828569493647335,0.001576874313381338
T04,0,BG6,15,0.021686758351035406,0.0015665551201854396
T04,0,BG6,16,0.017467831638434423,0.00155583194654843
T04,0,BG6,17,0.01413887815878052,0.0015568310724012747
T04,0,BG6,18,0.011576348457998497,0.0015783860286645382
T04,0,BG6,19,0.009761470240518858,0.0016485639500791998
T04,0,BG6,20,0.008534231841811726,0.0017826437845127596
T04,0,BG6,21,0.007766276540207225,0.0019988853029073036
T04,0,BG6,22,0.007577341020171187,0.0023873007526714544
T04,0,BG6,23,0.007547160962164533,0.0028820737868214337
T04,0,BG6,24,0.0076787018528931324,0.003506862345022285
T04,0,BG6,25,0.012396067992216332,0.006657395943281568
T04,0,BG6,26,0.014203844853816549,0.008795104178748554
T04,0,BG6,27,0.014845561993302203,0.01037216011697052
T04,0,BG6,28,0.01522140692902611,0.011737732961177286
T04,0,BG6,29,0.015466210000450991,0.012888753658878135
T04,0,BG6,30,0.015691891014038433,0.013867000100023898
T04,0,BG6,31,0.01584193843388267,0.01460991610958467
T04,0,BG6,32,0.015954367853686376,0.015159588104670139
T04,0,BG6,33,0.016036557310708775,0.015547056987089082
T04,0,BG6,34,0.016103338878313087,0.01581603506548812
T04,0,BG6,35,0.016129554656741325,0.015969856212838796
T04,0,BG6,36,0.016177252177229588,0.016177252177229588
T04,0,BG7,0,0.0,0.0
T04,0,BG7,1,0.01279049078733344,7.409852180226391e-05
T04,0,BG7,2,0.023979410431992774,0.00016229181399875955
T04,0,BG7,3,0.03372233145860138,0.0002675356395985924
T04,0,BG7,4,0.0422159187561279,0.0003939764026205748
T04,0,BG7,5,0.04946966835720551,0.0005450558396748722
T04,0,BG7,6,0.05583807821861713,0.0007290751586511979
T04,0,BG7,7,0.061304933745170424,0.0009522718399944697
T04,0,BG7,8,0.06594761847793076,0.0012235471155747173
T04,0,BG7,9,0.06978293200139367,0.0015527520591103001
T04,0,BG7,10,0.07307001403836437,0.0019580887128479584
T04,0,BG7,11,0.07573542847539547,0.00245449246499982
T04,0,BG7,12,0.07792621708674136,0.003067222692852392
T04,0,BG7,13,0.05464459445499068,0.002623071571904403
T04,0,BG7,14,0.04414963770417927,0.0025949363285670125
T04,0,BG7,15,0.03544726566658964,0.0025605530558510327
T04,0,BG7,16,0.02833553585233237,0.002523801059057955
T04,0,BG7,17,0.022449079346017795,0.002471866854447442
T04,0,BG7,18,0.017698270552293605,0.0024130841540781845
T04,0,BG7,19,0.013928516319686984,0.002352314697690078
T04,0,BG7,20,0.011002407680758731,0.0022982002391806733
T04,0,BG7,21,0.008843152432094447,0.002276051769251643
T04,0,BG7,22,0.007311355422441862,0.0023034999049519112
T04,0,BG7,23,0.006253476716942021,0.0023880478228464016
T04,0,BG7,24,0.005710301846970588,0.002607894268006182
T04,0,BG7,25,0.01181620673114879,0.006345977340100081
T04,0,BG7,26,0.01395872972912096,0.008643327467030434
T04,0,BG7,27,0.015071628444274225,0.010530106173592735
T04,0,BG7,28,0.015621633776007289,0.012046361177569555
T04,0,BG7,29,0.015980766151047023,0.013317558597470597
T04,0,BG7,30,0.016126988438771903,0.014251497814182215
T04,0,BG7,31,0.01624942900929166,0.014985716274878774
T04,0,BG7,32,0.016362589851550646,0.01554747418330218
T04,0,BG7,33,0.016419647720399968,0.015918453901770782
T04,0,BG7,34,0.016464831865021123,0.01617107859517323
T04,0,BG7,35,0.016484384567883033,0.0163211729992651
T04,0,BG7,36,0.016521809174756253,0.016521809174756253
T04,0,BG8,0,0.0,0.0
T04,0,BG8,1,0.012211469238300889,7.07441049472794e-05
T04,0,BG8,2,0.02280158222878866,0.00015432031374725192
T04,0,BG8,3,0.032103258433261235,0.0002546907476180807
T04,0,BG8,4,0.040227656453550184,0.0003754211172774361
T04,0,BG8,5,0.047130365470442026,0.0005192814462345514
T04,0,BG8,6,0.053482553618775255,0.0006983191864592097
T04,0,BG8,7,0.058514826486347545,0.0009089320901532352
T04,0,BG8,8,0.06275457831832364,0.0011643056262926868
T04,0,BG8,9,0.06645149809416565,0.0014786237494611423
T04,0,BG8,10,0.06943128928543911,0.0018605802344081178
T04,0,BG8,11,0.07186430186803587,0.0023290339951318193
T04,0,BG8,12,0.07365435309097451,0.0028990795615333807
T04,0,BG8,13,0.05176438051698638,0.0024848143981273515
T04,0,BG8,14,0.04192944362429914,0.0024644423343817778
T04,0,BG8,15,0.03370629274062752,0.0024347929029232217
T04,0,BG8,16,0.027115910912394407,0.0024151710063932785
T04,0,BG8,17,0.021740533640259144,0.0023938489286185324
T04,0,BG8,18,0.017388840944564245,0.0023708947377796673
T04,0,BG8,19,0.014070209673703626,0.0023762445491495505
T04,0,BG8,20,0.01143132635197685,0.002387793443474476
T04,0,BG8,21,0.009321143207805431,0.002399077096213512
T04,0,BG8,22,0.007696437390530176,0.002424822993878048
T04,0,BG8,23,0.006752576852340482,0.002578641802979162
T04,0,BG8,24,0.005985735974639069,0.0027336850032196724
T04,0,BG8,25,0.009145481561130637,0.004911645531394777
T04,0,BG8,26,0.01113868546150027,0.006897139483002685
T04,0,BG8,27,0.012604133766460702,0.008806139766494754
T04,0,BG8,28,0.013397995091740977,0.010331639446906057
T04,0,BG8,29,0.013936388036412511,0.011613877739925484
T04,0,BG8,30,0.014318611612323355,0.01265342644919431
T04,0,BG8,31,0.01458348232437054,0.01344932972184332
T04,0,BG8,32,0.014719400718630798,0.013986141851336752
T04,0,BG8,33,0.014808144588936862,0.014356140339757325
T04,0,BG8,34,0.014860210549417245,0.014595085722321975
T04,0,BG8,35,0.014892552179936836,0.014745101336763707
T04,0,BG8,36,0.014940777758443734,0.014940777758443734
T04,0,BG9,0,0.0,0.0
T04,0,BG9,1,0.008441161630595159,4.8901766979790786e-05
T04,0,BG9,2,0.015804204682447198,0.00010696230637116006
T04,0,BG9,3,0.02222667830651766,0.0001763350382277938
T04,0,BG9,4,0.02786917363161735,0.0002600866475603163
T04,0,BG9,5,0.032743311603427715,0.0003607651678522558
T04,0,BG9,6,0.03698573207439812,0.00048292096292907596
T04,0,BG9,7,0.040649419647924595,0.0006314222260717516
T04,0,BG9,8,0.04370586668856341,0.0008108888290471728
T04,0,BG9,9,0.04637158051749203,0.0010318220352243017
T04,0,BG9,10,0.04860659746846519,0.0013025319770915643
T04,0,BG9,11,0.050439302259110565,0.0016346760004280533
T04,0,BG9,12,0.052017197352606626,0.0020474281145068086
T04,0,BG9,13,0.036387966943177766,0.0017467096702701238
T04,0,BG9,14,0.029412649775681764,0.0017287560469291029
T04,0,BG9,15,0.023715180274849777,0.0017130793045143687
T04,0,BG9,16,0.018878991682036383,0.0016815217250080367
T04,0,BG9,17,0.015071605156482338,0.0016595335926221002
T04,0,BG9,18,0.01200276101344522,0.00163652557975256
T04,0,BG9,19,0.009694459383790916,0.0016372468319782111
T04,0,BG9,20,0.008001688712368364,0.0016714053335104837
T04,0,BG9,21,0.006916904475000037,0.0017802738083589973
T04,0,BG9,22,0.0064056184879945546,0.0020181403733430334
T04,0,BG9,23,0.006121806011386352,0.002337766049278294
T04,0,BG9,24,0.006178889052621956,0.002821897995882448
T04,0,BG9,25,0.008803019855839268,0.004727724037396892
T04,0,BG9,26,0.010570081707594438,0.006545056685930632
T04,0,BG9,27,0.011790038504826694,0.008237355220710991
T04,0,BG9,28,0.012418437613526108,0.009576270119913891
T04,0,BG9,29,0.012904002067007333,0.010753539712660973
T04,0,BG9,30,0.013247113656447259,0.011706538504385222
T04,0,BG9,31,0.013395422781927476,0.012353665163017587
T04,0,BG9,32,0.013498516951660012,0.012826077404476914
T04,0,BG9,33,0.013554749678613478,0.013141004088535189
T04,0,BG9,34,0.01359586799572218,0.013353300633457339
T04,0,BG9,35,0.013614059397676388,0.013479266849708347
T04,0,BG9,36,0.013644240405374777,0.013644240405374777
T04,0,BG10,0,0.0,0.0
T04,0,BG10,1,0.007471042372842218,4.328162287227719e-05
T04,0,BG10,2,0.013905367197765504,9.411104053876045e-05
T04,0,BG10,3,0.019513359322874912,0.00015480896079768277
T04,0,BG10,4,0.02443745509844513,0.00022806043189155668
T04,0,BG10,5,0.028612443232599517,0.00031525134085395764
T04,0,BG10,6,0.03226831132109397,0.0004213258221809471
T04,0,BG10,7,0.035390519874243215,0.0005497338237411304
T04,0,BG10,8,0.03799490594559027,0.0007049315587344
T04,0,BG10,9,0.04017642693986197,0.0008939726038594685
T04,0,BG10,10,0.0421202179653292,0.0011287136645084194
T04,0,BG10,11,0.04364063387710099,0.0014143394841110734
T04,0,BG10,12,0.0448595470722281,0.0017656987096752279
T04,0,BG10,13,0.031469086880701685,0.0015105916337394623
T04,0,BG10,14,0.025518833022171655,0.0014998933237108198
T04,0,BG10,15,0.020540952518528815,0.0014837871919045182
T04,0,BG10,16,0.01658404853015072,0.0014771147941914065
T04,0,BG10,17,0.013282542461119406,0.0014625399976680767
T04,0,BG10,18,0.010604716760746242,0.0014459081703515546
T04,0,BG10,19,0.008441797839090505,0.001425691340488019
T04,0,BG10,20,0.0068362325215200696,0.0014279630141713765
T04,0,BG10,21,0.005569379104800386,0.0014334475440319868
T04,0,BG10,22,0.004616407767680305,0.001454435492402526
T04,0,BG10,23,0.0039294649381270644,0.001500565306640156
T04,0,BG10,24,0.0034376067012641363,0.0015699546268281154
T04,0,BG10,25,0.007795592040219744,0.0041866778098390844
T04,0,BG10,26,0.009320408989499459,0.005771252002581726
T04,0,BG10,27,0.010400789439872684,0.0072667275068437585
T04,0,BG10,28,0.011098041968437755,0.008558069135142878
T04,0,BG10,29,0.01155086309108979,0.009625902457626536
T04,0,BG10,30,0.011857652547918004,0.010478664998126448
T04,0,BG10,31,0.01207860465241383,0.011139255546226814
T04,0,BG10,32,0.012218057136971938,0.011609404766077386
T04,0,BG10,33,0.01231201085085628,0.01193619870960765
T04,0,BG10,34,0.012363207544611706,0.012142632368998513
T04,0,BG10,35,0.012395649729948414,0.012272920613820891
T04,0,BG10,36,0.012440120946221867,0.012440120946221867
T04,0,BG11,0,0.0,0.0
T04,0,BG11,1,0.006288947827374349,3.643345254082413e-05
T04,0,BG11,2,0.011824065289567679,8.002486197905823e-05
T04,0,BG11,3,0.01652766487165902,0.00013112199588130577
T04,0,BG11,4,0.02068720705870546,0.00019306156714375705
T04,0,BG11,5,0.024268753556563136,0.00026739265270395163
T04,0,BG11,6,0.027368418050551156,0.0003573481466918982
T04,0,BG11,7,0.029965029671966275,0.00046545770902533753
T04,0,BG11,8,0.032170787259004616,0.000596874836937133
T04,0,BG11,9,0.03403895220689211,0.0007574065965214967
T04,0,BG11,10,0.0356542301217621,0.000955441797579096
T04,0,BG11,11,0.03694493014680941,0.0011973399312328779
T04,0,BG11,12,0.037972495821515795,0.0014946202354084
T04,0,BG11,13,0.02662391599209071,0.00127801181034381
T04,0,BG11,14,0.021529334262065138,0.0012654067937558165
T04,0,BG11,15,0.017356321285510692,0.0012537435738476893
T04,0,BG11,16,0.013887915310301048,0.001236974503986023
T04,0,BG11,17,0.011093835512511018,0.0012215416010696715
T04,0,BG11,18,0.008771922789591267,0.0011960144803196127
T04,0,BG11,19,0.007017742197385574,0.0011851899879579291
T04,0,BG11,20,0.005688432044966484,0.0011882086434052946
T04,0,BG11,21,0.004740907976392308,0.001220215533535909
T04,0,BG11,22,0.00415337127023462,0.001308552212885073
T04,0,BG11,23,0.0037506417320056166,0.0014322771531107665
T04,0,BG11,24,0.0035667265929010925,0.0016289236693742635
T04,0,BG11,25,0.008166942975058477,0.004386114471842882
T04,0,BG11,26,0.009161450324880967,0.00567282385408589
T04,0,BG11,27,0.00992062431397663,0.006931250171321848
T04,0,BG11,28,0.010396017419944548,0.008016714625243183
T04,0,BG11,29,0.010704431930858026,0.008920529722212451
T04,0,BG11,30,0.01093421917541782,0.009662622436789389
T04,0,BG11,31,0.011096894100233984,0.010233892289793451
T04,0,BG11,32,0.011195144503015503,0.010637449289913146
T04,0,BG11,33,0.011262852544905862,0.010919064915611771
T04,0,BG11,34,0.011294661592187522,0.011093150627660201
T04,0,BG11,35,0.01131359815138717,0.011201582421793787
T04,0,BG11,36,0.011345936290117245,0.011345936290117245
T04,0,BG12,0,0.0,0.0
T04,0,BG12,1,0.0074365210003483305,4.308163179895605e-05
T04,0,BG12,2,0.013925661755871233,9.424839329625942e-05
T04,0,BG12,3,0.019572327802796753,0.00015527678631039435
T04,0,BG12,4,0.024447750547705552,0.00022815651334121492
T04,0,BG12,5,0.028652621140808163,0.00031569401964430484
T04,0,BG12,6,0.03236299021365238,0.00042256203975585255
T04,0,BG12,7,0.03547501336381213,0.0005510462911825714
T04,0,BG12,8,0.03804073480406327,0.0007057818392059297
T04,0,BG12,9,0.04027450422196231,0.0008961549392092963
T04,0,BG12,10,0.042112163467541555,0.0011284978244825124
T04,0,BG12,11,0.04348448667942049,0.0014092789485472617
T04,0,BG12,12,0.04463493221261562,0.0017568577338506054
T04,0,BG12,13,0.03137065956743974,0.0015058668855164935
T04,0,BG12,14,0.025386732323900443,0.0014921289795872305
T04,0,BG12,15,0.020435938905623237,0.0014762014720334181
T04,0,BG12,16,0.01646253386223062,0.001466291677657771
T04,0,BG12,17,0.013160974294100103,0.0014491541324594284
T04,0,BG12,18,0.01049398459465491,0.0014308103061185578
T04,0,BG12,19,0.008376917655264392,0.0014147340648932528
T04,0,BG12,20,0.0067659688891646835,0.0014132862340849764
T04,0,BG12,21,0.005532541910241651,0.0014239663839872888
T04,0,BG12,22,0.00454775478545225,0.001432805832756893
T04,0,BG12,23,0.0038661167700020423,0.0014763742093007145
T04,0,BG12,24,0.003366772331358203,0.001537604578347265
T04,0,BG12,25,0.007396754598249456,0.00397247934984264
T04,0,BG12,26,0.00944066005684917,0.0058457121790603
T04,0,BG12,27,0.010899989439180599,0.007615503958488257
T04,0,BG12,28,0.011585026636717876,0.008933599193616505
T04,0,BG12,29,0.01204946343755205,0.010041410619573773
T04,0,BG12,30,0.01240180651825347,0.010959536497836295
T04,0,BG12,31,0.012610597419602316,0.011629875392875485
T04,0,BG12,32,0.012761648798431518,0.012125916937858939
T04,0,BG12,33,0.012839142364307046,0.012447239996895211
T04,0,BG12,34,0.012875824189250887,0.012646103286449025
T04,0,BG12,35,0.01290142048434433,0.012773683784686558
T04,0,BG12,36,0.012943443673753644,0.012943443673753644
T04,0,BG13,0,0.0,0.0
T04,0,BG13,1,0.006719018502206452,3.892495990552513e-05
T04,0,BG13,2,0.012587650908874114,8.519278268530144e-05
T04,0,BG13,3,0.01769411972724476,0.00014037604912216803
T04,0,BG13,4,0.02218909383253326,0.00020707779419729374
T04,0,BG13,5,0.02598208585012364,0.00028627011398142216
T04,0,BG13,6,0.029348846817566842,0.0003832065118434079
T04,0,BG13,7,0.03226153072886722,0.0005011300958447463
T04,0,BG13,8,0.034649025199732196,0.0006428543726152722
T04,0,BG13,9,0.03671665093559127,0.00081698853489834
T04,0,BG13,10,0.038512905464836544,0.001032046954164839
T04,0,BG13,11,0.039882177485843634,0.0012925325169845614
T04,0,BG13,12,0.040970819373098676,0.0016126360528801442
T04,0,BG13,13,0.02872658093631031,0.001378944775527227
T04,0,BG13,14,0.02323998152652002,0.001365951693566204
T04,0,BG13,15,0.01869909464147474,0.0013507395606148459
T04,0,BG13,16,0.014989313040170262,0.0013350742446579373
T04,0,BG13,17,0.011933483093364757,0.0013139951457491513
T04,0,BG13,18,0.009395212612711203,0.0012809974040492518
T04,0,BG13,19,0.007460471872114272,0.001259960300332277
T04,0,BG13,20,0.005943512554688486,0.0012414902611736648
T04,0,BG13,21,0.00475033846337708,0.0012226427557246774
T04,0,BG13,22,0.003945690941811169,0.0012431208966414604
T04,0,BG13,23,0.003317160484287236,0.0012667414070988028
T04,0,BG13,24,0.0029026258356641865,0.0013256289196879796
T04,0,BG13,25,0.007312177182446944,0.003927056445694693
T04,0,BG13,26,0.009075876983030804,0.005619836351885492
T04,0,BG13,27,0.01034837450867561,0.007230106741582316
T04,0,BG13,28,0.010974899645307868,0.008463110000981223
T04,0,BG13,29,0.011420338202133078,0.009517129656676544
T04,0,BG13,30,0.01169794650421647,0.01033753198543783
T04,0,BG13,31,0.01189577594547101,0.010970645382927139
T04,0,BG13,32,0.012027114716579829,0.011427974258494691
T04,0,BG13,33,0.012099873081575323,0.011730536194093307
T04,0,BG13,34,0.012137346521979942,0.011920801004605727
T04,0,BG13,35,0.012155825614421542,0.012035470998336536
T04,0,BG13,36,0.012189200509334414,0.012189200509334414
T04,0,BG14,0,0.0,0.0
T04,0,BG14,1,0.006664533081251419,3.860931217197417e-05
T04,0,BG14,2,0.012338905839833993,8.350928464265671e-05
T04,0,BG14,3,0.0173736954862555,0.00013783396750308328
T04,0,BG14,4,0.021834768902843308,0.0002037710881562016
T04,0,BG14,5,0.025594243753662548,0.00028199687761249
T04,0,BG14,6,0.028748222984576657,0.00037536419447999607
T04,0,BG14,7,0.03161990512132961,0.0004911634912266627
T04,0,BG14,8,0.03382205438745524,0.0006275113198075633
T04,0,BG14,9,0.035658538856680355,0.0007934442981878182
T04,0,BG14,10,0.0372941861596655,0.0009993884077340225
T04,0,BG14,11,0.03864390747422361,0.0012524017074808421
T04,0,BG14,12,0.039719216294959045,0.0015633722028317453
T04,0,BG14,13,0.028050302909845934,0.0013464818067787621
T04,0,BG14,14,0.02287914560039179,0.0013447432190983831
T04,0,BG14,15,0.018657311808005908,0.00134772135194636
T04,0,BG14,16,0.015220228120851682,0.0013556414845854023
T04,0,BG14,17,0.012644226247327812,0.0013922550366021137
T04,0,BG14,18,0.010413368510615171,0.0014198186444120792
T04,0,BG14,19,0.008864191087042292,0.001497027140517564
T04,0,BG14,20,0.007779836248449989,0.0016250644471217921
T04,0,BG14,21,0.006921307810635397,0.0017814071368878318
T04,0,BG14,22,0.0063693288014183055,0.002006707019294729
T04,0,BG14,23,0.006007600380132945,0.0022941537496995418
T04,0,BG14,24,0.005739998097888015,0.002621456547679008
T04,0,BG14,25,0.008380261558549339,0.004500678713572733
T04,0,BG14,26,0.009534231549736259,0.00590365219889517
T04,0,BG14,27,0.010335196768435848,0.007220899811888679
T04,0,BG14,28,0.010849549787747851,0.008366448562196262
T04,0,BG14,29,0.011193027788640734,0.009327700669123239
T04,0,BG14,30,0.01143552873751077,0.010105632134808706
T04,0,BG14,31,0.011607407690525344,0.010704703434609138
T04,0,BG14,32,0.011703941962600545,0.011120900616436464
T04,0,BG14,33,0.011746307424910835,0.011387762789718025
T04,0,BG14,34,0.011775648598704698,0.011565556216252895
T04,0,BG14,35,0.011796927995901318,0.011680126879750403
T04,0,BG14,36,0.011827391844070449,0.011827391844070449
T04,0,BG15,0,0.0,0.0
T04,0,BG15,1,0.0044821107649366905,2.5965992125551106e-05
T04,0,BG15,2,0.00839793762406633,5.683694914787111e-05
T04,0,BG15,3,0.011726487559597628,9.303192306864315e-05
T04,0,BG15,4,0.014651557035106677,0.00013673438605324477
T04,0,BG15,5,0.01724838909197436,0.00019004241408872289
T04,0,BG15,6,0.01942469542122744,0.0002536273337156157
T04,0,BG15,7,0.02132115675087189,0.00033118928544289265
T04,0,BG15,8,0.022926725830486404,0.0004253668278860382
T04,0,BG15,9,0.024263211357372545,0.0005398849002813442
T04,0,BG15,10,0.025406207054398805,0.0006808210978718017
T04,0,BG15,11,0.02639556856673396,0.0008554480444593511
T04,0,BG15,12,0.02712578783264396,0.0010676872959651295
T04,0,BG15,13,0.01904700251784315,0.000914301798675582
T04,0,BG15,14,0.015472867202698921,0.0009094322678781751
T04,0,BG15,15,0.012562417953524195,0.0009074532884148309
T04,0,BG15,16,0.010069485115597345,0.0008968730065074703
T04,0,BG15,17,0.008149090965325503,0.0008972959449072262
T04,0,BG15,18,0.006465792961224243,0.0008815834577788363
T04,0,BG15,19,0.00527929684270602,0.0008915929923572831
T04,0,BG15,20,0.004398289817251374,0.000918721702365604
T04,0,BG15,21,0.0037645047227875205,0.0009689087315293574
T04,0,BG15,22,0.0033736894472080497,0.001062907333181313
T04,0,BG15,23,0.003026064709108564,0.0011555791402160906
T04,0,BG15,24,0.0028901565922015574,0.0013199342190054245
T04,0,BG15,25,0.007042557776785997,0.003782255427566724
T04,0,BG15,26,0.008606814692946586,0.0053293902319662845
T04,0,BG15,27,0.00948160137952214,0.006624517681135559
T04,0,BG15,28,0.009986222863468171,0.0077007084726505295
T04,0,BG15,29,0.010263843345440315,0.008553365605435698
T04,0,BG15,30,0.01041147730318144,0.00920067294468301
T04,0,BG15,31,0.010526587976883495,0.00970793870160476
T04,0,BG15,32,0.010561393846036441,0.010035269461766886
T04,0,BG15,33,0.010574285735983922,0.010251515931631747
T04,0,BG15,34,0.01059144757238367,0.010402482801304954
T04,0,BG15,35,0.010588422524635486,0.010483586771013393
T04,0,BG15,36,0.010602010260023224,0.010602010260023224
T04,1,BG1,0,0.0,0.0
T04,1,BG1,1,0.001981180705568155,1.1477476820201697e-05
T04,1,BG1,2,0.003643824857964465,2.4661279677622265e-05
T04,1,BG1,3,0.004956852950340679,3.9325122883158185e-05
T04,1,BG1,4,0.006148003077670142,5.737570588563062e-05
T04,1,BG1,5,0.00719404563689245,7.926385447234385e-05
T04,1,BG1,6,0.008002141883299433,0.00010448358974151128
T04,1,BG1,7,0.008779040898740086,0.0001363680363263165
T04,1,BG1,8,0.009385621054125349,0.00017413440924104613
T04,1,BG1,9,0.009925549657813467,0.00022085511783383728
T04,1,BG1,10,0.010435226064509877,0.0002796372581107627
T04,1,BG1,11,0.010864189292494877,0.00035209506601785337
T04,1,BG1,12,0.011203687824263137,0.0004409838791629886
T04,1,BG1,13,0.007906853942771318,0.0003795479506455538
T04,1,BG1,14,0.006525866389384885,0.0003835639129154333
T04,1,BG1,15,0.005347196003585534,0.000386257693122777
T04,1,BG1,16,0.0044398663823823825,0.0003954518295999953
T04,1,BG1,17,0.0037625466571345636,0.00041429380083859177
T04,1,BG1,18,0.0031860545852660065,0.00043440503480888176
T04,1,BG1,19,0.0028733088603697648,0.0004852581921845357
T04,1,BG1,20,0.0026229034509646365,0.0005478762028955587
T04,1,BG1,21,0.002519151754052223,0.0006483796187030192
T04,1,BG1,22,0.002435101039717575,0.0007671976914035665
T04,1,BG1,23,0.0024914112723897004,0.0009514082392296574
T04,1,BG1,24,0.0024927264028241996,0.0011384278926847473
T04,1,BG1,25,0.005594917124472278,0.0030047897918291937
T04,1,BG1,26,0.007179976504917286,0.004445883621376806
T04,1,BG1,27,0.008237827279715755,0.005755529075354023
T04,1,BG1,28,0.00883422963133246,0.006812368179414004
T04,1,BG1,29,0.009210025805849509,0.00767516759818427
T04,1,BG1,30,0.009297918388958186,0.008216615512043312
T04,1,BG1,31,0.009332215544050304,0.008606452221813844
T04,1,BG1,32,0.009373458515688802,0.008906512077702797
T04,1,BG1,33,0.00936257144796737,0.00907678805004972
T04,1,BG1,34,0.009352949517422243,0.009186081121715626
T04,1,BG1,35,0.009351111783749352,0.009258526622563708
T04,1,BG1,36,0.009360273102982085,0.009360273102982085
T04,1,BG2,0,0.0,0.0
T04,1,BG2,1,0.0021706767945485574,1.2575275225469025e-05
T04,1,BG2,2,0.0040524714200869,2.742698528390703e-05
T04,1,BG2,3,0.005482639792246895,4.349644524117198e-05
T04,1,BG2,4,0.006823366129526164,6.36784729285783e-05
T04,1,BG2,5,0.008029042568992329,8.846383417418412e-05
T04,1,BG2,6,0.008936681734345099,0.000116685832822696
T04,1,BG2,7,0.009811010591592836,0.000152397997573493
T04,1,BG2,8,0.010473289795879349,0.0001943142727142783
T04,1,BG2,9,0.011045489005730845,0.00024577508068071975
T04,1,BG2,10,0.011526434422531517,0.0003088788397576817
T04,1,BG2,11,0.012023172521621968,0.0003896562935123197
T04,1,BG2,12,0.012368607291442018,0.0004868358092151859
T04,1,BG2,13,0.008775875200024838,0.000421263055895759
T04,1,BG2,14,0.007222513445790417,0.00042450999479862265
T04,1,BG2,15,0.005921561683973997,0.00042774731923691134
T04,1,BG2,16,0.0049473247899301164,0.00044065034219901083
T04,1,BG2,17,0.004074973109611956,0.00044869505909879133
T04,1,BG2,18,0.0035413900872820255,0.00048285352350947697
T04,1,BG2,19,0.003149037559751407,0.0005318245794447749
T04,1,BG2,20,0.002875566382460759,0.0006006528338055425
T04,1,BG2,21,0.002764958111484198,0.0007116452915413335
T04,1,BG2,22,0.0026025603193843205,0.0008199570518222782
T04,1,BG2,23,0.002617432060951136,0.0009995324571434089
T04,1,BG2,24,0.0026244908458401494,0.001198604699981993
T04,1,BG2,25,0.0055309622340156215,0.002970442368882944
T04,1,BG2,26,0.006958581293975894,0.004308794408185106
T04,1,BG2,27,0.007881004554329489,0.0055062274862253974
T04,1,BG2,28,0.0084320183365364,0.006502209682784734
T04,1,BG2,29,0.008723934740964182,0.007270084016279881
T04,1,BG2,30,0.008818609934625824,0.00779304832368113
T04,1,BG2,31,0.00888183459370891,0.00819109723951558
T04,1,BG2,32,0.008969947174676765,0.008523101981105686
T04,1,BG2,33,0.009011396910663627,0.00873633276694855
T04,1,BG2,34,0.009027154823239913,0.008866099027951114
T04,1,BG2,35,0.009034204703573665,0.00894475722107952
T04,1,BG2,36,0.009059685121965555,0.009059685121965555
T04,1,BG3,0,0.0,0.0
T04,1,BG3,1,0.0023020306116848226,1.333624083786792e-05
T04,1,BG3,2,0.004260648990664282,2.8835923870868257e-05
T04,1,BG3,3,0.005826459106518498,4.6224131050501997e-05
T04,1,BG3,4,0.007238325661512995,6.755104683560483e-05
T04,1,BG3,5,0.008514008698044988,9.380718150818674e-05
T04,1,BG3,6,0.00947041431532197,0.0001236547535569063
T04,1,BG3,7,0.010396993351593576,0.0001615002808111247
T04,1,BG3,8,0.01113667346711804,0.00020662224078610213
T04,1,BG3,9,0.011764487665785577,0.00026177364411477744
T04,1,BG3,10,0.012254477300835552,0.00032838851876569765
T04,1,BG3,11,0.012793434554184848,0.00041461954344919127
T04,1,BG3,12,0.013227441481765932,0.0005206400395273025
T04,1,BG3,13,0.009352352500687031,0.0004489353474820012
T04,1,BG3,14,0.007680042732330545,0.0004514017079543311
T04,1,BG3,15,0.0062666859704686145,0.000452677565091226
T04,1,BG3,16,0.005141219662289716,0.0004579202502856199
T04,1,BG3,17,0.0042310122276147345,0.00046587651653110635
T04,1,BG3,18,0.0036231090518047846,0.0004939955583423463
T04,1,BG3,19,0.003124566766642258,0.0005276918341188566
T04,1,BG3,20,0.0028997291242131556,0.0006056999853247481
T04,1,BG3,21,0.002690553141545294,0.000692494931458775
T04,1,BG3,22,0.0025711667944305974,0.000810066274982501
T04,1,BG3,23,0.0025670927201869153,0.0009803091090725357
T04,1,BG3,24,0.002520357012951755,0.0011510467903498433
T04,1,BG3,25,0.005021569540112079,0.002696869418697873
T04,1,BG3,26,0.006177508620155849,0.003825149628726896
T04,1,BG3,27,0.006871605979070322,0.004800990210311713
T04,1,BG3,28,0.0073817866984427875,0.005692341133449087
T04,1,BG3,29,0.007598942748197574,0.0063325728366153584
T04,1,BG3,30,0.007715591976498265,0.006818306005342965
T04,1,BG3,31,0.007738540081564296,0.0071367163621459525
T04,1,BG3,32,0.00783141174738598,0.0074412836125578264
T04,1,BG3,33,0.007857176173241385,0.007617343500400251
T04,1,BG3,34,0.007860775786287263,0.007720529652447415
T04,1,BG3,35,0.00786071722351152,0.00778288841858919
T04,1,BG3,36,0.007878212579702996,0.007878212579702996
T04,1,BG4,0,0.0,0.0
T04,1,BG4,1,0.0025438693389329956,1.4737273281089804e-05
T04,1,BG4,2,0.004712381779435683,3.189323564144684e-05
T04,1,BG4,3,0.006538827230459773,5.187569355465053e-05
T04,1,BG4,4,0.008071947001367312,7.533074576215057e-05
T04,1,BG4,5,0.009486398990610689,0.00010452095887065101
T04,1,BG4,6,0.010640199633511748,0.00013892858570706994
T04,1,BG4,7,0.011617390943361417,0.00018045716056822088
T04,1,BG4,8,0.012448053581332566,0.0002309526922015375
T04,1,BG4,9,0.013201294090148124,0.00029374427177533235
T04,1,BG4,10,0.013777181389254314,0.00036919307764873274
T04,1,BG4,11,0.01428078101727649,0.00046282261991993157
T04,1,BG4,12,0.014658883734057984,0.000576982465369303
T04,1,BG4,13,0.010429112945596437,0.0005006224307942213
T04,1,BG4,14,0.008528783567799963,0.0005012872452399187
T04,1,BG4,15,0.006871037303536398,0.0004963332225219563
T04,1,BG4,16,0.005576721505789282,0.0004967097059982462
T04,1,BG4,17,0.004591192039710799,0.0005055358956254401
T04,1,BG4,18,0.0038445276999114356,0.0005241850539006496
T04,1,BG4,19,0.0032700435029905488,0.0005522606435319028
T04,1,BG4,20,0.0029203839236824633,0.000610014392293849
T04,1,BG4,21,0.0027254824204132333,0.0007014850329780749
T04,1,BG4,22,0.0025178704049451297,0.0007932748296456605
T04,1,BG4,23,0.0024300233672852702,0.0009279657195434709
T04,1,BG4,24,0.0023350628065383944,0.0010664229437521988
T04,1,BG4,25,0.005219299576126613,0.0028030617402744246
T04,1,BG4,26,0.0063858233939008795,0.003954139363136155
T04,1,BG4,27,0.007114608142246966,0.004970768713290273
T04,1,BG4,28,0.007588940466921384,0.00585208429766534
T04,1,BG4,29,0.007904310201090399,0.0065870505553933326
T04,1,BG4,30,0.007997662104499603,0.0070675727450913
T04,1,BG4,31,0.008058705696472199,0.007431982828685004
T04,1,BG4,32,0.008088174643931833,0.007685255663581165
T04,1,BG4,33,0.008113143565230999,0.007865497710906904
T04,1,BG4,34,0.00810693824376835,0.007962300272299836
T04,1,BG4,35,0.008100989642766355,0.008020781891063119
T04,1,BG4,36,0.008104144712575838,0.008104144712575838
T04,1,BG5,0,0.0,0.0
T04,1,BG5,1,0.008815146244228638,5.106835385228323e-05
T04,1,BG5,2,0.016499745726556613,0.00011166970397913596
T04,1,BG5,3,0.023244141206284662,0.0001844070659669677
T04,1,BG5,4,0.02903375136120716,0.00027095496794870053
T04,1,BG5,5,0.034078501986156896,0.0003754762691659514
T04,1,BG5,6,0.03845937593818138,0.0005021622610805267
T04,1,BG5,7,0.04217638857156434,0.0006551411924590308
T04,1,BG5,8,0.04545458983308213,0.0008433334464745787
T04,1,BG5,9,0.0482440309775155,0.001073486252165324
T04,1,BG5,10,0.05058529188542451,0.0013555559080458705
T04,1,BG5,11,0.0525682828231688,0.0017036736547021466
T04,1,BG5,12,0.054333637114284496,0.0021386045781634482
T04,1,BG5,13,0.03804293352020545,0.0018261520356877305
T04,1,BG5,14,0.030758802089690937,0.0018078774204554325
T04,1,BG5,15,0.024671708261820125,0.0017821746434798762
T04,1,BG5,16,0.01969279914414632,0.0017540062605750774
T04,1,BG5,17,0.015664543053263525,0.0017248219488150598
T04,1,BG5,18,0.012473401172786058,0.0017006953682533702
T04,1,BG5,19,0.009897226871891701,0.00167149118240288
T04,1,BG5,20,0.007873863068230477,0.0016447049144076456
T04,1,BG5,21,0.00634850871194493,0.0016339800328960116
T04,1,BG5,22,0.005180819226599294,0.0016322577531616709
T04,1,BG5,23,0.00440144199928187,0.0016808016523787838
T04,1,BG5,24,0.00389324225853314,0.0017780433378707366
T04,1,BG5,25,0.008288165879967224,0.0044512180642995135
T04,1,BG5,26,0.010344015941855843,0.006405075433449634
T04,1,BG5,27,0.011854485349609081,0.008282382320895178
T04,1,BG5,28,0.013012423442704254,0.010034312332819874
T04,1,BG5,29,0.013762595717733632,0.011469048052716693
T04,1,BG5,30,0.014148737446289056,0.012503307798595866
T04,1,BG5,31,0.014425629062457942,0.013303752646717128
T04,1,BG5,32,0.014593231186789008,0.013866257551542959
T04,1,BG5,33,0.014685311020836193,0.014237056175393037
T04,1,BG5,34,0.01471271744039205,0.014450224084911579
T04,1,BG5,35,0.014736003787756573,0.014590102905397268
T04,1,BG5,36,0.01476855188330409,0.01476855188330409
T04,1,BG6,0,0.0,0.0
T04,1,BG6,1,0.007667307765978002,4.4418637638146196e-05
T04,1,BG6,2,0.014373519930415583,9.727948213239446e-05
T04,1,BG6,3,0.020244123936413193,0.0001606064713680711
T04,1,BG6,4,0.025301985716824075,0.0002361285881424811
T04,1,BG6,5,0.029706888958641157,0.00032730992211528346
T04,1,BG6,6,0.03351983691803024,0.00043766693286952167
T04,1,BG6,7,0.03678872743678807,0.000571452688890958
T04,1,BG6,8,0.03959614733655936,0.0007346398994107553
T04,1,BG6,9,0.042048682489642844,0.0009356324854697379
T04,1,BG6,10,0.04408094397000549,0.0011812560841413218
T04,1,BG6,11,0.04575414146716333,0.0014828356786958795
T04,1,BG6,12,0.047219426225005356,0.0018585849738238995
T04,1,BG6,13,0.03309386979239706,0.0015885851116597817
T04,1,BG6,14,0.026798555618355046,0.0015751102199687474
T04,1,BG6,15,0.021612327796422005,0.001561178587904748
T04,1,BG6,16,0.01745890599797202,0.0015550369585479254
T04,1,BG6,17,0.01409330504347576,0.0015518130216995636
T04,1,BG6,18,0.01150017879927013,0.0015680006207974928
T04,1,BG6,19,0.009637190155858117,0.0016275749345489453
T04,1,BG6,20,0.008395299644779686,0.0017536234061270096
T04,1,BG6,21,0.007584788631276385,0.0019521739224690592
T04,1,BG6,22,0.007407645896867778,0.0023338369692903703
T04,1,BG6,23,0.0073304457836970574,0.0027993156309958863
T04,1,BG6,24,0.007503482647117422,0.003426839754654426
T04,1,BG6,25,0.010466153643714692,0.005620921800289852
T04,1,BG6,26,0.012106753871543552,0.007496573122091415
T04,1,BG6,27,0.013232911588479496,0.009245448440654787
T04,1,BG6,28,0.014032715303366895,0.010821093320415157
T04,1,BG6,29,0.014510749400851003,0.01209252131474583
T04,1,BG6,30,0.0148271092843851,0.013102788280455248
T04,1,BG6,31,0.015115974178208993,0.013940409806532772
T04,1,BG6,32,0.01528185480951627,0.014520576802391525
T04,1,BG6,33,0.015394081968588528,0.014924192593651903
T04,1,BG6,34,0.015480500834391366,0.015204309175774292
T04,1,BG6,35,0.015522744163214405,0.015369053809642735
T04,1,BG6,36,0.015583288745961594,0.015583288745961594
T04,1,BG7,0,0.0,0.0
T04,1,BG7,1,0.013006511821809778,7.53499863170489e-05
T04,1,BG7,2,0.024382872046026235,0.00016502242821820741
T04,1,BG7,3,0.03428942076179133,0.0002720346353630041
T04,1,BG7,4,0.04286542729839061,0.0004000378855071419
T04,1,BG7,5,0.05030803628992823,0.0005542929607378806
T04,1,BG7,6,0.05671897736248276,0.0007405770186971359
T04,1,BG7,7,0.06226992254635823,0.000967261366449199
T04,1,BG7,8,0.06688693410751385,0.0012409745376914581
T04,1,BG7,9,0.07084701448122879,0.0015764291389759979
T04,1,BG7,10,0.07428061382432936,0.0019905296711918777
T04,1,BG7,11,0.07713726910415884,0.0024999244064785853
T04,1,BG7,12,0.0795705755019756,0.003131945626668247
T04,1,BG7,13,0.0555967073012195,0.002668775273275957
T04,1,BG7,14,0.04490026588407065,0.002639055198174317
T04,1,BG7,15,0.036041698863995705,0.0026034922737934417
T04,1,BG7,16,0.028754297149946338,0.0025610994680175313
T04,1,BG7,17,0.022819092706279433,0.0025126090088690113
T04,1,BG7,18,0.01793218920526752,0.0024449779701870354
T04,1,BG7,19,0.014160800232940833,0.0023915439143943917
T04,1,BG7,20,0.011210545718694651,0.0023416764485288417
T04,1,BG7,21,0.009044273339789166,0.0023278162894897923
T04,1,BG7,22,0.007491579131871566,0.002360280790463472
T04,1,BG7,23,0.0066020804732611635,0.0025211709625245415
T04,1,BG7,24,0.005982646158365541,0.0027322738850576126
T04,1,BG7,25,0.01093761965808928,0.005874125957201857
T04,1,BG7,26,0.012982885992066005,0.008039079286062857
T04,1,BG7,27,0.01425325929891157,0.009958335555649202
T04,1,BG7,28,0.015069856375425359,0.01162086726560584
T04,1,BG7,29,0.015603212501427549,0.013002924581290038
T04,1,BG7,30,0.015959876751405613,0.014103820383662103
T04,1,BG7,31,0.016290634358970456,0.015023717098541526
T04,1,BG7,32,0.016519442425575574,0.01569651304912776
T04,1,BG7,33,0.016688312509261803,0.016178917965390376
T04,1,BG7,34,0.0167789721482432,0.016479614176021083
T04,1,BG7,35,0.01682983119391645,0.016663199322901657
T04,1,BG7,36,0.016905493760827187,0.016905493760827187
T04,1,BG8,0,0.0,0.0
T04,1,BG8,1,0.01333056582262283,7.722731221423421e-05
T04,1,BG8,2,0.024742044048529192,0.00016745329189599853
T04,1,BG8,3,0.03530399266986468,0.0002800837270585531
T04,1,BG8,4,0.04417811415858947,0.0004122884214021042
T04,1,BG8,5,0.05154537043123565,0.0005679258833839505
T04,1,BG8,6,0.05874959429027732,0.0007670906885706653
T04,1,BG8,7,0.06397420329303485,0.0009937345772320092
T04,1,BG8,8,0.06928892297338493,0.0012855393973103168
T04,1,BG8,9,0.0736648553190035,0.001639129398676
T04,1,BG8,10,0.07753293059990707,0.0020776834144444136
T04,1,BG8,11,0.08028805818015944,0.0026020376160701165
T04,1,BG8,12,0.08213430343744899,0.0032328554902487515
T04,1,BG8,13,0.057909200595679895,0.002779780501583331
T04,1,BG8,14,0.0468974510254859,0.002756441632733426
T04,1,BG8,15,0.03788804279570004,0.0027368639535519964
T04,1,BG8,16,0.03047520866534876,0.002714378308894613
T04,1,BG8,17,0.02464266211547946,0.002713402128942111
T04,1,BG8,18,0.01997503587668634,0.0027235114549116857
T04,1,BG8,19,0.01624187658364738,0.0027430060778755585
T04,1,BG8,20,0.01326244160036092,0.0027702796832216096
T04,1,BG8,21,0.011131206939378984,0.002864951545334201
T04,1,BG8,22,0.009597251829419545,0.0030236895070831294
T04,1,BG8,23,0.008669369341565458,0.0033106173614898507
T04,1,BG8,24,0.007993274559630522,0.003650527670938763
T04,1,BG8,25,0.010562679837893243,0.005672761874944934
T04,1,BG8,26,0.01230511231075244,0.007619397844982148
T04,1,BG8,27,0.01341992284605612,0.009376107761209703
T04,1,BG8,28,0.014181554558234475,0.010935868201479272
T04,1,BG8,29,0.014709268772986023,0.012257957290903192
T04,1,BG8,30,0.014990288506043642,0.01324699058819296
T04,1,BG8,31,0.015154162925754177,0.013975628671964476
T04,1,BG8,32,0.015283838286461656,0.014522461472974377
T04,1,BG8,33,0.015375570941618956,0.014906246581789647
T04,1,BG8,34,0.015437793175499016,0.015162363563414665
T04,1,BG8,35,0.015473047567786386,0.015319849214886671
T04,1,BG8,36,0.015523261169702096,0.015523261169702096
T04,1,BG9,0,0.0,0.0
T04,1,BG9,1,0.008556098501762368,4.9567625214508524e-05
T04,1,BG9,2,0.016045341356515527,0.00010859431147786046
T04,1,BG9,3,0.022516904833205263,0.00017863754639561006
T04,1,BG9,4,0.028130242626530504,0.0002625230514404735
T04,1,BG9,5,0.03302453852768789,0.00036386372004160574
T04,1,BG9,6,0.037323170668436045,0.0004873268833648401
T04,1,BG9,7,0.04101479793327606,0.000637097782053155
T04,1,BG9,8,0.04422797681389192,0.0008205757062446546
T04,1,BG9,9,0.04709423042864079,0.0010479018432852983
T04,1,BG9,10,0.04942972302156324,0.0013245896297983208
T04,1,BG9,11,0.051463920692160374,0.0016678826298564746
T04,1,BG9,12,0.05315339895011085,0.002092149694337367
T04,1,BG9,13,0.03725118849023351,0.001788146384150084
T04,1,BG9,14,0.030056399980298555,0.0017665930736022188
T04,1,BG9,15,0.024135744326736697,0.001743458983902816
T04,1,BG9,16,0.01928127821669953,0.0017173527480509835
T04,1,BG9,17,0.015366204762566508,0.001691971936321019
T04,1,BG9,18,0.012285371918388795,0.0016750583729991976
T04,1,BG9,19,0.009847861593794619,0.0016631541303254443
T04,1,BG9,20,0.00803027495635818,0.001677376475723443
T04,1,BG9,21,0.006841338406297466,0.001760824604141005
T04,1,BG9,22,0.006112294037756808,0.0019257262034155216
T04,1,BG9,23,0.00567013859889094,0.002165285453252395
T04,1,BG9,24,0.00544260666186999,0.0024856379047248117
T04,1,BG9,25,0.007874538247742624,0.004229076439758359
T04,1,BG9,26,0.00967173096904072,0.005988792641342633
T04,1,BG9,27,0.010890456911921783,0.007608843858175419
T04,1,BG9,28,0.011776801387981865,0.009081483088181366
T04,1,BG9,29,0.01236308239140084,0.01030276477161238
T04,1,BG9,30,0.012657628576174411,0.011185607702918538
T04,1,BG9,31,0.01288047560271231,0.01187876526425578
T04,1,BG9,32,0.012995705513778195,0.012348313918432333
T04,1,BG9,33,0.01307264674970591,0.012673616899551517
T04,1,BG9,34,0.013122197689779123,0.01288808119742607
T04,1,BG9,35,0.013151769701434854,0.013021554264535872
T04,1,BG9,36,0.013197801287104523,0.013197801287104523
T04,1,BG10,0,0.0,0.0
T04,1,BG10,1,0.007748699590632255,4.489016069906498e-05
T04,1,BG10,2,0.01444073969815635,9.773442295275227e-05
T04,1,BG10,3,0.020375057210420988,0.00016164522849301203
T04,1,BG10,4,0.025443954680989856,0.00023745350170709638
T04,1,BG10,5,0.029822327804207096,0.0003285818261643021
T04,1,BG10,6,0.03364454558077409,0.00043929524835772667
T04,1,BG10,7,0.03693568384033892,0.0005737354155248435
T04,1,BG10,8,0.0397601703500156,0.0007376830696975277
T04,1,BG10,9,0.04223764602646558,0.0009398371464946596
T04,1,BG10,10,0.04426309912990147,0.0011861373774335565
T04,1,BG10,11,0.0459705753915756,0.0014898500377938135
T04,1,BG10,12,0.04728850464115982,0.001861303938506532
T04,1,BG10,13,0.03321329558247335,0.0015943178398360586
T04,1,BG10,14,0.02678653673921441,0.0015744037967428738
T04,1,BG10,15,0.021471896900647686,0.0015510344794509147
T04,1,BG10,16,0.017268734933054766,0.001538098726123155
T04,1,BG10,17,0.01385505438349865,0.001525579254284642
T04,1,BG10,18,0.01109427548695869,0.001512657428579344
T04,1,BG10,19,0.008911227751458832,0.0015049709166163434
T04,1,BG10,20,0.007113094625163634,0.0014857944067334582
T04,1,BG10,21,0.0058482757003309824,0.0015052299920839543
T04,1,BG10,22,0.004962227617035019,0.0015633887479301366
T04,1,BG10,23,0.004368968672946253,0.0016684008930415361
T04,1,BG10,24,0.003958134594472145,0.0018076796632413318
T04,1,BG10,25,0.007363403807347442,0.003954568061854242
T04,1,BG10,26,0.00904303254162366,0.005599498884410534
T04,1,BG10,27,0.010217432800967367,0.00713862158154895
T04,1,BG10,28,0.011019370736176554,0.008497403143522219
T04,1,BG10,29,0.01157429207014744,0.009645426989146855
T04,1,BG10,30,0.011933152554469445,0.010545384727556372
T04,1,BG10,31,0.012198726190078293,0.011250035291299667
T04,1,BG10,32,0.012380841808590509,0.011764080149649497
T04,1,BG10,33,0.012504077058307254,0.012122402216261062
T04,1,BG10,34,0.012587263695031761,0.012362691099448441
T04,1,BG10,35,0.012629669496061535,0.012504623409879881
T04,1,BG10,36,0.012692467220062897,0.012692467220062897
T04,1,BG11,0,0.0,0.0
T04,1,BG11,1,0.006484080069133347,3.7563902673136426e-05
T04,1,BG11,2,0.012157700585689366,8.22828940883083e-05
T04,1,BG11,3,0.017101597397061574,0.0001356752814980648
T04,1,BG11,4,0.021340236988181698,0.0001991559120925751
T04,1,BG11,5,0.0250595200788846,0.00027610530275249437
T04,1,BG11,6,0.028273332993579644,0.000369163577562199
T04,1,BG11,7,0.031020575464442052,0.0004818538853392879
T04,1,BG11,8,0.033390452153949986,0.000619503665989482
T04,1,BG11,9,0.03539823222046798,0.0007876521712526114
T04,1,BG11,10,0.037066043025062174,0.0009932747556062674
T04,1,BG11,11,0.03845498042019755,0.0012462788119563743
T04,1,BG11,12,0.039614849869623214,0.0015592642804451073
T04,1,BG11,13,0.02768338847058922,0.0013288690343690372
T04,1,BG11,14,0.022344307818736597,0.0013133076318831152
T04,1,BG11,15,0.01792880107904898,0.001295096971845293
T04,1,BG11,16,0.014366374433271809,0.0012795900969719662
T04,1,BG11,17,0.01144093355883846,0.0012597605466326013
T04,1,BG11,18,0.009144639279818813,0.0012468327944241153
T04,1,BG11,19,0.007383241110825306,0.0012469171973933345
T04,1,BG11,20,0.006071726195448877,0.0012682717265846332
T04,1,BG11,21,0.005126946139407106,0.0013195740922939628
T04,1,BG11,22,0.004619880640501568,0.001455529651156318
T04,1,BG11,23,0.004340903691140613,0.0016576835728878408
T04,1,BG11,24,0.00420753349350429,0.0019215801146492285
T04,1,BG11,25,0.0071429471873440285,0.0038361702887440715
T04,1,BG11,26,0.008601045115205706,0.005325817676483812
T04,1,BG11,27,0.009628417745272767,0.0067270940007271764
T04,1,BG11,28,0.010269949000640427,0.007919499138220133
T04,1,BG11,29,0.010707496602443026,0.008923083677686969
T04,1,BG11,30,0.010987250656654953,0.009709486627257161
T04,1,BG11,31,0.011221805717932479,0.010349089606949087
T04,1,BG11,32,0.011367253432985168,0.010800984527197528
T04,1,BG11,33,0.011478608447494014,0.011128235107956583
T04,1,BG11,34,0.011552137244614555,0.011346032600001592
T04,1,BG11,35,0.011586143896031709,0.011471429719870401
T04,1,BG11,36,0.011636935619778974,0.011636935619778974
T04,1,BG12,0,0.0,0.0
T04,1,BG12,1,0.007842874018013828,4.543573681771939e-05
T04,1,BG12,2,0.014613347371552447,9.890262560021589e-05
T04,1,BG12,3,0.020648099871038876,0.00016381140869173262
T04,1,BG12,4,0.025813317633913736,0.0002409005494678189
T04,1,BG12,5,0.03030118520785686,0.0003338578666734381
T04,1,BG12,6,0.034152774059686856,0.0004459311627224857
T04,1,BG12,7,0.03746364468609828,0.0005819364250502233
T04,1,BG12,8,0.040439681843502155,0.0007502902638362638
T04,1,BG12,9,0.04296291368864138,0.0009559752035922532
T04,1,BG12,10,0.045065062027082346,0.0012076279239739331
T04,1,BG12,11,0.046825887445797666,0.0015175696532851142
T04,1,BG12,12,0.04815286339763393,0.0018953256213440576
T04,1,BG12,13,0.03380270567574077,0.0016226109330798105
T04,1,BG12,14,0.027327298632559515,0.001606187583185623
T04,1,BG12,15,0.021979990303245007,0.0015877368894959237
T04,1,BG12,16,0.01764483763385659,0.0015715975938984568
T04,1,BG12,17,0.014132033531547208,0.0015560774109718806
T04,1,BG12,18,0.011310338793868469,0.0015421167429164192
T04,1,BG12,19,0.009100406788017728,0.0015369203810569898
T04,1,BG12,20,0.007332168554077488,0.0015315549106304299
T04,1,BG12,21,0.006124966843876107,0.0015764447940386677
T04,1,BG12,22,0.005182120913584604,0.0016326678584583235
T04,1,BG12,23,0.00453369083815375,0.0017313042084923587
T04,1,BG12,24,0.00409131413388477,0.0018685027463457703
T04,1,BG12,25,0.0076182123912925314,0.004091414809779404
T04,1,BG12,26,0.00945684064278677,0.005855731283023543
T04,1,BG12,27,0.010749597492926092,0.007510429511095953
T04,1,BG12,28,0.011661465637429936,0.008992543860185512
T04,1,BG12,29,0.012257233975062653,0.010214556091114347
T04,1,BG12,30,0.012660926379413948,0.011188521952608641
T04,1,BG12,31,0.0128997492167234,0.011896539975682126
T04,1,BG12,32,0.01311989520947297,0.012466317003394765
T04,1,BG12,33,0.013263062500215762,0.012858220418874524
T04,1,BG12,34,0.013331910193180243,0.01309405215546582
T04,1,BG12,35,0.013379355633124052,0.013246886893314514
T04,1,BG12,36,0.013443739617665273,0.013443739617665273
T04,1,BG13,0,0.0,0.0
T04,1,BG13,1,0.007024291479402928,4.069348287334775e-05
T04,1,BG13,2,0.013154484709666894,8.902909399357714e-05
T04,1,BG13,3,0.018497193163317775,0.0001467472208980145
T04,1,BG13,4,0.023010625618676138,0.00021474466984410426
T04,1,BG13,5,0.02703238874689947,0.0002978423318372881
T04,1,BG13,6,0.03061316424025364,0.0003997146445149939
T04,1,BG13,7,0.03363536029566448,0.0005224702897399553
T04,1,BG13,8,0.03627311809219602,0.0006729866826811549
T04,1,BG13,9,0.03853981725685524,0.0008575561184752792
T04,1,BG13,10,0.04043385257057081,0.0010835234016316375
T04,1,BG13,11,0.04199835422698421,0.0013611152148945906
T04,1,BG13,12,0.04323463691180504,0.001701741268170439
T04,1,BG13,13,0.030301847221927775,0.0014545613309727837
T04,1,BG13,14,0.02449562287228728,0.001439753186667407
T04,1,BG13,15,0.0196653150212827,0.0014205350250690429
T04,1,BG13,16,0.015735999206034943,0.0014015803944482585
T04,1,BG13,17,0.012472774078923417,0.0013733764511129462
T04,1,BG13,18,0.009964274552032104,0.0013585865905628492
T04,1,BG13,19,0.007904897803661362,0.0013350170830815345
T04,1,BG13,20,0.006277258859318764,0.0013112037141082508
T04,1,BG13,21,0.005041950126606124,0.001297697801470136
T04,1,BG13,22,0.004150424262722392,0.0013076237367618585
T04,1,BG13,23,0.0035274288060443484,0.001347037667545406
T04,1,BG13,24,0.003044823675907784,0.0013905706601029118
T04,1,BG13,25,0.0067716071303383285,0.003636739474056026
T04,1,BG13,26,0.008559177414526295,0.005299892929506276
T04,1,BG13,27,0.009812102344285206,0.006855429073059921
T04,1,BG13,28,0.010735290033897968,0.008278339049333998
T04,1,BG13,29,0.011373051293729206,0.00947772311182445
T04,1,BG13,30,0.011778549544481895,0.010408761297956839
T04,1,BG13,31,0.012081728638524233,0.011142136592441758
T04,1,BG13,32,0.012307821785149244,0.01169469770352087
T04,1,BG13,33,0.012444823567015137,0.012064957465279722
T04,1,BG13,34,0.012513514188564563,0.012290257359602836
T04,1,BG13,35,0.01255218714324178,0.012427908214028378
T04,1,BG13,36,0.01260925623682934,0.01260925623682934
T04,1,BG14,0,0.0,0.0
T04,1,BG14,1,0.007081354752909236,4.102406474449877e-05
T04,1,BG14,2,0.013108926562510115,8.872075818687069e-05
T04,1,BG14,3,0.01845002131256191,0.00014637298343664467
T04,1,BG14,4,0.022872780319233784,0.00021345824009163554
T04,1,BG14,5,0.026886368989189394,0.00029623348855820466
T04,1,BG14,6,0.030409725451693733,0.00039705835348024783
T04,1,BG14,7,0.033385389643521945,0.0005185874063528498
T04,1,BG14,8,0.035839456371798646,0.0006649408203303278
T04,1,BG14,9,0.03816478130606607,0.0008492111312616387
T04,1,BG14,10,0.039754667596854296,0.0010653229914164013
T04,1,BG14,11,0.04122518801956241,0.0013360578462747654
T04,1,BG14,12,0.042118838860330146,0.0016578227896718442
T04,1,BG14,13,0.029878294483684686,0.0014342297866545086
T04,1,BG14,14,0.024284903036674077,0.001427367930568659
T04,1,BG14,15,0.019589352392412968,0.0014150478231331814
T04,1,BG14,16,0.016095269879525333,0.0014335800642193335
T04,1,BG14,17,0.013185893907774675,0.0014518980336447396
T04,1,BG14,18,0.010969490845981322,0.0014956435683225948
T04,1,BG14,19,0.009412355650476184,0.0015896038007182
T04,1,BG14,20,0.008170136663092726,0.0017065910086110486
T04,1,BG14,21,0.007433424987084919,0.0019132159253748928
T04,1,BG14,22,0.006883169914584776,0.0021685966959382186
T04,1,BG14,23,0.006719664068636568,0.002566073227215156
T04,1,BG14,24,0.006554864535905465,0.002993605961570456
T04,1,BG14,25,0.008505443777280986,0.004567908704906888
T04,1,BG14,26,0.009635753479708176,0.0059665151611998654
T04,1,BG14,27,0.010526916977483182,0.007354849123562791
T04,1,BG14,28,0.011186084065657622,0.008625961319431934
T04,1,BG14,29,0.011623480493676919,0.009686418114976137
T04,1,BG14,30,0.011851563325497689,0.010473283915568066
T04,1,BG14,31,0.011947831159165702,0.01101865227856314
T04,1,BG14,32,0.012032151591569536,0.011432760215557808
T04,1,BG14,33,0.012075773767120117,0.011707172495033853
T04,1,BG14,34,0.01211487595564394,0.011898731349249712
T04,1,BG14,35,0.012130408555853118,0.012010305604488817
T04,1,BG14,36,0.012158693946717673,0.012158693946717673
T04,1,BG15,0,0.0,0.0
T04,1,BG15,1,0.004429869723806878,2.5663346658490546e-05
T04,1,BG15,2,0.008305616616655222,5.621212381164241e-05
T04,1,BG15,3,0.011619853769700884,9.218594563540876e-05
T04,1,BG15,4,0.014478986899204925,0.00013512389051184337
T04,1,BG15,5,0.01701143446336985,0.0001874316529625848
T04,1,BG15,6,0.01916729645124911,0.0002502664878895853
T04,1,BG15,7,0.02100108953033159,0.00032621756492587107
T04,1,BG15,8,0.0226019013346817,0.0004193402551309018
T04,1,BG15,9,0.023891153440747413,0.0005316061760141452
T04,1,BG15,10,0.02491102807378512,0.0006675515739083623
T04,1,BG15,11,0.02577373916822793,0.0008352953149134084
T04,1,BG15,12,0.026363923213076287,0.0010376998483279058
T04,1,BG15,13,0.01851538136763847,0.000888782707800626
T04,1,BG15,14,0.015008525627690446,0.0008821401583185665
T04,1,BG15,15,0.012053570906929045,0.0008706964360974029
T04,1,BG15,16,0.009675830905552388,0.0008618108509747386
T04,1,BG15,17,0.007720501832378882,0.0008501040199657452
T04,1,BG15,18,0.006211945577219998,0.0008469724431363706
T04,1,BG15,19,0.005056260314640053,0.0008539255116096794
T04,1,BG15,20,0.004195783238429703,0.0008764218097094914
T04,1,BG15,21,0.003544688329001313,0.0009123323600507869
T04,1,BG15,22,0.003137665517180516,0.0009885461434124003
T04,1,BG15,23,0.00283098617876457,0.0010810834825237827
T04,1,BG15,24,0.0026376934786130264,0.0012046343405151252
T04,1,BG15,25,0.006093850377263967,0.003272745420973537
T04,1,BG15,26,0.007487831714384588,0.004636509384297256
T04,1,BG15,27,0.008332836329016012,0.00582190911643116
T04,1,BG15,28,0.008864878029898745,0.00683600218006694
T04,1,BG15,29,0.009237568291369192,0.007698120103003282
T04,1,BG15,30,0.009346980733455808,0.00825997216697151
T04,1,BG15,31,0.009446328653889719,0.008711690807814148
T04,1,BG15,32,0.00953085303402837,0.009056065857818162
T04,1,BG15,33,0.009568041468832281,0.009275986293001004
T04,1,BG15,34,0.009581817489786143,0.009410865814969811
T04,1,BG15,35,0.009586404069679645,0.009491489274525335
T04,1,BG15,36,0.00960547723050384,0.00960547723050384
T04,2,BG1,0,0.0,0.0
T04,2,BG1,1,0.0019386507456005649,1.1231090129024998e-05
T04,2,BG1,2,0.0035878335507414888,2.428233246837966e-05
T04,2,BG1,3,0.004886334856243267,3.8765668505470895e-05
T04,2,BG1,4,0.00605670369724995,5.652366221653712e-05
T04,2,BG1,5,0.007043730076896433,7.760768044130515e-05
T04,2,BG1,6,0.007887107005043829,0.00010298158526011733
T04,2,BG1,7,0.008672453890086796,0.0001347123820944302
T04,2,BG1,8,0.009245513814276947,0.00017153495520630009
T04,2,BG1,9,0.009792492683282679,0.00021789444384589976
T04,2,BG1,10,0.01026901443316799,0.0002751832128732591
T04,2,BG1,11,0.010647018802457846,0.0003450568382654275
T04,2,BG1,12,0.010970277149233758,0.0004317966954749967
T04,2,BG1,13,0.007755586938875013,0.00037228677256303096
T04,2,BG1,14,0.0063447710008233925,0.0003729198604695913
T04,2,BG1,15,0.00524603041512632,0.0003789499400826112
T04,2,BG1,16,0.004324060422125295,0.0003851371769219118
T04,2,BG1,17,0.003620827657080863,0.00039868912815235703
T04,2,BG1,18,0.003085061973188514,0.00042063512110496236
T04,2,BG1,19,0.00269883516717271,0.00045579223726773747
T04,2,BG1,20,0.002421055889271372,0.0005057139658162705
T04,2,BG1,21,0.002181618241596644,0.0005615051972687652
T04,2,BG1,22,0.0020982512950927677,0.0006610705361953157
T04,2,BG1,23,0.0019703823286077522,0.0007524401947915355
T04,2,BG1,24,0.0018843952990396315,0.0008606031390654095
T04,2,BG1,25,0.005786684044426914,0.0031077795736877316
T04,2,BG1,26,0.007614863991798555,0.004715168520881513
T04,2,BG1,27,0.00902343128439345,0.006304407620370188
T04,2,BG1,28,0.010078030561830103,0.00777150440654408
T04,2,BG1,29,0.01086868615533622,0.009057410851656454
T04,2,BG1,30,0.011334112132867231,0.010016009785737892
T04,2,BG1,31,0.011582808993516248,0.010682017776570091
T04,2,BG1,32,0.01174381333678854,0.01115878576558617
T04,2,BG1,33,0.011785954576340492,0.011426199743569752
T04,2,BG1,34,0.011801370846007677,0.01159081957542182
T04,2,BG1,35,0.011812937214559598,0.011695977560479102
T04,2,BG1,36,0.011837549368694777,0.011837549368694777
T04,2,BG2,0,0.0,0.0
T04,2,BG2,1,0.002100263626034809,1.2167354039601923e-05
T04,2,BG2,2,0.0038735072008358224,2.6215761752632827e-05
T04,2,BG2,3,0.005305970774474458,4.209484420247532e-05
T04,2,BG2,4,0.006601656421644838,6.160938637328203e-05
T04,2,BG2,5,0.007723809390155419,8.510078087822068e-05
T04,2,BG2,6,0.008623047828767307,0.00011259072960889247
T04,2,BG2,7,0.009409339118628972,0.00014615868858110386
T04,2,BG2,8,0.01004590619586196,0.0001863848887034452
T04,2,BG2,9,0.010631655781199782,0.00023656680641069068
T04,2,BG2,10,0.011140529207522945,0.00029853757127468395
T04,2,BG2,11,0.011519464268468204,0.0003733317275587306
T04,2,BG2,12,0.011850899837159222,0.00046645853274174194
T04,2,BG2,13,0.008390178493074878,0.000402748689338121
T04,2,BG2,14,0.006849743905932683,0.00040260011594433326
T04,2,BG2,15,0.005650256565704718,0.000408149442582757
T04,2,BG2,16,0.004636191524619436,0.0004129381969210284
T04,2,BG2,17,0.0038799074219501672,0.0004272163866480306
T04,2,BG2,18,0.00329539459254934,0.00044931308070517736
T04,2,BG2,19,0.0028483666538212126,0.00048104583259940645
T04,2,BG2,20,0.0025517052640834353,0.0005330042133047951
T04,2,BG2,21,0.0023111232457711526,0.0005948372129160994
T04,2,BG2,22,0.0022255213094733847,0.0007011679530107098
T04,2,BG2,23,0.002160057430921895,0.0008248724167595268
T04,2,BG2,24,0.0020945454592429334,0.0009565786956714433
T04,2,BG2,25,0.006112275003180126,0.003282640506481033
T04,2,BG2,26,0.007906135385434353,0.004895525471287781
T04,2,BG2,27,0.009308263708129124,0.006503411732142437
T04,2,BG2,28,0.010338590060130723,0.007972430504842396
T04,2,BG2,29,0.011126177344435516,0.009271990935145186
T04,2,BG2,30,0.011602986714615298,0.010253615547297257
T04,2,BG2,31,0.011924209225226436,0.010996867388873911
T04,2,BG2,32,0.012099314210131622,0.011496577067840474
T04,2,BG2,33,0.01215278421446069,0.011781832285031739
T04,2,BG2,34,0.012178955975554753,0.011961668077867877
T04,2,BG2,35,0.012189079086466452,0.012068395256713023
T04,2,BG2,36,0.012218209184772457,0.012218209184772457
T04,2,BG3,0,0.0,0.0
T04,2,BG3,1,0.0022947965037914578,1.3294331848429724e-05
T04,2,BG3,2,0.004208120861516847,2.8480415335345555e-05
T04,2,BG3,3,0.0058269796165950774,4.6228260412341876e-05
T04,2,BG3,4,0.007248951637312672,6.765021287344705e-05
T04,2,BG3,5,0.008471788095143524,9.33419956179949e-05
T04,2,BG3,6,0.009519798668595716,0.00012429956299135918
T04,2,BG3,7,0.010421953131561117,0.0001618879901520801
T04,2,BG3,8,0.011167953275857007,0.00020720258478450584
T04,2,BG3,9,0.011785675185630761,0.00026224509078258163
T04,2,BG3,10,0.012373745480414223,0.0003315845995115185
T04,2,BG3,11,0.012809461565398245,0.00041513895804220325
T04,2,BG3,12,0.013200868679851945,0.0005195941175555115
T04,2,BG3,13,0.009324522260772967,0.0004475994291633642
T04,2,BG3,14,0.007651880487404703,0.00044974644654596844
T04,2,BG3,15,0.006264648708502639,0.00045253040293184157
T04,2,BG3,16,0.005160969256297357,0.0004596793141869224
T04,2,BG3,17,0.004312789234842122,0.00047488097847661766
T04,2,BG3,18,0.003651935238792807,0.0004979258865728099
T04,2,BG3,19,0.0030654321910985605,0.0005177049019066719
T04,2,BG3,20,0.002707720454124813,0.0005655929114747315
T04,2,BG3,21,0.0024585573918166808,0.0006327838330762051
T04,2,BG3,22,0.0023358168438413654,0.0007359174264227972
T04,2,BG3,23,0.0021821255715848502,0.0008332996932299675
T04,2,BG3,24,0.0021101831676462856,0.000963720436434001
T04,2,BG3,25,0.00554527073944624,0.0029781268506364742
T04,2,BG3,26,0.006998916017259441,0.004333769920333081
T04,2,BG3,27,0.00804091215444995,0.005617950248389415
T04,2,BG3,28,0.008812198860215989,0.006795379504380658
T04,2,BG3,29,0.009351136929798195,0.0077927624505000305
T04,2,BG3,30,0.009652518368198073,0.00852997723625321
T04,2,BG3,31,0.009821812466928967,0.0090579733532985
T04,2,BG3,32,0.009947017227140505,0.00945149849191264
T04,2,BG3,33,0.009983497259301309,0.009678760697676418
T04,2,BG3,34,0.009995964740625097,0.009817624177253908
T04,2,BG3,35,0.010003890899497981,0.009904842558897455
T04,2,BG3,36,0.01002425809254565,0.01002425809254565
T04,2,BG4,0,0.0,0.0
T04,2,BG4,1,0.002506881964917426,1.4522996126122476e-05
T04,2,BG4,2,0.004653412696913069,3.149413501083675e-05
T04,2,BG4,3,0.006488584189423654,5.147709096888478e-05
T04,2,BG4,4,0.008061484897837628,7.52331091697873e-05
T04,2,BG4,5,0.009483027617536785,0.0001044838128048772
T04,2,BG4,6,0.010628763996981722,0.00013877927115724873
T04,2,BG4,7,0.011655131905317001,0.0001810434045201943
T04,2,BG4,8,0.012412373868090576,0.0002302907158417724
T04,2,BG4,9,0.01313469298269069,0.00029226231850159137
T04,2,BG4,10,0.013811490755923136,0.0003701124811743382
T04,2,BG4,11,0.014373632994303153,0.0004658318395964409
T04,2,BG4,12,0.014854062992791585,0.0005846648373592813
T04,2,BG4,13,0.010508277757571011,0.0005044225313963595
T04,2,BG4,14,0.008582736434801976,0.0005044583755803686
T04,2,BG4,15,0.00702382373062069,0.0005073698346961998
T04,2,BG4,16,0.005730991827761893,0.0005104503167119809
T04,2,BG4,17,0.004779540976190686,0.0005262749861151837
T04,2,BG4,18,0.004039389301354869,0.0005507536060118629
T04,2,BG4,19,0.0033676461125338947,0.0005687442403426597
T04,2,BG4,20,0.0029145511510873683,0.0006087960340007717
T04,2,BG4,21,0.0026574307586359367,0.0006839698873959179
T04,2,BG4,22,0.00248514139624246,0.0007829632983899984
T04,2,BG4,23,0.002371162882107265,0.0009054883587011872
T04,2,BG4,24,0.0022652354988216606,0.0010345328199398737
T04,2,BG4,25,0.005939504766170216,0.003189853017768206
T04,2,BG4,26,0.007483613119086441,0.004633897203530126
T04,2,BG4,27,0.00855822170147765,0.005979379286927021
T04,2,BG4,28,0.0093878360389684,0.007239272448840549
T04,2,BG4,29,0.009970716148042642,0.008309088277595146
T04,2,BG4,30,0.010375529949157757,0.009168906089390336
T04,2,BG4,31,0.010573785898110867,0.009751466037946547
T04,2,BG4,32,0.010743803886907058,0.0102085925702825
T04,2,BG4,33,0.010820968406482003,0.010490668857305692
T04,2,BG4,34,0.010843965805418111,0.010650495832146938
T04,2,BG4,35,0.01085768157198884,0.010750179846715469
T04,2,BG4,36,0.010881644542497158,0.010881644542497158
T04,2,BG5,0,0.0,0.0
T04,2,BG5,1,0.008637535067882632,5.0039407645605165e-05
T04,2,BG5,2,0.016153729286249162,0.00010932787673622747
T04,2,BG5,3,0.022736924824125627,0.0001803830719686626
T04,2,BG5,4,0.028434813037703177,0.00026536542709306446
T04,2,BG5,5,0.03338596310203751,0.0003678458891130372
T04,2,BG5,6,0.037673701923846885,0.0004919037532600781
T04,2,BG5,7,0.04132488148019858,0.0006419144202311284
T04,2,BG5,8,0.044479216586728015,0.0008252370374097733
T04,2,BG5,9,0.047188495721869075,0.0010499993579951897
T04,2,BG5,10,0.04945899694808442,0.0013253740965129184
T04,2,BG5,11,0.0513813336078618,0.0016652060807762362
T04,2,BG5,12,0.053003320725815685,0.0020862425300022876
T04,2,BG5,13,0.03710213317646068,0.0017809913658254509
T04,2,BG5,14,0.030027869688592647,0.0017649161833831702
T04,2,BG5,15,0.024173262941065848,0.0017461691619519997
T04,2,BG5,16,0.019320851577655257,0.001720877483545665
T04,2,BG5,17,0.015441188791600865,0.0017002284279177878
T04,2,BG5,18,0.012292739331883405,0.0016760628892706516
T04,2,BG5,19,0.009665300433776603,0.0016323223309267529
T04,2,BG5,20,0.0077246999292521065,0.001613547486874667
T04,2,BG5,21,0.006205052401925097,0.0015970572210204815
T04,2,BG5,22,0.005101968489485387,0.0016074152075984686
T04,2,BG5,23,0.004312804051740478,0.001646953014786288
T04,2,BG5,24,0.003779688140579648,0.0017261831854714898
T04,2,BG5,25,0.00924656408308513,0.004965932602902725
T04,2,BG5,26,0.012003347158712428,0.00743254307315402
T04,2,BG5,27,0.01397666019522242,0.009765083864381421
T04,2,BG5,28,0.015338417535975063,0.011827963730524691
T04,2,BG5,29,0.01632553364158228,0.013604870318451088
T04,2,BG5,30,0.017011166685554253,0.015032850364298252
T04,2,BG5,31,0.017430183268775157,0.016074643651120334
T04,2,BG5,32,0.01772026921834186,0.01683751964963018
T04,2,BG5,33,0.017833212264486604,0.017288870763825116
T04,2,BG5,34,0.017902521703158723,0.017583118186020107
T04,2,BG5,35,0.0179369100923011,0.017759317105342835
T04,2,BG5,36,0.01798967652859452,0.01798967652859452
T04,2,BG6,0,0.0,0.0
T04,2,BG6,1,0.0074627219382178405,4.323342036147673e-05
T04,2,BG6,2,0.01398466078308501,9.464769660046392e-05
T04,2,BG6,3,0.019676563518264186,0.00015610373891577188
T04,2,BG6,4,0.024618215906497327,0.00022974736561526453
T04,2,BG6,5,0.028857815741658396,0.0003179548504143029
T04,2,BG6,6,0.032615470216307584,0.0004258586599884889
T04,2,BG6,7,0.03577572564160798,0.0005557173640409394
T04,2,BG6,8,0.038563428829314926,0.0007154795463155553
T04,2,BG6,9,0.04102955531616307,0.000912955711191642
T04,2,BG6,10,0.0431910265102765,0.0011574085810971543
T04,2,BG6,11,0.04501160771347407,0.0014587710704815767
T04,2,BG6,12,0.046600253377015705,0.0018342139572209443
T04,2,BG6,13,0.03265261615096117,0.00156740387913841
T04,2,BG6,14,0.026506654236238963,0.0015579534386391965
T04,2,BG6,15,0.02142318423834032,0.0015475156913618822
T04,2,BG6,16,0.017323890608161502,0.0015430113523154504
T04,2,BG6,17,0.014122436098947859,0.0015550206410526526
T04,2,BG6,18,0.011570471498033294,0.0015775847354283716
T04,2,BG6,19,0.009650997496248002,0.0016299067807097219
T04,2,BG6,20,0.008333601059483536,0.0017407357098985653
T04,2,BG6,21,0.0075601848475532534,0.0019458413961862418
T04,2,BG6,22,0.00733822764820295,0.002311966205357505
T04,2,BG6,23,0.007211909826347344,0.0027540496880171144
T04,2,BG6,24,0.007386638913301597,0.003373477233463854
T04,2,BG6,25,0.011956241455698607,0.006421183989653505
T04,2,BG6,26,0.013797041438513258,0.008543209108186709
T04,2,BG6,27,0.015137744577447059,0.010576299578607297
T04,2,BG6,28,0.01613273746425385,0.012440490272318977
T04,2,BG6,29,0.016768178041561627,0.013973747676184034
T04,2,BG6,30,0.017363494829899354,0.015344204453217823
T04,2,BG6,31,0.017772389583099776,0.016390236674819193
T04,2,BG6,32,0.01804727997805405,0.017148240071839606
T04,2,BG6,33,0.018212387878482693,0.017656472493108085
T04,2,BG6,34,0.01830413568488681,0.017977566856834198
T04,2,BG6,35,0.018359826942951924,0.01817804671303993
T04,2,BG6,36,0.018432832516180137,0.018432832516180137
T04,2,BG7,0,0.0,0.0
T04,2,BG7,1,0.012720499561964534,7.369304535493742e-05
T04,2,BG7,2,0.02385382202139409,0.00016144183674617757
T04,2,BG7,3,0.033546463455856414,0.000266140393948168
T04,2,BG7,4,0.04201110093209764,0.00039206495815053544
T04,2,BG7,5,0.04925917022078747,0.0005427365755035928
T04,2,BG7,6,0.05557030819294345,0.0007255788978689372
T04,2,BG7,7,0.060952314114085346,0.0009467944738038101
T04,2,BG7,8,0.06556673123630222,0.0012164803951707956
T04,2,BG7,9,0.06943726689464144,0.0015450605989516968
T04,2,BG7,10,0.07267898455951569,0.0019476101262082398
T04,2,BG7,11,0.07534188356331895,0.0024417381577312557
T04,2,BG7,12,0.07755859112498281,0.003052752714539587
T04,2,BG7,13,0.05438531682215377,0.002610625630622598
T04,2,BG7,14,0.043880904938195214,0.002579141305884634
T04,2,BG7,15,0.03521783697877619,0.002543980147978383
T04,2,BG7,16,0.02810997813927145,0.002503710995173202
T04,2,BG7,17,0.022288049699641845,0.0024541358923067806
T04,2,BG7,18,0.01762423287574867,0.0024029894341777405
T04,2,BG7,19,0.01386292276237318,0.002341236935643456
T04,2,BG7,20,0.010924560238714225,0.002281939345590549
T04,2,BG7,21,0.008696505891101616,0.002238307858933744
T04,2,BG7,22,0.00711217438308091,0.002240746350699416
T04,2,BG7,23,0.006045083246428891,0.002308467524052454
T04,2,BG7,24,0.005421308362513431,0.0024759109759237732
T04,2,BG7,25,0.0118354630804235,0.006356319115010918
T04,2,BG7,26,0.014422244921551159,0.00893033880031052
T04,2,BG7,27,0.016277687247383293,0.011372744200539688
T04,2,BG7,28,0.017570095557803436,0.013548884833551083
T04,2,BG7,29,0.018457192427309792,0.015381286420879978
T04,2,BG7,30,0.01901774447986735,0.01680607294659246
T04,2,BG7,31,0.019381694883981417,0.01787438691039465
T04,2,BG7,32,0.019654165778558958,0.01867507760440665
T04,2,BG7,33,0.019749417774349912,0.019146586008717204
T04,2,BG7,34,0.019818706295978004,0.019465115650583228
T04,2,BG7,35,0.01985252824302574,0.01965596878347123
T04,2,BG7,36,0.019904281960961067,0.019904281960961067
T04,2,BG8,0,0.0,0.0
T04,2,BG8,1,0.011585983015507733,6.712050637701147e-05
T04,2,BG8,2,0.021686146965434323,0.00014677108696296758
T04,2,BG8,3,0.030507757817779677,0.00024203286601515153
T04,2,BG8,4,0.03814562489360974,0.00035599073786711917
T04,2,BG8,5,0.044590967996557575,0.0004913024145492587
T04,2,BG8,6,0.05033974053962119,0.0006572836234219301
T04,2,BG8,7,0.05519306444656896,0.0008573339545293891
T04,2,BG8,8,0.05928397332115871,0.0010999143867504797
T04,2,BG8,9,0.06262791693695938,0.0013935445812326107
T04,2,BG8,10,0.06523251107289785,0.0017480637621367706
T04,2,BG8,11,0.06721405263063313,0.0021783251159047316
T04,2,BG8,12,0.06855182127662587,0.00269824084783386
T04,2,BG8,13,0.048220339940745906,0.0023146919492030493
T04,2,BG8,14,0.03889088832792071,0.002285848403672881
T04,2,BG8,15,0.031247349042120152,0.0022571697297543974
T04,2,BG8,16,0.0249904421672447,0.0022258588919516847
T04,2,BG8,17,0.01981086368334147,0.0021813730824782013
T04,2,BG8,18,0.01572447578979069,0.0021439656075090607
T04,2,BG8,19,0.012332366993058893,0.002082749335099371
T04,2,BG8,20,0.00977956372077813,0.002042770666773455
T04,2,BG8,21,0.0077094008985493685,0.0019842466425371258
T04,2,BG8,22,0.006241841699196284,0.0019665412090761397
T04,2,BG8,23,0.0051872775574630615,0.0019808927837200257
T04,2,BG8,24,0.004541853772114501,0.002074264152738443
T04,2,BG8,25,0.008772355173626126,0.004711255348930797
T04,2,BG8,26,0.011505699565649783,0.007124396758506393
T04,2,BG8,27,0.01361129327676585,0.009509812650964554
T04,2,BG8,28,0.01522240206642698,0.011738500323135732
T04,2,BG8,29,0.016381869353433838,0.013651817665102336
T04,2,BG8,30,0.01723508437967816,0.015230727521171588
T04,2,BG8,31,0.01791598579657006,0.016522665515367393
T04,2,BG8,32,0.018395523578840802,0.01747913564496489
T04,2,BG8,33,0.01865822417684718,0.018088700020690327
T04,2,BG8,34,0.01881321500742027,0.01847756358379254
T04,2,BG8,35,0.01890112878531702,0.018713989087222424
T04,2,BG8,36,0.019018638127812345,0.019018638127812345
T04,2,BG9,0,0.0,0.0
T04,2,BG9,1,0.008272911683413134,4.792705293606785e-05
T04,2,BG9,2,0.015499891163067695,0.00010490272323918124
T04,2,BG9,3,0.021842326406856565,0.00017328578789005853
T04,2,BG9,4,0.02730863049015015,0.00025485542682051286
T04,2,BG9,5,0.03205406832297195,0.00035317109934289773
T04,2,BG9,6,0.036074322404038406,0.0004710207303068513
T04,2,BG9,7,0.03961926197358093,0.0006154204122619135
T04,2,BG9,8,0.042544683554804175,0.0007893450289542447
T04,2,BG9,9,0.04503965821880677,0.0010021852016039404
T04,2,BG9,10,0.04710579138069781,0.0012623142289907461
T04,2,BG9,11,0.04884358225326208,0.0015829606706395819
T04,2,BG9,12,0.05024399759654529,0.001977633917865195
T04,2,BG9,13,0.03532852092906505,0.0016958537255079703
T04,2,BG9,14,0.028598901887142175,0.0016809272560574455
T04,2,BG9,15,0.023085659120423225,0.0016676054979602747
T04,2,BG9,16,0.01860973573603046,0.0016575395314830416
T04,2,BG9,17,0.015101006613242578,0.0016627709850682618
T04,2,BG9,18,0.012397225988458094,0.0016903092007386703
T04,2,BG9,19,0.01018681572941446,0.0017203983358220973
T04,2,BG9,20,0.008824287386339967,0.0018432310400415461
T04,2,BG9,21,0.007985550080936583,0.002055321954833697
T04,2,BG9,22,0.007589372215073357,0.0023910912726971055
T04,2,BG9,23,0.007459080159310013,0.002848437913614373
T04,2,BG9,24,0.00751285690819647,0.003431120984597609
T04,2,BG9,25,0.009766701238107486,0.005245275936951097
T04,2,BG9,26,0.011442011915051991,0.00708496098949057
T04,2,BG9,27,0.012831806815774007,0.008965208291734734
T04,2,BG9,28,0.013862373622295733,0.010689737184044867
T04,2,BG9,29,0.014623249356821733,0.012186273084614313
T04,2,BG9,30,0.015199842703557242,0.0134321746380362
T04,2,BG9,31,0.015531553632607347,0.014323669823916363
T04,2,BG9,32,0.015757435885712098,0.014972466437916086
T04,2,BG9,33,0.015852674077573514,0.015368786588274338
T04,2,BG9,34,0.015929346237426284,0.015645146682689327
T04,2,BG9,35,0.015967716745703183,0.015809620667847673
T04,2,BG9,36,0.016027436546653256,0.016027436546653256
T04,2,BG10,0,0.0,0.0
T04,2,BG10,1,0.007153396989659797,4.1441423470940895e-05
T04,2,BG10,2,0.01340433918800885,9.07201005547766e-05
T04,2,BG10,3,0.018755594983860494,0.00014879724797737167
T04,2,BG10,4,0.023444040273785705,0.0002187894736938359
T04,2,BG10,5,0.027472058730798745,0.00030268660608051166
T04,2,BG10,6,0.03091741943695886,0.0004036872903725062
T04,2,BG10,7,0.03395631972425169,0.0005274558710918822
T04,2,BG10,8,0.03650851203419703,0.0006773540209935072
T04,2,BG10,9,0.03856389694173824,0.0008580919224381885
T04,2,BG10,10,0.04018925333129898,0.0010769687711534369
T04,2,BG10,11,0.04149754854637164,0.0013448847173906438
T04,2,BG10,12,0.042504707122671855,0.0016730107969989351
T04,2,BG10,13,0.029898622275493406,0.0014352055674143624
T04,2,BG10,14,0.02418801792332416,0.001421673417855533
T04,2,BG10,15,0.0194219431976121,0.0014029549254338056
T04,2,BG10,16,0.015568642836775112,0.0013866742281569606
T04,2,BG10,17,0.012456153121512699,0.0013715463151080963
T04,2,BG10,18,0.009963067679392909,0.0013584220367739187
T04,2,BG10,19,0.007893458238624754,0.0013330851173052663
T04,2,BG10,20,0.006354416467269243,0.0013273205170110049
T04,2,BG10,21,0.005184881397711264,0.0013344854731267217
T04,2,BG10,22,0.0043600038578548725,0.001373653430415974
T04,2,BG10,23,0.003804292393363578,0.0014527650132780804
T04,2,BG10,24,0.003408600338990671,0.0015567074249692651
T04,2,BG10,25,0.007368693511596474,0.00395740893940831
T04,2,BG10,26,0.009243943150958027,0.0057239039322796005
T04,2,BG10,27,0.010636621103246363,0.007431496187400984
T04,2,BG10,28,0.011716080272266496,0.009034659041475582
T04,2,BG10,29,0.012575528220167052,0.0104798062978121
T04,2,BG10,30,0.013270623682876063,0.011727314451854697
T04,2,BG10,31,0.013733064351260801,0.01266504841455502
T04,2,BG10,32,0.014086901559113872,0.013385151130881779
T04,2,BG10,33,0.014272014325650176,0.013836374966326713
T04,2,BG10,34,0.014371852554383065,0.014115440681170495
T04,2,BG10,35,0.0144367472657546,0.014293809306662715
T04,2,BG10,36,0.01452240049641154,0.01452240049641154
T04,2,BG11,0,0.0,0.0
T04,2,BG11,1,0.0061813222527451325,3.5809950579321544e-05
T04,2,BG11,2,0.011558448164864137,7.822717435251808e-05
T04,2,BG11,3,0.016226256645557255,0.00012873077781703379
T04,2,BG11,4,0.020315681817239705,0.0001895943396650636
T04,2,BG11,5,0.023848555991934955,0.00026276292365334455
T04,2,BG11,6,0.026845243570372917,0.00035051708208349994
T04,2,BG11,7,0.029406623418190923,0.0004567837810562441
T04,2,BG11,8,0.031630515724659906,0.0005868510077102585
T04,2,BG11,9,0.033460523119243926,0.0007445358711147569
T04,2,BG11,10,0.03501590754854127,0.0009383363899999514
T04,2,BG11,11,0.03627196907484913,0.001175530084716736
T04,2,BG11,12,0.037318475936013264,0.0014688776225184033
T04,2,BG11,13,0.02624483907714204,0.0012598152131261197
T04,2,BG11,14,0.021239198176566727,0.001248353775673001
T04,2,BG11,15,0.017183437925312843,0.001241255248529441
T04,2,BG11,16,0.013805397361330386,0.00122962475876162
T04,2,BG11,17,0.011114959679888748,0.0012238675854360382
T04,2,BG11,18,0.009067850004229057,0.0012363629053887303
T04,2,BG11,19,0.007410856556150537,0.001251581027460575
T04,2,BG11,20,0.006153979263276265,0.001285452877245965
T04,2,BG11,21,0.005355066121364418,0.0013782876410491857
T04,2,BG11,22,0.004992251703150111,0.0015728480729959766
T04,2,BG11,23,0.004672948886951007,0.0017844834067377011
T04,2,BG11,24,0.004576461207462412,0.002090069364417022
T04,2,BG11,25,0.00800236210272596,0.004297725142239826
T04,2,BG11,26,0.009653763382975843,0.005977666999609774
T04,2,BG11,27,0.01093376327073947,0.0076391007694632095
T04,2,BG11,28,0.011837297536169168,0.009128133689220332
T04,2,BG11,29,0.012466375499988162,0.010388843943624954
T04,2,BG11,30,0.012944833819246885,0.01143941231273207
T04,2,BG11,31,0.013221370348370565,0.012193148766336887
T04,2,BG11,32,0.013438316114064004,0.01276887547781646
T04,2,BG11,33,0.01352964890589992,0.013116669521803497
T04,2,BG11,34,0.013580525900385772,0.013338232186629596
T04,2,BG11,35,0.013612399574138706,0.013477623476754972
T04,2,BG11,36,0.01365965985976467,0.01365965985976467
T04,2,BG12,0,0.0,0.0
T04,2,BG12,1,0.007372125569524891,4.270857292536889e-05
T04,2,BG12,2,0.01372692628005986,9.29033587621231e-05
T04,2,BG12,3,0.019212231347019767,0.0001524199660018675
T04,2,BG12,4,0.023974282997993774,0.00022373791795104344
T04,2,BG12,5,0.02809165165361629,0.0003095132695236859
T04,2,BG12,6,0.031710883451560576,0.00041404751311831185
T04,2,BG12,7,0.034829420249843375,0.0005410180580485027
T04,2,BG12,8,0.037406551699776636,0.0006940156383350946
T04,2,BG12,9,0.039606704083803096,0.0008812956021994835
T04,2,BG12,10,0.04137969171671655,0.0011088694643273853
T04,2,BG12,11,0.04282228321274298,0.0013878177452346032
T04,2,BG12,12,0.043960919202267,0.001730328179586449
T04,2,BG12,13,0.03088489386179209,0.0014825489703028743
T04,2,BG12,14,0.02494180972979607,0.0014659782348705357
T04,2,BG12,15,0.02006971355109557,0.0014497469824029695
T04,2,BG12,16,0.016075096650069075,0.0014317832611847143
T04,2,BG12,17,0.012846797513808059,0.0014145601461564166
T04,2,BG12,18,0.01028644625182032,0.0014025133354158194
T04,2,BG12,19,0.008095072703020099,0.0013671347335083418
T04,2,BG12,20,0.00647568146980167,0.0013526505394016596
T04,2,BG12,21,0.005202472671809393,0.001339013118979223
T04,2,BG12,22,0.004235626009069807,0.0013344672101312002
T04,2,BG12,23,0.003558770016749897,0.0013590061014382303
T04,2,BG12,24,0.0031304856936256852,0.0014296924952334868
T04,2,BG12,25,0.007677274968847815,0.004123134781652453
T04,2,BG12,26,0.00997537106750541,0.006176808376358371
T04,2,BG12,27,0.011692871093999396,0.00816946720261008
T04,2,BG12,28,0.012933137044520638,0.009973171970122752
T04,2,BG12,29,0.01385632330776851,0.011547155866769914
T04,2,BG12,30,0.014472676174227024,0.012789574065136164
T04,2,BG12,31,0.014896447517930218,0.013737955696440053
T04,2,BG12,32,0.015214742937661011,0.014456808203646091
T04,2,BG12,33,0.015353149657477352,0.014884509695335174
T04,2,BG12,34,0.01543156104237854,0.015156242581370228
T04,2,BG12,35,0.015475727631012843,0.015322502733630285
T04,2,BG12,36,0.015544315982273474,0.015544315982273474
T04,2,BG13,0,0.0,0.0
T04,2,BG13,1,0.006736518262895338,3.902634029214424e-05
T04,2,BG13,2,0.012605547193404818,8.531390399579925e-05
T04,2,BG13,3,0.017669654794253392,0.00014018195648682
T04,2,BG13,4,0.022054353721081905,0.00020582034466212453
T04,2,BG13,5,0.02588582707426033,0.000285209536953132
T04,2,BG13,6,0.029168696163861838,0.0003808542922606686
T04,2,BG13,7,0.0320221918663568,0.0004974123578758558
T04,2,BG13,8,0.034445476930430555,0.0006390778756726196
T04,2,BG13,9,0.03642235276261658,0.0008104400508224905
T04,2,BG13,10,0.038102122855648235,0.001021039036937085
T04,2,BG13,11,0.039523115239359745,0.001280895753497949
T04,2,BG13,12,0.04071207764125434,0.0016024518214151906
T04,2,BG13,13,0.02858241597119996,0.0013720245094875944
T04,2,BG13,14,0.0231040281782476,0.0013579609039667561
T04,2,BG13,15,0.018598488800538826,0.001343472239732356
T04,2,BG13,16,0.014936288351743451,0.0013303514200389002
T04,2,BG13,17,0.011992016204659093,0.001320440224989246
T04,2,BG13,18,0.009647803716238015,0.0013154371330636678
T04,2,BG13,19,0.007654207430393429,0.0012926792936191337
T04,2,BG13,20,0.006246537985669959,0.0013047866919138791
T04,2,BG13,21,0.005101158369613716,0.0013129368309786466
T04,2,BG13,22,0.00438090744693557,0.0013802392691747534
T04,2,BG13,23,0.003852024271491619,0.0014709926347155756
T04,2,BG13,24,0.0035488609594005196,0.0016207644372991407
T04,2,BG13,25,0.007709856040841088,0.004140632689049578
T04,2,BG13,26,0.00965815399611342,0.005980385717051026
T04,2,BG13,27,0.011225339990272832,0.007842816868331671
T04,2,BG13,28,0.012350858050087506,0.009524157268882833
T04,2,BG13,29,0.013166472628629028,0.010972269355070655
T04,2,BG13,30,0.013730626905201451,0.012133821487516985
T04,2,BG13,31,0.014129761782604963,0.013030894883226441
T04,2,BG13,32,0.014409318261948679,0.013691506390985052
T04,2,BG13,33,0.01451632022437007,0.014073223679077129
T04,2,BG13,34,0.014577103738879426,0.014317029866486534
T04,2,BG13,35,0.014608354425209014,0.014463717376283798
T04,2,BG13,36,0.014660697302098381,0.014660697302098381
T04,2,BG14,0,0.0,0.0
T04,2,BG14,1,0.006378160580433308,3.6950284450763125e-05
T04,2,BG14,2,0.011908815698953508,8.059844974249379e-05
T04,2,BG14,3,0.016698798589735695,0.00013247968292305355
T04,2,BG14,4,0.020884629182568976,0.00019490399176774016
T04,2,BG14,5,0.024434381970619774,0.00026921754266363043
T04,2,BG14,6,0.02748347558624778,0.00035885044745644247
T04,2,BG14,7,0.030076576835593966,0.0004671904113675926
T04,2,BG14,8,0.032064538844534536,0.0005949035762199005
T04,2,BG14,9,0.03382558735448746,0.000752658977790458
T04,2,BG14,10,0.03509541329319643,0.0009404669415546531
T04,2,BG14,11,0.03606255165137212,0.001168743126523882
T04,2,BG14,12,0.03682565779515368,0.001449480004401575
T04,2,BG14,13,0.0261804470500927,0.0012567242413437662
T04,2,BG14,14,0.021168337421707557,0.001244188866176365
T04,2,BG14,15,0.017136927548333788,0.0012378955415370918
T04,2,BG14,16,0.013832684231026997,0.0012320551585880907
T04,2,BG14,17,0.011278391958268673,0.0012418630995551007
T04,2,BG14,18,0.00916496019829549,0.0012496034685685225
T04,2,BG14,19,0.007371008889760482,0.0012448513641996415
T04,2,BG14,20,0.006083681364820465,0.0012707689442627299
T04,2,BG14,21,0.005154017716616046,0.0013265417765125555
T04,2,BG14,22,0.004309504244806592,0.001357743129188658
T04,2,BG14,23,0.0038709549322876575,0.001478221784252386
T04,2,BG14,24,0.0035083455528583203,0.0016022610549275619
T04,2,BG14,25,0.007239921975444235,0.0038882512801686913
T04,2,BG14,26,0.008961047036399787,0.005548732978438765
T04,2,BG14,27,0.010143546661837225,0.007086999491382454
T04,2,BG14,28,0.011057063029606714,0.008526468893525225
T04,2,BG14,29,0.011740977713580297,0.00978433430256129
T04,2,BG14,30,0.012261033649942433,0.010835134807521778
T04,2,BG14,31,0.01261027739569077,0.0116295802906495
T04,2,BG14,32,0.01284634104581998,0.012206390148373122
T04,2,BG14,33,0.012935459774612579,0.012540617422706412
T04,2,BG14,34,0.01300808566131999,0.012776005036032602
T04,2,BG14,35,0.01304686364588266,0.012917686879254176
T04,2,BG14,36,0.013110242980566225,0.013110242980566225
T04,2,BG15,0,0.0,0.0
T04,2,BG15,1,0.004391345928073521,2.5440168720177908e-05
T04,2,BG15,2,0.008178748433072182,5.535348440227267e-05
T04,2,BG15,3,0.011471171626905445,9.100637814045759e-05
T04,2,BG15,4,0.014373608382807684,0.0001341404545013415
T04,2,BG15,5,0.016843746935181255,0.00018558407467170115
T04,2,BG15,6,0.0189352119688032,0.0002472361710188063
T04,2,BG15,7,0.020801363716531553,0.0003231151522123947
T04,2,BG15,8,0.022235787243158306,0.00041254762421653835
T04,2,BG15,9,0.023525572518876447,0.0005234715724448441
T04,2,BG15,10,0.02464526769983497,0.0006604298796829002
T04,2,BG15,11,0.025487793725790794,0.0008260281720615932
T04,2,BG15,12,0.02621886277161286,0.001031990183701128
T04,2,BG15,13,0.01850401909973071,0.0008882372920639202
T04,2,BG15,14,0.014978468938131002,0.0008803735465819367
T04,2,BG15,15,0.012145925564109908,0.0008773677258868183
T04,2,BG15,16,0.009859690868404433,0.0008781869678669755
T04,2,BG15,17,0.008053534719718177,0.0008867742523787684
T04,2,BG15,18,0.0067053458293346675,0.0009142454764338228
T04,2,BG15,19,0.005549350127952464,0.000937200886578443
T04,2,BG15,20,0.004833558699740246,0.001009641352573935
T04,2,BG15,21,0.004223586819019268,0.001087067346574002
T04,2,BG15,22,0.004038540259235254,0.001272373799955801
T04,2,BG15,23,0.0038126661260925953,0.0014559627341499055
T04,2,BG15,24,0.0037895723388498017,0.0017306972993378692
T04,2,BG15,25,0.007692638530175711,0.004131385894255498
T04,2,BG15,26,0.009533584888720659,0.005903251780060356
T04,2,BG15,27,0.010741801556702601,0.007504982702741986
T04,2,BG15,28,0.011585915493206353,0.008934284637133699
T04,2,BG15,29,0.012138737227236058,0.0101158068945717
T04,2,BG15,30,0.012495918280898183,0.011042703548749214
T04,2,BG15,31,0.012681157157877723,0.011694947731739038
T04,2,BG15,32,0.0128146430255382,0.01217627119854166
T04,2,BG15,33,0.0128410234731687,0.012449063723815816
T04,2,BG15,34,0.012855242132328908,0.012625888456323248
T04,2,BG15,35,0.012859783564338827,0.012732459099099331
T04,2,BG15,36,0.012881939968746769,0.012881939968746769
T05,0,BG1,0,0.0,0.0
T05,0,BG1,1,0.002285143943715295,1.3238412132880907e-05
T05,0,BG1,2,0.00435016705228764,2.94417789735517e-05
T05,0,BG1,3,0.005919340572170871,4.6961004901628053e-05
T05,0,BG1,4,0.007394186435131648,6.900560405888704e-05
T05,0,BG1,5,0.008528694397150881,9.396898831052193e-05
T05,0,BG1,6,0.00944013033068917,0.00012325933732405814
T05,0,BG1,7,0.010165859862057043,0.00015791000017830774
T05,0,BG1,8,0.010810103889661072,0.0002005632916507298
T05,0,BG1,9,0.011248473591484329,0.00025029172577694904
T05,0,BG1,10,0.011647637550544977,0.00031212677177991984
T05,0,BG1,11,0.012035518255196026,0.00039005640424116545
T05,0,BG1,12,0.012278213967094323,0.0004832778734885194
T05,0,BG1,13,0.008850473002346058,0.0004248439276182188
T05,0,BG1,14,0.007209884924039248,0.00042376774283036056
T05,0,BG1,15,0.006017232469883301,0.0004346581528929585
T05,0,BG1,16,0.005057794158474911,0.0004504896722949125
T05,0,BG1,17,0.004191929935441906,0.00046157316718745914
T05,0,BG1,18,0.0036417859684815977,0.0004965420765773012
T05,0,BG1,19,0.003192158922582262,0.0005391071210463851
T05,0,BG1,20,0.002854323160683236,0.0005962155159408969
T05,0,BG1,21,0.0025829363660648504,0.0006647965100281116
T05,0,BG1,22,0.0024060828397107306,0.0007580552796649105
T05,0,BG1,23,0.0023245520704401803,0.0008876888436740038
T05,0,BG1,24,0.0022811555786280964,0.0010418035185753062
T05,0,BG1,25,0.005599208670360041,0.003007094590095407
T05,0,BG1,26,0.007209791419974933,0.0044643452173747595
T05,0,BG1,27,0.008292702105662481,0.0057938685327241024
T05,0,BG1,28,0.009062271930596826,0.006988219149505669
T05,0,BG1,29,0.009565361819268677,0.00797128658406276
T05,0,BG1,30,0.009741320526214695,0.00860845213424745
T05,0,BG1,31,0.0098417066949726,0.009076320431108823
T05,0,BG1,32,0.009842495973461683,0.009352184074472795
T05,0,BG1,33,0.00983284430744903,0.009532706245406999
T05,0,BG1,34,0.009831807022634734,0.009656395245169109
T05,0,BG1,35,0.009831769225959316,0.009734425049203523
T05,0,BG1,36,0.009841366614261037,0.009841366614261037
T05,0,BG2,0,0.0,0.0
T05,0,BG2,1,0.002734452609136361,1.5841369957018507e-05
T05,0,BG2,2,0.005113888407076336,3.4610618457915166e-05
T05,0,BG2,3,0.006945359357922615,5.510091030300838e-05
T05,0,BG2,4,0.00854998975363747,7.979203829817284e-05
T05,0,BG2,5,0.009965497429762365,0.00010979965606353433
T05,0,BG2,6,0.011158126781323361,0.00014569113636505614
T05,0,BG2,7,0.012162129005783536,0.00018891877529235394
T05,0,BG2,8,0.012841840028856744,0.00023825873733316385
T05,0,BG2,9,0.01316521531045345,0.00029294147616357055
T05,0,BG2,10,0.01339358579488822,0.00035891370074192486
T05,0,BG2,11,0.013700645400479381,0.0004440211354781404
T05,0,BG2,12,0.013831111343900597,0.0005444008471418869
T05,0,BG2,13,0.009850751244613591,0.0004728596825137066
T05,0,BG2,14,0.008079134508346204,0.0004748586998545386
T05,0,BG2,15,0.006646040358839421,0.0004800804419738795
T05,0,BG2,16,0.005413105032910924,0.0004821366465269335
T05,0,BG2,17,0.004501096214863535,0.0004956154496345423
T05,0,BG2,18,0.003754438639417428,0.0005119017903858086
T05,0,BG2,19,0.003187439768905424,0.0005383101277997745
T05,0,BG2,20,0.002792798586971787,0.0005833641660686692
T05,0,BG2,21,0.0024749036627739417,0.0006369910382913171
T05,0,BG2,22,0.0023239194924519167,0.000732169072658952
T05,0,BG2,23,0.0021898869632743087,0.0008362635761162055
T05,0,BG2,24,0.002107198351032408,0.0009623572705586394
T05,0,BG2,25,0.005888221031691476,0.003162310725350188
T05,0,BG2,26,0.0075411352806241715,0.004669515257305238
T05,0,BG2,27,0.008710918152467583,0.0060860638612193485
T05,0,BG2,28,0.009439802376095452,0.007279345441827635
T05,0,BG2,29,0.009940096992141892,0.008283571815851671
T05,0,BG2,30,0.01011612402989769,0.008939667817936951
T05,0,BG2,31,0.010166032879384867,0.009375423842705585
T05,0,BG2,32,0.010193990923021262,0.00968616901026141
T05,0,BG2,33,0.010207103132148754,0.009895541214841453
T05,0,BG2,34,0.01021349655938153,0.010031274915709371
T05,0,BG2,35,0.010216120817465903,0.010114971257237954
T05,0,BG2,36,0.01022572471977963,0.01022572471977963
T05,0,BG3,0,0.0,0.0
T05,0,BG3,1,0.004068341284103586,2.356892175580883e-05
T05,0,BG3,2,0.007621092941515403,5.157929136254534e-05
T05,0,BG3,3,0.010458082747157921,8.296905176445423e-05
T05,0,BG3,4,0.012988656349006101,0.00012121550957783072
T05,0,BG3,5,0.015080523085216922,0.0001661569088451808
T05,0,BG3,6,0.01727300614905433,0.00022553282848574889
T05,0,BG3,7,0.018621276958893485,0.0002892510710164704
T05,0,BG3,8,0.019761212375055445,0.00036663605088254665
T05,0,BG3,9,0.02026135397695027,0.0004508388806774822
T05,0,BG3,10,0.020612128710563747,0.0005523521124391995
T05,0,BG3,11,0.0207765613627496,0.0006733429034079272
T05,0,BG3,12,0.020892514347938845,0.0008223419102143953
T05,0,BG3,13,0.015077530748577902,0.0007237576334521672
T05,0,BG3,14,0.012384670927053039,0.0007279206386372832
T05,0,BG3,15,0.010190130595207108,0.0007360897826122424
T05,0,BG3,16,0.008484142300452378,0.0007556690450414787
T05,0,BG3,17,0.007046684099294415,0.0007759099878965748
T05,0,BG3,18,0.005932735433343248,0.0008089033244462636
T05,0,BG3,19,0.005165366588861026,0.0008723519031850606
T05,0,BG3,20,0.004494920030975089,0.0009389059742050827
T05,0,BG3,21,0.003915732776841402,0.0010078318309760196
T05,0,BG3,22,0.00372362833597714,0.0011731583283186614
T05,0,BG3,23,0.0035603729016197476,0.0013596182008942814
T05,0,BG3,24,0.003340306262596581,0.0015255175265641604
T05,0,BG3,25,0.006237837974402464,0.0033500749839985937
T05,0,BG3,26,0.007435034317767895,0.004603816938174304
T05,0,BG3,27,0.008164243882300899,0.005704118530465498
T05,0,BG3,28,0.00857933733821833,0.006615812255643483
T05,0,BG3,29,0.008783170960161223,0.007319448433394979
T05,0,BG3,30,0.008809740489862435,0.007785210330250007
T05,0,BG3,31,0.008835059339165102,0.008147959680568641
T05,0,BG3,32,0.008881134927328962,0.00843871399014877
T05,0,BG3,33,0.00887963935508784,0.008608596980822055
T05,0,BG3,34,0.008889104167830543,0.008730511400628702
T05,0,BG3,35,0.008903741048061789,0.008815585271056787
T05,0,BG3,36,0.008922742030296176,0.008922742030296176
T05,0,BG4,0,0.0,0.0
T05,0,BG4,1,0.003907636274830737,2.2637917282883053e-05
T05,0,BG4,2,0.007232981610873053,4.89525674332622e-05
T05,0,BG4,3,0.010177267899750014,8.074121110560852e-05
T05,0,BG4,4,0.012570767692646949,0.00011731559979657657
T05,0,BG4,5,0.014417749001497943,0.00015885447699393856
T05,0,BG4,6,0.016323902629517217,0.00021314042837313163
T05,0,BG4,7,0.017866220142473632,0.0002775224988696839
T05,0,BG4,8,0.018872512393095366,0.0003501477182354284
T05,0,BG4,9,0.01944893718249409,0.00043276165526276537
T05,0,BG4,10,0.019527395502685067,0.0005232840480650565
T05,0,BG4,11,0.019830694856451107,0.0006426885292605626
T05,0,BG4,12,0.01997889532610973,0.0007863813166355883
T05,0,BG4,13,0.014204271019293268,0.0006818390714233018
T05,0,BG4,14,0.011653404932720279,0.0006849397939122363
T05,0,BG4,15,0.00948130193987483,0.000684887147281928
T05,0,BG4,16,0.00784738620219345,0.0006989541945173751
T05,0,BG4,17,0.006463352622194032,0.0007116793904920489
T05,0,BG4,18,0.005382252695799164,0.0007338473363447487
T05,0,BG4,19,0.004538036371896302,0.0007664053639087461
T05,0,BG4,20,0.003986082591385153,0.0008326192077521052
T05,0,BG4,21,0.0033538692698787008,0.000863219324444174
T05,0,BG4,22,0.003096333655641149,0.0009755242166452788
T05,0,BG4,23,0.0029044676061286572,0.001109144218588983
T05,0,BG4,24,0.002722881861779562,0.001243539867217369
T05,0,BG4,25,0.006404677640264596,0.003439677394917563
T05,0,BG4,26,0.007877806488747419,0.0048779840740550175
T05,0,BG4,27,0.008661916611533694,0.006051827897482895
T05,0,BG4,28,0.009047863233855782,0.0069771081395890965
T05,0,BG4,29,0.009209636585514444,0.0076748432361569965
T05,0,BG4,30,0.009249432136393728,0.008173767976755564
T05,0,BG4,31,0.009274475460151371,0.008553202573078083
T05,0,BG4,32,0.00927345222322667,0.008811487693063497
T05,0,BG4,33,0.00925369882870644,0.008971238638179111
T05,0,BG4,34,0.009264815183485813,0.009099519226657847
T05,0,BG4,35,0.009270811649596198,0.00917902153260616
T05,0,BG4,36,0.00927980110028775,0.00927980110028775
T05,0,BG5,0,0.0,0.0
T05,0,BG5,1,0.010604083828924998,6.14321180596994e-05
T05,0,BG5,2,0.019634634984615037,0.00013288652531486575
T05,0,BG5,3,0.027420592983202683,0.0002175408870564008
T05,0,BG5,4,0.034239061161066744,0.0003195330714665231
T05,0,BG5,5,0.04005471513808448,0.00044132206926251257
T05,0,BG5,6,0.0451405989157126,0.000589398676553703
T05,0,BG5,7,0.04922307902706557,0.0007645999960422274
T05,0,BG5,8,0.05239958883796148,0.0009721862206458208
T05,0,BG5,9,0.05475078528933451,0.0012182691679704701
T05,0,BG5,10,0.0562611530052991,0.0015076544060296966
T05,0,BG5,11,0.057332864578008874,0.0018580879116601875
T05,0,BG5,12,0.05771350299442166,0.0022716381342863254
T05,0,BG5,13,0.04124446850149515,0.00197983339762984
T05,0,BG5,14,0.03350206066732056,0.00196911500834378
T05,0,BG5,15,0.027098109030409618,0.0019574470591176424
T05,0,BG5,16,0.02197103596568892,0.0019569251877440273
T05,0,BG5,17,0.017721889254907218,0.0019513562218464217
T05,0,BG5,18,0.014214576594550832,0.0019380972545055214
T05,0,BG5,19,0.01144638642135802,0.0019331206832505427
T05,0,BG5,20,0.009245551637116997,0.0019312253804448134
T05,0,BG5,21,0.007499851943976242,0.0019303129060570714
T05,0,BG5,22,0.006294309554056274,0.001983071617633374
T05,0,BG5,23,0.005439496160957585,0.0020772088155612584
T05,0,BG5,24,0.004806319526971676,0.002195045634686209
T05,0,BG5,25,0.011059068118490731,0.005939350698323097
T05,0,BG5,26,0.013994888904320626,0.00866571743908357
T05,0,BG5,27,0.016152840412553566,0.011285517349568492
T05,0,BG5,28,0.0176565663612725,0.01361556532910618
T05,0,BG5,29,0.01864549598142473,0.015538209085370123
T05,0,BG5,30,0.01924642152753432,0.017008155956667784
T05,0,BG5,31,0.01956403676397439,0.018042548038929178
T05,0,BG5,32,0.019723649900413587,0.0187411003427663
T05,0,BG5,33,0.019816033119247154,0.019211167941843122
T05,0,BG5,34,0.019878069889241876,0.01952342003958287
T05,0,BG5,35,0.0199116250234567,0.019714480344652147
T05,0,BG5,36,0.019956038315941466,0.019956038315941466
T05,0,BG6,0,0.0,0.0
T05,0,BG6,1,0.009798044847038319,5.676253202380975e-05
T05,0,BG6,2,0.0183567542018664,0.00012423787275678844
T05,0,BG6,3,0.025843462255340482,0.0002050287428520513
T05,0,BG6,4,0.032345231968390176,0.0003018590740278757
T05,0,BG6,5,0.03796537803604579,0.00041830179350646533
T05,0,BG6,6,0.04290987376356528,0.0005602722034243027
T05,0,BG6,7,0.04702167479725631,0.0007304047848391
T05,0,BG6,8,0.05062257813348564,0.0009392167763568794
T05,0,BG6,9,0.05359091565586645,0.0011924607061051672
T05,0,BG6,10,0.05592927965412615,0.0014987610563629754
T05,0,BG6,11,0.057929402430951266,0.001877420973149087
T05,0,BG6,12,0.05951459536262792,0.0023425302148372294
T05,0,BG6,13,0.04165414811392524,0.001999498995548636
T05,0,BG6,14,0.033696065004944736,0.0019805177962924176
T05,0,BG6,15,0.02707067980651728,0.0019554656987574807
T05,0,BG6,16,0.021685499586004263,0.00193149292601194
T05,0,BG6,17,0.01723310117938105,0.001897535793667771
T05,0,BG6,18,0.013713191025055926,0.0018697354568091005
T05,0,BG6,19,0.010925644919971599,0.0018451753585237995
T05,0,BG6,20,0.008844420174643748,0.001847436409385939
T05,0,BG6,21,0.007311490083217297,0.0018818323054914602
T05,0,BG6,22,0.006347761847535852,0.0019999121833886983
T05,0,BG6,23,0.0056895973559497725,0.002172716268464302
T05,0,BG6,24,0.005223149628597416,0.0023854119007086765
T05,0,BG6,25,0.015654240130140912,0.00840722031464482
T05,0,BG6,26,0.01877318346177976,0.011624465463742453
T05,0,BG6,27,0.019733552122811946,0.013787255926062154
T05,0,BG6,28,0.020017464339000656,0.015436132286824075
T05,0,BG6,29,0.02007992609390367,0.016733590220934267
T05,0,BG6,30,0.020055032730087734,0.017722729527150427
T05,0,BG6,31,0.020027328871894755,0.018469810106052812
T05,0,BG6,32,0.02005678899408203,0.01905764376828211
T05,0,BG6,33,0.020112569287898632,0.019498652536026707
T05,0,BG6,34,0.020174890877931253,0.01981494550981821
T05,0,BG6,35,0.020209327696837465,0.020009235536710676
T05,0,BG6,36,0.020256051130862134,0.020256051130862134
T05,0,BG7,0,0.0,0.0
T05,0,BG7,1,0.01587416438261676,9.196301657802111e-05
T05,0,BG7,2,0.02980083522293006,0.00020169101402745662
T05,0,BG7,3,0.0419019692494901,0.00033242868171244806
T05,0,BG7,4,0.05240257640114959,0.0004890425022569878
T05,0,BG7,5,0.06148109911683025,0.0006773975477493349
T05,0,BG7,6,0.06919352257969873,0.000903456568335366
T05,0,BG7,7,0.07583862295793707,0.0011780289259153316
T05,0,BG7,8,0.0813861714529124,0.0015099834911015727
T05,0,BG7,9,0.0859067979006275,0.0019115269766664222
T05,0,BG7,10,0.08912757063806974,0.002388389986429259
T05,0,BG7,11,0.09192472217021146,0.00297916764037274
T05,0,BG7,12,0.09397411746464357,0.0036988776950906857
T05,0,BG7,13,0.06606202358395821,0.0031711355501569875
T05,0,BG7,14,0.053501570627505476,0.003144604941869765
T05,0,BG7,15,0.04307748740914681,0.00311172639624375
T05,0,BG7,16,0.034523951951137645,0.0030749934252248747
T05,0,BG7,17,0.027361579690021495,0.003012781991044044
T05,0,BG7,18,0.021645044620041284,0.0029512100611243496
T05,0,BG7,19,0.01698946814456316,0.0028692629274960618
T05,0,BG7,20,0.013234604833208161,0.0027644650956367687
T05,0,BG7,21,0.010248853724676507,0.0026378513559044098
T05,0,BG7,22,0.008048541120138626,0.002535756039142878
T05,0,BG7,23,0.0063212275660404415,0.002413920197538282
T05,0,BG7,24,0.0050943376118647386,0.002326583461510457
T05,0,BG7,25,0.014465550688235546,0.0077688262550848495
T05,0,BG7,26,0.017439456754633185,0.0107986140717662
T05,0,BG7,27,0.019112854949659776,0.013353592968897673
T05,0,BG7,28,0.020223868274188556,0.015595297151115285
T05,0,BG7,29,0.020962419876554325,0.01746901573732469
T05,0,BG7,30,0.021272631592055277,0.01879872759297819
T05,0,BG7,31,0.021433511278665548,0.019766634189718697
T05,0,BG7,32,0.02154563911470344,0.020472325676731327
T05,0,BG7,33,0.021647858203872928,0.020987078371684797
T05,0,BG7,34,0.021712029119084354,0.021324659167509547
T05,0,BG7,35,0.021753789136194114,0.0215384052572581
T05,0,BG7,36,0.02181366090347748,0.02181366090347748
T05,0,BG8,0,0.0,0.0
T05,0,BG8,1,0.03267652899911864,0.00018930333053374606
T05,0,BG8,2,0.061236434498531306,0.0004144460542203159
T05,0,BG8,3,0.08675881849345823,0.0006882998602932735
T05,0,BG8,4,0.10670273243243965,0.0009957940012382727
T05,0,BG8,5,0.12425872884003593,0.0013690802449644018
T05,0,BG8,6,0.13936405755913225,0.0018196699419241182
T05,0,BG8,7,0.15201083177877947,0.002361239563754176
T05,0,BG8,8,0.16017634602506997,0.002971802631145584
T05,0,BG8,9,0.16627620444789903,0.003699840506114441
T05,0,BG8,10,0.16747628830655806,0.004487934398390656
T05,0,BG8,11,0.16500828381195648,0.005347716346955334
T05,0,BG8,12,0.1602030887279943,0.006305689769354126
T05,0,BG8,13,0.117518850116598,0.005641186629313703
T05,0,BG8,14,0.09660338712163093,0.005677954603508398
T05,0,BG8,15,0.07974440776922526,0.005760381894009213
T05,0,BG8,16,0.06611662953615288,0.005888902913417746
T05,0,BG8,17,0.05519807682780965,0.006077857105460128
T05,0,BG8,18,0.046757014231423366,0.006375120655922881
T05,0,BG8,19,0.040184363599034656,0.006786528204598272
T05,0,BG8,20,0.03489607791260236,0.007289147710307291
T05,0,BG8,21,0.030907868299325764,0.007955071312874571
T05,0,BG8,22,0.028175724054768828,0.008876982964471892
T05,0,BG8,23,0.02623615544567941,0.01001893773888004
T05,0,BG8,24,0.024936015389556587,0.011388275682733855
T05,0,BG8,25,0.026074716307494777,0.014003610715400799
T05,0,BG8,26,0.026747247837057897,0.016562053019848755
T05,0,BG8,27,0.027310013230930897,0.0190807078036812
T05,0,BG8,28,0.027857039728252247,0.021481489444665085
T05,0,BG8,29,0.028322314404631354,0.02360237793306842
T05,0,BG8,30,0.02861472435594022,0.025286970541785504
T05,0,BG8,31,0.028836142646901083,0.026593565310747993
T05,0,BG8,32,0.029016198901213385,0.027570733472567208
T05,0,BG8,33,0.029169176756044125,0.028278815936784066
T05,0,BG8,34,0.029280743383902307,0.028758338105819965
T05,0,BG8,35,0.02934666933804798,0.029056108540747173
T05,0,BG8,36,0.029428353109945633,0.029428353109945633
T05,0,BG9,0,0.0,0.0
T05,0,BG9,1,0.0159121232504607,9.218292207105043e-05
T05,0,BG9,2,0.02984650855679324,0.00020200012977121412
T05,0,BG9,3,0.041934557588132734,0.00033268722029920403
T05,0,BG9,4,0.05195388412963379,0.00048485512103531596
T05,0,BG9,5,0.06053907470572521,0.0006670183416095511
T05,0,BG9,6,0.06783269442089432,0.0008856882976413672
T05,0,BG9,7,0.07334004706698505,0.0011392176348074504
T05,0,BG9,8,0.07670519920232506,0.00142313592826405
T05,0,BG9,9,0.07924557259441939,0.0017633069048260766
T05,0,BG9,10,0.08059321185970629,0.002159691094253026
T05,0,BG9,11,0.08061236876549846,0.0026125481267088115
T05,0,BG9,12,0.07960390135627446,0.0031332573535900183
T05,0,BG9,13,0.057245341590346124,0.002747913675411256
T05,0,BG9,14,0.0466680304510999,0.0027429572208012174
T05,0,BG9,15,0.03791378929338111,0.002738723773622125
T05,0,BG9,16,0.03099319899065145,0.0027605148809874427
T05,0,BG9,17,0.025019170547283583,0.002754859452577761
T05,0,BG9,18,0.020416051068170925,0.0027836420056196382
T05,0,BG9,19,0.01671987880830633,0.0028237333879348953
T05,0,BG9,20,0.013644061143297567,0.002849992973547072
T05,0,BG9,21,0.01117830947361107,0.002877074802719193
T05,0,BG9,22,0.00945941428839029,0.0029802627064878847
T05,0,BG9,23,0.008188866981601938,0.003127125418965439
T05,0,BG9,24,0.007334964910209183,0.003349877720127892
T05,0,BG9,25,0.01055131116781896,0.005666656252941419
T05,0,BG9,26,0.012342532847818112,0.007642568855775502
T05,0,BG9,27,0.013621607361741277,0.009517018823025615
T05,0,BG9,28,0.014486374058020708,0.0111709246802915
T05,0,BG9,29,0.015051049352072536,0.012542779879213437
T05,0,BG9,30,0.015345475290710037,0.013560870864820622
T05,0,BG9,31,0.015533968324868641,0.014325896739219617
T05,0,BG9,32,0.015684717086703354,0.014903370223695948
T05,0,BG9,33,0.015777017056890753,0.015295438940585342
T05,0,BG9,34,0.015856691474973886,0.01557378812451275
T05,0,BG9,35,0.015891820571254177,0.015734475952082532
T05,0,BG9,36,0.015950334010374528,0.015950334010374528
T05,0,BG10,0,0.0,0.0
T05,0,BG10,1,0.022872756780403868,0.00013250761842141347
T05,0,BG10,2,0.042372828868413134,0.00028677782927210205
T05,0,BG10,3,0.05918308783159375,0.00046952819194658594
T05,0,BG10,4,0.07348721308325064,0.0006858130474625768
T05,0,BG10,5,0.08499580417189079,0.0009364821098093971
T05,0,BG10,6,0.09553727454843654,0.0012474256958919575
T05,0,BG10,7,0.1038796629019408,0.001613600601592727
T05,0,BG10,8,0.10873888631132933,0.002017467101948321
T05,0,BG10,9,0.1114679109114181,0.0024802917139705046
T05,0,BG10,10,0.11056272940354793,0.0029627971921284027
T05,0,BG10,11,0.10779942715393391,0.003493647391761744
T05,0,BG10,12,0.1032808746310915,0.004065197238890757
T05,0,BG10,13,0.07683739818906206,0.0036883793708076392
T05,0,BG10,14,0.06384259138550605,0.0037524081313473896
T05,0,BG10,15,0.053277822155909225,0.003848553273934013
T05,0,BG10,16,0.044792322502614626,0.003989580850238411
T05,0,BG10,17,0.03803174643359618,0.0041876734467288755
T05,0,BG10,18,0.03282854202909095,0.00447603251359835
T05,0,BG10,19,0.028719577826849568,0.0048503001659624895
T05,0,BG10,20,0.02543259831803,0.005312401178510282
T05,0,BG10,21,0.023003093285596424,0.005920539255466918
T05,0,BG10,22,0.021323171116116313,0.006718032392740406
T05,0,BG10,23,0.02011214564984595,0.007680330139487478
T05,0,BG10,24,0.01926556956501999,0.008798583648891932
T05,0,BG10,25,0.02197505560779382,0.011801858952422667
T05,0,BG10,26,0.023079140574236854,0.014290739442049958
T05,0,BG10,27,0.02378794122799321,0.01661993907956334
T05,0,BG10,28,0.024253128868145776,0.01870239401330633
T05,0,BG10,29,0.024604109282943404,0.020503814646533013
T05,0,BG10,30,0.024791861360406654,0.021908687958308054
T05,0,BG10,31,0.024923918815299775,0.02298559390343034
T05,0,BG10,32,0.025064088313570026,0.02381550048125296
T05,0,BG10,33,0.025158614446134528,0.024390672150413528
T05,0,BG10,34,0.025237655686885192,0.024787384162517582
T05,0,BG10,35,0.02528084058167401,0.025030535437046617
T05,0,BG10,36,0.025341529899337058,0.025341529899337058
T05,0,BG11,0,0.0,0.0
T05,0,BG11,1,0.011154464287189417,6.462061015744256e-05
T05,0,BG11,2,0.020799990878481153,0.00014077361316424222
T05,0,BG11,3,0.028827556245078725,0.00022870301009132065
T05,0,BG11,4,0.035347621866670814,0.00032987861757797566
T05,0,BG11,5,0.04104065599739198,0.000452185145383282
T05,0,BG11,6,0.04597151576423934,0.0006002479177976931
T05,0,BG11,7,0.04974526879553194,0.0007727113606412988
T05,0,BG11,8,0.052084390155473406,0.0009663382357783564
T05,0,BG11,9,0.0538950417347756,0.0011992278673359686
T05,0,BG11,10,0.05464138339134685,0.0014642487392624985
T05,0,BG11,11,0.05497989135208145,0.0017818309312618707
T05,0,BG11,12,0.0545910635041342,0.0021487370357844257
T05,0,BG11,13,0.039190331636363894,0.0018812299035253595
T05,0,BG11,14,0.03208905557496131,0.0018860643086634848
T05,0,BG11,15,0.02610432155010497,0.0018856602657723997
T05,0,BG11,16,0.021420343777832376,0.0019078759145399933
T05,0,BG11,17,0.017414559949802764,0.0019175162076216247
T05,0,BG11,18,0.014336686262174976,0.001954746385296575
T05,0,BG11,19,0.011800785144532068,0.001992973238443632
T05,0,BG11,20,0.009749121892817144,0.0020364119324997286
T05,0,BG11,21,0.00808710301449322,0.0020814596683915547
T05,0,BG11,22,0.007015192202935676,0.002210191354530365
T05,0,BG11,23,0.006240827765656706,0.002383217505846112
T05,0,BG11,24,0.0056600239172653385,0.002584932341577222
T05,0,BG11,25,0.012272808820550414,0.006591198741530289
T05,0,BG11,26,0.013372174088303733,0.008280128759615974
T05,0,BG11,27,0.013903895295258113,0.009714245148407734
T05,0,BG11,28,0.014307563710571526,0.011033038060978719
T05,0,BG11,29,0.014447134075185846,0.012039507525170653
T05,0,BG11,30,0.014476495751302058,0.012792949408490536
T05,0,BG11,31,0.014519355482647656,0.013390190021712257
T05,0,BG11,32,0.014556569348355428,0.013831422047000542
T05,0,BG11,33,0.014592772742039751,0.014147342533989768
T05,0,BG11,34,0.014628562378171603,0.014367570460563478
T05,0,BG11,35,0.014651142879339704,0.014506082186190884
T05,0,BG11,36,0.014686205230930142,0.014686205230930142
T05,0,BG12,0,0.0,0.0
T05,0,BG12,1,0.015093284116834206,8.743918157425379e-05
T05,0,BG12,2,0.02811268339212107,0.0001902656614036954
T05,0,BG12,3,0.03927972664192556,0.0003116251563188742
T05,0,BG12,4,0.04872461474773962,0.00045471824382766157
T05,0,BG12,5,0.05682766957721237,0.000626126153347183
T05,0,BG12,6,0.06331106235191922,0.000826649562094715
T05,0,BG12,7,0.06832212331827528,0.0010612724036663996
T05,0,BG12,8,0.0725907824902247,0.0013467998491320692
T05,0,BG12,9,0.07454568381163568,0.0016587288673949208
T05,0,BG12,10,0.07531711235301873,0.002018305175874656
T05,0,BG12,11,0.07469684366529378,0.0024208332067417178
T05,0,BG12,12,0.07305287490818016,0.0028754050213233577
T05,0,BG12,13,0.053139433429950596,0.002550820238184715
T05,0,BG12,14,0.04352611172153144,0.0025582880007253028
T05,0,BG12,15,0.035681455090432586,0.002577469862514643
T05,0,BG12,16,0.029300280402556344,0.0026097293306223584
T05,0,BG12,17,0.024110245419438955,0.0026547777608623524
T05,0,BG12,18,0.019855425285377596,0.0027072030576451088
T05,0,BG12,19,0.016562470446309437,0.002797149508415899
T05,0,BG12,20,0.013957532216967035,0.0029154713060722984
T05,0,BG12,21,0.012024562180679849,0.003094883437453608
T05,0,BG12,22,0.010740974506275001,0.0033840283037699995
T05,0,BG12,23,0.009671778439005341,0.0036934125656579745
T05,0,BG12,24,0.009003554445011708,0.004111922392499914
T05,0,BG12,25,0.011939351936553315,0.006412113347867334
T05,0,BG12,26,0.013692509051785335,0.008478482031473632
T05,0,BG12,27,0.015067562702666548,0.010527265545112829
T05,0,BG12,28,0.01610664239092294,0.012420367435798482
T05,0,BG12,29,0.01682100175768587,0.01401776826997366
T05,0,BG12,30,0.017283270943181755,0.015273310273968204
T05,0,BG12,31,0.01757390465018617,0.016207187887636972
T05,0,BG12,32,0.017764179992702803,0.016879242964149787
T05,0,BG12,33,0.017890840560360808,0.01734474005533026
T05,0,BG12,34,0.017967535168940896,0.017646971740384758
T05,0,BG12,35,0.018001483958478177,0.017823251596408823
T05,0,BG12,36,0.018056170147929342,0.018056170147929342
T05,0,BG13,0,0.0,0.0
T05,0,BG13,1,0.012417472135516906,7.193753148916405e-05
T05,0,BG13,2,0.02319235148806699,0.0001569650270006815
T05,0,BG13,3,0.03278701469474031,0.00026011531833249236
T05,0,BG13,4,0.040519200227198446,0.0003781419231783579
T05,0,BG13,5,0.04697956303650808,0.0005176199079664454
T05,0,BG13,6,0.05271256354832628,0.0006882654614552767
T05,0,BG13,7,0.05728435786838293,0.0008898187739488496
T05,0,BG13,8,0.06047369194272121,0.0011219876177668863
T05,0,BG13,9,0.06234032427770928,0.0013871453061965364
T05,0,BG13,10,0.06297131715146341,0.0016874695731711842
T05,0,BG13,11,0.06238074493237738,0.0020216835312899016
T05,0,BG13,12,0.06122152604687031,0.0024097160277266184
T05,0,BG13,13,0.04430168283512332,0.0021265870185420872
T05,0,BG13,14,0.03622785644025435,0.002129326206643735
T05,0,BG13,15,0.02952177263129976,0.002132521753809526
T05,0,BG13,16,0.02404520832327785,0.002141668416762312
T05,0,BG13,17,0.019666455501633703,0.00216547230398727
T05,0,BG13,18,0.01622856668706275,0.0022126962656518335
T05,0,BG13,19,0.013465152622290625,0.0022740596103566573
T05,0,BG13,20,0.011201583419227262,0.0023398043836745466
T05,0,BG13,21,0.009487214962993958,0.002441820668644332
T05,0,BG13,22,0.008315753397298557,0.0026199433642572234
T05,0,BG13,23,0.007382866392609122,0.002819333761137582
T05,0,BG13,24,0.006850560632342359,0.003128650345279101
T05,0,BG13,25,0.01051476888087999,0.005647030956073381
T05,0,BG13,26,0.012197174686671834,0.007552562244286594
T05,0,BG13,27,0.013601832061181783,0.009503202415549097
T05,0,BG13,28,0.01458938978350188,0.011250363498248886
T05,0,BG13,29,0.01531711400240163,0.012764504613532275
T05,0,BG13,30,0.015738024401093086,0.013907768407042444
T05,0,BG13,31,0.015981037901559084,0.014738197858783525
T05,0,BG13,32,0.016137256567869615,0.015333366013366238
T05,0,BG13,33,0.01625168078400655,0.015755613987472054
T05,0,BG13,34,0.016318403343655943,0.016027262430915873
T05,0,BG13,35,0.0163507867107724,0.016188897883737022
T05,0,BG13,36,0.016400769731705022,0.016400769731705022
T05,0,BG14,0,0.0,0.0
T05,0,BG14,1,0.024543114232391486,0.00014218441812608533
T05,0,BG14,2,0.04563839554867836,0.00030887907071493133
T05,0,BG14,3,0.06297113483717655,0.0004995806089766962
T05,0,BG14,4,0.07790507885260116,0.0007270423958271499
T05,0,BG14,5,0.0909491668569583,0.0010020761432079704
T05,0,BG14,6,0.1030202665817261,0.0013451307699510829
T05,0,BG14,7,0.1104297279669567,0.0017153451486080966
T05,0,BG14,8,0.11638519177914829,0.002159331435222928
T05,0,BG14,9,0.11867779754404313,0.002640720140387699
T05,0,BG14,10,0.11667142977192779,0.003126494673146942
T05,0,BG14,11,0.11350483523778772,0.0036785526760326243
T05,0,BG14,12,0.10836611840725195,0.004265355487250487
T05,0,BG14,13,0.08136162832650012,0.0039055532726384604
T05,0,BG14,14,0.0677002772581121,0.003979147233438741
T05,0,BG14,15,0.056637927056536724,0.004091272327416906
T05,0,BG14,16,0.047876267569202845,0.004264262928198084
T05,0,BG14,17,0.040832979543489634,0.00449611706967436
T05,0,BG14,18,0.03547936624258017,0.004837461163733866
T05,0,BG14,19,0.03129177627402339,0.005284705379024742
T05,0,BG14,20,0.02809906811988093,0.005869377601709748
T05,0,BG14,21,0.025655541121032098,0.006603226634527125
T05,0,BG14,22,0.023991375513548126,0.007558671130697081
T05,0,BG14,23,0.022818826032310523,0.008713944315711363
T05,0,BG14,24,0.02202255728875374,0.01005769965339105
T05,0,BG14,25,0.022391624191109964,0.01202558005657261
T05,0,BG14,26,0.022574692429223695,0.013978382160196935
T05,0,BG14,27,0.022787212384101054,0.01592075909674984
T05,0,BG14,28,0.02301233934752835,0.017745579968825143
T05,0,BG14,29,0.02319697143796068,0.01933117745849107
T05,0,BG14,30,0.02338623647905926,0.020666530452390332
T05,0,BG14,31,0.02350320581238301,0.021675369266216226
T05,0,BG14,32,0.023646805102427865,0.022468820305249357
T05,0,BG14,33,0.023738772184017688,0.023014169195754556
T05,0,BG14,34,0.0238179962811702,0.02339305326891655
T05,0,BG14,35,0.02386234623256802,0.023626085601040864
T05,0,BG14,36,0.023919959057312222,0.023919959057312222
T05,0,BG15,0,0.0,0.0
T05,0,BG15,1,0.008081147325568503,4.6816113886755577e-05
T05,0,BG15,2,0.015113143346448503,0.00010228522739366289
T05,0,BG15,3,0.02103504369326993,0.0001668812220281067
T05,0,BG15,4,0.026222134589133025,0.0002447157988661126
T05,0,BG15,5,0.030207848557390875,0.0003328294849167166
T05,0,BG15,6,0.034103546524571565,0.0004452884016156797
T05,0,BG15,7,0.03705855427868349,0.0005756440082629255
T05,0,BG15,8,0.03924671138470192,0.0007281567032453796
T05,0,BG15,9,0.040788096985641654,0.0009075829795040779
T05,0,BG15,10,0.041610379458582314,0.0011150513017838444
T05,0,BG15,11,0.04179886532176586,0.0013546500244243573
T05,0,BG15,12,0.041550918355980064,0.001635469099495615
T05,0,BG15,13,0.02980977168162222,0.001430940526239032
T05,0,BG15,14,0.024361207856533243,0.001431852820167439
T05,0,BG15,15,0.01983998075442129,0.0014331521033168675
T05,0,BG15,16,0.016216236872513983,0.001444354393618832
T05,0,BG15,17,0.013147195937778517,0.0014476370016497893
T05,0,BG15,18,0.01079122100537597,0.0014713372350058304
T05,0,BG15,19,0.008815554876905794,0.0014888132236282256
T05,0,BG15,20,0.007348110361148068,0.0015348848628043861
T05,0,BG15,21,0.00607514740567089,0.0015636222587766472
T05,0,BG15,22,0.005302970820188305,0.001670742569265356
T05,0,BG15,23,0.004712251399295104,0.0017994920618634497
T05,0,BG15,24,0.004247817014635298,0.0019399775939555751
T05,0,BG15,25,0.008547813115576636,0.004590663457595223
T05,0,BG15,26,0.010039305273666753,0.006216396819193616
T05,0,BG15,27,0.010887472761282383,0.0076067589063868405
T05,0,BG15,28,0.011343040984635332,0.008746996037450933
T05,0,BG15,29,0.011505774630502497,0.009588328027038491
T05,0,BG15,30,0.011562055639645023,0.01021744459546688
T05,0,BG15,31,0.011597705193882089,0.010695755492933575
T05,0,BG15,32,0.011647361501661907,0.011067138752732257
T05,0,BG15,33,0.011675162152479364,0.01131878918677238
T05,0,BG15,34,0.011701167418797806,0.011492403873744573
T05,0,BG15,35,0.011724358718276519,0.011608276068451457
T05,0,BG15,36,0.01175561118663656,0.01175561118663656
T05,1,BG1,0,0.0,0.0
T05,1,BG1,1,0.0024749466744712813,1.4337986947182427e-05
T05,1,BG1,2,0.004673471872912508,3.162989470785165e-05
T05,1,BG1,3,0.006288318265086426,4.988828399975552e-05
T05,1,BG1,4,0.007910058365834496,7.381993417576004e-05
T05,1,BG1,5,0.00919611109463927,0.0001013225721943224
T05,1,BG1,6,0.010340319723610592,0.00013501306791845747
T05,1,BG1,7,0.011198032345042835,0.00017394311073414763
T05,1,BG1,8,0.011486119770637734,0.00021310562897901747
T05,1,BG1,9,0.011515506440103266,0.0002562335199283649
T05,1,BG1,10,0.01160478982564433,0.0003109785619126581
T05,1,BG1,11,0.01138778811970655,0.00036906426294138427
T05,1,BG1,12,0.011292666730079696,0.00044448614372475493
T05,1,BG1,13,0.008177470378286568,0.00039253818808164715
T05,1,BG1,14,0.006753460222393409,0.00039694095189499526
T05,1,BG1,15,0.005554356179182727,0.00040122202452887916
T05,1,BG1,16,0.0046632908080031675,0.0004153518875979091
T05,1,BG1,17,0.003948729439671622,0.00043479437443386256
T05,1,BG1,18,0.0034019787164789373,0.00046384537433667695
T05,1,BG1,19,0.003092542381784689,0.0005222834019095031
T05,1,BG1,20,0.002856236641755265,0.0005966152070015951
T05,1,BG1,21,0.002660644872626411,0.0006847971361804991
T05,1,BG1,22,0.002586113453906535,0.000814775338347499
T05,1,BG1,23,0.002617718725450936,0.000999641925663208
T05,1,BG1,24,0.002473653982954505,0.0011297175210738465
T05,1,BG1,25,0.00442685363178146,0.002377473032395362
T05,1,BG1,26,0.005560060342502702,0.003442822026561149
T05,1,BG1,27,0.00632148844511535,0.004416639151611483
T05,1,BG1,28,0.00680621622133188,0.005248499622194695
T05,1,BG1,29,0.007175909847157633,0.005980038698298038
T05,1,BG1,30,0.007382182530405321,0.006523670461155536
T05,1,BG1,31,0.007513801385582558,0.006929455525686924
T05,1,BG1,32,0.007567192620698191,0.007190226777229743
T05,1,BG1,33,0.007584019980764943,0.007352525122130936
T05,1,BG1,34,0.007603567108626179,0.007467909900039788
T05,1,BG1,35,0.007611706227456647,0.007536342869249233
T05,1,BG1,36,0.007638007777235011,0.007638007777235011
T05,1,BG2,0,0.0,0.0
T05,1,BG2,1,0.002956283917350056,1.712649437340405e-05
T05,1,BG2,2,0.0056396342078095674,3.816884777804966e-05
T05,1,BG2,3,0.007649022599315702,6.0683412679684785e-05
T05,1,BG2,4,0.00956413439723546,8.925645536054861e-05
T05,1,BG2,5,0.011260743439262666,0.00012407065104537969
T05,1,BG2,6,0.012577289034374182,0.0001642210711020995
T05,1,BG2,7,0.01374611394995345,0.00021352338990367198
T05,1,BG2,8,0.01435559828732448,0.0002663439755395326
T05,1,BG2,9,0.014495069583757502,0.00032253229319997417
T05,1,BG2,10,0.014513083405198614,0.0003889133612025766
T05,1,BG2,11,0.014118146446801367,0.0004575518325171399
T05,1,BG2,12,0.013864368468461475,0.000545709868084278
T05,1,BG2,13,0.01001398420369225,0.0004806952556765353
T05,1,BG2,14,0.008196678563457026,0.00048176746341160696
T05,1,BG2,15,0.006665956455094722,0.000481519091317044
T05,1,BG2,16,0.0054764300103269485,0.00048777690090348515
T05,1,BG2,17,0.004581329657289528,0.0005044499499082168
T05,1,BG2,18,0.0038103206212249563,0.0005195210625409644
T05,1,BG2,19,0.0033129076971149534,0.0005594997544497541
T05,1,BG2,20,0.002979074183403037,0.0006222737056833609
T05,1,BG2,21,0.0027199317109248937,0.0007000563914816825
T05,1,BG2,22,0.0025747936887189613,0.0008112089563145527
T05,1,BG2,23,0.0026066933942699684,0.0009954316252789618
T05,1,BG2,24,0.002421938863896603,0.001106099230732387
T05,1,BG2,25,0.005131666881238504,0.0027559979763388336
T05,1,BG2,26,0.006423266848907845,0.003977324570236561
T05,1,BG2,27,0.007347113545407915,0.005133213434287459
T05,1,BG2,28,0.007924518269227987,0.006110859505390875
T05,1,BG2,29,0.008379438113060746,0.006982998010910131
T05,1,BG2,30,0.008633170353462088,0.007629174467195381
T05,1,BG2,31,0.008819639727042363,0.008133739235025056
T05,1,BG2,32,0.008906206060025382,0.008462536188897002
T05,1,BG2,33,0.008939482942616393,0.008666613908292015
T05,1,BG2,34,0.00895904098406873,0.008799200437215696
T05,1,BG2,35,0.008964246376975698,0.008875491546866742
T05,1,BG2,36,0.008982975492807996,0.008982975492807996
T05,1,BG3,0,0.0,0.0
T05,1,BG3,1,0.004122363583959035,2.38818864750132e-05
T05,1,BG3,2,0.007929272340190842,5.366503891258857e-05
T05,1,BG3,3,0.01126051530237083,8.933513892957788e-05
T05,1,BG3,4,0.014199203411480234,0.0001325128350228329
T05,1,BG3,5,0.01654253586439003,0.0001822653370650116
T05,1,BG3,6,0.018862506301701495,0.00024628685672450467
T05,1,BG3,7,0.020781879223858997,0.00032281249161876844
T05,1,BG3,8,0.022159045167242337,0.000411123804336515
T05,1,BG3,9,0.023223232456485263,0.0005167441506097902
T05,1,BG3,10,0.024163569713722115,0.0006475216096848294
T05,1,BG3,11,0.024616567731444574,0.000797792807713393
T05,1,BG3,12,0.02414568333682596,0.0009503885947819346
T05,1,BG3,13,0.01774788022304486,0.0008519408115649539
T05,1,BG3,14,0.01473179250642117,0.0008658749095585167
T05,1,BG3,15,0.012221299487196425,0.0008828124023447684
T05,1,BG3,16,0.010131020299865897,0.0009023538472249464
T05,1,BG3,17,0.008630573129234006,0.0009503119188046484
T05,1,BG3,18,0.007246683242463324,0.0009880545362772985
T05,1,BG3,19,0.006447697088117879,0.0010889180336331856
T05,1,BG3,20,0.005687766737022092,0.0011880696710881774
T05,1,BG3,21,0.005240877483606213,0.0013488977546790206
T05,1,BG3,22,0.004846823132153567,0.0015270296626321265
T05,1,BG3,23,0.004683894956673497,0.0017886634379981365
T05,1,BG3,24,0.004489742922320862,0.0020504651324466856
T05,1,BG3,25,0.0060288495426128,0.0032378362688872233
T05,1,BG3,26,0.006889418584047526,0.004265968456229429
T05,1,BG3,27,0.007550107883543625,0.005275039651685467
T05,1,BG3,28,0.008072475851882015,0.00622495452658717
T05,1,BG3,29,0.008281061199023032,0.006901015676209275
T05,1,BG3,30,0.00841341741123031,0.007434977735422381
T05,1,BG3,31,0.008551172636174572,0.007886150743732473
T05,1,BG3,32,0.008632587202690467,0.008202547870286752
T05,1,BG3,33,0.008698255861859992,0.008432750048672551
T05,1,BG3,34,0.00870758622231056,0.008552231940302716
T05,1,BG3,35,0.008719817255460767,0.008633482501492
T05,1,BG3,36,0.008747695058528295,0.008747695058528295
T05,1,BG4,0,0.0,0.0
T05,1,BG4,1,0.004163766377414278,2.4121743225546613e-05
T05,1,BG4,2,0.00791657570460995,5.357910847510273e-05
T05,1,BG4,3,0.010997463441858295,8.724822075427157e-05
T05,1,BG4,4,0.013826666097482728,0.00012903616262276502
T05,1,BG4,5,0.016277249215821497,0.00017934241407175202
T05,1,BG4,6,0.018347574840952265,0.00023956342085809057
T05,1,BG4,7,0.020130458975247838,0.0003126937443213876
T05,1,BG4,8,0.02144542760093092,0.000397883830849958
T05,1,BG4,9,0.022688201326884816,0.0005048390802662423
T05,1,BG4,10,0.02370113742875838,0.0006351296114074996
T05,1,BG4,11,0.02368985810951354,0.0007677592817702441
T05,1,BG4,12,0.023147046235293445,0.000911081638459827
T05,1,BG4,13,0.016679464271834605,0.0008006542823417934
T05,1,BG4,14,0.013768765996399104,0.0008092721231046327
T05,1,BG4,15,0.01135932795114874,0.0008205474068621915
T05,1,BG4,16,0.009327118731250344,0.0008307516135283214
T05,1,BG4,17,0.007764216382686395,0.000854917426737523
T05,1,BG4,18,0.006484509120407812,0.0008841353264000889
T05,1,BG4,19,0.00559970710152438,0.0009457054154001084
T05,1,BG4,20,0.004778091980999537,0.0009980553756229048
T05,1,BG4,21,0.004276649709290008,0.001100724679414279
T05,1,BG4,22,0.0038750072685241614,0.001220851449218984
T05,1,BG4,23,0.0035785431367979527,0.0013665569671640076
T05,1,BG4,24,0.0033274431148221633,0.001519642929794017
T05,1,BG4,25,0.005232798221621198,0.002810311271179059
T05,1,BG4,26,0.0060392380005562475,0.0037395316567336197
T05,1,BG4,27,0.006624272516373983,0.00462818554357357
T05,1,BG4,28,0.007005044586822515,0.005401822777275095
T05,1,BG4,29,0.007236107580442813,0.006030204421244417
T05,1,BG4,30,0.007346915430637928,0.0064925047516485946
T05,1,BG4,31,0.007461941012331803,0.0068816283149069285
T05,1,BG4,32,0.0075173424809591785,0.007142859973582705
T05,1,BG4,33,0.007552579038402945,0.007322043882189891
T05,1,BG4,34,0.007561193948305245,0.007426292734724346
T05,1,BG4,35,0.007565359297227896,0.007490454836172146
T05,1,BG4,36,0.007585364795037547,0.007585364795037547
T05,1,BG5,0,0.0,0.0
T05,1,BG5,1,0.012618604069789248,7.310273908242753e-05
T05,1,BG5,2,0.0236245044652193,0.00015988982282331635
T05,1,BG5,3,0.03307357913766886,0.00026238877281611043
T05,1,BG5,4,0.04118710993113756,0.0003843751333541751
T05,1,BG5,5,0.048001649477739425,0.0005288812362902129
T05,1,BG5,6,0.054403715382980375,0.0007103467510762997
T05,1,BG5,7,0.05915928543226764,0.0009189427063848404
T05,1,BG5,8,0.0625758386196971,0.0011609894127604624
T05,1,BG5,9,0.06398644330702204,0.0014237733865972446
T05,1,BG5,10,0.06325251629034828,0.0016950049862375657
T05,1,BG5,11,0.06149861177209561,0.001993094674755133
T05,1,BG5,12,0.05923054578041659,0.0023313498481443914
T05,1,BG5,13,0.04311915425307057,0.002069822804459329
T05,1,BG5,14,0.035121449767567245,0.0020642961194815125
T05,1,BG5,15,0.02851217151735648,0.0020595926500340325
T05,1,BG5,16,0.02305145332541855,0.0020531562435498994
T05,1,BG5,17,0.018684158916785345,0.0020573116839351247
T05,1,BG5,18,0.015107899934592295,0.0020598981011754687
T05,1,BG5,19,0.012513182878802459,0.0021132863870763612
T05,1,BG5,20,0.010353620405852818,0.002162680533253849
T05,1,BG5,21,0.008876676173876155,0.0022846801110348396
T05,1,BG5,22,0.007747201765644513,0.0024408167114224246
T05,1,BG5,23,0.007016181030772019,0.0026793057072874793
T05,1,BG5,24,0.006601399728869727,0.003014858577724747
T05,1,BG5,25,0.01114100308298592,0.005983354454674093
T05,1,BG5,26,0.014052993090892188,0.008701695874399527
T05,1,BG5,27,0.016352986746890775,0.011425353760853213
T05,1,BG5,28,0.017778944462490825,0.013709935176793515
T05,1,BG5,29,0.018641679471819834,0.015535028606442371
T05,1,BG5,30,0.0192573386953527,0.017017803458051265
T05,1,BG5,31,0.01972915437373329,0.01819482450988984
T05,1,BG5,32,0.02004325256555365,0.019044781701457777
T05,1,BG5,33,0.020238738039240936,0.019620970179445953
T05,1,BG5,34,0.020324953508801615,0.01996233078481901
T05,1,BG5,35,0.020373903199303805,0.020172181570990766
T05,1,BG5,36,0.020442076029160226,0.020442076029160226
T05,1,BG6,0,0.0,0.0
T05,1,BG6,1,0.00965811117110165,5.595186107642913e-05
T05,1,BG6,2,0.018067222658002646,0.00012227833323225486
T05,1,BG6,3,0.02544121707548492,0.00020183753641859323
T05,1,BG6,4,0.03180105262650734,0.0002967805676173997
T05,1,BG6,5,0.037261769419640635,0.00041054944696569413
T05,1,BG6,6,0.04193451834332626,0.00054753703220271
T05,1,BG6,7,0.045808397482913196,0.0007115585075358575
T05,1,BG6,8,0.049008982461547536,0.0009092792213875661
T05,1,BG6,9,0.05160727853392198,0.0011483224543676362
T05,1,BG6,10,0.05335203804684808,0.0014296975998095635
T05,1,BG6,11,0.05461819378477903,0.0017701087554861151
T05,1,BG6,12,0.05520102903943329,0.0021727456427796136
T05,1,BG6,13,0.03921481075194137,0.0018824049633818644
T05,1,BG6,14,0.03191046226036744,0.0018755673192461866
T05,1,BG6,15,0.025957069225113753,0.0018750234066748413
T05,1,BG6,16,0.02116023981441744,0.001884708867998802
T05,1,BG6,17,0.01735182255006888,0.0019106081953071397
T05,1,BG6,18,0.014305472547168437,0.0019504905299275058
T05,1,BG6,19,0.012103593796004147,0.0020441130186669987
T05,1,BG6,20,0.010688138150583566,0.0022325551236126134
T05,1,BG6,21,0.009757616264804814,0.0025114165886062677
T05,1,BG6,22,0.009360151614149192,0.002948989219787046
T05,1,BG6,23,0.009160685690177413,0.003498238909203565
T05,1,BG6,24,0.009014787474652489,0.004117052515485981
T05,1,BG6,25,0.012644990967432136,0.006791081783880276
T05,1,BG6,26,0.015001735912833606,0.009289163025869917
T05,1,BG6,27,0.016584023281305454,0.011586772238423693
T05,1,BG6,28,0.017689702939438185,0.013641118040471195
T05,1,BG6,29,0.018300432533772462,0.015250650762046339
T05,1,BG6,30,0.0187278113412518,0.01654985759222077
T05,1,BG6,31,0.018958327853072537,0.017483944993813397
T05,1,BG6,32,0.019203707707643496,0.01824705940865195
T05,1,BG6,33,0.019396010439074185,0.01880396601830218
T05,1,BG6,34,0.01949670939335233,0.01914886356496889
T05,1,BG6,35,0.019558904279194995,0.019365251968282652
T05,1,BG6,36,0.019645586691077053,0.019645586691077053
T05,1,BG7,0,0.0,0.0
T05,1,BG7,1,0.01712574389699833,9.921373087846468e-05
T05,1,BG7,2,0.03205635412353678,0.00021695628769311567
T05,1,BG7,3,0.04542385647636899,0.00036036952426771575
T05,1,BG7,4,0.056831450650682805,0.0005303745876090333
T05,1,BG7,5,0.06659499536975112,0.0007337423581606207
T05,1,BG7,6,0.07491413707535263,0.000978150361691775
T05,1,BG7,7,0.08142698085912671,0.0012648349236565749
T05,1,BG7,8,0.0867409304160016,0.0016093320346719318
T05,1,BG7,9,0.09017385082527465,0.002006473905701453
T05,1,BG7,10,0.09179445383357518,0.002459855611579841
T05,1,BG7,11,0.09233503887577331,0.0029924654985719916
T05,1,BG7,12,0.0914389704611881,0.003599092778636554
T05,1,BG7,13,0.06513676207514506,0.003126720782081158
T05,1,BG7,14,0.052651718976904585,0.003094654115996764
T05,1,BG7,15,0.04241191835111287,0.003063648634753426
T05,1,BG7,16,0.033911014541292195,0.0030204000751416164
T05,1,BG7,17,0.02696232593182796,0.0029688201854479275
T05,1,BG7,18,0.02131227815168956,0.002905838769704046
T05,1,BG7,19,0.016850391744649716,0.0028457750366530574
T05,1,BG7,20,0.0132214205687575,0.002761711150678376
T05,1,BG7,21,0.010430177144827765,0.0026845204008759506
T05,1,BG7,22,0.008252803310122554,0.0026001104459222662
T05,1,BG7,23,0.0066546788551586885,0.002541256987251901
T05,1,BG7,24,0.005501746749198106,0.002512647173377765
T05,1,BG7,25,0.012658592867698734,0.006798386775283165
T05,1,BG7,26,0.015710956426619255,0.00972831652323299
T05,1,BG7,27,0.01799594744334453,0.012573242366098697
T05,1,BG7,28,0.019406058853105673,0.014964657164414493
T05,1,BG7,29,0.020219081535975045,0.016849555327695175
T05,1,BG7,30,0.020786727007048658,0.018369331352277814
T05,1,BG7,31,0.02114133326174112,0.01949717874177018
T05,1,BG7,32,0.021439720258836135,0.02037168329073199
T05,1,BG7,33,0.021667260024515345,0.02100588797495051
T05,1,BG7,34,0.021785700916344488,0.02139701656683091
T05,1,BG7,35,0.021843070821609755,0.02162680296535083
T05,1,BG7,36,0.02192175019907964,0.02192175019907964
T05,1,BG8,0,0.0,0.0
T05,1,BG8,1,0.038061505295084515,0.00022049984895881138
T05,1,BG8,2,0.07058308896575231,0.00047770388558761073
T05,1,BG8,3,0.10156621508915488,0.0008057741333171364
T05,1,BG8,4,0.12748210156053716,0.0011897156624514039
T05,1,BG8,5,0.14884964269264586,0.001640022454229721
T05,1,BG8,6,0.16972641875837688,0.002216109861202267
T05,1,BG8,7,0.18633919091354478,0.0028944744516934055
T05,1,BG8,8,0.2017078898829153,0.0037423505597802527
T05,1,BG8,9,0.2143244057566138,0.004768969314252594
T05,1,BG8,10,0.2205258620323572,0.005909526728805648
T05,1,BG8,11,0.2224774886060367,0.00721022287106285
T05,1,BG8,12,0.2153223849367975,0.008475218365179575
T05,1,BG8,13,0.15703942850058683,0.007538269166790437
T05,1,BG8,14,0.12870015995942416,0.007564472495270894
T05,1,BG8,15,0.10586373470769052,0.0076471260785747055
T05,1,BG8,16,0.08728785598972555,0.007774590329575699
T05,1,BG8,17,0.07348666516474595,0.00809161254837814
T05,1,BG8,18,0.06380193551411747,0.008699123402924558
T05,1,BG8,19,0.05811024121281854,0.009813936483731234
T05,1,BG8,20,0.05515391158225401,0.011520635890434741
T05,1,BG8,21,0.054427336573363586,0.014008515240729219
T05,1,BG8,22,0.054751421006740034,0.017249864802076187
T05,1,BG8,23,0.05525087801700239,0.021098941450876707
T05,1,BG8,24,0.0560052868523687,0.025577608780971622
T05,1,BG8,25,0.05771849519240692,0.03099812585249027
T05,1,BG8,26,0.05871787361465062,0.03635845230659324
T05,1,BG8,27,0.05970084931991525,0.041711238054128796
T05,1,BG8,28,0.06051454547017724,0.04666477788382239
T05,1,BG8,29,0.06113242344247401,0.05094465586547401
T05,1,BG8,30,0.06157482901631405,0.05441397483088013
T05,1,BG8,31,0.06189089541134518,0.057077660898320635
T05,1,BG8,32,0.0620839817879251,0.058991217873949564
T05,1,BG8,33,0.06227130447840767,0.06037053343266711
T05,1,BG8,34,0.06241103852697973,0.061297547177273884
T05,1,BG8,35,0.06248770703464023,0.061869017514711425
T05,1,BG8,36,0.06259050115749548,0.06259050115749548
T05,1,BG9,0,0.0,0.0
T05,1,BG9,1,0.020225058119160623,0.00011716883574548245
T05,1,BG9,2,0.03715713909462957,0.00025147822184751515
T05,1,BG9,3,0.053025643579227066,0.0004206781947100716
T05,1,BG9,4,0.06628586909993461,0.0006186071276374264
T05,1,BG9,5,0.07724413139629181,0.0008510743297418075
T05,1,BG9,6,0.08832986154970512,0.0011533188446922265
T05,1,BG9,7,0.09647204485035962,0.001498535373667069
T05,1,BG9,8,0.10475785373931307,0.0019436057430000139
T05,1,BG9,9,0.11125360672044492,0.002475523190999364
T05,1,BG9,10,0.11478868655797092,0.0030760419933233874
T05,1,BG9,11,0.1141840538917752,0.003700565321902586
T05,1,BG9,12,0.10990908599565283,0.004326087618703504
T05,1,BG9,13,0.080091323316589,0.0038445755861062376
T05,1,BG9,14,0.06550815092583068,0.0038503029541631087
T05,1,BG9,15,0.0534793755001131,0.003863112597137855
T05,1,BG9,16,0.043548430770924684,0.003878789386063399
T05,1,BG9,17,0.03556954432684982,0.003916560516721657
T05,1,BG9,18,0.029180487776027393,0.003978635790289027
T05,1,BG9,19,0.024601066236528885,0.00415474615040318
T05,1,BG9,20,0.020876559898304843,0.00436072870668464
T05,1,BG9,21,0.01858526047309261,0.0047834768508658275
T05,1,BG9,22,0.016991329212866394,0.005353251601698503
T05,1,BG9,23,0.016130641089412277,0.0061598921860420005
T05,1,BG9,24,0.015472154798902963,0.007066131509761755
T05,1,BG9,25,0.0175488748323256,0.00942474726578518
T05,1,BG9,26,0.018919376009095313,0.011714988795618667
T05,1,BG9,27,0.020174525921602834,0.01409535145924845
T05,1,BG9,28,0.02087726008177731,0.016099149350745256
T05,1,BG9,29,0.0212433024806805,0.01770308903840152
T05,1,BG9,30,0.02150339675918958,0.019002655854538936
T05,1,BG9,31,0.02172842542104373,0.020038612916067178
T05,1,BG9,32,0.021874824770548397,0.020785112682863392
T05,1,BG9,33,0.02203545843329852,0.02136284742855893
T05,1,BG9,34,0.02212760506968213,0.02173282078140947
T05,1,BG9,35,0.022183566456006908,0.02196392736460441
T05,1,BG9,36,0.02225623570694367,0.02225623570694367
T05,1,BG10,0,0.0,0.0
T05,1,BG10,1,0.026651839046411684,0.00015440079010234622
T05,1,BG10,2,0.0508542978043898,0.0003441801152090351
T05,1,BG10,3,0.07135592541028388,0.0005661012267096898
T05,1,BG10,4,0.08866520870344655,0.000827460375301895
T05,1,BG10,5,0.1034856937093195,0.0011402033522983834
T05,1,BG10,6,0.1171718636941026,0.001529907510321556
T05,1,BG10,7,0.1283991814539708,0.001994471206529642
T05,1,BG10,8,0.1374483527615831,0.002550122954088448
T05,1,BG10,9,0.1435622204078909,0.0031944277308555698
T05,1,BG10,10,0.14569089458294399,0.003904141798953494
T05,1,BG10,11,0.14302928683440275,0.0046354039787497555
T05,1,BG10,12,0.13665540680225677,0.005378838867851395
T05,1,BG10,13,0.10167980633366516,0.004880874537948377
T05,1,BG10,14,0.08426148567082352,0.004952547771050473
T05,1,BG10,15,0.07028813000973264,0.005077302373995227
T05,1,BG10,16,0.059085613032707054,0.005262661479469395
T05,1,BG10,17,0.05078319474523865,0.005591734702269267
T05,1,BG10,18,0.04520250196652454,0.00616316949881506
T05,1,BG10,19,0.04230365439249241,0.007144444221001466
T05,1,BG10,20,0.041163755601240165,0.008598350077638622
T05,1,BG10,21,0.04153982135931365,0.010691524829721126
T05,1,BG10,22,0.042430431851810495,0.013368040530940498
T05,1,BG10,23,0.04341850717614367,0.016580452177449207
T05,1,BG10,24,0.04421692559233679,0.02019386538006172
T05,1,BG10,25,0.0471431041845721,0.0253185373224719
T05,1,BG10,26,0.04862002909713404,0.030105807647665028
T05,1,BG10,27,0.04966006617802512,0.03469603641909797
T05,1,BG10,28,0.0505123980545044,0.0389517894355232
T05,1,BG10,29,0.05105500451677431,0.04254664688921702
T05,1,BG10,30,0.05148004644414295,0.04549316641594882
T05,1,BG10,31,0.05177103192179102,0.047744815800783574
T05,1,BG10,32,0.05194729688971376,0.04935950023498244
T05,1,BG10,33,0.05211491274160966,0.05052415568581679
T05,1,BG10,34,0.05222502838913568,0.05129326819388309
T05,1,BG10,35,0.05229090314935655,0.05177317192849568
T05,1,BG10,36,0.052379859491266535,0.052379859491266535
T05,1,BG11,0,0.0,0.0
T05,1,BG11,1,0.01313721036320736,7.610715553786236e-05
T05,1,BG11,2,0.024277869626278595,0.00016431177554550923
T05,1,BG11,3,0.03425485105218362,0.00027176037692702677
T05,1,BG11,4,0.04303642807136679,0.00040163373418285474
T05,1,BG11,5,0.050065181023030265,0.0005516171864057004
T05,1,BG11,6,0.056584457152427346,0.000738820593399047
T05,1,BG11,7,0.061779390492955874,0.0009596417535441448
T05,1,BG11,8,0.0659322909690216,0.001223262739636207
T05,1,BG11,9,0.06796802691996304,0.0015123682894672712
T05,1,BG11,10,0.06827336224733045,0.0018295507638685564
T05,1,BG11,11,0.06791928344018482,0.002201180776637648
T05,1,BG11,12,0.06624737456762816,0.0026075364444997323
T05,1,BG11,13,0.04822389192678027,0.0023148624559527074
T05,1,BG11,14,0.03967238586484095,0.0023317816526380536
T05,1,BG11,15,0.032634023514944654,0.0023573369378573077
T05,1,BG11,16,0.026865754244588504,0.0023928899522955497
T05,1,BG11,17,0.022276662615698058,0.0024528820616755353
T05,1,BG11,18,0.018679905926446003,0.002546925973599503
T05,1,BG11,19,0.016114136820690853,0.0027214327737797367
T05,1,BG11,20,0.014027185599157457,0.0029300206145142687
T05,1,BG11,21,0.012660896876404752,0.003258663347492614
T05,1,BG11,22,0.011669329655133426,0.0036765138830831064
T05,1,BG11,23,0.011069537171211109,0.004227181992860499
T05,1,BG11,24,0.010673498250585407,0.00487458555415846
T05,1,BG11,25,0.013984646817377593,0.007510553437543658
T05,1,BG11,26,0.015378318189307315,0.009522344970416688
T05,1,BG11,27,0.016333559204471413,0.011411780304214657
T05,1,BG11,28,0.017127108201997372,0.013207282527281795
T05,1,BG11,29,0.017554898596691973,0.014629360633635277
T05,1,BG11,30,0.017827137014459534,0.015753927326858163
T05,1,BG11,31,0.01804987827799405,0.016646145165867366
T05,1,BG11,32,0.01823962495724977,0.017331003268415923
T05,1,BG11,33,0.01836011955464683,0.01779969476459421
T05,1,BG11,34,0.018427305038185324,0.01809853876031447
T05,1,BG11,35,0.01846914975996124,0.01828628707755329
T05,1,BG11,36,0.018532168635815055,0.018532168635815055
T05,1,BG12,0,0.0,0.0
T05,1,BG12,1,0.019250912178551204,0.00011152536402758417
T05,1,BG12,2,0.03635212446692286,0.00024602991145393054
T05,1,BG12,3,0.0514549101958963,0.0004082168032038936
T05,1,BG12,4,0.06429211102378808,0.0006000005539234365
T05,1,BG12,5,0.07527990475247817,0.0008294325181965328
T05,1,BG12,6,0.08582750487626069,0.0011206456900045602
T05,1,BG12,7,0.09391270212573533,0.0014587801744419804
T05,1,BG12,8,0.10062071711838148,0.001866848126335044
T05,1,BG12,9,0.10605210505624459,0.0023597836789653374
T05,1,BG12,10,0.1086778973118137,0.002912288526932673
T05,1,BG12,11,0.10825209172714144,0.003508317691593979
T05,1,BG12,12,0.10491255939643505,0.004129421334532487
T05,1,BG12,13,0.07676169300506615,0.003684745340393703
T05,1,BG12,14,0.0630560081484077,0.00370617596277655
T05,1,BG12,15,0.05181961092086449,0.0037432185681126225
T05,1,BG12,16,0.04243164599678589,0.00377931915076083
T05,1,BG12,17,0.035036793684265564,0.003857899367937125
T05,1,BG12,18,0.02920994586669242,0.003982652279843699
T05,1,BG12,19,0.025246539930849972,0.00426375685501519
T05,1,BG12,20,0.022119415120780535,0.004620338259215598
T05,1,BG12,21,0.020267592392883182,0.005216475667691337
T05,1,BG12,22,0.019128218493136156,0.00602649533753196
T05,1,BG12,23,0.01861181663826784,0.007107391671283225
T05,1,BG12,24,0.0182751820640629,0.008346273773394277
T05,1,BG12,25,0.02019537047505559,0.010846066466011666
T05,1,BG12,26,0.021567728471576984,0.013354864182481885
T05,1,BG12,27,0.022796365493164782,0.01592715409517659
T05,1,BG12,28,0.023649070287568835,0.018236584320285
T05,1,BG12,29,0.024062874213244306,0.02005277687361125
T05,1,BG12,30,0.024403804391005188,0.021565760115348654
T05,1,BG12,31,0.02467451233061288,0.02275558366397327
T05,1,BG12,32,0.024858229354671652,0.02361989652754165
T05,1,BG12,33,0.025032695835105,0.024268597034517853
T05,1,BG12,34,0.025118478172455393,0.024670332944802222
T05,1,BG12,35,0.02516750976490938,0.024918326743465394
T05,1,BG12,36,0.02523151254735374,0.02523151254735374
T05,1,BG13,0,0.0,0.0
T05,1,BG13,1,0.0163937552395315,9.497313721203568e-05
T05,1,BG13,2,0.031153563845509852,0.00021084623440540743
T05,1,BG13,3,0.04367519483660743,0.00034649654098118797
T05,1,BG13,4,0.054291378377725,0.0005066695832495792
T05,1,BG13,5,0.06340467457588925,0.0006985914651524129
T05,1,BG13,6,0.07176808452012849,0.0009370725022793839
T05,1,BG13,7,0.07869790339527116,0.001222443169179233
T05,1,BG13,8,0.08447194621523638,0.001567234852679511
T05,1,BG13,9,0.08812189812968446,0.0019608155555442064
T05,1,BG13,10,0.08978594530614677,0.002406032738721193
T05,1,BG13,11,0.08911004469280778,0.0028879473929761114
T05,1,BG13,12,0.08561866275188829,0.0033700019784019242
T05,1,BG13,13,0.06273915927639795,0.0030116301000460244
T05,1,BG13,14,0.05146728332454962,0.0030250378033286505
T05,1,BG13,15,0.04217888654078011,0.003046815451434158
T05,1,BG13,16,0.034375004230562584,0.003061726892144548
T05,1,BG13,17,0.02822902874454503,0.003108296761237966
T05,1,BG13,18,0.023261562844850172,0.003171615474263937
T05,1,BG13,19,0.01972783025991208,0.003331730669140948
T05,1,BG13,20,0.0168744743124723,0.0035247667611457536
T05,1,BG13,21,0.015048351701728227,0.0038731467889596507
T05,1,BG13,22,0.013777507005612259,0.004340711701967806
T05,1,BG13,23,0.012968504959320193,0.004952350743186755
T05,1,BG13,24,0.012404900115627716,0.005665316621172874
T05,1,BG13,25,0.014629893296954705,0.007857087602857755
T05,1,BG13,26,0.016288465338147064,0.010085913419963071
T05,1,BG13,27,0.017737727050047013,0.012392831302740189
T05,1,BG13,28,0.018790208070875235,0.014489754143963748
T05,1,BG13,29,0.01940254316056509,0.016169093713381794
T05,1,BG13,30,0.019846592298057932,0.0175385297506102
T05,1,BG13,31,0.020237070900677244,0.018663240552599953
T05,1,BG13,32,0.0204931401311151,0.019472257742996366
T05,1,BG13,33,0.020709771996021743,0.020077626378278143
T05,1,BG13,34,0.02081263735516455,0.020441313723089157
T05,1,BG13,35,0.02086429160319992,0.020657714639414338
T05,1,BG13,36,0.02093412198868842,0.02093412198868842
T05,1,BG14,0,0.0,0.0
T05,1,BG14,1,0.02934704305455423,0.00017001478308050245
T05,1,BG14,2,0.05482700998842946,0.0003710672928622843
T05,1,BG14,3,0.07756787397554514,0.0006153836321731279
T05,1,BG14,4,0.09706556708285509,0.0009058559914567113
T05,1,BG14,5,0.11442500966230883,0.0012607325187878964
T05,1,BG14,6,0.13094429287555168,0.0017097334700929814
T05,1,BG14,7,0.1430319463412278,0.002221767265919783
T05,1,BG14,8,0.15342034242862454,0.0028464563551546165
T05,1,BG14,9,0.1607914580005695,0.003577798469235654
T05,1,BG14,10,0.1639146614337305,0.0043924919484736305
T05,1,BG14,11,0.1602452290905355,0.005193351583261918
T05,1,BG14,12,0.1512022311704799,0.005951410603838079
T05,1,BG14,13,0.11325023813708515,0.005436283020294932
T05,1,BG14,14,0.0939906004275679,0.005524385611273908
T05,1,BG14,15,0.07854487170447622,0.005673732724311634
T05,1,BG14,16,0.0662020825641253,0.005896514081349233
T05,1,BG14,17,0.057111740989493315,0.006288570571680991
T05,1,BG14,18,0.05125025648259066,0.006987755188763132
T05,1,BG14,19,0.04855788175428063,0.008200688160803953
T05,1,BG14,20,0.04792666639562474,0.010010997564510874
T05,1,BG14,21,0.04873493411752917,0.012543403920236113
T05,1,BG14,22,0.050232953552474736,0.01582628621946477
T05,1,BG14,23,0.051542495545461246,0.0196828020669482
T05,1,BG14,24,0.052704778098458,0.024070266770043224
T05,1,BG14,25,0.053756742413765185,0.02887043853782993
T05,1,BG14,26,0.05456957091397074,0.03378979892264186
T05,1,BG14,27,0.055371759201054194,0.038686629382978954
T05,1,BG14,28,0.05613493024421058,0.04328751103993481
T05,1,BG14,29,0.05668383944401254,0.047237431933004205
T05,1,BG14,30,0.05712974244008718,0.05048583017397286
T05,1,BG14,31,0.05743092603724069,0.05296454185163386
T05,1,BG14,32,0.05759950696260392,0.05473014087327714
T05,1,BG14,33,0.05774554188362209,0.05598291530881852
T05,1,BG14,34,0.05785731196014847,0.05682506472525898
T05,1,BG14,35,0.05792164345987613,0.05734816246727291
T05,1,BG14,36,0.05800403842418956,0.05800403842418956
T05,1,BG15,0,0.0,0.0
T05,1,BG15,1,0.01017326237081037,5.893626127019717e-05
T05,1,BG15,2,0.019053957230347286,0.00012895651847113436
T05,1,BG15,3,0.026975142181688148,0.00021400690936795175
T05,1,BG15,4,0.03361775357970466,0.0003137347715126191
T05,1,BG15,5,0.038932246237953605,0.0004289547283604043
T05,1,BG15,6,0.04412689290197683,0.0005761627647904395
T05,1,BG15,7,0.048205519262176616,0.0007487938713086401
T05,1,BG15,8,0.051314663139025656,0.0009520572455683565
T05,1,BG15,9,0.053157861930111544,0.0011828247545097631
T05,1,BG15,10,0.05372121154753042,0.001439590499321636
T05,1,BG15,11,0.05254873084989994,0.0017030399993502544
T05,1,BG15,12,0.05071586928504517,0.001996207065332649
T05,1,BG15,13,0.03686495825651856,0.001769606400834594
T05,1,BG15,14,0.03019401936050268,0.0017746817798098584
T05,1,BG15,15,0.02466089890777838,0.00178139382101983
T05,1,BG15,16,0.020037424987651497,0.0017847015391305877
T05,1,BG15,17,0.016334862120209046,0.0017986307467159678
T05,1,BG15,18,0.013329241226803092,0.0018173855293275127
T05,1,BG15,19,0.011024463360764463,0.0018618642904436652
T05,1,BG15,20,0.009111821298059765,0.0019032915784019798
T05,1,BG15,21,0.007761247887365623,0.001997591030875005
T05,1,BG15,22,0.006735956251138775,0.002122215875545756
T05,1,BG15,23,0.005953287850734188,0.002273413132231722
T05,1,BG15,24,0.005481401833284165,0.0025033556534085847
T05,1,BG15,25,0.0077946544267467706,0.004186174261181358
T05,1,BG15,26,0.009078846342700906,0.005621674995279472
T05,1,BG15,27,0.010256055578658127,0.007165606197127342
T05,1,BG15,28,0.011176095197553106,0.008618258543385883
T05,1,BG15,29,0.011592188351843027,0.009660340845140709
T05,1,BG15,30,0.011859486775011193,0.010480285904833238
T05,1,BG15,31,0.012127781239858497,0.011184607648844288
T05,1,BG15,32,0.012303097811998823,0.011690208971342188
T05,1,BG15,33,0.012429802215242543,0.012050394560663648
T05,1,BG15,34,0.012486022018948967,0.01226325569267815
T05,1,BG15,35,0.01252911197157828,0.012405061470690789
T05,1,BG15,36,0.01258922632149286,0.01258922632149286
T05,2,BG1,0,0.0,0.0
T05,2,BG1,1,0.002247558616632814,1.3020670885234875e-05
T05,2,BG1,2,0.004132521382850532,2.796876069672817e-05
T05,2,BG1,3,0.005468950957859621,4.338784508905743e-05
T05,2,BG1,4,0.006889133900531171,6.429224494443279e-05
T05,2,BG1,5,0.007976314255612694,8.788287465629053e-05
T05,2,BG1,6,0.00902439626959346,0.0001178311172990722
T05,2,BG1,7,0.009937984601526837,0.00015437033078939756
T05,2,BG1,8,0.010365901688960242,0.0001923218669739691
T05,2,BG1,9,0.010680362306836057,0.0002376505840252803
T05,2,BG1,10,0.011023892044263746,0.0002954119948275855
T05,2,BG1,11,0.011388753751635589,0.00036909555974991027
T05,2,BG1,12,0.011608930255252779,0.00045693446529310763
T05,2,BG1,13,0.008253681791903944,0.00039619651903422714
T05,2,BG1,14,0.006829266656149546,0.0004013965470375355
T05,2,BG1,15,0.0056309733193577495,0.0004067565069662502
T05,2,BG1,16,0.0046074736334864004,0.0004103803398577751
T05,2,BG1,17,0.0038986910148565736,0.0004292846478732481
T05,2,BG1,18,0.003326584824531545,0.0004535657372981475
T05,2,BG1,19,0.0029765922730350287,0.0005027011909378138
T05,2,BG1,20,0.002692808970444677,0.0005624781779555985
T05,2,BG1,21,0.0024964494352970865,0.0006425364928313161
T05,2,BG1,22,0.0024266013475482896,0.0007645197963945934
T05,2,BG1,23,0.002294227801538921,0.0008761087573221278
T05,2,BG1,24,0.002257694895030896,0.0010310890271878267
T05,2,BG1,25,0.005943250776003914,0.0031918648444766453
T05,2,BG1,26,0.0078920678129901,0.004886814752147638
T05,2,BG1,27,0.009325507843626584,0.00651545969203796
T05,2,BG1,28,0.010283271997343345,0.007929772916011171
T05,2,BG1,29,0.010964567114386389,0.009137313209739182
T05,2,BG1,30,0.01141601294354062,0.01008838594373675
T05,2,BG1,31,0.011722615528155752,0.010810951586679801
T05,2,BG1,32,0.011896331317839478,0.011303705912148425
T05,2,BG1,33,0.011983704280347174,0.011617913354480387
T05,2,BG1,34,0.012013197578131523,0.011798867054510153
T05,2,BG1,35,0.012033310235026747,0.011914168620465728
T05,2,BG1,36,0.012058210873261317,0.012058210873261317
T05,2,BG2,0,0.0,0.0
T05,2,BG2,1,0.0028468728402475437,1.6492648558373667e-05
T05,2,BG2,2,0.005076549642551426,3.435791107402743e-05
T05,2,BG2,3,0.006943532137115109,5.508641413398707e-05
T05,2,BG2,4,0.008563793308683837,7.992085865581666e-05
T05,2,BG2,5,0.01003760635608336,0.00011059415075877893
T05,2,BG2,6,0.011376227444283672,0.00014853886596462955
T05,2,BG2,7,0.01248395523591025,0.00019391781910858504
T05,2,BG2,8,0.013276526566714226,0.00024632361583212076
T05,2,BG2,9,0.013511066503358758,0.0003006370711968682
T05,2,BG2,10,0.01369281400752908,0.0003669322483652004
T05,2,BG2,11,0.013767536807090275,0.00044618900310623765
T05,2,BG2,12,0.013826734844275254,0.0005442285856085682
T05,2,BG2,13,0.00995498571640087,0.00047786318794681217
T05,2,BG2,14,0.00817256197140982,0.0004803499880003418
T05,2,BG2,15,0.0066853362980354315,0.00048291900573609606
T05,2,BG2,16,0.005411581400831675,0.00048200093887097484
T05,2,BG2,17,0.004474352306235645,0.0004926706792006742
T05,2,BG2,18,0.0037667873017335515,0.0005135854778265463
T05,2,BG2,19,0.0032211429057063885,0.0005440020758521926
T05,2,BG2,20,0.0028248673865455655,0.0005900627475790793
T05,2,BG2,21,0.002580287525570819,0.0006641147516402301
T05,2,BG2,22,0.002370126374604344,0.0007467269132359243
T05,2,BG2,23,0.002226331598153666,0.0008501808795177883
T05,2,BG2,24,0.002122599525086254,0.0009693909862564991
T05,2,BG2,25,0.006114118927458513,0.003283630793250749
T05,2,BG2,26,0.008042625403790681,0.004980040906158901
T05,2,BG2,27,0.009451916511860645,0.006603777730541641
T05,2,BG2,28,0.010411140142063634,0.008028376292537918
T05,2,BG2,29,0.011133466549953359,0.009278065387487497
T05,2,BG2,30,0.011672332531289777,0.010314896819284342
T05,2,BG2,31,0.012024863513651693,0.011089693808000407
T05,2,BG2,32,0.012253106518934612,0.011642708088347792
T05,2,BG2,33,0.01237298334887167,0.011995310079044122
T05,2,BG2,34,0.012413823266059802,0.012192345059442874
T05,2,BG2,35,0.012431274936533275,0.012308193103267515
T05,2,BG2,36,0.012459530723465664,0.012459530723465664
T05,2,BG3,0,0.0,0.0
T05,2,BG3,1,0.003998332513587611,2.316334339559657e-05
T05,2,BG3,2,0.00738746339612077,4.99980947112189e-05
T05,2,BG3,3,0.010345933978324414,8.207932097159134e-05
T05,2,BG3,4,0.013055515000581564,0.00012183946209964385
T05,2,BG3,5,0.015371228935556244,0.00016935990001961445
T05,2,BG3,6,0.017381025527434743,0.00022694323228647062
T05,2,BG3,7,0.018887406461964462,0.0002933849576806132
T05,2,BG3,8,0.020105016662432702,0.0003730147618663385
T05,2,BG3,9,0.02092579847100935,0.0004656235505592014
T05,2,BG3,10,0.021503404917179933,0.0005762360257544831
T05,2,BG3,11,0.021581700632973082,0.0006994364818096857
T05,2,BG3,12,0.02144306720816117,0.0008440120008490036
T05,2,BG3,13,0.015574949056491958,0.0007476349033365315
T05,2,BG3,14,0.012713968212333374,0.0007472753953356626
T05,2,BG3,15,0.010565440795936097,0.0007632005252136178
T05,2,BG3,16,0.008651919226642955,0.0007706126698076132
T05,2,BG3,17,0.007239036350592705,0.0007970898825046397
T05,2,BG3,18,0.006228157572266014,0.000849182879134587
T05,2,BG3,19,0.005445832609369222,0.0009197183502793165
T05,2,BG3,20,0.004877825613887362,0.0010188878932361268
T05,2,BG3,21,0.004500188281336488,0.0011582590672434812
T05,2,BG3,22,0.0041732430791818044,0.0013148129812092183
T05,2,BG3,23,0.004063483009502005,0.0015517434869003499
T05,2,BG3,24,0.004022179713222305,0.0018369290624610825
T05,2,BG3,25,0.006746294543869665,0.003623145178113718
T05,2,BG3,26,0.008060023406994502,0.004990813840459146
T05,2,BG3,27,0.008833561313299852,0.006171751034202957
T05,2,BG3,28,0.009292088746801262,0.007165438581262872
T05,2,BG3,29,0.009534374026405307,0.007945462935608702
T05,2,BG3,30,0.00969314318315451,0.00856587758325685
T05,2,BG3,31,0.00984994242696828,0.009083915663564692
T05,2,BG3,32,0.009947280910559795,0.009451749019509518
T05,2,BG3,33,0.010013296083401355,0.009707649934175442
T05,2,BG3,34,0.010056074199593536,0.009876661196284978
T05,2,BG3,35,0.010076383755944128,0.00997661768425582
T05,2,BG3,36,0.01010666383239671,0.01010666383239671
T05,2,BG4,0,0.0,0.0
T05,2,BG4,1,0.003968510713157428,2.2990578189041975e-05
T05,2,BG4,2,0.00742055736404303,5.022207362664368e-05
T05,2,BG4,3,0.010380409469072857,8.235283191577661e-05
T05,2,BG4,4,0.012888423489451574,0.00012028009507435246
T05,2,BG4,5,0.015311244814343759,0.0001686989962413725
T05,2,BG4,6,0.01742410266474593,0.0002275056882019431
T05,2,BG4,7,0.01892062080962117,0.00029390088740838597
T05,2,BG4,8,0.020208887329179727,0.0003749419062254023
T05,2,BG4,9,0.02132023124675731,0.0004744001432344714
T05,2,BG4,10,0.022013553202880138,0.0005899066896230009
T05,2,BG4,11,0.02213901216119983,0.0007174982668799168
T05,2,BG4,12,0.02189805219308037,0.0008619204828813333
T05,2,BG4,13,0.01590722891365868,0.0007635851354217133
T05,2,BG4,14,0.012911816608833847,0.0007589041196179602
T05,2,BG4,15,0.010751733311096764,0.0007766574677297123
T05,2,BG4,16,0.00876325309877353,0.0007805289990086128
T05,2,BG4,17,0.0071405735756168735,0.0007862481522983904
T05,2,BG4,18,0.006099711745431952,0.0008316698360784278
T05,2,BG4,19,0.0052205618520044066,0.0008816735457086537
T05,2,BG4,20,0.0044461147608791845,0.0009287114516985021
T05,2,BG4,21,0.004020349209209732,0.0010347580215137998
T05,2,BG4,22,0.0037092234178882993,0.001168619944510271
T05,2,BG4,23,0.003564011421784413,0.0013610076611138197
T05,2,BG4,24,0.0034399036196586766,0.00157100362925054
T05,2,BG4,25,0.007144903205949255,0.0038372207687716628
T05,2,BG4,26,0.00872359799205041,0.005401703115481364
T05,2,BG4,27,0.009762303784164022,0.006820636246822083
T05,2,BG4,28,0.010321768329626313,0.007959458705796719
T05,2,BG4,29,0.010618963164218708,0.008849304408336665
T05,2,BG4,30,0.01076042782418281,0.009509042187522581
T05,2,BG4,31,0.010930044123654968,0.01008001818283991
T05,2,BG4,32,0.011001514476344969,0.010453465119417377
T05,2,BG4,33,0.01104987088382321,0.010712584284342876
T05,2,BG4,34,0.011081971400175222,0.010884255093714717
T05,2,BG4,35,0.011099270275568947,0.010989376622684933
T05,2,BG4,36,0.0111203562219001,0.0111203562219001
T05,2,BG5,0,0.0,0.0
T05,2,BG5,1,0.01180440551252319,6.8385882697474e-05
T05,2,BG5,2,0.021785432465752253,0.00014744304785462118
T05,2,BG5,3,0.03049456204996103,0.0002419281772638684
T05,2,BG5,4,0.03780806454700679,0.0003528404852583455
T05,2,BG5,5,0.04438162994091099,0.0004889959303767885
T05,2,BG5,6,0.05002666385210663,0.0006531957942501566
T05,2,BG5,7,0.05446570734082279,0.0008460356504623727
T05,2,BG5,8,0.05813080177794036,0.0010785192312151423
T05,2,BG5,9,0.060402017029219254,0.0013440156987108124
T05,2,BG5,10,0.0615537626969082,0.0016494827545461173
T05,2,BG5,11,0.06176103617731197,0.002001599534046297
T05,2,BG5,12,0.06160788021410733,0.002424923156513617
T05,2,BG5,13,0.044088738205893555,0.0021163651609802992
T05,2,BG5,14,0.03589647866738656,0.002109849165253459
T05,2,BG5,15,0.029137096173436884,0.002104734434166004
T05,2,BG5,16,0.023564310605856172,0.0020988356249217145
T05,2,BG5,17,0.019094586815324093,0.0021025038719339278
T05,2,BG5,18,0.015533007241799969,0.002117859682498099
T05,2,BG5,19,0.012807025513716687,0.0021629119454007473
T05,2,BG5,20,0.010525661461356391,0.002198616738129864
T05,2,BG5,21,0.008896504522665645,0.0022897835347589395
T05,2,BG5,22,0.00784333768018192,0.0024711050829096244
T05,2,BG5,23,0.007066300043857185,0.002698444919138681
T05,2,BG5,24,0.006631208151635864,0.00302847208254275
T05,2,BG5,25,0.0117541144329543,0.006312630249601397
T05,2,BG5,26,0.01503940910674736,0.009312490463111079
T05,2,BG5,27,0.017502671735143638,0.012228605054486039
T05,2,BG5,28,0.019220339571815383,0.01482144286616444
T05,2,BG5,29,0.020411635647774415,0.01701002013808181
T05,2,BG5,30,0.021178689175177786,0.018715710230789852
T05,2,BG5,31,0.021646494457198965,0.01996305373050908
T05,2,BG5,32,0.021889589058434036,0.020799141505073827
T05,2,BG5,33,0.021981983782922463,0.02131100505380005
T05,2,BG5,34,0.022034551446076783,0.021641427375700545
T05,2,BG5,35,0.022054761487675947,0.02183639767830185
T05,2,BG5,36,0.02209290456698838,0.02209290456698838
T05,2,BG6,0,0.0,0.0
T05,2,BG6,1,0.009688102182287293,5.6125606558896306e-05
T05,2,BG6,2,0.018108496278573964,0.0001225576715933124
T05,2,BG6,3,0.02551330139878433,0.0002024094164487785
T05,2,BG6,4,0.031863561141462535,0.000297363923061857
T05,2,BG6,5,0.03741317984220917,0.00041221768500156235
T05,2,BG6,6,0.042172577079194404,0.000550645354056062
T05,2,BG6,7,0.0462132885794598,0.0007178478258634801
T05,2,BG6,8,0.04973234747470979,0.0009227000442198534
T05,2,BG6,9,0.05268680995816792,0.0011723432942368564
T05,2,BG6,10,0.05500921413995269,0.0014741056578297799
T05,2,BG6,11,0.05704072699883956,0.0018486200949977174
T05,2,BG6,12,0.05861637729365413,0.0023071758065552547
T05,2,BG6,13,0.04129788632401396,0.001982397578909496
T05,2,BG6,14,0.033527056662374446,0.001970584168899498
T05,2,BG6,15,0.027111723552151704,0.001958430512881764
T05,2,BG6,16,0.021917816849419795,0.001952185047661214
T05,2,BG6,17,0.01763982732379852,0.0019423203931534896
T05,2,BG6,18,0.014265354439772943,0.0019450205930459045
T05,2,BG6,19,0.011827129718350652,0.0019974224405569507
T05,2,BG6,20,0.010169178491046227,0.002124154017202747
T05,2,BG6,21,0.009048565494369588,0.0023289210109914854
T05,2,BG6,22,0.008813723459131588,0.002776832737197906
T05,2,BG6,23,0.0088230072829844,0.0033692878884348893
T05,2,BG6,24,0.008960059651854722,0.004092058326856976
T05,2,BG6,25,0.01571814973195406,0.008441543441258897
T05,2,BG6,26,0.0182186081371577,0.011281069202702821
T05,2,BG6,27,0.01948395007193561,0.013612866219813512
T05,2,BG6,28,0.020291817744498133,0.01564769529446125
T05,2,BG6,29,0.020786600329706646,0.017322496609748928
T05,2,BG6,30,0.0210754974323742,0.018624519161415026
T05,2,BG6,31,0.02119055248431173,0.01954257018262631
T05,2,BG6,32,0.021331395749398938,0.02026875499689419
T05,2,BG6,33,0.021409031708352833,0.020755541768280976
T05,2,BG6,34,0.02147236271482051,0.02108926884920224
T05,2,BG6,35,0.021500141841845958,0.02128726938012954
T05,2,BG6,36,0.021536513942584653,0.021536513942584653
T05,2,BG7,0,0.0,0.0
T05,2,BG7,1,0.016862920164401336,9.769112700922396e-05
T05,2,BG7,2,0.03164021271420248,0.00021413985678591255
T05,2,BG7,3,0.04462990875431149,0.00035407075170919305
T05,2,BG7,4,0.055603399708061496,0.0005189139085921739
T05,2,BG7,5,0.06501370685812975,0.0007163197519753102
T05,2,BG7,6,0.07318399189170459,0.0009555599358353364
T05,2,BG7,7,0.08027974593500875,0.001247014506132682
T05,2,BG7,8,0.0859462895870608,0.0015945888134934123
T05,2,BG7,9,0.09099832135990657,0.0020248193441269684
T05,2,BG7,10,0.09458693022189944,0.002534686803631082
T05,2,BG7,11,0.09669956424378441,0.003133914425091922
T05,2,BG7,12,0.09825475802988716,0.0038673662732422866
T05,2,BG7,13,0.06929598426240784,0.003326373417330097
T05,2,BG7,14,0.05612501829775884,0.0032988005362451296
T05,2,BG7,15,0.0452355591585395,0.0032676159114124145
T05,2,BG7,16,0.03629644041853171,0.003232866149761324
T05,2,BG7,17,0.028928637184371612,0.003185330601964378
T05,2,BG7,18,0.022950306470952708,0.003129176982530292
T05,2,BG7,19,0.018278943231909494,0.0030870356774385477
T05,2,BG7,20,0.014532796912411912,0.0030356335001798414
T05,2,BG7,21,0.011592518474718459,0.002983683970554641
T05,2,BG7,22,0.009429327906177305,0.0029707837501988504
T05,2,BG7,23,0.0077815239568100455,0.0029715712079199912
T05,2,BG7,24,0.006744003084637344,0.0030799855201499734
T05,2,BG7,25,0.014313078487353966,0.007686939983415822
T05,2,BG7,26,0.017337956106820297,0.010735764284895876
T05,2,BG7,27,0.01951602580316947,0.01363527671458706
T05,2,BG7,28,0.020974993200650993,0.016174514605182808
T05,2,BG7,29,0.021931929638340522,0.018276955900378714
T05,2,BG7,30,0.02249739023145184,0.01988105276910844
T05,2,BG7,31,0.022767780800994505,0.02099713801917844
T05,2,BG7,32,0.022942086058603667,0.021799207425435514
T05,2,BG7,33,0.023058339930219298,0.022354506513081872
T05,2,BG7,34,0.023121665178740734,0.022709145602037795
T05,2,BG7,35,0.023163697054937392,0.02293435369869372
T05,2,BG7,36,0.023219581448771953,0.023219581448771953
T05,2,BG8,0,0.0,0.0
T05,2,BG8,1,0.03747163203080294,0.0002170825652040726
T05,2,BG8,2,0.07026226002500935,0.00047553252691673423
T05,2,BG8,3,0.09917271159747178,0.0007867853062816519
T05,2,BG8,4,0.12368395106380942,0.0011542697529047705
T05,2,BG8,5,0.144075466249677,0.001587420672972886
T05,2,BG8,6,0.16385402480583774,0.002139434290658397
T05,2,BG8,7,0.17869032068209195,0.0027756617702080454
T05,2,BG8,8,0.19212007623110552,0.00356446480295469
T05,2,BG8,9,0.2026868505120565,0.004510020067250201
T05,2,BG8,10,0.2093575801814776,0.0056102454601778436
T05,2,BG8,11,0.2102159066291814,0.0068128400398130085
T05,2,BG8,12,0.20720046767825867,0.008155534826965146
T05,2,BG8,13,0.15045240871382728,0.007222076415480513
T05,2,BG8,14,0.12368624703062561,0.007269775061642406
T05,2,BG8,15,0.10198695309842584,0.007367084588444476
T05,2,BG8,16,0.0845349879698466,0.007529396786315584
T05,2,BG8,17,0.07102154496210866,0.007820178299106703
T05,2,BG8,18,0.060670966690953496,0.008272229075227617
T05,2,BG8,19,0.05299326462067242,0.008949756903341502
T05,2,BG8,20,0.047443907759483074,0.00991015816426354
T05,2,BG8,21,0.0436465930045158,0.01123376600091872
T05,2,BG8,22,0.041604214579910606,0.01310773426452903
T05,2,BG8,23,0.040364051716577615,0.01541403131667359
T05,2,BG8,24,0.03994254864450603,0.018241757867945133
T05,2,BG8,25,0.04201481026493455,0.022564350856081408
T05,2,BG8,26,0.0432516076572322,0.0267816495186911
T05,2,BG8,27,0.044389961574176885,0.03101396836178358
T05,2,BG8,28,0.04533744575752775,0.03496121169251685
T05,2,BG8,29,0.046121067704442145,0.03843495463514266
T05,2,BG8,30,0.046639855079665206,0.04121586588541831
T05,2,BG8,31,0.04707415674680121,0.043413215071743866
T05,2,BG8,32,0.04737701097329274,0.045016886755935806
T05,2,BG8,33,0.047588114383893564,0.046135533432912004
T05,2,BG8,34,0.047729983115565734,0.04687842020163517
T05,2,BG8,35,0.04781382402365265,0.04734042029042369
T05,2,BG8,36,0.04791549294973038,0.04791549294973038
T05,2,BG9,0,0.0,0.0
T05,2,BG9,1,0.018958224471485534,0.00010982975068761042
T05,2,BG9,2,0.03539756414690753,0.000239569480523315
T05,2,BG9,3,0.04981574207970348,0.0003952124864490979
T05,2,BG9,4,0.062044280142064624,0.0005790228667189221
T05,2,BG9,5,0.07222678659256689,0.0007957933227943294
T05,2,BG9,6,0.08191159046306201,0.0010695157809880432
T05,2,BG9,7,0.08960007795898856,0.0013917906148195578
T05,2,BG9,8,0.09567243768809734,0.0017750411313970315
T05,2,BG9,9,0.10027035650470327,0.0022311329958533345
T05,2,BG9,10,0.10323044812580646,0.0027663108830323743
T05,2,BG9,11,0.10211185312257737,0.003309320083890744
T05,2,BG9,12,0.0996285047396414,0.0039214377649917816
T05,2,BG9,13,0.07255956093479468,0.0034830329320452106
T05,2,BG9,14,0.05933946011744929,0.0034877323727552025
T05,2,BG9,15,0.048870969225871815,0.0035302217805735915
T05,2,BG9,16,0.04019958969257694,0.003580513443944006
T05,2,BG9,17,0.03342576568186828,0.0036805091648517193
T05,2,BG9,18,0.028126880960525756,0.003834980972601274
T05,2,BG9,19,0.024083796538865436,0.004067387166434358
T05,2,BG9,20,0.02097255736866649,0.004380780804582668
T05,2,BG9,21,0.018727553800721962,0.004820100319290668
T05,2,BG9,22,0.017248306832919825,0.005434214418715692
T05,2,BG9,23,0.01623055693095553,0.0061980475687172555
T05,2,BG9,24,0.01568317090764566,0.007162502539792167
T05,2,BG9,25,0.017878153523056432,0.009601588731250651
T05,2,BG9,26,0.019161804652148007,0.011865102011556928
T05,2,BG9,27,0.020353522779414657,0.014220411291777937
T05,2,BG9,28,0.02108851779310113,0.016262057188846504
T05,2,BG9,29,0.0217436834106519,0.01812008105905261
T05,2,BG9,30,0.02219154729447033,0.019610777858615487
T05,2,BG9,31,0.02248999032212367,0.020740951169778876
T05,2,BG9,32,0.02270245121765424,0.021571510222129088
T05,2,BG9,33,0.022832639940828223,0.02213569575796156
T05,2,BG9,34,0.022908324228471808,0.022499610913816744
T05,2,BG9,35,0.022958421175768125,0.022731110310995024
T05,2,BG9,36,0.023020521910216682,0.023020521910216682
T05,2,BG10,0,0.0,0.0
T05,2,BG10,1,0.026156024543296484,0.00015152841226444353
T05,2,BG10,2,0.049298918554973786,0.0003336533622754075
T05,2,BG10,3,0.06847194339721277,0.0005432211958902946
T05,2,BG10,4,0.08553206780500991,0.0007982206092252958
T05,2,BG10,5,0.09990099321731169,0.0011007071918415683
T05,2,BG10,6,0.11361631673098595,0.0014834829002380516
T05,2,BG10,7,0.12352889934418382,0.001918819340836636
T05,2,BG10,8,0.13133950343538486,0.0024367835307424835
T05,2,BG10,9,0.13813355299006125,0.0030736335087707847
T05,2,BG10,10,0.14071799109700017,0.0037708807578816974
T05,2,BG10,11,0.13695236781172818,0.004438458481163248
T05,2,BG10,12,0.1322951221267984,0.005207215441379801
T05,2,BG10,13,0.09847759085469472,0.004727160517377067
T05,2,BG10,14,0.08187256951283445,0.004812136988526942
T05,2,BG10,15,0.06866196139469864,0.004959835171841324
T05,2,BG10,16,0.05833336870175117,0.005195660265611342
T05,2,BG10,17,0.05028225968557447,0.005536576773251623
T05,2,BG10,18,0.04432071128105763,0.006042941069790368
T05,2,BG10,19,0.040052381309956406,0.006764238413680612
T05,2,BG10,20,0.03708069333123334,0.007745473608656206
T05,2,BG10,21,0.03520674292890769,0.009061516258597859
T05,2,BG10,22,0.03417679002440531,0.010767665892159453
T05,2,BG10,23,0.03381851813603254,0.012914454194695613
T05,2,BG10,24,0.03372687183269769,0.015403058910872063
T05,2,BG10,25,0.03693679951785282,0.019837169282600098
T05,2,BG10,26,0.03835759703833927,0.023751249428111347
T05,2,BG10,27,0.039529690412060614,0.027618239032215355
T05,2,BG10,28,0.040377968609496225,0.031136794039879373
T05,2,BG10,29,0.04115317922862736,0.034294968741167206
T05,2,BG10,30,0.04166741763123857,0.036821698876027036
T05,2,BG10,31,0.04200368468056607,0.038737072003533914
T05,2,BG10,32,0.0422607676162221,0.04015551318610546
T05,2,BG10,33,0.042440772531534034,0.041145309157283934
T05,2,BG10,34,0.04256376345525807,0.041804372398125136
T05,2,BG10,35,0.04263347325311127,0.042211360030556054
T05,2,BG10,36,0.042719262397482534,0.042719262397482534
T05,2,BG11,0,0.0,0.0
T05,2,BG11,1,0.012227310158020036,7.083587543469255e-05
T05,2,BG11,2,0.022903543756383895,0.00015501038578957996
T05,2,BG11,3,0.03163630398560192,0.0002509861710060315
T05,2,BG11,4,0.038897100236034904,0.0003630038165165757
T05,2,BG11,5,0.04538875456313249,0.0005000924110033145
T05,2,BG11,6,0.05131243738272428,0.0006699840792850669
T05,2,BG11,7,0.05580793496724445,0.0008668849597536466
T05,2,BG11,8,0.05930863683647695,0.001100371981125408
T05,2,BG11,9,0.061184667724998185,0.0013614305915650303
T05,2,BG11,10,0.06236878285497082,0.0016713232003269715
T05,2,BG11,11,0.06157896615752384,0.001995698864679842
T05,2,BG11,12,0.06043100232144616,0.0023786005367093057
T05,2,BG11,13,0.04404820037677551,0.002114419247969039
T05,2,BG11,14,0.03609060498863846,0.0021212591237695644
T05,2,BG11,15,0.029758664334767506,0.0021496337592036723
T05,2,BG11,16,0.024682627292579924,0.002198442314566417
T05,2,BG11,17,0.02067367278489642,0.0022763769446514357
T05,2,BG11,18,0.017633723324650467,0.0024042834124674175
T05,2,BG11,19,0.015442832016333955,0.0026080596002217003
T05,2,BG11,20,0.013544430011383375,0.002829181865224784
T05,2,BG11,21,0.012303270769275326,0.0031666174886223948
T05,2,BG11,22,0.011459704593583989,0.0036104698644123558
T05,2,BG11,23,0.010942759170619735,0.004178768610566586
T05,2,BG11,24,0.010787041504694835,0.004926440750555062
T05,2,BG11,25,0.015457356363797822,0.008301482495862092
T05,2,BG11,26,0.01693828190260952,0.010488283671570795
T05,2,BG11,27,0.018002682165052325,0.012577947726291717
T05,2,BG11,28,0.018625860783593642,0.014363020517442935
T05,2,BG11,29,0.019075064071703854,0.01589618929644646
T05,2,BG11,30,0.019307361820147428,0.01706200917579298
T05,2,BG11,31,0.01948141042106292,0.017966347573595002
T05,2,BG11,32,0.019610924663454755,0.018633990575770334
T05,2,BG11,33,0.019689828034919036,0.019088815176318174
T05,2,BG11,34,0.01973824104196594,0.019386086003478905
T05,2,BG11,35,0.01977018709209296,0.01957444285160028
T05,2,BG11,36,0.01981014843211314,0.01981014843211314
T05,2,BG12,0,0.0,0.0
T05,2,BG12,1,0.018269793020376682,0.00010584149462856191
T05,2,BG12,2,0.03393375374987486,0.00022966246279876806
T05,2,BG12,3,0.048129007042406656,0.0003818307976508855
T05,2,BG12,4,0.06038114309735566,0.0005635017844116762
T05,2,BG12,5,0.07111396773398551,0.0007835323065630062
T05,2,BG12,6,0.0809011327830449,0.0010563222829720936
T05,2,BG12,7,0.08901645893515711,0.0013827250464705594
T05,2,BG12,8,0.09516859211279026,0.0017656931238099762
T05,2,BG12,9,0.0998991840720031,0.002222873970246134
T05,2,BG12,10,0.10244643469183537,0.0027453013426264102
T05,2,BG12,11,0.10235198214067683,0.003317102365560931
T05,2,BG12,12,0.10039021598894535,0.0039514191800843895
T05,2,BG12,13,0.07337745205993276,0.0035222936617455456
T05,2,BG12,14,0.060250212484704094,0.0035412626975388035
T05,2,BG12,15,0.04993275298708141,0.0036069203300915778
T05,2,BG12,16,0.041368919547558176,0.0036846637875203748
T05,2,BG12,17,0.03468186508868551,0.0038188182000383273
T05,2,BG12,18,0.029652868031105846,0.004043042835638217
T05,2,BG12,19,0.02577163911921267,0.00435243811862608
T05,2,BG12,20,0.023044094276543334,0.004813486698469463
T05,2,BG12,21,0.02119083784944482,0.005454100707264862
T05,2,BG12,22,0.02021106245744643,0.006367653827863603
T05,2,BG12,23,0.019502342693932286,0.007447461495822755
T05,2,BG12,24,0.019269140886283603,0.008800214672457467
T05,2,BG12,25,0.02118670300323458,0.011378468615920482
T05,2,BG12,26,0.022653902829774867,0.014027429715231628
T05,2,BG12,27,0.024010602342166853,0.016775505905149663
T05,2,BG12,28,0.02506195596707555,0.019326107447951515
T05,2,BG12,29,0.025843082678654372,0.021536312143015903
T05,2,BG12,30,0.026390535639017287,0.023321444208149748
T05,2,BG12,31,0.026766815533422642,0.024685169101591242
T05,2,BG12,32,0.0269975303051137,0.025652626489139973
T05,2,BG12,33,0.027149862794559082,0.026321139591488064
T05,2,BG12,34,0.027242677302823554,0.02675663369798729
T05,2,BG12,35,0.02728972250714808,0.027019527467521173
T05,2,BG12,36,0.02735120249950447,0.02735120249950447
T05,2,BG13,0,0.0,0.0
T05,2,BG13,1,0.015289745609126583,8.857733224547485e-05
T05,2,BG13,2,0.028389221345539485,0.00019213726060283992
T05,2,BG13,3,0.04029906722647741,0.00031971208035848315
T05,2,BG13,4,0.05045450691773377,0.00047086231290050044
T05,2,BG13,5,0.058990140421164024,0.0006499522145559282
T05,2,BG13,6,0.06665197960055885,0.0008702717614138977
T05,2,BG13,7,0.07258690450173261,0.0011275187992925931
T05,2,BG13,8,0.07708612956246386,0.001430203449918593
T05,2,BG13,9,0.08041109391460544,0.0017892411183557625
T05,2,BG13,10,0.08251169069132736,0.002211101394887423
T05,2,BG13,11,0.0825227122634069,0.0026744600185896277
T05,2,BG13,12,0.08084740763279427,0.003182202511485243
T05,2,BG13,13,0.058878941601563345,0.0028263303972172154
T05,2,BG13,14,0.048237842676205005,0.002835224403813251
T05,2,BG13,15,0.039764939238905186,0.002872442619744871
T05,2,BG13,16,0.03288794720978931,0.002929277091455052
T05,2,BG13,17,0.02734196648592069,0.003010622384079861
T05,2,BG13,18,0.023203441439388316,0.0031636908638104826
T05,2,BG13,19,0.02000438505006956,0.003378436571619794
T05,2,BG13,20,0.017603817773119496,0.0036771131705730827
T05,2,BG13,21,0.016080484484048894,0.004138797264264707
T05,2,BG13,22,0.015029718216435239,0.004735230668485167
T05,2,BG13,23,0.014392880742972793,0.00549628456707215
T05,2,BG13,24,0.014109061000304015,0.006443606713912656
T05,2,BG13,25,0.01605564135859993,0.008622795704388187
T05,2,BG13,26,0.017541124092736768,0.010861567096896098
T05,2,BG13,27,0.018997890678017416,0.013273270819186155
T05,2,BG13,28,0.020014891283694644,0.015434148097578464
T05,2,BG13,29,0.02080175564589735,0.017335126321550546
T05,2,BG13,30,0.02135740783045084,0.01887364476853931
T05,2,BG13,31,0.021770800926459197,0.02007769293936269
T05,2,BG13,32,0.022000408031730524,0.020904439920541282
T05,2,BG13,33,0.02213714752169932,0.021461432580033104
T05,2,BG13,34,0.022216620696457325,0.021820248291861265
T05,2,BG13,35,0.0222610681947632,0.022040661784531113
T05,2,BG13,36,0.02231799692140668,0.02231799692140668
T05,2,BG14,0,0.0,0.0
T05,2,BG14,1,0.02960071539870488,0.00017148437045642372
T05,2,BG14,2,0.05521961761493886,0.0003737244476056782
T05,2,BG14,3,0.07723897351088226,0.0006127743050390787
T05,2,BG14,4,0.09590405733006356,0.0008950163015573224
T05,2,BG14,5,0.11288749907543501,0.0012437922594357759
T05,2,BG14,6,0.12808648603088657,0.0016724192182091856
T05,2,BG14,7,0.13985581245507028,0.0021724312258543407
T05,2,BG14,8,0.14933058302007468,0.0027705777507703246
T05,2,BG14,9,0.15620938077420043,0.003475841874772253
T05,2,BG14,10,0.1599271501074401,0.004285636884870926
T05,2,BG14,11,0.15892537532825987,0.005150576740263984
T05,2,BG14,12,0.15469947892405514,0.006089064378523099
T05,2,BG14,13,0.11437184164808807,0.0054901226711873315
T05,2,BG14,14,0.0950763480797474,0.005588201445666252
T05,2,BG14,15,0.07964967677762264,0.005753538936962708
T05,2,BG14,16,0.06756156186683934,0.006017600741291795
T05,2,BG14,17,0.05823340252370964,0.006412076658799969
T05,2,BG14,18,0.051236192121767415,0.0069858375700852645
T05,2,BG14,19,0.04630520309670297,0.007820244963495255
T05,2,BG14,20,0.043107487087224464,0.00900435977939037
T05,2,BG14,21,0.04113836030950392,0.010588196714071206
T05,2,BG14,22,0.040452598434413276,0.012744908580655905
T05,2,BG14,23,0.04009951815330098,0.01531301250249781
T05,2,BG14,24,0.04019551613289024,0.01835728808819954
T05,2,BG14,25,0.04135525424203632,0.022210131655036897
T05,2,BG14,26,0.04211645513421953,0.026078756444953367
T05,2,BG14,27,0.04293456307693697,0.02999712406315039
T05,2,BG14,28,0.04364496613613804,0.03365608445464494
T05,2,BG14,29,0.044297016044359934,0.036914882634566736
T05,2,BG14,30,0.04482698825335326,0.039613826784162635
T05,2,BG14,31,0.045246988361755336,0.0417281450132947
T05,2,BG14,32,0.04550155369697726,0.043234856903507965
T05,2,BG14,33,0.04569996643670844,0.0443050193276681
T05,2,BG14,34,0.04582548864540073,0.045007904303195505
T05,2,BG14,35,0.045900455730644774,0.045445996276693906
T05,2,BG14,36,0.045991329832688256,0.045991329832688256
T05,2,BG15,0,0.0,0.0
T05,2,BG15,1,0.009763909998735904,5.656478018051375e-05
T05,2,BG15,2,0.01792803105319963,0.00012133628932661187
T05,2,BG15,3,0.024867295703965238,0.0001972843390416347
T05,2,BG15,4,0.031046629520658967,0.0002897399788762735
T05,2,BG15,5,0.03635352746753831,0.00040054245552826906
T05,2,BG15,6,0.04103324163239803,0.0005357691050611425
T05,2,BG15,7,0.04447895555442657,0.0006909078008593758
T05,2,BG15,8,0.04686997678729038,0.000869593567510185
T05,2,BG15,9,0.048521239942414175,0.0010796544776320567
T05,2,BG15,10,0.04945075288964721,0.0013251531740016767
T05,2,BG15,11,0.04928572577335996,0.0015972900014870678
T05,2,BG15,12,0.04845544371165522,0.0019072353566561308
T05,2,BG15,13,0.03519391914605935,0.0016893925141293143
T05,2,BG15,14,0.02867867462574449,0.001685615973331763
T05,2,BG15,15,0.023691974232622415,0.0017114030076019484
T05,2,BG15,16,0.01932870773262385,0.0017215772213720042
T05,2,BG15,17,0.015952151015665272,0.0017564904475138952
T05,2,BG15,18,0.013311956452357982,0.0018150288259977671
T05,2,BG15,19,0.011208826426216222,0.00189300041108723
T05,2,BG15,20,0.00952888914273244,0.001990409366288368
T05,2,BG15,21,0.00856358126164534,0.00220409569937643
T05,2,BG15,22,0.007762212430875916,0.0024455459383734193
T05,2,BG15,23,0.00725683500106885,0.002771205496369652
T05,2,BG15,24,0.006985516106453633,0.003190284487865804
T05,2,BG15,25,0.01026781193021046,0.005514400978122846
T05,2,BG15,26,0.011586525224692668,0.007174444492813249
T05,2,BG15,27,0.01253207128136561,0.008755791832096524
T05,2,BG15,28,0.013114248411201658,0.010112832968209803
T05,2,BG15,29,0.013453436767044443,0.01121141070725466
T05,2,BG15,30,0.013699588157286632,0.01210639243397253
T05,2,BG15,31,0.01388164996650403,0.012802078630575904
T05,2,BG15,32,0.014012986998552976,0.01331491865972912
T05,2,BG15,33,0.014101457835849934,0.013671024506684434
T05,2,BG15,34,0.014139920433389137,0.01388764647036292
T05,2,BG15,35,0.014165759494285751,0.014025504554876398
T05,2,BG15,36,0.014205127208622586,0.014205127208622586
