task,seed,background,condition,active_steps,raw_action_hash,model_action_hash,initial_noise_hash,schedule_hash,physical_state_hash,mask_source_sha256,D_BG_px,ADE_BG0_px,FDE_BG0_px,Recovery_pct,DeltaD_px,Remaining_pct,ADE_GT_px,FDE_GT_px,GT_improvement_px,paired_valid_fraction,paired_tracker_failed,confidence_min,confidence_mean,future_clean_BG0_RMS,cohort
Original,0,BG1,spatial_E,"[0, 1, 2, 3, 4, 5, 6, 7, 8, 9, 10, 11]",2ed4e86484ba454a1f701f898134fc61c6b43b262ec7a48989d304f71309d8b7,0a6c616179694b19286970d531aac6d0ebd5b19929ae610cbff34dd8d9b62d10,576d0d3a30f3617b0fd9e24a26d20e665da4c28ddd09ab338c552f716abab1fc,38ad04bc14c2a22e2d4699472849a99e706e5988005381695628468a6a57aff5,0ea882672f492d84780f4b57128af453fe129efd52f72b15ce35490ca6da1069,431add55b7b418f445e779f4bb7a2e3bd10524dabc4b5ad290105cbed59c9f3c,2.4180679321289062,1.8384017944335938,3.9268553256988525,23.972284963381345,0.5796661376953125,76.02771462306535,3.350749000972114,8.105767483759767,0.5783464889459948,1.0,False,0.9996052384376526,0.9999387860298157,0.11467547221169724,all_four_full_spatial_windows_common_frames
Original,0,BG1,spatial_EM,"[0, 1, 2, 3, 4, 5, 6, 7, 8, 9, 10, 11, 12, 13, 14, 15, 16, 17, 18, 19, 20, 21, 22, 23]",2ed4e86484ba454a1f701f898134fc61c6b43b262ec7a48989d304f71309d8b7,0a6c616179694b19286970d531aac6d0ebd5b19929ae610cbff34dd8d9b62d10,576d0d3a30f3617b0fd9e24a26d20e665da4c28ddd09ab338c552f716abab1fc,38ad04bc14c2a22e2d4699472849a99e706e5988005381695628468a6a57aff5,0ea882672f492d84780f4b57128af453fe129efd52f72b15ce35490ca6da1069,431add55b7b418f445e779f4bb7a2e3bd10524dabc4b5ad290105cbed59c9f3c,2.4180679321289062,0.03388162702322006,0.07574477046728134,98.5988136878656,2.384186305105686,1.401185898581085,1.6772286850680231,4.164583438722586,2.2518668048500854,1.0,False,0.9997264742851257,0.9999534487724304,0.03289152870770267,all_four_full_spatial_windows_common_frames
Original,0,BG1,spatial_ML,"[12, 13, 14, 15, 16, 17, 18, 19, 20, 21, 22, 23, 24, 25, 26, 27, 28, 29, 30, 31, 32, 33, 34, 35]",2ed4e86484ba454a1f701f898134fc61c6b43b262ec7a48989d304f71309d8b7,0a6c616179694b19286970d531aac6d0ebd5b19929ae610cbff34dd8d9b62d10,576d0d3a30f3617b0fd9e24a26d20e665da4c28ddd09ab338c552f716abab1fc,38ad04bc14c2a22e2d4699472849a99e706e5988005381695628468a6a57aff5,0ea882672f492d84780f4b57128af453fe129efd52f72b15ce35490ca6da1069,431add55b7b418f445e779f4bb7a2e3bd10524dabc4b5ad290105cbed59c9f3c,2.4180679321289062,0.6129267811775208,1.0464892387390137,74.65220970433568,1.8051411509513855,25.34778988211101,2.174165261751864,5.225158640394169,1.7549302281662442,1.0,False,0.9995723366737366,0.9999335408210754,0.03736985891246935,all_four_full_spatial_windows_common_frames
Original,0,BG1,spatial_all,"[0, 1, 2, 3, 4, 5, 6, 7, 8, 9, 10, 11, 12, 13, 14, 15, 16, 17, 18, 19, 20, 21, 22, 23, 24, 25, 26, 27, 28, 29, 30, 31, 32, 33, 34, 35]",2ed4e86484ba454a1f701f898134fc61c6b43b262ec7a48989d304f71309d8b7,0a6c616179694b19286970d531aac6d0ebd5b19929ae610cbff34dd8d9b62d10,576d0d3a30f3617b0fd9e24a26d20e665da4c28ddd09ab338c552f716abab1fc,38ad04bc14c2a22e2d4699472849a99e706e5988005381695628468a6a57aff5,0ea882672f492d84780f4b57128af453fe129efd52f72b15ce35490ca6da1069,431add55b7b418f445e779f4bb7a2e3bd10524dabc4b5ad290105cbed59c9f3c,2.4180679321289062,0.03119623102247715,0.035197895020246506,98.7098691282011,2.386871701106429,1.290130458245581,1.6838372321456656,4.183683237513387,2.2452582577724427,1.0,False,0.9996464252471924,0.9999380111694336,0.0,all_four_full_spatial_windows_common_frames
Original,0,BG2,spatial_E,"[0, 1, 2, 3, 4, 5, 6, 7, 8, 9, 10, 11]",2ed4e86484ba454a1f701f898134fc61c6b43b262ec7a48989d304f71309d8b7,0a6c616179694b19286970d531aac6d0ebd5b19929ae610cbff34dd8d9b62d10,576d0d3a30f3617b0fd9e24a26d20e665da4c28ddd09ab338c552f716abab1fc,38ad04bc14c2a22e2d4699472849a99e706e5988005381695628468a6a57aff5,0ea882672f492d84780f4b57128af453fe129efd52f72b15ce35490ca6da1069,431add55b7b418f445e779f4bb7a2e3bd10524dabc4b5ad290105cbed59c9f3c,0.5472681522369385,0.3829406797885895,0.9146530032157898,30.02686503389243,0.164327472448349,69.97313313884979,1.9839141748170526,5.098112721660442,0.14047432182018574,1.0,False,0.999692440032959,0.9999481439590454,0.06480366412341734,all_four_full_spatial_windows_common_frames
Original,0,BG2,spatial_EM,"[0, 1, 2, 3, 4, 5, 6, 7, 8, 9, 10, 11, 12, 13, 14, 15, 16, 17, 18, 19, 20, 21, 22, 23]",2ed4e86484ba454a1f701f898134fc61c6b43b262ec7a48989d304f71309d8b7,0a6c616179694b19286970d531aac6d0ebd5b19929ae610cbff34dd8d9b62d10,576d0d3a30f3617b0fd9e24a26d20e665da4c28ddd09ab338c552f716abab1fc,38ad04bc14c2a22e2d4699472849a99e706e5988005381695628468a6a57aff5,0ea882672f492d84780f4b57128af453fe129efd52f72b15ce35490ca6da1069,431add55b7b418f445e779f4bb7a2e3bd10524dabc4b5ad290105cbed59c9f3c,0.5472681522369385,0.06554380059242249,0.09814631193876266,88.02345630257119,0.481724351644516,11.976541870171033,1.646151316750538,4.120154353396522,0.4782371798867001,1.0,False,0.9997178912162781,0.9999496340751648,0.03282303735757988,all_four_full_spatial_windows_common_frames
Original,0,BG2,spatial_ML,"[12, 13, 14, 15, 16, 17, 18, 19, 20, 21, 22, 23, 24, 25, 26, 27, 28, 29, 30, 31, 32, 33, 34, 35]",2ed4e86484ba454a1f701f898134fc61c6b43b262ec7a48989d304f71309d8b7,0a6c616179694b19286970d531aac6d0ebd5b19929ae610cbff34dd8d9b62d10,576d0d3a30f3617b0fd9e24a26d20e665da4c28ddd09ab338c552f716abab1fc,38ad04bc14c2a22e2d4699472849a99e706e5988005381695628468a6a57aff5,0ea882672f492d84780f4b57128af453fe129efd52f72b15ce35490ca6da1069,431add55b7b418f445e779f4bb7a2e3bd10524dabc4b5ad290105cbed59c9f3c,0.5472681522369385,0.15112274885177612,0.16492091119289398,72.38597651395115,0.39614540338516235,27.61402165879108,1.7971675597288257,4.351559894947052,0.3272209369084128,1.0,False,0.9996683597564697,0.9999414682388306,0.010618873457945812,all_four_full_spatial_windows_common_frames
Original,0,BG2,spatial_all,"[0, 1, 2, 3, 4, 5, 6, 7, 8, 9, 10, 11, 12, 13, 14, 15, 16, 17, 18, 19, 20, 21, 22, 23, 24, 25, 26, 27, 28, 29, 30, 31, 32, 33, 34, 35]",2ed4e86484ba454a1f701f898134fc61c6b43b262ec7a48989d304f71309d8b7,0a6c616179694b19286970d531aac6d0ebd5b19929ae610cbff34dd8d9b62d10,576d0d3a30f3617b0fd9e24a26d20e665da4c28ddd09ab338c552f716abab1fc,38ad04bc14c2a22e2d4699472849a99e706e5988005381695628468a6a57aff5,0ea882672f492d84780f4b57128af453fe129efd52f72b15ce35490ca6da1069,431add55b7b418f445e779f4bb7a2e3bd10524dabc4b5ad290105cbed59c9f3c,0.5472681522369385,0.04812241345643997,0.061142392456531525,91.20679279793266,0.4991457387804985,8.793205374809558,1.683627164246707,4.140017578711755,0.4407613323905313,1.0,False,0.9996732473373413,0.99994295835495,0.0,all_four_full_spatial_windows_common_frames
Original,0,BG3,spatial_E,"[0, 1, 2, 3, 4, 5, 6, 7, 8, 9, 10, 11]",2ed4e86484ba454a1f701f898134fc61c6b43b262ec7a48989d304f71309d8b7,0a6c616179694b19286970d531aac6d0ebd5b19929ae610cbff34dd8d9b62d10,576d0d3a30f3617b0fd9e24a26d20e665da4c28ddd09ab338c552f716abab1fc,38ad04bc14c2a22e2d4699472849a99e706e5988005381695628468a6a57aff5,0ea882672f492d84780f4b57128af453fe129efd52f72b15ce35490ca6da1069,431add55b7b418f445e779f4bb7a2e3bd10524dabc4b5ad290105cbed59c9f3c,2.7398698329925537,1.9089891910552979,4.070723533630371,30.325551560863467,0.8308806419372559,69.67444807415569,3.42770627251912,8.246814792695908,0.8332526801162317,1.0,False,0.9997479319572449,0.9999540448188782,0.1390179334938082,all_four_full_spatial_windows_common_frames
Original,0,BG3,spatial_EM,"[0, 1, 2, 3, 4, 5, 6, 7, 8, 9, 10, 11, 12, 13, 14, 15, 16, 17, 18, 19, 20, 21, 22, 23]",2ed4e86484ba454a1f701f898134fc61c6b43b262ec7a48989d304f71309d8b7,0a6c616179694b19286970d531aac6d0ebd5b19929ae610cbff34dd8d9b62d10,576d0d3a30f3617b0fd9e24a26d20e665da4c28ddd09ab338c552f716abab1fc,38ad04bc14c2a22e2d4699472849a99e706e5988005381695628468a6a57aff5,0ea882672f492d84780f4b57128af453fe129efd52f72b15ce35490ca6da1069,431add55b7b418f445e779f4bb7a2e3bd10524dabc4b5ad290105cbed59c9f3c,2.7398698329925537,0.05736285448074341,0.0677972137928009,97.90636534697245,2.6825069785118103,2.093634288046701,1.6868830850462682,4.148930213264162,2.574075867589084,1.0,False,0.9997679591178894,0.9999592900276184,0.032469690413294054,all_four_full_spatial_windows_common_frames
Original,0,BG3,spatial_ML,"[12, 13, 14, 15, 16, 17, 18, 19, 20, 21, 22, 23, 24, 25, 26, 27, 28, 29, 30, 31, 32, 33, 34, 35]",2ed4e86484ba454a1f701f898134fc61c6b43b262ec7a48989d304f71309d8b7,0a6c616179694b19286970d531aac6d0ebd5b19929ae610cbff34dd8d9b62d10,576d0d3a30f3617b0fd9e24a26d20e665da4c28ddd09ab338c552f716abab1fc,38ad04bc14c2a22e2d4699472849a99e706e5988005381695628468a6a57aff5,0ea882672f492d84780f4b57128af453fe129efd52f72b15ce35490ca6da1069,431add55b7b418f445e779f4bb7a2e3bd10524dabc4b5ad290105cbed59c9f3c,2.7398698329925537,0.8350076675415039,1.5194423198699951,69.52381954649759,1.9048621654510498,30.476180088521573,2.39717791376022,5.702153065831571,1.8637810388751326,1.0,False,0.9996681213378906,0.9999434351921082,0.05206234522097173,all_four_full_spatial_windows_common_frames
Original,0,BG3,spatial_all,"[0, 1, 2, 3, 4, 5, 6, 7, 8, 9, 10, 11, 12, 13, 14, 15, 16, 17, 18, 19, 20, 21, 22, 23, 24, 25, 26, 27, 28, 29, 30, 31, 32, 33, 34, 35]",2ed4e86484ba454a1f701f898134fc61c6b43b262ec7a48989d304f71309d8b7,0a6c616179694b19286970d531aac6d0ebd5b19929ae610cbff34dd8d9b62d10,576d0d3a30f3617b0fd9e24a26d20e665da4c28ddd09ab338c552f716abab1fc,38ad04bc14c2a22e2d4699472849a99e706e5988005381695628468a6a57aff5,0ea882672f492d84780f4b57128af453fe129efd52f72b15ce35490ca6da1069,431add55b7b418f445e779f4bb7a2e3bd10524dabc4b5ad290105cbed59c9f3c,2.7398698329925537,0.05851682275533676,0.08864949643611908,97.86424771581765,2.681353010237217,2.1357519192015064,1.6840430052587698,4.121063417742378,2.576915947376582,1.0,False,0.9996830224990845,0.9999505877494812,0.0,all_four_full_spatial_windows_common_frames
Original,0,BG4,spatial_E,"[0, 1, 2, 3, 4, 5, 6, 7, 8, 9, 10, 11]",2ed4e86484ba454a1f701f898134fc61c6b43b262ec7a48989d304f71309d8b7,0a6c616179694b19286970d531aac6d0ebd5b19929ae610cbff34dd8d9b62d10,576d0d3a30f3617b0fd9e24a26d20e665da4c28ddd09ab338c552f716abab1fc,38ad04bc14c2a22e2d4699472849a99e706e5988005381695628468a6a57aff5,0ea882672f492d84780f4b57128af453fe129efd52f72b15ce35490ca6da1069,431add55b7b418f445e779f4bb7a2e3bd10524dabc4b5ad290105cbed59c9f3c,2.1726555824279785,1.5566047430038452,3.4998221397399902,28.35473977427257,0.6160508394241333,71.6452597654612,3.084421011329065,7.678584103704983,0.60910878441443,1.0,False,0.9997997879981995,0.9999634027481079,0.12667127160835023,all_four_full_spatial_windows_common_frames
Original,0,BG4,spatial_EM,"[0, 1, 2, 3, 4, 5, 6, 7, 8, 9, 10, 11, 12, 13, 14, 15, 16, 17, 18, 19, 20, 21, 22, 23]",2ed4e86484ba454a1f701f898134fc61c6b43b262ec7a48989d304f71309d8b7,0a6c616179694b19286970d531aac6d0ebd5b19929ae610cbff34dd8d9b62d10,576d0d3a30f3617b0fd9e24a26d20e665da4c28ddd09ab338c552f716abab1fc,38ad04bc14c2a22e2d4699472849a99e706e5988005381695628468a6a57aff5,0ea882672f492d84780f4b57128af453fe129efd52f72b15ce35490ca6da1069,431add55b7b418f445e779f4bb7a2e3bd10524dabc4b5ad290105cbed59c9f3c,2.1726555824279785,0.05950577184557915,0.06962549686431885,97.26114980888065,2.1131498105823994,2.738849730853129,1.674872026914974,4.138413703393811,2.018657768828521,1.0,False,0.9997219443321228,0.9999540448188782,0.031157080464056956,all_four_full_spatial_windows_common_frames
Original,0,BG4,spatial_ML,"[12, 13, 14, 15, 16, 17, 18, 19, 20, 21, 22, 23, 24, 25, 26, 27, 28, 29, 30, 31, 32, 33, 34, 35]",2ed4e86484ba454a1f701f898134fc61c6b43b262ec7a48989d304f71309d8b7,0a6c616179694b19286970d531aac6d0ebd5b19929ae610cbff34dd8d9b62d10,576d0d3a30f3617b0fd9e24a26d20e665da4c28ddd09ab338c552f716abab1fc,38ad04bc14c2a22e2d4699472849a99e706e5988005381695628468a6a57aff5,0ea882672f492d84780f4b57128af453fe129efd52f72b15ce35490ca6da1069,431add55b7b418f445e779f4bb7a2e3bd10524dabc4b5ad290105cbed59c9f3c,2.1726555824279785,0.6688408255577087,1.2049801349639893,69.2155149721513,1.5038147568702698,30.78448456758248,2.234291267950868,5.3877112731320995,1.4592385277926265,1.0,False,0.9996265172958374,0.9999386668205261,0.04221700771112798,all_four_full_spatial_windows_common_frames
Original,0,BG4,spatial_all,"[0, 1, 2, 3, 4, 5, 6, 7, 8, 9, 10, 11, 12, 13, 14, 15, 16, 17, 18, 19, 20, 21, 22, 23, 24, 25, 26, 27, 28, 29, 30, 31, 32, 33, 34, 35]",2ed4e86484ba454a1f701f898134fc61c6b43b262ec7a48989d304f71309d8b7,0a6c616179694b19286970d531aac6d0ebd5b19929ae610cbff34dd8d9b62d10,576d0d3a30f3617b0fd9e24a26d20e665da4c28ddd09ab338c552f716abab1fc,38ad04bc14c2a22e2d4699472849a99e706e5988005381695628468a6a57aff5,0ea882672f492d84780f4b57128af453fe129efd52f72b15ce35490ca6da1069,431add55b7b418f445e779f4bb7a2e3bd10524dabc4b5ad290105cbed59c9f3c,2.1726555824279785,0.05435021594166756,0.06893762946128845,97.498442637154,2.118305366486311,2.501556902579773,1.6730047300383866,4.1383050303074445,2.020525065705108,1.0,False,0.9996441602706909,0.999937891960144,0.0,all_four_full_spatial_windows_common_frames
Original,0,BG5,spatial_E,"[0, 1, 2, 3, 4, 5, 6, 7, 8, 9, 10, 11]",2ed4e86484ba454a1f701f898134fc61c6b43b262ec7a48989d304f71309d8b7,0a6c616179694b19286970d531aac6d0ebd5b19929ae610cbff34dd8d9b62d10,576d0d3a30f3617b0fd9e24a26d20e665da4c28ddd09ab338c552f716abab1fc,38ad04bc14c2a22e2d4699472849a99e706e5988005381695628468a6a57aff5,0ea882672f492d84780f4b57128af453fe129efd52f72b15ce35490ca6da1069,431add55b7b418f445e779f4bb7a2e3bd10524dabc4b5ad290105cbed59c9f3c,6.009836196899414,5.062031269073486,13.208002090454102,15.770894500216636,0.9478049278259277,84.22910533338948,6.587905429731704,17.395005584952653,0.9355807520159999,1.0,False,0.9998993873596191,0.9999827146530151,0.2942298296882904,all_four_full_spatial_windows_common_frames
Original,0,BG5,spatial_EM,"[0, 1, 2, 3, 4, 5, 6, 7, 8, 9, 10, 11, 12, 13, 14, 15, 16, 17, 18, 19, 20, 21, 22, 23]",2ed4e86484ba454a1f701f898134fc61c6b43b262ec7a48989d304f71309d8b7,0a6c616179694b19286970d531aac6d0ebd5b19929ae610cbff34dd8d9b62d10,576d0d3a30f3617b0fd9e24a26d20e665da4c28ddd09ab338c552f716abab1fc,38ad04bc14c2a22e2d4699472849a99e706e5988005381695628468a6a57aff5,0ea882672f492d84780f4b57128af453fe129efd52f72b15ce35490ca6da1069,431add55b7b418f445e779f4bb7a2e3bd10524dabc4b5ad290105cbed59c9f3c,6.009836196899414,0.17715422809123993,0.15217921137809753,97.05226179229538,5.832681968808174,2.947738041310731,1.6798315824485333,4.222141975684758,5.84365459929917,1.0,False,0.999669075012207,0.9999372363090515,0.03876781365409961,all_four_full_spatial_windows_common_frames
Original,0,BG5,spatial_ML,"[12, 13, 14, 15, 16, 17, 18, 19, 20, 21, 22, 23, 24, 25, 26, 27, 28, 29, 30, 31, 32, 33, 34, 35]",2ed4e86484ba454a1f701f898134fc61c6b43b262ec7a48989d304f71309d8b7,0a6c616179694b19286970d531aac6d0ebd5b19929ae610cbff34dd8d9b62d10,576d0d3a30f3617b0fd9e24a26d20e665da4c28ddd09ab338c552f716abab1fc,38ad04bc14c2a22e2d4699472849a99e706e5988005381695628468a6a57aff5,0ea882672f492d84780f4b57128af453fe129efd52f72b15ce35490ca6da1069,431add55b7b418f445e779f4bb7a2e3bd10524dabc4b5ad290105cbed59c9f3c,6.009836196899414,1.4965791702270508,2.752610683441162,75.09783746670254,4.513257026672363,24.902162366903568,3.0461892100812396,6.937466601819844,4.4772969716664655,1.0,False,0.9995322227478027,0.9999216198921204,0.08117094978070637,all_four_full_spatial_windows_common_frames
Original,0,BG5,spatial_all,"[0, 1, 2, 3, 4, 5, 6, 7, 8, 9, 10, 11, 12, 13, 14, 15, 16, 17, 18, 19, 20, 21, 22, 23, 24, 25, 26, 27, 28, 29, 30, 31, 32, 33, 34, 35]",2ed4e86484ba454a1f701f898134fc61c6b43b262ec7a48989d304f71309d8b7,0a6c616179694b19286970d531aac6d0ebd5b19929ae610cbff34dd8d9b62d10,576d0d3a30f3617b0fd9e24a26d20e665da4c28ddd09ab338c552f716abab1fc,38ad04bc14c2a22e2d4699472849a99e706e5988005381695628468a6a57aff5,0ea882672f492d84780f4b57128af453fe129efd52f72b15ce35490ca6da1069,431add55b7b418f445e779f4bb7a2e3bd10524dabc4b5ad290105cbed59c9f3c,6.009836196899414,0.13610097765922546,0.1734650582075119,97.7353627790558,5.873735219240189,2.2646370545503185,1.6844636658559509,4.06184485399559,5.839022515891754,1.0,False,0.9996908903121948,0.9999373555183411,0.0,all_four_full_spatial_windows_common_frames
Original,0,BG6,spatial_E,"[0, 1, 2, 3, 4, 5, 6, 7, 8, 9, 10, 11]",2ed4e86484ba454a1f701f898134fc61c6b43b262ec7a48989d304f71309d8b7,0a6c616179694b19286970d531aac6d0ebd5b19929ae610cbff34dd8d9b62d10,576d0d3a30f3617b0fd9e24a26d20e665da4c28ddd09ab338c552f716abab1fc,38ad04bc14c2a22e2d4699472849a99e706e5988005381695628468a6a57aff5,0ea882672f492d84780f4b57128af453fe129efd52f72b15ce35490ca6da1069,431add55b7b418f445e779f4bb7a2e3bd10524dabc4b5ad290105cbed59c9f3c,16.993370056152344,16.802921295166016,41.325164794921875,1.1207239072940975,0.19044876098632812,98.87927603385941,18.336701935026163,45.50827234415553,0.19004162134301128,1.0,False,0.9999657869338989,0.9999948740005493,0.39204045760769035,all_four_full_spatial_windows_common_frames
Original,0,BG6,spatial_EM,"[0, 1, 2, 3, 4, 5, 6, 7, 8, 9, 10, 11, 12, 13, 14, 15, 16, 17, 18, 19, 20, 21, 22, 23]",2ed4e86484ba454a1f701f898134fc61c6b43b262ec7a48989d304f71309d8b7,0a6c616179694b19286970d531aac6d0ebd5b19929ae610cbff34dd8d9b62d10,576d0d3a30f3617b0fd9e24a26d20e665da4c28ddd09ab338c552f716abab1fc,38ad04bc14c2a22e2d4699472849a99e706e5988005381695628468a6a57aff5,0ea882672f492d84780f4b57128af453fe129efd52f72b15ce35490ca6da1069,431add55b7b418f445e779f4bb7a2e3bd10524dabc4b5ad290105cbed59c9f3c,16.993370056152344,0.22074659168720245,0.17455872893333435,98.70098396711262,16.77262346446514,1.299015974040893,1.6753205131861262,4.201737549680356,16.851423043183043,1.0,False,0.9997337460517883,0.999954879283905,0.03994976448382895,all_four_full_spatial_windows_common_frames
Original,0,BG6,spatial_ML,"[12, 13, 14, 15, 16, 17, 18, 19, 20, 21, 22, 23, 24, 25, 26, 27, 28, 29, 30, 31, 32, 33, 34, 35]",2ed4e86484ba454a1f701f898134fc61c6b43b262ec7a48989d304f71309d8b7,0a6c616179694b19286970d531aac6d0ebd5b19929ae610cbff34dd8d9b62d10,576d0d3a30f3617b0fd9e24a26d20e665da4c28ddd09ab338c552f716abab1fc,38ad04bc14c2a22e2d4699472849a99e706e5988005381695628468a6a57aff5,0ea882672f492d84780f4b57128af453fe129efd52f72b15ce35490ca6da1069,431add55b7b418f445e779f4bb7a2e3bd10524dabc4b5ad290105cbed59c9f3c,16.993370056152344,1.8617401123046875,3.3942711353302,89.04431484127488,15.131629943847656,10.955685099878629,3.392374320398244,7.576552239246942,15.134369235970928,1.0,False,0.999618649482727,0.9999381899833679,0.09140234031846971,all_four_full_spatial_windows_common_frames
Original,0,BG6,spatial_all,"[0, 1, 2, 3, 4, 5, 6, 7, 8, 9, 10, 11, 12, 13, 14, 15, 16, 17, 18, 19, 20, 21, 22, 23, 24, 25, 26, 27, 28, 29, 30, 31, 32, 33, 34, 35]",2ed4e86484ba454a1f701f898134fc61c6b43b262ec7a48989d304f71309d8b7,0a6c616179694b19286970d531aac6d0ebd5b19929ae610cbff34dd8d9b62d10,576d0d3a30f3617b0fd9e24a26d20e665da4c28ddd09ab338c552f716abab1fc,38ad04bc14c2a22e2d4699472849a99e706e5988005381695628468a6a57aff5,0ea882672f492d84780f4b57128af453fe129efd52f72b15ce35490ca6da1069,431add55b7b418f445e779f4bb7a2e3bd10524dabc4b5ad290105cbed59c9f3c,16.993370056152344,0.12363171577453613,0.10680817067623138,99.27247082071855,16.869738340377808,0.7275291204349612,1.7010061851826106,4.139316286635524,16.825737371186563,1.0,False,0.9997034668922424,0.9999492764472961,0.0,all_four_full_spatial_windows_common_frames
Original,0,BG7,spatial_E,"[0, 1, 2, 3, 4, 5, 6, 7, 8, 9, 10, 11]",2ed4e86484ba454a1f701f898134fc61c6b43b262ec7a48989d304f71309d8b7,0a6c616179694b19286970d531aac6d0ebd5b19929ae610cbff34dd8d9b62d10,576d0d3a30f3617b0fd9e24a26d20e665da4c28ddd09ab338c552f716abab1fc,38ad04bc14c2a22e2d4699472849a99e706e5988005381695628468a6a57aff5,0ea882672f492d84780f4b57128af453fe129efd52f72b15ce35490ca6da1069,431add55b7b418f445e779f4bb7a2e3bd10524dabc4b5ad290105cbed59c9f3c,3.6982169151306152,1.8791993856430054,4.507464408874512,49.18633942554263,1.8190175294876099,50.813660304056796,3.3961427358491725,8.692188512430779,1.8320095268561165,1.0,False,0.9998700618743896,0.9999758005142212,0.29833837767186516,all_four_full_spatial_windows_common_frames
Original,0,BG7,spatial_EM,"[0, 1, 2, 3, 4, 5, 6, 7, 8, 9, 10, 11, 12, 13, 14, 15, 16, 17, 18, 19, 20, 21, 22, 23]",2ed4e86484ba454a1f701f898134fc61c6b43b262ec7a48989d304f71309d8b7,0a6c616179694b19286970d531aac6d0ebd5b19929ae610cbff34dd8d9b62d10,576d0d3a30f3617b0fd9e24a26d20e665da4c28ddd09ab338c552f716abab1fc,38ad04bc14c2a22e2d4699472849a99e706e5988005381695628468a6a57aff5,0ea882672f492d84780f4b57128af453fe129efd52f72b15ce35490ca6da1069,431add55b7b418f445e779f4bb7a2e3bd10524dabc4b5ad290105cbed59c9f3c,3.6982169151306152,0.1657494604587555,0.1936122477054596,95.5181247121435,3.5324674546718597,4.481875017455919,1.5868347607721498,4.005737547479213,3.641317501933139,1.0,False,0.9996870756149292,0.9999540448188782,0.04255837584037812,all_four_full_spatial_windows_common_frames
Original,0,BG7,spatial_ML,"[12, 13, 14, 15, 16, 17, 18, 19, 20, 21, 22, 23, 24, 25, 26, 27, 28, 29, 30, 31, 32, 33, 34, 35]",2ed4e86484ba454a1f701f898134fc61c6b43b262ec7a48989d304f71309d8b7,0a6c616179694b19286970d531aac6d0ebd5b19929ae610cbff34dd8d9b62d10,576d0d3a30f3617b0fd9e24a26d20e665da4c28ddd09ab338c552f716abab1fc,38ad04bc14c2a22e2d4699472849a99e706e5988005381695628468a6a57aff5,0ea882672f492d84780f4b57128af453fe129efd52f72b15ce35490ca6da1069,431add55b7b418f445e779f4bb7a2e3bd10524dabc4b5ad290105cbed59c9f3c,3.6982169151306152,1.2510846853256226,2.2895398139953613,66.17059732694193,2.4471322298049927,33.8294024026575,2.786743498390503,6.473486165628186,2.4414087643147857,1.0,False,0.9995952248573303,0.9999371767044067,0.07031424254340511,all_four_full_spatial_windows_common_frames
Original,0,BG7,spatial_all,"[0, 1, 2, 3, 4, 5, 6, 7, 8, 9, 10, 11, 12, 13, 14, 15, 16, 17, 18, 19, 20, 21, 22, 23, 24, 25, 26, 27, 28, 29, 30, 31, 32, 33, 34, 35]",2ed4e86484ba454a1f701f898134fc61c6b43b262ec7a48989d304f71309d8b7,0a6c616179694b19286970d531aac6d0ebd5b19929ae610cbff34dd8d9b62d10,576d0d3a30f3617b0fd9e24a26d20e665da4c28ddd09ab338c552f716abab1fc,38ad04bc14c2a22e2d4699472849a99e706e5988005381695628468a6a57aff5,0ea882672f492d84780f4b57128af453fe129efd52f72b15ce35490ca6da1069,431add55b7b418f445e779f4bb7a2e3bd10524dabc4b5ad290105cbed59c9f3c,3.6982169151306152,0.08211846649646759,0.16702766716480255,97.77951163604153,3.6160984486341476,2.2204880935578784,1.642001181649847,4.022183678734332,3.586151081055442,1.0,False,0.9996165037155151,0.9999402165412903,0.0,all_four_full_spatial_windows_common_frames
Original,0,BG8,spatial_E,"[0, 1, 2, 3, 4, 5, 6, 7, 8, 9, 10, 11]",2ed4e86484ba454a1f701f898134fc61c6b43b262ec7a48989d304f71309d8b7,0a6c616179694b19286970d531aac6d0ebd5b19929ae610cbff34dd8d9b62d10,576d0d3a30f3617b0fd9e24a26d20e665da4c28ddd09ab338c552f716abab1fc,38ad04bc14c2a22e2d4699472849a99e706e5988005381695628468a6a57aff5,0ea882672f492d84780f4b57128af453fe129efd52f72b15ce35490ca6da1069,431add55b7b418f445e779f4bb7a2e3bd10524dabc4b5ad290105cbed59c9f3c,26.210529327392578,26.55318260192871,65.06220245361328,-1.3073115392877446,-0.3426532745361328,101.30731150113513,28.16734948174679,69.24157954611381,-0.3493221605733264,0.95,False,0.9860490560531616,0.9979953765869141,0.44791851503347907,all_four_full_spatial_windows_common_frames
Original,0,BG8,spatial_EM,"[0, 1, 2, 3, 4, 5, 6, 7, 8, 9, 10, 11, 12, 13, 14, 15, 16, 17, 18, 19, 20, 21, 22, 23]",2ed4e86484ba454a1f701f898134fc61c6b43b262ec7a48989d304f71309d8b7,0a6c616179694b19286970d531aac6d0ebd5b19929ae610cbff34dd8d9b62d10,576d0d3a30f3617b0fd9e24a26d20e665da4c28ddd09ab338c552f716abab1fc,38ad04bc14c2a22e2d4699472849a99e706e5988005381695628468a6a57aff5,0ea882672f492d84780f4b57128af453fe129efd52f72b15ce35490ca6da1069,431add55b7b418f445e779f4bb7a2e3bd10524dabc4b5ad290105cbed59c9f3c,26.210529327392578,0.29775843024253845,0.3304930031299591,98.86397395333123,25.91277089715004,1.1360260085161615,1.6589782858019688,4.508767116968451,26.10781363559377,0.95,False,0.9991596937179565,0.9998564720153809,0.032973959543561346,all_four_full_spatial_windows_common_frames
Original,0,BG8,spatial_ML,"[12, 13, 14, 15, 16, 17, 18, 19, 20, 21, 22, 23, 24, 25, 26, 27, 28, 29, 30, 31, 32, 33, 34, 35]",2ed4e86484ba454a1f701f898134fc61c6b43b262ec7a48989d304f71309d8b7,0a6c616179694b19286970d531aac6d0ebd5b19929ae610cbff34dd8d9b62d10,576d0d3a30f3617b0fd9e24a26d20e665da4c28ddd09ab338c552f716abab1fc,38ad04bc14c2a22e2d4699472849a99e706e5988005381695628468a6a57aff5,0ea882672f492d84780f4b57128af453fe129efd52f72b15ce35490ca6da1069,431add55b7b418f445e779f4bb7a2e3bd10524dabc4b5ad290105cbed59c9f3c,26.210529327392578,2.3211746215820312,4.1894683837890625,91.14411387231853,23.889354705810547,8.855886089528864,3.798278750706184,8.368615915071873,23.903260775575994,0.95,False,0.999462902545929,0.9999122619628906,0.1114099637532182,all_four_full_spatial_windows_common_frames
Original,0,BG8,spatial_all,"[0, 1, 2, 3, 4, 5, 6, 7, 8, 9, 10, 11, 12, 13, 14, 15, 16, 17, 18, 19, 20, 21, 22, 23, 24, 25, 26, 27, 28, 29, 30, 31, 32, 33, 34, 35]",2ed4e86484ba454a1f701f898134fc61c6b43b262ec7a48989d304f71309d8b7,0a6c616179694b19286970d531aac6d0ebd5b19929ae610cbff34dd8d9b62d10,576d0d3a30f3617b0fd9e24a26d20e665da4c28ddd09ab338c552f716abab1fc,38ad04bc14c2a22e2d4699472849a99e706e5988005381695628468a6a57aff5,0ea882672f492d84780f4b57128af453fe129efd52f72b15ce35490ca6da1069,431add55b7b418f445e779f4bb7a2e3bd10524dabc4b5ad290105cbed59c9f3c,26.210529327392578,0.06360462307929993,0.08027437329292297,99.75733174915868,26.146924704313278,0.2426682126887076,1.6637816821387699,4.186015701772386,26.096272716278175,0.95,False,0.9993065595626831,0.9998815655708313,0.0,all_four_full_spatial_windows_common_frames
Original,0,BG9,spatial_E,"[0, 1, 2, 3, 4, 5, 6, 7, 8, 9, 10, 11]",2ed4e86484ba454a1f701f898134fc61c6b43b262ec7a48989d304f71309d8b7,0a6c616179694b19286970d531aac6d0ebd5b19929ae610cbff34dd8d9b62d10,576d0d3a30f3617b0fd9e24a26d20e665da4c28ddd09ab338c552f716abab1fc,38ad04bc14c2a22e2d4699472849a99e706e5988005381695628468a6a57aff5,0ea882672f492d84780f4b57128af453fe129efd52f72b15ce35490ca6da1069,431add55b7b418f445e779f4bb7a2e3bd10524dabc4b5ad290105cbed59c9f3c,13.222055435180664,10.94090461730957,27.04159927368164,17.252618757566587,2.2811508178710938,82.7473811668022,12.444802277443637,31.214363022968033,2.293140017512839,1.0,False,0.999554455280304,0.9999655485153198,0.3456891973841332,all_four_full_spatial_windows_common_frames
Original,0,BG9,spatial_EM,"[0, 1, 2, 3, 4, 5, 6, 7, 8, 9, 10, 11, 12, 13, 14, 15, 16, 17, 18, 19, 20, 21, 22, 23]",2ed4e86484ba454a1f701f898134fc61c6b43b262ec7a48989d304f71309d8b7,0a6c616179694b19286970d531aac6d0ebd5b19929ae610cbff34dd8d9b62d10,576d0d3a30f3617b0fd9e24a26d20e665da4c28ddd09ab338c552f716abab1fc,38ad04bc14c2a22e2d4699472849a99e706e5988005381695628468a6a57aff5,0ea882672f492d84780f4b57128af453fe129efd52f72b15ce35490ca6da1069,431add55b7b418f445e779f4bb7a2e3bd10524dabc4b5ad290105cbed59c9f3c,13.222055435180664,0.1370166391134262,0.08572019636631012,98.96372655763315,13.085038796067238,1.0362733667356363,1.6540308138160043,4.20053849914405,13.08391148114047,1.0,False,0.9992465972900391,0.9999054074287415,0.030481528601148576,all_four_full_spatial_windows_common_frames
Original,0,BG9,spatial_ML,"[12, 13, 14, 15, 16, 17, 18, 19, 20, 21, 22, 23, 24, 25, 26, 27, 28, 29, 30, 31, 32, 33, 34, 35]",2ed4e86484ba454a1f701f898134fc61c6b43b262ec7a48989d304f71309d8b7,0a6c616179694b19286970d531aac6d0ebd5b19929ae610cbff34dd8d9b62d10,576d0d3a30f3617b0fd9e24a26d20e665da4c28ddd09ab338c552f716abab1fc,38ad04bc14c2a22e2d4699472849a99e706e5988005381695628468a6a57aff5,0ea882672f492d84780f4b57128af453fe129efd52f72b15ce35490ca6da1069,431add55b7b418f445e779f4bb7a2e3bd10524dabc4b5ad290105cbed59c9f3c,13.222055435180664,1.9507999420166016,3.5097250938415527,85.24586468340931,11.271255493164062,14.754135240959474,3.468713694556873,7.688605786727229,11.269228600399602,1.0,False,0.9991714954376221,0.9998728036880493,0.0959876869212646,all_four_full_spatial_windows_common_frames
Original,0,BG9,spatial_all,"[0, 1, 2, 3, 4, 5, 6, 7, 8, 9, 10, 11, 12, 13, 14, 15, 16, 17, 18, 19, 20, 21, 22, 23, 24, 25, 26, 27, 28, 29, 30, 31, 32, 33, 34, 35]",2ed4e86484ba454a1f701f898134fc61c6b43b262ec7a48989d304f71309d8b7,0a6c616179694b19286970d531aac6d0ebd5b19929ae610cbff34dd8d9b62d10,576d0d3a30f3617b0fd9e24a26d20e665da4c28ddd09ab338c552f716abab1fc,38ad04bc14c2a22e2d4699472849a99e706e5988005381695628468a6a57aff5,0ea882672f492d84780f4b57128af453fe129efd52f72b15ce35490ca6da1069,431add55b7b418f445e779f4bb7a2e3bd10524dabc4b5ad290105cbed59c9f3c,13.222055435180664,0.07061376422643661,0.09362516552209854,99.46593950903318,13.151441670954227,0.5340604153356109,1.670701589708738,4.133773956976359,13.067240705247738,1.0,False,0.999229907989502,0.9998758435249329,0.0,all_four_full_spatial_windows_common_frames
Original,0,BG10,spatial_E,"[0, 1, 2, 3, 4, 5, 6, 7, 8, 9, 10, 11]",2ed4e86484ba454a1f701f898134fc61c6b43b262ec7a48989d304f71309d8b7,0a6c616179694b19286970d531aac6d0ebd5b19929ae610cbff34dd8d9b62d10,576d0d3a30f3617b0fd9e24a26d20e665da4c28ddd09ab338c552f716abab1fc,38ad04bc14c2a22e2d4699472849a99e706e5988005381695628468a6a57aff5,0ea882672f492d84780f4b57128af453fe129efd52f72b15ce35490ca6da1069,431add55b7b418f445e779f4bb7a2e3bd10524dabc4b5ad290105cbed59c9f3c,23.93341064453125,24.23409080505371,58.67206573486328,-1.2563197317033206,-0.30068016052246094,101.25631968992072,25.75013051166954,62.85011173802023,-0.3022889204181578,1.0,False,0.9991905093193054,0.9999286532402039,0.41698857273684,all_four_full_spatial_windows_common_frames
Original,0,BG10,spatial_EM,"[0, 1, 2, 3, 4, 5, 6, 7, 8, 9, 10, 11, 12, 13, 14, 15, 16, 17, 18, 19, 20, 21, 22, 23]",2ed4e86484ba454a1f701f898134fc61c6b43b262ec7a48989d304f71309d8b7,0a6c616179694b19286970d531aac6d0ebd5b19929ae610cbff34dd8d9b62d10,576d0d3a30f3617b0fd9e24a26d20e665da4c28ddd09ab338c552f716abab1fc,38ad04bc14c2a22e2d4699472849a99e706e5988005381695628468a6a57aff5,0ea882672f492d84780f4b57128af453fe129efd52f72b15ce35490ca6da1069,431add55b7b418f445e779f4bb7a2e3bd10524dabc4b5ad290105cbed59c9f3c,23.93341064453125,0.27172550559043884,0.4253859221935272,98.86466028802712,23.66168513894081,1.1353396701902734,1.714026266452045,4.611471693125168,23.73381532479934,1.0,False,0.9996693134307861,0.9999417066574097,0.035696994687254506,all_four_full_spatial_windows_common_frames
Original,0,BG10,spatial_ML,"[12, 13, 14, 15, 16, 17, 18, 19, 20, 21, 22, 23, 24, 25, 26, 27, 28, 29, 30, 31, 32, 33, 34, 35]",2ed4e86484ba454a1f701f898134fc61c6b43b262ec7a48989d304f71309d8b7,0a6c616179694b19286970d531aac6d0ebd5b19929ae610cbff34dd8d9b62d10,576d0d3a30f3617b0fd9e24a26d20e665da4c28ddd09ab338c552f716abab1fc,38ad04bc14c2a22e2d4699472849a99e706e5988005381695628468a6a57aff5,0ea882672f492d84780f4b57128af453fe129efd52f72b15ce35490ca6da1069,431add55b7b418f445e779f4bb7a2e3bd10524dabc4b5ad290105cbed59c9f3c,23.93341064453125,2.0919506549835205,3.8803954124450684,91.25928729849684,21.84145998954773,8.740712659720552,3.6127852799896045,8.059194187083172,21.83505631126178,1.0,False,0.9996203184127808,0.9999362230300903,0.10245299098068303,all_four_full_spatial_windows_common_frames
Original,0,BG10,spatial_all,"[0, 1, 2, 3, 4, 5, 6, 7, 8, 9, 10, 11, 12, 13, 14, 15, 16, 17, 18, 19, 20, 21, 22, 23, 24, 25, 26, 27, 28, 29, 30, 31, 32, 33, 34, 35]",2ed4e86484ba454a1f701f898134fc61c6b43b262ec7a48989d304f71309d8b7,0a6c616179694b19286970d531aac6d0ebd5b19929ae610cbff34dd8d9b62d10,576d0d3a30f3617b0fd9e24a26d20e665da4c28ddd09ab338c552f716abab1fc,38ad04bc14c2a22e2d4699472849a99e706e5988005381695628468a6a57aff5,0ea882672f492d84780f4b57128af453fe129efd52f72b15ce35490ca6da1069,431add55b7b418f445e779f4bb7a2e3bd10524dabc4b5ad290105cbed59c9f3c,23.93341064453125,0.09128949046134949,0.0779009684920311,99.61856877910517,23.8421211540699,0.3814311791122252,1.6716494905037718,4.13967559522239,23.776192100747615,1.0,False,0.9995904564857483,0.9999240636825562,0.0,all_four_full_spatial_windows_common_frames
Original,0,BG11,spatial_E,"[0, 1, 2, 3, 4, 5, 6, 7, 8, 9, 10, 11]",2ed4e86484ba454a1f701f898134fc61c6b43b262ec7a48989d304f71309d8b7,0a6c616179694b19286970d531aac6d0ebd5b19929ae610cbff34dd8d9b62d10,576d0d3a30f3617b0fd9e24a26d20e665da4c28ddd09ab338c552f716abab1fc,38ad04bc14c2a22e2d4699472849a99e706e5988005381695628468a6a57aff5,0ea882672f492d84780f4b57128af453fe129efd52f72b15ce35490ca6da1069,431add55b7b418f445e779f4bb7a2e3bd10524dabc4b5ad290105cbed59c9f3c,13.86436939239502,13.339688301086426,33.946128845214844,3.7843848218438043,0.5246810913085938,96.21561510602885,14.850860210120988,38.11933523592377,0.5263091058259377,1.0,False,0.9999316930770874,0.9999868273735046,0.34464755841541733,all_four_full_spatial_windows_common_frames
Original,0,BG11,spatial_EM,"[0, 1, 2, 3, 4, 5, 6, 7, 8, 9, 10, 11, 12, 13, 14, 15, 16, 17, 18, 19, 20, 21, 22, 23]",2ed4e86484ba454a1f701f898134fc61c6b43b262ec7a48989d304f71309d8b7,0a6c616179694b19286970d531aac6d0ebd5b19929ae610cbff34dd8d9b62d10,576d0d3a30f3617b0fd9e24a26d20e665da4c28ddd09ab338c552f716abab1fc,38ad04bc14c2a22e2d4699472849a99e706e5988005381695628468a6a57aff5,0ea882672f492d84780f4b57128af453fe129efd52f72b15ce35490ca6da1069,431add55b7b418f445e779f4bb7a2e3bd10524dabc4b5ad290105cbed59c9f3c,13.86436939239502,0.13914752006530762,0.04068208485841751,98.99636596496578,13.725221872329712,1.0036339629068913,1.6403521084578252,4.223647506516173,13.7368172074891,1.0,False,0.9997445940971375,0.9999526739120483,0.03533894776395166,all_four_full_spatial_windows_common_frames
Original,0,BG11,spatial_ML,"[12, 13, 14, 15, 16, 17, 18, 19, 20, 21, 22, 23, 24, 25, 26, 27, 28, 29, 30, 31, 32, 33, 34, 35]",2ed4e86484ba454a1f701f898134fc61c6b43b262ec7a48989d304f71309d8b7,0a6c616179694b19286970d531aac6d0ebd5b19929ae610cbff34dd8d9b62d10,576d0d3a30f3617b0fd9e24a26d20e665da4c28ddd09ab338c552f716abab1fc,38ad04bc14c2a22e2d4699472849a99e706e5988005381695628468a6a57aff5,0ea882672f492d84780f4b57128af453fe129efd52f72b15ce35490ca6da1069,431add55b7b418f445e779f4bb7a2e3bd10524dabc4b5ad290105cbed59c9f3c,13.86436939239502,1.6981430053710938,3.0317766666412354,87.75174718672926,12.166226387023926,12.248252741143391,3.211888004780826,7.210181940303597,12.165281311166098,1.0,False,0.9994885921478271,0.9999231100082397,0.0842350344625248,all_four_full_spatial_windows_common_frames
Original,0,BG11,spatial_all,"[0, 1, 2, 3, 4, 5, 6, 7, 8, 9, 10, 11, 12, 13, 14, 15, 16, 17, 18, 19, 20, 21, 22, 23, 24, 25, 26, 27, 28, 29, 30, 31, 32, 33, 34, 35]",2ed4e86484ba454a1f701f898134fc61c6b43b262ec7a48989d304f71309d8b7,0a6c616179694b19286970d531aac6d0ebd5b19929ae610cbff34dd8d9b62d10,576d0d3a30f3617b0fd9e24a26d20e665da4c28ddd09ab338c552f716abab1fc,38ad04bc14c2a22e2d4699472849a99e706e5988005381695628468a6a57aff5,0ea882672f492d84780f4b57128af453fe129efd52f72b15ce35490ca6da1069,431add55b7b418f445e779f4bb7a2e3bd10524dabc4b5ad290105cbed59c9f3c,13.86436939239502,0.06058230996131897,0.01627122238278389,99.56303587849546,13.8037870824337,0.43696404937720135,1.670645150776829,4.176484683382183,13.706524165170094,1.0,False,0.9995633959770203,0.999925434589386,0.0,all_four_full_spatial_windows_common_frames
Original,0,BG12,spatial_E,"[0, 1, 2, 3, 4, 5, 6, 7, 8, 9, 10, 11]",2ed4e86484ba454a1f701f898134fc61c6b43b262ec7a48989d304f71309d8b7,0a6c616179694b19286970d531aac6d0ebd5b19929ae610cbff34dd8d9b62d10,576d0d3a30f3617b0fd9e24a26d20e665da4c28ddd09ab338c552f716abab1fc,38ad04bc14c2a22e2d4699472849a99e706e5988005381695628468a6a57aff5,0ea882672f492d84780f4b57128af453fe129efd52f72b15ce35490ca6da1069,431add55b7b418f445e779f4bb7a2e3bd10524dabc4b5ad290105cbed59c9f3c,3.8575217723846436,1.9758212566375732,4.535109043121338,48.78003604127001,1.8817005157470703,51.2199636994962,3.506939801402054,8.717560339722954,1.8843376363965583,1.0,False,0.9997926354408264,0.9999549984931946,0.21004137673757264,all_four_full_spatial_windows_common_frames
Original,0,BG12,spatial_EM,"[0, 1, 2, 3, 4, 5, 6, 7, 8, 9, 10, 11, 12, 13, 14, 15, 16, 17, 18, 19, 20, 21, 22, 23]",2ed4e86484ba454a1f701f898134fc61c6b43b262ec7a48989d304f71309d8b7,0a6c616179694b19286970d531aac6d0ebd5b19929ae610cbff34dd8d9b62d10,576d0d3a30f3617b0fd9e24a26d20e665da4c28ddd09ab338c552f716abab1fc,38ad04bc14c2a22e2d4699472849a99e706e5988005381695628468a6a57aff5,0ea882672f492d84780f4b57128af453fe129efd52f72b15ce35490ca6da1069,431add55b7b418f445e779f4bb7a2e3bd10524dabc4b5ad290105cbed59c9f3c,3.8575217723846436,0.12896035611629486,0.124367855489254,96.65691152529088,3.7285614162683487,3.3430882154753285,1.6549703201029673,4.274692156950303,3.7363071176956453,1.0,False,0.9993975162506104,0.9999133348464966,0.035585428033307345,all_four_full_spatial_windows_common_frames
Original,0,BG12,spatial_ML,"[12, 13, 14, 15, 16, 17, 18, 19, 20, 21, 22, 23, 24, 25, 26, 27, 28, 29, 30, 31, 32, 33, 34, 35]",2ed4e86484ba454a1f701f898134fc61c6b43b262ec7a48989d304f71309d8b7,0a6c616179694b19286970d531aac6d0ebd5b19929ae610cbff34dd8d9b62d10,576d0d3a30f3617b0fd9e24a26d20e665da4c28ddd09ab338c552f716abab1fc,38ad04bc14c2a22e2d4699472849a99e706e5988005381695628468a6a57aff5,0ea882672f492d84780f4b57128af453fe129efd52f72b15ce35490ca6da1069,431add55b7b418f445e779f4bb7a2e3bd10524dabc4b5ad290105cbed59c9f3c,3.8575217723846436,1.2788808345794678,2.347238302230835,66.84708689346948,2.578640937805176,33.15291284729672,2.8138579497007177,6.529139956848431,2.5774194880978945,1.0,False,0.9995396137237549,0.9999202489852905,0.07413339590547642,all_four_full_spatial_windows_common_frames
Original,0,BG12,spatial_all,"[0, 1, 2, 3, 4, 5, 6, 7, 8, 9, 10, 11, 12, 13, 14, 15, 16, 17, 18, 19, 20, 21, 22, 23, 24, 25, 26, 27, 28, 29, 30, 31, 32, 33, 34, 35]",2ed4e86484ba454a1f701f898134fc61c6b43b262ec7a48989d304f71309d8b7,0a6c616179694b19286970d531aac6d0ebd5b19929ae610cbff34dd8d9b62d10,576d0d3a30f3617b0fd9e24a26d20e665da4c28ddd09ab338c552f716abab1fc,38ad04bc14c2a22e2d4699472849a99e706e5988005381695628468a6a57aff5,0ea882672f492d84780f4b57128af453fe129efd52f72b15ce35490ca6da1069,431add55b7b418f445e779f4bb7a2e3bd10524dabc4b5ad290105cbed59c9f3c,3.8575217723846436,0.08226840198040009,0.05220695957541466,97.86732475870704,3.7752533704042435,2.1326749820591653,1.6709272054504176,4.1926330735989294,3.7203502323481947,1.0,False,0.9994613528251648,0.9999171495437622,0.0,all_four_full_spatial_windows_common_frames
Original,0,BG13,spatial_E,"[0, 1, 2, 3, 4, 5, 6, 7, 8, 9, 10, 11]",2ed4e86484ba454a1f701f898134fc61c6b43b262ec7a48989d304f71309d8b7,0a6c616179694b19286970d531aac6d0ebd5b19929ae610cbff34dd8d9b62d10,576d0d3a30f3617b0fd9e24a26d20e665da4c28ddd09ab338c552f716abab1fc,38ad04bc14c2a22e2d4699472849a99e706e5988005381695628468a6a57aff5,0ea882672f492d84780f4b57128af453fe129efd52f72b15ce35490ca6da1069,431add55b7b418f445e779f4bb7a2e3bd10524dabc4b5ad290105cbed59c9f3c,0.7604745626449585,0.3402864634990692,1.1458576917648315,55.25340547343478,0.4201880991458893,44.74659321159685,1.9538513544123606,5.32885016977913,0.36502338511210564,1.0,False,0.9996944665908813,0.9999465942382812,0.163906658350277,all_four_full_spatial_windows_common_frames
Original,0,BG13,spatial_EM,"[0, 1, 2, 3, 4, 5, 6, 7, 8, 9, 10, 11, 12, 13, 14, 15, 16, 17, 18, 19, 20, 21, 22, 23]",2ed4e86484ba454a1f701f898134fc61c6b43b262ec7a48989d304f71309d8b7,0a6c616179694b19286970d531aac6d0ebd5b19929ae610cbff34dd8d9b62d10,576d0d3a30f3617b0fd9e24a26d20e665da4c28ddd09ab338c552f716abab1fc,38ad04bc14c2a22e2d4699472849a99e706e5988005381695628468a6a57aff5,0ea882672f492d84780f4b57128af453fe129efd52f72b15ce35490ca6da1069,431add55b7b418f445e779f4bb7a2e3bd10524dabc4b5ad290105cbed59c9f3c,0.7604745626449585,0.11456562578678131,0.10749915987253189,84.93498140400436,0.6459089368581772,15.065017281027274,1.648605294429423,4.131108712854797,0.6702694450950434,1.0,False,0.9996017813682556,0.9999526739120483,0.0401952181780129,all_four_full_spatial_windows_common_frames
Original,0,BG13,spatial_ML,"[12, 13, 14, 15, 16, 17, 18, 19, 20, 21, 22, 23, 24, 25, 26, 27, 28, 29, 30, 31, 32, 33, 34, 35]",2ed4e86484ba454a1f701f898134fc61c6b43b262ec7a48989d304f71309d8b7,0a6c616179694b19286970d531aac6d0ebd5b19929ae610cbff34dd8d9b62d10,576d0d3a30f3617b0fd9e24a26d20e665da4c28ddd09ab338c552f716abab1fc,38ad04bc14c2a22e2d4699472849a99e706e5988005381695628468a6a57aff5,0ea882672f492d84780f4b57128af453fe129efd52f72b15ce35490ca6da1069,431add55b7b418f445e779f4bb7a2e3bd10524dabc4b5ad290105cbed59c9f3c,0.7604745626449585,0.5306791663169861,0.9798033833503723,30.217367495764595,0.2297953963279724,69.78263118926704,2.1186004686764734,5.158896558378435,0.20027427084799276,1.0,False,0.9995442032814026,0.9999326467514038,0.034975479786179334,all_four_full_spatial_windows_common_frames
Original,0,BG13,spatial_all,"[0, 1, 2, 3, 4, 5, 6, 7, 8, 9, 10, 11, 12, 13, 14, 15, 16, 17, 18, 19, 20, 21, 22, 23, 24, 25, 26, 27, 28, 29, 30, 31, 32, 33, 34, 35]",2ed4e86484ba454a1f701f898134fc61c6b43b262ec7a48989d304f71309d8b7,0a6c616179694b19286970d531aac6d0ebd5b19929ae610cbff34dd8d9b62d10,576d0d3a30f3617b0fd9e24a26d20e665da4c28ddd09ab338c552f716abab1fc,38ad04bc14c2a22e2d4699472849a99e706e5988005381695628468a6a57aff5,0ea882672f492d84780f4b57128af453fe129efd52f72b15ce35490ca6da1069,431add55b7b418f445e779f4bb7a2e3bd10524dabc4b5ad290105cbed59c9f3c,0.7604745626449585,0.08607806265354156,0.0960160493850708,88.68100581533463,0.6743964999914169,11.318992869696997,1.6649169472469894,4.102828643031231,0.6539577922774769,1.0,False,0.9994980096817017,0.9999319314956665,0.0,all_four_full_spatial_windows_common_frames
Original,0,BG14,spatial_E,"[0, 1, 2, 3, 4, 5, 6, 7, 8, 9, 10, 11]",2ed4e86484ba454a1f701f898134fc61c6b43b262ec7a48989d304f71309d8b7,0a6c616179694b19286970d531aac6d0ebd5b19929ae610cbff34dd8d9b62d10,576d0d3a30f3617b0fd9e24a26d20e665da4c28ddd09ab338c552f716abab1fc,38ad04bc14c2a22e2d4699472849a99e706e5988005381695628468a6a57aff5,0ea882672f492d84780f4b57128af453fe129efd52f72b15ce35490ca6da1069,431add55b7b418f445e779f4bb7a2e3bd10524dabc4b5ad290105cbed59c9f3c,14.419865608215332,14.268054008483887,35.33302307128906,1.0527948300688408,0.1518115997314453,98.94720510058238,15.78802253288014,39.50952700791979,0.150446635440219,1.0,False,0.9999071359634399,0.9999935030937195,0.33633292116026037,all_four_full_spatial_windows_common_frames
Original,0,BG14,spatial_EM,"[0, 1, 2, 3, 4, 5, 6, 7, 8, 9, 10, 11, 12, 13, 14, 15, 16, 17, 18, 19, 20, 21, 22, 23]",2ed4e86484ba454a1f701f898134fc61c6b43b262ec7a48989d304f71309d8b7,0a6c616179694b19286970d531aac6d0ebd5b19929ae610cbff34dd8d9b62d10,576d0d3a30f3617b0fd9e24a26d20e665da4c28ddd09ab338c552f716abab1fc,38ad04bc14c2a22e2d4699472849a99e706e5988005381695628468a6a57aff5,0ea882672f492d84780f4b57128af453fe129efd52f72b15ce35490ca6da1069,431add55b7b418f445e779f4bb7a2e3bd10524dabc4b5ad290105cbed59c9f3c,14.419865608215332,0.10370151698589325,0.1926068514585495,99.28084262550341,14.316164091229439,0.7191573051478118,1.694159147267964,4.365790361846632,14.244310021052396,1.0,False,0.9997219443321228,0.9999540448188782,0.030533181599937502,all_four_full_spatial_windows_common_frames
Original,0,BG14,spatial_ML,"[12, 13, 14, 15, 16, 17, 18, 19, 20, 21, 22, 23, 24, 25, 26, 27, 28, 29, 30, 31, 32, 33, 34, 35]",2ed4e86484ba454a1f701f898134fc61c6b43b262ec7a48989d304f71309d8b7,0a6c616179694b19286970d531aac6d0ebd5b19929ae610cbff34dd8d9b62d10,576d0d3a30f3617b0fd9e24a26d20e665da4c28ddd09ab338c552f716abab1fc,38ad04bc14c2a22e2d4699472849a99e706e5988005381695628468a6a57aff5,0ea882672f492d84780f4b57128af453fe129efd52f72b15ce35490ca6da1069,431add55b7b418f445e779f4bb7a2e3bd10524dabc4b5ad290105cbed59c9f3c,14.419865608215332,1.6466515064239502,2.9246914386749268,88.58067363440695,12.773214101791382,11.419326296244272,3.173274062960423,7.106302116410132,12.76519510535994,1.0,False,0.9995959401130676,0.9999296069145203,0.08412533558027514,all_four_full_spatial_windows_common_frames
Original,0,BG14,spatial_all,"[0, 1, 2, 3, 4, 5, 6, 7, 8, 9, 10, 11, 12, 13, 14, 15, 16, 17, 18, 19, 20, 21, 22, 23, 24, 25, 26, 27, 28, 29, 30, 31, 32, 33, 34, 35]",2ed4e86484ba454a1f701f898134fc61c6b43b262ec7a48989d304f71309d8b7,0a6c616179694b19286970d531aac6d0ebd5b19929ae610cbff34dd8d9b62d10,576d0d3a30f3617b0fd9e24a26d20e665da4c28ddd09ab338c552f716abab1fc,38ad04bc14c2a22e2d4699472849a99e706e5988005381695628468a6a57aff5,0ea882672f492d84780f4b57128af453fe129efd52f72b15ce35490ca6da1069,431add55b7b418f445e779f4bb7a2e3bd10524dabc4b5ad290105cbed59c9f3c,14.419865608215332,0.06751912087202072,0.07543382793664932,99.53176310612264,14.352346487343311,0.4682368245285852,1.703960317950338,4.222040223806487,14.234508850370023,1.0,False,0.9995924830436707,0.9999332427978516,0.0,all_four_full_spatial_windows_common_frames
Original,0,BG15,spatial_E,"[0, 1, 2, 3, 4, 5, 6, 7, 8, 9, 10, 11]",2ed4e86484ba454a1f701f898134fc61c6b43b262ec7a48989d304f71309d8b7,0a6c616179694b19286970d531aac6d0ebd5b19929ae610cbff34dd8d9b62d10,576d0d3a30f3617b0fd9e24a26d20e665da4c28ddd09ab338c552f716abab1fc,38ad04bc14c2a22e2d4699472849a99e706e5988005381695628468a6a57aff5,0ea882672f492d84780f4b57128af453fe129efd52f72b15ce35490ca6da1069,431add55b7b418f445e779f4bb7a2e3bd10524dabc4b5ad290105cbed59c9f3c,5.427455425262451,4.318663597106934,11.326569557189941,20.429312435283048,1.1087918281555176,79.57068738046856,5.829805090323427,15.511031673044295,1.0934042311849166,1.0,False,0.9998325109481812,0.9999771118164062,0.21165893710025133,all_four_full_spatial_windows_common_frames
Original,0,BG15,spatial_EM,"[0, 1, 2, 3, 4, 5, 6, 7, 8, 9, 10, 11, 12, 13, 14, 15, 16, 17, 18, 19, 20, 21, 22, 23]",2ed4e86484ba454a1f701f898134fc61c6b43b262ec7a48989d304f71309d8b7,0a6c616179694b19286970d531aac6d0ebd5b19929ae610cbff34dd8d9b62d10,576d0d3a30f3617b0fd9e24a26d20e665da4c28ddd09ab338c552f716abab1fc,38ad04bc14c2a22e2d4699472849a99e706e5988005381695628468a6a57aff5,0ea882672f492d84780f4b57128af453fe129efd52f72b15ce35490ca6da1069,431add55b7b418f445e779f4bb7a2e3bd10524dabc4b5ad290105cbed59c9f3c,5.427455425262451,0.08600394427776337,0.06261809170246124,98.41539087140188,5.341451480984688,1.5846089443497116,1.6462358092033746,4.1821616834652175,5.276973512304968,1.0,False,0.9996635913848877,0.9999462366104126,0.03356916601846446,all_four_full_spatial_windows_common_frames
Original,0,BG15,spatial_ML,"[12, 13, 14, 15, 16, 17, 18, 19, 20, 21, 22, 23, 24, 25, 26, 27, 28, 29, 30, 31, 32, 33, 34, 35]",2ed4e86484ba454a1f701f898134fc61c6b43b262ec7a48989d304f71309d8b7,0a6c616179694b19286970d531aac6d0ebd5b19929ae610cbff34dd8d9b62d10,576d0d3a30f3617b0fd9e24a26d20e665da4c28ddd09ab338c552f716abab1fc,38ad04bc14c2a22e2d4699472849a99e706e5988005381695628468a6a57aff5,0ea882672f492d84780f4b57128af453fe129efd52f72b15ce35490ca6da1069,431add55b7b418f445e779f4bb7a2e3bd10524dabc4b5ad290105cbed59c9f3c,5.427455425262451,1.3357912302017212,2.39054799079895,75.38825963410002,4.09166419506073,24.611740181651577,2.8673771547261038,6.5723657981635935,4.05583216678224,1.0,False,0.9994208812713623,0.9999153017997742,0.07603544705372386,all_four_full_spatial_windows_common_frames
Original,0,BG15,spatial_all,"[0, 1, 2, 3, 4, 5, 6, 7, 8, 9, 10, 11, 12, 13, 14, 15, 16, 17, 18, 19, 20, 21, 22, 23, 24, 25, 26, 27, 28, 29, 30, 31, 32, 33, 34, 35]",2ed4e86484ba454a1f701f898134fc61c6b43b262ec7a48989d304f71309d8b7,0a6c616179694b19286970d531aac6d0ebd5b19929ae610cbff34dd8d9b62d10,576d0d3a30f3617b0fd9e24a26d20e665da4c28ddd09ab338c552f716abab1fc,38ad04bc14c2a22e2d4699472849a99e706e5988005381695628468a6a57aff5,0ea882672f492d84780f4b57128af453fe129efd52f72b15ce35490ca6da1069,431add55b7b418f445e779f4bb7a2e3bd10524dabc4b5ad290105cbed59c9f3c,5.427455425262451,0.06325740367174149,0.03983975946903229,98.83449225099565,5.36419802159071,1.1655075647559434,1.6680900036675481,4.189288797289022,5.255119317840795,1.0,False,0.9994851350784302,0.9999161958694458,0.0,all_four_full_spatial_windows_common_frames
Original,1,BG1,spatial_E,"[0, 1, 2, 3, 4, 5, 6, 7, 8, 9, 10, 11]",2ed4e86484ba454a1f701f898134fc61c6b43b262ec7a48989d304f71309d8b7,0a6c616179694b19286970d531aac6d0ebd5b19929ae610cbff34dd8d9b62d10,2c656eaa5f0435d44e4abcec2029b5567f0b7544fe5796246b9e233c19f7ac69,38ad04bc14c2a22e2d4699472849a99e706e5988005381695628468a6a57aff5,0ea882672f492d84780f4b57128af453fe129efd52f72b15ce35490ca6da1069,431add55b7b418f445e779f4bb7a2e3bd10524dabc4b5ad290105cbed59c9f3c,1.3454056978225708,1.009775161743164,2.208045244216919,24.946418327791797,0.33563053607940674,75.05358092893799,3.1050842539725796,7.249162999667044,0.3165650093921485,1.0,False,0.9996316432952881,0.9999421238899231,0.06699201802671934,all_four_full_spatial_windows_common_frames
Original,1,BG1,spatial_EM,"[0, 1, 2, 3, 4, 5, 6, 7, 8, 9, 10, 11, 12, 13, 14, 15, 16, 17, 18, 19, 20, 21, 22, 23]",2ed4e86484ba454a1f701f898134fc61c6b43b262ec7a48989d304f71309d8b7,0a6c616179694b19286970d531aac6d0ebd5b19929ae610cbff34dd8d9b62d10,2c656eaa5f0435d44e4abcec2029b5567f0b7544fe5796246b9e233c19f7ac69,38ad04bc14c2a22e2d4699472849a99e706e5988005381695628468a6a57aff5,0ea882672f492d84780f4b57128af453fe129efd52f72b15ce35490ca6da1069,431add55b7b418f445e779f4bb7a2e3bd10524dabc4b5ad290105cbed59c9f3c,1.3454056978225708,0.035245586186647415,0.05875617265701294,97.38029978751246,1.3101601116359234,2.6196994692173203,2.1559689935076065,5.058362598736279,1.265680269857122,1.0,False,0.9995998740196228,0.9999340772628784,0.0371024786918638,all_four_full_spatial_windows_common_frames
Original,1,BG1,spatial_ML,"[12, 13, 14, 15, 16, 17, 18, 19, 20, 21, 22, 23, 24, 25, 26, 27, 28, 29, 30, 31, 32, 33, 34, 35]",2ed4e86484ba454a1f701f898134fc61c6b43b262ec7a48989d304f71309d8b7,0a6c616179694b19286970d531aac6d0ebd5b19929ae610cbff34dd8d9b62d10,2c656eaa5f0435d44e4abcec2029b5567f0b7544fe5796246b9e233c19f7ac69,38ad04bc14c2a22e2d4699472849a99e706e5988005381695628468a6a57aff5,0ea882672f492d84780f4b57128af453fe129efd52f72b15ce35490ca6da1069,431add55b7b418f445e779f4bb7a2e3bd10524dabc4b5ad290105cbed59c9f3c,1.3454056978225708,0.48334378004074097,0.9726559519767761,64.07449535627485,0.8620619177818298,35.925503900454935,2.5965650856433955,6.018955037007215,0.8250841777213331,1.0,False,0.9996904134750366,0.9999498128890991,0.013754933825087978,all_four_full_spatial_windows_common_frames
Original,1,BG1,spatial_all,"[0, 1, 2, 3, 4, 5, 6, 7, 8, 9, 10, 11, 12, 13, 14, 15, 16, 17, 18, 19, 20, 21, 22, 23, 24, 25, 26, 27, 28, 29, 30, 31, 32, 33, 34, 35]",2ed4e86484ba454a1f701f898134fc61c6b43b262ec7a48989d304f71309d8b7,0a6c616179694b19286970d531aac6d0ebd5b19929ae610cbff34dd8d9b62d10,2c656eaa5f0435d44e4abcec2029b5567f0b7544fe5796246b9e233c19f7ac69,38ad04bc14c2a22e2d4699472849a99e706e5988005381695628468a6a57aff5,0ea882672f492d84780f4b57128af453fe129efd52f72b15ce35490ca6da1069,431add55b7b418f445e779f4bb7a2e3bd10524dabc4b5ad290105cbed59c9f3c,1.3454056978225708,0.03642388805747032,0.08645356446504593,97.29272011812562,1.3089818097651005,2.707279138604177,2.1613312934747335,5.1210852774577535,1.2603179698899947,1.0,False,0.9996730089187622,0.999944806098938,0.0,all_four_full_spatial_windows_common_frames
Original,1,BG2,spatial_E,"[0, 1, 2, 3, 4, 5, 6, 7, 8, 9, 10, 11]",2ed4e86484ba454a1f701f898134fc61c6b43b262ec7a48989d304f71309d8b7,0a6c616179694b19286970d531aac6d0ebd5b19929ae610cbff34dd8d9b62d10,2c656eaa5f0435d44e4abcec2029b5567f0b7544fe5796246b9e233c19f7ac69,38ad04bc14c2a22e2d4699472849a99e706e5988005381695628468a6a57aff5,0ea882672f492d84780f4b57128af453fe129efd52f72b15ce35490ca6da1069,431add55b7b418f445e779f4bb7a2e3bd10524dabc4b5ad290105cbed59c9f3c,0.09256619215011597,0.04537216201424599,0.05745405703783035,50.984083866090494,0.04719403013586998,49.015905330830456,2.181134305239103,5.118053611819218,0.055742320553954075,1.0,False,0.9996490478515625,0.9999399185180664,0.06018485280387763,all_four_full_spatial_windows_common_frames
Original,1,BG2,spatial_EM,"[0, 1, 2, 3, 4, 5, 6, 7, 8, 9, 10, 11, 12, 13, 14, 15, 16, 17, 18, 19, 20, 21, 22, 23]",2ed4e86484ba454a1f701f898134fc61c6b43b262ec7a48989d304f71309d8b7,0a6c616179694b19286970d531aac6d0ebd5b19929ae610cbff34dd8d9b62d10,2c656eaa5f0435d44e4abcec2029b5567f0b7544fe5796246b9e233c19f7ac69,38ad04bc14c2a22e2d4699472849a99e706e5988005381695628468a6a57aff5,0ea882672f492d84780f4b57128af453fe129efd52f72b15ce35490ca6da1069,431add55b7b418f445e779f4bb7a2e3bd10524dabc4b5ad290105cbed59c9f3c,0.09256619215011597,0.04966076835989952,0.07800710201263428,46.35106852567646,0.042905423790216446,53.64892067124449,2.1367220811568646,5.007760254636699,0.10015454463619286,1.0,False,0.9996237754821777,0.999935507774353,0.03560083630196146,all_four_full_spatial_windows_common_frames
Original,1,BG2,spatial_ML,"[12, 13, 14, 15, 16, 17, 18, 19, 20, 21, 22, 23, 24, 25, 26, 27, 28, 29, 30, 31, 32, 33, 34, 35]",2ed4e86484ba454a1f701f898134fc61c6b43b262ec7a48989d304f71309d8b7,0a6c616179694b19286970d531aac6d0ebd5b19929ae610cbff34dd8d9b62d10,2c656eaa5f0435d44e4abcec2029b5567f0b7544fe5796246b9e233c19f7ac69,38ad04bc14c2a22e2d4699472849a99e706e5988005381695628468a6a57aff5,0ea882672f492d84780f4b57128af453fe129efd52f72b15ce35490ca6da1069,431add55b7b418f445e779f4bb7a2e3bd10524dabc4b5ad290105cbed59c9f3c,0.09256619215011597,0.07801457494497299,0.13548283278942108,15.7202271100465,0.014551617205142975,84.27976208687444,2.199772277672415,5.170590779672688,0.03710434812064212,1.0,False,0.9996534585952759,0.9999391436576843,0.004354265788723666,all_four_full_spatial_windows_common_frames
Original,1,BG2,spatial_all,"[0, 1, 2, 3, 4, 5, 6, 7, 8, 9, 10, 11, 12, 13, 14, 15, 16, 17, 18, 19, 20, 21, 22, 23, 24, 25, 26, 27, 28, 29, 30, 31, 32, 33, 34, 35]",2ed4e86484ba454a1f701f898134fc61c6b43b262ec7a48989d304f71309d8b7,0a6c616179694b19286970d531aac6d0ebd5b19929ae610cbff34dd8d9b62d10,2c656eaa5f0435d44e4abcec2029b5567f0b7544fe5796246b9e233c19f7ac69,38ad04bc14c2a22e2d4699472849a99e706e5988005381695628468a6a57aff5,0ea882672f492d84780f4b57128af453fe129efd52f72b15ce35490ca6da1069,431add55b7b418f445e779f4bb7a2e3bd10524dabc4b5ad290105cbed59c9f3c,0.09256619215011597,0.056379448622465134,0.07303094118833542,39.09282512095102,0.03618674352765083,60.90716407596993,2.1602863588162506,5.0753931168232596,0.07659026697680613,1.0,False,0.999660849571228,0.9999402761459351,0.0,all_four_full_spatial_windows_common_frames
Original,1,BG3,spatial_E,"[0, 1, 2, 3, 4, 5, 6, 7, 8, 9, 10, 11]",2ed4e86484ba454a1f701f898134fc61c6b43b262ec7a48989d304f71309d8b7,0a6c616179694b19286970d531aac6d0ebd5b19929ae610cbff34dd8d9b62d10,2c656eaa5f0435d44e4abcec2029b5567f0b7544fe5796246b9e233c19f7ac69,38ad04bc14c2a22e2d4699472849a99e706e5988005381695628468a6a57aff5,0ea882672f492d84780f4b57128af453fe129efd52f72b15ce35490ca6da1069,431add55b7b418f445e779f4bb7a2e3bd10524dabc4b5ad290105cbed59c9f3c,1.5806487798690796,1.1068719625473022,2.5243723392486572,29.97356657331948,0.47377681732177734,70.0264327940289,3.19576104404266,7.576957721903299,0.45955278929629256,1.0,False,0.9997448325157166,0.9999604225158691,0.09014178613063276,all_four_full_spatial_windows_common_frames
Original,1,BG3,spatial_EM,"[0, 1, 2, 3, 4, 5, 6, 7, 8, 9, 10, 11, 12, 13, 14, 15, 16, 17, 18, 19, 20, 21, 22, 23]",2ed4e86484ba454a1f701f898134fc61c6b43b262ec7a48989d304f71309d8b7,0a6c616179694b19286970d531aac6d0ebd5b19929ae610cbff34dd8d9b62d10,2c656eaa5f0435d44e4abcec2029b5567f0b7544fe5796246b9e233c19f7ac69,38ad04bc14c2a22e2d4699472849a99e706e5988005381695628468a6a57aff5,0ea882672f492d84780f4b57128af453fe129efd52f72b15ce35490ca6da1069,431add55b7b418f445e779f4bb7a2e3bd10524dabc4b5ad290105cbed59c9f3c,1.5806487798690796,0.05024230480194092,0.15162068605422974,96.82141187062166,1.5304064750671387,3.1785874967267294,2.172653978721425,5.189687685929009,1.4826598546175265,1.0,False,0.9996470212936401,0.9999456405639648,0.034196977417689366,all_four_full_spatial_windows_common_frames
Original,1,BG3,spatial_ML,"[12, 13, 14, 15, 16, 17, 18, 19, 20, 21, 22, 23, 24, 25, 26, 27, 28, 29, 30, 31, 32, 33, 34, 35]",2ed4e86484ba454a1f701f898134fc61c6b43b262ec7a48989d304f71309d8b7,0a6c616179694b19286970d531aac6d0ebd5b19929ae610cbff34dd8d9b62d10,2c656eaa5f0435d44e4abcec2029b5567f0b7544fe5796246b9e233c19f7ac69,38ad04bc14c2a22e2d4699472849a99e706e5988005381695628468a6a57aff5,0ea882672f492d84780f4b57128af453fe129efd52f72b15ce35490ca6da1069,431add55b7b418f445e779f4bb7a2e3bd10524dabc4b5ad290105cbed59c9f3c,1.5806487798690796,0.7010259032249451,1.3842943906784058,55.649482812496956,0.8796228766441345,44.35051655485144,2.799322346334458,6.409524592992017,0.8559914870044938,1.0,False,0.9995960593223572,0.9999421834945679,0.022550364869545397,all_four_full_spatial_windows_common_frames
Original,1,BG3,spatial_all,"[0, 1, 2, 3, 4, 5, 6, 7, 8, 9, 10, 11, 12, 13, 14, 15, 16, 17, 18, 19, 20, 21, 22, 23, 24, 25, 26, 27, 28, 29, 30, 31, 32, 33, 34, 35]",2ed4e86484ba454a1f701f898134fc61c6b43b262ec7a48989d304f71309d8b7,0a6c616179694b19286970d531aac6d0ebd5b19929ae610cbff34dd8d9b62d10,2c656eaa5f0435d44e4abcec2029b5567f0b7544fe5796246b9e233c19f7ac69,38ad04bc14c2a22e2d4699472849a99e706e5988005381695628468a6a57aff5,0ea882672f492d84780f4b57128af453fe129efd52f72b15ce35490ca6da1069,431add55b7b418f445e779f4bb7a2e3bd10524dabc4b5ad290105cbed59c9f3c,1.5806487798690796,0.06269124150276184,0.11815383285284042,96.03382788734781,1.5179575383663177,3.966171480000587,2.14130444962925,5.113197084553704,1.514009383709702,1.0,False,0.9996053576469421,0.9999374151229858,0.0,all_four_full_spatial_windows_common_frames
Original,1,BG4,spatial_E,"[0, 1, 2, 3, 4, 5, 6, 7, 8, 9, 10, 11]",2ed4e86484ba454a1f701f898134fc61c6b43b262ec7a48989d304f71309d8b7,0a6c616179694b19286970d531aac6d0ebd5b19929ae610cbff34dd8d9b62d10,2c656eaa5f0435d44e4abcec2029b5567f0b7544fe5796246b9e233c19f7ac69,38ad04bc14c2a22e2d4699472849a99e706e5988005381695628468a6a57aff5,0ea882672f492d84780f4b57128af453fe129efd52f72b15ce35490ca6da1069,431add55b7b418f445e779f4bb7a2e3bd10524dabc4b5ad290105cbed59c9f3c,1.2589232921600342,0.8557871580123901,2.04114031791687,32.022295040210274,0.40313613414764404,67.97770416546017,2.965776938671717,7.089748752816825,0.37618200217178077,1.0,False,0.999764621257782,0.9999610185623169,0.07828430046885662,all_four_full_spatial_windows_common_frames
Original,1,BG4,spatial_EM,"[0, 1, 2, 3, 4, 5, 6, 7, 8, 9, 10, 11, 12, 13, 14, 15, 16, 17, 18, 19, 20, 21, 22, 23]",2ed4e86484ba454a1f701f898134fc61c6b43b262ec7a48989d304f71309d8b7,0a6c616179694b19286970d531aac6d0ebd5b19929ae610cbff34dd8d9b62d10,2c656eaa5f0435d44e4abcec2029b5567f0b7544fe5796246b9e233c19f7ac69,38ad04bc14c2a22e2d4699472849a99e706e5988005381695628468a6a57aff5,0ea882672f492d84780f4b57128af453fe129efd52f72b15ce35490ca6da1069,431add55b7b418f445e779f4bb7a2e3bd10524dabc4b5ad290105cbed59c9f3c,1.2589232921600342,0.050859540700912476,0.06969859451055527,95.96007551741646,1.2080637514591217,4.039923688253983,2.1774350352171314,5.1205346947589945,1.1645239056263663,1.0,False,0.999661922454834,0.9999475479125977,0.0320098772818604,all_four_full_spatial_windows_common_frames
Original,1,BG4,spatial_ML,"[12, 13, 14, 15, 16, 17, 18, 19, 20, 21, 22, 23, 24, 25, 26, 27, 28, 29, 30, 31, 32, 33, 34, 35]",2ed4e86484ba454a1f701f898134fc61c6b43b262ec7a48989d304f71309d8b7,0a6c616179694b19286970d531aac6d0ebd5b19929ae610cbff34dd8d9b62d10,2c656eaa5f0435d44e4abcec2029b5567f0b7544fe5796246b9e233c19f7ac69,38ad04bc14c2a22e2d4699472849a99e706e5988005381695628468a6a57aff5,0ea882672f492d84780f4b57128af453fe129efd52f72b15ce35490ca6da1069,431add55b7b418f445e779f4bb7a2e3bd10524dabc4b5ad290105cbed59c9f3c,1.2589232921600342,0.5503677725791931,1.084146499633789,56.28265982249406,0.7085555195808411,43.71733938317637,2.66386415368635,6.118023637466043,0.6780947871571483,1.0,False,0.9996356964111328,0.9999426007270813,0.018548307342208713,all_four_full_spatial_windows_common_frames
Original,1,BG4,spatial_all,"[0, 1, 2, 3, 4, 5, 6, 7, 8, 9, 10, 11, 12, 13, 14, 15, 16, 17, 18, 19, 20, 21, 22, 23, 24, 25, 26, 27, 28, 29, 30, 31, 32, 33, 34, 35]",2ed4e86484ba454a1f701f898134fc61c6b43b262ec7a48989d304f71309d8b7,0a6c616179694b19286970d531aac6d0ebd5b19929ae610cbff34dd8d9b62d10,2c656eaa5f0435d44e4abcec2029b5567f0b7544fe5796246b9e233c19f7ac69,38ad04bc14c2a22e2d4699472849a99e706e5988005381695628468a6a57aff5,0ea882672f492d84780f4b57128af453fe129efd52f72b15ce35490ca6da1069,431add55b7b418f445e779f4bb7a2e3bd10524dabc4b5ad290105cbed59c9f3c,1.2589232921600342,0.04242109879851341,0.0778084322810173,96.63036590666579,1.2165021933615208,3.369633299004648,2.1558322072534066,5.087275741571741,1.186126733590091,1.0,False,0.9995771050453186,0.9999309778213501,0.0,all_four_full_spatial_windows_common_frames
Original,1,BG5,spatial_E,"[0, 1, 2, 3, 4, 5, 6, 7, 8, 9, 10, 11]",2ed4e86484ba454a1f701f898134fc61c6b43b262ec7a48989d304f71309d8b7,0a6c616179694b19286970d531aac6d0ebd5b19929ae610cbff34dd8d9b62d10,2c656eaa5f0435d44e4abcec2029b5567f0b7544fe5796246b9e233c19f7ac69,38ad04bc14c2a22e2d4699472849a99e706e5988005381695628468a6a57aff5,0ea882672f492d84780f4b57128af453fe129efd52f72b15ce35490ca6da1069,431add55b7b418f445e779f4bb7a2e3bd10524dabc4b5ad290105cbed59c9f3c,3.0308902263641357,2.541252374649048,5.112450122833252,16.154918638771253,0.4896378517150879,83.84508103129268,4.563803251318632,10.099119908444756,0.4904259810195465,1.0,False,0.9998741149902344,0.9999758005142212,0.24459121841806544,all_four_full_spatial_windows_common_frames
Original,1,BG5,spatial_EM,"[0, 1, 2, 3, 4, 5, 6, 7, 8, 9, 10, 11, 12, 13, 14, 15, 16, 17, 18, 19, 20, 21, 22, 23]",2ed4e86484ba454a1f701f898134fc61c6b43b262ec7a48989d304f71309d8b7,0a6c616179694b19286970d531aac6d0ebd5b19929ae610cbff34dd8d9b62d10,2c656eaa5f0435d44e4abcec2029b5567f0b7544fe5796246b9e233c19f7ac69,38ad04bc14c2a22e2d4699472849a99e706e5988005381695628468a6a57aff5,0ea882672f492d84780f4b57128af453fe129efd52f72b15ce35490ca6da1069,431add55b7b418f445e779f4bb7a2e3bd10524dabc4b5ad290105cbed59c9f3c,3.0308902263641357,0.19101883471012115,0.3283710479736328,93.69759939115222,2.8398713916540146,6.302400278911713,2.2710830315017922,5.336020302866757,2.7831462008363865,1.0,False,0.9996587038040161,0.9999397993087769,0.039397762305416105,all_four_full_spatial_windows_common_frames
Original,1,BG5,spatial_ML,"[12, 13, 14, 15, 16, 17, 18, 19, 20, 21, 22, 23, 24, 25, 26, 27, 28, 29, 30, 31, 32, 33, 34, 35]",2ed4e86484ba454a1f701f898134fc61c6b43b262ec7a48989d304f71309d8b7,0a6c616179694b19286970d531aac6d0ebd5b19929ae610cbff34dd8d9b62d10,2c656eaa5f0435d44e4abcec2029b5567f0b7544fe5796246b9e233c19f7ac69,38ad04bc14c2a22e2d4699472849a99e706e5988005381695628468a6a57aff5,0ea882672f492d84780f4b57128af453fe129efd52f72b15ce35490ca6da1069,431add55b7b418f445e779f4bb7a2e3bd10524dabc4b5ad290105cbed59c9f3c,3.0308902263641357,1.0033719539642334,1.7816712856292725,66.89514018271143,2.0275182723999023,33.104859487352506,3.0904970258216506,6.806736878250607,1.9637322065165275,1.0,False,0.999693751335144,0.9999479055404663,0.028163868242869164,all_four_full_spatial_windows_common_frames
Original,1,BG5,spatial_all,"[0, 1, 2, 3, 4, 5, 6, 7, 8, 9, 10, 11, 12, 13, 14, 15, 16, 17, 18, 19, 20, 21, 22, 23, 24, 25, 26, 27, 28, 29, 30, 31, 32, 33, 34, 35]",2ed4e86484ba454a1f701f898134fc61c6b43b262ec7a48989d304f71309d8b7,0a6c616179694b19286970d531aac6d0ebd5b19929ae610cbff34dd8d9b62d10,2c656eaa5f0435d44e4abcec2029b5567f0b7544fe5796246b9e233c19f7ac69,38ad04bc14c2a22e2d4699472849a99e706e5988005381695628468a6a57aff5,0ea882672f492d84780f4b57128af453fe129efd52f72b15ce35490ca6da1069,431add55b7b418f445e779f4bb7a2e3bd10524dabc4b5ad290105cbed59c9f3c,3.0308902263641357,0.15607872605323792,0.13375572860240936,94.85039958951235,2.874811500310898,5.149600080551593,2.176865602981418,5.080629431148174,2.877363629356761,1.0,False,0.9996433258056641,0.999936580657959,0.0,all_four_full_spatial_windows_common_frames
Original,1,BG6,spatial_E,"[0, 1, 2, 3, 4, 5, 6, 7, 8, 9, 10, 11]",2ed4e86484ba454a1f701f898134fc61c6b43b262ec7a48989d304f71309d8b7,0a6c616179694b19286970d531aac6d0ebd5b19929ae610cbff34dd8d9b62d10,2c656eaa5f0435d44e4abcec2029b5567f0b7544fe5796246b9e233c19f7ac69,38ad04bc14c2a22e2d4699472849a99e706e5988005381695628468a6a57aff5,0ea882672f492d84780f4b57128af453fe129efd52f72b15ce35490ca6da1069,431add55b7b418f445e779f4bb7a2e3bd10524dabc4b5ad290105cbed59c9f3c,8.414840698242188,7.193390846252441,18.028453826904297,14.51542452602053,1.221449851989746,85.4845753551418,9.223334383287588,23.023764549362507,1.2121768920124447,1.0,False,0.9998206496238708,0.9999803304672241,0.32683901949888183,all_four_full_spatial_windows_common_frames
Original,1,BG6,spatial_EM,"[0, 1, 2, 3, 4, 5, 6, 7, 8, 9, 10, 11, 12, 13, 14, 15, 16, 17, 18, 19, 20, 21, 22, 23]",2ed4e86484ba454a1f701f898134fc61c6b43b262ec7a48989d304f71309d8b7,0a6c616179694b19286970d531aac6d0ebd5b19929ae610cbff34dd8d9b62d10,2c656eaa5f0435d44e4abcec2029b5567f0b7544fe5796246b9e233c19f7ac69,38ad04bc14c2a22e2d4699472849a99e706e5988005381695628468a6a57aff5,0ea882672f492d84780f4b57128af453fe129efd52f72b15ce35490ca6da1069,431add55b7b418f445e779f4bb7a2e3bd10524dabc4b5ad290105cbed59c9f3c,8.414840698242188,0.17731812596321106,0.3309018909931183,97.89279272049045,8.237522572278976,2.107207160671872,2.228358380597155,5.33235626376522,8.207152894702876,1.0,False,0.9996228218078613,0.9999362230300903,0.03944301754235498,all_four_full_spatial_windows_common_frames
Original,1,BG6,spatial_ML,"[12, 13, 14, 15, 16, 17, 18, 19, 20, 21, 22, 23, 24, 25, 26, 27, 28, 29, 30, 31, 32, 33, 34, 35]",2ed4e86484ba454a1f701f898134fc61c6b43b262ec7a48989d304f71309d8b7,0a6c616179694b19286970d531aac6d0ebd5b19929ae610cbff34dd8d9b62d10,2c656eaa5f0435d44e4abcec2029b5567f0b7544fe5796246b9e233c19f7ac69,38ad04bc14c2a22e2d4699472849a99e706e5988005381695628468a6a57aff5,0ea882672f492d84780f4b57128af453fe129efd52f72b15ce35490ca6da1069,431add55b7b418f445e779f4bb7a2e3bd10524dabc4b5ad290105cbed59c9f3c,8.414840698242188,1.2819005250930786,2.409675121307373,84.7661936863822,7.132940173149109,15.23380619478013,3.356660825217488,7.419334724799055,7.078850450082543,1.0,False,0.9996922016143799,0.9999488592147827,0.037630922772634606,all_four_full_spatial_windows_common_frames
Original,1,BG6,spatial_all,"[0, 1, 2, 3, 4, 5, 6, 7, 8, 9, 10, 11, 12, 13, 14, 15, 16, 17, 18, 19, 20, 21, 22, 23, 24, 25, 26, 27, 28, 29, 30, 31, 32, 33, 34, 35]",2ed4e86484ba454a1f701f898134fc61c6b43b262ec7a48989d304f71309d8b7,0a6c616179694b19286970d531aac6d0ebd5b19929ae610cbff34dd8d9b62d10,2c656eaa5f0435d44e4abcec2029b5567f0b7544fe5796246b9e233c19f7ac69,38ad04bc14c2a22e2d4699472849a99e706e5988005381695628468a6a57aff5,0ea882672f492d84780f4b57128af453fe129efd52f72b15ce35490ca6da1069,431add55b7b418f445e779f4bb7a2e3bd10524dabc4b5ad290105cbed59c9f3c,8.414840698242188,0.12201925367116928,0.13215433061122894,98.54995159264686,8.292821444571018,1.4500482885154744,2.146249214504687,5.103876170690211,8.289262060795345,1.0,False,0.9996465444564819,0.9999392628669739,0.0,all_four_full_spatial_windows_common_frames
Original,1,BG7,spatial_E,"[0, 1, 2, 3, 4, 5, 6, 7, 8, 9, 10, 11]",2ed4e86484ba454a1f701f898134fc61c6b43b262ec7a48989d304f71309d8b7,0a6c616179694b19286970d531aac6d0ebd5b19929ae610cbff34dd8d9b62d10,2c656eaa5f0435d44e4abcec2029b5567f0b7544fe5796246b9e233c19f7ac69,38ad04bc14c2a22e2d4699472849a99e706e5988005381695628468a6a57aff5,0ea882672f492d84780f4b57128af453fe129efd52f72b15ce35490ca6da1069,431add55b7b418f445e779f4bb7a2e3bd10524dabc4b5ad290105cbed59c9f3c,0.5526313185691833,0.3044458329677582,0.6113693714141846,44.9097748844608,0.24818548560142517,55.09022330601456,1.9538277879890018,4.469398313351987,0.6840219024084222,1.0,False,0.9998064637184143,0.9999737739562988,0.2748812688496888,all_four_full_spatial_windows_common_frames
Original,1,BG7,spatial_EM,"[0, 1, 2, 3, 4, 5, 6, 7, 8, 9, 10, 11, 12, 13, 14, 15, 16, 17, 18, 19, 20, 21, 22, 23]",2ed4e86484ba454a1f701f898134fc61c6b43b262ec7a48989d304f71309d8b7,0a6c616179694b19286970d531aac6d0ebd5b19929ae610cbff34dd8d9b62d10,2c656eaa5f0435d44e4abcec2029b5567f0b7544fe5796246b9e233c19f7ac69,38ad04bc14c2a22e2d4699472849a99e706e5988005381695628468a6a57aff5,0ea882672f492d84780f4b57128af453fe129efd52f72b15ce35490ca6da1069,431add55b7b418f445e779f4bb7a2e3bd10524dabc4b5ad290105cbed59c9f3c,0.5526313185691833,0.10801613330841064,0.11590937525033951,80.45421283153182,0.4446151852607727,19.545785358943544,2.1813879153438505,5.0520236941343475,0.4564617750535732,1.0,False,0.9995871186256409,0.9999391436576843,0.043317859601149845,all_four_full_spatial_windows_common_frames
Original,1,BG7,spatial_ML,"[12, 13, 14, 15, 16, 17, 18, 19, 20, 21, 22, 23, 24, 25, 26, 27, 28, 29, 30, 31, 32, 33, 34, 35]",2ed4e86484ba454a1f701f898134fc61c6b43b262ec7a48989d304f71309d8b7,0a6c616179694b19286970d531aac6d0ebd5b19929ae610cbff34dd8d9b62d10,2c656eaa5f0435d44e4abcec2029b5567f0b7544fe5796246b9e233c19f7ac69,38ad04bc14c2a22e2d4699472849a99e706e5988005381695628468a6a57aff5,0ea882672f492d84780f4b57128af453fe129efd52f72b15ce35490ca6da1069,431add55b7b418f445e779f4bb7a2e3bd10524dabc4b5ad290105cbed59c9f3c,0.5526313185691833,0.7546563148498535,1.4654831886291504,-36.556920651554925,-0.20202499628067017,136.55691884203029,2.8462006683345518,6.486434194590385,-0.20835097793712737,1.0,False,0.9996429681777954,0.999943733215332,0.022655785868880816,all_four_full_spatial_windows_common_frames
Original,1,BG7,spatial_all,"[0, 1, 2, 3, 4, 5, 6, 7, 8, 9, 10, 11, 12, 13, 14, 15, 16, 17, 18, 19, 20, 21, 22, 23, 24, 25, 26, 27, 28, 29, 30, 31, 32, 33, 34, 35]",2ed4e86484ba454a1f701f898134fc61c6b43b262ec7a48989d304f71309d8b7,0a6c616179694b19286970d531aac6d0ebd5b19929ae610cbff34dd8d9b62d10,2c656eaa5f0435d44e4abcec2029b5567f0b7544fe5796246b9e233c19f7ac69,38ad04bc14c2a22e2d4699472849a99e706e5988005381695628468a6a57aff5,0ea882672f492d84780f4b57128af453fe129efd52f72b15ce35490ca6da1069,431add55b7b418f445e779f4bb7a2e3bd10524dabc4b5ad290105cbed59c9f3c,0.5526313185691833,0.139895960688591,0.09294939041137695,74.68547954912448,0.41273535788059235,25.314518641350887,2.1203544276866877,5.057641171907858,0.5174952627107368,1.0,False,0.9995542168617249,0.9999269247055054,0.0,all_four_full_spatial_windows_common_frames
Original,1,BG8,spatial_E,"[0, 1, 2, 3, 4, 5, 6, 7, 8, 9, 10, 11]",2ed4e86484ba454a1f701f898134fc61c6b43b262ec7a48989d304f71309d8b7,0a6c616179694b19286970d531aac6d0ebd5b19929ae610cbff34dd8d9b62d10,2c656eaa5f0435d44e4abcec2029b5567f0b7544fe5796246b9e233c19f7ac69,38ad04bc14c2a22e2d4699472849a99e706e5988005381695628468a6a57aff5,0ea882672f492d84780f4b57128af453fe129efd52f72b15ce35490ca6da1069,431add55b7b418f445e779f4bb7a2e3bd10524dabc4b5ad290105cbed59c9f3c,20.541980743408203,18.736976623535156,45.8681526184082,8.786903958001087,1.8050041198730469,91.2130959933181,20.750120528810243,50.86053659757646,1.802810923027622,1.0,False,0.9997077584266663,0.9999849200248718,0.4295248054427954,all_four_full_spatial_windows_common_frames
Original,1,BG8,spatial_EM,"[0, 1, 2, 3, 4, 5, 6, 7, 8, 9, 10, 11, 12, 13, 14, 15, 16, 17, 18, 19, 20, 21, 22, 23]",2ed4e86484ba454a1f701f898134fc61c6b43b262ec7a48989d304f71309d8b7,0a6c616179694b19286970d531aac6d0ebd5b19929ae610cbff34dd8d9b62d10,2c656eaa5f0435d44e4abcec2029b5567f0b7544fe5796246b9e233c19f7ac69,38ad04bc14c2a22e2d4699472849a99e706e5988005381695628468a6a57aff5,0ea882672f492d84780f4b57128af453fe129efd52f72b15ce35490ca6da1069,431add55b7b418f445e779f4bb7a2e3bd10524dabc4b5ad290105cbed59c9f3c,20.541980743408203,0.19218289852142334,0.5450707674026489,99.06443827969443,20.34979784488678,0.9355616716247652,2.191591206743196,5.594296119229437,20.36134024509467,1.0,False,0.9992971420288086,0.9998931884765625,0.03434067174917857,all_four_full_spatial_windows_common_frames
Original,1,BG8,spatial_ML,"[12, 13, 14, 15, 16, 17, 18, 19, 20, 21, 22, 23, 24, 25, 26, 27, 28, 29, 30, 31, 32, 33, 34, 35]",2ed4e86484ba454a1f701f898134fc61c6b43b262ec7a48989d304f71309d8b7,0a6c616179694b19286970d531aac6d0ebd5b19929ae610cbff34dd8d9b62d10,2c656eaa5f0435d44e4abcec2029b5567f0b7544fe5796246b9e233c19f7ac69,38ad04bc14c2a22e2d4699472849a99e706e5988005381695628468a6a57aff5,0ea882672f492d84780f4b57128af453fe129efd52f72b15ce35490ca6da1069,431add55b7b418f445e779f4bb7a2e3bd10524dabc4b5ad290105cbed59c9f3c,20.541980743408203,1.5024113655090332,2.72843599319458,92.68614164551896,19.03956937789917,7.313858305800243,3.5669244935593256,7.7623628993601015,18.986006958278537,1.0,False,0.99950110912323,0.9999284744262695,0.04917331285000483,all_four_full_spatial_windows_common_frames
Original,1,BG8,spatial_all,"[0, 1, 2, 3, 4, 5, 6, 7, 8, 9, 10, 11, 12, 13, 14, 15, 16, 17, 18, 19, 20, 21, 22, 23, 24, 25, 26, 27, 28, 29, 30, 31, 32, 33, 34, 35]",2ed4e86484ba454a1f701f898134fc61c6b43b262ec7a48989d304f71309d8b7,0a6c616179694b19286970d531aac6d0ebd5b19929ae610cbff34dd8d9b62d10,2c656eaa5f0435d44e4abcec2029b5567f0b7544fe5796246b9e233c19f7ac69,38ad04bc14c2a22e2d4699472849a99e706e5988005381695628468a6a57aff5,0ea882672f492d84780f4b57128af453fe129efd52f72b15ce35490ca6da1069,431add55b7b418f445e779f4bb7a2e3bd10524dabc4b5ad290105cbed59c9f3c,20.541980743408203,0.06323697417974472,0.07609591633081436,99.69215731949679,20.47874376922846,0.3078426318224099,2.1402968266439983,5.099527247152651,20.412634625193867,1.0,False,0.9992582201957703,0.9998753666877747,0.0,all_four_full_spatial_windows_common_frames
Original,1,BG9,spatial_E,"[0, 1, 2, 3, 4, 5, 6, 7, 8, 9, 10, 11]",2ed4e86484ba454a1f701f898134fc61c6b43b262ec7a48989d304f71309d8b7,0a6c616179694b19286970d531aac6d0ebd5b19929ae610cbff34dd8d9b62d10,2c656eaa5f0435d44e4abcec2029b5567f0b7544fe5796246b9e233c19f7ac69,38ad04bc14c2a22e2d4699472849a99e706e5988005381695628468a6a57aff5,0ea882672f492d84780f4b57128af453fe129efd52f72b15ce35490ca6da1069,431add55b7b418f445e779f4bb7a2e3bd10524dabc4b5ad290105cbed59c9f3c,7.5841546058654785,4.982476234436035,11.181574821472168,34.30413148470007,2.6016783714294434,65.69586838344608,7.03182983043894,16.21967480635901,2.5811651543192027,1.0,False,0.9996497631072998,0.9999538660049438,0.2863634954059748,all_four_full_spatial_windows_common_frames
Original,1,BG9,spatial_EM,"[0, 1, 2, 3, 4, 5, 6, 7, 8, 9, 10, 11, 12, 13, 14, 15, 16, 17, 18, 19, 20, 21, 22, 23]",2ed4e86484ba454a1f701f898134fc61c6b43b262ec7a48989d304f71309d8b7,0a6c616179694b19286970d531aac6d0ebd5b19929ae610cbff34dd8d9b62d10,2c656eaa5f0435d44e4abcec2029b5567f0b7544fe5796246b9e233c19f7ac69,38ad04bc14c2a22e2d4699472849a99e706e5988005381695628468a6a57aff5,0ea882672f492d84780f4b57128af453fe129efd52f72b15ce35490ca6da1069,431add55b7b418f445e779f4bb7a2e3bd10524dabc4b5ad290105cbed59c9f3c,7.5841546058654785,0.12862665951251984,0.15581108629703522,98.30400781593453,7.455527946352959,1.6959920522116279,2.1251738505834474,5.1706694163609805,7.487821134174695,1.0,False,0.9989325404167175,0.9998489618301392,0.03271493598044002,all_four_full_spatial_windows_common_frames
Original,1,BG9,spatial_ML,"[12, 13, 14, 15, 16, 17, 18, 19, 20, 21, 22, 23, 24, 25, 26, 27, 28, 29, 30, 31, 32, 33, 34, 35]",2ed4e86484ba454a1f701f898134fc61c6b43b262ec7a48989d304f71309d8b7,0a6c616179694b19286970d531aac6d0ebd5b19929ae610cbff34dd8d9b62d10,2c656eaa5f0435d44e4abcec2029b5567f0b7544fe5796246b9e233c19f7ac69,38ad04bc14c2a22e2d4699472849a99e706e5988005381695628468a6a57aff5,0ea882672f492d84780f4b57128af453fe129efd52f72b15ce35490ca6da1069,431add55b7b418f445e779f4bb7a2e3bd10524dabc4b5ad290105cbed59c9f3c,7.5841546058654785,1.2739336490631104,2.407219648361206,83.20269399046616,6.310220956802368,16.797305877679992,3.3425539635555603,7.426844903712923,6.270441021202583,1.0,False,0.9990862607955933,0.9998747706413269,0.04125829498873414,all_four_full_spatial_windows_common_frames
Original,1,BG9,spatial_all,"[0, 1, 2, 3, 4, 5, 6, 7, 8, 9, 10, 11, 12, 13, 14, 15, 16, 17, 18, 19, 20, 21, 22, 23, 24, 25, 26, 27, 28, 29, 30, 31, 32, 33, 34, 35]",2ed4e86484ba454a1f701f898134fc61c6b43b262ec7a48989d304f71309d8b7,0a6c616179694b19286970d531aac6d0ebd5b19929ae610cbff34dd8d9b62d10,2c656eaa5f0435d44e4abcec2029b5567f0b7544fe5796246b9e233c19f7ac69,38ad04bc14c2a22e2d4699472849a99e706e5988005381695628468a6a57aff5,0ea882672f492d84780f4b57128af453fe129efd52f72b15ce35490ca6da1069,431add55b7b418f445e779f4bb7a2e3bd10524dabc4b5ad290105cbed59c9f3c,7.5841546058654785,0.0859946683049202,0.10184426605701447,98.86612704170052,7.498159937560558,1.1338728264456246,2.139736904734449,5.127001929221236,7.473258080023695,1.0,False,0.9987861514091492,0.9998162388801575,0.0,all_four_full_spatial_windows_common_frames
Original,1,BG10,spatial_E,"[0, 1, 2, 3, 4, 5, 6, 7, 8, 9, 10, 11]",2ed4e86484ba454a1f701f898134fc61c6b43b262ec7a48989d304f71309d8b7,0a6c616179694b19286970d531aac6d0ebd5b19929ae610cbff34dd8d9b62d10,2c656eaa5f0435d44e4abcec2029b5567f0b7544fe5796246b9e233c19f7ac69,38ad04bc14c2a22e2d4699472849a99e706e5988005381695628468a6a57aff5,0ea882672f492d84780f4b57128af453fe129efd52f72b15ce35490ca6da1069,431add55b7b418f445e779f4bb7a2e3bd10524dabc4b5ad290105cbed59c9f3c,17.569000244140625,16.043642044067383,38.41039276123047,8.682100165111835,1.5253582000732422,91.31789977796973,18.07152817221755,43.42048803363222,1.5250917317069905,1.0,False,0.999957799911499,0.9999958276748657,0.3948639083819625,all_four_full_spatial_windows_common_frames
Original,1,BG10,spatial_EM,"[0, 1, 2, 3, 4, 5, 6, 7, 8, 9, 10, 11, 12, 13, 14, 15, 16, 17, 18, 19, 20, 21, 22, 23]",2ed4e86484ba454a1f701f898134fc61c6b43b262ec7a48989d304f71309d8b7,0a6c616179694b19286970d531aac6d0ebd5b19929ae610cbff34dd8d9b62d10,2c656eaa5f0435d44e4abcec2029b5567f0b7544fe5796246b9e233c19f7ac69,38ad04bc14c2a22e2d4699472849a99e706e5988005381695628468a6a57aff5,0ea882672f492d84780f4b57128af453fe129efd52f72b15ce35490ca6da1069,431add55b7b418f445e779f4bb7a2e3bd10524dabc4b5ad290105cbed59c9f3c,17.569000244140625,0.29992395639419556,0.9571539759635925,98.2928797196442,17.26907628774643,1.7071202234373586,2.298968381828637,5.989167075799608,17.297651522095904,1.0,False,0.9997546076774597,0.9999591112136841,0.03988023162736148,all_four_full_spatial_windows_common_frames
Original,1,BG10,spatial_ML,"[12, 13, 14, 15, 16, 17, 18, 19, 20, 21, 22, 23, 24, 25, 26, 27, 28, 29, 30, 31, 32, 33, 34, 35]",2ed4e86484ba454a1f701f898134fc61c6b43b262ec7a48989d304f71309d8b7,0a6c616179694b19286970d531aac6d0ebd5b19929ae610cbff34dd8d9b62d10,2c656eaa5f0435d44e4abcec2029b5567f0b7544fe5796246b9e233c19f7ac69,38ad04bc14c2a22e2d4699472849a99e706e5988005381695628468a6a57aff5,0ea882672f492d84780f4b57128af453fe129efd52f72b15ce35490ca6da1069,431add55b7b418f445e779f4bb7a2e3bd10524dabc4b5ad290105cbed59c9f3c,17.569000244140625,1.4187347888946533,2.647547721862793,91.92478354845325,16.15026545524597,8.07521639462831,3.4913684958450846,7.667009966686344,16.105251408079454,1.0,False,0.9998096823692322,0.9999650716781616,0.045167596593209146,all_four_full_spatial_windows_common_frames
Original,1,BG10,spatial_all,"[0, 1, 2, 3, 4, 5, 6, 7, 8, 9, 10, 11, 12, 13, 14, 15, 16, 17, 18, 19, 20, 21, 22, 23, 24, 25, 26, 27, 28, 29, 30, 31, 32, 33, 34, 35]",2ed4e86484ba454a1f701f898134fc61c6b43b262ec7a48989d304f71309d8b7,0a6c616179694b19286970d531aac6d0ebd5b19929ae610cbff34dd8d9b62d10,2c656eaa5f0435d44e4abcec2029b5567f0b7544fe5796246b9e233c19f7ac69,38ad04bc14c2a22e2d4699472849a99e706e5988005381695628468a6a57aff5,0ea882672f492d84780f4b57128af453fe129efd52f72b15ce35490ca6da1069,431add55b7b418f445e779f4bb7a2e3bd10524dabc4b5ad290105cbed59c9f3c,17.569000244140625,0.09509123116731644,0.13014939427375793,99.45875553650296,17.47390901297331,0.5412444065786016,2.1514601243993554,5.094040276363325,17.445159779525184,1.0,False,0.9996671676635742,0.9999445080757141,0.0,all_four_full_spatial_windows_common_frames
Original,1,BG11,spatial_E,"[0, 1, 2, 3, 4, 5, 6, 7, 8, 9, 10, 11]",2ed4e86484ba454a1f701f898134fc61c6b43b262ec7a48989d304f71309d8b7,0a6c616179694b19286970d531aac6d0ebd5b19929ae610cbff34dd8d9b62d10,2c656eaa5f0435d44e4abcec2029b5567f0b7544fe5796246b9e233c19f7ac69,38ad04bc14c2a22e2d4699472849a99e706e5988005381695628468a6a57aff5,0ea882672f492d84780f4b57128af453fe129efd52f72b15ce35490ca6da1069,431add55b7b418f445e779f4bb7a2e3bd10524dabc4b5ad290105cbed59c9f3c,7.897454261779785,5.695640563964844,13.068037033081055,27.880043644985065,2.2018136978149414,72.11995622839186,7.747109748961213,18.111646674790702,2.1821091401330204,1.0,False,0.999840259552002,0.9999771118164062,0.27491730913109086,all_four_full_spatial_windows_common_frames
Original,1,BG11,spatial_EM,"[0, 1, 2, 3, 4, 5, 6, 7, 8, 9, 10, 11, 12, 13, 14, 15, 16, 17, 18, 19, 20, 21, 22, 23]",2ed4e86484ba454a1f701f898134fc61c6b43b262ec7a48989d304f71309d8b7,0a6c616179694b19286970d531aac6d0ebd5b19929ae610cbff34dd8d9b62d10,2c656eaa5f0435d44e4abcec2029b5567f0b7544fe5796246b9e233c19f7ac69,38ad04bc14c2a22e2d4699472849a99e706e5988005381695628468a6a57aff5,0ea882672f492d84780f4b57128af453fe129efd52f72b15ce35490ca6da1069,431add55b7b418f445e779f4bb7a2e3bd10524dabc4b5ad290105cbed59c9f3c,7.897454261779785,0.11410257965326309,0.2357010543346405,98.55519784317094,7.783351682126522,1.4448020302059783,2.174151986226826,5.279379447250779,7.755066902867408,1.0,False,0.9996967315673828,0.9999505281448364,0.03287145478079181,all_four_full_spatial_windows_common_frames
Original,1,BG11,spatial_ML,"[12, 13, 14, 15, 16, 17, 18, 19, 20, 21, 22, 23, 24, 25, 26, 27, 28, 29, 30, 31, 32, 33, 34, 35]",2ed4e86484ba454a1f701f898134fc61c6b43b262ec7a48989d304f71309d8b7,0a6c616179694b19286970d531aac6d0ebd5b19929ae610cbff34dd8d9b62d10,2c656eaa5f0435d44e4abcec2029b5567f0b7544fe5796246b9e233c19f7ac69,38ad04bc14c2a22e2d4699472849a99e706e5988005381695628468a6a57aff5,0ea882672f492d84780f4b57128af453fe129efd52f72b15ce35490ca6da1069,431add55b7b418f445e779f4bb7a2e3bd10524dabc4b5ad290105cbed59c9f3c,7.897454261779785,1.2333906888961792,2.302504301071167,84.38242683717091,6.664063572883606,15.617573036206007,3.3104552635755082,7.324193145342153,6.618763625518724,1.0,False,0.9996688365936279,0.9999510049819946,0.037689799589884894,all_four_full_spatial_windows_common_frames
Original,1,BG11,spatial_all,"[0, 1, 2, 3, 4, 5, 6, 7, 8, 9, 10, 11, 12, 13, 14, 15, 16, 17, 18, 19, 20, 21, 22, 23, 24, 25, 26, 27, 28, 29, 30, 31, 32, 33, 34, 35]",2ed4e86484ba454a1f701f898134fc61c6b43b262ec7a48989d304f71309d8b7,0a6c616179694b19286970d531aac6d0ebd5b19929ae610cbff34dd8d9b62d10,2c656eaa5f0435d44e4abcec2029b5567f0b7544fe5796246b9e233c19f7ac69,38ad04bc14c2a22e2d4699472849a99e706e5988005381695628468a6a57aff5,0ea882672f492d84780f4b57128af453fe129efd52f72b15ce35490ca6da1069,431add55b7b418f445e779f4bb7a2e3bd10524dabc4b5ad290105cbed59c9f3c,7.897454261779785,0.07696212828159332,0.13274265825748444,99.02548168519817,7.820492133498192,0.9745181881787458,2.1593258369550843,5.133443906416985,7.7698930521391505,1.0,False,0.9995564818382263,0.9999246597290039,0.0,all_four_full_spatial_windows_common_frames
Original,1,BG12,spatial_E,"[0, 1, 2, 3, 4, 5, 6, 7, 8, 9, 10, 11]",2ed4e86484ba454a1f701f898134fc61c6b43b262ec7a48989d304f71309d8b7,0a6c616179694b19286970d531aac6d0ebd5b19929ae610cbff34dd8d9b62d10,2c656eaa5f0435d44e4abcec2029b5567f0b7544fe5796246b9e233c19f7ac69,38ad04bc14c2a22e2d4699472849a99e706e5988005381695628468a6a57aff5,0ea882672f492d84780f4b57128af453fe129efd52f72b15ce35490ca6da1069,431add55b7b418f445e779f4bb7a2e3bd10524dabc4b5ad290105cbed59c9f3c,2.2352547645568848,1.6338506937026978,3.3595309257507324,26.905392517209094,0.601404070854187,73.09460703541461,3.6859758038696926,8.370376404552381,0.5849089445925507,1.0,False,0.9998008608818054,0.9999648928642273,0.17932571893104937,all_four_full_spatial_windows_common_frames
Original,1,BG12,spatial_EM,"[0, 1, 2, 3, 4, 5, 6, 7, 8, 9, 10, 11, 12, 13, 14, 15, 16, 17, 18, 19, 20, 21, 22, 23]",2ed4e86484ba454a1f701f898134fc61c6b43b262ec7a48989d304f71309d8b7,0a6c616179694b19286970d531aac6d0ebd5b19929ae610cbff34dd8d9b62d10,2c656eaa5f0435d44e4abcec2029b5567f0b7544fe5796246b9e233c19f7ac69,38ad04bc14c2a22e2d4699472849a99e706e5988005381695628468a6a57aff5,0ea882672f492d84780f4b57128af453fe129efd52f72b15ce35490ca6da1069,431add55b7b418f445e779f4bb7a2e3bd10524dabc4b5ad290105cbed59c9f3c,2.2352547645568848,0.0944487601518631,0.15566693246364594,95.77458591177435,2.1408060044050217,4.225413640849355,2.1652200078030868,5.1974277516137075,2.1056647406591567,1.0,False,0.9995183944702148,0.999920666217804,0.036189686597268615,all_four_full_spatial_windows_common_frames
Original,1,BG12,spatial_ML,"[12, 13, 14, 15, 16, 17, 18, 19, 20, 21, 22, 23, 24, 25, 26, 27, 28, 29, 30, 31, 32, 33, 34, 35]",2ed4e86484ba454a1f701f898134fc61c6b43b262ec7a48989d304f71309d8b7,0a6c616179694b19286970d531aac6d0ebd5b19929ae610cbff34dd8d9b62d10,2c656eaa5f0435d44e4abcec2029b5567f0b7544fe5796246b9e233c19f7ac69,38ad04bc14c2a22e2d4699472849a99e706e5988005381695628468a6a57aff5,0ea882672f492d84780f4b57128af453fe129efd52f72b15ce35490ca6da1069,431add55b7b418f445e779f4bb7a2e3bd10524dabc4b5ad290105cbed59c9f3c,2.2352547645568848,0.907136082649231,1.7021677494049072,59.416881557536946,1.3281186819076538,40.58311799508675,3.005095196048439,6.739409226031115,1.265789552413803,1.0,False,0.9995878338813782,0.9999290704727173,0.02889420740558668,all_four_full_spatial_windows_common_frames
Original,1,BG12,spatial_all,"[0, 1, 2, 3, 4, 5, 6, 7, 8, 9, 10, 11, 12, 13, 14, 15, 16, 17, 18, 19, 20, 21, 22, 23, 24, 25, 26, 27, 28, 29, 30, 31, 32, 33, 34, 35]",2ed4e86484ba454a1f701f898134fc61c6b43b262ec7a48989d304f71309d8b7,0a6c616179694b19286970d531aac6d0ebd5b19929ae610cbff34dd8d9b62d10,2c656eaa5f0435d44e4abcec2029b5567f0b7544fe5796246b9e233c19f7ac69,38ad04bc14c2a22e2d4699472849a99e706e5988005381695628468a6a57aff5,0ea882672f492d84780f4b57128af453fe129efd52f72b15ce35490ca6da1069,431add55b7b418f445e779f4bb7a2e3bd10524dabc4b5ad290105cbed59c9f3c,2.2352547645568848,0.1088901162147522,0.07877939939498901,95.12851387438201,2.1263646483421326,4.871485678241689,2.157489495630337,5.096300529198656,2.1133952528319058,1.0,False,0.99946528673172,0.9999109506607056,0.0,all_four_full_spatial_windows_common_frames
Original,1,BG13,spatial_E,"[0, 1, 2, 3, 4, 5, 6, 7, 8, 9, 10, 11]",2ed4e86484ba454a1f701f898134fc61c6b43b262ec7a48989d304f71309d8b7,0a6c616179694b19286970d531aac6d0ebd5b19929ae610cbff34dd8d9b62d10,2c656eaa5f0435d44e4abcec2029b5567f0b7544fe5796246b9e233c19f7ac69,38ad04bc14c2a22e2d4699472849a99e706e5988005381695628468a6a57aff5,0ea882672f492d84780f4b57128af453fe129efd52f72b15ce35490ca6da1069,431add55b7b418f445e779f4bb7a2e3bd10524dabc4b5ad290105cbed59c9f3c,0.6818767189979553,0.37448060512542725,0.9316989779472351,45.0808923079482,0.3073961138725281,54.91910622551105,2.4739097331845796,5.974336352617658,0.29353612644407,1.0,False,0.999659538269043,0.9999478459358215,0.15757362453870397,all_four_full_spatial_windows_common_frames
Original,1,BG13,spatial_EM,"[0, 1, 2, 3, 4, 5, 6, 7, 8, 9, 10, 11, 12, 13, 14, 15, 16, 17, 18, 19, 20, 21, 22, 23]",2ed4e86484ba454a1f701f898134fc61c6b43b262ec7a48989d304f71309d8b7,0a6c616179694b19286970d531aac6d0ebd5b19929ae610cbff34dd8d9b62d10,2c656eaa5f0435d44e4abcec2029b5567f0b7544fe5796246b9e233c19f7ac69,38ad04bc14c2a22e2d4699472849a99e706e5988005381695628468a6a57aff5,0ea882672f492d84780f4b57128af453fe129efd52f72b15ce35490ca6da1069,431add55b7b418f445e779f4bb7a2e3bd10524dabc4b5ad290105cbed59c9f3c,0.6818767189979553,0.09642942249774933,0.09119197726249695,85.85823090935276,0.585447296500206,14.141767624106508,2.1662977522676923,5.118152880701255,0.6011481073609571,1.0,False,0.9994244575500488,0.9999048113822937,0.03603460226993575,all_four_full_spatial_windows_common_frames
Original,1,BG13,spatial_ML,"[12, 13, 14, 15, 16, 17, 18, 19, 20, 21, 22, 23, 24, 25, 26, 27, 28, 29, 30, 31, 32, 33, 34, 35]",2ed4e86484ba454a1f701f898134fc61c6b43b262ec7a48989d304f71309d8b7,0a6c616179694b19286970d531aac6d0ebd5b19929ae610cbff34dd8d9b62d10,2c656eaa5f0435d44e4abcec2029b5567f0b7544fe5796246b9e233c19f7ac69,38ad04bc14c2a22e2d4699472849a99e706e5988005381695628468a6a57aff5,0ea882672f492d84780f4b57128af453fe129efd52f72b15ce35490ca6da1069,431add55b7b418f445e779f4bb7a2e3bd10524dabc4b5ad290105cbed59c9f3c,0.6818767189979553,0.43667688965797424,0.8913999795913696,35.95955381851964,0.24519982933998108,64.04044471493961,2.543719941700098,5.926031968856275,0.22372591792855134,1.0,False,0.9995964169502258,0.9999313354492188,0.01679864328728261,all_four_full_spatial_windows_common_frames
Original,1,BG13,spatial_all,"[0, 1, 2, 3, 4, 5, 6, 7, 8, 9, 10, 11, 12, 13, 14, 15, 16, 17, 18, 19, 20, 21, 22, 23, 24, 25, 26, 27, 28, 29, 30, 31, 32, 33, 34, 35]",2ed4e86484ba454a1f701f898134fc61c6b43b262ec7a48989d304f71309d8b7,0a6c616179694b19286970d531aac6d0ebd5b19929ae610cbff34dd8d9b62d10,2c656eaa5f0435d44e4abcec2029b5567f0b7544fe5796246b9e233c19f7ac69,38ad04bc14c2a22e2d4699472849a99e706e5988005381695628468a6a57aff5,0ea882672f492d84780f4b57128af453fe129efd52f72b15ce35490ca6da1069,431add55b7b418f445e779f4bb7a2e3bd10524dabc4b5ad290105cbed59c9f3c,0.6818767189979553,0.10869631916284561,0.06971307098865509,84.05924054299679,0.5731803998351097,15.940757990462458,2.146688719964584,5.055189104089697,0.6207571396640659,1.0,False,0.9994639754295349,0.9999111890792847,0.0,all_four_full_spatial_windows_common_frames
Original,1,BG14,spatial_E,"[0, 1, 2, 3, 4, 5, 6, 7, 8, 9, 10, 11]",2ed4e86484ba454a1f701f898134fc61c6b43b262ec7a48989d304f71309d8b7,0a6c616179694b19286970d531aac6d0ebd5b19929ae610cbff34dd8d9b62d10,2c656eaa5f0435d44e4abcec2029b5567f0b7544fe5796246b9e233c19f7ac69,38ad04bc14c2a22e2d4699472849a99e706e5988005381695628468a6a57aff5,0ea882672f492d84780f4b57128af453fe129efd52f72b15ce35490ca6da1069,431add55b7b418f445e779f4bb7a2e3bd10524dabc4b5ad290105cbed59c9f3c,8.05540657043457,6.519101619720459,15.498462677001953,19.071724504205363,1.5363049507141113,80.92827537165441,8.560570542460072,20.522292607356285,1.5227686855517026,1.0,False,0.9996852874755859,0.9999698400497437,0.26553278533882807,all_four_full_spatial_windows_common_frames
Original,1,BG14,spatial_EM,"[0, 1, 2, 3, 4, 5, 6, 7, 8, 9, 10, 11, 12, 13, 14, 15, 16, 17, 18, 19, 20, 21, 22, 23]",2ed4e86484ba454a1f701f898134fc61c6b43b262ec7a48989d304f71309d8b7,0a6c616179694b19286970d531aac6d0ebd5b19929ae610cbff34dd8d9b62d10,2c656eaa5f0435d44e4abcec2029b5567f0b7544fe5796246b9e233c19f7ac69,38ad04bc14c2a22e2d4699472849a99e706e5988005381695628468a6a57aff5,0ea882672f492d84780f4b57128af453fe129efd52f72b15ce35490ca6da1069,431add55b7b418f445e779f4bb7a2e3bd10524dabc4b5ad290105cbed59c9f3c,8.05540657043457,0.10815012454986572,0.2709904611110687,98.65742177666677,7.947256445884705,1.3425780991929928,2.1749928552001627,5.320383800941219,7.90834637281161,1.0,False,0.9996393918991089,0.9999415278434753,0.03064040057493213,all_four_full_spatial_windows_common_frames
Original,1,BG14,spatial_ML,"[12, 13, 14, 15, 16, 17, 18, 19, 20, 21, 22, 23, 24, 25, 26, 27, 28, 29, 30, 31, 32, 33, 34, 35]",2ed4e86484ba454a1f701f898134fc61c6b43b262ec7a48989d304f71309d8b7,0a6c616179694b19286970d531aac6d0ebd5b19929ae610cbff34dd8d9b62d10,2c656eaa5f0435d44e4abcec2029b5567f0b7544fe5796246b9e233c19f7ac69,38ad04bc14c2a22e2d4699472849a99e706e5988005381695628468a6a57aff5,0ea882672f492d84780f4b57128af453fe129efd52f72b15ce35490ca6da1069,431add55b7b418f445e779f4bb7a2e3bd10524dabc4b5ad290105cbed59c9f3c,8.05540657043457,1.2327663898468018,2.235809803009033,84.69640995103815,6.8226401805877686,15.303589924821607,3.3009429019117547,7.252338832606072,6.782396326100018,1.0,False,0.9997455477714539,0.9999517202377319,0.03737364563737519,all_four_full_spatial_windows_common_frames
Original,1,BG14,spatial_all,"[0, 1, 2, 3, 4, 5, 6, 7, 8, 9, 10, 11, 12, 13, 14, 15, 16, 17, 18, 19, 20, 21, 22, 23, 24, 25, 26, 27, 28, 29, 30, 31, 32, 33, 34, 35]",2ed4e86484ba454a1f701f898134fc61c6b43b262ec7a48989d304f71309d8b7,0a6c616179694b19286970d531aac6d0ebd5b19929ae610cbff34dd8d9b62d10,2c656eaa5f0435d44e4abcec2029b5567f0b7544fe5796246b9e233c19f7ac69,38ad04bc14c2a22e2d4699472849a99e706e5988005381695628468a6a57aff5,0ea882672f492d84780f4b57128af453fe129efd52f72b15ce35490ca6da1069,431add55b7b418f445e779f4bb7a2e3bd10524dabc4b5ad290105cbed59c9f3c,8.05540657043457,0.08826852589845657,0.14202678203582764,98.90423239327424,7.967138044536114,1.0957674825855244,2.150664708840071,5.139108526297521,7.9326745191717025,1.0,False,0.9996001124382019,0.9999292492866516,0.0,all_four_full_spatial_windows_common_frames
Original,1,BG15,spatial_E,"[0, 1, 2, 3, 4, 5, 6, 7, 8, 9, 10, 11]",2ed4e86484ba454a1f701f898134fc61c6b43b262ec7a48989d304f71309d8b7,0a6c616179694b19286970d531aac6d0ebd5b19929ae610cbff34dd8d9b62d10,2c656eaa5f0435d44e4abcec2029b5567f0b7544fe5796246b9e233c19f7ac69,38ad04bc14c2a22e2d4699472849a99e706e5988005381695628468a6a57aff5,0ea882672f492d84780f4b57128af453fe129efd52f72b15ce35490ca6da1069,431add55b7b418f445e779f4bb7a2e3bd10524dabc4b5ad290105cbed59c9f3c,2.526517152786255,1.9054025411605835,4.213354587554932,24.58382712669576,0.6211146116256714,75.41617247750246,3.9780378277607538,9.258782465306753,0.6033072163052084,1.0,False,0.999810516834259,0.999963641166687,0.12861549572044048,all_four_full_spatial_windows_common_frames
Original,1,BG15,spatial_EM,"[0, 1, 2, 3, 4, 5, 6, 7, 8, 9, 10, 11, 12, 13, 14, 15, 16, 17, 18, 19, 20, 21, 22, 23]",2ed4e86484ba454a1f701f898134fc61c6b43b262ec7a48989d304f71309d8b7,0a6c616179694b19286970d531aac6d0ebd5b19929ae610cbff34dd8d9b62d10,2c656eaa5f0435d44e4abcec2029b5567f0b7544fe5796246b9e233c19f7ac69,38ad04bc14c2a22e2d4699472849a99e706e5988005381695628468a6a57aff5,0ea882672f492d84780f4b57128af453fe129efd52f72b15ce35490ca6da1069,431add55b7b418f445e779f4bb7a2e3bd10524dabc4b5ad290105cbed59c9f3c,2.526517152786255,0.06946298480033875,0.09554081410169601,97.25064227453201,2.457054167985916,2.7493573296662133,2.166070969151727,5.13612038303212,2.415274074914236,1.0,False,0.9996039271354675,0.9999338984489441,0.03176526177901761,all_four_full_spatial_windows_common_frames
Original,1,BG15,spatial_ML,"[12, 13, 14, 15, 16, 17, 18, 19, 20, 21, 22, 23, 24, 25, 26, 27, 28, 29, 30, 31, 32, 33, 34, 35]",2ed4e86484ba454a1f701f898134fc61c6b43b262ec7a48989d304f71309d8b7,0a6c616179694b19286970d531aac6d0ebd5b19929ae610cbff34dd8d9b62d10,2c656eaa5f0435d44e4abcec2029b5567f0b7544fe5796246b9e233c19f7ac69,38ad04bc14c2a22e2d4699472849a99e706e5988005381695628468a6a57aff5,0ea882672f492d84780f4b57128af453fe129efd52f72b15ce35490ca6da1069,431add55b7b418f445e779f4bb7a2e3bd10524dabc4b5ad290105cbed59c9f3c,2.526517152786255,0.9144867658615112,1.7343887090682983,63.80445027917361,1.6120303869247437,36.195549325024615,3.0047527938435334,6.759830430441349,1.5765922502224292,1.0,False,0.9995711445808411,0.99993497133255,0.030116879299660036,all_four_full_spatial_windows_common_frames
Original,1,BG15,spatial_all,"[0, 1, 2, 3, 4, 5, 6, 7, 8, 9, 10, 11, 12, 13, 14, 15, 16, 17, 18, 19, 20, 21, 22, 23, 24, 25, 26, 27, 28, 29, 30, 31, 32, 33, 34, 35]",2ed4e86484ba454a1f701f898134fc61c6b43b262ec7a48989d304f71309d8b7,0a6c616179694b19286970d531aac6d0ebd5b19929ae610cbff34dd8d9b62d10,2c656eaa5f0435d44e4abcec2029b5567f0b7544fe5796246b9e233c19f7ac69,38ad04bc14c2a22e2d4699472849a99e706e5988005381695628468a6a57aff5,0ea882672f492d84780f4b57128af453fe129efd52f72b15ce35490ca6da1069,431add55b7b418f445e779f4bb7a2e3bd10524dabc4b5ad290105cbed59c9f3c,2.526517152786255,0.07855404913425446,0.08923889696598053,96.89081632647115,2.4479631036520004,3.1091832777270625,2.134872976587995,5.091175845763572,2.4464720674779676,1.0,False,0.9995266199111938,0.9999157786369324,0.0,all_four_full_spatial_windows_common_frames
Original,2,BG1,spatial_E,"[0, 1, 2, 3, 4, 5, 6, 7, 8, 9, 10, 11]",2ed4e86484ba454a1f701f898134fc61c6b43b262ec7a48989d304f71309d8b7,0a6c616179694b19286970d531aac6d0ebd5b19929ae610cbff34dd8d9b62d10,d42fd0835ca1169fdd93186e68af5562f7bd2461ca94639164ad5b5b2b0d06a4,38ad04bc14c2a22e2d4699472849a99e706e5988005381695628468a6a57aff5,0ea882672f492d84780f4b57128af453fe129efd52f72b15ce35490ca6da1069,431add55b7b418f445e779f4bb7a2e3bd10524dabc4b5ad290105cbed59c9f3c,0.5151075124740601,0.32764652371406555,0.7599166035652161,36.39259389178008,0.1874609887599945,63.60740416687765,2.1443843900759854,5.910369510941582,0.11726292660169782,1.0,False,0.9997583031654358,0.9999574422836304,0.0763048012893389,all_four_full_spatial_windows_common_frames
Original,2,BG1,spatial_EM,"[0, 1, 2, 3, 4, 5, 6, 7, 8, 9, 10, 11, 12, 13, 14, 15, 16, 17, 18, 19, 20, 21, 22, 23]",2ed4e86484ba454a1f701f898134fc61c6b43b262ec7a48989d304f71309d8b7,0a6c616179694b19286970d531aac6d0ebd5b19929ae610cbff34dd8d9b62d10,d42fd0835ca1169fdd93186e68af5562f7bd2461ca94639164ad5b5b2b0d06a4,38ad04bc14c2a22e2d4699472849a99e706e5988005381695628468a6a57aff5,0ea882672f492d84780f4b57128af453fe129efd52f72b15ce35490ca6da1069,431add55b7b418f445e779f4bb7a2e3bd10524dabc4b5ad290105cbed59c9f3c,0.5151075124740601,0.043088220059871674,0.10213635116815567,91.63509982286435,0.4720192924141884,8.364898235793387,1.9016114830961228,5.140988456084136,0.3600358335815599,1.0,False,0.9996602535247803,0.9999498128890991,0.03266455593129131,all_four_full_spatial_windows_common_frames
Original,2,BG1,spatial_ML,"[12, 13, 14, 15, 16, 17, 18, 19, 20, 21, 22, 23, 24, 25, 26, 27, 28, 29, 30, 31, 32, 33, 34, 35]",2ed4e86484ba454a1f701f898134fc61c6b43b262ec7a48989d304f71309d8b7,0a6c616179694b19286970d531aac6d0ebd5b19929ae610cbff34dd8d9b62d10,d42fd0835ca1169fdd93186e68af5562f7bd2461ca94639164ad5b5b2b0d06a4,38ad04bc14c2a22e2d4699472849a99e706e5988005381695628468a6a57aff5,0ea882672f492d84780f4b57128af453fe129efd52f72b15ce35490ca6da1069,431add55b7b418f445e779f4bb7a2e3bd10524dabc4b5ad290105cbed59c9f3c,0.5151075124740601,0.20911073684692383,0.4185851216316223,59.404447086587766,0.30599677562713623,40.595550972069965,2.041309034648081,5.5648344980541795,0.22033828202960226,1.0,False,0.9995636343955994,0.9999386668205261,0.014213669227148413,all_four_full_spatial_windows_common_frames
Original,2,BG1,spatial_all,"[0, 1, 2, 3, 4, 5, 6, 7, 8, 9, 10, 11, 12, 13, 14, 15, 16, 17, 18, 19, 20, 21, 22, 23, 24, 25, 26, 27, 28, 29, 30, 31, 32, 33, 34, 35]",2ed4e86484ba454a1f701f898134fc61c6b43b262ec7a48989d304f71309d8b7,0a6c616179694b19286970d531aac6d0ebd5b19929ae610cbff34dd8d9b62d10,d42fd0835ca1169fdd93186e68af5562f7bd2461ca94639164ad5b5b2b0d06a4,38ad04bc14c2a22e2d4699472849a99e706e5988005381695628468a6a57aff5,0ea882672f492d84780f4b57128af453fe129efd52f72b15ce35490ca6da1069,431add55b7b418f445e779f4bb7a2e3bd10524dabc4b5ad290105cbed59c9f3c,0.5151075124740601,0.04471739009022713,0.10030192136764526,91.31882216057541,0.47039012238383293,8.68117589808233,1.933183904925873,5.206048925689054,0.32846341175180965,1.0,False,0.9995482563972473,0.9999370574951172,0.0,all_four_full_spatial_windows_common_frames
Original,2,BG2,spatial_E,"[0, 1, 2, 3, 4, 5, 6, 7, 8, 9, 10, 11]",2ed4e86484ba454a1f701f898134fc61c6b43b262ec7a48989d304f71309d8b7,0a6c616179694b19286970d531aac6d0ebd5b19929ae610cbff34dd8d9b62d10,d42fd0835ca1169fdd93186e68af5562f7bd2461ca94639164ad5b5b2b0d06a4,38ad04bc14c2a22e2d4699472849a99e706e5988005381695628468a6a57aff5,0ea882672f492d84780f4b57128af453fe129efd52f72b15ce35490ca6da1069,431add55b7b418f445e779f4bb7a2e3bd10524dabc4b5ad290105cbed59c9f3c,0.12120405584573746,0.1225452646613121,0.1992984265089035,-1.106570811973973,-0.001341208815574646,101.10656256142568,1.826074977257545,4.992338662703048,-0.0032953062002049087,1.0,False,0.9996697902679443,0.9999510645866394,0.06460233783340269,all_four_full_spatial_windows_common_frames
Original,2,BG2,spatial_EM,"[0, 1, 2, 3, 4, 5, 6, 7, 8, 9, 10, 11, 12, 13, 14, 15, 16, 17, 18, 19, 20, 21, 22, 23]",2ed4e86484ba454a1f701f898134fc61c6b43b262ec7a48989d304f71309d8b7,0a6c616179694b19286970d531aac6d0ebd5b19929ae610cbff34dd8d9b62d10,d42fd0835ca1169fdd93186e68af5562f7bd2461ca94639164ad5b5b2b0d06a4,38ad04bc14c2a22e2d4699472849a99e706e5988005381695628468a6a57aff5,0ea882672f492d84780f4b57128af453fe129efd52f72b15ce35490ca6da1069,431add55b7b418f445e779f4bb7a2e3bd10524dabc4b5ad290105cbed59c9f3c,0.12120405584573746,0.05789641663432121,0.12147566676139832,52.232273537746735,0.06330763921141624,47.767718211704974,1.893560488904376,5.108251643242846,-0.07078081784703574,1.0,False,0.9996827840805054,0.9999534487724304,0.03292246426698955,all_four_full_spatial_windows_common_frames
Original,2,BG2,spatial_ML,"[12, 13, 14, 15, 16, 17, 18, 19, 20, 21, 22, 23, 24, 25, 26, 27, 28, 29, 30, 31, 32, 33, 34, 35]",2ed4e86484ba454a1f701f898134fc61c6b43b262ec7a48989d304f71309d8b7,0a6c616179694b19286970d531aac6d0ebd5b19929ae610cbff34dd8d9b62d10,d42fd0835ca1169fdd93186e68af5562f7bd2461ca94639164ad5b5b2b0d06a4,38ad04bc14c2a22e2d4699472849a99e706e5988005381695628468a6a57aff5,0ea882672f492d84780f4b57128af453fe129efd52f72b15ce35490ca6da1069,431add55b7b418f445e779f4bb7a2e3bd10524dabc4b5ad290105cbed59c9f3c,0.12120405584573746,0.061266470700502396,0.15964585542678833,49.451794151460774,0.05993758514523506,50.54819759799092,1.9429387750726241,5.276844989678251,-0.12015910401528382,1.0,False,0.9995728135108948,0.9999446868896484,0.003667142030451622,all_four_full_spatial_windows_common_frames
Original,2,BG2,spatial_all,"[0, 1, 2, 3, 4, 5, 6, 7, 8, 9, 10, 11, 12, 13, 14, 15, 16, 17, 18, 19, 20, 21, 22, 23, 24, 25, 26, 27, 28, 29, 30, 31, 32, 33, 34, 35]",2ed4e86484ba454a1f701f898134fc61c6b43b262ec7a48989d304f71309d8b7,0a6c616179694b19286970d531aac6d0ebd5b19929ae610cbff34dd8d9b62d10,d42fd0835ca1169fdd93186e68af5562f7bd2461ca94639164ad5b5b2b0d06a4,38ad04bc14c2a22e2d4699472849a99e706e5988005381695628468a6a57aff5,0ea882672f492d84780f4b57128af453fe129efd52f72b15ce35490ca6da1069,431add55b7b418f445e779f4bb7a2e3bd10524dabc4b5ad290105cbed59c9f3c,0.12120405584573746,0.055318497121334076,0.1382552832365036,54.35919848452878,0.06588555872440338,45.64079326492292,1.9329462006903313,5.242964971124565,-0.11016652963299092,1.0,False,0.9995598196983337,0.9999416470527649,0.0,all_four_full_spatial_windows_common_frames
Original,2,BG3,spatial_E,"[0, 1, 2, 3, 4, 5, 6, 7, 8, 9, 10, 11]",2ed4e86484ba454a1f701f898134fc61c6b43b262ec7a48989d304f71309d8b7,0a6c616179694b19286970d531aac6d0ebd5b19929ae610cbff34dd8d9b62d10,d42fd0835ca1169fdd93186e68af5562f7bd2461ca94639164ad5b5b2b0d06a4,38ad04bc14c2a22e2d4699472849a99e706e5988005381695628468a6a57aff5,0ea882672f492d84780f4b57128af453fe129efd52f72b15ce35490ca6da1069,431add55b7b418f445e779f4bb7a2e3bd10524dabc4b5ad290105cbed59c9f3c,0.6737686395645142,0.37751370668411255,0.9052565097808838,43.96983045617869,0.2962549328804016,56.03016805963233,2.1616738375703095,6.071343558079718,0.22176030245893613,1.0,False,0.9997828602790833,0.9999574422836304,0.10623906143383179,all_four_full_spatial_windows_common_frames
Original,2,BG3,spatial_EM,"[0, 1, 2, 3, 4, 5, 6, 7, 8, 9, 10, 11, 12, 13, 14, 15, 16, 17, 18, 19, 20, 21, 22, 23]",2ed4e86484ba454a1f701f898134fc61c6b43b262ec7a48989d304f71309d8b7,0a6c616179694b19286970d531aac6d0ebd5b19929ae610cbff34dd8d9b62d10,d42fd0835ca1169fdd93186e68af5562f7bd2461ca94639164ad5b5b2b0d06a4,38ad04bc14c2a22e2d4699472849a99e706e5988005381695628468a6a57aff5,0ea882672f492d84780f4b57128af453fe129efd52f72b15ce35490ca6da1069,431add55b7b418f445e779f4bb7a2e3bd10524dabc4b5ad290105cbed59c9f3c,0.6737686395645142,0.06698540598154068,0.14662902057170868,90.05809842520333,0.6067832335829735,9.941900090607694,1.8984807945472117,5.215303171430112,0.4849533454820339,1.0,False,0.9996852874755859,0.9999534487724304,0.03444417486121164,all_four_full_spatial_windows_common_frames
Original,2,BG3,spatial_ML,"[12, 13, 14, 15, 16, 17, 18, 19, 20, 21, 22, 23, 24, 25, 26, 27, 28, 29, 30, 31, 32, 33, 34, 35]",2ed4e86484ba454a1f701f898134fc61c6b43b262ec7a48989d304f71309d8b7,0a6c616179694b19286970d531aac6d0ebd5b19929ae610cbff34dd8d9b62d10,d42fd0835ca1169fdd93186e68af5562f7bd2461ca94639164ad5b5b2b0d06a4,38ad04bc14c2a22e2d4699472849a99e706e5988005381695628468a6a57aff5,0ea882672f492d84780f4b57128af453fe129efd52f72b15ce35490ca6da1069,431add55b7b418f445e779f4bb7a2e3bd10524dabc4b5ad290105cbed59c9f3c,0.6737686395645142,0.2947867214679718,0.5773100852966309,56.248078378460434,0.37898191809654236,43.75192013735059,2.0814247358799305,5.7178829447425965,0.30200940414931493,1.0,False,0.9996559619903564,0.9999490976333618,0.022207071305114054,all_four_full_spatial_windows_common_frames
Original,2,BG3,spatial_all,"[0, 1, 2, 3, 4, 5, 6, 7, 8, 9, 10, 11, 12, 13, 14, 15, 16, 17, 18, 19, 20, 21, 22, 23, 24, 25, 26, 27, 28, 29, 30, 31, 32, 33, 34, 35]",2ed4e86484ba454a1f701f898134fc61c6b43b262ec7a48989d304f71309d8b7,0a6c616179694b19286970d531aac6d0ebd5b19929ae610cbff34dd8d9b62d10,d42fd0835ca1169fdd93186e68af5562f7bd2461ca94639164ad5b5b2b0d06a4,38ad04bc14c2a22e2d4699472849a99e706e5988005381695628468a6a57aff5,0ea882672f492d84780f4b57128af453fe129efd52f72b15ce35490ca6da1069,431add55b7b418f445e779f4bb7a2e3bd10524dabc4b5ad290105cbed59c9f3c,0.6737686395645142,0.06873121857643127,0.12112906575202942,89.79898684498674,0.6050374209880829,10.201011670824284,1.9115354854536069,5.208743466599555,0.47189865457563884,1.0,False,0.9995125532150269,0.9999332427978516,0.0,all_four_full_spatial_windows_common_frames
Original,2,BG4,spatial_E,"[0, 1, 2, 3, 4, 5, 6, 7, 8, 9, 10, 11]",2ed4e86484ba454a1f701f898134fc61c6b43b262ec7a48989d304f71309d8b7,0a6c616179694b19286970d531aac6d0ebd5b19929ae610cbff34dd8d9b62d10,d42fd0835ca1169fdd93186e68af5562f7bd2461ca94639164ad5b5b2b0d06a4,38ad04bc14c2a22e2d4699472849a99e706e5988005381695628468a6a57aff5,0ea882672f492d84780f4b57128af453fe129efd52f72b15ce35490ca6da1069,431add55b7b418f445e779f4bb7a2e3bd10524dabc4b5ad290105cbed59c9f3c,0.49805107712745667,0.24832765758037567,0.6951321959495544,50.14012136533578,0.249723419547081,49.85987662683807,2.0946046125144155,5.858036428727847,0.1681996456196259,1.0,False,0.9998093247413635,0.9999668002128601,0.09819400108381274,all_four_full_spatial_windows_common_frames
Original,2,BG4,spatial_EM,"[0, 1, 2, 3, 4, 5, 6, 7, 8, 9, 10, 11, 12, 13, 14, 15, 16, 17, 18, 19, 20, 21, 22, 23]",2ed4e86484ba454a1f701f898134fc61c6b43b262ec7a48989d304f71309d8b7,0a6c616179694b19286970d531aac6d0ebd5b19929ae610cbff34dd8d9b62d10,d42fd0835ca1169fdd93186e68af5562f7bd2461ca94639164ad5b5b2b0d06a4,38ad04bc14c2a22e2d4699472849a99e706e5988005381695628468a6a57aff5,0ea882672f492d84780f4b57128af453fe129efd52f72b15ce35490ca6da1069,431add55b7b418f445e779f4bb7a2e3bd10524dabc4b5ad290105cbed59c9f3c,0.49805107712745667,0.09916257858276367,0.1123947948217392,80.08987608988255,0.398888498544693,19.910121902291298,1.895738544692922,5.149153870345351,0.367065713441119,1.0,False,0.9997239708900452,0.9999588131904602,0.032688471818314795,all_four_full_spatial_windows_common_frames
Original,2,BG4,spatial_ML,"[12, 13, 14, 15, 16, 17, 18, 19, 20, 21, 22, 23, 24, 25, 26, 27, 28, 29, 30, 31, 32, 33, 34, 35]",2ed4e86484ba454a1f701f898134fc61c6b43b262ec7a48989d304f71309d8b7,0a6c616179694b19286970d531aac6d0ebd5b19929ae610cbff34dd8d9b62d10,d42fd0835ca1169fdd93186e68af5562f7bd2461ca94639164ad5b5b2b0d06a4,38ad04bc14c2a22e2d4699472849a99e706e5988005381695628468a6a57aff5,0ea882672f492d84780f4b57128af453fe129efd52f72b15ce35490ca6da1069,431add55b7b418f445e779f4bb7a2e3bd10524dabc4b5ad290105cbed59c9f3c,0.49805107712745667,0.22666096687316895,0.4614226222038269,54.4904161979745,0.2713901102542877,45.50958179419935,2.0467745047964048,5.600072560220822,0.21602975333763624,1.0,False,0.9995710253715515,0.9999387860298157,0.01964322912745319,all_four_full_spatial_windows_common_frames
Original,2,BG4,spatial_all,"[0, 1, 2, 3, 4, 5, 6, 7, 8, 9, 10, 11, 12, 13, 14, 15, 16, 17, 18, 19, 20, 21, 22, 23, 24, 25, 26, 27, 28, 29, 30, 31, 32, 33, 34, 35]",2ed4e86484ba454a1f701f898134fc61c6b43b262ec7a48989d304f71309d8b7,0a6c616179694b19286970d531aac6d0ebd5b19929ae610cbff34dd8d9b62d10,d42fd0835ca1169fdd93186e68af5562f7bd2461ca94639164ad5b5b2b0d06a4,38ad04bc14c2a22e2d4699472849a99e706e5988005381695628468a6a57aff5,0ea882672f492d84780f4b57128af453fe129efd52f72b15ce35490ca6da1069,431add55b7b418f445e779f4bb7a2e3bd10524dabc4b5ad290105cbed59c9f3c,0.49805107712745667,0.06839619576931,0.108792245388031,86.26723090520899,0.42965488135814667,13.73276708696485,1.9091133167205263,5.182885573677479,0.3536909414135149,1.0,False,0.9995155334472656,0.9999351501464844,0.0,all_four_full_spatial_windows_common_frames
Original,2,BG5,spatial_E,"[0, 1, 2, 3, 4, 5, 6, 7, 8, 9, 10, 11]",2ed4e86484ba454a1f701f898134fc61c6b43b262ec7a48989d304f71309d8b7,0a6c616179694b19286970d531aac6d0ebd5b19929ae610cbff34dd8d9b62d10,d42fd0835ca1169fdd93186e68af5562f7bd2461ca94639164ad5b5b2b0d06a4,38ad04bc14c2a22e2d4699472849a99e706e5988005381695628468a6a57aff5,0ea882672f492d84780f4b57128af453fe129efd52f72b15ce35490ca6da1069,431add55b7b418f445e779f4bb7a2e3bd10524dabc4b5ad290105cbed59c9f3c,1.9634336233139038,1.334611177444458,3.0294041633605957,32.02667180596844,0.6288224458694458,67.97332768471972,3.0073132180848305,8.173491824949622,0.5992726775788192,1.0,False,0.9999067783355713,0.9999793767929077,0.24650040696373346,all_four_full_spatial_windows_common_frames
Original,2,BG5,spatial_EM,"[0, 1, 2, 3, 4, 5, 6, 7, 8, 9, 10, 11, 12, 13, 14, 15, 16, 17, 18, 19, 20, 21, 22, 23]",2ed4e86484ba454a1f701f898134fc61c6b43b262ec7a48989d304f71309d8b7,0a6c616179694b19286970d531aac6d0ebd5b19929ae610cbff34dd8d9b62d10,d42fd0835ca1169fdd93186e68af5562f7bd2461ca94639164ad5b5b2b0d06a4,38ad04bc14c2a22e2d4699472849a99e706e5988005381695628468a6a57aff5,0ea882672f492d84780f4b57128af453fe129efd52f72b15ce35490ca6da1069,431add55b7b418f445e779f4bb7a2e3bd10524dabc4b5ad290105cbed59c9f3c,1.9634336233139038,0.16359660029411316,0.4044445753097534,91.66783091017989,1.7998370230197906,8.332168580508275,1.9926068524403746,5.443379841631523,1.6139790432232755,1.0,False,0.9995715022087097,0.9999372363090515,0.0391048911750263,all_four_full_spatial_windows_common_frames
Original,2,BG5,spatial_ML,"[12, 13, 14, 15, 16, 17, 18, 19, 20, 21, 22, 23, 24, 25, 26, 27, 28, 29, 30, 31, 32, 33, 34, 35]",2ed4e86484ba454a1f701f898134fc61c6b43b262ec7a48989d304f71309d8b7,0a6c616179694b19286970d531aac6d0ebd5b19929ae610cbff34dd8d9b62d10,d42fd0835ca1169fdd93186e68af5562f7bd2461ca94639164ad5b5b2b0d06a4,38ad04bc14c2a22e2d4699472849a99e706e5988005381695628468a6a57aff5,0ea882672f492d84780f4b57128af453fe129efd52f72b15ce35490ca6da1069,431add55b7b418f445e779f4bb7a2e3bd10524dabc4b5ad290105cbed59c9f3c,1.9634336233139038,0.5574463605880737,0.9905783534049988,71.60859623010481,1.40598726272583,28.391403260583346,2.296084409562959,6.106236901219868,1.3105014861006903,1.0,False,0.9998224377632141,0.9999639391899109,0.03388820723070635,all_four_full_spatial_windows_common_frames
Original,2,BG5,spatial_all,"[0, 1, 2, 3, 4, 5, 6, 7, 8, 9, 10, 11, 12, 13, 14, 15, 16, 17, 18, 19, 20, 21, 22, 23, 24, 25, 26, 27, 28, 29, 30, 31, 32, 33, 34, 35]",2ed4e86484ba454a1f701f898134fc61c6b43b262ec7a48989d304f71309d8b7,0a6c616179694b19286970d531aac6d0ebd5b19929ae610cbff34dd8d9b62d10,d42fd0835ca1169fdd93186e68af5562f7bd2461ca94639164ad5b5b2b0d06a4,38ad04bc14c2a22e2d4699472849a99e706e5988005381695628468a6a57aff5,0ea882672f492d84780f4b57128af453fe129efd52f72b15ce35490ca6da1069,431add55b7b418f445e779f4bb7a2e3bd10524dabc4b5ad290105cbed59c9f3c,1.9634336233139038,0.14837287366390228,0.29664739966392517,92.44319333506186,1.8150607496500015,7.556806155626305,1.933270336805577,5.324646153948478,1.6733155588580726,1.0,False,0.999669075012207,0.9999526739120483,0.0,all_four_full_spatial_windows_common_frames
Original,2,BG6,spatial_E,"[0, 1, 2, 3, 4, 5, 6, 7, 8, 9, 10, 11]",2ed4e86484ba454a1f701f898134fc61c6b43b262ec7a48989d304f71309d8b7,0a6c616179694b19286970d531aac6d0ebd5b19929ae610cbff34dd8d9b62d10,d42fd0835ca1169fdd93186e68af5562f7bd2461ca94639164ad5b5b2b0d06a4,38ad04bc14c2a22e2d4699472849a99e706e5988005381695628468a6a57aff5,0ea882672f492d84780f4b57128af453fe129efd52f72b15ce35490ca6da1069,431add55b7b418f445e779f4bb7a2e3bd10524dabc4b5ad290105cbed59c9f3c,12.718385696411133,9.549031257629395,23.161907196044922,24.919471007897783,3.1693544387817383,75.08052891347587,11.191630798093701,28.31062895152665,3.166282004599806,1.0,False,0.9998819828033447,0.9999855160713196,0.3624161857857025,all_four_full_spatial_windows_common_frames
Original,2,BG6,spatial_EM,"[0, 1, 2, 3, 4, 5, 6, 7, 8, 9, 10, 11, 12, 13, 14, 15, 16, 17, 18, 19, 20, 21, 22, 23]",2ed4e86484ba454a1f701f898134fc61c6b43b262ec7a48989d304f71309d8b7,0a6c616179694b19286970d531aac6d0ebd5b19929ae610cbff34dd8d9b62d10,d42fd0835ca1169fdd93186e68af5562f7bd2461ca94639164ad5b5b2b0d06a4,38ad04bc14c2a22e2d4699472849a99e706e5988005381695628468a6a57aff5,0ea882672f492d84780f4b57128af453fe129efd52f72b15ce35490ca6da1069,431add55b7b418f445e779f4bb7a2e3bd10524dabc4b5ad290105cbed59c9f3c,12.718385696411133,0.2006870061159134,0.2613731324672699,98.42207163119176,12.51769869029522,1.577928290181908,1.9686351535226625,5.3097705005584706,12.389277649170845,1.0,False,0.9996391534805298,0.9999500513076782,0.03831427729913395,all_four_full_spatial_windows_common_frames
Original,2,BG6,spatial_ML,"[12, 13, 14, 15, 16, 17, 18, 19, 20, 21, 22, 23, 24, 25, 26, 27, 28, 29, 30, 31, 32, 33, 34, 35]",2ed4e86484ba454a1f701f898134fc61c6b43b262ec7a48989d304f71309d8b7,0a6c616179694b19286970d531aac6d0ebd5b19929ae610cbff34dd8d9b62d10,d42fd0835ca1169fdd93186e68af5562f7bd2461ca94639164ad5b5b2b0d06a4,38ad04bc14c2a22e2d4699472849a99e706e5988005381695628468a6a57aff5,0ea882672f492d84780f4b57128af453fe129efd52f72b15ce35490ca6da1069,431add55b7b418f445e779f4bb7a2e3bd10524dabc4b5ad290105cbed59c9f3c,12.718385696411133,0.7942286729812622,1.309533953666687,93.75527129531143,11.92415702342987,6.244728626062224,2.507472270455833,6.438432590783659,11.850440532237677,1.0,False,0.9997614026069641,0.9999521970748901,0.04795961897137051,all_four_full_spatial_windows_common_frames
Original,2,BG6,spatial_all,"[0, 1, 2, 3, 4, 5, 6, 7, 8, 9, 10, 11, 12, 13, 14, 15, 16, 17, 18, 19, 20, 21, 22, 23, 24, 25, 26, 27, 28, 29, 30, 31, 32, 33, 34, 35]",2ed4e86484ba454a1f701f898134fc61c6b43b262ec7a48989d304f71309d8b7,0a6c616179694b19286970d531aac6d0ebd5b19929ae610cbff34dd8d9b62d10,d42fd0835ca1169fdd93186e68af5562f7bd2461ca94639164ad5b5b2b0d06a4,38ad04bc14c2a22e2d4699472849a99e706e5988005381695628468a6a57aff5,0ea882672f492d84780f4b57128af453fe129efd52f72b15ce35490ca6da1069,431add55b7b418f445e779f4bb7a2e3bd10524dabc4b5ad290105cbed59c9f3c,12.718385696411133,0.13245892524719238,0.20205779373645782,98.95852399585253,12.58592677116394,1.0414759255211294,1.921381583486479,5.24546377381055,12.43653121920703,1.0,False,0.9995390176773071,0.999947190284729,0.0,all_four_full_spatial_windows_common_frames
Original,2,BG7,spatial_E,"[0, 1, 2, 3, 4, 5, 6, 7, 8, 9, 10, 11]",2ed4e86484ba454a1f701f898134fc61c6b43b262ec7a48989d304f71309d8b7,0a6c616179694b19286970d531aac6d0ebd5b19929ae610cbff34dd8d9b62d10,d42fd0835ca1169fdd93186e68af5562f7bd2461ca94639164ad5b5b2b0d06a4,38ad04bc14c2a22e2d4699472849a99e706e5988005381695628468a6a57aff5,0ea882672f492d84780f4b57128af453fe129efd52f72b15ce35490ca6da1069,431add55b7b418f445e779f4bb7a2e3bd10524dabc4b5ad290105cbed59c9f3c,0.3525125980377197,0.1761232614517212,0.5340147614479065,50.037738385551435,0.17638933658599854,49.962258777670606,1.9962366734679822,5.678056979753809,0.14510961558118543,1.0,False,0.9999281167984009,0.9999831914901733,0.274828473810334,all_four_full_spatial_windows_common_frames
Original,2,BG7,spatial_EM,"[0, 1, 2, 3, 4, 5, 6, 7, 8, 9, 10, 11, 12, 13, 14, 15, 16, 17, 18, 19, 20, 21, 22, 23]",2ed4e86484ba454a1f701f898134fc61c6b43b262ec7a48989d304f71309d8b7,0a6c616179694b19286970d531aac6d0ebd5b19929ae610cbff34dd8d9b62d10,d42fd0835ca1169fdd93186e68af5562f7bd2461ca94639164ad5b5b2b0d06a4,38ad04bc14c2a22e2d4699472849a99e706e5988005381695628468a6a57aff5,0ea882672f492d84780f4b57128af453fe129efd52f72b15ce35490ca6da1069,431add55b7b418f445e779f4bb7a2e3bd10524dabc4b5ad290105cbed59c9f3c,0.3525125980377197,0.123546302318573,0.19311243295669556,64.9526543160257,0.22896629571914673,35.04734284719633,1.9402796759015715,5.258079705336909,0.20106661314759594,1.0,False,0.9997469782829285,0.999962329864502,0.04182042234848608,all_four_full_spatial_windows_common_frames
Original,2,BG7,spatial_ML,"[12, 13, 14, 15, 16, 17, 18, 19, 20, 21, 22, 23, 24, 25, 26, 27, 28, 29, 30, 31, 32, 33, 34, 35]",2ed4e86484ba454a1f701f898134fc61c6b43b262ec7a48989d304f71309d8b7,0a6c616179694b19286970d531aac6d0ebd5b19929ae610cbff34dd8d9b62d10,d42fd0835ca1169fdd93186e68af5562f7bd2461ca94639164ad5b5b2b0d06a4,38ad04bc14c2a22e2d4699472849a99e706e5988005381695628468a6a57aff5,0ea882672f492d84780f4b57128af453fe129efd52f72b15ce35490ca6da1069,431add55b7b418f445e779f4bb7a2e3bd10524dabc4b5ad290105cbed59c9f3c,0.3525125980377197,0.3825652301311493,0.7369065284729004,-8.525264460956205,-0.030052632093429565,108.52526162417824,2.150397218581816,5.875074794592095,-0.009050929532648633,1.0,False,0.9997716546058655,0.9999589920043945,0.026032265796396187,all_four_full_spatial_windows_common_frames
Original,2,BG7,spatial_all,"[0, 1, 2, 3, 4, 5, 6, 7, 8, 9, 10, 11, 12, 13, 14, 15, 16, 17, 18, 19, 20, 21, 22, 23, 24, 25, 26, 27, 28, 29, 30, 31, 32, 33, 34, 35]",2ed4e86484ba454a1f701f898134fc61c6b43b262ec7a48989d304f71309d8b7,0a6c616179694b19286970d531aac6d0ebd5b19929ae610cbff34dd8d9b62d10,d42fd0835ca1169fdd93186e68af5562f7bd2461ca94639164ad5b5b2b0d06a4,38ad04bc14c2a22e2d4699472849a99e706e5988005381695628468a6a57aff5,0ea882672f492d84780f4b57128af453fe129efd52f72b15ce35490ca6da1069,431add55b7b418f445e779f4bb7a2e3bd10524dabc4b5ad290105cbed59c9f3c,0.3525125980377197,0.10540647804737091,0.18981632590293884,70.0985197000125,0.24710611999034882,29.90147746320953,1.900936511423858,5.221036898275769,0.24040977762530952,1.0,False,0.9996340274810791,0.9999502897262573,0.0,all_four_full_spatial_windows_common_frames
Original,2,BG8,spatial_E,"[0, 1, 2, 3, 4, 5, 6, 7, 8, 9, 10, 11]",2ed4e86484ba454a1f701f898134fc61c6b43b262ec7a48989d304f71309d8b7,0a6c616179694b19286970d531aac6d0ebd5b19929ae610cbff34dd8d9b62d10,d42fd0835ca1169fdd93186e68af5562f7bd2461ca94639164ad5b5b2b0d06a4,38ad04bc14c2a22e2d4699472849a99e706e5988005381695628468a6a57aff5,0ea882672f492d84780f4b57128af453fe129efd52f72b15ce35490ca6da1069,431add55b7b418f445e779f4bb7a2e3bd10524dabc4b5ad290105cbed59c9f3c,,,,,,,,,,0.8,True,0.9759125113487244,0.9967362284660339,0.44810208800645296,all_four_full_spatial_windows_common_frames
Original,2,BG8,spatial_EM,"[0, 1, 2, 3, 4, 5, 6, 7, 8, 9, 10, 11, 12, 13, 14, 15, 16, 17, 18, 19, 20, 21, 22, 23]",2ed4e86484ba454a1f701f898134fc61c6b43b262ec7a48989d304f71309d8b7,0a6c616179694b19286970d531aac6d0ebd5b19929ae610cbff34dd8d9b62d10,d42fd0835ca1169fdd93186e68af5562f7bd2461ca94639164ad5b5b2b0d06a4,38ad04bc14c2a22e2d4699472849a99e706e5988005381695628468a6a57aff5,0ea882672f492d84780f4b57128af453fe129efd52f72b15ce35490ca6da1069,431add55b7b418f445e779f4bb7a2e3bd10524dabc4b5ad290105cbed59c9f3c,,,,,,,2.014460657364375,5.473207682513494,,0.8,True,0.9993733763694763,0.9999027252197266,0.03301529317075914,all_four_full_spatial_windows_common_frames
Original,2,BG8,spatial_ML,"[12, 13, 14, 15, 16, 17, 18, 19, 20, 21, 22, 23, 24, 25, 26, 27, 28, 29, 30, 31, 32, 33, 34, 35]",2ed4e86484ba454a1f701f898134fc61c6b43b262ec7a48989d304f71309d8b7,0a6c616179694b19286970d531aac6d0ebd5b19929ae610cbff34dd8d9b62d10,d42fd0835ca1169fdd93186e68af5562f7bd2461ca94639164ad5b5b2b0d06a4,38ad04bc14c2a22e2d4699472849a99e706e5988005381695628468a6a57aff5,0ea882672f492d84780f4b57128af453fe129efd52f72b15ce35490ca6da1069,431add55b7b418f445e779f4bb7a2e3bd10524dabc4b5ad290105cbed59c9f3c,,,,,,,2.743504909758975,6.92444439462009,,0.8,True,0.9995392560958862,0.9999244809150696,0.06871233351742585,all_four_full_spatial_windows_common_frames
Original,2,BG8,spatial_all,"[0, 1, 2, 3, 4, 5, 6, 7, 8, 9, 10, 11, 12, 13, 14, 15, 16, 17, 18, 19, 20, 21, 22, 23, 24, 25, 26, 27, 28, 29, 30, 31, 32, 33, 34, 35]",2ed4e86484ba454a1f701f898134fc61c6b43b262ec7a48989d304f71309d8b7,0a6c616179694b19286970d531aac6d0ebd5b19929ae610cbff34dd8d9b62d10,d42fd0835ca1169fdd93186e68af5562f7bd2461ca94639164ad5b5b2b0d06a4,38ad04bc14c2a22e2d4699472849a99e706e5988005381695628468a6a57aff5,0ea882672f492d84780f4b57128af453fe129efd52f72b15ce35490ca6da1069,431add55b7b418f445e779f4bb7a2e3bd10524dabc4b5ad290105cbed59c9f3c,,,,,,,1.9123958619068901,5.243599043220266,,0.8,True,0.9993610978126526,0.9999125599861145,0.0,all_four_full_spatial_windows_common_frames
Original,2,BG9,spatial_E,"[0, 1, 2, 3, 4, 5, 6, 7, 8, 9, 10, 11]",2ed4e86484ba454a1f701f898134fc61c6b43b262ec7a48989d304f71309d8b7,0a6c616179694b19286970d531aac6d0ebd5b19929ae610cbff34dd8d9b62d10,d42fd0835ca1169fdd93186e68af5562f7bd2461ca94639164ad5b5b2b0d06a4,38ad04bc14c2a22e2d4699472849a99e706e5988005381695628468a6a57aff5,0ea882672f492d84780f4b57128af453fe129efd52f72b15ce35490ca6da1069,431add55b7b418f445e779f4bb7a2e3bd10524dabc4b5ad290105cbed59c9f3c,11.4099760055542,6.994763374328613,16.342144012451172,38.69607285069417,4.415212631225586,61.30392706166322,8.641850361198646,21.502786515584372,4.41168028102767,1.0,False,0.9997227787971497,0.9999634027481079,0.3219526444426356,all_four_full_spatial_windows_common_frames
Original,2,BG9,spatial_EM,"[0, 1, 2, 3, 4, 5, 6, 7, 8, 9, 10, 11, 12, 13, 14, 15, 16, 17, 18, 19, 20, 21, 22, 23]",2ed4e86484ba454a1f701f898134fc61c6b43b262ec7a48989d304f71309d8b7,0a6c616179694b19286970d531aac6d0ebd5b19929ae610cbff34dd8d9b62d10,d42fd0835ca1169fdd93186e68af5562f7bd2461ca94639164ad5b5b2b0d06a4,38ad04bc14c2a22e2d4699472849a99e706e5988005381695628468a6a57aff5,0ea882672f492d84780f4b57128af453fe129efd52f72b15ce35490ca6da1069,431add55b7b418f445e779f4bb7a2e3bd10524dabc4b5ad290105cbed59c9f3c,11.4099760055542,0.130734384059906,0.23936957120895386,98.85420973820025,11.279241621494293,1.1457901741571368,1.9374154912629387,5.3377593889309605,11.116115150963378,1.0,False,0.9990925788879395,0.999879002571106,0.03075070847482434,all_four_full_spatial_windows_common_frames
Original,2,BG9,spatial_ML,"[12, 13, 14, 15, 16, 17, 18, 19, 20, 21, 22, 23, 24, 25, 26, 27, 28, 29, 30, 31, 32, 33, 34, 35]",2ed4e86484ba454a1f701f898134fc61c6b43b262ec7a48989d304f71309d8b7,0a6c616179694b19286970d531aac6d0ebd5b19929ae610cbff34dd8d9b62d10,d42fd0835ca1169fdd93186e68af5562f7bd2461ca94639164ad5b5b2b0d06a4,38ad04bc14c2a22e2d4699472849a99e706e5988005381695628468a6a57aff5,0ea882672f492d84780f4b57128af453fe129efd52f72b15ce35490ca6da1069,431add55b7b418f445e779f4bb7a2e3bd10524dabc4b5ad290105cbed59c9f3c,11.4099760055542,0.7364517450332642,1.2160656452178955,93.54554510868974,10.673524260520935,6.454454803667645,2.448535949109793,6.3637008981318655,10.604994693116522,1.0,False,0.9993995428085327,0.9998912811279297,0.049423320889235685,all_four_full_spatial_windows_common_frames
Original,2,BG9,spatial_all,"[0, 1, 2, 3, 4, 5, 6, 7, 8, 9, 10, 11, 12, 13, 14, 15, 16, 17, 18, 19, 20, 21, 22, 23, 24, 25, 26, 27, 28, 29, 30, 31, 32, 33, 34, 35]",2ed4e86484ba454a1f701f898134fc61c6b43b262ec7a48989d304f71309d8b7,0a6c616179694b19286970d531aac6d0ebd5b19929ae610cbff34dd8d9b62d10,d42fd0835ca1169fdd93186e68af5562f7bd2461ca94639164ad5b5b2b0d06a4,38ad04bc14c2a22e2d4699472849a99e706e5988005381695628468a6a57aff5,0ea882672f492d84780f4b57128af453fe129efd52f72b15ce35490ca6da1069,431add55b7b418f445e779f4bb7a2e3bd10524dabc4b5ad290105cbed59c9f3c,11.4099760055542,0.07537327706813812,0.17831410467624664,99.33940889125982,11.334602728486061,0.6605910210975771,1.9170271069309528,5.246259688935957,11.136503535295361,1.0,False,0.9991185069084167,0.9998599886894226,0.0,all_four_full_spatial_windows_common_frames
Original,2,BG10,spatial_E,"[0, 1, 2, 3, 4, 5, 6, 7, 8, 9, 10, 11]",2ed4e86484ba454a1f701f898134fc61c6b43b262ec7a48989d304f71309d8b7,0a6c616179694b19286970d531aac6d0ebd5b19929ae610cbff34dd8d9b62d10,d42fd0835ca1169fdd93186e68af5562f7bd2461ca94639164ad5b5b2b0d06a4,38ad04bc14c2a22e2d4699472849a99e706e5988005381695628468a6a57aff5,0ea882672f492d84780f4b57128af453fe129efd52f72b15ce35490ca6da1069,431add55b7b418f445e779f4bb7a2e3bd10524dabc4b5ad290105cbed59c9f3c,23.414058685302734,21.398265838623047,53.80546951293945,8.609326870287937,2.0157928466796875,91.39067308700268,23.038989708477136,58.94527701194188,2.0141742726755987,1.0,False,0.9983866214752197,0.9999305605888367,0.41503832333104584,all_four_full_spatial_windows_common_frames
Original,2,BG10,spatial_EM,"[0, 1, 2, 3, 4, 5, 6, 7, 8, 9, 10, 11, 12, 13, 14, 15, 16, 17, 18, 19, 20, 21, 22, 23]",2ed4e86484ba454a1f701f898134fc61c6b43b262ec7a48989d304f71309d8b7,0a6c616179694b19286970d531aac6d0ebd5b19929ae610cbff34dd8d9b62d10,d42fd0835ca1169fdd93186e68af5562f7bd2461ca94639164ad5b5b2b0d06a4,38ad04bc14c2a22e2d4699472849a99e706e5988005381695628468a6a57aff5,0ea882672f492d84780f4b57128af453fe129efd52f72b15ce35490ca6da1069,431add55b7b418f445e779f4bb7a2e3bd10524dabc4b5ad290105cbed59c9f3c,23.414058685302734,0.26335787773132324,0.6052341461181641,98.87521471113354,23.15070080757141,1.1247852461570764,2.0630726368254457,5.747718565759186,22.990091344327286,1.0,False,0.9997876286506653,0.9999635815620422,0.03525296427731991,all_four_full_spatial_windows_common_frames
Original,2,BG10,spatial_ML,"[12, 13, 14, 15, 16, 17, 18, 19, 20, 21, 22, 23, 24, 25, 26, 27, 28, 29, 30, 31, 32, 33, 34, 35]",2ed4e86484ba454a1f701f898134fc61c6b43b262ec7a48989d304f71309d8b7,0a6c616179694b19286970d531aac6d0ebd5b19929ae610cbff34dd8d9b62d10,d42fd0835ca1169fdd93186e68af5562f7bd2461ca94639164ad5b5b2b0d06a4,38ad04bc14c2a22e2d4699472849a99e706e5988005381695628468a6a57aff5,0ea882672f492d84780f4b57128af453fe129efd52f72b15ce35490ca6da1069,431add55b7b418f445e779f4bb7a2e3bd10524dabc4b5ad290105cbed59c9f3c,23.414058685302734,0.929298996925354,1.5726447105407715,96.03102128076671,22.48475968837738,3.9689786765238932,2.6306475292824048,6.705207401301722,22.42251645187033,1.0,False,0.999832034111023,0.9999668002128601,0.05968668600017894,all_four_full_spatial_windows_common_frames
Original,2,BG10,spatial_all,"[0, 1, 2, 3, 4, 5, 6, 7, 8, 9, 10, 11, 12, 13, 14, 15, 16, 17, 18, 19, 20, 21, 22, 23, 24, 25, 26, 27, 28, 29, 30, 31, 32, 33, 34, 35]",2ed4e86484ba454a1f701f898134fc61c6b43b262ec7a48989d304f71309d8b7,0a6c616179694b19286970d531aac6d0ebd5b19929ae610cbff34dd8d9b62d10,d42fd0835ca1169fdd93186e68af5562f7bd2461ca94639164ad5b5b2b0d06a4,38ad04bc14c2a22e2d4699472849a99e706e5988005381695628468a6a57aff5,0ea882672f492d84780f4b57128af453fe129efd52f72b15ce35490ca6da1069,431add55b7b418f445e779f4bb7a2e3bd10524dabc4b5ad290105cbed59c9f3c,23.414058685302734,0.10916079580783844,0.21082381904125214,99.53378093380394,23.304897889494896,0.46621902348667976,1.9249991321209727,5.227803500575409,23.128164849031755,1.0,False,0.9996998310089111,0.9999583959579468,0.0,all_four_full_spatial_windows_common_frames
Original,2,BG11,spatial_E,"[0, 1, 2, 3, 4, 5, 6, 7, 8, 9, 10, 11]",2ed4e86484ba454a1f701f898134fc61c6b43b262ec7a48989d304f71309d8b7,0a6c616179694b19286970d531aac6d0ebd5b19929ae610cbff34dd8d9b62d10,d42fd0835ca1169fdd93186e68af5562f7bd2461ca94639164ad5b5b2b0d06a4,38ad04bc14c2a22e2d4699472849a99e706e5988005381695628468a6a57aff5,0ea882672f492d84780f4b57128af453fe129efd52f72b15ce35490ca6da1069,431add55b7b418f445e779f4bb7a2e3bd10524dabc4b5ad290105cbed59c9f3c,9.314845085144043,6.626995086669922,15.817150115966797,28.8555523040886,2.687849998474121,71.14444758855588,8.27643082971314,20.979931401248066,2.6862019773992403,1.0,False,0.9998644590377808,0.999983012676239,0.2973797180090738,all_four_full_spatial_windows_common_frames
Original,2,BG11,spatial_EM,"[0, 1, 2, 3, 4, 5, 6, 7, 8, 9, 10, 11, 12, 13, 14, 15, 16, 17, 18, 19, 20, 21, 22, 23]",2ed4e86484ba454a1f701f898134fc61c6b43b262ec7a48989d304f71309d8b7,0a6c616179694b19286970d531aac6d0ebd5b19929ae610cbff34dd8d9b62d10,d42fd0835ca1169fdd93186e68af5562f7bd2461ca94639164ad5b5b2b0d06a4,38ad04bc14c2a22e2d4699472849a99e706e5988005381695628468a6a57aff5,0ea882672f492d84780f4b57128af453fe129efd52f72b15ce35490ca6da1069,431add55b7b418f445e779f4bb7a2e3bd10524dabc4b5ad290105cbed59c9f3c,9.314845085144043,0.13931408524513245,0.19827404618263245,98.50438634435521,9.17553099989891,1.4956135482892656,1.9489411018857112,5.275567856852062,9.013691705226671,1.0,False,0.999610960483551,0.999951183795929,0.03286023632004438,all_four_full_spatial_windows_common_frames
Original,2,BG11,spatial_ML,"[12, 13, 14, 15, 16, 17, 18, 19, 20, 21, 22, 23, 24, 25, 26, 27, 28, 29, 30, 31, 32, 33, 34, 35]",2ed4e86484ba454a1f701f898134fc61c6b43b262ec7a48989d304f71309d8b7,0a6c616179694b19286970d531aac6d0ebd5b19929ae610cbff34dd8d9b62d10,d42fd0835ca1169fdd93186e68af5562f7bd2461ca94639164ad5b5b2b0d06a4,38ad04bc14c2a22e2d4699472849a99e706e5988005381695628468a6a57aff5,0ea882672f492d84780f4b57128af453fe129efd52f72b15ce35490ca6da1069,431add55b7b418f445e779f4bb7a2e3bd10524dabc4b5ad290105cbed59c9f3c,9.314845085144043,0.6235779523849487,1.0325487852096558,93.30554661923439,8.691267132759094,6.69445327341008,2.353508671719605,6.175545168928664,8.609124135392777,1.0,False,0.9997287392616272,0.9999514818191528,0.039968410052151744,all_four_full_spatial_windows_common_frames
Original,2,BG11,spatial_all,"[0, 1, 2, 3, 4, 5, 6, 7, 8, 9, 10, 11, 12, 13, 14, 15, 16, 17, 18, 19, 20, 21, 22, 23, 24, 25, 26, 27, 28, 29, 30, 31, 32, 33, 34, 35]",2ed4e86484ba454a1f701f898134fc61c6b43b262ec7a48989d304f71309d8b7,0a6c616179694b19286970d531aac6d0ebd5b19929ae610cbff34dd8d9b62d10,d42fd0835ca1169fdd93186e68af5562f7bd2461ca94639164ad5b5b2b0d06a4,38ad04bc14c2a22e2d4699472849a99e706e5988005381695628468a6a57aff5,0ea882672f492d84780f4b57128af453fe129efd52f72b15ce35490ca6da1069,431add55b7b418f445e779f4bb7a2e3bd10524dabc4b5ad290105cbed59c9f3c,9.314845085144043,0.09123905003070831,0.18686068058013916,99.02049836472028,9.223606035113335,0.9795015279242,1.9232945410880222,5.231818180110891,9.039338266024359,1.0,False,0.9994834661483765,0.9999378323554993,0.0,all_four_full_spatial_windows_common_frames
Original,2,BG12,spatial_E,"[0, 1, 2, 3, 4, 5, 6, 7, 8, 9, 10, 11]",2ed4e86484ba454a1f701f898134fc61c6b43b262ec7a48989d304f71309d8b7,0a6c616179694b19286970d531aac6d0ebd5b19929ae610cbff34dd8d9b62d10,d42fd0835ca1169fdd93186e68af5562f7bd2461ca94639164ad5b5b2b0d06a4,38ad04bc14c2a22e2d4699472849a99e706e5988005381695628468a6a57aff5,0ea882672f492d84780f4b57128af453fe129efd52f72b15ce35490ca6da1069,431add55b7b418f445e779f4bb7a2e3bd10524dabc4b5ad290105cbed59c9f3c,1.0861239433288574,0.6457384824752808,1.6008970737457275,40.54651952973147,0.44038546085357666,59.45347954956331,2.4268966371883556,6.735958354998181,0.35424264705132724,1.0,False,0.999901294708252,0.9999763369560242,0.18266866892674158,all_four_full_spatial_windows_common_frames
Original,2,BG12,spatial_EM,"[0, 1, 2, 3, 4, 5, 6, 7, 8, 9, 10, 11, 12, 13, 14, 15, 16, 17, 18, 19, 20, 21, 22, 23]",2ed4e86484ba454a1f701f898134fc61c6b43b262ec7a48989d304f71309d8b7,0a6c616179694b19286970d531aac6d0ebd5b19929ae610cbff34dd8d9b62d10,d42fd0835ca1169fdd93186e68af5562f7bd2461ca94639164ad5b5b2b0d06a4,38ad04bc14c2a22e2d4699472849a99e706e5988005381695628468a6a57aff5,0ea882672f492d84780f4b57128af453fe129efd52f72b15ce35490ca6da1069,431add55b7b418f445e779f4bb7a2e3bd10524dabc4b5ad290105cbed59c9f3c,1.0861239433288574,0.1226087361574173,0.3061356842517853,88.71134866498119,0.9635152071714401,11.288650414313599,1.978186071615243,5.371175466983817,0.80295321262444,1.0,False,0.9995341300964355,0.999943733215332,0.03668485240937465,all_four_full_spatial_windows_common_frames
Original,2,BG12,spatial_ML,"[12, 13, 14, 15, 16, 17, 18, 19, 20, 21, 22, 23, 24, 25, 26, 27, 28, 29, 30, 31, 32, 33, 34, 35]",2ed4e86484ba454a1f701f898134fc61c6b43b262ec7a48989d304f71309d8b7,0a6c616179694b19286970d531aac6d0ebd5b19929ae610cbff34dd8d9b62d10,d42fd0835ca1169fdd93186e68af5562f7bd2461ca94639164ad5b5b2b0d06a4,38ad04bc14c2a22e2d4699472849a99e706e5988005381695628468a6a57aff5,0ea882672f492d84780f4b57128af453fe129efd52f72b15ce35490ca6da1069,431add55b7b418f445e779f4bb7a2e3bd10524dabc4b5ad290105cbed59c9f3c,1.0861239433288574,0.4313824772834778,0.8434779644012451,60.2823889518931,0.6547414660453796,39.717610127401684,2.206569195503997,5.981047794315714,0.5745700887356858,1.0,False,0.9997629523277283,0.9999599456787109,0.031354598557997444,all_four_full_spatial_windows_common_frames
Original,2,BG12,spatial_all,"[0, 1, 2, 3, 4, 5, 6, 7, 8, 9, 10, 11, 12, 13, 14, 15, 16, 17, 18, 19, 20, 21, 22, 23, 24, 25, 26, 27, 28, 29, 30, 31, 32, 33, 34, 35]",2ed4e86484ba454a1f701f898134fc61c6b43b262ec7a48989d304f71309d8b7,0a6c616179694b19286970d531aac6d0ebd5b19929ae610cbff34dd8d9b62d10,d42fd0835ca1169fdd93186e68af5562f7bd2461ca94639164ad5b5b2b0d06a4,38ad04bc14c2a22e2d4699472849a99e706e5988005381695628468a6a57aff5,0ea882672f492d84780f4b57128af453fe129efd52f72b15ce35490ca6da1069,431add55b7b418f445e779f4bb7a2e3bd10524dabc4b5ad290105cbed59c9f3c,1.0861239433288574,0.09494277834892273,0.23049673438072205,91.25856785885875,0.9911811649799347,8.741431220436024,1.9507724937674678,5.2997367423525725,0.8303667904722154,1.0,False,0.9995859265327454,0.9999492764472961,0.0,all_four_full_spatial_windows_common_frames
Original,2,BG13,spatial_E,"[0, 1, 2, 3, 4, 5, 6, 7, 8, 9, 10, 11]",2ed4e86484ba454a1f701f898134fc61c6b43b262ec7a48989d304f71309d8b7,0a6c616179694b19286970d531aac6d0ebd5b19929ae610cbff34dd8d9b62d10,d42fd0835ca1169fdd93186e68af5562f7bd2461ca94639164ad5b5b2b0d06a4,38ad04bc14c2a22e2d4699472849a99e706e5988005381695628468a6a57aff5,0ea882672f492d84780f4b57128af453fe129efd52f72b15ce35490ca6da1069,431add55b7b418f445e779f4bb7a2e3bd10524dabc4b5ad290105cbed59c9f3c,0.3694702684879303,0.22827684879302979,0.6481625437736511,38.215095480139674,0.1411934196949005,61.78490181328267,2.0531109515418313,5.7854128511912375,0.09628579142690126,1.0,False,0.9998434782028198,0.9999712705612183,0.1597797981413289,all_four_full_spatial_windows_common_frames
Original,2,BG13,spatial_EM,"[0, 1, 2, 3, 4, 5, 6, 7, 8, 9, 10, 11, 12, 13, 14, 15, 16, 17, 18, 19, 20, 21, 22, 23]",2ed4e86484ba454a1f701f898134fc61c6b43b262ec7a48989d304f71309d8b7,0a6c616179694b19286970d531aac6d0ebd5b19929ae610cbff34dd8d9b62d10,d42fd0835ca1169fdd93186e68af5562f7bd2461ca94639164ad5b5b2b0d06a4,38ad04bc14c2a22e2d4699472849a99e706e5988005381695628468a6a57aff5,0ea882672f492d84780f4b57128af453fe129efd52f72b15ce35490ca6da1069,431add55b7b418f445e779f4bb7a2e3bd10524dabc4b5ad290105cbed59c9f3c,0.3694702684879303,0.09313203394412994,0.22757136821746826,74.79308908817347,0.27633823454380035,25.20690820524887,1.9509706621820118,5.258324581911245,0.19842608078672117,1.0,False,0.9997050166130066,0.9999637603759766,0.03719177720503695,all_four_full_spatial_windows_common_frames
Original,2,BG13,spatial_ML,"[12, 13, 14, 15, 16, 17, 18, 19, 20, 21, 22, 23, 24, 25, 26, 27, 28, 29, 30, 31, 32, 33, 34, 35]",2ed4e86484ba454a1f701f898134fc61c6b43b262ec7a48989d304f71309d8b7,0a6c616179694b19286970d531aac6d0ebd5b19929ae610cbff34dd8d9b62d10,d42fd0835ca1169fdd93186e68af5562f7bd2461ca94639164ad5b5b2b0d06a4,38ad04bc14c2a22e2d4699472849a99e706e5988005381695628468a6a57aff5,0ea882672f492d84780f4b57128af453fe129efd52f72b15ce35490ca6da1069,431add55b7b418f445e779f4bb7a2e3bd10524dabc4b5ad290105cbed59c9f3c,0.3694702684879303,0.27722105383872986,0.5732095837593079,24.967966307529117,0.09224921464920044,75.03203098589323,2.097417401634787,5.6972764314532265,0.051979341333946126,1.0,False,0.9997480511665344,0.9999591708183289,0.020635077717436296,all_four_full_spatial_windows_common_frames
Original,2,BG13,spatial_all,"[0, 1, 2, 3, 4, 5, 6, 7, 8, 9, 10, 11, 12, 13, 14, 15, 16, 17, 18, 19, 20, 21, 22, 23, 24, 25, 26, 27, 28, 29, 30, 31, 32, 33, 34, 35]",2ed4e86484ba454a1f701f898134fc61c6b43b262ec7a48989d304f71309d8b7,0a6c616179694b19286970d531aac6d0ebd5b19929ae610cbff34dd8d9b62d10,d42fd0835ca1169fdd93186e68af5562f7bd2461ca94639164ad5b5b2b0d06a4,38ad04bc14c2a22e2d4699472849a99e706e5988005381695628468a6a57aff5,0ea882672f492d84780f4b57128af453fe129efd52f72b15ce35490ca6da1069,431add55b7b418f445e779f4bb7a2e3bd10524dabc4b5ad290105cbed59c9f3c,0.3694702684879303,0.0945480614900589,0.22334809601306915,74.40983023668369,0.2749222069978714,25.590167056738654,1.9447159215192333,5.270747066660474,0.20468082144949973,1.0,False,0.999593198299408,0.9999467134475708,0.0,all_four_full_spatial_windows_common_frames
Original,2,BG14,spatial_E,"[0, 1, 2, 3, 4, 5, 6, 7, 8, 9, 10, 11]",2ed4e86484ba454a1f701f898134fc61c6b43b262ec7a48989d304f71309d8b7,0a6c616179694b19286970d531aac6d0ebd5b19929ae610cbff34dd8d9b62d10,d42fd0835ca1169fdd93186e68af5562f7bd2461ca94639164ad5b5b2b0d06a4,38ad04bc14c2a22e2d4699472849a99e706e5988005381695628468a6a57aff5,0ea882672f492d84780f4b57128af453fe129efd52f72b15ce35490ca6da1069,431add55b7b418f445e779f4bb7a2e3bd10524dabc4b5ad290105cbed59c9f3c,11.671987533569336,7.160778999328613,17.224361419677734,38.649874474259235,4.511208534240723,61.35012544006555,8.808849538655815,22.384328591811904,4.50741436623464,1.0,False,0.9998878240585327,0.9999753832817078,0.29151564969359417,all_four_full_spatial_windows_common_frames
Original,2,BG14,spatial_EM,"[0, 1, 2, 3, 4, 5, 6, 7, 8, 9, 10, 11, 12, 13, 14, 15, 16, 17, 18, 19, 20, 21, 22, 23]",2ed4e86484ba454a1f701f898134fc61c6b43b262ec7a48989d304f71309d8b7,0a6c616179694b19286970d531aac6d0ebd5b19929ae610cbff34dd8d9b62d10,d42fd0835ca1169fdd93186e68af5562f7bd2461ca94639164ad5b5b2b0d06a4,38ad04bc14c2a22e2d4699472849a99e706e5988005381695628468a6a57aff5,0ea882672f492d84780f4b57128af453fe129efd52f72b15ce35490ca6da1069,431add55b7b418f445e779f4bb7a2e3bd10524dabc4b5ad290105cbed59c9f3c,11.671987533569336,0.10116269439458847,0.24777868390083313,99.13328639173947,11.570824839174747,0.8667135225853106,1.9456706880675827,5.340212949845227,11.37059321682287,1.0,False,0.9995983242988586,0.9999417066574097,0.029982356944158708,all_four_full_spatial_windows_common_frames
Original,2,BG14,spatial_ML,"[12, 13, 14, 15, 16, 17, 18, 19, 20, 21, 22, 23, 24, 25, 26, 27, 28, 29, 30, 31, 32, 33, 34, 35]",2ed4e86484ba454a1f701f898134fc61c6b43b262ec7a48989d304f71309d8b7,0a6c616179694b19286970d531aac6d0ebd5b19929ae610cbff34dd8d9b62d10,d42fd0835ca1169fdd93186e68af5562f7bd2461ca94639164ad5b5b2b0d06a4,38ad04bc14c2a22e2d4699472849a99e706e5988005381695628468a6a57aff5,0ea882672f492d84780f4b57128af453fe129efd52f72b15ce35490ca6da1069,431add55b7b418f445e779f4bb7a2e3bd10524dabc4b5ad290105cbed59c9f3c,11.671987533569336,0.6285280585289001,1.0779625177383423,94.61507248716019,11.043459475040436,5.384927427164594,2.349525033759045,6.222299099225425,10.966738871131408,1.0,False,0.9997742772102356,0.9999567270278931,0.038899307723254783,all_four_full_spatial_windows_common_frames
Original,2,BG14,spatial_all,"[0, 1, 2, 3, 4, 5, 6, 7, 8, 9, 10, 11, 12, 13, 14, 15, 16, 17, 18, 19, 20, 21, 22, 23, 24, 25, 26, 27, 28, 29, 30, 31, 32, 33, 34, 35]",2ed4e86484ba454a1f701f898134fc61c6b43b262ec7a48989d304f71309d8b7,0a6c616179694b19286970d531aac6d0ebd5b19929ae610cbff34dd8d9b62d10,d42fd0835ca1169fdd93186e68af5562f7bd2461ca94639164ad5b5b2b0d06a4,38ad04bc14c2a22e2d4699472849a99e706e5988005381695628468a6a57aff5,0ea882672f492d84780f4b57128af453fe129efd52f72b15ce35490ca6da1069,431add55b7b418f445e779f4bb7a2e3bd10524dabc4b5ad290105cbed59c9f3c,11.671987533569336,0.08640962839126587,0.17741306126117706,99.25968359657071,11.58557790517807,0.7403163177540668,1.9440949656475754,5.259819802011374,11.372168939242878,1.0,False,0.9996034502983093,0.9999440908432007,0.0,all_four_full_spatial_windows_common_frames
Original,2,BG15,spatial_E,"[0, 1, 2, 3, 4, 5, 6, 7, 8, 9, 10, 11]",2ed4e86484ba454a1f701f898134fc61c6b43b262ec7a48989d304f71309d8b7,0a6c616179694b19286970d531aac6d0ebd5b19929ae610cbff34dd8d9b62d10,d42fd0835ca1169fdd93186e68af5562f7bd2461ca94639164ad5b5b2b0d06a4,38ad04bc14c2a22e2d4699472849a99e706e5988005381695628468a6a57aff5,0ea882672f492d84780f4b57128af453fe129efd52f72b15ce35490ca6da1069,431add55b7b418f445e779f4bb7a2e3bd10524dabc4b5ad290105cbed59c9f3c,1.7912158966064453,0.887080192565918,2.0538105964660645,50.47608726038286,0.9041357040405273,49.523912181337145,2.638344397103581,7.222348324382538,0.8194735367876345,1.0,False,0.9997351765632629,0.9999553561210632,0.14042238300291726,all_four_full_spatial_windows_common_frames
Original,2,BG15,spatial_EM,"[0, 1, 2, 3, 4, 5, 6, 7, 8, 9, 10, 11, 12, 13, 14, 15, 16, 17, 18, 19, 20, 21, 22, 23]",2ed4e86484ba454a1f701f898134fc61c6b43b262ec7a48989d304f71309d8b7,0a6c616179694b19286970d531aac6d0ebd5b19929ae610cbff34dd8d9b62d10,d42fd0835ca1169fdd93186e68af5562f7bd2461ca94639164ad5b5b2b0d06a4,38ad04bc14c2a22e2d4699472849a99e706e5988005381695628468a6a57aff5,0ea882672f492d84780f4b57128af453fe129efd52f72b15ce35490ca6da1069,431add55b7b418f445e779f4bb7a2e3bd10524dabc4b5ad290105cbed59c9f3c,1.7912158966064453,0.10456860065460205,0.14785967767238617,94.16214369976689,1.6866472959518433,5.837855741953123,1.908392327509268,5.181112243071305,1.5494256063819474,1.0,False,0.9996204376220703,0.9999410510063171,0.031643449550313084,all_four_full_spatial_windows_common_frames
Original,2,BG15,spatial_ML,"[12, 13, 14, 15, 16, 17, 18, 19, 20, 21, 22, 23, 24, 25, 26, 27, 28, 29, 30, 31, 32, 33, 34, 35]",2ed4e86484ba454a1f701f898134fc61c6b43b262ec7a48989d304f71309d8b7,0a6c616179694b19286970d531aac6d0ebd5b19929ae610cbff34dd8d9b62d10,d42fd0835ca1169fdd93186e68af5562f7bd2461ca94639164ad5b5b2b0d06a4,38ad04bc14c2a22e2d4699472849a99e706e5988005381695628468a6a57aff5,0ea882672f492d84780f4b57128af453fe129efd52f72b15ce35490ca6da1069,431add55b7b418f445e779f4bb7a2e3bd10524dabc4b5ad290105cbed59c9f3c,1.7912158966064453,0.38481277227401733,0.7321888208389282,78.51667234224902,1.406403124332428,21.483327099470984,2.1653783801881183,5.871057640708394,1.2924395537030973,1.0,False,0.9996713399887085,0.9999381899833679,0.030770226916178076,all_four_full_spatial_windows_common_frames
Original,2,BG15,spatial_all,"[0, 1, 2, 3, 4, 5, 6, 7, 8, 9, 10, 11, 12, 13, 14, 15, 16, 17, 18, 19, 20, 21, 22, 23, 24, 25, 26, 27, 28, 29, 30, 31, 32, 33, 34, 35]",2ed4e86484ba454a1f701f898134fc61c6b43b262ec7a48989d304f71309d8b7,0a6c616179694b19286970d531aac6d0ebd5b19929ae610cbff34dd8d9b62d10,d42fd0835ca1169fdd93186e68af5562f7bd2461ca94639164ad5b5b2b0d06a4,38ad04bc14c2a22e2d4699472849a99e706e5988005381695628468a6a57aff5,0ea882672f492d84780f4b57128af453fe129efd52f72b15ce35490ca6da1069,431add55b7b418f445e779f4bb7a2e3bd10524dabc4b5ad290105cbed59c9f3c,1.7912158966064453,0.07020151615142822,0.1373179703950882,96.08078926205894,1.721014380455017,3.9192101796610754,1.919279814203532,5.2095519679488245,1.5385381196876835,1.0,False,0.9995619654655457,0.9999271631240845,0.0,all_four_full_spatial_windows_common_frames
T01,0,BG1,spatial_E,"[0, 1, 2, 3, 4, 5, 6, 7, 8, 9, 10, 11]",cad3f55537b1e0df4e9708ec44b3383f82a8780a1a4ae140911dbd19f3615109,3812933ef07204e8ba32611318de18234f5b08f3c0b8f3db22ce9c487a9b4c91,576d0d3a30f3617b0fd9e24a26d20e665da4c28ddd09ab338c552f716abab1fc,38ad04bc14c2a22e2d4699472849a99e706e5988005381695628468a6a57aff5,e6002891104fad0bc1da003092c8ac6f220b69362c6893d85ca0b2daacd49eb0,98931d5efb8106f524beaa26c36aa83090811efd5607a4b577866bd036ebb779,0.0922725722193718,0.08685408532619476,0.05755768343806267,5.872261036647862,0.0054184868931770325,94.12772812589668,0.6167011630825681,0.6155934075285523,-0.002227120593040405,1.0,False,0.9999228715896606,0.9999966621398926,0.06145256014546405,all_four_full_spatial_windows_common_frames
T01,0,BG1,spatial_EM,"[0, 1, 2, 3, 4, 5, 6, 7, 8, 9, 10, 11, 12, 13, 14, 15, 16, 17, 18, 19, 20, 21, 22, 23]",cad3f55537b1e0df4e9708ec44b3383f82a8780a1a4ae140911dbd19f3615109,3812933ef07204e8ba32611318de18234f5b08f3c0b8f3db22ce9c487a9b4c91,576d0d3a30f3617b0fd9e24a26d20e665da4c28ddd09ab338c552f716abab1fc,38ad04bc14c2a22e2d4699472849a99e706e5988005381695628468a6a57aff5,e6002891104fad0bc1da003092c8ac6f220b69362c6893d85ca0b2daacd49eb0,98931d5efb8106f524beaa26c36aa83090811efd5607a4b577866bd036ebb779,0.0922725722193718,0.041308093816041946,0.02436850406229496,55.232526474836554,0.05096447840332985,44.76746268770799,0.6644963932496952,0.6480938866348801,-0.05002235076016752,1.0,False,0.9999088048934937,0.9999964237213135,0.03569245306374924,all_four_full_spatial_windows_common_frames
T01,0,BG1,spatial_ML,"[12, 13, 14, 15, 16, 17, 18, 19, 20, 21, 22, 23, 24, 25, 26, 27, 28, 29, 30, 31, 32, 33, 34, 35]",cad3f55537b1e0df4e9708ec44b3383f82a8780a1a4ae140911dbd19f3615109,3812933ef07204e8ba32611318de18234f5b08f3c0b8f3db22ce9c487a9b4c91,576d0d3a30f3617b0fd9e24a26d20e665da4c28ddd09ab338c552f716abab1fc,38ad04bc14c2a22e2d4699472849a99e706e5988005381695628468a6a57aff5,e6002891104fad0bc1da003092c8ac6f220b69362c6893d85ca0b2daacd49eb0,98931d5efb8106f524beaa26c36aa83090811efd5607a4b577866bd036ebb779,0.0922725722193718,0.050164856016635895,0.017886068671941757,45.63404988778538,0.0421077162027359,54.36593927475917,0.6518383715843035,0.6699750362080317,-0.03736432909477594,1.0,False,0.9999231100082397,0.9999967217445374,0.0025768760808363798,all_four_full_spatial_windows_common_frames
T01,0,BG1,spatial_all,"[0, 1, 2, 3, 4, 5, 6, 7, 8, 9, 10, 11, 12, 13, 14, 15, 16, 17, 18, 19, 20, 21, 22, 23, 24, 25, 26, 27, 28, 29, 30, 31, 32, 33, 34, 35]",cad3f55537b1e0df4e9708ec44b3383f82a8780a1a4ae140911dbd19f3615109,3812933ef07204e8ba32611318de18234f5b08f3c0b8f3db22ce9c487a9b4c91,576d0d3a30f3617b0fd9e24a26d20e665da4c28ddd09ab338c552f716abab1fc,38ad04bc14c2a22e2d4699472849a99e706e5988005381695628468a6a57aff5,e6002891104fad0bc1da003092c8ac6f220b69362c6893d85ca0b2daacd49eb0,98931d5efb8106f524beaa26c36aa83090811efd5607a4b577866bd036ebb779,0.0922725722193718,0.04677235707640648,0.021442893892526627,49.310655504136264,0.04550021514296532,50.68933365840828,0.6596616563004705,0.686687066264275,-0.04518761381094275,1.0,False,0.9999241828918457,0.9999969601631165,0.0,all_four_full_spatial_windows_common_frames
T01,0,BG2,spatial_E,"[0, 1, 2, 3, 4, 5, 6, 7, 8, 9, 10, 11]",cad3f55537b1e0df4e9708ec44b3383f82a8780a1a4ae140911dbd19f3615109,3812933ef07204e8ba32611318de18234f5b08f3c0b8f3db22ce9c487a9b4c91,576d0d3a30f3617b0fd9e24a26d20e665da4c28ddd09ab338c552f716abab1fc,38ad04bc14c2a22e2d4699472849a99e706e5988005381695628468a6a57aff5,e6002891104fad0bc1da003092c8ac6f220b69362c6893d85ca0b2daacd49eb0,98931d5efb8106f524beaa26c36aa83090811efd5607a4b577866bd036ebb779,0.0832848995923996,0.08284643292427063,0.04597915709018707,0.5264659231484365,0.0004384666681289673,99.47352206987449,0.6287649508628815,0.644924444926682,0.0027163845064724058,1.0,False,0.9999325275421143,0.9999970197677612,0.058452281067411585,all_four_full_spatial_windows_common_frames
T01,0,BG2,spatial_EM,"[0, 1, 2, 3, 4, 5, 6, 7, 8, 9, 10, 11, 12, 13, 14, 15, 16, 17, 18, 19, 20, 21, 22, 23]",cad3f55537b1e0df4e9708ec44b3383f82a8780a1a4ae140911dbd19f3615109,3812933ef07204e8ba32611318de18234f5b08f3c0b8f3db22ce9c487a9b4c91,576d0d3a30f3617b0fd9e24a26d20e665da4c28ddd09ab338c552f716abab1fc,38ad04bc14c2a22e2d4699472849a99e706e5988005381695628468a6a57aff5,e6002891104fad0bc1da003092c8ac6f220b69362c6893d85ca0b2daacd49eb0,98931d5efb8106f524beaa26c36aa83090811efd5607a4b577866bd036ebb779,0.0832848995923996,0.05467427521944046,0.04047718644142151,34.35271108893667,0.028610624372959137,65.64727690408625,0.6585602583554637,0.6383725665332092,-0.027078922986109616,1.0,False,0.9999175071716309,0.9999967217445374,0.03571537937263077,all_four_full_spatial_windows_common_frames
T01,0,BG2,spatial_ML,"[12, 13, 14, 15, 16, 17, 18, 19, 20, 21, 22, 23, 24, 25, 26, 27, 28, 29, 30, 31, 32, 33, 34, 35]",cad3f55537b1e0df4e9708ec44b3383f82a8780a1a4ae140911dbd19f3615109,3812933ef07204e8ba32611318de18234f5b08f3c0b8f3db22ce9c487a9b4c91,576d0d3a30f3617b0fd9e24a26d20e665da4c28ddd09ab338c552f716abab1fc,38ad04bc14c2a22e2d4699472849a99e706e5988005381695628468a6a57aff5,e6002891104fad0bc1da003092c8ac6f220b69362c6893d85ca0b2daacd49eb0,98931d5efb8106f524beaa26c36aa83090811efd5607a4b577866bd036ebb779,0.0832848995923996,0.06448610126972198,0.025419678539037704,22.57167404597045,0.018798798322677612,77.42831394705249,0.6426012863302477,0.6451983304874923,-0.011119950960893557,1.0,False,0.9999414682388306,0.9999971985816956,0.0024959267841318258,all_four_full_spatial_windows_common_frames
T01,0,BG2,spatial_all,"[0, 1, 2, 3, 4, 5, 6, 7, 8, 9, 10, 11, 12, 13, 14, 15, 16, 17, 18, 19, 20, 21, 22, 23, 24, 25, 26, 27, 28, 29, 30, 31, 32, 33, 34, 35]",cad3f55537b1e0df4e9708ec44b3383f82a8780a1a4ae140911dbd19f3615109,3812933ef07204e8ba32611318de18234f5b08f3c0b8f3db22ce9c487a9b4c91,576d0d3a30f3617b0fd9e24a26d20e665da4c28ddd09ab338c552f716abab1fc,38ad04bc14c2a22e2d4699472849a99e706e5988005381695628468a6a57aff5,e6002891104fad0bc1da003092c8ac6f220b69362c6893d85ca0b2daacd49eb0,98931d5efb8106f524beaa26c36aa83090811efd5607a4b577866bd036ebb779,0.0832848995923996,0.062019817531108856,0.027565252035856247,25.532935276466155,0.02126508206129074,74.46705271655678,0.6446156324774659,0.6828539492529837,-0.013134297108111806,1.0,False,0.999945878982544,0.999997079372406,0.0,all_four_full_spatial_windows_common_frames
T01,0,BG3,spatial_E,"[0, 1, 2, 3, 4, 5, 6, 7, 8, 9, 10, 11]",cad3f55537b1e0df4e9708ec44b3383f82a8780a1a4ae140911dbd19f3615109,3812933ef07204e8ba32611318de18234f5b08f3c0b8f3db22ce9c487a9b4c91,576d0d3a30f3617b0fd9e24a26d20e665da4c28ddd09ab338c552f716abab1fc,38ad04bc14c2a22e2d4699472849a99e706e5988005381695628468a6a57aff5,e6002891104fad0bc1da003092c8ac6f220b69362c6893d85ca0b2daacd49eb0,98931d5efb8106f524beaa26c36aa83090811efd5607a4b577866bd036ebb779,0.10235004127025604,0.09408845007419586,0.08705828338861465,8.071897467100813,0.00826159119606018,91.92809276250838,0.6175366837153909,0.5814005865700109,-0.010675612298462719,1.0,False,0.9999537467956543,0.9999961853027344,0.10651965022741164,all_four_full_spatial_windows_common_frames
T01,0,BG3,spatial_EM,"[0, 1, 2, 3, 4, 5, 6, 7, 8, 9, 10, 11, 12, 13, 14, 15, 16, 17, 18, 19, 20, 21, 22, 23]",cad3f55537b1e0df4e9708ec44b3383f82a8780a1a4ae140911dbd19f3615109,3812933ef07204e8ba32611318de18234f5b08f3c0b8f3db22ce9c487a9b4c91,576d0d3a30f3617b0fd9e24a26d20e665da4c28ddd09ab338c552f716abab1fc,38ad04bc14c2a22e2d4699472849a99e706e5988005381695628468a6a57aff5,e6002891104fad0bc1da003092c8ac6f220b69362c6893d85ca0b2daacd49eb0,98931d5efb8106f524beaa26c36aa83090811efd5607a4b577866bd036ebb779,0.10235004127025604,0.04331643134355545,0.027598168700933456,57.67814397163507,0.05903360992670059,42.32184625797412,0.6909770692496623,0.6412255038181112,-0.08411599783273413,1.0,False,0.999923825263977,0.9999964237213135,0.035648688753669285,all_four_full_spatial_windows_common_frames
T01,0,BG3,spatial_ML,"[12, 13, 14, 15, 16, 17, 18, 19, 20, 21, 22, 23, 24, 25, 26, 27, 28, 29, 30, 31, 32, 33, 34, 35]",cad3f55537b1e0df4e9708ec44b3383f82a8780a1a4ae140911dbd19f3615109,3812933ef07204e8ba32611318de18234f5b08f3c0b8f3db22ce9c487a9b4c91,576d0d3a30f3617b0fd9e24a26d20e665da4c28ddd09ab338c552f716abab1fc,38ad04bc14c2a22e2d4699472849a99e706e5988005381695628468a6a57aff5,e6002891104fad0bc1da003092c8ac6f220b69362c6893d85ca0b2daacd49eb0,98931d5efb8106f524beaa26c36aa83090811efd5607a4b577866bd036ebb779,0.10235004127025604,0.027283091098070145,0.008605865761637688,73.34334398521314,0.0750669501721859,26.656646244396057,0.6721399005075817,0.6747002378465551,-0.0652788290906535,1.0,False,0.99992835521698,0.9999960064888,0.004984938425252703,all_four_full_spatial_windows_common_frames
T01,0,BG3,spatial_all,"[0, 1, 2, 3, 4, 5, 6, 7, 8, 9, 10, 11, 12, 13, 14, 15, 16, 17, 18, 19, 20, 21, 22, 23, 24, 25, 26, 27, 28, 29, 30, 31, 32, 33, 34, 35]",cad3f55537b1e0df4e9708ec44b3383f82a8780a1a4ae140911dbd19f3615109,3812933ef07204e8ba32611318de18234f5b08f3c0b8f3db22ce9c487a9b4c91,576d0d3a30f3617b0fd9e24a26d20e665da4c28ddd09ab338c552f716abab1fc,38ad04bc14c2a22e2d4699472849a99e706e5988005381695628468a6a57aff5,e6002891104fad0bc1da003092c8ac6f220b69362c6893d85ca0b2daacd49eb0,98931d5efb8106f524beaa26c36aa83090811efd5607a4b577866bd036ebb779,0.10235004127025604,0.018147960305213928,0.02583148702979088,82.26872377689965,0.08420208096504211,17.731266452709544,0.6882913871913798,0.686640722450345,-0.08143031577445183,1.0,False,0.9999264478683472,0.9999959468841553,0.0,all_four_full_spatial_windows_common_frames
T01,0,BG4,spatial_E,"[0, 1, 2, 3, 4, 5, 6, 7, 8, 9, 10, 11]",cad3f55537b1e0df4e9708ec44b3383f82a8780a1a4ae140911dbd19f3615109,3812933ef07204e8ba32611318de18234f5b08f3c0b8f3db22ce9c487a9b4c91,576d0d3a30f3617b0fd9e24a26d20e665da4c28ddd09ab338c552f716abab1fc,38ad04bc14c2a22e2d4699472849a99e706e5988005381695628468a6a57aff5,e6002891104fad0bc1da003092c8ac6f220b69362c6893d85ca0b2daacd49eb0,98931d5efb8106f524beaa26c36aa83090811efd5607a4b577866bd036ebb779,0.10034718364477158,0.09461285173892975,0.18938979506492615,5.714491554334171,0.005734331905841827,94.28549848026508,0.6544193704897321,0.6592000394907555,-0.004410701187596415,1.0,False,0.9999687671661377,0.9999975562095642,0.09586840971903533,all_four_full_spatial_windows_common_frames
T01,0,BG4,spatial_EM,"[0, 1, 2, 3, 4, 5, 6, 7, 8, 9, 10, 11, 12, 13, 14, 15, 16, 17, 18, 19, 20, 21, 22, 23]",cad3f55537b1e0df4e9708ec44b3383f82a8780a1a4ae140911dbd19f3615109,3812933ef07204e8ba32611318de18234f5b08f3c0b8f3db22ce9c487a9b4c91,576d0d3a30f3617b0fd9e24a26d20e665da4c28ddd09ab338c552f716abab1fc,38ad04bc14c2a22e2d4699472849a99e706e5988005381695628468a6a57aff5,e6002891104fad0bc1da003092c8ac6f220b69362c6893d85ca0b2daacd49eb0,98931d5efb8106f524beaa26c36aa83090811efd5607a4b577866bd036ebb779,0.10034718364477158,0.056943751871585846,0.13429254293441772,43.2532592060657,0.04340343177318573,56.74673082853355,0.7292546732139212,0.7180208341733789,-0.0792460039117856,1.0,False,0.9999626874923706,0.9999971985816956,0.03342751074331816,all_four_full_spatial_windows_common_frames
T01,0,BG4,spatial_ML,"[12, 13, 14, 15, 16, 17, 18, 19, 20, 21, 22, 23, 24, 25, 26, 27, 28, 29, 30, 31, 32, 33, 34, 35]",cad3f55537b1e0df4e9708ec44b3383f82a8780a1a4ae140911dbd19f3615109,3812933ef07204e8ba32611318de18234f5b08f3c0b8f3db22ce9c487a9b4c91,576d0d3a30f3617b0fd9e24a26d20e665da4c28ddd09ab338c552f716abab1fc,38ad04bc14c2a22e2d4699472849a99e706e5988005381695628468a6a57aff5,e6002891104fad0bc1da003092c8ac6f220b69362c6893d85ca0b2daacd49eb0,98931d5efb8106f524beaa26c36aa83090811efd5607a4b577866bd036ebb779,0.10034718364477158,0.04092211276292801,0.11263884603977203,59.219464664062194,0.05942507088184357,40.78052537053705,0.6980494048228222,0.7377016545042775,-0.04804073552068648,1.0,False,0.999953031539917,0.9999971985816956,0.0044981139858205595,all_four_full_spatial_windows_common_frames
T01,0,BG4,spatial_all,"[0, 1, 2, 3, 4, 5, 6, 7, 8, 9, 10, 11, 12, 13, 14, 15, 16, 17, 18, 19, 20, 21, 22, 23, 24, 25, 26, 27, 28, 29, 30, 31, 32, 33, 34, 35]",cad3f55537b1e0df4e9708ec44b3383f82a8780a1a4ae140911dbd19f3615109,3812933ef07204e8ba32611318de18234f5b08f3c0b8f3db22ce9c487a9b4c91,576d0d3a30f3617b0fd9e24a26d20e665da4c28ddd09ab338c552f716abab1fc,38ad04bc14c2a22e2d4699472849a99e706e5988005381695628468a6a57aff5,e6002891104fad0bc1da003092c8ac6f220b69362c6893d85ca0b2daacd49eb0,98931d5efb8106f524beaa26c36aa83090811efd5607a4b577866bd036ebb779,0.10034718364477158,0.039046723395586014,0.09228919446468353,61.088365327075124,0.06130046024918556,38.911624707524126,0.6967027900797289,0.7152103961170658,-0.04669412077759328,1.0,False,0.9999535083770752,0.9999971985816956,0.0,all_four_full_spatial_windows_common_frames
T01,0,BG5,spatial_E,"[0, 1, 2, 3, 4, 5, 6, 7, 8, 9, 10, 11]",cad3f55537b1e0df4e9708ec44b3383f82a8780a1a4ae140911dbd19f3615109,3812933ef07204e8ba32611318de18234f5b08f3c0b8f3db22ce9c487a9b4c91,576d0d3a30f3617b0fd9e24a26d20e665da4c28ddd09ab338c552f716abab1fc,38ad04bc14c2a22e2d4699472849a99e706e5988005381695628468a6a57aff5,e6002891104fad0bc1da003092c8ac6f220b69362c6893d85ca0b2daacd49eb0,98931d5efb8106f524beaa26c36aa83090811efd5607a4b577866bd036ebb779,0.23564176261425018,0.23071904480457306,0.30008506774902344,2.0890684003365148,0.004922717809677124,97.91092735593374,0.5355525143468005,0.3951431203689852,-0.017102857077267,1.0,False,0.9998917579650879,0.9999958872795105,0.23928266140502666,all_four_full_spatial_windows_common_frames
T01,0,BG5,spatial_EM,"[0, 1, 2, 3, 4, 5, 6, 7, 8, 9, 10, 11, 12, 13, 14, 15, 16, 17, 18, 19, 20, 21, 22, 23]",cad3f55537b1e0df4e9708ec44b3383f82a8780a1a4ae140911dbd19f3615109,3812933ef07204e8ba32611318de18234f5b08f3c0b8f3db22ce9c487a9b4c91,576d0d3a30f3617b0fd9e24a26d20e665da4c28ddd09ab338c552f716abab1fc,38ad04bc14c2a22e2d4699472849a99e706e5988005381695628468a6a57aff5,e6002891104fad0bc1da003092c8ac6f220b69362c6893d85ca0b2daacd49eb0,98931d5efb8106f524beaa26c36aa83090811efd5607a4b577866bd036ebb779,0.23564176261425018,0.06746575236320496,0.04185567796230316,71.36935373778248,0.16817601025104523,28.630642018487787,0.6583051699045169,0.6311156600407046,-0.13985551263498344,1.0,False,0.9999098777770996,0.9999963641166687,0.04060014212389315,all_four_full_spatial_windows_common_frames
T01,0,BG5,spatial_ML,"[12, 13, 14, 15, 16, 17, 18, 19, 20, 21, 22, 23, 24, 25, 26, 27, 28, 29, 30, 31, 32, 33, 34, 35]",cad3f55537b1e0df4e9708ec44b3383f82a8780a1a4ae140911dbd19f3615109,3812933ef07204e8ba32611318de18234f5b08f3c0b8f3db22ce9c487a9b4c91,576d0d3a30f3617b0fd9e24a26d20e665da4c28ddd09ab338c552f716abab1fc,38ad04bc14c2a22e2d4699472849a99e706e5988005381695628468a6a57aff5,e6002891104fad0bc1da003092c8ac6f220b69362c6893d85ca0b2daacd49eb0,98931d5efb8106f524beaa26c36aa83090811efd5607a4b577866bd036ebb779,0.23564176261425018,0.0757729783654213,0.07237045466899872,67.8439915279949,0.1598687842488289,32.15600422827536,0.6498266973878326,0.6030437728907492,-0.13137704011829893,1.0,False,0.9999332427978516,0.9999967813491821,0.0036264486405261616,all_four_full_spatial_windows_common_frames
T01,0,BG5,spatial_all,"[0, 1, 2, 3, 4, 5, 6, 7, 8, 9, 10, 11, 12, 13, 14, 15, 16, 17, 18, 19, 20, 21, 22, 23, 24, 25, 26, 27, 28, 29, 30, 31, 32, 33, 34, 35]",cad3f55537b1e0df4e9708ec44b3383f82a8780a1a4ae140911dbd19f3615109,3812933ef07204e8ba32611318de18234f5b08f3c0b8f3db22ce9c487a9b4c91,576d0d3a30f3617b0fd9e24a26d20e665da4c28ddd09ab338c552f716abab1fc,38ad04bc14c2a22e2d4699472849a99e706e5988005381695628468a6a57aff5,e6002891104fad0bc1da003092c8ac6f220b69362c6893d85ca0b2daacd49eb0,98931d5efb8106f524beaa26c36aa83090811efd5607a4b577866bd036ebb779,0.23564176261425018,0.07709495723247528,0.06637825071811676,67.28297942373692,0.1585468053817749,32.717016332533326,0.6475335817843637,0.6134278531872577,-0.12908392451483008,1.0,False,0.999941349029541,0.9999969601631165,0.0,all_four_full_spatial_windows_common_frames
T01,0,BG6,spatial_E,"[0, 1, 2, 3, 4, 5, 6, 7, 8, 9, 10, 11]",cad3f55537b1e0df4e9708ec44b3383f82a8780a1a4ae140911dbd19f3615109,3812933ef07204e8ba32611318de18234f5b08f3c0b8f3db22ce9c487a9b4c91,576d0d3a30f3617b0fd9e24a26d20e665da4c28ddd09ab338c552f716abab1fc,38ad04bc14c2a22e2d4699472849a99e706e5988005381695628468a6a57aff5,e6002891104fad0bc1da003092c8ac6f220b69362c6893d85ca0b2daacd49eb0,98931d5efb8106f524beaa26c36aa83090811efd5607a4b577866bd036ebb779,0.1276663988828659,0.12474286556243896,0.22540335357189178,2.2899785041414353,0.002923533320426941,97.71001366294458,0.600844809667499,0.49767863754110664,-0.00427068928413155,1.0,False,0.9998687505722046,0.9999947547912598,0.22953944579725494,all_four_full_spatial_windows_common_frames
T01,0,BG6,spatial_EM,"[0, 1, 2, 3, 4, 5, 6, 7, 8, 9, 10, 11, 12, 13, 14, 15, 16, 17, 18, 19, 20, 21, 22, 23]",cad3f55537b1e0df4e9708ec44b3383f82a8780a1a4ae140911dbd19f3615109,3812933ef07204e8ba32611318de18234f5b08f3c0b8f3db22ce9c487a9b4c91,576d0d3a30f3617b0fd9e24a26d20e665da4c28ddd09ab338c552f716abab1fc,38ad04bc14c2a22e2d4699472849a99e706e5988005381695628468a6a57aff5,e6002891104fad0bc1da003092c8ac6f220b69362c6893d85ca0b2daacd49eb0,98931d5efb8106f524beaa26c36aa83090811efd5607a4b577866bd036ebb779,0.1276663988828659,0.12036266177892685,0.14298151433467865,5.720954452976151,0.007303737103939056,94.27903771410986,0.578844997489319,0.5581975915649439,0.01772912289404865,1.0,False,0.9998958110809326,0.9999956488609314,0.040687464377657724,all_four_full_spatial_windows_common_frames
T01,0,BG6,spatial_ML,"[12, 13, 14, 15, 16, 17, 18, 19, 20, 21, 22, 23, 24, 25, 26, 27, 28, 29, 30, 31, 32, 33, 34, 35]",cad3f55537b1e0df4e9708ec44b3383f82a8780a1a4ae140911dbd19f3615109,3812933ef07204e8ba32611318de18234f5b08f3c0b8f3db22ce9c487a9b4c91,576d0d3a30f3617b0fd9e24a26d20e665da4c28ddd09ab338c552f716abab1fc,38ad04bc14c2a22e2d4699472849a99e706e5988005381695628468a6a57aff5,e6002891104fad0bc1da003092c8ac6f220b69362c6893d85ca0b2daacd49eb0,98931d5efb8106f524beaa26c36aa83090811efd5607a4b577866bd036ebb779,0.1276663988828659,0.08089035749435425,0.11635567992925644,36.63927089186689,0.04677604138851166,63.36072127521912,0.6886348548246073,0.7346448319860512,-0.09206073444123966,1.0,False,0.9999653100967407,0.9999975562095642,0.009383717367885906,all_four_full_spatial_windows_common_frames
T01,0,BG6,spatial_all,"[0, 1, 2, 3, 4, 5, 6, 7, 8, 9, 10, 11, 12, 13, 14, 15, 16, 17, 18, 19, 20, 21, 22, 23, 24, 25, 26, 27, 28, 29, 30, 31, 32, 33, 34, 35]",cad3f55537b1e0df4e9708ec44b3383f82a8780a1a4ae140911dbd19f3615109,3812933ef07204e8ba32611318de18234f5b08f3c0b8f3db22ce9c487a9b4c91,576d0d3a30f3617b0fd9e24a26d20e665da4c28ddd09ab338c552f716abab1fc,38ad04bc14c2a22e2d4699472849a99e706e5988005381695628468a6a57aff5,e6002891104fad0bc1da003092c8ac6f220b69362c6893d85ca0b2daacd49eb0,98931d5efb8106f524beaa26c36aa83090811efd5607a4b577866bd036ebb779,0.1276663988828659,0.07567982375621796,0.1300760954618454,40.72063715236614,0.05198657512664795,59.27935501471988,0.6956886136992037,0.7470471125206152,-0.09911449331583608,1.0,False,0.9999645948410034,0.9999973773956299,0.0,all_four_full_spatial_windows_common_frames
T01,0,BG7,spatial_E,"[0, 1, 2, 3, 4, 5, 6, 7, 8, 9, 10, 11]",cad3f55537b1e0df4e9708ec44b3383f82a8780a1a4ae140911dbd19f3615109,3812933ef07204e8ba32611318de18234f5b08f3c0b8f3db22ce9c487a9b4c91,576d0d3a30f3617b0fd9e24a26d20e665da4c28ddd09ab338c552f716abab1fc,38ad04bc14c2a22e2d4699472849a99e706e5988005381695628468a6a57aff5,e6002891104fad0bc1da003092c8ac6f220b69362c6893d85ca0b2daacd49eb0,98931d5efb8106f524beaa26c36aa83090811efd5607a4b577866bd036ebb779,0.12621347606182098,0.12853002548217773,0.36803242564201355,-1.8354214693206992,-0.0023165494203567505,101.83541354623712,0.6226524017102804,0.8294750922930707,-0.00255435395110428,1.0,False,0.9999799728393555,0.9999983906745911,0.27848224412356143,all_four_full_spatial_windows_common_frames
T01,0,BG7,spatial_EM,"[0, 1, 2, 3, 4, 5, 6, 7, 8, 9, 10, 11, 12, 13, 14, 15, 16, 17, 18, 19, 20, 21, 22, 23]",cad3f55537b1e0df4e9708ec44b3383f82a8780a1a4ae140911dbd19f3615109,3812933ef07204e8ba32611318de18234f5b08f3c0b8f3db22ce9c487a9b4c91,576d0d3a30f3617b0fd9e24a26d20e665da4c28ddd09ab338c552f716abab1fc,38ad04bc14c2a22e2d4699472849a99e706e5988005381695628468a6a57aff5,e6002891104fad0bc1da003092c8ac6f220b69362c6893d85ca0b2daacd49eb0,98931d5efb8106f524beaa26c36aa83090811efd5607a4b577866bd036ebb779,0.12621347606182098,0.10403968393802643,0.10659696906805038,17.568480845964075,0.022173792123794556,82.43151123095234,0.766737672330833,0.705928381630844,-0.14663962457165708,1.0,False,0.9999815225601196,0.9999983906745911,0.044557519234183135,all_four_full_spatial_windows_common_frames
T01,0,BG7,spatial_ML,"[12, 13, 14, 15, 16, 17, 18, 19, 20, 21, 22, 23, 24, 25, 26, 27, 28, 29, 30, 31, 32, 33, 34, 35]",cad3f55537b1e0df4e9708ec44b3383f82a8780a1a4ae140911dbd19f3615109,3812933ef07204e8ba32611318de18234f5b08f3c0b8f3db22ce9c487a9b4c91,576d0d3a30f3617b0fd9e24a26d20e665da4c28ddd09ab338c552f716abab1fc,38ad04bc14c2a22e2d4699472849a99e706e5988005381695628468a6a57aff5,e6002891104fad0bc1da003092c8ac6f220b69362c6893d85ca0b2daacd49eb0,98931d5efb8106f524beaa26c36aa83090811efd5607a4b577866bd036ebb779,0.12621347606182098,0.09087129682302475,0.13570275902748108,28.001904029087022,0.035342179238796234,71.9980880478294,0.7608276890952197,0.7739962732945033,-0.14072964133604354,1.0,False,0.9999793767929077,0.9999983906745911,0.004630479349219089,all_four_full_spatial_windows_common_frames
T01,0,BG7,spatial_all,"[0, 1, 2, 3, 4, 5, 6, 7, 8, 9, 10, 11, 12, 13, 14, 15, 16, 17, 18, 19, 20, 21, 22, 23, 24, 25, 26, 27, 28, 29, 30, 31, 32, 33, 34, 35]",cad3f55537b1e0df4e9708ec44b3383f82a8780a1a4ae140911dbd19f3615109,3812933ef07204e8ba32611318de18234f5b08f3c0b8f3db22ce9c487a9b4c91,576d0d3a30f3617b0fd9e24a26d20e665da4c28ddd09ab338c552f716abab1fc,38ad04bc14c2a22e2d4699472849a99e706e5988005381695628468a6a57aff5,e6002891104fad0bc1da003092c8ac6f220b69362c6893d85ca0b2daacd49eb0,98931d5efb8106f524beaa26c36aa83090811efd5607a4b577866bd036ebb779,0.12621347606182098,0.08428642898797989,0.11960535496473312,33.21914985638277,0.041927047073841095,66.78084222053364,0.7539105496469369,0.7522669325914406,-0.1338125018877609,1.0,False,0.9999829530715942,0.9999984502792358,0.0,all_four_full_spatial_windows_common_frames
T01,0,BG8,spatial_E,"[0, 1, 2, 3, 4, 5, 6, 7, 8, 9, 10, 11]",cad3f55537b1e0df4e9708ec44b3383f82a8780a1a4ae140911dbd19f3615109,3812933ef07204e8ba32611318de18234f5b08f3c0b8f3db22ce9c487a9b4c91,576d0d3a30f3617b0fd9e24a26d20e665da4c28ddd09ab338c552f716abab1fc,38ad04bc14c2a22e2d4699472849a99e706e5988005381695628468a6a57aff5,e6002891104fad0bc1da003092c8ac6f220b69362c6893d85ca0b2daacd49eb0,98931d5efb8106f524beaa26c36aa83090811efd5607a4b577866bd036ebb779,0.2524532377719879,0.2045608013868332,0.08490734547376633,18.97081412413061,0.047892436385154724,81.02918191473992,0.5549774433491778,0.647285851373039,-0.02191270231671128,1.0,False,0.9999827146530151,0.9999983310699463,0.24711130818760846,all_four_full_spatial_windows_common_frames
T01,0,BG8,spatial_EM,"[0, 1, 2, 3, 4, 5, 6, 7, 8, 9, 10, 11, 12, 13, 14, 15, 16, 17, 18, 19, 20, 21, 22, 23]",cad3f55537b1e0df4e9708ec44b3383f82a8780a1a4ae140911dbd19f3615109,3812933ef07204e8ba32611318de18234f5b08f3c0b8f3db22ce9c487a9b4c91,576d0d3a30f3617b0fd9e24a26d20e665da4c28ddd09ab338c552f716abab1fc,38ad04bc14c2a22e2d4699472849a99e706e5988005381695628468a6a57aff5,e6002891104fad0bc1da003092c8ac6f220b69362c6893d85ca0b2daacd49eb0,98931d5efb8106f524beaa26c36aa83090811efd5607a4b577866bd036ebb779,0.2524532377719879,0.18038353323936462,0.1593630611896515,28.547743064773563,0.07206970453262329,71.45225297409696,0.8485267225135784,0.8002078288347441,-0.31546198148111204,1.0,False,0.9998966455459595,0.9999948143959045,0.03413375436703311,all_four_full_spatial_windows_common_frames
T01,0,BG8,spatial_ML,"[12, 13, 14, 15, 16, 17, 18, 19, 20, 21, 22, 23, 24, 25, 26, 27, 28, 29, 30, 31, 32, 33, 34, 35]",cad3f55537b1e0df4e9708ec44b3383f82a8780a1a4ae140911dbd19f3615109,3812933ef07204e8ba32611318de18234f5b08f3c0b8f3db22ce9c487a9b4c91,576d0d3a30f3617b0fd9e24a26d20e665da4c28ddd09ab338c552f716abab1fc,38ad04bc14c2a22e2d4699472849a99e706e5988005381695628468a6a57aff5,e6002891104fad0bc1da003092c8ac6f220b69362c6893d85ca0b2daacd49eb0,98931d5efb8106f524beaa26c36aa83090811efd5607a4b577866bd036ebb779,0.2524532377719879,0.18289265036582947,0.19662761688232422,27.553849284991,0.06956058740615845,72.44614675387953,0.8362680800959603,0.7806157758664073,-0.3032033390634938,1.0,False,0.9999061822891235,0.9999951124191284,0.029947187900556043,all_four_full_spatial_windows_common_frames
T01,0,BG8,spatial_all,"[0, 1, 2, 3, 4, 5, 6, 7, 8, 9, 10, 11, 12, 13, 14, 15, 16, 17, 18, 19, 20, 21, 22, 23, 24, 25, 26, 27, 28, 29, 30, 31, 32, 33, 34, 35]",cad3f55537b1e0df4e9708ec44b3383f82a8780a1a4ae140911dbd19f3615109,3812933ef07204e8ba32611318de18234f5b08f3c0b8f3db22ce9c487a9b4c91,576d0d3a30f3617b0fd9e24a26d20e665da4c28ddd09ab338c552f716abab1fc,38ad04bc14c2a22e2d4699472849a99e706e5988005381695628468a6a57aff5,e6002891104fad0bc1da003092c8ac6f220b69362c6893d85ca0b2daacd49eb0,98931d5efb8106f524beaa26c36aa83090811efd5607a4b577866bd036ebb779,0.2524532377719879,0.1975972205400467,0.22910480201244354,21.729178656273966,0.05485601723194122,78.27081738259656,0.872949420390013,0.835686463850685,-0.33988467935754646,1.0,False,0.9998624324798584,0.9999939799308777,0.0,all_four_full_spatial_windows_common_frames
T01,0,BG9,spatial_E,"[0, 1, 2, 3, 4, 5, 6, 7, 8, 9, 10, 11]",cad3f55537b1e0df4e9708ec44b3383f82a8780a1a4ae140911dbd19f3615109,3812933ef07204e8ba32611318de18234f5b08f3c0b8f3db22ce9c487a9b4c91,576d0d3a30f3617b0fd9e24a26d20e665da4c28ddd09ab338c552f716abab1fc,38ad04bc14c2a22e2d4699472849a99e706e5988005381695628468a6a57aff5,e6002891104fad0bc1da003092c8ac6f220b69362c6893d85ca0b2daacd49eb0,98931d5efb8106f524beaa26c36aa83090811efd5607a4b577866bd036ebb779,0.2467074692249298,0.23375990986824036,0.3423541486263275,5.248142211726308,0.012947559356689453,94.7518537348903,0.47355332717785686,0.3354922442551028,-0.00987917299962893,1.0,False,0.9996048808097839,0.9999882578849792,0.20440339732302631,all_four_full_spatial_windows_common_frames
T01,0,BG9,spatial_EM,"[0, 1, 2, 3, 4, 5, 6, 7, 8, 9, 10, 11, 12, 13, 14, 15, 16, 17, 18, 19, 20, 21, 22, 23]",cad3f55537b1e0df4e9708ec44b3383f82a8780a1a4ae140911dbd19f3615109,3812933ef07204e8ba32611318de18234f5b08f3c0b8f3db22ce9c487a9b4c91,576d0d3a30f3617b0fd9e24a26d20e665da4c28ddd09ab338c552f716abab1fc,38ad04bc14c2a22e2d4699472849a99e706e5988005381695628468a6a57aff5,e6002891104fad0bc1da003092c8ac6f220b69362c6893d85ca0b2daacd49eb0,98931d5efb8106f524beaa26c36aa83090811efd5607a4b577866bd036ebb779,0.2467074692249298,0.1100633516907692,0.1861717849969864,55.38709971965565,0.13664411753416061,44.612896226960956,0.6124526382399983,0.5076105250486697,-0.14877848406177047,1.0,False,0.9998412132263184,0.9999935626983643,0.03216023441913965,all_four_full_spatial_windows_common_frames
T01,0,BG9,spatial_ML,"[12, 13, 14, 15, 16, 17, 18, 19, 20, 21, 22, 23, 24, 25, 26, 27, 28, 29, 30, 31, 32, 33, 34, 35]",cad3f55537b1e0df4e9708ec44b3383f82a8780a1a4ae140911dbd19f3615109,3812933ef07204e8ba32611318de18234f5b08f3c0b8f3db22ce9c487a9b4c91,576d0d3a30f3617b0fd9e24a26d20e665da4c28ddd09ab338c552f716abab1fc,38ad04bc14c2a22e2d4699472849a99e706e5988005381695628468a6a57aff5,e6002891104fad0bc1da003092c8ac6f220b69362c6893d85ca0b2daacd49eb0,98931d5efb8106f524beaa26c36aa83090811efd5607a4b577866bd036ebb779,0.2467074692249298,0.15604765713214874,0.14648619294166565,36.74789770362985,0.09065981209278107,63.252098242986754,0.5733202952103131,0.5254914088813502,-0.10964614103208525,1.0,False,0.9998340606689453,0.9999935030937195,0.018612173109899214,all_four_full_spatial_windows_common_frames
T01,0,BG9,spatial_all,"[0, 1, 2, 3, 4, 5, 6, 7, 8, 9, 10, 11, 12, 13, 14, 15, 16, 17, 18, 19, 20, 21, 22, 23, 24, 25, 26, 27, 28, 29, 30, 31, 32, 33, 34, 35]",cad3f55537b1e0df4e9708ec44b3383f82a8780a1a4ae140911dbd19f3615109,3812933ef07204e8ba32611318de18234f5b08f3c0b8f3db22ce9c487a9b4c91,576d0d3a30f3617b0fd9e24a26d20e665da4c28ddd09ab338c552f716abab1fc,38ad04bc14c2a22e2d4699472849a99e706e5988005381695628468a6a57aff5,e6002891104fad0bc1da003092c8ac6f220b69362c6893d85ca0b2daacd49eb0,98931d5efb8106f524beaa26c36aa83090811efd5607a4b577866bd036ebb779,0.2467074692249298,0.12183547019958496,0.13013869524002075,50.61540874952385,0.12487199902534485,49.384587197092756,0.6013092900437499,0.5395253839433359,-0.13763513586552206,1.0,False,0.9998226761817932,0.9999929666519165,0.0,all_four_full_spatial_windows_common_frames
T01,0,BG10,spatial_E,"[0, 1, 2, 3, 4, 5, 6, 7, 8, 9, 10, 11]",cad3f55537b1e0df4e9708ec44b3383f82a8780a1a4ae140911dbd19f3615109,3812933ef07204e8ba32611318de18234f5b08f3c0b8f3db22ce9c487a9b4c91,576d0d3a30f3617b0fd9e24a26d20e665da4c28ddd09ab338c552f716abab1fc,38ad04bc14c2a22e2d4699472849a99e706e5988005381695628468a6a57aff5,e6002891104fad0bc1da003092c8ac6f220b69362c6893d85ca0b2daacd49eb0,98931d5efb8106f524beaa26c36aa83090811efd5607a4b577866bd036ebb779,0.32834896445274353,0.28299325704574585,0.3946221172809601,13.813263002447826,0.04535570740699768,86.18673395201198,0.5691785806860323,0.3380008249435945,-0.0071995646001451865,1.0,False,0.9999710321426392,0.9999982714653015,0.22437303328232944,all_four_full_spatial_windows_common_frames
T01,0,BG10,spatial_EM,"[0, 1, 2, 3, 4, 5, 6, 7, 8, 9, 10, 11, 12, 13, 14, 15, 16, 17, 18, 19, 20, 21, 22, 23]",cad3f55537b1e0df4e9708ec44b3383f82a8780a1a4ae140911dbd19f3615109,3812933ef07204e8ba32611318de18234f5b08f3c0b8f3db22ce9c487a9b4c91,576d0d3a30f3617b0fd9e24a26d20e665da4c28ddd09ab338c552f716abab1fc,38ad04bc14c2a22e2d4699472849a99e706e5988005381695628468a6a57aff5,e6002891104fad0bc1da003092c8ac6f220b69362c6893d85ca0b2daacd49eb0,98931d5efb8106f524beaa26c36aa83090811efd5607a4b577866bd036ebb779,0.32834896445274353,0.08416483551263809,0.12265444546937943,74.36725799040033,0.24418412894010544,25.632738964059477,0.6875099537676046,0.594993804407465,-0.1255309376817177,1.0,False,0.9997642636299133,0.9999924302101135,0.0369149415112815,all_four_full_spatial_windows_common_frames
T01,0,BG10,spatial_ML,"[12, 13, 14, 15, 16, 17, 18, 19, 20, 21, 22, 23, 24, 25, 26, 27, 28, 29, 30, 31, 32, 33, 34, 35]",cad3f55537b1e0df4e9708ec44b3383f82a8780a1a4ae140911dbd19f3615109,3812933ef07204e8ba32611318de18234f5b08f3c0b8f3db22ce9c487a9b4c91,576d0d3a30f3617b0fd9e24a26d20e665da4c28ddd09ab338c552f716abab1fc,38ad04bc14c2a22e2d4699472849a99e706e5988005381695628468a6a57aff5,e6002891104fad0bc1da003092c8ac6f220b69362c6893d85ca0b2daacd49eb0,98931d5efb8106f524beaa26c36aa83090811efd5607a4b577866bd036ebb779,0.32834896445274353,0.14592893421649933,0.21225996315479279,55.55675346337906,0.1824200302362442,44.44324349108075,0.7566842388454831,0.7363463420918077,-0.19470522275959615,1.0,False,0.999907374382019,0.9999947547912598,0.03023923333768979,all_four_full_spatial_windows_common_frames
T01,0,BG10,spatial_all,"[0, 1, 2, 3, 4, 5, 6, 7, 8, 9, 10, 11, 12, 13, 14, 15, 16, 17, 18, 19, 20, 21, 22, 23, 24, 25, 26, 27, 28, 29, 30, 31, 32, 33, 34, 35]",cad3f55537b1e0df4e9708ec44b3383f82a8780a1a4ae140911dbd19f3615109,3812933ef07204e8ba32611318de18234f5b08f3c0b8f3db22ce9c487a9b4c91,576d0d3a30f3617b0fd9e24a26d20e665da4c28ddd09ab338c552f716abab1fc,38ad04bc14c2a22e2d4699472849a99e706e5988005381695628468a6a57aff5,e6002891104fad0bc1da003092c8ac6f220b69362c6893d85ca0b2daacd49eb0,98931d5efb8106f524beaa26c36aa83090811efd5607a4b577866bd036ebb779,0.32834896445274353,0.1420096457004547,0.22988788783550262,56.75038853489919,0.18633931875228882,43.24960841956062,0.8087741226332404,0.8002503122056148,-0.24679510654735357,1.0,False,0.9998821020126343,0.9999940395355225,0.0,all_four_full_spatial_windows_common_frames
T01,0,BG11,spatial_E,"[0, 1, 2, 3, 4, 5, 6, 7, 8, 9, 10, 11]",cad3f55537b1e0df4e9708ec44b3383f82a8780a1a4ae140911dbd19f3615109,3812933ef07204e8ba32611318de18234f5b08f3c0b8f3db22ce9c487a9b4c91,576d0d3a30f3617b0fd9e24a26d20e665da4c28ddd09ab338c552f716abab1fc,38ad04bc14c2a22e2d4699472849a99e706e5988005381695628468a6a57aff5,e6002891104fad0bc1da003092c8ac6f220b69362c6893d85ca0b2daacd49eb0,98931d5efb8106f524beaa26c36aa83090811efd5607a4b577866bd036ebb779,0.16778171062469482,0.15849344432353973,0.21392104029655457,5.535922665813932,0.00928826630115509,94.46407137406123,0.5570317357902093,0.475898936819476,-0.006219366656655371,1.0,False,0.9999322891235352,0.9999962449073792,0.16600315555211453,all_four_full_spatial_windows_common_frames
T01,0,BG11,spatial_EM,"[0, 1, 2, 3, 4, 5, 6, 7, 8, 9, 10, 11, 12, 13, 14, 15, 16, 17, 18, 19, 20, 21, 22, 23]",cad3f55537b1e0df4e9708ec44b3383f82a8780a1a4ae140911dbd19f3615109,3812933ef07204e8ba32611318de18234f5b08f3c0b8f3db22ce9c487a9b4c91,576d0d3a30f3617b0fd9e24a26d20e665da4c28ddd09ab338c552f716abab1fc,38ad04bc14c2a22e2d4699472849a99e706e5988005381695628468a6a57aff5,e6002891104fad0bc1da003092c8ac6f220b69362c6893d85ca0b2daacd49eb0,98931d5efb8106f524beaa26c36aa83090811efd5607a4b577866bd036ebb779,0.16778171062469482,0.0793226882815361,0.12438999116420746,52.722681597138745,0.08845902234315872,47.277312442736424,0.6320915246673169,0.5520646129582344,-0.0812791555337629,1.0,False,0.999901533126831,0.9999958872795105,0.03620763648231611,all_four_full_spatial_windows_common_frames
T01,0,BG11,spatial_ML,"[12, 13, 14, 15, 16, 17, 18, 19, 20, 21, 22, 23, 24, 25, 26, 27, 28, 29, 30, 31, 32, 33, 34, 35]",cad3f55537b1e0df4e9708ec44b3383f82a8780a1a4ae140911dbd19f3615109,3812933ef07204e8ba32611318de18234f5b08f3c0b8f3db22ce9c487a9b4c91,576d0d3a30f3617b0fd9e24a26d20e665da4c28ddd09ab338c552f716abab1fc,38ad04bc14c2a22e2d4699472849a99e706e5988005381695628468a6a57aff5,e6002891104fad0bc1da003092c8ac6f220b69362c6893d85ca0b2daacd49eb0,98931d5efb8106f524beaa26c36aa83090811efd5607a4b577866bd036ebb779,0.16778171062469482,0.09214963018894196,0.09897474944591522,45.07766409484599,0.07563208043575287,54.922329945029176,0.7128053292428148,0.6675798404077599,-0.1619929601092607,1.0,False,0.9999165534973145,0.9999961853027344,0.011444038788677497,all_four_full_spatial_windows_common_frames
T01,0,BG11,spatial_all,"[0, 1, 2, 3, 4, 5, 6, 7, 8, 9, 10, 11, 12, 13, 14, 15, 16, 17, 18, 19, 20, 21, 22, 23, 24, 25, 26, 27, 28, 29, 30, 31, 32, 33, 34, 35]",cad3f55537b1e0df4e9708ec44b3383f82a8780a1a4ae140911dbd19f3615109,3812933ef07204e8ba32611318de18234f5b08f3c0b8f3db22ce9c487a9b4c91,576d0d3a30f3617b0fd9e24a26d20e665da4c28ddd09ab338c552f716abab1fc,38ad04bc14c2a22e2d4699472849a99e706e5988005381695628468a6a57aff5,e6002891104fad0bc1da003092c8ac6f220b69362c6893d85ca0b2daacd49eb0,98931d5efb8106f524beaa26c36aa83090811efd5607a4b577866bd036ebb779,0.16778171062469482,0.08055776357650757,0.09854276478290558,51.986561303239654,0.08722394704818726,48.013432736635515,0.7260740646648299,0.6920278998934893,-0.17526169553127585,1.0,False,0.99988853931427,0.9999954700469971,0.0,all_four_full_spatial_windows_common_frames
T01,0,BG12,spatial_E,"[0, 1, 2, 3, 4, 5, 6, 7, 8, 9, 10, 11]",cad3f55537b1e0df4e9708ec44b3383f82a8780a1a4ae140911dbd19f3615109,3812933ef07204e8ba32611318de18234f5b08f3c0b8f3db22ce9c487a9b4c91,576d0d3a30f3617b0fd9e24a26d20e665da4c28ddd09ab338c552f716abab1fc,38ad04bc14c2a22e2d4699472849a99e706e5988005381695628468a6a57aff5,e6002891104fad0bc1da003092c8ac6f220b69362c6893d85ca0b2daacd49eb0,98931d5efb8106f524beaa26c36aa83090811efd5607a4b577866bd036ebb779,0.12608034908771515,0.12566976249217987,0.1696282923221588,0.3256546844458381,0.0004105865955352783,99.67433738410467,0.6374922722983865,0.6389207809677737,-0.0031861386130403293,1.0,False,0.999975323677063,0.9999983310699463,0.18142263539208092,all_four_full_spatial_windows_common_frames
T01,0,BG12,spatial_EM,"[0, 1, 2, 3, 4, 5, 6, 7, 8, 9, 10, 11, 12, 13, 14, 15, 16, 17, 18, 19, 20, 21, 22, 23]",cad3f55537b1e0df4e9708ec44b3383f82a8780a1a4ae140911dbd19f3615109,3812933ef07204e8ba32611318de18234f5b08f3c0b8f3db22ce9c487a9b4c91,576d0d3a30f3617b0fd9e24a26d20e665da4c28ddd09ab338c552f716abab1fc,38ad04bc14c2a22e2d4699472849a99e706e5988005381695628468a6a57aff5,e6002891104fad0bc1da003092c8ac6f220b69362c6893d85ca0b2daacd49eb0,98931d5efb8106f524beaa26c36aa83090811efd5607a4b577866bd036ebb779,0.12608034908771515,0.10734625905752182,0.038732148706912994,14.858848884749658,0.01873409003019333,85.14114318380085,0.7615593446711924,0.6720501656651813,-0.12725321098584624,1.0,False,0.9999508857727051,0.9999972581863403,0.03768504306211233,all_four_full_spatial_windows_common_frames
T01,0,BG12,spatial_ML,"[12, 13, 14, 15, 16, 17, 18, 19, 20, 21, 22, 23, 24, 25, 26, 27, 28, 29, 30, 31, 32, 33, 34, 35]",cad3f55537b1e0df4e9708ec44b3383f82a8780a1a4ae140911dbd19f3615109,3812933ef07204e8ba32611318de18234f5b08f3c0b8f3db22ce9c487a9b4c91,576d0d3a30f3617b0fd9e24a26d20e665da4c28ddd09ab338c552f716abab1fc,38ad04bc14c2a22e2d4699472849a99e706e5988005381695628468a6a57aff5,e6002891104fad0bc1da003092c8ac6f220b69362c6893d85ca0b2daacd49eb0,98931d5efb8106f524beaa26c36aa83090811efd5607a4b577866bd036ebb779,0.12608034908771515,0.07881497591733932,0.10590619593858719,37.48829200073337,0.047265373170375824,62.511700067817145,0.7181019776319799,0.6700171793988963,-0.08379584394663384,1.0,False,0.9999635219573975,0.9999974966049194,0.00734250698898638,all_four_full_spatial_windows_common_frames
T01,0,BG12,spatial_all,"[0, 1, 2, 3, 4, 5, 6, 7, 8, 9, 10, 11, 12, 13, 14, 15, 16, 17, 18, 19, 20, 21, 22, 23, 24, 25, 26, 27, 28, 29, 30, 31, 32, 33, 34, 35]",cad3f55537b1e0df4e9708ec44b3383f82a8780a1a4ae140911dbd19f3615109,3812933ef07204e8ba32611318de18234f5b08f3c0b8f3db22ce9c487a9b4c91,576d0d3a30f3617b0fd9e24a26d20e665da4c28ddd09ab338c552f716abab1fc,38ad04bc14c2a22e2d4699472849a99e706e5988005381695628468a6a57aff5,e6002891104fad0bc1da003092c8ac6f220b69362c6893d85ca0b2daacd49eb0,98931d5efb8106f524beaa26c36aa83090811efd5607a4b577866bd036ebb779,0.12608034908771515,0.07570959627628326,0.10331135243177414,39.95130817829329,0.050370752811431885,60.04868389025722,0.7275363376253045,0.7066195863108699,-0.09323020393995848,1.0,False,0.9999592304229736,0.9999972581863403,0.0,all_four_full_spatial_windows_common_frames
T01,0,BG13,spatial_E,"[0, 1, 2, 3, 4, 5, 6, 7, 8, 9, 10, 11]",cad3f55537b1e0df4e9708ec44b3383f82a8780a1a4ae140911dbd19f3615109,3812933ef07204e8ba32611318de18234f5b08f3c0b8f3db22ce9c487a9b4c91,576d0d3a30f3617b0fd9e24a26d20e665da4c28ddd09ab338c552f716abab1fc,38ad04bc14c2a22e2d4699472849a99e706e5988005381695628468a6a57aff5,e6002891104fad0bc1da003092c8ac6f220b69362c6893d85ca0b2daacd49eb0,98931d5efb8106f524beaa26c36aa83090811efd5607a4b577866bd036ebb779,0.17652085423469543,0.16346018016338348,0.21063396334648132,7.398940701959727,0.01306067407131195,92.60105363298757,0.5830534672290458,0.527729829270295,-0.014096379931990158,1.0,False,0.999964714050293,0.9999978542327881,0.16370475854647304,all_four_full_spatial_windows_common_frames
T01,0,BG13,spatial_EM,"[0, 1, 2, 3, 4, 5, 6, 7, 8, 9, 10, 11, 12, 13, 14, 15, 16, 17, 18, 19, 20, 21, 22, 23]",cad3f55537b1e0df4e9708ec44b3383f82a8780a1a4ae140911dbd19f3615109,3812933ef07204e8ba32611318de18234f5b08f3c0b8f3db22ce9c487a9b4c91,576d0d3a30f3617b0fd9e24a26d20e665da4c28ddd09ab338c552f716abab1fc,38ad04bc14c2a22e2d4699472849a99e706e5988005381695628468a6a57aff5,e6002891104fad0bc1da003092c8ac6f220b69362c6893d85ca0b2daacd49eb0,98931d5efb8106f524beaa26c36aa83090811efd5607a4b577866bd036ebb779,0.17652085423469543,0.10459060966968536,0.0781952440738678,40.74886267799729,0.07193024456501007,59.25113165695001,0.6712201468012632,0.5911286242057502,-0.10226305950420742,1.0,False,0.9999711513519287,0.9999977946281433,0.04196846943149691,all_four_full_spatial_windows_common_frames
T01,0,BG13,spatial_ML,"[12, 13, 14, 15, 16, 17, 18, 19, 20, 21, 22, 23, 24, 25, 26, 27, 28, 29, 30, 31, 32, 33, 34, 35]",cad3f55537b1e0df4e9708ec44b3383f82a8780a1a4ae140911dbd19f3615109,3812933ef07204e8ba32611318de18234f5b08f3c0b8f3db22ce9c487a9b4c91,576d0d3a30f3617b0fd9e24a26d20e665da4c28ddd09ab338c552f716abab1fc,38ad04bc14c2a22e2d4699472849a99e706e5988005381695628468a6a57aff5,e6002891104fad0bc1da003092c8ac6f220b69362c6893d85ca0b2daacd49eb0,98931d5efb8106f524beaa26c36aa83090811efd5607a4b577866bd036ebb779,0.17652085423469543,0.11004487425088882,0.10867816209793091,37.65899304425718,0.06647597998380661,62.341001290690116,0.6411941928364712,0.5610465794731371,-0.07223710553941558,1.0,False,0.999967098236084,0.9999975562095642,0.006174594992459501,all_four_full_spatial_windows_common_frames
T01,0,BG13,spatial_all,"[0, 1, 2, 3, 4, 5, 6, 7, 8, 9, 10, 11, 12, 13, 14, 15, 16, 17, 18, 19, 20, 21, 22, 23, 24, 25, 26, 27, 28, 29, 30, 31, 32, 33, 34, 35]",cad3f55537b1e0df4e9708ec44b3383f82a8780a1a4ae140911dbd19f3615109,3812933ef07204e8ba32611318de18234f5b08f3c0b8f3db22ce9c487a9b4c91,576d0d3a30f3617b0fd9e24a26d20e665da4c28ddd09ab338c552f716abab1fc,38ad04bc14c2a22e2d4699472849a99e706e5988005381695628468a6a57aff5,e6002891104fad0bc1da003092c8ac6f220b69362c6893d85ca0b2daacd49eb0,98931d5efb8106f524beaa26c36aa83090811efd5607a4b577866bd036ebb779,0.17652085423469543,0.10758785903453827,0.08372712135314941,39.05090511482341,0.06893299520015717,60.94908922012388,0.6495066854361686,0.5921919710758505,-0.08054959813911303,1.0,False,0.9999620914459229,0.9999973177909851,0.0,all_four_full_spatial_windows_common_frames
T01,0,BG14,spatial_E,"[0, 1, 2, 3, 4, 5, 6, 7, 8, 9, 10, 11]",cad3f55537b1e0df4e9708ec44b3383f82a8780a1a4ae140911dbd19f3615109,3812933ef07204e8ba32611318de18234f5b08f3c0b8f3db22ce9c487a9b4c91,576d0d3a30f3617b0fd9e24a26d20e665da4c28ddd09ab338c552f716abab1fc,38ad04bc14c2a22e2d4699472849a99e706e5988005381695628468a6a57aff5,e6002891104fad0bc1da003092c8ac6f220b69362c6893d85ca0b2daacd49eb0,98931d5efb8106f524beaa26c36aa83090811efd5607a4b577866bd036ebb779,0.11310245096683502,0.1089504137635231,0.05619990453124046,3.671040548383311,0.00415203720331192,96.3289506100761,0.6261316558815098,0.6694338694608788,-0.002734210729936519,1.0,False,0.9999785423278809,0.9999982714653015,0.14502655518810897,all_four_full_spatial_windows_common_frames
T01,0,BG14,spatial_EM,"[0, 1, 2, 3, 4, 5, 6, 7, 8, 9, 10, 11, 12, 13, 14, 15, 16, 17, 18, 19, 20, 21, 22, 23]",cad3f55537b1e0df4e9708ec44b3383f82a8780a1a4ae140911dbd19f3615109,3812933ef07204e8ba32611318de18234f5b08f3c0b8f3db22ce9c487a9b4c91,576d0d3a30f3617b0fd9e24a26d20e665da4c28ddd09ab338c552f716abab1fc,38ad04bc14c2a22e2d4699472849a99e706e5988005381695628468a6a57aff5,e6002891104fad0bc1da003092c8ac6f220b69362c6893d85ca0b2daacd49eb0,98931d5efb8106f524beaa26c36aa83090811efd5607a4b577866bd036ebb779,0.11310245096683502,0.07641555368900299,0.006162823643535376,32.43686915759482,0.03668689727783203,67.56312200086458,0.741715542694983,0.6743832565451074,-0.11831809754340945,1.0,False,0.9999183416366577,0.9999966621398926,0.03249207547200621,all_four_full_spatial_windows_common_frames
T01,0,BG14,spatial_ML,"[12, 13, 14, 15, 16, 17, 18, 19, 20, 21, 22, 23, 24, 25, 26, 27, 28, 29, 30, 31, 32, 33, 34, 35]",cad3f55537b1e0df4e9708ec44b3383f82a8780a1a4ae140911dbd19f3615109,3812933ef07204e8ba32611318de18234f5b08f3c0b8f3db22ce9c487a9b4c91,576d0d3a30f3617b0fd9e24a26d20e665da4c28ddd09ab338c552f716abab1fc,38ad04bc14c2a22e2d4699472849a99e706e5988005381695628468a6a57aff5,e6002891104fad0bc1da003092c8ac6f220b69362c6893d85ca0b2daacd49eb0,98931d5efb8106f524beaa26c36aa83090811efd5607a4b577866bd036ebb779,0.11310245096683502,0.07103890925645828,0.08736485987901688,37.19065115896198,0.04206354171037674,62.80933999949744,0.7312649379535037,0.7138349127752225,-0.1078674928019302,1.0,False,0.9999157190322876,0.9999961256980896,0.009183089097773373,all_four_full_spatial_windows_common_frames
T01,0,BG14,spatial_all,"[0, 1, 2, 3, 4, 5, 6, 7, 8, 9, 10, 11, 12, 13, 14, 15, 16, 17, 18, 19, 20, 21, 22, 23, 24, 25, 26, 27, 28, 29, 30, 31, 32, 33, 34, 35]",cad3f55537b1e0df4e9708ec44b3383f82a8780a1a4ae140911dbd19f3615109,3812933ef07204e8ba32611318de18234f5b08f3c0b8f3db22ce9c487a9b4c91,576d0d3a30f3617b0fd9e24a26d20e665da4c28ddd09ab338c552f716abab1fc,38ad04bc14c2a22e2d4699472849a99e706e5988005381695628468a6a57aff5,e6002891104fad0bc1da003092c8ac6f220b69362c6893d85ca0b2daacd49eb0,98931d5efb8106f524beaa26c36aa83090811efd5607a4b577866bd036ebb779,0.11310245096683502,0.07506464421749115,0.12199098616838455,33.63128125080999,0.03803780674934387,66.36870990764942,0.7499641357781793,0.7331867658422184,-0.12656669062660592,1.0,False,0.999900221824646,0.9999955892562866,0.0,all_four_full_spatial_windows_common_frames
T01,0,BG15,spatial_E,"[0, 1, 2, 3, 4, 5, 6, 7, 8, 9, 10, 11]",cad3f55537b1e0df4e9708ec44b3383f82a8780a1a4ae140911dbd19f3615109,3812933ef07204e8ba32611318de18234f5b08f3c0b8f3db22ce9c487a9b4c91,576d0d3a30f3617b0fd9e24a26d20e665da4c28ddd09ab338c552f716abab1fc,38ad04bc14c2a22e2d4699472849a99e706e5988005381695628468a6a57aff5,e6002891104fad0bc1da003092c8ac6f220b69362c6893d85ca0b2daacd49eb0,98931d5efb8106f524beaa26c36aa83090811efd5607a4b577866bd036ebb779,0.11226721107959747,0.10725639015436172,0.10871784389019012,4.463298260213527,0.005010820925235748,95.53669283246704,0.599979240377537,0.5770073358893753,-0.0022800327025365007,1.0,False,0.9999412298202515,0.9999963641166687,0.12229833396279645,all_four_full_spatial_windows_common_frames
T01,0,BG15,spatial_EM,"[0, 1, 2, 3, 4, 5, 6, 7, 8, 9, 10, 11, 12, 13, 14, 15, 16, 17, 18, 19, 20, 21, 22, 23]",cad3f55537b1e0df4e9708ec44b3383f82a8780a1a4ae140911dbd19f3615109,3812933ef07204e8ba32611318de18234f5b08f3c0b8f3db22ce9c487a9b4c91,576d0d3a30f3617b0fd9e24a26d20e665da4c28ddd09ab338c552f716abab1fc,38ad04bc14c2a22e2d4699472849a99e706e5988005381695628468a6a57aff5,e6002891104fad0bc1da003092c8ac6f220b69362c6893d85ca0b2daacd49eb0,98931d5efb8106f524beaa26c36aa83090811efd5607a4b577866bd036ebb779,0.11226721107959747,0.03483455255627632,0.04359523206949234,68.97174240059027,0.07743265852332115,31.028248692090294,0.6759440077410743,0.6251991741196676,-0.07824480006607389,1.0,False,0.9998883008956909,0.9999957084655762,0.036072881925146946,all_four_full_spatial_windows_common_frames
T01,0,BG15,spatial_ML,"[12, 13, 14, 15, 16, 17, 18, 19, 20, 21, 22, 23, 24, 25, 26, 27, 28, 29, 30, 31, 32, 33, 34, 35]",cad3f55537b1e0df4e9708ec44b3383f82a8780a1a4ae140911dbd19f3615109,3812933ef07204e8ba32611318de18234f5b08f3c0b8f3db22ce9c487a9b4c91,576d0d3a30f3617b0fd9e24a26d20e665da4c28ddd09ab338c552f716abab1fc,38ad04bc14c2a22e2d4699472849a99e706e5988005381695628468a6a57aff5,e6002891104fad0bc1da003092c8ac6f220b69362c6893d85ca0b2daacd49eb0,98931d5efb8106f524beaa26c36aa83090811efd5607a4b577866bd036ebb779,0.11226721107959747,0.0404365174472332,0.02310750260949135,63.981893327025794,0.07183069363236427,36.01809776565477,0.6657571967745596,0.6605156685770693,-0.06805798909955925,1.0,False,0.9999052286148071,0.9999961853027344,0.006315010806971673,all_four_full_spatial_windows_common_frames
T01,0,BG15,spatial_all,"[0, 1, 2, 3, 4, 5, 6, 7, 8, 9, 10, 11, 12, 13, 14, 15, 16, 17, 18, 19, 20, 21, 22, 23, 24, 25, 26, 27, 28, 29, 30, 31, 32, 33, 34, 35]",cad3f55537b1e0df4e9708ec44b3383f82a8780a1a4ae140911dbd19f3615109,3812933ef07204e8ba32611318de18234f5b08f3c0b8f3db22ce9c487a9b4c91,576d0d3a30f3617b0fd9e24a26d20e665da4c28ddd09ab338c552f716abab1fc,38ad04bc14c2a22e2d4699472849a99e706e5988005381695628468a6a57aff5,e6002891104fad0bc1da003092c8ac6f220b69362c6893d85ca0b2daacd49eb0,98931d5efb8106f524beaa26c36aa83090811efd5607a4b577866bd036ebb779,0.11226721107959747,0.040837809443473816,0.026849189773201942,63.62444972738766,0.07142940163612366,36.37554136529291,0.6673145385875038,0.6574796517549075,-0.0696153309125033,1.0,False,0.9998871088027954,0.9999955892562866,0.0,all_four_full_spatial_windows_common_frames
T01,1,BG1,spatial_E,"[0, 1, 2, 3, 4, 5, 6, 7, 8, 9, 10, 11]",cad3f55537b1e0df4e9708ec44b3383f82a8780a1a4ae140911dbd19f3615109,3812933ef07204e8ba32611318de18234f5b08f3c0b8f3db22ce9c487a9b4c91,2c656eaa5f0435d44e4abcec2029b5567f0b7544fe5796246b9e233c19f7ac69,38ad04bc14c2a22e2d4699472849a99e706e5988005381695628468a6a57aff5,e6002891104fad0bc1da003092c8ac6f220b69362c6893d85ca0b2daacd49eb0,98931d5efb8106f524beaa26c36aa83090811efd5607a4b577866bd036ebb779,0.04065796732902527,0.035896990448236465,0.020914314314723015,11.709822262579687,0.004760976880788803,88.29015314200102,0.2149700172136959,0.7957619201909046,-0.001516569563495517,1.0,False,0.9999924898147583,0.9999991655349731,0.07807148034565843,all_four_full_spatial_windows_common_frames
T01,1,BG1,spatial_EM,"[0, 1, 2, 3, 4, 5, 6, 7, 8, 9, 10, 11, 12, 13, 14, 15, 16, 17, 18, 19, 20, 21, 22, 23]",cad3f55537b1e0df4e9708ec44b3383f82a8780a1a4ae140911dbd19f3615109,3812933ef07204e8ba32611318de18234f5b08f3c0b8f3db22ce9c487a9b4c91,2c656eaa5f0435d44e4abcec2029b5567f0b7544fe5796246b9e233c19f7ac69,38ad04bc14c2a22e2d4699472849a99e706e5988005381695628468a6a57aff5,e6002891104fad0bc1da003092c8ac6f220b69362c6893d85ca0b2daacd49eb0,98931d5efb8106f524beaa26c36aa83090811efd5607a4b577866bd036ebb779,0.04065796732902527,0.04401817545294762,0.058163661509752274,-8.264572771856837,-0.003360208123922348,108.26454817643754,0.22460865876426794,0.7677377604842754,-0.01115521111406755,1.0,False,0.9999943971633911,0.9999992251396179,0.04221404362214699,all_four_full_spatial_windows_common_frames
T01,1,BG1,spatial_ML,"[12, 13, 14, 15, 16, 17, 18, 19, 20, 21, 22, 23, 24, 25, 26, 27, 28, 29, 30, 31, 32, 33, 34, 35]",cad3f55537b1e0df4e9708ec44b3383f82a8780a1a4ae140911dbd19f3615109,3812933ef07204e8ba32611318de18234f5b08f3c0b8f3db22ce9c487a9b4c91,2c656eaa5f0435d44e4abcec2029b5567f0b7544fe5796246b9e233c19f7ac69,38ad04bc14c2a22e2d4699472849a99e706e5988005381695628468a6a57aff5,e6002891104fad0bc1da003092c8ac6f220b69362c6893d85ca0b2daacd49eb0,98931d5efb8106f524beaa26c36aa83090811efd5607a4b577866bd036ebb779,0.04065796732902527,0.034211643040180206,0.027121180668473244,15.855004878078635,0.006446324288845062,84.14497052650206,0.2249646027278725,0.7923414949942895,-0.011511155077672105,1.0,False,0.9999940395355225,0.9999994039535522,0.007970714322277197,all_four_full_spatial_windows_common_frames
T01,1,BG1,spatial_all,"[0, 1, 2, 3, 4, 5, 6, 7, 8, 9, 10, 11, 12, 13, 14, 15, 16, 17, 18, 19, 20, 21, 22, 23, 24, 25, 26, 27, 28, 29, 30, 31, 32, 33, 34, 35]",cad3f55537b1e0df4e9708ec44b3383f82a8780a1a4ae140911dbd19f3615109,3812933ef07204e8ba32611318de18234f5b08f3c0b8f3db22ce9c487a9b4c91,2c656eaa5f0435d44e4abcec2029b5567f0b7544fe5796246b9e233c19f7ac69,38ad04bc14c2a22e2d4699472849a99e706e5988005381695628468a6a57aff5,e6002891104fad0bc1da003092c8ac6f220b69362c6893d85ca0b2daacd49eb0,98931d5efb8106f524beaa26c36aa83090811efd5607a4b577866bd036ebb779,0.04065796732902527,0.03531859442591667,0.04950800910592079,13.13241153119754,0.005339372903108597,86.86756387338316,0.2197977889680835,0.7770201918720407,-0.006344341317883117,1.0,False,0.9999947547912598,0.9999994039535522,0.0,all_four_full_spatial_windows_common_frames
T01,1,BG2,spatial_E,"[0, 1, 2, 3, 4, 5, 6, 7, 8, 9, 10, 11]",cad3f55537b1e0df4e9708ec44b3383f82a8780a1a4ae140911dbd19f3615109,3812933ef07204e8ba32611318de18234f5b08f3c0b8f3db22ce9c487a9b4c91,2c656eaa5f0435d44e4abcec2029b5567f0b7544fe5796246b9e233c19f7ac69,38ad04bc14c2a22e2d4699472849a99e706e5988005381695628468a6a57aff5,e6002891104fad0bc1da003092c8ac6f220b69362c6893d85ca0b2daacd49eb0,98931d5efb8106f524beaa26c36aa83090811efd5607a4b577866bd036ebb779,0.07067588716745377,0.07714764773845673,0.0414278544485569,-9.156955667176454,-0.00647176057100296,109.15694151808123,0.24315896057280958,0.7801606438431533,-0.002917571392858767,1.0,False,0.9999940395355225,0.9999992251396179,0.07599625471754906,all_four_full_spatial_windows_common_frames
T01,1,BG2,spatial_EM,"[0, 1, 2, 3, 4, 5, 6, 7, 8, 9, 10, 11, 12, 13, 14, 15, 16, 17, 18, 19, 20, 21, 22, 23]",cad3f55537b1e0df4e9708ec44b3383f82a8780a1a4ae140911dbd19f3615109,3812933ef07204e8ba32611318de18234f5b08f3c0b8f3db22ce9c487a9b4c91,2c656eaa5f0435d44e4abcec2029b5567f0b7544fe5796246b9e233c19f7ac69,38ad04bc14c2a22e2d4699472849a99e706e5988005381695628468a6a57aff5,e6002891104fad0bc1da003092c8ac6f220b69362c6893d85ca0b2daacd49eb0,98931d5efb8106f524beaa26c36aa83090811efd5607a4b577866bd036ebb779,0.07067588716745377,0.10774525254964828,0.024670468643307686,-52.44979811768835,-0.03706936538219452,152.44978396859312,0.2706003194563306,0.8004160763831124,-0.030358930276379807,1.0,False,0.9999949932098389,0.9999992847442627,0.04064251220896075,all_four_full_spatial_windows_common_frames
T01,1,BG2,spatial_ML,"[12, 13, 14, 15, 16, 17, 18, 19, 20, 21, 22, 23, 24, 25, 26, 27, 28, 29, 30, 31, 32, 33, 34, 35]",cad3f55537b1e0df4e9708ec44b3383f82a8780a1a4ae140911dbd19f3615109,3812933ef07204e8ba32611318de18234f5b08f3c0b8f3db22ce9c487a9b4c91,2c656eaa5f0435d44e4abcec2029b5567f0b7544fe5796246b9e233c19f7ac69,38ad04bc14c2a22e2d4699472849a99e706e5988005381695628468a6a57aff5,e6002891104fad0bc1da003092c8ac6f220b69362c6893d85ca0b2daacd49eb0,98931d5efb8106f524beaa26c36aa83090811efd5607a4b577866bd036ebb779,0.07067588716745377,0.07749289274215698,0.02756737917661667,-9.64544611093023,-0.0068170055747032166,109.645431961835,0.25412128710728094,0.7938626636084034,-0.013879897927330086,1.0,False,0.9999947547912598,0.9999992847442627,0.006782465639539844,all_four_full_spatial_windows_common_frames
T01,1,BG2,spatial_all,"[0, 1, 2, 3, 4, 5, 6, 7, 8, 9, 10, 11, 12, 13, 14, 15, 16, 17, 18, 19, 20, 21, 22, 23, 24, 25, 26, 27, 28, 29, 30, 31, 32, 33, 34, 35]",cad3f55537b1e0df4e9708ec44b3383f82a8780a1a4ae140911dbd19f3615109,3812933ef07204e8ba32611318de18234f5b08f3c0b8f3db22ce9c487a9b4c91,2c656eaa5f0435d44e4abcec2029b5567f0b7544fe5796246b9e233c19f7ac69,38ad04bc14c2a22e2d4699472849a99e706e5988005381695628468a6a57aff5,e6002891104fad0bc1da003092c8ac6f220b69362c6893d85ca0b2daacd49eb0,98931d5efb8106f524beaa26c36aa83090811efd5607a4b577866bd036ebb779,0.07067588716745377,0.08636459708213806,0.03961510956287384,-22.198105073236967,-0.015688709914684296,122.19809092414174,0.2575801690346336,0.7873152644902316,-0.017338779854682743,1.0,False,0.9999949932098389,0.9999992251396179,0.0,all_four_full_spatial_windows_common_frames
T01,1,BG3,spatial_E,"[0, 1, 2, 3, 4, 5, 6, 7, 8, 9, 10, 11]",cad3f55537b1e0df4e9708ec44b3383f82a8780a1a4ae140911dbd19f3615109,3812933ef07204e8ba32611318de18234f5b08f3c0b8f3db22ce9c487a9b4c91,2c656eaa5f0435d44e4abcec2029b5567f0b7544fe5796246b9e233c19f7ac69,38ad04bc14c2a22e2d4699472849a99e706e5988005381695628468a6a57aff5,e6002891104fad0bc1da003092c8ac6f220b69362c6893d85ca0b2daacd49eb0,98931d5efb8106f524beaa26c36aa83090811efd5607a4b577866bd036ebb779,0.0666971206665039,0.05876578763127327,0.06692073494195938,11.89156558306615,0.007931333035230637,88.10841942378512,0.21266904911414267,0.8218346257397009,0.00690152436781565,1.0,False,0.9999933242797852,0.9999992847442627,0.0948266607811135,all_four_full_spatial_windows_common_frames
T01,1,BG3,spatial_EM,"[0, 1, 2, 3, 4, 5, 6, 7, 8, 9, 10, 11, 12, 13, 14, 15, 16, 17, 18, 19, 20, 21, 22, 23]",cad3f55537b1e0df4e9708ec44b3383f82a8780a1a4ae140911dbd19f3615109,3812933ef07204e8ba32611318de18234f5b08f3c0b8f3db22ce9c487a9b4c91,2c656eaa5f0435d44e4abcec2029b5567f0b7544fe5796246b9e233c19f7ac69,38ad04bc14c2a22e2d4699472849a99e706e5988005381695628468a6a57aff5,e6002891104fad0bc1da003092c8ac6f220b69362c6893d85ca0b2daacd49eb0,98931d5efb8106f524beaa26c36aa83090811efd5607a4b577866bd036ebb779,0.0666971206665039,0.06772194057703018,0.024341290816664696,-1.5365277340797998,-0.0010248199105262756,101.53651274093107,0.24262779004762752,0.8133814668545246,-0.02305721656566922,1.0,False,0.9999929666519165,0.9999992847442627,0.041710820159008406,all_four_full_spatial_windows_common_frames
T01,1,BG3,spatial_ML,"[12, 13, 14, 15, 16, 17, 18, 19, 20, 21, 22, 23, 24, 25, 26, 27, 28, 29, 30, 31, 32, 33, 34, 35]",cad3f55537b1e0df4e9708ec44b3383f82a8780a1a4ae140911dbd19f3615109,3812933ef07204e8ba32611318de18234f5b08f3c0b8f3db22ce9c487a9b4c91,2c656eaa5f0435d44e4abcec2029b5567f0b7544fe5796246b9e233c19f7ac69,38ad04bc14c2a22e2d4699472849a99e706e5988005381695628468a6a57aff5,e6002891104fad0bc1da003092c8ac6f220b69362c6893d85ca0b2daacd49eb0,98931d5efb8106f524beaa26c36aa83090811efd5607a4b577866bd036ebb779,0.0666971206665039,0.055774908512830734,0.020688358694314957,16.37583512892922,0.010922212153673172,83.62414987792205,0.23507928083712543,0.7989212192642465,-0.015508707355167068,1.0,False,0.9999943971633911,0.9999992847442627,0.013523518691538887,all_four_full_spatial_windows_common_frames
T01,1,BG3,spatial_all,"[0, 1, 2, 3, 4, 5, 6, 7, 8, 9, 10, 11, 12, 13, 14, 15, 16, 17, 18, 19, 20, 21, 22, 23, 24, 25, 26, 27, 28, 29, 30, 31, 32, 33, 34, 35]",cad3f55537b1e0df4e9708ec44b3383f82a8780a1a4ae140911dbd19f3615109,3812933ef07204e8ba32611318de18234f5b08f3c0b8f3db22ce9c487a9b4c91,2c656eaa5f0435d44e4abcec2029b5567f0b7544fe5796246b9e233c19f7ac69,38ad04bc14c2a22e2d4699472849a99e706e5988005381695628468a6a57aff5,e6002891104fad0bc1da003092c8ac6f220b69362c6893d85ca0b2daacd49eb0,98931d5efb8106f524beaa26c36aa83090811efd5607a4b577866bd036ebb779,0.0666971206665039,0.059458352625370026,0.027744896709918976,10.853192586842834,0.007238768041133881,89.14679242000844,0.24017998830159107,0.7920060098556562,-0.020609414819632764,1.0,False,0.9999935626983643,0.9999992251396179,0.0,all_four_full_spatial_windows_common_frames
T01,1,BG4,spatial_E,"[0, 1, 2, 3, 4, 5, 6, 7, 8, 9, 10, 11]",cad3f55537b1e0df4e9708ec44b3383f82a8780a1a4ae140911dbd19f3615109,3812933ef07204e8ba32611318de18234f5b08f3c0b8f3db22ce9c487a9b4c91,2c656eaa5f0435d44e4abcec2029b5567f0b7544fe5796246b9e233c19f7ac69,38ad04bc14c2a22e2d4699472849a99e706e5988005381695628468a6a57aff5,e6002891104fad0bc1da003092c8ac6f220b69362c6893d85ca0b2daacd49eb0,98931d5efb8106f524beaa26c36aa83090811efd5607a4b577866bd036ebb779,0.08227916061878204,0.07447357475757599,0.02640899270772934,9.48670945818243,0.007805585861206055,90.51327838807329,0.2165665817872021,0.824388136393637,0.001638111315910617,1.0,False,0.9999916553497314,0.9999992251396179,0.08602423083589832,all_four_full_spatial_windows_common_frames
T01,1,BG4,spatial_EM,"[0, 1, 2, 3, 4, 5, 6, 7, 8, 9, 10, 11, 12, 13, 14, 15, 16, 17, 18, 19, 20, 21, 22, 23]",cad3f55537b1e0df4e9708ec44b3383f82a8780a1a4ae140911dbd19f3615109,3812933ef07204e8ba32611318de18234f5b08f3c0b8f3db22ce9c487a9b4c91,2c656eaa5f0435d44e4abcec2029b5567f0b7544fe5796246b9e233c19f7ac69,38ad04bc14c2a22e2d4699472849a99e706e5988005381695628468a6a57aff5,e6002891104fad0bc1da003092c8ac6f220b69362c6893d85ca0b2daacd49eb0,98931d5efb8106f524beaa26c36aa83090811efd5607a4b577866bd036ebb779,0.08227916061878204,0.03218914940953255,0.018313322216272354,60.878118766325215,0.050090011209249496,39.1218690799305,0.22174199582386495,0.8103377614097026,-0.003537302720752213,1.0,False,0.9999929666519165,0.9999991655349731,0.03801274179344236,all_four_full_spatial_windows_common_frames
T01,1,BG4,spatial_ML,"[12, 13, 14, 15, 16, 17, 18, 19, 20, 21, 22, 23, 24, 25, 26, 27, 28, 29, 30, 31, 32, 33, 34, 35]",cad3f55537b1e0df4e9708ec44b3383f82a8780a1a4ae140911dbd19f3615109,3812933ef07204e8ba32611318de18234f5b08f3c0b8f3db22ce9c487a9b4c91,2c656eaa5f0435d44e4abcec2029b5567f0b7544fe5796246b9e233c19f7ac69,38ad04bc14c2a22e2d4699472849a99e706e5988005381695628468a6a57aff5,e6002891104fad0bc1da003092c8ac6f220b69362c6893d85ca0b2daacd49eb0,98931d5efb8106f524beaa26c36aa83090811efd5607a4b577866bd036ebb779,0.08227916061878204,0.028559574857354164,0.007072329521179199,65.28941086477748,0.05371958576142788,34.71057698147824,0.22184383844740485,0.8131181416179899,-0.0036391453442921272,1.0,False,0.9999938011169434,0.9999992251396179,0.012137169026345977,all_four_full_spatial_windows_common_frames
T01,1,BG4,spatial_all,"[0, 1, 2, 3, 4, 5, 6, 7, 8, 9, 10, 11, 12, 13, 14, 15, 16, 17, 18, 19, 20, 21, 22, 23, 24, 25, 26, 27, 28, 29, 30, 31, 32, 33, 34, 35]",cad3f55537b1e0df4e9708ec44b3383f82a8780a1a4ae140911dbd19f3615109,3812933ef07204e8ba32611318de18234f5b08f3c0b8f3db22ce9c487a9b4c91,2c656eaa5f0435d44e4abcec2029b5567f0b7544fe5796246b9e233c19f7ac69,38ad04bc14c2a22e2d4699472849a99e706e5988005381695628468a6a57aff5,e6002891104fad0bc1da003092c8ac6f220b69362c6893d85ca0b2daacd49eb0,98931d5efb8106f524beaa26c36aa83090811efd5607a4b577866bd036ebb779,0.08227916061878204,0.02887478470802307,0.0034166593104600906,64.90631287254158,0.05340437591075897,35.093674973714144,0.22155545789475406,0.8136415291681849,-0.0033507647916413675,1.0,False,0.9999934434890747,0.9999992251396179,0.0,all_four_full_spatial_windows_common_frames
T01,1,BG5,spatial_E,"[0, 1, 2, 3, 4, 5, 6, 7, 8, 9, 10, 11]",cad3f55537b1e0df4e9708ec44b3383f82a8780a1a4ae140911dbd19f3615109,3812933ef07204e8ba32611318de18234f5b08f3c0b8f3db22ce9c487a9b4c91,2c656eaa5f0435d44e4abcec2029b5567f0b7544fe5796246b9e233c19f7ac69,38ad04bc14c2a22e2d4699472849a99e706e5988005381695628468a6a57aff5,e6002891104fad0bc1da003092c8ac6f220b69362c6893d85ca0b2daacd49eb0,98931d5efb8106f524beaa26c36aa83090811efd5607a4b577866bd036ebb779,0.18610410392284393,0.19222743809223175,0.242255300283432,-3.290273406812739,-0.006123334169387817,103.2902680334764,0.2478972541275307,0.5967951352163207,-0.003418377950743476,1.0,False,0.9999915361404419,0.9999991059303284,0.24473072689383987,all_four_full_spatial_windows_common_frames
T01,1,BG5,spatial_EM,"[0, 1, 2, 3, 4, 5, 6, 7, 8, 9, 10, 11, 12, 13, 14, 15, 16, 17, 18, 19, 20, 21, 22, 23]",cad3f55537b1e0df4e9708ec44b3383f82a8780a1a4ae140911dbd19f3615109,3812933ef07204e8ba32611318de18234f5b08f3c0b8f3db22ce9c487a9b4c91,2c656eaa5f0435d44e4abcec2029b5567f0b7544fe5796246b9e233c19f7ac69,38ad04bc14c2a22e2d4699472849a99e706e5988005381695628468a6a57aff5,e6002891104fad0bc1da003092c8ac6f220b69362c6893d85ca0b2daacd49eb0,98931d5efb8106f524beaa26c36aa83090811efd5607a4b577866bd036ebb779,0.18610410392284393,0.19458457827568054,0.03085174784064293,-4.556844109503399,-0.008480474352836609,104.55683873616705,0.33488055731428723,0.7914913808665763,-0.09040168113750004,1.0,False,0.9999948740005493,0.9999986886978149,0.042894675456609306,all_four_full_spatial_windows_common_frames
T01,1,BG5,spatial_ML,"[12, 13, 14, 15, 16, 17, 18, 19, 20, 21, 22, 23, 24, 25, 26, 27, 28, 29, 30, 31, 32, 33, 34, 35]",cad3f55537b1e0df4e9708ec44b3383f82a8780a1a4ae140911dbd19f3615109,3812933ef07204e8ba32611318de18234f5b08f3c0b8f3db22ce9c487a9b4c91,2c656eaa5f0435d44e4abcec2029b5567f0b7544fe5796246b9e233c19f7ac69,38ad04bc14c2a22e2d4699472849a99e706e5988005381695628468a6a57aff5,e6002891104fad0bc1da003092c8ac6f220b69362c6893d85ca0b2daacd49eb0,98931d5efb8106f524beaa26c36aa83090811efd5607a4b577866bd036ebb779,0.18610410392284393,0.10541506856679916,0.02551884576678276,43.35693266270152,0.08068903535604477,56.64306196396213,0.2645465624951968,0.7911478285943492,-0.020067686318409578,1.0,False,0.9999949932098389,0.9999991059303284,0.007933729431977368,all_four_full_spatial_windows_common_frames
T01,1,BG5,spatial_all,"[0, 1, 2, 3, 4, 5, 6, 7, 8, 9, 10, 11, 12, 13, 14, 15, 16, 17, 18, 19, 20, 21, 22, 23, 24, 25, 26, 27, 28, 29, 30, 31, 32, 33, 34, 35]",cad3f55537b1e0df4e9708ec44b3383f82a8780a1a4ae140911dbd19f3615109,3812933ef07204e8ba32611318de18234f5b08f3c0b8f3db22ce9c487a9b4c91,2c656eaa5f0435d44e4abcec2029b5567f0b7544fe5796246b9e233c19f7ac69,38ad04bc14c2a22e2d4699472849a99e706e5988005381695628468a6a57aff5,e6002891104fad0bc1da003092c8ac6f220b69362c6893d85ca0b2daacd49eb0,98931d5efb8106f524beaa26c36aa83090811efd5607a4b577866bd036ebb779,0.18610410392284393,0.11649618297815323,0.04291044920682907,37.40267717754436,0.0696079209446907,62.597317449119295,0.2675619819376998,0.7747537164037536,-0.023083105760912572,1.0,False,0.9999946355819702,0.999998927116394,0.0,all_four_full_spatial_windows_common_frames
T01,1,BG6,spatial_E,"[0, 1, 2, 3, 4, 5, 6, 7, 8, 9, 10, 11]",cad3f55537b1e0df4e9708ec44b3383f82a8780a1a4ae140911dbd19f3615109,3812933ef07204e8ba32611318de18234f5b08f3c0b8f3db22ce9c487a9b4c91,2c656eaa5f0435d44e4abcec2029b5567f0b7544fe5796246b9e233c19f7ac69,38ad04bc14c2a22e2d4699472849a99e706e5988005381695628468a6a57aff5,e6002891104fad0bc1da003092c8ac6f220b69362c6893d85ca0b2daacd49eb0,98931d5efb8106f524beaa26c36aa83090811efd5607a4b577866bd036ebb779,0.2758258581161499,0.26980161666870117,0.1397416740655899,2.1840741365534035,0.0060242414474487305,97.81592223797084,0.2943595587468683,0.6812790744292815,0.002444644906211401,1.0,False,0.9999899864196777,0.999998927116394,0.22799964924704183,all_four_full_spatial_windows_common_frames
T01,1,BG6,spatial_EM,"[0, 1, 2, 3, 4, 5, 6, 7, 8, 9, 10, 11, 12, 13, 14, 15, 16, 17, 18, 19, 20, 21, 22, 23]",cad3f55537b1e0df4e9708ec44b3383f82a8780a1a4ae140911dbd19f3615109,3812933ef07204e8ba32611318de18234f5b08f3c0b8f3db22ce9c487a9b4c91,2c656eaa5f0435d44e4abcec2029b5567f0b7544fe5796246b9e233c19f7ac69,38ad04bc14c2a22e2d4699472849a99e706e5988005381695628468a6a57aff5,e6002891104fad0bc1da003092c8ac6f220b69362c6893d85ca0b2daacd49eb0,98931d5efb8106f524beaa26c36aa83090811efd5607a4b577866bd036ebb779,0.2758258581161499,0.16227218508720398,0.06404229998588562,41.16860895045878,0.11355367302894592,58.831387424065454,0.2981950687037439,0.8177451284351006,-0.0013908650506642057,1.0,False,0.9999912977218628,0.9999986290931702,0.04508269768240442,all_four_full_spatial_windows_common_frames
T01,1,BG6,spatial_ML,"[12, 13, 14, 15, 16, 17, 18, 19, 20, 21, 22, 23, 24, 25, 26, 27, 28, 29, 30, 31, 32, 33, 34, 35]",cad3f55537b1e0df4e9708ec44b3383f82a8780a1a4ae140911dbd19f3615109,3812933ef07204e8ba32611318de18234f5b08f3c0b8f3db22ce9c487a9b4c91,2c656eaa5f0435d44e4abcec2029b5567f0b7544fe5796246b9e233c19f7ac69,38ad04bc14c2a22e2d4699472849a99e706e5988005381695628468a6a57aff5,e6002891104fad0bc1da003092c8ac6f220b69362c6893d85ca0b2daacd49eb0,98931d5efb8106f524beaa26c36aa83090811efd5607a4b577866bd036ebb779,0.2758258581161499,0.11322648823261261,0.023703567683696747,58.95000747901822,0.1625993698835373,41.04998889550602,0.24245518653256665,0.792454090934301,0.05434901712051308,1.0,False,0.9999911785125732,0.9999986886978149,0.013076509937388002,all_four_full_spatial_windows_common_frames
T01,1,BG6,spatial_all,"[0, 1, 2, 3, 4, 5, 6, 7, 8, 9, 10, 11, 12, 13, 14, 15, 16, 17, 18, 19, 20, 21, 22, 23, 24, 25, 26, 27, 28, 29, 30, 31, 32, 33, 34, 35]",cad3f55537b1e0df4e9708ec44b3383f82a8780a1a4ae140911dbd19f3615109,3812933ef07204e8ba32611318de18234f5b08f3c0b8f3db22ce9c487a9b4c91,2c656eaa5f0435d44e4abcec2029b5567f0b7544fe5796246b9e233c19f7ac69,38ad04bc14c2a22e2d4699472849a99e706e5988005381695628468a6a57aff5,e6002891104fad0bc1da003092c8ac6f220b69362c6893d85ca0b2daacd49eb0,98931d5efb8106f524beaa26c36aa83090811efd5607a4b577866bd036ebb779,0.2758258581161499,0.10087315738201141,0.04029841348528862,63.428677639642615,0.1749527007341385,36.57131873488163,0.233174312831955,0.7758599905743088,0.06362989082112468,1.0,False,0.9999910593032837,0.9999988675117493,0.0,all_four_full_spatial_windows_common_frames
T01,1,BG7,spatial_E,"[0, 1, 2, 3, 4, 5, 6, 7, 8, 9, 10, 11]",cad3f55537b1e0df4e9708ec44b3383f82a8780a1a4ae140911dbd19f3615109,3812933ef07204e8ba32611318de18234f5b08f3c0b8f3db22ce9c487a9b4c91,2c656eaa5f0435d44e4abcec2029b5567f0b7544fe5796246b9e233c19f7ac69,38ad04bc14c2a22e2d4699472849a99e706e5988005381695628468a6a57aff5,e6002891104fad0bc1da003092c8ac6f220b69362c6893d85ca0b2daacd49eb0,98931d5efb8106f524beaa26c36aa83090811efd5607a4b577866bd036ebb779,0.07260431349277496,0.07312767207622528,0.16295939683914185,-0.7208366640898433,-0.0005233585834503174,100.7208228908054,0.18970398219472426,0.6669028692362324,0.001386401969753321,1.0,False,0.9999942779541016,0.9999992251396179,0.2777534862463599,all_four_full_spatial_windows_common_frames
T01,1,BG7,spatial_EM,"[0, 1, 2, 3, 4, 5, 6, 7, 8, 9, 10, 11, 12, 13, 14, 15, 16, 17, 18, 19, 20, 21, 22, 23]",cad3f55537b1e0df4e9708ec44b3383f82a8780a1a4ae140911dbd19f3615109,3812933ef07204e8ba32611318de18234f5b08f3c0b8f3db22ce9c487a9b4c91,2c656eaa5f0435d44e4abcec2029b5567f0b7544fe5796246b9e233c19f7ac69,38ad04bc14c2a22e2d4699472849a99e706e5988005381695628468a6a57aff5,e6002891104fad0bc1da003092c8ac6f220b69362c6893d85ca0b2daacd49eb0,98931d5efb8106f524beaa26c36aa83090811efd5607a4b577866bd036ebb779,0.07260431349277496,0.15985992550849915,0.10860760509967804,-120.17963644328593,-0.08725561201572418,220.1796226700015,0.292699171719461,0.7113584458589355,-0.10160878755498341,1.0,False,0.9999940395355225,0.9999988675117493,0.04695441315905109,all_four_full_spatial_windows_common_frames
T01,1,BG7,spatial_ML,"[12, 13, 14, 15, 16, 17, 18, 19, 20, 21, 22, 23, 24, 25, 26, 27, 28, 29, 30, 31, 32, 33, 34, 35]",cad3f55537b1e0df4e9708ec44b3383f82a8780a1a4ae140911dbd19f3615109,3812933ef07204e8ba32611318de18234f5b08f3c0b8f3db22ce9c487a9b4c91,2c656eaa5f0435d44e4abcec2029b5567f0b7544fe5796246b9e233c19f7ac69,38ad04bc14c2a22e2d4699472849a99e706e5988005381695628468a6a57aff5,e6002891104fad0bc1da003092c8ac6f220b69362c6893d85ca0b2daacd49eb0,98931d5efb8106f524beaa26c36aa83090811efd5607a4b577866bd036ebb779,0.07260431349277496,0.133021280169487,0.05431650951504707,-83.21400678394075,-0.060416966676712036,183.2139930106563,0.24974169025432538,0.7741344726127002,-0.058651306089847775,1.0,False,0.9999933242797852,0.9999989867210388,0.005834041554950256,all_four_full_spatial_windows_common_frames
T01,1,BG7,spatial_all,"[0, 1, 2, 3, 4, 5, 6, 7, 8, 9, 10, 11, 12, 13, 14, 15, 16, 17, 18, 19, 20, 21, 22, 23, 24, 25, 26, 27, 28, 29, 30, 31, 32, 33, 34, 35]",cad3f55537b1e0df4e9708ec44b3383f82a8780a1a4ae140911dbd19f3615109,3812933ef07204e8ba32611318de18234f5b08f3c0b8f3db22ce9c487a9b4c91,2c656eaa5f0435d44e4abcec2029b5567f0b7544fe5796246b9e233c19f7ac69,38ad04bc14c2a22e2d4699472849a99e706e5988005381695628468a6a57aff5,e6002891104fad0bc1da003092c8ac6f220b69362c6893d85ca0b2daacd49eb0,98931d5efb8106f524beaa26c36aa83090811efd5607a4b577866bd036ebb779,0.07260431349277496,0.1404002159833908,0.07869257777929306,-93.37722497663984,-0.06779590249061584,193.3772112033554,0.24812317398300024,0.7438012067093952,-0.05703278981852269,1.0,False,0.9999938011169434,0.999998927116394,0.0,all_four_full_spatial_windows_common_frames
T01,1,BG8,spatial_E,"[0, 1, 2, 3, 4, 5, 6, 7, 8, 9, 10, 11]",cad3f55537b1e0df4e9708ec44b3383f82a8780a1a4ae140911dbd19f3615109,3812933ef07204e8ba32611318de18234f5b08f3c0b8f3db22ce9c487a9b4c91,2c656eaa5f0435d44e4abcec2029b5567f0b7544fe5796246b9e233c19f7ac69,38ad04bc14c2a22e2d4699472849a99e706e5988005381695628468a6a57aff5,e6002891104fad0bc1da003092c8ac6f220b69362c6893d85ca0b2daacd49eb0,98931d5efb8106f524beaa26c36aa83090811efd5607a4b577866bd036ebb779,0.24100534617900848,0.2125859558582306,0.16453805565834045,11.79201606609489,0.028419390320777893,88.20797978461974,0.2509996900349728,0.6796220435701277,0.013213255831247281,1.0,False,0.9999781847000122,0.9999988079071045,0.23876603047789352,all_four_full_spatial_windows_common_frames
T01,1,BG8,spatial_EM,"[0, 1, 2, 3, 4, 5, 6, 7, 8, 9, 10, 11, 12, 13, 14, 15, 16, 17, 18, 19, 20, 21, 22, 23]",cad3f55537b1e0df4e9708ec44b3383f82a8780a1a4ae140911dbd19f3615109,3812933ef07204e8ba32611318de18234f5b08f3c0b8f3db22ce9c487a9b4c91,2c656eaa5f0435d44e4abcec2029b5567f0b7544fe5796246b9e233c19f7ac69,38ad04bc14c2a22e2d4699472849a99e706e5988005381695628468a6a57aff5,e6002891104fad0bc1da003092c8ac6f220b69362c6893d85ca0b2daacd49eb0,98931d5efb8106f524beaa26c36aa83090811efd5607a4b577866bd036ebb779,0.24100534617900848,0.15868836641311646,0.18220745027065277,34.15566403625922,0.08231697976589203,65.84433181445542,0.2615285988987098,0.6897003875008708,0.00268434696751034,1.0,False,0.9999860525131226,0.9999983906745911,0.03859924308815021,all_four_full_spatial_windows_common_frames
T01,1,BG8,spatial_ML,"[12, 13, 14, 15, 16, 17, 18, 19, 20, 21, 22, 23, 24, 25, 26, 27, 28, 29, 30, 31, 32, 33, 34, 35]",cad3f55537b1e0df4e9708ec44b3383f82a8780a1a4ae140911dbd19f3615109,3812933ef07204e8ba32611318de18234f5b08f3c0b8f3db22ce9c487a9b4c91,2c656eaa5f0435d44e4abcec2029b5567f0b7544fe5796246b9e233c19f7ac69,38ad04bc14c2a22e2d4699472849a99e706e5988005381695628468a6a57aff5,e6002891104fad0bc1da003092c8ac6f220b69362c6893d85ca0b2daacd49eb0,98931d5efb8106f524beaa26c36aa83090811efd5607a4b577866bd036ebb779,0.24100534617900848,0.2208961546421051,0.2233630120754242,8.343877437299415,0.02010919153690338,91.65611841341521,0.28117498510726896,0.6795998523360185,-0.01696203924104886,1.0,False,0.9999840259552002,0.9999984502792358,0.02368796597802503,all_four_full_spatial_windows_common_frames
T01,1,BG8,spatial_all,"[0, 1, 2, 3, 4, 5, 6, 7, 8, 9, 10, 11, 12, 13, 14, 15, 16, 17, 18, 19, 20, 21, 22, 23, 24, 25, 26, 27, 28, 29, 30, 31, 32, 33, 34, 35]",cad3f55537b1e0df4e9708ec44b3383f82a8780a1a4ae140911dbd19f3615109,3812933ef07204e8ba32611318de18234f5b08f3c0b8f3db22ce9c487a9b4c91,2c656eaa5f0435d44e4abcec2029b5567f0b7544fe5796246b9e233c19f7ac69,38ad04bc14c2a22e2d4699472849a99e706e5988005381695628468a6a57aff5,e6002891104fad0bc1da003092c8ac6f220b69362c6893d85ca0b2daacd49eb0,98931d5efb8106f524beaa26c36aa83090811efd5607a4b577866bd036ebb779,0.24100534617900848,0.20131933689117432,0.2757739722728729,16.46685779811346,0.03968600928783417,83.53313805260117,0.26625070387660155,0.6951763810608116,-0.002037758010381488,1.0,False,0.999987006187439,0.9999985694885254,0.0,all_four_full_spatial_windows_common_frames
T01,1,BG9,spatial_E,"[0, 1, 2, 3, 4, 5, 6, 7, 8, 9, 10, 11]",cad3f55537b1e0df4e9708ec44b3383f82a8780a1a4ae140911dbd19f3615109,3812933ef07204e8ba32611318de18234f5b08f3c0b8f3db22ce9c487a9b4c91,2c656eaa5f0435d44e4abcec2029b5567f0b7544fe5796246b9e233c19f7ac69,38ad04bc14c2a22e2d4699472849a99e706e5988005381695628468a6a57aff5,e6002891104fad0bc1da003092c8ac6f220b69362c6893d85ca0b2daacd49eb0,98931d5efb8106f524beaa26c36aa83090811efd5607a4b577866bd036ebb779,0.09404848515987396,0.08591829240322113,0.14958959817886353,8.644681387865099,0.008130192756652832,91.35530797932256,0.22682351225584182,0.7924695264189378,0.004284714557475813,1.0,False,0.9999675750732422,0.9999985694885254,0.19506595777276747,all_four_full_spatial_windows_common_frames
T01,1,BG9,spatial_EM,"[0, 1, 2, 3, 4, 5, 6, 7, 8, 9, 10, 11, 12, 13, 14, 15, 16, 17, 18, 19, 20, 21, 22, 23]",cad3f55537b1e0df4e9708ec44b3383f82a8780a1a4ae140911dbd19f3615109,3812933ef07204e8ba32611318de18234f5b08f3c0b8f3db22ce9c487a9b4c91,2c656eaa5f0435d44e4abcec2029b5567f0b7544fe5796246b9e233c19f7ac69,38ad04bc14c2a22e2d4699472849a99e706e5988005381695628468a6a57aff5,e6002891104fad0bc1da003092c8ac6f220b69362c6893d85ca0b2daacd49eb0,98931d5efb8106f524beaa26c36aa83090811efd5607a4b577866bd036ebb779,0.09404848515987396,0.1734999120235443,0.047994665801525116,-84.4792112075904,-0.07945142686367035,184.47920057477805,0.3186357558537234,0.7801400971726632,-0.08752752904040577,1.0,False,0.9999788999557495,0.9999977946281433,0.036662805451503994,all_four_full_spatial_windows_common_frames
T01,1,BG9,spatial_ML,"[12, 13, 14, 15, 16, 17, 18, 19, 20, 21, 22, 23, 24, 25, 26, 27, 28, 29, 30, 31, 32, 33, 34, 35]",cad3f55537b1e0df4e9708ec44b3383f82a8780a1a4ae140911dbd19f3615109,3812933ef07204e8ba32611318de18234f5b08f3c0b8f3db22ce9c487a9b4c91,2c656eaa5f0435d44e4abcec2029b5567f0b7544fe5796246b9e233c19f7ac69,38ad04bc14c2a22e2d4699472849a99e706e5988005381695628468a6a57aff5,e6002891104fad0bc1da003092c8ac6f220b69362c6893d85ca0b2daacd49eb0,98931d5efb8106f524beaa26c36aa83090811efd5607a4b577866bd036ebb779,0.09404848515987396,0.09586136788129807,0.045758310705423355,-1.9276041773367725,-0.0018128827214241028,101.92759354452444,0.2620004095451014,0.7704486422581334,-0.030892182731783756,1.0,False,0.9999839067459106,0.9999980330467224,0.019526777119836376,all_four_full_spatial_windows_common_frames
T01,1,BG9,spatial_all,"[0, 1, 2, 3, 4, 5, 6, 7, 8, 9, 10, 11, 12, 13, 14, 15, 16, 17, 18, 19, 20, 21, 22, 23, 24, 25, 26, 27, 28, 29, 30, 31, 32, 33, 34, 35]",cad3f55537b1e0df4e9708ec44b3383f82a8780a1a4ae140911dbd19f3615109,3812933ef07204e8ba32611318de18234f5b08f3c0b8f3db22ce9c487a9b4c91,2c656eaa5f0435d44e4abcec2029b5567f0b7544fe5796246b9e233c19f7ac69,38ad04bc14c2a22e2d4699472849a99e706e5988005381695628468a6a57aff5,e6002891104fad0bc1da003092c8ac6f220b69362c6893d85ca0b2daacd49eb0,98931d5efb8106f524beaa26c36aa83090811efd5607a4b577866bd036ebb779,0.09404848515987396,0.09557090699672699,0.08216910064220428,-1.6187625695286751,-0.0015224218368530273,101.61875193671634,0.2597983667486712,0.745210313281596,-0.028690139935353482,1.0,False,0.9999843835830688,0.9999980330467224,0.0,all_four_full_spatial_windows_common_frames
T01,1,BG10,spatial_E,"[0, 1, 2, 3, 4, 5, 6, 7, 8, 9, 10, 11]",cad3f55537b1e0df4e9708ec44b3383f82a8780a1a4ae140911dbd19f3615109,3812933ef07204e8ba32611318de18234f5b08f3c0b8f3db22ce9c487a9b4c91,2c656eaa5f0435d44e4abcec2029b5567f0b7544fe5796246b9e233c19f7ac69,38ad04bc14c2a22e2d4699472849a99e706e5988005381695628468a6a57aff5,e6002891104fad0bc1da003092c8ac6f220b69362c6893d85ca0b2daacd49eb0,98931d5efb8106f524beaa26c36aa83090811efd5607a4b577866bd036ebb779,0.366668164730072,0.33403605222702026,0.09400415420532227,8.899630442995047,0.03263211250305176,91.10036682974345,0.34351042494258055,0.7318708494581898,0.012166906040466625,1.0,False,0.9999938011169434,0.9999994039535522,0.1962129229312481,all_four_full_spatial_windows_common_frames
T01,1,BG10,spatial_EM,"[0, 1, 2, 3, 4, 5, 6, 7, 8, 9, 10, 11, 12, 13, 14, 15, 16, 17, 18, 19, 20, 21, 22, 23]",cad3f55537b1e0df4e9708ec44b3383f82a8780a1a4ae140911dbd19f3615109,3812933ef07204e8ba32611318de18234f5b08f3c0b8f3db22ce9c487a9b4c91,2c656eaa5f0435d44e4abcec2029b5567f0b7544fe5796246b9e233c19f7ac69,38ad04bc14c2a22e2d4699472849a99e706e5988005381695628468a6a57aff5,e6002891104fad0bc1da003092c8ac6f220b69362c6893d85ca0b2daacd49eb0,98931d5efb8106f524beaa26c36aa83090811efd5607a4b577866bd036ebb779,0.366668164730072,0.09803564846515656,0.04600413888692856,73.26311220292656,0.26863251626491547,26.736885069811933,0.23885737200924817,0.8111459648955252,0.116819958973799,1.0,False,0.9999914169311523,0.9999983906745911,0.04314110615909918,all_four_full_spatial_windows_common_frames
T01,1,BG10,spatial_ML,"[12, 13, 14, 15, 16, 17, 18, 19, 20, 21, 22, 23, 24, 25, 26, 27, 28, 29, 30, 31, 32, 33, 34, 35]",cad3f55537b1e0df4e9708ec44b3383f82a8780a1a4ae140911dbd19f3615109,3812933ef07204e8ba32611318de18234f5b08f3c0b8f3db22ce9c487a9b4c91,2c656eaa5f0435d44e4abcec2029b5567f0b7544fe5796246b9e233c19f7ac69,38ad04bc14c2a22e2d4699472849a99e706e5988005381695628468a6a57aff5,e6002891104fad0bc1da003092c8ac6f220b69362c6893d85ca0b2daacd49eb0,98931d5efb8106f524beaa26c36aa83090811efd5607a4b577866bd036ebb779,0.366668164730072,0.19173599779605865,0.11458282917737961,47.70857657957148,0.17493216693401337,52.29142069316701,0.26070791903405877,0.7120488578820863,0.0949694119489884,1.0,False,0.9999831914901733,0.9999980926513672,0.023854542136182592,all_four_full_spatial_windows_common_frames
T01,1,BG10,spatial_all,"[0, 1, 2, 3, 4, 5, 6, 7, 8, 9, 10, 11, 12, 13, 14, 15, 16, 17, 18, 19, 20, 21, 22, 23, 24, 25, 26, 27, 28, 29, 30, 31, 32, 33, 34, 35]",cad3f55537b1e0df4e9708ec44b3383f82a8780a1a4ae140911dbd19f3615109,3812933ef07204e8ba32611318de18234f5b08f3c0b8f3db22ce9c487a9b4c91,2c656eaa5f0435d44e4abcec2029b5567f0b7544fe5796246b9e233c19f7ac69,38ad04bc14c2a22e2d4699472849a99e706e5988005381695628468a6a57aff5,e6002891104fad0bc1da003092c8ac6f220b69362c6893d85ca0b2daacd49eb0,98931d5efb8106f524beaa26c36aa83090811efd5607a4b577866bd036ebb779,0.366668164730072,0.16191205382347107,0.16745983064174652,55.84234602780431,0.20475611090660095,44.15765124493418,0.24166594620443935,0.7097050041610978,0.11401138477860777,1.0,False,0.9999880790710449,0.9999983310699463,0.0,all_four_full_spatial_windows_common_frames
T01,1,BG11,spatial_E,"[0, 1, 2, 3, 4, 5, 6, 7, 8, 9, 10, 11]",cad3f55537b1e0df4e9708ec44b3383f82a8780a1a4ae140911dbd19f3615109,3812933ef07204e8ba32611318de18234f5b08f3c0b8f3db22ce9c487a9b4c91,2c656eaa5f0435d44e4abcec2029b5567f0b7544fe5796246b9e233c19f7ac69,38ad04bc14c2a22e2d4699472849a99e706e5988005381695628468a6a57aff5,e6002891104fad0bc1da003092c8ac6f220b69362c6893d85ca0b2daacd49eb0,98931d5efb8106f524beaa26c36aa83090811efd5607a4b577866bd036ebb779,0.19840656220912933,0.17805533111095428,0.040783967822790146,10.257337179699848,0.02035123109817505,89.74265778014454,0.26351076567577514,0.8481591899228291,0.01322986270952151,1.0,False,0.9999881982803345,0.9999989867210388,0.15884033560346766,all_four_full_spatial_windows_common_frames
T01,1,BG11,spatial_EM,"[0, 1, 2, 3, 4, 5, 6, 7, 8, 9, 10, 11, 12, 13, 14, 15, 16, 17, 18, 19, 20, 21, 22, 23]",cad3f55537b1e0df4e9708ec44b3383f82a8780a1a4ae140911dbd19f3615109,3812933ef07204e8ba32611318de18234f5b08f3c0b8f3db22ce9c487a9b4c91,2c656eaa5f0435d44e4abcec2029b5567f0b7544fe5796246b9e233c19f7ac69,38ad04bc14c2a22e2d4699472849a99e706e5988005381695628468a6a57aff5,e6002891104fad0bc1da003092c8ac6f220b69362c6893d85ca0b2daacd49eb0,98931d5efb8106f524beaa26c36aa83090811efd5607a4b577866bd036ebb779,0.19840656220912933,0.08508417010307312,0.07933725416660309,57.116249146529974,0.11332239210605621,42.883745813314405,0.24417481929939067,0.7982121605603636,0.03256580908590598,1.0,False,0.9999891519546509,0.9999985694885254,0.03947737864429963,all_four_full_spatial_windows_common_frames
T01,1,BG11,spatial_ML,"[12, 13, 14, 15, 16, 17, 18, 19, 20, 21, 22, 23, 24, 25, 26, 27, 28, 29, 30, 31, 32, 33, 34, 35]",cad3f55537b1e0df4e9708ec44b3383f82a8780a1a4ae140911dbd19f3615109,3812933ef07204e8ba32611318de18234f5b08f3c0b8f3db22ce9c487a9b4c91,2c656eaa5f0435d44e4abcec2029b5567f0b7544fe5796246b9e233c19f7ac69,38ad04bc14c2a22e2d4699472849a99e706e5988005381695628468a6a57aff5,e6002891104fad0bc1da003092c8ac6f220b69362c6893d85ca0b2daacd49eb0,98931d5efb8106f524beaa26c36aa83090811efd5607a4b577866bd036ebb779,0.19840656220912933,0.12568069994449615,0.07999060302972794,36.65496634253471,0.07272586226463318,63.34502861730967,0.24392339085990447,0.7403844599387095,0.032817237525392215,1.0,False,0.9999886751174927,0.9999986290931702,0.014584302146294283,all_four_full_spatial_windows_common_frames
T01,1,BG11,spatial_all,"[0, 1, 2, 3, 4, 5, 6, 7, 8, 9, 10, 11, 12, 13, 14, 15, 16, 17, 18, 19, 20, 21, 22, 23, 24, 25, 26, 27, 28, 29, 30, 31, 32, 33, 34, 35]",cad3f55537b1e0df4e9708ec44b3383f82a8780a1a4ae140911dbd19f3615109,3812933ef07204e8ba32611318de18234f5b08f3c0b8f3db22ce9c487a9b4c91,2c656eaa5f0435d44e4abcec2029b5567f0b7544fe5796246b9e233c19f7ac69,38ad04bc14c2a22e2d4699472849a99e706e5988005381695628468a6a57aff5,e6002891104fad0bc1da003092c8ac6f220b69362c6893d85ca0b2daacd49eb0,98931d5efb8106f524beaa26c36aa83090811efd5607a4b577866bd036ebb779,0.19840656220912933,0.11188603937625885,0.08888307213783264,43.607689941678956,0.08652052283287048,56.39230501816543,0.23186669694489198,0.7280758444530891,0.044873931440404705,1.0,False,0.9999879598617554,0.9999986886978149,0.0,all_four_full_spatial_windows_common_frames
T01,1,BG12,spatial_E,"[0, 1, 2, 3, 4, 5, 6, 7, 8, 9, 10, 11]",cad3f55537b1e0df4e9708ec44b3383f82a8780a1a4ae140911dbd19f3615109,3812933ef07204e8ba32611318de18234f5b08f3c0b8f3db22ce9c487a9b4c91,2c656eaa5f0435d44e4abcec2029b5567f0b7544fe5796246b9e233c19f7ac69,38ad04bc14c2a22e2d4699472849a99e706e5988005381695628468a6a57aff5,e6002891104fad0bc1da003092c8ac6f220b69362c6893d85ca0b2daacd49eb0,98931d5efb8106f524beaa26c36aa83090811efd5607a4b577866bd036ebb779,0.17141848802566528,0.16752593219280243,0.2182345986366272,2.2707910042940926,0.003892555832862854,97.72920316202978,0.26689506788761436,0.7101003033789868,0.003208872537276757,1.0,False,0.9999961853027344,0.9999995231628418,0.17738628562889447,all_four_full_spatial_windows_common_frames
T01,1,BG12,spatial_EM,"[0, 1, 2, 3, 4, 5, 6, 7, 8, 9, 10, 11, 12, 13, 14, 15, 16, 17, 18, 19, 20, 21, 22, 23]",cad3f55537b1e0df4e9708ec44b3383f82a8780a1a4ae140911dbd19f3615109,3812933ef07204e8ba32611318de18234f5b08f3c0b8f3db22ce9c487a9b4c91,2c656eaa5f0435d44e4abcec2029b5567f0b7544fe5796246b9e233c19f7ac69,38ad04bc14c2a22e2d4699472849a99e706e5988005381695628468a6a57aff5,e6002891104fad0bc1da003092c8ac6f220b69362c6893d85ca0b2daacd49eb0,98931d5efb8106f524beaa26c36aa83090811efd5607a4b577866bd036ebb779,0.17141848802566528,0.15510064363479614,0.09198354929685593,9.519301929962067,0.01631784439086914,90.4806922363618,0.3070850187426667,0.7496437629458249,-0.036981078317775674,1.0,False,0.999994158744812,0.999998927116394,0.04030525145082991,all_four_full_spatial_windows_common_frames
T01,1,BG12,spatial_ML,"[12, 13, 14, 15, 16, 17, 18, 19, 20, 21, 22, 23, 24, 25, 26, 27, 28, 29, 30, 31, 32, 33, 34, 35]",cad3f55537b1e0df4e9708ec44b3383f82a8780a1a4ae140911dbd19f3615109,3812933ef07204e8ba32611318de18234f5b08f3c0b8f3db22ce9c487a9b4c91,2c656eaa5f0435d44e4abcec2029b5567f0b7544fe5796246b9e233c19f7ac69,38ad04bc14c2a22e2d4699472849a99e706e5988005381695628468a6a57aff5,e6002891104fad0bc1da003092c8ac6f220b69362c6893d85ca0b2daacd49eb0,98931d5efb8106f524beaa26c36aa83090811efd5607a4b577866bd036ebb779,0.17141848802566528,0.13648687303066254,0.11262373626232147,20.37797285434894,0.03493161499500275,79.62202131197493,0.2685479343624076,0.7330435816627969,0.0015560060624834602,1.0,False,0.9999929666519165,0.999998927116394,0.012484692891050107,all_four_full_spatial_windows_common_frames
T01,1,BG12,spatial_all,"[0, 1, 2, 3, 4, 5, 6, 7, 8, 9, 10, 11, 12, 13, 14, 15, 16, 17, 18, 19, 20, 21, 22, 23, 24, 25, 26, 27, 28, 29, 30, 31, 32, 33, 34, 35]",cad3f55537b1e0df4e9708ec44b3383f82a8780a1a4ae140911dbd19f3615109,3812933ef07204e8ba32611318de18234f5b08f3c0b8f3db22ce9c487a9b4c91,2c656eaa5f0435d44e4abcec2029b5567f0b7544fe5796246b9e233c19f7ac69,38ad04bc14c2a22e2d4699472849a99e706e5988005381695628468a6a57aff5,e6002891104fad0bc1da003092c8ac6f220b69362c6893d85ca0b2daacd49eb0,98931d5efb8106f524beaa26c36aa83090811efd5607a4b577866bd036ebb779,0.17141848802566528,0.13797372579574585,0.126455157995224,19.510591106049702,0.033444762229919434,80.48940306027417,0.26945950555673626,0.7292877493019186,0.0006444348681547904,1.0,False,0.9999927282333374,0.999998927116394,0.0,all_four_full_spatial_windows_common_frames
T01,1,BG13,spatial_E,"[0, 1, 2, 3, 4, 5, 6, 7, 8, 9, 10, 11]",cad3f55537b1e0df4e9708ec44b3383f82a8780a1a4ae140911dbd19f3615109,3812933ef07204e8ba32611318de18234f5b08f3c0b8f3db22ce9c487a9b4c91,2c656eaa5f0435d44e4abcec2029b5567f0b7544fe5796246b9e233c19f7ac69,38ad04bc14c2a22e2d4699472849a99e706e5988005381695628468a6a57aff5,e6002891104fad0bc1da003092c8ac6f220b69362c6893d85ca0b2daacd49eb0,98931d5efb8106f524beaa26c36aa83090811efd5607a4b577866bd036ebb779,0.14439800381660461,0.14162389934062958,0.21395783126354218,1.9211514082862247,0.0027741044759750366,98.07884166641077,0.2509801065331571,0.683125360722674,0.005563687061886567,1.0,False,0.9999960660934448,0.999999463558197,0.1579164366923931,all_four_full_spatial_windows_common_frames
T01,1,BG13,spatial_EM,"[0, 1, 2, 3, 4, 5, 6, 7, 8, 9, 10, 11, 12, 13, 14, 15, 16, 17, 18, 19, 20, 21, 22, 23]",cad3f55537b1e0df4e9708ec44b3383f82a8780a1a4ae140911dbd19f3615109,3812933ef07204e8ba32611318de18234f5b08f3c0b8f3db22ce9c487a9b4c91,2c656eaa5f0435d44e4abcec2029b5567f0b7544fe5796246b9e233c19f7ac69,38ad04bc14c2a22e2d4699472849a99e706e5988005381695628468a6a57aff5,e6002891104fad0bc1da003092c8ac6f220b69362c6893d85ca0b2daacd49eb0,98931d5efb8106f524beaa26c36aa83090811efd5607a4b577866bd036ebb779,0.14439800381660461,0.1771681010723114,0.09380050003528595,-22.694285322599423,-0.03277009725570679,122.69427839729642,0.3196411920622623,0.7225605238228845,-0.06309739846721873,1.0,False,0.9999936819076538,0.999998927116394,0.04064853670169672,all_four_full_spatial_windows_common_frames
T01,1,BG13,spatial_ML,"[12, 13, 14, 15, 16, 17, 18, 19, 20, 21, 22, 23, 24, 25, 26, 27, 28, 29, 30, 31, 32, 33, 34, 35]",cad3f55537b1e0df4e9708ec44b3383f82a8780a1a4ae140911dbd19f3615109,3812933ef07204e8ba32611318de18234f5b08f3c0b8f3db22ce9c487a9b4c91,2c656eaa5f0435d44e4abcec2029b5567f0b7544fe5796246b9e233c19f7ac69,38ad04bc14c2a22e2d4699472849a99e706e5988005381695628468a6a57aff5,e6002891104fad0bc1da003092c8ac6f220b69362c6893d85ca0b2daacd49eb0,98931d5efb8106f524beaa26c36aa83090811efd5607a4b577866bd036ebb779,0.14439800381660461,0.1390511393547058,0.09684106707572937,3.70286565623381,0.005346864461898804,96.29712741846318,0.27713149870683773,0.7200728580698178,-0.02058770511179411,1.0,False,0.9999939203262329,0.9999991059303284,0.010477841914759955,all_four_full_spatial_windows_common_frames
T01,1,BG13,spatial_all,"[0, 1, 2, 3, 4, 5, 6, 7, 8, 9, 10, 11, 12, 13, 14, 15, 16, 17, 18, 19, 20, 21, 22, 23, 24, 25, 26, 27, 28, 29, 30, 31, 32, 33, 34, 35]",cad3f55537b1e0df4e9708ec44b3383f82a8780a1a4ae140911dbd19f3615109,3812933ef07204e8ba32611318de18234f5b08f3c0b8f3db22ce9c487a9b4c91,2c656eaa5f0435d44e4abcec2029b5567f0b7544fe5796246b9e233c19f7ac69,38ad04bc14c2a22e2d4699472849a99e706e5988005381695628468a6a57aff5,e6002891104fad0bc1da003092c8ac6f220b69362c6893d85ca0b2daacd49eb0,98931d5efb8106f524beaa26c36aa83090811efd5607a4b577866bd036ebb779,0.14439800381660461,0.14308008551597595,0.09387629479169846,0.912698357681366,0.0013179183006286621,99.08729471701562,0.28077892097762064,0.7223453844541458,-0.02423512738257694,1.0,False,0.9999940395355225,0.9999991059303284,0.0,all_four_full_spatial_windows_common_frames
T01,1,BG14,spatial_E,"[0, 1, 2, 3, 4, 5, 6, 7, 8, 9, 10, 11]",cad3f55537b1e0df4e9708ec44b3383f82a8780a1a4ae140911dbd19f3615109,3812933ef07204e8ba32611318de18234f5b08f3c0b8f3db22ce9c487a9b4c91,2c656eaa5f0435d44e4abcec2029b5567f0b7544fe5796246b9e233c19f7ac69,38ad04bc14c2a22e2d4699472849a99e706e5988005381695628468a6a57aff5,e6002891104fad0bc1da003092c8ac6f220b69362c6893d85ca0b2daacd49eb0,98931d5efb8106f524beaa26c36aa83090811efd5607a4b577866bd036ebb779,0.09770061820745468,0.09628090262413025,0.14491070806980133,1.453128408048564,0.0014197155833244324,98.54686135660272,0.21219553419830417,0.7949329534172174,-0.001109812262475085,1.0,False,0.9999926090240479,0.9999992847442627,0.13570347700666316,all_four_full_spatial_windows_common_frames
T01,1,BG14,spatial_EM,"[0, 1, 2, 3, 4, 5, 6, 7, 8, 9, 10, 11, 12, 13, 14, 15, 16, 17, 18, 19, 20, 21, 22, 23]",cad3f55537b1e0df4e9708ec44b3383f82a8780a1a4ae140911dbd19f3615109,3812933ef07204e8ba32611318de18234f5b08f3c0b8f3db22ce9c487a9b4c91,2c656eaa5f0435d44e4abcec2029b5567f0b7544fe5796246b9e233c19f7ac69,38ad04bc14c2a22e2d4699472849a99e706e5988005381695628468a6a57aff5,e6002891104fad0bc1da003092c8ac6f220b69362c6893d85ca0b2daacd49eb0,98931d5efb8106f524beaa26c36aa83090811efd5607a4b577866bd036ebb779,0.09770061820745468,0.09025578200817108,0.07715828716754913,7.620049467312995,0.0074448361992836,92.3799402973383,0.24567057509336448,0.783083733668073,-0.03458485315753536,1.0,False,0.9999943971633911,0.9999989867210388,0.0361139128681335,all_four_full_spatial_windows_common_frames
T01,1,BG14,spatial_ML,"[12, 13, 14, 15, 16, 17, 18, 19, 20, 21, 22, 23, 24, 25, 26, 27, 28, 29, 30, 31, 32, 33, 34, 35]",cad3f55537b1e0df4e9708ec44b3383f82a8780a1a4ae140911dbd19f3615109,3812933ef07204e8ba32611318de18234f5b08f3c0b8f3db22ce9c487a9b4c91,2c656eaa5f0435d44e4abcec2029b5567f0b7544fe5796246b9e233c19f7ac69,38ad04bc14c2a22e2d4699472849a99e706e5988005381695628468a6a57aff5,e6002891104fad0bc1da003092c8ac6f220b69362c6893d85ca0b2daacd49eb0,98931d5efb8106f524beaa26c36aa83090811efd5607a4b577866bd036ebb779,0.09770061820745468,0.07718702405691147,0.08595538139343262,20.996378965942004,0.020513594150543213,79.00361079870927,0.22716770807727754,0.771405979756632,-0.016081986141448436,1.0,False,0.9999926090240479,0.999998927116394,0.014025663255281524,all_four_full_spatial_windows_common_frames
T01,1,BG14,spatial_all,"[0, 1, 2, 3, 4, 5, 6, 7, 8, 9, 10, 11, 12, 13, 14, 15, 16, 17, 18, 19, 20, 21, 22, 23, 24, 25, 26, 27, 28, 29, 30, 31, 32, 33, 34, 35]",cad3f55537b1e0df4e9708ec44b3383f82a8780a1a4ae140911dbd19f3615109,3812933ef07204e8ba32611318de18234f5b08f3c0b8f3db22ce9c487a9b4c91,2c656eaa5f0435d44e4abcec2029b5567f0b7544fe5796246b9e233c19f7ac69,38ad04bc14c2a22e2d4699472849a99e706e5988005381695628468a6a57aff5,e6002891104fad0bc1da003092c8ac6f220b69362c6893d85ca0b2daacd49eb0,98931d5efb8106f524beaa26c36aa83090811efd5607a4b577866bd036ebb779,0.09770061820745468,0.06777146458625793,0.09368868917226791,30.633532424833597,0.029929153621196747,69.36645733981769,0.22435947190517255,0.762035441404071,-0.013273749969343458,1.0,False,0.9999916553497314,0.999998927116394,0.0,all_four_full_spatial_windows_common_frames
T01,1,BG15,spatial_E,"[0, 1, 2, 3, 4, 5, 6, 7, 8, 9, 10, 11]",cad3f55537b1e0df4e9708ec44b3383f82a8780a1a4ae140911dbd19f3615109,3812933ef07204e8ba32611318de18234f5b08f3c0b8f3db22ce9c487a9b4c91,2c656eaa5f0435d44e4abcec2029b5567f0b7544fe5796246b9e233c19f7ac69,38ad04bc14c2a22e2d4699472849a99e706e5988005381695628468a6a57aff5,e6002891104fad0bc1da003092c8ac6f220b69362c6893d85ca0b2daacd49eb0,98931d5efb8106f524beaa26c36aa83090811efd5607a4b577866bd036ebb779,0.06846700608730316,0.06704576313495636,0.05836615711450577,2.0758067658952113,0.0014212429523468018,97.92417862853182,0.22308314734371928,0.8040386805543753,0.00013492795341723228,1.0,False,0.9999922513961792,0.9999992251396179,0.11530711770906298,all_four_full_spatial_windows_common_frames
T01,1,BG15,spatial_EM,"[0, 1, 2, 3, 4, 5, 6, 7, 8, 9, 10, 11, 12, 13, 14, 15, 16, 17, 18, 19, 20, 21, 22, 23]",cad3f55537b1e0df4e9708ec44b3383f82a8780a1a4ae140911dbd19f3615109,3812933ef07204e8ba32611318de18234f5b08f3c0b8f3db22ce9c487a9b4c91,2c656eaa5f0435d44e4abcec2029b5567f0b7544fe5796246b9e233c19f7ac69,38ad04bc14c2a22e2d4699472849a99e706e5988005381695628468a6a57aff5,e6002891104fad0bc1da003092c8ac6f220b69362c6893d85ca0b2daacd49eb0,98931d5efb8106f524beaa26c36aa83090811efd5607a4b577866bd036ebb779,0.06846700608730316,0.1086895689368248,0.04998089373111725,-58.747357703209005,-0.04022256284952164,158.74734309763602,0.26942134290435543,0.7703974040418632,-0.04620326760721891,1.0,False,0.9999943971633911,0.9999991655349731,0.03811030123046362,all_four_full_spatial_windows_common_frames
T01,1,BG15,spatial_ML,"[12, 13, 14, 15, 16, 17, 18, 19, 20, 21, 22, 23, 24, 25, 26, 27, 28, 29, 30, 31, 32, 33, 34, 35]",cad3f55537b1e0df4e9708ec44b3383f82a8780a1a4ae140911dbd19f3615109,3812933ef07204e8ba32611318de18234f5b08f3c0b8f3db22ce9c487a9b4c91,2c656eaa5f0435d44e4abcec2029b5567f0b7544fe5796246b9e233c19f7ac69,38ad04bc14c2a22e2d4699472849a99e706e5988005381695628468a6a57aff5,e6002891104fad0bc1da003092c8ac6f220b69362c6893d85ca0b2daacd49eb0,98931d5efb8106f524beaa26c36aa83090811efd5607a4b577866bd036ebb779,0.06846700608730316,0.06791921705007553,0.04438398405909538,0.800077275938443,0.0005477890372276306,99.1999081184886,0.24144572896514044,0.7754754941988891,-0.01822765366800392,1.0,False,0.9999938011169434,0.9999991655349731,0.012106306075729188,all_four_full_spatial_windows_common_frames
T01,1,BG15,spatial_all,"[0, 1, 2, 3, 4, 5, 6, 7, 8, 9, 10, 11, 12, 13, 14, 15, 16, 17, 18, 19, 20, 21, 22, 23, 24, 25, 26, 27, 28, 29, 30, 31, 32, 33, 34, 35]",cad3f55537b1e0df4e9708ec44b3383f82a8780a1a4ae140911dbd19f3615109,3812933ef07204e8ba32611318de18234f5b08f3c0b8f3db22ce9c487a9b4c91,2c656eaa5f0435d44e4abcec2029b5567f0b7544fe5796246b9e233c19f7ac69,38ad04bc14c2a22e2d4699472849a99e706e5988005381695628468a6a57aff5,e6002891104fad0bc1da003092c8ac6f220b69362c6893d85ca0b2daacd49eb0,98931d5efb8106f524beaa26c36aa83090811efd5607a4b577866bd036ebb779,0.06846700608730316,0.06392007321119308,0.05308699235320091,6.641055994483863,0.004546932876110077,93.35892939994316,0.23762257911692428,0.766491495142549,-0.01440450381978775,1.0,False,0.999993085861206,0.9999991059303284,0.0,all_four_full_spatial_windows_common_frames
T01,2,BG1,spatial_E,"[0, 1, 2, 3, 4, 5, 6, 7, 8, 9, 10, 11]",cad3f55537b1e0df4e9708ec44b3383f82a8780a1a4ae140911dbd19f3615109,3812933ef07204e8ba32611318de18234f5b08f3c0b8f3db22ce9c487a9b4c91,d42fd0835ca1169fdd93186e68af5562f7bd2461ca94639164ad5b5b2b0d06a4,38ad04bc14c2a22e2d4699472849a99e706e5988005381695628468a6a57aff5,e6002891104fad0bc1da003092c8ac6f220b69362c6893d85ca0b2daacd49eb0,98931d5efb8106f524beaa26c36aa83090811efd5607a4b577866bd036ebb779,0.0449618399143219,0.04168807342648506,0.02398347295820713,7.281209501110919,0.0032737664878368378,92.71876825781132,0.2503282530903478,0.6804230823784596,0.002120444973576337,1.0,False,0.9999896287918091,0.999999463558197,0.0691590261270206,all_four_full_spatial_windows_common_frames
T01,2,BG1,spatial_EM,"[0, 1, 2, 3, 4, 5, 6, 7, 8, 9, 10, 11, 12, 13, 14, 15, 16, 17, 18, 19, 20, 21, 22, 23]",cad3f55537b1e0df4e9708ec44b3383f82a8780a1a4ae140911dbd19f3615109,3812933ef07204e8ba32611318de18234f5b08f3c0b8f3db22ce9c487a9b4c91,d42fd0835ca1169fdd93186e68af5562f7bd2461ca94639164ad5b5b2b0d06a4,38ad04bc14c2a22e2d4699472849a99e706e5988005381695628468a6a57aff5,e6002891104fad0bc1da003092c8ac6f220b69362c6893d85ca0b2daacd49eb0,98931d5efb8106f524beaa26c36aa83090811efd5607a4b577866bd036ebb779,0.0449618399143219,0.02279076538980007,0.015172186307609081,49.31085924349295,0.022171074524521828,50.68911851542929,0.22898560368690152,0.6643185982435706,0.023463094377022625,1.0,False,0.9999920129776001,0.999999463558197,0.040415705082821184,all_four_full_spatial_windows_common_frames
T01,2,BG1,spatial_ML,"[12, 13, 14, 15, 16, 17, 18, 19, 20, 21, 22, 23, 24, 25, 26, 27, 28, 29, 30, 31, 32, 33, 34, 35]",cad3f55537b1e0df4e9708ec44b3383f82a8780a1a4ae140911dbd19f3615109,3812933ef07204e8ba32611318de18234f5b08f3c0b8f3db22ce9c487a9b4c91,d42fd0835ca1169fdd93186e68af5562f7bd2461ca94639164ad5b5b2b0d06a4,38ad04bc14c2a22e2d4699472849a99e706e5988005381695628468a6a57aff5,e6002891104fad0bc1da003092c8ac6f220b69362c6893d85ca0b2daacd49eb0,98931d5efb8106f524beaa26c36aa83090811efd5607a4b577866bd036ebb779,0.0449618399143219,0.03437896445393562,0.048016782850027084,23.53745559969779,0.010582875460386276,76.46252215922445,0.21403291758042386,0.6616471114799111,0.038415780483500264,1.0,False,0.9999905824661255,0.9999994039535522,0.016095538833535233,all_four_full_spatial_windows_common_frames
T01,2,BG1,spatial_all,"[0, 1, 2, 3, 4, 5, 6, 7, 8, 9, 10, 11, 12, 13, 14, 15, 16, 17, 18, 19, 20, 21, 22, 23, 24, 25, 26, 27, 28, 29, 30, 31, 32, 33, 34, 35]",cad3f55537b1e0df4e9708ec44b3383f82a8780a1a4ae140911dbd19f3615109,3812933ef07204e8ba32611318de18234f5b08f3c0b8f3db22ce9c487a9b4c91,d42fd0835ca1169fdd93186e68af5562f7bd2461ca94639164ad5b5b2b0d06a4,38ad04bc14c2a22e2d4699472849a99e706e5988005381695628468a6a57aff5,e6002891104fad0bc1da003092c8ac6f220b69362c6893d85ca0b2daacd49eb0,98931d5efb8106f524beaa26c36aa83090811efd5607a4b577866bd036ebb779,0.0449618399143219,0.04423626512289047,0.03528916463255882,1.6137565354051555,0.000725574791431427,98.38622122351708,0.21476882962877836,0.6601758515176477,0.03767986843514579,1.0,False,0.9999932050704956,0.999999463558197,0.0,all_four_full_spatial_windows_common_frames
T01,2,BG2,spatial_E,"[0, 1, 2, 3, 4, 5, 6, 7, 8, 9, 10, 11]",cad3f55537b1e0df4e9708ec44b3383f82a8780a1a4ae140911dbd19f3615109,3812933ef07204e8ba32611318de18234f5b08f3c0b8f3db22ce9c487a9b4c91,d42fd0835ca1169fdd93186e68af5562f7bd2461ca94639164ad5b5b2b0d06a4,38ad04bc14c2a22e2d4699472849a99e706e5988005381695628468a6a57aff5,e6002891104fad0bc1da003092c8ac6f220b69362c6893d85ca0b2daacd49eb0,98931d5efb8106f524beaa26c36aa83090811efd5607a4b577866bd036ebb779,0.028707558289170265,0.03145648166537285,0.01304457988590002,-9.575605110515738,-0.0027489233762025833,109.57557027649601,0.25668676532531653,0.6866883863905363,-0.002516650687702062,1.0,False,0.9999885559082031,0.9999994039535522,0.06874405221111934,all_four_full_spatial_windows_common_frames
T01,2,BG2,spatial_EM,"[0, 1, 2, 3, 4, 5, 6, 7, 8, 9, 10, 11, 12, 13, 14, 15, 16, 17, 18, 19, 20, 21, 22, 23]",cad3f55537b1e0df4e9708ec44b3383f82a8780a1a4ae140911dbd19f3615109,3812933ef07204e8ba32611318de18234f5b08f3c0b8f3db22ce9c487a9b4c91,d42fd0835ca1169fdd93186e68af5562f7bd2461ca94639164ad5b5b2b0d06a4,38ad04bc14c2a22e2d4699472849a99e706e5988005381695628468a6a57aff5,e6002891104fad0bc1da003092c8ac6f220b69362c6893d85ca0b2daacd49eb0,98931d5efb8106f524beaa26c36aa83090811efd5607a4b577866bd036ebb779,0.028707558289170265,0.0421270914375782,0.04364872723817825,-46.7456282372421,-0.013419533148407936,146.7455934032224,0.22397551356347484,0.6599525329986875,0.030194601074139633,1.0,False,0.9999878406524658,0.9999992251396179,0.04029987820550799,all_four_full_spatial_windows_common_frames
T01,2,BG2,spatial_ML,"[12, 13, 14, 15, 16, 17, 18, 19, 20, 21, 22, 23, 24, 25, 26, 27, 28, 29, 30, 31, 32, 33, 34, 35]",cad3f55537b1e0df4e9708ec44b3383f82a8780a1a4ae140911dbd19f3615109,3812933ef07204e8ba32611318de18234f5b08f3c0b8f3db22ce9c487a9b4c91,d42fd0835ca1169fdd93186e68af5562f7bd2461ca94639164ad5b5b2b0d06a4,38ad04bc14c2a22e2d4699472849a99e706e5988005381695628468a6a57aff5,e6002891104fad0bc1da003092c8ac6f220b69362c6893d85ca0b2daacd49eb0,98931d5efb8106f524beaa26c36aa83090811efd5607a4b577866bd036ebb779,0.028707558289170265,0.06723667681217194,0.0592200793325901,-134.21240745610808,-0.03852911852300167,234.21237262208834,0.1922740047507367,0.6257731314621259,0.06189610988687779,1.0,False,0.9999890327453613,0.9999992847442627,0.011822117835210096,all_four_full_spatial_windows_common_frames
T01,2,BG2,spatial_all,"[0, 1, 2, 3, 4, 5, 6, 7, 8, 9, 10, 11, 12, 13, 14, 15, 16, 17, 18, 19, 20, 21, 22, 23, 24, 25, 26, 27, 28, 29, 30, 31, 32, 33, 34, 35]",cad3f55537b1e0df4e9708ec44b3383f82a8780a1a4ae140911dbd19f3615109,3812933ef07204e8ba32611318de18234f5b08f3c0b8f3db22ce9c487a9b4c91,d42fd0835ca1169fdd93186e68af5562f7bd2461ca94639164ad5b5b2b0d06a4,38ad04bc14c2a22e2d4699472849a99e706e5988005381695628468a6a57aff5,e6002891104fad0bc1da003092c8ac6f220b69362c6893d85ca0b2daacd49eb0,98931d5efb8106f524beaa26c36aa83090811efd5607a4b577866bd036ebb779,0.028707558289170265,0.07844908535480499,0.0678122490644455,-173.2697334883616,-0.04974152706563473,273.2696986543419,0.19167018724773421,0.6217152664310021,0.062499927389880264,1.0,False,0.9999904632568359,0.9999994039535522,0.0,all_four_full_spatial_windows_common_frames
T01,2,BG3,spatial_E,"[0, 1, 2, 3, 4, 5, 6, 7, 8, 9, 10, 11]",cad3f55537b1e0df4e9708ec44b3383f82a8780a1a4ae140911dbd19f3615109,3812933ef07204e8ba32611318de18234f5b08f3c0b8f3db22ce9c487a9b4c91,d42fd0835ca1169fdd93186e68af5562f7bd2461ca94639164ad5b5b2b0d06a4,38ad04bc14c2a22e2d4699472849a99e706e5988005381695628468a6a57aff5,e6002891104fad0bc1da003092c8ac6f220b69362c6893d85ca0b2daacd49eb0,98931d5efb8106f524beaa26c36aa83090811efd5607a4b577866bd036ebb779,0.03298129886388779,0.03321871533989906,0.020576445385813713,-0.7198515892473587,-0.00023741647601127625,100.71982126904375,0.2506391445654797,0.6707449878160926,-0.0005561766316260139,1.0,False,0.9999939203262329,0.9999995231628418,0.09226264740243029,all_four_full_spatial_windows_common_frames
T01,2,BG3,spatial_EM,"[0, 1, 2, 3, 4, 5, 6, 7, 8, 9, 10, 11, 12, 13, 14, 15, 16, 17, 18, 19, 20, 21, 22, 23]",cad3f55537b1e0df4e9708ec44b3383f82a8780a1a4ae140911dbd19f3615109,3812933ef07204e8ba32611318de18234f5b08f3c0b8f3db22ce9c487a9b4c91,d42fd0835ca1169fdd93186e68af5562f7bd2461ca94639164ad5b5b2b0d06a4,38ad04bc14c2a22e2d4699472849a99e706e5988005381695628468a6a57aff5,e6002891104fad0bc1da003092c8ac6f220b69362c6893d85ca0b2daacd49eb0,98931d5efb8106f524beaa26c36aa83090811efd5607a4b577866bd036ebb779,0.03298129886388779,0.05156169459223747,0.0558965727686882,-56.33613815943463,-0.018580395728349686,156.33610783923103,0.22844127033956996,0.6271500793110554,0.021641697594283704,1.0,False,0.9999924898147583,0.9999994039535522,0.04421172957308109,all_four_full_spatial_windows_common_frames
T01,2,BG3,spatial_ML,"[12, 13, 14, 15, 16, 17, 18, 19, 20, 21, 22, 23, 24, 25, 26, 27, 28, 29, 30, 31, 32, 33, 34, 35]",cad3f55537b1e0df4e9708ec44b3383f82a8780a1a4ae140911dbd19f3615109,3812933ef07204e8ba32611318de18234f5b08f3c0b8f3db22ce9c487a9b4c91,d42fd0835ca1169fdd93186e68af5562f7bd2461ca94639164ad5b5b2b0d06a4,38ad04bc14c2a22e2d4699472849a99e706e5988005381695628468a6a57aff5,e6002891104fad0bc1da003092c8ac6f220b69362c6893d85ca0b2daacd49eb0,98931d5efb8106f524beaa26c36aa83090811efd5607a4b577866bd036ebb779,0.03298129886388779,0.04893282428383827,0.04572392255067825,-48.36534985855665,-0.015951525419950485,148.36531953835305,0.22947986799607129,0.6531162400389097,0.0206030999377824,1.0,False,0.9999923706054688,0.9999994039535522,0.02045010886986415,all_four_full_spatial_windows_common_frames
T01,2,BG3,spatial_all,"[0, 1, 2, 3, 4, 5, 6, 7, 8, 9, 10, 11, 12, 13, 14, 15, 16, 17, 18, 19, 20, 21, 22, 23, 24, 25, 26, 27, 28, 29, 30, 31, 32, 33, 34, 35]",cad3f55537b1e0df4e9708ec44b3383f82a8780a1a4ae140911dbd19f3615109,3812933ef07204e8ba32611318de18234f5b08f3c0b8f3db22ce9c487a9b4c91,d42fd0835ca1169fdd93186e68af5562f7bd2461ca94639164ad5b5b2b0d06a4,38ad04bc14c2a22e2d4699472849a99e706e5988005381695628468a6a57aff5,e6002891104fad0bc1da003092c8ac6f220b69362c6893d85ca0b2daacd49eb0,98931d5efb8106f524beaa26c36aa83090811efd5607a4b577866bd036ebb779,0.03298129886388779,0.053292639553546906,0.06800983846187592,-61.58439852548911,-0.02031134068965912,161.5843682052855,0.2242887072295892,0.6481513754646193,0.025794260704264445,1.0,False,0.9999920129776001,0.9999992847442627,0.0,all_four_full_spatial_windows_common_frames
T01,2,BG4,spatial_E,"[0, 1, 2, 3, 4, 5, 6, 7, 8, 9, 10, 11]",cad3f55537b1e0df4e9708ec44b3383f82a8780a1a4ae140911dbd19f3615109,3812933ef07204e8ba32611318de18234f5b08f3c0b8f3db22ce9c487a9b4c91,d42fd0835ca1169fdd93186e68af5562f7bd2461ca94639164ad5b5b2b0d06a4,38ad04bc14c2a22e2d4699472849a99e706e5988005381695628468a6a57aff5,e6002891104fad0bc1da003092c8ac6f220b69362c6893d85ca0b2daacd49eb0,98931d5efb8106f524beaa26c36aa83090811efd5607a4b577866bd036ebb779,0.07409055531024933,0.06829268485307693,0.06614252924919128,7.82538293896692,0.005797870457172394,92.17460356403795,0.2679861378632213,0.7005388106323204,0.004935980361004558,1.0,False,0.9999850988388062,0.9999991059303284,0.08777872089591202,all_four_full_spatial_windows_common_frames
T01,2,BG4,spatial_EM,"[0, 1, 2, 3, 4, 5, 6, 7, 8, 9, 10, 11, 12, 13, 14, 15, 16, 17, 18, 19, 20, 21, 22, 23]",cad3f55537b1e0df4e9708ec44b3383f82a8780a1a4ae140911dbd19f3615109,3812933ef07204e8ba32611318de18234f5b08f3c0b8f3db22ce9c487a9b4c91,d42fd0835ca1169fdd93186e68af5562f7bd2461ca94639164ad5b5b2b0d06a4,38ad04bc14c2a22e2d4699472849a99e706e5988005381695628468a6a57aff5,e6002891104fad0bc1da003092c8ac6f220b69362c6893d85ca0b2daacd49eb0,98931d5efb8106f524beaa26c36aa83090811efd5607a4b577866bd036ebb779,0.07409055531024933,0.09745991230010986,0.08538725972175598,-31.541609774473855,-0.023369356989860535,131.54159627747873,0.26388116311489607,0.6534922193972511,0.009040955109329844,1.0,False,0.9999843835830688,0.9999991655349731,0.04127526707981022,all_four_full_spatial_windows_common_frames
T01,2,BG4,spatial_ML,"[12, 13, 14, 15, 16, 17, 18, 19, 20, 21, 22, 23, 24, 25, 26, 27, 28, 29, 30, 31, 32, 33, 34, 35]",cad3f55537b1e0df4e9708ec44b3383f82a8780a1a4ae140911dbd19f3615109,3812933ef07204e8ba32611318de18234f5b08f3c0b8f3db22ce9c487a9b4c91,d42fd0835ca1169fdd93186e68af5562f7bd2461ca94639164ad5b5b2b0d06a4,38ad04bc14c2a22e2d4699472849a99e706e5988005381695628468a6a57aff5,e6002891104fad0bc1da003092c8ac6f220b69362c6893d85ca0b2daacd49eb0,98931d5efb8106f524beaa26c36aa83090811efd5607a4b577866bd036ebb779,0.07409055531024933,0.0762324333190918,0.07532547414302826,-2.890891707835534,-0.0021418780088424683,102.8908782108404,0.23623552427314437,0.6580193855767428,0.03668659395108153,1.0,False,0.9999816417694092,0.9999989867210388,0.019621539014159584,all_four_full_spatial_windows_common_frames
T01,2,BG4,spatial_all,"[0, 1, 2, 3, 4, 5, 6, 7, 8, 9, 10, 11, 12, 13, 14, 15, 16, 17, 18, 19, 20, 21, 22, 23, 24, 25, 26, 27, 28, 29, 30, 31, 32, 33, 34, 35]",cad3f55537b1e0df4e9708ec44b3383f82a8780a1a4ae140911dbd19f3615109,3812933ef07204e8ba32611318de18234f5b08f3c0b8f3db22ce9c487a9b4c91,d42fd0835ca1169fdd93186e68af5562f7bd2461ca94639164ad5b5b2b0d06a4,38ad04bc14c2a22e2d4699472849a99e706e5988005381695628468a6a57aff5,e6002891104fad0bc1da003092c8ac6f220b69362c6893d85ca0b2daacd49eb0,98931d5efb8106f524beaa26c36aa83090811efd5607a4b577866bd036ebb779,0.07409055531024933,0.07681610435247421,0.08770404756069183,-3.6786722179967564,-0.002725549042224884,103.67865872100163,0.22806027646516483,0.6408181188667155,0.044861841759061064,1.0,False,0.9999798536300659,0.9999988675117493,0.0,all_four_full_spatial_windows_common_frames
T01,2,BG5,spatial_E,"[0, 1, 2, 3, 4, 5, 6, 7, 8, 9, 10, 11]",cad3f55537b1e0df4e9708ec44b3383f82a8780a1a4ae140911dbd19f3615109,3812933ef07204e8ba32611318de18234f5b08f3c0b8f3db22ce9c487a9b4c91,d42fd0835ca1169fdd93186e68af5562f7bd2461ca94639164ad5b5b2b0d06a4,38ad04bc14c2a22e2d4699472849a99e706e5988005381695628468a6a57aff5,e6002891104fad0bc1da003092c8ac6f220b69362c6893d85ca0b2daacd49eb0,98931d5efb8106f524beaa26c36aa83090811efd5607a4b577866bd036ebb779,0.1251528114080429,0.12436890602111816,0.2927350699901581,0.6263585415856764,0.0007839053869247437,99.37363346818296,0.323994323461285,0.9566399238984261,0.006626669025142762,1.0,False,0.9999666213989258,0.9999986886978149,0.24283665886262007,all_four_full_spatial_windows_common_frames
T01,2,BG5,spatial_EM,"[0, 1, 2, 3, 4, 5, 6, 7, 8, 9, 10, 11, 12, 13, 14, 15, 16, 17, 18, 19, 20, 21, 22, 23]",cad3f55537b1e0df4e9708ec44b3383f82a8780a1a4ae140911dbd19f3615109,3812933ef07204e8ba32611318de18234f5b08f3c0b8f3db22ce9c487a9b4c91,d42fd0835ca1169fdd93186e68af5562f7bd2461ca94639164ad5b5b2b0d06a4,38ad04bc14c2a22e2d4699472849a99e706e5988005381695628468a6a57aff5,e6002891104fad0bc1da003092c8ac6f220b69362c6893d85ca0b2daacd49eb0,98931d5efb8106f524beaa26c36aa83090811efd5607a4b577866bd036ebb779,0.1251528114080429,0.14735476672649384,0.19873091578483582,-17.73987599213974,-0.022201955318450928,117.73986800190838,0.31862234077634205,0.7686772609997573,0.011998651710085701,1.0,False,0.9999768733978271,0.9999983906745911,0.04412428211969366,all_four_full_spatial_windows_common_frames
T01,2,BG5,spatial_ML,"[12, 13, 14, 15, 16, 17, 18, 19, 20, 21, 22, 23, 24, 25, 26, 27, 28, 29, 30, 31, 32, 33, 34, 35]",cad3f55537b1e0df4e9708ec44b3383f82a8780a1a4ae140911dbd19f3615109,3812933ef07204e8ba32611318de18234f5b08f3c0b8f3db22ce9c487a9b4c91,d42fd0835ca1169fdd93186e68af5562f7bd2461ca94639164ad5b5b2b0d06a4,38ad04bc14c2a22e2d4699472849a99e706e5988005381695628468a6a57aff5,e6002891104fad0bc1da003092c8ac6f220b69362c6893d85ca0b2daacd49eb0,98931d5efb8106f524beaa26c36aa83090811efd5607a4b577866bd036ebb779,0.1251528114080429,0.1211630329489708,0.10192200541496277,3.1879253013913367,0.003989778459072113,96.8120667083773,0.23486483748695858,0.6212622942316035,0.0957561549994691,1.0,False,0.9999815225601196,0.9999988675117493,0.012880489954539718,all_four_full_spatial_windows_common_frames
T01,2,BG5,spatial_all,"[0, 1, 2, 3, 4, 5, 6, 7, 8, 9, 10, 11, 12, 13, 14, 15, 16, 17, 18, 19, 20, 21, 22, 23, 24, 25, 26, 27, 28, 29, 30, 31, 32, 33, 34, 35]",cad3f55537b1e0df4e9708ec44b3383f82a8780a1a4ae140911dbd19f3615109,3812933ef07204e8ba32611318de18234f5b08f3c0b8f3db22ce9c487a9b4c91,d42fd0835ca1169fdd93186e68af5562f7bd2461ca94639164ad5b5b2b0d06a4,38ad04bc14c2a22e2d4699472849a99e706e5988005381695628468a6a57aff5,e6002891104fad0bc1da003092c8ac6f220b69362c6893d85ca0b2daacd49eb0,98931d5efb8106f524beaa26c36aa83090811efd5607a4b577866bd036ebb779,0.1251528114080429,0.12695491313934326,0.1313115656375885,-1.4399209790283982,-0.001802101731300354,101.43991298879703,0.22889491138534196,0.6305218727302071,0.10172608110108579,1.0,False,0.9999786615371704,0.9999986290931702,0.0,all_four_full_spatial_windows_common_frames
T01,2,BG6,spatial_E,"[0, 1, 2, 3, 4, 5, 6, 7, 8, 9, 10, 11]",cad3f55537b1e0df4e9708ec44b3383f82a8780a1a4ae140911dbd19f3615109,3812933ef07204e8ba32611318de18234f5b08f3c0b8f3db22ce9c487a9b4c91,d42fd0835ca1169fdd93186e68af5562f7bd2461ca94639164ad5b5b2b0d06a4,38ad04bc14c2a22e2d4699472849a99e706e5988005381695628468a6a57aff5,e6002891104fad0bc1da003092c8ac6f220b69362c6893d85ca0b2daacd49eb0,98931d5efb8106f524beaa26c36aa83090811efd5607a4b577866bd036ebb779,0.0674576684832573,0.06469552963972092,0.17376640439033508,4.094624816094031,0.002762138843536377,95.90536035979666,0.2715814026457026,0.8090587454201085,0.012166690096259869,1.0,False,0.9999804496765137,0.9999988079071045,0.22602495540919632,all_four_full_spatial_windows_common_frames
T01,2,BG6,spatial_EM,"[0, 1, 2, 3, 4, 5, 6, 7, 8, 9, 10, 11, 12, 13, 14, 15, 16, 17, 18, 19, 20, 21, 22, 23]",cad3f55537b1e0df4e9708ec44b3383f82a8780a1a4ae140911dbd19f3615109,3812933ef07204e8ba32611318de18234f5b08f3c0b8f3db22ce9c487a9b4c91,d42fd0835ca1169fdd93186e68af5562f7bd2461ca94639164ad5b5b2b0d06a4,38ad04bc14c2a22e2d4699472849a99e706e5988005381695628468a6a57aff5,e6002891104fad0bc1da003092c8ac6f220b69362c6893d85ca0b2daacd49eb0,98931d5efb8106f524beaa26c36aa83090811efd5607a4b577866bd036ebb779,0.0674576684832573,0.08341480791568756,0.07850810885429382,-23.655037930768344,-0.015957139432430267,123.65502310665903,0.20469368400543653,0.6667235332338427,0.07905440873652594,1.0,False,0.99997878074646,0.9999985694885254,0.043184695557462204,all_four_full_spatial_windows_common_frames
T01,2,BG6,spatial_ML,"[12, 13, 14, 15, 16, 17, 18, 19, 20, 21, 22, 23, 24, 25, 26, 27, 28, 29, 30, 31, 32, 33, 34, 35]",cad3f55537b1e0df4e9708ec44b3383f82a8780a1a4ae140911dbd19f3615109,3812933ef07204e8ba32611318de18234f5b08f3c0b8f3db22ce9c487a9b4c91,d42fd0835ca1169fdd93186e68af5562f7bd2461ca94639164ad5b5b2b0d06a4,38ad04bc14c2a22e2d4699472849a99e706e5988005381695628468a6a57aff5,e6002891104fad0bc1da003092c8ac6f220b69362c6893d85ca0b2daacd49eb0,98931d5efb8106f524beaa26c36aa83090811efd5607a4b577866bd036ebb779,0.0674576684832573,0.0969293862581253,0.08065079897642136,-43.68919660077358,-0.02947171777486801,143.68918177666427,0.20028942025113658,0.6027789998328671,0.0834586724908259,1.0,False,0.999984860420227,0.9999986886978149,0.02152913257596966,all_four_full_spatial_windows_common_frames
T01,2,BG6,spatial_all,"[0, 1, 2, 3, 4, 5, 6, 7, 8, 9, 10, 11, 12, 13, 14, 15, 16, 17, 18, 19, 20, 21, 22, 23, 24, 25, 26, 27, 28, 29, 30, 31, 32, 33, 34, 35]",cad3f55537b1e0df4e9708ec44b3383f82a8780a1a4ae140911dbd19f3615109,3812933ef07204e8ba32611318de18234f5b08f3c0b8f3db22ce9c487a9b4c91,d42fd0835ca1169fdd93186e68af5562f7bd2461ca94639164ad5b5b2b0d06a4,38ad04bc14c2a22e2d4699472849a99e706e5988005381695628468a6a57aff5,e6002891104fad0bc1da003092c8ac6f220b69362c6893d85ca0b2daacd49eb0,98931d5efb8106f524beaa26c36aa83090811efd5607a4b577866bd036ebb779,0.0674576684832573,0.09008938074111938,0.07482389360666275,-33.54949765055906,-0.02263171225786209,133.54948282644975,0.1920726591758565,0.6013254746252303,0.09167543356610594,1.0,False,0.9999828338623047,0.9999986290931702,0.0,all_four_full_spatial_windows_common_frames
T01,2,BG7,spatial_E,"[0, 1, 2, 3, 4, 5, 6, 7, 8, 9, 10, 11]",cad3f55537b1e0df4e9708ec44b3383f82a8780a1a4ae140911dbd19f3615109,3812933ef07204e8ba32611318de18234f5b08f3c0b8f3db22ce9c487a9b4c91,d42fd0835ca1169fdd93186e68af5562f7bd2461ca94639164ad5b5b2b0d06a4,38ad04bc14c2a22e2d4699472849a99e706e5988005381695628468a6a57aff5,e6002891104fad0bc1da003092c8ac6f220b69362c6893d85ca0b2daacd49eb0,98931d5efb8106f524beaa26c36aa83090811efd5607a4b577866bd036ebb779,0.09159891307353973,0.08047255873680115,0.12472915649414062,12.146817848290475,0.011126354336738586,87.85317123455062,0.2950105585936855,0.7765183113893657,0.01373084769449891,1.0,False,0.9999816417694092,0.999998927116394,0.2776766199401492,all_four_full_spatial_windows_common_frames
T01,2,BG7,spatial_EM,"[0, 1, 2, 3, 4, 5, 6, 7, 8, 9, 10, 11, 12, 13, 14, 15, 16, 17, 18, 19, 20, 21, 22, 23]",cad3f55537b1e0df4e9708ec44b3383f82a8780a1a4ae140911dbd19f3615109,3812933ef07204e8ba32611318de18234f5b08f3c0b8f3db22ce9c487a9b4c91,d42fd0835ca1169fdd93186e68af5562f7bd2461ca94639164ad5b5b2b0d06a4,38ad04bc14c2a22e2d4699472849a99e706e5988005381695628468a6a57aff5,e6002891104fad0bc1da003092c8ac6f220b69362c6893d85ca0b2daacd49eb0,98931d5efb8106f524beaa26c36aa83090811efd5607a4b577866bd036ebb779,0.09159891307353973,0.2529509961605072,0.1676694005727768,-176.15063329666745,-0.16135208308696747,276.15062237950855,0.3958816127263237,0.6546887813361478,-0.08714020643813922,1.0,False,0.999981164932251,0.9999988079071045,0.04712301877210709,all_four_full_spatial_windows_common_frames
T01,2,BG7,spatial_ML,"[12, 13, 14, 15, 16, 17, 18, 19, 20, 21, 22, 23, 24, 25, 26, 27, 28, 29, 30, 31, 32, 33, 34, 35]",cad3f55537b1e0df4e9708ec44b3383f82a8780a1a4ae140911dbd19f3615109,3812933ef07204e8ba32611318de18234f5b08f3c0b8f3db22ce9c487a9b4c91,d42fd0835ca1169fdd93186e68af5562f7bd2461ca94639164ad5b5b2b0d06a4,38ad04bc14c2a22e2d4699472849a99e706e5988005381695628468a6a57aff5,e6002891104fad0bc1da003092c8ac6f220b69362c6893d85ca0b2daacd49eb0,98931d5efb8106f524beaa26c36aa83090811efd5607a4b577866bd036ebb779,0.09159891307353973,0.21873536705970764,0.1055295318365097,-138.79688725608383,-0.1271364539861679,238.79687633892493,0.3295259858866094,0.6051546512043559,-0.020784579598424995,1.0,False,0.9999892711639404,0.9999992251396179,0.006051186415830446,all_four_full_spatial_windows_common_frames
T01,2,BG7,spatial_all,"[0, 1, 2, 3, 4, 5, 6, 7, 8, 9, 10, 11, 12, 13, 14, 15, 16, 17, 18, 19, 20, 21, 22, 23, 24, 25, 26, 27, 28, 29, 30, 31, 32, 33, 34, 35]",cad3f55537b1e0df4e9708ec44b3383f82a8780a1a4ae140911dbd19f3615109,3812933ef07204e8ba32611318de18234f5b08f3c0b8f3db22ce9c487a9b4c91,d42fd0835ca1169fdd93186e68af5562f7bd2461ca94639164ad5b5b2b0d06a4,38ad04bc14c2a22e2d4699472849a99e706e5988005381695628468a6a57aff5,e6002891104fad0bc1da003092c8ac6f220b69362c6893d85ca0b2daacd49eb0,98931d5efb8106f524beaa26c36aa83090811efd5607a4b577866bd036ebb779,0.09159891307353973,0.220220685005188,0.13113455474376678,-140.418432461684,-0.12862177193164825,240.41842154452507,0.32600857625395285,0.6013372554044984,-0.017267169965768492,1.0,False,0.9999866485595703,0.999998927116394,0.0,all_four_full_spatial_windows_common_frames
T01,2,BG8,spatial_E,"[0, 1, 2, 3, 4, 5, 6, 7, 8, 9, 10, 11]",cad3f55537b1e0df4e9708ec44b3383f82a8780a1a4ae140911dbd19f3615109,3812933ef07204e8ba32611318de18234f5b08f3c0b8f3db22ce9c487a9b4c91,d42fd0835ca1169fdd93186e68af5562f7bd2461ca94639164ad5b5b2b0d06a4,38ad04bc14c2a22e2d4699472849a99e706e5988005381695628468a6a57aff5,e6002891104fad0bc1da003092c8ac6f220b69362c6893d85ca0b2daacd49eb0,98931d5efb8106f524beaa26c36aa83090811efd5607a4b577866bd036ebb779,0.5630930066108704,0.5366137027740479,0.5619476437568665,4.7024742015440815,0.02647930383682251,95.29752402255038,0.5784436228596797,0.7264632119499616,0.02006496926681728,1.0,False,0.9999797344207764,0.9999988675117493,0.26085685378951434,all_four_full_spatial_windows_common_frames
T01,2,BG8,spatial_EM,"[0, 1, 2, 3, 4, 5, 6, 7, 8, 9, 10, 11, 12, 13, 14, 15, 16, 17, 18, 19, 20, 21, 22, 23]",cad3f55537b1e0df4e9708ec44b3383f82a8780a1a4ae140911dbd19f3615109,3812933ef07204e8ba32611318de18234f5b08f3c0b8f3db22ce9c487a9b4c91,d42fd0835ca1169fdd93186e68af5562f7bd2461ca94639164ad5b5b2b0d06a4,38ad04bc14c2a22e2d4699472849a99e706e5988005381695628468a6a57aff5,e6002891104fad0bc1da003092c8ac6f220b69362c6893d85ca0b2daacd49eb0,98931d5efb8106f524beaa26c36aa83090811efd5607a4b577866bd036ebb779,0.5630930066108704,0.41026538610458374,0.4213443398475647,27.140741582291593,0.15282762050628662,72.85925664180287,0.5512732536517494,0.8366239846948818,0.04723533847474751,1.0,False,0.9999371767044067,0.9999951124191284,0.03944016032842739,all_four_full_spatial_windows_common_frames
T01,2,BG8,spatial_ML,"[12, 13, 14, 15, 16, 17, 18, 19, 20, 21, 22, 23, 24, 25, 26, 27, 28, 29, 30, 31, 32, 33, 34, 35]",cad3f55537b1e0df4e9708ec44b3383f82a8780a1a4ae140911dbd19f3615109,3812933ef07204e8ba32611318de18234f5b08f3c0b8f3db22ce9c487a9b4c91,d42fd0835ca1169fdd93186e68af5562f7bd2461ca94639164ad5b5b2b0d06a4,38ad04bc14c2a22e2d4699472849a99e706e5988005381695628468a6a57aff5,e6002891104fad0bc1da003092c8ac6f220b69362c6893d85ca0b2daacd49eb0,98931d5efb8106f524beaa26c36aa83090811efd5607a4b577866bd036ebb779,0.5630930066108704,0.38136178255081177,0.3541952967643738,32.27374851030079,0.1817312240600586,67.72624971379366,0.5088428592140258,0.7844900577801825,0.08966573291247118,1.0,False,0.9999456405639648,0.9999967813491821,0.035368707292353994,all_four_full_spatial_windows_common_frames
T01,2,BG8,spatial_all,"[0, 1, 2, 3, 4, 5, 6, 7, 8, 9, 10, 11, 12, 13, 14, 15, 16, 17, 18, 19, 20, 21, 22, 23, 24, 25, 26, 27, 28, 29, 30, 31, 32, 33, 34, 35]",cad3f55537b1e0df4e9708ec44b3383f82a8780a1a4ae140911dbd19f3615109,3812933ef07204e8ba32611318de18234f5b08f3c0b8f3db22ce9c487a9b4c91,d42fd0835ca1169fdd93186e68af5562f7bd2461ca94639164ad5b5b2b0d06a4,38ad04bc14c2a22e2d4699472849a99e706e5988005381695628468a6a57aff5,e6002891104fad0bc1da003092c8ac6f220b69362c6893d85ca0b2daacd49eb0,98931d5efb8106f524beaa26c36aa83090811efd5607a4b577866bd036ebb779,0.5630930066108704,0.3670004904270172,0.362785667181015,34.82417831499486,0.19609251618385315,65.1758199090996,0.4965104769409553,0.783916693630607,0.10199811518554174,1.0,False,0.9999434947967529,0.9999969601631165,0.0,all_four_full_spatial_windows_common_frames
T01,2,BG9,spatial_E,"[0, 1, 2, 3, 4, 5, 6, 7, 8, 9, 10, 11]",cad3f55537b1e0df4e9708ec44b3383f82a8780a1a4ae140911dbd19f3615109,3812933ef07204e8ba32611318de18234f5b08f3c0b8f3db22ce9c487a9b4c91,d42fd0835ca1169fdd93186e68af5562f7bd2461ca94639164ad5b5b2b0d06a4,38ad04bc14c2a22e2d4699472849a99e706e5988005381695628468a6a57aff5,e6002891104fad0bc1da003092c8ac6f220b69362c6893d85ca0b2daacd49eb0,98931d5efb8106f524beaa26c36aa83090811efd5607a4b577866bd036ebb779,0.056796394288539886,0.06064649671316147,0.11382949352264404,-6.7787784681968635,-0.003850102424621582,106.77876086144846,0.2629253713644319,0.6541025230666784,0.003250727727865972,1.0,False,0.9999860525131226,0.9999988079071045,0.1977524334994743,all_four_full_spatial_windows_common_frames
T01,2,BG9,spatial_EM,"[0, 1, 2, 3, 4, 5, 6, 7, 8, 9, 10, 11, 12, 13, 14, 15, 16, 17, 18, 19, 20, 21, 22, 23]",cad3f55537b1e0df4e9708ec44b3383f82a8780a1a4ae140911dbd19f3615109,3812933ef07204e8ba32611318de18234f5b08f3c0b8f3db22ce9c487a9b4c91,d42fd0835ca1169fdd93186e68af5562f7bd2461ca94639164ad5b5b2b0d06a4,38ad04bc14c2a22e2d4699472849a99e706e5988005381695628468a6a57aff5,e6002891104fad0bc1da003092c8ac6f220b69362c6893d85ca0b2daacd49eb0,98931d5efb8106f524beaa26c36aa83090811efd5607a4b577866bd036ebb779,0.056796394288539886,0.10126589238643646,0.09024379402399063,-78.29632642232146,-0.044469498097896576,178.29630881557307,0.27970282776830035,0.6362530550350544,-0.013526728676002468,1.0,False,0.9999771118164062,0.999998152256012,0.03722153926685098,all_four_full_spatial_windows_common_frames
T01,2,BG9,spatial_ML,"[12, 13, 14, 15, 16, 17, 18, 19, 20, 21, 22, 23, 24, 25, 26, 27, 28, 29, 30, 31, 32, 33, 34, 35]",cad3f55537b1e0df4e9708ec44b3383f82a8780a1a4ae140911dbd19f3615109,3812933ef07204e8ba32611318de18234f5b08f3c0b8f3db22ce9c487a9b4c91,d42fd0835ca1169fdd93186e68af5562f7bd2461ca94639164ad5b5b2b0d06a4,38ad04bc14c2a22e2d4699472849a99e706e5988005381695628468a6a57aff5,e6002891104fad0bc1da003092c8ac6f220b69362c6893d85ca0b2daacd49eb0,98931d5efb8106f524beaa26c36aa83090811efd5607a4b577866bd036ebb779,0.056796394288539886,0.12527921795845032,0.0921429768204689,-120.57598456761562,-0.06848282366991043,220.57596696086722,0.227771615632757,0.6021896793093371,0.038404483459540874,1.0,False,0.9999798536300659,0.9999983310699463,0.02867239780781724,all_four_full_spatial_windows_common_frames
T01,2,BG9,spatial_all,"[0, 1, 2, 3, 4, 5, 6, 7, 8, 9, 10, 11, 12, 13, 14, 15, 16, 17, 18, 19, 20, 21, 22, 23, 24, 25, 26, 27, 28, 29, 30, 31, 32, 33, 34, 35]",cad3f55537b1e0df4e9708ec44b3383f82a8780a1a4ae140911dbd19f3615109,3812933ef07204e8ba32611318de18234f5b08f3c0b8f3db22ce9c487a9b4c91,d42fd0835ca1169fdd93186e68af5562f7bd2461ca94639164ad5b5b2b0d06a4,38ad04bc14c2a22e2d4699472849a99e706e5988005381695628468a6a57aff5,e6002891104fad0bc1da003092c8ac6f220b69362c6893d85ca0b2daacd49eb0,98931d5efb8106f524beaa26c36aa83090811efd5607a4b577866bd036ebb779,0.056796394288539886,0.12928900122642517,0.10189301520586014,-127.63590907904094,-0.07249260693788528,227.63589147229254,0.22189750137448666,0.5996014227128467,0.0442785977178112,1.0,False,0.9999781847000122,0.9999983310699463,0.0,all_four_full_spatial_windows_common_frames
T01,2,BG10,spatial_E,"[0, 1, 2, 3, 4, 5, 6, 7, 8, 9, 10, 11]",cad3f55537b1e0df4e9708ec44b3383f82a8780a1a4ae140911dbd19f3615109,3812933ef07204e8ba32611318de18234f5b08f3c0b8f3db22ce9c487a9b4c91,d42fd0835ca1169fdd93186e68af5562f7bd2461ca94639164ad5b5b2b0d06a4,38ad04bc14c2a22e2d4699472849a99e706e5988005381695628468a6a57aff5,e6002891104fad0bc1da003092c8ac6f220b69362c6893d85ca0b2daacd49eb0,98931d5efb8106f524beaa26c36aa83090811efd5607a4b577866bd036ebb779,0.46557918190956116,0.4524119794368744,0.2936911880970001,2.828133795817168,0.013167202472686768,97.17186405632052,0.4485735414632421,0.45293278686236127,0.005285640784910628,1.0,False,0.9999903440475464,0.9999992847442627,0.2211248231475731,all_four_full_spatial_windows_common_frames
T01,2,BG10,spatial_EM,"[0, 1, 2, 3, 4, 5, 6, 7, 8, 9, 10, 11, 12, 13, 14, 15, 16, 17, 18, 19, 20, 21, 22, 23]",cad3f55537b1e0df4e9708ec44b3383f82a8780a1a4ae140911dbd19f3615109,3812933ef07204e8ba32611318de18234f5b08f3c0b8f3db22ce9c487a9b4c91,d42fd0835ca1169fdd93186e68af5562f7bd2461ca94639164ad5b5b2b0d06a4,38ad04bc14c2a22e2d4699472849a99e706e5988005381695628468a6a57aff5,e6002891104fad0bc1da003092c8ac6f220b69362c6893d85ca0b2daacd49eb0,98931d5efb8106f524beaa26c36aa83090811efd5607a4b577866bd036ebb779,0.46557918190956116,0.10908405482769012,0.12450002878904343,76.57024482123339,0.35649512708187103,23.429753030904294,0.25458018295641766,0.6469717067793113,0.1992789992917352,1.0,False,0.9999696016311646,0.9999983310699463,0.04213687229673098,all_four_full_spatial_windows_common_frames
T01,2,BG10,spatial_ML,"[12, 13, 14, 15, 16, 17, 18, 19, 20, 21, 22, 23, 24, 25, 26, 27, 28, 29, 30, 31, 32, 33, 34, 35]",cad3f55537b1e0df4e9708ec44b3383f82a8780a1a4ae140911dbd19f3615109,3812933ef07204e8ba32611318de18234f5b08f3c0b8f3db22ce9c487a9b4c91,d42fd0835ca1169fdd93186e68af5562f7bd2461ca94639164ad5b5b2b0d06a4,38ad04bc14c2a22e2d4699472849a99e706e5988005381695628468a6a57aff5,e6002891104fad0bc1da003092c8ac6f220b69362c6893d85ca0b2daacd49eb0,98931d5efb8106f524beaa26c36aa83090811efd5607a4b577866bd036ebb779,0.46557918190956116,0.22697341442108154,0.20176737010478973,51.24923356429315,0.23860576748847961,48.75076428784454,0.3369949874761867,0.6604616888941555,0.11686419477196619,1.0,False,0.9999699592590332,0.9999982714653015,0.03712625518848952,all_four_full_spatial_windows_common_frames
T01,2,BG10,spatial_all,"[0, 1, 2, 3, 4, 5, 6, 7, 8, 9, 10, 11, 12, 13, 14, 15, 16, 17, 18, 19, 20, 21, 22, 23, 24, 25, 26, 27, 28, 29, 30, 31, 32, 33, 34, 35]",cad3f55537b1e0df4e9708ec44b3383f82a8780a1a4ae140911dbd19f3615109,3812933ef07204e8ba32611318de18234f5b08f3c0b8f3db22ce9c487a9b4c91,d42fd0835ca1169fdd93186e68af5562f7bd2461ca94639164ad5b5b2b0d06a4,38ad04bc14c2a22e2d4699472849a99e706e5988005381695628468a6a57aff5,e6002891104fad0bc1da003092c8ac6f220b69362c6893d85ca0b2daacd49eb0,98931d5efb8106f524beaa26c36aa83090811efd5607a4b577866bd036ebb779,0.46557918190956116,0.20006124675273895,0.22835853695869446,57.0295966337772,0.2655179351568222,42.97040121836048,0.30544444630677015,0.64882640779656,0.1484147359413827,1.0,False,0.9999690055847168,0.9999982714653015,0.0,all_four_full_spatial_windows_common_frames
T01,2,BG11,spatial_E,"[0, 1, 2, 3, 4, 5, 6, 7, 8, 9, 10, 11]",cad3f55537b1e0df4e9708ec44b3383f82a8780a1a4ae140911dbd19f3615109,3812933ef07204e8ba32611318de18234f5b08f3c0b8f3db22ce9c487a9b4c91,d42fd0835ca1169fdd93186e68af5562f7bd2461ca94639164ad5b5b2b0d06a4,38ad04bc14c2a22e2d4699472849a99e706e5988005381695628468a6a57aff5,e6002891104fad0bc1da003092c8ac6f220b69362c6893d85ca0b2daacd49eb0,98931d5efb8106f524beaa26c36aa83090811efd5607a4b577866bd036ebb779,0.05463792011141777,0.05666126683354378,0.12227729707956314,-3.7031906552828673,-0.002023346722126007,103.703172352979,0.2673699449545656,0.7845210618369044,-0.0006937701264225112,1.0,False,0.9999911785125732,0.9999994039535522,0.1608353396954724,all_four_full_spatial_windows_common_frames
T01,2,BG11,spatial_EM,"[0, 1, 2, 3, 4, 5, 6, 7, 8, 9, 10, 11, 12, 13, 14, 15, 16, 17, 18, 19, 20, 21, 22, 23]",cad3f55537b1e0df4e9708ec44b3383f82a8780a1a4ae140911dbd19f3615109,3812933ef07204e8ba32611318de18234f5b08f3c0b8f3db22ce9c487a9b4c91,d42fd0835ca1169fdd93186e68af5562f7bd2461ca94639164ad5b5b2b0d06a4,38ad04bc14c2a22e2d4699472849a99e706e5988005381695628468a6a57aff5,e6002891104fad0bc1da003092c8ac6f220b69362c6893d85ca0b2daacd49eb0,98931d5efb8106f524beaa26c36aa83090811efd5607a4b577866bd036ebb779,0.05463792011141777,0.051374129951000214,0.06124759465456009,5.973487930018633,0.0032637901604175568,94.0264937676775,0.21672397809596294,0.6210093467365324,0.049952196732180196,1.0,False,0.9999788999557495,0.9999986886978149,0.03910547318398857,all_four_full_spatial_windows_common_frames
T01,2,BG11,spatial_ML,"[12, 13, 14, 15, 16, 17, 18, 19, 20, 21, 22, 23, 24, 25, 26, 27, 28, 29, 30, 31, 32, 33, 34, 35]",cad3f55537b1e0df4e9708ec44b3383f82a8780a1a4ae140911dbd19f3615109,3812933ef07204e8ba32611318de18234f5b08f3c0b8f3db22ce9c487a9b4c91,d42fd0835ca1169fdd93186e68af5562f7bd2461ca94639164ad5b5b2b0d06a4,38ad04bc14c2a22e2d4699472849a99e706e5988005381695628468a6a57aff5,e6002891104fad0bc1da003092c8ac6f220b69362c6893d85ca0b2daacd49eb0,98931d5efb8106f524beaa26c36aa83090811efd5607a4b577866bd036ebb779,0.05463792011141777,0.12619221210479736,0.12008996307849884,-130.96083956230763,-0.07155429199337959,230.96082126000374,0.22899002807320717,0.5976841340699259,0.03768614675493597,1.0,False,0.9999758005142212,0.9999985694885254,0.024998658098785775,all_four_full_spatial_windows_common_frames
T01,2,BG11,spatial_all,"[0, 1, 2, 3, 4, 5, 6, 7, 8, 9, 10, 11, 12, 13, 14, 15, 16, 17, 18, 19, 20, 21, 22, 23, 24, 25, 26, 27, 28, 29, 30, 31, 32, 33, 34, 35]",cad3f55537b1e0df4e9708ec44b3383f82a8780a1a4ae140911dbd19f3615109,3812933ef07204e8ba32611318de18234f5b08f3c0b8f3db22ce9c487a9b4c91,d42fd0835ca1169fdd93186e68af5562f7bd2461ca94639164ad5b5b2b0d06a4,38ad04bc14c2a22e2d4699472849a99e706e5988005381695628468a6a57aff5,e6002891104fad0bc1da003092c8ac6f220b69362c6893d85ca0b2daacd49eb0,98931d5efb8106f524beaa26c36aa83090811efd5607a4b577866bd036ebb779,0.05463792011141777,0.13052624464035034,0.1454307734966278,-138.89311760928894,-0.07588832452893257,238.89309930698505,0.2250215098126788,0.5958506103015614,0.04165466501546432,1.0,False,0.99997878074646,0.9999985694885254,0.0,all_four_full_spatial_windows_common_frames
T01,2,BG12,spatial_E,"[0, 1, 2, 3, 4, 5, 6, 7, 8, 9, 10, 11]",cad3f55537b1e0df4e9708ec44b3383f82a8780a1a4ae140911dbd19f3615109,3812933ef07204e8ba32611318de18234f5b08f3c0b8f3db22ce9c487a9b4c91,d42fd0835ca1169fdd93186e68af5562f7bd2461ca94639164ad5b5b2b0d06a4,38ad04bc14c2a22e2d4699472849a99e706e5988005381695628468a6a57aff5,e6002891104fad0bc1da003092c8ac6f220b69362c6893d85ca0b2daacd49eb0,98931d5efb8106f524beaa26c36aa83090811efd5607a4b577866bd036ebb779,0.21518388390541077,0.2097208946943283,0.23510311543941498,2.538753766340824,0.0054629892110824585,97.46124158647122,0.3786687394092297,0.8005434120769938,0.0042067224228337485,1.0,False,0.9999904632568359,0.9999994039535522,0.17915600547549076,all_four_full_spatial_windows_common_frames
T01,2,BG12,spatial_EM,"[0, 1, 2, 3, 4, 5, 6, 7, 8, 9, 10, 11, 12, 13, 14, 15, 16, 17, 18, 19, 20, 21, 22, 23]",cad3f55537b1e0df4e9708ec44b3383f82a8780a1a4ae140911dbd19f3615109,3812933ef07204e8ba32611318de18234f5b08f3c0b8f3db22ce9c487a9b4c91,d42fd0835ca1169fdd93186e68af5562f7bd2461ca94639164ad5b5b2b0d06a4,38ad04bc14c2a22e2d4699472849a99e706e5988005381695628468a6a57aff5,e6002891104fad0bc1da003092c8ac6f220b69362c6893d85ca0b2daacd49eb0,98931d5efb8106f524beaa26c36aa83090811efd5607a4b577866bd036ebb779,0.21518388390541077,0.2515888810157776,0.23919185996055603,-16.918086409556988,-0.03640499711036682,116.91808176236903,0.3970148319014254,0.7396664373042952,-0.01413937006936195,1.0,False,0.9999758005142212,0.999998152256012,0.04204893198921705,all_four_full_spatial_windows_common_frames
T01,2,BG12,spatial_ML,"[12, 13, 14, 15, 16, 17, 18, 19, 20, 21, 22, 23, 24, 25, 26, 27, 28, 29, 30, 31, 32, 33, 34, 35]",cad3f55537b1e0df4e9708ec44b3383f82a8780a1a4ae140911dbd19f3615109,3812933ef07204e8ba32611318de18234f5b08f3c0b8f3db22ce9c487a9b4c91,d42fd0835ca1169fdd93186e68af5562f7bd2461ca94639164ad5b5b2b0d06a4,38ad04bc14c2a22e2d4699472849a99e706e5988005381695628468a6a57aff5,e6002891104fad0bc1da003092c8ac6f220b69362c6893d85ca0b2daacd49eb0,98931d5efb8106f524beaa26c36aa83090811efd5607a4b577866bd036ebb779,0.21518388390541077,0.19187185168266296,0.19459426403045654,10.833539536650994,0.023312032222747803,89.16645581616105,0.3151805086389628,0.68873147890794,0.06769495319310068,1.0,False,0.9999827146530151,0.9999988675117493,0.01905520401160464,all_four_full_spatial_windows_common_frames
T01,2,BG12,spatial_all,"[0, 1, 2, 3, 4, 5, 6, 7, 8, 9, 10, 11, 12, 13, 14, 15, 16, 17, 18, 19, 20, 21, 22, 23, 24, 25, 26, 27, 28, 29, 30, 31, 32, 33, 34, 35]",cad3f55537b1e0df4e9708ec44b3383f82a8780a1a4ae140911dbd19f3615109,3812933ef07204e8ba32611318de18234f5b08f3c0b8f3db22ce9c487a9b4c91,d42fd0835ca1169fdd93186e68af5562f7bd2461ca94639164ad5b5b2b0d06a4,38ad04bc14c2a22e2d4699472849a99e706e5988005381695628468a6a57aff5,e6002891104fad0bc1da003092c8ac6f220b69362c6893d85ca0b2daacd49eb0,98931d5efb8106f524beaa26c36aa83090811efd5607a4b577866bd036ebb779,0.21518388390541077,0.20513594150543213,0.2302265167236328,4.669467689991451,0.010047942399978638,95.3305276628206,0.3240278659844267,0.7048512350520618,0.05884759584763675,1.0,False,0.9999796152114868,0.9999986886978149,0.0,all_four_full_spatial_windows_common_frames
T01,2,BG13,spatial_E,"[0, 1, 2, 3, 4, 5, 6, 7, 8, 9, 10, 11]",cad3f55537b1e0df4e9708ec44b3383f82a8780a1a4ae140911dbd19f3615109,3812933ef07204e8ba32611318de18234f5b08f3c0b8f3db22ce9c487a9b4c91,d42fd0835ca1169fdd93186e68af5562f7bd2461ca94639164ad5b5b2b0d06a4,38ad04bc14c2a22e2d4699472849a99e706e5988005381695628468a6a57aff5,e6002891104fad0bc1da003092c8ac6f220b69362c6893d85ca0b2daacd49eb0,98931d5efb8106f524beaa26c36aa83090811efd5607a4b577866bd036ebb779,0.12258896976709366,0.12030082941055298,0.17547868192195892,1.8665139076023876,0.00228814035654068,98.13347793505753,0.3282623921695794,0.8020538274229778,0.002203097015740411,1.0,False,0.9999885559082031,0.9999994039535522,0.1608869727026851,all_four_full_spatial_windows_common_frames
T01,2,BG13,spatial_EM,"[0, 1, 2, 3, 4, 5, 6, 7, 8, 9, 10, 11, 12, 13, 14, 15, 16, 17, 18, 19, 20, 21, 22, 23]",cad3f55537b1e0df4e9708ec44b3383f82a8780a1a4ae140911dbd19f3615109,3812933ef07204e8ba32611318de18234f5b08f3c0b8f3db22ce9c487a9b4c91,d42fd0835ca1169fdd93186e68af5562f7bd2461ca94639164ad5b5b2b0d06a4,38ad04bc14c2a22e2d4699472849a99e706e5988005381695628468a6a57aff5,e6002891104fad0bc1da003092c8ac6f220b69362c6893d85ca0b2daacd49eb0,98931d5efb8106f524beaa26c36aa83090811efd5607a4b577866bd036ebb779,0.12258896976709366,0.1467234343290329,0.12778571248054504,-19.68730354701721,-0.02413446456193924,119.68729538967712,0.28715591913597327,0.6847492004267571,0.04330957004934659,1.0,False,0.9999842643737793,0.999998927116394,0.04257786673311381,all_four_full_spatial_windows_common_frames
T01,2,BG13,spatial_ML,"[12, 13, 14, 15, 16, 17, 18, 19, 20, 21, 22, 23, 24, 25, 26, 27, 28, 29, 30, 31, 32, 33, 34, 35]",cad3f55537b1e0df4e9708ec44b3383f82a8780a1a4ae140911dbd19f3615109,3812933ef07204e8ba32611318de18234f5b08f3c0b8f3db22ce9c487a9b4c91,d42fd0835ca1169fdd93186e68af5562f7bd2461ca94639164ad5b5b2b0d06a4,38ad04bc14c2a22e2d4699472849a99e706e5988005381695628468a6a57aff5,e6002891104fad0bc1da003092c8ac6f220b69362c6893d85ca0b2daacd49eb0,98931d5efb8106f524beaa26c36aa83090811efd5607a4b577866bd036ebb779,0.12258896976709366,0.16500252485275269,0.13464052975177765,-34.59817935204321,-0.04241355508565903,134.59817119470313,0.23893780876794196,0.6202901964993782,0.09152768041737788,1.0,False,0.9999842643737793,0.999998927116394,0.013165631168516885,all_four_full_spatial_windows_common_frames
T01,2,BG13,spatial_all,"[0, 1, 2, 3, 4, 5, 6, 7, 8, 9, 10, 11, 12, 13, 14, 15, 16, 17, 18, 19, 20, 21, 22, 23, 24, 25, 26, 27, 28, 29, 30, 31, 32, 33, 34, 35]",cad3f55537b1e0df4e9708ec44b3383f82a8780a1a4ae140911dbd19f3615109,3812933ef07204e8ba32611318de18234f5b08f3c0b8f3db22ce9c487a9b4c91,d42fd0835ca1169fdd93186e68af5562f7bd2461ca94639164ad5b5b2b0d06a4,38ad04bc14c2a22e2d4699472849a99e706e5988005381695628468a6a57aff5,e6002891104fad0bc1da003092c8ac6f220b69362c6893d85ca0b2daacd49eb0,98931d5efb8106f524beaa26c36aa83090811efd5607a4b577866bd036ebb779,0.12258896976709366,0.16460810601711273,0.16134721040725708,-34.276438493779025,-0.042019136250019073,134.27643033643895,0.22964134297852262,0.5986817000223058,0.10082414620679721,1.0,False,0.9999830722808838,0.9999988079071045,0.0,all_four_full_spatial_windows_common_frames
T01,2,BG14,spatial_E,"[0, 1, 2, 3, 4, 5, 6, 7, 8, 9, 10, 11]",cad3f55537b1e0df4e9708ec44b3383f82a8780a1a4ae140911dbd19f3615109,3812933ef07204e8ba32611318de18234f5b08f3c0b8f3db22ce9c487a9b4c91,d42fd0835ca1169fdd93186e68af5562f7bd2461ca94639164ad5b5b2b0d06a4,38ad04bc14c2a22e2d4699472849a99e706e5988005381695628468a6a57aff5,e6002891104fad0bc1da003092c8ac6f220b69362c6893d85ca0b2daacd49eb0,98931d5efb8106f524beaa26c36aa83090811efd5607a4b577866bd036ebb779,0.12555399537086487,0.1265372335910797,0.0468648299574852,-0.7831197557660766,-0.0009832382202148438,100.78311179106598,0.3101281526836183,0.696609382301099,-0.0021807567317359534,1.0,False,0.999991774559021,0.9999994039535522,0.1375297460186495,all_four_full_spatial_windows_common_frames
T01,2,BG14,spatial_EM,"[0, 1, 2, 3, 4, 5, 6, 7, 8, 9, 10, 11, 12, 13, 14, 15, 16, 17, 18, 19, 20, 21, 22, 23]",cad3f55537b1e0df4e9708ec44b3383f82a8780a1a4ae140911dbd19f3615109,3812933ef07204e8ba32611318de18234f5b08f3c0b8f3db22ce9c487a9b4c91,d42fd0835ca1169fdd93186e68af5562f7bd2461ca94639164ad5b5b2b0d06a4,38ad04bc14c2a22e2d4699472849a99e706e5988005381695628468a6a57aff5,e6002891104fad0bc1da003092c8ac6f220b69362c6893d85ca0b2daacd49eb0,98931d5efb8106f524beaa26c36aa83090811efd5607a4b577866bd036ebb779,0.12555399537086487,0.1562587022781372,0.12543989717960358,-24.455378238691736,-0.03070470690727234,124.45537027399163,0.31704064180134955,0.6755088695680634,-0.009093245849467132,1.0,False,0.9999798536300659,0.999998927116394,0.037637519614829876,all_four_full_spatial_windows_common_frames
T01,2,BG14,spatial_ML,"[12, 13, 14, 15, 16, 17, 18, 19, 20, 21, 22, 23, 24, 25, 26, 27, 28, 29, 30, 31, 32, 33, 34, 35]",cad3f55537b1e0df4e9708ec44b3383f82a8780a1a4ae140911dbd19f3615109,3812933ef07204e8ba32611318de18234f5b08f3c0b8f3db22ce9c487a9b4c91,d42fd0835ca1169fdd93186e68af5562f7bd2461ca94639164ad5b5b2b0d06a4,38ad04bc14c2a22e2d4699472849a99e706e5988005381695628468a6a57aff5,e6002891104fad0bc1da003092c8ac6f220b69362c6893d85ca0b2daacd49eb0,98931d5efb8106f524beaa26c36aa83090811efd5607a4b577866bd036ebb779,0.12555399537086487,0.14900986850261688,0.11773933470249176,-18.681899524007548,-0.023455873131752014,118.68189155930745,0.2886826485511501,0.6570016695694794,0.01926474740073237,1.0,False,0.9999783039093018,0.999998927116394,0.02236910415057121,all_four_full_spatial_windows_common_frames
T01,2,BG14,spatial_all,"[0, 1, 2, 3, 4, 5, 6, 7, 8, 9, 10, 11, 12, 13, 14, 15, 16, 17, 18, 19, 20, 21, 22, 23, 24, 25, 26, 27, 28, 29, 30, 31, 32, 33, 34, 35]",cad3f55537b1e0df4e9708ec44b3383f82a8780a1a4ae140911dbd19f3615109,3812933ef07204e8ba32611318de18234f5b08f3c0b8f3db22ce9c487a9b4c91,d42fd0835ca1169fdd93186e68af5562f7bd2461ca94639164ad5b5b2b0d06a4,38ad04bc14c2a22e2d4699472849a99e706e5988005381695628468a6a57aff5,e6002891104fad0bc1da003092c8ac6f220b69362c6893d85ca0b2daacd49eb0,98931d5efb8106f524beaa26c36aa83090811efd5607a4b577866bd036ebb779,0.12555399537086487,0.14498759806156158,0.1308826357126236,-15.478281742819123,-0.019433602690696716,115.47827377811902,0.28510887123160744,0.6523576092531127,0.022838524720274995,1.0,False,0.99997878074646,0.999998927116394,0.0,all_four_full_spatial_windows_common_frames
T01,2,BG15,spatial_E,"[0, 1, 2, 3, 4, 5, 6, 7, 8, 9, 10, 11]",cad3f55537b1e0df4e9708ec44b3383f82a8780a1a4ae140911dbd19f3615109,3812933ef07204e8ba32611318de18234f5b08f3c0b8f3db22ce9c487a9b4c91,d42fd0835ca1169fdd93186e68af5562f7bd2461ca94639164ad5b5b2b0d06a4,38ad04bc14c2a22e2d4699472849a99e706e5988005381695628468a6a57aff5,e6002891104fad0bc1da003092c8ac6f220b69362c6893d85ca0b2daacd49eb0,98931d5efb8106f524beaa26c36aa83090811efd5607a4b577866bd036ebb779,0.08922502398490906,0.09025269001722336,0.11692427843809128,-1.151768720523114,-0.0010276660323143005,101.1517575129062,0.31502505340277537,0.7903847235844766,-0.0011001796212612997,1.0,False,0.9999910593032837,0.999999463558197,0.11539281075034705,all_four_full_spatial_windows_common_frames
T01,2,BG15,spatial_EM,"[0, 1, 2, 3, 4, 5, 6, 7, 8, 9, 10, 11, 12, 13, 14, 15, 16, 17, 18, 19, 20, 21, 22, 23]",cad3f55537b1e0df4e9708ec44b3383f82a8780a1a4ae140911dbd19f3615109,3812933ef07204e8ba32611318de18234f5b08f3c0b8f3db22ce9c487a9b4c91,d42fd0835ca1169fdd93186e68af5562f7bd2461ca94639164ad5b5b2b0d06a4,38ad04bc14c2a22e2d4699472849a99e706e5988005381695628468a6a57aff5,e6002891104fad0bc1da003092c8ac6f220b69362c6893d85ca0b2daacd49eb0,98931d5efb8106f524beaa26c36aa83090811efd5607a4b577866bd036ebb779,0.08922502398490906,0.059051789343357086,0.057369597256183624,33.81700549047174,0.03017323464155197,66.18298330191135,0.24919389515528234,0.6817850651237802,0.0647309786262318,1.0,False,0.9999827146530151,0.9999991655349731,0.04001275543573688,all_four_full_spatial_windows_common_frames
T01,2,BG15,spatial_ML,"[12, 13, 14, 15, 16, 17, 18, 19, 20, 21, 22, 23, 24, 25, 26, 27, 28, 29, 30, 31, 32, 33, 34, 35]",cad3f55537b1e0df4e9708ec44b3383f82a8780a1a4ae140911dbd19f3615109,3812933ef07204e8ba32611318de18234f5b08f3c0b8f3db22ce9c487a9b4c91,d42fd0835ca1169fdd93186e68af5562f7bd2461ca94639164ad5b5b2b0d06a4,38ad04bc14c2a22e2d4699472849a99e706e5988005381695628468a6a57aff5,e6002891104fad0bc1da003092c8ac6f220b69362c6893d85ca0b2daacd49eb0,98931d5efb8106f524beaa26c36aa83090811efd5607a4b577866bd036ebb779,0.08922502398490906,0.08309002965688705,0.04095325991511345,6.875866619518057,0.006134994328022003,93.12412217286503,0.20641312914600157,0.6376223817302539,0.10751174463551252,1.0,False,0.9999843835830688,0.9999989867210388,0.021777353536224415,all_four_full_spatial_windows_common_frames
T01,2,BG15,spatial_all,"[0, 1, 2, 3, 4, 5, 6, 7, 8, 9, 10, 11, 12, 13, 14, 15, 16, 17, 18, 19, 20, 21, 22, 23, 24, 25, 26, 27, 28, 29, 30, 31, 32, 33, 34, 35]",cad3f55537b1e0df4e9708ec44b3383f82a8780a1a4ae140911dbd19f3615109,3812933ef07204e8ba32611318de18234f5b08f3c0b8f3db22ce9c487a9b4c91,d42fd0835ca1169fdd93186e68af5562f7bd2461ca94639164ad5b5b2b0d06a4,38ad04bc14c2a22e2d4699472849a99e706e5988005381695628468a6a57aff5,e6002891104fad0bc1da003092c8ac6f220b69362c6893d85ca0b2daacd49eb0,98931d5efb8106f524beaa26c36aa83090811efd5607a4b577866bd036ebb779,0.08922502398490906,0.08565919101238251,0.04766658693552017,3.9964489933729275,0.0035658329725265503,96.00353979901017,0.20521723068437506,0.6429675743820598,0.10870764309713907,1.0,False,0.9999833106994629,0.9999989867210388,0.0,all_four_full_spatial_windows_common_frames
T02,0,BG1,spatial_E,"[0, 1, 2, 3, 4, 5, 6, 7, 8, 9, 10, 11]",2a11f7688b812585734ecbd8bbcbc665fb353bde12798047d4b5f46071c731ee,ff913d007746aa930aabe7a6ad7b45d6adf2558895bb2aca58e3abda4204e083,576d0d3a30f3617b0fd9e24a26d20e665da4c28ddd09ab338c552f716abab1fc,38ad04bc14c2a22e2d4699472849a99e706e5988005381695628468a6a57aff5,7ab07d05db9b206bf6e5c4cd74dc888e2e5b0f2404805a68a1f1bb0b5475f63c,07e7313e0c5b417ff10d3032bd0f69971a4c27c4ac22fa83a5bece5715e18d21,0.03734281659126282,0.04178483039140701,0.05473119020462036,-11.895226488247419,-0.0044420138001441956,111.89519970934256,0.5963298854486709,1.0528310105824656,-0.021529968022202667,1.0,False,0.9998428821563721,0.999988853931427,0.0695388357891198,all_four_full_spatial_windows_common_frames
T02,0,BG1,spatial_EM,"[0, 1, 2, 3, 4, 5, 6, 7, 8, 9, 10, 11, 12, 13, 14, 15, 16, 17, 18, 19, 20, 21, 22, 23]",2a11f7688b812585734ecbd8bbcbc665fb353bde12798047d4b5f46071c731ee,ff913d007746aa930aabe7a6ad7b45d6adf2558895bb2aca58e3abda4204e083,576d0d3a30f3617b0fd9e24a26d20e665da4c28ddd09ab338c552f716abab1fc,38ad04bc14c2a22e2d4699472849a99e706e5988005381695628468a6a57aff5,7ab07d05db9b206bf6e5c4cd74dc888e2e5b0f2404805a68a1f1bb0b5475f63c,07e7313e0c5b417ff10d3032bd0f69971a4c27c4ac22fa83a5bece5715e18d21,0.03734281659126282,0.04190261289477348,0.036204952746629715,-12.210635133274918,-0.004559796303510666,112.21060835437007,0.6207940563986716,1.0198386275227513,-0.0459941389722033,1.0,False,0.9998688697814941,0.9999905228614807,0.03593202601667021,all_four_full_spatial_windows_common_frames
T02,0,BG1,spatial_ML,"[12, 13, 14, 15, 16, 17, 18, 19, 20, 21, 22, 23, 24, 25, 26, 27, 28, 29, 30, 31, 32, 33, 34, 35]",2a11f7688b812585734ecbd8bbcbc665fb353bde12798047d4b5f46071c731ee,ff913d007746aa930aabe7a6ad7b45d6adf2558895bb2aca58e3abda4204e083,576d0d3a30f3617b0fd9e24a26d20e665da4c28ddd09ab338c552f716abab1fc,38ad04bc14c2a22e2d4699472849a99e706e5988005381695628468a6a57aff5,7ab07d05db9b206bf6e5c4cd74dc888e2e5b0f2404805a68a1f1bb0b5475f63c,07e7313e0c5b417ff10d3032bd0f69971a4c27c4ac22fa83a5bece5715e18d21,0.03734281659126282,0.049391407519578934,0.062212929129600525,-32.26480700080467,-0.012048590928316116,132.26478022189983,0.5900222894476332,0.9474462573674456,-0.01522237202116502,1.0,False,0.9998356103897095,0.9999896287918091,0.003091745202190486,all_four_full_spatial_windows_common_frames
T02,0,BG1,spatial_all,"[0, 1, 2, 3, 4, 5, 6, 7, 8, 9, 10, 11, 12, 13, 14, 15, 16, 17, 18, 19, 20, 21, 22, 23, 24, 25, 26, 27, 28, 29, 30, 31, 32, 33, 34, 35]",2a11f7688b812585734ecbd8bbcbc665fb353bde12798047d4b5f46071c731ee,ff913d007746aa930aabe7a6ad7b45d6adf2558895bb2aca58e3abda4204e083,576d0d3a30f3617b0fd9e24a26d20e665da4c28ddd09ab338c552f716abab1fc,38ad04bc14c2a22e2d4699472849a99e706e5988005381695628468a6a57aff5,7ab07d05db9b206bf6e5c4cd74dc888e2e5b0f2404805a68a1f1bb0b5475f63c,07e7313e0c5b417ff10d3032bd0f69971a4c27c4ac22fa83a5bece5715e18d21,0.03734281659126282,0.043380189687013626,0.013846416026353836,-16.167423965606787,-0.006037373095750809,116.16739718670193,0.6032679864250622,0.9981627592781731,-0.028468068998593977,1.0,False,0.9998630285263062,0.9999906420707703,0.0,all_four_full_spatial_windows_common_frames
T02,0,BG2,spatial_E,"[0, 1, 2, 3, 4, 5, 6, 7, 8, 9, 10, 11]",2a11f7688b812585734ecbd8bbcbc665fb353bde12798047d4b5f46071c731ee,ff913d007746aa930aabe7a6ad7b45d6adf2558895bb2aca58e3abda4204e083,576d0d3a30f3617b0fd9e24a26d20e665da4c28ddd09ab338c552f716abab1fc,38ad04bc14c2a22e2d4699472849a99e706e5988005381695628468a6a57aff5,7ab07d05db9b206bf6e5c4cd74dc888e2e5b0f2404805a68a1f1bb0b5475f63c,07e7313e0c5b417ff10d3032bd0f69971a4c27c4ac22fa83a5bece5715e18d21,0.054142165929079056,0.05374985188245773,0.13649816811084747,0.7245997041848034,0.00039231404662132263,99.27538182592582,0.6242928128367906,1.1339840065093356,0.0013939758211438725,1.0,False,0.9998306035995483,0.99998939037323,0.06399971263744017,all_four_full_spatial_windows_common_frames
T02,0,BG2,spatial_EM,"[0, 1, 2, 3, 4, 5, 6, 7, 8, 9, 10, 11, 12, 13, 14, 15, 16, 17, 18, 19, 20, 21, 22, 23]",2a11f7688b812585734ecbd8bbcbc665fb353bde12798047d4b5f46071c731ee,ff913d007746aa930aabe7a6ad7b45d6adf2558895bb2aca58e3abda4204e083,576d0d3a30f3617b0fd9e24a26d20e665da4c28ddd09ab338c552f716abab1fc,38ad04bc14c2a22e2d4699472849a99e706e5988005381695628468a6a57aff5,7ab07d05db9b206bf6e5c4cd74dc888e2e5b0f2404805a68a1f1bb0b5475f63c,07e7313e0c5b417ff10d3032bd0f69971a4c27c4ac22fa83a5bece5715e18d21,0.054142165929079056,0.06821991503238678,0.10788273811340332,-26.00144686048118,-0.014077749103307724,126.0014283905918,0.6509634404060812,1.0962240006863635,-0.025276651748146604,1.0,False,0.9998658895492554,0.9999908208847046,0.03625457709007033,all_four_full_spatial_windows_common_frames
T02,0,BG2,spatial_ML,"[12, 13, 14, 15, 16, 17, 18, 19, 20, 21, 22, 23, 24, 25, 26, 27, 28, 29, 30, 31, 32, 33, 34, 35]",2a11f7688b812585734ecbd8bbcbc665fb353bde12798047d4b5f46071c731ee,ff913d007746aa930aabe7a6ad7b45d6adf2558895bb2aca58e3abda4204e083,576d0d3a30f3617b0fd9e24a26d20e665da4c28ddd09ab338c552f716abab1fc,38ad04bc14c2a22e2d4699472849a99e706e5988005381695628468a6a57aff5,7ab07d05db9b206bf6e5c4cd74dc888e2e5b0f2404805a68a1f1bb0b5475f63c,07e7313e0c5b417ff10d3032bd0f69971a4c27c4ac22fa83a5bece5715e18d21,0.054142165929079056,0.0458865724503994,0.07906139642000198,15.247989828657191,0.008255593478679657,84.75199170145343,0.6124977890650267,1.0702660356079154,0.013188999592907804,1.0,False,0.9998608827590942,0.9999902248382568,0.0026021163616643922,all_four_full_spatial_windows_common_frames
T02,0,BG2,spatial_all,"[0, 1, 2, 3, 4, 5, 6, 7, 8, 9, 10, 11, 12, 13, 14, 15, 16, 17, 18, 19, 20, 21, 22, 23, 24, 25, 26, 27, 28, 29, 30, 31, 32, 33, 34, 35]",2a11f7688b812585734ecbd8bbcbc665fb353bde12798047d4b5f46071c731ee,ff913d007746aa930aabe7a6ad7b45d6adf2558895bb2aca58e3abda4204e083,576d0d3a30f3617b0fd9e24a26d20e665da4c28ddd09ab338c552f716abab1fc,38ad04bc14c2a22e2d4699472849a99e706e5988005381695628468a6a57aff5,7ab07d05db9b206bf6e5c4cd74dc888e2e5b0f2404805a68a1f1bb0b5475f63c,07e7313e0c5b417ff10d3032bd0f69971a4c27c4ac22fa83a5bece5715e18d21,0.054142165929079056,0.0396634005010128,0.03649970144033432,26.742119576117545,0.014478765428066254,73.25786195399307,0.6153350774248865,1.0332829170954605,0.010351711233048202,1.0,False,0.9998700618743896,0.9999909400939941,0.0,all_four_full_spatial_windows_common_frames
T02,0,BG3,spatial_E,"[0, 1, 2, 3, 4, 5, 6, 7, 8, 9, 10, 11]",2a11f7688b812585734ecbd8bbcbc665fb353bde12798047d4b5f46071c731ee,ff913d007746aa930aabe7a6ad7b45d6adf2558895bb2aca58e3abda4204e083,576d0d3a30f3617b0fd9e24a26d20e665da4c28ddd09ab338c552f716abab1fc,38ad04bc14c2a22e2d4699472849a99e706e5988005381695628468a6a57aff5,7ab07d05db9b206bf6e5c4cd74dc888e2e5b0f2404805a68a1f1bb0b5475f63c,07e7313e0c5b417ff10d3032bd0f69971a4c27c4ac22fa83a5bece5715e18d21,0.1612122654914856,0.13033321499824524,0.2358555793762207,19.15427990771784,0.030879050493240356,80.84571388928057,0.4772560337026565,0.7824305378761705,-0.030867806730522567,1.0,False,0.9998894929885864,0.9999906420707703,0.10248347692342767,all_four_full_spatial_windows_common_frames
T02,0,BG3,spatial_EM,"[0, 1, 2, 3, 4, 5, 6, 7, 8, 9, 10, 11, 12, 13, 14, 15, 16, 17, 18, 19, 20, 21, 22, 23]",2a11f7688b812585734ecbd8bbcbc665fb353bde12798047d4b5f46071c731ee,ff913d007746aa930aabe7a6ad7b45d6adf2558895bb2aca58e3abda4204e083,576d0d3a30f3617b0fd9e24a26d20e665da4c28ddd09ab338c552f716abab1fc,38ad04bc14c2a22e2d4699472849a99e706e5988005381695628468a6a57aff5,7ab07d05db9b206bf6e5c4cd74dc888e2e5b0f2404805a68a1f1bb0b5475f63c,07e7313e0c5b417ff10d3032bd0f69971a4c27c4ac22fa83a5bece5715e18d21,0.1612122654914856,0.046169910579919815,0.05557071790099144,71.36079095765989,0.11504235491156578,28.639202839338544,0.5906824780816071,0.9505582340092775,-0.1442942511094734,1.0,False,0.9998881816864014,0.9999916553497314,0.03542195405171212,all_four_full_spatial_windows_common_frames
T02,0,BG3,spatial_ML,"[12, 13, 14, 15, 16, 17, 18, 19, 20, 21, 22, 23, 24, 25, 26, 27, 28, 29, 30, 31, 32, 33, 34, 35]",2a11f7688b812585734ecbd8bbcbc665fb353bde12798047d4b5f46071c731ee,ff913d007746aa930aabe7a6ad7b45d6adf2558895bb2aca58e3abda4204e083,576d0d3a30f3617b0fd9e24a26d20e665da4c28ddd09ab338c552f716abab1fc,38ad04bc14c2a22e2d4699472849a99e706e5988005381695628468a6a57aff5,7ab07d05db9b206bf6e5c4cd74dc888e2e5b0f2404805a68a1f1bb0b5475f63c,07e7313e0c5b417ff10d3032bd0f69971a4c27c4ac22fa83a5bece5715e18d21,0.1612122654914856,0.0790364220738411,0.17941486835479736,50.97368867669423,0.0821758434176445,49.02630512030419,0.5404851344885719,0.8200273725196026,-0.09409690751643802,1.0,False,0.9998502731323242,0.9999893307685852,0.007113310233189642,all_four_full_spatial_windows_common_frames
T02,0,BG3,spatial_all,"[0, 1, 2, 3, 4, 5, 6, 7, 8, 9, 10, 11, 12, 13, 14, 15, 16, 17, 18, 19, 20, 21, 22, 23, 24, 25, 26, 27, 28, 29, 30, 31, 32, 33, 34, 35]",2a11f7688b812585734ecbd8bbcbc665fb353bde12798047d4b5f46071c731ee,ff913d007746aa930aabe7a6ad7b45d6adf2558895bb2aca58e3abda4204e083,576d0d3a30f3617b0fd9e24a26d20e665da4c28ddd09ab338c552f716abab1fc,38ad04bc14c2a22e2d4699472849a99e706e5988005381695628468a6a57aff5,7ab07d05db9b206bf6e5c4cd74dc888e2e5b0f2404805a68a1f1bb0b5475f63c,07e7313e0c5b417ff10d3032bd0f69971a4c27c4ac22fa83a5bece5715e18d21,0.1612122654914856,0.038632962852716446,0.07325325906276703,76.03596082560298,0.12257930263876915,23.964032971395433,0.5868073329136535,0.9318793276837493,-0.14041910594151966,1.0,False,0.9998844861984253,0.9999906420707703,0.0,all_four_full_spatial_windows_common_frames
T02,0,BG4,spatial_E,"[0, 1, 2, 3, 4, 5, 6, 7, 8, 9, 10, 11]",2a11f7688b812585734ecbd8bbcbc665fb353bde12798047d4b5f46071c731ee,ff913d007746aa930aabe7a6ad7b45d6adf2558895bb2aca58e3abda4204e083,576d0d3a30f3617b0fd9e24a26d20e665da4c28ddd09ab338c552f716abab1fc,38ad04bc14c2a22e2d4699472849a99e706e5988005381695628468a6a57aff5,7ab07d05db9b206bf6e5c4cd74dc888e2e5b0f2404805a68a1f1bb0b5475f63c,07e7313e0c5b417ff10d3032bd0f69971a4c27c4ac22fa83a5bece5715e18d21,0.07164732366800308,0.0532684326171875,0.10954400897026062,25.651884180336772,0.018378891050815582,74.34810186240972,0.5535877137470715,0.8889394928479303,-0.01942805542763374,1.0,False,0.999887228012085,0.9999910593032837,0.09578981985090526,all_four_full_spatial_windows_common_frames
T02,0,BG4,spatial_EM,"[0, 1, 2, 3, 4, 5, 6, 7, 8, 9, 10, 11, 12, 13, 14, 15, 16, 17, 18, 19, 20, 21, 22, 23]",2a11f7688b812585734ecbd8bbcbc665fb353bde12798047d4b5f46071c731ee,ff913d007746aa930aabe7a6ad7b45d6adf2558895bb2aca58e3abda4204e083,576d0d3a30f3617b0fd9e24a26d20e665da4c28ddd09ab338c552f716abab1fc,38ad04bc14c2a22e2d4699472849a99e706e5988005381695628468a6a57aff5,7ab07d05db9b206bf6e5c4cd74dc888e2e5b0f2404805a68a1f1bb0b5475f63c,07e7313e0c5b417ff10d3032bd0f69971a4c27c4ac22fa83a5bece5715e18d21,0.07164732366800308,0.03025774098932743,0.01573418825864792,57.76848985122777,0.04138958267867565,42.23149619151872,0.6065822045858816,0.9984142855999106,-0.07242254626644394,1.0,False,0.9998688697814941,0.9999902248382568,0.03400546155144311,all_four_full_spatial_windows_common_frames
T02,0,BG4,spatial_ML,"[12, 13, 14, 15, 16, 17, 18, 19, 20, 21, 22, 23, 24, 25, 26, 27, 28, 29, 30, 31, 32, 33, 34, 35]",2a11f7688b812585734ecbd8bbcbc665fb353bde12798047d4b5f46071c731ee,ff913d007746aa930aabe7a6ad7b45d6adf2558895bb2aca58e3abda4204e083,576d0d3a30f3617b0fd9e24a26d20e665da4c28ddd09ab338c552f716abab1fc,38ad04bc14c2a22e2d4699472849a99e706e5988005381695628468a6a57aff5,7ab07d05db9b206bf6e5c4cd74dc888e2e5b0f2404805a68a1f1bb0b5475f63c,07e7313e0c5b417ff10d3032bd0f69971a4c27c4ac22fa83a5bece5715e18d21,0.07164732366800308,0.06765208393335342,0.13686154782772064,5.576257384765581,0.003995239734649658,94.4237286579809,0.5537577409793294,0.8692515532886915,-0.01959808265989173,1.0,False,0.9998602867126465,0.9999902844429016,0.006036650302301321,all_four_full_spatial_windows_common_frames
T02,0,BG4,spatial_all,"[0, 1, 2, 3, 4, 5, 6, 7, 8, 9, 10, 11, 12, 13, 14, 15, 16, 17, 18, 19, 20, 21, 22, 23, 24, 25, 26, 27, 28, 29, 30, 31, 32, 33, 34, 35]",2a11f7688b812585734ecbd8bbcbc665fb353bde12798047d4b5f46071c731ee,ff913d007746aa930aabe7a6ad7b45d6adf2558895bb2aca58e3abda4204e083,576d0d3a30f3617b0fd9e24a26d20e665da4c28ddd09ab338c552f716abab1fc,38ad04bc14c2a22e2d4699472849a99e706e5988005381695628468a6a57aff5,7ab07d05db9b206bf6e5c4cd74dc888e2e5b0f2404805a68a1f1bb0b5475f63c,07e7313e0c5b417ff10d3032bd0f69971a4c27c4ac22fa83a5bece5715e18d21,0.07164732366800308,0.03452499955892563,0.06897753477096558,51.8125688823168,0.037122324109077454,48.18741716042968,0.58158050362722,0.9294407497347575,-0.04742084530778222,1.0,False,0.9998557567596436,0.999989926815033,0.0,all_four_full_spatial_windows_common_frames
T02,0,BG5,spatial_E,"[0, 1, 2, 3, 4, 5, 6, 7, 8, 9, 10, 11]",2a11f7688b812585734ecbd8bbcbc665fb353bde12798047d4b5f46071c731ee,ff913d007746aa930aabe7a6ad7b45d6adf2558895bb2aca58e3abda4204e083,576d0d3a30f3617b0fd9e24a26d20e665da4c28ddd09ab338c552f716abab1fc,38ad04bc14c2a22e2d4699472849a99e706e5988005381695628468a6a57aff5,7ab07d05db9b206bf6e5c4cd74dc888e2e5b0f2404805a68a1f1bb0b5475f63c,07e7313e0c5b417ff10d3032bd0f69971a4c27c4ac22fa83a5bece5715e18d21,0.09931343793869019,0.08576954901218414,0.2882183790206909,13.637517584594566,0.013543888926506042,86.36247234627562,0.64202278651024,1.2345483151132601,-0.059547578510363616,1.0,False,0.9998013377189636,0.9999874830245972,0.2398393341434997,all_four_full_spatial_windows_common_frames
T02,0,BG5,spatial_EM,"[0, 1, 2, 3, 4, 5, 6, 7, 8, 9, 10, 11, 12, 13, 14, 15, 16, 17, 18, 19, 20, 21, 22, 23]",2a11f7688b812585734ecbd8bbcbc665fb353bde12798047d4b5f46071c731ee,ff913d007746aa930aabe7a6ad7b45d6adf2558895bb2aca58e3abda4204e083,576d0d3a30f3617b0fd9e24a26d20e665da4c28ddd09ab338c552f716abab1fc,38ad04bc14c2a22e2d4699472849a99e706e5988005381695628468a6a57aff5,7ab07d05db9b206bf6e5c4cd74dc888e2e5b0f2404805a68a1f1bb0b5475f63c,07e7313e0c5b417ff10d3032bd0f69971a4c27c4ac22fa83a5bece5715e18d21,0.09931343793869019,0.11418358236551285,0.1239720955491066,-14.972941465089951,-0.014870144426822662,114.97293139596013,0.6647197885280994,1.0746903915295796,-0.082244580528223,1.0,False,0.9999099969863892,0.999991774559021,0.04032751324179378,all_four_full_spatial_windows_common_frames
T02,0,BG5,spatial_ML,"[12, 13, 14, 15, 16, 17, 18, 19, 20, 21, 22, 23, 24, 25, 26, 27, 28, 29, 30, 31, 32, 33, 34, 35]",2a11f7688b812585734ecbd8bbcbc665fb353bde12798047d4b5f46071c731ee,ff913d007746aa930aabe7a6ad7b45d6adf2558895bb2aca58e3abda4204e083,576d0d3a30f3617b0fd9e24a26d20e665da4c28ddd09ab338c552f716abab1fc,38ad04bc14c2a22e2d4699472849a99e706e5988005381695628468a6a57aff5,7ab07d05db9b206bf6e5c4cd74dc888e2e5b0f2404805a68a1f1bb0b5475f63c,07e7313e0c5b417ff10d3032bd0f69971a4c27c4ac22fa83a5bece5715e18d21,0.09931343793869019,0.11850269138813019,0.10809124261140823,-19.321908409912652,-0.019189253449440002,119.32189834078284,0.6197198452138523,0.9646561499961247,-0.037244637213975695,1.0,False,0.9998823404312134,0.9999915361404419,0.005569360667345974,all_four_full_spatial_windows_common_frames
T02,0,BG5,spatial_all,"[0, 1, 2, 3, 4, 5, 6, 7, 8, 9, 10, 11, 12, 13, 14, 15, 16, 17, 18, 19, 20, 21, 22, 23, 24, 25, 26, 27, 28, 29, 30, 31, 32, 33, 34, 35]",2a11f7688b812585734ecbd8bbcbc665fb353bde12798047d4b5f46071c731ee,ff913d007746aa930aabe7a6ad7b45d6adf2558895bb2aca58e3abda4204e083,576d0d3a30f3617b0fd9e24a26d20e665da4c28ddd09ab338c552f716abab1fc,38ad04bc14c2a22e2d4699472849a99e706e5988005381695628468a6a57aff5,7ab07d05db9b206bf6e5c4cd74dc888e2e5b0f2404805a68a1f1bb0b5475f63c,07e7313e0c5b417ff10d3032bd0f69971a4c27c4ac22fa83a5bece5715e18d21,0.09931343793869019,0.09583670645952225,0.07463227212429047,3.5007660607194424,0.0034767314791679382,96.49922387015074,0.643690544972514,1.0248230304412298,-0.06121533697263744,1.0,False,0.999871015548706,0.9999909996986389,0.0,all_four_full_spatial_windows_common_frames
T02,0,BG6,spatial_E,"[0, 1, 2, 3, 4, 5, 6, 7, 8, 9, 10, 11]",2a11f7688b812585734ecbd8bbcbc665fb353bde12798047d4b5f46071c731ee,ff913d007746aa930aabe7a6ad7b45d6adf2558895bb2aca58e3abda4204e083,576d0d3a30f3617b0fd9e24a26d20e665da4c28ddd09ab338c552f716abab1fc,38ad04bc14c2a22e2d4699472849a99e706e5988005381695628468a6a57aff5,7ab07d05db9b206bf6e5c4cd74dc888e2e5b0f2404805a68a1f1bb0b5475f63c,07e7313e0c5b417ff10d3032bd0f69971a4c27c4ac22fa83a5bece5715e18d21,0.9490310549736023,0.6232043504714966,1.4502687454223633,34.33256471021512,0.3258267045021057,65.66743423607859,0.32979487623420367,0.5533007930756829,0.2280906636165029,1.0,False,0.9997484087944031,0.9999856352806091,0.23206709551327656,all_four_full_spatial_windows_common_frames
T02,0,BG6,spatial_EM,"[0, 1, 2, 3, 4, 5, 6, 7, 8, 9, 10, 11, 12, 13, 14, 15, 16, 17, 18, 19, 20, 21, 22, 23]",2a11f7688b812585734ecbd8bbcbc665fb353bde12798047d4b5f46071c731ee,ff913d007746aa930aabe7a6ad7b45d6adf2558895bb2aca58e3abda4204e083,576d0d3a30f3617b0fd9e24a26d20e665da4c28ddd09ab338c552f716abab1fc,38ad04bc14c2a22e2d4699472849a99e706e5988005381695628468a6a57aff5,7ab07d05db9b206bf6e5c4cd74dc888e2e5b0f2404805a68a1f1bb0b5475f63c,07e7313e0c5b417ff10d3032bd0f69971a4c27c4ac22fa83a5bece5715e18d21,0.9490310549736023,0.08892809599637985,0.2511214017868042,90.62958955944677,0.8601029589772224,9.370409386846934,0.6637535592899415,1.2487219526536806,-0.10586801943923503,1.0,False,0.9999179840087891,0.9999924302101135,0.047320627444919015,all_four_full_spatial_windows_common_frames
T02,0,BG6,spatial_ML,"[12, 13, 14, 15, 16, 17, 18, 19, 20, 21, 22, 23, 24, 25, 26, 27, 28, 29, 30, 31, 32, 33, 34, 35]",2a11f7688b812585734ecbd8bbcbc665fb353bde12798047d4b5f46071c731ee,ff913d007746aa930aabe7a6ad7b45d6adf2558895bb2aca58e3abda4204e083,576d0d3a30f3617b0fd9e24a26d20e665da4c28ddd09ab338c552f716abab1fc,38ad04bc14c2a22e2d4699472849a99e706e5988005381695628468a6a57aff5,7ab07d05db9b206bf6e5c4cd74dc888e2e5b0f2404805a68a1f1bb0b5475f63c,07e7313e0c5b417ff10d3032bd0f69971a4c27c4ac22fa83a5bece5715e18d21,0.9490310549736023,0.2921488881111145,0.5466582179069519,69.21608692343061,0.6568821668624878,30.783912022863102,0.42845777966204224,0.5086953432822336,0.12942776018866436,1.0,False,0.9998675584793091,0.9999909996986389,0.019484788531585962,all_four_full_spatial_windows_common_frames
T02,0,BG6,spatial_all,"[0, 1, 2, 3, 4, 5, 6, 7, 8, 9, 10, 11, 12, 13, 14, 15, 16, 17, 18, 19, 20, 21, 22, 23, 24, 25, 26, 27, 28, 29, 30, 31, 32, 33, 34, 35]",2a11f7688b812585734ecbd8bbcbc665fb353bde12798047d4b5f46071c731ee,ff913d007746aa930aabe7a6ad7b45d6adf2558895bb2aca58e3abda4204e083,576d0d3a30f3617b0fd9e24a26d20e665da4c28ddd09ab338c552f716abab1fc,38ad04bc14c2a22e2d4699472849a99e706e5988005381695628468a6a57aff5,7ab07d05db9b206bf6e5c4cd74dc888e2e5b0f2404805a68a1f1bb0b5475f63c,07e7313e0c5b417ff10d3032bd0f69971a4c27c4ac22fa83a5bece5715e18d21,0.9490310549736023,0.06400862336158752,0.026081988587975502,93.2553700585799,0.8850224316120148,6.744628887713802,0.5784351489956845,1.0172478308918935,-0.02054960914497784,1.0,False,0.999893069267273,0.9999907612800598,0.0,all_four_full_spatial_windows_common_frames
T02,0,BG7,spatial_E,"[0, 1, 2, 3, 4, 5, 6, 7, 8, 9, 10, 11]",2a11f7688b812585734ecbd8bbcbc665fb353bde12798047d4b5f46071c731ee,ff913d007746aa930aabe7a6ad7b45d6adf2558895bb2aca58e3abda4204e083,576d0d3a30f3617b0fd9e24a26d20e665da4c28ddd09ab338c552f716abab1fc,38ad04bc14c2a22e2d4699472849a99e706e5988005381695628468a6a57aff5,7ab07d05db9b206bf6e5c4cd74dc888e2e5b0f2404805a68a1f1bb0b5475f63c,07e7313e0c5b417ff10d3032bd0f69971a4c27c4ac22fa83a5bece5715e18d21,0.09036216139793396,0.0567651093006134,0.034058645367622375,37.18043909034342,0.03359705209732056,62.81954984307879,0.59688363760768,0.9659184559551,-0.06859285637814687,1.0,False,0.9997872710227966,0.9999901652336121,0.27502487685995014,all_four_full_spatial_windows_common_frames
T02,0,BG7,spatial_EM,"[0, 1, 2, 3, 4, 5, 6, 7, 8, 9, 10, 11, 12, 13, 14, 15, 16, 17, 18, 19, 20, 21, 22, 23]",2a11f7688b812585734ecbd8bbcbc665fb353bde12798047d4b5f46071c731ee,ff913d007746aa930aabe7a6ad7b45d6adf2558895bb2aca58e3abda4204e083,576d0d3a30f3617b0fd9e24a26d20e665da4c28ddd09ab338c552f716abab1fc,38ad04bc14c2a22e2d4699472849a99e706e5988005381695628468a6a57aff5,7ab07d05db9b206bf6e5c4cd74dc888e2e5b0f2404805a68a1f1bb0b5475f63c,07e7313e0c5b417ff10d3032bd0f69971a4c27c4ac22fa83a5bece5715e18d21,0.09036216139793396,0.12273465096950531,0.15559454262256622,-35.825267444061794,-0.03237248957157135,135.825256377484,0.7027168965817203,1.151644403217394,-0.1744261153521871,1.0,False,0.9999264478683472,0.9999936819076538,0.04807126707950774,all_four_full_spatial_windows_common_frames
T02,0,BG7,spatial_ML,"[12, 13, 14, 15, 16, 17, 18, 19, 20, 21, 22, 23, 24, 25, 26, 27, 28, 29, 30, 31, 32, 33, 34, 35]",2a11f7688b812585734ecbd8bbcbc665fb353bde12798047d4b5f46071c731ee,ff913d007746aa930aabe7a6ad7b45d6adf2558895bb2aca58e3abda4204e083,576d0d3a30f3617b0fd9e24a26d20e665da4c28ddd09ab338c552f716abab1fc,38ad04bc14c2a22e2d4699472849a99e706e5988005381695628468a6a57aff5,7ab07d05db9b206bf6e5c4cd74dc888e2e5b0f2404805a68a1f1bb0b5475f63c,07e7313e0c5b417ff10d3032bd0f69971a4c27c4ac22fa83a5bece5715e18d21,0.09036216139793396,0.0871826708316803,0.11604221165180206,3.5186079717495127,0.003179490566253662,96.4813809616727,0.5820783795987988,0.8836968388284755,-0.05378759836926559,1.0,False,0.9998983144760132,0.999992311000824,0.006992802004513993,all_four_full_spatial_windows_common_frames
T02,0,BG7,spatial_all,"[0, 1, 2, 3, 4, 5, 6, 7, 8, 9, 10, 11, 12, 13, 14, 15, 16, 17, 18, 19, 20, 21, 22, 23, 24, 25, 26, 27, 28, 29, 30, 31, 32, 33, 34, 35]",2a11f7688b812585734ecbd8bbcbc665fb353bde12798047d4b5f46071c731ee,ff913d007746aa930aabe7a6ad7b45d6adf2558895bb2aca58e3abda4204e083,576d0d3a30f3617b0fd9e24a26d20e665da4c28ddd09ab338c552f716abab1fc,38ad04bc14c2a22e2d4699472849a99e706e5988005381695628468a6a57aff5,7ab07d05db9b206bf6e5c4cd74dc888e2e5b0f2404805a68a1f1bb0b5475f63c,07e7313e0c5b417ff10d3032bd0f69971a4c27c4ac22fa83a5bece5715e18d21,0.09036216139793396,0.0768316388130188,0.10479037463665009,14.973658086778252,0.013530522584915161,85.02633084664396,0.6326692840999899,1.0658396511263353,-0.10437850287045669,1.0,False,0.9998916387557983,0.999992311000824,0.0,all_four_full_spatial_windows_common_frames
T02,0,BG8,spatial_E,"[0, 1, 2, 3, 4, 5, 6, 7, 8, 9, 10, 11]",2a11f7688b812585734ecbd8bbcbc665fb353bde12798047d4b5f46071c731ee,ff913d007746aa930aabe7a6ad7b45d6adf2558895bb2aca58e3abda4204e083,576d0d3a30f3617b0fd9e24a26d20e665da4c28ddd09ab338c552f716abab1fc,38ad04bc14c2a22e2d4699472849a99e706e5988005381695628468a6a57aff5,7ab07d05db9b206bf6e5c4cd74dc888e2e5b0f2404805a68a1f1bb0b5475f63c,07e7313e0c5b417ff10d3032bd0f69971a4c27c4ac22fa83a5bece5715e18d21,2.2242119312286377,1.7204281091690063,5.126529693603516,22.64999178906238,0.5037838220596313,77.35000776134018,1.3527079070273387,4.158852297149964,0.4872658124287069,1.0,False,0.9988968372344971,0.999956488609314,0.2720231931001992,all_four_full_spatial_windows_common_frames
T02,0,BG8,spatial_EM,"[0, 1, 2, 3, 4, 5, 6, 7, 8, 9, 10, 11, 12, 13, 14, 15, 16, 17, 18, 19, 20, 21, 22, 23]",2a11f7688b812585734ecbd8bbcbc665fb353bde12798047d4b5f46071c731ee,ff913d007746aa930aabe7a6ad7b45d6adf2558895bb2aca58e3abda4204e083,576d0d3a30f3617b0fd9e24a26d20e665da4c28ddd09ab338c552f716abab1fc,38ad04bc14c2a22e2d4699472849a99e706e5988005381695628468a6a57aff5,7ab07d05db9b206bf6e5c4cd74dc888e2e5b0f2404805a68a1f1bb0b5475f63c,07e7313e0c5b417ff10d3032bd0f69971a4c27c4ac22fa83a5bece5715e18d21,2.2242119312286377,0.08569929748773575,0.06252147257328033,96.14698105431462,2.138512633740902,3.8530184960879272,0.6733177109619087,1.0194654930920304,1.1666560084941369,1.0,False,0.9996631145477295,0.9999812841415405,0.033345952118949564,all_four_full_spatial_windows_common_frames
T02,0,BG8,spatial_ML,"[12, 13, 14, 15, 16, 17, 18, 19, 20, 21, 22, 23, 24, 25, 26, 27, 28, 29, 30, 31, 32, 33, 34, 35]",2a11f7688b812585734ecbd8bbcbc665fb353bde12798047d4b5f46071c731ee,ff913d007746aa930aabe7a6ad7b45d6adf2558895bb2aca58e3abda4204e083,576d0d3a30f3617b0fd9e24a26d20e665da4c28ddd09ab338c552f716abab1fc,38ad04bc14c2a22e2d4699472849a99e706e5988005381695628468a6a57aff5,7ab07d05db9b206bf6e5c4cd74dc888e2e5b0f2404805a68a1f1bb0b5475f63c,07e7313e0c5b417ff10d3032bd0f69971a4c27c4ac22fa83a5bece5715e18d21,2.2242119312286377,0.5442759394645691,1.19533371925354,75.52949251931832,1.6799359917640686,24.470507031084242,0.4292944492430454,0.423856883143183,1.4106792702130002,1.0,False,0.9997090697288513,0.9999850392341614,0.04866634645102619,all_four_full_spatial_windows_common_frames
T02,0,BG8,spatial_all,"[0, 1, 2, 3, 4, 5, 6, 7, 8, 9, 10, 11, 12, 13, 14, 15, 16, 17, 18, 19, 20, 21, 22, 23, 24, 25, 26, 27, 28, 29, 30, 31, 32, 33, 34, 35]",2a11f7688b812585734ecbd8bbcbc665fb353bde12798047d4b5f46071c731ee,ff913d007746aa930aabe7a6ad7b45d6adf2558895bb2aca58e3abda4204e083,576d0d3a30f3617b0fd9e24a26d20e665da4c28ddd09ab338c552f716abab1fc,38ad04bc14c2a22e2d4699472849a99e706e5988005381695628468a6a57aff5,7ab07d05db9b206bf6e5c4cd74dc888e2e5b0f2404805a68a1f1bb0b5475f63c,07e7313e0c5b417ff10d3032bd0f69971a4c27c4ac22fa83a5bece5715e18d21,2.2242119312286377,0.05867410823702812,0.05356402322649956,97.36202665090374,2.1655378229916096,2.6379728994988216,0.5924495361220662,0.9484915596157829,1.2475241833339799,1.0,False,0.9997184872627258,0.9999834299087524,0.0,all_four_full_spatial_windows_common_frames
T02,0,BG9,spatial_E,"[0, 1, 2, 3, 4, 5, 6, 7, 8, 9, 10, 11]",2a11f7688b812585734ecbd8bbcbc665fb353bde12798047d4b5f46071c731ee,ff913d007746aa930aabe7a6ad7b45d6adf2558895bb2aca58e3abda4204e083,576d0d3a30f3617b0fd9e24a26d20e665da4c28ddd09ab338c552f716abab1fc,38ad04bc14c2a22e2d4699472849a99e706e5988005381695628468a6a57aff5,7ab07d05db9b206bf6e5c4cd74dc888e2e5b0f2404805a68a1f1bb0b5475f63c,07e7313e0c5b417ff10d3032bd0f69971a4c27c4ac22fa83a5bece5715e18d21,0.32548242807388306,0.1914975345134735,0.7308081388473511,41.16501472500202,0.13398489356040955,58.834982202635594,0.43195135879173774,0.2856376872116055,-0.112988623837271,1.0,False,0.9991728663444519,0.9999662637710571,0.20198280135427768,all_four_full_spatial_windows_common_frames
T02,0,BG9,spatial_EM,"[0, 1, 2, 3, 4, 5, 6, 7, 8, 9, 10, 11, 12, 13, 14, 15, 16, 17, 18, 19, 20, 21, 22, 23]",2a11f7688b812585734ecbd8bbcbc665fb353bde12798047d4b5f46071c731ee,ff913d007746aa930aabe7a6ad7b45d6adf2558895bb2aca58e3abda4204e083,576d0d3a30f3617b0fd9e24a26d20e665da4c28ddd09ab338c552f716abab1fc,38ad04bc14c2a22e2d4699472849a99e706e5988005381695628468a6a57aff5,7ab07d05db9b206bf6e5c4cd74dc888e2e5b0f2404805a68a1f1bb0b5475f63c,07e7313e0c5b417ff10d3032bd0f69971a4c27c4ac22fa83a5bece5715e18d21,0.32548242807388306,0.09218858927488327,0.05184195935726166,71.67632151816534,0.2332938387989998,28.323675409472283,0.6678905765901221,0.9729408206962508,-0.3489278416356553,1.0,False,0.9997685551643372,0.9999846816062927,0.03163126951137965,all_four_full_spatial_windows_common_frames
T02,0,BG9,spatial_ML,"[12, 13, 14, 15, 16, 17, 18, 19, 20, 21, 22, 23, 24, 25, 26, 27, 28, 29, 30, 31, 32, 33, 34, 35]",2a11f7688b812585734ecbd8bbcbc665fb353bde12798047d4b5f46071c731ee,ff913d007746aa930aabe7a6ad7b45d6adf2558895bb2aca58e3abda4204e083,576d0d3a30f3617b0fd9e24a26d20e665da4c28ddd09ab338c552f716abab1fc,38ad04bc14c2a22e2d4699472849a99e706e5988005381695628468a6a57aff5,7ab07d05db9b206bf6e5c4cd74dc888e2e5b0f2404805a68a1f1bb0b5475f63c,07e7313e0c5b417ff10d3032bd0f69971a4c27c4ac22fa83a5bece5715e18d21,0.32548242807388306,0.12439701706171036,0.3777898848056793,61.78072531413422,0.2010854110121727,38.219271613503395,0.5200263926272696,0.6579056729560433,-0.20106365767280274,1.0,False,0.999755322933197,0.9999849796295166,0.02411385166648899,all_four_full_spatial_windows_common_frames
T02,0,BG9,spatial_all,"[0, 1, 2, 3, 4, 5, 6, 7, 8, 9, 10, 11, 12, 13, 14, 15, 16, 17, 18, 19, 20, 21, 22, 23, 24, 25, 26, 27, 28, 29, 30, 31, 32, 33, 34, 35]",2a11f7688b812585734ecbd8bbcbc665fb353bde12798047d4b5f46071c731ee,ff913d007746aa930aabe7a6ad7b45d6adf2558895bb2aca58e3abda4204e083,576d0d3a30f3617b0fd9e24a26d20e665da4c28ddd09ab338c552f716abab1fc,38ad04bc14c2a22e2d4699472849a99e706e5988005381695628468a6a57aff5,7ab07d05db9b206bf6e5c4cd74dc888e2e5b0f2404805a68a1f1bb0b5475f63c,07e7313e0c5b417ff10d3032bd0f69971a4c27c4ac22fa83a5bece5715e18d21,0.32548242807388306,0.05539582297205925,0.02908463217318058,82.98039264426161,0.2700866051018238,17.019604283376005,0.6339646286920996,0.9719221393026298,-0.3150018937376329,1.0,False,0.9997867941856384,0.9999849200248718,0.0,all_four_full_spatial_windows_common_frames
T02,0,BG10,spatial_E,"[0, 1, 2, 3, 4, 5, 6, 7, 8, 9, 10, 11]",2a11f7688b812585734ecbd8bbcbc665fb353bde12798047d4b5f46071c731ee,ff913d007746aa930aabe7a6ad7b45d6adf2558895bb2aca58e3abda4204e083,576d0d3a30f3617b0fd9e24a26d20e665da4c28ddd09ab338c552f716abab1fc,38ad04bc14c2a22e2d4699472849a99e706e5988005381695628468a6a57aff5,7ab07d05db9b206bf6e5c4cd74dc888e2e5b0f2404805a68a1f1bb0b5475f63c,07e7313e0c5b417ff10d3032bd0f69971a4c27c4ac22fa83a5bece5715e18d21,3.2013087272644043,2.4580013751983643,7.089245796203613,23.218858694060675,0.74330735206604,76.78114099356708,1.9970162356086312,6.1060245995455835,0.7350397748442603,1.0,False,0.9996040463447571,0.9999852776527405,0.2380087560584003,all_four_full_spatial_windows_common_frames
T02,0,BG10,spatial_EM,"[0, 1, 2, 3, 4, 5, 6, 7, 8, 9, 10, 11, 12, 13, 14, 15, 16, 17, 18, 19, 20, 21, 22, 23]",2a11f7688b812585734ecbd8bbcbc665fb353bde12798047d4b5f46071c731ee,ff913d007746aa930aabe7a6ad7b45d6adf2558895bb2aca58e3abda4204e083,576d0d3a30f3617b0fd9e24a26d20e665da4c28ddd09ab338c552f716abab1fc,38ad04bc14c2a22e2d4699472849a99e706e5988005381695628468a6a57aff5,7ab07d05db9b206bf6e5c4cd74dc888e2e5b0f2404805a68a1f1bb0b5475f63c,07e7313e0c5b417ff10d3032bd0f69971a4c27c4ac22fa83a5bece5715e18d21,3.2013087272644043,0.12394960969686508,0.11203165352344513,96.12815789198817,3.077359117567539,3.8718417956395865,0.6949005590473023,1.108810359026772,2.0371554514055896,1.0,False,0.999879002571106,0.9999913573265076,0.03828665957614708,all_four_full_spatial_windows_common_frames
T02,0,BG10,spatial_ML,"[12, 13, 14, 15, 16, 17, 18, 19, 20, 21, 22, 23, 24, 25, 26, 27, 28, 29, 30, 31, 32, 33, 34, 35]",2a11f7688b812585734ecbd8bbcbc665fb353bde12798047d4b5f46071c731ee,ff913d007746aa930aabe7a6ad7b45d6adf2558895bb2aca58e3abda4204e083,576d0d3a30f3617b0fd9e24a26d20e665da4c28ddd09ab338c552f716abab1fc,38ad04bc14c2a22e2d4699472849a99e706e5988005381695628468a6a57aff5,7ab07d05db9b206bf6e5c4cd74dc888e2e5b0f2404805a68a1f1bb0b5475f63c,07e7313e0c5b417ff10d3032bd0f69971a4c27c4ac22fa83a5bece5715e18d21,3.2013087272644043,0.5786148309707642,1.104101300239563,81.9256782629093,2.62269389629364,18.07432142471846,0.4417781366342367,0.34977644102003247,2.290277873818655,1.0,False,0.9998001456260681,0.9999887347221375,0.0501605931062142,all_four_full_spatial_windows_common_frames
T02,0,BG10,spatial_all,"[0, 1, 2, 3, 4, 5, 6, 7, 8, 9, 10, 11, 12, 13, 14, 15, 16, 17, 18, 19, 20, 21, 22, 23, 24, 25, 26, 27, 28, 29, 30, 31, 32, 33, 34, 35]",2a11f7688b812585734ecbd8bbcbc665fb353bde12798047d4b5f46071c731ee,ff913d007746aa930aabe7a6ad7b45d6adf2558895bb2aca58e3abda4204e083,576d0d3a30f3617b0fd9e24a26d20e665da4c28ddd09ab338c552f716abab1fc,38ad04bc14c2a22e2d4699472849a99e706e5988005381695628468a6a57aff5,7ab07d05db9b206bf6e5c4cd74dc888e2e5b0f2404805a68a1f1bb0b5475f63c,07e7313e0c5b417ff10d3032bd0f69971a4c27c4ac22fa83a5bece5715e18d21,3.2013087272644043,0.06495628505945206,0.1551383137702942,97.97094562285302,3.1363524422049522,2.0290540647747326,0.6213108425233804,1.1464268524370023,2.1107451679295113,1.0,False,0.9997925162315369,0.9999880194664001,0.0,all_four_full_spatial_windows_common_frames
T02,0,BG11,spatial_E,"[0, 1, 2, 3, 4, 5, 6, 7, 8, 9, 10, 11]",2a11f7688b812585734ecbd8bbcbc665fb353bde12798047d4b5f46071c731ee,ff913d007746aa930aabe7a6ad7b45d6adf2558895bb2aca58e3abda4204e083,576d0d3a30f3617b0fd9e24a26d20e665da4c28ddd09ab338c552f716abab1fc,38ad04bc14c2a22e2d4699472849a99e706e5988005381695628468a6a57aff5,7ab07d05db9b206bf6e5c4cd74dc888e2e5b0f2404805a68a1f1bb0b5475f63c,07e7313e0c5b417ff10d3032bd0f69971a4c27c4ac22fa83a5bece5715e18d21,0.836962878704071,0.5487669706344604,1.440237045288086,34.433534862680084,0.2881959080696106,65.56646394252381,0.23852196708107468,0.45154629211551073,0.17695496679265368,1.0,False,0.9998348951339722,0.9999911785125732,0.16935389319160107,all_four_full_spatial_windows_common_frames
T02,0,BG11,spatial_EM,"[0, 1, 2, 3, 4, 5, 6, 7, 8, 9, 10, 11, 12, 13, 14, 15, 16, 17, 18, 19, 20, 21, 22, 23]",2a11f7688b812585734ecbd8bbcbc665fb353bde12798047d4b5f46071c731ee,ff913d007746aa930aabe7a6ad7b45d6adf2558895bb2aca58e3abda4204e083,576d0d3a30f3617b0fd9e24a26d20e665da4c28ddd09ab338c552f716abab1fc,38ad04bc14c2a22e2d4699472849a99e706e5988005381695628468a6a57aff5,7ab07d05db9b206bf6e5c4cd74dc888e2e5b0f2404805a68a1f1bb0b5475f63c,07e7313e0c5b417ff10d3032bd0f69971a4c27c4ac22fa83a5bece5715e18d21,0.836962878704071,0.05007725954055786,0.06252281367778778,94.01678733711884,0.7868856191635132,5.983211468085046,0.6316619396010641,1.0606974497489448,-0.21618500572733584,1.0,False,0.9999058246612549,0.9999926686286926,0.037453228768925324,all_four_full_spatial_windows_common_frames
T02,0,BG11,spatial_ML,"[12, 13, 14, 15, 16, 17, 18, 19, 20, 21, 22, 23, 24, 25, 26, 27, 28, 29, 30, 31, 32, 33, 34, 35]",2a11f7688b812585734ecbd8bbcbc665fb353bde12798047d4b5f46071c731ee,ff913d007746aa930aabe7a6ad7b45d6adf2558895bb2aca58e3abda4204e083,576d0d3a30f3617b0fd9e24a26d20e665da4c28ddd09ab338c552f716abab1fc,38ad04bc14c2a22e2d4699472849a99e706e5988005381695628468a6a57aff5,7ab07d05db9b206bf6e5c4cd74dc888e2e5b0f2404805a68a1f1bb0b5475f63c,07e7313e0c5b417ff10d3032bd0f69971a4c27c4ac22fa83a5bece5715e18d21,0.836962878704071,0.25301027297973633,0.40842342376708984,69.77042992055597,0.5839526057243347,30.229568884647925,0.43146877168301767,0.6005221488317566,-0.015991837809289276,1.0,False,0.9998216032981873,0.99998939037323,0.02008233678990169,all_four_full_spatial_windows_common_frames
T02,0,BG11,spatial_all,"[0, 1, 2, 3, 4, 5, 6, 7, 8, 9, 10, 11, 12, 13, 14, 15, 16, 17, 18, 19, 20, 21, 22, 23, 24, 25, 26, 27, 28, 29, 30, 31, 32, 33, 34, 35]",2a11f7688b812585734ecbd8bbcbc665fb353bde12798047d4b5f46071c731ee,ff913d007746aa930aabe7a6ad7b45d6adf2558895bb2aca58e3abda4204e083,576d0d3a30f3617b0fd9e24a26d20e665da4c28ddd09ab338c552f716abab1fc,38ad04bc14c2a22e2d4699472849a99e706e5988005381695628468a6a57aff5,7ab07d05db9b206bf6e5c4cd74dc888e2e5b0f2404805a68a1f1bb0b5475f63c,07e7313e0c5b417ff10d3032bd0f69971a4c27c4ac22fa83a5bece5715e18d21,0.836962878704071,0.06089084595441818,0.07366365939378738,92.72478424357622,0.7760720327496529,7.2752145616276716,0.5829833399174194,1.0388297386548409,-0.16750640604369096,1.0,False,0.9998537302017212,0.9999902248382568,0.0,all_four_full_spatial_windows_common_frames
T02,0,BG12,spatial_E,"[0, 1, 2, 3, 4, 5, 6, 7, 8, 9, 10, 11]",2a11f7688b812585734ecbd8bbcbc665fb353bde12798047d4b5f46071c731ee,ff913d007746aa930aabe7a6ad7b45d6adf2558895bb2aca58e3abda4204e083,576d0d3a30f3617b0fd9e24a26d20e665da4c28ddd09ab338c552f716abab1fc,38ad04bc14c2a22e2d4699472849a99e706e5988005381695628468a6a57aff5,7ab07d05db9b206bf6e5c4cd74dc888e2e5b0f2404805a68a1f1bb0b5475f63c,07e7313e0c5b417ff10d3032bd0f69971a4c27c4ac22fa83a5bece5715e18d21,0.05774833634495735,0.07353930175304413,0.03805002197623253,-27.344446044844467,-0.015790965408086777,127.3444287283313,0.6258410521425628,0.9925764680440881,-0.04816074805116741,1.0,False,0.9998455047607422,0.9999918341636658,0.18033258111670275,all_four_full_spatial_windows_common_frames
T02,0,BG12,spatial_EM,"[0, 1, 2, 3, 4, 5, 6, 7, 8, 9, 10, 11, 12, 13, 14, 15, 16, 17, 18, 19, 20, 21, 22, 23]",2a11f7688b812585734ecbd8bbcbc665fb353bde12798047d4b5f46071c731ee,ff913d007746aa930aabe7a6ad7b45d6adf2558895bb2aca58e3abda4204e083,576d0d3a30f3617b0fd9e24a26d20e665da4c28ddd09ab338c552f716abab1fc,38ad04bc14c2a22e2d4699472849a99e706e5988005381695628468a6a57aff5,7ab07d05db9b206bf6e5c4cd74dc888e2e5b0f2404805a68a1f1bb0b5475f63c,07e7313e0c5b417ff10d3032bd0f69971a4c27c4ac22fa83a5bece5715e18d21,0.05774833634495735,0.09051145613193512,0.09329619258642197,-56.7342995265503,-0.03276311978697777,156.73428221003712,0.669604489206857,1.0554056203560218,-0.09192418511546183,1.0,False,0.9999074935913086,0.9999923706054688,0.037188151431479265,all_four_full_spatial_windows_common_frames
T02,0,BG12,spatial_ML,"[12, 13, 14, 15, 16, 17, 18, 19, 20, 21, 22, 23, 24, 25, 26, 27, 28, 29, 30, 31, 32, 33, 34, 35]",2a11f7688b812585734ecbd8bbcbc665fb353bde12798047d4b5f46071c731ee,ff913d007746aa930aabe7a6ad7b45d6adf2558895bb2aca58e3abda4204e083,576d0d3a30f3617b0fd9e24a26d20e665da4c28ddd09ab338c552f716abab1fc,38ad04bc14c2a22e2d4699472849a99e706e5988005381695628468a6a57aff5,7ab07d05db9b206bf6e5c4cd74dc888e2e5b0f2404805a68a1f1bb0b5475f63c,07e7313e0c5b417ff10d3032bd0f69971a4c27c4ac22fa83a5bece5715e18d21,0.05774833634495735,0.08956804126501083,0.14674222469329834,-55.100633929809504,-0.03181970492005348,155.10061661329632,0.5964090819555222,0.8694227748307025,-0.018728777864126925,1.0,False,0.9998950958251953,0.9999915361404419,0.010289310358914583,all_four_full_spatial_windows_common_frames
T02,0,BG12,spatial_all,"[0, 1, 2, 3, 4, 5, 6, 7, 8, 9, 10, 11, 12, 13, 14, 15, 16, 17, 18, 19, 20, 21, 22, 23, 24, 25, 26, 27, 28, 29, 30, 31, 32, 33, 34, 35]",2a11f7688b812585734ecbd8bbcbc665fb353bde12798047d4b5f46071c731ee,ff913d007746aa930aabe7a6ad7b45d6adf2558895bb2aca58e3abda4204e083,576d0d3a30f3617b0fd9e24a26d20e665da4c28ddd09ab338c552f716abab1fc,38ad04bc14c2a22e2d4699472849a99e706e5988005381695628468a6a57aff5,7ab07d05db9b206bf6e5c4cd74dc888e2e5b0f2404805a68a1f1bb0b5475f63c,07e7313e0c5b417ff10d3032bd0f69971a4c27c4ac22fa83a5bece5715e18d21,0.05774833634495735,0.06885164231061935,0.03527257591485977,-19.227054397950834,-0.011103305965662003,119.22703708143766,0.6299195302343428,0.981322190063266,-0.052239226142947535,1.0,False,0.9998974800109863,0.9999915957450867,0.0,all_four_full_spatial_windows_common_frames
T02,0,BG13,spatial_E,"[0, 1, 2, 3, 4, 5, 6, 7, 8, 9, 10, 11]",2a11f7688b812585734ecbd8bbcbc665fb353bde12798047d4b5f46071c731ee,ff913d007746aa930aabe7a6ad7b45d6adf2558895bb2aca58e3abda4204e083,576d0d3a30f3617b0fd9e24a26d20e665da4c28ddd09ab338c552f716abab1fc,38ad04bc14c2a22e2d4699472849a99e706e5988005381695628468a6a57aff5,7ab07d05db9b206bf6e5c4cd74dc888e2e5b0f2404805a68a1f1bb0b5475f63c,07e7313e0c5b417ff10d3032bd0f69971a4c27c4ac22fa83a5bece5715e18d21,0.05495395511388779,0.06540754437446594,0.06736330687999725,-19.02244767764057,-0.010453589260578156,119.02242948059148,0.6380950822317007,1.0637748320829006,-0.024331976012403993,1.0,False,0.9998722076416016,0.9999924302101135,0.16195943389929823,all_four_full_spatial_windows_common_frames
T02,0,BG13,spatial_EM,"[0, 1, 2, 3, 4, 5, 6, 7, 8, 9, 10, 11, 12, 13, 14, 15, 16, 17, 18, 19, 20, 21, 22, 23]",2a11f7688b812585734ecbd8bbcbc665fb353bde12798047d4b5f46071c731ee,ff913d007746aa930aabe7a6ad7b45d6adf2558895bb2aca58e3abda4204e083,576d0d3a30f3617b0fd9e24a26d20e665da4c28ddd09ab338c552f716abab1fc,38ad04bc14c2a22e2d4699472849a99e706e5988005381695628468a6a57aff5,7ab07d05db9b206bf6e5c4cd74dc888e2e5b0f2404805a68a1f1bb0b5475f63c,07e7313e0c5b417ff10d3032bd0f69971a4c27c4ac22fa83a5bece5715e18d21,0.05495395511388779,0.10275256633758545,0.10628198832273483,-86.979367411685,-0.04779861122369766,186.97934921463593,0.6804213146496855,1.0961127317085988,-0.06665820843038864,1.0,False,0.9999349117279053,0.9999945759773254,0.04358312575633174,all_four_full_spatial_windows_common_frames
T02,0,BG13,spatial_ML,"[12, 13, 14, 15, 16, 17, 18, 19, 20, 21, 22, 23, 24, 25, 26, 27, 28, 29, 30, 31, 32, 33, 34, 35]",2a11f7688b812585734ecbd8bbcbc665fb353bde12798047d4b5f46071c731ee,ff913d007746aa930aabe7a6ad7b45d6adf2558895bb2aca58e3abda4204e083,576d0d3a30f3617b0fd9e24a26d20e665da4c28ddd09ab338c552f716abab1fc,38ad04bc14c2a22e2d4699472849a99e706e5988005381695628468a6a57aff5,7ab07d05db9b206bf6e5c4cd74dc888e2e5b0f2404805a68a1f1bb0b5475f63c,07e7313e0c5b417ff10d3032bd0f69971a4c27c4ac22fa83a5bece5715e18d21,0.05495395511388779,0.08608782291412354,0.06941354274749756,-56.654452023094684,-0.03113386780023575,156.65443382604562,0.6276483924122693,0.9799470042131484,-0.013885286192972524,1.0,False,0.999932050704956,0.9999935626983643,0.008276303384236721,all_four_full_spatial_windows_common_frames
T02,0,BG13,spatial_all,"[0, 1, 2, 3, 4, 5, 6, 7, 8, 9, 10, 11, 12, 13, 14, 15, 16, 17, 18, 19, 20, 21, 22, 23, 24, 25, 26, 27, 28, 29, 30, 31, 32, 33, 34, 35]",2a11f7688b812585734ecbd8bbcbc665fb353bde12798047d4b5f46071c731ee,ff913d007746aa930aabe7a6ad7b45d6adf2558895bb2aca58e3abda4204e083,576d0d3a30f3617b0fd9e24a26d20e665da4c28ddd09ab338c552f716abab1fc,38ad04bc14c2a22e2d4699472849a99e706e5988005381695628468a6a57aff5,7ab07d05db9b206bf6e5c4cd74dc888e2e5b0f2404805a68a1f1bb0b5475f63c,07e7313e0c5b417ff10d3032bd0f69971a4c27c4ac22fa83a5bece5715e18d21,0.05495395511388779,0.07848242670297623,0.03041069395840168,-42.81487521478664,-0.02352847158908844,142.81485701773755,0.6446467548537997,0.9847907004859247,-0.030883648634503002,1.0,False,0.9999282360076904,0.9999932646751404,0.0,all_four_full_spatial_windows_common_frames
T02,0,BG14,spatial_E,"[0, 1, 2, 3, 4, 5, 6, 7, 8, 9, 10, 11]",2a11f7688b812585734ecbd8bbcbc665fb353bde12798047d4b5f46071c731ee,ff913d007746aa930aabe7a6ad7b45d6adf2558895bb2aca58e3abda4204e083,576d0d3a30f3617b0fd9e24a26d20e665da4c28ddd09ab338c552f716abab1fc,38ad04bc14c2a22e2d4699472849a99e706e5988005381695628468a6a57aff5,7ab07d05db9b206bf6e5c4cd74dc888e2e5b0f2404805a68a1f1bb0b5475f63c,07e7313e0c5b417ff10d3032bd0f69971a4c27c4ac22fa83a5bece5715e18d21,0.750180184841156,0.4550949037075043,1.3847453594207764,39.335253471485395,0.29508528113365173,60.66474519550154,0.28226650014135174,0.38854698575233537,0.15355408548734895,1.0,False,0.9997547268867493,0.9999884963035583,0.14728231560990707,all_four_full_spatial_windows_common_frames
T02,0,BG14,spatial_EM,"[0, 1, 2, 3, 4, 5, 6, 7, 8, 9, 10, 11, 12, 13, 14, 15, 16, 17, 18, 19, 20, 21, 22, 23]",2a11f7688b812585734ecbd8bbcbc665fb353bde12798047d4b5f46071c731ee,ff913d007746aa930aabe7a6ad7b45d6adf2558895bb2aca58e3abda4204e083,576d0d3a30f3617b0fd9e24a26d20e665da4c28ddd09ab338c552f716abab1fc,38ad04bc14c2a22e2d4699472849a99e706e5988005381695628468a6a57aff5,7ab07d05db9b206bf6e5c4cd74dc888e2e5b0f2404805a68a1f1bb0b5475f63c,07e7313e0c5b417ff10d3032bd0f69971a4c27c4ac22fa83a5bece5715e18d21,0.750180184841156,0.0711069330573082,0.02349444478750229,90.52135159708335,0.6790732517838478,9.478647069903579,0.6427466449402393,1.003408121621161,-0.2069260593115386,1.0,False,0.9997996687889099,0.999987781047821,0.03266692338949417,all_four_full_spatial_windows_common_frames
T02,0,BG14,spatial_ML,"[12, 13, 14, 15, 16, 17, 18, 19, 20, 21, 22, 23, 24, 25, 26, 27, 28, 29, 30, 31, 32, 33, 34, 35]",2a11f7688b812585734ecbd8bbcbc665fb353bde12798047d4b5f46071c731ee,ff913d007746aa930aabe7a6ad7b45d6adf2558895bb2aca58e3abda4204e083,576d0d3a30f3617b0fd9e24a26d20e665da4c28ddd09ab338c552f716abab1fc,38ad04bc14c2a22e2d4699472849a99e706e5988005381695628468a6a57aff5,7ab07d05db9b206bf6e5c4cd74dc888e2e5b0f2404805a68a1f1bb0b5475f63c,07e7313e0c5b417ff10d3032bd0f69971a4c27c4ac22fa83a5bece5715e18d21,0.750180184841156,0.22371438145637512,0.5457547307014465,70.17857936069018,0.5264658033847809,29.821419306296754,0.4531795690175704,0.5021368659274896,-0.017358983388869747,1.0,False,0.9997835755348206,0.9999881982803345,0.0207021992147031,all_four_full_spatial_windows_common_frames
T02,0,BG14,spatial_all,"[0, 1, 2, 3, 4, 5, 6, 7, 8, 9, 10, 11, 12, 13, 14, 15, 16, 17, 18, 19, 20, 21, 22, 23, 24, 25, 26, 27, 28, 29, 30, 31, 32, 33, 34, 35]",2a11f7688b812585734ecbd8bbcbc665fb353bde12798047d4b5f46071c731ee,ff913d007746aa930aabe7a6ad7b45d6adf2558895bb2aca58e3abda4204e083,576d0d3a30f3617b0fd9e24a26d20e665da4c28ddd09ab338c552f716abab1fc,38ad04bc14c2a22e2d4699472849a99e706e5988005381695628468a6a57aff5,7ab07d05db9b206bf6e5c4cd74dc888e2e5b0f2404805a68a1f1bb0b5475f63c,07e7313e0c5b417ff10d3032bd0f69971a4c27c4ac22fa83a5bece5715e18d21,0.750180184841156,0.038880355656147,0.034304141998291016,94.81719646512667,0.711299829185009,5.182802201860257,0.6016415010625619,0.9731364434761843,-0.16582091543386127,1.0,False,0.9997908473014832,0.9999868273735046,0.0,all_four_full_spatial_windows_common_frames
T02,0,BG15,spatial_E,"[0, 1, 2, 3, 4, 5, 6, 7, 8, 9, 10, 11]",2a11f7688b812585734ecbd8bbcbc665fb353bde12798047d4b5f46071c731ee,ff913d007746aa930aabe7a6ad7b45d6adf2558895bb2aca58e3abda4204e083,576d0d3a30f3617b0fd9e24a26d20e665da4c28ddd09ab338c552f716abab1fc,38ad04bc14c2a22e2d4699472849a99e706e5988005381695628468a6a57aff5,7ab07d05db9b206bf6e5c4cd74dc888e2e5b0f2404805a68a1f1bb0b5475f63c,07e7313e0c5b417ff10d3032bd0f69971a4c27c4ac22fa83a5bece5715e18d21,0.1753745973110199,0.11491330713033676,0.3007664382457733,34.47550994281484,0.060461290180683136,65.5244843551054,0.4947968879800002,0.7095578396884908,-0.06067793763662832,1.0,False,0.9998711347579956,0.9999907612800598,0.12209168189668199,all_four_full_spatial_windows_common_frames
T02,0,BG15,spatial_EM,"[0, 1, 2, 3, 4, 5, 6, 7, 8, 9, 10, 11, 12, 13, 14, 15, 16, 17, 18, 19, 20, 21, 22, 23]",2a11f7688b812585734ecbd8bbcbc665fb353bde12798047d4b5f46071c731ee,ff913d007746aa930aabe7a6ad7b45d6adf2558895bb2aca58e3abda4204e083,576d0d3a30f3617b0fd9e24a26d20e665da4c28ddd09ab338c552f716abab1fc,38ad04bc14c2a22e2d4699472849a99e706e5988005381695628468a6a57aff5,7ab07d05db9b206bf6e5c4cd74dc888e2e5b0f2404805a68a1f1bb0b5475f63c,07e7313e0c5b417ff10d3032bd0f69971a4c27c4ac22fa83a5bece5715e18d21,0.1753745973110199,0.0485752634704113,0.022549517452716827,72.30199159661412,0.1267993338406086,27.698002701306127,0.6366581180478426,1.0172426460105157,-0.2025391677044707,1.0,False,0.9999068975448608,0.9999924302101135,0.03713802246762946,all_four_full_spatial_windows_common_frames
T02,0,BG15,spatial_ML,"[12, 13, 14, 15, 16, 17, 18, 19, 20, 21, 22, 23, 24, 25, 26, 27, 28, 29, 30, 31, 32, 33, 34, 35]",2a11f7688b812585734ecbd8bbcbc665fb353bde12798047d4b5f46071c731ee,ff913d007746aa930aabe7a6ad7b45d6adf2558895bb2aca58e3abda4204e083,576d0d3a30f3617b0fd9e24a26d20e665da4c28ddd09ab338c552f716abab1fc,38ad04bc14c2a22e2d4699472849a99e706e5988005381695628468a6a57aff5,7ab07d05db9b206bf6e5c4cd74dc888e2e5b0f2404805a68a1f1bb0b5475f63c,07e7313e0c5b417ff10d3032bd0f69971a4c27c4ac22fa83a5bece5715e18d21,0.1753745973110199,0.09283024817705154,0.19927121698856354,47.06744630799328,0.08254434913396835,52.93254798992695,0.5446514649336096,0.8141916586978716,-0.11053251459023769,1.0,False,0.9998860359191895,0.9999907612800598,0.009277183659328107,all_four_full_spatial_windows_common_frames
T02,0,BG15,spatial_all,"[0, 1, 2, 3, 4, 5, 6, 7, 8, 9, 10, 11, 12, 13, 14, 15, 16, 17, 18, 19, 20, 21, 22, 23, 24, 25, 26, 27, 28, 29, 30, 31, 32, 33, 34, 35]",2a11f7688b812585734ecbd8bbcbc665fb353bde12798047d4b5f46071c731ee,ff913d007746aa930aabe7a6ad7b45d6adf2558895bb2aca58e3abda4204e083,576d0d3a30f3617b0fd9e24a26d20e665da4c28ddd09ab338c552f716abab1fc,38ad04bc14c2a22e2d4699472849a99e706e5988005381695628468a6a57aff5,7ab07d05db9b206bf6e5c4cd74dc888e2e5b0f2404805a68a1f1bb0b5475f63c,07e7313e0c5b417ff10d3032bd0f69971a4c27c4ac22fa83a5bece5715e18d21,0.1753745973110199,0.04200803115963936,0.050098516047000885,76.0466798450817,0.13336656615138054,23.953314452838537,0.595292704509298,0.9483679800811028,-0.16117375416592622,1.0,False,0.9998713731765747,0.9999904036521912,0.0,all_four_full_spatial_windows_common_frames
T02,1,BG1,spatial_E,"[0, 1, 2, 3, 4, 5, 6, 7, 8, 9, 10, 11]",2a11f7688b812585734ecbd8bbcbc665fb353bde12798047d4b5f46071c731ee,ff913d007746aa930aabe7a6ad7b45d6adf2558895bb2aca58e3abda4204e083,2c656eaa5f0435d44e4abcec2029b5567f0b7544fe5796246b9e233c19f7ac69,38ad04bc14c2a22e2d4699472849a99e706e5988005381695628468a6a57aff5,7ab07d05db9b206bf6e5c4cd74dc888e2e5b0f2404805a68a1f1bb0b5475f63c,07e7313e0c5b417ff10d3032bd0f69971a4c27c4ac22fa83a5bece5715e18d21,0.07718808203935623,0.08953043818473816,0.10706111788749695,-15.989974385024153,-0.012342356145381927,115.98996142965794,1.0087240462087874,1.168263796506223,-0.014697565299084964,1.0,False,0.9998458623886108,0.9999902844429016,0.0727098690949864,all_four_full_spatial_windows_common_frames
T02,1,BG1,spatial_EM,"[0, 1, 2, 3, 4, 5, 6, 7, 8, 9, 10, 11, 12, 13, 14, 15, 16, 17, 18, 19, 20, 21, 22, 23]",2a11f7688b812585734ecbd8bbcbc665fb353bde12798047d4b5f46071c731ee,ff913d007746aa930aabe7a6ad7b45d6adf2558895bb2aca58e3abda4204e083,2c656eaa5f0435d44e4abcec2029b5567f0b7544fe5796246b9e233c19f7ac69,38ad04bc14c2a22e2d4699472849a99e706e5988005381695628468a6a57aff5,7ab07d05db9b206bf6e5c4cd74dc888e2e5b0f2404805a68a1f1bb0b5475f63c,07e7313e0c5b417ff10d3032bd0f69971a4c27c4ac22fa83a5bece5715e18d21,0.07718808203935623,0.07425852864980698,0.055337004363536835,3.7953437015330693,0.0029295533895492554,96.20464334310071,1.0168861106017792,1.1283989334499307,-0.022859629692077058,1.0,False,0.9998834133148193,0.9999918341636658,0.041874872711279154,all_four_full_spatial_windows_common_frames
T02,1,BG1,spatial_ML,"[12, 13, 14, 15, 16, 17, 18, 19, 20, 21, 22, 23, 24, 25, 26, 27, 28, 29, 30, 31, 32, 33, 34, 35]",2a11f7688b812585734ecbd8bbcbc665fb353bde12798047d4b5f46071c731ee,ff913d007746aa930aabe7a6ad7b45d6adf2558895bb2aca58e3abda4204e083,2c656eaa5f0435d44e4abcec2029b5567f0b7544fe5796246b9e233c19f7ac69,38ad04bc14c2a22e2d4699472849a99e706e5988005381695628468a6a57aff5,7ab07d05db9b206bf6e5c4cd74dc888e2e5b0f2404805a68a1f1bb0b5475f63c,07e7313e0c5b417ff10d3032bd0f69971a4c27c4ac22fa83a5bece5715e18d21,0.07718808203935623,0.04561326652765274,0.10644356906414032,40.906329820413625,0.03157481551170349,59.093657224220166,0.9843646787650243,1.0650819805851495,0.009661802144677982,1.0,False,0.9998430013656616,0.9999904036521912,0.0034030682481050096,all_four_full_spatial_windows_common_frames
T02,1,BG1,spatial_all,"[0, 1, 2, 3, 4, 5, 6, 7, 8, 9, 10, 11, 12, 13, 14, 15, 16, 17, 18, 19, 20, 21, 22, 23, 24, 25, 26, 27, 28, 29, 30, 31, 32, 33, 34, 35]",2a11f7688b812585734ecbd8bbcbc665fb353bde12798047d4b5f46071c731ee,ff913d007746aa930aabe7a6ad7b45d6adf2558895bb2aca58e3abda4204e083,2c656eaa5f0435d44e4abcec2029b5567f0b7544fe5796246b9e233c19f7ac69,38ad04bc14c2a22e2d4699472849a99e706e5988005381695628468a6a57aff5,7ab07d05db9b206bf6e5c4cd74dc888e2e5b0f2404805a68a1f1bb0b5475f63c,07e7313e0c5b417ff10d3032bd0f69971a4c27c4ac22fa83a5bece5715e18d21,0.07718808203935623,0.04428086057305336,0.06114400550723076,42.63251052963496,0.03290722146630287,57.36747651499883,0.9843508274113392,1.0800766656699021,0.009675653498363204,1.0,False,0.9998292922973633,0.9999896883964539,0.0,all_four_full_spatial_windows_common_frames
T02,1,BG2,spatial_E,"[0, 1, 2, 3, 4, 5, 6, 7, 8, 9, 10, 11]",2a11f7688b812585734ecbd8bbcbc665fb353bde12798047d4b5f46071c731ee,ff913d007746aa930aabe7a6ad7b45d6adf2558895bb2aca58e3abda4204e083,2c656eaa5f0435d44e4abcec2029b5567f0b7544fe5796246b9e233c19f7ac69,38ad04bc14c2a22e2d4699472849a99e706e5988005381695628468a6a57aff5,7ab07d05db9b206bf6e5c4cd74dc888e2e5b0f2404805a68a1f1bb0b5475f63c,07e7313e0c5b417ff10d3032bd0f69971a4c27c4ac22fa83a5bece5715e18d21,0.05375010520219803,0.0600857250392437,0.11622504889965057,-11.787174433416999,-0.0063356198370456696,111.78715582880571,0.9951143917804615,1.1791370661825653,-0.006917675066313363,1.0,False,0.9998503923416138,0.999990701675415,0.06912216595793946,all_four_full_spatial_windows_common_frames
T02,1,BG2,spatial_EM,"[0, 1, 2, 3, 4, 5, 6, 7, 8, 9, 10, 11, 12, 13, 14, 15, 16, 17, 18, 19, 20, 21, 22, 23]",2a11f7688b812585734ecbd8bbcbc665fb353bde12798047d4b5f46071c731ee,ff913d007746aa930aabe7a6ad7b45d6adf2558895bb2aca58e3abda4204e083,2c656eaa5f0435d44e4abcec2029b5567f0b7544fe5796246b9e233c19f7ac69,38ad04bc14c2a22e2d4699472849a99e706e5988005381695628468a6a57aff5,7ab07d05db9b206bf6e5c4cd74dc888e2e5b0f2404805a68a1f1bb0b5475f63c,07e7313e0c5b417ff10d3032bd0f69971a4c27c4ac22fa83a5bece5715e18d21,0.05375010520219803,0.0763389840722084,0.05560419335961342,-42.02573107989662,-0.022588878870010376,142.02571247528533,1.020021264738176,1.1318241570023084,-0.03182454802402797,1.0,False,0.9998527765274048,0.9999913573265076,0.04031953852425913,all_four_full_spatial_windows_common_frames
T02,1,BG2,spatial_ML,"[12, 13, 14, 15, 16, 17, 18, 19, 20, 21, 22, 23, 24, 25, 26, 27, 28, 29, 30, 31, 32, 33, 34, 35]",2a11f7688b812585734ecbd8bbcbc665fb353bde12798047d4b5f46071c731ee,ff913d007746aa930aabe7a6ad7b45d6adf2558895bb2aca58e3abda4204e083,2c656eaa5f0435d44e4abcec2029b5567f0b7544fe5796246b9e233c19f7ac69,38ad04bc14c2a22e2d4699472849a99e706e5988005381695628468a6a57aff5,7ab07d05db9b206bf6e5c4cd74dc888e2e5b0f2404805a68a1f1bb0b5475f63c,07e7313e0c5b417ff10d3032bd0f69971a4c27c4ac22fa83a5bece5715e18d21,0.05375010520219803,0.04983333498239517,0.07197272032499313,7.286998744223502,0.0039167702198028564,92.7129826511652,0.9774521311033334,1.0743276040731329,0.010744585610814483,1.0,False,0.99981290102005,0.9999887347221375,0.003417187687807392,all_four_full_spatial_windows_common_frames
T02,1,BG2,spatial_all,"[0, 1, 2, 3, 4, 5, 6, 7, 8, 9, 10, 11, 12, 13, 14, 15, 16, 17, 18, 19, 20, 21, 22, 23, 24, 25, 26, 27, 28, 29, 30, 31, 32, 33, 34, 35]",2a11f7688b812585734ecbd8bbcbc665fb353bde12798047d4b5f46071c731ee,ff913d007746aa930aabe7a6ad7b45d6adf2558895bb2aca58e3abda4204e083,2c656eaa5f0435d44e4abcec2029b5567f0b7544fe5796246b9e233c19f7ac69,38ad04bc14c2a22e2d4699472849a99e706e5988005381695628468a6a57aff5,7ab07d05db9b206bf6e5c4cd74dc888e2e5b0f2404805a68a1f1bb0b5475f63c,07e7313e0c5b417ff10d3032bd0f69971a4c27c4ac22fa83a5bece5715e18d21,0.05375010520219803,0.05396198481321335,0.0461784303188324,-0.3941937802705497,-0.00021187961101531982,100.39417517565926,0.9934634319933446,1.111534098418353,-0.005266715279196551,1.0,False,0.9998239874839783,0.9999890327453613,0.0,all_four_full_spatial_windows_common_frames
T02,1,BG3,spatial_E,"[0, 1, 2, 3, 4, 5, 6, 7, 8, 9, 10, 11]",2a11f7688b812585734ecbd8bbcbc665fb353bde12798047d4b5f46071c731ee,ff913d007746aa930aabe7a6ad7b45d6adf2558895bb2aca58e3abda4204e083,2c656eaa5f0435d44e4abcec2029b5567f0b7544fe5796246b9e233c19f7ac69,38ad04bc14c2a22e2d4699472849a99e706e5988005381695628468a6a57aff5,7ab07d05db9b206bf6e5c4cd74dc888e2e5b0f2404805a68a1f1bb0b5475f63c,07e7313e0c5b417ff10d3032bd0f69971a4c27c4ac22fa83a5bece5715e18d21,0.1549988090991974,0.1300591081380844,0.17014724016189575,16.09025223937472,0.024939700961112976,83.90974130896323,0.8442957665522686,0.9112022630837332,-0.03121564671748352,1.0,False,0.9998449087142944,0.9999901652336121,0.10044520536319397,all_four_full_spatial_windows_common_frames
T02,1,BG3,spatial_EM,"[0, 1, 2, 3, 4, 5, 6, 7, 8, 9, 10, 11, 12, 13, 14, 15, 16, 17, 18, 19, 20, 21, 22, 23]",2a11f7688b812585734ecbd8bbcbc665fb353bde12798047d4b5f46071c731ee,ff913d007746aa930aabe7a6ad7b45d6adf2558895bb2aca58e3abda4204e083,2c656eaa5f0435d44e4abcec2029b5567f0b7544fe5796246b9e233c19f7ac69,38ad04bc14c2a22e2d4699472849a99e706e5988005381695628468a6a57aff5,7ab07d05db9b206bf6e5c4cd74dc888e2e5b0f2404805a68a1f1bb0b5475f63c,07e7313e0c5b417ff10d3032bd0f69971a4c27c4ac22fa83a5bece5715e18d21,0.1549988090991974,0.045167721807956696,0.013009871356189251,70.85930585119497,0.10983108729124069,29.14068769714297,0.9774762549482018,1.066943937317686,-0.16439613511341689,1.0,False,0.9998739957809448,0.9999916553497314,0.03817365322918209,all_four_full_spatial_windows_common_frames
T02,1,BG3,spatial_ML,"[12, 13, 14, 15, 16, 17, 18, 19, 20, 21, 22, 23, 24, 25, 26, 27, 28, 29, 30, 31, 32, 33, 34, 35]",2a11f7688b812585734ecbd8bbcbc665fb353bde12798047d4b5f46071c731ee,ff913d007746aa930aabe7a6ad7b45d6adf2558895bb2aca58e3abda4204e083,2c656eaa5f0435d44e4abcec2029b5567f0b7544fe5796246b9e233c19f7ac69,38ad04bc14c2a22e2d4699472849a99e706e5988005381695628468a6a57aff5,7ab07d05db9b206bf6e5c4cd74dc888e2e5b0f2404805a68a1f1bb0b5475f63c,07e7313e0c5b417ff10d3032bd0f69971a4c27c4ac22fa83a5bece5715e18d21,0.1549988090991974,0.055670104920864105,0.11922083050012589,64.08352318785352,0.09932870417833328,35.91647036048443,0.9180991940059249,0.9997673616755454,-0.10501907417113984,1.0,False,0.9998513460159302,0.999990701675415,0.006517296571385737,all_four_full_spatial_windows_common_frames
T02,1,BG3,spatial_all,"[0, 1, 2, 3, 4, 5, 6, 7, 8, 9, 10, 11, 12, 13, 14, 15, 16, 17, 18, 19, 20, 21, 22, 23, 24, 25, 26, 27, 28, 29, 30, 31, 32, 33, 34, 35]",2a11f7688b812585734ecbd8bbcbc665fb353bde12798047d4b5f46071c731ee,ff913d007746aa930aabe7a6ad7b45d6adf2558895bb2aca58e3abda4204e083,2c656eaa5f0435d44e4abcec2029b5567f0b7544fe5796246b9e233c19f7ac69,38ad04bc14c2a22e2d4699472849a99e706e5988005381695628468a6a57aff5,7ab07d05db9b206bf6e5c4cd74dc888e2e5b0f2404805a68a1f1bb0b5475f63c,07e7313e0c5b417ff10d3032bd0f69971a4c27c4ac22fa83a5bece5715e18d21,0.1549988090991974,0.038843877613544464,0.04307254031300545,74.93923641528853,0.11615493148565292,25.060757133049414,0.9562272111082057,1.0544790585673154,-0.14314709127342065,1.0,False,0.9998583793640137,0.9999904632568359,0.0,all_four_full_spatial_windows_common_frames
T02,1,BG4,spatial_E,"[0, 1, 2, 3, 4, 5, 6, 7, 8, 9, 10, 11]",2a11f7688b812585734ecbd8bbcbc665fb353bde12798047d4b5f46071c731ee,ff913d007746aa930aabe7a6ad7b45d6adf2558895bb2aca58e3abda4204e083,2c656eaa5f0435d44e4abcec2029b5567f0b7544fe5796246b9e233c19f7ac69,38ad04bc14c2a22e2d4699472849a99e706e5988005381695628468a6a57aff5,7ab07d05db9b206bf6e5c4cd74dc888e2e5b0f2404805a68a1f1bb0b5475f63c,07e7313e0c5b417ff10d3032bd0f69971a4c27c4ac22fa83a5bece5715e18d21,0.07476802170276642,0.0480729416012764,0.07040829211473465,35.70386901130942,0.02669508010149002,64.2961176139905,0.917919985074489,1.0389330715824774,-0.035431164224627755,1.0,False,0.9998725652694702,0.9999908208847046,0.08937068787175702,all_four_full_spatial_windows_common_frames
T02,1,BG4,spatial_EM,"[0, 1, 2, 3, 4, 5, 6, 7, 8, 9, 10, 11, 12, 13, 14, 15, 16, 17, 18, 19, 20, 21, 22, 23]",2a11f7688b812585734ecbd8bbcbc665fb353bde12798047d4b5f46071c731ee,ff913d007746aa930aabe7a6ad7b45d6adf2558895bb2aca58e3abda4204e083,2c656eaa5f0435d44e4abcec2029b5567f0b7544fe5796246b9e233c19f7ac69,38ad04bc14c2a22e2d4699472849a99e706e5988005381695628468a6a57aff5,7ab07d05db9b206bf6e5c4cd74dc888e2e5b0f2404805a68a1f1bb0b5475f63c,07e7313e0c5b417ff10d3032bd0f69971a4c27c4ac22fa83a5bece5715e18d21,0.07476802170276642,0.045000042766332626,0.039563342928886414,39.81377904232348,0.029767978936433792,60.18620758297644,0.9751147525770459,1.041126600599387,-0.09262593172718478,1.0,False,0.9998812675476074,0.9999926090240479,0.036111784331663024,all_four_full_spatial_windows_common_frames
T02,1,BG4,spatial_ML,"[12, 13, 14, 15, 16, 17, 18, 19, 20, 21, 22, 23, 24, 25, 26, 27, 28, 29, 30, 31, 32, 33, 34, 35]",2a11f7688b812585734ecbd8bbcbc665fb353bde12798047d4b5f46071c731ee,ff913d007746aa930aabe7a6ad7b45d6adf2558895bb2aca58e3abda4204e083,2c656eaa5f0435d44e4abcec2029b5567f0b7544fe5796246b9e233c19f7ac69,38ad04bc14c2a22e2d4699472849a99e706e5988005381695628468a6a57aff5,7ab07d05db9b206bf6e5c4cd74dc888e2e5b0f2404805a68a1f1bb0b5475f63c,07e7313e0c5b417ff10d3032bd0f69971a4c27c4ac22fa83a5bece5715e18d21,0.07476802170276642,0.04555637761950493,0.07079065591096878,39.06969786150016,0.02921164408326149,60.930288763799766,0.9231655748697338,1.018731123396345,-0.04067675401987247,1.0,False,0.9998443126678467,0.9999904036521912,0.005730441300838116,all_four_full_spatial_windows_common_frames
T02,1,BG4,spatial_all,"[0, 1, 2, 3, 4, 5, 6, 7, 8, 9, 10, 11, 12, 13, 14, 15, 16, 17, 18, 19, 20, 21, 22, 23, 24, 25, 26, 27, 28, 29, 30, 31, 32, 33, 34, 35]",2a11f7688b812585734ecbd8bbcbc665fb353bde12798047d4b5f46071c731ee,ff913d007746aa930aabe7a6ad7b45d6adf2558895bb2aca58e3abda4204e083,2c656eaa5f0435d44e4abcec2029b5567f0b7544fe5796246b9e233c19f7ac69,38ad04bc14c2a22e2d4699472849a99e706e5988005381695628468a6a57aff5,7ab07d05db9b206bf6e5c4cd74dc888e2e5b0f2404805a68a1f1bb0b5475f63c,07e7313e0c5b417ff10d3032bd0f69971a4c27c4ac22fa83a5bece5715e18d21,0.07476802170276642,0.02650616131722927,0.026761986315250397,64.54879082198904,0.04826186038553715,35.451195803310874,0.9455604165684892,1.061209412874197,-0.06307159571862832,1.0,False,0.9998350143432617,0.999989926815033,0.0,all_four_full_spatial_windows_common_frames
T02,1,BG5,spatial_E,"[0, 1, 2, 3, 4, 5, 6, 7, 8, 9, 10, 11]",2a11f7688b812585734ecbd8bbcbc665fb353bde12798047d4b5f46071c731ee,ff913d007746aa930aabe7a6ad7b45d6adf2558895bb2aca58e3abda4204e083,2c656eaa5f0435d44e4abcec2029b5567f0b7544fe5796246b9e233c19f7ac69,38ad04bc14c2a22e2d4699472849a99e706e5988005381695628468a6a57aff5,7ab07d05db9b206bf6e5c4cd74dc888e2e5b0f2404805a68a1f1bb0b5475f63c,07e7313e0c5b417ff10d3032bd0f69971a4c27c4ac22fa83a5bece5715e18d21,0.11067277193069458,0.11276876926422119,0.12411078065633774,-1.8938688419698035,-0.0020959973335266113,101.89385980632453,1.0080049298725493,1.2037627470697296,-0.05557034170155571,1.0,False,0.9998683929443359,0.9999901056289673,0.24346307241077908,all_four_full_spatial_windows_common_frames
T02,1,BG5,spatial_EM,"[0, 1, 2, 3, 4, 5, 6, 7, 8, 9, 10, 11, 12, 13, 14, 15, 16, 17, 18, 19, 20, 21, 22, 23]",2a11f7688b812585734ecbd8bbcbc665fb353bde12798047d4b5f46071c731ee,ff913d007746aa930aabe7a6ad7b45d6adf2558895bb2aca58e3abda4204e083,2c656eaa5f0435d44e4abcec2029b5567f0b7544fe5796246b9e233c19f7ac69,38ad04bc14c2a22e2d4699472849a99e706e5988005381695628468a6a57aff5,7ab07d05db9b206bf6e5c4cd74dc888e2e5b0f2404805a68a1f1bb0b5475f63c,07e7313e0c5b417ff10d3032bd0f69971a4c27c4ac22fa83a5bece5715e18d21,0.11067277193069458,0.13674131035804749,0.04990769922733307,-23.554606627379734,-0.026068538427352905,123.55459759173445,1.0418950551180612,1.1266704977544373,-0.08946046694706769,1.0,False,0.9999246597290039,0.9999920129776001,0.04164773900412278,all_four_full_spatial_windows_common_frames
T02,1,BG5,spatial_ML,"[12, 13, 14, 15, 16, 17, 18, 19, 20, 21, 22, 23, 24, 25, 26, 27, 28, 29, 30, 31, 32, 33, 34, 35]",2a11f7688b812585734ecbd8bbcbc665fb353bde12798047d4b5f46071c731ee,ff913d007746aa930aabe7a6ad7b45d6adf2558895bb2aca58e3abda4204e083,2c656eaa5f0435d44e4abcec2029b5567f0b7544fe5796246b9e233c19f7ac69,38ad04bc14c2a22e2d4699472849a99e706e5988005381695628468a6a57aff5,7ab07d05db9b206bf6e5c4cd74dc888e2e5b0f2404805a68a1f1bb0b5475f63c,07e7313e0c5b417ff10d3032bd0f69971a4c27c4ac22fa83a5bece5715e18d21,0.11067277193069458,0.11493261903524399,0.13463981449604034,-3.849046739619328,-0.004259847104549408,103.84903770397405,0.9751533190971309,1.0392118679020554,-0.022718730926137166,1.0,False,0.9998917579650879,0.9999904036521912,0.005402681920955164,all_four_full_spatial_windows_common_frames
T02,1,BG5,spatial_all,"[0, 1, 2, 3, 4, 5, 6, 7, 8, 9, 10, 11, 12, 13, 14, 15, 16, 17, 18, 19, 20, 21, 22, 23, 24, 25, 26, 27, 28, 29, 30, 31, 32, 33, 34, 35]",2a11f7688b812585734ecbd8bbcbc665fb353bde12798047d4b5f46071c731ee,ff913d007746aa930aabe7a6ad7b45d6adf2558895bb2aca58e3abda4204e083,2c656eaa5f0435d44e4abcec2029b5567f0b7544fe5796246b9e233c19f7ac69,38ad04bc14c2a22e2d4699472849a99e706e5988005381695628468a6a57aff5,7ab07d05db9b206bf6e5c4cd74dc888e2e5b0f2404805a68a1f1bb0b5475f63c,07e7313e0c5b417ff10d3032bd0f69971a4c27c4ac22fa83a5bece5715e18d21,0.11067277193069458,0.11095615476369858,0.06692451983690262,-0.2560546758293811,-0.0002833828330039978,100.2560456401841,1.0133212038782922,1.0921918634803247,-0.0608866157072986,1.0,False,0.9998899698257446,0.9999901652336121,0.0,all_four_full_spatial_windows_common_frames
T02,1,BG6,spatial_E,"[0, 1, 2, 3, 4, 5, 6, 7, 8, 9, 10, 11]",2a11f7688b812585734ecbd8bbcbc665fb353bde12798047d4b5f46071c731ee,ff913d007746aa930aabe7a6ad7b45d6adf2558895bb2aca58e3abda4204e083,2c656eaa5f0435d44e4abcec2029b5567f0b7544fe5796246b9e233c19f7ac69,38ad04bc14c2a22e2d4699472849a99e706e5988005381695628468a6a57aff5,7ab07d05db9b206bf6e5c4cd74dc888e2e5b0f2404805a68a1f1bb0b5475f63c,07e7313e0c5b417ff10d3032bd0f69971a4c27c4ac22fa83a5bece5715e18d21,0.515608549118042,0.32812947034835815,0.7015014290809631,36.360738287659586,0.18747907876968384,63.63925977288462,0.6509271353596005,0.44115857832456307,-0.12442067704217426,1.0,False,0.9998452663421631,0.9999904632568359,0.23245641382971413,all_four_full_spatial_windows_common_frames
T02,1,BG6,spatial_EM,"[0, 1, 2, 3, 4, 5, 6, 7, 8, 9, 10, 11, 12, 13, 14, 15, 16, 17, 18, 19, 20, 21, 22, 23]",2a11f7688b812585734ecbd8bbcbc665fb353bde12798047d4b5f46071c731ee,ff913d007746aa930aabe7a6ad7b45d6adf2558895bb2aca58e3abda4204e083,2c656eaa5f0435d44e4abcec2029b5567f0b7544fe5796246b9e233c19f7ac69,38ad04bc14c2a22e2d4699472849a99e706e5988005381695628468a6a57aff5,7ab07d05db9b206bf6e5c4cd74dc888e2e5b0f2404805a68a1f1bb0b5475f63c,07e7313e0c5b417ff10d3032bd0f69971a4c27c4ac22fa83a5bece5715e18d21,0.515608549118042,0.09576083719730377,0.17031686007976532,81.42760714424436,0.4198477119207382,18.57239091629985,1.0207633053212477,1.2242774809061414,-0.49425684700382144,1.0,False,0.9999392032623291,0.9999924302101135,0.04982852434982356,all_four_full_spatial_windows_common_frames
T02,1,BG6,spatial_ML,"[12, 13, 14, 15, 16, 17, 18, 19, 20, 21, 22, 23, 24, 25, 26, 27, 28, 29, 30, 31, 32, 33, 34, 35]",2a11f7688b812585734ecbd8bbcbc665fb353bde12798047d4b5f46071c731ee,ff913d007746aa930aabe7a6ad7b45d6adf2558895bb2aca58e3abda4204e083,2c656eaa5f0435d44e4abcec2029b5567f0b7544fe5796246b9e233c19f7ac69,38ad04bc14c2a22e2d4699472849a99e706e5988005381695628468a6a57aff5,7ab07d05db9b206bf6e5c4cd74dc888e2e5b0f2404805a68a1f1bb0b5475f63c,07e7313e0c5b417ff10d3032bd0f69971a4c27c4ac22fa83a5bece5715e18d21,0.515608549118042,0.2052626609802246,0.361270934343338,60.190212642837,0.3103458881378174,39.80978541770722,0.7996035475534581,0.8603580321331243,-0.27309708923603176,1.0,False,0.9998500347137451,0.99998939037323,0.013977921735681815,all_four_full_spatial_windows_common_frames
T02,1,BG6,spatial_all,"[0, 1, 2, 3, 4, 5, 6, 7, 8, 9, 10, 11, 12, 13, 14, 15, 16, 17, 18, 19, 20, 21, 22, 23, 24, 25, 26, 27, 28, 29, 30, 31, 32, 33, 34, 35]",2a11f7688b812585734ecbd8bbcbc665fb353bde12798047d4b5f46071c731ee,ff913d007746aa930aabe7a6ad7b45d6adf2558895bb2aca58e3abda4204e083,2c656eaa5f0435d44e4abcec2029b5567f0b7544fe5796246b9e233c19f7ac69,38ad04bc14c2a22e2d4699472849a99e706e5988005381695628468a6a57aff5,7ab07d05db9b206bf6e5c4cd74dc888e2e5b0f2404805a68a1f1bb0b5475f63c,07e7313e0c5b417ff10d3032bd0f69971a4c27c4ac22fa83a5bece5715e18d21,0.515608549118042,0.059490542858839035,0.0495329312980175,88.46207034254847,0.45611800625920296,11.537927717995743,0.929445797220003,1.0792164568888372,-0.4029393389025769,1.0,False,0.9998711347579956,0.9999893307685852,0.0,all_four_full_spatial_windows_common_frames
T02,1,BG7,spatial_E,"[0, 1, 2, 3, 4, 5, 6, 7, 8, 9, 10, 11]",2a11f7688b812585734ecbd8bbcbc665fb353bde12798047d4b5f46071c731ee,ff913d007746aa930aabe7a6ad7b45d6adf2558895bb2aca58e3abda4204e083,2c656eaa5f0435d44e4abcec2029b5567f0b7544fe5796246b9e233c19f7ac69,38ad04bc14c2a22e2d4699472849a99e706e5988005381695628468a6a57aff5,7ab07d05db9b206bf6e5c4cd74dc888e2e5b0f2404805a68a1f1bb0b5475f63c,07e7313e0c5b417ff10d3032bd0f69971a4c27c4ac22fa83a5bece5715e18d21,0.16574323177337646,0.10409639775753021,0.148890420794487,37.19417658074832,0.06164683401584625,62.805817385823175,0.8865931245655219,0.9942665638737562,-0.07312627364373761,1.0,False,0.9998469352722168,0.9999915361404419,0.27517299214858054,all_four_full_spatial_windows_common_frames
T02,1,BG7,spatial_EM,"[0, 1, 2, 3, 4, 5, 6, 7, 8, 9, 10, 11, 12, 13, 14, 15, 16, 17, 18, 19, 20, 21, 22, 23]",2a11f7688b812585734ecbd8bbcbc665fb353bde12798047d4b5f46071c731ee,ff913d007746aa930aabe7a6ad7b45d6adf2558895bb2aca58e3abda4204e083,2c656eaa5f0435d44e4abcec2029b5567f0b7544fe5796246b9e233c19f7ac69,38ad04bc14c2a22e2d4699472849a99e706e5988005381695628468a6a57aff5,7ab07d05db9b206bf6e5c4cd74dc888e2e5b0f2404805a68a1f1bb0b5475f63c,07e7313e0c5b417ff10d3032bd0f69971a4c27c4ac22fa83a5bece5715e18d21,0.16574323177337646,0.17061388492584229,0.17567208409309387,-2.9386737584905855,-0.00487065315246582,102.93866772506207,1.0972398025222545,1.1732288351950937,-0.2837729516004701,1.0,False,0.9998761415481567,0.9999907612800598,0.05008522747676294,all_four_full_spatial_windows_common_frames
T02,1,BG7,spatial_ML,"[12, 13, 14, 15, 16, 17, 18, 19, 20, 21, 22, 23, 24, 25, 26, 27, 28, 29, 30, 31, 32, 33, 34, 35]",2a11f7688b812585734ecbd8bbcbc665fb353bde12798047d4b5f46071c731ee,ff913d007746aa930aabe7a6ad7b45d6adf2558895bb2aca58e3abda4204e083,2c656eaa5f0435d44e4abcec2029b5567f0b7544fe5796246b9e233c19f7ac69,38ad04bc14c2a22e2d4699472849a99e706e5988005381695628468a6a57aff5,7ab07d05db9b206bf6e5c4cd74dc888e2e5b0f2404805a68a1f1bb0b5475f63c,07e7313e0c5b417ff10d3032bd0f69971a4c27c4ac22fa83a5bece5715e18d21,0.16574323177337646,0.08663299679756165,0.09284409135580063,47.73059470140181,0.07911023497581482,52.26939926516968,0.9667846768459617,1.0033569833071987,-0.15331782592417742,1.0,False,0.9997116923332214,0.9999843835830688,0.006446092917383886,all_four_full_spatial_windows_common_frames
T02,1,BG7,spatial_all,"[0, 1, 2, 3, 4, 5, 6, 7, 8, 9, 10, 11, 12, 13, 14, 15, 16, 17, 18, 19, 20, 21, 22, 23, 24, 25, 26, 27, 28, 29, 30, 31, 32, 33, 34, 35]",2a11f7688b812585734ecbd8bbcbc665fb353bde12798047d4b5f46071c731ee,ff913d007746aa930aabe7a6ad7b45d6adf2558895bb2aca58e3abda4204e083,2c656eaa5f0435d44e4abcec2029b5567f0b7544fe5796246b9e233c19f7ac69,38ad04bc14c2a22e2d4699472849a99e706e5988005381695628468a6a57aff5,7ab07d05db9b206bf6e5c4cd74dc888e2e5b0f2404805a68a1f1bb0b5475f63c,07e7313e0c5b417ff10d3032bd0f69971a4c27c4ac22fa83a5bece5715e18d21,0.16574323177337646,0.08505415916442871,0.037961941212415695,48.68317509999912,0.08068907260894775,51.31681886657237,1.000575076949934,1.076456491064872,-0.18710822602814972,1.0,False,0.9997556805610657,0.9999862909317017,0.0,all_four_full_spatial_windows_common_frames
T02,1,BG8,spatial_E,"[0, 1, 2, 3, 4, 5, 6, 7, 8, 9, 10, 11]",2a11f7688b812585734ecbd8bbcbc665fb353bde12798047d4b5f46071c731ee,ff913d007746aa930aabe7a6ad7b45d6adf2558895bb2aca58e3abda4204e083,2c656eaa5f0435d44e4abcec2029b5567f0b7544fe5796246b9e233c19f7ac69,38ad04bc14c2a22e2d4699472849a99e706e5988005381695628468a6a57aff5,7ab07d05db9b206bf6e5c4cd74dc888e2e5b0f2404805a68a1f1bb0b5475f63c,07e7313e0c5b417ff10d3032bd0f69971a4c27c4ac22fa83a5bece5715e18d21,1.6765817403793335,0.7318464517593384,2.0131077766418457,56.3488949111038,0.9447352886199951,43.65110449244453,0.6574106858628215,1.2292625648117892,0.5157014134829816,1.0,False,0.9997021555900574,0.9999846816062927,0.2433579296286412,all_four_full_spatial_windows_common_frames
T02,1,BG8,spatial_EM,"[0, 1, 2, 3, 4, 5, 6, 7, 8, 9, 10, 11, 12, 13, 14, 15, 16, 17, 18, 19, 20, 21, 22, 23]",2a11f7688b812585734ecbd8bbcbc665fb353bde12798047d4b5f46071c731ee,ff913d007746aa930aabe7a6ad7b45d6adf2558895bb2aca58e3abda4204e083,2c656eaa5f0435d44e4abcec2029b5567f0b7544fe5796246b9e233c19f7ac69,38ad04bc14c2a22e2d4699472849a99e706e5988005381695628468a6a57aff5,7ab07d05db9b206bf6e5c4cd74dc888e2e5b0f2404805a68a1f1bb0b5475f63c,07e7313e0c5b417ff10d3032bd0f69971a4c27c4ac22fa83a5bece5715e18d21,1.6765817403793335,0.11353135108947754,0.10334073752164841,93.22840290586542,1.563050389289856,6.771596497682896,1.028835529011873,1.1315887912514784,0.14427657033393002,1.0,False,0.9998430013656616,0.9999880194664001,0.03749610191973552,all_four_full_spatial_windows_common_frames
T02,1,BG8,spatial_ML,"[12, 13, 14, 15, 16, 17, 18, 19, 20, 21, 22, 23, 24, 25, 26, 27, 28, 29, 30, 31, 32, 33, 34, 35]",2a11f7688b812585734ecbd8bbcbc665fb353bde12798047d4b5f46071c731ee,ff913d007746aa930aabe7a6ad7b45d6adf2558895bb2aca58e3abda4204e083,2c656eaa5f0435d44e4abcec2029b5567f0b7544fe5796246b9e233c19f7ac69,38ad04bc14c2a22e2d4699472849a99e706e5988005381695628468a6a57aff5,7ab07d05db9b206bf6e5c4cd74dc888e2e5b0f2404805a68a1f1bb0b5475f63c,07e7313e0c5b417ff10d3032bd0f69971a4c27c4ac22fa83a5bece5715e18d21,1.6765817403793335,0.5588570833206177,1.136696696281433,66.66687483660287,1.1177246570587158,33.33312456694545,0.5817372179598113,0.5810876161574415,0.591374881385992,1.0,False,0.9997623562812805,0.9999866485595703,0.06574992044758293,all_four_full_spatial_windows_common_frames
T02,1,BG8,spatial_all,"[0, 1, 2, 3, 4, 5, 6, 7, 8, 9, 10, 11, 12, 13, 14, 15, 16, 17, 18, 19, 20, 21, 22, 23, 24, 25, 26, 27, 28, 29, 30, 31, 32, 33, 34, 35]",2a11f7688b812585734ecbd8bbcbc665fb353bde12798047d4b5f46071c731ee,ff913d007746aa930aabe7a6ad7b45d6adf2558895bb2aca58e3abda4204e083,2c656eaa5f0435d44e4abcec2029b5567f0b7544fe5796246b9e233c19f7ac69,38ad04bc14c2a22e2d4699472849a99e706e5988005381695628468a6a57aff5,7ab07d05db9b206bf6e5c4cd74dc888e2e5b0f2404805a68a1f1bb0b5475f63c,07e7313e0c5b417ff10d3032bd0f69971a4c27c4ac22fa83a5bece5715e18d21,1.6765817403793335,0.06403808295726776,0.05189196392893791,96.180437193547,1.6125436574220657,3.8195622100013247,0.9464400899495509,1.0684905566770777,0.22667200939625215,1.0,False,0.9998106360435486,0.9999866485595703,0.0,all_four_full_spatial_windows_common_frames
T02,1,BG9,spatial_E,"[0, 1, 2, 3, 4, 5, 6, 7, 8, 9, 10, 11]",2a11f7688b812585734ecbd8bbcbc665fb353bde12798047d4b5f46071c731ee,ff913d007746aa930aabe7a6ad7b45d6adf2558895bb2aca58e3abda4204e083,2c656eaa5f0435d44e4abcec2029b5567f0b7544fe5796246b9e233c19f7ac69,38ad04bc14c2a22e2d4699472849a99e706e5988005381695628468a6a57aff5,7ab07d05db9b206bf6e5c4cd74dc888e2e5b0f2404805a68a1f1bb0b5475f63c,07e7313e0c5b417ff10d3032bd0f69971a4c27c4ac22fa83a5bece5715e18d21,0.2146076261997223,0.13257071375846863,0.27730855345726013,38.22646476796701,0.08203691244125366,61.773530572366546,0.9176200147594132,0.87456668568517,-0.13929482006049057,1.0,False,0.9995662569999695,0.9999760389328003,0.19318544495246215,all_four_full_spatial_windows_common_frames
T02,1,BG9,spatial_EM,"[0, 1, 2, 3, 4, 5, 6, 7, 8, 9, 10, 11, 12, 13, 14, 15, 16, 17, 18, 19, 20, 21, 22, 23]",2a11f7688b812585734ecbd8bbcbc665fb353bde12798047d4b5f46071c731ee,ff913d007746aa930aabe7a6ad7b45d6adf2558895bb2aca58e3abda4204e083,2c656eaa5f0435d44e4abcec2029b5567f0b7544fe5796246b9e233c19f7ac69,38ad04bc14c2a22e2d4699472849a99e706e5988005381695628468a6a57aff5,7ab07d05db9b206bf6e5c4cd74dc888e2e5b0f2404805a68a1f1bb0b5475f63c,07e7313e0c5b417ff10d3032bd0f69971a4c27c4ac22fa83a5bece5715e18d21,0.2146076261997223,0.07021966576576233,0.06171409785747528,67.27997334614267,0.14438796043395996,32.7200219941909,0.9849886209788794,1.0976394251138275,-0.20666342627995707,1.0,False,0.9997480511665344,0.9999853372573853,0.035567401975786825,all_four_full_spatial_windows_common_frames
T02,1,BG9,spatial_ML,"[12, 13, 14, 15, 16, 17, 18, 19, 20, 21, 22, 23, 24, 25, 26, 27, 28, 29, 30, 31, 32, 33, 34, 35]",2a11f7688b812585734ecbd8bbcbc665fb353bde12798047d4b5f46071c731ee,ff913d007746aa930aabe7a6ad7b45d6adf2558895bb2aca58e3abda4204e083,2c656eaa5f0435d44e4abcec2029b5567f0b7544fe5796246b9e233c19f7ac69,38ad04bc14c2a22e2d4699472849a99e706e5988005381695628468a6a57aff5,7ab07d05db9b206bf6e5c4cd74dc888e2e5b0f2404805a68a1f1bb0b5475f63c,07e7313e0c5b417ff10d3032bd0f69971a4c27c4ac22fa83a5bece5715e18d21,0.2146076261997223,0.11394508183002472,0.13945412635803223,46.9053879685889,0.10066254436969757,53.094607371744665,0.8781321327422317,0.9687002114317439,-0.09980693804330909,1.0,False,0.9996466636657715,0.9999819993972778,0.01575970647493532,all_four_full_spatial_windows_common_frames
T02,1,BG9,spatial_all,"[0, 1, 2, 3, 4, 5, 6, 7, 8, 9, 10, 11, 12, 13, 14, 15, 16, 17, 18, 19, 20, 21, 22, 23, 24, 25, 26, 27, 28, 29, 30, 31, 32, 33, 34, 35]",2a11f7688b812585734ecbd8bbcbc665fb353bde12798047d4b5f46071c731ee,ff913d007746aa930aabe7a6ad7b45d6adf2558895bb2aca58e3abda4204e083,2c656eaa5f0435d44e4abcec2029b5567f0b7544fe5796246b9e233c19f7ac69,38ad04bc14c2a22e2d4699472849a99e706e5988005381695628468a6a57aff5,7ab07d05db9b206bf6e5c4cd74dc888e2e5b0f2404805a68a1f1bb0b5475f63c,07e7313e0c5b417ff10d3032bd0f69971a4c27c4ac22fa83a5bece5715e18d21,0.2146076261997223,0.06003352999687195,0.07948041707277298,72.0263728449055,0.15457409620285034,27.97362249542807,0.9774453745648726,1.1300114710765674,-0.1991201798659501,1.0,False,0.9996362924575806,0.9999809861183167,0.0,all_four_full_spatial_windows_common_frames
T02,1,BG10,spatial_E,"[0, 1, 2, 3, 4, 5, 6, 7, 8, 9, 10, 11]",2a11f7688b812585734ecbd8bbcbc665fb353bde12798047d4b5f46071c731ee,ff913d007746aa930aabe7a6ad7b45d6adf2558895bb2aca58e3abda4204e083,2c656eaa5f0435d44e4abcec2029b5567f0b7544fe5796246b9e233c19f7ac69,38ad04bc14c2a22e2d4699472849a99e706e5988005381695628468a6a57aff5,7ab07d05db9b206bf6e5c4cd74dc888e2e5b0f2404805a68a1f1bb0b5475f63c,07e7313e0c5b417ff10d3032bd0f69971a4c27c4ac22fa83a5bece5715e18d21,2.422804355621338,1.4195950031280518,4.016961097717285,41.40694835821005,1.0032093524932861,58.5930512290451,0.7653151926549209,3.1481840070591836,0.9520042236177282,1.0,False,0.9996050000190735,0.9999858736991882,0.20425022019158603,all_four_full_spatial_windows_common_frames
T02,1,BG10,spatial_EM,"[0, 1, 2, 3, 4, 5, 6, 7, 8, 9, 10, 11, 12, 13, 14, 15, 16, 17, 18, 19, 20, 21, 22, 23]",2a11f7688b812585734ecbd8bbcbc665fb353bde12798047d4b5f46071c731ee,ff913d007746aa930aabe7a6ad7b45d6adf2558895bb2aca58e3abda4204e083,2c656eaa5f0435d44e4abcec2029b5567f0b7544fe5796246b9e233c19f7ac69,38ad04bc14c2a22e2d4699472849a99e706e5988005381695628468a6a57aff5,7ab07d05db9b206bf6e5c4cd74dc888e2e5b0f2404805a68a1f1bb0b5475f63c,07e7313e0c5b417ff10d3032bd0f69971a4c27c4ac22fa83a5bece5715e18d21,2.422804355621338,0.14236707985401154,0.03066077083349228,94.12387182910244,2.2804372757673264,5.876127758152728,1.0664927878489463,1.0626356278252946,0.650826628423703,1.0,False,0.9998756647109985,0.9999902844429016,0.04147682311162522,all_four_full_spatial_windows_common_frames
T02,1,BG10,spatial_ML,"[12, 13, 14, 15, 16, 17, 18, 19, 20, 21, 22, 23, 24, 25, 26, 27, 28, 29, 30, 31, 32, 33, 34, 35]",2a11f7688b812585734ecbd8bbcbc665fb353bde12798047d4b5f46071c731ee,ff913d007746aa930aabe7a6ad7b45d6adf2558895bb2aca58e3abda4204e083,2c656eaa5f0435d44e4abcec2029b5567f0b7544fe5796246b9e233c19f7ac69,38ad04bc14c2a22e2d4699472849a99e706e5988005381695628468a6a57aff5,7ab07d05db9b206bf6e5c4cd74dc888e2e5b0f2404805a68a1f1bb0b5475f63c,07e7313e0c5b417ff10d3032bd0f69971a4c27c4ac22fa83a5bece5715e18d21,2.422804355621338,0.6346814036369324,1.3374754190444946,73.80385215402376,1.7881229519844055,26.1961474332314,0.5412057958720929,0.6846322810053856,1.1761136204005562,1.0,False,0.9997372031211853,0.9999861717224121,0.06757187658712525,all_four_full_spatial_windows_common_frames
T02,1,BG10,spatial_all,"[0, 1, 2, 3, 4, 5, 6, 7, 8, 9, 10, 11, 12, 13, 14, 15, 16, 17, 18, 19, 20, 21, 22, 23, 24, 25, 26, 27, 28, 29, 30, 31, 32, 33, 34, 35]",2a11f7688b812585734ecbd8bbcbc665fb353bde12798047d4b5f46071c731ee,ff913d007746aa930aabe7a6ad7b45d6adf2558895bb2aca58e3abda4204e083,2c656eaa5f0435d44e4abcec2029b5567f0b7544fe5796246b9e233c19f7ac69,38ad04bc14c2a22e2d4699472849a99e706e5988005381695628468a6a57aff5,7ab07d05db9b206bf6e5c4cd74dc888e2e5b0f2404805a68a1f1bb0b5475f63c,07e7313e0c5b417ff10d3032bd0f69971a4c27c4ac22fa83a5bece5715e18d21,2.422804355621338,0.055425334721803665,0.023342959582805634,97.71234749663374,2.3673790208995342,2.287652090621424,0.9527480029927606,1.0565627312494543,0.7645714132798886,1.0,False,0.9997562766075134,0.9999850988388062,0.0,all_four_full_spatial_windows_common_frames
T02,1,BG11,spatial_E,"[0, 1, 2, 3, 4, 5, 6, 7, 8, 9, 10, 11]",2a11f7688b812585734ecbd8bbcbc665fb353bde12798047d4b5f46071c731ee,ff913d007746aa930aabe7a6ad7b45d6adf2558895bb2aca58e3abda4204e083,2c656eaa5f0435d44e4abcec2029b5567f0b7544fe5796246b9e233c19f7ac69,38ad04bc14c2a22e2d4699472849a99e706e5988005381695628468a6a57aff5,7ab07d05db9b206bf6e5c4cd74dc888e2e5b0f2404805a68a1f1bb0b5475f63c,07e7313e0c5b417ff10d3032bd0f69971a4c27c4ac22fa83a5bece5715e18d21,0.5103693008422852,0.3555050790309906,0.9071218967437744,30.343560735600505,0.15486422181129456,69.65643730503402,0.6292023143047054,0.2091912763469278,-0.13106938655894065,1.0,False,0.9997509121894836,0.9999883770942688,0.1642585323597971,all_four_full_spatial_windows_common_frames
T02,1,BG11,spatial_EM,"[0, 1, 2, 3, 4, 5, 6, 7, 8, 9, 10, 11, 12, 13, 14, 15, 16, 17, 18, 19, 20, 21, 22, 23]",2a11f7688b812585734ecbd8bbcbc665fb353bde12798047d4b5f46071c731ee,ff913d007746aa930aabe7a6ad7b45d6adf2558895bb2aca58e3abda4204e083,2c656eaa5f0435d44e4abcec2029b5567f0b7544fe5796246b9e233c19f7ac69,38ad04bc14c2a22e2d4699472849a99e706e5988005381695628468a6a57aff5,7ab07d05db9b206bf6e5c4cd74dc888e2e5b0f2404805a68a1f1bb0b5475f63c,07e7313e0c5b417ff10d3032bd0f69971a4c27c4ac22fa83a5bece5715e18d21,0.5103693008422852,0.06990934908390045,0.02256746031343937,86.30220164129267,0.4404599517583847,13.697796399341868,0.993715275769372,1.0705342071092148,-0.4955823480236072,1.0,False,0.999883770942688,0.9999915957450867,0.038272028531028054,all_four_full_spatial_windows_common_frames
T02,1,BG11,spatial_ML,"[12, 13, 14, 15, 16, 17, 18, 19, 20, 21, 22, 23, 24, 25, 26, 27, 28, 29, 30, 31, 32, 33, 34, 35]",2a11f7688b812585734ecbd8bbcbc665fb353bde12798047d4b5f46071c731ee,ff913d007746aa930aabe7a6ad7b45d6adf2558895bb2aca58e3abda4204e083,2c656eaa5f0435d44e4abcec2029b5567f0b7544fe5796246b9e233c19f7ac69,38ad04bc14c2a22e2d4699472849a99e706e5988005381695628468a6a57aff5,7ab07d05db9b206bf6e5c4cd74dc888e2e5b0f2404805a68a1f1bb0b5475f63c,07e7313e0c5b417ff10d3032bd0f69971a4c27c4ac22fa83a5bece5715e18d21,0.5103693008422852,0.1890411227941513,0.3424096405506134,62.95993337017691,0.32132817804813385,37.04006467045762,0.8066792394012964,0.8198773862926886,-0.3085463116555318,1.0,False,0.9997434020042419,0.9999860525131226,0.015443384895256837,all_four_full_spatial_windows_common_frames
T02,1,BG11,spatial_all,"[0, 1, 2, 3, 4, 5, 6, 7, 8, 9, 10, 11, 12, 13, 14, 15, 16, 17, 18, 19, 20, 21, 22, 23, 24, 25, 26, 27, 28, 29, 30, 31, 32, 33, 34, 35]",2a11f7688b812585734ecbd8bbcbc665fb353bde12798047d4b5f46071c731ee,ff913d007746aa930aabe7a6ad7b45d6adf2558895bb2aca58e3abda4204e083,2c656eaa5f0435d44e4abcec2029b5567f0b7544fe5796246b9e233c19f7ac69,38ad04bc14c2a22e2d4699472849a99e706e5988005381695628468a6a57aff5,7ab07d05db9b206bf6e5c4cd74dc888e2e5b0f2404805a68a1f1bb0b5475f63c,07e7313e0c5b417ff10d3032bd0f69971a4c27c4ac22fa83a5bece5715e18d21,0.5103693008422852,0.05267242342233658,0.029580585658550262,89.67954532073863,0.4576968774199486,10.320452719895899,0.9433050655005101,1.0630171774465689,-0.44517213775474557,1.0,False,0.9997926354408264,0.9999872446060181,0.0,all_four_full_spatial_windows_common_frames
T02,1,BG12,spatial_E,"[0, 1, 2, 3, 4, 5, 6, 7, 8, 9, 10, 11]",2a11f7688b812585734ecbd8bbcbc665fb353bde12798047d4b5f46071c731ee,ff913d007746aa930aabe7a6ad7b45d6adf2558895bb2aca58e3abda4204e083,2c656eaa5f0435d44e4abcec2029b5567f0b7544fe5796246b9e233c19f7ac69,38ad04bc14c2a22e2d4699472849a99e706e5988005381695628468a6a57aff5,7ab07d05db9b206bf6e5c4cd74dc888e2e5b0f2404805a68a1f1bb0b5475f63c,07e7313e0c5b417ff10d3032bd0f69971a4c27c4ac22fa83a5bece5715e18d21,0.07842749357223511,0.07007468491792679,0.10441239178180695,10.650356410509769,0.008352808654308319,89.34963083886126,0.9615677142293778,1.1010559297903468,-0.049408392015298674,1.0,False,0.9997263550758362,0.9999868869781494,0.175542582352053,all_four_full_spatial_windows_common_frames
T02,1,BG12,spatial_EM,"[0, 1, 2, 3, 4, 5, 6, 7, 8, 9, 10, 11, 12, 13, 14, 15, 16, 17, 18, 19, 20, 21, 22, 23]",2a11f7688b812585734ecbd8bbcbc665fb353bde12798047d4b5f46071c731ee,ff913d007746aa930aabe7a6ad7b45d6adf2558895bb2aca58e3abda4204e083,2c656eaa5f0435d44e4abcec2029b5567f0b7544fe5796246b9e233c19f7ac69,38ad04bc14c2a22e2d4699472849a99e706e5988005381695628468a6a57aff5,7ab07d05db9b206bf6e5c4cd74dc888e2e5b0f2404805a68a1f1bb0b5475f63c,07e7313e0c5b417ff10d3032bd0f69971a4c27c4ac22fa83a5bece5715e18d21,0.07842749357223511,0.12310786545276642,0.14389033615589142,-56.970284460704235,-0.04468037188053131,156.97027171007525,1.0607865915739687,1.2021278272186333,-0.14862726935988957,1.0,False,0.9998874664306641,0.9999920725822449,0.038573296936738145,all_four_full_spatial_windows_common_frames
T02,1,BG12,spatial_ML,"[12, 13, 14, 15, 16, 17, 18, 19, 20, 21, 22, 23, 24, 25, 26, 27, 28, 29, 30, 31, 32, 33, 34, 35]",2a11f7688b812585734ecbd8bbcbc665fb353bde12798047d4b5f46071c731ee,ff913d007746aa930aabe7a6ad7b45d6adf2558895bb2aca58e3abda4204e083,2c656eaa5f0435d44e4abcec2029b5567f0b7544fe5796246b9e233c19f7ac69,38ad04bc14c2a22e2d4699472849a99e706e5988005381695628468a6a57aff5,7ab07d05db9b206bf6e5c4cd74dc888e2e5b0f2404805a68a1f1bb0b5475f63c,07e7313e0c5b417ff10d3032bd0f69971a4c27c4ac22fa83a5bece5715e18d21,0.07842749357223511,0.07604050636291504,0.08602941036224365,3.043558828978345,0.0023869872093200684,96.95642842039268,0.9642958657541921,1.0318401795421783,-0.05213654354011306,1.0,False,0.9998047947883606,0.9999886155128479,0.009112992519796114,all_four_full_spatial_windows_common_frames
T02,1,BG12,spatial_all,"[0, 1, 2, 3, 4, 5, 6, 7, 8, 9, 10, 11, 12, 13, 14, 15, 16, 17, 18, 19, 20, 21, 22, 23, 24, 25, 26, 27, 28, 29, 30, 31, 32, 33, 34, 35]",2a11f7688b812585734ecbd8bbcbc665fb353bde12798047d4b5f46071c731ee,ff913d007746aa930aabe7a6ad7b45d6adf2558895bb2aca58e3abda4204e083,2c656eaa5f0435d44e4abcec2029b5567f0b7544fe5796246b9e233c19f7ac69,38ad04bc14c2a22e2d4699472849a99e706e5988005381695628468a6a57aff5,7ab07d05db9b206bf6e5c4cd74dc888e2e5b0f2404805a68a1f1bb0b5475f63c,07e7313e0c5b417ff10d3032bd0f69971a4c27c4ac22fa83a5bece5715e18d21,0.07842749357223511,0.07854866981506348,0.028228698298335075,-0.15450733136846642,-0.00012117624282836914,100.1544945807395,1.0053668220655625,1.1062624317878451,-0.09320749985148369,1.0,False,0.9997919201850891,0.9999881982803345,0.0,all_four_full_spatial_windows_common_frames
T02,1,BG13,spatial_E,"[0, 1, 2, 3, 4, 5, 6, 7, 8, 9, 10, 11]",2a11f7688b812585734ecbd8bbcbc665fb353bde12798047d4b5f46071c731ee,ff913d007746aa930aabe7a6ad7b45d6adf2558895bb2aca58e3abda4204e083,2c656eaa5f0435d44e4abcec2029b5567f0b7544fe5796246b9e233c19f7ac69,38ad04bc14c2a22e2d4699472849a99e706e5988005381695628468a6a57aff5,7ab07d05db9b206bf6e5c4cd74dc888e2e5b0f2404805a68a1f1bb0b5475f63c,07e7313e0c5b417ff10d3032bd0f69971a4c27c4ac22fa83a5bece5715e18d21,0.08391957730054855,0.07396421581506729,0.060948725789785385,11.862977173406795,0.009955361485481262,88.13701091042402,0.9479302628473588,1.0597886031538222,-0.027118370598597646,1.0,False,0.9997449517250061,0.9999874234199524,0.15567369599481537,all_four_full_spatial_windows_common_frames
T02,1,BG13,spatial_EM,"[0, 1, 2, 3, 4, 5, 6, 7, 8, 9, 10, 11, 12, 13, 14, 15, 16, 17, 18, 19, 20, 21, 22, 23]",2a11f7688b812585734ecbd8bbcbc665fb353bde12798047d4b5f46071c731ee,ff913d007746aa930aabe7a6ad7b45d6adf2558895bb2aca58e3abda4204e083,2c656eaa5f0435d44e4abcec2029b5567f0b7544fe5796246b9e233c19f7ac69,38ad04bc14c2a22e2d4699472849a99e706e5988005381695628468a6a57aff5,7ab07d05db9b206bf6e5c4cd74dc888e2e5b0f2404805a68a1f1bb0b5475f63c,07e7313e0c5b417ff10d3032bd0f69971a4c27c4ac22fa83a5bece5715e18d21,0.08391957730054855,0.11653636395931244,0.08154406398534775,-38.86671480157611,-0.032616786658763885,138.86670288540694,1.0432899699467229,1.1512837485488907,-0.12247807769796171,1.0,False,0.9998160004615784,0.9999898672103882,0.04030874683165247,all_four_full_spatial_windows_common_frames
T02,1,BG13,spatial_ML,"[12, 13, 14, 15, 16, 17, 18, 19, 20, 21, 22, 23, 24, 25, 26, 27, 28, 29, 30, 31, 32, 33, 34, 35]",2a11f7688b812585734ecbd8bbcbc665fb353bde12798047d4b5f46071c731ee,ff913d007746aa930aabe7a6ad7b45d6adf2558895bb2aca58e3abda4204e083,2c656eaa5f0435d44e4abcec2029b5567f0b7544fe5796246b9e233c19f7ac69,38ad04bc14c2a22e2d4699472849a99e706e5988005381695628468a6a57aff5,7ab07d05db9b206bf6e5c4cd74dc888e2e5b0f2404805a68a1f1bb0b5475f63c,07e7313e0c5b417ff10d3032bd0f69971a4c27c4ac22fa83a5bece5715e18d21,0.08391957730054855,0.08703775703907013,0.04897936061024666,-3.7156757305707027,-0.003118179738521576,103.71566381440152,0.9892394952629179,1.12726819781776,-0.0684276030141565,1.0,False,0.999846339225769,0.9999905228614807,0.007471446158081509,all_four_full_spatial_windows_common_frames
T02,1,BG13,spatial_all,"[0, 1, 2, 3, 4, 5, 6, 7, 8, 9, 10, 11, 12, 13, 14, 15, 16, 17, 18, 19, 20, 21, 22, 23, 24, 25, 26, 27, 28, 29, 30, 31, 32, 33, 34, 35]",2a11f7688b812585734ecbd8bbcbc665fb353bde12798047d4b5f46071c731ee,ff913d007746aa930aabe7a6ad7b45d6adf2558895bb2aca58e3abda4204e083,2c656eaa5f0435d44e4abcec2029b5567f0b7544fe5796246b9e233c19f7ac69,38ad04bc14c2a22e2d4699472849a99e706e5988005381695628468a6a57aff5,7ab07d05db9b206bf6e5c4cd74dc888e2e5b0f2404805a68a1f1bb0b5475f63c,07e7313e0c5b417ff10d3032bd0f69971a4c27c4ac22fa83a5bece5715e18d21,0.08391957730054855,0.10050467401742935,0.11762013286352158,-19.763081838669134,-0.0165850967168808,119.76306992249995,1.0215455947316578,1.1933701843474405,-0.10073370248289645,1.0,False,0.9998379945755005,0.9999904036521912,0.0,all_four_full_spatial_windows_common_frames
T02,1,BG14,spatial_E,"[0, 1, 2, 3, 4, 5, 6, 7, 8, 9, 10, 11]",2a11f7688b812585734ecbd8bbcbc665fb353bde12798047d4b5f46071c731ee,ff913d007746aa930aabe7a6ad7b45d6adf2558895bb2aca58e3abda4204e083,2c656eaa5f0435d44e4abcec2029b5567f0b7544fe5796246b9e233c19f7ac69,38ad04bc14c2a22e2d4699472849a99e706e5988005381695628468a6a57aff5,7ab07d05db9b206bf6e5c4cd74dc888e2e5b0f2404805a68a1f1bb0b5475f63c,07e7313e0c5b417ff10d3032bd0f69971a4c27c4ac22fa83a5bece5715e18d21,0.44352856278419495,0.23086366057395935,0.5336739420890808,47.94841082621991,0.2126649022102356,52.05158691913391,0.7633633344111568,0.546368651492621,-0.20596174334235773,1.0,False,0.9998199343681335,0.9999886155128479,0.13733615654611692,all_four_full_spatial_windows_common_frames
T02,1,BG14,spatial_EM,"[0, 1, 2, 3, 4, 5, 6, 7, 8, 9, 10, 11, 12, 13, 14, 15, 16, 17, 18, 19, 20, 21, 22, 23]",2a11f7688b812585734ecbd8bbcbc665fb353bde12798047d4b5f46071c731ee,ff913d007746aa930aabe7a6ad7b45d6adf2558895bb2aca58e3abda4204e083,2c656eaa5f0435d44e4abcec2029b5567f0b7544fe5796246b9e233c19f7ac69,38ad04bc14c2a22e2d4699472849a99e706e5988005381695628468a6a57aff5,7ab07d05db9b206bf6e5c4cd74dc888e2e5b0f2404805a68a1f1bb0b5475f63c,07e7313e0c5b417ff10d3032bd0f69971a4c27c4ac22fa83a5bece5715e18d21,0.44352856278419495,0.09954772889614105,0.08887317776679993,77.55550712973402,0.3439808338880539,22.444490615619795,1.0155601044637472,1.0826061107885423,-0.4581585133949484,1.0,False,0.9998738765716553,0.9999908208847046,0.03467830218647671,all_four_full_spatial_windows_common_frames
T02,1,BG14,spatial_ML,"[12, 13, 14, 15, 16, 17, 18, 19, 20, 21, 22, 23, 24, 25, 26, 27, 28, 29, 30, 31, 32, 33, 34, 35]",2a11f7688b812585734ecbd8bbcbc665fb353bde12798047d4b5f46071c731ee,ff913d007746aa930aabe7a6ad7b45d6adf2558895bb2aca58e3abda4204e083,2c656eaa5f0435d44e4abcec2029b5567f0b7544fe5796246b9e233c19f7ac69,38ad04bc14c2a22e2d4699472849a99e706e5988005381695628468a6a57aff5,7ab07d05db9b206bf6e5c4cd74dc888e2e5b0f2404805a68a1f1bb0b5475f63c,07e7313e0c5b417ff10d3032bd0f69971a4c27c4ac22fa83a5bece5715e18d21,0.44352856278419495,0.16758564114570618,0.35647282004356384,62.21536527089827,0.27594292163848877,37.784632474455556,0.8161358982783737,0.8060131869872997,-0.25873430720957447,1.0,False,0.9997997879981995,0.9999890327453613,0.017701574286402028,all_four_full_spatial_windows_common_frames
T02,1,BG14,spatial_all,"[0, 1, 2, 3, 4, 5, 6, 7, 8, 9, 10, 11, 12, 13, 14, 15, 16, 17, 18, 19, 20, 21, 22, 23, 24, 25, 26, 27, 28, 29, 30, 31, 32, 33, 34, 35]",2a11f7688b812585734ecbd8bbcbc665fb353bde12798047d4b5f46071c731ee,ff913d007746aa930aabe7a6ad7b45d6adf2558895bb2aca58e3abda4204e083,2c656eaa5f0435d44e4abcec2029b5567f0b7544fe5796246b9e233c19f7ac69,38ad04bc14c2a22e2d4699472849a99e706e5988005381695628468a6a57aff5,7ab07d05db9b206bf6e5c4cd74dc888e2e5b0f2404805a68a1f1bb0b5475f63c,07e7313e0c5b417ff10d3032bd0f69971a4c27c4ac22fa83a5bece5715e18d21,0.44352856278419495,0.045472610741853714,0.05343781039118767,89.74753295905943,0.39805595204234123,10.2524647862944,0.9597875247445156,1.0269231912215941,-0.4023859336757165,1.0,False,0.9998080134391785,0.9999892711639404,0.0,all_four_full_spatial_windows_common_frames
T02,1,BG15,spatial_E,"[0, 1, 2, 3, 4, 5, 6, 7, 8, 9, 10, 11]",2a11f7688b812585734ecbd8bbcbc665fb353bde12798047d4b5f46071c731ee,ff913d007746aa930aabe7a6ad7b45d6adf2558895bb2aca58e3abda4204e083,2c656eaa5f0435d44e4abcec2029b5567f0b7544fe5796246b9e233c19f7ac69,38ad04bc14c2a22e2d4699472849a99e706e5988005381695628468a6a57aff5,7ab07d05db9b206bf6e5c4cd74dc888e2e5b0f2404805a68a1f1bb0b5475f63c,07e7313e0c5b417ff10d3032bd0f69971a4c27c4ac22fa83a5bece5715e18d21,0.14789925515651703,0.1055201068520546,0.240086168050766,28.654062790382323,0.04237914830446243,71.34593044825887,0.8774876798538689,0.8466555194274221,-0.05969901043237717,1.0,False,0.9998787641525269,0.9999915957450867,0.11883071248170278,all_four_full_spatial_windows_common_frames
T02,1,BG15,spatial_EM,"[0, 1, 2, 3, 4, 5, 6, 7, 8, 9, 10, 11, 12, 13, 14, 15, 16, 17, 18, 19, 20, 21, 22, 23]",2a11f7688b812585734ecbd8bbcbc665fb353bde12798047d4b5f46071c731ee,ff913d007746aa930aabe7a6ad7b45d6adf2558895bb2aca58e3abda4204e083,2c656eaa5f0435d44e4abcec2029b5567f0b7544fe5796246b9e233c19f7ac69,38ad04bc14c2a22e2d4699472849a99e706e5988005381695628468a6a57aff5,7ab07d05db9b206bf6e5c4cd74dc888e2e5b0f2404805a68a1f1bb0b5475f63c,07e7313e0c5b417ff10d3032bd0f69971a4c27c4ac22fa83a5bece5715e18d21,0.14789925515651703,0.06880515068769455,0.0394764319062233,53.478362035889596,0.07909410446882248,46.5216312027516,0.9956595926157741,1.0474648462496874,-0.17787092319428227,1.0,False,0.9999057054519653,0.9999931454658508,0.03710185312903697,all_four_full_spatial_windows_common_frames
T02,1,BG15,spatial_ML,"[12, 13, 14, 15, 16, 17, 18, 19, 20, 21, 22, 23, 24, 25, 26, 27, 28, 29, 30, 31, 32, 33, 34, 35]",2a11f7688b812585734ecbd8bbcbc665fb353bde12798047d4b5f46071c731ee,ff913d007746aa930aabe7a6ad7b45d6adf2558895bb2aca58e3abda4204e083,2c656eaa5f0435d44e4abcec2029b5567f0b7544fe5796246b9e233c19f7ac69,38ad04bc14c2a22e2d4699472849a99e706e5988005381695628468a6a57aff5,7ab07d05db9b206bf6e5c4cd74dc888e2e5b0f2404805a68a1f1bb0b5475f63c,07e7313e0c5b417ff10d3032bd0f69971a4c27c4ac22fa83a5bece5715e18d21,0.14789925515651703,0.07202301919460297,0.2190692275762558,51.30264567685086,0.07587623596191406,48.69734756179034,0.9125903371819393,0.9236249474078781,-0.09480166776044753,1.0,False,0.9998816251754761,0.9999918937683105,0.008417689248278504,all_four_full_spatial_windows_common_frames
T02,1,BG15,spatial_all,"[0, 1, 2, 3, 4, 5, 6, 7, 8, 9, 10, 11, 12, 13, 14, 15, 16, 17, 18, 19, 20, 21, 22, 23, 24, 25, 26, 27, 28, 29, 30, 31, 32, 33, 34, 35]",2a11f7688b812585734ecbd8bbcbc665fb353bde12798047d4b5f46071c731ee,ff913d007746aa930aabe7a6ad7b45d6adf2558895bb2aca58e3abda4204e083,2c656eaa5f0435d44e4abcec2029b5567f0b7544fe5796246b9e233c19f7ac69,38ad04bc14c2a22e2d4699472849a99e706e5988005381695628468a6a57aff5,7ab07d05db9b206bf6e5c4cd74dc888e2e5b0f2404805a68a1f1bb0b5475f63c,07e7313e0c5b417ff10d3032bd0f69971a4c27c4ac22fa83a5bece5715e18d21,0.14789925515651703,0.04524273797869682,0.06591963768005371,69.40975471999954,0.1026565171778202,30.59023851864165,0.9544405867093453,1.025324099360364,-0.13665191728785359,1.0,False,0.9998475313186646,0.9999904632568359,0.0,all_four_full_spatial_windows_common_frames
T02,2,BG1,spatial_E,"[0, 1, 2, 3, 4, 5, 6, 7, 8, 9, 10, 11]",2a11f7688b812585734ecbd8bbcbc665fb353bde12798047d4b5f46071c731ee,ff913d007746aa930aabe7a6ad7b45d6adf2558895bb2aca58e3abda4204e083,d42fd0835ca1169fdd93186e68af5562f7bd2461ca94639164ad5b5b2b0d06a4,38ad04bc14c2a22e2d4699472849a99e706e5988005381695628468a6a57aff5,7ab07d05db9b206bf6e5c4cd74dc888e2e5b0f2404805a68a1f1bb0b5475f63c,07e7313e0c5b417ff10d3032bd0f69971a4c27c4ac22fa83a5bece5715e18d21,0.061054788529872894,0.06588851660490036,0.06956738978624344,-7.917032225833026,-0.004833728075027466,107.91701584710401,1.3357170327995467,2.3352792420371253,-0.006110791355877341,1.0,False,0.9998849630355835,0.9999936819076538,0.06752128126139621,all_four_full_spatial_windows_common_frames
T02,2,BG1,spatial_EM,"[0, 1, 2, 3, 4, 5, 6, 7, 8, 9, 10, 11, 12, 13, 14, 15, 16, 17, 18, 19, 20, 21, 22, 23]",2a11f7688b812585734ecbd8bbcbc665fb353bde12798047d4b5f46071c731ee,ff913d007746aa930aabe7a6ad7b45d6adf2558895bb2aca58e3abda4204e083,d42fd0835ca1169fdd93186e68af5562f7bd2461ca94639164ad5b5b2b0d06a4,38ad04bc14c2a22e2d4699472849a99e706e5988005381695628468a6a57aff5,7ab07d05db9b206bf6e5c4cd74dc888e2e5b0f2404805a68a1f1bb0b5475f63c,07e7313e0c5b417ff10d3032bd0f69971a4c27c4ac22fa83a5bece5715e18d21,0.061054788529872894,0.07847362756729126,0.053965386003255844,-28.529844429665385,-0.017418839037418365,128.52982805093637,1.3628203291186063,2.373471438016363,-0.03321408767493704,1.0,False,0.9999111890792847,0.9999948143959045,0.04110982966374635,all_four_full_spatial_windows_common_frames
T02,2,BG1,spatial_ML,"[12, 13, 14, 15, 16, 17, 18, 19, 20, 21, 22, 23, 24, 25, 26, 27, 28, 29, 30, 31, 32, 33, 34, 35]",2a11f7688b812585734ecbd8bbcbc665fb353bde12798047d4b5f46071c731ee,ff913d007746aa930aabe7a6ad7b45d6adf2558895bb2aca58e3abda4204e083,d42fd0835ca1169fdd93186e68af5562f7bd2461ca94639164ad5b5b2b0d06a4,38ad04bc14c2a22e2d4699472849a99e706e5988005381695628468a6a57aff5,7ab07d05db9b206bf6e5c4cd74dc888e2e5b0f2404805a68a1f1bb0b5475f63c,07e7313e0c5b417ff10d3032bd0f69971a4c27c4ac22fa83a5bece5715e18d21,0.061054788529872894,0.038675639778375626,0.003694589016959071,36.654201291889606,0.02237914875149727,63.34578232938138,1.3517954579899265,2.3672082883371153,-0.022189216546256885,1.0,False,0.9999080896377563,0.9999940395355225,0.006177308381328006,all_four_full_spatial_windows_common_frames
T02,2,BG1,spatial_all,"[0, 1, 2, 3, 4, 5, 6, 7, 8, 9, 10, 11, 12, 13, 14, 15, 16, 17, 18, 19, 20, 21, 22, 23, 24, 25, 26, 27, 28, 29, 30, 31, 32, 33, 34, 35]",2a11f7688b812585734ecbd8bbcbc665fb353bde12798047d4b5f46071c731ee,ff913d007746aa930aabe7a6ad7b45d6adf2558895bb2aca58e3abda4204e083,d42fd0835ca1169fdd93186e68af5562f7bd2461ca94639164ad5b5b2b0d06a4,38ad04bc14c2a22e2d4699472849a99e706e5988005381695628468a6a57aff5,7ab07d05db9b206bf6e5c4cd74dc888e2e5b0f2404805a68a1f1bb0b5475f63c,07e7313e0c5b417ff10d3032bd0f69971a4c27c4ac22fa83a5bece5715e18d21,0.061054788529872894,0.04295787960290909,0.017409110441803932,29.64043672686816,0.018096908926963806,70.35954689440283,1.3539548045837544,2.3827600675608616,-0.024348563140084784,1.0,False,0.9998955726623535,0.9999935030937195,0.0,all_four_full_spatial_windows_common_frames
T02,2,BG2,spatial_E,"[0, 1, 2, 3, 4, 5, 6, 7, 8, 9, 10, 11]",2a11f7688b812585734ecbd8bbcbc665fb353bde12798047d4b5f46071c731ee,ff913d007746aa930aabe7a6ad7b45d6adf2558895bb2aca58e3abda4204e083,d42fd0835ca1169fdd93186e68af5562f7bd2461ca94639164ad5b5b2b0d06a4,38ad04bc14c2a22e2d4699472849a99e706e5988005381695628468a6a57aff5,7ab07d05db9b206bf6e5c4cd74dc888e2e5b0f2404805a68a1f1bb0b5475f63c,07e7313e0c5b417ff10d3032bd0f69971a4c27c4ac22fa83a5bece5715e18d21,0.05058787390589714,0.059517789632081985,0.11236894875764847,-17.652281607185124,-0.008929915726184845,117.65226183960596,1.3276852589620967,2.322201811744608,-0.001432774973077549,1.0,False,0.9998737573623657,0.9999932050704956,0.06789639030608487,all_four_full_spatial_windows_common_frames
T02,2,BG2,spatial_EM,"[0, 1, 2, 3, 4, 5, 6, 7, 8, 9, 10, 11, 12, 13, 14, 15, 16, 17, 18, 19, 20, 21, 22, 23]",2a11f7688b812585734ecbd8bbcbc665fb353bde12798047d4b5f46071c731ee,ff913d007746aa930aabe7a6ad7b45d6adf2558895bb2aca58e3abda4204e083,d42fd0835ca1169fdd93186e68af5562f7bd2461ca94639164ad5b5b2b0d06a4,38ad04bc14c2a22e2d4699472849a99e706e5988005381695628468a6a57aff5,7ab07d05db9b206bf6e5c4cd74dc888e2e5b0f2404805a68a1f1bb0b5475f63c,07e7313e0c5b417ff10d3032bd0f69971a4c27c4ac22fa83a5bece5715e18d21,0.05058787390589714,0.0701085552573204,0.05652112141251564,-38.587661400772085,-0.019520681351423264,138.5876416331929,1.36104981559355,2.374257588553135,-0.034797331604530975,1.0,False,0.9998733997344971,0.9999932646751404,0.04009445813315528,all_four_full_spatial_windows_common_frames
T02,2,BG2,spatial_ML,"[12, 13, 14, 15, 16, 17, 18, 19, 20, 21, 22, 23, 24, 25, 26, 27, 28, 29, 30, 31, 32, 33, 34, 35]",2a11f7688b812585734ecbd8bbcbc665fb353bde12798047d4b5f46071c731ee,ff913d007746aa930aabe7a6ad7b45d6adf2558895bb2aca58e3abda4204e083,d42fd0835ca1169fdd93186e68af5562f7bd2461ca94639164ad5b5b2b0d06a4,38ad04bc14c2a22e2d4699472849a99e706e5988005381695628468a6a57aff5,7ab07d05db9b206bf6e5c4cd74dc888e2e5b0f2404805a68a1f1bb0b5475f63c,07e7313e0c5b417ff10d3032bd0f69971a4c27c4ac22fa83a5bece5715e18d21,0.05058787390589714,0.052421461790800095,0.0304523017257452,-3.624559367444126,-0.001833587884902954,103.62453959986496,1.3581504933402466,2.386233017098864,-0.03189800935122748,1.0,False,0.9998737573623657,0.9999925494194031,0.007963971867197894,all_four_full_spatial_windows_common_frames
T02,2,BG2,spatial_all,"[0, 1, 2, 3, 4, 5, 6, 7, 8, 9, 10, 11, 12, 13, 14, 15, 16, 17, 18, 19, 20, 21, 22, 23, 24, 25, 26, 27, 28, 29, 30, 31, 32, 33, 34, 35]",2a11f7688b812585734ecbd8bbcbc665fb353bde12798047d4b5f46071c731ee,ff913d007746aa930aabe7a6ad7b45d6adf2558895bb2aca58e3abda4204e083,d42fd0835ca1169fdd93186e68af5562f7bd2461ca94639164ad5b5b2b0d06a4,38ad04bc14c2a22e2d4699472849a99e706e5988005381695628468a6a57aff5,7ab07d05db9b206bf6e5c4cd74dc888e2e5b0f2404805a68a1f1bb0b5475f63c,07e7313e0c5b417ff10d3032bd0f69971a4c27c4ac22fa83a5bece5715e18d21,0.05058787390589714,0.06332945823669434,0.031083567067980766,-25.1870276971832,-0.012741584330797195,125.18700792960404,1.3618211938987057,2.3777686832855816,-0.035568709909686545,1.0,False,0.9998674392700195,0.9999926686286926,0.0,all_four_full_spatial_windows_common_frames
T02,2,BG3,spatial_E,"[0, 1, 2, 3, 4, 5, 6, 7, 8, 9, 10, 11]",2a11f7688b812585734ecbd8bbcbc665fb353bde12798047d4b5f46071c731ee,ff913d007746aa930aabe7a6ad7b45d6adf2558895bb2aca58e3abda4204e083,d42fd0835ca1169fdd93186e68af5562f7bd2461ca94639164ad5b5b2b0d06a4,38ad04bc14c2a22e2d4699472849a99e706e5988005381695628468a6a57aff5,7ab07d05db9b206bf6e5c4cd74dc888e2e5b0f2404805a68a1f1bb0b5475f63c,07e7313e0c5b417ff10d3032bd0f69971a4c27c4ac22fa83a5bece5715e18d21,0.11897806823253632,0.10370135307312012,0.16336186230182648,12.839941093651449,0.015276715159416199,87.16005050143889,1.2603731914161576,2.261594732776954,0.004903645135048458,1.0,False,0.9999227523803711,0.9999940395355225,0.09212368786967874,all_four_full_spatial_windows_common_frames
T02,2,BG3,spatial_EM,"[0, 1, 2, 3, 4, 5, 6, 7, 8, 9, 10, 11, 12, 13, 14, 15, 16, 17, 18, 19, 20, 21, 22, 23]",2a11f7688b812585734ecbd8bbcbc665fb353bde12798047d4b5f46071c731ee,ff913d007746aa930aabe7a6ad7b45d6adf2558895bb2aca58e3abda4204e083,d42fd0835ca1169fdd93186e68af5562f7bd2461ca94639164ad5b5b2b0d06a4,38ad04bc14c2a22e2d4699472849a99e706e5988005381695628468a6a57aff5,7ab07d05db9b206bf6e5c4cd74dc888e2e5b0f2404805a68a1f1bb0b5475f63c,07e7313e0c5b417ff10d3032bd0f69971a4c27c4ac22fa83a5bece5715e18d21,0.11897806823253632,0.033128153532743454,0.03918098658323288,72.15607780452108,0.08584991469979286,27.843913790569253,1.3275619487742616,2.331523475785683,-0.06228511222305536,1.0,False,0.9999305009841919,0.9999940991401672,0.04173474213987603,all_four_full_spatial_windows_common_frames
T02,2,BG3,spatial_ML,"[12, 13, 14, 15, 16, 17, 18, 19, 20, 21, 22, 23, 24, 25, 26, 27, 28, 29, 30, 31, 32, 33, 34, 35]",2a11f7688b812585734ecbd8bbcbc665fb353bde12798047d4b5f46071c731ee,ff913d007746aa930aabe7a6ad7b45d6adf2558895bb2aca58e3abda4204e083,d42fd0835ca1169fdd93186e68af5562f7bd2461ca94639164ad5b5b2b0d06a4,38ad04bc14c2a22e2d4699472849a99e706e5988005381695628468a6a57aff5,7ab07d05db9b206bf6e5c4cd74dc888e2e5b0f2404805a68a1f1bb0b5475f63c,07e7313e0c5b417ff10d3032bd0f69971a4c27c4ac22fa83a5bece5715e18d21,0.11897806823253632,0.042351558804512024,0.08549182862043381,64.4038889905936,0.07662650942802429,35.596102604496735,1.3277322451327123,2.355780712938244,-0.06245540858150626,1.0,False,0.9998984336853027,0.9999929666519165,0.013394959519704314,all_four_full_spatial_windows_common_frames
T02,2,BG3,spatial_all,"[0, 1, 2, 3, 4, 5, 6, 7, 8, 9, 10, 11, 12, 13, 14, 15, 16, 17, 18, 19, 20, 21, 22, 23, 24, 25, 26, 27, 28, 29, 30, 31, 32, 33, 34, 35]",2a11f7688b812585734ecbd8bbcbc665fb353bde12798047d4b5f46071c731ee,ff913d007746aa930aabe7a6ad7b45d6adf2558895bb2aca58e3abda4204e083,d42fd0835ca1169fdd93186e68af5562f7bd2461ca94639164ad5b5b2b0d06a4,38ad04bc14c2a22e2d4699472849a99e706e5988005381695628468a6a57aff5,7ab07d05db9b206bf6e5c4cd74dc888e2e5b0f2404805a68a1f1bb0b5475f63c,07e7313e0c5b417ff10d3032bd0f69971a4c27c4ac22fa83a5bece5715e18d21,0.11897806823253632,0.03663144260644913,0.04369531199336052,69.2115949840315,0.08234662562608719,30.788396611058825,1.3181512761990106,2.351289708888079,-0.052874439647804236,1.0,False,0.999901294708252,0.9999924302101135,0.0,all_four_full_spatial_windows_common_frames
T02,2,BG4,spatial_E,"[0, 1, 2, 3, 4, 5, 6, 7, 8, 9, 10, 11]",2a11f7688b812585734ecbd8bbcbc665fb353bde12798047d4b5f46071c731ee,ff913d007746aa930aabe7a6ad7b45d6adf2558895bb2aca58e3abda4204e083,d42fd0835ca1169fdd93186e68af5562f7bd2461ca94639164ad5b5b2b0d06a4,38ad04bc14c2a22e2d4699472849a99e706e5988005381695628468a6a57aff5,7ab07d05db9b206bf6e5c4cd74dc888e2e5b0f2404805a68a1f1bb0b5475f63c,07e7313e0c5b417ff10d3032bd0f69971a4c27c4ac22fa83a5bece5715e18d21,0.06269831210374832,0.04796247556805611,0.0721571296453476,23.502760586333547,0.014735836535692215,76.49722346427633,1.3235630944914842,2.3104462244080155,-0.008759680884144746,1.0,False,0.999904990196228,0.9999944567680359,0.08848787160421033,all_four_full_spatial_windows_common_frames
T02,2,BG4,spatial_EM,"[0, 1, 2, 3, 4, 5, 6, 7, 8, 9, 10, 11, 12, 13, 14, 15, 16, 17, 18, 19, 20, 21, 22, 23]",2a11f7688b812585734ecbd8bbcbc665fb353bde12798047d4b5f46071c731ee,ff913d007746aa930aabe7a6ad7b45d6adf2558895bb2aca58e3abda4204e083,d42fd0835ca1169fdd93186e68af5562f7bd2461ca94639164ad5b5b2b0d06a4,38ad04bc14c2a22e2d4699472849a99e706e5988005381695628468a6a57aff5,7ab07d05db9b206bf6e5c4cd74dc888e2e5b0f2404805a68a1f1bb0b5475f63c,07e7313e0c5b417ff10d3032bd0f69971a4c27c4ac22fa83a5bece5715e18d21,0.06269831210374832,0.05389869958162308,0.011760450899600983,14.034845314623137,0.008799612522125244,85.96513873598674,1.3641322726100065,2.3805312164368844,-0.04932885900266672,1.0,False,0.9998972415924072,0.9999935626983643,0.04004968858884111,all_four_full_spatial_windows_common_frames
T02,2,BG4,spatial_ML,"[12, 13, 14, 15, 16, 17, 18, 19, 20, 21, 22, 23, 24, 25, 26, 27, 28, 29, 30, 31, 32, 33, 34, 35]",2a11f7688b812585734ecbd8bbcbc665fb353bde12798047d4b5f46071c731ee,ff913d007746aa930aabe7a6ad7b45d6adf2558895bb2aca58e3abda4204e083,d42fd0835ca1169fdd93186e68af5562f7bd2461ca94639164ad5b5b2b0d06a4,38ad04bc14c2a22e2d4699472849a99e706e5988005381695628468a6a57aff5,7ab07d05db9b206bf6e5c4cd74dc888e2e5b0f2404805a68a1f1bb0b5475f63c,07e7313e0c5b417ff10d3032bd0f69971a4c27c4ac22fa83a5bece5715e18d21,0.06269831210374832,0.0336751788854599,0.0163137074559927,46.29012746188517,0.02902313321828842,53.7098565887247,1.3513053593120898,2.3829576410166937,-0.03650194570475004,1.0,False,0.9998911619186401,0.9999931454658508,0.01246809978930495,all_four_full_spatial_windows_common_frames
T02,2,BG4,spatial_all,"[0, 1, 2, 3, 4, 5, 6, 7, 8, 9, 10, 11, 12, 13, 14, 15, 16, 17, 18, 19, 20, 21, 22, 23, 24, 25, 26, 27, 28, 29, 30, 31, 32, 33, 34, 35]",2a11f7688b812585734ecbd8bbcbc665fb353bde12798047d4b5f46071c731ee,ff913d007746aa930aabe7a6ad7b45d6adf2558895bb2aca58e3abda4204e083,d42fd0835ca1169fdd93186e68af5562f7bd2461ca94639164ad5b5b2b0d06a4,38ad04bc14c2a22e2d4699472849a99e706e5988005381695628468a6a57aff5,7ab07d05db9b206bf6e5c4cd74dc888e2e5b0f2404805a68a1f1bb0b5475f63c,07e7313e0c5b417ff10d3032bd0f69971a4c27c4ac22fa83a5bece5715e18d21,0.06269831210374832,0.034796565771102905,0.018253276124596596,44.50158376882203,0.027901746332645416,55.498400281787845,1.3515108651010088,2.386817858829961,-0.036707451493669246,1.0,False,0.9999008178710938,0.9999935030937195,0.0,all_four_full_spatial_windows_common_frames
T02,2,BG5,spatial_E,"[0, 1, 2, 3, 4, 5, 6, 7, 8, 9, 10, 11]",2a11f7688b812585734ecbd8bbcbc665fb353bde12798047d4b5f46071c731ee,ff913d007746aa930aabe7a6ad7b45d6adf2558895bb2aca58e3abda4204e083,d42fd0835ca1169fdd93186e68af5562f7bd2461ca94639164ad5b5b2b0d06a4,38ad04bc14c2a22e2d4699472849a99e706e5988005381695628468a6a57aff5,7ab07d05db9b206bf6e5c4cd74dc888e2e5b0f2404805a68a1f1bb0b5475f63c,07e7313e0c5b417ff10d3032bd0f69971a4c27c4ac22fa83a5bece5715e18d21,0.07350144535303116,0.07429908215999603,0.31552472710609436,-1.0851986578140322,-0.0007976368069648743,101.08518505264125,1.3022870598111198,2.1872644848770024,0.0015176622829228738,1.0,False,0.9997469782829285,0.9999885559082031,0.24228879539540016,all_four_full_spatial_windows_common_frames
T02,2,BG5,spatial_EM,"[0, 1, 2, 3, 4, 5, 6, 7, 8, 9, 10, 11, 12, 13, 14, 15, 16, 17, 18, 19, 20, 21, 22, 23]",2a11f7688b812585734ecbd8bbcbc665fb353bde12798047d4b5f46071c731ee,ff913d007746aa930aabe7a6ad7b45d6adf2558895bb2aca58e3abda4204e083,d42fd0835ca1169fdd93186e68af5562f7bd2461ca94639164ad5b5b2b0d06a4,38ad04bc14c2a22e2d4699472849a99e706e5988005381695628468a6a57aff5,7ab07d05db9b206bf6e5c4cd74dc888e2e5b0f2404805a68a1f1bb0b5475f63c,07e7313e0c5b417ff10d3032bd0f69971a4c27c4ac22fa83a5bece5715e18d21,0.07350144535303116,0.1088743656873703,0.1147632896900177,-48.12546930457532,-0.03537292033433914,148.12545569940255,1.4100937348802938,2.3236809540706114,-0.10628901278625091,1.0,False,0.9999247789382935,0.9999942183494568,0.04254940892674761,all_four_full_spatial_windows_common_frames
T02,2,BG5,spatial_ML,"[12, 13, 14, 15, 16, 17, 18, 19, 20, 21, 22, 23, 24, 25, 26, 27, 28, 29, 30, 31, 32, 33, 34, 35]",2a11f7688b812585734ecbd8bbcbc665fb353bde12798047d4b5f46071c731ee,ff913d007746aa930aabe7a6ad7b45d6adf2558895bb2aca58e3abda4204e083,d42fd0835ca1169fdd93186e68af5562f7bd2461ca94639164ad5b5b2b0d06a4,38ad04bc14c2a22e2d4699472849a99e706e5988005381695628468a6a57aff5,7ab07d05db9b206bf6e5c4cd74dc888e2e5b0f2404805a68a1f1bb0b5475f63c,07e7313e0c5b417ff10d3032bd0f69971a4c27c4ac22fa83a5bece5715e18d21,0.07350144535303116,0.08832433074712753,0.017284587025642395,-20.166791695349865,-0.014822885394096375,120.16677809017709,1.4007090738675145,2.3835990516612577,-0.09690435177347208,1.0,False,0.9999244213104248,0.9999936819076538,0.004678110467010849,all_four_full_spatial_windows_common_frames
T02,2,BG5,spatial_all,"[0, 1, 2, 3, 4, 5, 6, 7, 8, 9, 10, 11, 12, 13, 14, 15, 16, 17, 18, 19, 20, 21, 22, 23, 24, 25, 26, 27, 28, 29, 30, 31, 32, 33, 34, 35]",2a11f7688b812585734ecbd8bbcbc665fb353bde12798047d4b5f46071c731ee,ff913d007746aa930aabe7a6ad7b45d6adf2558895bb2aca58e3abda4204e083,d42fd0835ca1169fdd93186e68af5562f7bd2461ca94639164ad5b5b2b0d06a4,38ad04bc14c2a22e2d4699472849a99e706e5988005381695628468a6a57aff5,7ab07d05db9b206bf6e5c4cd74dc888e2e5b0f2404805a68a1f1bb0b5475f63c,07e7313e0c5b417ff10d3032bd0f69971a4c27c4ac22fa83a5bece5715e18d21,0.07350144535303116,0.09345485270023346,0.05482210963964462,-27.146955460085913,-0.0199534073472023,127.14694185491314,1.3903931224396888,2.370451329419117,-0.08658840034564605,1.0,False,0.999935507774353,0.9999945759773254,0.0,all_four_full_spatial_windows_common_frames
T02,2,BG6,spatial_E,"[0, 1, 2, 3, 4, 5, 6, 7, 8, 9, 10, 11]",2a11f7688b812585734ecbd8bbcbc665fb353bde12798047d4b5f46071c731ee,ff913d007746aa930aabe7a6ad7b45d6adf2558895bb2aca58e3abda4204e083,d42fd0835ca1169fdd93186e68af5562f7bd2461ca94639164ad5b5b2b0d06a4,38ad04bc14c2a22e2d4699472849a99e706e5988005381695628468a6a57aff5,7ab07d05db9b206bf6e5c4cd74dc888e2e5b0f2404805a68a1f1bb0b5475f63c,07e7313e0c5b417ff10d3032bd0f69971a4c27c4ac22fa83a5bece5715e18d21,0.2443017214536667,0.1250426471233368,0.3179802894592285,48.816303355978505,0.1192590743303299,51.183692550722625,1.3336421174624777,2.636414710924287,-0.009838839311577113,1.0,False,0.9995951056480408,0.9999852180480957,0.22367688220305817,all_four_full_spatial_windows_common_frames
T02,2,BG6,spatial_EM,"[0, 1, 2, 3, 4, 5, 6, 7, 8, 9, 10, 11, 12, 13, 14, 15, 16, 17, 18, 19, 20, 21, 22, 23]",2a11f7688b812585734ecbd8bbcbc665fb353bde12798047d4b5f46071c731ee,ff913d007746aa930aabe7a6ad7b45d6adf2558895bb2aca58e3abda4204e083,d42fd0835ca1169fdd93186e68af5562f7bd2461ca94639164ad5b5b2b0d06a4,38ad04bc14c2a22e2d4699472849a99e706e5988005381695628468a6a57aff5,7ab07d05db9b206bf6e5c4cd74dc888e2e5b0f2404805a68a1f1bb0b5475f63c,07e7313e0c5b417ff10d3032bd0f69971a4c27c4ac22fa83a5bece5715e18d21,0.2443017214536667,0.07526169717311859,0.024480188265442848,69.19313394739798,0.1690400242805481,30.806861959303156,1.3585753001466905,2.3770983729968176,-0.03477202199578959,1.0,False,0.9999217987060547,0.9999932646751404,0.048982743521609175,all_four_full_spatial_windows_common_frames
T02,2,BG6,spatial_ML,"[12, 13, 14, 15, 16, 17, 18, 19, 20, 21, 22, 23, 24, 25, 26, 27, 28, 29, 30, 31, 32, 33, 34, 35]",2a11f7688b812585734ecbd8bbcbc665fb353bde12798047d4b5f46071c731ee,ff913d007746aa930aabe7a6ad7b45d6adf2558895bb2aca58e3abda4204e083,d42fd0835ca1169fdd93186e68af5562f7bd2461ca94639164ad5b5b2b0d06a4,38ad04bc14c2a22e2d4699472849a99e706e5988005381695628468a6a57aff5,7ab07d05db9b206bf6e5c4cd74dc888e2e5b0f2404805a68a1f1bb0b5475f63c,07e7313e0c5b417ff10d3032bd0f69971a4c27c4ac22fa83a5bece5715e18d21,0.2443017214536667,0.16279402375221252,0.2695706784725189,33.36353664644927,0.08150769770145416,66.63645926025187,1.3960783061557032,2.5252263240416672,-0.07227502800480232,1.0,False,0.9999208450317383,0.9999935626983643,0.018141178136758303,all_four_full_spatial_windows_common_frames
T02,2,BG6,spatial_all,"[0, 1, 2, 3, 4, 5, 6, 7, 8, 9, 10, 11, 12, 13, 14, 15, 16, 17, 18, 19, 20, 21, 22, 23, 24, 25, 26, 27, 28, 29, 30, 31, 32, 33, 34, 35]",2a11f7688b812585734ecbd8bbcbc665fb353bde12798047d4b5f46071c731ee,ff913d007746aa930aabe7a6ad7b45d6adf2558895bb2aca58e3abda4204e083,d42fd0835ca1169fdd93186e68af5562f7bd2461ca94639164ad5b5b2b0d06a4,38ad04bc14c2a22e2d4699472849a99e706e5988005381695628468a6a57aff5,7ab07d05db9b206bf6e5c4cd74dc888e2e5b0f2404805a68a1f1bb0b5475f63c,07e7313e0c5b417ff10d3032bd0f69971a4c27c4ac22fa83a5bece5715e18d21,0.2443017214536667,0.05675575137138367,0.07224825024604797,76.76817064141531,0.18754597008228302,23.231825265285828,1.3696883327299196,2.426181498712693,-0.045885054579018904,1.0,False,0.999915599822998,0.9999933838844299,0.0,all_four_full_spatial_windows_common_frames
T02,2,BG7,spatial_E,"[0, 1, 2, 3, 4, 5, 6, 7, 8, 9, 10, 11]",2a11f7688b812585734ecbd8bbcbc665fb353bde12798047d4b5f46071c731ee,ff913d007746aa930aabe7a6ad7b45d6adf2558895bb2aca58e3abda4204e083,d42fd0835ca1169fdd93186e68af5562f7bd2461ca94639164ad5b5b2b0d06a4,38ad04bc14c2a22e2d4699472849a99e706e5988005381695628468a6a57aff5,7ab07d05db9b206bf6e5c4cd74dc888e2e5b0f2404805a68a1f1bb0b5475f63c,07e7313e0c5b417ff10d3032bd0f69971a4c27c4ac22fa83a5bece5715e18d21,0.12015000730752945,0.11318184435367584,0.0790078341960907,5.799552184847611,0.006968162953853607,94.20043949222392,1.2700979448672363,2.292169618521074,-0.010028981724476737,1.0,False,0.9997352957725525,0.9999899864196777,0.2774373338490028,all_four_full_spatial_windows_common_frames
T02,2,BG7,spatial_EM,"[0, 1, 2, 3, 4, 5, 6, 7, 8, 9, 10, 11, 12, 13, 14, 15, 16, 17, 18, 19, 20, 21, 22, 23]",2a11f7688b812585734ecbd8bbcbc665fb353bde12798047d4b5f46071c731ee,ff913d007746aa930aabe7a6ad7b45d6adf2558895bb2aca58e3abda4204e083,d42fd0835ca1169fdd93186e68af5562f7bd2461ca94639164ad5b5b2b0d06a4,38ad04bc14c2a22e2d4699472849a99e706e5988005381695628468a6a57aff5,7ab07d05db9b206bf6e5c4cd74dc888e2e5b0f2404805a68a1f1bb0b5475f63c,07e7313e0c5b417ff10d3032bd0f69971a4c27c4ac22fa83a5bece5715e18d21,0.12015000730752945,0.1020798534154892,0.06254538893699646,15.039659832747981,0.018070153892040253,84.96033184432355,1.3433481344120524,2.333084479850605,-0.08327917126929307,1.0,False,0.9999369382858276,0.9999945759773254,0.04847241396132266,all_four_full_spatial_windows_common_frames
T02,2,BG7,spatial_ML,"[12, 13, 14, 15, 16, 17, 18, 19, 20, 21, 22, 23, 24, 25, 26, 27, 28, 29, 30, 31, 32, 33, 34, 35]",2a11f7688b812585734ecbd8bbcbc665fb353bde12798047d4b5f46071c731ee,ff913d007746aa930aabe7a6ad7b45d6adf2558895bb2aca58e3abda4204e083,d42fd0835ca1169fdd93186e68af5562f7bd2461ca94639164ad5b5b2b0d06a4,38ad04bc14c2a22e2d4699472849a99e706e5988005381695628468a6a57aff5,7ab07d05db9b206bf6e5c4cd74dc888e2e5b0f2404805a68a1f1bb0b5475f63c,07e7313e0c5b417ff10d3032bd0f69971a4c27c4ac22fa83a5bece5715e18d21,0.12015000730752945,0.05867921561002731,0.060362558811903,51.16170024359201,0.061470791697502136,48.83829143347952,1.3577932602704141,2.308553747749764,-0.0977242971276545,1.0,False,0.9999287128448486,0.9999938011169434,0.009745796493869554,all_four_full_spatial_windows_common_frames
T02,2,BG7,spatial_all,"[0, 1, 2, 3, 4, 5, 6, 7, 8, 9, 10, 11, 12, 13, 14, 15, 16, 17, 18, 19, 20, 21, 22, 23, 24, 25, 26, 27, 28, 29, 30, 31, 32, 33, 34, 35]",2a11f7688b812585734ecbd8bbcbc665fb353bde12798047d4b5f46071c731ee,ff913d007746aa930aabe7a6ad7b45d6adf2558895bb2aca58e3abda4204e083,d42fd0835ca1169fdd93186e68af5562f7bd2461ca94639164ad5b5b2b0d06a4,38ad04bc14c2a22e2d4699472849a99e706e5988005381695628468a6a57aff5,7ab07d05db9b206bf6e5c4cd74dc888e2e5b0f2404805a68a1f1bb0b5475f63c,07e7313e0c5b417ff10d3032bd0f69971a4c27c4ac22fa83a5bece5715e18d21,0.12015000730752945,0.0688210278749466,0.088236004114151,42.72074243751792,0.051328979432582855,57.279249239553614,1.3423268881625827,2.309073811884347,-0.08225792501982329,1.0,False,0.9999288320541382,0.9999938011169434,0.0,all_four_full_spatial_windows_common_frames
T02,2,BG8,spatial_E,"[0, 1, 2, 3, 4, 5, 6, 7, 8, 9, 10, 11]",2a11f7688b812585734ecbd8bbcbc665fb353bde12798047d4b5f46071c731ee,ff913d007746aa930aabe7a6ad7b45d6adf2558895bb2aca58e3abda4204e083,d42fd0835ca1169fdd93186e68af5562f7bd2461ca94639164ad5b5b2b0d06a4,38ad04bc14c2a22e2d4699472849a99e706e5988005381695628468a6a57aff5,7ab07d05db9b206bf6e5c4cd74dc888e2e5b0f2404805a68a1f1bb0b5475f63c,07e7313e0c5b417ff10d3032bd0f69971a4c27c4ac22fa83a5bece5715e18d21,1.2164758443832397,0.9875428080558777,2.5991930961608887,18.819365423692066,0.22893303632736206,81.18063375426121,1.4174930148714426,3.86580104911657,0.22084954652079772,1.0,False,0.9994369149208069,0.9999755024909973,0.25929150814320934,all_four_full_spatial_windows_common_frames
T02,2,BG8,spatial_EM,"[0, 1, 2, 3, 4, 5, 6, 7, 8, 9, 10, 11, 12, 13, 14, 15, 16, 17, 18, 19, 20, 21, 22, 23]",2a11f7688b812585734ecbd8bbcbc665fb353bde12798047d4b5f46071c731ee,ff913d007746aa930aabe7a6ad7b45d6adf2558895bb2aca58e3abda4204e083,d42fd0835ca1169fdd93186e68af5562f7bd2461ca94639164ad5b5b2b0d06a4,38ad04bc14c2a22e2d4699472849a99e706e5988005381695628468a6a57aff5,7ab07d05db9b206bf6e5c4cd74dc888e2e5b0f2404805a68a1f1bb0b5475f63c,07e7313e0c5b417ff10d3032bd0f69971a4c27c4ac22fa83a5bece5715e18d21,1.2164758443832397,0.06623250991106033,0.08932851999998093,94.55537734905222,1.1502433344721794,5.444621828901043,1.3523597062538113,2.3427617618127354,0.2859828551384294,1.0,False,0.9998378753662109,0.9999881982803345,0.03798767206977062,all_four_full_spatial_windows_common_frames
T02,2,BG8,spatial_ML,"[12, 13, 14, 15, 16, 17, 18, 19, 20, 21, 22, 23, 24, 25, 26, 27, 28, 29, 30, 31, 32, 33, 34, 35]",2a11f7688b812585734ecbd8bbcbc665fb353bde12798047d4b5f46071c731ee,ff913d007746aa930aabe7a6ad7b45d6adf2558895bb2aca58e3abda4204e083,d42fd0835ca1169fdd93186e68af5562f7bd2461ca94639164ad5b5b2b0d06a4,38ad04bc14c2a22e2d4699472849a99e706e5988005381695628468a6a57aff5,7ab07d05db9b206bf6e5c4cd74dc888e2e5b0f2404805a68a1f1bb0b5475f63c,07e7313e0c5b417ff10d3032bd0f69971a4c27c4ac22fa83a5bece5715e18d21,1.2164758443832397,0.3809545338153839,0.7029739022254944,68.68375624203983,0.8355213105678558,31.316242935913436,1.4388744571461098,2.8415338477959193,0.19946810424613087,1.0,False,0.9998904466629028,0.9999909996986389,0.04750798951431139,all_four_full_spatial_windows_common_frames
T02,2,BG8,spatial_all,"[0, 1, 2, 3, 4, 5, 6, 7, 8, 9, 10, 11, 12, 13, 14, 15, 16, 17, 18, 19, 20, 21, 22, 23, 24, 25, 26, 27, 28, 29, 30, 31, 32, 33, 34, 35]",2a11f7688b812585734ecbd8bbcbc665fb353bde12798047d4b5f46071c731ee,ff913d007746aa930aabe7a6ad7b45d6adf2558895bb2aca58e3abda4204e083,d42fd0835ca1169fdd93186e68af5562f7bd2461ca94639164ad5b5b2b0d06a4,38ad04bc14c2a22e2d4699472849a99e706e5988005381695628468a6a57aff5,7ab07d05db9b206bf6e5c4cd74dc888e2e5b0f2404805a68a1f1bb0b5475f63c,07e7313e0c5b417ff10d3032bd0f69971a4c27c4ac22fa83a5bece5715e18d21,1.2164758443832397,0.04834148660302162,0.05605822429060936,96.02610307234328,1.1681343577802181,3.973896105610007,1.3404471588413893,2.330614191431844,0.29789540255085134,1.0,False,0.9998644590377808,0.9999896883964539,0.0,all_four_full_spatial_windows_common_frames
T02,2,BG9,spatial_E,"[0, 1, 2, 3, 4, 5, 6, 7, 8, 9, 10, 11]",2a11f7688b812585734ecbd8bbcbc665fb353bde12798047d4b5f46071c731ee,ff913d007746aa930aabe7a6ad7b45d6adf2558895bb2aca58e3abda4204e083,d42fd0835ca1169fdd93186e68af5562f7bd2461ca94639164ad5b5b2b0d06a4,38ad04bc14c2a22e2d4699472849a99e706e5988005381695628468a6a57aff5,7ab07d05db9b206bf6e5c4cd74dc888e2e5b0f2404805a68a1f1bb0b5475f63c,07e7313e0c5b417ff10d3032bd0f69971a4c27c4ac22fa83a5bece5715e18d21,0.23684652149677277,0.1588095873594284,0.31745806336402893,32.948311990968584,0.07803693413734436,67.0516837868881,1.239069585680547,2.2879856239724528,0.02162091270548034,1.0,False,0.9996302127838135,0.9999780058860779,0.1962715890449024,all_four_full_spatial_windows_common_frames
T02,2,BG9,spatial_EM,"[0, 1, 2, 3, 4, 5, 6, 7, 8, 9, 10, 11, 12, 13, 14, 15, 16, 17, 18, 19, 20, 21, 22, 23]",2a11f7688b812585734ecbd8bbcbc665fb353bde12798047d4b5f46071c731ee,ff913d007746aa930aabe7a6ad7b45d6adf2558895bb2aca58e3abda4204e083,d42fd0835ca1169fdd93186e68af5562f7bd2461ca94639164ad5b5b2b0d06a4,38ad04bc14c2a22e2d4699472849a99e706e5988005381695628468a6a57aff5,7ab07d05db9b206bf6e5c4cd74dc888e2e5b0f2404805a68a1f1bb0b5475f63c,07e7313e0c5b417ff10d3032bd0f69971a4c27c4ac22fa83a5bece5715e18d21,0.23684652149677277,0.06362809985876083,0.08769732713699341,73.13530012170442,0.17321842163801193,26.86469565615227,1.3301138172382454,2.2856619682825907,-0.0694233188522186,1.0,False,0.9998146891593933,0.9999868273735046,0.03519961714508397,all_four_full_spatial_windows_common_frames
T02,2,BG9,spatial_ML,"[12, 13, 14, 15, 16, 17, 18, 19, 20, 21, 22, 23, 24, 25, 26, 27, 28, 29, 30, 31, 32, 33, 34, 35]",2a11f7688b812585734ecbd8bbcbc665fb353bde12798047d4b5f46071c731ee,ff913d007746aa930aabe7a6ad7b45d6adf2558895bb2aca58e3abda4204e083,d42fd0835ca1169fdd93186e68af5562f7bd2461ca94639164ad5b5b2b0d06a4,38ad04bc14c2a22e2d4699472849a99e706e5988005381695628468a6a57aff5,7ab07d05db9b206bf6e5c4cd74dc888e2e5b0f2404805a68a1f1bb0b5475f63c,07e7313e0c5b417ff10d3032bd0f69971a4c27c4ac22fa83a5bece5715e18d21,0.23684652149677277,0.10276725143194199,0.15441280603408813,56.61018939880812,0.13407927006483078,43.38980637904857,1.3750262381508316,2.432798900742004,-0.11433573976480453,1.0,False,0.9997548460960388,0.999985933303833,0.024044454851925943,all_four_full_spatial_windows_common_frames
T02,2,BG9,spatial_all,"[0, 1, 2, 3, 4, 5, 6, 7, 8, 9, 10, 11, 12, 13, 14, 15, 16, 17, 18, 19, 20, 21, 22, 23, 24, 25, 26, 27, 28, 29, 30, 31, 32, 33, 34, 35]",2a11f7688b812585734ecbd8bbcbc665fb353bde12798047d4b5f46071c731ee,ff913d007746aa930aabe7a6ad7b45d6adf2558895bb2aca58e3abda4204e083,d42fd0835ca1169fdd93186e68af5562f7bd2461ca94639164ad5b5b2b0d06a4,38ad04bc14c2a22e2d4699472849a99e706e5988005381695628468a6a57aff5,7ab07d05db9b206bf6e5c4cd74dc888e2e5b0f2404805a68a1f1bb0b5475f63c,07e7313e0c5b417ff10d3032bd0f69971a4c27c4ac22fa83a5bece5715e18d21,0.23684652149677277,0.038140613585710526,0.06836667656898499,83.89648210396942,0.19870590791106224,16.10351367388727,1.3359677127080523,2.3029208594222914,-0.07527721432202539,1.0,False,0.9997590184211731,0.9999847412109375,0.0,all_four_full_spatial_windows_common_frames
T02,2,BG10,spatial_E,"[0, 1, 2, 3, 4, 5, 6, 7, 8, 9, 10, 11]",2a11f7688b812585734ecbd8bbcbc665fb353bde12798047d4b5f46071c731ee,ff913d007746aa930aabe7a6ad7b45d6adf2558895bb2aca58e3abda4204e083,d42fd0835ca1169fdd93186e68af5562f7bd2461ca94639164ad5b5b2b0d06a4,38ad04bc14c2a22e2d4699472849a99e706e5988005381695628468a6a57aff5,7ab07d05db9b206bf6e5c4cd74dc888e2e5b0f2404805a68a1f1bb0b5475f63c,07e7313e0c5b417ff10d3032bd0f69971a4c27c4ac22fa83a5bece5715e18d21,1.7511603832244873,1.562470555305481,3.642599105834961,10.775131087310832,0.18868982791900635,89.22486834163925,1.424650362657466,4.443421678595365,0.28694212240527006,1.0,False,0.9992616772651672,0.9999784231185913,0.21240531005770252,all_four_full_spatial_windows_common_frames
T02,2,BG10,spatial_EM,"[0, 1, 2, 3, 4, 5, 6, 7, 8, 9, 10, 11, 12, 13, 14, 15, 16, 17, 18, 19, 20, 21, 22, 23]",2a11f7688b812585734ecbd8bbcbc665fb353bde12798047d4b5f46071c731ee,ff913d007746aa930aabe7a6ad7b45d6adf2558895bb2aca58e3abda4204e083,d42fd0835ca1169fdd93186e68af5562f7bd2461ca94639164ad5b5b2b0d06a4,38ad04bc14c2a22e2d4699472849a99e706e5988005381695628468a6a57aff5,7ab07d05db9b206bf6e5c4cd74dc888e2e5b0f2404805a68a1f1bb0b5475f63c,07e7313e0c5b417ff10d3032bd0f69971a4c27c4ac22fa83a5bece5715e18d21,1.7511603832244873,0.12552055716514587,0.09059727936983109,92.83214903381754,1.6256398260593414,7.167850395132536,1.2957139404823883,2.437846563789161,0.4158785445803481,1.0,False,0.9998996257781982,0.9999921917915344,0.041472881175634295,all_four_full_spatial_windows_common_frames
T02,2,BG10,spatial_ML,"[12, 13, 14, 15, 16, 17, 18, 19, 20, 21, 22, 23, 24, 25, 26, 27, 28, 29, 30, 31, 32, 33, 34, 35]",2a11f7688b812585734ecbd8bbcbc665fb353bde12798047d4b5f46071c731ee,ff913d007746aa930aabe7a6ad7b45d6adf2558895bb2aca58e3abda4204e083,d42fd0835ca1169fdd93186e68af5562f7bd2461ca94639164ad5b5b2b0d06a4,38ad04bc14c2a22e2d4699472849a99e706e5988005381695628468a6a57aff5,7ab07d05db9b206bf6e5c4cd74dc888e2e5b0f2404805a68a1f1bb0b5475f63c,07e7313e0c5b417ff10d3032bd0f69971a4c27c4ac22fa83a5bece5715e18d21,1.7511603832244873,0.4543209969997406,0.7689402103424072,74.05600259361853,1.2968393862247467,25.943996835331557,1.4559675281163247,2.856319502044383,0.2556249569464115,1.0,False,0.9998598098754883,0.9999905228614807,0.049788786572729476,all_four_full_spatial_windows_common_frames
T02,2,BG10,spatial_all,"[0, 1, 2, 3, 4, 5, 6, 7, 8, 9, 10, 11, 12, 13, 14, 15, 16, 17, 18, 19, 20, 21, 22, 23, 24, 25, 26, 27, 28, 29, 30, 31, 32, 33, 34, 35]",2a11f7688b812585734ecbd8bbcbc665fb353bde12798047d4b5f46071c731ee,ff913d007746aa930aabe7a6ad7b45d6adf2558895bb2aca58e3abda4204e083,d42fd0835ca1169fdd93186e68af5562f7bd2461ca94639164ad5b5b2b0d06a4,38ad04bc14c2a22e2d4699472849a99e706e5988005381695628468a6a57aff5,7ab07d05db9b206bf6e5c4cd74dc888e2e5b0f2404805a68a1f1bb0b5475f63c,07e7313e0c5b417ff10d3032bd0f69971a4c27c4ac22fa83a5bece5715e18d21,1.7511603832244873,0.0613713376224041,0.017842067405581474,96.49538969360776,1.6897890456020832,3.5046097353423122,1.3653707395890793,2.3594895045237605,0.3462217454736569,1.0,False,0.9998582601547241,0.9999901652336121,0.0,all_four_full_spatial_windows_common_frames
T02,2,BG11,spatial_E,"[0, 1, 2, 3, 4, 5, 6, 7, 8, 9, 10, 11]",2a11f7688b812585734ecbd8bbcbc665fb353bde12798047d4b5f46071c731ee,ff913d007746aa930aabe7a6ad7b45d6adf2558895bb2aca58e3abda4204e083,d42fd0835ca1169fdd93186e68af5562f7bd2461ca94639164ad5b5b2b0d06a4,38ad04bc14c2a22e2d4699472849a99e706e5988005381695628468a6a57aff5,7ab07d05db9b206bf6e5c4cd74dc888e2e5b0f2404805a68a1f1bb0b5475f63c,07e7313e0c5b417ff10d3032bd0f69971a4c27c4ac22fa83a5bece5715e18d21,0.47664228081703186,0.31805551052093506,0.5600523352622986,33.27165326103498,0.1585867702960968,66.72834464095564,1.1346666843974125,2.298061988510142,-0.03589710943535085,1.0,False,0.9997791647911072,0.9999904632568359,0.15718282260807534,all_four_full_spatial_windows_common_frames
T02,2,BG11,spatial_EM,"[0, 1, 2, 3, 4, 5, 6, 7, 8, 9, 10, 11, 12, 13, 14, 15, 16, 17, 18, 19, 20, 21, 22, 23]",2a11f7688b812585734ecbd8bbcbc665fb353bde12798047d4b5f46071c731ee,ff913d007746aa930aabe7a6ad7b45d6adf2558895bb2aca58e3abda4204e083,d42fd0835ca1169fdd93186e68af5562f7bd2461ca94639164ad5b5b2b0d06a4,38ad04bc14c2a22e2d4699472849a99e706e5988005381695628468a6a57aff5,7ab07d05db9b206bf6e5c4cd74dc888e2e5b0f2404805a68a1f1bb0b5475f63c,07e7313e0c5b417ff10d3032bd0f69971a4c27c4ac22fa83a5bece5715e18d21,0.47664228081703186,0.06886552274227142,0.0463060587644577,85.55194659201847,0.40777675807476044,14.448051309972147,1.3401246802645295,2.405268185578294,-0.2413551053024677,1.0,False,0.9998770952224731,0.999992311000824,0.03915179461757905,all_four_full_spatial_windows_common_frames
T02,2,BG11,spatial_ML,"[12, 13, 14, 15, 16, 17, 18, 19, 20, 21, 22, 23, 24, 25, 26, 27, 28, 29, 30, 31, 32, 33, 34, 35]",2a11f7688b812585734ecbd8bbcbc665fb353bde12798047d4b5f46071c731ee,ff913d007746aa930aabe7a6ad7b45d6adf2558895bb2aca58e3abda4204e083,d42fd0835ca1169fdd93186e68af5562f7bd2461ca94639164ad5b5b2b0d06a4,38ad04bc14c2a22e2d4699472849a99e706e5988005381695628468a6a57aff5,7ab07d05db9b206bf6e5c4cd74dc888e2e5b0f2404805a68a1f1bb0b5475f63c,07e7313e0c5b417ff10d3032bd0f69971a4c27c4ac22fa83a5bece5715e18d21,0.47664228081703186,0.15249790251255035,0.22775843739509583,68.00579481708442,0.3241443783044815,31.994203084906193,1.3760668458118648,2.4836053984798445,-0.27729727084980316,1.0,False,0.9998171925544739,0.9999896287918091,0.020221430172827588,all_four_full_spatial_windows_common_frames
T02,2,BG11,spatial_all,"[0, 1, 2, 3, 4, 5, 6, 7, 8, 9, 10, 11, 12, 13, 14, 15, 16, 17, 18, 19, 20, 21, 22, 23, 24, 25, 26, 27, 28, 29, 30, 31, 32, 33, 34, 35]",2a11f7688b812585734ecbd8bbcbc665fb353bde12798047d4b5f46071c731ee,ff913d007746aa930aabe7a6ad7b45d6adf2558895bb2aca58e3abda4204e083,d42fd0835ca1169fdd93186e68af5562f7bd2461ca94639164ad5b5b2b0d06a4,38ad04bc14c2a22e2d4699472849a99e706e5988005381695628468a6a57aff5,7ab07d05db9b206bf6e5c4cd74dc888e2e5b0f2404805a68a1f1bb0b5475f63c,07e7313e0c5b417ff10d3032bd0f69971a4c27c4ac22fa83a5bece5715e18d21,0.47664228081703186,0.06405593454837799,0.02752823568880558,86.56100270947903,0.41258634626865387,13.438995192511584,1.377923461928893,2.394312804038719,-0.2791538869668312,1.0,False,0.9998379945755005,0.9999902844429016,0.0,all_four_full_spatial_windows_common_frames
T02,2,BG12,spatial_E,"[0, 1, 2, 3, 4, 5, 6, 7, 8, 9, 10, 11]",2a11f7688b812585734ecbd8bbcbc665fb353bde12798047d4b5f46071c731ee,ff913d007746aa930aabe7a6ad7b45d6adf2558895bb2aca58e3abda4204e083,d42fd0835ca1169fdd93186e68af5562f7bd2461ca94639164ad5b5b2b0d06a4,38ad04bc14c2a22e2d4699472849a99e706e5988005381695628468a6a57aff5,7ab07d05db9b206bf6e5c4cd74dc888e2e5b0f2404805a68a1f1bb0b5475f63c,07e7313e0c5b417ff10d3032bd0f69971a4c27c4ac22fa83a5bece5715e18d21,0.10172649472951889,0.07896775007247925,0.04857282340526581,22.372482685366005,0.022758744657039642,77.62750748435424,1.3591351763111974,2.414883310356628,0.00699031609269896,1.0,False,0.9998666048049927,0.9999925494194031,0.1786997497282003,all_four_full_spatial_windows_common_frames
T02,2,BG12,spatial_EM,"[0, 1, 2, 3, 4, 5, 6, 7, 8, 9, 10, 11, 12, 13, 14, 15, 16, 17, 18, 19, 20, 21, 22, 23]",2a11f7688b812585734ecbd8bbcbc665fb353bde12798047d4b5f46071c731ee,ff913d007746aa930aabe7a6ad7b45d6adf2558895bb2aca58e3abda4204e083,d42fd0835ca1169fdd93186e68af5562f7bd2461ca94639164ad5b5b2b0d06a4,38ad04bc14c2a22e2d4699472849a99e706e5988005381695628468a6a57aff5,7ab07d05db9b206bf6e5c4cd74dc888e2e5b0f2404805a68a1f1bb0b5475f63c,07e7313e0c5b417ff10d3032bd0f69971a4c27c4ac22fa83a5bece5715e18d21,0.10172649472951889,0.0826030895113945,0.08342099189758301,18.798842316436318,0.01912340521812439,81.20114785328393,1.3716356181580212,2.3499759076250575,-0.005510125754124931,1.0,False,0.9999158382415771,0.9999931454658508,0.040416580832122004,all_four_full_spatial_windows_common_frames
T02,2,BG12,spatial_ML,"[12, 13, 14, 15, 16, 17, 18, 19, 20, 21, 22, 23, 24, 25, 26, 27, 28, 29, 30, 31, 32, 33, 34, 35]",2a11f7688b812585734ecbd8bbcbc665fb353bde12798047d4b5f46071c731ee,ff913d007746aa930aabe7a6ad7b45d6adf2558895bb2aca58e3abda4204e083,d42fd0835ca1169fdd93186e68af5562f7bd2461ca94639164ad5b5b2b0d06a4,38ad04bc14c2a22e2d4699472849a99e706e5988005381695628468a6a57aff5,7ab07d05db9b206bf6e5c4cd74dc888e2e5b0f2404805a68a1f1bb0b5475f63c,07e7313e0c5b417ff10d3032bd0f69971a4c27c4ac22fa83a5bece5715e18d21,0.10172649472951889,0.06997030973434448,0.02272752672433853,31.217218245737516,0.03175618499517441,68.78277192398274,1.387031437794049,2.3792932520925993,-0.02090594539015264,1.0,False,0.999923586845398,0.9999935626983643,0.015520103644905886,all_four_full_spatial_windows_common_frames
T02,2,BG12,spatial_all,"[0, 1, 2, 3, 4, 5, 6, 7, 8, 9, 10, 11, 12, 13, 14, 15, 16, 17, 18, 19, 20, 21, 22, 23, 24, 25, 26, 27, 28, 29, 30, 31, 32, 33, 34, 35]",2a11f7688b812585734ecbd8bbcbc665fb353bde12798047d4b5f46071c731ee,ff913d007746aa930aabe7a6ad7b45d6adf2558895bb2aca58e3abda4204e083,d42fd0835ca1169fdd93186e68af5562f7bd2461ca94639164ad5b5b2b0d06a4,38ad04bc14c2a22e2d4699472849a99e706e5988005381695628468a6a57aff5,7ab07d05db9b206bf6e5c4cd74dc888e2e5b0f2404805a68a1f1bb0b5475f63c,07e7313e0c5b417ff10d3032bd0f69971a4c27c4ac22fa83a5bece5715e18d21,0.10172649472951889,0.07035283744335175,0.04707692936062813,30.841182806375507,0.031373657286167145,69.15880736334475,1.3713488414676767,2.343367601489793,-0.005223349063780599,1.0,False,0.9999276399612427,0.9999939203262329,0.0,all_four_full_spatial_windows_common_frames
T02,2,BG13,spatial_E,"[0, 1, 2, 3, 4, 5, 6, 7, 8, 9, 10, 11]",2a11f7688b812585734ecbd8bbcbc665fb353bde12798047d4b5f46071c731ee,ff913d007746aa930aabe7a6ad7b45d6adf2558895bb2aca58e3abda4204e083,d42fd0835ca1169fdd93186e68af5562f7bd2461ca94639164ad5b5b2b0d06a4,38ad04bc14c2a22e2d4699472849a99e706e5988005381695628468a6a57aff5,7ab07d05db9b206bf6e5c4cd74dc888e2e5b0f2404805a68a1f1bb0b5475f63c,07e7313e0c5b417ff10d3032bd0f69971a4c27c4ac22fa83a5bece5715e18d21,0.07262974977493286,0.06797758489847183,0.0630790963768959,6.405314971269751,0.004652164876461029,93.59467126026946,1.3523302296603728,2.367638834306384,-0.002810081805432306,1.0,False,0.9998313188552856,0.9999912977218628,0.16205579895910355,all_four_full_spatial_windows_common_frames
T02,2,BG13,spatial_EM,"[0, 1, 2, 3, 4, 5, 6, 7, 8, 9, 10, 11, 12, 13, 14, 15, 16, 17, 18, 19, 20, 21, 22, 23]",2a11f7688b812585734ecbd8bbcbc665fb353bde12798047d4b5f46071c731ee,ff913d007746aa930aabe7a6ad7b45d6adf2558895bb2aca58e3abda4204e083,d42fd0835ca1169fdd93186e68af5562f7bd2461ca94639164ad5b5b2b0d06a4,38ad04bc14c2a22e2d4699472849a99e706e5988005381695628468a6a57aff5,7ab07d05db9b206bf6e5c4cd74dc888e2e5b0f2404805a68a1f1bb0b5475f63c,07e7313e0c5b417ff10d3032bd0f69971a4c27c4ac22fa83a5bece5715e18d21,0.07262974977493286,0.10233338177204132,0.16721341013908386,-40.897329261662044,-0.02970363199710846,140.89731549320126,1.3804621634109275,2.3082125147023747,-0.030942015555986847,1.0,False,0.999933123588562,0.9999944567680359,0.042667866046106444,all_four_full_spatial_windows_common_frames
T02,2,BG13,spatial_ML,"[12, 13, 14, 15, 16, 17, 18, 19, 20, 21, 22, 23, 24, 25, 26, 27, 28, 29, 30, 31, 32, 33, 34, 35]",2a11f7688b812585734ecbd8bbcbc665fb353bde12798047d4b5f46071c731ee,ff913d007746aa930aabe7a6ad7b45d6adf2558895bb2aca58e3abda4204e083,d42fd0835ca1169fdd93186e68af5562f7bd2461ca94639164ad5b5b2b0d06a4,38ad04bc14c2a22e2d4699472849a99e706e5988005381695628468a6a57aff5,7ab07d05db9b206bf6e5c4cd74dc888e2e5b0f2404805a68a1f1bb0b5475f63c,07e7313e0c5b417ff10d3032bd0f69971a4c27c4ac22fa83a5bece5715e18d21,0.07262974977493286,0.07714209705591202,0.0589749813079834,-6.2128076630876174,-0.0045123472809791565,106.21279389462683,1.3928331105990854,2.354223570374567,-0.04331296274414509,1.0,False,0.9999195337295532,0.9999935030937195,0.013980268448079463,all_four_full_spatial_windows_common_frames
T02,2,BG13,spatial_all,"[0, 1, 2, 3, 4, 5, 6, 7, 8, 9, 10, 11, 12, 13, 14, 15, 16, 17, 18, 19, 20, 21, 22, 23, 24, 25, 26, 27, 28, 29, 30, 31, 32, 33, 34, 35]",2a11f7688b812585734ecbd8bbcbc665fb353bde12798047d4b5f46071c731ee,ff913d007746aa930aabe7a6ad7b45d6adf2558895bb2aca58e3abda4204e083,d42fd0835ca1169fdd93186e68af5562f7bd2461ca94639164ad5b5b2b0d06a4,38ad04bc14c2a22e2d4699472849a99e706e5988005381695628468a6a57aff5,7ab07d05db9b206bf6e5c4cd74dc888e2e5b0f2404805a68a1f1bb0b5475f63c,07e7313e0c5b417ff10d3032bd0f69971a4c27c4ac22fa83a5bece5715e18d21,0.07262974977493286,0.08020146191120148,0.08118972927331924,-10.425082169804844,-0.007571712136268616,110.42506840134405,1.3881650869743913,2.3299630217613916,-0.03864493911945117,1.0,False,0.9999241828918457,0.9999939799308777,0.0,all_four_full_spatial_windows_common_frames
T02,2,BG14,spatial_E,"[0, 1, 2, 3, 4, 5, 6, 7, 8, 9, 10, 11]",2a11f7688b812585734ecbd8bbcbc665fb353bde12798047d4b5f46071c731ee,ff913d007746aa930aabe7a6ad7b45d6adf2558895bb2aca58e3abda4204e083,d42fd0835ca1169fdd93186e68af5562f7bd2461ca94639164ad5b5b2b0d06a4,38ad04bc14c2a22e2d4699472849a99e706e5988005381695628468a6a57aff5,7ab07d05db9b206bf6e5c4cd74dc888e2e5b0f2404805a68a1f1bb0b5475f63c,07e7313e0c5b417ff10d3032bd0f69971a4c27c4ac22fa83a5bece5715e18d21,0.45895498991012573,0.33733874559402466,0.645324170589447,26.49851169284928,0.12161624431610107,73.50148612828787,1.1437908689496348,2.314436938190146,0.016875410102169898,1.0,False,0.999860405921936,0.9999924302101135,0.1360656130815895,all_four_full_spatial_windows_common_frames
T02,2,BG14,spatial_EM,"[0, 1, 2, 3, 4, 5, 6, 7, 8, 9, 10, 11, 12, 13, 14, 15, 16, 17, 18, 19, 20, 21, 22, 23]",2a11f7688b812585734ecbd8bbcbc665fb353bde12798047d4b5f46071c731ee,ff913d007746aa930aabe7a6ad7b45d6adf2558895bb2aca58e3abda4204e083,d42fd0835ca1169fdd93186e68af5562f7bd2461ca94639164ad5b5b2b0d06a4,38ad04bc14c2a22e2d4699472849a99e706e5988005381695628468a6a57aff5,7ab07d05db9b206bf6e5c4cd74dc888e2e5b0f2404805a68a1f1bb0b5475f63c,07e7313e0c5b417ff10d3032bd0f69971a4c27c4ac22fa83a5bece5715e18d21,0.45895498991012573,0.04633324220776558,0.059626754373311996,89.90461979565781,0.41262174770236015,10.095378025479345,1.3202180034321467,2.3377933937212068,-0.15955172438034196,1.0,False,0.9998948574066162,0.9999923706054688,0.03578255454930056,all_four_full_spatial_windows_common_frames
T02,2,BG14,spatial_ML,"[12, 13, 14, 15, 16, 17, 18, 19, 20, 21, 22, 23, 24, 25, 26, 27, 28, 29, 30, 31, 32, 33, 34, 35]",2a11f7688b812585734ecbd8bbcbc665fb353bde12798047d4b5f46071c731ee,ff913d007746aa930aabe7a6ad7b45d6adf2558895bb2aca58e3abda4204e083,d42fd0835ca1169fdd93186e68af5562f7bd2461ca94639164ad5b5b2b0d06a4,38ad04bc14c2a22e2d4699472849a99e706e5988005381695628468a6a57aff5,7ab07d05db9b206bf6e5c4cd74dc888e2e5b0f2404805a68a1f1bb0b5475f63c,07e7313e0c5b417ff10d3032bd0f69971a4c27c4ac22fa83a5bece5715e18d21,0.45895498991012573,0.14367824792861938,0.2703811824321747,68.69447811729799,0.31527674198150635,31.305519703839156,1.3510973169849645,2.4835631914276917,-0.1904310379331599,1.0,False,0.9998388290405273,0.9999899864196777,0.02051574828205399,all_four_full_spatial_windows_common_frames
T02,2,BG14,spatial_all,"[0, 1, 2, 3, 4, 5, 6, 7, 8, 9, 10, 11, 12, 13, 14, 15, 16, 17, 18, 19, 20, 21, 22, 23, 24, 25, 26, 27, 28, 29, 30, 31, 32, 33, 34, 35]",2a11f7688b812585734ecbd8bbcbc665fb353bde12798047d4b5f46071c731ee,ff913d007746aa930aabe7a6ad7b45d6adf2558895bb2aca58e3abda4204e083,d42fd0835ca1169fdd93186e68af5562f7bd2461ca94639164ad5b5b2b0d06a4,38ad04bc14c2a22e2d4699472849a99e706e5988005381695628468a6a57aff5,7ab07d05db9b206bf6e5c4cd74dc888e2e5b0f2404805a68a1f1bb0b5475f63c,07e7313e0c5b417ff10d3032bd0f69971a4c27c4ac22fa83a5bece5715e18d21,0.45895498991012573,0.030770916491746902,0.057903751730918884,93.2954371348449,0.42818407341837883,6.704560686292246,1.3317421446335893,2.3351957933045826,-0.17107586558178486,1.0,False,0.99986732006073,0.9999911785125732,0.0,all_four_full_spatial_windows_common_frames
T02,2,BG15,spatial_E,"[0, 1, 2, 3, 4, 5, 6, 7, 8, 9, 10, 11]",2a11f7688b812585734ecbd8bbcbc665fb353bde12798047d4b5f46071c731ee,ff913d007746aa930aabe7a6ad7b45d6adf2558895bb2aca58e3abda4204e083,d42fd0835ca1169fdd93186e68af5562f7bd2461ca94639164ad5b5b2b0d06a4,38ad04bc14c2a22e2d4699472849a99e706e5988005381695628468a6a57aff5,7ab07d05db9b206bf6e5c4cd74dc888e2e5b0f2404805a68a1f1bb0b5475f63c,07e7313e0c5b417ff10d3032bd0f69971a4c27c4ac22fa83a5bece5715e18d21,0.15081799030303955,0.1176598072052002,0.18594278395175934,21.98556076278323,0.033158183097839355,78.0144326067085,1.261427265899012,2.235674582530715,-0.0007767928149746049,1.0,False,0.9998944997787476,0.9999927282333374,0.11533371293448393,all_four_full_spatial_windows_common_frames
T02,2,BG15,spatial_EM,"[0, 1, 2, 3, 4, 5, 6, 7, 8, 9, 10, 11, 12, 13, 14, 15, 16, 17, 18, 19, 20, 21, 22, 23]",2a11f7688b812585734ecbd8bbcbc665fb353bde12798047d4b5f46071c731ee,ff913d007746aa930aabe7a6ad7b45d6adf2558895bb2aca58e3abda4204e083,d42fd0835ca1169fdd93186e68af5562f7bd2461ca94639164ad5b5b2b0d06a4,38ad04bc14c2a22e2d4699472849a99e706e5988005381695628468a6a57aff5,7ab07d05db9b206bf6e5c4cd74dc888e2e5b0f2404805a68a1f1bb0b5475f63c,07e7313e0c5b417ff10d3032bd0f69971a4c27c4ac22fa83a5bece5715e18d21,0.15081799030303955,0.04748227074742317,0.026276204735040665,68.51683442824019,0.10333571955561638,31.483158941251542,1.3558682327035847,2.369490441366814,-0.09521775961954758,1.0,False,0.9999076128005981,0.9999932646751404,0.03915574845319455,all_four_full_spatial_windows_common_frames
T02,2,BG15,spatial_ML,"[12, 13, 14, 15, 16, 17, 18, 19, 20, 21, 22, 23, 24, 25, 26, 27, 28, 29, 30, 31, 32, 33, 34, 35]",2a11f7688b812585734ecbd8bbcbc665fb353bde12798047d4b5f46071c731ee,ff913d007746aa930aabe7a6ad7b45d6adf2558895bb2aca58e3abda4204e083,d42fd0835ca1169fdd93186e68af5562f7bd2461ca94639164ad5b5b2b0d06a4,38ad04bc14c2a22e2d4699472849a99e706e5988005381695628468a6a57aff5,7ab07d05db9b206bf6e5c4cd74dc888e2e5b0f2404805a68a1f1bb0b5475f63c,07e7313e0c5b417ff10d3032bd0f69971a4c27c4ac22fa83a5bece5715e18d21,0.15081799030303955,0.045618828386068344,0.10420859605073929,69.7523914291357,0.1051991619169712,30.247601940356024,1.3353428354306074,2.3967798400050406,-0.07469236234657037,1.0,False,0.9998759031295776,0.9999910593032837,0.014833909393672412,all_four_full_spatial_windows_common_frames
T02,2,BG15,spatial_all,"[0, 1, 2, 3, 4, 5, 6, 7, 8, 9, 10, 11, 12, 13, 14, 15, 16, 17, 18, 19, 20, 21, 22, 23, 24, 25, 26, 27, 28, 29, 30, 31, 32, 33, 34, 35]",2a11f7688b812585734ecbd8bbcbc665fb353bde12798047d4b5f46071c731ee,ff913d007746aa930aabe7a6ad7b45d6adf2558895bb2aca58e3abda4204e083,d42fd0835ca1169fdd93186e68af5562f7bd2461ca94639164ad5b5b2b0d06a4,38ad04bc14c2a22e2d4699472849a99e706e5988005381695628468a6a57aff5,7ab07d05db9b206bf6e5c4cd74dc888e2e5b0f2404805a68a1f1bb0b5475f63c,07e7313e0c5b417ff10d3032bd0f69971a4c27c4ac22fa83a5bece5715e18d21,0.15081799030303955,0.028526514768600464,0.02927641198039055,81.08546412810014,0.12229147553443909,18.914529241391584,1.3440385848823309,2.3801680599555297,-0.08338811179829375,1.0,False,0.9998897314071655,0.9999918937683105,0.0,all_four_full_spatial_windows_common_frames
T03,0,BG1,spatial_E,"[0, 1, 2, 3, 4, 5, 6, 7, 8, 9, 10, 11]",0621af164f0d6fe5212699283835179d19f439f1fcc3be509802dbcf3cc64f99,9b3a3029b419465d2853d7a6f85bfe5d6f2d98ea3c13033415d93ebbaca288a8,576d0d3a30f3617b0fd9e24a26d20e665da4c28ddd09ab338c552f716abab1fc,38ad04bc14c2a22e2d4699472849a99e706e5988005381695628468a6a57aff5,e9055165efd2caa6818f693e09238dd2de35c656513a8428d0f740f0b7fc3ef7,25c0c9e1a425a3f10a2bb3ac6e4c8020307443bf5b9f2b5b72f9110849176ec3,0.11162809282541275,0.09653079509735107,0.22849945724010468,13.524638819378639,0.015097297728061676,86.47535222230375,0.7938653876294574,1.9448818426319776,0.015225432659542532,1.0,False,0.9999324083328247,0.9999932050704956,0.07038705365602704,all_four_full_spatial_windows_common_frames
T03,0,BG1,spatial_EM,"[0, 1, 2, 3, 4, 5, 6, 7, 8, 9, 10, 11, 12, 13, 14, 15, 16, 17, 18, 19, 20, 21, 22, 23]",0621af164f0d6fe5212699283835179d19f439f1fcc3be509802dbcf3cc64f99,9b3a3029b419465d2853d7a6f85bfe5d6f2d98ea3c13033415d93ebbaca288a8,576d0d3a30f3617b0fd9e24a26d20e665da4c28ddd09ab338c552f716abab1fc,38ad04bc14c2a22e2d4699472849a99e706e5988005381695628468a6a57aff5,e9055165efd2caa6818f693e09238dd2de35c656513a8428d0f740f0b7fc3ef7,25c0c9e1a425a3f10a2bb3ac6e4c8020307443bf5b9f2b5b72f9110849176ec3,0.11162809282541275,0.028401782736182213,0.015894534066319466,74.5567719800785,0.08322631008923054,25.443219061603894,0.7025795391613252,1.7194301682126123,0.10651128112767458,1.0,False,0.999929666519165,0.9999929070472717,0.04797646998406455,all_four_full_spatial_windows_common_frames
T03,0,BG1,spatial_ML,"[12, 13, 14, 15, 16, 17, 18, 19, 20, 21, 22, 23, 24, 25, 26, 27, 28, 29, 30, 31, 32, 33, 34, 35]",0621af164f0d6fe5212699283835179d19f439f1fcc3be509802dbcf3cc64f99,9b3a3029b419465d2853d7a6f85bfe5d6f2d98ea3c13033415d93ebbaca288a8,576d0d3a30f3617b0fd9e24a26d20e665da4c28ddd09ab338c552f716abab1fc,38ad04bc14c2a22e2d4699472849a99e706e5988005381695628468a6a57aff5,e9055165efd2caa6818f693e09238dd2de35c656513a8428d0f740f0b7fc3ef7,25c0c9e1a425a3f10a2bb3ac6e4c8020307443bf5b9f2b5b72f9110849176ec3,0.11162809282541275,0.03690442815423012,0.03777376934885979,66.93983215682798,0.07472366467118263,33.06015888485442,0.7219587666606818,1.753926525376312,0.08713205362831805,1.0,False,0.9999129772186279,0.999992847442627,0.0034821867348202645,all_four_full_spatial_windows_common_frames
T03,0,BG1,spatial_all,"[0, 1, 2, 3, 4, 5, 6, 7, 8, 9, 10, 11, 12, 13, 14, 15, 16, 17, 18, 19, 20, 21, 22, 23, 24, 25, 26, 27, 28, 29, 30, 31, 32, 33, 34, 35]",0621af164f0d6fe5212699283835179d19f439f1fcc3be509802dbcf3cc64f99,9b3a3029b419465d2853d7a6f85bfe5d6f2d98ea3c13033415d93ebbaca288a8,576d0d3a30f3617b0fd9e24a26d20e665da4c28ddd09ab338c552f716abab1fc,38ad04bc14c2a22e2d4699472849a99e706e5988005381695628468a6a57aff5,e9055165efd2caa6818f693e09238dd2de35c656513a8428d0f740f0b7fc3ef7,25c0c9e1a425a3f10a2bb3ac6e4c8020307443bf5b9f2b5b72f9110849176ec3,0.11162809282541275,0.039120543748140335,0.016256505623459816,64.95456542038953,0.07250754907727242,35.04542562129286,0.7006514089447802,1.7284512357245971,0.10843941134421975,1.0,False,0.9999188184738159,0.9999931454658508,0.0,all_four_full_spatial_windows_common_frames
T03,0,BG2,spatial_E,"[0, 1, 2, 3, 4, 5, 6, 7, 8, 9, 10, 11]",0621af164f0d6fe5212699283835179d19f439f1fcc3be509802dbcf3cc64f99,9b3a3029b419465d2853d7a6f85bfe5d6f2d98ea3c13033415d93ebbaca288a8,576d0d3a30f3617b0fd9e24a26d20e665da4c28ddd09ab338c552f716abab1fc,38ad04bc14c2a22e2d4699472849a99e706e5988005381695628468a6a57aff5,e9055165efd2caa6818f693e09238dd2de35c656513a8428d0f740f0b7fc3ef7,25c0c9e1a425a3f10a2bb3ac6e4c8020307443bf5b9f2b5b72f9110849176ec3,0.07260255515575409,0.06751267611980438,0.11869964003562927,7.010604962827971,0.005089879035949707,92.98938126355401,0.7537570939684047,1.81578676043053,0.01545617686958759,1.0,False,0.9999293088912964,0.999992311000824,0.06956878007576617,all_four_full_spatial_windows_common_frames
T03,0,BG2,spatial_EM,"[0, 1, 2, 3, 4, 5, 6, 7, 8, 9, 10, 11, 12, 13, 14, 15, 16, 17, 18, 19, 20, 21, 22, 23]",0621af164f0d6fe5212699283835179d19f439f1fcc3be509802dbcf3cc64f99,9b3a3029b419465d2853d7a6f85bfe5d6f2d98ea3c13033415d93ebbaca288a8,576d0d3a30f3617b0fd9e24a26d20e665da4c28ddd09ab338c552f716abab1fc,38ad04bc14c2a22e2d4699472849a99e706e5988005381695628468a6a57aff5,e9055165efd2caa6818f693e09238dd2de35c656513a8428d0f740f0b7fc3ef7,25c0c9e1a425a3f10a2bb3ac6e4c8020307443bf5b9f2b5b72f9110849176ec3,0.07260255515575409,0.04302603006362915,0.04353579506278038,40.737575908887656,0.02957652509212494,59.26241031749433,0.7179486754302065,1.706191176121706,0.051264595407785954,1.0,False,0.9999372959136963,0.9999933838844299,0.04662828921273329,all_four_full_spatial_windows_common_frames
T03,0,BG2,spatial_ML,"[12, 13, 14, 15, 16, 17, 18, 19, 20, 21, 22, 23, 24, 25, 26, 27, 28, 29, 30, 31, 32, 33, 34, 35]",0621af164f0d6fe5212699283835179d19f439f1fcc3be509802dbcf3cc64f99,9b3a3029b419465d2853d7a6f85bfe5d6f2d98ea3c13033415d93ebbaca288a8,576d0d3a30f3617b0fd9e24a26d20e665da4c28ddd09ab338c552f716abab1fc,38ad04bc14c2a22e2d4699472849a99e706e5988005381695628468a6a57aff5,e9055165efd2caa6818f693e09238dd2de35c656513a8428d0f740f0b7fc3ef7,25c0c9e1a425a3f10a2bb3ac6e4c8020307443bf5b9f2b5b72f9110849176ec3,0.07260255515575409,0.05488373711705208,0.02240457944571972,24.40522314974668,0.01771881803870201,75.5947630766353,0.7158125953726377,1.7081804155025087,0.05340067546535467,1.0,False,0.999909520149231,0.9999925494194031,0.0036748473636124797,all_four_full_spatial_windows_common_frames
T03,0,BG2,spatial_all,"[0, 1, 2, 3, 4, 5, 6, 7, 8, 9, 10, 11, 12, 13, 14, 15, 16, 17, 18, 19, 20, 21, 22, 23, 24, 25, 26, 27, 28, 29, 30, 31, 32, 33, 34, 35]",0621af164f0d6fe5212699283835179d19f439f1fcc3be509802dbcf3cc64f99,9b3a3029b419465d2853d7a6f85bfe5d6f2d98ea3c13033415d93ebbaca288a8,576d0d3a30f3617b0fd9e24a26d20e665da4c28ddd09ab338c552f716abab1fc,38ad04bc14c2a22e2d4699472849a99e706e5988005381695628468a6a57aff5,e9055165efd2caa6818f693e09238dd2de35c656513a8428d0f740f0b7fc3ef7,25c0c9e1a425a3f10a2bb3ac6e4c8020307443bf5b9f2b5b72f9110849176ec3,0.07260255515575409,0.05864303186535835,0.03818131238222122,19.227314159559526,0.013959523290395737,80.77267206682245,0.7138434114213783,1.6879341346108718,0.05536985941661414,1.0,False,0.9999287128448486,0.9999939203262329,0.0,all_four_full_spatial_windows_common_frames
T03,0,BG3,spatial_E,"[0, 1, 2, 3, 4, 5, 6, 7, 8, 9, 10, 11]",0621af164f0d6fe5212699283835179d19f439f1fcc3be509802dbcf3cc64f99,9b3a3029b419465d2853d7a6f85bfe5d6f2d98ea3c13033415d93ebbaca288a8,576d0d3a30f3617b0fd9e24a26d20e665da4c28ddd09ab338c552f716abab1fc,38ad04bc14c2a22e2d4699472849a99e706e5988005381695628468a6a57aff5,e9055165efd2caa6818f693e09238dd2de35c656513a8428d0f740f0b7fc3ef7,25c0c9e1a425a3f10a2bb3ac6e4c8020307443bf5b9f2b5b72f9110849176ec3,0.141752690076828,0.1290004551410675,0.28394681215286255,8.996114309532704,0.012752234935760498,91.00387863592796,0.8281381755753403,1.9887224007566517,0.00612641681105946,1.0,False,0.9998769760131836,0.9999901056289673,0.09996969594070755,all_four_full_spatial_windows_common_frames
T03,0,BG3,spatial_EM,"[0, 1, 2, 3, 4, 5, 6, 7, 8, 9, 10, 11, 12, 13, 14, 15, 16, 17, 18, 19, 20, 21, 22, 23]",0621af164f0d6fe5212699283835179d19f439f1fcc3be509802dbcf3cc64f99,9b3a3029b419465d2853d7a6f85bfe5d6f2d98ea3c13033415d93ebbaca288a8,576d0d3a30f3617b0fd9e24a26d20e665da4c28ddd09ab338c552f716abab1fc,38ad04bc14c2a22e2d4699472849a99e706e5988005381695628468a6a57aff5,e9055165efd2caa6818f693e09238dd2de35c656513a8428d0f740f0b7fc3ef7,25c0c9e1a425a3f10a2bb3ac6e4c8020307443bf5b9f2b5b72f9110849176ec3,0.141752690076828,0.0425904355943203,0.025091728195548058,69.9544025819354,0.0991622544825077,30.04559036352526,0.7074023639191342,1.7453543176507658,0.1268622284672655,1.0,False,0.9998859167098999,0.9999918937683105,0.043655220269988075,all_four_full_spatial_windows_common_frames
T03,0,BG3,spatial_ML,"[12, 13, 14, 15, 16, 17, 18, 19, 20, 21, 22, 23, 24, 25, 26, 27, 28, 29, 30, 31, 32, 33, 34, 35]",0621af164f0d6fe5212699283835179d19f439f1fcc3be509802dbcf3cc64f99,9b3a3029b419465d2853d7a6f85bfe5d6f2d98ea3c13033415d93ebbaca288a8,576d0d3a30f3617b0fd9e24a26d20e665da4c28ddd09ab338c552f716abab1fc,38ad04bc14c2a22e2d4699472849a99e706e5988005381695628468a6a57aff5,e9055165efd2caa6818f693e09238dd2de35c656513a8428d0f740f0b7fc3ef7,25c0c9e1a425a3f10a2bb3ac6e4c8020307443bf5b9f2b5b72f9110849176ec3,0.141752690076828,0.05177415534853935,0.039476025849580765,63.47571134766501,0.08997853472828865,36.52428159779565,0.7120519180950245,1.7604106038022216,0.12221267429137495,1.0,False,0.9998561143875122,0.9999906420707703,0.00886612681740453,all_four_full_spatial_windows_common_frames
T03,0,BG3,spatial_all,"[0, 1, 2, 3, 4, 5, 6, 7, 8, 9, 10, 11, 12, 13, 14, 15, 16, 17, 18, 19, 20, 21, 22, 23, 24, 25, 26, 27, 28, 29, 30, 31, 32, 33, 34, 35]",0621af164f0d6fe5212699283835179d19f439f1fcc3be509802dbcf3cc64f99,9b3a3029b419465d2853d7a6f85bfe5d6f2d98ea3c13033415d93ebbaca288a8,576d0d3a30f3617b0fd9e24a26d20e665da4c28ddd09ab338c552f716abab1fc,38ad04bc14c2a22e2d4699472849a99e706e5988005381695628468a6a57aff5,e9055165efd2caa6818f693e09238dd2de35c656513a8428d0f740f0b7fc3ef7,25c0c9e1a425a3f10a2bb3ac6e4c8020307443bf5b9f2b5b72f9110849176ec3,0.141752690076828,0.046807654201984406,0.030172210186719894,66.97934912236924,0.0949450358748436,33.02064382309142,0.6975966001574759,1.7148770616478923,0.13666799222892373,1.0,False,0.9998565912246704,0.9999911785125732,0.0,all_four_full_spatial_windows_common_frames
T03,0,BG4,spatial_E,"[0, 1, 2, 3, 4, 5, 6, 7, 8, 9, 10, 11]",0621af164f0d6fe5212699283835179d19f439f1fcc3be509802dbcf3cc64f99,9b3a3029b419465d2853d7a6f85bfe5d6f2d98ea3c13033415d93ebbaca288a8,576d0d3a30f3617b0fd9e24a26d20e665da4c28ddd09ab338c552f716abab1fc,38ad04bc14c2a22e2d4699472849a99e706e5988005381695628468a6a57aff5,e9055165efd2caa6818f693e09238dd2de35c656513a8428d0f740f0b7fc3ef7,25c0c9e1a425a3f10a2bb3ac6e4c8020307443bf5b9f2b5b72f9110849176ec3,0.07572707533836365,0.06211286783218384,0.16257241368293762,17.977989573147877,0.01361420750617981,82.02199722153735,0.7454823850184974,1.8613740635427023,-0.00712479664022791,1.0,False,0.9999096393585205,0.9999924302101135,0.09360218502405854,all_four_full_spatial_windows_common_frames
T03,0,BG4,spatial_EM,"[0, 1, 2, 3, 4, 5, 6, 7, 8, 9, 10, 11, 12, 13, 14, 15, 16, 17, 18, 19, 20, 21, 22, 23]",0621af164f0d6fe5212699283835179d19f439f1fcc3be509802dbcf3cc64f99,9b3a3029b419465d2853d7a6f85bfe5d6f2d98ea3c13033415d93ebbaca288a8,576d0d3a30f3617b0fd9e24a26d20e665da4c28ddd09ab338c552f716abab1fc,38ad04bc14c2a22e2d4699472849a99e706e5988005381695628468a6a57aff5,e9055165efd2caa6818f693e09238dd2de35c656513a8428d0f740f0b7fc3ef7,25c0c9e1a425a3f10a2bb3ac6e4c8020307443bf5b9f2b5b72f9110849176ec3,0.07572707533836365,0.04156861454248428,0.044365331530570984,45.10732275414085,0.034158460795879364,54.89266404054437,0.7446462378318344,1.757739576448017,-0.006288649453564943,1.0,False,0.9998899698257446,0.9999914765357971,0.03966256691008167,all_four_full_spatial_windows_common_frames
T03,0,BG4,spatial_ML,"[12, 13, 14, 15, 16, 17, 18, 19, 20, 21, 22, 23, 24, 25, 26, 27, 28, 29, 30, 31, 32, 33, 34, 35]",0621af164f0d6fe5212699283835179d19f439f1fcc3be509802dbcf3cc64f99,9b3a3029b419465d2853d7a6f85bfe5d6f2d98ea3c13033415d93ebbaca288a8,576d0d3a30f3617b0fd9e24a26d20e665da4c28ddd09ab338c552f716abab1fc,38ad04bc14c2a22e2d4699472849a99e706e5988005381695628468a6a57aff5,e9055165efd2caa6818f693e09238dd2de35c656513a8428d0f740f0b7fc3ef7,25c0c9e1a425a3f10a2bb3ac6e4c8020307443bf5b9f2b5b72f9110849176ec3,0.07572707533836365,0.040536943823099136,0.030558429658412933,46.469676415021155,0.03519013151526451,53.530310379664066,0.7320970054754581,1.7412728607801145,0.0062605829028113905,1.0,False,0.9998764991760254,0.9999910593032837,0.008291811206306256,all_four_full_spatial_windows_common_frames
T03,0,BG4,spatial_all,"[0, 1, 2, 3, 4, 5, 6, 7, 8, 9, 10, 11, 12, 13, 14, 15, 16, 17, 18, 19, 20, 21, 22, 23, 24, 25, 26, 27, 28, 29, 30, 31, 32, 33, 34, 35]",0621af164f0d6fe5212699283835179d19f439f1fcc3be509802dbcf3cc64f99,9b3a3029b419465d2853d7a6f85bfe5d6f2d98ea3c13033415d93ebbaca288a8,576d0d3a30f3617b0fd9e24a26d20e665da4c28ddd09ab338c552f716abab1fc,38ad04bc14c2a22e2d4699472849a99e706e5988005381695628468a6a57aff5,e9055165efd2caa6818f693e09238dd2de35c656513a8428d0f740f0b7fc3ef7,25c0c9e1a425a3f10a2bb3ac6e4c8020307443bf5b9f2b5b72f9110849176ec3,0.07572707533836365,0.03436293825507164,0.02000204473733902,54.62264511894105,0.04136413708329201,45.37734167574417,0.7271571537521537,1.7294506274131731,0.011200434626115724,1.0,False,0.9998800754547119,0.999991774559021,0.0,all_four_full_spatial_windows_common_frames
T03,0,BG5,spatial_E,"[0, 1, 2, 3, 4, 5, 6, 7, 8, 9, 10, 11]",0621af164f0d6fe5212699283835179d19f439f1fcc3be509802dbcf3cc64f99,9b3a3029b419465d2853d7a6f85bfe5d6f2d98ea3c13033415d93ebbaca288a8,576d0d3a30f3617b0fd9e24a26d20e665da4c28ddd09ab338c552f716abab1fc,38ad04bc14c2a22e2d4699472849a99e706e5988005381695628468a6a57aff5,e9055165efd2caa6818f693e09238dd2de35c656513a8428d0f740f0b7fc3ef7,25c0c9e1a425a3f10a2bb3ac6e4c8020307443bf5b9f2b5b72f9110849176ec3,0.4526486396789551,0.4311598241329193,0.8347309231758118,4.747349972495642,0.021488815546035767,95.25264781828535,1.1132256337261692,2.4416569131350796,0.020521217905667577,1.0,False,0.9996670484542847,0.9999817609786987,0.2491722484261928,all_four_full_spatial_windows_common_frames
T03,0,BG5,spatial_EM,"[0, 1, 2, 3, 4, 5, 6, 7, 8, 9, 10, 11, 12, 13, 14, 15, 16, 17, 18, 19, 20, 21, 22, 23]",0621af164f0d6fe5212699283835179d19f439f1fcc3be509802dbcf3cc64f99,9b3a3029b419465d2853d7a6f85bfe5d6f2d98ea3c13033415d93ebbaca288a8,576d0d3a30f3617b0fd9e24a26d20e665da4c28ddd09ab338c552f716abab1fc,38ad04bc14c2a22e2d4699472849a99e706e5988005381695628468a6a57aff5,e9055165efd2caa6818f693e09238dd2de35c656513a8428d0f740f0b7fc3ef7,25c0c9e1a425a3f10a2bb3ac6e4c8020307443bf5b9f2b5b72f9110849176ec3,0.4526486396789551,0.0963347852230072,0.04283491522073746,78.71753394352694,0.3563138544559479,21.28246384725404,0.7152443047746704,1.7300403308110996,0.41850254685716637,1.0,False,0.9997299313545227,0.9999864101409912,0.0441282927276196,all_four_full_spatial_windows_common_frames
T03,0,BG5,spatial_ML,"[12, 13, 14, 15, 16, 17, 18, 19, 20, 21, 22, 23, 24, 25, 26, 27, 28, 29, 30, 31, 32, 33, 34, 35]",0621af164f0d6fe5212699283835179d19f439f1fcc3be509802dbcf3cc64f99,9b3a3029b419465d2853d7a6f85bfe5d6f2d98ea3c13033415d93ebbaca288a8,576d0d3a30f3617b0fd9e24a26d20e665da4c28ddd09ab338c552f716abab1fc,38ad04bc14c2a22e2d4699472849a99e706e5988005381695628468a6a57aff5,e9055165efd2caa6818f693e09238dd2de35c656513a8428d0f740f0b7fc3ef7,25c0c9e1a425a3f10a2bb3ac6e4c8020307443bf5b9f2b5b72f9110849176ec3,0.4526486396789551,0.1055329218506813,0.04368487745523453,76.68546411758183,0.3471157178282738,23.314533673199165,0.716394220442852,1.6950112738468963,0.4173526311889849,1.0,False,0.999789297580719,0.9999892711639404,0.005197175883042954,all_four_full_spatial_windows_common_frames
T03,0,BG5,spatial_all,"[0, 1, 2, 3, 4, 5, 6, 7, 8, 9, 10, 11, 12, 13, 14, 15, 16, 17, 18, 19, 20, 21, 22, 23, 24, 25, 26, 27, 28, 29, 30, 31, 32, 33, 34, 35]",0621af164f0d6fe5212699283835179d19f439f1fcc3be509802dbcf3cc64f99,9b3a3029b419465d2853d7a6f85bfe5d6f2d98ea3c13033415d93ebbaca288a8,576d0d3a30f3617b0fd9e24a26d20e665da4c28ddd09ab338c552f716abab1fc,38ad04bc14c2a22e2d4699472849a99e706e5988005381695628468a6a57aff5,e9055165efd2caa6818f693e09238dd2de35c656513a8428d0f740f0b7fc3ef7,25c0c9e1a425a3f10a2bb3ac6e4c8020307443bf5b9f2b5b72f9110849176ec3,0.4526486396789551,0.10785043239593506,0.11519438028335571,76.17347528321825,0.34479820728302,23.826522507562743,0.6787275393366798,1.6248655726687935,0.4550193122951569,1.0,False,0.9997881054878235,0.9999892711639404,0.0,all_four_full_spatial_windows_common_frames
T03,0,BG6,spatial_E,"[0, 1, 2, 3, 4, 5, 6, 7, 8, 9, 10, 11]",0621af164f0d6fe5212699283835179d19f439f1fcc3be509802dbcf3cc64f99,9b3a3029b419465d2853d7a6f85bfe5d6f2d98ea3c13033415d93ebbaca288a8,576d0d3a30f3617b0fd9e24a26d20e665da4c28ddd09ab338c552f716abab1fc,38ad04bc14c2a22e2d4699472849a99e706e5988005381695628468a6a57aff5,e9055165efd2caa6818f693e09238dd2de35c656513a8428d0f740f0b7fc3ef7,25c0c9e1a425a3f10a2bb3ac6e4c8020307443bf5b9f2b5b72f9110849176ec3,0.9121346473693848,0.8497133255004883,1.6519089937210083,6.843432750260896,0.062421321868896484,93.15656615340974,1.5459637905199346,3.297660490867237,0.0632265609776346,1.0,False,0.9997218251228333,0.9999830722808838,0.22810982271590818,all_four_full_spatial_windows_common_frames
T03,0,BG6,spatial_EM,"[0, 1, 2, 3, 4, 5, 6, 7, 8, 9, 10, 11, 12, 13, 14, 15, 16, 17, 18, 19, 20, 21, 22, 23]",0621af164f0d6fe5212699283835179d19f439f1fcc3be509802dbcf3cc64f99,9b3a3029b419465d2853d7a6f85bfe5d6f2d98ea3c13033415d93ebbaca288a8,576d0d3a30f3617b0fd9e24a26d20e665da4c28ddd09ab338c552f716abab1fc,38ad04bc14c2a22e2d4699472849a99e706e5988005381695628468a6a57aff5,e9055165efd2caa6818f693e09238dd2de35c656513a8428d0f740f0b7fc3ef7,25c0c9e1a425a3f10a2bb3ac6e4c8020307443bf5b9f2b5b72f9110849176ec3,0.9121346473693848,0.189909428358078,0.19525107741355896,79.17967080586754,0.7222252190113068,20.820328097803095,0.6757780569293879,1.7255794222175926,0.9334122945681814,1.0,False,0.999600350856781,0.9999844431877136,0.04943315301968234,all_four_full_spatial_windows_common_frames
T03,0,BG6,spatial_ML,"[12, 13, 14, 15, 16, 17, 18, 19, 20, 21, 22, 23, 24, 25, 26, 27, 28, 29, 30, 31, 32, 33, 34, 35]",0621af164f0d6fe5212699283835179d19f439f1fcc3be509802dbcf3cc64f99,9b3a3029b419465d2853d7a6f85bfe5d6f2d98ea3c13033415d93ebbaca288a8,576d0d3a30f3617b0fd9e24a26d20e665da4c28ddd09ab338c552f716abab1fc,38ad04bc14c2a22e2d4699472849a99e706e5988005381695628468a6a57aff5,e9055165efd2caa6818f693e09238dd2de35c656513a8428d0f740f0b7fc3ef7,25c0c9e1a425a3f10a2bb3ac6e4c8020307443bf5b9f2b5b72f9110849176ec3,0.9121346473693848,0.16655519604682922,0.21100521087646484,81.74006384899594,0.7455794513225555,18.259935054674695,0.851138478633852,1.9183944107043194,0.7580518728637173,1.0,False,0.9996349811553955,0.9999848008155823,0.010060219920510528,all_four_full_spatial_windows_common_frames
T03,0,BG6,spatial_all,"[0, 1, 2, 3, 4, 5, 6, 7, 8, 9, 10, 11, 12, 13, 14, 15, 16, 17, 18, 19, 20, 21, 22, 23, 24, 25, 26, 27, 28, 29, 30, 31, 32, 33, 34, 35]",0621af164f0d6fe5212699283835179d19f439f1fcc3be509802dbcf3cc64f99,9b3a3029b419465d2853d7a6f85bfe5d6f2d98ea3c13033415d93ebbaca288a8,576d0d3a30f3617b0fd9e24a26d20e665da4c28ddd09ab338c552f716abab1fc,38ad04bc14c2a22e2d4699472849a99e706e5988005381695628468a6a57aff5,e9055165efd2caa6818f693e09238dd2de35c656513a8428d0f740f0b7fc3ef7,25c0c9e1a425a3f10a2bb3ac6e4c8020307443bf5b9f2b5b72f9110849176ec3,0.9121346473693848,0.0966145396232605,0.0974375531077385,89.40786331900831,0.8155201077461243,10.592135584662337,0.7001933537060644,1.6267566823614565,0.9089969977915049,1.0,False,0.9995898604393005,0.9999839663505554,0.0,all_four_full_spatial_windows_common_frames
T03,0,BG7,spatial_E,"[0, 1, 2, 3, 4, 5, 6, 7, 8, 9, 10, 11]",0621af164f0d6fe5212699283835179d19f439f1fcc3be509802dbcf3cc64f99,9b3a3029b419465d2853d7a6f85bfe5d6f2d98ea3c13033415d93ebbaca288a8,576d0d3a30f3617b0fd9e24a26d20e665da4c28ddd09ab338c552f716abab1fc,38ad04bc14c2a22e2d4699472849a99e706e5988005381695628468a6a57aff5,e9055165efd2caa6818f693e09238dd2de35c656513a8428d0f740f0b7fc3ef7,25c0c9e1a425a3f10a2bb3ac6e4c8020307443bf5b9f2b5b72f9110849176ec3,0.2720842957496643,0.24189285933971405,0.5823729038238525,11.096353509536264,0.030191436409950256,88.90364281513232,0.8867799149919311,2.2549943471596965,0.03697364405108568,1.0,False,0.9998798370361328,0.9999929666519165,0.28513098356226035,all_four_full_spatial_windows_common_frames
T03,0,BG7,spatial_EM,"[0, 1, 2, 3, 4, 5, 6, 7, 8, 9, 10, 11, 12, 13, 14, 15, 16, 17, 18, 19, 20, 21, 22, 23]",0621af164f0d6fe5212699283835179d19f439f1fcc3be509802dbcf3cc64f99,9b3a3029b419465d2853d7a6f85bfe5d6f2d98ea3c13033415d93ebbaca288a8,576d0d3a30f3617b0fd9e24a26d20e665da4c28ddd09ab338c552f716abab1fc,38ad04bc14c2a22e2d4699472849a99e706e5988005381695628468a6a57aff5,e9055165efd2caa6818f693e09238dd2de35c656513a8428d0f740f0b7fc3ef7,25c0c9e1a425a3f10a2bb3ac6e4c8020307443bf5b9f2b5b72f9110849176ec3,0.2720842957496643,0.12813089787960052,0.06917303055524826,52.907644736595174,0.14395339787006378,47.0923515880734,0.6755650313829779,1.7707839972168415,0.2481885276600392,1.0,False,0.9998793601989746,0.9999936819076538,0.05087023430699363,all_four_full_spatial_windows_common_frames
T03,0,BG7,spatial_ML,"[12, 13, 14, 15, 16, 17, 18, 19, 20, 21, 22, 23, 24, 25, 26, 27, 28, 29, 30, 31, 32, 33, 34, 35]",0621af164f0d6fe5212699283835179d19f439f1fcc3be509802dbcf3cc64f99,9b3a3029b419465d2853d7a6f85bfe5d6f2d98ea3c13033415d93ebbaca288a8,576d0d3a30f3617b0fd9e24a26d20e665da4c28ddd09ab338c552f716abab1fc,38ad04bc14c2a22e2d4699472849a99e706e5988005381695628468a6a57aff5,e9055165efd2caa6818f693e09238dd2de35c656513a8428d0f740f0b7fc3ef7,25c0c9e1a425a3f10a2bb3ac6e4c8020307443bf5b9f2b5b72f9110849176ec3,0.2720842957496643,0.10240497440099716,0.05708213523030281,62.362774244238636,0.16967932134866714,37.63722208042994,0.7637720046644932,1.7761144560402418,0.15998155437852377,1.0,False,0.9998549222946167,0.9999929666519165,0.0065264050474678125,all_four_full_spatial_windows_common_frames
T03,0,BG7,spatial_all,"[0, 1, 2, 3, 4, 5, 6, 7, 8, 9, 10, 11, 12, 13, 14, 15, 16, 17, 18, 19, 20, 21, 22, 23, 24, 25, 26, 27, 28, 29, 30, 31, 32, 33, 34, 35]",0621af164f0d6fe5212699283835179d19f439f1fcc3be509802dbcf3cc64f99,9b3a3029b419465d2853d7a6f85bfe5d6f2d98ea3c13033415d93ebbaca288a8,576d0d3a30f3617b0fd9e24a26d20e665da4c28ddd09ab338c552f716abab1fc,38ad04bc14c2a22e2d4699472849a99e706e5988005381695628468a6a57aff5,e9055165efd2caa6818f693e09238dd2de35c656513a8428d0f740f0b7fc3ef7,25c0c9e1a425a3f10a2bb3ac6e4c8020307443bf5b9f2b5b72f9110849176ec3,0.2720842957496643,0.08112003654241562,0.036106664687395096,70.18569434980513,0.1909642592072487,29.81430197486343,0.715815210788328,1.7062941638864357,0.207938348254689,1.0,False,0.9998661279678345,0.9999935030937195,0.0,all_four_full_spatial_windows_common_frames
T03,0,BG8,spatial_E,"[0, 1, 2, 3, 4, 5, 6, 7, 8, 9, 10, 11]",0621af164f0d6fe5212699283835179d19f439f1fcc3be509802dbcf3cc64f99,9b3a3029b419465d2853d7a6f85bfe5d6f2d98ea3c13033415d93ebbaca288a8,576d0d3a30f3617b0fd9e24a26d20e665da4c28ddd09ab338c552f716abab1fc,38ad04bc14c2a22e2d4699472849a99e706e5988005381695628468a6a57aff5,e9055165efd2caa6818f693e09238dd2de35c656513a8428d0f740f0b7fc3ef7,25c0c9e1a425a3f10a2bb3ac6e4c8020307443bf5b9f2b5b72f9110849176ec3,1.6755679845809937,1.5630922317504883,4.0197062492370605,6.712694035351993,0.11247575283050537,93.28730536783546,2.2660944854898455,5.70732995657732,0.11166895484676313,1.0,False,0.9997112154960632,0.9999805688858032,0.2508625377065156,all_four_full_spatial_windows_common_frames
T03,0,BG8,spatial_EM,"[0, 1, 2, 3, 4, 5, 6, 7, 8, 9, 10, 11, 12, 13, 14, 15, 16, 17, 18, 19, 20, 21, 22, 23]",0621af164f0d6fe5212699283835179d19f439f1fcc3be509802dbcf3cc64f99,9b3a3029b419465d2853d7a6f85bfe5d6f2d98ea3c13033415d93ebbaca288a8,576d0d3a30f3617b0fd9e24a26d20e665da4c28ddd09ab338c552f716abab1fc,38ad04bc14c2a22e2d4699472849a99e706e5988005381695628468a6a57aff5,e9055165efd2caa6818f693e09238dd2de35c656513a8428d0f740f0b7fc3ef7,25c0c9e1a425a3f10a2bb3ac6e4c8020307443bf5b9f2b5b72f9110849176ec3,1.6755679845809937,0.1327667236328125,0.23282185196876526,92.07631477432146,1.5428012609481812,7.923684628866001,0.7046469176961747,1.9353122601834243,1.6731165226404343,1.0,False,0.9997512698173523,0.9999871850013733,0.03732158442680968,all_four_full_spatial_windows_common_frames
T03,0,BG8,spatial_ML,"[12, 13, 14, 15, 16, 17, 18, 19, 20, 21, 22, 23, 24, 25, 26, 27, 28, 29, 30, 31, 32, 33, 34, 35]",0621af164f0d6fe5212699283835179d19f439f1fcc3be509802dbcf3cc64f99,9b3a3029b419465d2853d7a6f85bfe5d6f2d98ea3c13033415d93ebbaca288a8,576d0d3a30f3617b0fd9e24a26d20e665da4c28ddd09ab338c552f716abab1fc,38ad04bc14c2a22e2d4699472849a99e706e5988005381695628468a6a57aff5,e9055165efd2caa6818f693e09238dd2de35c656513a8428d0f740f0b7fc3ef7,25c0c9e1a425a3f10a2bb3ac6e4c8020307443bf5b9f2b5b72f9110849176ec3,1.6755679845809937,0.29139822721481323,0.49058225750923157,82.60898762943472,1.3841697573661804,17.391011773752737,0.9855108793053482,2.207168425664028,1.3922525610312604,1.0,False,0.9997884631156921,0.9999889135360718,0.027637408172963864,all_four_full_spatial_windows_common_frames
T03,0,BG8,spatial_all,"[0, 1, 2, 3, 4, 5, 6, 7, 8, 9, 10, 11, 12, 13, 14, 15, 16, 17, 18, 19, 20, 21, 22, 23, 24, 25, 26, 27, 28, 29, 30, 31, 32, 33, 34, 35]",0621af164f0d6fe5212699283835179d19f439f1fcc3be509802dbcf3cc64f99,9b3a3029b419465d2853d7a6f85bfe5d6f2d98ea3c13033415d93ebbaca288a8,576d0d3a30f3617b0fd9e24a26d20e665da4c28ddd09ab338c552f716abab1fc,38ad04bc14c2a22e2d4699472849a99e706e5988005381695628468a6a57aff5,e9055165efd2caa6818f693e09238dd2de35c656513a8428d0f740f0b7fc3ef7,25c0c9e1a425a3f10a2bb3ac6e4c8020307443bf5b9f2b5b72f9110849176ec3,1.6755679845809937,0.058110423386096954,0.10788093507289886,96.53189643308815,1.6174575611948967,3.4681029700993142,0.6919803824918558,1.760768832118394,1.6857830578447532,1.0,False,0.9997404217720032,0.999988853931427,0.0,all_four_full_spatial_windows_common_frames
T03,0,BG9,spatial_E,"[0, 1, 2, 3, 4, 5, 6, 7, 8, 9, 10, 11]",0621af164f0d6fe5212699283835179d19f439f1fcc3be509802dbcf3cc64f99,9b3a3029b419465d2853d7a6f85bfe5d6f2d98ea3c13033415d93ebbaca288a8,576d0d3a30f3617b0fd9e24a26d20e665da4c28ddd09ab338c552f716abab1fc,38ad04bc14c2a22e2d4699472849a99e706e5988005381695628468a6a57aff5,e9055165efd2caa6818f693e09238dd2de35c656513a8428d0f740f0b7fc3ef7,25c0c9e1a425a3f10a2bb3ac6e4c8020307443bf5b9f2b5b72f9110849176ec3,0.5877248048782349,0.5299638509750366,1.1724796295166016,9.827890951850515,0.05776095390319824,90.1721073466729,1.2147361052669232,2.8234879570080076,0.05667767825882619,1.0,False,0.999483585357666,0.999961793422699,0.20492638417407813,all_four_full_spatial_windows_common_frames
T03,0,BG9,spatial_EM,"[0, 1, 2, 3, 4, 5, 6, 7, 8, 9, 10, 11, 12, 13, 14, 15, 16, 17, 18, 19, 20, 21, 22, 23]",0621af164f0d6fe5212699283835179d19f439f1fcc3be509802dbcf3cc64f99,9b3a3029b419465d2853d7a6f85bfe5d6f2d98ea3c13033415d93ebbaca288a8,576d0d3a30f3617b0fd9e24a26d20e665da4c28ddd09ab338c552f716abab1fc,38ad04bc14c2a22e2d4699472849a99e706e5988005381695628468a6a57aff5,e9055165efd2caa6818f693e09238dd2de35c656513a8428d0f740f0b7fc3ef7,25c0c9e1a425a3f10a2bb3ac6e4c8020307443bf5b9f2b5b72f9110849176ec3,0.5877248048782349,0.07239067554473877,0.15365742146968842,87.68289449208696,0.5153341293334961,12.31710380643647,0.7416530022218201,1.8754315040851959,0.5297607813039293,1.0,False,0.999607503414154,0.9999774694442749,0.03868366884791727,all_four_full_spatial_windows_common_frames
T03,0,BG9,spatial_ML,"[12, 13, 14, 15, 16, 17, 18, 19, 20, 21, 22, 23, 24, 25, 26, 27, 28, 29, 30, 31, 32, 33, 34, 35]",0621af164f0d6fe5212699283835179d19f439f1fcc3be509802dbcf3cc64f99,9b3a3029b419465d2853d7a6f85bfe5d6f2d98ea3c13033415d93ebbaca288a8,576d0d3a30f3617b0fd9e24a26d20e665da4c28ddd09ab338c552f716abab1fc,38ad04bc14c2a22e2d4699472849a99e706e5988005381695628468a6a57aff5,e9055165efd2caa6818f693e09238dd2de35c656513a8428d0f740f0b7fc3ef7,25c0c9e1a425a3f10a2bb3ac6e4c8020307443bf5b9f2b5b72f9110849176ec3,0.5877248048782349,0.11557934433221817,0.19533830881118774,80.33444370454836,0.4721454605460167,19.665554593975063,0.8120331728279974,1.9083417145577342,0.459380610697752,1.0,False,0.9996001124382019,0.9999781847000122,0.023965212098819737,all_four_full_spatial_windows_common_frames
T03,0,BG9,spatial_all,"[0, 1, 2, 3, 4, 5, 6, 7, 8, 9, 10, 11, 12, 13, 14, 15, 16, 17, 18, 19, 20, 21, 22, 23, 24, 25, 26, 27, 28, 29, 30, 31, 32, 33, 34, 35]",0621af164f0d6fe5212699283835179d19f439f1fcc3be509802dbcf3cc64f99,9b3a3029b419465d2853d7a6f85bfe5d6f2d98ea3c13033415d93ebbaca288a8,576d0d3a30f3617b0fd9e24a26d20e665da4c28ddd09ab338c552f716abab1fc,38ad04bc14c2a22e2d4699472849a99e706e5988005381695628468a6a57aff5,e9055165efd2caa6818f693e09238dd2de35c656513a8428d0f740f0b7fc3ef7,25c0c9e1a425a3f10a2bb3ac6e4c8020307443bf5b9f2b5b72f9110849176ec3,0.5877248048782349,0.04716889187693596,0.003411260899156332,91.97432187941418,0.5405559130012989,8.025676419109244,0.7425830723159876,1.7238173861864883,0.5288307112097619,1.0,False,0.9995719790458679,0.999977707862854,0.0,all_four_full_spatial_windows_common_frames
T03,0,BG10,spatial_E,"[0, 1, 2, 3, 4, 5, 6, 7, 8, 9, 10, 11]",0621af164f0d6fe5212699283835179d19f439f1fcc3be509802dbcf3cc64f99,9b3a3029b419465d2853d7a6f85bfe5d6f2d98ea3c13033415d93ebbaca288a8,576d0d3a30f3617b0fd9e24a26d20e665da4c28ddd09ab338c552f716abab1fc,38ad04bc14c2a22e2d4699472849a99e706e5988005381695628468a6a57aff5,e9055165efd2caa6818f693e09238dd2de35c656513a8428d0f740f0b7fc3ef7,25c0c9e1a425a3f10a2bb3ac6e4c8020307443bf5b9f2b5b72f9110849176ec3,1.5161058902740479,1.4275808334350586,3.508652448654175,5.838975814485496,0.08852505683898926,94.16102352592998,2.12919264484653,5.19844711628292,0.08613321881636493,1.0,False,0.9998836517333984,0.9999915957450867,0.19190386816516686,all_four_full_spatial_windows_common_frames
T03,0,BG10,spatial_EM,"[0, 1, 2, 3, 4, 5, 6, 7, 8, 9, 10, 11, 12, 13, 14, 15, 16, 17, 18, 19, 20, 21, 22, 23]",0621af164f0d6fe5212699283835179d19f439f1fcc3be509802dbcf3cc64f99,9b3a3029b419465d2853d7a6f85bfe5d6f2d98ea3c13033415d93ebbaca288a8,576d0d3a30f3617b0fd9e24a26d20e665da4c28ddd09ab338c552f716abab1fc,38ad04bc14c2a22e2d4699472849a99e706e5988005381695628468a6a57aff5,e9055165efd2caa6818f693e09238dd2de35c656513a8428d0f740f0b7fc3ef7,25c0c9e1a425a3f10a2bb3ac6e4c8020307443bf5b9f2b5b72f9110849176ec3,1.5161058902740479,0.13982245326042175,0.32935860753059387,90.77752660713557,1.376283437013626,9.222472733279897,0.725926639334447,2.0397098750719764,1.4893992243284477,1.0,False,0.9997703433036804,0.9999892711639404,0.04284665854189466,all_four_full_spatial_windows_common_frames
T03,0,BG10,spatial_ML,"[12, 13, 14, 15, 16, 17, 18, 19, 20, 21, 22, 23, 24, 25, 26, 27, 28, 29, 30, 31, 32, 33, 34, 35]",0621af164f0d6fe5212699283835179d19f439f1fcc3be509802dbcf3cc64f99,9b3a3029b419465d2853d7a6f85bfe5d6f2d98ea3c13033415d93ebbaca288a8,576d0d3a30f3617b0fd9e24a26d20e665da4c28ddd09ab338c552f716abab1fc,38ad04bc14c2a22e2d4699472849a99e706e5988005381695628468a6a57aff5,e9055165efd2caa6818f693e09238dd2de35c656513a8428d0f740f0b7fc3ef7,25c0c9e1a425a3f10a2bb3ac6e4c8020307443bf5b9f2b5b72f9110849176ec3,1.5161058902740479,0.3325013220310211,0.48477867245674133,78.06872646752981,1.1836045682430267,21.931272872885657,1.0346190594206797,2.1986246776563774,1.1807068042422153,1.0,False,0.9997193217277527,0.999987781047821,0.020744617819716482,all_four_full_spatial_windows_common_frames
T03,0,BG10,spatial_all,"[0, 1, 2, 3, 4, 5, 6, 7, 8, 9, 10, 11, 12, 13, 14, 15, 16, 17, 18, 19, 20, 21, 22, 23, 24, 25, 26, 27, 28, 29, 30, 31, 32, 33, 34, 35]",0621af164f0d6fe5212699283835179d19f439f1fcc3be509802dbcf3cc64f99,9b3a3029b419465d2853d7a6f85bfe5d6f2d98ea3c13033415d93ebbaca288a8,576d0d3a30f3617b0fd9e24a26d20e665da4c28ddd09ab338c552f716abab1fc,38ad04bc14c2a22e2d4699472849a99e706e5988005381695628468a6a57aff5,e9055165efd2caa6818f693e09238dd2de35c656513a8428d0f740f0b7fc3ef7,25c0c9e1a425a3f10a2bb3ac6e4c8020307443bf5b9f2b5b72f9110849176ec3,1.5161058902740479,0.07681925594806671,0.08484898507595062,94.93312004562604,1.4392866343259811,5.0668792947894365,0.7319809432437765,1.6954079468288434,1.4833449204191183,1.0,False,0.9996827840805054,0.9999880790710449,0.0,all_four_full_spatial_windows_common_frames
T03,0,BG11,spatial_E,"[0, 1, 2, 3, 4, 5, 6, 7, 8, 9, 10, 11]",0621af164f0d6fe5212699283835179d19f439f1fcc3be509802dbcf3cc64f99,9b3a3029b419465d2853d7a6f85bfe5d6f2d98ea3c13033415d93ebbaca288a8,576d0d3a30f3617b0fd9e24a26d20e665da4c28ddd09ab338c552f716abab1fc,38ad04bc14c2a22e2d4699472849a99e706e5988005381695628468a6a57aff5,e9055165efd2caa6818f693e09238dd2de35c656513a8428d0f740f0b7fc3ef7,25c0c9e1a425a3f10a2bb3ac6e4c8020307443bf5b9f2b5b72f9110849176ec3,0.6884467601776123,0.6268002986907959,1.3797234296798706,8.954426712019034,0.061646461486816406,91.04557183543584,1.3226880320510472,3.0749806700978484,0.06491150208616848,1.0,False,0.9998230338096619,0.9999869465827942,0.1652285115674037,all_four_full_spatial_windows_common_frames
T03,0,BG11,spatial_EM,"[0, 1, 2, 3, 4, 5, 6, 7, 8, 9, 10, 11, 12, 13, 14, 15, 16, 17, 18, 19, 20, 21, 22, 23]",0621af164f0d6fe5212699283835179d19f439f1fcc3be509802dbcf3cc64f99,9b3a3029b419465d2853d7a6f85bfe5d6f2d98ea3c13033415d93ebbaca288a8,576d0d3a30f3617b0fd9e24a26d20e665da4c28ddd09ab338c552f716abab1fc,38ad04bc14c2a22e2d4699472849a99e706e5988005381695628468a6a57aff5,e9055165efd2caa6818f693e09238dd2de35c656513a8428d0f740f0b7fc3ef7,25c0c9e1a425a3f10a2bb3ac6e4c8020307443bf5b9f2b5b72f9110849176ec3,0.6884467601776123,0.1152847558259964,0.05625513568520546,83.2543675386473,0.5731620043516159,16.745631008807564,0.6707250161702738,1.7520324124355833,0.716874517966942,1.0,False,0.9998076558113098,0.9999907612800598,0.041477967780713845,all_four_full_spatial_windows_common_frames
T03,0,BG11,spatial_ML,"[12, 13, 14, 15, 16, 17, 18, 19, 20, 21, 22, 23, 24, 25, 26, 27, 28, 29, 30, 31, 32, 33, 34, 35]",0621af164f0d6fe5212699283835179d19f439f1fcc3be509802dbcf3cc64f99,9b3a3029b419465d2853d7a6f85bfe5d6f2d98ea3c13033415d93ebbaca288a8,576d0d3a30f3617b0fd9e24a26d20e665da4c28ddd09ab338c552f716abab1fc,38ad04bc14c2a22e2d4699472849a99e706e5988005381695628468a6a57aff5,e9055165efd2caa6818f693e09238dd2de35c656513a8428d0f740f0b7fc3ef7,25c0c9e1a425a3f10a2bb3ac6e4c8020307443bf5b9f2b5b72f9110849176ec3,0.6884467601776123,0.14178873598575592,0.13768276572227478,79.40454482062921,0.5466580241918564,20.595453726825657,0.8428692245101645,1.859168177928184,0.5447303096270513,1.0,False,0.999788224697113,0.9999899864196777,0.015247900236466244,all_four_full_spatial_windows_common_frames
T03,0,BG11,spatial_all,"[0, 1, 2, 3, 4, 5, 6, 7, 8, 9, 10, 11, 12, 13, 14, 15, 16, 17, 18, 19, 20, 21, 22, 23, 24, 25, 26, 27, 28, 29, 30, 31, 32, 33, 34, 35]",0621af164f0d6fe5212699283835179d19f439f1fcc3be509802dbcf3cc64f99,9b3a3029b419465d2853d7a6f85bfe5d6f2d98ea3c13033415d93ebbaca288a8,576d0d3a30f3617b0fd9e24a26d20e665da4c28ddd09ab338c552f716abab1fc,38ad04bc14c2a22e2d4699472849a99e706e5988005381695628468a6a57aff5,e9055165efd2caa6818f693e09238dd2de35c656513a8428d0f740f0b7fc3ef7,25c0c9e1a425a3f10a2bb3ac6e4c8020307443bf5b9f2b5b72f9110849176ec3,0.6884467601776123,0.06274376809597015,0.0871957540512085,90.88618309883523,0.6257029920816422,9.113815448619636,0.7287241599660831,1.6528765151633393,0.6588753741711328,1.0,False,0.9997974038124084,0.9999901056289673,0.0,all_four_full_spatial_windows_common_frames
T03,0,BG12,spatial_E,"[0, 1, 2, 3, 4, 5, 6, 7, 8, 9, 10, 11]",0621af164f0d6fe5212699283835179d19f439f1fcc3be509802dbcf3cc64f99,9b3a3029b419465d2853d7a6f85bfe5d6f2d98ea3c13033415d93ebbaca288a8,576d0d3a30f3617b0fd9e24a26d20e665da4c28ddd09ab338c552f716abab1fc,38ad04bc14c2a22e2d4699472849a99e706e5988005381695628468a6a57aff5,e9055165efd2caa6818f693e09238dd2de35c656513a8428d0f740f0b7fc3ef7,25c0c9e1a425a3f10a2bb3ac6e4c8020307443bf5b9f2b5b72f9110849176ec3,0.27589765191078186,0.2521827518939972,0.5041437745094299,8.595542221178173,0.023714900016784668,91.40445415428948,0.9236924910801777,2.1586970583096066,0.02362859212888344,1.0,False,0.9997424483299255,0.999987781047821,0.18563550710088494,all_four_full_spatial_windows_common_frames
T03,0,BG12,spatial_EM,"[0, 1, 2, 3, 4, 5, 6, 7, 8, 9, 10, 11, 12, 13, 14, 15, 16, 17, 18, 19, 20, 21, 22, 23]",0621af164f0d6fe5212699283835179d19f439f1fcc3be509802dbcf3cc64f99,9b3a3029b419465d2853d7a6f85bfe5d6f2d98ea3c13033415d93ebbaca288a8,576d0d3a30f3617b0fd9e24a26d20e665da4c28ddd09ab338c552f716abab1fc,38ad04bc14c2a22e2d4699472849a99e706e5988005381695628468a6a57aff5,e9055165efd2caa6818f693e09238dd2de35c656513a8428d0f740f0b7fc3ef7,25c0c9e1a425a3f10a2bb3ac6e4c8020307443bf5b9f2b5b72f9110849176ec3,0.27589765191078186,0.11549530923366547,0.08988837897777557,58.13834795344744,0.1604023426771164,41.86164842202021,0.7398514131344885,1.804700582465482,0.20746967007457268,1.0,False,0.9998364448547363,0.9999907612800598,0.04168468667790111,all_four_full_spatial_windows_common_frames
T03,0,BG12,spatial_ML,"[12, 13, 14, 15, 16, 17, 18, 19, 20, 21, 22, 23, 24, 25, 26, 27, 28, 29, 30, 31, 32, 33, 34, 35]",0621af164f0d6fe5212699283835179d19f439f1fcc3be509802dbcf3cc64f99,9b3a3029b419465d2853d7a6f85bfe5d6f2d98ea3c13033415d93ebbaca288a8,576d0d3a30f3617b0fd9e24a26d20e665da4c28ddd09ab338c552f716abab1fc,38ad04bc14c2a22e2d4699472849a99e706e5988005381695628468a6a57aff5,e9055165efd2caa6818f693e09238dd2de35c656513a8428d0f740f0b7fc3ef7,25c0c9e1a425a3f10a2bb3ac6e4c8020307443bf5b9f2b5b72f9110849176ec3,0.27589765191078186,0.12037920951843262,0.059807658195495605,56.36816249738277,0.15551844239234924,43.63183387808488,0.7442101246013032,1.7808632323397637,0.20311095860775805,1.0,False,0.9998695850372314,0.999992311000824,0.013329789565643574,all_four_full_spatial_windows_common_frames
T03,0,BG12,spatial_all,"[0, 1, 2, 3, 4, 5, 6, 7, 8, 9, 10, 11, 12, 13, 14, 15, 16, 17, 18, 19, 20, 21, 22, 23, 24, 25, 26, 27, 28, 29, 30, 31, 32, 33, 34, 35]",0621af164f0d6fe5212699283835179d19f439f1fcc3be509802dbcf3cc64f99,9b3a3029b419465d2853d7a6f85bfe5d6f2d98ea3c13033415d93ebbaca288a8,576d0d3a30f3617b0fd9e24a26d20e665da4c28ddd09ab338c552f716abab1fc,38ad04bc14c2a22e2d4699472849a99e706e5988005381695628468a6a57aff5,e9055165efd2caa6818f693e09238dd2de35c656513a8428d0f740f0b7fc3ef7,25c0c9e1a425a3f10a2bb3ac6e4c8020307443bf5b9f2b5b72f9110849176ec3,0.27589765191078186,0.09590761363506317,0.051923807710409164,65.23797158307299,0.1799900382757187,34.762024792394655,0.7111832946415838,1.7121731884631173,0.23613778856747736,1.0,False,0.9998660087585449,0.9999926090240479,0.0,all_four_full_spatial_windows_common_frames
T03,0,BG13,spatial_E,"[0, 1, 2, 3, 4, 5, 6, 7, 8, 9, 10, 11]",0621af164f0d6fe5212699283835179d19f439f1fcc3be509802dbcf3cc64f99,9b3a3029b419465d2853d7a6f85bfe5d6f2d98ea3c13033415d93ebbaca288a8,576d0d3a30f3617b0fd9e24a26d20e665da4c28ddd09ab338c552f716abab1fc,38ad04bc14c2a22e2d4699472849a99e706e5988005381695628468a6a57aff5,e9055165efd2caa6818f693e09238dd2de35c656513a8428d0f740f0b7fc3ef7,25c0c9e1a425a3f10a2bb3ac6e4c8020307443bf5b9f2b5b72f9110849176ec3,0.13833926618099213,0.12716248631477356,0.21338602900505066,8.079252815806088,0.011176779866218567,91.9207399555888,0.7559242940473494,1.8772389813560677,0.00997084482270856,1.0,False,0.9998579025268555,0.9999916553497314,0.1685910809776084,all_four_full_spatial_windows_common_frames
T03,0,BG13,spatial_EM,"[0, 1, 2, 3, 4, 5, 6, 7, 8, 9, 10, 11, 12, 13, 14, 15, 16, 17, 18, 19, 20, 21, 22, 23]",0621af164f0d6fe5212699283835179d19f439f1fcc3be509802dbcf3cc64f99,9b3a3029b419465d2853d7a6f85bfe5d6f2d98ea3c13033415d93ebbaca288a8,576d0d3a30f3617b0fd9e24a26d20e665da4c28ddd09ab338c552f716abab1fc,38ad04bc14c2a22e2d4699472849a99e706e5988005381695628468a6a57aff5,e9055165efd2caa6818f693e09238dd2de35c656513a8428d0f740f0b7fc3ef7,25c0c9e1a425a3f10a2bb3ac6e4c8020307443bf5b9f2b5b72f9110849176ec3,0.13833926618099213,0.09241660684347153,0.03274589404463768,33.19567703783489,0.0459226593375206,66.80431573355999,0.7067170853454521,1.746106118874657,0.059178053524605936,1.0,False,0.9998637437820435,0.9999910593032837,0.047789071620036504,all_four_full_spatial_windows_common_frames
T03,0,BG13,spatial_ML,"[12, 13, 14, 15, 16, 17, 18, 19, 20, 21, 22, 23, 24, 25, 26, 27, 28, 29, 30, 31, 32, 33, 34, 35]",0621af164f0d6fe5212699283835179d19f439f1fcc3be509802dbcf3cc64f99,9b3a3029b419465d2853d7a6f85bfe5d6f2d98ea3c13033415d93ebbaca288a8,576d0d3a30f3617b0fd9e24a26d20e665da4c28ddd09ab338c552f716abab1fc,38ad04bc14c2a22e2d4699472849a99e706e5988005381695628468a6a57aff5,e9055165efd2caa6818f693e09238dd2de35c656513a8428d0f740f0b7fc3ef7,25c0c9e1a425a3f10a2bb3ac6e4c8020307443bf5b9f2b5b72f9110849176ec3,0.13833926618099213,0.08928791433572769,0.019258158281445503,35.457285305649236,0.049051351845264435,64.54270746574565,0.7125508713729902,1.7238459054551443,0.053344267497067645,1.0,False,0.9998565912246704,0.9999918341636658,0.011252524842965704,all_four_full_spatial_windows_common_frames
T03,0,BG13,spatial_all,"[0, 1, 2, 3, 4, 5, 6, 7, 8, 9, 10, 11, 12, 13, 14, 15, 16, 17, 18, 19, 20, 21, 22, 23, 24, 25, 26, 27, 28, 29, 30, 31, 32, 33, 34, 35]",0621af164f0d6fe5212699283835179d19f439f1fcc3be509802dbcf3cc64f99,9b3a3029b419465d2853d7a6f85bfe5d6f2d98ea3c13033415d93ebbaca288a8,576d0d3a30f3617b0fd9e24a26d20e665da4c28ddd09ab338c552f716abab1fc,38ad04bc14c2a22e2d4699472849a99e706e5988005381695628468a6a57aff5,e9055165efd2caa6818f693e09238dd2de35c656513a8428d0f740f0b7fc3ef7,25c0c9e1a425a3f10a2bb3ac6e4c8020307443bf5b9f2b5b72f9110849176ec3,0.13833926618099213,0.08405371010303497,0.05548763647675514,39.240884856831435,0.05428555607795715,60.75910791456345,0.6984160566801092,1.693172976552698,0.06747908218994866,1.0,False,0.9998611211776733,0.9999918341636658,0.0,all_four_full_spatial_windows_common_frames
T03,0,BG14,spatial_E,"[0, 1, 2, 3, 4, 5, 6, 7, 8, 9, 10, 11]",0621af164f0d6fe5212699283835179d19f439f1fcc3be509802dbcf3cc64f99,9b3a3029b419465d2853d7a6f85bfe5d6f2d98ea3c13033415d93ebbaca288a8,576d0d3a30f3617b0fd9e24a26d20e665da4c28ddd09ab338c552f716abab1fc,38ad04bc14c2a22e2d4699472849a99e706e5988005381695628468a6a57aff5,e9055165efd2caa6818f693e09238dd2de35c656513a8428d0f740f0b7fc3ef7,25c0c9e1a425a3f10a2bb3ac6e4c8020307443bf5b9f2b5b72f9110849176ec3,0.8896175622940063,0.8213399052619934,1.7140367031097412,7.674944735629402,0.06827765703201294,92.32505414029208,1.526259696621819,3.407520040638252,0.067588458826858,1.0,False,0.9996401071548462,0.9999752640724182,0.14600751444391447,all_four_full_spatial_windows_common_frames
T03,0,BG14,spatial_EM,"[0, 1, 2, 3, 4, 5, 6, 7, 8, 9, 10, 11, 12, 13, 14, 15, 16, 17, 18, 19, 20, 21, 22, 23]",0621af164f0d6fe5212699283835179d19f439f1fcc3be509802dbcf3cc64f99,9b3a3029b419465d2853d7a6f85bfe5d6f2d98ea3c13033415d93ebbaca288a8,576d0d3a30f3617b0fd9e24a26d20e665da4c28ddd09ab338c552f716abab1fc,38ad04bc14c2a22e2d4699472849a99e706e5988005381695628468a6a57aff5,e9055165efd2caa6818f693e09238dd2de35c656513a8428d0f740f0b7fc3ef7,25c0c9e1a425a3f10a2bb3ac6e4c8020307443bf5b9f2b5b72f9110849176ec3,0.8896175622940063,0.08629076182842255,0.16575737297534943,90.30023973043726,0.8033268004655838,9.699759145484217,0.7424290881302553,1.8861139710091015,0.8514190673184217,1.0,False,0.999782145023346,0.9999873638153076,0.04014741163856041,all_four_full_spatial_windows_common_frames
T03,0,BG14,spatial_ML,"[12, 13, 14, 15, 16, 17, 18, 19, 20, 21, 22, 23, 24, 25, 26, 27, 28, 29, 30, 31, 32, 33, 34, 35]",0621af164f0d6fe5212699283835179d19f439f1fcc3be509802dbcf3cc64f99,9b3a3029b419465d2853d7a6f85bfe5d6f2d98ea3c13033415d93ebbaca288a8,576d0d3a30f3617b0fd9e24a26d20e665da4c28ddd09ab338c552f716abab1fc,38ad04bc14c2a22e2d4699472849a99e706e5988005381695628468a6a57aff5,e9055165efd2caa6818f693e09238dd2de35c656513a8428d0f740f0b7fc3ef7,25c0c9e1a425a3f10a2bb3ac6e4c8020307443bf5b9f2b5b72f9110849176ec3,0.8896175622940063,0.17630460858345032,0.2646263837814331,80.18197660722645,0.713312953710556,19.81802226869503,0.8557675695806104,1.9788614526737085,0.7380805858680664,1.0,False,0.9997636675834656,0.9999880194664001,0.013785657827613316,all_four_full_spatial_windows_common_frames
T03,0,BG14,spatial_all,"[0, 1, 2, 3, 4, 5, 6, 7, 8, 9, 10, 11, 12, 13, 14, 15, 16, 17, 18, 19, 20, 21, 22, 23, 24, 25, 26, 27, 28, 29, 30, 31, 32, 33, 34, 35]",0621af164f0d6fe5212699283835179d19f439f1fcc3be509802dbcf3cc64f99,9b3a3029b419465d2853d7a6f85bfe5d6f2d98ea3c13033415d93ebbaca288a8,576d0d3a30f3617b0fd9e24a26d20e665da4c28ddd09ab338c552f716abab1fc,38ad04bc14c2a22e2d4699472849a99e706e5988005381695628468a6a57aff5,e9055165efd2caa6818f693e09238dd2de35c656513a8428d0f740f0b7fc3ef7,25c0c9e1a425a3f10a2bb3ac6e4c8020307443bf5b9f2b5b72f9110849176ec3,0.8896175622940063,0.06804608553647995,0.017915217205882072,92.35108459458445,0.8215714767575264,7.648914281337021,0.7214949678638604,1.7299898423195976,0.8723531875848165,1.0,False,0.9997606873512268,0.9999889135360718,0.0,all_four_full_spatial_windows_common_frames
T03,0,BG15,spatial_E,"[0, 1, 2, 3, 4, 5, 6, 7, 8, 9, 10, 11]",0621af164f0d6fe5212699283835179d19f439f1fcc3be509802dbcf3cc64f99,9b3a3029b419465d2853d7a6f85bfe5d6f2d98ea3c13033415d93ebbaca288a8,576d0d3a30f3617b0fd9e24a26d20e665da4c28ddd09ab338c552f716abab1fc,38ad04bc14c2a22e2d4699472849a99e706e5988005381695628468a6a57aff5,e9055165efd2caa6818f693e09238dd2de35c656513a8428d0f740f0b7fc3ef7,25c0c9e1a425a3f10a2bb3ac6e4c8020307443bf5b9f2b5b72f9110849176ec3,0.22832567989826202,0.20289917290210724,0.46151867508888245,11.136069273450744,0.025426506996154785,88.8639263468406,0.8880543557216962,2.1675023110004146,0.026740907217931386,1.0,False,0.9998295307159424,0.9999871253967285,0.12243284968071545,all_four_full_spatial_windows_common_frames
T03,0,BG15,spatial_EM,"[0, 1, 2, 3, 4, 5, 6, 7, 8, 9, 10, 11, 12, 13, 14, 15, 16, 17, 18, 19, 20, 21, 22, 23]",0621af164f0d6fe5212699283835179d19f439f1fcc3be509802dbcf3cc64f99,9b3a3029b419465d2853d7a6f85bfe5d6f2d98ea3c13033415d93ebbaca288a8,576d0d3a30f3617b0fd9e24a26d20e665da4c28ddd09ab338c552f716abab1fc,38ad04bc14c2a22e2d4699472849a99e706e5988005381695628468a6a57aff5,e9055165efd2caa6818f693e09238dd2de35c656513a8428d0f740f0b7fc3ef7,25c0c9e1a425a3f10a2bb3ac6e4c8020307443bf5b9f2b5b72f9110849176ec3,0.22832567989826202,0.05137312412261963,0.03909456729888916,77.50006398950964,0.1769525557756424,22.499931630781717,0.7042356154574806,1.7607832647572856,0.21055964748214687,1.0,False,0.9997807145118713,0.9999869465827942,0.04460402974047133,all_four_full_spatial_windows_common_frames
T03,0,BG15,spatial_ML,"[12, 13, 14, 15, 16, 17, 18, 19, 20, 21, 22, 23, 24, 25, 26, 27, 28, 29, 30, 31, 32, 33, 34, 35]",0621af164f0d6fe5212699283835179d19f439f1fcc3be509802dbcf3cc64f99,9b3a3029b419465d2853d7a6f85bfe5d6f2d98ea3c13033415d93ebbaca288a8,576d0d3a30f3617b0fd9e24a26d20e665da4c28ddd09ab338c552f716abab1fc,38ad04bc14c2a22e2d4699472849a99e706e5988005381695628468a6a57aff5,e9055165efd2caa6818f693e09238dd2de35c656513a8428d0f740f0b7fc3ef7,25c0c9e1a425a3f10a2bb3ac6e4c8020307443bf5b9f2b5b72f9110849176ec3,0.22832567989826202,0.06580036133527756,0.05100627616047859,71.18135442201135,0.16252531856298447,28.81864119827999,0.7528631528798959,1.7727711875358803,0.16193211005973182,1.0,False,0.9997339844703674,0.9999853372573853,0.011113656453243213,all_four_full_spatial_windows_common_frames
T03,0,BG15,spatial_all,"[0, 1, 2, 3, 4, 5, 6, 7, 8, 9, 10, 11, 12, 13, 14, 15, 16, 17, 18, 19, 20, 21, 22, 23, 24, 25, 26, 27, 28, 29, 30, 31, 32, 33, 34, 35]",0621af164f0d6fe5212699283835179d19f439f1fcc3be509802dbcf3cc64f99,9b3a3029b419465d2853d7a6f85bfe5d6f2d98ea3c13033415d93ebbaca288a8,576d0d3a30f3617b0fd9e24a26d20e665da4c28ddd09ab338c552f716abab1fc,38ad04bc14c2a22e2d4699472849a99e706e5988005381695628468a6a57aff5,e9055165efd2caa6818f693e09238dd2de35c656513a8428d0f740f0b7fc3ef7,25c0c9e1a425a3f10a2bb3ac6e4c8020307443bf5b9f2b5b72f9110849176ec3,0.22832567989826202,0.040578797459602356,0.006312884856015444,82.22766457962591,0.18774688243865967,17.77233104066545,0.7241973840372704,1.7157593330566903,0.19059787890235733,1.0,False,0.9997711777687073,0.999987006187439,0.0,all_four_full_spatial_windows_common_frames
T03,1,BG1,spatial_E,"[0, 1, 2, 3, 4, 5, 6, 7, 8, 9, 10, 11]",0621af164f0d6fe5212699283835179d19f439f1fcc3be509802dbcf3cc64f99,9b3a3029b419465d2853d7a6f85bfe5d6f2d98ea3c13033415d93ebbaca288a8,2c656eaa5f0435d44e4abcec2029b5567f0b7544fe5796246b9e233c19f7ac69,38ad04bc14c2a22e2d4699472849a99e706e5988005381695628468a6a57aff5,e9055165efd2caa6818f693e09238dd2de35c656513a8428d0f740f0b7fc3ef7,25c0c9e1a425a3f10a2bb3ac6e4c8020307443bf5b9f2b5b72f9110849176ec3,0.06201699376106262,0.06269291043281555,0.11630091816186905,-1.0898892735242136,-0.0006759166717529297,101.0898731489142,0.590000813690315,0.8606312726768046,0.005397351536954595,1.0,False,0.9998968839645386,0.9999920725822449,0.08530768992195334,all_four_full_spatial_windows_common_frames
T03,1,BG1,spatial_EM,"[0, 1, 2, 3, 4, 5, 6, 7, 8, 9, 10, 11, 12, 13, 14, 15, 16, 17, 18, 19, 20, 21, 22, 23]",0621af164f0d6fe5212699283835179d19f439f1fcc3be509802dbcf3cc64f99,9b3a3029b419465d2853d7a6f85bfe5d6f2d98ea3c13033415d93ebbaca288a8,2c656eaa5f0435d44e4abcec2029b5567f0b7544fe5796246b9e233c19f7ac69,38ad04bc14c2a22e2d4699472849a99e706e5988005381695628468a6a57aff5,e9055165efd2caa6818f693e09238dd2de35c656513a8428d0f740f0b7fc3ef7,25c0c9e1a425a3f10a2bb3ac6e4c8020307443bf5b9f2b5b72f9110849176ec3,0.06201699376106262,0.046296726912260056,0.1067720428109169,25.348317228238194,0.015720266848802567,74.65166664715179,0.6143823362383501,0.8989376157382709,-0.018984171011080703,1.0,False,0.99989914894104,0.999992847442627,0.054186311983091415,all_four_full_spatial_windows_common_frames
T03,1,BG1,spatial_ML,"[12, 13, 14, 15, 16, 17, 18, 19, 20, 21, 22, 23, 24, 25, 26, 27, 28, 29, 30, 31, 32, 33, 34, 35]",0621af164f0d6fe5212699283835179d19f439f1fcc3be509802dbcf3cc64f99,9b3a3029b419465d2853d7a6f85bfe5d6f2d98ea3c13033415d93ebbaca288a8,2c656eaa5f0435d44e4abcec2029b5567f0b7544fe5796246b9e233c19f7ac69,38ad04bc14c2a22e2d4699472849a99e706e5988005381695628468a6a57aff5,e9055165efd2caa6818f693e09238dd2de35c656513a8428d0f740f0b7fc3ef7,25c0c9e1a425a3f10a2bb3ac6e4c8020307443bf5b9f2b5b72f9110849176ec3,0.06201699376106262,0.056600749492645264,0.0646122470498085,8.733482657893168,0.005416244268417358,91.26650121749681,0.6409922246979124,0.9108525184745655,-0.04559405947064292,1.0,False,0.9999139308929443,0.9999929666519165,0.01721319393421977,all_four_full_spatial_windows_common_frames
T03,1,BG1,spatial_all,"[0, 1, 2, 3, 4, 5, 6, 7, 8, 9, 10, 11, 12, 13, 14, 15, 16, 17, 18, 19, 20, 21, 22, 23, 24, 25, 26, 27, 28, 29, 30, 31, 32, 33, 34, 35]",0621af164f0d6fe5212699283835179d19f439f1fcc3be509802dbcf3cc64f99,9b3a3029b419465d2853d7a6f85bfe5d6f2d98ea3c13033415d93ebbaca288a8,2c656eaa5f0435d44e4abcec2029b5567f0b7544fe5796246b9e233c19f7ac69,38ad04bc14c2a22e2d4699472849a99e706e5988005381695628468a6a57aff5,e9055165efd2caa6818f693e09238dd2de35c656513a8428d0f740f0b7fc3ef7,25c0c9e1a425a3f10a2bb3ac6e4c8020307443bf5b9f2b5b72f9110849176ec3,0.06201699376106262,0.05561087280511856,0.07499601691961288,10.329620212910292,0.006406120955944061,89.67036366247969,0.6331123869300248,0.8671540285038696,-0.0377142217027553,1.0,False,0.9999117851257324,0.9999929666519165,0.0,all_four_full_spatial_windows_common_frames
T03,1,BG2,spatial_E,"[0, 1, 2, 3, 4, 5, 6, 7, 8, 9, 10, 11]",0621af164f0d6fe5212699283835179d19f439f1fcc3be509802dbcf3cc64f99,9b3a3029b419465d2853d7a6f85bfe5d6f2d98ea3c13033415d93ebbaca288a8,2c656eaa5f0435d44e4abcec2029b5567f0b7544fe5796246b9e233c19f7ac69,38ad04bc14c2a22e2d4699472849a99e706e5988005381695628468a6a57aff5,e9055165efd2caa6818f693e09238dd2de35c656513a8428d0f740f0b7fc3ef7,25c0c9e1a425a3f10a2bb3ac6e4c8020307443bf5b9f2b5b72f9110849176ec3,0.0702344998717308,0.06253282725811005,0.04161122813820839,10.965652964171477,0.007701672613620758,89.0343327978136,0.5987700266944278,0.9063034757824575,-0.0034661031141626593,1.0,False,0.9998948574066162,0.999992311000824,0.0866289819767593,all_four_full_spatial_windows_common_frames
T03,1,BG2,spatial_EM,"[0, 1, 2, 3, 4, 5, 6, 7, 8, 9, 10, 11, 12, 13, 14, 15, 16, 17, 18, 19, 20, 21, 22, 23]",0621af164f0d6fe5212699283835179d19f439f1fcc3be509802dbcf3cc64f99,9b3a3029b419465d2853d7a6f85bfe5d6f2d98ea3c13033415d93ebbaca288a8,2c656eaa5f0435d44e4abcec2029b5567f0b7544fe5796246b9e233c19f7ac69,38ad04bc14c2a22e2d4699472849a99e706e5988005381695628468a6a57aff5,e9055165efd2caa6818f693e09238dd2de35c656513a8428d0f740f0b7fc3ef7,25c0c9e1a425a3f10a2bb3ac6e4c8020307443bf5b9f2b5b72f9110849176ec3,0.0702344998717308,0.06689824163913727,0.04766692966222763,4.750169451864249,0.0033362582325935364,95.24981631012083,0.618261935825027,0.9179642233857117,-0.02295801224476193,1.0,False,0.9999032020568848,0.9999926686286926,0.05015050056535759,all_four_full_spatial_windows_common_frames
T03,1,BG2,spatial_ML,"[12, 13, 14, 15, 16, 17, 18, 19, 20, 21, 22, 23, 24, 25, 26, 27, 28, 29, 30, 31, 32, 33, 34, 35]",0621af164f0d6fe5212699283835179d19f439f1fcc3be509802dbcf3cc64f99,9b3a3029b419465d2853d7a6f85bfe5d6f2d98ea3c13033415d93ebbaca288a8,2c656eaa5f0435d44e4abcec2029b5567f0b7544fe5796246b9e233c19f7ac69,38ad04bc14c2a22e2d4699472849a99e706e5988005381695628468a6a57aff5,e9055165efd2caa6818f693e09238dd2de35c656513a8428d0f740f0b7fc3ef7,25c0c9e1a425a3f10a2bb3ac6e4c8020307443bf5b9f2b5b72f9110849176ec3,0.0702344998717308,0.05103103443980217,0.034458227455616,27.341922748517643,0.019203465431928635,72.65806301346744,0.6453843593755091,0.9487942195429171,-0.05008043579524416,1.0,False,0.9999022483825684,0.9999920129776001,0.017922293472831904,all_four_full_spatial_windows_common_frames
T03,1,BG2,spatial_all,"[0, 1, 2, 3, 4, 5, 6, 7, 8, 9, 10, 11, 12, 13, 14, 15, 16, 17, 18, 19, 20, 21, 22, 23, 24, 25, 26, 27, 28, 29, 30, 31, 32, 33, 34, 35]",0621af164f0d6fe5212699283835179d19f439f1fcc3be509802dbcf3cc64f99,9b3a3029b419465d2853d7a6f85bfe5d6f2d98ea3c13033415d93ebbaca288a8,2c656eaa5f0435d44e4abcec2029b5567f0b7544fe5796246b9e233c19f7ac69,38ad04bc14c2a22e2d4699472849a99e706e5988005381695628468a6a57aff5,e9055165efd2caa6818f693e09238dd2de35c656513a8428d0f740f0b7fc3ef7,25c0c9e1a425a3f10a2bb3ac6e4c8020307443bf5b9f2b5b72f9110849176ec3,0.0702344998717308,0.048114482313394547,0.05732845887541771,31.49451401986576,0.022120017558336258,68.50547174211933,0.644030982000415,0.9183604087460452,-0.04872705842015,1.0,False,0.9999134540557861,0.9999920725822449,0.0,all_four_full_spatial_windows_common_frames
T03,1,BG3,spatial_E,"[0, 1, 2, 3, 4, 5, 6, 7, 8, 9, 10, 11]",0621af164f0d6fe5212699283835179d19f439f1fcc3be509802dbcf3cc64f99,9b3a3029b419465d2853d7a6f85bfe5d6f2d98ea3c13033415d93ebbaca288a8,2c656eaa5f0435d44e4abcec2029b5567f0b7544fe5796246b9e233c19f7ac69,38ad04bc14c2a22e2d4699472849a99e706e5988005381695628468a6a57aff5,e9055165efd2caa6818f693e09238dd2de35c656513a8428d0f740f0b7fc3ef7,25c0c9e1a425a3f10a2bb3ac6e4c8020307443bf5b9f2b5b72f9110849176ec3,0.09364785254001617,0.08997698128223419,0.07911355048418045,3.9198665705940723,0.0036708712577819824,96.08012275110562,0.5571849297173168,0.8650591221035996,-0.0012848593350479076,1.0,False,0.9999104738235474,0.9999926090240479,0.09775391418270123,all_four_full_spatial_windows_common_frames
T03,1,BG3,spatial_EM,"[0, 1, 2, 3, 4, 5, 6, 7, 8, 9, 10, 11, 12, 13, 14, 15, 16, 17, 18, 19, 20, 21, 22, 23]",0621af164f0d6fe5212699283835179d19f439f1fcc3be509802dbcf3cc64f99,9b3a3029b419465d2853d7a6f85bfe5d6f2d98ea3c13033415d93ebbaca288a8,2c656eaa5f0435d44e4abcec2029b5567f0b7544fe5796246b9e233c19f7ac69,38ad04bc14c2a22e2d4699472849a99e706e5988005381695628468a6a57aff5,e9055165efd2caa6818f693e09238dd2de35c656513a8428d0f740f0b7fc3ef7,25c0c9e1a425a3f10a2bb3ac6e4c8020307443bf5b9f2b5b72f9110849176ec3,0.09364785254001617,0.033730003982782364,0.006681367754936218,63.98207810843588,0.05991784855723381,36.01791121326381,0.6126348342687826,0.9267799080288399,-0.05673476388651372,1.0,False,0.9999052286148071,0.9999918341636658,0.05106722167881099,all_four_full_spatial_windows_common_frames
T03,1,BG3,spatial_ML,"[12, 13, 14, 15, 16, 17, 18, 19, 20, 21, 22, 23, 24, 25, 26, 27, 28, 29, 30, 31, 32, 33, 34, 35]",0621af164f0d6fe5212699283835179d19f439f1fcc3be509802dbcf3cc64f99,9b3a3029b419465d2853d7a6f85bfe5d6f2d98ea3c13033415d93ebbaca288a8,2c656eaa5f0435d44e4abcec2029b5567f0b7544fe5796246b9e233c19f7ac69,38ad04bc14c2a22e2d4699472849a99e706e5988005381695628468a6a57aff5,e9055165efd2caa6818f693e09238dd2de35c656513a8428d0f740f0b7fc3ef7,25c0c9e1a425a3f10a2bb3ac6e4c8020307443bf5b9f2b5b72f9110849176ec3,0.09364785254001617,0.0471390038728714,0.010182795114815235,49.663545334279604,0.046508848667144775,50.33644398742009,0.6300629538253846,0.9149197583146043,-0.0741628834431156,1.0,False,0.9998950958251953,0.999991238117218,0.0248628284952426,all_four_full_spatial_windows_common_frames
T03,1,BG3,spatial_all,"[0, 1, 2, 3, 4, 5, 6, 7, 8, 9, 10, 11, 12, 13, 14, 15, 16, 17, 18, 19, 20, 21, 22, 23, 24, 25, 26, 27, 28, 29, 30, 31, 32, 33, 34, 35]",0621af164f0d6fe5212699283835179d19f439f1fcc3be509802dbcf3cc64f99,9b3a3029b419465d2853d7a6f85bfe5d6f2d98ea3c13033415d93ebbaca288a8,2c656eaa5f0435d44e4abcec2029b5567f0b7544fe5796246b9e233c19f7ac69,38ad04bc14c2a22e2d4699472849a99e706e5988005381695628468a6a57aff5,e9055165efd2caa6818f693e09238dd2de35c656513a8428d0f740f0b7fc3ef7,25c0c9e1a425a3f10a2bb3ac6e4c8020307443bf5b9f2b5b72f9110849176ec3,0.09364785254001617,0.03853217512369156,0.021907079964876175,58.85417554807877,0.055115677416324615,41.14581377362092,0.625132965687667,0.9034283425623154,-0.06923289530539807,1.0,False,0.9998921155929565,0.9999918341636658,0.0,all_four_full_spatial_windows_common_frames
T03,1,BG4,spatial_E,"[0, 1, 2, 3, 4, 5, 6, 7, 8, 9, 10, 11]",0621af164f0d6fe5212699283835179d19f439f1fcc3be509802dbcf3cc64f99,9b3a3029b419465d2853d7a6f85bfe5d6f2d98ea3c13033415d93ebbaca288a8,2c656eaa5f0435d44e4abcec2029b5567f0b7544fe5796246b9e233c19f7ac69,38ad04bc14c2a22e2d4699472849a99e706e5988005381695628468a6a57aff5,e9055165efd2caa6818f693e09238dd2de35c656513a8428d0f740f0b7fc3ef7,25c0c9e1a425a3f10a2bb3ac6e4c8020307443bf5b9f2b5b72f9110849176ec3,0.04074510931968689,0.0438421256840229,0.07953038811683655,-7.600950533576234,-0.003097016364336014,107.60092599075941,0.5990221983034141,0.8576763307519115,-0.0007599724925607572,1.0,False,0.9999068975448608,0.9999916553497314,0.09158399648048095,all_four_full_spatial_windows_common_frames
T03,1,BG4,spatial_EM,"[0, 1, 2, 3, 4, 5, 6, 7, 8, 9, 10, 11, 12, 13, 14, 15, 16, 17, 18, 19, 20, 21, 22, 23]",0621af164f0d6fe5212699283835179d19f439f1fcc3be509802dbcf3cc64f99,9b3a3029b419465d2853d7a6f85bfe5d6f2d98ea3c13033415d93ebbaca288a8,2c656eaa5f0435d44e4abcec2029b5567f0b7544fe5796246b9e233c19f7ac69,38ad04bc14c2a22e2d4699472849a99e706e5988005381695628468a6a57aff5,e9055165efd2caa6818f693e09238dd2de35c656513a8428d0f740f0b7fc3ef7,25c0c9e1a425a3f10a2bb3ac6e4c8020307443bf5b9f2b5b72f9110849176ec3,0.04074510931968689,0.047039203345775604,0.021487833932042122,-15.447479676535359,-0.006294094026088715,115.44745513371853,0.6142400270149169,0.9397239151066528,-0.01597780120406353,1.0,False,0.9998990297317505,0.999991774559021,0.04514262750601512,all_four_full_spatial_windows_common_frames
T03,1,BG4,spatial_ML,"[12, 13, 14, 15, 16, 17, 18, 19, 20, 21, 22, 23, 24, 25, 26, 27, 28, 29, 30, 31, 32, 33, 34, 35]",0621af164f0d6fe5212699283835179d19f439f1fcc3be509802dbcf3cc64f99,9b3a3029b419465d2853d7a6f85bfe5d6f2d98ea3c13033415d93ebbaca288a8,2c656eaa5f0435d44e4abcec2029b5567f0b7544fe5796246b9e233c19f7ac69,38ad04bc14c2a22e2d4699472849a99e706e5988005381695628468a6a57aff5,e9055165efd2caa6818f693e09238dd2de35c656513a8428d0f740f0b7fc3ef7,25c0c9e1a425a3f10a2bb3ac6e4c8020307443bf5b9f2b5b72f9110849176ec3,0.04074510931968689,0.050585437566041946,0.034123923629522324,-24.150937365399955,-0.009840328246355057,124.15091282258312,0.6136446589946238,0.9451444127525287,-0.01538243318377045,1.0,False,0.9999082088470459,0.999991774559021,0.023215441866574753,all_four_full_spatial_windows_common_frames
T03,1,BG4,spatial_all,"[0, 1, 2, 3, 4, 5, 6, 7, 8, 9, 10, 11, 12, 13, 14, 15, 16, 17, 18, 19, 20, 21, 22, 23, 24, 25, 26, 27, 28, 29, 30, 31, 32, 33, 34, 35]",0621af164f0d6fe5212699283835179d19f439f1fcc3be509802dbcf3cc64f99,9b3a3029b419465d2853d7a6f85bfe5d6f2d98ea3c13033415d93ebbaca288a8,2c656eaa5f0435d44e4abcec2029b5567f0b7544fe5796246b9e233c19f7ac69,38ad04bc14c2a22e2d4699472849a99e706e5988005381695628468a6a57aff5,e9055165efd2caa6818f693e09238dd2de35c656513a8428d0f740f0b7fc3ef7,25c0c9e1a425a3f10a2bb3ac6e4c8020307443bf5b9f2b5b72f9110849176ec3,0.04074510931968689,0.05238155648112297,0.004191920161247253,-28.55911911838157,-0.011636447161436081,128.55909457556473,0.6059105408174144,0.9234847399614009,-0.007648315006560974,1.0,False,0.9999111890792847,0.9999918341636658,0.0,all_four_full_spatial_windows_common_frames
T03,1,BG5,spatial_E,"[0, 1, 2, 3, 4, 5, 6, 7, 8, 9, 10, 11]",0621af164f0d6fe5212699283835179d19f439f1fcc3be509802dbcf3cc64f99,9b3a3029b419465d2853d7a6f85bfe5d6f2d98ea3c13033415d93ebbaca288a8,2c656eaa5f0435d44e4abcec2029b5567f0b7544fe5796246b9e233c19f7ac69,38ad04bc14c2a22e2d4699472849a99e706e5988005381695628468a6a57aff5,e9055165efd2caa6818f693e09238dd2de35c656513a8428d0f740f0b7fc3ef7,25c0c9e1a425a3f10a2bb3ac6e4c8020307443bf5b9f2b5b72f9110849176ec3,0.11832763999700546,0.1261875480413437,0.1719399243593216,-6.642494839149715,-0.007859908044338226,106.6424863880396,0.6760611023845196,0.7946928131473537,-0.004613085341535228,1.0,False,0.9998786449432373,0.9999933838844299,0.2522123070765323,all_four_full_spatial_windows_common_frames
T03,1,BG5,spatial_EM,"[0, 1, 2, 3, 4, 5, 6, 7, 8, 9, 10, 11, 12, 13, 14, 15, 16, 17, 18, 19, 20, 21, 22, 23]",0621af164f0d6fe5212699283835179d19f439f1fcc3be509802dbcf3cc64f99,9b3a3029b419465d2853d7a6f85bfe5d6f2d98ea3c13033415d93ebbaca288a8,2c656eaa5f0435d44e4abcec2029b5567f0b7544fe5796246b9e233c19f7ac69,38ad04bc14c2a22e2d4699472849a99e706e5988005381695628468a6a57aff5,e9055165efd2caa6818f693e09238dd2de35c656513a8428d0f740f0b7fc3ef7,25c0c9e1a425a3f10a2bb3ac6e4c8020307443bf5b9f2b5b72f9110849176ec3,0.11832763999700546,0.12954185903072357,0.11518596857786179,-9.477259992911133,-0.011214219033718109,109.47725154180102,0.7010601616263626,0.8067906189422339,-0.029612144583378092,1.0,False,0.999806821346283,0.9999887943267822,0.0458469931785655,all_four_full_spatial_windows_common_frames
T03,1,BG5,spatial_ML,"[12, 13, 14, 15, 16, 17, 18, 19, 20, 21, 22, 23, 24, 25, 26, 27, 28, 29, 30, 31, 32, 33, 34, 35]",0621af164f0d6fe5212699283835179d19f439f1fcc3be509802dbcf3cc64f99,9b3a3029b419465d2853d7a6f85bfe5d6f2d98ea3c13033415d93ebbaca288a8,2c656eaa5f0435d44e4abcec2029b5567f0b7544fe5796246b9e233c19f7ac69,38ad04bc14c2a22e2d4699472849a99e706e5988005381695628468a6a57aff5,e9055165efd2caa6818f693e09238dd2de35c656513a8428d0f740f0b7fc3ef7,25c0c9e1a425a3f10a2bb3ac6e4c8020307443bf5b9f2b5b72f9110849176ec3,0.11832763999700546,0.09870602935552597,0.12639570236206055,16.58243922022964,0.019621610641479492,83.41755232866025,0.6744013287537844,0.8489839985225008,-0.00295331171079983,1.0,False,0.9997020363807678,0.9999849200248718,0.022629876017731514,all_four_full_spatial_windows_common_frames
T03,1,BG5,spatial_all,"[0, 1, 2, 3, 4, 5, 6, 7, 8, 9, 10, 11, 12, 13, 14, 15, 16, 17, 18, 19, 20, 21, 22, 23, 24, 25, 26, 27, 28, 29, 30, 31, 32, 33, 34, 35]",0621af164f0d6fe5212699283835179d19f439f1fcc3be509802dbcf3cc64f99,9b3a3029b419465d2853d7a6f85bfe5d6f2d98ea3c13033415d93ebbaca288a8,2c656eaa5f0435d44e4abcec2029b5567f0b7544fe5796246b9e233c19f7ac69,38ad04bc14c2a22e2d4699472849a99e706e5988005381695628468a6a57aff5,e9055165efd2caa6818f693e09238dd2de35c656513a8428d0f740f0b7fc3ef7,25c0c9e1a425a3f10a2bb3ac6e4c8020307443bf5b9f2b5b72f9110849176ec3,0.11832763999700546,0.09125502407550812,0.12621258199214935,22.87936583054128,0.027072615921497345,77.1206257183486,0.6673138671630755,0.8160883539188989,0.004134149879909119,1.0,False,0.9997366070747375,0.9999863505363464,0.0,all_four_full_spatial_windows_common_frames
T03,1,BG6,spatial_E,"[0, 1, 2, 3, 4, 5, 6, 7, 8, 9, 10, 11]",0621af164f0d6fe5212699283835179d19f439f1fcc3be509802dbcf3cc64f99,9b3a3029b419465d2853d7a6f85bfe5d6f2d98ea3c13033415d93ebbaca288a8,2c656eaa5f0435d44e4abcec2029b5567f0b7544fe5796246b9e233c19f7ac69,38ad04bc14c2a22e2d4699472849a99e706e5988005381695628468a6a57aff5,e9055165efd2caa6818f693e09238dd2de35c656513a8428d0f740f0b7fc3ef7,25c0c9e1a425a3f10a2bb3ac6e4c8020307443bf5b9f2b5b72f9110849176ec3,0.3101302981376648,0.2728108763694763,0.2517533302307129,12.033464898123608,0.03731942176818848,87.96653187742534,0.6452680936846755,0.9613464528868827,0.008958796560812972,1.0,False,0.9996160268783569,0.9999848008155823,0.22774781730991972,all_four_full_spatial_windows_common_frames
T03,1,BG6,spatial_EM,"[0, 1, 2, 3, 4, 5, 6, 7, 8, 9, 10, 11, 12, 13, 14, 15, 16, 17, 18, 19, 20, 21, 22, 23]",0621af164f0d6fe5212699283835179d19f439f1fcc3be509802dbcf3cc64f99,9b3a3029b419465d2853d7a6f85bfe5d6f2d98ea3c13033415d93ebbaca288a8,2c656eaa5f0435d44e4abcec2029b5567f0b7544fe5796246b9e233c19f7ac69,38ad04bc14c2a22e2d4699472849a99e706e5988005381695628468a6a57aff5,e9055165efd2caa6818f693e09238dd2de35c656513a8428d0f740f0b7fc3ef7,25c0c9e1a425a3f10a2bb3ac6e4c8020307443bf5b9f2b5b72f9110849176ec3,0.3101302981376648,0.1424039602279663,0.20537585020065308,54.082536762336005,0.1677263379096985,45.91746001321294,0.7127911137367835,0.8425854401451819,-0.058564223491294844,1.0,False,0.9996446371078491,0.9999849200248718,0.05281462565383309,all_four_full_spatial_windows_common_frames
T03,1,BG6,spatial_ML,"[12, 13, 14, 15, 16, 17, 18, 19, 20, 21, 22, 23, 24, 25, 26, 27, 28, 29, 30, 31, 32, 33, 34, 35]",0621af164f0d6fe5212699283835179d19f439f1fcc3be509802dbcf3cc64f99,9b3a3029b419465d2853d7a6f85bfe5d6f2d98ea3c13033415d93ebbaca288a8,2c656eaa5f0435d44e4abcec2029b5567f0b7544fe5796246b9e233c19f7ac69,38ad04bc14c2a22e2d4699472849a99e706e5988005381695628468a6a57aff5,e9055165efd2caa6818f693e09238dd2de35c656513a8428d0f740f0b7fc3ef7,25c0c9e1a425a3f10a2bb3ac6e4c8020307443bf5b9f2b5b72f9110849176ec3,0.3101302981376648,0.10135585069656372,0.16175256669521332,67.31829878053308,0.20877444744110107,32.68169799501587,0.6183783899332466,0.8325441929357624,0.03584850031224211,1.0,False,0.9995574355125427,0.9999827742576599,0.027576677011830735,all_four_full_spatial_windows_common_frames
T03,1,BG6,spatial_all,"[0, 1, 2, 3, 4, 5, 6, 7, 8, 9, 10, 11, 12, 13, 14, 15, 16, 17, 18, 19, 20, 21, 22, 23, 24, 25, 26, 27, 28, 29, 30, 31, 32, 33, 34, 35]",0621af164f0d6fe5212699283835179d19f439f1fcc3be509802dbcf3cc64f99,9b3a3029b419465d2853d7a6f85bfe5d6f2d98ea3c13033415d93ebbaca288a8,2c656eaa5f0435d44e4abcec2029b5567f0b7544fe5796246b9e233c19f7ac69,38ad04bc14c2a22e2d4699472849a99e706e5988005381695628468a6a57aff5,e9055165efd2caa6818f693e09238dd2de35c656513a8428d0f740f0b7fc3ef7,25c0c9e1a425a3f10a2bb3ac6e4c8020307443bf5b9f2b5b72f9110849176ec3,0.3101302981376648,0.07470811903476715,0.21638108789920807,75.91072943389825,0.23542217910289764,24.089267341650693,0.6212004730595173,0.8203230389564696,0.03302641718597149,1.0,False,0.9996253252029419,0.9999854564666748,0.0,all_four_full_spatial_windows_common_frames
T03,1,BG7,spatial_E,"[0, 1, 2, 3, 4, 5, 6, 7, 8, 9, 10, 11]",0621af164f0d6fe5212699283835179d19f439f1fcc3be509802dbcf3cc64f99,9b3a3029b419465d2853d7a6f85bfe5d6f2d98ea3c13033415d93ebbaca288a8,2c656eaa5f0435d44e4abcec2029b5567f0b7544fe5796246b9e233c19f7ac69,38ad04bc14c2a22e2d4699472849a99e706e5988005381695628468a6a57aff5,e9055165efd2caa6818f693e09238dd2de35c656513a8428d0f740f0b7fc3ef7,25c0c9e1a425a3f10a2bb3ac6e4c8020307443bf5b9f2b5b72f9110849176ec3,0.14728647470474243,0.13106763362884521,0.28421804308891296,11.011764662867938,0.016218841075897217,88.98822854764285,0.5090013021702664,0.7872106976533096,-0.01804415264940899,1.0,False,0.9998437166213989,0.9999915957450867,0.28691214932359677,all_four_full_spatial_windows_common_frames
T03,1,BG7,spatial_EM,"[0, 1, 2, 3, 4, 5, 6, 7, 8, 9, 10, 11, 12, 13, 14, 15, 16, 17, 18, 19, 20, 21, 22, 23]",0621af164f0d6fe5212699283835179d19f439f1fcc3be509802dbcf3cc64f99,9b3a3029b419465d2853d7a6f85bfe5d6f2d98ea3c13033415d93ebbaca288a8,2c656eaa5f0435d44e4abcec2029b5567f0b7544fe5796246b9e233c19f7ac69,38ad04bc14c2a22e2d4699472849a99e706e5988005381695628468a6a57aff5,e9055165efd2caa6818f693e09238dd2de35c656513a8428d0f740f0b7fc3ef7,25c0c9e1a425a3f10a2bb3ac6e4c8020307443bf5b9f2b5b72f9110849176ec3,0.14728647470474243,0.1427268236875534,0.08746874332427979,3.095770142338261,0.004559651017189026,96.90422306817253,0.7257836141592395,0.8944479073012016,-0.2348264646383821,1.0,False,0.9996787309646606,0.9999849200248718,0.05146531186126842,all_four_full_spatial_windows_common_frames
T03,1,BG7,spatial_ML,"[12, 13, 14, 15, 16, 17, 18, 19, 20, 21, 22, 23, 24, 25, 26, 27, 28, 29, 30, 31, 32, 33, 34, 35]",0621af164f0d6fe5212699283835179d19f439f1fcc3be509802dbcf3cc64f99,9b3a3029b419465d2853d7a6f85bfe5d6f2d98ea3c13033415d93ebbaca288a8,2c656eaa5f0435d44e4abcec2029b5567f0b7544fe5796246b9e233c19f7ac69,38ad04bc14c2a22e2d4699472849a99e706e5988005381695628468a6a57aff5,e9055165efd2caa6818f693e09238dd2de35c656513a8428d0f740f0b7fc3ef7,25c0c9e1a425a3f10a2bb3ac6e4c8020307443bf5b9f2b5b72f9110849176ec3,0.14728647470474243,0.10165800899267197,0.047767043113708496,30.979397602936537,0.045628465712070465,69.02059560757425,0.6210282352211135,0.892332953803247,-0.1300710857002561,1.0,False,0.9997280240058899,0.9999879598617554,0.019171938061002675,all_four_full_spatial_windows_common_frames
T03,1,BG7,spatial_all,"[0, 1, 2, 3, 4, 5, 6, 7, 8, 9, 10, 11, 12, 13, 14, 15, 16, 17, 18, 19, 20, 21, 22, 23, 24, 25, 26, 27, 28, 29, 30, 31, 32, 33, 34, 35]",0621af164f0d6fe5212699283835179d19f439f1fcc3be509802dbcf3cc64f99,9b3a3029b419465d2853d7a6f85bfe5d6f2d98ea3c13033415d93ebbaca288a8,2c656eaa5f0435d44e4abcec2029b5567f0b7544fe5796246b9e233c19f7ac69,38ad04bc14c2a22e2d4699472849a99e706e5988005381695628468a6a57aff5,e9055165efd2caa6818f693e09238dd2de35c656513a8428d0f740f0b7fc3ef7,25c0c9e1a425a3f10a2bb3ac6e4c8020307443bf5b9f2b5b72f9110849176ec3,0.14728647470474243,0.09594204276800156,0.08733461797237396,34.86024670876516,0.051344431936740875,65.13974650174562,0.6290584589181978,0.8573797762685719,-0.1381013093973404,1.0,False,0.9997596144676208,0.99998939037323,0.0,all_four_full_spatial_windows_common_frames
T03,1,BG8,spatial_E,"[0, 1, 2, 3, 4, 5, 6, 7, 8, 9, 10, 11]",0621af164f0d6fe5212699283835179d19f439f1fcc3be509802dbcf3cc64f99,9b3a3029b419465d2853d7a6f85bfe5d6f2d98ea3c13033415d93ebbaca288a8,2c656eaa5f0435d44e4abcec2029b5567f0b7544fe5796246b9e233c19f7ac69,38ad04bc14c2a22e2d4699472849a99e706e5988005381695628468a6a57aff5,e9055165efd2caa6818f693e09238dd2de35c656513a8428d0f740f0b7fc3ef7,25c0c9e1a425a3f10a2bb3ac6e4c8020307443bf5b9f2b5b72f9110849176ec3,0.7361791729927063,0.6212077140808105,1.4735604524612427,15.617320017731991,0.11497145891189575,84.38267862390305,0.8797315935104673,1.9769880519344392,0.08327509705461686,1.0,False,0.9996545314788818,0.9999821186065674,0.24118783522409268,all_four_full_spatial_windows_common_frames
T03,1,BG8,spatial_EM,"[0, 1, 2, 3, 4, 5, 6, 7, 8, 9, 10, 11, 12, 13, 14, 15, 16, 17, 18, 19, 20, 21, 22, 23]",0621af164f0d6fe5212699283835179d19f439f1fcc3be509802dbcf3cc64f99,9b3a3029b419465d2853d7a6f85bfe5d6f2d98ea3c13033415d93ebbaca288a8,2c656eaa5f0435d44e4abcec2029b5567f0b7544fe5796246b9e233c19f7ac69,38ad04bc14c2a22e2d4699472849a99e706e5988005381695628468a6a57aff5,e9055165efd2caa6818f693e09238dd2de35c656513a8428d0f740f0b7fc3ef7,25c0c9e1a425a3f10a2bb3ac6e4c8020307443bf5b9f2b5b72f9110849176ec3,0.7361791729927063,0.16323097050189972,0.27813953161239624,77.82727571318505,0.5729482024908066,22.172722928450003,0.693127956214423,0.9254718891416254,0.2698787343506611,1.0,False,0.9996576309204102,0.9999845027923584,0.03954017012585056,all_four_full_spatial_windows_common_frames
T03,1,BG8,spatial_ML,"[12, 13, 14, 15, 16, 17, 18, 19, 20, 21, 22, 23, 24, 25, 26, 27, 28, 29, 30, 31, 32, 33, 34, 35]",0621af164f0d6fe5212699283835179d19f439f1fcc3be509802dbcf3cc64f99,9b3a3029b419465d2853d7a6f85bfe5d6f2d98ea3c13033415d93ebbaca288a8,2c656eaa5f0435d44e4abcec2029b5567f0b7544fe5796246b9e233c19f7ac69,38ad04bc14c2a22e2d4699472849a99e706e5988005381695628468a6a57aff5,e9055165efd2caa6818f693e09238dd2de35c656513a8428d0f740f0b7fc3ef7,25c0c9e1a425a3f10a2bb3ac6e4c8020307443bf5b9f2b5b72f9110849176ec3,0.7361791729927063,0.1492808759212494,0.22170491516590118,79.72220766765034,0.5868982970714569,20.27779097398471,0.6176137636818901,1.0067447594858525,0.345392926883194,1.0,False,0.9995854496955872,0.9999834299087524,0.0330233417796624,all_four_full_spatial_windows_common_frames
T03,1,BG8,spatial_all,"[0, 1, 2, 3, 4, 5, 6, 7, 8, 9, 10, 11, 12, 13, 14, 15, 16, 17, 18, 19, 20, 21, 22, 23, 24, 25, 26, 27, 28, 29, 30, 31, 32, 33, 34, 35]",0621af164f0d6fe5212699283835179d19f439f1fcc3be509802dbcf3cc64f99,9b3a3029b419465d2853d7a6f85bfe5d6f2d98ea3c13033415d93ebbaca288a8,2c656eaa5f0435d44e4abcec2029b5567f0b7544fe5796246b9e233c19f7ac69,38ad04bc14c2a22e2d4699472849a99e706e5988005381695628468a6a57aff5,e9055165efd2caa6818f693e09238dd2de35c656513a8428d0f740f0b7fc3ef7,25c0c9e1a425a3f10a2bb3ac6e4c8020307443bf5b9f2b5b72f9110849176ec3,0.7361791729927063,0.05924393609166145,0.15188917517662048,91.9525100056723,0.6769352369010448,8.047488635962749,0.591922822088863,0.9010494643477766,0.37108386847622105,1.0,False,0.9997137188911438,0.9999862909317017,0.0,all_four_full_spatial_windows_common_frames
T03,1,BG9,spatial_E,"[0, 1, 2, 3, 4, 5, 6, 7, 8, 9, 10, 11]",0621af164f0d6fe5212699283835179d19f439f1fcc3be509802dbcf3cc64f99,9b3a3029b419465d2853d7a6f85bfe5d6f2d98ea3c13033415d93ebbaca288a8,2c656eaa5f0435d44e4abcec2029b5567f0b7544fe5796246b9e233c19f7ac69,38ad04bc14c2a22e2d4699472849a99e706e5988005381695628468a6a57aff5,e9055165efd2caa6818f693e09238dd2de35c656513a8428d0f740f0b7fc3ef7,25c0c9e1a425a3f10a2bb3ac6e4c8020307443bf5b9f2b5b72f9110849176ec3,0.18854303658008575,0.17331664264202118,0.23019303381443024,8.075818341885652,0.015226393938064575,91.92417635428576,0.6914517047535175,0.9681625490501578,0.004602441233113452,1.0,False,0.9995245933532715,0.9999732971191406,0.19802882206154018,all_four_full_spatial_windows_common_frames
T03,1,BG9,spatial_EM,"[0, 1, 2, 3, 4, 5, 6, 7, 8, 9, 10, 11, 12, 13, 14, 15, 16, 17, 18, 19, 20, 21, 22, 23]",0621af164f0d6fe5212699283835179d19f439f1fcc3be509802dbcf3cc64f99,9b3a3029b419465d2853d7a6f85bfe5d6f2d98ea3c13033415d93ebbaca288a8,2c656eaa5f0435d44e4abcec2029b5567f0b7544fe5796246b9e233c19f7ac69,38ad04bc14c2a22e2d4699472849a99e706e5988005381695628468a6a57aff5,e9055165efd2caa6818f693e09238dd2de35c656513a8428d0f740f0b7fc3ef7,25c0c9e1a425a3f10a2bb3ac6e4c8020307443bf5b9f2b5b72f9110849176ec3,0.18854303658008575,0.06892111152410507,0.03869755193591118,63.44541855335405,0.11962192505598068,36.554576142817375,0.6668812663994623,0.9252414649933628,0.02917287958716837,1.0,False,0.9996858835220337,0.9999814629554749,0.0459009376879592,all_four_full_spatial_windows_common_frames
T03,1,BG9,spatial_ML,"[12, 13, 14, 15, 16, 17, 18, 19, 20, 21, 22, 23, 24, 25, 26, 27, 28, 29, 30, 31, 32, 33, 34, 35]",0621af164f0d6fe5212699283835179d19f439f1fcc3be509802dbcf3cc64f99,9b3a3029b419465d2853d7a6f85bfe5d6f2d98ea3c13033415d93ebbaca288a8,2c656eaa5f0435d44e4abcec2029b5567f0b7544fe5796246b9e233c19f7ac69,38ad04bc14c2a22e2d4699472849a99e706e5988005381695628468a6a57aff5,e9055165efd2caa6818f693e09238dd2de35c656513a8428d0f740f0b7fc3ef7,25c0c9e1a425a3f10a2bb3ac6e4c8020307443bf5b9f2b5b72f9110849176ec3,0.18854303658008575,0.06818483769893646,0.054692935198545456,63.83592556940349,0.12035819888114929,36.16406912676793,0.6356305264660819,0.9681971606154615,0.06042361952054911,1.0,False,0.9995551705360413,0.999977171421051,0.03348058192764615,all_four_full_spatial_windows_common_frames
T03,1,BG9,spatial_all,"[0, 1, 2, 3, 4, 5, 6, 7, 8, 9, 10, 11, 12, 13, 14, 15, 16, 17, 18, 19, 20, 21, 22, 23, 24, 25, 26, 27, 28, 29, 30, 31, 32, 33, 34, 35]",0621af164f0d6fe5212699283835179d19f439f1fcc3be509802dbcf3cc64f99,9b3a3029b419465d2853d7a6f85bfe5d6f2d98ea3c13033415d93ebbaca288a8,2c656eaa5f0435d44e4abcec2029b5567f0b7544fe5796246b9e233c19f7ac69,38ad04bc14c2a22e2d4699472849a99e706e5988005381695628468a6a57aff5,e9055165efd2caa6818f693e09238dd2de35c656513a8428d0f740f0b7fc3ef7,25c0c9e1a425a3f10a2bb3ac6e4c8020307443bf5b9f2b5b72f9110849176ec3,0.18854303658008575,0.0349469855427742,0.043333299458026886,81.4647126071923,0.15359605103731155,18.535282088979123,0.6165953488945533,0.8864423853493002,0.0794587970920777,1.0,False,0.9996119141578674,0.9999796152114868,0.0,all_four_full_spatial_windows_common_frames
T03,1,BG10,spatial_E,"[0, 1, 2, 3, 4, 5, 6, 7, 8, 9, 10, 11]",0621af164f0d6fe5212699283835179d19f439f1fcc3be509802dbcf3cc64f99,9b3a3029b419465d2853d7a6f85bfe5d6f2d98ea3c13033415d93ebbaca288a8,2c656eaa5f0435d44e4abcec2029b5567f0b7544fe5796246b9e233c19f7ac69,38ad04bc14c2a22e2d4699472849a99e706e5988005381695628468a6a57aff5,e9055165efd2caa6818f693e09238dd2de35c656513a8428d0f740f0b7fc3ef7,25c0c9e1a425a3f10a2bb3ac6e4c8020307443bf5b9f2b5b72f9110849176ec3,0.8755890727043152,0.741807222366333,1.7133162021636963,15.279067884764853,0.13378185033798218,84.72093097314689,0.9063196095897824,2.0989425385415386,0.10233518640322074,1.0,False,0.9998555183410645,0.999991238117218,0.1853337945874514,all_four_full_spatial_windows_common_frames
T03,1,BG10,spatial_EM,"[0, 1, 2, 3, 4, 5, 6, 7, 8, 9, 10, 11, 12, 13, 14, 15, 16, 17, 18, 19, 20, 21, 22, 23]",0621af164f0d6fe5212699283835179d19f439f1fcc3be509802dbcf3cc64f99,9b3a3029b419465d2853d7a6f85bfe5d6f2d98ea3c13033415d93ebbaca288a8,2c656eaa5f0435d44e4abcec2029b5567f0b7544fe5796246b9e233c19f7ac69,38ad04bc14c2a22e2d4699472849a99e706e5988005381695628468a6a57aff5,e9055165efd2caa6818f693e09238dd2de35c656513a8428d0f740f0b7fc3ef7,25c0c9e1a425a3f10a2bb3ac6e4c8020307443bf5b9f2b5b72f9110849176ec3,0.8755890727043152,0.15097062289714813,0.17496496438980103,82.75782146222457,0.724618449807167,17.242177395687175,0.679019747447927,0.921729243135604,0.32963504854507625,1.0,False,0.9997768998146057,0.9999894499778748,0.048791161575005425,all_four_full_spatial_windows_common_frames
T03,1,BG10,spatial_ML,"[12, 13, 14, 15, 16, 17, 18, 19, 20, 21, 22, 23, 24, 25, 26, 27, 28, 29, 30, 31, 32, 33, 34, 35]",0621af164f0d6fe5212699283835179d19f439f1fcc3be509802dbcf3cc64f99,9b3a3029b419465d2853d7a6f85bfe5d6f2d98ea3c13033415d93ebbaca288a8,2c656eaa5f0435d44e4abcec2029b5567f0b7544fe5796246b9e233c19f7ac69,38ad04bc14c2a22e2d4699472849a99e706e5988005381695628468a6a57aff5,e9055165efd2caa6818f693e09238dd2de35c656513a8428d0f740f0b7fc3ef7,25c0c9e1a425a3f10a2bb3ac6e4c8020307443bf5b9f2b5b72f9110849176ec3,0.8755890727043152,0.14638015627861023,0.0872570052742958,83.28209325925977,0.729208916425705,16.71790559865198,0.6301811478668564,0.9467852708364695,0.3784736481261467,1.0,False,0.9996261596679688,0.9999857544898987,0.03133557627905838,all_four_full_spatial_windows_common_frames
T03,1,BG10,spatial_all,"[0, 1, 2, 3, 4, 5, 6, 7, 8, 9, 10, 11, 12, 13, 14, 15, 16, 17, 18, 19, 20, 21, 22, 23, 24, 25, 26, 27, 28, 29, 30, 31, 32, 33, 34, 35]",0621af164f0d6fe5212699283835179d19f439f1fcc3be509802dbcf3cc64f99,9b3a3029b419465d2853d7a6f85bfe5d6f2d98ea3c13033415d93ebbaca288a8,2c656eaa5f0435d44e4abcec2029b5567f0b7544fe5796246b9e233c19f7ac69,38ad04bc14c2a22e2d4699472849a99e706e5988005381695628468a6a57aff5,e9055165efd2caa6818f693e09238dd2de35c656513a8428d0f740f0b7fc3ef7,25c0c9e1a425a3f10a2bb3ac6e4c8020307443bf5b9f2b5b72f9110849176ec3,0.8755890727043152,0.040403664112091064,0.0738087147474289,95.38554386867163,0.8351854085922241,4.6144549892401185,0.6076216097763227,0.8553134433421615,0.40103318621668044,1.0,False,0.9996902942657471,0.9999882578849792,0.0,all_four_full_spatial_windows_common_frames
T03,1,BG11,spatial_E,"[0, 1, 2, 3, 4, 5, 6, 7, 8, 9, 10, 11]",0621af164f0d6fe5212699283835179d19f439f1fcc3be509802dbcf3cc64f99,9b3a3029b419465d2853d7a6f85bfe5d6f2d98ea3c13033415d93ebbaca288a8,2c656eaa5f0435d44e4abcec2029b5567f0b7544fe5796246b9e233c19f7ac69,38ad04bc14c2a22e2d4699472849a99e706e5988005381695628468a6a57aff5,e9055165efd2caa6818f693e09238dd2de35c656513a8428d0f740f0b7fc3ef7,25c0c9e1a425a3f10a2bb3ac6e4c8020307443bf5b9f2b5b72f9110849176ec3,0.2539897561073303,0.21985366940498352,0.350085586309433,13.439945721246763,0.0341360867023468,86.56005034158673,0.6030725095913916,0.9419827913468009,0.008183689995623099,1.0,False,0.9997223019599915,0.9999885559082031,0.1602410723777135,all_four_full_spatial_windows_common_frames
T03,1,BG11,spatial_EM,"[0, 1, 2, 3, 4, 5, 6, 7, 8, 9, 10, 11, 12, 13, 14, 15, 16, 17, 18, 19, 20, 21, 22, 23]",0621af164f0d6fe5212699283835179d19f439f1fcc3be509802dbcf3cc64f99,9b3a3029b419465d2853d7a6f85bfe5d6f2d98ea3c13033415d93ebbaca288a8,2c656eaa5f0435d44e4abcec2029b5567f0b7544fe5796246b9e233c19f7ac69,38ad04bc14c2a22e2d4699472849a99e706e5988005381695628468a6a57aff5,e9055165efd2caa6818f693e09238dd2de35c656513a8428d0f740f0b7fc3ef7,25c0c9e1a425a3f10a2bb3ac6e4c8020307443bf5b9f2b5b72f9110849176ec3,0.2539897561073303,0.10296805202960968,0.13451367616653442,59.45975949830289,0.15102170407772064,40.5402365645306,0.675057553832702,0.8431685909505736,-0.06380135424568723,1.0,False,0.9998363256454468,0.9999909400939941,0.04590319720454408,all_four_full_spatial_windows_common_frames
T03,1,BG11,spatial_ML,"[12, 13, 14, 15, 16, 17, 18, 19, 20, 21, 22, 23, 24, 25, 26, 27, 28, 29, 30, 31, 32, 33, 34, 35]",0621af164f0d6fe5212699283835179d19f439f1fcc3be509802dbcf3cc64f99,9b3a3029b419465d2853d7a6f85bfe5d6f2d98ea3c13033415d93ebbaca288a8,2c656eaa5f0435d44e4abcec2029b5567f0b7544fe5796246b9e233c19f7ac69,38ad04bc14c2a22e2d4699472849a99e706e5988005381695628468a6a57aff5,e9055165efd2caa6818f693e09238dd2de35c656513a8428d0f740f0b7fc3ef7,25c0c9e1a425a3f10a2bb3ac6e4c8020307443bf5b9f2b5b72f9110849176ec3,0.2539897561073303,0.06929884105920792,0.15252061188220978,72.715888470119,0.1846909150481224,27.284107592714502,0.6144520425934633,0.8598003197442377,-0.0031958430064484345,1.0,False,0.9997753500938416,0.9999906420707703,0.02846754394367849,all_four_full_spatial_windows_common_frames
T03,1,BG11,spatial_all,"[0, 1, 2, 3, 4, 5, 6, 7, 8, 9, 10, 11, 12, 13, 14, 15, 16, 17, 18, 19, 20, 21, 22, 23, 24, 25, 26, 27, 28, 29, 30, 31, 32, 33, 34, 35]",0621af164f0d6fe5212699283835179d19f439f1fcc3be509802dbcf3cc64f99,9b3a3029b419465d2853d7a6f85bfe5d6f2d98ea3c13033415d93ebbaca288a8,2c656eaa5f0435d44e4abcec2029b5567f0b7544fe5796246b9e233c19f7ac69,38ad04bc14c2a22e2d4699472849a99e706e5988005381695628468a6a57aff5,e9055165efd2caa6818f693e09238dd2de35c656513a8428d0f740f0b7fc3ef7,25c0c9e1a425a3f10a2bb3ac6e4c8020307443bf5b9f2b5b72f9110849176ec3,0.2539897561073303,0.05785461142659187,0.17288197576999664,77.22167222983944,0.19613514468073845,22.778323832994054,0.6153567948682319,0.8511190431412705,-0.004100595281217106,1.0,False,0.999790370464325,0.9999909996986389,0.0,all_four_full_spatial_windows_common_frames
T03,1,BG12,spatial_E,"[0, 1, 2, 3, 4, 5, 6, 7, 8, 9, 10, 11]",0621af164f0d6fe5212699283835179d19f439f1fcc3be509802dbcf3cc64f99,9b3a3029b419465d2853d7a6f85bfe5d6f2d98ea3c13033415d93ebbaca288a8,2c656eaa5f0435d44e4abcec2029b5567f0b7544fe5796246b9e233c19f7ac69,38ad04bc14c2a22e2d4699472849a99e706e5988005381695628468a6a57aff5,e9055165efd2caa6818f693e09238dd2de35c656513a8428d0f740f0b7fc3ef7,25c0c9e1a425a3f10a2bb3ac6e4c8020307443bf5b9f2b5b72f9110849176ec3,0.11592370271682739,0.10104914009571075,0.02467096596956253,12.831337327377938,0.014874562621116638,87.16865404625929,0.6613540361428119,0.9405044871031437,-0.0022271137583906183,1.0,False,0.999849796295166,0.9999915957450867,0.183168949120788,all_four_full_spatial_windows_common_frames
T03,1,BG12,spatial_EM,"[0, 1, 2, 3, 4, 5, 6, 7, 8, 9, 10, 11, 12, 13, 14, 15, 16, 17, 18, 19, 20, 21, 22, 23]",0621af164f0d6fe5212699283835179d19f439f1fcc3be509802dbcf3cc64f99,9b3a3029b419465d2853d7a6f85bfe5d6f2d98ea3c13033415d93ebbaca288a8,2c656eaa5f0435d44e4abcec2029b5567f0b7544fe5796246b9e233c19f7ac69,38ad04bc14c2a22e2d4699472849a99e706e5988005381695628468a6a57aff5,e9055165efd2caa6818f693e09238dd2de35c656513a8428d0f740f0b7fc3ef7,25c0c9e1a425a3f10a2bb3ac6e4c8020307443bf5b9f2b5b72f9110849176ec3,0.11592370271682739,0.11850254237651825,0.1214204654097557,-2.224600644037615,-0.002578839659690857,102.22459201767485,0.7066914168146132,0.9477389312841193,-0.04756449443019184,1.0,False,0.999841570854187,0.9999906420707703,0.04393934189207725,all_four_full_spatial_windows_common_frames
T03,1,BG12,spatial_ML,"[12, 13, 14, 15, 16, 17, 18, 19, 20, 21, 22, 23, 24, 25, 26, 27, 28, 29, 30, 31, 32, 33, 34, 35]",0621af164f0d6fe5212699283835179d19f439f1fcc3be509802dbcf3cc64f99,9b3a3029b419465d2853d7a6f85bfe5d6f2d98ea3c13033415d93ebbaca288a8,2c656eaa5f0435d44e4abcec2029b5567f0b7544fe5796246b9e233c19f7ac69,38ad04bc14c2a22e2d4699472849a99e706e5988005381695628468a6a57aff5,e9055165efd2caa6818f693e09238dd2de35c656513a8428d0f740f0b7fc3ef7,25c0c9e1a425a3f10a2bb3ac6e4c8020307443bf5b9f2b5b72f9110849176ec3,0.11592370271682739,0.09608116000890732,0.010085427202284336,17.11689717563691,0.019842542707920074,82.88309419800032,0.6910971376357123,0.92852564213297,-0.0319702152512911,1.0,False,0.999832034111023,0.9999896883964539,0.023403952126653794,all_four_full_spatial_windows_common_frames
T03,1,BG12,spatial_all,"[0, 1, 2, 3, 4, 5, 6, 7, 8, 9, 10, 11, 12, 13, 14, 15, 16, 17, 18, 19, 20, 21, 22, 23, 24, 25, 26, 27, 28, 29, 30, 31, 32, 33, 34, 35]",0621af164f0d6fe5212699283835179d19f439f1fcc3be509802dbcf3cc64f99,9b3a3029b419465d2853d7a6f85bfe5d6f2d98ea3c13033415d93ebbaca288a8,2c656eaa5f0435d44e4abcec2029b5567f0b7544fe5796246b9e233c19f7ac69,38ad04bc14c2a22e2d4699472849a99e706e5988005381695628468a6a57aff5,e9055165efd2caa6818f693e09238dd2de35c656513a8428d0f740f0b7fc3ef7,25c0c9e1a425a3f10a2bb3ac6e4c8020307443bf5b9f2b5b72f9110849176ec3,0.11592370271682739,0.08761102706193924,0.02660077065229416,24.423541130061054,0.028312675654888153,75.57645024357618,0.684939672064139,0.9198167181052418,-0.02581274967971755,1.0,False,0.999830961227417,0.999989926815033,0.0,all_four_full_spatial_windows_common_frames
T03,1,BG13,spatial_E,"[0, 1, 2, 3, 4, 5, 6, 7, 8, 9, 10, 11]",0621af164f0d6fe5212699283835179d19f439f1fcc3be509802dbcf3cc64f99,9b3a3029b419465d2853d7a6f85bfe5d6f2d98ea3c13033415d93ebbaca288a8,2c656eaa5f0435d44e4abcec2029b5567f0b7544fe5796246b9e233c19f7ac69,38ad04bc14c2a22e2d4699472849a99e706e5988005381695628468a6a57aff5,e9055165efd2caa6818f693e09238dd2de35c656513a8428d0f740f0b7fc3ef7,25c0c9e1a425a3f10a2bb3ac6e4c8020307443bf5b9f2b5b72f9110849176ec3,0.11311995983123779,0.11649952828884125,0.13409234583377838,-2.987596675145325,-0.0033795684576034546,102.98758783497324,0.65781886512104,0.8551162653411664,0.00014928721078385636,1.0,False,0.9998890161514282,0.9999927282333374,0.1664001174270782,all_four_full_spatial_windows_common_frames
T03,1,BG13,spatial_EM,"[0, 1, 2, 3, 4, 5, 6, 7, 8, 9, 10, 11, 12, 13, 14, 15, 16, 17, 18, 19, 20, 21, 22, 23]",0621af164f0d6fe5212699283835179d19f439f1fcc3be509802dbcf3cc64f99,9b3a3029b419465d2853d7a6f85bfe5d6f2d98ea3c13033415d93ebbaca288a8,2c656eaa5f0435d44e4abcec2029b5567f0b7544fe5796246b9e233c19f7ac69,38ad04bc14c2a22e2d4699472849a99e706e5988005381695628468a6a57aff5,e9055165efd2caa6818f693e09238dd2de35c656513a8428d0f740f0b7fc3ef7,25c0c9e1a425a3f10a2bb3ac6e4c8020307443bf5b9f2b5b72f9110849176ec3,0.11311995983123779,0.1304081380367279,0.05483371391892433,-15.283047044020718,-0.017288178205490112,115.28303820384863,0.7176579534162296,0.8793377804695807,-0.059689801084405844,1.0,False,0.9998482465744019,0.9999902844429016,0.045244848744376356,all_four_full_spatial_windows_common_frames
T03,1,BG13,spatial_ML,"[12, 13, 14, 15, 16, 17, 18, 19, 20, 21, 22, 23, 24, 25, 26, 27, 28, 29, 30, 31, 32, 33, 34, 35]",0621af164f0d6fe5212699283835179d19f439f1fcc3be509802dbcf3cc64f99,9b3a3029b419465d2853d7a6f85bfe5d6f2d98ea3c13033415d93ebbaca288a8,2c656eaa5f0435d44e4abcec2029b5567f0b7544fe5796246b9e233c19f7ac69,38ad04bc14c2a22e2d4699472849a99e706e5988005381695628468a6a57aff5,e9055165efd2caa6818f693e09238dd2de35c656513a8428d0f740f0b7fc3ef7,25c0c9e1a425a3f10a2bb3ac6e4c8020307443bf5b9f2b5b72f9110849176ec3,0.11311995983123779,0.09368667751550674,0.08795687556266785,17.17935599233567,0.01943328231573105,82.82063516749224,0.6766900755983072,0.8979864798618458,-0.018721923266483455,1.0,False,0.9998412132263184,0.99998939037323,0.024095947417421333,all_four_full_spatial_windows_common_frames
T03,1,BG13,spatial_all,"[0, 1, 2, 3, 4, 5, 6, 7, 8, 9, 10, 11, 12, 13, 14, 15, 16, 17, 18, 19, 20, 21, 22, 23, 24, 25, 26, 27, 28, 29, 30, 31, 32, 33, 34, 35]",0621af164f0d6fe5212699283835179d19f439f1fcc3be509802dbcf3cc64f99,9b3a3029b419465d2853d7a6f85bfe5d6f2d98ea3c13033415d93ebbaca288a8,2c656eaa5f0435d44e4abcec2029b5567f0b7544fe5796246b9e233c19f7ac69,38ad04bc14c2a22e2d4699472849a99e706e5988005381695628468a6a57aff5,e9055165efd2caa6818f693e09238dd2de35c656513a8428d0f740f0b7fc3ef7,25c0c9e1a425a3f10a2bb3ac6e4c8020307443bf5b9f2b5b72f9110849176ec3,0.11311995983123779,0.0914948582649231,0.09785791486501694,19.116961928629316,0.021625101566314697,80.88302923119859,0.675317620476896,0.8611367597241668,-0.01734946814507226,1.0,False,0.9998518228530884,0.9999904632568359,0.0,all_four_full_spatial_windows_common_frames
T03,1,BG14,spatial_E,"[0, 1, 2, 3, 4, 5, 6, 7, 8, 9, 10, 11]",0621af164f0d6fe5212699283835179d19f439f1fcc3be509802dbcf3cc64f99,9b3a3029b419465d2853d7a6f85bfe5d6f2d98ea3c13033415d93ebbaca288a8,2c656eaa5f0435d44e4abcec2029b5567f0b7544fe5796246b9e233c19f7ac69,38ad04bc14c2a22e2d4699472849a99e706e5988005381695628468a6a57aff5,e9055165efd2caa6818f693e09238dd2de35c656513a8428d0f740f0b7fc3ef7,25c0c9e1a425a3f10a2bb3ac6e4c8020307443bf5b9f2b5b72f9110849176ec3,0.33230042457580566,0.2751421630382538,0.6801953911781311,17.200778449332034,0.05715826153755188,82.79921854134298,0.6532792943890501,1.1951298321107506,0.030927093964349138,1.0,False,0.9998760223388672,0.9999897480010986,0.14038446640953942,all_four_full_spatial_windows_common_frames
T03,1,BG14,spatial_EM,"[0, 1, 2, 3, 4, 5, 6, 7, 8, 9, 10, 11, 12, 13, 14, 15, 16, 17, 18, 19, 20, 21, 22, 23]",0621af164f0d6fe5212699283835179d19f439f1fcc3be509802dbcf3cc64f99,9b3a3029b419465d2853d7a6f85bfe5d6f2d98ea3c13033415d93ebbaca288a8,2c656eaa5f0435d44e4abcec2029b5567f0b7544fe5796246b9e233c19f7ac69,38ad04bc14c2a22e2d4699472849a99e706e5988005381695628468a6a57aff5,e9055165efd2caa6818f693e09238dd2de35c656513a8428d0f740f0b7fc3ef7,25c0c9e1a425a3f10a2bb3ac6e4c8020307443bf5b9f2b5b72f9110849176ec3,0.33230042457580566,0.09574593603610992,0.15056532621383667,71.18693324661663,0.23655448853969574,28.81306374405839,0.6648777171397644,0.9130613990457789,0.019328671213634734,1.0,False,0.9998621940612793,0.9999907612800598,0.044808137531461546,all_four_full_spatial_windows_common_frames
T03,1,BG14,spatial_ML,"[12, 13, 14, 15, 16, 17, 18, 19, 20, 21, 22, 23, 24, 25, 26, 27, 28, 29, 30, 31, 32, 33, 34, 35]",0621af164f0d6fe5212699283835179d19f439f1fcc3be509802dbcf3cc64f99,9b3a3029b419465d2853d7a6f85bfe5d6f2d98ea3c13033415d93ebbaca288a8,2c656eaa5f0435d44e4abcec2029b5567f0b7544fe5796246b9e233c19f7ac69,38ad04bc14c2a22e2d4699472849a99e706e5988005381695628468a6a57aff5,e9055165efd2caa6818f693e09238dd2de35c656513a8428d0f740f0b7fc3ef7,25c0c9e1a425a3f10a2bb3ac6e4c8020307443bf5b9f2b5b72f9110849176ec3,0.33230042457580566,0.08351679146289825,0.09079144895076752,74.86708027646407,0.2487836331129074,25.132916714210943,0.6496606951469908,0.9609849903729194,0.03454569320640853,1.0,False,0.9998378753662109,0.9999902248382568,0.026425836565017662,all_four_full_spatial_windows_common_frames
T03,1,BG14,spatial_all,"[0, 1, 2, 3, 4, 5, 6, 7, 8, 9, 10, 11, 12, 13, 14, 15, 16, 17, 18, 19, 20, 21, 22, 23, 24, 25, 26, 27, 28, 29, 30, 31, 32, 33, 34, 35]",0621af164f0d6fe5212699283835179d19f439f1fcc3be509802dbcf3cc64f99,9b3a3029b419465d2853d7a6f85bfe5d6f2d98ea3c13033415d93ebbaca288a8,2c656eaa5f0435d44e4abcec2029b5567f0b7544fe5796246b9e233c19f7ac69,38ad04bc14c2a22e2d4699472849a99e706e5988005381695628468a6a57aff5,e9055165efd2caa6818f693e09238dd2de35c656513a8428d0f740f0b7fc3ef7,25c0c9e1a425a3f10a2bb3ac6e4c8020307443bf5b9f2b5b72f9110849176ec3,0.33230042457580566,0.0478237047791481,0.01714232563972473,85.6082900282099,0.28447671979665756,14.391706962465129,0.6408430526683898,0.9078616920047505,0.04336333568500948,1.0,False,0.9998550415039062,0.9999909996986389,0.0,all_four_full_spatial_windows_common_frames
T03,1,BG15,spatial_E,"[0, 1, 2, 3, 4, 5, 6, 7, 8, 9, 10, 11]",0621af164f0d6fe5212699283835179d19f439f1fcc3be509802dbcf3cc64f99,9b3a3029b419465d2853d7a6f85bfe5d6f2d98ea3c13033415d93ebbaca288a8,2c656eaa5f0435d44e4abcec2029b5567f0b7544fe5796246b9e233c19f7ac69,38ad04bc14c2a22e2d4699472849a99e706e5988005381695628468a6a57aff5,e9055165efd2caa6818f693e09238dd2de35c656513a8428d0f740f0b7fc3ef7,25c0c9e1a425a3f10a2bb3ac6e4c8020307443bf5b9f2b5b72f9110849176ec3,0.07142720371484756,0.07223083823919296,0.13135792315006256,-1.125109720160268,-0.000803634524345398,101.12509571989416,0.6009098945603097,0.7999273062068814,0.004466711711457626,1.0,False,0.9998847246170044,0.9999911785125732,0.11885562780461402,all_four_full_spatial_windows_common_frames
T03,1,BG15,spatial_EM,"[0, 1, 2, 3, 4, 5, 6, 7, 8, 9, 10, 11, 12, 13, 14, 15, 16, 17, 18, 19, 20, 21, 22, 23]",0621af164f0d6fe5212699283835179d19f439f1fcc3be509802dbcf3cc64f99,9b3a3029b419465d2853d7a6f85bfe5d6f2d98ea3c13033415d93ebbaca288a8,2c656eaa5f0435d44e4abcec2029b5567f0b7544fe5796246b9e233c19f7ac69,38ad04bc14c2a22e2d4699472849a99e706e5988005381695628468a6a57aff5,e9055165efd2caa6818f693e09238dd2de35c656513a8428d0f740f0b7fc3ef7,25c0c9e1a425a3f10a2bb3ac6e4c8020307443bf5b9f2b5b72f9110849176ec3,0.07142720371484756,0.06465902179479599,0.09722842276096344,9.475634800863967,0.006768181920051575,90.52435119886992,0.6468185291397928,0.8592749168892833,-0.0414419228680253,1.0,False,0.9998661279678345,0.9999901056289673,0.04759364145132468,all_four_full_spatial_windows_common_frames
T03,1,BG15,spatial_ML,"[12, 13, 14, 15, 16, 17, 18, 19, 20, 21, 22, 23, 24, 25, 26, 27, 28, 29, 30, 31, 32, 33, 34, 35]",0621af164f0d6fe5212699283835179d19f439f1fcc3be509802dbcf3cc64f99,9b3a3029b419465d2853d7a6f85bfe5d6f2d98ea3c13033415d93ebbaca288a8,2c656eaa5f0435d44e4abcec2029b5567f0b7544fe5796246b9e233c19f7ac69,38ad04bc14c2a22e2d4699472849a99e706e5988005381695628468a6a57aff5,e9055165efd2caa6818f693e09238dd2de35c656513a8428d0f740f0b7fc3ef7,25c0c9e1a425a3f10a2bb3ac6e4c8020307443bf5b9f2b5b72f9110849176ec3,0.07142720371484756,0.05564860627055168,0.022208306938409805,22.090456317234157,0.015778597444295883,77.90952968249974,0.6338226354560834,0.9245838775671844,-0.028446029184315998,1.0,False,0.9998304843902588,0.9999892711639404,0.0271214771192298,all_four_full_spatial_windows_common_frames
T03,1,BG15,spatial_all,"[0, 1, 2, 3, 4, 5, 6, 7, 8, 9, 10, 11, 12, 13, 14, 15, 16, 17, 18, 19, 20, 21, 22, 23, 24, 25, 26, 27, 28, 29, 30, 31, 32, 33, 34, 35]",0621af164f0d6fe5212699283835179d19f439f1fcc3be509802dbcf3cc64f99,9b3a3029b419465d2853d7a6f85bfe5d6f2d98ea3c13033415d93ebbaca288a8,2c656eaa5f0435d44e4abcec2029b5567f0b7544fe5796246b9e233c19f7ac69,38ad04bc14c2a22e2d4699472849a99e706e5988005381695628468a6a57aff5,e9055165efd2caa6818f693e09238dd2de35c656513a8428d0f740f0b7fc3ef7,25c0c9e1a425a3f10a2bb3ac6e4c8020307443bf5b9f2b5b72f9110849176ec3,0.07142720371484756,0.045658864080905914,0.06659814715385437,36.076361226708734,0.02576833963394165,63.92362477302515,0.625935553285415,0.8698975027046013,-0.020558947013647542,1.0,False,0.9998213648796082,0.9999884963035583,0.0,all_four_full_spatial_windows_common_frames
T03,2,BG1,spatial_E,"[0, 1, 2, 3, 4, 5, 6, 7, 8, 9, 10, 11]",0621af164f0d6fe5212699283835179d19f439f1fcc3be509802dbcf3cc64f99,9b3a3029b419465d2853d7a6f85bfe5d6f2d98ea3c13033415d93ebbaca288a8,d42fd0835ca1169fdd93186e68af5562f7bd2461ca94639164ad5b5b2b0d06a4,38ad04bc14c2a22e2d4699472849a99e706e5988005381695628468a6a57aff5,e9055165efd2caa6818f693e09238dd2de35c656513a8428d0f740f0b7fc3ef7,25c0c9e1a425a3f10a2bb3ac6e4c8020307443bf5b9f2b5b72f9110849176ec3,0.03716724365949631,0.03351584076881409,0.015096991322934628,9.824247236920288,0.0036514028906822205,90.17572585767505,0.7563826008194393,0.8025649081276858,0.003825212532777675,1.0,False,0.9999291896820068,0.9999958276748657,0.07065221692426163,all_four_full_spatial_windows_common_frames
T03,2,BG1,spatial_EM,"[0, 1, 2, 3, 4, 5, 6, 7, 8, 9, 10, 11, 12, 13, 14, 15, 16, 17, 18, 19, 20, 21, 22, 23]",0621af164f0d6fe5212699283835179d19f439f1fcc3be509802dbcf3cc64f99,9b3a3029b419465d2853d7a6f85bfe5d6f2d98ea3c13033415d93ebbaca288a8,d42fd0835ca1169fdd93186e68af5562f7bd2461ca94639164ad5b5b2b0d06a4,38ad04bc14c2a22e2d4699472849a99e706e5988005381695628468a6a57aff5,e9055165efd2caa6818f693e09238dd2de35c656513a8428d0f740f0b7fc3ef7,25c0c9e1a425a3f10a2bb3ac6e4c8020307443bf5b9f2b5b72f9110849176ec3,0.03716724365949631,0.036883190274238586,0.043999239802360535,0.7642571276856899,0.00028405338525772095,99.23571596690964,0.7461775032753032,0.8015809682873807,0.014030310076913952,1.0,False,0.9999263286590576,0.9999958276748657,0.04803753053865378,all_four_full_spatial_windows_common_frames
T03,2,BG1,spatial_ML,"[12, 13, 14, 15, 16, 17, 18, 19, 20, 21, 22, 23, 24, 25, 26, 27, 28, 29, 30, 31, 32, 33, 34, 35]",0621af164f0d6fe5212699283835179d19f439f1fcc3be509802dbcf3cc64f99,9b3a3029b419465d2853d7a6f85bfe5d6f2d98ea3c13033415d93ebbaca288a8,d42fd0835ca1169fdd93186e68af5562f7bd2461ca94639164ad5b5b2b0d06a4,38ad04bc14c2a22e2d4699472849a99e706e5988005381695628468a6a57aff5,e9055165efd2caa6818f693e09238dd2de35c656513a8428d0f740f0b7fc3ef7,25c0c9e1a425a3f10a2bb3ac6e4c8020307443bf5b9f2b5b72f9110849176ec3,0.03716724365949631,0.05116220563650131,0.0281179528683424,-37.65401152643212,-0.013994961977005005,137.65398462102746,0.7204501248881029,0.7655381794006602,0.03975768846411403,1.0,False,0.9999266862869263,0.9999954700469971,0.005089611575271504,all_four_full_spatial_windows_common_frames
T03,2,BG1,spatial_all,"[0, 1, 2, 3, 4, 5, 6, 7, 8, 9, 10, 11, 12, 13, 14, 15, 16, 17, 18, 19, 20, 21, 22, 23, 24, 25, 26, 27, 28, 29, 30, 31, 32, 33, 34, 35]",0621af164f0d6fe5212699283835179d19f439f1fcc3be509802dbcf3cc64f99,9b3a3029b419465d2853d7a6f85bfe5d6f2d98ea3c13033415d93ebbaca288a8,d42fd0835ca1169fdd93186e68af5562f7bd2461ca94639164ad5b5b2b0d06a4,38ad04bc14c2a22e2d4699472849a99e706e5988005381695628468a6a57aff5,e9055165efd2caa6818f693e09238dd2de35c656513a8428d0f740f0b7fc3ef7,25c0c9e1a425a3f10a2bb3ac6e4c8020307443bf5b9f2b5b72f9110849176ec3,0.03716724365949631,0.05399484187364578,0.03291940316557884,-45.27533394937828,-0.016827598214149475,145.2753070439736,0.7201034801171156,0.7606092383683534,0.04010433323510148,1.0,False,0.9999333620071411,0.9999956488609314,0.0,all_four_full_spatial_windows_common_frames
T03,2,BG2,spatial_E,"[0, 1, 2, 3, 4, 5, 6, 7, 8, 9, 10, 11]",0621af164f0d6fe5212699283835179d19f439f1fcc3be509802dbcf3cc64f99,9b3a3029b419465d2853d7a6f85bfe5d6f2d98ea3c13033415d93ebbaca288a8,d42fd0835ca1169fdd93186e68af5562f7bd2461ca94639164ad5b5b2b0d06a4,38ad04bc14c2a22e2d4699472849a99e706e5988005381695628468a6a57aff5,e9055165efd2caa6818f693e09238dd2de35c656513a8428d0f740f0b7fc3ef7,25c0c9e1a425a3f10a2bb3ac6e4c8020307443bf5b9f2b5b72f9110849176ec3,0.030999675393104553,0.031041335314512253,0.025876248255372047,-0.13438820710408322,-4.1659921407699585e-05,100.13435594871218,0.7557652649713962,0.8127816790659083,-0.006721639245068746,1.0,False,0.9998968839645386,0.9999946355819702,0.07165149966745518,all_four_full_spatial_windows_common_frames
T03,2,BG2,spatial_EM,"[0, 1, 2, 3, 4, 5, 6, 7, 8, 9, 10, 11, 12, 13, 14, 15, 16, 17, 18, 19, 20, 21, 22, 23]",0621af164f0d6fe5212699283835179d19f439f1fcc3be509802dbcf3cc64f99,9b3a3029b419465d2853d7a6f85bfe5d6f2d98ea3c13033415d93ebbaca288a8,d42fd0835ca1169fdd93186e68af5562f7bd2461ca94639164ad5b5b2b0d06a4,38ad04bc14c2a22e2d4699472849a99e706e5988005381695628468a6a57aff5,e9055165efd2caa6818f693e09238dd2de35c656513a8428d0f740f0b7fc3ef7,25c0c9e1a425a3f10a2bb3ac6e4c8020307443bf5b9f2b5b72f9110849176ec3,0.030999675393104553,0.03322577103972435,0.01895410753786564,-7.181026576208288,-0.0022260956466197968,107.18099431781638,0.7281569342579126,0.8003702021011101,0.02088669146841484,1.0,False,0.9999037981033325,0.9999949932098389,0.045763627083872466,all_four_full_spatial_windows_common_frames
T03,2,BG2,spatial_ML,"[12, 13, 14, 15, 16, 17, 18, 19, 20, 21, 22, 23, 24, 25, 26, 27, 28, 29, 30, 31, 32, 33, 34, 35]",0621af164f0d6fe5212699283835179d19f439f1fcc3be509802dbcf3cc64f99,9b3a3029b419465d2853d7a6f85bfe5d6f2d98ea3c13033415d93ebbaca288a8,d42fd0835ca1169fdd93186e68af5562f7bd2461ca94639164ad5b5b2b0d06a4,38ad04bc14c2a22e2d4699472849a99e706e5988005381695628468a6a57aff5,e9055165efd2caa6818f693e09238dd2de35c656513a8428d0f740f0b7fc3ef7,25c0c9e1a425a3f10a2bb3ac6e4c8020307443bf5b9f2b5b72f9110849176ec3,0.030999675393104553,0.06519631296396255,0.056365806609392166,-110.31285362161954,-0.034196637570858,210.31282136322764,0.7135982089999067,0.7705596110263119,0.035445416726420716,1.0,False,0.9999127388000488,0.9999951124191284,0.00554322896732343,all_four_full_spatial_windows_common_frames
T03,2,BG2,spatial_all,"[0, 1, 2, 3, 4, 5, 6, 7, 8, 9, 10, 11, 12, 13, 14, 15, 16, 17, 18, 19, 20, 21, 22, 23, 24, 25, 26, 27, 28, 29, 30, 31, 32, 33, 34, 35]",0621af164f0d6fe5212699283835179d19f439f1fcc3be509802dbcf3cc64f99,9b3a3029b419465d2853d7a6f85bfe5d6f2d98ea3c13033415d93ebbaca288a8,d42fd0835ca1169fdd93186e68af5562f7bd2461ca94639164ad5b5b2b0d06a4,38ad04bc14c2a22e2d4699472849a99e706e5988005381695628468a6a57aff5,e9055165efd2caa6818f693e09238dd2de35c656513a8428d0f740f0b7fc3ef7,25c0c9e1a425a3f10a2bb3ac6e4c8020307443bf5b9f2b5b72f9110849176ec3,0.030999675393104553,0.06778322160243988,0.03293610364198685,-118.65780488700479,-0.03678354620933533,218.6577726286129,0.7087171809341168,0.7569412898155867,0.040326444792210654,1.0,False,0.9999179840087891,0.9999949932098389,0.0,all_four_full_spatial_windows_common_frames
T03,2,BG3,spatial_E,"[0, 1, 2, 3, 4, 5, 6, 7, 8, 9, 10, 11]",0621af164f0d6fe5212699283835179d19f439f1fcc3be509802dbcf3cc64f99,9b3a3029b419465d2853d7a6f85bfe5d6f2d98ea3c13033415d93ebbaca288a8,d42fd0835ca1169fdd93186e68af5562f7bd2461ca94639164ad5b5b2b0d06a4,38ad04bc14c2a22e2d4699472849a99e706e5988005381695628468a6a57aff5,e9055165efd2caa6818f693e09238dd2de35c656513a8428d0f740f0b7fc3ef7,25c0c9e1a425a3f10a2bb3ac6e4c8020307443bf5b9f2b5b72f9110849176ec3,0.033381495624780655,0.033492062240839005,0.02207038179039955,-0.3312211776819043,-0.00011056661605834961,100.3311912209744,0.7620894041937839,0.8060313625478054,-0.004278461045260189,1.0,False,0.9999243021011353,0.9999944567680359,0.08620266239664626,all_four_full_spatial_windows_common_frames
T03,2,BG3,spatial_EM,"[0, 1, 2, 3, 4, 5, 6, 7, 8, 9, 10, 11, 12, 13, 14, 15, 16, 17, 18, 19, 20, 21, 22, 23]",0621af164f0d6fe5212699283835179d19f439f1fcc3be509802dbcf3cc64f99,9b3a3029b419465d2853d7a6f85bfe5d6f2d98ea3c13033415d93ebbaca288a8,d42fd0835ca1169fdd93186e68af5562f7bd2461ca94639164ad5b5b2b0d06a4,38ad04bc14c2a22e2d4699472849a99e706e5988005381695628468a6a57aff5,e9055165efd2caa6818f693e09238dd2de35c656513a8428d0f740f0b7fc3ef7,25c0c9e1a425a3f10a2bb3ac6e4c8020307443bf5b9f2b5b72f9110849176ec3,0.033381495624780655,0.026773890480399132,0.03410046920180321,19.794209460331796,0.006607605144381523,80.20576058296069,0.7454981017492763,0.8199566277715729,0.01231284139924731,1.0,False,0.9999163150787354,0.9999942779541016,0.046020587350672465,all_four_full_spatial_windows_common_frames
T03,2,BG3,spatial_ML,"[12, 13, 14, 15, 16, 17, 18, 19, 20, 21, 22, 23, 24, 25, 26, 27, 28, 29, 30, 31, 32, 33, 34, 35]",0621af164f0d6fe5212699283835179d19f439f1fcc3be509802dbcf3cc64f99,9b3a3029b419465d2853d7a6f85bfe5d6f2d98ea3c13033415d93ebbaca288a8,d42fd0835ca1169fdd93186e68af5562f7bd2461ca94639164ad5b5b2b0d06a4,38ad04bc14c2a22e2d4699472849a99e706e5988005381695628468a6a57aff5,e9055165efd2caa6818f693e09238dd2de35c656513a8428d0f740f0b7fc3ef7,25c0c9e1a425a3f10a2bb3ac6e4c8020307443bf5b9f2b5b72f9110849176ec3,0.033381495624780655,0.04827336221933365,0.05038491263985634,-44.611129174167814,-0.014891866594552994,144.61109921746032,0.7124120772519559,0.7557458082725952,0.045398865896567796,1.0,False,0.9999071359634399,0.9999938011169434,0.006896111511393553,all_four_full_spatial_windows_common_frames
T03,2,BG3,spatial_all,"[0, 1, 2, 3, 4, 5, 6, 7, 8, 9, 10, 11, 12, 13, 14, 15, 16, 17, 18, 19, 20, 21, 22, 23, 24, 25, 26, 27, 28, 29, 30, 31, 32, 33, 34, 35]",0621af164f0d6fe5212699283835179d19f439f1fcc3be509802dbcf3cc64f99,9b3a3029b419465d2853d7a6f85bfe5d6f2d98ea3c13033415d93ebbaca288a8,d42fd0835ca1169fdd93186e68af5562f7bd2461ca94639164ad5b5b2b0d06a4,38ad04bc14c2a22e2d4699472849a99e706e5988005381695628468a6a57aff5,e9055165efd2caa6818f693e09238dd2de35c656513a8428d0f740f0b7fc3ef7,25c0c9e1a425a3f10a2bb3ac6e4c8020307443bf5b9f2b5b72f9110849176ec3,0.033381495624780655,0.0384066142141819,0.024638408794999123,-15.053600774887949,-0.005025118589401245,115.05357081818045,0.7209676099048508,0.7632558839828174,0.03684333324367284,1.0,False,0.9999099969863892,0.9999936819076538,0.0,all_four_full_spatial_windows_common_frames
T03,2,BG4,spatial_E,"[0, 1, 2, 3, 4, 5, 6, 7, 8, 9, 10, 11]",0621af164f0d6fe5212699283835179d19f439f1fcc3be509802dbcf3cc64f99,9b3a3029b419465d2853d7a6f85bfe5d6f2d98ea3c13033415d93ebbaca288a8,d42fd0835ca1169fdd93186e68af5562f7bd2461ca94639164ad5b5b2b0d06a4,38ad04bc14c2a22e2d4699472849a99e706e5988005381695628468a6a57aff5,e9055165efd2caa6818f693e09238dd2de35c656513a8428d0f740f0b7fc3ef7,25c0c9e1a425a3f10a2bb3ac6e4c8020307443bf5b9f2b5b72f9110849176ec3,0.04974397271871567,0.050955820828676224,0.06503363698720932,-2.436170253622677,-0.001211848109960556,102.4361501506887,0.7777757117906472,0.8457164072668777,-0.004496207493485019,1.0,False,0.9999194145202637,0.9999951124191284,0.0818608306043073,all_four_full_spatial_windows_common_frames
T03,2,BG4,spatial_EM,"[0, 1, 2, 3, 4, 5, 6, 7, 8, 9, 10, 11, 12, 13, 14, 15, 16, 17, 18, 19, 20, 21, 22, 23]",0621af164f0d6fe5212699283835179d19f439f1fcc3be509802dbcf3cc64f99,9b3a3029b419465d2853d7a6f85bfe5d6f2d98ea3c13033415d93ebbaca288a8,d42fd0835ca1169fdd93186e68af5562f7bd2461ca94639164ad5b5b2b0d06a4,38ad04bc14c2a22e2d4699472849a99e706e5988005381695628468a6a57aff5,e9055165efd2caa6818f693e09238dd2de35c656513a8428d0f740f0b7fc3ef7,25c0c9e1a425a3f10a2bb3ac6e4c8020307443bf5b9f2b5b72f9110849176ec3,0.04974397271871567,0.02653089165687561,0.05332505330443382,46.66510358268191,0.023213081061840057,53.33487631438411,0.7508858146121318,0.8041891385385692,0.02239368968503035,1.0,False,0.9999145269393921,0.9999949932098389,0.045096586913822886,all_four_full_spatial_windows_common_frames
T03,2,BG4,spatial_ML,"[12, 13, 14, 15, 16, 17, 18, 19, 20, 21, 22, 23, 24, 25, 26, 27, 28, 29, 30, 31, 32, 33, 34, 35]",0621af164f0d6fe5212699283835179d19f439f1fcc3be509802dbcf3cc64f99,9b3a3029b419465d2853d7a6f85bfe5d6f2d98ea3c13033415d93ebbaca288a8,d42fd0835ca1169fdd93186e68af5562f7bd2461ca94639164ad5b5b2b0d06a4,38ad04bc14c2a22e2d4699472849a99e706e5988005381695628468a6a57aff5,e9055165efd2caa6818f693e09238dd2de35c656513a8428d0f740f0b7fc3ef7,25c0c9e1a425a3f10a2bb3ac6e4c8020307443bf5b9f2b5b72f9110849176ec3,0.04974397271871567,0.057361532002687454,0.0841040313243866,-15.313529129837361,-0.0076175592839717865,115.31350902690339,0.7044253153929606,0.7467808205264714,0.0688541889042014,1.0,False,0.9999186992645264,0.9999949932098389,0.006409519475459456,all_four_full_spatial_windows_common_frames
T03,2,BG4,spatial_all,"[0, 1, 2, 3, 4, 5, 6, 7, 8, 9, 10, 11, 12, 13, 14, 15, 16, 17, 18, 19, 20, 21, 22, 23, 24, 25, 26, 27, 28, 29, 30, 31, 32, 33, 34, 35]",0621af164f0d6fe5212699283835179d19f439f1fcc3be509802dbcf3cc64f99,9b3a3029b419465d2853d7a6f85bfe5d6f2d98ea3c13033415d93ebbaca288a8,d42fd0835ca1169fdd93186e68af5562f7bd2461ca94639164ad5b5b2b0d06a4,38ad04bc14c2a22e2d4699472849a99e706e5988005381695628468a6a57aff5,e9055165efd2caa6818f693e09238dd2de35c656513a8428d0f740f0b7fc3ef7,25c0c9e1a425a3f10a2bb3ac6e4c8020307443bf5b9f2b5b72f9110849176ec3,0.04974397271871567,0.053530000150203705,0.09821648895740509,-7.611025946387648,-0.003786027431488037,107.61100584345367,0.7115388830364612,0.7611942542466328,0.06174062126070094,1.0,False,0.9999245405197144,0.9999951124191284,0.0,all_four_full_spatial_windows_common_frames
T03,2,BG5,spatial_E,"[0, 1, 2, 3, 4, 5, 6, 7, 8, 9, 10, 11]",0621af164f0d6fe5212699283835179d19f439f1fcc3be509802dbcf3cc64f99,9b3a3029b419465d2853d7a6f85bfe5d6f2d98ea3c13033415d93ebbaca288a8,d42fd0835ca1169fdd93186e68af5562f7bd2461ca94639164ad5b5b2b0d06a4,38ad04bc14c2a22e2d4699472849a99e706e5988005381695628468a6a57aff5,e9055165efd2caa6818f693e09238dd2de35c656513a8428d0f740f0b7fc3ef7,25c0c9e1a425a3f10a2bb3ac6e4c8020307443bf5b9f2b5b72f9110849176ec3,0.1568092554807663,0.16088315844535828,0.2604932188987732,-2.597998882337518,-0.00407390296459198,102.59799250516333,0.8754226049691759,1.029939552451615,-0.0031658942706440747,1.0,False,0.9998047947883606,0.9999896287918091,0.24672791453904966,all_four_full_spatial_windows_common_frames
T03,2,BG5,spatial_EM,"[0, 1, 2, 3, 4, 5, 6, 7, 8, 9, 10, 11, 12, 13, 14, 15, 16, 17, 18, 19, 20, 21, 22, 23]",0621af164f0d6fe5212699283835179d19f439f1fcc3be509802dbcf3cc64f99,9b3a3029b419465d2853d7a6f85bfe5d6f2d98ea3c13033415d93ebbaca288a8,d42fd0835ca1169fdd93186e68af5562f7bd2461ca94639164ad5b5b2b0d06a4,38ad04bc14c2a22e2d4699472849a99e706e5988005381695628468a6a57aff5,e9055165efd2caa6818f693e09238dd2de35c656513a8428d0f740f0b7fc3ef7,25c0c9e1a425a3f10a2bb3ac6e4c8020307443bf5b9f2b5b72f9110849176ec3,0.1568092554807663,0.17476585507392883,0.0588105209171772,-11.45123633996298,-0.017956599593162537,111.4512299627888,0.8626092710998083,0.8447068041594541,0.009647439598723401,1.0,False,0.9998340606689453,0.99998939037323,0.04880648356097941,all_four_full_spatial_windows_common_frames
T03,2,BG5,spatial_ML,"[12, 13, 14, 15, 16, 17, 18, 19, 20, 21, 22, 23, 24, 25, 26, 27, 28, 29, 30, 31, 32, 33, 34, 35]",0621af164f0d6fe5212699283835179d19f439f1fcc3be509802dbcf3cc64f99,9b3a3029b419465d2853d7a6f85bfe5d6f2d98ea3c13033415d93ebbaca288a8,d42fd0835ca1169fdd93186e68af5562f7bd2461ca94639164ad5b5b2b0d06a4,38ad04bc14c2a22e2d4699472849a99e706e5988005381695628468a6a57aff5,e9055165efd2caa6818f693e09238dd2de35c656513a8428d0f740f0b7fc3ef7,25c0c9e1a425a3f10a2bb3ac6e4c8020307443bf5b9f2b5b72f9110849176ec3,0.1568092554807663,0.11621803045272827,0.059717919677495956,25.8857312439977,0.040591225028038025,74.11426237882812,0.7319348207407537,0.7457133472425971,0.1403218899577782,1.0,False,0.9997469782829285,0.999987781047821,0.0028166684078234612,all_four_full_spatial_windows_common_frames
T03,2,BG5,spatial_all,"[0, 1, 2, 3, 4, 5, 6, 7, 8, 9, 10, 11, 12, 13, 14, 15, 16, 17, 18, 19, 20, 21, 22, 23, 24, 25, 26, 27, 28, 29, 30, 31, 32, 33, 34, 35]",0621af164f0d6fe5212699283835179d19f439f1fcc3be509802dbcf3cc64f99,9b3a3029b419465d2853d7a6f85bfe5d6f2d98ea3c13033415d93ebbaca288a8,d42fd0835ca1169fdd93186e68af5562f7bd2461ca94639164ad5b5b2b0d06a4,38ad04bc14c2a22e2d4699472849a99e706e5988005381695628468a6a57aff5,e9055165efd2caa6818f693e09238dd2de35c656513a8428d0f740f0b7fc3ef7,25c0c9e1a425a3f10a2bb3ac6e4c8020307443bf5b9f2b5b72f9110849176ec3,0.1568092554807663,0.10935874283313751,0.060080982744693756,30.260018438418683,0.047450512647628784,69.73997518440713,0.7416111067500128,0.737889909392565,0.13064560394851896,1.0,False,0.9997661709785461,0.9999880194664001,0.0,all_four_full_spatial_windows_common_frames
T03,2,BG6,spatial_E,"[0, 1, 2, 3, 4, 5, 6, 7, 8, 9, 10, 11]",0621af164f0d6fe5212699283835179d19f439f1fcc3be509802dbcf3cc64f99,9b3a3029b419465d2853d7a6f85bfe5d6f2d98ea3c13033415d93ebbaca288a8,d42fd0835ca1169fdd93186e68af5562f7bd2461ca94639164ad5b5b2b0d06a4,38ad04bc14c2a22e2d4699472849a99e706e5988005381695628468a6a57aff5,e9055165efd2caa6818f693e09238dd2de35c656513a8428d0f740f0b7fc3ef7,25c0c9e1a425a3f10a2bb3ac6e4c8020307443bf5b9f2b5b72f9110849176ec3,0.15313303470611572,0.13310901820659637,0.1640453189611435,13.076221750797359,0.020024016499519348,86.92377171893348,0.6744635975489167,0.6426434623022341,-0.018440000418745363,1.0,False,0.999220609664917,0.9999762177467346,0.22155476636796126,all_four_full_spatial_windows_common_frames
T03,2,BG6,spatial_EM,"[0, 1, 2, 3, 4, 5, 6, 7, 8, 9, 10, 11, 12, 13, 14, 15, 16, 17, 18, 19, 20, 21, 22, 23]",0621af164f0d6fe5212699283835179d19f439f1fcc3be509802dbcf3cc64f99,9b3a3029b419465d2853d7a6f85bfe5d6f2d98ea3c13033415d93ebbaca288a8,d42fd0835ca1169fdd93186e68af5562f7bd2461ca94639164ad5b5b2b0d06a4,38ad04bc14c2a22e2d4699472849a99e706e5988005381695628468a6a57aff5,e9055165efd2caa6818f693e09238dd2de35c656513a8428d0f740f0b7fc3ef7,25c0c9e1a425a3f10a2bb3ac6e4c8020307443bf5b9f2b5b72f9110849176ec3,0.15313303470611572,0.20754185318946838,0.09465309977531433,-35.53042296505694,-0.05440881848335266,135.53041643478778,0.8279791402601522,0.8516889263116971,-0.17195554312998063,1.0,False,0.9996825456619263,0.9999860525131226,0.05092493692573486,all_four_full_spatial_windows_common_frames
T03,2,BG6,spatial_ML,"[12, 13, 14, 15, 16, 17, 18, 19, 20, 21, 22, 23, 24, 25, 26, 27, 28, 29, 30, 31, 32, 33, 34, 35]",0621af164f0d6fe5212699283835179d19f439f1fcc3be509802dbcf3cc64f99,9b3a3029b419465d2853d7a6f85bfe5d6f2d98ea3c13033415d93ebbaca288a8,d42fd0835ca1169fdd93186e68af5562f7bd2461ca94639164ad5b5b2b0d06a4,38ad04bc14c2a22e2d4699472849a99e706e5988005381695628468a6a57aff5,e9055165efd2caa6818f693e09238dd2de35c656513a8428d0f740f0b7fc3ef7,25c0c9e1a425a3f10a2bb3ac6e4c8020307443bf5b9f2b5b72f9110849176ec3,0.15313303470611572,0.10961894690990448,0.05979186296463013,28.415870578241957,0.04351408779621124,71.58412289148887,0.710469110371372,0.773076831154261,-0.054445513241200595,1.0,False,0.9998074173927307,0.9999906420707703,0.005964301897105007,all_four_full_spatial_windows_common_frames
T03,2,BG6,spatial_all,"[0, 1, 2, 3, 4, 5, 6, 7, 8, 9, 10, 11, 12, 13, 14, 15, 16, 17, 18, 19, 20, 21, 22, 23, 24, 25, 26, 27, 28, 29, 30, 31, 32, 33, 34, 35]",0621af164f0d6fe5212699283835179d19f439f1fcc3be509802dbcf3cc64f99,9b3a3029b419465d2853d7a6f85bfe5d6f2d98ea3c13033415d93ebbaca288a8,d42fd0835ca1169fdd93186e68af5562f7bd2461ca94639164ad5b5b2b0d06a4,38ad04bc14c2a22e2d4699472849a99e706e5988005381695628468a6a57aff5,e9055165efd2caa6818f693e09238dd2de35c656513a8428d0f740f0b7fc3ef7,25c0c9e1a425a3f10a2bb3ac6e4c8020307443bf5b9f2b5b72f9110849176ec3,0.15313303470611572,0.10304923355579376,0.04505443572998047,32.7060702322219,0.05008380115032196,67.29392323750895,0.7405627157673301,0.8235584849877959,-0.0845391186371588,1.0,False,0.9997945427894592,0.9999897480010986,0.0,all_four_full_spatial_windows_common_frames
T03,2,BG7,spatial_E,"[0, 1, 2, 3, 4, 5, 6, 7, 8, 9, 10, 11]",0621af164f0d6fe5212699283835179d19f439f1fcc3be509802dbcf3cc64f99,9b3a3029b419465d2853d7a6f85bfe5d6f2d98ea3c13033415d93ebbaca288a8,d42fd0835ca1169fdd93186e68af5562f7bd2461ca94639164ad5b5b2b0d06a4,38ad04bc14c2a22e2d4699472849a99e706e5988005381695628468a6a57aff5,e9055165efd2caa6818f693e09238dd2de35c656513a8428d0f740f0b7fc3ef7,25c0c9e1a425a3f10a2bb3ac6e4c8020307443bf5b9f2b5b72f9110849176ec3,0.15959742665290833,0.16635380685329437,0.21888025104999542,-4.233388920324447,-0.006756380200386047,104.23338265455965,0.8703159032627328,0.8858903994369582,-0.0005053057467715852,1.0,False,0.9998383522033691,0.9999910593032837,0.28242550127541094,all_four_full_spatial_windows_common_frames
T03,2,BG7,spatial_EM,"[0, 1, 2, 3, 4, 5, 6, 7, 8, 9, 10, 11, 12, 13, 14, 15, 16, 17, 18, 19, 20, 21, 22, 23]",0621af164f0d6fe5212699283835179d19f439f1fcc3be509802dbcf3cc64f99,9b3a3029b419465d2853d7a6f85bfe5d6f2d98ea3c13033415d93ebbaca288a8,d42fd0835ca1169fdd93186e68af5562f7bd2461ca94639164ad5b5b2b0d06a4,38ad04bc14c2a22e2d4699472849a99e706e5988005381695628468a6a57aff5,e9055165efd2caa6818f693e09238dd2de35c656513a8428d0f740f0b7fc3ef7,25c0c9e1a425a3f10a2bb3ac6e4c8020307443bf5b9f2b5b72f9110849176ec3,0.15959742665290833,0.20202961564064026,0.08168421685695648,-26.587011594686977,-0.042432188987731934,126.58700532892219,0.8486257557567942,0.8183545658429416,0.021184841759166722,1.0,False,0.9996337890625,0.9999852776527405,0.05363872465592295,all_four_full_spatial_windows_common_frames
T03,2,BG7,spatial_ML,"[12, 13, 14, 15, 16, 17, 18, 19, 20, 21, 22, 23, 24, 25, 26, 27, 28, 29, 30, 31, 32, 33, 34, 35]",0621af164f0d6fe5212699283835179d19f439f1fcc3be509802dbcf3cc64f99,9b3a3029b419465d2853d7a6f85bfe5d6f2d98ea3c13033415d93ebbaca288a8,d42fd0835ca1169fdd93186e68af5562f7bd2461ca94639164ad5b5b2b0d06a4,38ad04bc14c2a22e2d4699472849a99e706e5988005381695628468a6a57aff5,e9055165efd2caa6818f693e09238dd2de35c656513a8428d0f740f0b7fc3ef7,25c0c9e1a425a3f10a2bb3ac6e4c8020307443bf5b9f2b5b72f9110849176ec3,0.15959742665290833,0.1282603144645691,0.10201863944530487,19.635097433607925,0.03133711218833923,80.36489630062728,0.6853512325853326,0.7306045596026659,0.18445936493062848,1.0,False,0.9997554421424866,0.9999893307685852,0.005492218804105643,all_four_full_spatial_windows_common_frames
T03,2,BG7,spatial_all,"[0, 1, 2, 3, 4, 5, 6, 7, 8, 9, 10, 11, 12, 13, 14, 15, 16, 17, 18, 19, 20, 21, 22, 23, 24, 25, 26, 27, 28, 29, 30, 31, 32, 33, 34, 35]",0621af164f0d6fe5212699283835179d19f439f1fcc3be509802dbcf3cc64f99,9b3a3029b419465d2853d7a6f85bfe5d6f2d98ea3c13033415d93ebbaca288a8,d42fd0835ca1169fdd93186e68af5562f7bd2461ca94639164ad5b5b2b0d06a4,38ad04bc14c2a22e2d4699472849a99e706e5988005381695628468a6a57aff5,e9055165efd2caa6818f693e09238dd2de35c656513a8428d0f740f0b7fc3ef7,25c0c9e1a425a3f10a2bb3ac6e4c8020307443bf5b9f2b5b72f9110849176ec3,0.15959742665290833,0.1188264936208725,0.06442718207836151,25.546107686368575,0.04077093303203583,74.45388604786663,0.692001765383171,0.7497457573014694,0.17780883213279006,1.0,False,0.9997420907020569,0.9999896287918091,0.0,all_four_full_spatial_windows_common_frames
T03,2,BG8,spatial_E,"[0, 1, 2, 3, 4, 5, 6, 7, 8, 9, 10, 11]",0621af164f0d6fe5212699283835179d19f439f1fcc3be509802dbcf3cc64f99,9b3a3029b419465d2853d7a6f85bfe5d6f2d98ea3c13033415d93ebbaca288a8,d42fd0835ca1169fdd93186e68af5562f7bd2461ca94639164ad5b5b2b0d06a4,38ad04bc14c2a22e2d4699472849a99e706e5988005381695628468a6a57aff5,e9055165efd2caa6818f693e09238dd2de35c656513a8428d0f740f0b7fc3ef7,25c0c9e1a425a3f10a2bb3ac6e4c8020307443bf5b9f2b5b72f9110849176ec3,0.8681052923202515,0.7475594282150269,2.1605160236358643,13.886087757214757,0.12054586410522461,86.11391109085125,0.8814303469594925,1.9414281679665084,0.06042707429224873,1.0,False,0.9989774227142334,0.9999610185623169,0.2368489179766804,all_four_full_spatial_windows_common_frames
T03,2,BG8,spatial_EM,"[0, 1, 2, 3, 4, 5, 6, 7, 8, 9, 10, 11, 12, 13, 14, 15, 16, 17, 18, 19, 20, 21, 22, 23]",0621af164f0d6fe5212699283835179d19f439f1fcc3be509802dbcf3cc64f99,9b3a3029b419465d2853d7a6f85bfe5d6f2d98ea3c13033415d93ebbaca288a8,d42fd0835ca1169fdd93186e68af5562f7bd2461ca94639164ad5b5b2b0d06a4,38ad04bc14c2a22e2d4699472849a99e706e5988005381695628468a6a57aff5,e9055165efd2caa6818f693e09238dd2de35c656513a8428d0f740f0b7fc3ef7,25c0c9e1a425a3f10a2bb3ac6e4c8020307443bf5b9f2b5b72f9110849176ec3,0.8681052923202515,0.2395131140947342,0.0683172196149826,72.40966925849096,0.6285921782255173,27.59032958957504,0.9106181070100468,0.7962522850075407,0.03123931424169437,1.0,False,0.9998194575309753,0.9999892711639404,0.043799571561346874,all_four_full_spatial_windows_common_frames
T03,2,BG8,spatial_ML,"[12, 13, 14, 15, 16, 17, 18, 19, 20, 21, 22, 23, 24, 25, 26, 27, 28, 29, 30, 31, 32, 33, 34, 35]",0621af164f0d6fe5212699283835179d19f439f1fcc3be509802dbcf3cc64f99,9b3a3029b419465d2853d7a6f85bfe5d6f2d98ea3c13033415d93ebbaca288a8,d42fd0835ca1169fdd93186e68af5562f7bd2461ca94639164ad5b5b2b0d06a4,38ad04bc14c2a22e2d4699472849a99e706e5988005381695628468a6a57aff5,e9055165efd2caa6818f693e09238dd2de35c656513a8428d0f740f0b7fc3ef7,25c0c9e1a425a3f10a2bb3ac6e4c8020307443bf5b9f2b5b72f9110849176ec3,0.8681052923202515,0.11877807229757309,0.194032222032547,86.31754903695371,0.7493272200226784,13.682449811112297,0.7025586987489303,0.7584564785274341,0.23929872250281092,1.0,False,0.9997813105583191,0.9999885559082031,0.01559634326482637,all_four_full_spatial_windows_common_frames
T03,2,BG8,spatial_all,"[0, 1, 2, 3, 4, 5, 6, 7, 8, 9, 10, 11, 12, 13, 14, 15, 16, 17, 18, 19, 20, 21, 22, 23, 24, 25, 26, 27, 28, 29, 30, 31, 32, 33, 34, 35]",0621af164f0d6fe5212699283835179d19f439f1fcc3be509802dbcf3cc64f99,9b3a3029b419465d2853d7a6f85bfe5d6f2d98ea3c13033415d93ebbaca288a8,d42fd0835ca1169fdd93186e68af5562f7bd2461ca94639164ad5b5b2b0d06a4,38ad04bc14c2a22e2d4699472849a99e706e5988005381695628468a6a57aff5,e9055165efd2caa6818f693e09238dd2de35c656513a8428d0f740f0b7fc3ef7,25c0c9e1a425a3f10a2bb3ac6e4c8020307443bf5b9f2b5b72f9110849176ec3,0.8681052923202515,0.053066324442625046,0.03342265635728836,93.88710859145883,0.8150389678776264,6.11289025660719,0.7721516256772325,0.8207725478943938,0.16970579557450882,1.0,False,0.9998247027397156,0.9999896883964539,0.0,all_four_full_spatial_windows_common_frames
T03,2,BG9,spatial_E,"[0, 1, 2, 3, 4, 5, 6, 7, 8, 9, 10, 11]",0621af164f0d6fe5212699283835179d19f439f1fcc3be509802dbcf3cc64f99,9b3a3029b419465d2853d7a6f85bfe5d6f2d98ea3c13033415d93ebbaca288a8,d42fd0835ca1169fdd93186e68af5562f7bd2461ca94639164ad5b5b2b0d06a4,38ad04bc14c2a22e2d4699472849a99e706e5988005381695628468a6a57aff5,e9055165efd2caa6818f693e09238dd2de35c656513a8428d0f740f0b7fc3ef7,25c0c9e1a425a3f10a2bb3ac6e4c8020307443bf5b9f2b5b72f9110849176ec3,0.2042158544063568,0.1751910150051117,0.3296698331832886,14.212823027054522,0.029024839401245117,85.78717207616627,0.639728710909787,0.8043454226486766,-0.01701740899945366,1.0,False,0.9997922778129578,0.9999884963035583,0.1936293642641699,all_four_full_spatial_windows_common_frames
T03,2,BG9,spatial_EM,"[0, 1, 2, 3, 4, 5, 6, 7, 8, 9, 10, 11, 12, 13, 14, 15, 16, 17, 18, 19, 20, 21, 22, 23]",0621af164f0d6fe5212699283835179d19f439f1fcc3be509802dbcf3cc64f99,9b3a3029b419465d2853d7a6f85bfe5d6f2d98ea3c13033415d93ebbaca288a8,d42fd0835ca1169fdd93186e68af5562f7bd2461ca94639164ad5b5b2b0d06a4,38ad04bc14c2a22e2d4699472849a99e706e5988005381695628468a6a57aff5,e9055165efd2caa6818f693e09238dd2de35c656513a8428d0f740f0b7fc3ef7,25c0c9e1a425a3f10a2bb3ac6e4c8020307443bf5b9f2b5b72f9110849176ec3,0.2042158544063568,0.09445306658744812,0.057823292911052704,53.748413786550074,0.10976278781890869,46.25158131667071,0.7776976194339997,0.8102117518290453,-0.1549863175236664,1.0,False,0.9998791217803955,0.9999901652336121,0.042901219815839504,all_four_full_spatial_windows_common_frames
T03,2,BG9,spatial_ML,"[12, 13, 14, 15, 16, 17, 18, 19, 20, 21, 22, 23, 24, 25, 26, 27, 28, 29, 30, 31, 32, 33, 34, 35]",0621af164f0d6fe5212699283835179d19f439f1fcc3be509802dbcf3cc64f99,9b3a3029b419465d2853d7a6f85bfe5d6f2d98ea3c13033415d93ebbaca288a8,d42fd0835ca1169fdd93186e68af5562f7bd2461ca94639164ad5b5b2b0d06a4,38ad04bc14c2a22e2d4699472849a99e706e5988005381695628468a6a57aff5,e9055165efd2caa6818f693e09238dd2de35c656513a8428d0f740f0b7fc3ef7,25c0c9e1a425a3f10a2bb3ac6e4c8020307443bf5b9f2b5b72f9110849176ec3,0.2042158544063568,0.09686435014009476,0.0727093294262886,52.567661468577086,0.10735150426626205,47.432333634643705,0.6979547403594754,0.7636342997780898,-0.07524343844914197,1.0,False,0.9998621940612793,0.9999893307685852,0.014177427085409151,all_four_full_spatial_windows_common_frames
T03,2,BG9,spatial_all,"[0, 1, 2, 3, 4, 5, 6, 7, 8, 9, 10, 11, 12, 13, 14, 15, 16, 17, 18, 19, 20, 21, 22, 23, 24, 25, 26, 27, 28, 29, 30, 31, 32, 33, 34, 35]",0621af164f0d6fe5212699283835179d19f439f1fcc3be509802dbcf3cc64f99,9b3a3029b419465d2853d7a6f85bfe5d6f2d98ea3c13033415d93ebbaca288a8,d42fd0835ca1169fdd93186e68af5562f7bd2461ca94639164ad5b5b2b0d06a4,38ad04bc14c2a22e2d4699472849a99e706e5988005381695628468a6a57aff5,e9055165efd2caa6818f693e09238dd2de35c656513a8428d0f740f0b7fc3ef7,25c0c9e1a425a3f10a2bb3ac6e4c8020307443bf5b9f2b5b72f9110849176ec3,0.2042158544063568,0.06521962583065033,0.012148327194154263,68.06338429179345,0.13899622857570648,31.936610811427332,0.7282936777519553,0.7800435066532447,-0.10558237584162203,1.0,False,0.9998760223388672,0.9999897480010986,0.0,all_four_full_spatial_windows_common_frames
T03,2,BG10,spatial_E,"[0, 1, 2, 3, 4, 5, 6, 7, 8, 9, 10, 11]",0621af164f0d6fe5212699283835179d19f439f1fcc3be509802dbcf3cc64f99,9b3a3029b419465d2853d7a6f85bfe5d6f2d98ea3c13033415d93ebbaca288a8,d42fd0835ca1169fdd93186e68af5562f7bd2461ca94639164ad5b5b2b0d06a4,38ad04bc14c2a22e2d4699472849a99e706e5988005381695628468a6a57aff5,e9055165efd2caa6818f693e09238dd2de35c656513a8428d0f740f0b7fc3ef7,25c0c9e1a425a3f10a2bb3ac6e4c8020307443bf5b9f2b5b72f9110849176ec3,0.6861244440078735,0.5834862589836121,1.7200037240982056,14.959120670414649,0.10263818502426147,85.0408778721238,0.7741958124248699,1.5478789418281589,0.029468708638976337,1.0,False,0.9996013045310974,0.9999833106994629,0.1770681968433968,all_four_full_spatial_windows_common_frames
T03,2,BG10,spatial_EM,"[0, 1, 2, 3, 4, 5, 6, 7, 8, 9, 10, 11, 12, 13, 14, 15, 16, 17, 18, 19, 20, 21, 22, 23]",0621af164f0d6fe5212699283835179d19f439f1fcc3be509802dbcf3cc64f99,9b3a3029b419465d2853d7a6f85bfe5d6f2d98ea3c13033415d93ebbaca288a8,d42fd0835ca1169fdd93186e68af5562f7bd2461ca94639164ad5b5b2b0d06a4,38ad04bc14c2a22e2d4699472849a99e706e5988005381695628468a6a57aff5,e9055165efd2caa6818f693e09238dd2de35c656513a8428d0f740f0b7fc3ef7,25c0c9e1a425a3f10a2bb3ac6e4c8020307443bf5b9f2b5b72f9110849176ec3,0.6861244440078735,0.20181357860565186,0.11128194630146027,70.58644573491094,0.4843108654022217,29.413552807627514,0.8382187779103403,0.79216228567391,-0.03455425684649402,1.0,False,0.9996947050094604,0.9999866485595703,0.04614489695105587,all_four_full_spatial_windows_common_frames
T03,2,BG10,spatial_ML,"[12, 13, 14, 15, 16, 17, 18, 19, 20, 21, 22, 23, 24, 25, 26, 27, 28, 29, 30, 31, 32, 33, 34, 35]",0621af164f0d6fe5212699283835179d19f439f1fcc3be509802dbcf3cc64f99,9b3a3029b419465d2853d7a6f85bfe5d6f2d98ea3c13033415d93ebbaca288a8,d42fd0835ca1169fdd93186e68af5562f7bd2461ca94639164ad5b5b2b0d06a4,38ad04bc14c2a22e2d4699472849a99e706e5988005381695628468a6a57aff5,e9055165efd2caa6818f693e09238dd2de35c656513a8428d0f740f0b7fc3ef7,25c0c9e1a425a3f10a2bb3ac6e4c8020307443bf5b9f2b5b72f9110849176ec3,0.6861244440078735,0.14050857722759247,0.20495039224624634,79.52141387661719,0.5456158667802811,20.478584665921275,0.6515378715771352,0.7513097309707134,0.152126649486711,1.0,False,0.9997337460517883,0.9999881982803345,0.012082254540671066,all_four_full_spatial_windows_common_frames
T03,2,BG10,spatial_all,"[0, 1, 2, 3, 4, 5, 6, 7, 8, 9, 10, 11, 12, 13, 14, 15, 16, 17, 18, 19, 20, 21, 22, 23, 24, 25, 26, 27, 28, 29, 30, 31, 32, 33, 34, 35]",0621af164f0d6fe5212699283835179d19f439f1fcc3be509802dbcf3cc64f99,9b3a3029b419465d2853d7a6f85bfe5d6f2d98ea3c13033415d93ebbaca288a8,d42fd0835ca1169fdd93186e68af5562f7bd2461ca94639164ad5b5b2b0d06a4,38ad04bc14c2a22e2d4699472849a99e706e5988005381695628468a6a57aff5,e9055165efd2caa6818f693e09238dd2de35c656513a8428d0f740f0b7fc3ef7,25c0c9e1a425a3f10a2bb3ac6e4c8020307443bf5b9f2b5b72f9110849176ec3,0.6861244440078735,0.06346017867326736,0.04605025798082352,90.75092159992607,0.6226642653346062,9.249076942612387,0.7129936046305804,0.7939452689525027,0.09067091643326582,1.0,False,0.9997729659080505,0.9999891519546509,0.0,all_four_full_spatial_windows_common_frames
T03,2,BG11,spatial_E,"[0, 1, 2, 3, 4, 5, 6, 7, 8, 9, 10, 11]",0621af164f0d6fe5212699283835179d19f439f1fcc3be509802dbcf3cc64f99,9b3a3029b419465d2853d7a6f85bfe5d6f2d98ea3c13033415d93ebbaca288a8,d42fd0835ca1169fdd93186e68af5562f7bd2461ca94639164ad5b5b2b0d06a4,38ad04bc14c2a22e2d4699472849a99e706e5988005381695628468a6a57aff5,e9055165efd2caa6818f693e09238dd2de35c656513a8428d0f740f0b7fc3ef7,25c0c9e1a425a3f10a2bb3ac6e4c8020307443bf5b9f2b5b72f9110849176ec3,0.15324446558952332,0.1281955987215042,0.2136286199092865,16.34568996478173,0.025048866868019104,83.65430350969756,0.6894391911228455,0.8166252980719673,-0.012408280163728597,1.0,False,0.9997840523719788,0.999990701675415,0.1540091651539018,all_four_full_spatial_windows_common_frames
T03,2,BG11,spatial_EM,"[0, 1, 2, 3, 4, 5, 6, 7, 8, 9, 10, 11, 12, 13, 14, 15, 16, 17, 18, 19, 20, 21, 22, 23]",0621af164f0d6fe5212699283835179d19f439f1fcc3be509802dbcf3cc64f99,9b3a3029b419465d2853d7a6f85bfe5d6f2d98ea3c13033415d93ebbaca288a8,d42fd0835ca1169fdd93186e68af5562f7bd2461ca94639164ad5b5b2b0d06a4,38ad04bc14c2a22e2d4699472849a99e706e5988005381695628468a6a57aff5,e9055165efd2caa6818f693e09238dd2de35c656513a8428d0f740f0b7fc3ef7,25c0c9e1a425a3f10a2bb3ac6e4c8020307443bf5b9f2b5b72f9110849176ec3,0.15324446558952332,0.1352144181728363,0.07466833293437958,11.765544791958328,0.01803004741668701,88.23444868252096,0.7927609146624425,0.8557975777088417,-0.1157300037033256,1.0,False,0.9998739957809448,0.999992311000824,0.04300709645589444,all_four_full_spatial_windows_common_frames
T03,2,BG11,spatial_ML,"[12, 13, 14, 15, 16, 17, 18, 19, 20, 21, 22, 23, 24, 25, 26, 27, 28, 29, 30, 31, 32, 33, 34, 35]",0621af164f0d6fe5212699283835179d19f439f1fcc3be509802dbcf3cc64f99,9b3a3029b419465d2853d7a6f85bfe5d6f2d98ea3c13033415d93ebbaca288a8,d42fd0835ca1169fdd93186e68af5562f7bd2461ca94639164ad5b5b2b0d06a4,38ad04bc14c2a22e2d4699472849a99e706e5988005381695628468a6a57aff5,e9055165efd2caa6818f693e09238dd2de35c656513a8428d0f740f0b7fc3ef7,25c0c9e1a425a3f10a2bb3ac6e4c8020307443bf5b9f2b5b72f9110849176ec3,0.15324446558952332,0.08477029204368591,0.07281840592622757,44.682963795217354,0.0684741735458374,55.31702967926193,0.6916126935001479,0.7890794775980411,-0.014581782541031018,1.0,False,0.9998695850372314,0.9999921917915344,0.010184362286228215,all_four_full_spatial_windows_common_frames
T03,2,BG11,spatial_all,"[0, 1, 2, 3, 4, 5, 6, 7, 8, 9, 10, 11, 12, 13, 14, 15, 16, 17, 18, 19, 20, 21, 22, 23, 24, 25, 26, 27, 28, 29, 30, 31, 32, 33, 34, 35]",0621af164f0d6fe5212699283835179d19f439f1fcc3be509802dbcf3cc64f99,9b3a3029b419465d2853d7a6f85bfe5d6f2d98ea3c13033415d93ebbaca288a8,d42fd0835ca1169fdd93186e68af5562f7bd2461ca94639164ad5b5b2b0d06a4,38ad04bc14c2a22e2d4699472849a99e706e5988005381695628468a6a57aff5,e9055165efd2caa6818f693e09238dd2de35c656513a8428d0f740f0b7fc3ef7,25c0c9e1a425a3f10a2bb3ac6e4c8020307443bf5b9f2b5b72f9110849176ec3,0.15324446558952332,0.06206977367401123,0.04450871795415878,59.49623408267601,0.09117469191551208,40.50375939180328,0.7209978188415023,0.8320055392533322,-0.04396690788238543,1.0,False,0.9998745918273926,0.9999924302101135,0.0,all_four_full_spatial_windows_common_frames
T03,2,BG12,spatial_E,"[0, 1, 2, 3, 4, 5, 6, 7, 8, 9, 10, 11]",0621af164f0d6fe5212699283835179d19f439f1fcc3be509802dbcf3cc64f99,9b3a3029b419465d2853d7a6f85bfe5d6f2d98ea3c13033415d93ebbaca288a8,d42fd0835ca1169fdd93186e68af5562f7bd2461ca94639164ad5b5b2b0d06a4,38ad04bc14c2a22e2d4699472849a99e706e5988005381695628468a6a57aff5,e9055165efd2caa6818f693e09238dd2de35c656513a8428d0f740f0b7fc3ef7,25c0c9e1a425a3f10a2bb3ac6e4c8020307443bf5b9f2b5b72f9110849176ec3,0.0746382623910904,0.07050932943820953,0.007478398736566305,5.5319246019602835,0.004128932952880859,94.4680620000876,0.7816943860598528,0.7941450258183971,-0.004109203086035511,1.0,False,0.9998002648353577,0.9999890327453613,0.17871116275419985,all_four_full_spatial_windows_common_frames
T03,2,BG12,spatial_EM,"[0, 1, 2, 3, 4, 5, 6, 7, 8, 9, 10, 11, 12, 13, 14, 15, 16, 17, 18, 19, 20, 21, 22, 23]",0621af164f0d6fe5212699283835179d19f439f1fcc3be509802dbcf3cc64f99,9b3a3029b419465d2853d7a6f85bfe5d6f2d98ea3c13033415d93ebbaca288a8,d42fd0835ca1169fdd93186e68af5562f7bd2461ca94639164ad5b5b2b0d06a4,38ad04bc14c2a22e2d4699472849a99e706e5988005381695628468a6a57aff5,e9055165efd2caa6818f693e09238dd2de35c656513a8428d0f740f0b7fc3ef7,25c0c9e1a425a3f10a2bb3ac6e4c8020307443bf5b9f2b5b72f9110849176ec3,0.0746382623910904,0.1339535415172577,0.08909895271062851,-79.47032698635694,-0.0593152791261673,179.47031358840482,0.791904084829344,0.7637445530167292,-0.014318901855526894,1.0,False,0.9998201727867126,0.9999899864196777,0.04647643615875268,all_four_full_spatial_windows_common_frames
T03,2,BG12,spatial_ML,"[12, 13, 14, 15, 16, 17, 18, 19, 20, 21, 22, 23, 24, 25, 26, 27, 28, 29, 30, 31, 32, 33, 34, 35]",0621af164f0d6fe5212699283835179d19f439f1fcc3be509802dbcf3cc64f99,9b3a3029b419465d2853d7a6f85bfe5d6f2d98ea3c13033415d93ebbaca288a8,d42fd0835ca1169fdd93186e68af5562f7bd2461ca94639164ad5b5b2b0d06a4,38ad04bc14c2a22e2d4699472849a99e706e5988005381695628468a6a57aff5,e9055165efd2caa6818f693e09238dd2de35c656513a8428d0f740f0b7fc3ef7,25c0c9e1a425a3f10a2bb3ac6e4c8020307443bf5b9f2b5b72f9110849176ec3,0.0746382623910904,0.14648541808128357,0.14310410618782043,-96.26047520731417,-0.07184715569019318,196.26046180936206,0.6964767485454678,0.698618571276715,0.08110843442834939,1.0,False,0.999803364276886,0.9999907612800598,0.009965128751408505,all_four_full_spatial_windows_common_frames
T03,2,BG12,spatial_all,"[0, 1, 2, 3, 4, 5, 6, 7, 8, 9, 10, 11, 12, 13, 14, 15, 16, 17, 18, 19, 20, 21, 22, 23, 24, 25, 26, 27, 28, 29, 30, 31, 32, 33, 34, 35]",0621af164f0d6fe5212699283835179d19f439f1fcc3be509802dbcf3cc64f99,9b3a3029b419465d2853d7a6f85bfe5d6f2d98ea3c13033415d93ebbaca288a8,d42fd0835ca1169fdd93186e68af5562f7bd2461ca94639164ad5b5b2b0d06a4,38ad04bc14c2a22e2d4699472849a99e706e5988005381695628468a6a57aff5,e9055165efd2caa6818f693e09238dd2de35c656513a8428d0f740f0b7fc3ef7,25c0c9e1a425a3f10a2bb3ac6e4c8020307443bf5b9f2b5b72f9110849176ec3,0.0746382623910904,0.12969954311847687,0.11090028285980225,-73.77084029876228,-0.055061280727386475,173.77082690081016,0.7081098728092303,0.7037000388901111,0.06947531016458694,1.0,False,0.9998101592063904,0.9999909400939941,0.0,all_four_full_spatial_windows_common_frames
T03,2,BG13,spatial_E,"[0, 1, 2, 3, 4, 5, 6, 7, 8, 9, 10, 11]",0621af164f0d6fe5212699283835179d19f439f1fcc3be509802dbcf3cc64f99,9b3a3029b419465d2853d7a6f85bfe5d6f2d98ea3c13033415d93ebbaca288a8,d42fd0835ca1169fdd93186e68af5562f7bd2461ca94639164ad5b5b2b0d06a4,38ad04bc14c2a22e2d4699472849a99e706e5988005381695628468a6a57aff5,e9055165efd2caa6818f693e09238dd2de35c656513a8428d0f740f0b7fc3ef7,25c0c9e1a425a3f10a2bb3ac6e4c8020307443bf5b9f2b5b72f9110849176ec3,0.061087749898433685,0.0623515248298645,0.03792303800582886,-2.068785847659181,-0.0012637749314308167,102.0687694777677,0.781939204382886,0.8219133934354442,-0.00882829049776232,1.0,False,0.9999098777770996,0.9999942183494568,0.161712265077158,all_four_full_spatial_windows_common_frames
T03,2,BG13,spatial_EM,"[0, 1, 2, 3, 4, 5, 6, 7, 8, 9, 10, 11, 12, 13, 14, 15, 16, 17, 18, 19, 20, 21, 22, 23]",0621af164f0d6fe5212699283835179d19f439f1fcc3be509802dbcf3cc64f99,9b3a3029b419465d2853d7a6f85bfe5d6f2d98ea3c13033415d93ebbaca288a8,d42fd0835ca1169fdd93186e68af5562f7bd2461ca94639164ad5b5b2b0d06a4,38ad04bc14c2a22e2d4699472849a99e706e5988005381695628468a6a57aff5,e9055165efd2caa6818f693e09238dd2de35c656513a8428d0f740f0b7fc3ef7,25c0c9e1a425a3f10a2bb3ac6e4c8020307443bf5b9f2b5b72f9110849176ec3,0.061087749898433685,0.10628795623779297,0.035939306020736694,-73.99224724316373,-0.04520020633935928,173.99223087327226,0.7767609565979217,0.8001255999988982,-0.0036500427127979544,1.0,False,0.9998750686645508,0.9999927282333374,0.04610419151159892,all_four_full_spatial_windows_common_frames
T03,2,BG13,spatial_ML,"[12, 13, 14, 15, 16, 17, 18, 19, 20, 21, 22, 23, 24, 25, 26, 27, 28, 29, 30, 31, 32, 33, 34, 35]",0621af164f0d6fe5212699283835179d19f439f1fcc3be509802dbcf3cc64f99,9b3a3029b419465d2853d7a6f85bfe5d6f2d98ea3c13033415d93ebbaca288a8,d42fd0835ca1169fdd93186e68af5562f7bd2461ca94639164ad5b5b2b0d06a4,38ad04bc14c2a22e2d4699472849a99e706e5988005381695628468a6a57aff5,e9055165efd2caa6818f693e09238dd2de35c656513a8428d0f740f0b7fc3ef7,25c0c9e1a425a3f10a2bb3ac6e4c8020307443bf5b9f2b5b72f9110849176ec3,0.061087749898433685,0.11332623660564423,0.06459026038646698,-85.51383582253432,-0.05223848670721054,185.51381945264285,0.717054307507092,0.7482511676588046,0.05605660637803154,1.0,False,0.9998817443847656,0.9999927282333374,0.008863982830345524,all_four_full_spatial_windows_common_frames
T03,2,BG13,spatial_all,"[0, 1, 2, 3, 4, 5, 6, 7, 8, 9, 10, 11, 12, 13, 14, 15, 16, 17, 18, 19, 20, 21, 22, 23, 24, 25, 26, 27, 28, 29, 30, 31, 32, 33, 34, 35]",0621af164f0d6fe5212699283835179d19f439f1fcc3be509802dbcf3cc64f99,9b3a3029b419465d2853d7a6f85bfe5d6f2d98ea3c13033415d93ebbaca288a8,d42fd0835ca1169fdd93186e68af5562f7bd2461ca94639164ad5b5b2b0d06a4,38ad04bc14c2a22e2d4699472849a99e706e5988005381695628468a6a57aff5,e9055165efd2caa6818f693e09238dd2de35c656513a8428d0f740f0b7fc3ef7,25c0c9e1a425a3f10a2bb3ac6e4c8020307443bf5b9f2b5b72f9110849176ec3,0.061087749898433685,0.10595482587814331,0.04411119595170021,-73.44691645970805,-0.044867075979709625,173.44690008981658,0.727573743409805,0.7461760458205104,0.045537170475318633,1.0,False,0.9998785257339478,0.9999927282333374,0.0,all_four_full_spatial_windows_common_frames
T03,2,BG14,spatial_E,"[0, 1, 2, 3, 4, 5, 6, 7, 8, 9, 10, 11]",0621af164f0d6fe5212699283835179d19f439f1fcc3be509802dbcf3cc64f99,9b3a3029b419465d2853d7a6f85bfe5d6f2d98ea3c13033415d93ebbaca288a8,d42fd0835ca1169fdd93186e68af5562f7bd2461ca94639164ad5b5b2b0d06a4,38ad04bc14c2a22e2d4699472849a99e706e5988005381695628468a6a57aff5,e9055165efd2caa6818f693e09238dd2de35c656513a8428d0f740f0b7fc3ef7,25c0c9e1a425a3f10a2bb3ac6e4c8020307443bf5b9f2b5b72f9110849176ec3,0.17734912037849426,0.14433230459690094,0.43944263458251953,18.616846731150936,0.03301681578159332,81.38314763025362,0.7220946597898124,0.82947088306503,-0.014831929740899535,1.0,False,0.9998728036880493,0.999992311000824,0.13355817024745312,all_four_full_spatial_windows_common_frames
T03,2,BG14,spatial_EM,"[0, 1, 2, 3, 4, 5, 6, 7, 8, 9, 10, 11, 12, 13, 14, 15, 16, 17, 18, 19, 20, 21, 22, 23]",0621af164f0d6fe5212699283835179d19f439f1fcc3be509802dbcf3cc64f99,9b3a3029b419465d2853d7a6f85bfe5d6f2d98ea3c13033415d93ebbaca288a8,d42fd0835ca1169fdd93186e68af5562f7bd2461ca94639164ad5b5b2b0d06a4,38ad04bc14c2a22e2d4699472849a99e706e5988005381695628468a6a57aff5,e9055165efd2caa6818f693e09238dd2de35c656513a8428d0f740f0b7fc3ef7,25c0c9e1a425a3f10a2bb3ac6e4c8020307443bf5b9f2b5b72f9110849176ec3,0.17734912037849426,0.0773550420999527,0.12526285648345947,56.38261550261713,0.09999407827854156,43.617378858787426,0.7629890896233873,0.805378937010541,-0.055726359574474346,1.0,False,0.9998840093612671,0.9999931454658508,0.04227556564885036,all_four_full_spatial_windows_common_frames
T03,2,BG14,spatial_ML,"[12, 13, 14, 15, 16, 17, 18, 19, 20, 21, 22, 23, 24, 25, 26, 27, 28, 29, 30, 31, 32, 33, 34, 35]",0621af164f0d6fe5212699283835179d19f439f1fcc3be509802dbcf3cc64f99,9b3a3029b419465d2853d7a6f85bfe5d6f2d98ea3c13033415d93ebbaca288a8,d42fd0835ca1169fdd93186e68af5562f7bd2461ca94639164ad5b5b2b0d06a4,38ad04bc14c2a22e2d4699472849a99e706e5988005381695628468a6a57aff5,e9055165efd2caa6818f693e09238dd2de35c656513a8428d0f740f0b7fc3ef7,25c0c9e1a425a3f10a2bb3ac6e4c8020307443bf5b9f2b5b72f9110849176ec3,0.17734912037849426,0.11133252084255219,0.16645902395248413,37.22408979116562,0.06601659953594208,62.775904570238936,0.686238040009352,0.7271486288449062,0.021024690039561,1.0,False,0.9998645782470703,0.9999926686286926,0.009570511857582177,all_four_full_spatial_windows_common_frames
T03,2,BG14,spatial_all,"[0, 1, 2, 3, 4, 5, 6, 7, 8, 9, 10, 11, 12, 13, 14, 15, 16, 17, 18, 19, 20, 21, 22, 23, 24, 25, 26, 27, 28, 29, 30, 31, 32, 33, 34, 35]",0621af164f0d6fe5212699283835179d19f439f1fcc3be509802dbcf3cc64f99,9b3a3029b419465d2853d7a6f85bfe5d6f2d98ea3c13033415d93ebbaca288a8,d42fd0835ca1169fdd93186e68af5562f7bd2461ca94639164ad5b5b2b0d06a4,38ad04bc14c2a22e2d4699472849a99e706e5988005381695628468a6a57aff5,e9055165efd2caa6818f693e09238dd2de35c656513a8428d0f740f0b7fc3ef7,25c0c9e1a425a3f10a2bb3ac6e4c8020307443bf5b9f2b5b72f9110849176ec3,0.17734912037849426,0.08064424991607666,0.08730906993150711,54.52796427929045,0.0967048704624176,45.472030082114095,0.7072437849026335,0.7479582554530206,1.894514627933247e-05,1.0,False,0.9998806715011597,0.9999934434890747,0.0,all_four_full_spatial_windows_common_frames
T03,2,BG15,spatial_E,"[0, 1, 2, 3, 4, 5, 6, 7, 8, 9, 10, 11]",0621af164f0d6fe5212699283835179d19f439f1fcc3be509802dbcf3cc64f99,9b3a3029b419465d2853d7a6f85bfe5d6f2d98ea3c13033415d93ebbaca288a8,d42fd0835ca1169fdd93186e68af5562f7bd2461ca94639164ad5b5b2b0d06a4,38ad04bc14c2a22e2d4699472849a99e706e5988005381695628468a6a57aff5,e9055165efd2caa6818f693e09238dd2de35c656513a8428d0f740f0b7fc3ef7,25c0c9e1a425a3f10a2bb3ac6e4c8020307443bf5b9f2b5b72f9110849176ec3,0.060067951679229736,0.06570171564817429,0.10520517081022263,-9.378983090902166,-0.0056337639689445496,109.37896644309238,0.7913898450532425,0.8743517099124899,-0.014008178520524694,1.0,False,0.9999171495437622,0.9999946355819702,0.1120062178914277,all_four_full_spatial_windows_common_frames
T03,2,BG15,spatial_EM,"[0, 1, 2, 3, 4, 5, 6, 7, 8, 9, 10, 11, 12, 13, 14, 15, 16, 17, 18, 19, 20, 21, 22, 23]",0621af164f0d6fe5212699283835179d19f439f1fcc3be509802dbcf3cc64f99,9b3a3029b419465d2853d7a6f85bfe5d6f2d98ea3c13033415d93ebbaca288a8,d42fd0835ca1169fdd93186e68af5562f7bd2461ca94639164ad5b5b2b0d06a4,38ad04bc14c2a22e2d4699472849a99e706e5988005381695628468a6a57aff5,e9055165efd2caa6818f693e09238dd2de35c656513a8428d0f740f0b7fc3ef7,25c0c9e1a425a3f10a2bb3ac6e4c8020307443bf5b9f2b5b72f9110849176ec3,0.060067951679229736,0.055958181619644165,0.06199211999773979,6.841867019780438,0.004109770059585571,93.15811633240978,0.7698972843640534,0.8448735989418924,0.007484382168664487,1.0,False,0.999935507774353,0.9999948143959045,0.0441361464504336,all_four_full_spatial_windows_common_frames
T03,2,BG15,spatial_ML,"[12, 13, 14, 15, 16, 17, 18, 19, 20, 21, 22, 23, 24, 25, 26, 27, 28, 29, 30, 31, 32, 33, 34, 35]",0621af164f0d6fe5212699283835179d19f439f1fcc3be509802dbcf3cc64f99,9b3a3029b419465d2853d7a6f85bfe5d6f2d98ea3c13033415d93ebbaca288a8,d42fd0835ca1169fdd93186e68af5562f7bd2461ca94639164ad5b5b2b0d06a4,38ad04bc14c2a22e2d4699472849a99e706e5988005381695628468a6a57aff5,e9055165efd2caa6818f693e09238dd2de35c656513a8428d0f740f0b7fc3ef7,25c0c9e1a425a3f10a2bb3ac6e4c8020307443bf5b9f2b5b72f9110849176ec3,0.060067951679229736,0.07175326347351074,0.0950557142496109,-19.453484798904945,-0.011685311794281006,119.45346815109517,0.7080909138785941,0.752382137767665,0.06929075265412372,1.0,False,0.9999208450317383,0.9999940395355225,0.008458319166616182,all_four_full_spatial_windows_common_frames
T03,2,BG15,spatial_all,"[0, 1, 2, 3, 4, 5, 6, 7, 8, 9, 10, 11, 12, 13, 14, 15, 16, 17, 18, 19, 20, 21, 22, 23, 24, 25, 26, 27, 28, 29, 30, 31, 32, 33, 34, 35]",0621af164f0d6fe5212699283835179d19f439f1fcc3be509802dbcf3cc64f99,9b3a3029b419465d2853d7a6f85bfe5d6f2d98ea3c13033415d93ebbaca288a8,d42fd0835ca1169fdd93186e68af5562f7bd2461ca94639164ad5b5b2b0d06a4,38ad04bc14c2a22e2d4699472849a99e706e5988005381695628468a6a57aff5,e9055165efd2caa6818f693e09238dd2de35c656513a8428d0f740f0b7fc3ef7,25c0c9e1a425a3f10a2bb3ac6e4c8020307443bf5b9f2b5b72f9110849176ec3,0.060067951679229736,0.06042855232954025,0.06751696020364761,-0.6003211033465193,-0.00036060065031051636,100.60030445553673,0.7173789109254349,0.763673215928137,0.06000275560728293,1.0,False,0.9999220371246338,0.9999939799308777,0.0,all_four_full_spatial_windows_common_frames
T04,0,BG1,spatial_E,"[0, 1, 2, 3, 4, 5, 6, 7, 8, 9, 10, 11]",d903059aa96ba77eb520482de8ba587dd64152264e5fd1d689b865151696a421,260fb1a00543646b6668d90726e149da245b8cbb46c19498333fb096d3276c2d,576d0d3a30f3617b0fd9e24a26d20e665da4c28ddd09ab338c552f716abab1fc,38ad04bc14c2a22e2d4699472849a99e706e5988005381695628468a6a57aff5,c432f64e96352cbe9ffa5a4bcc29030572d22fcbe1e0d46822aab212141ecf2d,40b4330a1751c853a532792b8508d95d706fa4398305e1d2b4e3754f4e674892,0.2660529315471649,0.2701722979545593,0.6305904984474182,-1.5483258269723519,-0.004119366407394409,101.54832206832194,1.1468541096199913,2.2931815964921682,0.005548923989127749,1.0,False,0.9954545497894287,0.9998070001602173,0.024006821192597682,all_four_full_spatial_windows_common_frames
T04,0,BG1,spatial_EM,"[0, 1, 2, 3, 4, 5, 6, 7, 8, 9, 10, 11, 12, 13, 14, 15, 16, 17, 18, 19, 20, 21, 22, 23]",d903059aa96ba77eb520482de8ba587dd64152264e5fd1d689b865151696a421,260fb1a00543646b6668d90726e149da245b8cbb46c19498333fb096d3276c2d,576d0d3a30f3617b0fd9e24a26d20e665da4c28ddd09ab338c552f716abab1fc,38ad04bc14c2a22e2d4699472849a99e706e5988005381695628468a6a57aff5,c432f64e96352cbe9ffa5a4bcc29030572d22fcbe1e0d46822aab212141ecf2d,40b4330a1751c853a532792b8508d95d706fa4398305e1d2b4e3754f4e674892,0.2660529315471649,0.0630887970328331,0.10341577231884003,76.28712290645772,0.20296413451433182,23.71287333489186,1.0908006063712143,2.2786585631427796,0.06160242723790477,1.0,False,0.9949040412902832,0.9997770190238953,0.015778282476597544,all_four_full_spatial_windows_common_frames
T04,0,BG1,spatial_ML,"[12, 13, 14, 15, 16, 17, 18, 19, 20, 21, 22, 23, 24, 25, 26, 27, 28, 29, 30, 31, 32, 33, 34, 35]",d903059aa96ba77eb520482de8ba587dd64152264e5fd1d689b865151696a421,260fb1a00543646b6668d90726e149da245b8cbb46c19498333fb096d3276c2d,576d0d3a30f3617b0fd9e24a26d20e665da4c28ddd09ab338c552f716abab1fc,38ad04bc14c2a22e2d4699472849a99e706e5988005381695628468a6a57aff5,c432f64e96352cbe9ffa5a4bcc29030572d22fcbe1e0d46822aab212141ecf2d,40b4330a1751c853a532792b8508d95d706fa4398305e1d2b4e3754f4e674892,0.2660529315471649,0.029272262006998062,0.004186591599136591,88.99757625802879,0.23678066954016685,11.002419983320793,1.105864888129919,2.311673757651676,0.04653814547920025,1.0,False,0.9948462247848511,0.9997604489326477,0.0015547707049953453,all_four_full_spatial_windows_common_frames
T04,0,BG1,spatial_all,"[0, 1, 2, 3, 4, 5, 6, 7, 8, 9, 10, 11, 12, 13, 14, 15, 16, 17, 18, 19, 20, 21, 22, 23, 24, 25, 26, 27, 28, 29, 30, 31, 32, 33, 34, 35]",d903059aa96ba77eb520482de8ba587dd64152264e5fd1d689b865151696a421,260fb1a00543646b6668d90726e149da245b8cbb46c19498333fb096d3276c2d,576d0d3a30f3617b0fd9e24a26d20e665da4c28ddd09ab338c552f716abab1fc,38ad04bc14c2a22e2d4699472849a99e706e5988005381695628468a6a57aff5,c432f64e96352cbe9ffa5a4bcc29030572d22fcbe1e0d46822aab212141ecf2d,40b4330a1751c853a532792b8508d95d706fa4398305e1d2b4e3754f4e674892,0.2660529315471649,0.03085048496723175,0.034062109887599945,88.40437741908495,0.23520244657993317,11.595618822264623,1.0976656436913899,2.2975686707640324,0.05473738991772931,1.0,False,0.9941897392272949,0.9997440576553345,0.0,all_four_full_spatial_windows_common_frames
T04,0,BG2,spatial_E,"[0, 1, 2, 3, 4, 5, 6, 7, 8, 9, 10, 11]",d903059aa96ba77eb520482de8ba587dd64152264e5fd1d689b865151696a421,260fb1a00543646b6668d90726e149da245b8cbb46c19498333fb096d3276c2d,576d0d3a30f3617b0fd9e24a26d20e665da4c28ddd09ab338c552f716abab1fc,38ad04bc14c2a22e2d4699472849a99e706e5988005381695628468a6a57aff5,c432f64e96352cbe9ffa5a4bcc29030572d22fcbe1e0d46822aab212141ecf2d,40b4330a1751c853a532792b8508d95d706fa4398305e1d2b4e3754f4e674892,0.2941129803657532,0.31496936082839966,0.7879809737205505,-7.0912816318347245,-0.020856380462646484,107.09127823178089,1.1441316106565393,2.282007435945476,0.002256043823222559,1.0,False,0.9956761002540588,0.9998243451118469,0.021648970668992382,all_four_full_spatial_windows_common_frames
T04,0,BG2,spatial_EM,"[0, 1, 2, 3, 4, 5, 6, 7, 8, 9, 10, 11, 12, 13, 14, 15, 16, 17, 18, 19, 20, 21, 22, 23]",d903059aa96ba77eb520482de8ba587dd64152264e5fd1d689b865151696a421,260fb1a00543646b6668d90726e149da245b8cbb46c19498333fb096d3276c2d,576d0d3a30f3617b0fd9e24a26d20e665da4c28ddd09ab338c552f716abab1fc,38ad04bc14c2a22e2d4699472849a99e706e5988005381695628468a6a57aff5,c432f64e96352cbe9ffa5a4bcc29030572d22fcbe1e0d46822aab212141ecf2d,40b4330a1751c853a532792b8508d95d706fa4398305e1d2b4e3754f4e674892,0.2941129803657532,0.03901955857872963,0.033626675605773926,86.73313663221552,0.25509342178702354,13.266859967730657,1.0787217032181946,2.288704821053854,0.06766595126156741,1.0,False,0.9958261251449585,0.9998294711112976,0.015061143654028343,all_four_full_spatial_windows_common_frames
T04,0,BG2,spatial_ML,"[12, 13, 14, 15, 16, 17, 18, 19, 20, 21, 22, 23, 24, 25, 26, 27, 28, 29, 30, 31, 32, 33, 34, 35]",d903059aa96ba77eb520482de8ba587dd64152264e5fd1d689b865151696a421,260fb1a00543646b6668d90726e149da245b8cbb46c19498333fb096d3276c2d,576d0d3a30f3617b0fd9e24a26d20e665da4c28ddd09ab338c552f716abab1fc,38ad04bc14c2a22e2d4699472849a99e706e5988005381695628468a6a57aff5,c432f64e96352cbe9ffa5a4bcc29030572d22fcbe1e0d46822aab212141ecf2d,40b4330a1751c853a532792b8508d95d706fa4398305e1d2b4e3754f4e674892,0.2941129803657532,0.03568832948803902,0.033004097640514374,87.86577245579745,0.25842465087771416,12.13422414414872,1.103051961950675,2.3395678886644045,0.043335692529086964,1.0,False,0.9960195422172546,0.9998073577880859,0.0020630781867416355,all_four_full_spatial_windows_common_frames
T04,0,BG2,spatial_all,"[0, 1, 2, 3, 4, 5, 6, 7, 8, 9, 10, 11, 12, 13, 14, 15, 16, 17, 18, 19, 20, 21, 22, 23, 24, 25, 26, 27, 28, 29, 30, 31, 32, 33, 34, 35]",d903059aa96ba77eb520482de8ba587dd64152264e5fd1d689b865151696a421,260fb1a00543646b6668d90726e149da245b8cbb46c19498333fb096d3276c2d,576d0d3a30f3617b0fd9e24a26d20e665da4c28ddd09ab338c552f716abab1fc,38ad04bc14c2a22e2d4699472849a99e706e5988005381695628468a6a57aff5,c432f64e96352cbe9ffa5a4bcc29030572d22fcbe1e0d46822aab212141ecf2d,40b4330a1751c853a532792b8508d95d706fa4398305e1d2b4e3754f4e674892,0.2941129803657532,0.025848811492323875,0.014616148546338081,91.21126154265447,0.2682641688734293,8.788735057291689,1.0864980048014832,2.3121778749782163,0.0598896496782787,1.0,False,0.9957126379013062,0.9998052716255188,0.0,all_four_full_spatial_windows_common_frames
T04,0,BG3,spatial_E,"[0, 1, 2, 3, 4, 5, 6, 7, 8, 9, 10, 11]",d903059aa96ba77eb520482de8ba587dd64152264e5fd1d689b865151696a421,260fb1a00543646b6668d90726e149da245b8cbb46c19498333fb096d3276c2d,576d0d3a30f3617b0fd9e24a26d20e665da4c28ddd09ab338c552f716abab1fc,38ad04bc14c2a22e2d4699472849a99e706e5988005381695628468a6a57aff5,c432f64e96352cbe9ffa5a4bcc29030572d22fcbe1e0d46822aab212141ecf2d,40b4330a1751c853a532792b8508d95d706fa4398305e1d2b4e3754f4e674892,0.129903644323349,0.13998910784721375,0.2701685130596161,-7.763802778604339,-0.010085463523864746,107.76379508059149,1.1263226792082397,2.292248174824209,0.006301436257143686,1.0,False,0.9946538209915161,0.9997701644897461,0.01993567041572398,all_four_full_spatial_windows_common_frames
T04,0,BG3,spatial_EM,"[0, 1, 2, 3, 4, 5, 6, 7, 8, 9, 10, 11, 12, 13, 14, 15, 16, 17, 18, 19, 20, 21, 22, 23]",d903059aa96ba77eb520482de8ba587dd64152264e5fd1d689b865151696a421,260fb1a00543646b6668d90726e149da245b8cbb46c19498333fb096d3276c2d,576d0d3a30f3617b0fd9e24a26d20e665da4c28ddd09ab338c552f716abab1fc,38ad04bc14c2a22e2d4699472849a99e706e5988005381695628468a6a57aff5,c432f64e96352cbe9ffa5a4bcc29030572d22fcbe1e0d46822aab212141ecf2d,40b4330a1751c853a532792b8508d95d706fa4398305e1d2b4e3754f4e674892,0.129903644323349,0.056689757853746414,0.10014376044273376,56.36014387044311,0.07321388646960258,43.639848431544046,1.0944528199493448,2.255431222403746,0.03817129551603854,1.0,False,0.995541512966156,0.9998103976249695,0.012791486734999963,all_four_full_spatial_windows_common_frames
T04,0,BG3,spatial_ML,"[12, 13, 14, 15, 16, 17, 18, 19, 20, 21, 22, 23, 24, 25, 26, 27, 28, 29, 30, 31, 32, 33, 34, 35]",d903059aa96ba77eb520482de8ba587dd64152264e5fd1d689b865151696a421,260fb1a00543646b6668d90726e149da245b8cbb46c19498333fb096d3276c2d,576d0d3a30f3617b0fd9e24a26d20e665da4c28ddd09ab338c552f716abab1fc,38ad04bc14c2a22e2d4699472849a99e706e5988005381695628468a6a57aff5,c432f64e96352cbe9ffa5a4bcc29030572d22fcbe1e0d46822aab212141ecf2d,40b4330a1751c853a532792b8508d95d706fa4398305e1d2b4e3754f4e674892,0.129903644323349,0.044527724385261536,0.0372292622923851,65.7224928604198,0.08537591993808746,34.27749944156735,1.1130765745008235,2.344128702769432,0.019547540964559813,1.0,False,0.9946539402008057,0.9997698068618774,0.0018318348907805744,all_four_full_spatial_windows_common_frames
T04,0,BG3,spatial_all,"[0, 1, 2, 3, 4, 5, 6, 7, 8, 9, 10, 11, 12, 13, 14, 15, 16, 17, 18, 19, 20, 21, 22, 23, 24, 25, 26, 27, 28, 29, 30, 31, 32, 33, 34, 35]",d903059aa96ba77eb520482de8ba587dd64152264e5fd1d689b865151696a421,260fb1a00543646b6668d90726e149da245b8cbb46c19498333fb096d3276c2d,576d0d3a30f3617b0fd9e24a26d20e665da4c28ddd09ab338c552f716abab1fc,38ad04bc14c2a22e2d4699472849a99e706e5988005381695628468a6a57aff5,c432f64e96352cbe9ffa5a4bcc29030572d22fcbe1e0d46822aab212141ecf2d,40b4330a1751c853a532792b8508d95d706fa4398305e1d2b4e3754f4e674892,0.129903644323349,0.03733349218964577,0.042985688894987106,71.26062204784688,0.09257015213370323,28.739370254140276,1.1028411011424397,2.2833389302312352,0.02978301432294338,1.0,False,0.9939866065979004,0.9997590780258179,0.0,all_four_full_spatial_windows_common_frames
T04,0,BG4,spatial_E,"[0, 1, 2, 3, 4, 5, 6, 7, 8, 9, 10, 11]",d903059aa96ba77eb520482de8ba587dd64152264e5fd1d689b865151696a421,260fb1a00543646b6668d90726e149da245b8cbb46c19498333fb096d3276c2d,576d0d3a30f3617b0fd9e24a26d20e665da4c28ddd09ab338c552f716abab1fc,38ad04bc14c2a22e2d4699472849a99e706e5988005381695628468a6a57aff5,c432f64e96352cbe9ffa5a4bcc29030572d22fcbe1e0d46822aab212141ecf2d,40b4330a1751c853a532792b8508d95d706fa4398305e1d2b4e3754f4e674892,0.0881999284029007,0.08093908429145813,0.13372795283794403,8.232255308699596,0.007260844111442566,91.767733353424,1.1187822135072771,2.377588859985746,-0.0011753306212914233,1.0,False,0.9953077435493469,0.9997860193252563,0.05180769445020046,all_four_full_spatial_windows_common_frames
T04,0,BG4,spatial_EM,"[0, 1, 2, 3, 4, 5, 6, 7, 8, 9, 10, 11, 12, 13, 14, 15, 16, 17, 18, 19, 20, 21, 22, 23]",d903059aa96ba77eb520482de8ba587dd64152264e5fd1d689b865151696a421,260fb1a00543646b6668d90726e149da245b8cbb46c19498333fb096d3276c2d,576d0d3a30f3617b0fd9e24a26d20e665da4c28ddd09ab338c552f716abab1fc,38ad04bc14c2a22e2d4699472849a99e706e5988005381695628468a6a57aff5,c432f64e96352cbe9ffa5a4bcc29030572d22fcbe1e0d46822aab212141ecf2d,40b4330a1751c853a532792b8508d95d706fa4398305e1d2b4e3754f4e674892,0.0881999284029007,0.0499713160097599,0.12022898346185684,43.34312822137248,0.03822861239314079,56.656860440751124,1.0906264347239207,2.2882159459388127,0.026980448162064803,1.0,False,0.9948667287826538,0.9997636675834656,0.013328630087399023,all_four_full_spatial_windows_common_frames
T04,0,BG4,spatial_ML,"[12, 13, 14, 15, 16, 17, 18, 19, 20, 21, 22, 23, 24, 25, 26, 27, 28, 29, 30, 31, 32, 33, 34, 35]",d903059aa96ba77eb520482de8ba587dd64152264e5fd1d689b865151696a421,260fb1a00543646b6668d90726e149da245b8cbb46c19498333fb096d3276c2d,576d0d3a30f3617b0fd9e24a26d20e665da4c28ddd09ab338c552f716abab1fc,38ad04bc14c2a22e2d4699472849a99e706e5988005381695628468a6a57aff5,c432f64e96352cbe9ffa5a4bcc29030572d22fcbe1e0d46822aab212141ecf2d,40b4330a1751c853a532792b8508d95d706fa4398305e1d2b4e3754f4e674892,0.0881999284029007,0.03046255372464657,0.039383720606565475,65.46192176972686,0.05773737467825413,34.53806689239675,1.1074389493765013,2.3474385520825334,0.010167933509484344,1.0,False,0.9955540299415588,0.9997852444648743,0.005548739455423628,all_four_full_spatial_windows_common_frames
T04,0,BG4,spatial_all,"[0, 1, 2, 3, 4, 5, 6, 7, 8, 9, 10, 11, 12, 13, 14, 15, 16, 17, 18, 19, 20, 21, 22, 23, 24, 25, 26, 27, 28, 29, 30, 31, 32, 33, 34, 35]",d903059aa96ba77eb520482de8ba587dd64152264e5fd1d689b865151696a421,260fb1a00543646b6668d90726e149da245b8cbb46c19498333fb096d3276c2d,576d0d3a30f3617b0fd9e24a26d20e665da4c28ddd09ab338c552f716abab1fc,38ad04bc14c2a22e2d4699472849a99e706e5988005381695628468a6a57aff5,c432f64e96352cbe9ffa5a4bcc29030572d22fcbe1e0d46822aab212141ecf2d,40b4330a1751c853a532792b8508d95d706fa4398305e1d2b4e3754f4e674892,0.0881999284029007,0.021332526579499245,0.014910642057657242,75.81343369872732,0.06686740182340145,24.186554963396286,1.0959173311762478,2.315245907644478,0.02168955170973762,1.0,False,0.9944140911102295,0.9997484087944031,0.0,all_four_full_spatial_windows_common_frames
T04,0,BG5,spatial_E,"[0, 1, 2, 3, 4, 5, 6, 7, 8, 9, 10, 11]",d903059aa96ba77eb520482de8ba587dd64152264e5fd1d689b865151696a421,260fb1a00543646b6668d90726e149da245b8cbb46c19498333fb096d3276c2d,576d0d3a30f3617b0fd9e24a26d20e665da4c28ddd09ab338c552f716abab1fc,38ad04bc14c2a22e2d4699472849a99e706e5988005381695628468a6a57aff5,c432f64e96352cbe9ffa5a4bcc29030572d22fcbe1e0d46822aab212141ecf2d,40b4330a1751c853a532792b8508d95d706fa4398305e1d2b4e3754f4e674892,0.7489795684814453,0.8120743036270142,1.9280588626861572,-8.424092853571963,-0.06309473514556885,108.42409151842207,1.3605469523896594,2.7149282655932825,-0.01116584829220586,1.0,False,0.9978780746459961,0.9999179840087891,0.15119944307359134,all_four_full_spatial_windows_common_frames
T04,0,BG5,spatial_EM,"[0, 1, 2, 3, 4, 5, 6, 7, 8, 9, 10, 11, 12, 13, 14, 15, 16, 17, 18, 19, 20, 21, 22, 23]",d903059aa96ba77eb520482de8ba587dd64152264e5fd1d689b865151696a421,260fb1a00543646b6668d90726e149da245b8cbb46c19498333fb096d3276c2d,576d0d3a30f3617b0fd9e24a26d20e665da4c28ddd09ab338c552f716abab1fc,38ad04bc14c2a22e2d4699472849a99e706e5988005381695628468a6a57aff5,c432f64e96352cbe9ffa5a4bcc29030572d22fcbe1e0d46822aab212141ecf2d,40b4330a1751c853a532792b8508d95d706fa4398305e1d2b4e3754f4e674892,0.7489795684814453,0.055461131036281586,0.1830102950334549,92.59510637810327,0.6935184374451637,7.404892286746846,1.1053157033811016,2.3691519412246533,0.2440654007163518,1.0,False,0.9961510896682739,0.9998289346694946,0.0302971565927057,all_four_full_spatial_windows_common_frames
T04,0,BG5,spatial_ML,"[12, 13, 14, 15, 16, 17, 18, 19, 20, 21, 22, 23, 24, 25, 26, 27, 28, 29, 30, 31, 32, 33, 34, 35]",d903059aa96ba77eb520482de8ba587dd64152264e5fd1d689b865151696a421,260fb1a00543646b6668d90726e149da245b8cbb46c19498333fb096d3276c2d,576d0d3a30f3617b0fd9e24a26d20e665da4c28ddd09ab338c552f716abab1fc,38ad04bc14c2a22e2d4699472849a99e706e5988005381695628468a6a57aff5,c432f64e96352cbe9ffa5a4bcc29030572d22fcbe1e0d46822aab212141ecf2d,40b4330a1751c853a532792b8508d95d706fa4398305e1d2b4e3754f4e674892,0.7489795684814453,0.06259247660636902,0.11953084170818329,91.6429648544924,0.6863870918750763,8.357033810357706,1.1286160466410258,2.396969572102681,0.22076505745642772,1.0,False,0.9961143732070923,0.9998191595077515,0.0030954824875638848,all_four_full_spatial_windows_common_frames
T04,0,BG5,spatial_all,"[0, 1, 2, 3, 4, 5, 6, 7, 8, 9, 10, 11, 12, 13, 14, 15, 16, 17, 18, 19, 20, 21, 22, 23, 24, 25, 26, 27, 28, 29, 30, 31, 32, 33, 34, 35]",d903059aa96ba77eb520482de8ba587dd64152264e5fd1d689b865151696a421,260fb1a00543646b6668d90726e149da245b8cbb46c19498333fb096d3276c2d,576d0d3a30f3617b0fd9e24a26d20e665da4c28ddd09ab338c552f716abab1fc,38ad04bc14c2a22e2d4699472849a99e706e5988005381695628468a6a57aff5,c432f64e96352cbe9ffa5a4bcc29030572d22fcbe1e0d46822aab212141ecf2d,40b4330a1751c853a532792b8508d95d706fa4398305e1d2b4e3754f4e674892,0.7489795684814453,0.05647970363497734,0.14971815049648285,92.45911166904044,0.692499864846468,7.540886995809663,1.1134408272404932,2.3629895085449353,0.23594027685696037,1.0,False,0.996150016784668,0.9998189806938171,0.0,all_four_full_spatial_windows_common_frames
T04,0,BG6,spatial_E,"[0, 1, 2, 3, 4, 5, 6, 7, 8, 9, 10, 11]",d903059aa96ba77eb520482de8ba587dd64152264e5fd1d689b865151696a421,260fb1a00543646b6668d90726e149da245b8cbb46c19498333fb096d3276c2d,576d0d3a30f3617b0fd9e24a26d20e665da4c28ddd09ab338c552f716abab1fc,38ad04bc14c2a22e2d4699472849a99e706e5988005381695628468a6a57aff5,c432f64e96352cbe9ffa5a4bcc29030572d22fcbe1e0d46822aab212141ecf2d,40b4330a1751c853a532792b8508d95d706fa4398305e1d2b4e3754f4e674892,0.4199063181877136,0.3710307478904724,0.9570074677467346,11.639636513263508,0.04887557029724121,88.36036110525298,1.186939678555807,2.4932907390163472,0.01846188027861578,1.0,False,0.9966601133346558,0.9998490214347839,0.1122756761997889,all_four_full_spatial_windows_common_frames
T04,0,BG6,spatial_EM,"[0, 1, 2, 3, 4, 5, 6, 7, 8, 9, 10, 11, 12, 13, 14, 15, 16, 17, 18, 19, 20, 21, 22, 23]",d903059aa96ba77eb520482de8ba587dd64152264e5fd1d689b865151696a421,260fb1a00543646b6668d90726e149da245b8cbb46c19498333fb096d3276c2d,576d0d3a30f3617b0fd9e24a26d20e665da4c28ddd09ab338c552f716abab1fc,38ad04bc14c2a22e2d4699472849a99e706e5988005381695628468a6a57aff5,c432f64e96352cbe9ffa5a4bcc29030572d22fcbe1e0d46822aab212141ecf2d,40b4330a1751c853a532792b8508d95d706fa4398305e1d2b4e3754f4e674892,0.4199063181877136,0.06649819761514664,0.15441402792930603,84.1635614537775,0.353408120572567,15.836436164738982,1.095464112482153,2.375004802075132,0.10993744635226951,1.0,False,0.9955335855484009,0.9998167753219604,0.028352399766238785,all_four_full_spatial_windows_common_frames
T04,0,BG6,spatial_ML,"[12, 13, 14, 15, 16, 17, 18, 19, 20, 21, 22, 23, 24, 25, 26, 27, 28, 29, 30, 31, 32, 33, 34, 35]",d903059aa96ba77eb520482de8ba587dd64152264e5fd1d689b865151696a421,260fb1a00543646b6668d90726e149da245b8cbb46c19498333fb096d3276c2d,576d0d3a30f3617b0fd9e24a26d20e665da4c28ddd09ab338c552f716abab1fc,38ad04bc14c2a22e2d4699472849a99e706e5988005381695628468a6a57aff5,c432f64e96352cbe9ffa5a4bcc29030572d22fcbe1e0d46822aab212141ecf2d,40b4330a1751c853a532792b8508d95d706fa4398305e1d2b4e3754f4e674892,0.4199063181877136,0.10603032261133194,0.14636212587356567,74.74905103979941,0.3138759955763817,25.25094657871707,1.071187599797649,2.2655989709712556,0.1342139590367734,1.0,False,0.9960042834281921,0.9998408555984497,0.01086727113049378,all_four_full_spatial_windows_common_frames
T04,0,BG6,spatial_all,"[0, 1, 2, 3, 4, 5, 6, 7, 8, 9, 10, 11, 12, 13, 14, 15, 16, 17, 18, 19, 20, 21, 22, 23, 24, 25, 26, 27, 28, 29, 30, 31, 32, 33, 34, 35]",d903059aa96ba77eb520482de8ba587dd64152264e5fd1d689b865151696a421,260fb1a00543646b6668d90726e149da245b8cbb46c19498333fb096d3276c2d,576d0d3a30f3617b0fd9e24a26d20e665da4c28ddd09ab338c552f716abab1fc,38ad04bc14c2a22e2d4699472849a99e706e5988005381695628468a6a57aff5,c432f64e96352cbe9ffa5a4bcc29030572d22fcbe1e0d46822aab212141ecf2d,40b4330a1751c853a532792b8508d95d706fa4398305e1d2b4e3754f4e674892,0.4199063181877136,0.05248931050300598,0.08761343359947205,87.49975483114383,0.36741700768470764,12.500242787372645,1.0794784740886294,2.3368163821312034,0.12592308474579308,1.0,False,0.9963541030883789,0.9998502731323242,0.0,all_four_full_spatial_windows_common_frames
T04,0,BG7,spatial_E,"[0, 1, 2, 3, 4, 5, 6, 7, 8, 9, 10, 11]",d903059aa96ba77eb520482de8ba587dd64152264e5fd1d689b865151696a421,260fb1a00543646b6668d90726e149da245b8cbb46c19498333fb096d3276c2d,576d0d3a30f3617b0fd9e24a26d20e665da4c28ddd09ab338c552f716abab1fc,38ad04bc14c2a22e2d4699472849a99e706e5988005381695628468a6a57aff5,c432f64e96352cbe9ffa5a4bcc29030572d22fcbe1e0d46822aab212141ecf2d,40b4330a1751c853a532792b8508d95d706fa4398305e1d2b4e3754f4e674892,0.1257866621017456,0.2372436821460724,0.4699200987815857,-88.60797267469806,-0.11145702004432678,188.6079647247302,1.167184297792605,2.4231966992288094,0.010422153553335667,1.0,False,0.9969885945320129,0.9998553395271301,0.21909463945725266,all_four_full_spatial_windows_common_frames
T04,0,BG7,spatial_EM,"[0, 1, 2, 3, 4, 5, 6, 7, 8, 9, 10, 11, 12, 13, 14, 15, 16, 17, 18, 19, 20, 21, 22, 23]",d903059aa96ba77eb520482de8ba587dd64152264e5fd1d689b865151696a421,260fb1a00543646b6668d90726e149da245b8cbb46c19498333fb096d3276c2d,576d0d3a30f3617b0fd9e24a26d20e665da4c28ddd09ab338c552f716abab1fc,38ad04bc14c2a22e2d4699472849a99e706e5988005381695628468a6a57aff5,c432f64e96352cbe9ffa5a4bcc29030572d22fcbe1e0d46822aab212141ecf2d,40b4330a1751c853a532792b8508d95d706fa4398305e1d2b4e3754f4e674892,0.1257866621017456,0.06312213838100433,0.1156359612941742,49.81809493302562,0.06266452372074127,50.18189711700653,1.1024043317604684,2.3454248997820812,0.0752021195854724,1.0,False,0.9973552227020264,0.999862790107727,0.028999355750731245,all_four_full_spatial_windows_common_frames
T04,0,BG7,spatial_ML,"[12, 13, 14, 15, 16, 17, 18, 19, 20, 21, 22, 23, 24, 25, 26, 27, 28, 29, 30, 31, 32, 33, 34, 35]",d903059aa96ba77eb520482de8ba587dd64152264e5fd1d689b865151696a421,260fb1a00543646b6668d90726e149da245b8cbb46c19498333fb096d3276c2d,576d0d3a30f3617b0fd9e24a26d20e665da4c28ddd09ab338c552f716abab1fc,38ad04bc14c2a22e2d4699472849a99e706e5988005381695628468a6a57aff5,c432f64e96352cbe9ffa5a4bcc29030572d22fcbe1e0d46822aab212141ecf2d,40b4330a1751c853a532792b8508d95d706fa4398305e1d2b4e3754f4e674892,0.1257866621017456,0.08529604971408844,0.15754197537899017,32.18990669767092,0.040490612387657166,67.81008535236123,1.0841576648935423,2.248843951731972,0.09344878645239851,1.0,False,0.995850682258606,0.9997846484184265,0.0043330794885495655,all_four_full_spatial_windows_common_frames
T04,0,BG7,spatial_all,"[0, 1, 2, 3, 4, 5, 6, 7, 8, 9, 10, 11, 12, 13, 14, 15, 16, 17, 18, 19, 20, 21, 22, 23, 24, 25, 26, 27, 28, 29, 30, 31, 32, 33, 34, 35]",d903059aa96ba77eb520482de8ba587dd64152264e5fd1d689b865151696a421,260fb1a00543646b6668d90726e149da245b8cbb46c19498333fb096d3276c2d,576d0d3a30f3617b0fd9e24a26d20e665da4c28ddd09ab338c552f716abab1fc,38ad04bc14c2a22e2d4699472849a99e706e5988005381695628468a6a57aff5,c432f64e96352cbe9ffa5a4bcc29030572d22fcbe1e0d46822aab212141ecf2d,40b4330a1751c853a532792b8508d95d706fa4398305e1d2b4e3754f4e674892,0.1257866621017456,0.045376867055892944,0.029132673516869545,63.92552859718814,0.08040979504585266,36.07446345284401,1.1004746486134258,2.3367346733807253,0.07713180273251488,1.0,False,0.9963014125823975,0.9998024702072144,0.0,all_four_full_spatial_windows_common_frames
T04,0,BG8,spatial_E,"[0, 1, 2, 3, 4, 5, 6, 7, 8, 9, 10, 11]",d903059aa96ba77eb520482de8ba587dd64152264e5fd1d689b865151696a421,260fb1a00543646b6668d90726e149da245b8cbb46c19498333fb096d3276c2d,576d0d3a30f3617b0fd9e24a26d20e665da4c28ddd09ab338c552f716abab1fc,38ad04bc14c2a22e2d4699472849a99e706e5988005381695628468a6a57aff5,c432f64e96352cbe9ffa5a4bcc29030572d22fcbe1e0d46822aab212141ecf2d,40b4330a1751c853a532792b8508d95d706fa4398305e1d2b4e3754f4e674892,0.7492254972457886,0.5703027248382568,1.973254919052124,23.88103056785477,0.17892277240753174,76.1189680974336,1.305606858690318,3.6046466365473986,0.0786015782925696,1.0,False,0.9984558820724487,0.9998955726623535,0.199241447595512,all_four_full_spatial_windows_common_frames
T04,0,BG8,spatial_EM,"[0, 1, 2, 3, 4, 5, 6, 7, 8, 9, 10, 11, 12, 13, 14, 15, 16, 17, 18, 19, 20, 21, 22, 23]",d903059aa96ba77eb520482de8ba587dd64152264e5fd1d689b865151696a421,260fb1a00543646b6668d90726e149da245b8cbb46c19498333fb096d3276c2d,576d0d3a30f3617b0fd9e24a26d20e665da4c28ddd09ab338c552f716abab1fc,38ad04bc14c2a22e2d4699472849a99e706e5988005381695628468a6a57aff5,c432f64e96352cbe9ffa5a4bcc29030572d22fcbe1e0d46822aab212141ecf2d,40b4330a1751c853a532792b8508d95d706fa4398305e1d2b4e3754f4e674892,0.7492254972457886,0.07263833284378052,0.12143754959106445,90.30487588298952,0.6765871644020081,9.695122782298842,1.104511641011738,2.3044958830123683,0.2796967959711498,1.0,False,0.9937366247177124,0.9997158050537109,0.021309193103842116,all_four_full_spatial_windows_common_frames
T04,0,BG8,spatial_ML,"[12, 13, 14, 15, 16, 17, 18, 19, 20, 21, 22, 23, 24, 25, 26, 27, 28, 29, 30, 31, 32, 33, 34, 35]",d903059aa96ba77eb520482de8ba587dd64152264e5fd1d689b865151696a421,260fb1a00543646b6668d90726e149da245b8cbb46c19498333fb096d3276c2d,576d0d3a30f3617b0fd9e24a26d20e665da4c28ddd09ab338c552f716abab1fc,38ad04bc14c2a22e2d4699472849a99e706e5988005381695628468a6a57aff5,c432f64e96352cbe9ffa5a4bcc29030572d22fcbe1e0d46822aab212141ecf2d,40b4330a1751c853a532792b8508d95d706fa4398305e1d2b4e3754f4e674892,0.7492254972457886,0.07321082055568695,0.24098879098892212,90.22846528212638,0.6760146766901016,9.771533383161985,1.0852548054133604,2.390705380300638,0.2989536315695269,1.0,False,0.993540346622467,0.9997032284736633,0.022165637245784426,all_four_full_spatial_windows_common_frames
T04,0,BG8,spatial_all,"[0, 1, 2, 3, 4, 5, 6, 7, 8, 9, 10, 11, 12, 13, 14, 15, 16, 17, 18, 19, 20, 21, 22, 23, 24, 25, 26, 27, 28, 29, 30, 31, 32, 33, 34, 35]",d903059aa96ba77eb520482de8ba587dd64152264e5fd1d689b865151696a421,260fb1a00543646b6668d90726e149da245b8cbb46c19498333fb096d3276c2d,576d0d3a30f3617b0fd9e24a26d20e665da4c28ddd09ab338c552f716abab1fc,38ad04bc14c2a22e2d4699472849a99e706e5988005381695628468a6a57aff5,c432f64e96352cbe9ffa5a4bcc29030572d22fcbe1e0d46822aab212141ecf2d,40b4330a1751c853a532792b8508d95d706fa4398305e1d2b4e3754f4e674892,0.7492254972457886,0.04034249857068062,0.0969567596912384,94.6154384520379,0.708882998675108,5.384560213250452,1.1016532856360297,2.3416674418033696,0.2825551513468579,1.0,False,0.9932112693786621,0.9997072219848633,0.0,all_four_full_spatial_windows_common_frames
T04,0,BG9,spatial_E,"[0, 1, 2, 3, 4, 5, 6, 7, 8, 9, 10, 11]",d903059aa96ba77eb520482de8ba587dd64152264e5fd1d689b865151696a421,260fb1a00543646b6668d90726e149da245b8cbb46c19498333fb096d3276c2d,576d0d3a30f3617b0fd9e24a26d20e665da4c28ddd09ab338c552f716abab1fc,38ad04bc14c2a22e2d4699472849a99e706e5988005381695628468a6a57aff5,c432f64e96352cbe9ffa5a4bcc29030572d22fcbe1e0d46822aab212141ecf2d,40b4330a1751c853a532792b8508d95d706fa4398305e1d2b4e3754f4e674892,0.17922285199165344,0.1625365912914276,0.5735071301460266,9.3103416131157,0.01668626070022583,90.689652807239,1.177516920724632,2.8404374980702034,0.017107051914635265,1.0,False,0.9962934851646423,0.9998084306716919,0.16721343637149447,all_four_full_spatial_windows_common_frames
T04,0,BG9,spatial_EM,"[0, 1, 2, 3, 4, 5, 6, 7, 8, 9, 10, 11, 12, 13, 14, 15, 16, 17, 18, 19, 20, 21, 22, 23]",d903059aa96ba77eb520482de8ba587dd64152264e5fd1d689b865151696a421,260fb1a00543646b6668d90726e149da245b8cbb46c19498333fb096d3276c2d,576d0d3a30f3617b0fd9e24a26d20e665da4c28ddd09ab338c552f716abab1fc,38ad04bc14c2a22e2d4699472849a99e706e5988005381695628468a6a57aff5,c432f64e96352cbe9ffa5a4bcc29030572d22fcbe1e0d46822aab212141ecf2d,40b4330a1751c853a532792b8508d95d706fa4398305e1d2b4e3754f4e674892,0.17922285199165344,0.059853218495845795,0.09472391754388809,66.60402147878143,0.11936963349580765,33.39597294157328,1.0854823212527136,2.277165230973295,0.10914165138655389,1.0,False,0.9944696426391602,0.9997400045394897,0.021374290104387083,all_four_full_spatial_windows_common_frames
T04,0,BG9,spatial_ML,"[12, 13, 14, 15, 16, 17, 18, 19, 20, 21, 22, 23, 24, 25, 26, 27, 28, 29, 30, 31, 32, 33, 34, 35]",d903059aa96ba77eb520482de8ba587dd64152264e5fd1d689b865151696a421,260fb1a00543646b6668d90726e149da245b8cbb46c19498333fb096d3276c2d,576d0d3a30f3617b0fd9e24a26d20e665da4c28ddd09ab338c552f716abab1fc,38ad04bc14c2a22e2d4699472849a99e706e5988005381695628468a6a57aff5,c432f64e96352cbe9ffa5a4bcc29030572d22fcbe1e0d46822aab212141ecf2d,40b4330a1751c853a532792b8508d95d706fa4398305e1d2b4e3754f4e674892,0.17922285199165344,0.12217730283737183,0.25253623723983765,31.829393036329414,0.057045549154281616,68.17060138402529,1.1026760025814555,2.3148728754377026,0.09194797005781233,1.0,False,0.99481600522995,0.9997575879096985,0.020565366654253035,all_four_full_spatial_windows_common_frames
T04,0,BG9,spatial_all,"[0, 1, 2, 3, 4, 5, 6, 7, 8, 9, 10, 11, 12, 13, 14, 15, 16, 17, 18, 19, 20, 21, 22, 23, 24, 25, 26, 27, 28, 29, 30, 31, 32, 33, 34, 35]",d903059aa96ba77eb520482de8ba587dd64152264e5fd1d689b865151696a421,260fb1a00543646b6668d90726e149da245b8cbb46c19498333fb096d3276c2d,576d0d3a30f3617b0fd9e24a26d20e665da4c28ddd09ab338c552f716abab1fc,38ad04bc14c2a22e2d4699472849a99e706e5988005381695628468a6a57aff5,c432f64e96352cbe9ffa5a4bcc29030572d22fcbe1e0d46822aab212141ecf2d,40b4330a1751c853a532792b8508d95d706fa4398305e1d2b4e3754f4e674892,0.17922285199165344,0.049139536917209625,0.067531056702137,72.5818757879795,0.13008331507444382,27.4181186323752,1.1096667496515682,2.334770250126787,0.0849572229876994,1.0,False,0.9942522644996643,0.9997194409370422,0.0,all_four_full_spatial_windows_common_frames
T04,0,BG10,spatial_E,"[0, 1, 2, 3, 4, 5, 6, 7, 8, 9, 10, 11]",d903059aa96ba77eb520482de8ba587dd64152264e5fd1d689b865151696a421,260fb1a00543646b6668d90726e149da245b8cbb46c19498333fb096d3276c2d,576d0d3a30f3617b0fd9e24a26d20e665da4c28ddd09ab338c552f716abab1fc,38ad04bc14c2a22e2d4699472849a99e706e5988005381695628468a6a57aff5,c432f64e96352cbe9ffa5a4bcc29030572d22fcbe1e0d46822aab212141ecf2d,40b4330a1751c853a532792b8508d95d706fa4398305e1d2b4e3754f4e674892,0.2780517637729645,0.20305868983268738,0.6910901665687561,26.970902908718948,0.0749930739402771,73.02909349482854,1.1546460248188335,2.737553727595158,0.01899409359524825,1.0,False,0.9971420168876648,0.9998642206192017,0.13996682747040326,all_four_full_spatial_windows_common_frames
T04,0,BG10,spatial_EM,"[0, 1, 2, 3, 4, 5, 6, 7, 8, 9, 10, 11, 12, 13, 14, 15, 16, 17, 18, 19, 20, 21, 22, 23]",d903059aa96ba77eb520482de8ba587dd64152264e5fd1d689b865151696a421,260fb1a00543646b6668d90726e149da245b8cbb46c19498333fb096d3276c2d,576d0d3a30f3617b0fd9e24a26d20e665da4c28ddd09ab338c552f716abab1fc,38ad04bc14c2a22e2d4699472849a99e706e5988005381695628468a6a57aff5,c432f64e96352cbe9ffa5a4bcc29030572d22fcbe1e0d46822aab212141ecf2d,40b4330a1751c853a532792b8508d95d706fa4398305e1d2b4e3754f4e674892,0.2780517637729645,0.058639295399188995,0.163183331489563,78.91065228482617,0.21941246837377548,21.08934411872132,1.1210118831228784,2.3564706575415775,0.05262823529120344,1.0,False,0.9942534565925598,0.9997518658638,0.019181162422666133,all_four_full_spatial_windows_common_frames
T04,0,BG10,spatial_ML,"[12, 13, 14, 15, 16, 17, 18, 19, 20, 21, 22, 23, 24, 25, 26, 27, 28, 29, 30, 31, 32, 33, 34, 35]",d903059aa96ba77eb520482de8ba587dd64152264e5fd1d689b865151696a421,260fb1a00543646b6668d90726e149da245b8cbb46c19498333fb096d3276c2d,576d0d3a30f3617b0fd9e24a26d20e665da4c28ddd09ab338c552f716abab1fc,38ad04bc14c2a22e2d4699472849a99e706e5988005381695628468a6a57aff5,c432f64e96352cbe9ffa5a4bcc29030572d22fcbe1e0d46822aab212141ecf2d,40b4330a1751c853a532792b8508d95d706fa4398305e1d2b4e3754f4e674892,0.2780517637729645,0.05667726323008537,0.2385084331035614,79.61628783696823,0.2213745005428791,20.38370856657927,1.1091433913478226,2.446982830398177,0.06449672706625915,1.0,False,0.9956347346305847,0.9997814297676086,0.01516547265057371,all_four_full_spatial_windows_common_frames
T04,0,BG10,spatial_all,"[0, 1, 2, 3, 4, 5, 6, 7, 8, 9, 10, 11, 12, 13, 14, 15, 16, 17, 18, 19, 20, 21, 22, 23, 24, 25, 26, 27, 28, 29, 30, 31, 32, 33, 34, 35]",d903059aa96ba77eb520482de8ba587dd64152264e5fd1d689b865151696a421,260fb1a00543646b6668d90726e149da245b8cbb46c19498333fb096d3276c2d,576d0d3a30f3617b0fd9e24a26d20e665da4c28ddd09ab338c552f716abab1fc,38ad04bc14c2a22e2d4699472849a99e706e5988005381695628468a6a57aff5,c432f64e96352cbe9ffa5a4bcc29030572d22fcbe1e0d46822aab212141ecf2d,40b4330a1751c853a532792b8508d95d706fa4398305e1d2b4e3754f4e674892,0.2780517637729645,0.047544606029987335,0.1318707913160324,82.90080462899382,0.23050715774297714,17.099191774553674,1.1199707403006123,2.38815896032303,0.053669378113469356,1.0,False,0.9938887357711792,0.9997345209121704,0.0,all_four_full_spatial_windows_common_frames
T04,0,BG11,spatial_E,"[0, 1, 2, 3, 4, 5, 6, 7, 8, 9, 10, 11]",d903059aa96ba77eb520482de8ba587dd64152264e5fd1d689b865151696a421,260fb1a00543646b6668d90726e149da245b8cbb46c19498333fb096d3276c2d,576d0d3a30f3617b0fd9e24a26d20e665da4c28ddd09ab338c552f716abab1fc,38ad04bc14c2a22e2d4699472849a99e706e5988005381695628468a6a57aff5,c432f64e96352cbe9ffa5a4bcc29030572d22fcbe1e0d46822aab212141ecf2d,40b4330a1751c853a532792b8508d95d706fa4398305e1d2b4e3754f4e674892,0.1315905898809433,0.1220569834113121,0.280159592628479,7.244899315191764,0.009533606469631195,92.75509308548123,1.0859553090687744,2.5028420272332634,-0.0010559351111808905,1.0,False,0.9957790374755859,0.9998356103897095,0.12333168849274291,all_four_full_spatial_windows_common_frames
T04,0,BG11,spatial_EM,"[0, 1, 2, 3, 4, 5, 6, 7, 8, 9, 10, 11, 12, 13, 14, 15, 16, 17, 18, 19, 20, 21, 22, 23]",d903059aa96ba77eb520482de8ba587dd64152264e5fd1d689b865151696a421,260fb1a00543646b6668d90726e149da245b8cbb46c19498333fb096d3276c2d,576d0d3a30f3617b0fd9e24a26d20e665da4c28ddd09ab338c552f716abab1fc,38ad04bc14c2a22e2d4699472849a99e706e5988005381695628468a6a57aff5,c432f64e96352cbe9ffa5a4bcc29030572d22fcbe1e0d46822aab212141ecf2d,40b4330a1751c853a532792b8508d95d706fa4398305e1d2b4e3754f4e674892,0.1315905898809433,0.056822292506694794,0.1296890676021576,56.81887417634328,0.0747682973742485,43.18111822432971,1.0936396905214492,2.3528096935459297,-0.008740316563855832,1.0,False,0.9953216910362244,0.9997668266296387,0.018492280551714355,all_four_full_spatial_windows_common_frames
T04,0,BG11,spatial_ML,"[12, 13, 14, 15, 16, 17, 18, 19, 20, 21, 22, 23, 24, 25, 26, 27, 28, 29, 30, 31, 32, 33, 34, 35]",d903059aa96ba77eb520482de8ba587dd64152264e5fd1d689b865151696a421,260fb1a00543646b6668d90726e149da245b8cbb46c19498333fb096d3276c2d,576d0d3a30f3617b0fd9e24a26d20e665da4c28ddd09ab338c552f716abab1fc,38ad04bc14c2a22e2d4699472849a99e706e5988005381695628468a6a57aff5,c432f64e96352cbe9ffa5a4bcc29030572d22fcbe1e0d46822aab212141ecf2d,40b4330a1751c853a532792b8508d95d706fa4398305e1d2b4e3754f4e674892,0.1315905898809433,0.037851668894290924,0.027098748832941055,71.23527141867486,0.09373892098665237,28.764720981998146,1.0799967608575836,2.3319545708325924,0.0049026131000097116,1.0,False,0.9950424432754517,0.9997572898864746,0.014694310319857668,all_four_full_spatial_windows_common_frames
T04,0,BG11,spatial_all,"[0, 1, 2, 3, 4, 5, 6, 7, 8, 9, 10, 11, 12, 13, 14, 15, 16, 17, 18, 19, 20, 21, 22, 23, 24, 25, 26, 27, 28, 29, 30, 31, 32, 33, 34, 35]",d903059aa96ba77eb520482de8ba587dd64152264e5fd1d689b865151696a421,260fb1a00543646b6668d90726e149da245b8cbb46c19498333fb096d3276c2d,576d0d3a30f3617b0fd9e24a26d20e665da4c28ddd09ab338c552f716abab1fc,38ad04bc14c2a22e2d4699472849a99e706e5988005381695628468a6a57aff5,c432f64e96352cbe9ffa5a4bcc29030572d22fcbe1e0d46822aab212141ecf2d,40b4330a1751c853a532792b8508d95d706fa4398305e1d2b4e3754f4e674892,0.1315905898809433,0.03476361185312271,0.04937344789505005,73.58198694695889,0.09682697802782059,26.41800545371411,1.0945091005418353,2.344095620761917,-0.009609726584241873,1.0,False,0.9954357743263245,0.999772846698761,0.0,all_four_full_spatial_windows_common_frames
T04,0,BG12,spatial_E,"[0, 1, 2, 3, 4, 5, 6, 7, 8, 9, 10, 11]",d903059aa96ba77eb520482de8ba587dd64152264e5fd1d689b865151696a421,260fb1a00543646b6668d90726e149da245b8cbb46c19498333fb096d3276c2d,576d0d3a30f3617b0fd9e24a26d20e665da4c28ddd09ab338c552f716abab1fc,38ad04bc14c2a22e2d4699472849a99e706e5988005381695628468a6a57aff5,c432f64e96352cbe9ffa5a4bcc29030572d22fcbe1e0d46822aab212141ecf2d,40b4330a1751c853a532792b8508d95d706fa4398305e1d2b4e3754f4e674892,0.114918053150177,0.1164674311876297,0.0684572234749794,-1.348245867516878,-0.0015493780374526978,101.34823716566468,1.0585119734584523,2.308591740638687,0.01773054520586622,1.0,False,0.9952038526535034,0.9998018145561218,0.14159948932548344,all_four_full_spatial_windows_common_frames
T04,0,BG12,spatial_EM,"[0, 1, 2, 3, 4, 5, 6, 7, 8, 9, 10, 11, 12, 13, 14, 15, 16, 17, 18, 19, 20, 21, 22, 23]",d903059aa96ba77eb520482de8ba587dd64152264e5fd1d689b865151696a421,260fb1a00543646b6668d90726e149da245b8cbb46c19498333fb096d3276c2d,576d0d3a30f3617b0fd9e24a26d20e665da4c28ddd09ab338c552f716abab1fc,38ad04bc14c2a22e2d4699472849a99e706e5988005381695628468a6a57aff5,c432f64e96352cbe9ffa5a4bcc29030572d22fcbe1e0d46822aab212141ecf2d,40b4330a1751c853a532792b8508d95d706fa4398305e1d2b4e3754f4e674892,0.114918053150177,0.046155355870723724,0.061479147523641586,59.83628282143334,0.06876269727945328,40.16370847671447,1.1234276555943228,2.3342248048140597,-0.0471851369300043,1.0,False,0.9955741167068481,0.9997814297676086,0.02731210677219645,all_four_full_spatial_windows_common_frames
T04,0,BG12,spatial_ML,"[12, 13, 14, 15, 16, 17, 18, 19, 20, 21, 22, 23, 24, 25, 26, 27, 28, 29, 30, 31, 32, 33, 34, 35]",d903059aa96ba77eb520482de8ba587dd64152264e5fd1d689b865151696a421,260fb1a00543646b6668d90726e149da245b8cbb46c19498333fb096d3276c2d,576d0d3a30f3617b0fd9e24a26d20e665da4c28ddd09ab338c552f716abab1fc,38ad04bc14c2a22e2d4699472849a99e706e5988005381695628468a6a57aff5,c432f64e96352cbe9ffa5a4bcc29030572d22fcbe1e0d46822aab212141ecf2d,40b4330a1751c853a532792b8508d95d706fa4398305e1d2b4e3754f4e674892,0.114918053150177,0.05380036681890488,0.09309551864862442,53.183707291866234,0.061117686331272125,46.81628400628158,1.1239570929550822,2.368963255243913,-0.04771457429076383,1.0,False,0.996084451675415,0.9998052716255188,0.008839777871957655,all_four_full_spatial_windows_common_frames
T04,0,BG12,spatial_all,"[0, 1, 2, 3, 4, 5, 6, 7, 8, 9, 10, 11, 12, 13, 14, 15, 16, 17, 18, 19, 20, 21, 22, 23, 24, 25, 26, 27, 28, 29, 30, 31, 32, 33, 34, 35]",d903059aa96ba77eb520482de8ba587dd64152264e5fd1d689b865151696a421,260fb1a00543646b6668d90726e149da245b8cbb46c19498333fb096d3276c2d,576d0d3a30f3617b0fd9e24a26d20e665da4c28ddd09ab338c552f716abab1fc,38ad04bc14c2a22e2d4699472849a99e706e5988005381695628468a6a57aff5,c432f64e96352cbe9ffa5a4bcc29030572d22fcbe1e0d46822aab212141ecf2d,40b4330a1751c853a532792b8508d95d706fa4398305e1d2b4e3754f4e674892,0.114918053150177,0.05992909148335457,0.08268425613641739,47.85058167484242,0.054988961666822433,52.14940962330539,1.1340431744796289,2.374531698801167,-0.057800655815310256,1.0,False,0.9961840510368347,0.9998079538345337,0.0,all_four_full_spatial_windows_common_frames
T04,0,BG13,spatial_E,"[0, 1, 2, 3, 4, 5, 6, 7, 8, 9, 10, 11]",d903059aa96ba77eb520482de8ba587dd64152264e5fd1d689b865151696a421,260fb1a00543646b6668d90726e149da245b8cbb46c19498333fb096d3276c2d,576d0d3a30f3617b0fd9e24a26d20e665da4c28ddd09ab338c552f716abab1fc,38ad04bc14c2a22e2d4699472849a99e706e5988005381695628468a6a57aff5,c432f64e96352cbe9ffa5a4bcc29030572d22fcbe1e0d46822aab212141ecf2d,40b4330a1751c853a532792b8508d95d706fa4398305e1d2b4e3754f4e674892,0.17303702235221863,0.24679508805274963,0.3644450604915619,-42.62559562995493,-0.073758065700531,142.6255898508452,1.0679198760906694,2.1987459182055793,0.0035840435529585503,1.0,False,0.9940405488014221,0.9997972249984741,0.12995235404144487,all_four_full_spatial_windows_common_frames
T04,0,BG13,spatial_EM,"[0, 1, 2, 3, 4, 5, 6, 7, 8, 9, 10, 11, 12, 13, 14, 15, 16, 17, 18, 19, 20, 21, 22, 23]",d903059aa96ba77eb520482de8ba587dd64152264e5fd1d689b865151696a421,260fb1a00543646b6668d90726e149da245b8cbb46c19498333fb096d3276c2d,576d0d3a30f3617b0fd9e24a26d20e665da4c28ddd09ab338c552f716abab1fc,38ad04bc14c2a22e2d4699472849a99e706e5988005381695628468a6a57aff5,c432f64e96352cbe9ffa5a4bcc29030572d22fcbe1e0d46822aab212141ecf2d,40b4330a1751c853a532792b8508d95d706fa4398305e1d2b4e3754f4e674892,0.17303702235221863,0.033596474677324295,0.034357041120529175,80.58422279865601,0.13944054767489433,19.41577142223425,1.105235876464921,2.342044778929487,-0.03373195682129299,1.0,False,0.9967677593231201,0.999829113483429,0.027064009818204803,all_four_full_spatial_windows_common_frames
T04,0,BG13,spatial_ML,"[12, 13, 14, 15, 16, 17, 18, 19, 20, 21, 22, 23, 24, 25, 26, 27, 28, 29, 30, 31, 32, 33, 34, 35]",d903059aa96ba77eb520482de8ba587dd64152264e5fd1d689b865151696a421,260fb1a00543646b6668d90726e149da245b8cbb46c19498333fb096d3276c2d,576d0d3a30f3617b0fd9e24a26d20e665da4c28ddd09ab338c552f716abab1fc,38ad04bc14c2a22e2d4699472849a99e706e5988005381695628468a6a57aff5,c432f64e96352cbe9ffa5a4bcc29030572d22fcbe1e0d46822aab212141ecf2d,40b4330a1751c853a532792b8508d95d706fa4398305e1d2b4e3754f4e674892,0.17303702235221863,0.04292060807347298,0.03153299540281296,75.1957037808487,0.13011641427874565,24.804290440041555,1.1178576333247272,2.339572292634923,-0.04635371368109964,1.0,False,0.9960156083106995,0.9998054504394531,0.009074453458927208,all_four_full_spatial_windows_common_frames
T04,0,BG13,spatial_all,"[0, 1, 2, 3, 4, 5, 6, 7, 8, 9, 10, 11, 12, 13, 14, 15, 16, 17, 18, 19, 20, 21, 22, 23, 24, 25, 26, 27, 28, 29, 30, 31, 32, 33, 34, 35]",d903059aa96ba77eb520482de8ba587dd64152264e5fd1d689b865151696a421,260fb1a00543646b6668d90726e149da245b8cbb46c19498333fb096d3276c2d,576d0d3a30f3617b0fd9e24a26d20e665da4c28ddd09ab338c552f716abab1fc,38ad04bc14c2a22e2d4699472849a99e706e5988005381695628468a6a57aff5,c432f64e96352cbe9ffa5a4bcc29030572d22fcbe1e0d46822aab212141ecf2d,40b4330a1751c853a532792b8508d95d706fa4398305e1d2b4e3754f4e674892,0.17303702235221863,0.048374563455581665,0.03664546087384224,72.04380311081924,0.12466245889663696,27.956191110071025,1.1256786773092222,2.341873448476774,-0.05417475766559432,1.0,False,0.9954901337623596,0.9997798800468445,0.0,all_four_full_spatial_windows_common_frames
T04,0,BG14,spatial_E,"[0, 1, 2, 3, 4, 5, 6, 7, 8, 9, 10, 11]",d903059aa96ba77eb520482de8ba587dd64152264e5fd1d689b865151696a421,260fb1a00543646b6668d90726e149da245b8cbb46c19498333fb096d3276c2d,576d0d3a30f3617b0fd9e24a26d20e665da4c28ddd09ab338c552f716abab1fc,38ad04bc14c2a22e2d4699472849a99e706e5988005381695628468a6a57aff5,c432f64e96352cbe9ffa5a4bcc29030572d22fcbe1e0d46822aab212141ecf2d,40b4330a1751c853a532792b8508d95d706fa4398305e1d2b4e3754f4e674892,0.3030932545661926,0.22018030285835266,0.7981752753257751,27.35559030864989,0.08291295170783997,72.64440639203562,1.211010625413557,2.8646156503192577,0.026697994759408955,1.0,False,0.997259259223938,0.9998456835746765,0.10992866188724144,all_four_full_spatial_windows_common_frames
T04,0,BG14,spatial_EM,"[0, 1, 2, 3, 4, 5, 6, 7, 8, 9, 10, 11, 12, 13, 14, 15, 16, 17, 18, 19, 20, 21, 22, 23]",d903059aa96ba77eb520482de8ba587dd64152264e5fd1d689b865151696a421,260fb1a00543646b6668d90726e149da245b8cbb46c19498333fb096d3276c2d,576d0d3a30f3617b0fd9e24a26d20e665da4c28ddd09ab338c552f716abab1fc,38ad04bc14c2a22e2d4699472849a99e706e5988005381695628468a6a57aff5,c432f64e96352cbe9ffa5a4bcc29030572d22fcbe1e0d46822aab212141ecf2d,40b4330a1751c853a532792b8508d95d706fa4398305e1d2b4e3754f4e674892,0.3030932545661926,0.035614125430583954,0.02788226492702961,88.24977668785967,0.2674791291356087,11.750220012825846,1.1007271705909816,2.2808946725413137,0.1369814495819845,1.0,False,0.9940008521080017,0.9997385144233704,0.01662593852107806,all_four_full_spatial_windows_common_frames
T04,0,BG14,spatial_ML,"[12, 13, 14, 15, 16, 17, 18, 19, 20, 21, 22, 23, 24, 25, 26, 27, 28, 29, 30, 31, 32, 33, 34, 35]",d903059aa96ba77eb520482de8ba587dd64152264e5fd1d689b865151696a421,260fb1a00543646b6668d90726e149da245b8cbb46c19498333fb096d3276c2d,576d0d3a30f3617b0fd9e24a26d20e665da4c28ddd09ab338c552f716abab1fc,38ad04bc14c2a22e2d4699472849a99e706e5988005381695628468a6a57aff5,c432f64e96352cbe9ffa5a4bcc29030572d22fcbe1e0d46822aab212141ecf2d,40b4330a1751c853a532792b8508d95d706fa4398305e1d2b4e3754f4e674892,0.3030932545661926,0.07288173586130142,0.23296141624450684,75.95401997282431,0.2302115187048912,24.045976727861188,1.1085682030352177,2.421700649554456,0.129140417137748,1.0,False,0.9950999617576599,0.999764621257782,0.010469049313088168,all_four_full_spatial_windows_common_frames
T04,0,BG14,spatial_all,"[0, 1, 2, 3, 4, 5, 6, 7, 8, 9, 10, 11, 12, 13, 14, 15, 16, 17, 18, 19, 20, 21, 22, 23, 24, 25, 26, 27, 28, 29, 30, 31, 32, 33, 34, 35]",d903059aa96ba77eb520482de8ba587dd64152264e5fd1d689b865151696a421,260fb1a00543646b6668d90726e149da245b8cbb46c19498333fb096d3276c2d,576d0d3a30f3617b0fd9e24a26d20e665da4c28ddd09ab338c552f716abab1fc,38ad04bc14c2a22e2d4699472849a99e706e5988005381695628468a6a57aff5,c432f64e96352cbe9ffa5a4bcc29030572d22fcbe1e0d46822aab212141ecf2d,40b4330a1751c853a532792b8508d95d706fa4398305e1d2b4e3754f4e674892,0.3030932545661926,0.02456052228808403,0.01558696012943983,91.89670799077746,0.2785327322781086,8.103288709908052,1.0990901541988252,2.3004385178426205,0.1386184659741407,1.0,False,0.9930647015571594,0.9997144937515259,0.0,all_four_full_spatial_windows_common_frames
T04,0,BG15,spatial_E,"[0, 1, 2, 3, 4, 5, 6, 7, 8, 9, 10, 11]",d903059aa96ba77eb520482de8ba587dd64152264e5fd1d689b865151696a421,260fb1a00543646b6668d90726e149da245b8cbb46c19498333fb096d3276c2d,576d0d3a30f3617b0fd9e24a26d20e665da4c28ddd09ab338c552f716abab1fc,38ad04bc14c2a22e2d4699472849a99e706e5988005381695628468a6a57aff5,c432f64e96352cbe9ffa5a4bcc29030572d22fcbe1e0d46822aab212141ecf2d,40b4330a1751c853a532792b8508d95d706fa4398305e1d2b4e3754f4e674892,0.25915101170539856,0.23381869494915009,0.37846603989601135,9.775117454503464,0.025332316756248474,90.2248786867427,1.0923288194797387,2.2294023520422503,0.009182991004476736,1.0,False,0.9948881268501282,0.9997771978378296,0.08057429531686489,all_four_full_spatial_windows_common_frames
T04,0,BG15,spatial_EM,"[0, 1, 2, 3, 4, 5, 6, 7, 8, 9, 10, 11, 12, 13, 14, 15, 16, 17, 18, 19, 20, 21, 22, 23]",d903059aa96ba77eb520482de8ba587dd64152264e5fd1d689b865151696a421,260fb1a00543646b6668d90726e149da245b8cbb46c19498333fb096d3276c2d,576d0d3a30f3617b0fd9e24a26d20e665da4c28ddd09ab338c552f716abab1fc,38ad04bc14c2a22e2d4699472849a99e706e5988005381695628468a6a57aff5,c432f64e96352cbe9ffa5a4bcc29030572d22fcbe1e0d46822aab212141ecf2d,40b4330a1751c853a532792b8508d95d706fa4398305e1d2b4e3754f4e674892,0.25915101170539856,0.050641704350709915,0.10442367196083069,80.45860903134732,0.20850930735468864,19.541387109898846,1.0878717705633725,2.2456314652214897,0.01364003992084277,1.0,False,0.9954158067703247,0.9997885823249817,0.015850450236859555,all_four_full_spatial_windows_common_frames
T04,0,BG15,spatial_ML,"[12, 13, 14, 15, 16, 17, 18, 19, 20, 21, 22, 23, 24, 25, 26, 27, 28, 29, 30, 31, 32, 33, 34, 35]",d903059aa96ba77eb520482de8ba587dd64152264e5fd1d689b865151696a421,260fb1a00543646b6668d90726e149da245b8cbb46c19498333fb096d3276c2d,576d0d3a30f3617b0fd9e24a26d20e665da4c28ddd09ab338c552f716abab1fc,38ad04bc14c2a22e2d4699472849a99e706e5988005381695628468a6a57aff5,c432f64e96352cbe9ffa5a4bcc29030572d22fcbe1e0d46822aab212141ecf2d,40b4330a1751c853a532792b8508d95d706fa4398305e1d2b4e3754f4e674892,0.25915101170539856,0.052584271878004074,0.10440525412559509,79.70902004091592,0.20656673982739449,20.290976100330248,1.097898352887415,2.3050565944915635,0.00361345759680011,1.0,False,0.9944610595703125,0.9997520446777344,0.012945312951707326,all_four_full_spatial_windows_common_frames
T04,0,BG15,spatial_all,"[0, 1, 2, 3, 4, 5, 6, 7, 8, 9, 10, 11, 12, 13, 14, 15, 16, 17, 18, 19, 20, 21, 22, 23, 24, 25, 26, 27, 28, 29, 30, 31, 32, 33, 34, 35]",d903059aa96ba77eb520482de8ba587dd64152264e5fd1d689b865151696a421,260fb1a00543646b6668d90726e149da245b8cbb46c19498333fb096d3276c2d,576d0d3a30f3617b0fd9e24a26d20e665da4c28ddd09ab338c552f716abab1fc,38ad04bc14c2a22e2d4699472849a99e706e5988005381695628468a6a57aff5,c432f64e96352cbe9ffa5a4bcc29030572d22fcbe1e0d46822aab212141ecf2d,40b4330a1751c853a532792b8508d95d706fa4398305e1d2b4e3754f4e674892,0.25915101170539856,0.02258547581732273,0.01089906319975853,91.28481698868323,0.23656553588807583,8.71517915256293,1.1013278151325707,2.298284953912932,0.00018399535164463076,1.0,False,0.9948209524154663,0.9997528791427612,0.0,all_four_full_spatial_windows_common_frames
T04,1,BG1,spatial_E,"[0, 1, 2, 3, 4, 5, 6, 7, 8, 9, 10, 11]",d903059aa96ba77eb520482de8ba587dd64152264e5fd1d689b865151696a421,260fb1a00543646b6668d90726e149da245b8cbb46c19498333fb096d3276c2d,2c656eaa5f0435d44e4abcec2029b5567f0b7544fe5796246b9e233c19f7ac69,38ad04bc14c2a22e2d4699472849a99e706e5988005381695628468a6a57aff5,c432f64e96352cbe9ffa5a4bcc29030572d22fcbe1e0d46822aab212141ecf2d,40b4330a1751c853a532792b8508d95d706fa4398305e1d2b4e3754f4e674892,0.03305840119719505,0.043357424437999725,0.06182103976607323,-31.15401759440431,-0.010299023240804672,131.1539873449167,1.2262707436389158,2.6173682756333534,0.009910830986459004,1.0,False,0.9985242486000061,0.999921441078186,0.034012718235326825,all_four_full_spatial_windows_common_frames
T04,1,BG1,spatial_EM,"[0, 1, 2, 3, 4, 5, 6, 7, 8, 9, 10, 11, 12, 13, 14, 15, 16, 17, 18, 19, 20, 21, 22, 23]",d903059aa96ba77eb520482de8ba587dd64152264e5fd1d689b865151696a421,260fb1a00543646b6668d90726e149da245b8cbb46c19498333fb096d3276c2d,2c656eaa5f0435d44e4abcec2029b5567f0b7544fe5796246b9e233c19f7ac69,38ad04bc14c2a22e2d4699472849a99e706e5988005381695628468a6a57aff5,c432f64e96352cbe9ffa5a4bcc29030572d22fcbe1e0d46822aab212141ecf2d,40b4330a1751c853a532792b8508d95d706fa4398305e1d2b4e3754f4e674892,0.03305840119719505,0.028937380760908127,0.036053985357284546,12.465875663850982,0.004121020436286926,87.5340940866614,1.2521502909003677,2.578168010104404,-0.015968716274992748,1.0,False,0.9985913634300232,0.9999257922172546,0.014459361498105927,all_four_full_spatial_windows_common_frames
T04,1,BG1,spatial_ML,"[12, 13, 14, 15, 16, 17, 18, 19, 20, 21, 22, 23, 24, 25, 26, 27, 28, 29, 30, 31, 32, 33, 34, 35]",d903059aa96ba77eb520482de8ba587dd64152264e5fd1d689b865151696a421,260fb1a00543646b6668d90726e149da245b8cbb46c19498333fb096d3276c2d,2c656eaa5f0435d44e4abcec2029b5567f0b7544fe5796246b9e233c19f7ac69,38ad04bc14c2a22e2d4699472849a99e706e5988005381695628468a6a57aff5,c432f64e96352cbe9ffa5a4bcc29030572d22fcbe1e0d46822aab212141ecf2d,40b4330a1751c853a532792b8508d95d706fa4398305e1d2b4e3754f4e674892,0.03305840119719505,0.030365770682692528,0.020911386236548424,8.145069339360719,0.0026926305145025253,91.85490041115166,1.272502819243961,2.626424397819713,-0.0363212446185863,1.0,False,0.9986631870269775,0.9999290704727173,0.0013518273181920772,all_four_full_spatial_windows_common_frames
T04,1,BG1,spatial_all,"[0, 1, 2, 3, 4, 5, 6, 7, 8, 9, 10, 11, 12, 13, 14, 15, 16, 17, 18, 19, 20, 21, 22, 23, 24, 25, 26, 27, 28, 29, 30, 31, 32, 33, 34, 35]",d903059aa96ba77eb520482de8ba587dd64152264e5fd1d689b865151696a421,260fb1a00543646b6668d90726e149da245b8cbb46c19498333fb096d3276c2d,2c656eaa5f0435d44e4abcec2029b5567f0b7544fe5796246b9e233c19f7ac69,38ad04bc14c2a22e2d4699472849a99e706e5988005381695628468a6a57aff5,c432f64e96352cbe9ffa5a4bcc29030572d22fcbe1e0d46822aab212141ecf2d,40b4330a1751c853a532792b8508d95d706fa4398305e1d2b4e3754f4e674892,0.03305840119719505,0.02269759401679039,0.02349146269261837,31.340910845962732,0.010360807180404663,68.65905890454965,1.2621364321683997,2.6347555600913286,-0.02595485754302481,1.0,False,0.9987087249755859,0.9999292492866516,0.0,all_four_full_spatial_windows_common_frames
T04,1,BG2,spatial_E,"[0, 1, 2, 3, 4, 5, 6, 7, 8, 9, 10, 11]",d903059aa96ba77eb520482de8ba587dd64152264e5fd1d689b865151696a421,260fb1a00543646b6668d90726e149da245b8cbb46c19498333fb096d3276c2d,2c656eaa5f0435d44e4abcec2029b5567f0b7544fe5796246b9e233c19f7ac69,38ad04bc14c2a22e2d4699472849a99e706e5988005381695628468a6a57aff5,c432f64e96352cbe9ffa5a4bcc29030572d22fcbe1e0d46822aab212141ecf2d,40b4330a1751c853a532792b8508d95d706fa4398305e1d2b4e3754f4e674892,0.041849639266729355,0.03901533782482147,0.029010213911533356,6.772581112552271,0.0028343014419078827,93.22739499238486,1.2342982626216472,2.589795772696022,0.013231580756024056,1.0,False,0.9986458420753479,0.999927818775177,0.01951054907824691,all_four_full_spatial_windows_common_frames
T04,1,BG2,spatial_EM,"[0, 1, 2, 3, 4, 5, 6, 7, 8, 9, 10, 11, 12, 13, 14, 15, 16, 17, 18, 19, 20, 21, 22, 23]",d903059aa96ba77eb520482de8ba587dd64152264e5fd1d689b865151696a421,260fb1a00543646b6668d90726e149da245b8cbb46c19498333fb096d3276c2d,2c656eaa5f0435d44e4abcec2029b5567f0b7544fe5796246b9e233c19f7ac69,38ad04bc14c2a22e2d4699472849a99e706e5988005381695628468a6a57aff5,c432f64e96352cbe9ffa5a4bcc29030572d22fcbe1e0d46822aab212141ecf2d,40b4330a1751c853a532792b8508d95d706fa4398305e1d2b4e3754f4e674892,0.041849639266729355,0.027277175337076187,0.013111156411468983,34.82099416598537,0.014572463929653168,65.17898193895176,1.255895798883056,2.6204723251054256,-0.00836595550538484,1.0,False,0.9987188577651978,0.9999328851699829,0.014491553485691555,all_four_full_spatial_windows_common_frames
T04,1,BG2,spatial_ML,"[12, 13, 14, 15, 16, 17, 18, 19, 20, 21, 22, 23, 24, 25, 26, 27, 28, 29, 30, 31, 32, 33, 34, 35]",d903059aa96ba77eb520482de8ba587dd64152264e5fd1d689b865151696a421,260fb1a00543646b6668d90726e149da245b8cbb46c19498333fb096d3276c2d,2c656eaa5f0435d44e4abcec2029b5567f0b7544fe5796246b9e233c19f7ac69,38ad04bc14c2a22e2d4699472849a99e706e5988005381695628468a6a57aff5,c432f64e96352cbe9ffa5a4bcc29030572d22fcbe1e0d46822aab212141ecf2d,40b4330a1751c853a532792b8508d95d706fa4398305e1d2b4e3754f4e674892,0.041849639266729355,0.03543412312865257,0.03877810388803482,15.329916141440986,0.006415516138076782,84.67005996349614,1.278113605941805,2.643467449407977,-0.030583762564133955,1.0,False,0.9987027645111084,0.9999321103096008,0.0013243862826436469,all_four_full_spatial_windows_common_frames
T04,1,BG2,spatial_all,"[0, 1, 2, 3, 4, 5, 6, 7, 8, 9, 10, 11, 12, 13, 14, 15, 16, 17, 18, 19, 20, 21, 22, 23, 24, 25, 26, 27, 28, 29, 30, 31, 32, 33, 34, 35]",d903059aa96ba77eb520482de8ba587dd64152264e5fd1d689b865151696a421,260fb1a00543646b6668d90726e149da245b8cbb46c19498333fb096d3276c2d,2c656eaa5f0435d44e4abcec2029b5567f0b7544fe5796246b9e233c19f7ac69,38ad04bc14c2a22e2d4699472849a99e706e5988005381695628468a6a57aff5,c432f64e96352cbe9ffa5a4bcc29030572d22fcbe1e0d46822aab212141ecf2d,40b4330a1751c853a532792b8508d95d706fa4398305e1d2b4e3754f4e674892,0.041849639266729355,0.031815990805625916,0.029242681339383125,23.975466071779557,0.01003364846110344,76.02451003315758,1.274410820215667,2.6434240064273267,-0.02688097683799572,1.0,False,0.9985587000846863,0.9999288320541382,0.0,all_four_full_spatial_windows_common_frames
T04,1,BG3,spatial_E,"[0, 1, 2, 3, 4, 5, 6, 7, 8, 9, 10, 11]",d903059aa96ba77eb520482de8ba587dd64152264e5fd1d689b865151696a421,260fb1a00543646b6668d90726e149da245b8cbb46c19498333fb096d3276c2d,2c656eaa5f0435d44e4abcec2029b5567f0b7544fe5796246b9e233c19f7ac69,38ad04bc14c2a22e2d4699472849a99e706e5988005381695628468a6a57aff5,c432f64e96352cbe9ffa5a4bcc29030572d22fcbe1e0d46822aab212141ecf2d,40b4330a1751c853a532792b8508d95d706fa4398305e1d2b4e3754f4e674892,0.06199200823903084,0.056483376771211624,0.08240532130002975,8.886033435109104,0.005508631467819214,91.11395043378195,1.2694065570837174,2.6129325231405964,0.0018112262401894063,1.0,False,0.9986251592636108,0.9999281167984009,0.016923741925242843,all_four_full_spatial_windows_common_frames
T04,1,BG3,spatial_EM,"[0, 1, 2, 3, 4, 5, 6, 7, 8, 9, 10, 11, 12, 13, 14, 15, 16, 17, 18, 19, 20, 21, 22, 23]",d903059aa96ba77eb520482de8ba587dd64152264e5fd1d689b865151696a421,260fb1a00543646b6668d90726e149da245b8cbb46c19498333fb096d3276c2d,2c656eaa5f0435d44e4abcec2029b5567f0b7544fe5796246b9e233c19f7ac69,38ad04bc14c2a22e2d4699472849a99e706e5988005381695628468a6a57aff5,c432f64e96352cbe9ffa5a4bcc29030572d22fcbe1e0d46822aab212141ecf2d,40b4330a1751c853a532792b8508d95d706fa4398305e1d2b4e3754f4e674892,0.06199200823903084,0.02302977629005909,0.02739676646888256,62.850400835055744,0.03896223194897175,37.149583033835306,1.2445013533473643,2.614679205730472,0.02671642997654239,1.0,False,0.9985209107398987,0.999921441078186,0.011868369945647524,all_four_full_spatial_windows_common_frames
T04,1,BG3,spatial_ML,"[12, 13, 14, 15, 16, 17, 18, 19, 20, 21, 22, 23, 24, 25, 26, 27, 28, 29, 30, 31, 32, 33, 34, 35]",d903059aa96ba77eb520482de8ba587dd64152264e5fd1d689b865151696a421,260fb1a00543646b6668d90726e149da245b8cbb46c19498333fb096d3276c2d,2c656eaa5f0435d44e4abcec2029b5567f0b7544fe5796246b9e233c19f7ac69,38ad04bc14c2a22e2d4699472849a99e706e5988005381695628468a6a57aff5,c432f64e96352cbe9ffa5a4bcc29030572d22fcbe1e0d46822aab212141ecf2d,40b4330a1751c853a532792b8508d95d706fa4398305e1d2b4e3754f4e674892,0.06199200823903084,0.026853585615754128,0.02947716973721981,56.68217235288072,0.03513842262327671,43.31781151601033,1.249036196261532,2.617316094062908,0.02218158706237466,1.0,False,0.9984536170959473,0.9999205470085144,0.0012562939592256793,all_four_full_spatial_windows_common_frames
T04,1,BG3,spatial_all,"[0, 1, 2, 3, 4, 5, 6, 7, 8, 9, 10, 11, 12, 13, 14, 15, 16, 17, 18, 19, 20, 21, 22, 23, 24, 25, 26, 27, 28, 29, 30, 31, 32, 33, 34, 35]",d903059aa96ba77eb520482de8ba587dd64152264e5fd1d689b865151696a421,260fb1a00543646b6668d90726e149da245b8cbb46c19498333fb096d3276c2d,2c656eaa5f0435d44e4abcec2029b5567f0b7544fe5796246b9e233c19f7ac69,38ad04bc14c2a22e2d4699472849a99e706e5988005381695628468a6a57aff5,c432f64e96352cbe9ffa5a4bcc29030572d22fcbe1e0d46822aab212141ecf2d,40b4330a1751c853a532792b8508d95d706fa4398305e1d2b4e3754f4e674892,0.06199200823903084,0.023416543379426003,0.02148543670773506,62.2265026295229,0.038575464859604836,37.77348123936816,1.2356359632314982,2.6356498596569957,0.03558182009240857,1.0,False,0.9985247254371643,0.9999216794967651,0.0,all_four_full_spatial_windows_common_frames
T04,1,BG4,spatial_E,"[0, 1, 2, 3, 4, 5, 6, 7, 8, 9, 10, 11]",d903059aa96ba77eb520482de8ba587dd64152264e5fd1d689b865151696a421,260fb1a00543646b6668d90726e149da245b8cbb46c19498333fb096d3276c2d,2c656eaa5f0435d44e4abcec2029b5567f0b7544fe5796246b9e233c19f7ac69,38ad04bc14c2a22e2d4699472849a99e706e5988005381695628468a6a57aff5,c432f64e96352cbe9ffa5a4bcc29030572d22fcbe1e0d46822aab212141ecf2d,40b4330a1751c853a532792b8508d95d706fa4398305e1d2b4e3754f4e674892,0.05902206152677536,0.04943634942173958,0.04973159357905388,16.240894053823958,0.009585712105035782,83.7590890033617,1.2727779559085919,2.6086047347963857,0.0066683707713025425,1.0,False,0.9982165694236755,0.9999099969863892,0.02070721184326697,all_four_full_spatial_windows_common_frames
T04,1,BG4,spatial_EM,"[0, 1, 2, 3, 4, 5, 6, 7, 8, 9, 10, 11, 12, 13, 14, 15, 16, 17, 18, 19, 20, 21, 22, 23]",d903059aa96ba77eb520482de8ba587dd64152264e5fd1d689b865151696a421,260fb1a00543646b6668d90726e149da245b8cbb46c19498333fb096d3276c2d,2c656eaa5f0435d44e4abcec2029b5567f0b7544fe5796246b9e233c19f7ac69,38ad04bc14c2a22e2d4699472849a99e706e5988005381695628468a6a57aff5,c432f64e96352cbe9ffa5a4bcc29030572d22fcbe1e0d46822aab212141ecf2d,40b4330a1751c853a532792b8508d95d706fa4398305e1d2b4e3754f4e674892,0.05902206152677536,0.036350492388010025,0.019606707617640495,38.41201867758976,0.022671569138765335,61.5879643795959,1.2701912314273427,2.5992862280471436,0.009255095252552057,1.0,False,0.9982203841209412,0.9999151229858398,0.01139828464239973,all_four_full_spatial_windows_common_frames
T04,1,BG4,spatial_ML,"[12, 13, 14, 15, 16, 17, 18, 19, 20, 21, 22, 23, 24, 25, 26, 27, 28, 29, 30, 31, 32, 33, 34, 35]",d903059aa96ba77eb520482de8ba587dd64152264e5fd1d689b865151696a421,260fb1a00543646b6668d90726e149da245b8cbb46c19498333fb096d3276c2d,2c656eaa5f0435d44e4abcec2029b5567f0b7544fe5796246b9e233c19f7ac69,38ad04bc14c2a22e2d4699472849a99e706e5988005381695628468a6a57aff5,c432f64e96352cbe9ffa5a4bcc29030572d22fcbe1e0d46822aab212141ecf2d,40b4330a1751c853a532792b8508d95d706fa4398305e1d2b4e3754f4e674892,0.05902206152677536,0.03057832643389702,0.05564343184232712,48.19169228917159,0.02844373509287834,51.80829076801407,1.2641532702138896,2.569361206217529,0.015293056466004895,1.0,False,0.9982851147651672,0.9999188184738159,0.0013343932094147374,all_four_full_spatial_windows_common_frames
T04,1,BG4,spatial_all,"[0, 1, 2, 3, 4, 5, 6, 7, 8, 9, 10, 11, 12, 13, 14, 15, 16, 17, 18, 19, 20, 21, 22, 23, 24, 25, 26, 27, 28, 29, 30, 31, 32, 33, 34, 35]",d903059aa96ba77eb520482de8ba587dd64152264e5fd1d689b865151696a421,260fb1a00543646b6668d90726e149da245b8cbb46c19498333fb096d3276c2d,2c656eaa5f0435d44e4abcec2029b5567f0b7544fe5796246b9e233c19f7ac69,38ad04bc14c2a22e2d4699472849a99e706e5988005381695628468a6a57aff5,c432f64e96352cbe9ffa5a4bcc29030572d22fcbe1e0d46822aab212141ecf2d,40b4330a1751c853a532792b8508d95d706fa4398305e1d2b4e3754f4e674892,0.05902206152677536,0.02200527861714363,0.016340747475624084,62.716848040209946,0.03701678290963173,37.283135016975706,1.2578454305551012,2.59880115427434,0.021600896124793344,1.0,False,0.9982609152793884,0.9999181628227234,0.0,all_four_full_spatial_windows_common_frames
T04,1,BG5,spatial_E,"[0, 1, 2, 3, 4, 5, 6, 7, 8, 9, 10, 11]",d903059aa96ba77eb520482de8ba587dd64152264e5fd1d689b865151696a421,260fb1a00543646b6668d90726e149da245b8cbb46c19498333fb096d3276c2d,2c656eaa5f0435d44e4abcec2029b5567f0b7544fe5796246b9e233c19f7ac69,38ad04bc14c2a22e2d4699472849a99e706e5988005381695628468a6a57aff5,c432f64e96352cbe9ffa5a4bcc29030572d22fcbe1e0d46822aab212141ecf2d,40b4330a1751c853a532792b8508d95d706fa4398305e1d2b4e3754f4e674892,0.14346173405647278,0.17073646187782288,0.054704222828149796,-19.011847374874783,-0.027274727821350098,119.01184040437539,1.0828594877812896,2.588365801313788,0.05060437954544004,1.0,False,0.9988954067230225,0.9999408721923828,0.14508789299450517,all_four_full_spatial_windows_common_frames
T04,1,BG5,spatial_EM,"[0, 1, 2, 3, 4, 5, 6, 7, 8, 9, 10, 11, 12, 13, 14, 15, 16, 17, 18, 19, 20, 21, 22, 23]",d903059aa96ba77eb520482de8ba587dd64152264e5fd1d689b865151696a421,260fb1a00543646b6668d90726e149da245b8cbb46c19498333fb096d3276c2d,2c656eaa5f0435d44e4abcec2029b5567f0b7544fe5796246b9e233c19f7ac69,38ad04bc14c2a22e2d4699472849a99e706e5988005381695628468a6a57aff5,c432f64e96352cbe9ffa5a4bcc29030572d22fcbe1e0d46822aab212141ecf2d,40b4330a1751c853a532792b8508d95d706fa4398305e1d2b4e3754f4e674892,0.14346173405647278,0.029034873470664024,0.05790306255221367,79.76123623644598,0.11442686058580875,20.238756793054627,1.2503542981119682,2.6720182524952154,-0.11689043078523849,1.0,False,0.9986287355422974,0.9999198913574219,0.0311503672446251,all_four_full_spatial_windows_common_frames
T04,1,BG5,spatial_ML,"[12, 13, 14, 15, 16, 17, 18, 19, 20, 21, 22, 23, 24, 25, 26, 27, 28, 29, 30, 31, 32, 33, 34, 35]",d903059aa96ba77eb520482de8ba587dd64152264e5fd1d689b865151696a421,260fb1a00543646b6668d90726e149da245b8cbb46c19498333fb096d3276c2d,2c656eaa5f0435d44e4abcec2029b5567f0b7544fe5796246b9e233c19f7ac69,38ad04bc14c2a22e2d4699472849a99e706e5988005381695628468a6a57aff5,c432f64e96352cbe9ffa5a4bcc29030572d22fcbe1e0d46822aab212141ecf2d,40b4330a1751c853a532792b8508d95d706fa4398305e1d2b4e3754f4e674892,0.14346173405647278,0.04567703604698181,0.06581586599349976,68.16081782122951,0.09778469800949097,31.839175208271097,1.246931156829292,2.6126685296186514,-0.11346728950256217,1.0,False,0.9987102746963501,0.9999316334724426,0.0024323837298020584,all_four_full_spatial_windows_common_frames
T04,1,BG5,spatial_all,"[0, 1, 2, 3, 4, 5, 6, 7, 8, 9, 10, 11, 12, 13, 14, 15, 16, 17, 18, 19, 20, 21, 22, 23, 24, 25, 26, 27, 28, 29, 30, 31, 32, 33, 34, 35]",d903059aa96ba77eb520482de8ba587dd64152264e5fd1d689b865151696a421,260fb1a00543646b6668d90726e149da245b8cbb46c19498333fb096d3276c2d,2c656eaa5f0435d44e4abcec2029b5567f0b7544fe5796246b9e233c19f7ac69,38ad04bc14c2a22e2d4699472849a99e706e5988005381695628468a6a57aff5,c432f64e96352cbe9ffa5a4bcc29030572d22fcbe1e0d46822aab212141ecf2d,40b4330a1751c853a532792b8508d95d706fa4398305e1d2b4e3754f4e674892,0.14346173405647278,0.036879368126392365,0.02274906449019909,74.2932317120897,0.10658236593008041,25.706761317410894,1.2372006316185524,2.6172515996590247,-0.10373676429182277,1.0,False,0.9986863732337952,0.9999286532402039,0.0,all_four_full_spatial_windows_common_frames
T04,1,BG6,spatial_E,"[0, 1, 2, 3, 4, 5, 6, 7, 8, 9, 10, 11]",d903059aa96ba77eb520482de8ba587dd64152264e5fd1d689b865151696a421,260fb1a00543646b6668d90726e149da245b8cbb46c19498333fb096d3276c2d,2c656eaa5f0435d44e4abcec2029b5567f0b7544fe5796246b9e233c19f7ac69,38ad04bc14c2a22e2d4699472849a99e706e5988005381695628468a6a57aff5,c432f64e96352cbe9ffa5a4bcc29030572d22fcbe1e0d46822aab212141ecf2d,40b4330a1751c853a532792b8508d95d706fa4398305e1d2b4e3754f4e674892,0.2917892336845398,0.2527393400669098,0.46540406346321106,13.38291059825624,0.039049893617630005,86.61708597461264,1.0365787066383514,2.3368580872091433,-0.03702174707327187,1.0,False,0.9987427592277527,0.9999264478683472,0.0925126067602939,all_four_full_spatial_windows_common_frames
T04,1,BG6,spatial_EM,"[0, 1, 2, 3, 4, 5, 6, 7, 8, 9, 10, 11, 12, 13, 14, 15, 16, 17, 18, 19, 20, 21, 22, 23]",d903059aa96ba77eb520482de8ba587dd64152264e5fd1d689b865151696a421,260fb1a00543646b6668d90726e149da245b8cbb46c19498333fb096d3276c2d,2c656eaa5f0435d44e4abcec2029b5567f0b7544fe5796246b9e233c19f7ac69,38ad04bc14c2a22e2d4699472849a99e706e5988005381695628468a6a57aff5,c432f64e96352cbe9ffa5a4bcc29030572d22fcbe1e0d46822aab212141ecf2d,40b4330a1751c853a532792b8508d95d706fa4398305e1d2b4e3754f4e674892,0.2917892336845398,0.06024785712361336,0.019693490117788315,79.35226591534376,0.23154137656092644,20.647730657525106,1.2923214197863047,2.603316136946347,-0.29276446022122504,1.0,False,0.9987987279891968,0.9999231100082397,0.027969966316017975,all_four_full_spatial_windows_common_frames
T04,1,BG6,spatial_ML,"[12, 13, 14, 15, 16, 17, 18, 19, 20, 21, 22, 23, 24, 25, 26, 27, 28, 29, 30, 31, 32, 33, 34, 35]",d903059aa96ba77eb520482de8ba587dd64152264e5fd1d689b865151696a421,260fb1a00543646b6668d90726e149da245b8cbb46c19498333fb096d3276c2d,2c656eaa5f0435d44e4abcec2029b5567f0b7544fe5796246b9e233c19f7ac69,38ad04bc14c2a22e2d4699472849a99e706e5988005381695628468a6a57aff5,c432f64e96352cbe9ffa5a4bcc29030572d22fcbe1e0d46822aab212141ecf2d,40b4330a1751c853a532792b8508d95d706fa4398305e1d2b4e3754f4e674892,0.2917892336845398,0.07989213615655899,0.10980956256389618,72.61991389822023,0.2118970975279808,27.380082674648644,1.180035273185685,2.508634959228408,-0.18047831362060532,1.0,False,0.9988176226615906,0.9999257922172546,0.004251387351858917,all_four_full_spatial_windows_common_frames
T04,1,BG6,spatial_all,"[0, 1, 2, 3, 4, 5, 6, 7, 8, 9, 10, 11, 12, 13, 14, 15, 16, 17, 18, 19, 20, 21, 22, 23, 24, 25, 26, 27, 28, 29, 30, 31, 32, 33, 34, 35]",d903059aa96ba77eb520482de8ba587dd64152264e5fd1d689b865151696a421,260fb1a00543646b6668d90726e149da245b8cbb46c19498333fb096d3276c2d,2c656eaa5f0435d44e4abcec2029b5567f0b7544fe5796246b9e233c19f7ac69,38ad04bc14c2a22e2d4699472849a99e706e5988005381695628468a6a57aff5,c432f64e96352cbe9ffa5a4bcc29030572d22fcbe1e0d46822aab212141ecf2d,40b4330a1751c853a532792b8508d95d706fa4398305e1d2b4e3754f4e674892,0.2917892336845398,0.030909696593880653,0.03450075164437294,89.40683823585428,0.26087953709065914,10.593158337014593,1.2309491554442404,2.581230313546604,-0.23139219587916063,1.0,False,0.9989120960235596,0.9999279975891113,0.0,all_four_full_spatial_windows_common_frames
T04,1,BG7,spatial_E,"[0, 1, 2, 3, 4, 5, 6, 7, 8, 9, 10, 11]",d903059aa96ba77eb520482de8ba587dd64152264e5fd1d689b865151696a421,260fb1a00543646b6668d90726e149da245b8cbb46c19498333fb096d3276c2d,2c656eaa5f0435d44e4abcec2029b5567f0b7544fe5796246b9e233c19f7ac69,38ad04bc14c2a22e2d4699472849a99e706e5988005381695628468a6a57aff5,c432f64e96352cbe9ffa5a4bcc29030572d22fcbe1e0d46822aab212141ecf2d,40b4330a1751c853a532792b8508d95d706fa4398305e1d2b4e3754f4e674892,0.1338939368724823,0.16729986667633057,0.30268847942352295,-24.949544459738238,-0.03340592980384827,124.94953699114072,1.1471038841571417,2.854864024285242,0.04522179416560042,1.0,False,0.9991098046302795,0.9999384880065918,0.22086301912926998,all_four_full_spatial_windows_common_frames
T04,1,BG7,spatial_EM,"[0, 1, 2, 3, 4, 5, 6, 7, 8, 9, 10, 11, 12, 13, 14, 15, 16, 17, 18, 19, 20, 21, 22, 23]",d903059aa96ba77eb520482de8ba587dd64152264e5fd1d689b865151696a421,260fb1a00543646b6668d90726e149da245b8cbb46c19498333fb096d3276c2d,2c656eaa5f0435d44e4abcec2029b5567f0b7544fe5796246b9e233c19f7ac69,38ad04bc14c2a22e2d4699472849a99e706e5988005381695628468a6a57aff5,c432f64e96352cbe9ffa5a4bcc29030572d22fcbe1e0d46822aab212141ecf2d,40b4330a1751c853a532792b8508d95d706fa4398305e1d2b4e3754f4e674892,0.1338939368724823,0.06224915385246277,0.11865929514169693,53.50860490224586,0.07164478302001953,46.49138762915662,1.295641198329936,2.732797820420947,-0.10331552000719399,1.0,False,0.9988635778427124,0.9999271631240845,0.029387018396377085,all_four_full_spatial_windows_common_frames
T04,1,BG7,spatial_ML,"[12, 13, 14, 15, 16, 17, 18, 19, 20, 21, 22, 23, 24, 25, 26, 27, 28, 29, 30, 31, 32, 33, 34, 35]",d903059aa96ba77eb520482de8ba587dd64152264e5fd1d689b865151696a421,260fb1a00543646b6668d90726e149da245b8cbb46c19498333fb096d3276c2d,2c656eaa5f0435d44e4abcec2029b5567f0b7544fe5796246b9e233c19f7ac69,38ad04bc14c2a22e2d4699472849a99e706e5988005381695628468a6a57aff5,c432f64e96352cbe9ffa5a4bcc29030572d22fcbe1e0d46822aab212141ecf2d,40b4330a1751c853a532792b8508d95d706fa4398305e1d2b4e3754f4e674892,0.1338939368724823,0.06038596108555794,0.06987794488668442,54.900148590684076,0.07350797578692436,45.099843940718415,1.2002418406884163,2.547068375372415,-0.007916162365674283,1.0,False,0.9988372921943665,0.9999257922172546,0.003255319774205641,all_four_full_spatial_windows_common_frames
T04,1,BG7,spatial_all,"[0, 1, 2, 3, 4, 5, 6, 7, 8, 9, 10, 11, 12, 13, 14, 15, 16, 17, 18, 19, 20, 21, 22, 23, 24, 25, 26, 27, 28, 29, 30, 31, 32, 33, 34, 35]",d903059aa96ba77eb520482de8ba587dd64152264e5fd1d689b865151696a421,260fb1a00543646b6668d90726e149da245b8cbb46c19498333fb096d3276c2d,2c656eaa5f0435d44e4abcec2029b5567f0b7544fe5796246b9e233c19f7ac69,38ad04bc14c2a22e2d4699472849a99e706e5988005381695628468a6a57aff5,c432f64e96352cbe9ffa5a4bcc29030572d22fcbe1e0d46822aab212141ecf2d,40b4330a1751c853a532792b8508d95d706fa4398305e1d2b4e3754f4e674892,0.1338939368724823,0.03800315409898758,0.0354812927544117,71.61696627317966,0.09589078277349472,28.383026258222834,1.2379517492301881,2.5866066128592275,-0.045626070907446005,1.0,False,0.9989192485809326,0.9999281167984009,0.0,all_four_full_spatial_windows_common_frames
T04,1,BG8,spatial_E,"[0, 1, 2, 3, 4, 5, 6, 7, 8, 9, 10, 11]",d903059aa96ba77eb520482de8ba587dd64152264e5fd1d689b865151696a421,260fb1a00543646b6668d90726e149da245b8cbb46c19498333fb096d3276c2d,2c656eaa5f0435d44e4abcec2029b5567f0b7544fe5796246b9e233c19f7ac69,38ad04bc14c2a22e2d4699472849a99e706e5988005381695628468a6a57aff5,c432f64e96352cbe9ffa5a4bcc29030572d22fcbe1e0d46822aab212141ecf2d,40b4330a1751c853a532792b8508d95d706fa4398305e1d2b4e3754f4e674892,0.4974413812160492,0.4063730835914612,1.4133380651474,18.307342177932103,0.09106829762458801,81.69265581178082,1.5816929347638737,3.9200547162796058,0.10673513963583278,1.0,False,0.9989380240440369,0.9999376535415649,0.1977412441429239,all_four_full_spatial_windows_common_frames
T04,1,BG8,spatial_EM,"[0, 1, 2, 3, 4, 5, 6, 7, 8, 9, 10, 11, 12, 13, 14, 15, 16, 17, 18, 19, 20, 21, 22, 23]",d903059aa96ba77eb520482de8ba587dd64152264e5fd1d689b865151696a421,260fb1a00543646b6668d90726e149da245b8cbb46c19498333fb096d3276c2d,2c656eaa5f0435d44e4abcec2029b5567f0b7544fe5796246b9e233c19f7ac69,38ad04bc14c2a22e2d4699472849a99e706e5988005381695628468a6a57aff5,c432f64e96352cbe9ffa5a4bcc29030572d22fcbe1e0d46822aab212141ecf2d,40b4330a1751c853a532792b8508d95d706fa4398305e1d2b4e3754f4e674892,0.4974413812160492,0.0920608788728714,0.12050420790910721,81.4931184862163,0.4053805023431778,18.50687950349661,1.3371071528092284,2.734625032438615,0.3513209215904781,1.0,False,0.9981741905212402,0.999910831451416,0.021030292645678367,all_four_full_spatial_windows_common_frames
T04,1,BG8,spatial_ML,"[12, 13, 14, 15, 16, 17, 18, 19, 20, 21, 22, 23, 24, 25, 26, 27, 28, 29, 30, 31, 32, 33, 34, 35]",d903059aa96ba77eb520482de8ba587dd64152264e5fd1d689b865151696a421,260fb1a00543646b6668d90726e149da245b8cbb46c19498333fb096d3276c2d,2c656eaa5f0435d44e4abcec2029b5567f0b7544fe5796246b9e233c19f7ac69,38ad04bc14c2a22e2d4699472849a99e706e5988005381695628468a6a57aff5,c432f64e96352cbe9ffa5a4bcc29030572d22fcbe1e0d46822aab212141ecf2d,40b4330a1751c853a532792b8508d95d706fa4398305e1d2b4e3754f4e674892,0.4974413812160492,0.07889193296432495,0.23670710623264313,84.14045466311819,0.41854944825172424,15.859543326594737,1.3063839066432341,2.8468509032836513,0.38204416775647265,1.0,False,0.9983516931533813,0.9999170303344727,0.010575291962256785,all_four_full_spatial_windows_common_frames
T04,1,BG8,spatial_all,"[0, 1, 2, 3, 4, 5, 6, 7, 8, 9, 10, 11, 12, 13, 14, 15, 16, 17, 18, 19, 20, 21, 22, 23, 24, 25, 26, 27, 28, 29, 30, 31, 32, 33, 34, 35]",d903059aa96ba77eb520482de8ba587dd64152264e5fd1d689b865151696a421,260fb1a00543646b6668d90726e149da245b8cbb46c19498333fb096d3276c2d,2c656eaa5f0435d44e4abcec2029b5567f0b7544fe5796246b9e233c19f7ac69,38ad04bc14c2a22e2d4699472849a99e706e5988005381695628468a6a57aff5,c432f64e96352cbe9ffa5a4bcc29030572d22fcbe1e0d46822aab212141ecf2d,40b4330a1751c853a532792b8508d95d706fa4398305e1d2b4e3754f4e674892,0.4974413812160492,0.0366053432226181,0.06202148273587227,92.64127314915787,0.4608360379934311,7.358724840555063,1.2716023526836011,2.6705876771394754,0.4168257217161056,1.0,False,0.9983722567558289,0.9999192953109741,0.0,all_four_full_spatial_windows_common_frames
T04,1,BG9,spatial_E,"[0, 1, 2, 3, 4, 5, 6, 7, 8, 9, 10, 11]",d903059aa96ba77eb520482de8ba587dd64152264e5fd1d689b865151696a421,260fb1a00543646b6668d90726e149da245b8cbb46c19498333fb096d3276c2d,2c656eaa5f0435d44e4abcec2029b5567f0b7544fe5796246b9e233c19f7ac69,38ad04bc14c2a22e2d4699472849a99e706e5988005381695628468a6a57aff5,c432f64e96352cbe9ffa5a4bcc29030572d22fcbe1e0d46822aab212141ecf2d,40b4330a1751c853a532792b8508d95d706fa4398305e1d2b4e3754f4e674892,0.2804747223854065,0.25540533661842346,0.8030139803886414,8.938197588699234,0.025069385766983032,91.06179884591721,1.339483142023105,3.181288786189596,0.015333758402300285,1.0,False,0.9989174604415894,0.999933123588562,0.17227251858445974,all_four_full_spatial_windows_common_frames
T04,1,BG9,spatial_EM,"[0, 1, 2, 3, 4, 5, 6, 7, 8, 9, 10, 11, 12, 13, 14, 15, 16, 17, 18, 19, 20, 21, 22, 23]",d903059aa96ba77eb520482de8ba587dd64152264e5fd1d689b865151696a421,260fb1a00543646b6668d90726e149da245b8cbb46c19498333fb096d3276c2d,2c656eaa5f0435d44e4abcec2029b5567f0b7544fe5796246b9e233c19f7ac69,38ad04bc14c2a22e2d4699472849a99e706e5988005381695628468a6a57aff5,c432f64e96352cbe9ffa5a4bcc29030572d22fcbe1e0d46822aab212141ecf2d,40b4330a1751c853a532792b8508d95d706fa4398305e1d2b4e3754f4e674892,0.2804747223854065,0.050804875791072845,0.023291636258363724,81.88610954042707,0.22966984659433365,18.113886894189367,1.2529014006440984,2.592645589461259,0.10191549978130657,1.0,False,0.9985721111297607,0.9999221563339233,0.021052155655109286,all_four_full_spatial_windows_common_frames
T04,1,BG9,spatial_ML,"[12, 13, 14, 15, 16, 17, 18, 19, 20, 21, 22, 23, 24, 25, 26, 27, 28, 29, 30, 31, 32, 33, 34, 35]",d903059aa96ba77eb520482de8ba587dd64152264e5fd1d689b865151696a421,260fb1a00543646b6668d90726e149da245b8cbb46c19498333fb096d3276c2d,2c656eaa5f0435d44e4abcec2029b5567f0b7544fe5796246b9e233c19f7ac69,38ad04bc14c2a22e2d4699472849a99e706e5988005381695628468a6a57aff5,c432f64e96352cbe9ffa5a4bcc29030572d22fcbe1e0d46822aab212141ecf2d,40b4330a1751c853a532792b8508d95d706fa4398305e1d2b4e3754f4e674892,0.2804747223854065,0.06639637798070908,0.10624226182699203,76.32714098128727,0.21407834440469742,23.672855453329163,1.1928511482593145,2.5130089109763762,0.1619657521660905,1.0,False,0.9983705878257751,0.9999111294746399,0.004076380408325724,all_four_full_spatial_windows_common_frames
T04,1,BG9,spatial_all,"[0, 1, 2, 3, 4, 5, 6, 7, 8, 9, 10, 11, 12, 13, 14, 15, 16, 17, 18, 19, 20, 21, 22, 23, 24, 25, 26, 27, 28, 29, 30, 31, 32, 33, 34, 35]",d903059aa96ba77eb520482de8ba587dd64152264e5fd1d689b865151696a421,260fb1a00543646b6668d90726e149da245b8cbb46c19498333fb096d3276c2d,2c656eaa5f0435d44e4abcec2029b5567f0b7544fe5796246b9e233c19f7ac69,38ad04bc14c2a22e2d4699472849a99e706e5988005381695628468a6a57aff5,c432f64e96352cbe9ffa5a4bcc29030572d22fcbe1e0d46822aab212141ecf2d,40b4330a1751c853a532792b8508d95d706fa4398305e1d2b4e3754f4e674892,0.2804747223854065,0.04133693128824234,0.04105880483984947,85.26179490869775,0.23913779109716415,14.73820152591869,1.2296478151507868,2.5816643609155934,0.12516908527461784,1.0,False,0.9986070990562439,0.9999215006828308,0.0,all_four_full_spatial_windows_common_frames
T04,1,BG10,spatial_E,"[0, 1, 2, 3, 4, 5, 6, 7, 8, 9, 10, 11]",d903059aa96ba77eb520482de8ba587dd64152264e5fd1d689b865151696a421,260fb1a00543646b6668d90726e149da245b8cbb46c19498333fb096d3276c2d,2c656eaa5f0435d44e4abcec2029b5567f0b7544fe5796246b9e233c19f7ac69,38ad04bc14c2a22e2d4699472849a99e706e5988005381695628468a6a57aff5,c432f64e96352cbe9ffa5a4bcc29030572d22fcbe1e0d46822aab212141ecf2d,40b4330a1751c853a532792b8508d95d706fa4398305e1d2b4e3754f4e674892,0.16415752470493317,0.1373545229434967,0.4149971604347229,16.32760982285329,0.026803001761436462,83.6723840854373,1.3014681172571252,3.016054844866066,0.044094055918561664,1.0,False,0.9987687468528748,0.9999328851699829,0.14455796438147947,all_four_full_spatial_windows_common_frames
T04,1,BG10,spatial_EM,"[0, 1, 2, 3, 4, 5, 6, 7, 8, 9, 10, 11, 12, 13, 14, 15, 16, 17, 18, 19, 20, 21, 22, 23]",d903059aa96ba77eb520482de8ba587dd64152264e5fd1d689b865151696a421,260fb1a00543646b6668d90726e149da245b8cbb46c19498333fb096d3276c2d,2c656eaa5f0435d44e4abcec2029b5567f0b7544fe5796246b9e233c19f7ac69,38ad04bc14c2a22e2d4699472849a99e706e5988005381695628468a6a57aff5,c432f64e96352cbe9ffa5a4bcc29030572d22fcbe1e0d46822aab212141ecf2d,40b4330a1751c853a532792b8508d95d706fa4398305e1d2b4e3754f4e674892,0.16415752470493317,0.08294463157653809,0.07766072452068329,49.4725345835463,0.08121289312839508,50.527459324744285,1.3230953694921976,2.688520503103345,0.022466803683489023,1.0,False,0.9987578392028809,0.9999213218688965,0.0186071179096438,all_four_full_spatial_windows_common_frames
T04,1,BG10,spatial_ML,"[12, 13, 14, 15, 16, 17, 18, 19, 20, 21, 22, 23, 24, 25, 26, 27, 28, 29, 30, 31, 32, 33, 34, 35]",d903059aa96ba77eb520482de8ba587dd64152264e5fd1d689b865151696a421,260fb1a00543646b6668d90726e149da245b8cbb46c19498333fb096d3276c2d,2c656eaa5f0435d44e4abcec2029b5567f0b7544fe5796246b9e233c19f7ac69,38ad04bc14c2a22e2d4699472849a99e706e5988005381695628468a6a57aff5,c432f64e96352cbe9ffa5a4bcc29030572d22fcbe1e0d46822aab212141ecf2d,40b4330a1751c853a532792b8508d95d706fa4398305e1d2b4e3754f4e674892,0.16415752470493317,0.03995656594634056,0.10092347860336304,75.65961500447666,0.1242009587585926,24.340378903813917,1.2751765488525797,2.685877100972757,0.07038562432310719,1.0,False,0.9985438585281372,0.9999144673347473,0.005351477690374773,all_four_full_spatial_windows_common_frames
T04,1,BG10,spatial_all,"[0, 1, 2, 3, 4, 5, 6, 7, 8, 9, 10, 11, 12, 13, 14, 15, 16, 17, 18, 19, 20, 21, 22, 23, 24, 25, 26, 27, 28, 29, 30, 31, 32, 33, 34, 35]",d903059aa96ba77eb520482de8ba587dd64152264e5fd1d689b865151696a421,260fb1a00543646b6668d90726e149da245b8cbb46c19498333fb096d3276c2d,2c656eaa5f0435d44e4abcec2029b5567f0b7544fe5796246b9e233c19f7ac69,38ad04bc14c2a22e2d4699472849a99e706e5988005381695628468a6a57aff5,c432f64e96352cbe9ffa5a4bcc29030572d22fcbe1e0d46822aab212141ecf2d,40b4330a1751c853a532792b8508d95d706fa4398305e1d2b4e3754f4e674892,0.16415752470493317,0.03419247269630432,0.04089026898145676,79.17093311753007,0.12996505200862885,20.82906079076052,1.2624170234603511,2.623789361718752,0.08314514971533567,1.0,False,0.9985742568969727,0.999916672706604,0.0,all_four_full_spatial_windows_common_frames
T04,1,BG11,spatial_E,"[0, 1, 2, 3, 4, 5, 6, 7, 8, 9, 10, 11]",d903059aa96ba77eb520482de8ba587dd64152264e5fd1d689b865151696a421,260fb1a00543646b6668d90726e149da245b8cbb46c19498333fb096d3276c2d,2c656eaa5f0435d44e4abcec2029b5567f0b7544fe5796246b9e233c19f7ac69,38ad04bc14c2a22e2d4699472849a99e706e5988005381695628468a6a57aff5,c432f64e96352cbe9ffa5a4bcc29030572d22fcbe1e0d46822aab212141ecf2d,40b4330a1751c853a532792b8508d95d706fa4398305e1d2b4e3754f4e674892,0.14309577643871307,0.14947280287742615,0.24007004499435425,-4.456473944775662,-0.006377026438713074,104.4564669564497,1.1755014268353752,2.8336256279636647,0.009629601214924047,1.0,False,0.998777449131012,0.9999375343322754,0.12714539020155444,all_four_full_spatial_windows_common_frames
T04,1,BG11,spatial_EM,"[0, 1, 2, 3, 4, 5, 6, 7, 8, 9, 10, 11, 12, 13, 14, 15, 16, 17, 18, 19, 20, 21, 22, 23]",d903059aa96ba77eb520482de8ba587dd64152264e5fd1d689b865151696a421,260fb1a00543646b6668d90726e149da245b8cbb46c19498333fb096d3276c2d,2c656eaa5f0435d44e4abcec2029b5567f0b7544fe5796246b9e233c19f7ac69,38ad04bc14c2a22e2d4699472849a99e706e5988005381695628468a6a57aff5,c432f64e96352cbe9ffa5a4bcc29030572d22fcbe1e0d46822aab212141ecf2d,40b4330a1751c853a532792b8508d95d706fa4398305e1d2b4e3754f4e674892,0.14309577643871307,0.060763292014598846,0.04089092090725899,57.53662387492916,0.08233248442411423,42.46336913674488,1.3004242209326355,2.646980261443385,-0.11529319288233648,1.0,False,0.9986055493354797,0.9999264478683472,0.01825242684066481,all_four_full_spatial_windows_common_frames
T04,1,BG11,spatial_ML,"[12, 13, 14, 15, 16, 17, 18, 19, 20, 21, 22, 23, 24, 25, 26, 27, 28, 29, 30, 31, 32, 33, 34, 35]",d903059aa96ba77eb520482de8ba587dd64152264e5fd1d689b865151696a421,260fb1a00543646b6668d90726e149da245b8cbb46c19498333fb096d3276c2d,2c656eaa5f0435d44e4abcec2029b5567f0b7544fe5796246b9e233c19f7ac69,38ad04bc14c2a22e2d4699472849a99e706e5988005381695628468a6a57aff5,c432f64e96352cbe9ffa5a4bcc29030572d22fcbe1e0d46822aab212141ecf2d,40b4330a1751c853a532792b8508d95d706fa4398305e1d2b4e3754f4e674892,0.14309577643871307,0.028756167739629745,0.0440201535820961,79.90424564181991,0.11433960869908333,20.095747369854116,1.242181486262411,2.630770355675206,-0.057050458212111674,1.0,False,0.9985925555229187,0.9999231100082397,0.0033025826738345837,all_four_full_spatial_windows_common_frames
T04,1,BG11,spatial_all,"[0, 1, 2, 3, 4, 5, 6, 7, 8, 9, 10, 11, 12, 13, 14, 15, 16, 17, 18, 19, 20, 21, 22, 23, 24, 25, 26, 27, 28, 29, 30, 31, 32, 33, 34, 35]",d903059aa96ba77eb520482de8ba587dd64152264e5fd1d689b865151696a421,260fb1a00543646b6668d90726e149da245b8cbb46c19498333fb096d3276c2d,2c656eaa5f0435d44e4abcec2029b5567f0b7544fe5796246b9e233c19f7ac69,38ad04bc14c2a22e2d4699472849a99e706e5988005381695628468a6a57aff5,c432f64e96352cbe9ffa5a4bcc29030572d22fcbe1e0d46822aab212141ecf2d,40b4330a1751c853a532792b8508d95d706fa4398305e1d2b4e3754f4e674892,0.14309577643871307,0.03357449918985367,0.06499940156936646,76.53703856316315,0.1095212772488594,23.46295444851089,1.2616624447875122,2.5941499688825997,-0.07653141673721302,1.0,False,0.9985557198524475,0.9999221563339233,0.0,all_four_full_spatial_windows_common_frames
T04,1,BG12,spatial_E,"[0, 1, 2, 3, 4, 5, 6, 7, 8, 9, 10, 11]",d903059aa96ba77eb520482de8ba587dd64152264e5fd1d689b865151696a421,260fb1a00543646b6668d90726e149da245b8cbb46c19498333fb096d3276c2d,2c656eaa5f0435d44e4abcec2029b5567f0b7544fe5796246b9e233c19f7ac69,38ad04bc14c2a22e2d4699472849a99e706e5988005381695628468a6a57aff5,c432f64e96352cbe9ffa5a4bcc29030572d22fcbe1e0d46822aab212141ecf2d,40b4330a1751c853a532792b8508d95d706fa4398305e1d2b4e3754f4e674892,0.20015236735343933,0.166182279586792,0.46137335896492004,16.97211305497572,0.03397008776664734,83.02788194883082,1.3003546432780166,3.048620044910268,0.07395054115038086,1.0,False,0.9983991980552673,0.9999274015426636,0.14591617257211306,all_four_full_spatial_windows_common_frames
T04,1,BG12,spatial_EM,"[0, 1, 2, 3, 4, 5, 6, 7, 8, 9, 10, 11, 12, 13, 14, 15, 16, 17, 18, 19, 20, 21, 22, 23]",d903059aa96ba77eb520482de8ba587dd64152264e5fd1d689b865151696a421,260fb1a00543646b6668d90726e149da245b8cbb46c19498333fb096d3276c2d,2c656eaa5f0435d44e4abcec2029b5567f0b7544fe5796246b9e233c19f7ac69,38ad04bc14c2a22e2d4699472849a99e706e5988005381695628468a6a57aff5,c432f64e96352cbe9ffa5a4bcc29030572d22fcbe1e0d46822aab212141ecf2d,40b4330a1751c853a532792b8508d95d706fa4398305e1d2b4e3754f4e674892,0.20015236735343933,0.04162617772817612,0.06695052981376648,79.20275128450238,0.15852618962526321,20.797243719304156,1.2640693236061655,2.6809093220984956,0.11023586082223183,1.0,False,0.9984645843505859,0.9999276399612427,0.027867081991890776,all_four_full_spatial_windows_common_frames
T04,1,BG12,spatial_ML,"[12, 13, 14, 15, 16, 17, 18, 19, 20, 21, 22, 23, 24, 25, 26, 27, 28, 29, 30, 31, 32, 33, 34, 35]",d903059aa96ba77eb520482de8ba587dd64152264e5fd1d689b865151696a421,260fb1a00543646b6668d90726e149da245b8cbb46c19498333fb096d3276c2d,2c656eaa5f0435d44e4abcec2029b5567f0b7544fe5796246b9e233c19f7ac69,38ad04bc14c2a22e2d4699472849a99e706e5988005381695628468a6a57aff5,c432f64e96352cbe9ffa5a4bcc29030572d22fcbe1e0d46822aab212141ecf2d,40b4330a1751c853a532792b8508d95d706fa4398305e1d2b4e3754f4e674892,0.20015236735343933,0.06015719845890999,0.09803999960422516,69.94429481460452,0.13999516889452934,30.05570018920201,1.2600679796596244,2.67933648293384,0.11423720476877272,1.0,False,0.9983887672424316,0.9999262690544128,0.0044701266325386894,all_four_full_spatial_windows_common_frames
T04,1,BG12,spatial_all,"[0, 1, 2, 3, 4, 5, 6, 7, 8, 9, 10, 11, 12, 13, 14, 15, 16, 17, 18, 19, 20, 21, 22, 23, 24, 25, 26, 27, 28, 29, 30, 31, 32, 33, 34, 35]",d903059aa96ba77eb520482de8ba587dd64152264e5fd1d689b865151696a421,260fb1a00543646b6668d90726e149da245b8cbb46c19498333fb096d3276c2d,2c656eaa5f0435d44e4abcec2029b5567f0b7544fe5796246b9e233c19f7ac69,38ad04bc14c2a22e2d4699472849a99e706e5988005381695628468a6a57aff5,c432f64e96352cbe9ffa5a4bcc29030572d22fcbe1e0d46822aab212141ecf2d,40b4330a1751c853a532792b8508d95d706fa4398305e1d2b4e3754f4e674892,0.20015236735343933,0.04580104723572731,0.03952421620488167,77.11690570886928,0.15435132011771202,22.883089294937264,1.239081061006577,2.587911219626532,0.13522412342182025,1.0,False,0.9983775615692139,0.9999240636825562,0.0,all_four_full_spatial_windows_common_frames
T04,1,BG13,spatial_E,"[0, 1, 2, 3, 4, 5, 6, 7, 8, 9, 10, 11]",d903059aa96ba77eb520482de8ba587dd64152264e5fd1d689b865151696a421,260fb1a00543646b6668d90726e149da245b8cbb46c19498333fb096d3276c2d,2c656eaa5f0435d44e4abcec2029b5567f0b7544fe5796246b9e233c19f7ac69,38ad04bc14c2a22e2d4699472849a99e706e5988005381695628468a6a57aff5,c432f64e96352cbe9ffa5a4bcc29030572d22fcbe1e0d46822aab212141ecf2d,40b4330a1751c853a532792b8508d95d706fa4398305e1d2b4e3754f4e674892,0.15004852414131165,0.1410629153251648,0.3325783312320709,5.988468243004926,0.00898560881614685,94.01152509248479,1.201091069562422,2.940531319512895,0.03621676416929113,1.0,False,0.9985862970352173,0.9999347925186157,0.13393245736085208,all_four_full_spatial_windows_common_frames
T04,1,BG13,spatial_EM,"[0, 1, 2, 3, 4, 5, 6, 7, 8, 9, 10, 11, 12, 13, 14, 15, 16, 17, 18, 19, 20, 21, 22, 23]",d903059aa96ba77eb520482de8ba587dd64152264e5fd1d689b865151696a421,260fb1a00543646b6668d90726e149da245b8cbb46c19498333fb096d3276c2d,2c656eaa5f0435d44e4abcec2029b5567f0b7544fe5796246b9e233c19f7ac69,38ad04bc14c2a22e2d4699472849a99e706e5988005381695628468a6a57aff5,c432f64e96352cbe9ffa5a4bcc29030572d22fcbe1e0d46822aab212141ecf2d,40b4330a1751c853a532792b8508d95d706fa4398305e1d2b4e3754f4e674892,0.15004852414131165,0.038728177547454834,0.030484747141599655,74.18955955212353,0.11132034659385681,25.81043378336618,1.2365289128673278,2.622783927277178,0.0007789208643850243,1.0,False,0.9986976385116577,0.9999315142631531,0.02768261150851388,all_four_full_spatial_windows_common_frames
T04,1,BG13,spatial_ML,"[12, 13, 14, 15, 16, 17, 18, 19, 20, 21, 22, 23, 24, 25, 26, 27, 28, 29, 30, 31, 32, 33, 34, 35]",d903059aa96ba77eb520482de8ba587dd64152264e5fd1d689b865151696a421,260fb1a00543646b6668d90726e149da245b8cbb46c19498333fb096d3276c2d,2c656eaa5f0435d44e4abcec2029b5567f0b7544fe5796246b9e233c19f7ac69,38ad04bc14c2a22e2d4699472849a99e706e5988005381695628468a6a57aff5,c432f64e96352cbe9ffa5a4bcc29030572d22fcbe1e0d46822aab212141ecf2d,40b4330a1751c853a532792b8508d95d706fa4398305e1d2b4e3754f4e674892,0.15004852414131165,0.04112236574292183,0.06996247172355652,72.59395036529055,0.10892615839838982,27.406042970199163,1.2447424185919858,2.6516773685556445,-0.0074345848602728306,1.0,False,0.9985407590866089,0.9999289512634277,0.003169259601881856,all_four_full_spatial_windows_common_frames
T04,1,BG13,spatial_all,"[0, 1, 2, 3, 4, 5, 6, 7, 8, 9, 10, 11, 12, 13, 14, 15, 16, 17, 18, 19, 20, 21, 22, 23, 24, 25, 26, 27, 28, 29, 30, 31, 32, 33, 34, 35]",d903059aa96ba77eb520482de8ba587dd64152264e5fd1d689b865151696a421,260fb1a00543646b6668d90726e149da245b8cbb46c19498333fb096d3276c2d,2c656eaa5f0435d44e4abcec2029b5567f0b7544fe5796246b9e233c19f7ac69,38ad04bc14c2a22e2d4699472849a99e706e5988005381695628468a6a57aff5,c432f64e96352cbe9ffa5a4bcc29030572d22fcbe1e0d46822aab212141ecf2d,40b4330a1751c853a532792b8508d95d706fa4398305e1d2b4e3754f4e674892,0.15004852414131165,0.03919433802366257,0.05099388211965561,73.87888642300872,0.11085418611764908,26.121106912481,1.2366950339973697,2.616532598121773,0.0006127997343431391,1.0,False,0.9985203146934509,0.9999248385429382,0.0,all_four_full_spatial_windows_common_frames
T04,1,BG14,spatial_E,"[0, 1, 2, 3, 4, 5, 6, 7, 8, 9, 10, 11]",d903059aa96ba77eb520482de8ba587dd64152264e5fd1d689b865151696a421,260fb1a00543646b6668d90726e149da245b8cbb46c19498333fb096d3276c2d,2c656eaa5f0435d44e4abcec2029b5567f0b7544fe5796246b9e233c19f7ac69,38ad04bc14c2a22e2d4699472849a99e706e5988005381695628468a6a57aff5,c432f64e96352cbe9ffa5a4bcc29030572d22fcbe1e0d46822aab212141ecf2d,40b4330a1751c853a532792b8508d95d706fa4398305e1d2b4e3754f4e674892,0.25746259093284607,0.19352133572101593,0.5030291676521301,24.83516245860809,0.06394125521183014,75.16483365733265,1.3754179273866243,2.9510782036397383,0.06332461524270039,1.0,False,0.9985771179199219,0.99992436170578,0.11481904707185685,all_four_full_spatial_windows_common_frames
T04,1,BG14,spatial_EM,"[0, 1, 2, 3, 4, 5, 6, 7, 8, 9, 10, 11, 12, 13, 14, 15, 16, 17, 18, 19, 20, 21, 22, 23]",d903059aa96ba77eb520482de8ba587dd64152264e5fd1d689b865151696a421,260fb1a00543646b6668d90726e149da245b8cbb46c19498333fb096d3276c2d,2c656eaa5f0435d44e4abcec2029b5567f0b7544fe5796246b9e233c19f7ac69,38ad04bc14c2a22e2d4699472849a99e706e5988005381695628468a6a57aff5,c432f64e96352cbe9ffa5a4bcc29030572d22fcbe1e0d46822aab212141ecf2d,40b4330a1751c853a532792b8508d95d706fa4398305e1d2b4e3754f4e674892,0.25746259093284607,0.048581525683403015,0.02947608381509781,81.1306436323641,0.20888106524944305,18.869352483576645,1.2853345052244838,2.639427868890411,0.15340803740484088,1.0,False,0.9983783960342407,0.9999125599861145,0.015564820482501315,all_four_full_spatial_windows_common_frames
T04,1,BG14,spatial_ML,"[12, 13, 14, 15, 16, 17, 18, 19, 20, 21, 22, 23, 24, 25, 26, 27, 28, 29, 30, 31, 32, 33, 34, 35]",d903059aa96ba77eb520482de8ba587dd64152264e5fd1d689b865151696a421,260fb1a00543646b6668d90726e149da245b8cbb46c19498333fb096d3276c2d,2c656eaa5f0435d44e4abcec2029b5567f0b7544fe5796246b9e233c19f7ac69,38ad04bc14c2a22e2d4699472849a99e706e5988005381695628468a6a57aff5,c432f64e96352cbe9ffa5a4bcc29030572d22fcbe1e0d46822aab212141ecf2d,40b4330a1751c853a532792b8508d95d706fa4398305e1d2b4e3754f4e674892,0.25746259093284607,0.07000959664583206,0.11531814187765121,72.8078538816235,0.187452994287014,27.19214223431723,1.3040806204598696,2.6893636710020634,0.13466192216945488,1.0,False,0.9984318614006042,0.999920666217804,0.006084926538167576,all_four_full_spatial_windows_common_frames
T04,1,BG14,spatial_all,"[0, 1, 2, 3, 4, 5, 6, 7, 8, 9, 10, 11, 12, 13, 14, 15, 16, 17, 18, 19, 20, 21, 22, 23, 24, 25, 26, 27, 28, 29, 30, 31, 32, 33, 34, 35]",d903059aa96ba77eb520482de8ba587dd64152264e5fd1d689b865151696a421,260fb1a00543646b6668d90726e149da245b8cbb46c19498333fb096d3276c2d,2c656eaa5f0435d44e4abcec2029b5567f0b7544fe5796246b9e233c19f7ac69,38ad04bc14c2a22e2d4699472849a99e706e5988005381695628468a6a57aff5,c432f64e96352cbe9ffa5a4bcc29030572d22fcbe1e0d46822aab212141ecf2d,40b4330a1751c853a532792b8508d95d706fa4398305e1d2b4e3754f4e674892,0.25746259093284607,0.024204164743423462,0.017878856509923935,90.59895508872894,0.2332584261894226,9.401041027211805,1.2552123082956426,2.6034156138923232,0.18353023433368218,1.0,False,0.9985464215278625,0.9999231100082397,0.0,all_four_full_spatial_windows_common_frames
T04,1,BG15,spatial_E,"[0, 1, 2, 3, 4, 5, 6, 7, 8, 9, 10, 11]",d903059aa96ba77eb520482de8ba587dd64152264e5fd1d689b865151696a421,260fb1a00543646b6668d90726e149da245b8cbb46c19498333fb096d3276c2d,2c656eaa5f0435d44e4abcec2029b5567f0b7544fe5796246b9e233c19f7ac69,38ad04bc14c2a22e2d4699472849a99e706e5988005381695628468a6a57aff5,c432f64e96352cbe9ffa5a4bcc29030572d22fcbe1e0d46822aab212141ecf2d,40b4330a1751c853a532792b8508d95d706fa4398305e1d2b4e3754f4e674892,0.07383411377668381,0.06294964253902435,0.1160929799079895,14.741789677873415,0.010884471237659454,85.25819677825353,1.1966911650705734,2.5006341176104234,-0.01551112408406713,1.0,False,0.9985361099243164,0.9999235272407532,0.029394113022955155,all_four_full_spatial_windows_common_frames
T04,1,BG15,spatial_EM,"[0, 1, 2, 3, 4, 5, 6, 7, 8, 9, 10, 11, 12, 13, 14, 15, 16, 17, 18, 19, 20, 21, 22, 23]",d903059aa96ba77eb520482de8ba587dd64152264e5fd1d689b865151696a421,260fb1a00543646b6668d90726e149da245b8cbb46c19498333fb096d3276c2d,2c656eaa5f0435d44e4abcec2029b5567f0b7544fe5796246b9e233c19f7ac69,38ad04bc14c2a22e2d4699472849a99e706e5988005381695628468a6a57aff5,c432f64e96352cbe9ffa5a4bcc29030572d22fcbe1e0d46822aab212141ecf2d,40b4330a1751c853a532792b8508d95d706fa4398305e1d2b4e3754f4e674892,0.07383411377668381,0.04379098489880562,0.03400097414851189,40.69003238766078,0.03004312887787819,59.30995406846616,1.275582608259035,2.6481895318638187,-0.09440256727252881,1.0,False,0.9985551238059998,0.9999238848686218,0.015163891497719515,all_four_full_spatial_windows_common_frames
T04,1,BG15,spatial_ML,"[12, 13, 14, 15, 16, 17, 18, 19, 20, 21, 22, 23, 24, 25, 26, 27, 28, 29, 30, 31, 32, 33, 34, 35]",d903059aa96ba77eb520482de8ba587dd64152264e5fd1d689b865151696a421,260fb1a00543646b6668d90726e149da245b8cbb46c19498333fb096d3276c2d,2c656eaa5f0435d44e4abcec2029b5567f0b7544fe5796246b9e233c19f7ac69,38ad04bc14c2a22e2d4699472849a99e706e5988005381695628468a6a57aff5,c432f64e96352cbe9ffa5a4bcc29030572d22fcbe1e0d46822aab212141ecf2d,40b4330a1751c853a532792b8508d95d706fa4398305e1d2b4e3754f4e674892,0.07383411377668381,0.019721293821930885,0.03466862440109253,73.28971644387727,0.05411281995475292,26.71027001224968,1.2476809121290136,2.615254068240859,-0.06650087114250738,1.0,False,0.998435914516449,0.9999221563339233,0.0019156376154615838,all_four_full_spatial_windows_common_frames
T04,1,BG15,spatial_all,"[0, 1, 2, 3, 4, 5, 6, 7, 8, 9, 10, 11, 12, 13, 14, 15, 16, 17, 18, 19, 20, 21, 22, 23, 24, 25, 26, 27, 28, 29, 30, 31, 32, 33, 34, 35]",d903059aa96ba77eb520482de8ba587dd64152264e5fd1d689b865151696a421,260fb1a00543646b6668d90726e149da245b8cbb46c19498333fb096d3276c2d,2c656eaa5f0435d44e4abcec2029b5567f0b7544fe5796246b9e233c19f7ac69,38ad04bc14c2a22e2d4699472849a99e706e5988005381695628468a6a57aff5,c432f64e96352cbe9ffa5a4bcc29030572d22fcbe1e0d46822aab212141ecf2d,40b4330a1751c853a532792b8508d95d706fa4398305e1d2b4e3754f4e674892,0.07383411377668381,0.02643505670130253,0.04579467326402664,64.19668122390519,0.04739905707538128,35.80330523222177,1.2635423943357955,2.652149275235582,-0.08236235334928912,1.0,False,0.998518168926239,0.9999238848686218,0.0,all_four_full_spatial_windows_common_frames
T04,2,BG1,spatial_E,"[0, 1, 2, 3, 4, 5, 6, 7, 8, 9, 10, 11]",d903059aa96ba77eb520482de8ba587dd64152264e5fd1d689b865151696a421,260fb1a00543646b6668d90726e149da245b8cbb46c19498333fb096d3276c2d,d42fd0835ca1169fdd93186e68af5562f7bd2461ca94639164ad5b5b2b0d06a4,38ad04bc14c2a22e2d4699472849a99e706e5988005381695628468a6a57aff5,c432f64e96352cbe9ffa5a4bcc29030572d22fcbe1e0d46822aab212141ecf2d,40b4330a1751c853a532792b8508d95d706fa4398305e1d2b4e3754f4e674892,0.184153750538826,0.18923386931419373,0.3895517885684967,-2.758628854769801,-0.005080118775367737,102.75862342452501,0.9528096706488232,1.5731359962478217,-0.004726033660989141,1.0,False,0.9875378012657166,0.9996048212051392,0.03705085999057647,all_four_full_spatial_windows_common_frames
T04,2,BG1,spatial_EM,"[0, 1, 2, 3, 4, 5, 6, 7, 8, 9, 10, 11, 12, 13, 14, 15, 16, 17, 18, 19, 20, 21, 22, 23]",d903059aa96ba77eb520482de8ba587dd64152264e5fd1d689b865151696a421,260fb1a00543646b6668d90726e149da245b8cbb46c19498333fb096d3276c2d,d42fd0835ca1169fdd93186e68af5562f7bd2461ca94639164ad5b5b2b0d06a4,38ad04bc14c2a22e2d4699472849a99e706e5988005381695628468a6a57aff5,c432f64e96352cbe9ffa5a4bcc29030572d22fcbe1e0d46822aab212141ecf2d,40b4330a1751c853a532792b8508d95d706fa4398305e1d2b4e3754f4e674892,0.184153750538826,0.03751298412680626,0.05782058462500572,79.62952588258591,0.14664076641201973,20.37046868716929,0.9533244377529468,1.5925762785529918,-0.005240800765112799,1.0,False,0.984872579574585,0.9995554089546204,0.028529483168146092,all_four_full_spatial_windows_common_frames
T04,2,BG1,spatial_ML,"[12, 13, 14, 15, 16, 17, 18, 19, 20, 21, 22, 23, 24, 25, 26, 27, 28, 29, 30, 31, 32, 33, 34, 35]",d903059aa96ba77eb520482de8ba587dd64152264e5fd1d689b865151696a421,260fb1a00543646b6668d90726e149da245b8cbb46c19498333fb096d3276c2d,d42fd0835ca1169fdd93186e68af5562f7bd2461ca94639164ad5b5b2b0d06a4,38ad04bc14c2a22e2d4699472849a99e706e5988005381695628468a6a57aff5,c432f64e96352cbe9ffa5a4bcc29030572d22fcbe1e0d46822aab212141ecf2d,40b4330a1751c853a532792b8508d95d706fa4398305e1d2b4e3754f4e674892,0.184153750538826,0.03493454307317734,0.10573499649763107,81.02968249415035,0.14921920746564865,18.970312075604845,0.970873443331774,1.601749930801537,-0.0227898063439399,1.0,False,0.9846579432487488,0.9995326995849609,0.0011084941025416492,all_four_full_spatial_windows_common_frames
T04,2,BG1,spatial_all,"[0, 1, 2, 3, 4, 5, 6, 7, 8, 9, 10, 11, 12, 13, 14, 15, 16, 17, 18, 19, 20, 21, 22, 23, 24, 25, 26, 27, 28, 29, 30, 31, 32, 33, 34, 35]",d903059aa96ba77eb520482de8ba587dd64152264e5fd1d689b865151696a421,260fb1a00543646b6668d90726e149da245b8cbb46c19498333fb096d3276c2d,d42fd0835ca1169fdd93186e68af5562f7bd2461ca94639164ad5b5b2b0d06a4,38ad04bc14c2a22e2d4699472849a99e706e5988005381695628468a6a57aff5,c432f64e96352cbe9ffa5a4bcc29030572d22fcbe1e0d46822aab212141ecf2d,40b4330a1751c853a532792b8508d95d706fa4398305e1d2b4e3754f4e674892,0.184153750538826,0.030316168442368507,0.08779941499233246,83.53757297507003,0.15383758209645748,16.46242159468517,0.9686583642384663,1.5822778683598497,-0.020574727250632207,1.0,False,0.9832015633583069,0.9995031356811523,0.0,all_four_full_spatial_windows_common_frames
T04,2,BG2,spatial_E,"[0, 1, 2, 3, 4, 5, 6, 7, 8, 9, 10, 11]",d903059aa96ba77eb520482de8ba587dd64152264e5fd1d689b865151696a421,260fb1a00543646b6668d90726e149da245b8cbb46c19498333fb096d3276c2d,d42fd0835ca1169fdd93186e68af5562f7bd2461ca94639164ad5b5b2b0d06a4,38ad04bc14c2a22e2d4699472849a99e706e5988005381695628468a6a57aff5,c432f64e96352cbe9ffa5a4bcc29030572d22fcbe1e0d46822aab212141ecf2d,40b4330a1751c853a532792b8508d95d706fa4398305e1d2b4e3754f4e674892,0.2223045527935028,0.2171928584575653,0.4879441261291504,2.299410444708559,0.0051116943359375,97.70058505695822,0.9695766527205556,1.654285445536331,-0.0025364018209887915,1.0,False,0.9876697659492493,0.9996048212051392,0.043740236438804994,all_four_full_spatial_windows_common_frames
T04,2,BG2,spatial_EM,"[0, 1, 2, 3, 4, 5, 6, 7, 8, 9, 10, 11, 12, 13, 14, 15, 16, 17, 18, 19, 20, 21, 22, 23]",d903059aa96ba77eb520482de8ba587dd64152264e5fd1d689b865151696a421,260fb1a00543646b6668d90726e149da245b8cbb46c19498333fb096d3276c2d,d42fd0835ca1169fdd93186e68af5562f7bd2461ca94639164ad5b5b2b0d06a4,38ad04bc14c2a22e2d4699472849a99e706e5988005381695628468a6a57aff5,c432f64e96352cbe9ffa5a4bcc29030572d22fcbe1e0d46822aab212141ecf2d,40b4330a1751c853a532792b8508d95d706fa4398305e1d2b4e3754f4e674892,0.2223045527935028,0.02841978333890438,0.022930508479475975,87.21582994888713,0.19388476945459843,12.784165552779646,0.9595133825428255,1.592266372558414,0.007526868356741408,1.0,False,0.9865097403526306,0.9995989799499512,0.027306797637274068,all_four_full_spatial_windows_common_frames
T04,2,BG2,spatial_ML,"[12, 13, 14, 15, 16, 17, 18, 19, 20, 21, 22, 23, 24, 25, 26, 27, 28, 29, 30, 31, 32, 33, 34, 35]",d903059aa96ba77eb520482de8ba587dd64152264e5fd1d689b865151696a421,260fb1a00543646b6668d90726e149da245b8cbb46c19498333fb096d3276c2d,d42fd0835ca1169fdd93186e68af5562f7bd2461ca94639164ad5b5b2b0d06a4,38ad04bc14c2a22e2d4699472849a99e706e5988005381695628468a6a57aff5,c432f64e96352cbe9ffa5a4bcc29030572d22fcbe1e0d46822aab212141ecf2d,40b4330a1751c853a532792b8508d95d706fa4398305e1d2b4e3754f4e674892,0.2223045527935028,0.0386647991836071,0.11226245760917664,82.60728043646924,0.1836397536098957,17.392715065197546,0.962106026498085,1.5894321545135834,0.004934224401482177,1.0,False,0.9822099208831787,0.9994856119155884,0.0037623661145827787,all_four_full_spatial_windows_common_frames
T04,2,BG2,spatial_all,"[0, 1, 2, 3, 4, 5, 6, 7, 8, 9, 10, 11, 12, 13, 14, 15, 16, 17, 18, 19, 20, 21, 22, 23, 24, 25, 26, 27, 28, 29, 30, 31, 32, 33, 34, 35]",d903059aa96ba77eb520482de8ba587dd64152264e5fd1d689b865151696a421,260fb1a00543646b6668d90726e149da245b8cbb46c19498333fb096d3276c2d,d42fd0835ca1169fdd93186e68af5562f7bd2461ca94639164ad5b5b2b0d06a4,38ad04bc14c2a22e2d4699472849a99e706e5988005381695628468a6a57aff5,c432f64e96352cbe9ffa5a4bcc29030572d22fcbe1e0d46822aab212141ecf2d,40b4330a1751c853a532792b8508d95d706fa4398305e1d2b4e3754f4e674892,0.2223045527935028,0.02794017270207405,0.07376348227262497,87.43157479496834,0.19436438009142876,12.568420706698443,0.9651445742660172,1.5833954340144403,0.0018956766335497838,1.0,False,0.983746349811554,0.999525249004364,0.0,all_four_full_spatial_windows_common_frames
T04,2,BG3,spatial_E,"[0, 1, 2, 3, 4, 5, 6, 7, 8, 9, 10, 11]",d903059aa96ba77eb520482de8ba587dd64152264e5fd1d689b865151696a421,260fb1a00543646b6668d90726e149da245b8cbb46c19498333fb096d3276c2d,d42fd0835ca1169fdd93186e68af5562f7bd2461ca94639164ad5b5b2b0d06a4,38ad04bc14c2a22e2d4699472849a99e706e5988005381695628468a6a57aff5,c432f64e96352cbe9ffa5a4bcc29030572d22fcbe1e0d46822aab212141ecf2d,40b4330a1751c853a532792b8508d95d706fa4398305e1d2b4e3754f4e674892,0.13848181068897247,0.13523262739181519,0.2892600893974304,2.3462886904519342,0.0032491832971572876,97.65370408838362,0.9707826691072728,1.6709608923214208,0.002508024250659508,1.0,False,0.9874823093414307,0.9996156692504883,0.03894559195712362,all_four_full_spatial_windows_common_frames
T04,2,BG3,spatial_EM,"[0, 1, 2, 3, 4, 5, 6, 7, 8, 9, 10, 11, 12, 13, 14, 15, 16, 17, 18, 19, 20, 21, 22, 23]",d903059aa96ba77eb520482de8ba587dd64152264e5fd1d689b865151696a421,260fb1a00543646b6668d90726e149da245b8cbb46c19498333fb096d3276c2d,d42fd0835ca1169fdd93186e68af5562f7bd2461ca94639164ad5b5b2b0d06a4,38ad04bc14c2a22e2d4699472849a99e706e5988005381695628468a6a57aff5,c432f64e96352cbe9ffa5a4bcc29030572d22fcbe1e0d46822aab212141ecf2d,40b4330a1751c853a532792b8508d95d706fa4398305e1d2b4e3754f4e674892,0.13848181068897247,0.03953638672828674,0.07584637403488159,71.45011776160516,0.09894542396068573,28.549875017230395,0.9589166506375975,1.5894720546236962,0.014374042720334938,1.0,False,0.9879157543182373,0.9996345639228821,0.025185212137858674,all_four_full_spatial_windows_common_frames
T04,2,BG3,spatial_ML,"[12, 13, 14, 15, 16, 17, 18, 19, 20, 21, 22, 23, 24, 25, 26, 27, 28, 29, 30, 31, 32, 33, 34, 35]",d903059aa96ba77eb520482de8ba587dd64152264e5fd1d689b865151696a421,260fb1a00543646b6668d90726e149da245b8cbb46c19498333fb096d3276c2d,d42fd0835ca1169fdd93186e68af5562f7bd2461ca94639164ad5b5b2b0d06a4,38ad04bc14c2a22e2d4699472849a99e706e5988005381695628468a6a57aff5,c432f64e96352cbe9ffa5a4bcc29030572d22fcbe1e0d46822aab212141ecf2d,40b4330a1751c853a532792b8508d95d706fa4398305e1d2b4e3754f4e674892,0.13848181068897247,0.02963879704475403,0.03807371109724045,78.59733003415501,0.10884301364421844,21.402662744680548,0.9636991103275181,1.5861787028318914,0.00959158303041444,1.0,False,0.9882558584213257,0.9996328353881836,0.002897124801713833,all_four_full_spatial_windows_common_frames
T04,2,BG3,spatial_all,"[0, 1, 2, 3, 4, 5, 6, 7, 8, 9, 10, 11, 12, 13, 14, 15, 16, 17, 18, 19, 20, 21, 22, 23, 24, 25, 26, 27, 28, 29, 30, 31, 32, 33, 34, 35]",d903059aa96ba77eb520482de8ba587dd64152264e5fd1d689b865151696a421,260fb1a00543646b6668d90726e149da245b8cbb46c19498333fb096d3276c2d,d42fd0835ca1169fdd93186e68af5562f7bd2461ca94639164ad5b5b2b0d06a4,38ad04bc14c2a22e2d4699472849a99e706e5988005381695628468a6a57aff5,c432f64e96352cbe9ffa5a4bcc29030572d22fcbe1e0d46822aab212141ecf2d,40b4330a1751c853a532792b8508d95d706fa4398305e1d2b4e3754f4e674892,0.13848181068897247,0.029419725760817528,0.041654881089925766,78.7555250108289,0.10906208492815495,21.244467768006654,0.9628887539377974,1.5757380561093344,0.010401939420135054,1.0,False,0.9875460267066956,0.9996150135993958,0.0,all_four_full_spatial_windows_common_frames
T04,2,BG4,spatial_E,"[0, 1, 2, 3, 4, 5, 6, 7, 8, 9, 10, 11]",d903059aa96ba77eb520482de8ba587dd64152264e5fd1d689b865151696a421,260fb1a00543646b6668d90726e149da245b8cbb46c19498333fb096d3276c2d,d42fd0835ca1169fdd93186e68af5562f7bd2461ca94639164ad5b5b2b0d06a4,38ad04bc14c2a22e2d4699472849a99e706e5988005381695628468a6a57aff5,c432f64e96352cbe9ffa5a4bcc29030572d22fcbe1e0d46822aab212141ecf2d,40b4330a1751c853a532792b8508d95d706fa4398305e1d2b4e3754f4e674892,0.07654634118080139,0.07118836790323257,0.07733210921287537,6.9996455675769065,0.005357973277568817,93.00034136844312,0.9727477849322756,1.5600729735335932,-0.007518523531339441,1.0,False,0.9883971810340881,0.9996334314346313,0.04311989035574043,all_four_full_spatial_windows_common_frames
T04,2,BG4,spatial_EM,"[0, 1, 2, 3, 4, 5, 6, 7, 8, 9, 10, 11, 12, 13, 14, 15, 16, 17, 18, 19, 20, 21, 22, 23]",d903059aa96ba77eb520482de8ba587dd64152264e5fd1d689b865151696a421,260fb1a00543646b6668d90726e149da245b8cbb46c19498333fb096d3276c2d,d42fd0835ca1169fdd93186e68af5562f7bd2461ca94639164ad5b5b2b0d06a4,38ad04bc14c2a22e2d4699472849a99e706e5988005381695628468a6a57aff5,c432f64e96352cbe9ffa5a4bcc29030572d22fcbe1e0d46822aab212141ecf2d,40b4330a1751c853a532792b8508d95d706fa4398305e1d2b4e3754f4e674892,0.07654634118080139,0.02465459518134594,0.019127627834677696,67.79127312925456,0.05189174599945545,32.208713806765445,0.973215456668601,1.613774271349832,-0.007986195267664607,1.0,False,0.986879289150238,0.9995990991592407,0.018573349742985332,all_four_full_spatial_windows_common_frames
T04,2,BG4,spatial_ML,"[12, 13, 14, 15, 16, 17, 18, 19, 20, 21, 22, 23, 24, 25, 26, 27, 28, 29, 30, 31, 32, 33, 34, 35]",d903059aa96ba77eb520482de8ba587dd64152264e5fd1d689b865151696a421,260fb1a00543646b6668d90726e149da245b8cbb46c19498333fb096d3276c2d,d42fd0835ca1169fdd93186e68af5562f7bd2461ca94639164ad5b5b2b0d06a4,38ad04bc14c2a22e2d4699472849a99e706e5988005381695628468a6a57aff5,c432f64e96352cbe9ffa5a4bcc29030572d22fcbe1e0d46822aab212141ecf2d,40b4330a1751c853a532792b8508d95d706fa4398305e1d2b4e3754f4e674892,0.07654634118080139,0.02319355309009552,0.0519312359392643,69.69997559346407,0.05335278809070587,30.300011342555937,0.9676047600003356,1.595616751299191,-0.002375498599399474,1.0,False,0.9869699478149414,0.9996070861816406,0.002005968935972107,all_four_full_spatial_windows_common_frames
T04,2,BG4,spatial_all,"[0, 1, 2, 3, 4, 5, 6, 7, 8, 9, 10, 11, 12, 13, 14, 15, 16, 17, 18, 19, 20, 21, 22, 23, 24, 25, 26, 27, 28, 29, 30, 31, 32, 33, 34, 35]",d903059aa96ba77eb520482de8ba587dd64152264e5fd1d689b865151696a421,260fb1a00543646b6668d90726e149da245b8cbb46c19498333fb096d3276c2d,d42fd0835ca1169fdd93186e68af5562f7bd2461ca94639164ad5b5b2b0d06a4,38ad04bc14c2a22e2d4699472849a99e706e5988005381695628468a6a57aff5,c432f64e96352cbe9ffa5a4bcc29030572d22fcbe1e0d46822aab212141ecf2d,40b4330a1751c853a532792b8508d95d706fa4398305e1d2b4e3754f4e674892,0.07654634118080139,0.023922795429825783,0.02269696071743965,68.74729486018157,0.05262354575097561,31.252692075838446,0.968878623611087,1.5772634734949444,-0.0036493622101507655,1.0,False,0.9864889979362488,0.9995905160903931,0.0,all_four_full_spatial_windows_common_frames
T04,2,BG5,spatial_E,"[0, 1, 2, 3, 4, 5, 6, 7, 8, 9, 10, 11]",d903059aa96ba77eb520482de8ba587dd64152264e5fd1d689b865151696a421,260fb1a00543646b6668d90726e149da245b8cbb46c19498333fb096d3276c2d,d42fd0835ca1169fdd93186e68af5562f7bd2461ca94639164ad5b5b2b0d06a4,38ad04bc14c2a22e2d4699472849a99e706e5988005381695628468a6a57aff5,c432f64e96352cbe9ffa5a4bcc29030572d22fcbe1e0d46822aab212141ecf2d,40b4330a1751c853a532792b8508d95d706fa4398305e1d2b4e3754f4e674892,0.4928587079048157,0.5539747476577759,1.458234429359436,-12.400316263607893,-0.061116039752960205,112.40031423462887,1.1336786348348415,2.158613963712449,-0.04357843938924718,1.0,False,0.9881914258003235,0.9996418952941895,0.14835624715875015,all_four_full_spatial_windows_common_frames
T04,2,BG5,spatial_EM,"[0, 1, 2, 3, 4, 5, 6, 7, 8, 9, 10, 11, 12, 13, 14, 15, 16, 17, 18, 19, 20, 21, 22, 23]",d903059aa96ba77eb520482de8ba587dd64152264e5fd1d689b865151696a421,260fb1a00543646b6668d90726e149da245b8cbb46c19498333fb096d3276c2d,d42fd0835ca1169fdd93186e68af5562f7bd2461ca94639164ad5b5b2b0d06a4,38ad04bc14c2a22e2d4699472849a99e706e5988005381695628468a6a57aff5,c432f64e96352cbe9ffa5a4bcc29030572d22fcbe1e0d46822aab212141ecf2d,40b4330a1751c853a532792b8508d95d706fa4398305e1d2b4e3754f4e674892,0.4928587079048157,0.0499383844435215,0.1265016347169876,89.8676045224859,0.4429203234612942,10.132393448535073,0.9558630253897306,1.548219424131533,0.13423717005586353,1.0,False,0.9844426512718201,0.9995800256729126,0.03834974029867577,all_four_full_spatial_windows_common_frames
T04,2,BG5,spatial_ML,"[12, 13, 14, 15, 16, 17, 18, 19, 20, 21, 22, 23, 24, 25, 26, 27, 28, 29, 30, 31, 32, 33, 34, 35]",d903059aa96ba77eb520482de8ba587dd64152264e5fd1d689b865151696a421,260fb1a00543646b6668d90726e149da245b8cbb46c19498333fb096d3276c2d,d42fd0835ca1169fdd93186e68af5562f7bd2461ca94639164ad5b5b2b0d06a4,38ad04bc14c2a22e2d4699472849a99e706e5988005381695628468a6a57aff5,c432f64e96352cbe9ffa5a4bcc29030572d22fcbe1e0d46822aab212141ecf2d,40b4330a1751c853a532792b8508d95d706fa4398305e1d2b4e3754f4e674892,0.4928587079048157,0.04343791306018829,0.06995487213134766,91.18653653021568,0.4494207948446274,8.8134614408053,0.9346266987346379,1.535583683100696,0.1554734967109564,1.0,False,0.9866800904273987,0.9996143579483032,0.0024007868055012285,all_four_full_spatial_windows_common_frames
T04,2,BG5,spatial_all,"[0, 1, 2, 3, 4, 5, 6, 7, 8, 9, 10, 11, 12, 13, 14, 15, 16, 17, 18, 19, 20, 21, 22, 23, 24, 25, 26, 27, 28, 29, 30, 31, 32, 33, 34, 35]",d903059aa96ba77eb520482de8ba587dd64152264e5fd1d689b865151696a421,260fb1a00543646b6668d90726e149da245b8cbb46c19498333fb096d3276c2d,d42fd0835ca1169fdd93186e68af5562f7bd2461ca94639164ad5b5b2b0d06a4,38ad04bc14c2a22e2d4699472849a99e706e5988005381695628468a6a57aff5,c432f64e96352cbe9ffa5a4bcc29030572d22fcbe1e0d46822aab212141ecf2d,40b4330a1751c853a532792b8508d95d706fa4398305e1d2b4e3754f4e674892,0.4928587079048157,0.0331563875079155,0.06615868210792542,93.27263649735849,0.4597023203969002,6.727361473662497,0.9399878034250712,1.5511206681548404,0.15011239202052312,1.0,False,0.9855806231498718,0.9995870590209961,0.0,all_four_full_spatial_windows_common_frames
T04,2,BG6,spatial_E,"[0, 1, 2, 3, 4, 5, 6, 7, 8, 9, 10, 11]",d903059aa96ba77eb520482de8ba587dd64152264e5fd1d689b865151696a421,260fb1a00543646b6668d90726e149da245b8cbb46c19498333fb096d3276c2d,d42fd0835ca1169fdd93186e68af5562f7bd2461ca94639164ad5b5b2b0d06a4,38ad04bc14c2a22e2d4699472849a99e706e5988005381695628468a6a57aff5,c432f64e96352cbe9ffa5a4bcc29030572d22fcbe1e0d46822aab212141ecf2d,40b4330a1751c853a532792b8508d95d706fa4398305e1d2b4e3754f4e674892,0.42714962363243103,0.3515574634075165,0.8525845408439636,17.696880501122656,0.07559216022491455,82.30311715777736,0.992679660063947,1.8165446022684075,0.029072623108182462,1.0,False,0.987723708152771,0.9996649622917175,0.12177816928316043,all_four_full_spatial_windows_common_frames
T04,2,BG6,spatial_EM,"[0, 1, 2, 3, 4, 5, 6, 7, 8, 9, 10, 11, 12, 13, 14, 15, 16, 17, 18, 19, 20, 21, 22, 23]",d903059aa96ba77eb520482de8ba587dd64152264e5fd1d689b865151696a421,260fb1a00543646b6668d90726e149da245b8cbb46c19498333fb096d3276c2d,d42fd0835ca1169fdd93186e68af5562f7bd2461ca94639164ad5b5b2b0d06a4,38ad04bc14c2a22e2d4699472849a99e706e5988005381695628468a6a57aff5,c432f64e96352cbe9ffa5a4bcc29030572d22fcbe1e0d46822aab212141ecf2d,40b4330a1751c853a532792b8508d95d706fa4398305e1d2b4e3754f4e674892,0.42714962363243103,0.09157100319862366,0.21323423087596893,78.56231025649856,0.3355786204338074,21.437687402401462,0.9512898532480969,1.5793606427849547,0.07046242992403236,1.0,False,0.9849287867546082,0.9995905160903931,0.035403136847289574,all_four_full_spatial_windows_common_frames
T04,2,BG6,spatial_ML,"[12, 13, 14, 15, 16, 17, 18, 19, 20, 21, 22, 23, 24, 25, 26, 27, 28, 29, 30, 31, 32, 33, 34, 35]",d903059aa96ba77eb520482de8ba587dd64152264e5fd1d689b865151696a421,260fb1a00543646b6668d90726e149da245b8cbb46c19498333fb096d3276c2d,d42fd0835ca1169fdd93186e68af5562f7bd2461ca94639164ad5b5b2b0d06a4,38ad04bc14c2a22e2d4699472849a99e706e5988005381695628468a6a57aff5,c432f64e96352cbe9ffa5a4bcc29030572d22fcbe1e0d46822aab212141ecf2d,40b4330a1751c853a532792b8508d95d706fa4398305e1d2b4e3754f4e674892,0.42714962363243103,0.10298468917608261,0.3105272054672241,75.89025225181334,0.3241649344563484,24.109745407086677,0.9891716055275781,1.6297423742514885,0.0325806776445514,1.0,False,0.9873008728027344,0.9996339678764343,0.003996505414056591,all_four_full_spatial_windows_common_frames
T04,2,BG6,spatial_all,"[0, 1, 2, 3, 4, 5, 6, 7, 8, 9, 10, 11, 12, 13, 14, 15, 16, 17, 18, 19, 20, 21, 22, 23, 24, 25, 26, 27, 28, 29, 30, 31, 32, 33, 34, 35]",d903059aa96ba77eb520482de8ba587dd64152264e5fd1d689b865151696a421,260fb1a00543646b6668d90726e149da245b8cbb46c19498333fb096d3276c2d,d42fd0835ca1169fdd93186e68af5562f7bd2461ca94639164ad5b5b2b0d06a4,38ad04bc14c2a22e2d4699472849a99e706e5988005381695628468a6a57aff5,c432f64e96352cbe9ffa5a4bcc29030572d22fcbe1e0d46822aab212141ecf2d,40b4330a1751c853a532792b8508d95d706fa4398305e1d2b4e3754f4e674892,0.42714962363243103,0.04661216586828232,0.08923133462667465,89.08762358710277,0.3805374577641487,10.912374071797244,0.9659714943717332,1.5737154248003014,0.05578078880039596,1.0,False,0.9838109612464905,0.9995724558830261,0.0,all_four_full_spatial_windows_common_frames
T04,2,BG7,spatial_E,"[0, 1, 2, 3, 4, 5, 6, 7, 8, 9, 10, 11]",d903059aa96ba77eb520482de8ba587dd64152264e5fd1d689b865151696a421,260fb1a00543646b6668d90726e149da245b8cbb46c19498333fb096d3276c2d,d42fd0835ca1169fdd93186e68af5562f7bd2461ca94639164ad5b5b2b0d06a4,38ad04bc14c2a22e2d4699472849a99e706e5988005381695628468a6a57aff5,c432f64e96352cbe9ffa5a4bcc29030572d22fcbe1e0d46822aab212141ecf2d,40b4330a1751c853a532792b8508d95d706fa4398305e1d2b4e3754f4e674892,0.08708176016807556,0.14508846402168274,0.12806576490402222,-66.61176471453105,-0.05800670385360718,166.61175323107133,0.9855766378771534,1.586661684030801,-0.01736013658897517,1.0,False,0.9867628216743469,0.9996173977851868,0.2215348741889937,all_four_full_spatial_windows_common_frames
T04,2,BG7,spatial_EM,"[0, 1, 2, 3, 4, 5, 6, 7, 8, 9, 10, 11, 12, 13, 14, 15, 16, 17, 18, 19, 20, 21, 22, 23]",d903059aa96ba77eb520482de8ba587dd64152264e5fd1d689b865151696a421,260fb1a00543646b6668d90726e149da245b8cbb46c19498333fb096d3276c2d,d42fd0835ca1169fdd93186e68af5562f7bd2461ca94639164ad5b5b2b0d06a4,38ad04bc14c2a22e2d4699472849a99e706e5988005381695628468a6a57aff5,c432f64e96352cbe9ffa5a4bcc29030572d22fcbe1e0d46822aab212141ecf2d,40b4330a1751c853a532792b8508d95d706fa4398305e1d2b4e3754f4e674892,0.08708176016807556,0.12684020400047302,0.3143879175186157,-45.656448824662306,-0.03975844383239746,145.6564373412026,0.994654424325413,1.6036822436371907,-0.026437923037234468,1.0,False,0.9849987626075745,0.9995864033699036,0.03619031221928459,all_four_full_spatial_windows_common_frames
T04,2,BG7,spatial_ML,"[12, 13, 14, 15, 16, 17, 18, 19, 20, 21, 22, 23, 24, 25, 26, 27, 28, 29, 30, 31, 32, 33, 34, 35]",d903059aa96ba77eb520482de8ba587dd64152264e5fd1d689b865151696a421,260fb1a00543646b6668d90726e149da245b8cbb46c19498333fb096d3276c2d,d42fd0835ca1169fdd93186e68af5562f7bd2461ca94639164ad5b5b2b0d06a4,38ad04bc14c2a22e2d4699472849a99e706e5988005381695628468a6a57aff5,c432f64e96352cbe9ffa5a4bcc29030572d22fcbe1e0d46822aab212141ecf2d,40b4330a1751c853a532792b8508d95d706fa4398305e1d2b4e3754f4e674892,0.08708176016807556,0.05498543381690979,0.066009022295475,36.85768707872728,0.03209632635116577,63.142301437813,0.9733339407551881,1.5294547729930958,-0.005117439467009706,1.0,False,0.985539436340332,0.9995712041854858,0.0033028870096778757,all_four_full_spatial_windows_common_frames
T04,2,BG7,spatial_all,"[0, 1, 2, 3, 4, 5, 6, 7, 8, 9, 10, 11, 12, 13, 14, 15, 16, 17, 18, 19, 20, 21, 22, 23, 24, 25, 26, 27, 28, 29, 30, 31, 32, 33, 34, 35]",d903059aa96ba77eb520482de8ba587dd64152264e5fd1d689b865151696a421,260fb1a00543646b6668d90726e149da245b8cbb46c19498333fb096d3276c2d,d42fd0835ca1169fdd93186e68af5562f7bd2461ca94639164ad5b5b2b0d06a4,38ad04bc14c2a22e2d4699472849a99e706e5988005381695628468a6a57aff5,c432f64e96352cbe9ffa5a4bcc29030572d22fcbe1e0d46822aab212141ecf2d,40b4330a1751c853a532792b8508d95d706fa4398305e1d2b4e3754f4e674892,0.08708176016807556,0.0532168447971344,0.10904723405838013,38.88863915556478,0.03386491537094116,61.1113493609755,0.9679579322827736,1.5399710321852933,0.00025856900540474625,1.0,False,0.9835508465766907,0.9995466470718384,0.0,all_four_full_spatial_windows_common_frames
T04,2,BG8,spatial_E,"[0, 1, 2, 3, 4, 5, 6, 7, 8, 9, 10, 11]",d903059aa96ba77eb520482de8ba587dd64152264e5fd1d689b865151696a421,260fb1a00543646b6668d90726e149da245b8cbb46c19498333fb096d3276c2d,d42fd0835ca1169fdd93186e68af5562f7bd2461ca94639164ad5b5b2b0d06a4,38ad04bc14c2a22e2d4699472849a99e706e5988005381695628468a6a57aff5,c432f64e96352cbe9ffa5a4bcc29030572d22fcbe1e0d46822aab212141ecf2d,40b4330a1751c853a532792b8508d95d706fa4398305e1d2b4e3754f4e674892,0.14074046909809113,0.23653359711170197,0.291801393032074,-68.0636648585276,-0.09579312801361084,168.06365775325125,1.035981712359516,1.767862939323508,-0.02056484492659206,1.0,False,0.9881834387779236,0.99964439868927,0.1927967081295252,all_four_full_spatial_windows_common_frames
T04,2,BG8,spatial_EM,"[0, 1, 2, 3, 4, 5, 6, 7, 8, 9, 10, 11, 12, 13, 14, 15, 16, 17, 18, 19, 20, 21, 22, 23]",d903059aa96ba77eb520482de8ba587dd64152264e5fd1d689b865151696a421,260fb1a00543646b6668d90726e149da245b8cbb46c19498333fb096d3276c2d,d42fd0835ca1169fdd93186e68af5562f7bd2461ca94639164ad5b5b2b0d06a4,38ad04bc14c2a22e2d4699472849a99e706e5988005381695628468a6a57aff5,c432f64e96352cbe9ffa5a4bcc29030572d22fcbe1e0d46822aab212141ecf2d,40b4330a1751c853a532792b8508d95d706fa4398305e1d2b4e3754f4e674892,0.14074046909809113,0.10058848559856415,0.19390928745269775,28.529093944281993,0.04015198349952698,71.47089895044165,0.975295648445084,1.5911029732687787,0.04012121898784012,1.0,False,0.9862348437309265,0.9995933771133423,0.03353052333954278,all_four_full_spatial_windows_common_frames
T04,2,BG8,spatial_ML,"[12, 13, 14, 15, 16, 17, 18, 19, 20, 21, 22, 23, 24, 25, 26, 27, 28, 29, 30, 31, 32, 33, 34, 35]",d903059aa96ba77eb520482de8ba587dd64152264e5fd1d689b865151696a421,260fb1a00543646b6668d90726e149da245b8cbb46c19498333fb096d3276c2d,d42fd0835ca1169fdd93186e68af5562f7bd2461ca94639164ad5b5b2b0d06a4,38ad04bc14c2a22e2d4699472849a99e706e5988005381695628468a6a57aff5,c432f64e96352cbe9ffa5a4bcc29030572d22fcbe1e0d46822aab212141ecf2d,40b4330a1751c853a532792b8508d95d706fa4398305e1d2b4e3754f4e674892,0.14074046909809113,0.04319997504353523,0.12506979703903198,69.30521672203037,0.09754049405455589,30.694776172693274,0.9539126078563054,1.5948571578586483,0.0615042595766187,1.0,False,0.9840114712715149,0.999537467956543,0.008745805480911483,all_four_full_spatial_windows_common_frames
T04,2,BG8,spatial_all,"[0, 1, 2, 3, 4, 5, 6, 7, 8, 9, 10, 11, 12, 13, 14, 15, 16, 17, 18, 19, 20, 21, 22, 23, 24, 25, 26, 27, 28, 29, 30, 31, 32, 33, 34, 35]",d903059aa96ba77eb520482de8ba587dd64152264e5fd1d689b865151696a421,260fb1a00543646b6668d90726e149da245b8cbb46c19498333fb096d3276c2d,d42fd0835ca1169fdd93186e68af5562f7bd2461ca94639164ad5b5b2b0d06a4,38ad04bc14c2a22e2d4699472849a99e706e5988005381695628468a6a57aff5,c432f64e96352cbe9ffa5a4bcc29030572d22fcbe1e0d46822aab212141ecf2d,40b4330a1751c853a532792b8508d95d706fa4398305e1d2b4e3754f4e674892,0.14074046909809113,0.03560730069875717,0.06628674268722534,74.70002168037233,0.10513316839933395,25.299971214351306,0.9514138843298202,1.5885618366360728,0.06400298310310391,1.0,False,0.9842419028282166,0.9995392560958862,0.0,all_four_full_spatial_windows_common_frames
T04,2,BG9,spatial_E,"[0, 1, 2, 3, 4, 5, 6, 7, 8, 9, 10, 11]",d903059aa96ba77eb520482de8ba587dd64152264e5fd1d689b865151696a421,260fb1a00543646b6668d90726e149da245b8cbb46c19498333fb096d3276c2d,d42fd0835ca1169fdd93186e68af5562f7bd2461ca94639164ad5b5b2b0d06a4,38ad04bc14c2a22e2d4699472849a99e706e5988005381695628468a6a57aff5,c432f64e96352cbe9ffa5a4bcc29030572d22fcbe1e0d46822aab212141ecf2d,40b4330a1751c853a532792b8508d95d706fa4398305e1d2b4e3754f4e674892,0.3658498227596283,0.35446593165397644,0.7134486436843872,3.1116294409054257,0.011383891105651855,96.88836782573266,1.1079469473247276,1.8136574639408738,-0.008692799621752177,1.0,False,0.9892781972885132,0.9996490478515625,0.16486015370474755,all_four_full_spatial_windows_common_frames
T04,2,BG9,spatial_EM,"[0, 1, 2, 3, 4, 5, 6, 7, 8, 9, 10, 11, 12, 13, 14, 15, 16, 17, 18, 19, 20, 21, 22, 23]",d903059aa96ba77eb520482de8ba587dd64152264e5fd1d689b865151696a421,260fb1a00543646b6668d90726e149da245b8cbb46c19498333fb096d3276c2d,d42fd0835ca1169fdd93186e68af5562f7bd2461ca94639164ad5b5b2b0d06a4,38ad04bc14c2a22e2d4699472849a99e706e5988005381695628468a6a57aff5,c432f64e96352cbe9ffa5a4bcc29030572d22fcbe1e0d46822aab212141ecf2d,40b4330a1751c853a532792b8508d95d706fa4398305e1d2b4e3754f4e674892,0.3658498227596283,0.06251798570156097,0.027013907209038734,82.91156914573835,0.3033318370580673,17.088428120899735,0.984613556907532,1.5909285827293078,0.1146405907954436,1.0,False,0.9867089986801147,0.9996045231819153,0.03184362194608169,all_four_full_spatial_windows_common_frames
T04,2,BG9,spatial_ML,"[12, 13, 14, 15, 16, 17, 18, 19, 20, 21, 22, 23, 24, 25, 26, 27, 28, 29, 30, 31, 32, 33, 34, 35]",d903059aa96ba77eb520482de8ba587dd64152264e5fd1d689b865151696a421,260fb1a00543646b6668d90726e149da245b8cbb46c19498333fb096d3276c2d,d42fd0835ca1169fdd93186e68af5562f7bd2461ca94639164ad5b5b2b0d06a4,38ad04bc14c2a22e2d4699472849a99e706e5988005381695628468a6a57aff5,c432f64e96352cbe9ffa5a4bcc29030572d22fcbe1e0d46822aab212141ecf2d,40b4330a1751c853a532792b8508d95d706fa4398305e1d2b4e3754f4e674892,0.3658498227596283,0.15448972582817078,0.2923281788825989,57.7723639606871,0.21136009693145752,42.22763330595099,0.9593236180706887,1.574536969786181,0.13993052963228664,1.0,False,0.9881070852279663,0.9996175765991211,0.008668294781556818,all_four_full_spatial_windows_common_frames
T04,2,BG9,spatial_all,"[0, 1, 2, 3, 4, 5, 6, 7, 8, 9, 10, 11, 12, 13, 14, 15, 16, 17, 18, 19, 20, 21, 22, 23, 24, 25, 26, 27, 28, 29, 30, 31, 32, 33, 34, 35]",d903059aa96ba77eb520482de8ba587dd64152264e5fd1d689b865151696a421,260fb1a00543646b6668d90726e149da245b8cbb46c19498333fb096d3276c2d,d42fd0835ca1169fdd93186e68af5562f7bd2461ca94639164ad5b5b2b0d06a4,38ad04bc14c2a22e2d4699472849a99e706e5988005381695628468a6a57aff5,c432f64e96352cbe9ffa5a4bcc29030572d22fcbe1e0d46822aab212141ecf2d,40b4330a1751c853a532792b8508d95d706fa4398305e1d2b4e3754f4e674892,0.3658498227596283,0.04467436671257019,0.06720481067895889,87.78887600533022,0.3211754560470581,12.211121261307852,0.9400145703241952,1.5342896307633855,0.15923957737878033,1.0,False,0.9860551953315735,0.9995816946029663,0.0,all_four_full_spatial_windows_common_frames
T04,2,BG10,spatial_E,"[0, 1, 2, 3, 4, 5, 6, 7, 8, 9, 10, 11]",d903059aa96ba77eb520482de8ba587dd64152264e5fd1d689b865151696a421,260fb1a00543646b6668d90726e149da245b8cbb46c19498333fb096d3276c2d,d42fd0835ca1169fdd93186e68af5562f7bd2461ca94639164ad5b5b2b0d06a4,38ad04bc14c2a22e2d4699472849a99e706e5988005381695628468a6a57aff5,c432f64e96352cbe9ffa5a4bcc29030572d22fcbe1e0d46822aab212141ecf2d,40b4330a1751c853a532792b8508d95d706fa4398305e1d2b4e3754f4e674892,0.17289504408836365,0.19873937964439392,0.28335636854171753,-14.947990092777138,-0.025844335556030273,114.9479843089217,0.9333918080876027,1.5319639351870358,-0.008187793155444167,1.0,False,0.9794535040855408,0.9994007349014282,0.13813268665485884,all_four_full_spatial_windows_common_frames
T04,2,BG10,spatial_EM,"[0, 1, 2, 3, 4, 5, 6, 7, 8, 9, 10, 11, 12, 13, 14, 15, 16, 17, 18, 19, 20, 21, 22, 23]",d903059aa96ba77eb520482de8ba587dd64152264e5fd1d689b865151696a421,260fb1a00543646b6668d90726e149da245b8cbb46c19498333fb096d3276c2d,d42fd0835ca1169fdd93186e68af5562f7bd2461ca94639164ad5b5b2b0d06a4,38ad04bc14c2a22e2d4699472849a99e706e5988005381695628468a6a57aff5,c432f64e96352cbe9ffa5a4bcc29030572d22fcbe1e0d46822aab212141ecf2d,40b4330a1751c853a532792b8508d95d706fa4398305e1d2b4e3754f4e674892,0.17289504408836365,0.10507021844387054,0.21815578639507294,39.228898710907615,0.0678248256444931,60.77109550523694,0.9272076251127406,1.5658797375180968,-0.002003610180582216,1.0,False,0.9801992774009705,0.9994651675224304,0.029786356797283146,all_four_full_spatial_windows_common_frames
T04,2,BG10,spatial_ML,"[12, 13, 14, 15, 16, 17, 18, 19, 20, 21, 22, 23, 24, 25, 26, 27, 28, 29, 30, 31, 32, 33, 34, 35]",d903059aa96ba77eb520482de8ba587dd64152264e5fd1d689b865151696a421,260fb1a00543646b6668d90726e149da245b8cbb46c19498333fb096d3276c2d,d42fd0835ca1169fdd93186e68af5562f7bd2461ca94639164ad5b5b2b0d06a4,38ad04bc14c2a22e2d4699472849a99e706e5988005381695628468a6a57aff5,c432f64e96352cbe9ffa5a4bcc29030572d22fcbe1e0d46822aab212141ecf2d,40b4330a1751c853a532792b8508d95d706fa4398305e1d2b4e3754f4e674892,0.17289504408836365,0.05940454080700874,0.09774280339479446,65.64126653579801,0.1134905032813549,34.358727680346554,0.9172550612595008,1.5287819613008926,0.007948953672657582,1.0,False,0.9797492027282715,0.9994381666183472,0.0056864365840817435,all_four_full_spatial_windows_common_frames
T04,2,BG10,spatial_all,"[0, 1, 2, 3, 4, 5, 6, 7, 8, 9, 10, 11, 12, 13, 14, 15, 16, 17, 18, 19, 20, 21, 22, 23, 24, 25, 26, 27, 28, 29, 30, 31, 32, 33, 34, 35]",d903059aa96ba77eb520482de8ba587dd64152264e5fd1d689b865151696a421,260fb1a00543646b6668d90726e149da245b8cbb46c19498333fb096d3276c2d,d42fd0835ca1169fdd93186e68af5562f7bd2461ca94639164ad5b5b2b0d06a4,38ad04bc14c2a22e2d4699472849a99e706e5988005381695628468a6a57aff5,c432f64e96352cbe9ffa5a4bcc29030572d22fcbe1e0d46822aab212141ecf2d,40b4330a1751c853a532792b8508d95d706fa4398305e1d2b4e3754f4e674892,0.17289504408836365,0.0596797950565815,0.06928873807191849,65.48206345678334,0.11321524903178215,34.51793075936122,0.9218548885090516,1.534814565772388,0.0033491264231069046,1.0,False,0.9785227179527283,0.9994047284126282,0.0,all_four_full_spatial_windows_common_frames
T04,2,BG11,spatial_E,"[0, 1, 2, 3, 4, 5, 6, 7, 8, 9, 10, 11]",d903059aa96ba77eb520482de8ba587dd64152264e5fd1d689b865151696a421,260fb1a00543646b6668d90726e149da245b8cbb46c19498333fb096d3276c2d,d42fd0835ca1169fdd93186e68af5562f7bd2461ca94639164ad5b5b2b0d06a4,38ad04bc14c2a22e2d4699472849a99e706e5988005381695628468a6a57aff5,c432f64e96352cbe9ffa5a4bcc29030572d22fcbe1e0d46822aab212141ecf2d,40b4330a1751c853a532792b8508d95d706fa4398305e1d2b4e3754f4e674892,0.2615026831626892,0.24800722301006317,0.41754257678985596,5.160734671374906,0.013495460152626038,94.8392615045727,0.9732291542818515,1.6281896609481445,-0.004290014240527788,1.0,False,0.9875498414039612,0.999620795249939,0.12324051550588454,all_four_full_spatial_windows_common_frames
T04,2,BG11,spatial_EM,"[0, 1, 2, 3, 4, 5, 6, 7, 8, 9, 10, 11, 12, 13, 14, 15, 16, 17, 18, 19, 20, 21, 22, 23]",d903059aa96ba77eb520482de8ba587dd64152264e5fd1d689b865151696a421,260fb1a00543646b6668d90726e149da245b8cbb46c19498333fb096d3276c2d,d42fd0835ca1169fdd93186e68af5562f7bd2461ca94639164ad5b5b2b0d06a4,38ad04bc14c2a22e2d4699472849a99e706e5988005381695628468a6a57aff5,c432f64e96352cbe9ffa5a4bcc29030572d22fcbe1e0d46822aab212141ecf2d,40b4330a1751c853a532792b8508d95d706fa4398305e1d2b4e3754f4e674892,0.2615026831626892,0.0708560198545456,0.1650700718164444,72.9042829358305,0.19064666330814362,27.095713240117107,0.9426378485526111,1.562280703644887,0.026301291488712398,1.0,False,0.9857543706893921,0.9995871782302856,0.028685973068807432,all_four_full_spatial_windows_common_frames
T04,2,BG11,spatial_ML,"[12, 13, 14, 15, 16, 17, 18, 19, 20, 21, 22, 23, 24, 25, 26, 27, 28, 29, 30, 31, 32, 33, 34, 35]",d903059aa96ba77eb520482de8ba587dd64152264e5fd1d689b865151696a421,260fb1a00543646b6668d90726e149da245b8cbb46c19498333fb096d3276c2d,d42fd0835ca1169fdd93186e68af5562f7bd2461ca94639164ad5b5b2b0d06a4,38ad04bc14c2a22e2d4699472849a99e706e5988005381695628468a6a57aff5,c432f64e96352cbe9ffa5a4bcc29030572d22fcbe1e0d46822aab212141ecf2d,40b4330a1751c853a532792b8508d95d706fa4398305e1d2b4e3754f4e674892,0.2615026831626892,0.041541144251823425,0.07307072728872299,84.1144449606187,0.21996153891086578,15.885551215328917,0.947670522288943,1.5333848636781202,0.021268617752380602,1.0,False,0.9851257801055908,0.9995584487915039,0.004620913488665563,all_four_full_spatial_windows_common_frames
T04,2,BG11,spatial_all,"[0, 1, 2, 3, 4, 5, 6, 7, 8, 9, 10, 11, 12, 13, 14, 15, 16, 17, 18, 19, 20, 21, 22, 23, 24, 25, 26, 27, 28, 29, 30, 31, 32, 33, 34, 35]",d903059aa96ba77eb520482de8ba587dd64152264e5fd1d689b865151696a421,260fb1a00543646b6668d90726e149da245b8cbb46c19498333fb096d3276c2d,d42fd0835ca1169fdd93186e68af5562f7bd2461ca94639164ad5b5b2b0d06a4,38ad04bc14c2a22e2d4699472849a99e706e5988005381695628468a6a57aff5,c432f64e96352cbe9ffa5a4bcc29030572d22fcbe1e0d46822aab212141ecf2d,40b4330a1751c853a532792b8508d95d706fa4398305e1d2b4e3754f4e674892,0.2615026831626892,0.04878092557191849,0.08092544227838516,81.345914651223,0.21272175759077072,18.654081524724607,0.9453627009167336,1.5452942094716928,0.02357643912458994,1.0,False,0.9830002784729004,0.9995177984237671,0.0,all_four_full_spatial_windows_common_frames
T04,2,BG12,spatial_E,"[0, 1, 2, 3, 4, 5, 6, 7, 8, 9, 10, 11]",d903059aa96ba77eb520482de8ba587dd64152264e5fd1d689b865151696a421,260fb1a00543646b6668d90726e149da245b8cbb46c19498333fb096d3276c2d,d42fd0835ca1169fdd93186e68af5562f7bd2461ca94639164ad5b5b2b0d06a4,38ad04bc14c2a22e2d4699472849a99e706e5988005381695628468a6a57aff5,c432f64e96352cbe9ffa5a4bcc29030572d22fcbe1e0d46822aab212141ecf2d,40b4330a1751c853a532792b8508d95d706fa4398305e1d2b4e3754f4e674892,0.13791748881340027,0.1833798885345459,0.46526581048965454,-32.963474622357666,-0.04546239972114563,132.96346737164612,1.0240918549239737,1.7065751270286516,-0.017632701885906953,1.0,False,0.987885057926178,0.9996320009231567,0.1414243538007465,all_four_full_spatial_windows_common_frames
T04,2,BG12,spatial_EM,"[0, 1, 2, 3, 4, 5, 6, 7, 8, 9, 10, 11, 12, 13, 14, 15, 16, 17, 18, 19, 20, 21, 22, 23]",d903059aa96ba77eb520482de8ba587dd64152264e5fd1d689b865151696a421,260fb1a00543646b6668d90726e149da245b8cbb46c19498333fb096d3276c2d,d42fd0835ca1169fdd93186e68af5562f7bd2461ca94639164ad5b5b2b0d06a4,38ad04bc14c2a22e2d4699472849a99e706e5988005381695628468a6a57aff5,c432f64e96352cbe9ffa5a4bcc29030572d22fcbe1e0d46822aab212141ecf2d,40b4330a1751c853a532792b8508d95d706fa4398305e1d2b4e3754f4e674892,0.13791748881340027,0.05396618694067001,0.0253535695374012,60.870667315620885,0.08395130187273026,39.12932543366758,0.9848852141273923,1.6178383629352684,0.02157393891067439,1.0,False,0.988577127456665,0.999670684337616,0.035706001118059244,all_four_full_spatial_windows_common_frames
T04,2,BG12,spatial_ML,"[12, 13, 14, 15, 16, 17, 18, 19, 20, 21, 22, 23, 24, 25, 26, 27, 28, 29, 30, 31, 32, 33, 34, 35]",d903059aa96ba77eb520482de8ba587dd64152264e5fd1d689b865151696a421,260fb1a00543646b6668d90726e149da245b8cbb46c19498333fb096d3276c2d,d42fd0835ca1169fdd93186e68af5562f7bd2461ca94639164ad5b5b2b0d06a4,38ad04bc14c2a22e2d4699472849a99e706e5988005381695628468a6a57aff5,c432f64e96352cbe9ffa5a4bcc29030572d22fcbe1e0d46822aab212141ecf2d,40b4330a1751c853a532792b8508d95d706fa4398305e1d2b4e3754f4e674892,0.13791748881340027,0.039014510810375214,0.04472726583480835,71.71169637932522,0.09890297800302505,28.28829636996325,0.9374629945400249,1.5527406710490042,0.06899615849804178,1.0,False,0.9883373379707336,0.9996588826179504,0.004901987054995751,all_four_full_spatial_windows_common_frames
T04,2,BG12,spatial_all,"[0, 1, 2, 3, 4, 5, 6, 7, 8, 9, 10, 11, 12, 13, 14, 15, 16, 17, 18, 19, 20, 21, 22, 23, 24, 25, 26, 27, 28, 29, 30, 31, 32, 33, 34, 35]",d903059aa96ba77eb520482de8ba587dd64152264e5fd1d689b865151696a421,260fb1a00543646b6668d90726e149da245b8cbb46c19498333fb096d3276c2d,d42fd0835ca1169fdd93186e68af5562f7bd2461ca94639164ad5b5b2b0d06a4,38ad04bc14c2a22e2d4699472849a99e706e5988005381695628468a6a57aff5,c432f64e96352cbe9ffa5a4bcc29030572d22fcbe1e0d46822aab212141ecf2d,40b4330a1751c853a532792b8508d95d706fa4398305e1d2b4e3754f4e674892,0.13791748881340027,0.03361610323190689,0.046947646886110306,75.62592599116894,0.10430138558149338,24.37406675811953,0.9407712517654472,1.5581903491585753,0.06568790127261953,1.0,False,0.9869899153709412,0.9996213912963867,0.0,all_four_full_spatial_windows_common_frames
T04,2,BG13,spatial_E,"[0, 1, 2, 3, 4, 5, 6, 7, 8, 9, 10, 11]",d903059aa96ba77eb520482de8ba587dd64152264e5fd1d689b865151696a421,260fb1a00543646b6668d90726e149da245b8cbb46c19498333fb096d3276c2d,d42fd0835ca1169fdd93186e68af5562f7bd2461ca94639164ad5b5b2b0d06a4,38ad04bc14c2a22e2d4699472849a99e706e5988005381695628468a6a57aff5,c432f64e96352cbe9ffa5a4bcc29030572d22fcbe1e0d46822aab212141ecf2d,40b4330a1751c853a532792b8508d95d706fa4398305e1d2b4e3754f4e674892,0.1764679104089737,0.19231680035591125,0.416727215051651,-8.981173411125901,-0.01584888994693756,108.98116774437356,1.0311501346889105,1.6784452755691044,-0.00970307881920814,1.0,False,0.99114990234375,0.999717116355896,0.12960677524737077,all_four_full_spatial_windows_common_frames
T04,2,BG13,spatial_EM,"[0, 1, 2, 3, 4, 5, 6, 7, 8, 9, 10, 11, 12, 13, 14, 15, 16, 17, 18, 19, 20, 21, 22, 23]",d903059aa96ba77eb520482de8ba587dd64152264e5fd1d689b865151696a421,260fb1a00543646b6668d90726e149da245b8cbb46c19498333fb096d3276c2d,d42fd0835ca1169fdd93186e68af5562f7bd2461ca94639164ad5b5b2b0d06a4,38ad04bc14c2a22e2d4699472849a99e706e5988005381695628468a6a57aff5,c432f64e96352cbe9ffa5a4bcc29030572d22fcbe1e0d46822aab212141ecf2d,40b4330a1751c853a532792b8508d95d706fa4398305e1d2b4e3754f4e674892,0.1764679104089737,0.04777703061699867,0.047629665583372116,72.92593435323947,0.12869087979197502,27.0740599800082,0.9710414274141517,1.5610020815329575,0.05040562845555052,1.0,False,0.991178572177887,0.9997283816337585,0.035311186546557495,all_four_full_spatial_windows_common_frames
T04,2,BG13,spatial_ML,"[12, 13, 14, 15, 16, 17, 18, 19, 20, 21, 22, 23, 24, 25, 26, 27, 28, 29, 30, 31, 32, 33, 34, 35]",d903059aa96ba77eb520482de8ba587dd64152264e5fd1d689b865151696a421,260fb1a00543646b6668d90726e149da245b8cbb46c19498333fb096d3276c2d,d42fd0835ca1169fdd93186e68af5562f7bd2461ca94639164ad5b5b2b0d06a4,38ad04bc14c2a22e2d4699472849a99e706e5988005381695628468a6a57aff5,c432f64e96352cbe9ffa5a4bcc29030572d22fcbe1e0d46822aab212141ecf2d,40b4330a1751c853a532792b8508d95d706fa4398305e1d2b4e3754f4e674892,0.1764679104089737,0.06495457887649536,0.11715477705001831,63.19184318262511,0.11151333153247833,36.808151150622564,0.9412471079334417,1.5406755003556625,0.08019994793626048,1.0,False,0.9896503686904907,0.9996784329414368,0.004276264367797344,all_four_full_spatial_windows_common_frames
T04,2,BG13,spatial_all,"[0, 1, 2, 3, 4, 5, 6, 7, 8, 9, 10, 11, 12, 13, 14, 15, 16, 17, 18, 19, 20, 21, 22, 23, 24, 25, 26, 27, 28, 29, 30, 31, 32, 33, 34, 35]",d903059aa96ba77eb520482de8ba587dd64152264e5fd1d689b865151696a421,260fb1a00543646b6668d90726e149da245b8cbb46c19498333fb096d3276c2d,d42fd0835ca1169fdd93186e68af5562f7bd2461ca94639164ad5b5b2b0d06a4,38ad04bc14c2a22e2d4699472849a99e706e5988005381695628468a6a57aff5,c432f64e96352cbe9ffa5a4bcc29030572d22fcbe1e0d46822aab212141ecf2d,40b4330a1751c853a532792b8508d95d706fa4398305e1d2b4e3754f4e674892,0.1764679104089737,0.042550064623355865,0.08760792762041092,75.88792652809427,0.13391784578561783,24.112067805153398,0.9463933502928705,1.5524941864743353,0.07505370557683154,1.0,False,0.9896042346954346,0.9996787905693054,0.0,all_four_full_spatial_windows_common_frames
T04,2,BG14,spatial_E,"[0, 1, 2, 3, 4, 5, 6, 7, 8, 9, 10, 11]",d903059aa96ba77eb520482de8ba587dd64152264e5fd1d689b865151696a421,260fb1a00543646b6668d90726e149da245b8cbb46c19498333fb096d3276c2d,d42fd0835ca1169fdd93186e68af5562f7bd2461ca94639164ad5b5b2b0d06a4,38ad04bc14c2a22e2d4699472849a99e706e5988005381695628468a6a57aff5,c432f64e96352cbe9ffa5a4bcc29030572d22fcbe1e0d46822aab212141ecf2d,40b4330a1751c853a532792b8508d95d706fa4398305e1d2b4e3754f4e674892,0.14398318529129028,0.20642635226249695,0.22359170019626617,-43.36837145812664,-0.062443166971206665,143.3683645128717,0.9621503483261942,1.5623927915713394,-0.025151000171824457,1.0,False,0.9877985119819641,0.9996064305305481,0.10890388236027626,all_four_full_spatial_windows_common_frames
T04,2,BG14,spatial_EM,"[0, 1, 2, 3, 4, 5, 6, 7, 8, 9, 10, 11, 12, 13, 14, 15, 16, 17, 18, 19, 20, 21, 22, 23]",d903059aa96ba77eb520482de8ba587dd64152264e5fd1d689b865151696a421,260fb1a00543646b6668d90726e149da245b8cbb46c19498333fb096d3276c2d,d42fd0835ca1169fdd93186e68af5562f7bd2461ca94639164ad5b5b2b0d06a4,38ad04bc14c2a22e2d4699472849a99e706e5988005381695628468a6a57aff5,c432f64e96352cbe9ffa5a4bcc29030572d22fcbe1e0d46822aab212141ecf2d,40b4330a1751c853a532792b8508d95d706fa4398305e1d2b4e3754f4e674892,0.14398318529129028,0.04817792773246765,0.06536474823951721,66.53919394204333,0.09580525755882263,33.46079911270173,0.9830215897653712,1.629416532916407,-0.04602224161100167,1.0,False,0.9853649735450745,0.9995830655097961,0.029118684849749173,all_four_full_spatial_windows_common_frames
T04,2,BG14,spatial_ML,"[12, 13, 14, 15, 16, 17, 18, 19, 20, 21, 22, 23, 24, 25, 26, 27, 28, 29, 30, 31, 32, 33, 34, 35]",d903059aa96ba77eb520482de8ba587dd64152264e5fd1d689b865151696a421,260fb1a00543646b6668d90726e149da245b8cbb46c19498333fb096d3276c2d,d42fd0835ca1169fdd93186e68af5562f7bd2461ca94639164ad5b5b2b0d06a4,38ad04bc14c2a22e2d4699472849a99e706e5988005381695628468a6a57aff5,c432f64e96352cbe9ffa5a4bcc29030572d22fcbe1e0d46822aab212141ecf2d,40b4330a1751c853a532792b8508d95d706fa4398305e1d2b4e3754f4e674892,0.14398318529129028,0.04060916602611542,0.21148860454559326,71.79589191366424,0.10337401926517487,28.204101141080812,0.9470139142356067,1.5887087853219992,-0.010014566081237148,1.0,False,0.9842082858085632,0.9995315670967102,0.004971774539644745,all_four_full_spatial_windows_common_frames
T04,2,BG14,spatial_all,"[0, 1, 2, 3, 4, 5, 6, 7, 8, 9, 10, 11, 12, 13, 14, 15, 16, 17, 18, 19, 20, 21, 22, 23, 24, 25, 26, 27, 28, 29, 30, 31, 32, 33, 34, 35]",d903059aa96ba77eb520482de8ba587dd64152264e5fd1d689b865151696a421,260fb1a00543646b6668d90726e149da245b8cbb46c19498333fb096d3276c2d,d42fd0835ca1169fdd93186e68af5562f7bd2461ca94639164ad5b5b2b0d06a4,38ad04bc14c2a22e2d4699472849a99e706e5988005381695628468a6a57aff5,c432f64e96352cbe9ffa5a4bcc29030572d22fcbe1e0d46822aab212141ecf2d,40b4330a1751c853a532792b8508d95d706fa4398305e1d2b4e3754f4e674892,0.14398318529129028,0.022699225693941116,0.004597685299813747,84.23480209060604,0.12128395959734917,15.765190964139007,0.9553351750328775,1.5948567872988393,-0.018335826878507887,1.0,False,0.9841068983078003,0.9995366334915161,0.0,all_four_full_spatial_windows_common_frames
T04,2,BG15,spatial_E,"[0, 1, 2, 3, 4, 5, 6, 7, 8, 9, 10, 11]",d903059aa96ba77eb520482de8ba587dd64152264e5fd1d689b865151696a421,260fb1a00543646b6668d90726e149da245b8cbb46c19498333fb096d3276c2d,d42fd0835ca1169fdd93186e68af5562f7bd2461ca94639164ad5b5b2b0d06a4,38ad04bc14c2a22e2d4699472849a99e706e5988005381695628468a6a57aff5,c432f64e96352cbe9ffa5a4bcc29030572d22fcbe1e0d46822aab212141ecf2d,40b4330a1751c853a532792b8508d95d706fa4398305e1d2b4e3754f4e674892,0.22955353558063507,0.1829063594341278,0.43144655227661133,20.320825813653816,0.04664717614650726,79.6791698300641,1.0305993649138738,1.750421409560036,0.010334118933943924,1.0,False,0.9887345433235168,0.9996407628059387,0.08661461740200176,all_four_full_spatial_windows_common_frames
T04,2,BG15,spatial_EM,"[0, 1, 2, 3, 4, 5, 6, 7, 8, 9, 10, 11, 12, 13, 14, 15, 16, 17, 18, 19, 20, 21, 22, 23]",d903059aa96ba77eb520482de8ba587dd64152264e5fd1d689b865151696a421,260fb1a00543646b6668d90726e149da245b8cbb46c19498333fb096d3276c2d,d42fd0835ca1169fdd93186e68af5562f7bd2461ca94639164ad5b5b2b0d06a4,38ad04bc14c2a22e2d4699472849a99e706e5988005381695628468a6a57aff5,c432f64e96352cbe9ffa5a4bcc29030572d22fcbe1e0d46822aab212141ecf2d,40b4330a1751c853a532792b8508d95d706fa4398305e1d2b4e3754f4e674892,0.22955353558063507,0.0388142354786396,0.008242041803896427,83.0914197467687,0.19073930010199547,16.90857589694922,0.9716676877643662,1.5871915860175914,0.06926579608345143,1.0,False,0.9869791269302368,0.9996148943901062,0.02816269772617897,all_four_full_spatial_windows_common_frames
T04,2,BG15,spatial_ML,"[12, 13, 14, 15, 16, 17, 18, 19, 20, 21, 22, 23, 24, 25, 26, 27, 28, 29, 30, 31, 32, 33, 34, 35]",d903059aa96ba77eb520482de8ba587dd64152264e5fd1d689b865151696a421,260fb1a00543646b6668d90726e149da245b8cbb46c19498333fb096d3276c2d,d42fd0835ca1169fdd93186e68af5562f7bd2461ca94639164ad5b5b2b0d06a4,38ad04bc14c2a22e2d4699472849a99e706e5988005381695628468a6a57aff5,c432f64e96352cbe9ffa5a4bcc29030572d22fcbe1e0d46822aab212141ecf2d,40b4330a1751c853a532792b8508d95d706fa4398305e1d2b4e3754f4e674892,0.22955353558063507,0.04599965363740921,0.0874844491481781,79.96124890118462,0.18355388194322586,20.038746742533302,0.9611093925997979,1.570801781020184,0.07982409124801958,1.0,False,0.9857701063156128,0.9995754361152649,0.002877365079284557,all_four_full_spatial_windows_common_frames
T04,2,BG15,spatial_all,"[0, 1, 2, 3, 4, 5, 6, 7, 8, 9, 10, 11, 12, 13, 14, 15, 16, 17, 18, 19, 20, 21, 22, 23, 24, 25, 26, 27, 28, 29, 30, 31, 32, 33, 34, 35]",d903059aa96ba77eb520482de8ba587dd64152264e5fd1d689b865151696a421,260fb1a00543646b6668d90726e149da245b8cbb46c19498333fb096d3276c2d,d42fd0835ca1169fdd93186e68af5562f7bd2461ca94639164ad5b5b2b0d06a4,38ad04bc14c2a22e2d4699472849a99e706e5988005381695628468a6a57aff5,c432f64e96352cbe9ffa5a4bcc29030572d22fcbe1e0d46822aab212141ecf2d,40b4330a1751c853a532792b8508d95d706fa4398305e1d2b4e3754f4e674892,0.22955353558063507,0.029543694108724594,0.05413370579481125,87.1299290829961,0.20000984147191048,12.870066560721803,0.9609933320103364,1.572194605395663,0.07994015183748103,1.0,False,0.9859198331832886,0.9995778799057007,0.0,all_four_full_spatial_windows_common_frames
T05,0,BG1,spatial_E,"[0, 1, 2, 3, 4, 5, 6, 7, 8, 9, 10, 11]",48c447ae987a7027330935145ad8d9bb90afcdc727ef4e0a7170ae6256961dea,6f2b8b68992bcda36a4d1bed320e0eb9662abd3eb63206bbab87eefdb241ba03,576d0d3a30f3617b0fd9e24a26d20e665da4c28ddd09ab338c552f716abab1fc,38ad04bc14c2a22e2d4699472849a99e706e5988005381695628468a6a57aff5,9874c4ea5ce62ca341f4e1b913a4c40f40ea4bae2e726aa668c93711a160fa83,1d5e2c484b119bc541868bd098751e1a058e288f8784a3ecdf5311a09a502434,0.0537986159324646,0.050063736736774445,0.05120019242167473,6.942331947991918,0.003734879195690155,93.05764946417274,0.7513243305434516,1.8726398786741287,0.014998100584310137,1.0,False,0.9996534585952759,0.9999772906303406,0.020953718696530517,all_four_full_spatial_windows_common_frames
T05,0,BG1,spatial_EM,"[0, 1, 2, 3, 4, 5, 6, 7, 8, 9, 10, 11, 12, 13, 14, 15, 16, 17, 18, 19, 20, 21, 22, 23]",48c447ae987a7027330935145ad8d9bb90afcdc727ef4e0a7170ae6256961dea,6f2b8b68992bcda36a4d1bed320e0eb9662abd3eb63206bbab87eefdb241ba03,576d0d3a30f3617b0fd9e24a26d20e665da4c28ddd09ab338c552f716abab1fc,38ad04bc14c2a22e2d4699472849a99e706e5988005381695628468a6a57aff5,9874c4ea5ce62ca341f4e1b913a4c40f40ea4bae2e726aa668c93711a160fa83,1d5e2c484b119bc541868bd098751e1a058e288f8784a3ecdf5311a09a502434,0.0537986159324646,0.042459048330783844,0.06455649435520172,21.077801533287733,0.011339567601680756,78.92217987887693,0.7605862606558583,1.9032257093409861,0.005736170471903496,1.0,False,0.9996052384376526,0.9999731779098511,0.015129571875706002,all_four_full_spatial_windows_common_frames
T05,0,BG1,spatial_ML,"[12, 13, 14, 15, 16, 17, 18, 19, 20, 21, 22, 23, 24, 25, 26, 27, 28, 29, 30, 31, 32, 33, 34, 35]",48c447ae987a7027330935145ad8d9bb90afcdc727ef4e0a7170ae6256961dea,6f2b8b68992bcda36a4d1bed320e0eb9662abd3eb63206bbab87eefdb241ba03,576d0d3a30f3617b0fd9e24a26d20e665da4c28ddd09ab338c552f716abab1fc,38ad04bc14c2a22e2d4699472849a99e706e5988005381695628468a6a57aff5,9874c4ea5ce62ca341f4e1b913a4c40f40ea4bae2e726aa668c93711a160fa83,1d5e2c484b119bc541868bd098751e1a058e288f8784a3ecdf5311a09a502434,0.0537986159324646,0.05566244199872017,0.104777991771698,-3.46444920098015,-0.0018638260662555695,103.46443061314481,0.7917801838491985,1.9485790835352155,-0.025457752721436733,1.0,False,0.9996115565299988,0.9999750256538391,0.002185324933668803,all_four_full_spatial_windows_common_frames
T05,0,BG1,spatial_all,"[0, 1, 2, 3, 4, 5, 6, 7, 8, 9, 10, 11, 12, 13, 14, 15, 16, 17, 18, 19, 20, 21, 22, 23, 24, 25, 26, 27, 28, 29, 30, 31, 32, 33, 34, 35]",48c447ae987a7027330935145ad8d9bb90afcdc727ef4e0a7170ae6256961dea,6f2b8b68992bcda36a4d1bed320e0eb9662abd3eb63206bbab87eefdb241ba03,576d0d3a30f3617b0fd9e24a26d20e665da4c28ddd09ab338c552f716abab1fc,38ad04bc14c2a22e2d4699472849a99e706e5988005381695628468a6a57aff5,9874c4ea5ce62ca341f4e1b913a4c40f40ea4bae2e726aa668c93711a160fa83,1d5e2c484b119bc541868bd098751e1a058e288f8784a3ecdf5311a09a502434,0.0537986159324646,0.04674965515732765,0.07166098058223724,13.10249221603869,0.007048960775136948,86.89748919612597,0.7863376912359079,1.926370853335005,-0.020015260108146152,1.0,False,0.999618411064148,0.9999755620956421,0.0,all_four_full_spatial_windows_common_frames
T05,0,BG2,spatial_E,"[0, 1, 2, 3, 4, 5, 6, 7, 8, 9, 10, 11]",48c447ae987a7027330935145ad8d9bb90afcdc727ef4e0a7170ae6256961dea,6f2b8b68992bcda36a4d1bed320e0eb9662abd3eb63206bbab87eefdb241ba03,576d0d3a30f3617b0fd9e24a26d20e665da4c28ddd09ab338c552f716abab1fc,38ad04bc14c2a22e2d4699472849a99e706e5988005381695628468a6a57aff5,9874c4ea5ce62ca341f4e1b913a4c40f40ea4bae2e726aa668c93711a160fa83,1d5e2c484b119bc541868bd098751e1a058e288f8784a3ecdf5311a09a502434,0.11182012408971786,0.10816599428653717,0.03702088072896004,3.267863907450547,0.0036541298031806946,96.73212714961616,0.7327265566896299,1.8445565930503323,0.002097340450780518,1.0,False,0.999650239944458,0.9999748468399048,0.04137668906672662,all_four_full_spatial_windows_common_frames
T05,0,BG2,spatial_EM,"[0, 1, 2, 3, 4, 5, 6, 7, 8, 9, 10, 11, 12, 13, 14, 15, 16, 17, 18, 19, 20, 21, 22, 23]",48c447ae987a7027330935145ad8d9bb90afcdc727ef4e0a7170ae6256961dea,6f2b8b68992bcda36a4d1bed320e0eb9662abd3eb63206bbab87eefdb241ba03,576d0d3a30f3617b0fd9e24a26d20e665da4c28ddd09ab338c552f716abab1fc,38ad04bc14c2a22e2d4699472849a99e706e5988005381695628468a6a57aff5,9874c4ea5ce62ca341f4e1b913a4c40f40ea4bae2e726aa668c93711a160fa83,1d5e2c484b119bc541868bd098751e1a058e288f8784a3ecdf5311a09a502434,0.11182012408971786,0.04464181512594223,0.06200164556503296,60.07711358124086,0.06717830896377563,39.92287747582585,0.7762105259165875,1.913810449372406,-0.04138662877617715,1.0,False,0.9996077418327332,0.9999744296073914,0.015244710888286732,all_four_full_spatial_windows_common_frames
T05,0,BG2,spatial_ML,"[12, 13, 14, 15, 16, 17, 18, 19, 20, 21, 22, 23, 24, 25, 26, 27, 28, 29, 30, 31, 32, 33, 34, 35]",48c447ae987a7027330935145ad8d9bb90afcdc727ef4e0a7170ae6256961dea,6f2b8b68992bcda36a4d1bed320e0eb9662abd3eb63206bbab87eefdb241ba03,576d0d3a30f3617b0fd9e24a26d20e665da4c28ddd09ab338c552f716abab1fc,38ad04bc14c2a22e2d4699472849a99e706e5988005381695628468a6a57aff5,9874c4ea5ce62ca341f4e1b913a4c40f40ea4bae2e726aa668c93711a160fa83,1d5e2c484b119bc541868bd098751e1a058e288f8784a3ecdf5311a09a502434,0.11182012408971786,0.04984094202518463,0.13453106582164764,55.42756907696498,0.061979182064533234,44.57242198010173,0.8003271745674512,1.9882845568688343,-0.06550327742704075,1.0,False,0.9995380640029907,0.9999719858169556,0.002774571759588571,all_four_full_spatial_windows_common_frames
T05,0,BG2,spatial_all,"[0, 1, 2, 3, 4, 5, 6, 7, 8, 9, 10, 11, 12, 13, 14, 15, 16, 17, 18, 19, 20, 21, 22, 23, 24, 25, 26, 27, 28, 29, 30, 31, 32, 33, 34, 35]",48c447ae987a7027330935145ad8d9bb90afcdc727ef4e0a7170ae6256961dea,6f2b8b68992bcda36a4d1bed320e0eb9662abd3eb63206bbab87eefdb241ba03,576d0d3a30f3617b0fd9e24a26d20e665da4c28ddd09ab338c552f716abab1fc,38ad04bc14c2a22e2d4699472849a99e706e5988005381695628468a6a57aff5,9874c4ea5ce62ca341f4e1b913a4c40f40ea4bae2e726aa668c93711a160fa83,1d5e2c484b119bc541868bd098751e1a058e288f8784a3ecdf5311a09a502434,0.11182012408971786,0.048828210681676865,0.08726303279399872,56.33324796185632,0.062991913408041,43.666743095210386,0.7996974114647915,1.9456897094311036,-0.06487351432438104,1.0,False,0.9995688796043396,0.999972939491272,0.0,all_four_full_spatial_windows_common_frames
T05,0,BG3,spatial_E,"[0, 1, 2, 3, 4, 5, 6, 7, 8, 9, 10, 11]",48c447ae987a7027330935145ad8d9bb90afcdc727ef4e0a7170ae6256961dea,6f2b8b68992bcda36a4d1bed320e0eb9662abd3eb63206bbab87eefdb241ba03,576d0d3a30f3617b0fd9e24a26d20e665da4c28ddd09ab338c552f716abab1fc,38ad04bc14c2a22e2d4699472849a99e706e5988005381695628468a6a57aff5,9874c4ea5ce62ca341f4e1b913a4c40f40ea4bae2e726aa668c93711a160fa83,1d5e2c484b119bc541868bd098751e1a058e288f8784a3ecdf5311a09a502434,0.11615358293056488,0.09062185138463974,0.30649349093437195,21.981008853671604,0.02553173154592514,78.01898253703811,0.8237902240770394,2.1117766879925357,0.015150200528262584,1.0,False,0.9996016621589661,0.9999735951423645,0.022113013566176717,all_four_full_spatial_windows_common_frames
T05,0,BG3,spatial_EM,"[0, 1, 2, 3, 4, 5, 6, 7, 8, 9, 10, 11, 12, 13, 14, 15, 16, 17, 18, 19, 20, 21, 22, 23]",48c447ae987a7027330935145ad8d9bb90afcdc727ef4e0a7170ae6256961dea,6f2b8b68992bcda36a4d1bed320e0eb9662abd3eb63206bbab87eefdb241ba03,576d0d3a30f3617b0fd9e24a26d20e665da4c28ddd09ab338c552f716abab1fc,38ad04bc14c2a22e2d4699472849a99e706e5988005381695628468a6a57aff5,9874c4ea5ce62ca341f4e1b913a4c40f40ea4bae2e726aa668c93711a160fa83,1d5e2c484b119bc541868bd098751e1a058e288f8784a3ecdf5311a09a502434,0.11615358293056488,0.0363178588449955,0.05433420091867447,68.73289243260358,0.07983572408556938,31.267098958106143,0.7707717982936743,1.9072904982066932,0.0681686263116277,1.0,False,0.9995341300964355,0.9999734163284302,0.012983862472555223,all_four_full_spatial_windows_common_frames
T05,0,BG3,spatial_ML,"[12, 13, 14, 15, 16, 17, 18, 19, 20, 21, 22, 23, 24, 25, 26, 27, 28, 29, 30, 31, 32, 33, 34, 35]",48c447ae987a7027330935145ad8d9bb90afcdc727ef4e0a7170ae6256961dea,6f2b8b68992bcda36a4d1bed320e0eb9662abd3eb63206bbab87eefdb241ba03,576d0d3a30f3617b0fd9e24a26d20e665da4c28ddd09ab338c552f716abab1fc,38ad04bc14c2a22e2d4699472849a99e706e5988005381695628468a6a57aff5,9874c4ea5ce62ca341f4e1b913a4c40f40ea4bae2e726aa668c93711a160fa83,1d5e2c484b119bc541868bd098751e1a058e288f8784a3ecdf5311a09a502434,0.11615358293056488,0.034786440432071686,0.04490015655755997,70.05133500014367,0.0813671424984932,29.948656390566043,0.7860238727277323,1.9008995779843314,0.05291655187756972,1.0,False,0.9995251893997192,0.999973475933075,0.0022293693713900213,all_four_full_spatial_windows_common_frames
T05,0,BG3,spatial_all,"[0, 1, 2, 3, 4, 5, 6, 7, 8, 9, 10, 11, 12, 13, 14, 15, 16, 17, 18, 19, 20, 21, 22, 23, 24, 25, 26, 27, 28, 29, 30, 31, 32, 33, 34, 35]",48c447ae987a7027330935145ad8d9bb90afcdc727ef4e0a7170ae6256961dea,6f2b8b68992bcda36a4d1bed320e0eb9662abd3eb63206bbab87eefdb241ba03,576d0d3a30f3617b0fd9e24a26d20e665da4c28ddd09ab338c552f716abab1fc,38ad04bc14c2a22e2d4699472849a99e706e5988005381695628468a6a57aff5,9874c4ea5ce62ca341f4e1b913a4c40f40ea4bae2e726aa668c93711a160fa83,1d5e2c484b119bc541868bd098751e1a058e288f8784a3ecdf5311a09a502434,0.11615358293056488,0.02497224137187004,0.02583245001733303,78.50066386943524,0.09118134155869484,21.49932752127446,0.7770639657426471,1.845780366226318,0.06187645886265476,1.0,False,0.9995231628417969,0.9999720454216003,0.0,all_four_full_spatial_windows_common_frames
T05,0,BG4,spatial_E,"[0, 1, 2, 3, 4, 5, 6, 7, 8, 9, 10, 11]",48c447ae987a7027330935145ad8d9bb90afcdc727ef4e0a7170ae6256961dea,6f2b8b68992bcda36a4d1bed320e0eb9662abd3eb63206bbab87eefdb241ba03,576d0d3a30f3617b0fd9e24a26d20e665da4c28ddd09ab338c552f716abab1fc,38ad04bc14c2a22e2d4699472849a99e706e5988005381695628468a6a57aff5,9874c4ea5ce62ca341f4e1b913a4c40f40ea4bae2e726aa668c93711a160fa83,1d5e2c484b119bc541868bd098751e1a058e288f8784a3ecdf5311a09a502434,0.11133556067943573,0.07824490964412689,0.1372736096382141,29.721544366611717,0.03309065103530884,70.27844665153286,0.7995477262684819,1.9444335360514655,0.014745778890719374,1.0,False,0.9995318651199341,0.9999703168869019,0.05199140432712875,all_four_full_spatial_windows_common_frames
T05,0,BG4,spatial_EM,"[0, 1, 2, 3, 4, 5, 6, 7, 8, 9, 10, 11, 12, 13, 14, 15, 16, 17, 18, 19, 20, 21, 22, 23]",48c447ae987a7027330935145ad8d9bb90afcdc727ef4e0a7170ae6256961dea,6f2b8b68992bcda36a4d1bed320e0eb9662abd3eb63206bbab87eefdb241ba03,576d0d3a30f3617b0fd9e24a26d20e665da4c28ddd09ab338c552f716abab1fc,38ad04bc14c2a22e2d4699472849a99e706e5988005381695628468a6a57aff5,9874c4ea5ce62ca341f4e1b913a4c40f40ea4bae2e726aa668c93711a160fa83,1d5e2c484b119bc541868bd098751e1a058e288f8784a3ecdf5311a09a502434,0.11133556067943573,0.03457586467266083,0.0609634593129158,68.94444923427588,0.0767596960067749,31.055541783868698,0.7783220194408855,1.9006726328262349,0.03597148571831572,1.0,False,0.9995917677879333,0.9999743700027466,0.013749775272329644,all_four_full_spatial_windows_common_frames
T05,0,BG4,spatial_ML,"[12, 13, 14, 15, 16, 17, 18, 19, 20, 21, 22, 23, 24, 25, 26, 27, 28, 29, 30, 31, 32, 33, 34, 35]",48c447ae987a7027330935145ad8d9bb90afcdc727ef4e0a7170ae6256961dea,6f2b8b68992bcda36a4d1bed320e0eb9662abd3eb63206bbab87eefdb241ba03,576d0d3a30f3617b0fd9e24a26d20e665da4c28ddd09ab338c552f716abab1fc,38ad04bc14c2a22e2d4699472849a99e706e5988005381695628468a6a57aff5,9874c4ea5ce62ca341f4e1b913a4c40f40ea4bae2e726aa668c93711a160fa83,1d5e2c484b119bc541868bd098751e1a058e288f8784a3ecdf5311a09a502434,0.11133556067943573,0.05311594530940056,0.0675351470708847,52.29201684128848,0.05821961537003517,47.70797417685609,0.7938935739035926,1.9155833431712628,0.0203999312556086,1.0,False,0.9995773434638977,0.9999728202819824,0.0028431254659634273,all_four_full_spatial_windows_common_frames
T05,0,BG4,spatial_all,"[0, 1, 2, 3, 4, 5, 6, 7, 8, 9, 10, 11, 12, 13, 14, 15, 16, 17, 18, 19, 20, 21, 22, 23, 24, 25, 26, 27, 28, 29, 30, 31, 32, 33, 34, 35]",48c447ae987a7027330935145ad8d9bb90afcdc727ef4e0a7170ae6256961dea,6f2b8b68992bcda36a4d1bed320e0eb9662abd3eb63206bbab87eefdb241ba03,576d0d3a30f3617b0fd9e24a26d20e665da4c28ddd09ab338c552f716abab1fc,38ad04bc14c2a22e2d4699472849a99e706e5988005381695628468a6a57aff5,9874c4ea5ce62ca341f4e1b913a4c40f40ea4bae2e726aa668c93711a160fa83,1d5e2c484b119bc541868bd098751e1a058e288f8784a3ecdf5311a09a502434,0.11133556067943573,0.033695802092552185,0.009289432317018509,69.73490872061791,0.07763975858688354,30.26508229752666,0.7851488765735855,1.8653594661914303,0.02914462858561595,1.0,False,0.9995686411857605,0.999972939491272,0.0,all_four_full_spatial_windows_common_frames
T05,0,BG5,spatial_E,"[0, 1, 2, 3, 4, 5, 6, 7, 8, 9, 10, 11]",48c447ae987a7027330935145ad8d9bb90afcdc727ef4e0a7170ae6256961dea,6f2b8b68992bcda36a4d1bed320e0eb9662abd3eb63206bbab87eefdb241ba03,576d0d3a30f3617b0fd9e24a26d20e665da4c28ddd09ab338c552f716abab1fc,38ad04bc14c2a22e2d4699472849a99e706e5988005381695628468a6a57aff5,9874c4ea5ce62ca341f4e1b913a4c40f40ea4bae2e726aa668c93711a160fa83,1d5e2c484b119bc541868bd098751e1a058e288f8784a3ecdf5311a09a502434,0.11118993908166885,0.08554863184690475,0.07233373075723648,23.060813901381138,0.0256413072347641,76.93917710500021,0.7496229552171024,1.9265668251168429,0.08281880444963997,1.0,False,0.9997482895851135,0.999983012676239,0.1444319249349811,all_four_full_spatial_windows_common_frames
T05,0,BG5,spatial_EM,"[0, 1, 2, 3, 4, 5, 6, 7, 8, 9, 10, 11, 12, 13, 14, 15, 16, 17, 18, 19, 20, 21, 22, 23]",48c447ae987a7027330935145ad8d9bb90afcdc727ef4e0a7170ae6256961dea,6f2b8b68992bcda36a4d1bed320e0eb9662abd3eb63206bbab87eefdb241ba03,576d0d3a30f3617b0fd9e24a26d20e665da4c28ddd09ab338c552f716abab1fc,38ad04bc14c2a22e2d4699472849a99e706e5988005381695628468a6a57aff5,9874c4ea5ce62ca341f4e1b913a4c40f40ea4bae2e726aa668c93711a160fa83,1d5e2c484b119bc541868bd098751e1a058e288f8784a3ecdf5311a09a502434,0.11118993908166885,0.07802169024944305,0.14949430525302887,29.830258135889398,0.0331682488322258,70.16973287049196,0.8040367149207954,2.007117800672209,0.02840504474594686,1.0,False,0.9997285008430481,0.9999803304672241,0.02825067259649734,all_four_full_spatial_windows_common_frames
T05,0,BG5,spatial_ML,"[12, 13, 14, 15, 16, 17, 18, 19, 20, 21, 22, 23, 24, 25, 26, 27, 28, 29, 30, 31, 32, 33, 34, 35]",48c447ae987a7027330935145ad8d9bb90afcdc727ef4e0a7170ae6256961dea,6f2b8b68992bcda36a4d1bed320e0eb9662abd3eb63206bbab87eefdb241ba03,576d0d3a30f3617b0fd9e24a26d20e665da4c28ddd09ab338c552f716abab1fc,38ad04bc14c2a22e2d4699472849a99e706e5988005381695628468a6a57aff5,9874c4ea5ce62ca341f4e1b913a4c40f40ea4bae2e726aa668c93711a160fa83,1d5e2c484b119bc541868bd098751e1a058e288f8784a3ecdf5311a09a502434,0.11118993908166885,0.09248679131269455,0.1443863958120346,16.82089786302256,0.018703147768974304,83.1790931433588,0.8487076094630822,1.99759294612275,-0.01626584979633979,1.0,False,0.9996981620788574,0.999980092048645,0.0035044458391827486,all_four_full_spatial_windows_common_frames
T05,0,BG5,spatial_all,"[0, 1, 2, 3, 4, 5, 6, 7, 8, 9, 10, 11, 12, 13, 14, 15, 16, 17, 18, 19, 20, 21, 22, 23, 24, 25, 26, 27, 28, 29, 30, 31, 32, 33, 34, 35]",48c447ae987a7027330935145ad8d9bb90afcdc727ef4e0a7170ae6256961dea,6f2b8b68992bcda36a4d1bed320e0eb9662abd3eb63206bbab87eefdb241ba03,576d0d3a30f3617b0fd9e24a26d20e665da4c28ddd09ab338c552f716abab1fc,38ad04bc14c2a22e2d4699472849a99e706e5988005381695628468a6a57aff5,9874c4ea5ce62ca341f4e1b913a4c40f40ea4bae2e726aa668c93711a160fa83,1d5e2c484b119bc541868bd098751e1a058e288f8784a3ecdf5311a09a502434,0.11118993908166885,0.0820431113243103,0.11398296803236008,26.213545377154773,0.02914682775735855,73.78644562922658,0.8297337392841106,1.9346623659823075,0.002708020382631726,1.0,False,0.999683141708374,0.9999796748161316,0.0,all_four_full_spatial_windows_common_frames
T05,0,BG6,spatial_E,"[0, 1, 2, 3, 4, 5, 6, 7, 8, 9, 10, 11]",48c447ae987a7027330935145ad8d9bb90afcdc727ef4e0a7170ae6256961dea,6f2b8b68992bcda36a4d1bed320e0eb9662abd3eb63206bbab87eefdb241ba03,576d0d3a30f3617b0fd9e24a26d20e665da4c28ddd09ab338c552f716abab1fc,38ad04bc14c2a22e2d4699472849a99e706e5988005381695628468a6a57aff5,9874c4ea5ce62ca341f4e1b913a4c40f40ea4bae2e726aa668c93711a160fa83,1d5e2c484b119bc541868bd098751e1a058e288f8784a3ecdf5311a09a502434,0.10951253026723862,0.1336059272289276,0.25922083854675293,-22.00058267564148,-0.024093396961688995,122.00057354426714,0.8675918433546379,2.1028544559926403,-0.018269162810935647,1.0,False,0.9996562004089355,0.9999740719795227,0.11337642384377845,all_four_full_spatial_windows_common_frames
T05,0,BG6,spatial_EM,"[0, 1, 2, 3, 4, 5, 6, 7, 8, 9, 10, 11, 12, 13, 14, 15, 16, 17, 18, 19, 20, 21, 22, 23]",48c447ae987a7027330935145ad8d9bb90afcdc727ef4e0a7170ae6256961dea,6f2b8b68992bcda36a4d1bed320e0eb9662abd3eb63206bbab87eefdb241ba03,576d0d3a30f3617b0fd9e24a26d20e665da4c28ddd09ab338c552f716abab1fc,38ad04bc14c2a22e2d4699472849a99e706e5988005381695628468a6a57aff5,9874c4ea5ce62ca341f4e1b913a4c40f40ea4bae2e726aa668c93711a160fa83,1d5e2c484b119bc541868bd098751e1a058e288f8784a3ecdf5311a09a502434,0.10951253026723862,0.12633994221687317,0.2753361761569977,-15.365739766944827,-0.016827411949634552,115.3657306355705,0.8712063228481088,2.120758142439433,-0.021883642304406703,1.0,False,0.999629020690918,0.9999720454216003,0.02674364894765801,all_four_full_spatial_windows_common_frames
T05,0,BG6,spatial_ML,"[12, 13, 14, 15, 16, 17, 18, 19, 20, 21, 22, 23, 24, 25, 26, 27, 28, 29, 30, 31, 32, 33, 34, 35]",48c447ae987a7027330935145ad8d9bb90afcdc727ef4e0a7170ae6256961dea,6f2b8b68992bcda36a4d1bed320e0eb9662abd3eb63206bbab87eefdb241ba03,576d0d3a30f3617b0fd9e24a26d20e665da4c28ddd09ab338c552f716abab1fc,38ad04bc14c2a22e2d4699472849a99e706e5988005381695628468a6a57aff5,9874c4ea5ce62ca341f4e1b913a4c40f40ea4bae2e726aa668c93711a160fa83,1d5e2c484b119bc541868bd098751e1a058e288f8784a3ecdf5311a09a502434,0.10951253026723862,0.0563223771750927,0.09285146743059158,48.569919903554734,0.05319015309214592,51.43007096507093,0.7942715621355644,1.945334111357963,0.0550511184081377,1.0,False,0.9995924830436707,0.9999723434448242,0.0038744878451549836,all_four_full_spatial_windows_common_frames
T05,0,BG6,spatial_all,"[0, 1, 2, 3, 4, 5, 6, 7, 8, 9, 10, 11, 12, 13, 14, 15, 16, 17, 18, 19, 20, 21, 22, 23, 24, 25, 26, 27, 28, 29, 30, 31, 32, 33, 34, 35]",48c447ae987a7027330935145ad8d9bb90afcdc727ef4e0a7170ae6256961dea,6f2b8b68992bcda36a4d1bed320e0eb9662abd3eb63206bbab87eefdb241ba03,576d0d3a30f3617b0fd9e24a26d20e665da4c28ddd09ab338c552f716abab1fc,38ad04bc14c2a22e2d4699472849a99e706e5988005381695628468a6a57aff5,9874c4ea5ce62ca341f4e1b913a4c40f40ea4bae2e726aa668c93711a160fa83,1d5e2c484b119bc541868bd098751e1a058e288f8784a3ecdf5311a09a502434,0.10951253026723862,0.09496736526489258,0.13483373820781708,13.2817346459612,0.014545165002346039,86.71825622266446,0.8325923365322702,1.9934151762237795,0.016730344011432134,1.0,False,0.9995766282081604,0.9999717473983765,0.0,all_four_full_spatial_windows_common_frames
T05,0,BG7,spatial_E,"[0, 1, 2, 3, 4, 5, 6, 7, 8, 9, 10, 11]",48c447ae987a7027330935145ad8d9bb90afcdc727ef4e0a7170ae6256961dea,6f2b8b68992bcda36a4d1bed320e0eb9662abd3eb63206bbab87eefdb241ba03,576d0d3a30f3617b0fd9e24a26d20e665da4c28ddd09ab338c552f716abab1fc,38ad04bc14c2a22e2d4699472849a99e706e5988005381695628468a6a57aff5,9874c4ea5ce62ca341f4e1b913a4c40f40ea4bae2e726aa668c93711a160fa83,1d5e2c484b119bc541868bd098751e1a058e288f8784a3ecdf5311a09a502434,0.32435697317123413,0.20607438683509827,0.4372231662273407,36.466791983230486,0.11828258633613586,63.53320493374664,0.9087070107696931,2.2369381595295037,0.09225326163667752,1.0,False,0.9994656443595886,0.9999665021896362,0.20305982880586265,all_four_full_spatial_windows_common_frames
T05,0,BG7,spatial_EM,"[0, 1, 2, 3, 4, 5, 6, 7, 8, 9, 10, 11, 12, 13, 14, 15, 16, 17, 18, 19, 20, 21, 22, 23]",48c447ae987a7027330935145ad8d9bb90afcdc727ef4e0a7170ae6256961dea,6f2b8b68992bcda36a4d1bed320e0eb9662abd3eb63206bbab87eefdb241ba03,576d0d3a30f3617b0fd9e24a26d20e665da4c28ddd09ab338c552f716abab1fc,38ad04bc14c2a22e2d4699472849a99e706e5988005381695628468a6a57aff5,9874c4ea5ce62ca341f4e1b913a4c40f40ea4bae2e726aa668c93711a160fa83,1d5e2c484b119bc541868bd098751e1a058e288f8784a3ecdf5311a09a502434,0.32435697317123413,0.13817234337329865,0.1893794983625412,57.401147333906835,0.18618462979793549,42.59884958307029,0.870842017043638,2.036030193381042,0.1301182553627325,1.0,False,0.9995586276054382,0.9999731183052063,0.028191142507943565,all_four_full_spatial_windows_common_frames
T05,0,BG7,spatial_ML,"[12, 13, 14, 15, 16, 17, 18, 19, 20, 21, 22, 23, 24, 25, 26, 27, 28, 29, 30, 31, 32, 33, 34, 35]",48c447ae987a7027330935145ad8d9bb90afcdc727ef4e0a7170ae6256961dea,6f2b8b68992bcda36a4d1bed320e0eb9662abd3eb63206bbab87eefdb241ba03,576d0d3a30f3617b0fd9e24a26d20e665da4c28ddd09ab338c552f716abab1fc,38ad04bc14c2a22e2d4699472849a99e706e5988005381695628468a6a57aff5,9874c4ea5ce62ca341f4e1b913a4c40f40ea4bae2e726aa668c93711a160fa83,1d5e2c484b119bc541868bd098751e1a058e288f8784a3ecdf5311a09a502434,0.32435697317123413,0.14083024859428406,0.162378191947937,56.5817090733215,0.18352672457695007,43.41828784365562,0.8673870619323043,2.020558679888755,0.1335732104740663,1.0,False,0.999541163444519,0.9999704360961914,0.004113022325339973,all_four_full_spatial_windows_common_frames
T05,0,BG7,spatial_all,"[0, 1, 2, 3, 4, 5, 6, 7, 8, 9, 10, 11, 12, 13, 14, 15, 16, 17, 18, 19, 20, 21, 22, 23, 24, 25, 26, 27, 28, 29, 30, 31, 32, 33, 34, 35]",48c447ae987a7027330935145ad8d9bb90afcdc727ef4e0a7170ae6256961dea,6f2b8b68992bcda36a4d1bed320e0eb9662abd3eb63206bbab87eefdb241ba03,576d0d3a30f3617b0fd9e24a26d20e665da4c28ddd09ab338c552f716abab1fc,38ad04bc14c2a22e2d4699472849a99e706e5988005381695628468a6a57aff5,9874c4ea5ce62ca341f4e1b913a4c40f40ea4bae2e726aa668c93711a160fa83,1d5e2c484b119bc541868bd098751e1a058e288f8784a3ecdf5311a09a502434,0.32435697317123413,0.12859083712100983,0.1142955869436264,60.355147632778326,0.1957661360502243,39.6448492841988,0.8627102580765896,1.9725620450550279,0.13825001432978085,1.0,False,0.9995228052139282,0.9999691247940063,0.0,all_four_full_spatial_windows_common_frames
T05,0,BG8,spatial_E,"[0, 1, 2, 3, 4, 5, 6, 7, 8, 9, 10, 11]",48c447ae987a7027330935145ad8d9bb90afcdc727ef4e0a7170ae6256961dea,6f2b8b68992bcda36a4d1bed320e0eb9662abd3eb63206bbab87eefdb241ba03,576d0d3a30f3617b0fd9e24a26d20e665da4c28ddd09ab338c552f716abab1fc,38ad04bc14c2a22e2d4699472849a99e706e5988005381695628468a6a57aff5,9874c4ea5ce62ca341f4e1b913a4c40f40ea4bae2e726aa668c93711a160fa83,1d5e2c484b119bc541868bd098751e1a058e288f8784a3ecdf5311a09a502434,0.5112369060516357,0.2680346965789795,0.702079713344574,47.5713317713724,0.24320220947265625,52.428666272587314,0.861428603431649,2.4549773496545817,0.2745730455728177,1.0,False,0.9997758269309998,0.9999787211418152,0.184880325315662,all_four_full_spatial_windows_common_frames
T05,0,BG8,spatial_EM,"[0, 1, 2, 3, 4, 5, 6, 7, 8, 9, 10, 11, 12, 13, 14, 15, 16, 17, 18, 19, 20, 21, 22, 23]",48c447ae987a7027330935145ad8d9bb90afcdc727ef4e0a7170ae6256961dea,6f2b8b68992bcda36a4d1bed320e0eb9662abd3eb63206bbab87eefdb241ba03,576d0d3a30f3617b0fd9e24a26d20e665da4c28ddd09ab338c552f716abab1fc,38ad04bc14c2a22e2d4699472849a99e706e5988005381695628468a6a57aff5,9874c4ea5ce62ca341f4e1b913a4c40f40ea4bae2e726aa668c93711a160fa83,1d5e2c484b119bc541868bd098751e1a058e288f8784a3ecdf5311a09a502434,0.5112369060516357,0.1142420619726181,0.2059268057346344,77.6537905644749,0.39699484407901764,22.346207479484807,0.8546437298885954,2.032249515034249,0.2813579191158713,1.0,False,0.9995585083961487,0.9999710321426392,0.020266049802715378,all_four_full_spatial_windows_common_frames
T05,0,BG8,spatial_ML,"[12, 13, 14, 15, 16, 17, 18, 19, 20, 21, 22, 23, 24, 25, 26, 27, 28, 29, 30, 31, 32, 33, 34, 35]",48c447ae987a7027330935145ad8d9bb90afcdc727ef4e0a7170ae6256961dea,6f2b8b68992bcda36a4d1bed320e0eb9662abd3eb63206bbab87eefdb241ba03,576d0d3a30f3617b0fd9e24a26d20e665da4c28ddd09ab338c552f716abab1fc,38ad04bc14c2a22e2d4699472849a99e706e5988005381695628468a6a57aff5,9874c4ea5ce62ca341f4e1b913a4c40f40ea4bae2e726aa668c93711a160fa83,1d5e2c484b119bc541868bd098751e1a058e288f8784a3ecdf5311a09a502434,0.5112369060516357,0.37402233481407166,0.6261934638023376,26.83972282308838,0.1372145712375641,73.16027522087133,1.017631168048577,2.415737776844456,0.11837048095588962,1.0,False,0.9996364116668701,0.9999732971191406,0.029378568311641252,all_four_full_spatial_windows_common_frames
T05,0,BG8,spatial_all,"[0, 1, 2, 3, 4, 5, 6, 7, 8, 9, 10, 11, 12, 13, 14, 15, 16, 17, 18, 19, 20, 21, 22, 23, 24, 25, 26, 27, 28, 29, 30, 31, 32, 33, 34, 35]",48c447ae987a7027330935145ad8d9bb90afcdc727ef4e0a7170ae6256961dea,6f2b8b68992bcda36a4d1bed320e0eb9662abd3eb63206bbab87eefdb241ba03,576d0d3a30f3617b0fd9e24a26d20e665da4c28ddd09ab338c552f716abab1fc,38ad04bc14c2a22e2d4699472849a99e706e5988005381695628468a6a57aff5,9874c4ea5ce62ca341f4e1b913a4c40f40ea4bae2e726aa668c93711a160fa83,1d5e2c484b119bc541868bd098751e1a058e288f8784a3ecdf5311a09a502434,0.5112369060516357,0.07925257831811905,0.12241850048303604,84.49787450206071,0.4319843277335167,15.502123541898998,0.8088392142357467,1.9738311452610595,0.32716243476872003,1.0,False,0.9995831847190857,0.9999746084213257,0.0,all_four_full_spatial_windows_common_frames
T05,0,BG9,spatial_E,"[0, 1, 2, 3, 4, 5, 6, 7, 8, 9, 10, 11]",48c447ae987a7027330935145ad8d9bb90afcdc727ef4e0a7170ae6256961dea,6f2b8b68992bcda36a4d1bed320e0eb9662abd3eb63206bbab87eefdb241ba03,576d0d3a30f3617b0fd9e24a26d20e665da4c28ddd09ab338c552f716abab1fc,38ad04bc14c2a22e2d4699472849a99e706e5988005381695628468a6a57aff5,9874c4ea5ce62ca341f4e1b913a4c40f40ea4bae2e726aa668c93711a160fa83,1d5e2c484b119bc541868bd098751e1a058e288f8784a3ecdf5311a09a502434,0.2321518361568451,0.19080844521522522,0.31580349802970886,17.808771123744453,0.04134339094161987,82.19122456873004,0.7002726267257677,1.8827136155254671,0.07531202189310847,1.0,False,0.9997212290763855,0.9999706149101257,0.1577736615548294,all_four_full_spatial_windows_common_frames
T05,0,BG9,spatial_EM,"[0, 1, 2, 3, 4, 5, 6, 7, 8, 9, 10, 11, 12, 13, 14, 15, 16, 17, 18, 19, 20, 21, 22, 23]",48c447ae987a7027330935145ad8d9bb90afcdc727ef4e0a7170ae6256961dea,6f2b8b68992bcda36a4d1bed320e0eb9662abd3eb63206bbab87eefdb241ba03,576d0d3a30f3617b0fd9e24a26d20e665da4c28ddd09ab338c552f716abab1fc,38ad04bc14c2a22e2d4699472849a99e706e5988005381695628468a6a57aff5,9874c4ea5ce62ca341f4e1b913a4c40f40ea4bae2e726aa668c93711a160fa83,1d5e2c484b119bc541868bd098751e1a058e288f8784a3ecdf5311a09a502434,0.2321518361568451,0.10258150100708008,0.16889624297618866,55.81275242679976,0.12957033514976501,44.187243265674724,0.8556861074796889,2.020563760927474,-0.0801014588608126,1.0,False,0.9995977282524109,0.999974250793457,0.019505088612037882,all_four_full_spatial_windows_common_frames
T05,0,BG9,spatial_ML,"[12, 13, 14, 15, 16, 17, 18, 19, 20, 21, 22, 23, 24, 25, 26, 27, 28, 29, 30, 31, 32, 33, 34, 35]",48c447ae987a7027330935145ad8d9bb90afcdc727ef4e0a7170ae6256961dea,6f2b8b68992bcda36a4d1bed320e0eb9662abd3eb63206bbab87eefdb241ba03,576d0d3a30f3617b0fd9e24a26d20e665da4c28ddd09ab338c552f716abab1fc,38ad04bc14c2a22e2d4699472849a99e706e5988005381695628468a6a57aff5,9874c4ea5ce62ca341f4e1b913a4c40f40ea4bae2e726aa668c93711a160fa83,1d5e2c484b119bc541868bd098751e1a058e288f8784a3ecdf5311a09a502434,0.2321518361568451,0.1539224088191986,0.21067827939987183,33.69752540533043,0.07822942733764648,66.30247028714406,0.8808452894461969,2.0521948128835135,-0.10526064082732078,1.0,False,0.9995232820510864,0.9999698400497437,0.012021284204688289,all_four_full_spatial_windows_common_frames
T05,0,BG9,spatial_all,"[0, 1, 2, 3, 4, 5, 6, 7, 8, 9, 10, 11, 12, 13, 14, 15, 16, 17, 18, 19, 20, 21, 22, 23, 24, 25, 26, 27, 28, 29, 30, 31, 32, 33, 34, 35]",48c447ae987a7027330935145ad8d9bb90afcdc727ef4e0a7170ae6256961dea,6f2b8b68992bcda36a4d1bed320e0eb9662abd3eb63206bbab87eefdb241ba03,576d0d3a30f3617b0fd9e24a26d20e665da4c28ddd09ab338c552f716abab1fc,38ad04bc14c2a22e2d4699472849a99e706e5988005381695628468a6a57aff5,9874c4ea5ce62ca341f4e1b913a4c40f40ea4bae2e726aa668c93711a160fa83,1d5e2c484b119bc541868bd098751e1a058e288f8784a3ecdf5311a09a502434,0.2321518361568451,0.09801499545574188,0.07615417242050171,57.77978634314993,0.1341368407011032,42.22020934932456,0.8480489680733536,1.9287895482635997,-0.0724643194544774,1.0,False,0.9995630383491516,0.9999723434448242,0.0,all_four_full_spatial_windows_common_frames
T05,0,BG10,spatial_E,"[0, 1, 2, 3, 4, 5, 6, 7, 8, 9, 10, 11]",48c447ae987a7027330935145ad8d9bb90afcdc727ef4e0a7170ae6256961dea,6f2b8b68992bcda36a4d1bed320e0eb9662abd3eb63206bbab87eefdb241ba03,576d0d3a30f3617b0fd9e24a26d20e665da4c28ddd09ab338c552f716abab1fc,38ad04bc14c2a22e2d4699472849a99e706e5988005381695628468a6a57aff5,9874c4ea5ce62ca341f4e1b913a4c40f40ea4bae2e726aa668c93711a160fa83,1d5e2c484b119bc541868bd098751e1a058e288f8784a3ecdf5311a09a502434,0.41817569732666016,0.18168513476848602,0.5399007797241211,56.552917449467785,0.23649056255817413,43.44708015919292,0.8861518357347251,2.3280197484107377,0.18098664881755147,1.0,False,0.999710738658905,0.9999790191650391,0.13309702436361376,all_four_full_spatial_windows_common_frames
T05,0,BG10,spatial_EM,"[0, 1, 2, 3, 4, 5, 6, 7, 8, 9, 10, 11, 12, 13, 14, 15, 16, 17, 18, 19, 20, 21, 22, 23]",48c447ae987a7027330935145ad8d9bb90afcdc727ef4e0a7170ae6256961dea,6f2b8b68992bcda36a4d1bed320e0eb9662abd3eb63206bbab87eefdb241ba03,576d0d3a30f3617b0fd9e24a26d20e665da4c28ddd09ab338c552f716abab1fc,38ad04bc14c2a22e2d4699472849a99e706e5988005381695628468a6a57aff5,9874c4ea5ce62ca341f4e1b913a4c40f40ea4bae2e726aa668c93711a160fa83,1d5e2c484b119bc541868bd098751e1a058e288f8784a3ecdf5311a09a502434,0.41817569732666016,0.11353850364685059,0.25629928708076477,72.84908911311786,0.30463719367980957,27.150908495542854,0.8698506586267808,2.1068419439418133,0.19728782592549554,1.0,False,0.9996684789657593,0.9999796152114868,0.017844441156337775,all_four_full_spatial_windows_common_frames
T05,0,BG10,spatial_ML,"[12, 13, 14, 15, 16, 17, 18, 19, 20, 21, 22, 23, 24, 25, 26, 27, 28, 29, 30, 31, 32, 33, 34, 35]",48c447ae987a7027330935145ad8d9bb90afcdc727ef4e0a7170ae6256961dea,6f2b8b68992bcda36a4d1bed320e0eb9662abd3eb63206bbab87eefdb241ba03,576d0d3a30f3617b0fd9e24a26d20e665da4c28ddd09ab338c552f716abab1fc,38ad04bc14c2a22e2d4699472849a99e706e5988005381695628468a6a57aff5,9874c4ea5ce62ca341f4e1b913a4c40f40ea4bae2e726aa668c93711a160fa83,1d5e2c484b119bc541868bd098751e1a058e288f8784a3ecdf5311a09a502434,0.41817569732666016,0.29690003395080566,0.5378580093383789,29.00112590259084,0.12127566337585449,70.99887170606988,0.981892138562199,2.352042636066917,0.08524634599007719,1.0,False,0.9996803998947144,0.9999771118164062,0.021246189355731998,all_four_full_spatial_windows_common_frames
T05,0,BG10,spatial_all,"[0, 1, 2, 3, 4, 5, 6, 7, 8, 9, 10, 11, 12, 13, 14, 15, 16, 17, 18, 19, 20, 21, 22, 23, 24, 25, 26, 27, 28, 29, 30, 31, 32, 33, 34, 35]",48c447ae987a7027330935145ad8d9bb90afcdc727ef4e0a7170ae6256961dea,6f2b8b68992bcda36a4d1bed320e0eb9662abd3eb63206bbab87eefdb241ba03,576d0d3a30f3617b0fd9e24a26d20e665da4c28ddd09ab338c552f716abab1fc,38ad04bc14c2a22e2d4699472849a99e706e5988005381695628468a6a57aff5,9874c4ea5ce62ca341f4e1b913a4c40f40ea4bae2e726aa668c93711a160fa83,1d5e2c484b119bc541868bd098751e1a058e288f8784a3ecdf5311a09a502434,0.41817569732666016,0.07726339995861053,0.09244994074106216,81.52369719117715,0.3409122973680496,18.476300417483557,0.8309773244508886,1.9400593363303922,0.23616116010138777,1.0,False,0.9995883107185364,0.9999763369560242,0.0,all_four_full_spatial_windows_common_frames
T05,0,BG11,spatial_E,"[0, 1, 2, 3, 4, 5, 6, 7, 8, 9, 10, 11]",48c447ae987a7027330935145ad8d9bb90afcdc727ef4e0a7170ae6256961dea,6f2b8b68992bcda36a4d1bed320e0eb9662abd3eb63206bbab87eefdb241ba03,576d0d3a30f3617b0fd9e24a26d20e665da4c28ddd09ab338c552f716abab1fc,38ad04bc14c2a22e2d4699472849a99e706e5988005381695628468a6a57aff5,9874c4ea5ce62ca341f4e1b913a4c40f40ea4bae2e726aa668c93711a160fa83,1d5e2c484b119bc541868bd098751e1a058e288f8784a3ecdf5311a09a502434,0.19457247853279114,0.12853758037090302,0.21677367389202118,33.93845587309705,0.06603489816188812,66.06153898743023,0.8070483954872119,1.9752379640753397,0.043852990661043166,1.0,False,0.9997416138648987,0.9999822378158569,0.11693817538387996,all_four_full_spatial_windows_common_frames
T05,0,BG11,spatial_EM,"[0, 1, 2, 3, 4, 5, 6, 7, 8, 9, 10, 11, 12, 13, 14, 15, 16, 17, 18, 19, 20, 21, 22, 23]",48c447ae987a7027330935145ad8d9bb90afcdc727ef4e0a7170ae6256961dea,6f2b8b68992bcda36a4d1bed320e0eb9662abd3eb63206bbab87eefdb241ba03,576d0d3a30f3617b0fd9e24a26d20e665da4c28ddd09ab338c552f716abab1fc,38ad04bc14c2a22e2d4699472849a99e706e5988005381695628468a6a57aff5,9874c4ea5ce62ca341f4e1b913a4c40f40ea4bae2e726aa668c93711a160fa83,1d5e2c484b119bc541868bd098751e1a058e288f8784a3ecdf5311a09a502434,0.19457247853279114,0.0947263091802597,0.17282404005527496,51.31566651865299,0.09984616935253143,48.68432834187428,0.8533545653646852,2.0232085485513887,-0.0024531792164303153,1.0,False,0.9996455907821655,0.9999811053276062,0.017238957148025334,all_four_full_spatial_windows_common_frames
T05,0,BG11,spatial_ML,"[12, 13, 14, 15, 16, 17, 18, 19, 20, 21, 22, 23, 24, 25, 26, 27, 28, 29, 30, 31, 32, 33, 34, 35]",48c447ae987a7027330935145ad8d9bb90afcdc727ef4e0a7170ae6256961dea,6f2b8b68992bcda36a4d1bed320e0eb9662abd3eb63206bbab87eefdb241ba03,576d0d3a30f3617b0fd9e24a26d20e665da4c28ddd09ab338c552f716abab1fc,38ad04bc14c2a22e2d4699472849a99e706e5988005381695628468a6a57aff5,9874c4ea5ce62ca341f4e1b913a4c40f40ea4bae2e726aa668c93711a160fa83,1d5e2c484b119bc541868bd098751e1a058e288f8784a3ecdf5311a09a502434,0.19457247853279114,0.1169763058423996,0.16421817243099213,39.880341396422196,0.07759617269039154,60.11965346410506,0.8485738566082726,2.015964966675221,0.002327529539982459,1.0,False,0.999619722366333,0.999978244304657,0.008000814167213823,all_four_full_spatial_windows_common_frames
T05,0,BG11,spatial_all,"[0, 1, 2, 3, 4, 5, 6, 7, 8, 9, 10, 11, 12, 13, 14, 15, 16, 17, 18, 19, 20, 21, 22, 23, 24, 25, 26, 27, 28, 29, 30, 31, 32, 33, 34, 35]",48c447ae987a7027330935145ad8d9bb90afcdc727ef4e0a7170ae6256961dea,6f2b8b68992bcda36a4d1bed320e0eb9662abd3eb63206bbab87eefdb241ba03,576d0d3a30f3617b0fd9e24a26d20e665da4c28ddd09ab338c552f716abab1fc,38ad04bc14c2a22e2d4699472849a99e706e5988005381695628468a6a57aff5,9874c4ea5ce62ca341f4e1b913a4c40f40ea4bae2e726aa668c93711a160fa83,1d5e2c484b119bc541868bd098751e1a058e288f8784a3ecdf5311a09a502434,0.19457247853279114,0.07368792593479156,0.077835313975811,62.1282862287219,0.12088455259799957,37.87170863180537,0.8256279474378239,1.9327904670117737,0.02527343871043103,1.0,False,0.9995973706245422,0.999978244304657,0.0,all_four_full_spatial_windows_common_frames
T05,0,BG12,spatial_E,"[0, 1, 2, 3, 4, 5, 6, 7, 8, 9, 10, 11]",48c447ae987a7027330935145ad8d9bb90afcdc727ef4e0a7170ae6256961dea,6f2b8b68992bcda36a4d1bed320e0eb9662abd3eb63206bbab87eefdb241ba03,576d0d3a30f3617b0fd9e24a26d20e665da4c28ddd09ab338c552f716abab1fc,38ad04bc14c2a22e2d4699472849a99e706e5988005381695628468a6a57aff5,9874c4ea5ce62ca341f4e1b913a4c40f40ea4bae2e726aa668c93711a160fa83,1d5e2c484b119bc541868bd098751e1a058e288f8784a3ecdf5311a09a502434,0.2655084729194641,0.1554730385541916,0.4165334105491638,41.443283903907975,0.11003543436527252,58.556712329734026,0.7928082202685547,2.1602245913339737,0.09854089117703929,1.0,False,0.9997650980949402,0.9999788999557495,0.13249589698903588,all_four_full_spatial_windows_common_frames
T05,0,BG12,spatial_EM,"[0, 1, 2, 3, 4, 5, 6, 7, 8, 9, 10, 11, 12, 13, 14, 15, 16, 17, 18, 19, 20, 21, 22, 23]",48c447ae987a7027330935145ad8d9bb90afcdc727ef4e0a7170ae6256961dea,6f2b8b68992bcda36a4d1bed320e0eb9662abd3eb63206bbab87eefdb241ba03,576d0d3a30f3617b0fd9e24a26d20e665da4c28ddd09ab338c552f716abab1fc,38ad04bc14c2a22e2d4699472849a99e706e5988005381695628468a6a57aff5,9874c4ea5ce62ca341f4e1b913a4c40f40ea4bae2e726aa668c93711a160fa83,1d5e2c484b119bc541868bd098751e1a058e288f8784a3ecdf5311a09a502434,0.2655084729194641,0.06670276820659637,0.12514348328113556,74.87734573556766,0.19880570471286774,25.12265049807434,0.822392068029225,1.980022471044251,0.06895704341636887,1.0,False,0.9996284246444702,0.9999710321426392,0.025839861615515707,all_four_full_spatial_windows_common_frames
T05,0,BG12,spatial_ML,"[12, 13, 14, 15, 16, 17, 18, 19, 20, 21, 22, 23, 24, 25, 26, 27, 28, 29, 30, 31, 32, 33, 34, 35]",48c447ae987a7027330935145ad8d9bb90afcdc727ef4e0a7170ae6256961dea,6f2b8b68992bcda36a4d1bed320e0eb9662abd3eb63206bbab87eefdb241ba03,576d0d3a30f3617b0fd9e24a26d20e665da4c28ddd09ab338c552f716abab1fc,38ad04bc14c2a22e2d4699472849a99e706e5988005381695628468a6a57aff5,9874c4ea5ce62ca341f4e1b913a4c40f40ea4bae2e726aa668c93711a160fa83,1d5e2c484b119bc541868bd098751e1a058e288f8784a3ecdf5311a09a502434,0.2655084729194641,0.1586269587278366,0.2574029564857483,40.255404654640564,0.1068815141916275,59.74459157900143,0.8827581867570047,2.097219035973661,0.00859092468858943,1.0,False,0.9996465444564819,0.9999739527702332,0.007927252892085576,all_four_full_spatial_windows_common_frames
T05,0,BG12,spatial_all,"[0, 1, 2, 3, 4, 5, 6, 7, 8, 9, 10, 11, 12, 13, 14, 15, 16, 17, 18, 19, 20, 21, 22, 23, 24, 25, 26, 27, 28, 29, 30, 31, 32, 33, 34, 35]",48c447ae987a7027330935145ad8d9bb90afcdc727ef4e0a7170ae6256961dea,6f2b8b68992bcda36a4d1bed320e0eb9662abd3eb63206bbab87eefdb241ba03,576d0d3a30f3617b0fd9e24a26d20e665da4c28ddd09ab338c552f716abab1fc,38ad04bc14c2a22e2d4699472849a99e706e5988005381695628468a6a57aff5,9874c4ea5ce62ca341f4e1b913a4c40f40ea4bae2e726aa668c93711a160fa83,1d5e2c484b119bc541868bd098751e1a058e288f8784a3ecdf5311a09a502434,0.2655084729194641,0.07125252485275269,0.06863182038068771,73.16374449912944,0.19425594806671143,26.836251734512565,0.8242016868417483,1.9018196156935652,0.06714742460384564,1.0,False,0.9996457099914551,0.9999745488166809,0.0,all_four_full_spatial_windows_common_frames
T05,0,BG13,spatial_E,"[0, 1, 2, 3, 4, 5, 6, 7, 8, 9, 10, 11]",48c447ae987a7027330935145ad8d9bb90afcdc727ef4e0a7170ae6256961dea,6f2b8b68992bcda36a4d1bed320e0eb9662abd3eb63206bbab87eefdb241ba03,576d0d3a30f3617b0fd9e24a26d20e665da4c28ddd09ab338c552f716abab1fc,38ad04bc14c2a22e2d4699472849a99e706e5988005381695628468a6a57aff5,9874c4ea5ce62ca341f4e1b913a4c40f40ea4bae2e726aa668c93711a160fa83,1d5e2c484b119bc541868bd098751e1a058e288f8784a3ecdf5311a09a502434,0.14499881863594055,0.09600414335727692,0.15551336109638214,33.78970419249265,0.048994675278663635,66.21028891089992,0.7309735694400401,1.869834003017062,0.06494365539507588,1.0,False,0.9997249245643616,0.999977707862854,0.12057417916500021,all_four_full_spatial_windows_common_frames
T05,0,BG13,spatial_EM,"[0, 1, 2, 3, 4, 5, 6, 7, 8, 9, 10, 11, 12, 13, 14, 15, 16, 17, 18, 19, 20, 21, 22, 23]",48c447ae987a7027330935145ad8d9bb90afcdc727ef4e0a7170ae6256961dea,6f2b8b68992bcda36a4d1bed320e0eb9662abd3eb63206bbab87eefdb241ba03,576d0d3a30f3617b0fd9e24a26d20e665da4c28ddd09ab338c552f716abab1fc,38ad04bc14c2a22e2d4699472849a99e706e5988005381695628468a6a57aff5,9874c4ea5ce62ca341f4e1b913a4c40f40ea4bae2e726aa668c93711a160fa83,1d5e2c484b119bc541868bd098751e1a058e288f8784a3ecdf5311a09a502434,0.14499881863594055,0.07690893113613129,0.11085881292819977,46.95892245499973,0.06808988749980927,53.04107064839283,0.8298023387216602,1.9692734671116197,-0.033885113886544284,1.0,False,0.999667763710022,0.9999753832817078,0.025579395280338903,all_four_full_spatial_windows_common_frames
T05,0,BG13,spatial_ML,"[12, 13, 14, 15, 16, 17, 18, 19, 20, 21, 22, 23, 24, 25, 26, 27, 28, 29, 30, 31, 32, 33, 34, 35]",48c447ae987a7027330935145ad8d9bb90afcdc727ef4e0a7170ae6256961dea,6f2b8b68992bcda36a4d1bed320e0eb9662abd3eb63206bbab87eefdb241ba03,576d0d3a30f3617b0fd9e24a26d20e665da4c28ddd09ab338c552f716abab1fc,38ad04bc14c2a22e2d4699472849a99e706e5988005381695628468a6a57aff5,9874c4ea5ce62ca341f4e1b913a4c40f40ea4bae2e726aa668c93711a160fa83,1d5e2c484b119bc541868bd098751e1a058e288f8784a3ecdf5311a09a502434,0.14499881863594055,0.15434828400611877,0.18825414776802063,-6.447959240865751,-0.009349465370178223,106.44795234425831,0.8865287742222687,2.04187012673453,-0.09061154938715285,1.0,False,0.999569833278656,0.9999719858169556,0.006369541278406762,all_four_full_spatial_windows_common_frames
T05,0,BG13,spatial_all,"[0, 1, 2, 3, 4, 5, 6, 7, 8, 9, 10, 11, 12, 13, 14, 15, 16, 17, 18, 19, 20, 21, 22, 23, 24, 25, 26, 27, 28, 29, 30, 31, 32, 33, 34, 35]",48c447ae987a7027330935145ad8d9bb90afcdc727ef4e0a7170ae6256961dea,6f2b8b68992bcda36a4d1bed320e0eb9662abd3eb63206bbab87eefdb241ba03,576d0d3a30f3617b0fd9e24a26d20e665da4c28ddd09ab338c552f716abab1fc,38ad04bc14c2a22e2d4699472849a99e706e5988005381695628468a6a57aff5,9874c4ea5ce62ca341f4e1b913a4c40f40ea4bae2e726aa668c93711a160fa83,1d5e2c484b119bc541868bd098751e1a058e288f8784a3ecdf5311a09a502434,0.14499881863594055,0.09629174321889877,0.08227535337209702,33.591357858024004,0.04870707541704178,66.40863524536856,0.8490699897189495,1.9136192626693667,-0.053152764883833546,1.0,False,0.9996010661125183,0.9999741315841675,0.0,all_four_full_spatial_windows_common_frames
T05,0,BG14,spatial_E,"[0, 1, 2, 3, 4, 5, 6, 7, 8, 9, 10, 11]",48c447ae987a7027330935145ad8d9bb90afcdc727ef4e0a7170ae6256961dea,6f2b8b68992bcda36a4d1bed320e0eb9662abd3eb63206bbab87eefdb241ba03,576d0d3a30f3617b0fd9e24a26d20e665da4c28ddd09ab338c552f716abab1fc,38ad04bc14c2a22e2d4699472849a99e706e5988005381695628468a6a57aff5,9874c4ea5ce62ca341f4e1b913a4c40f40ea4bae2e726aa668c93711a160fa83,1d5e2c484b119bc541868bd098751e1a058e288f8784a3ecdf5311a09a502434,0.45726507902145386,0.22745725512504578,0.6626094579696655,50.25702364206204,0.22980782389640808,49.74297417102271,0.8601822291244445,2.3941723403235287,0.19760645503467927,1.0,False,0.9996769428253174,0.9999707937240601,0.10550260343594324,all_four_full_spatial_windows_common_frames
T05,0,BG14,spatial_EM,"[0, 1, 2, 3, 4, 5, 6, 7, 8, 9, 10, 11, 12, 13, 14, 15, 16, 17, 18, 19, 20, 21, 22, 23]",48c447ae987a7027330935145ad8d9bb90afcdc727ef4e0a7170ae6256961dea,6f2b8b68992bcda36a4d1bed320e0eb9662abd3eb63206bbab87eefdb241ba03,576d0d3a30f3617b0fd9e24a26d20e665da4c28ddd09ab338c552f716abab1fc,38ad04bc14c2a22e2d4699472849a99e706e5988005381695628468a6a57aff5,9874c4ea5ce62ca341f4e1b913a4c40f40ea4bae2e726aa668c93711a160fa83,1d5e2c484b119bc541868bd098751e1a058e288f8784a3ecdf5311a09a502434,0.45726507902145386,0.08421670645475388,0.20208333432674408,81.58251778307033,0.3730483725667,18.41748003001441,0.8313841364797716,2.04563065907643,0.22640454767935222,1.0,False,0.999534010887146,0.9999700784683228,0.0148479983524976,all_four_full_spatial_windows_common_frames
T05,0,BG14,spatial_ML,"[12, 13, 14, 15, 16, 17, 18, 19, 20, 21, 22, 23, 24, 25, 26, 27, 28, 29, 30, 31, 32, 33, 34, 35]",48c447ae987a7027330935145ad8d9bb90afcdc727ef4e0a7170ae6256961dea,6f2b8b68992bcda36a4d1bed320e0eb9662abd3eb63206bbab87eefdb241ba03,576d0d3a30f3617b0fd9e24a26d20e665da4c28ddd09ab338c552f716abab1fc,38ad04bc14c2a22e2d4699472849a99e706e5988005381695628468a6a57aff5,9874c4ea5ce62ca341f4e1b913a4c40f40ea4bae2e726aa668c93711a160fa83,1d5e2c484b119bc541868bd098751e1a058e288f8784a3ecdf5311a09a502434,0.45726507902145386,0.3452569842338562,0.646063506603241,24.495221147823617,0.11200809478759766,75.50477666526112,1.003238638044086,2.4375865215471504,0.054550046115037575,1.0,False,0.9995942711830139,0.999972939491272,0.021500791445045915,all_four_full_spatial_windows_common_frames
T05,0,BG14,spatial_all,"[0, 1, 2, 3, 4, 5, 6, 7, 8, 9, 10, 11, 12, 13, 14, 15, 16, 17, 18, 19, 20, 21, 22, 23, 24, 25, 26, 27, 28, 29, 30, 31, 32, 33, 34, 35]",48c447ae987a7027330935145ad8d9bb90afcdc727ef4e0a7170ae6256961dea,6f2b8b68992bcda36a4d1bed320e0eb9662abd3eb63206bbab87eefdb241ba03,576d0d3a30f3617b0fd9e24a26d20e665da4c28ddd09ab338c552f716abab1fc,38ad04bc14c2a22e2d4699472849a99e706e5988005381695628468a6a57aff5,9874c4ea5ce62ca341f4e1b913a4c40f40ea4bae2e726aa668c93711a160fa83,1d5e2c484b119bc541868bd098751e1a058e288f8784a3ecdf5311a09a502434,0.45726507902145386,0.0760117620229721,0.09542542695999146,83.3768695997245,0.38125331699848175,16.62312821336024,0.8193777887133826,1.9534411244719863,0.23841089544574112,1.0,False,0.9994639754295349,0.9999693036079407,0.0,all_four_full_spatial_windows_common_frames
T05,0,BG15,spatial_E,"[0, 1, 2, 3, 4, 5, 6, 7, 8, 9, 10, 11]",48c447ae987a7027330935145ad8d9bb90afcdc727ef4e0a7170ae6256961dea,6f2b8b68992bcda36a4d1bed320e0eb9662abd3eb63206bbab87eefdb241ba03,576d0d3a30f3617b0fd9e24a26d20e665da4c28ddd09ab338c552f716abab1fc,38ad04bc14c2a22e2d4699472849a99e706e5988005381695628468a6a57aff5,9874c4ea5ce62ca341f4e1b913a4c40f40ea4bae2e726aa668c93711a160fa83,1d5e2c484b119bc541868bd098751e1a058e288f8784a3ecdf5311a09a502434,0.16040408611297607,0.1259382963180542,0.2841128706932068,21.48685141472128,0.034465789794921875,78.51314235102396,0.765559898023869,1.9820244510117249,0.018757328323794377,1.0,False,0.9996107220649719,0.9999697804450989,0.08240763936040003,all_four_full_spatial_windows_common_frames
T05,0,BG15,spatial_EM,"[0, 1, 2, 3, 4, 5, 6, 7, 8, 9, 10, 11, 12, 13, 14, 15, 16, 17, 18, 19, 20, 21, 22, 23]",48c447ae987a7027330935145ad8d9bb90afcdc727ef4e0a7170ae6256961dea,6f2b8b68992bcda36a4d1bed320e0eb9662abd3eb63206bbab87eefdb241ba03,576d0d3a30f3617b0fd9e24a26d20e665da4c28ddd09ab338c552f716abab1fc,38ad04bc14c2a22e2d4699472849a99e706e5988005381695628468a6a57aff5,9874c4ea5ce62ca341f4e1b913a4c40f40ea4bae2e726aa668c93711a160fa83,1d5e2c484b119bc541868bd098751e1a058e288f8784a3ecdf5311a09a502434,0.16040408611297607,0.04639605060219765,0.1010761484503746,71.07551382633028,0.11400803551077843,28.924479939414955,0.7994612504501164,1.9519196157132128,-0.015144024102453002,1.0,False,0.9995895028114319,0.9999758005142212,0.014655207821393753,all_four_full_spatial_windows_common_frames
T05,0,BG15,spatial_ML,"[12, 13, 14, 15, 16, 17, 18, 19, 20, 21, 22, 23, 24, 25, 26, 27, 28, 29, 30, 31, 32, 33, 34, 35]",48c447ae987a7027330935145ad8d9bb90afcdc727ef4e0a7170ae6256961dea,6f2b8b68992bcda36a4d1bed320e0eb9662abd3eb63206bbab87eefdb241ba03,576d0d3a30f3617b0fd9e24a26d20e665da4c28ddd09ab338c552f716abab1fc,38ad04bc14c2a22e2d4699472849a99e706e5988005381695628468a6a57aff5,9874c4ea5ce62ca341f4e1b913a4c40f40ea4bae2e726aa668c93711a160fa83,1d5e2c484b119bc541868bd098751e1a058e288f8784a3ecdf5311a09a502434,0.16040408611297607,0.11918411403894424,0.1760035753250122,25.697580718262774,0.04121997207403183,74.30241304748246,0.8437120191699646,2.0212059547436767,-0.059394792822301076,1.0,False,0.999582827091217,0.9999738931655884,0.004789770571531822,all_four_full_spatial_windows_common_frames
T05,0,BG15,spatial_all,"[0, 1, 2, 3, 4, 5, 6, 7, 8, 9, 10, 11, 12, 13, 14, 15, 16, 17, 18, 19, 20, 21, 22, 23, 24, 25, 26, 27, 28, 29, 30, 31, 32, 33, 34, 35]",48c447ae987a7027330935145ad8d9bb90afcdc727ef4e0a7170ae6256961dea,6f2b8b68992bcda36a4d1bed320e0eb9662abd3eb63206bbab87eefdb241ba03,576d0d3a30f3617b0fd9e24a26d20e665da4c28ddd09ab338c552f716abab1fc,38ad04bc14c2a22e2d4699472849a99e706e5988005381695628468a6a57aff5,9874c4ea5ce62ca341f4e1b913a4c40f40ea4bae2e726aa668c93711a160fa83,1d5e2c484b119bc541868bd098751e1a058e288f8784a3ecdf5311a09a502434,0.16040408611297607,0.07656257599592209,0.0773892030119896,52.26893336813706,0.08384151011705399,47.73106039760818,0.8210288029211659,1.9357598957429658,-0.036711576573502526,1.0,False,0.999563992023468,0.999973475933075,0.0,all_four_full_spatial_windows_common_frames
T05,1,BG1,spatial_E,"[0, 1, 2, 3, 4, 5, 6, 7, 8, 9, 10, 11]",48c447ae987a7027330935145ad8d9bb90afcdc727ef4e0a7170ae6256961dea,6f2b8b68992bcda36a4d1bed320e0eb9662abd3eb63206bbab87eefdb241ba03,2c656eaa5f0435d44e4abcec2029b5567f0b7544fe5796246b9e233c19f7ac69,38ad04bc14c2a22e2d4699472849a99e706e5988005381695628468a6a57aff5,9874c4ea5ce62ca341f4e1b913a4c40f40ea4bae2e726aa668c93711a160fa83,1d5e2c484b119bc541868bd098751e1a058e288f8784a3ecdf5311a09a502434,0.061909765005111694,0.06801548600196838,0.08856607973575592,-9.862289107580441,-0.0061057209968566895,109.86227295504233,2.4879565598544895,3.303739764466822,-0.013131551059918423,1.0,False,0.9996627569198608,0.9999588131904602,0.02109307475727042,all_four_full_spatial_windows_common_frames
T05,1,BG1,spatial_EM,"[0, 1, 2, 3, 4, 5, 6, 7, 8, 9, 10, 11, 12, 13, 14, 15, 16, 17, 18, 19, 20, 21, 22, 23]",48c447ae987a7027330935145ad8d9bb90afcdc727ef4e0a7170ae6256961dea,6f2b8b68992bcda36a4d1bed320e0eb9662abd3eb63206bbab87eefdb241ba03,2c656eaa5f0435d44e4abcec2029b5567f0b7544fe5796246b9e233c19f7ac69,38ad04bc14c2a22e2d4699472849a99e706e5988005381695628468a6a57aff5,9874c4ea5ce62ca341f4e1b913a4c40f40ea4bae2e726aa668c93711a160fa83,1d5e2c484b119bc541868bd098751e1a058e288f8784a3ecdf5311a09a502434,0.061909765005111694,0.039951201528310776,0.049234047532081604,35.468653334611325,0.02195856347680092,64.53133051285056,2.4596583448127998,3.2909795564431104,0.015166663981771512,1.0,False,0.9997119307518005,0.999964714050293,0.0136536165464116,all_four_full_spatial_windows_common_frames
T05,1,BG1,spatial_ML,"[12, 13, 14, 15, 16, 17, 18, 19, 20, 21, 22, 23, 24, 25, 26, 27, 28, 29, 30, 31, 32, 33, 34, 35]",48c447ae987a7027330935145ad8d9bb90afcdc727ef4e0a7170ae6256961dea,6f2b8b68992bcda36a4d1bed320e0eb9662abd3eb63206bbab87eefdb241ba03,2c656eaa5f0435d44e4abcec2029b5567f0b7544fe5796246b9e233c19f7ac69,38ad04bc14c2a22e2d4699472849a99e706e5988005381695628468a6a57aff5,9874c4ea5ce62ca341f4e1b913a4c40f40ea4bae2e726aa668c93711a160fa83,1d5e2c484b119bc541868bd098751e1a058e288f8784a3ecdf5311a09a502434,0.061909765005111694,0.0517679862678051,0.04620601609349251,16.381546753269934,0.010141778737306595,83.61843709419196,2.435145115581983,3.296217924473435,0.03967989321258847,1.0,False,0.9996820688247681,0.9999643564224243,0.0017777162810784205,all_four_full_spatial_windows_common_frames
T05,1,BG1,spatial_all,"[0, 1, 2, 3, 4, 5, 6, 7, 8, 9, 10, 11, 12, 13, 14, 15, 16, 17, 18, 19, 20, 21, 22, 23, 24, 25, 26, 27, 28, 29, 30, 31, 32, 33, 34, 35]",48c447ae987a7027330935145ad8d9bb90afcdc727ef4e0a7170ae6256961dea,6f2b8b68992bcda36a4d1bed320e0eb9662abd3eb63206bbab87eefdb241ba03,2c656eaa5f0435d44e4abcec2029b5567f0b7544fe5796246b9e233c19f7ac69,38ad04bc14c2a22e2d4699472849a99e706e5988005381695628468a6a57aff5,9874c4ea5ce62ca341f4e1b913a4c40f40ea4bae2e726aa668c93711a160fa83,1d5e2c484b119bc541868bd098751e1a058e288f8784a3ecdf5311a09a502434,0.061909765005111694,0.04672137647867203,0.04170776531100273,24.533102446561323,0.015188388526439667,75.46688140090058,2.4370926761449203,3.3056749833556043,0.037732332649650924,1.0,False,0.9996891021728516,0.9999631643295288,0.0,all_four_full_spatial_windows_common_frames
T05,1,BG2,spatial_E,"[0, 1, 2, 3, 4, 5, 6, 7, 8, 9, 10, 11]",48c447ae987a7027330935145ad8d9bb90afcdc727ef4e0a7170ae6256961dea,6f2b8b68992bcda36a4d1bed320e0eb9662abd3eb63206bbab87eefdb241ba03,2c656eaa5f0435d44e4abcec2029b5567f0b7544fe5796246b9e233c19f7ac69,38ad04bc14c2a22e2d4699472849a99e706e5988005381695628468a6a57aff5,9874c4ea5ce62ca341f4e1b913a4c40f40ea4bae2e726aa668c93711a160fa83,1d5e2c484b119bc541868bd098751e1a058e288f8784a3ecdf5311a09a502434,0.15867622196674347,0.1577560305595398,0.04974349960684776,0.5799176069397305,0.0009201914072036743,99.4200760909192,2.6079136332531228,3.3759876904038064,0.006905964185161128,1.0,False,0.9996243715286255,0.9999582171440125,0.03284616218533002,all_four_full_spatial_windows_common_frames
T05,1,BG2,spatial_EM,"[0, 1, 2, 3, 4, 5, 6, 7, 8, 9, 10, 11, 12, 13, 14, 15, 16, 17, 18, 19, 20, 21, 22, 23]",48c447ae987a7027330935145ad8d9bb90afcdc727ef4e0a7170ae6256961dea,6f2b8b68992bcda36a4d1bed320e0eb9662abd3eb63206bbab87eefdb241ba03,2c656eaa5f0435d44e4abcec2029b5567f0b7544fe5796246b9e233c19f7ac69,38ad04bc14c2a22e2d4699472849a99e706e5988005381695628468a6a57aff5,9874c4ea5ce62ca341f4e1b913a4c40f40ea4bae2e726aa668c93711a160fa83,1d5e2c484b119bc541868bd098751e1a058e288f8784a3ecdf5311a09a502434,0.15867622196674347,0.046521518379449844,0.05519026890397072,70.68147648653506,0.11215470358729362,29.318517211323854,2.473705848216993,3.2969764296093707,0.14111374922129108,1.0,False,0.9996615648269653,0.9999621510505676,0.01411127857474668,all_four_full_spatial_windows_common_frames
T05,1,BG2,spatial_ML,"[12, 13, 14, 15, 16, 17, 18, 19, 20, 21, 22, 23, 24, 25, 26, 27, 28, 29, 30, 31, 32, 33, 34, 35]",48c447ae987a7027330935145ad8d9bb90afcdc727ef4e0a7170ae6256961dea,6f2b8b68992bcda36a4d1bed320e0eb9662abd3eb63206bbab87eefdb241ba03,2c656eaa5f0435d44e4abcec2029b5567f0b7544fe5796246b9e233c19f7ac69,38ad04bc14c2a22e2d4699472849a99e706e5988005381695628468a6a57aff5,9874c4ea5ce62ca341f4e1b913a4c40f40ea4bae2e726aa668c93711a160fa83,1d5e2c484b119bc541868bd098751e1a058e288f8784a3ecdf5311a09a502434,0.15867622196674347,0.058479707688093185,0.06415068358182907,63.14525687731872,0.10019651427865028,36.854736820540204,2.4397462888656984,3.303361790117593,0.1750733085725851,1.0,False,0.9996351003646851,0.9999605417251587,0.0025191770096738837,all_four_full_spatial_windows_common_frames
T05,1,BG2,spatial_all,"[0, 1, 2, 3, 4, 5, 6, 7, 8, 9, 10, 11, 12, 13, 14, 15, 16, 17, 18, 19, 20, 21, 22, 23, 24, 25, 26, 27, 28, 29, 30, 31, 32, 33, 34, 35]",48c447ae987a7027330935145ad8d9bb90afcdc727ef4e0a7170ae6256961dea,6f2b8b68992bcda36a4d1bed320e0eb9662abd3eb63206bbab87eefdb241ba03,2c656eaa5f0435d44e4abcec2029b5567f0b7544fe5796246b9e233c19f7ac69,38ad04bc14c2a22e2d4699472849a99e706e5988005381695628468a6a57aff5,9874c4ea5ce62ca341f4e1b913a4c40f40ea4bae2e726aa668c93711a160fa83,1d5e2c484b119bc541868bd098751e1a058e288f8784a3ecdf5311a09a502434,0.15867622196674347,0.05662107467651367,0.06898117810487747,64.31659362293104,0.1020551472902298,35.68340007492788,2.4367077114463473,3.3025521381923166,0.17811188599193659,1.0,False,0.9996321201324463,0.9999618530273438,0.0,all_four_full_spatial_windows_common_frames
T05,1,BG3,spatial_E,"[0, 1, 2, 3, 4, 5, 6, 7, 8, 9, 10, 11]",48c447ae987a7027330935145ad8d9bb90afcdc727ef4e0a7170ae6256961dea,6f2b8b68992bcda36a4d1bed320e0eb9662abd3eb63206bbab87eefdb241ba03,2c656eaa5f0435d44e4abcec2029b5567f0b7544fe5796246b9e233c19f7ac69,38ad04bc14c2a22e2d4699472849a99e706e5988005381695628468a6a57aff5,9874c4ea5ce62ca341f4e1b913a4c40f40ea4bae2e726aa668c93711a160fa83,1d5e2c484b119bc541868bd098751e1a058e288f8784a3ecdf5311a09a502434,0.1754714399576187,0.12186280637979507,0.1604451984167099,30.551199976276273,0.05360863357782364,69.44879432479094,2.3660940233247323,3.199094907838772,-0.04540119826256631,1.0,False,0.9996412992477417,0.9999624490737915,0.0324426663154218,all_four_full_spatial_windows_common_frames
T05,1,BG3,spatial_EM,"[0, 1, 2, 3, 4, 5, 6, 7, 8, 9, 10, 11, 12, 13, 14, 15, 16, 17, 18, 19, 20, 21, 22, 23]",48c447ae987a7027330935145ad8d9bb90afcdc727ef4e0a7170ae6256961dea,6f2b8b68992bcda36a4d1bed320e0eb9662abd3eb63206bbab87eefdb241ba03,2c656eaa5f0435d44e4abcec2029b5567f0b7544fe5796246b9e233c19f7ac69,38ad04bc14c2a22e2d4699472849a99e706e5988005381695628468a6a57aff5,9874c4ea5ce62ca341f4e1b913a4c40f40ea4bae2e726aa668c93711a160fa83,1d5e2c484b119bc541868bd098751e1a058e288f8784a3ecdf5311a09a502434,0.1754714399576187,0.028032194823026657,0.010830269195139408,84.02463487376595,0.14743924513459206,15.975359427301262,2.4686819633191948,3.3470147477205408,-0.14798913825702803,1.0,False,0.999705970287323,0.9999642372131348,0.011873452914764722,all_four_full_spatial_windows_common_frames
T05,1,BG3,spatial_ML,"[12, 13, 14, 15, 16, 17, 18, 19, 20, 21, 22, 23, 24, 25, 26, 27, 28, 29, 30, 31, 32, 33, 34, 35]",48c447ae987a7027330935145ad8d9bb90afcdc727ef4e0a7170ae6256961dea,6f2b8b68992bcda36a4d1bed320e0eb9662abd3eb63206bbab87eefdb241ba03,2c656eaa5f0435d44e4abcec2029b5567f0b7544fe5796246b9e233c19f7ac69,38ad04bc14c2a22e2d4699472849a99e706e5988005381695628468a6a57aff5,9874c4ea5ce62ca341f4e1b913a4c40f40ea4bae2e726aa668c93711a160fa83,1d5e2c484b119bc541868bd098751e1a058e288f8784a3ecdf5311a09a502434,0.1754714399576187,0.04383566975593567,0.04484551399946213,75.01834072350618,0.13163577020168304,24.98165357756103,2.4432187690181375,3.300943081763562,-0.12252594395597094,1.0,False,0.9997013211250305,0.9999628067016602,0.004937322227324347,all_four_full_spatial_windows_common_frames
T05,1,BG3,spatial_all,"[0, 1, 2, 3, 4, 5, 6, 7, 8, 9, 10, 11, 12, 13, 14, 15, 16, 17, 18, 19, 20, 21, 22, 23, 24, 25, 26, 27, 28, 29, 30, 31, 32, 33, 34, 35]",48c447ae987a7027330935145ad8d9bb90afcdc727ef4e0a7170ae6256961dea,6f2b8b68992bcda36a4d1bed320e0eb9662abd3eb63206bbab87eefdb241ba03,2c656eaa5f0435d44e4abcec2029b5567f0b7544fe5796246b9e233c19f7ac69,38ad04bc14c2a22e2d4699472849a99e706e5988005381695628468a6a57aff5,9874c4ea5ce62ca341f4e1b913a4c40f40ea4bae2e726aa668c93711a160fa83,1d5e2c484b119bc541868bd098751e1a058e288f8784a3ecdf5311a09a502434,0.1754714399576187,0.019581414759159088,0.021951762959361076,88.8406776350862,0.15589002519845963,11.159316665981018,2.4798248330787365,3.3619682629464656,-0.15913200801657024,1.0,False,0.9996745586395264,0.9999611973762512,0.0,all_four_full_spatial_windows_common_frames
T05,1,BG4,spatial_E,"[0, 1, 2, 3, 4, 5, 6, 7, 8, 9, 10, 11]",48c447ae987a7027330935145ad8d9bb90afcdc727ef4e0a7170ae6256961dea,6f2b8b68992bcda36a4d1bed320e0eb9662abd3eb63206bbab87eefdb241ba03,2c656eaa5f0435d44e4abcec2029b5567f0b7544fe5796246b9e233c19f7ac69,38ad04bc14c2a22e2d4699472849a99e706e5988005381695628468a6a57aff5,9874c4ea5ce62ca341f4e1b913a4c40f40ea4bae2e726aa668c93711a160fa83,1d5e2c484b119bc541868bd098751e1a058e288f8784a3ecdf5311a09a502434,0.1504479944705963,0.10085511207580566,0.13908275961875916,32.96346971786065,0.04959288239479065,67.03652363532471,2.3825229278871327,3.2337170935551534,-0.04720456458364038,1.0,False,0.9996590614318848,0.9999585151672363,0.03504928338792207,all_four_full_spatial_windows_common_frames
T05,1,BG4,spatial_EM,"[0, 1, 2, 3, 4, 5, 6, 7, 8, 9, 10, 11, 12, 13, 14, 15, 16, 17, 18, 19, 20, 21, 22, 23]",48c447ae987a7027330935145ad8d9bb90afcdc727ef4e0a7170ae6256961dea,6f2b8b68992bcda36a4d1bed320e0eb9662abd3eb63206bbab87eefdb241ba03,2c656eaa5f0435d44e4abcec2029b5567f0b7544fe5796246b9e233c19f7ac69,38ad04bc14c2a22e2d4699472849a99e706e5988005381695628468a6a57aff5,9874c4ea5ce62ca341f4e1b913a4c40f40ea4bae2e726aa668c93711a160fa83,1d5e2c484b119bc541868bd098751e1a058e288f8784a3ecdf5311a09a502434,0.1504479944705963,0.03914032131433487,0.07430772483348846,73.9841472460444,0.11130767315626144,26.01584610714095,2.440859249466122,3.268479149543481,-0.10554088616263049,1.0,False,0.9996378421783447,0.9999561309814453,0.01115336611507876,all_four_full_spatial_windows_common_frames
T05,1,BG4,spatial_ML,"[12, 13, 14, 15, 16, 17, 18, 19, 20, 21, 22, 23, 24, 25, 26, 27, 28, 29, 30, 31, 32, 33, 34, 35]",48c447ae987a7027330935145ad8d9bb90afcdc727ef4e0a7170ae6256961dea,6f2b8b68992bcda36a4d1bed320e0eb9662abd3eb63206bbab87eefdb241ba03,2c656eaa5f0435d44e4abcec2029b5567f0b7544fe5796246b9e233c19f7ac69,38ad04bc14c2a22e2d4699472849a99e706e5988005381695628468a6a57aff5,9874c4ea5ce62ca341f4e1b913a4c40f40ea4bae2e726aa668c93711a160fa83,1d5e2c484b119bc541868bd098751e1a058e288f8784a3ecdf5311a09a502434,0.1504479944705963,0.07709036767482758,0.0968908965587616,48.75945483883491,0.07335762679576874,51.24053851435044,2.4083464447942498,3.249792730779714,-0.07302808149075737,1.0,False,0.9996844530105591,0.9999598264694214,0.003996611482851975,all_four_full_spatial_windows_common_frames
T05,1,BG4,spatial_all,"[0, 1, 2, 3, 4, 5, 6, 7, 8, 9, 10, 11, 12, 13, 14, 15, 16, 17, 18, 19, 20, 21, 22, 23, 24, 25, 26, 27, 28, 29, 30, 31, 32, 33, 34, 35]",48c447ae987a7027330935145ad8d9bb90afcdc727ef4e0a7170ae6256961dea,6f2b8b68992bcda36a4d1bed320e0eb9662abd3eb63206bbab87eefdb241ba03,2c656eaa5f0435d44e4abcec2029b5567f0b7544fe5796246b9e233c19f7ac69,38ad04bc14c2a22e2d4699472849a99e706e5988005381695628468a6a57aff5,9874c4ea5ce62ca341f4e1b913a4c40f40ea4bae2e726aa668c93711a160fa83,1d5e2c484b119bc541868bd098751e1a058e288f8784a3ecdf5311a09a502434,0.1504479944705963,0.05215539410710335,0.05241968482732773,65.33326959660894,0.09829260036349297,34.66672375657641,2.4341093908933784,3.2888044208249085,-0.09879102758988623,1.0,False,0.9996662139892578,0.9999585151672363,0.0,all_four_full_spatial_windows_common_frames
T05,1,BG5,spatial_E,"[0, 1, 2, 3, 4, 5, 6, 7, 8, 9, 10, 11]",48c447ae987a7027330935145ad8d9bb90afcdc727ef4e0a7170ae6256961dea,6f2b8b68992bcda36a4d1bed320e0eb9662abd3eb63206bbab87eefdb241ba03,2c656eaa5f0435d44e4abcec2029b5567f0b7544fe5796246b9e233c19f7ac69,38ad04bc14c2a22e2d4699472849a99e706e5988005381695628468a6a57aff5,9874c4ea5ce62ca341f4e1b913a4c40f40ea4bae2e726aa668c93711a160fa83,1d5e2c484b119bc541868bd098751e1a058e288f8784a3ecdf5311a09a502434,0.1336168497800827,0.11978478729724884,0.08017871528863907,10.352033796932345,0.013832062482833862,89.64795871898218,2.5618140862779923,3.4186527366641672,-0.18926367018684742,1.0,False,0.9998016953468323,0.9999781847000122,0.14079834263395055,all_four_full_spatial_windows_common_frames
T05,1,BG5,spatial_EM,"[0, 1, 2, 3, 4, 5, 6, 7, 8, 9, 10, 11, 12, 13, 14, 15, 16, 17, 18, 19, 20, 21, 22, 23]",48c447ae987a7027330935145ad8d9bb90afcdc727ef4e0a7170ae6256961dea,6f2b8b68992bcda36a4d1bed320e0eb9662abd3eb63206bbab87eefdb241ba03,2c656eaa5f0435d44e4abcec2029b5567f0b7544fe5796246b9e233c19f7ac69,38ad04bc14c2a22e2d4699472849a99e706e5988005381695628468a6a57aff5,9874c4ea5ce62ca341f4e1b913a4c40f40ea4bae2e726aa668c93711a160fa83,1d5e2c484b119bc541868bd098751e1a058e288f8784a3ecdf5311a09a502434,0.1336168497800827,0.08628370612859726,0.05593668669462204,35.42452930669835,0.04733314365148544,64.57546320921617,2.543334700489637,3.3737181078112455,-0.17078428439849197,1.0,False,0.9998003840446472,0.9999774098396301,0.030044315191909022,all_four_full_spatial_windows_common_frames
T05,1,BG5,spatial_ML,"[12, 13, 14, 15, 16, 17, 18, 19, 20, 21, 22, 23, 24, 25, 26, 27, 28, 29, 30, 31, 32, 33, 34, 35]",48c447ae987a7027330935145ad8d9bb90afcdc727ef4e0a7170ae6256961dea,6f2b8b68992bcda36a4d1bed320e0eb9662abd3eb63206bbab87eefdb241ba03,2c656eaa5f0435d44e4abcec2029b5567f0b7544fe5796246b9e233c19f7ac69,38ad04bc14c2a22e2d4699472849a99e706e5988005381695628468a6a57aff5,9874c4ea5ce62ca341f4e1b913a4c40f40ea4bae2e726aa668c93711a160fa83,1d5e2c484b119bc541868bd098751e1a058e288f8784a3ecdf5311a09a502434,0.1336168497800827,0.09310596436262131,0.13079886138439178,30.31869292852522,0.040510885417461395,69.6812995873893,2.483059769994423,3.435308051964482,-0.11050935390327692,1.0,False,0.9997586607933044,0.9999761581420898,0.007706531061930173,all_four_full_spatial_windows_common_frames
T05,1,BG5,spatial_all,"[0, 1, 2, 3, 4, 5, 6, 7, 8, 9, 10, 11, 12, 13, 14, 15, 16, 17, 18, 19, 20, 21, 22, 23, 24, 25, 26, 27, 28, 29, 30, 31, 32, 33, 34, 35]",48c447ae987a7027330935145ad8d9bb90afcdc727ef4e0a7170ae6256961dea,6f2b8b68992bcda36a4d1bed320e0eb9662abd3eb63206bbab87eefdb241ba03,2c656eaa5f0435d44e4abcec2029b5567f0b7544fe5796246b9e233c19f7ac69,38ad04bc14c2a22e2d4699472849a99e706e5988005381695628468a6a57aff5,9874c4ea5ce62ca341f4e1b913a4c40f40ea4bae2e726aa668c93711a160fa83,1d5e2c484b119bc541868bd098751e1a058e288f8784a3ecdf5311a09a502434,0.1336168497800827,0.07961945235729218,0.16127580404281616,40.41211379436978,0.05399739742279053,59.58787872154475,2.520841688340543,3.4877614059467406,-0.14829127224939753,1.0,False,0.9997583031654358,0.9999760389328003,0.0,all_four_full_spatial_windows_common_frames
T05,1,BG6,spatial_E,"[0, 1, 2, 3, 4, 5, 6, 7, 8, 9, 10, 11]",48c447ae987a7027330935145ad8d9bb90afcdc727ef4e0a7170ae6256961dea,6f2b8b68992bcda36a4d1bed320e0eb9662abd3eb63206bbab87eefdb241ba03,2c656eaa5f0435d44e4abcec2029b5567f0b7544fe5796246b9e233c19f7ac69,38ad04bc14c2a22e2d4699472849a99e706e5988005381695628468a6a57aff5,9874c4ea5ce62ca341f4e1b913a4c40f40ea4bae2e726aa668c93711a160fa83,1d5e2c484b119bc541868bd098751e1a058e288f8784a3ecdf5311a09a502434,0.15733344852924347,0.1276811957359314,0.14462491869926453,18.846755846151204,0.029652252793312073,81.15323779792165,2.465598025691315,3.295375354324706,0.01980801566442155,1.0,False,0.9995924830436707,0.9999621510505676,0.10148703789669992,all_four_full_spatial_windows_common_frames
T05,1,BG6,spatial_EM,"[0, 1, 2, 3, 4, 5, 6, 7, 8, 9, 10, 11, 12, 13, 14, 15, 16, 17, 18, 19, 20, 21, 22, 23]",48c447ae987a7027330935145ad8d9bb90afcdc727ef4e0a7170ae6256961dea,6f2b8b68992bcda36a4d1bed320e0eb9662abd3eb63206bbab87eefdb241ba03,2c656eaa5f0435d44e4abcec2029b5567f0b7544fe5796246b9e233c19f7ac69,38ad04bc14c2a22e2d4699472849a99e706e5988005381695628468a6a57aff5,9874c4ea5ce62ca341f4e1b913a4c40f40ea4bae2e726aa668c93711a160fa83,1d5e2c484b119bc541868bd098751e1a058e288f8784a3ecdf5311a09a502434,0.15733344852924347,0.1260370910167694,0.1606568545103073,19.891736827648153,0.03129635751247406,80.1082568164247,2.4012978221888686,3.23325390900817,0.0841082191668671,1.0,False,0.9996263980865479,0.999958872795105,0.027954156593405756,all_four_full_spatial_windows_common_frames
T05,1,BG6,spatial_ML,"[12, 13, 14, 15, 16, 17, 18, 19, 20, 21, 22, 23, 24, 25, 26, 27, 28, 29, 30, 31, 32, 33, 34, 35]",48c447ae987a7027330935145ad8d9bb90afcdc727ef4e0a7170ae6256961dea,6f2b8b68992bcda36a4d1bed320e0eb9662abd3eb63206bbab87eefdb241ba03,2c656eaa5f0435d44e4abcec2029b5567f0b7544fe5796246b9e233c19f7ac69,38ad04bc14c2a22e2d4699472849a99e706e5988005381695628468a6a57aff5,9874c4ea5ce62ca341f4e1b913a4c40f40ea4bae2e726aa668c93711a160fa83,1d5e2c484b119bc541868bd098751e1a058e288f8784a3ecdf5311a09a502434,0.15733344852924347,0.05603793263435364,0.040124960243701935,64.38269192185977,0.10129551589488983,35.617301722213085,2.496628739161373,3.3800019160852077,-0.01122269780563721,1.0,False,0.999561607837677,0.9999574422836304,0.004916888905286771,all_four_full_spatial_windows_common_frames
T05,1,BG6,spatial_all,"[0, 1, 2, 3, 4, 5, 6, 7, 8, 9, 10, 11, 12, 13, 14, 15, 16, 17, 18, 19, 20, 21, 22, 23, 24, 25, 26, 27, 28, 29, 30, 31, 32, 33, 34, 35]",48c447ae987a7027330935145ad8d9bb90afcdc727ef4e0a7170ae6256961dea,6f2b8b68992bcda36a4d1bed320e0eb9662abd3eb63206bbab87eefdb241ba03,2c656eaa5f0435d44e4abcec2029b5567f0b7544fe5796246b9e233c19f7ac69,38ad04bc14c2a22e2d4699472849a99e706e5988005381695628468a6a57aff5,9874c4ea5ce62ca341f4e1b913a4c40f40ea4bae2e726aa668c93711a160fa83,1d5e2c484b119bc541868bd098751e1a058e288f8784a3ecdf5311a09a502434,0.15733344852924347,0.08916956186294556,0.12327725440263748,43.324469762182424,0.06816388666629791,56.67552388189043,2.4283040286119406,3.2898077923083884,0.057102012743795096,1.0,False,0.9995200634002686,0.9999553561210632,0.0,all_four_full_spatial_windows_common_frames
T05,1,BG7,spatial_E,"[0, 1, 2, 3, 4, 5, 6, 7, 8, 9, 10, 11]",48c447ae987a7027330935145ad8d9bb90afcdc727ef4e0a7170ae6256961dea,6f2b8b68992bcda36a4d1bed320e0eb9662abd3eb63206bbab87eefdb241ba03,2c656eaa5f0435d44e4abcec2029b5567f0b7544fe5796246b9e233c19f7ac69,38ad04bc14c2a22e2d4699472849a99e706e5988005381695628468a6a57aff5,9874c4ea5ce62ca341f4e1b913a4c40f40ea4bae2e726aa668c93711a160fa83,1d5e2c484b119bc541868bd098751e1a058e288f8784a3ecdf5311a09a502434,0.2620825171470642,0.1128167137503624,0.09935440868139267,56.953740877560776,0.1492658033967018,43.04625530684721,2.41342215617557,3.3476011568817454,-0.1838811806073646,1.0,False,0.999674916267395,0.9999673962593079,0.19731069543114396,all_four_full_spatial_windows_common_frames
T05,1,BG7,spatial_EM,"[0, 1, 2, 3, 4, 5, 6, 7, 8, 9, 10, 11, 12, 13, 14, 15, 16, 17, 18, 19, 20, 21, 22, 23]",48c447ae987a7027330935145ad8d9bb90afcdc727ef4e0a7170ae6256961dea,6f2b8b68992bcda36a4d1bed320e0eb9662abd3eb63206bbab87eefdb241ba03,2c656eaa5f0435d44e4abcec2029b5567f0b7544fe5796246b9e233c19f7ac69,38ad04bc14c2a22e2d4699472849a99e706e5988005381695628468a6a57aff5,9874c4ea5ce62ca341f4e1b913a4c40f40ea4bae2e726aa668c93711a160fa83,1d5e2c484b119bc541868bd098751e1a058e288f8784a3ecdf5311a09a502434,0.2620825171470642,0.13947045803070068,0.057405728846788406,46.7837594711384,0.12261205911636353,53.21623671326957,2.3710152676812624,3.3164403359344106,-0.14147429211305668,1.0,False,0.9997350573539734,0.9999687075614929,0.028858042667083496,all_four_full_spatial_windows_common_frames
T05,1,BG7,spatial_ML,"[12, 13, 14, 15, 16, 17, 18, 19, 20, 21, 22, 23, 24, 25, 26, 27, 28, 29, 30, 31, 32, 33, 34, 35]",48c447ae987a7027330935145ad8d9bb90afcdc727ef4e0a7170ae6256961dea,6f2b8b68992bcda36a4d1bed320e0eb9662abd3eb63206bbab87eefdb241ba03,2c656eaa5f0435d44e4abcec2029b5567f0b7544fe5796246b9e233c19f7ac69,38ad04bc14c2a22e2d4699472849a99e706e5988005381695628468a6a57aff5,9874c4ea5ce62ca341f4e1b913a4c40f40ea4bae2e726aa668c93711a160fa83,1d5e2c484b119bc541868bd098751e1a058e288f8784a3ecdf5311a09a502434,0.2620825171470642,0.13369053602218628,0.06724525988101959,48.9891419021736,0.12839198112487793,51.01085428223438,2.379977815438572,3.334614812315042,-0.15043683987036593,1.0,False,0.999703586101532,0.999969482421875,0.007917471911852962,all_four_full_spatial_windows_common_frames
T05,1,BG7,spatial_all,"[0, 1, 2, 3, 4, 5, 6, 7, 8, 9, 10, 11, 12, 13, 14, 15, 16, 17, 18, 19, 20, 21, 22, 23, 24, 25, 26, 27, 28, 29, 30, 31, 32, 33, 34, 35]",48c447ae987a7027330935145ad8d9bb90afcdc727ef4e0a7170ae6256961dea,6f2b8b68992bcda36a4d1bed320e0eb9662abd3eb63206bbab87eefdb241ba03,2c656eaa5f0435d44e4abcec2029b5567f0b7544fe5796246b9e233c19f7ac69,38ad04bc14c2a22e2d4699472849a99e706e5988005381695628468a6a57aff5,9874c4ea5ce62ca341f4e1b913a4c40f40ea4bae2e726aa668c93711a160fa83,1d5e2c484b119bc541868bd098751e1a058e288f8784a3ecdf5311a09a502434,0.2620825171470642,0.11906107515096664,0.05833150073885918,54.571147322554225,0.14302144199609756,45.42884886185376,2.3986565655217142,3.3470825144280503,-0.16911558995350856,1.0,False,0.999677300453186,0.9999669790267944,0.0,all_four_full_spatial_windows_common_frames
T05,1,BG8,spatial_E,"[0, 1, 2, 3, 4, 5, 6, 7, 8, 9, 10, 11]",48c447ae987a7027330935145ad8d9bb90afcdc727ef4e0a7170ae6256961dea,6f2b8b68992bcda36a4d1bed320e0eb9662abd3eb63206bbab87eefdb241ba03,2c656eaa5f0435d44e4abcec2029b5567f0b7544fe5796246b9e233c19f7ac69,38ad04bc14c2a22e2d4699472849a99e706e5988005381695628468a6a57aff5,9874c4ea5ce62ca341f4e1b913a4c40f40ea4bae2e726aa668c93711a160fa83,1d5e2c484b119bc541868bd098751e1a058e288f8784a3ecdf5311a09a502434,2.017444133758545,0.4895894527435303,1.244875192642212,75.73219242484633,1.5278546810150146,24.267807079477,2.3459608629113218,2.677845581950006,-0.7553565002898998,1.0,False,0.9994827508926392,0.9999569654464722,0.1863294700658603,all_four_full_spatial_windows_common_frames
T05,1,BG8,spatial_EM,"[0, 1, 2, 3, 4, 5, 6, 7, 8, 9, 10, 11, 12, 13, 14, 15, 16, 17, 18, 19, 20, 21, 22, 23]",48c447ae987a7027330935145ad8d9bb90afcdc727ef4e0a7170ae6256961dea,6f2b8b68992bcda36a4d1bed320e0eb9662abd3eb63206bbab87eefdb241ba03,2c656eaa5f0435d44e4abcec2029b5567f0b7544fe5796246b9e233c19f7ac69,38ad04bc14c2a22e2d4699472849a99e706e5988005381695628468a6a57aff5,9874c4ea5ce62ca341f4e1b913a4c40f40ea4bae2e726aa668c93711a160fa83,1d5e2c484b119bc541868bd098751e1a058e288f8784a3ecdf5311a09a502434,2.017444133758545,0.0743764117360115,0.06726638227701187,96.31333427663348,1.9430677220225334,3.68666522768985,2.437720007856141,3.2727581023428263,-0.8471156452347188,1.0,False,0.9995217323303223,0.9999489784240723,0.021309715601229125,all_four_full_spatial_windows_common_frames
T05,1,BG8,spatial_ML,"[12, 13, 14, 15, 16, 17, 18, 19, 20, 21, 22, 23, 24, 25, 26, 27, 28, 29, 30, 31, 32, 33, 34, 35]",48c447ae987a7027330935145ad8d9bb90afcdc727ef4e0a7170ae6256961dea,6f2b8b68992bcda36a4d1bed320e0eb9662abd3eb63206bbab87eefdb241ba03,2c656eaa5f0435d44e4abcec2029b5567f0b7544fe5796246b9e233c19f7ac69,38ad04bc14c2a22e2d4699472849a99e706e5988005381695628468a6a57aff5,9874c4ea5ce62ca341f4e1b913a4c40f40ea4bae2e726aa668c93711a160fa83,1d5e2c484b119bc541868bd098751e1a058e288f8784a3ecdf5311a09a502434,2.017444133758545,0.7293877005577087,1.511635422706604,63.845952671639154,1.2880564332008362,36.15404683268418,1.9362848865360642,2.3360905832243364,-0.345680523914642,1.0,False,0.9994354844093323,0.9999548196792603,0.06780260596589728,all_four_full_spatial_windows_common_frames
T05,1,BG8,spatial_all,"[0, 1, 2, 3, 4, 5, 6, 7, 8, 9, 10, 11, 12, 13, 14, 15, 16, 17, 18, 19, 20, 21, 22, 23, 24, 25, 26, 27, 28, 29, 30, 31, 32, 33, 34, 35]",48c447ae987a7027330935145ad8d9bb90afcdc727ef4e0a7170ae6256961dea,6f2b8b68992bcda36a4d1bed320e0eb9662abd3eb63206bbab87eefdb241ba03,2c656eaa5f0435d44e4abcec2029b5567f0b7544fe5796246b9e233c19f7ac69,38ad04bc14c2a22e2d4699472849a99e706e5988005381695628468a6a57aff5,9874c4ea5ce62ca341f4e1b913a4c40f40ea4bae2e726aa668c93711a160fa83,1d5e2c484b119bc541868bd098751e1a058e288f8784a3ecdf5311a09a502434,2.017444133758545,0.04920807108283043,0.026243116706609726,97.56087021119927,1.9682360626757145,2.4391292931240547,2.4367563674393415,3.322662332950812,-0.8461520048179191,1.0,False,0.9995293617248535,0.9999572038650513,0.0,all_four_full_spatial_windows_common_frames
T05,1,BG9,spatial_E,"[0, 1, 2, 3, 4, 5, 6, 7, 8, 9, 10, 11]",48c447ae987a7027330935145ad8d9bb90afcdc727ef4e0a7170ae6256961dea,6f2b8b68992bcda36a4d1bed320e0eb9662abd3eb63206bbab87eefdb241ba03,2c656eaa5f0435d44e4abcec2029b5567f0b7544fe5796246b9e233c19f7ac69,38ad04bc14c2a22e2d4699472849a99e706e5988005381695628468a6a57aff5,9874c4ea5ce62ca341f4e1b913a4c40f40ea4bae2e726aa668c93711a160fa83,1d5e2c484b119bc541868bd098751e1a058e288f8784a3ecdf5311a09a502434,0.9366976022720337,0.4175746440887451,0.7728331685066223,55.4205488924131,0.5191229581832886,44.579450040006506,2.1742792190205344,2.831115073529279,-0.3614009270655092,1.0,False,0.9996016621589661,0.9999622106552124,0.15659141437454113,all_four_full_spatial_windows_common_frames
T05,1,BG9,spatial_EM,"[0, 1, 2, 3, 4, 5, 6, 7, 8, 9, 10, 11, 12, 13, 14, 15, 16, 17, 18, 19, 20, 21, 22, 23]",48c447ae987a7027330935145ad8d9bb90afcdc727ef4e0a7170ae6256961dea,6f2b8b68992bcda36a4d1bed320e0eb9662abd3eb63206bbab87eefdb241ba03,2c656eaa5f0435d44e4abcec2029b5567f0b7544fe5796246b9e233c19f7ac69,38ad04bc14c2a22e2d4699472849a99e706e5988005381695628468a6a57aff5,9874c4ea5ce62ca341f4e1b913a4c40f40ea4bae2e726aa668c93711a160fa83,1d5e2c484b119bc541868bd098751e1a058e288f8784a3ecdf5311a09a502434,0.9366976022720337,0.05927262827754021,0.01383806113153696,93.6721693851904,0.8774249739944935,6.327829547229205,2.4619549503960565,3.3498764698596126,-0.6490766584410321,1.0,False,0.9995373487472534,0.9999545216560364,0.02065599255123004,all_four_full_spatial_windows_common_frames
T05,1,BG9,spatial_ML,"[12, 13, 14, 15, 16, 17, 18, 19, 20, 21, 22, 23, 24, 25, 26, 27, 28, 29, 30, 31, 32, 33, 34, 35]",48c447ae987a7027330935145ad8d9bb90afcdc727ef4e0a7170ae6256961dea,6f2b8b68992bcda36a4d1bed320e0eb9662abd3eb63206bbab87eefdb241ba03,2c656eaa5f0435d44e4abcec2029b5567f0b7544fe5796246b9e233c19f7ac69,38ad04bc14c2a22e2d4699472849a99e706e5988005381695628468a6a57aff5,9874c4ea5ce62ca341f4e1b913a4c40f40ea4bae2e726aa668c93711a160fa83,1d5e2c484b119bc541868bd098751e1a058e288f8784a3ecdf5311a09a502434,0.9366976022720337,0.211174875497818,0.26144087314605713,77.45538338828507,0.7255227267742157,22.54461554413454,2.307527364956008,3.1384762226982743,-0.4946490730009835,1.0,False,0.9995381832122803,0.9999569058418274,0.02823180634746735,all_four_full_spatial_windows_common_frames
T05,1,BG9,spatial_all,"[0, 1, 2, 3, 4, 5, 6, 7, 8, 9, 10, 11, 12, 13, 14, 15, 16, 17, 18, 19, 20, 21, 22, 23, 24, 25, 26, 27, 28, 29, 30, 31, 32, 33, 34, 35]",48c447ae987a7027330935145ad8d9bb90afcdc727ef4e0a7170ae6256961dea,6f2b8b68992bcda36a4d1bed320e0eb9662abd3eb63206bbab87eefdb241ba03,2c656eaa5f0435d44e4abcec2029b5567f0b7544fe5796246b9e233c19f7ac69,38ad04bc14c2a22e2d4699472849a99e706e5988005381695628468a6a57aff5,9874c4ea5ce62ca341f4e1b913a4c40f40ea4bae2e726aa668c93711a160fa83,1d5e2c484b119bc541868bd098751e1a058e288f8784a3ecdf5311a09a502434,0.9366976022720337,0.06065040081739426,0.04812821000814438,93.52508109097428,0.8760472014546394,6.474917841445324,2.441998510439922,3.3401005580173493,-0.6291202184848981,1.0,False,0.9994882345199585,0.9999492764472961,0.0,all_four_full_spatial_windows_common_frames
T05,1,BG10,spatial_E,"[0, 1, 2, 3, 4, 5, 6, 7, 8, 9, 10, 11]",48c447ae987a7027330935145ad8d9bb90afcdc727ef4e0a7170ae6256961dea,6f2b8b68992bcda36a4d1bed320e0eb9662abd3eb63206bbab87eefdb241ba03,2c656eaa5f0435d44e4abcec2029b5567f0b7544fe5796246b9e233c19f7ac69,38ad04bc14c2a22e2d4699472849a99e706e5988005381695628468a6a57aff5,9874c4ea5ce62ca341f4e1b913a4c40f40ea4bae2e726aa668c93711a160fa83,1d5e2c484b119bc541868bd098751e1a058e288f8784a3ecdf5311a09a502434,1.4414724111557007,0.37932008504867554,0.7465766072273254,73.68523396760129,1.0621523261070251,26.314765338663616,2.1872556431360826,2.7682933495563833,-0.6360509848145334,1.0,False,0.9996742010116577,0.9999712109565735,0.13354852826828129,all_four_full_spatial_windows_common_frames
T05,1,BG10,spatial_EM,"[0, 1, 2, 3, 4, 5, 6, 7, 8, 9, 10, 11, 12, 13, 14, 15, 16, 17, 18, 19, 20, 21, 22, 23]",48c447ae987a7027330935145ad8d9bb90afcdc727ef4e0a7170ae6256961dea,6f2b8b68992bcda36a4d1bed320e0eb9662abd3eb63206bbab87eefdb241ba03,2c656eaa5f0435d44e4abcec2029b5567f0b7544fe5796246b9e233c19f7ac69,38ad04bc14c2a22e2d4699472849a99e706e5988005381695628468a6a57aff5,9874c4ea5ce62ca341f4e1b913a4c40f40ea4bae2e726aa668c93711a160fa83,1d5e2c484b119bc541868bd098751e1a058e288f8784a3ecdf5311a09a502434,1.4414724111557007,0.1198173388838768,0.1473945528268814,91.68785006737671,1.3216550722718239,8.312149238888194,2.4143332675577525,3.2328165885853495,-0.8631286092362034,1.0,False,0.9997075200080872,0.9999688863754272,0.018538808261612177,all_four_full_spatial_windows_common_frames
T05,1,BG10,spatial_ML,"[12, 13, 14, 15, 16, 17, 18, 19, 20, 21, 22, 23, 24, 25, 26, 27, 28, 29, 30, 31, 32, 33, 34, 35]",48c447ae987a7027330935145ad8d9bb90afcdc727ef4e0a7170ae6256961dea,6f2b8b68992bcda36a4d1bed320e0eb9662abd3eb63206bbab87eefdb241ba03,2c656eaa5f0435d44e4abcec2029b5567f0b7544fe5796246b9e233c19f7ac69,38ad04bc14c2a22e2d4699472849a99e706e5988005381695628468a6a57aff5,9874c4ea5ce62ca341f4e1b913a4c40f40ea4bae2e726aa668c93711a160fa83,1d5e2c484b119bc541868bd098751e1a058e288f8784a3ecdf5311a09a502434,1.4414724111557007,0.5974219441413879,1.238154411315918,58.5547426802377,0.8440504670143127,41.445256626027216,2.0471973325278823,2.5218310830266706,-0.4959926742063329,1.0,False,0.9995911717414856,0.9999679327011108,0.05737510893890778,all_four_full_spatial_windows_common_frames
T05,1,BG10,spatial_all,"[0, 1, 2, 3, 4, 5, 6, 7, 8, 9, 10, 11, 12, 13, 14, 15, 16, 17, 18, 19, 20, 21, 22, 23, 24, 25, 26, 27, 28, 29, 30, 31, 32, 33, 34, 35]",48c447ae987a7027330935145ad8d9bb90afcdc727ef4e0a7170ae6256961dea,6f2b8b68992bcda36a4d1bed320e0eb9662abd3eb63206bbab87eefdb241ba03,2c656eaa5f0435d44e4abcec2029b5567f0b7544fe5796246b9e233c19f7ac69,38ad04bc14c2a22e2d4699472849a99e706e5988005381695628468a6a57aff5,9874c4ea5ce62ca341f4e1b913a4c40f40ea4bae2e726aa668c93711a160fa83,1d5e2c484b119bc541868bd098751e1a058e288f8784a3ecdf5311a09a502434,1.4414724111557007,0.0866326093673706,0.09195398539304733,93.98999119956018,1.35483980178833,6.010008106704733,2.424720894626058,3.301571520915358,-0.8735162363045088,1.0,False,0.9995959401130676,0.9999622106552124,0.0,all_four_full_spatial_windows_common_frames
T05,1,BG11,spatial_E,"[0, 1, 2, 3, 4, 5, 6, 7, 8, 9, 10, 11]",48c447ae987a7027330935145ad8d9bb90afcdc727ef4e0a7170ae6256961dea,6f2b8b68992bcda36a4d1bed320e0eb9662abd3eb63206bbab87eefdb241ba03,2c656eaa5f0435d44e4abcec2029b5567f0b7544fe5796246b9e233c19f7ac69,38ad04bc14c2a22e2d4699472849a99e706e5988005381695628468a6a57aff5,9874c4ea5ce62ca341f4e1b913a4c40f40ea4bae2e726aa668c93711a160fa83,1d5e2c484b119bc541868bd098751e1a058e288f8784a3ecdf5311a09a502434,0.5325934290885925,0.3231039047241211,0.4824451804161072,39.33385374085026,0.20948952436447144,60.666144381544925,2.188683860515811,2.9196932591818543,-0.16234296030066933,1.0,False,0.9996762275695801,0.999975323677063,0.11564759840205899,all_four_full_spatial_windows_common_frames
T05,1,BG11,spatial_EM,"[0, 1, 2, 3, 4, 5, 6, 7, 8, 9, 10, 11, 12, 13, 14, 15, 16, 17, 18, 19, 20, 21, 22, 23]",48c447ae987a7027330935145ad8d9bb90afcdc727ef4e0a7170ae6256961dea,6f2b8b68992bcda36a4d1bed320e0eb9662abd3eb63206bbab87eefdb241ba03,2c656eaa5f0435d44e4abcec2029b5567f0b7544fe5796246b9e233c19f7ac69,38ad04bc14c2a22e2d4699472849a99e706e5988005381695628468a6a57aff5,9874c4ea5ce62ca341f4e1b913a4c40f40ea4bae2e726aa668c93711a160fa83,1d5e2c484b119bc541868bd098751e1a058e288f8784a3ecdf5311a09a502434,0.5325934290885925,0.09017152339220047,0.07861021906137466,83.06934956868645,0.44242190569639206,16.930648553708746,2.4202303025988425,3.288887850147529,-0.39388940238370046,1.0,False,0.9996527433395386,0.9999702572822571,0.017586297798347954,all_four_full_spatial_windows_common_frames
T05,1,BG11,spatial_ML,"[12, 13, 14, 15, 16, 17, 18, 19, 20, 21, 22, 23, 24, 25, 26, 27, 28, 29, 30, 31, 32, 33, 34, 35]",48c447ae987a7027330935145ad8d9bb90afcdc727ef4e0a7170ae6256961dea,6f2b8b68992bcda36a4d1bed320e0eb9662abd3eb63206bbab87eefdb241ba03,2c656eaa5f0435d44e4abcec2029b5567f0b7544fe5796246b9e233c19f7ac69,38ad04bc14c2a22e2d4699472849a99e706e5988005381695628468a6a57aff5,9874c4ea5ce62ca341f4e1b913a4c40f40ea4bae2e726aa668c93711a160fa83,1d5e2c484b119bc541868bd098751e1a058e288f8784a3ecdf5311a09a502434,0.5325934290885925,0.17499467730522156,0.19309408962726593,67.14291343793428,0.35759875178337097,32.8570846844609,2.3404656115139857,3.2102978647492995,-0.314124711298844,1.0,False,0.9995610117912292,0.9999651908874512,0.01797528178467222,all_four_full_spatial_windows_common_frames
T05,1,BG11,spatial_all,"[0, 1, 2, 3, 4, 5, 6, 7, 8, 9, 10, 11, 12, 13, 14, 15, 16, 17, 18, 19, 20, 21, 22, 23, 24, 25, 26, 27, 28, 29, 30, 31, 32, 33, 34, 35]",48c447ae987a7027330935145ad8d9bb90afcdc727ef4e0a7170ae6256961dea,6f2b8b68992bcda36a4d1bed320e0eb9662abd3eb63206bbab87eefdb241ba03,2c656eaa5f0435d44e4abcec2029b5567f0b7544fe5796246b9e233c19f7ac69,38ad04bc14c2a22e2d4699472849a99e706e5988005381695628468a6a57aff5,9874c4ea5ce62ca341f4e1b913a4c40f40ea4bae2e726aa668c93711a160fa83,1d5e2c484b119bc541868bd098751e1a058e288f8784a3ecdf5311a09a502434,0.5325934290885925,0.08320324122905731,0.07360789179801941,84.37771757544742,0.4493901878595352,15.622280546947769,2.4285049513239705,3.310141495767572,-0.4021640511088284,1.0,False,0.9995071887969971,0.9999603033065796,0.0,all_four_full_spatial_windows_common_frames
T05,1,BG12,spatial_E,"[0, 1, 2, 3, 4, 5, 6, 7, 8, 9, 10, 11]",48c447ae987a7027330935145ad8d9bb90afcdc727ef4e0a7170ae6256961dea,6f2b8b68992bcda36a4d1bed320e0eb9662abd3eb63206bbab87eefdb241ba03,2c656eaa5f0435d44e4abcec2029b5567f0b7544fe5796246b9e233c19f7ac69,38ad04bc14c2a22e2d4699472849a99e706e5988005381695628468a6a57aff5,9874c4ea5ce62ca341f4e1b913a4c40f40ea4bae2e726aa668c93711a160fa83,1d5e2c484b119bc541868bd098751e1a058e288f8784a3ecdf5311a09a502434,0.7732623219490051,0.2013685256242752,0.3750952482223511,73.95857430210954,0.5718937963247299,26.04142440466827,2.333932717407767,3.075039718314209,-0.42600394474933995,1.0,False,0.9997207522392273,0.9999725222587585,0.13079885787827988,all_four_full_spatial_windows_common_frames
T05,1,BG12,spatial_EM,"[0, 1, 2, 3, 4, 5, 6, 7, 8, 9, 10, 11, 12, 13, 14, 15, 16, 17, 18, 19, 20, 21, 22, 23]",48c447ae987a7027330935145ad8d9bb90afcdc727ef4e0a7170ae6256961dea,6f2b8b68992bcda36a4d1bed320e0eb9662abd3eb63206bbab87eefdb241ba03,2c656eaa5f0435d44e4abcec2029b5567f0b7544fe5796246b9e233c19f7ac69,38ad04bc14c2a22e2d4699472849a99e706e5988005381695628468a6a57aff5,9874c4ea5ce62ca341f4e1b913a4c40f40ea4bae2e726aa668c93711a160fa83,1d5e2c484b119bc541868bd098751e1a058e288f8784a3ecdf5311a09a502434,0.7732623219490051,0.06040502339601517,0.02485780231654644,92.18828709220006,0.71285729855299,7.811711614577747,2.501375127889139,3.3648355689290734,-0.5934463552307119,1.0,False,0.9997462630271912,0.9999687075614929,0.027247127341548785,all_four_full_spatial_windows_common_frames
T05,1,BG12,spatial_ML,"[12, 13, 14, 15, 16, 17, 18, 19, 20, 21, 22, 23, 24, 25, 26, 27, 28, 29, 30, 31, 32, 33, 34, 35]",48c447ae987a7027330935145ad8d9bb90afcdc727ef4e0a7170ae6256961dea,6f2b8b68992bcda36a4d1bed320e0eb9662abd3eb63206bbab87eefdb241ba03,2c656eaa5f0435d44e4abcec2029b5567f0b7544fe5796246b9e233c19f7ac69,38ad04bc14c2a22e2d4699472849a99e706e5988005381695628468a6a57aff5,9874c4ea5ce62ca341f4e1b913a4c40f40ea4bae2e726aa668c93711a160fa83,1d5e2c484b119bc541868bd098751e1a058e288f8784a3ecdf5311a09a502434,0.7732623219490051,0.22028037905693054,0.26552051305770874,71.51285146636917,0.5529819428920746,28.487147240408643,2.3354916217036594,3.2038726965295883,-0.4275628490452322,1.0,False,0.9997650980949402,0.9999759793281555,0.024493546604249832,all_four_full_spatial_windows_common_frames
T05,1,BG12,spatial_all,"[0, 1, 2, 3, 4, 5, 6, 7, 8, 9, 10, 11, 12, 13, 14, 15, 16, 17, 18, 19, 20, 21, 22, 23, 24, 25, 26, 27, 28, 29, 30, 31, 32, 33, 34, 35]",48c447ae987a7027330935145ad8d9bb90afcdc727ef4e0a7170ae6256961dea,6f2b8b68992bcda36a4d1bed320e0eb9662abd3eb63206bbab87eefdb241ba03,2c656eaa5f0435d44e4abcec2029b5567f0b7544fe5796246b9e233c19f7ac69,38ad04bc14c2a22e2d4699472849a99e706e5988005381695628468a6a57aff5,9874c4ea5ce62ca341f4e1b913a4c40f40ea4bae2e726aa668c93711a160fa83,1d5e2c484b119bc541868bd098751e1a058e288f8784a3ecdf5311a09a502434,0.7732623219490051,0.06569398939609528,0.09774696081876755,91.50430627720947,0.7075683325529099,8.495692429568345,2.4917238325481357,3.434239809183172,-0.5837950598897088,1.0,False,0.9997747540473938,0.9999731779098511,0.0,all_four_full_spatial_windows_common_frames
T05,1,BG13,spatial_E,"[0, 1, 2, 3, 4, 5, 6, 7, 8, 9, 10, 11]",48c447ae987a7027330935145ad8d9bb90afcdc727ef4e0a7170ae6256961dea,6f2b8b68992bcda36a4d1bed320e0eb9662abd3eb63206bbab87eefdb241ba03,2c656eaa5f0435d44e4abcec2029b5567f0b7544fe5796246b9e233c19f7ac69,38ad04bc14c2a22e2d4699472849a99e706e5988005381695628468a6a57aff5,9874c4ea5ce62ca341f4e1b913a4c40f40ea4bae2e726aa668c93711a160fa83,1d5e2c484b119bc541868bd098751e1a058e288f8784a3ecdf5311a09a502434,0.5821459889411926,0.26085859537124634,0.4106849133968353,55.19017465623811,0.3212873935699463,44.809823625979746,2.288595559426827,3.0771579278732073,-0.23707671336918018,1.0,False,0.9995883107185364,0.9999645948410034,0.12060898619871181,all_four_full_spatial_windows_common_frames
T05,1,BG13,spatial_EM,"[0, 1, 2, 3, 4, 5, 6, 7, 8, 9, 10, 11, 12, 13, 14, 15, 16, 17, 18, 19, 20, 21, 22, 23]",48c447ae987a7027330935145ad8d9bb90afcdc727ef4e0a7170ae6256961dea,6f2b8b68992bcda36a4d1bed320e0eb9662abd3eb63206bbab87eefdb241ba03,2c656eaa5f0435d44e4abcec2029b5567f0b7544fe5796246b9e233c19f7ac69,38ad04bc14c2a22e2d4699472849a99e706e5988005381695628468a6a57aff5,9874c4ea5ce62ca341f4e1b913a4c40f40ea4bae2e726aa668c93711a160fa83,1d5e2c484b119bc541868bd098751e1a058e288f8784a3ecdf5311a09a502434,0.5821459889411926,0.08124558627605438,0.0756639912724495,86.04377657429168,0.5009004026651382,13.95622170792617,2.496315705012445,3.4153333687862832,-0.44479685895479815,1.0,False,0.9996782541275024,0.9999658465385437,0.026881226392181507,all_four_full_spatial_windows_common_frames
T05,1,BG13,spatial_ML,"[12, 13, 14, 15, 16, 17, 18, 19, 20, 21, 22, 23, 24, 25, 26, 27, 28, 29, 30, 31, 32, 33, 34, 35]",48c447ae987a7027330935145ad8d9bb90afcdc727ef4e0a7170ae6256961dea,6f2b8b68992bcda36a4d1bed320e0eb9662abd3eb63206bbab87eefdb241ba03,2c656eaa5f0435d44e4abcec2029b5567f0b7544fe5796246b9e233c19f7ac69,38ad04bc14c2a22e2d4699472849a99e706e5988005381695628468a6a57aff5,9874c4ea5ce62ca341f4e1b913a4c40f40ea4bae2e726aa668c93711a160fa83,1d5e2c484b119bc541868bd098751e1a058e288f8784a3ecdf5311a09a502434,0.5821459889411926,0.18552391231060028,0.15948890149593353,68.13103196654598,0.39662207663059235,31.86896631567188,2.353800744894656,3.2574128524197583,-0.3022818988370098,1.0,False,0.9995694756507874,0.9999613761901855,0.016741253249554895,all_four_full_spatial_windows_common_frames
T05,1,BG13,spatial_all,"[0, 1, 2, 3, 4, 5, 6, 7, 8, 9, 10, 11, 12, 13, 14, 15, 16, 17, 18, 19, 20, 21, 22, 23, 24, 25, 26, 27, 28, 29, 30, 31, 32, 33, 34, 35]",48c447ae987a7027330935145ad8d9bb90afcdc727ef4e0a7170ae6256961dea,6f2b8b68992bcda36a4d1bed320e0eb9662abd3eb63206bbab87eefdb241ba03,2c656eaa5f0435d44e4abcec2029b5567f0b7544fe5796246b9e233c19f7ac69,38ad04bc14c2a22e2d4699472849a99e706e5988005381695628468a6a57aff5,9874c4ea5ce62ca341f4e1b913a4c40f40ea4bae2e726aa668c93711a160fa83,1d5e2c484b119bc541868bd098751e1a058e288f8784a3ecdf5311a09a502434,0.5821459889411926,0.07944413274526596,0.0727398544549942,86.3532270444598,0.5027018561959267,13.646771237758049,2.4617522706443564,3.399153166746512,-0.41023342458671036,1.0,False,0.9995535016059875,0.9999576807022095,0.0,all_four_full_spatial_windows_common_frames
T05,1,BG14,spatial_E,"[0, 1, 2, 3, 4, 5, 6, 7, 8, 9, 10, 11]",48c447ae987a7027330935145ad8d9bb90afcdc727ef4e0a7170ae6256961dea,6f2b8b68992bcda36a4d1bed320e0eb9662abd3eb63206bbab87eefdb241ba03,2c656eaa5f0435d44e4abcec2029b5567f0b7544fe5796246b9e233c19f7ac69,38ad04bc14c2a22e2d4699472849a99e706e5988005381695628468a6a57aff5,9874c4ea5ce62ca341f4e1b913a4c40f40ea4bae2e726aa668c93711a160fa83,1d5e2c484b119bc541868bd098751e1a058e288f8784a3ecdf5311a09a502434,1.9780147075653076,0.4738285541534424,1.007908821105957,76.04524577366811,1.5041861534118652,23.954753720774484,2.1207514719361944,2.618344936365266,-0.7107197117577708,1.0,False,0.9995797276496887,0.9999606013298035,0.1110556135135707,all_four_full_spatial_windows_common_frames
T05,1,BG14,spatial_EM,"[0, 1, 2, 3, 4, 5, 6, 7, 8, 9, 10, 11, 12, 13, 14, 15, 16, 17, 18, 19, 20, 21, 22, 23]",48c447ae987a7027330935145ad8d9bb90afcdc727ef4e0a7170ae6256961dea,6f2b8b68992bcda36a4d1bed320e0eb9662abd3eb63206bbab87eefdb241ba03,2c656eaa5f0435d44e4abcec2029b5567f0b7544fe5796246b9e233c19f7ac69,38ad04bc14c2a22e2d4699472849a99e706e5988005381695628468a6a57aff5,9874c4ea5ce62ca341f4e1b913a4c40f40ea4bae2e726aa668c93711a160fa83,1d5e2c484b119bc541868bd098751e1a058e288f8784a3ecdf5311a09a502434,1.9780147075653076,0.06842238456010818,0.07502446323633194,96.54085513355898,1.9095923230051994,3.459144360883609,2.430845045532677,3.271049129068549,-1.020813285354253,1.0,False,0.9996708631515503,0.9999594688415527,0.015725728320121438,all_four_full_spatial_windows_common_frames
T05,1,BG14,spatial_ML,"[12, 13, 14, 15, 16, 17, 18, 19, 20, 21, 22, 23, 24, 25, 26, 27, 28, 29, 30, 31, 32, 33, 34, 35]",48c447ae987a7027330935145ad8d9bb90afcdc727ef4e0a7170ae6256961dea,6f2b8b68992bcda36a4d1bed320e0eb9662abd3eb63206bbab87eefdb241ba03,2c656eaa5f0435d44e4abcec2029b5567f0b7544fe5796246b9e233c19f7ac69,38ad04bc14c2a22e2d4699472849a99e706e5988005381695628468a6a57aff5,9874c4ea5ce62ca341f4e1b913a4c40f40ea4bae2e726aa668c93711a160fa83,1d5e2c484b119bc541868bd098751e1a058e288f8784a3ecdf5311a09a502434,1.9780147075653076,0.7285003066062927,1.4538335800170898,63.17012658515571,1.249514400959015,36.829872909286884,1.9517020844165027,2.379177874711891,-0.5416703242380787,1.0,False,0.9996621608734131,0.9999679327011108,0.061578115466675507,all_four_full_spatial_windows_common_frames
T05,1,BG14,spatial_all,"[0, 1, 2, 3, 4, 5, 6, 7, 8, 9, 10, 11, 12, 13, 14, 15, 16, 17, 18, 19, 20, 21, 22, 23, 24, 25, 26, 27, 28, 29, 30, 31, 32, 33, 34, 35]",48c447ae987a7027330935145ad8d9bb90afcdc727ef4e0a7170ae6256961dea,6f2b8b68992bcda36a4d1bed320e0eb9662abd3eb63206bbab87eefdb241ba03,2c656eaa5f0435d44e4abcec2029b5567f0b7544fe5796246b9e233c19f7ac69,38ad04bc14c2a22e2d4699472849a99e706e5988005381695628468a6a57aff5,9874c4ea5ce62ca341f4e1b913a4c40f40ea4bae2e726aa668c93711a160fa83,1d5e2c484b119bc541868bd098751e1a058e288f8784a3ecdf5311a09a502434,1.9780147075653076,0.06117402762174606,0.05298122763633728,96.90730119050663,1.9168406799435616,3.0926983039359666,2.4425471442823086,3.3378334736121222,-1.0325153841038845,1.0,False,0.9996993541717529,0.9999653100967407,0.0,all_four_full_spatial_windows_common_frames
T05,1,BG15,spatial_E,"[0, 1, 2, 3, 4, 5, 6, 7, 8, 9, 10, 11]",48c447ae987a7027330935145ad8d9bb90afcdc727ef4e0a7170ae6256961dea,6f2b8b68992bcda36a4d1bed320e0eb9662abd3eb63206bbab87eefdb241ba03,2c656eaa5f0435d44e4abcec2029b5567f0b7544fe5796246b9e233c19f7ac69,38ad04bc14c2a22e2d4699472849a99e706e5988005381695628468a6a57aff5,9874c4ea5ce62ca341f4e1b913a4c40f40ea4bae2e726aa668c93711a160fa83,1d5e2c484b119bc541868bd098751e1a058e288f8784a3ecdf5311a09a502434,0.2521299719810486,0.14837530255317688,0.311245322227478,41.15126198504645,0.1037546694278717,58.848734048745364,2.33728772487166,3.0693208451567657,-0.0919094866228897,1.0,False,0.9996141195297241,0.9999588131904602,0.06345104646533808,all_four_full_spatial_windows_common_frames
T05,1,BG15,spatial_EM,"[0, 1, 2, 3, 4, 5, 6, 7, 8, 9, 10, 11, 12, 13, 14, 15, 16, 17, 18, 19, 20, 21, 22, 23]",48c447ae987a7027330935145ad8d9bb90afcdc727ef4e0a7170ae6256961dea,6f2b8b68992bcda36a4d1bed320e0eb9662abd3eb63206bbab87eefdb241ba03,2c656eaa5f0435d44e4abcec2029b5567f0b7544fe5796246b9e233c19f7ac69,38ad04bc14c2a22e2d4699472849a99e706e5988005381695628468a6a57aff5,9874c4ea5ce62ca341f4e1b913a4c40f40ea4bae2e726aa668c93711a160fa83,1d5e2c484b119bc541868bd098751e1a058e288f8784a3ecdf5311a09a502434,0.2521299719810486,0.05880828574299812,0.09456059336662292,76.67540556623747,0.19332168623805046,23.324590467554337,2.4360382966820904,3.2667498851336005,-0.19066005843332037,1.0,False,0.9996234178543091,0.9999580383300781,0.014837097437769472,all_four_full_spatial_windows_common_frames
T05,1,BG15,spatial_ML,"[12, 13, 14, 15, 16, 17, 18, 19, 20, 21, 22, 23, 24, 25, 26, 27, 28, 29, 30, 31, 32, 33, 34, 35]",48c447ae987a7027330935145ad8d9bb90afcdc727ef4e0a7170ae6256961dea,6f2b8b68992bcda36a4d1bed320e0eb9662abd3eb63206bbab87eefdb241ba03,2c656eaa5f0435d44e4abcec2029b5567f0b7544fe5796246b9e233c19f7ac69,38ad04bc14c2a22e2d4699472849a99e706e5988005381695628468a6a57aff5,9874c4ea5ce62ca341f4e1b913a4c40f40ea4bae2e726aa668c93711a160fa83,1d5e2c484b119bc541868bd098751e1a058e288f8784a3ecdf5311a09a502434,0.2521299719810486,0.10336299240589142,0.11992381513118744,59.00408131006779,0.14876697957515717,40.99591472372402,2.394534144780215,3.2493278875379747,-0.14915590653144484,1.0,False,0.9996398687362671,0.9999596476554871,0.008349427331271836,all_four_full_spatial_windows_common_frames
T05,1,BG15,spatial_all,"[0, 1, 2, 3, 4, 5, 6, 7, 8, 9, 10, 11, 12, 13, 14, 15, 16, 17, 18, 19, 20, 21, 22, 23, 24, 25, 26, 27, 28, 29, 30, 31, 32, 33, 34, 35]",48c447ae987a7027330935145ad8d9bb90afcdc727ef4e0a7170ae6256961dea,6f2b8b68992bcda36a4d1bed320e0eb9662abd3eb63206bbab87eefdb241ba03,2c656eaa5f0435d44e4abcec2029b5567f0b7544fe5796246b9e233c19f7ac69,38ad04bc14c2a22e2d4699472849a99e706e5988005381695628468a6a57aff5,9874c4ea5ce62ca341f4e1b913a4c40f40ea4bae2e726aa668c93711a160fa83,1d5e2c484b119bc541868bd098751e1a058e288f8784a3ecdf5311a09a502434,0.2521299719810486,0.06997967511415482,0.09707868844270706,72.24459996216758,0.18215029686689377,27.755396071624222,2.429808361226916,3.2676972183046478,-0.18443012297814618,1.0,False,0.9995390176773071,0.999952495098114,0.0,all_four_full_spatial_windows_common_frames
T05,2,BG1,spatial_E,"[0, 1, 2, 3, 4, 5, 6, 7, 8, 9, 10, 11]",48c447ae987a7027330935145ad8d9bb90afcdc727ef4e0a7170ae6256961dea,6f2b8b68992bcda36a4d1bed320e0eb9662abd3eb63206bbab87eefdb241ba03,d42fd0835ca1169fdd93186e68af5562f7bd2461ca94639164ad5b5b2b0d06a4,38ad04bc14c2a22e2d4699472849a99e706e5988005381695628468a6a57aff5,9874c4ea5ce62ca341f4e1b913a4c40f40ea4bae2e726aa668c93711a160fa83,1d5e2c484b119bc541868bd098751e1a058e288f8784a3ecdf5311a09a502434,0.09138093888759613,0.11129516363143921,0.1940695345401764,-21.79253442458639,-0.01991422474384308,121.7925234813864,0.8791604848124841,0.9832116243707147,0.01710393717702448,1.0,False,0.9997832179069519,0.9999738931655884,0.04077806598098423,all_four_full_spatial_windows_common_frames
T05,2,BG1,spatial_EM,"[0, 1, 2, 3, 4, 5, 6, 7, 8, 9, 10, 11, 12, 13, 14, 15, 16, 17, 18, 19, 20, 21, 22, 23]",48c447ae987a7027330935145ad8d9bb90afcdc727ef4e0a7170ae6256961dea,6f2b8b68992bcda36a4d1bed320e0eb9662abd3eb63206bbab87eefdb241ba03,d42fd0835ca1169fdd93186e68af5562f7bd2461ca94639164ad5b5b2b0d06a4,38ad04bc14c2a22e2d4699472849a99e706e5988005381695628468a6a57aff5,9874c4ea5ce62ca341f4e1b913a4c40f40ea4bae2e726aa668c93711a160fa83,1d5e2c484b119bc541868bd098751e1a058e288f8784a3ecdf5311a09a502434,0.09138093888759613,0.0588817223906517,0.13152533769607544,35.564542601675484,0.03249921649694443,64.43544645512452,0.9309480524995315,1.0384765633952124,-0.03468363051002299,1.0,False,0.9997978806495667,0.9999747276306152,0.0265658650991139,all_four_full_spatial_windows_common_frames
T05,2,BG1,spatial_ML,"[12, 13, 14, 15, 16, 17, 18, 19, 20, 21, 22, 23, 24, 25, 26, 27, 28, 29, 30, 31, 32, 33, 34, 35]",48c447ae987a7027330935145ad8d9bb90afcdc727ef4e0a7170ae6256961dea,6f2b8b68992bcda36a4d1bed320e0eb9662abd3eb63206bbab87eefdb241ba03,d42fd0835ca1169fdd93186e68af5562f7bd2461ca94639164ad5b5b2b0d06a4,38ad04bc14c2a22e2d4699472849a99e706e5988005381695628468a6a57aff5,9874c4ea5ce62ca341f4e1b913a4c40f40ea4bae2e726aa668c93711a160fa83,1d5e2c484b119bc541868bd098751e1a058e288f8784a3ecdf5311a09a502434,0.09138093888759613,0.03754303604364395,0.031224995851516724,58.91589384804477,0.05383790284395218,41.08409520875524,0.976483877922844,1.046368174310044,-0.08021945593333538,1.0,False,0.9998564720153809,0.9999787211418152,0.0018091101102189382,all_four_full_spatial_windows_common_frames
T05,2,BG1,spatial_all,"[0, 1, 2, 3, 4, 5, 6, 7, 8, 9, 10, 11, 12, 13, 14, 15, 16, 17, 18, 19, 20, 21, 22, 23, 24, 25, 26, 27, 28, 29, 30, 31, 32, 33, 34, 35]",48c447ae987a7027330935145ad8d9bb90afcdc727ef4e0a7170ae6256961dea,6f2b8b68992bcda36a4d1bed320e0eb9662abd3eb63206bbab87eefdb241ba03,d42fd0835ca1169fdd93186e68af5562f7bd2461ca94639164ad5b5b2b0d06a4,38ad04bc14c2a22e2d4699472849a99e706e5988005381695628468a6a57aff5,9874c4ea5ce62ca341f4e1b913a4c40f40ea4bae2e726aa668c93711a160fa83,1d5e2c484b119bc541868bd098751e1a058e288f8784a3ecdf5311a09a502434,0.09138093888759613,0.02919306792318821,0.028599800541996956,68.05343096283954,0.06218787096440792,31.94655809396046,0.9755474020657406,1.0598210940992576,-0.079282980076232,1.0,False,0.9998216032981873,0.9999774694442749,0.0,all_four_full_spatial_windows_common_frames
T05,2,BG2,spatial_E,"[0, 1, 2, 3, 4, 5, 6, 7, 8, 9, 10, 11]",48c447ae987a7027330935145ad8d9bb90afcdc727ef4e0a7170ae6256961dea,6f2b8b68992bcda36a4d1bed320e0eb9662abd3eb63206bbab87eefdb241ba03,d42fd0835ca1169fdd93186e68af5562f7bd2461ca94639164ad5b5b2b0d06a4,38ad04bc14c2a22e2d4699472849a99e706e5988005381695628468a6a57aff5,9874c4ea5ce62ca341f4e1b913a4c40f40ea4bae2e726aa668c93711a160fa83,1d5e2c484b119bc541868bd098751e1a058e288f8784a3ecdf5311a09a502434,0.09594254940748215,0.10097916424274445,0.110344797372818,-5.249614838677647,-0.005036614835262299,105.24960441577456,0.8840898355702066,1.0357314025723738,0.004253512967313694,1.0,False,0.9998459815979004,0.9999755620956421,0.04424527970395745,all_four_full_spatial_windows_common_frames
T05,2,BG2,spatial_EM,"[0, 1, 2, 3, 4, 5, 6, 7, 8, 9, 10, 11, 12, 13, 14, 15, 16, 17, 18, 19, 20, 21, 22, 23]",48c447ae987a7027330935145ad8d9bb90afcdc727ef4e0a7170ae6256961dea,6f2b8b68992bcda36a4d1bed320e0eb9662abd3eb63206bbab87eefdb241ba03,d42fd0835ca1169fdd93186e68af5562f7bd2461ca94639164ad5b5b2b0d06a4,38ad04bc14c2a22e2d4699472849a99e706e5988005381695628468a6a57aff5,9874c4ea5ce62ca341f4e1b913a4c40f40ea4bae2e726aa668c93711a160fa83,1d5e2c484b119bc541868bd098751e1a058e288f8784a3ecdf5311a09a502434,0.09594254940748215,0.05263536423444748,0.030590739101171494,45.13865946508962,0.04330718517303467,54.86133011200729,0.9574936266969581,1.075745920032054,-0.06915027815943786,1.0,False,0.9998351335525513,0.9999763369560242,0.028648376186163952,all_four_full_spatial_windows_common_frames
T05,2,BG2,spatial_ML,"[12, 13, 14, 15, 16, 17, 18, 19, 20, 21, 22, 23, 24, 25, 26, 27, 28, 29, 30, 31, 32, 33, 34, 35]",48c447ae987a7027330935145ad8d9bb90afcdc727ef4e0a7170ae6256961dea,6f2b8b68992bcda36a4d1bed320e0eb9662abd3eb63206bbab87eefdb241ba03,d42fd0835ca1169fdd93186e68af5562f7bd2461ca94639164ad5b5b2b0d06a4,38ad04bc14c2a22e2d4699472849a99e706e5988005381695628468a6a57aff5,9874c4ea5ce62ca341f4e1b913a4c40f40ea4bae2e726aa668c93711a160fa83,1d5e2c484b119bc541868bd098751e1a058e288f8784a3ecdf5311a09a502434,0.09594254940748215,0.059101857244968414,0.07959733158349991,38.398696459665935,0.03684069216251373,61.60129311743097,1.0037333348599635,1.0857239082509331,-0.1153899863224431,1.0,False,0.9998584985733032,0.9999784231185913,0.0024324710204518527,all_four_full_spatial_windows_common_frames
T05,2,BG2,spatial_all,"[0, 1, 2, 3, 4, 5, 6, 7, 8, 9, 10, 11, 12, 13, 14, 15, 16, 17, 18, 19, 20, 21, 22, 23, 24, 25, 26, 27, 28, 29, 30, 31, 32, 33, 34, 35]",48c447ae987a7027330935145ad8d9bb90afcdc727ef4e0a7170ae6256961dea,6f2b8b68992bcda36a4d1bed320e0eb9662abd3eb63206bbab87eefdb241ba03,d42fd0835ca1169fdd93186e68af5562f7bd2461ca94639164ad5b5b2b0d06a4,38ad04bc14c2a22e2d4699472849a99e706e5988005381695628468a6a57aff5,9874c4ea5ce62ca341f4e1b913a4c40f40ea4bae2e726aa668c93711a160fa83,1d5e2c484b119bc541868bd098751e1a058e288f8784a3ecdf5311a09a502434,0.09594254940748215,0.051598865538835526,0.03373907506465912,46.21899201199385,0.04434368386864662,53.78099756510306,1.00417302047244,1.0885909539719743,-0.11582967193491922,1.0,False,0.9998564720153809,0.9999784231185913,0.0,all_four_full_spatial_windows_common_frames
T05,2,BG3,spatial_E,"[0, 1, 2, 3, 4, 5, 6, 7, 8, 9, 10, 11]",48c447ae987a7027330935145ad8d9bb90afcdc727ef4e0a7170ae6256961dea,6f2b8b68992bcda36a4d1bed320e0eb9662abd3eb63206bbab87eefdb241ba03,d42fd0835ca1169fdd93186e68af5562f7bd2461ca94639164ad5b5b2b0d06a4,38ad04bc14c2a22e2d4699472849a99e706e5988005381695628468a6a57aff5,9874c4ea5ce62ca341f4e1b913a4c40f40ea4bae2e726aa668c93711a160fa83,1d5e2c484b119bc541868bd098751e1a058e288f8784a3ecdf5311a09a502434,0.20720644295215607,0.15564075112342834,0.2170494645833969,24.886141861920795,0.05156569182872772,75.11385331197468,1.026334407423287,1.0461552272642254,0.03954775509976534,1.0,False,0.9998393058776855,0.999980092048645,0.040768439620877894,all_four_full_spatial_windows_common_frames
T05,2,BG3,spatial_EM,"[0, 1, 2, 3, 4, 5, 6, 7, 8, 9, 10, 11, 12, 13, 14, 15, 16, 17, 18, 19, 20, 21, 22, 23]",48c447ae987a7027330935145ad8d9bb90afcdc727ef4e0a7170ae6256961dea,6f2b8b68992bcda36a4d1bed320e0eb9662abd3eb63206bbab87eefdb241ba03,d42fd0835ca1169fdd93186e68af5562f7bd2461ca94639164ad5b5b2b0d06a4,38ad04bc14c2a22e2d4699472849a99e706e5988005381695628468a6a57aff5,9874c4ea5ce62ca341f4e1b913a4c40f40ea4bae2e726aa668c93711a160fa83,1d5e2c484b119bc541868bd098751e1a058e288f8784a3ecdf5311a09a502434,0.20720644295215607,0.04212791100144386,0.06712312996387482,79.66862498670774,0.1650785319507122,20.331370187187748,0.944839150441316,1.0606984107912267,0.12104301208173611,1.0,False,0.9998356103897095,0.9999793767929077,0.01711422584827667,all_four_full_spatial_windows_common_frames
T05,2,BG3,spatial_ML,"[12, 13, 14, 15, 16, 17, 18, 19, 20, 21, 22, 23, 24, 25, 26, 27, 28, 29, 30, 31, 32, 33, 34, 35]",48c447ae987a7027330935145ad8d9bb90afcdc727ef4e0a7170ae6256961dea,6f2b8b68992bcda36a4d1bed320e0eb9662abd3eb63206bbab87eefdb241ba03,d42fd0835ca1169fdd93186e68af5562f7bd2461ca94639164ad5b5b2b0d06a4,38ad04bc14c2a22e2d4699472849a99e706e5988005381695628468a6a57aff5,9874c4ea5ce62ca341f4e1b913a4c40f40ea4bae2e726aa668c93711a160fa83,1d5e2c484b119bc541868bd098751e1a058e288f8784a3ecdf5311a09a502434,0.20720644295215607,0.04628647118806839,0.06649037450551987,77.66166037369699,0.16091997176408768,22.338334800198492,0.9851267027443527,1.0724631271537264,0.08075545977869958,1.0,False,0.9997889399528503,0.9999768137931824,0.002685836003282253,all_four_full_spatial_windows_common_frames
T05,2,BG3,spatial_all,"[0, 1, 2, 3, 4, 5, 6, 7, 8, 9, 10, 11, 12, 13, 14, 15, 16, 17, 18, 19, 20, 21, 22, 23, 24, 25, 26, 27, 28, 29, 30, 31, 32, 33, 34, 35]",48c447ae987a7027330935145ad8d9bb90afcdc727ef4e0a7170ae6256961dea,6f2b8b68992bcda36a4d1bed320e0eb9662abd3eb63206bbab87eefdb241ba03,d42fd0835ca1169fdd93186e68af5562f7bd2461ca94639164ad5b5b2b0d06a4,38ad04bc14c2a22e2d4699472849a99e706e5988005381695628468a6a57aff5,9874c4ea5ce62ca341f4e1b913a4c40f40ea4bae2e726aa668c93711a160fa83,1d5e2c484b119bc541868bd098751e1a058e288f8784a3ecdf5311a09a502434,0.20720644295215607,0.025151226669549942,0.06844314932823181,87.86175029242098,0.18205521628260612,12.138244881474495,0.9645507410558369,1.0679071906039197,0.10133142146721523,1.0,False,0.9997963309288025,0.9999780654907227,0.0,all_four_full_spatial_windows_common_frames
T05,2,BG4,spatial_E,"[0, 1, 2, 3, 4, 5, 6, 7, 8, 9, 10, 11]",48c447ae987a7027330935145ad8d9bb90afcdc727ef4e0a7170ae6256961dea,6f2b8b68992bcda36a4d1bed320e0eb9662abd3eb63206bbab87eefdb241ba03,d42fd0835ca1169fdd93186e68af5562f7bd2461ca94639164ad5b5b2b0d06a4,38ad04bc14c2a22e2d4699472849a99e706e5988005381695628468a6a57aff5,9874c4ea5ce62ca341f4e1b913a4c40f40ea4bae2e726aa668c93711a160fa83,1d5e2c484b119bc541868bd098751e1a058e288f8784a3ecdf5311a09a502434,0.2558152377605438,0.2253977358341217,0.24518682062625885,11.890417867075092,0.03041750192642212,88.10957822385377,1.1001423504878045,1.0440477717816645,0.024443450043375912,1.0,False,0.9998112320899963,0.9999763369560242,0.053644452105273216,all_four_full_spatial_windows_common_frames
T05,2,BG4,spatial_EM,"[0, 1, 2, 3, 4, 5, 6, 7, 8, 9, 10, 11, 12, 13, 14, 15, 16, 17, 18, 19, 20, 21, 22, 23]",48c447ae987a7027330935145ad8d9bb90afcdc727ef4e0a7170ae6256961dea,6f2b8b68992bcda36a4d1bed320e0eb9662abd3eb63206bbab87eefdb241ba03,d42fd0835ca1169fdd93186e68af5562f7bd2461ca94639164ad5b5b2b0d06a4,38ad04bc14c2a22e2d4699472849a99e706e5988005381695628468a6a57aff5,9874c4ea5ce62ca341f4e1b913a4c40f40ea4bae2e726aa668c93711a160fa83,1d5e2c484b119bc541868bd098751e1a058e288f8784a3ecdf5311a09a502434,0.2558152377605438,0.05564605072140694,0.053315188735723495,78.24755904562245,0.2001691870391369,21.752437045306422,0.9930948583219816,1.0349429121055032,0.1314909422091984,1.0,False,0.9997805953025818,0.9999716877937317,0.01668448949131653,all_four_full_spatial_windows_common_frames
T05,2,BG4,spatial_ML,"[12, 13, 14, 15, 16, 17, 18, 19, 20, 21, 22, 23, 24, 25, 26, 27, 28, 29, 30, 31, 32, 33, 34, 35]",48c447ae987a7027330935145ad8d9bb90afcdc727ef4e0a7170ae6256961dea,6f2b8b68992bcda36a4d1bed320e0eb9662abd3eb63206bbab87eefdb241ba03,d42fd0835ca1169fdd93186e68af5562f7bd2461ca94639164ad5b5b2b0d06a4,38ad04bc14c2a22e2d4699472849a99e706e5988005381695628468a6a57aff5,9874c4ea5ce62ca341f4e1b913a4c40f40ea4bae2e726aa668c93711a160fa83,1d5e2c484b119bc541868bd098751e1a058e288f8784a3ecdf5311a09a502434,0.2558152377605438,0.0923708826303482,0.09758929163217545,63.891561023441376,0.16344435513019562,36.10843506748749,1.0130579120916072,1.0480765139477426,0.11152788843957281,1.0,False,0.9997780919075012,0.9999748468399048,0.002729660792380386,all_four_full_spatial_windows_common_frames
T05,2,BG4,spatial_all,"[0, 1, 2, 3, 4, 5, 6, 7, 8, 9, 10, 11, 12, 13, 14, 15, 16, 17, 18, 19, 20, 21, 22, 23, 24, 25, 26, 27, 28, 29, 30, 31, 32, 33, 34, 35]",48c447ae987a7027330935145ad8d9bb90afcdc727ef4e0a7170ae6256961dea,6f2b8b68992bcda36a4d1bed320e0eb9662abd3eb63206bbab87eefdb241ba03,d42fd0835ca1169fdd93186e68af5562f7bd2461ca94639164ad5b5b2b0d06a4,38ad04bc14c2a22e2d4699472849a99e706e5988005381695628468a6a57aff5,9874c4ea5ce62ca341f4e1b913a4c40f40ea4bae2e726aa668c93711a160fa83,1d5e2c484b119bc541868bd098751e1a058e288f8784a3ecdf5311a09a502434,0.2558152377605438,0.056015707552433014,0.04779788851737976,78.10305756095251,0.1997995302081108,21.896938529976364,0.9986227518175239,1.0253958596331607,0.12596304871365627,1.0,False,0.9997815489768982,0.9999744296073914,0.0,all_four_full_spatial_windows_common_frames
T05,2,BG5,spatial_E,"[0, 1, 2, 3, 4, 5, 6, 7, 8, 9, 10, 11]",48c447ae987a7027330935145ad8d9bb90afcdc727ef4e0a7170ae6256961dea,6f2b8b68992bcda36a4d1bed320e0eb9662abd3eb63206bbab87eefdb241ba03,d42fd0835ca1169fdd93186e68af5562f7bd2461ca94639164ad5b5b2b0d06a4,38ad04bc14c2a22e2d4699472849a99e706e5988005381695628468a6a57aff5,9874c4ea5ce62ca341f4e1b913a4c40f40ea4bae2e726aa668c93711a160fa83,1d5e2c484b119bc541868bd098751e1a058e288f8784a3ecdf5311a09a502434,0.18627920746803284,0.1114196628332138,0.322689950466156,40.186739912446534,0.07485954463481903,59.81325471926809,0.9344770043658631,1.1187160736509634,0.15585915683366477,1.0,False,0.9998990297317505,0.9999850988388062,0.13974681841453102,all_four_full_spatial_windows_common_frames
T05,2,BG5,spatial_EM,"[0, 1, 2, 3, 4, 5, 6, 7, 8, 9, 10, 11, 12, 13, 14, 15, 16, 17, 18, 19, 20, 21, 22, 23]",48c447ae987a7027330935145ad8d9bb90afcdc727ef4e0a7170ae6256961dea,6f2b8b68992bcda36a4d1bed320e0eb9662abd3eb63206bbab87eefdb241ba03,d42fd0835ca1169fdd93186e68af5562f7bd2461ca94639164ad5b5b2b0d06a4,38ad04bc14c2a22e2d4699472849a99e706e5988005381695628468a6a57aff5,9874c4ea5ce62ca341f4e1b913a4c40f40ea4bae2e726aa668c93711a160fa83,1d5e2c484b119bc541868bd098751e1a058e288f8784a3ecdf5311a09a502434,0.18627920746803284,0.07542978227138519,0.07607387006282806,59.507134882435494,0.11084942519664764,40.49285974927913,0.9658287733585261,1.1412116247573305,0.12450738784100186,1.0,False,0.9998656511306763,0.9999807476997375,0.03712848400608773,all_four_full_spatial_windows_common_frames
T05,2,BG5,spatial_ML,"[12, 13, 14, 15, 16, 17, 18, 19, 20, 21, 22, 23, 24, 25, 26, 27, 28, 29, 30, 31, 32, 33, 34, 35]",48c447ae987a7027330935145ad8d9bb90afcdc727ef4e0a7170ae6256961dea,6f2b8b68992bcda36a4d1bed320e0eb9662abd3eb63206bbab87eefdb241ba03,d42fd0835ca1169fdd93186e68af5562f7bd2461ca94639164ad5b5b2b0d06a4,38ad04bc14c2a22e2d4699472849a99e706e5988005381695628468a6a57aff5,9874c4ea5ce62ca341f4e1b913a4c40f40ea4bae2e726aa668c93711a160fa83,1d5e2c484b119bc541868bd098751e1a058e288f8784a3ecdf5311a09a502434,0.18627920746803284,0.11350774765014648,0.1469796746969223,39.06579639265158,0.07277145981788635,60.93419823906304,1.04363091773599,1.176648362207892,0.04670524346353797,1.0,False,0.9998875856399536,0.9999820590019226,0.004356584490166803,all_four_full_spatial_windows_common_frames
T05,2,BG5,spatial_all,"[0, 1, 2, 3, 4, 5, 6, 7, 8, 9, 10, 11, 12, 13, 14, 15, 16, 17, 18, 19, 20, 21, 22, 23, 24, 25, 26, 27, 28, 29, 30, 31, 32, 33, 34, 35]",48c447ae987a7027330935145ad8d9bb90afcdc727ef4e0a7170ae6256961dea,6f2b8b68992bcda36a4d1bed320e0eb9662abd3eb63206bbab87eefdb241ba03,d42fd0835ca1169fdd93186e68af5562f7bd2461ca94639164ad5b5b2b0d06a4,38ad04bc14c2a22e2d4699472849a99e706e5988005381695628468a6a57aff5,9874c4ea5ce62ca341f4e1b913a4c40f40ea4bae2e726aa668c93711a160fa83,1d5e2c484b119bc541868bd098751e1a058e288f8784a3ecdf5311a09a502434,0.18627920746803284,0.07382120937108994,0.11470457166433334,60.37066272099929,0.1124579980969429,39.62933191071533,1.009093923695571,1.177108006494636,0.08124223750395707,1.0,False,0.9998809099197388,0.9999820590019226,0.0,all_four_full_spatial_windows_common_frames
T05,2,BG6,spatial_E,"[0, 1, 2, 3, 4, 5, 6, 7, 8, 9, 10, 11]",48c447ae987a7027330935145ad8d9bb90afcdc727ef4e0a7170ae6256961dea,6f2b8b68992bcda36a4d1bed320e0eb9662abd3eb63206bbab87eefdb241ba03,d42fd0835ca1169fdd93186e68af5562f7bd2461ca94639164ad5b5b2b0d06a4,38ad04bc14c2a22e2d4699472849a99e706e5988005381695628468a6a57aff5,9874c4ea5ce62ca341f4e1b913a4c40f40ea4bae2e726aa668c93711a160fa83,1d5e2c484b119bc541868bd098751e1a058e288f8784a3ecdf5311a09a502434,0.13081254065036774,0.13353024423122406,0.1487916111946106,-2.0775556835674953,-0.0027177035808563232,102.07754803904108,0.9705206705498728,0.9613780387932083,-0.04465074954735469,1.0,False,0.9998308420181274,0.9999719858169556,0.12567885348923377,all_four_full_spatial_windows_common_frames
T05,2,BG6,spatial_EM,"[0, 1, 2, 3, 4, 5, 6, 7, 8, 9, 10, 11, 12, 13, 14, 15, 16, 17, 18, 19, 20, 21, 22, 23]",48c447ae987a7027330935145ad8d9bb90afcdc727ef4e0a7170ae6256961dea,6f2b8b68992bcda36a4d1bed320e0eb9662abd3eb63206bbab87eefdb241ba03,d42fd0835ca1169fdd93186e68af5562f7bd2461ca94639164ad5b5b2b0d06a4,38ad04bc14c2a22e2d4699472849a99e706e5988005381695628468a6a57aff5,9874c4ea5ce62ca341f4e1b913a4c40f40ea4bae2e726aa668c93711a160fa83,1d5e2c484b119bc541868bd098751e1a058e288f8784a3ecdf5311a09a502434,0.13081254065036774,0.1594228297472,0.2391454577445984,-21.87121109907954,-0.028610289096832275,121.87120345455313,1.0651882959426267,1.1369793011203606,-0.13931837494010835,1.0,False,0.9997807145118713,0.9999702572822571,0.031731763581750186,all_four_full_spatial_windows_common_frames
T05,2,BG6,spatial_ML,"[12, 13, 14, 15, 16, 17, 18, 19, 20, 21, 22, 23, 24, 25, 26, 27, 28, 29, 30, 31, 32, 33, 34, 35]",48c447ae987a7027330935145ad8d9bb90afcdc727ef4e0a7170ae6256961dea,6f2b8b68992bcda36a4d1bed320e0eb9662abd3eb63206bbab87eefdb241ba03,d42fd0835ca1169fdd93186e68af5562f7bd2461ca94639164ad5b5b2b0d06a4,38ad04bc14c2a22e2d4699472849a99e706e5988005381695628468a6a57aff5,9874c4ea5ce62ca341f4e1b913a4c40f40ea4bae2e726aa668c93711a160fa83,1d5e2c484b119bc541868bd098751e1a058e288f8784a3ecdf5311a09a502434,0.13081254065036774,0.08539247512817383,0.21769742667675018,34.72148910511763,0.04542006552219391,65.27850325035595,0.961677199752114,1.139557937429194,-0.03580727874959539,1.0,False,0.9997780919075012,0.9999693036079407,0.00444549614580012,all_four_full_spatial_windows_common_frames
T05,2,BG6,spatial_all,"[0, 1, 2, 3, 4, 5, 6, 7, 8, 9, 10, 11, 12, 13, 14, 15, 16, 17, 18, 19, 20, 21, 22, 23, 24, 25, 26, 27, 28, 29, 30, 31, 32, 33, 34, 35]",48c447ae987a7027330935145ad8d9bb90afcdc727ef4e0a7170ae6256961dea,6f2b8b68992bcda36a4d1bed320e0eb9662abd3eb63206bbab87eefdb241ba03,d42fd0835ca1169fdd93186e68af5562f7bd2461ca94639164ad5b5b2b0d06a4,38ad04bc14c2a22e2d4699472849a99e706e5988005381695628468a6a57aff5,9874c4ea5ce62ca341f4e1b913a4c40f40ea4bae2e726aa668c93711a160fa83,1d5e2c484b119bc541868bd098751e1a058e288f8784a3ecdf5311a09a502434,0.13081254065036774,0.09809315204620361,0.06498291343450546,25.012423075225882,0.032719388604164124,74.9875692802477,1.0451765045299,1.1255232645617934,-0.11930658352738177,1.0,False,0.99982088804245,0.9999724626541138,0.0,all_four_full_spatial_windows_common_frames
T05,2,BG7,spatial_E,"[0, 1, 2, 3, 4, 5, 6, 7, 8, 9, 10, 11]",48c447ae987a7027330935145ad8d9bb90afcdc727ef4e0a7170ae6256961dea,6f2b8b68992bcda36a4d1bed320e0eb9662abd3eb63206bbab87eefdb241ba03,d42fd0835ca1169fdd93186e68af5562f7bd2461ca94639164ad5b5b2b0d06a4,38ad04bc14c2a22e2d4699472849a99e706e5988005381695628468a6a57aff5,9874c4ea5ce62ca341f4e1b913a4c40f40ea4bae2e726aa668c93711a160fa83,1d5e2c484b119bc541868bd098751e1a058e288f8784a3ecdf5311a09a502434,0.6440534591674805,0.3788056969642639,0.5736473202705383,41.18412133484544,0.26524776220321655,58.81587711248843,1.2119798396123036,1.1705526587129165,0.24387353232515913,1.0,False,0.9998525381088257,0.9999825358390808,0.20416045064812588,all_four_full_spatial_windows_common_frames
T05,2,BG7,spatial_EM,"[0, 1, 2, 3, 4, 5, 6, 7, 8, 9, 10, 11, 12, 13, 14, 15, 16, 17, 18, 19, 20, 21, 22, 23]",48c447ae987a7027330935145ad8d9bb90afcdc727ef4e0a7170ae6256961dea,6f2b8b68992bcda36a4d1bed320e0eb9662abd3eb63206bbab87eefdb241ba03,d42fd0835ca1169fdd93186e68af5562f7bd2461ca94639164ad5b5b2b0d06a4,38ad04bc14c2a22e2d4699472849a99e706e5988005381695628468a6a57aff5,9874c4ea5ce62ca341f4e1b913a4c40f40ea4bae2e726aa668c93711a160fa83,1d5e2c484b119bc541868bd098751e1a058e288f8784a3ecdf5311a09a502434,0.6440534591674805,0.13741427659988403,0.11761309206485748,78.66414930153094,0.5066391825675964,21.335849145802932,1.046564473425121,1.094679959166031,0.4092888985123415,1.0,False,0.9998642206192017,0.9999829530715942,0.03368481007529851,all_four_full_spatial_windows_common_frames
T05,2,BG7,spatial_ML,"[12, 13, 14, 15, 16, 17, 18, 19, 20, 21, 22, 23, 24, 25, 26, 27, 28, 29, 30, 31, 32, 33, 34, 35]",48c447ae987a7027330935145ad8d9bb90afcdc727ef4e0a7170ae6256961dea,6f2b8b68992bcda36a4d1bed320e0eb9662abd3eb63206bbab87eefdb241ba03,d42fd0835ca1169fdd93186e68af5562f7bd2461ca94639164ad5b5b2b0d06a4,38ad04bc14c2a22e2d4699472849a99e706e5988005381695628468a6a57aff5,9874c4ea5ce62ca341f4e1b913a4c40f40ea4bae2e726aa668c93711a160fa83,1d5e2c484b119bc541868bd098751e1a058e288f8784a3ecdf5311a09a502434,0.6440534591674805,0.17413106560707092,0.19275209307670593,72.96325787482255,0.46992239356040955,27.036740572511324,1.084824694472058,1.103693358032087,0.3710286774654043,1.0,False,0.999855637550354,0.9999812245368958,0.005875898486841262,all_four_full_spatial_windows_common_frames
T05,2,BG7,spatial_all,"[0, 1, 2, 3, 4, 5, 6, 7, 8, 9, 10, 11, 12, 13, 14, 15, 16, 17, 18, 19, 20, 21, 22, 23, 24, 25, 26, 27, 28, 29, 30, 31, 32, 33, 34, 35]",48c447ae987a7027330935145ad8d9bb90afcdc727ef4e0a7170ae6256961dea,6f2b8b68992bcda36a4d1bed320e0eb9662abd3eb63206bbab87eefdb241ba03,d42fd0835ca1169fdd93186e68af5562f7bd2461ca94639164ad5b5b2b0d06a4,38ad04bc14c2a22e2d4699472849a99e706e5988005381695628468a6a57aff5,9874c4ea5ce62ca341f4e1b913a4c40f40ea4bae2e726aa668c93711a160fa83,1d5e2c484b119bc541868bd098751e1a058e288f8784a3ecdf5311a09a502434,0.6440534591674805,0.11546061933040619,0.08031971007585526,82.07281928321052,0.5285928398370743,17.927179164123352,1.0495283749348676,1.0928566463399694,0.40632499700259495,1.0,False,0.9998487234115601,0.9999809265136719,0.0,all_four_full_spatial_windows_common_frames
T05,2,BG8,spatial_E,"[0, 1, 2, 3, 4, 5, 6, 7, 8, 9, 10, 11]",48c447ae987a7027330935145ad8d9bb90afcdc727ef4e0a7170ae6256961dea,6f2b8b68992bcda36a4d1bed320e0eb9662abd3eb63206bbab87eefdb241ba03,d42fd0835ca1169fdd93186e68af5562f7bd2461ca94639164ad5b5b2b0d06a4,38ad04bc14c2a22e2d4699472849a99e706e5988005381695628468a6a57aff5,9874c4ea5ce62ca341f4e1b913a4c40f40ea4bae2e726aa668c93711a160fa83,1d5e2c484b119bc541868bd098751e1a058e288f8784a3ecdf5311a09a502434,2.099372386932373,1.2246408462524414,2.4971301555633545,41.666335232286535,0.8747315406799316,58.333664291380636,2.0189741840634565,2.8984416563187327,0.8668265541657977,1.0,False,0.9997765421867371,0.9999752044677734,0.19192325758851628,all_four_full_spatial_windows_common_frames
T05,2,BG8,spatial_EM,"[0, 1, 2, 3, 4, 5, 6, 7, 8, 9, 10, 11, 12, 13, 14, 15, 16, 17, 18, 19, 20, 21, 22, 23]",48c447ae987a7027330935145ad8d9bb90afcdc727ef4e0a7170ae6256961dea,6f2b8b68992bcda36a4d1bed320e0eb9662abd3eb63206bbab87eefdb241ba03,d42fd0835ca1169fdd93186e68af5562f7bd2461ca94639164ad5b5b2b0d06a4,38ad04bc14c2a22e2d4699472849a99e706e5988005381695628468a6a57aff5,9874c4ea5ce62ca341f4e1b913a4c40f40ea4bae2e726aa668c93711a160fa83,1d5e2c484b119bc541868bd098751e1a058e288f8784a3ecdf5311a09a502434,2.099372386932373,0.18941238522529602,0.19170153141021729,90.97766572990732,1.909960001707077,9.022333793759866,1.0908591007933874,1.0606359634846116,1.7949416374358669,1.0,False,0.9998279809951782,0.9999750852584839,0.028468063127639942,all_four_full_spatial_windows_common_frames
T05,2,BG8,spatial_ML,"[12, 13, 14, 15, 16, 17, 18, 19, 20, 21, 22, 23, 24, 25, 26, 27, 28, 29, 30, 31, 32, 33, 34, 35]",48c447ae987a7027330935145ad8d9bb90afcdc727ef4e0a7170ae6256961dea,6f2b8b68992bcda36a4d1bed320e0eb9662abd3eb63206bbab87eefdb241ba03,d42fd0835ca1169fdd93186e68af5562f7bd2461ca94639164ad5b5b2b0d06a4,38ad04bc14c2a22e2d4699472849a99e706e5988005381695628468a6a57aff5,9874c4ea5ce62ca341f4e1b913a4c40f40ea4bae2e726aa668c93711a160fa83,1d5e2c484b119bc541868bd098751e1a058e288f8784a3ecdf5311a09a502434,2.099372386932373,0.6953119039535522,1.060211420059204,66.88001066558988,1.4040604829788208,33.1199888580773,1.49228618680139,1.4720911077687255,1.3935145514278648,1.0,False,0.9998679161071777,0.9999780654907227,0.032572028934628745,all_four_full_spatial_windows_common_frames
T05,2,BG8,spatial_all,"[0, 1, 2, 3, 4, 5, 6, 7, 8, 9, 10, 11, 12, 13, 14, 15, 16, 17, 18, 19, 20, 21, 22, 23, 24, 25, 26, 27, 28, 29, 30, 31, 32, 33, 34, 35]",48c447ae987a7027330935145ad8d9bb90afcdc727ef4e0a7170ae6256961dea,6f2b8b68992bcda36a4d1bed320e0eb9662abd3eb63206bbab87eefdb241ba03,d42fd0835ca1169fdd93186e68af5562f7bd2461ca94639164ad5b5b2b0d06a4,38ad04bc14c2a22e2d4699472849a99e706e5988005381695628468a6a57aff5,9874c4ea5ce62ca341f4e1b913a4c40f40ea4bae2e726aa668c93711a160fa83,1d5e2c484b119bc541868bd098751e1a058e288f8784a3ecdf5311a09a502434,2.099372386932373,0.1117628812789917,0.10873211175203323,94.67636654448249,1.9876095056533813,5.323632979184679,1.0325070940242413,1.085923613805478,1.853293644205013,1.0,False,0.9998565912246704,0.9999765157699585,0.0,all_four_full_spatial_windows_common_frames
T05,2,BG9,spatial_E,"[0, 1, 2, 3, 4, 5, 6, 7, 8, 9, 10, 11]",48c447ae987a7027330935145ad8d9bb90afcdc727ef4e0a7170ae6256961dea,6f2b8b68992bcda36a4d1bed320e0eb9662abd3eb63206bbab87eefdb241ba03,d42fd0835ca1169fdd93186e68af5562f7bd2461ca94639164ad5b5b2b0d06a4,38ad04bc14c2a22e2d4699472849a99e706e5988005381695628468a6a57aff5,9874c4ea5ce62ca341f4e1b913a4c40f40ea4bae2e726aa668c93711a160fa83,1d5e2c484b119bc541868bd098751e1a058e288f8784a3ecdf5311a09a502434,0.7913795113563538,0.5176690816879272,0.9491504430770874,34.58649387329499,0.2737104296684265,65.41350486308879,1.3245186963912348,1.3710036879318077,0.2594966064105125,1.0,False,0.9998670816421509,0.9999772906303406,0.1584827643769218,all_four_full_spatial_windows_common_frames
T05,2,BG9,spatial_EM,"[0, 1, 2, 3, 4, 5, 6, 7, 8, 9, 10, 11, 12, 13, 14, 15, 16, 17, 18, 19, 20, 21, 22, 23]",48c447ae987a7027330935145ad8d9bb90afcdc727ef4e0a7170ae6256961dea,6f2b8b68992bcda36a4d1bed320e0eb9662abd3eb63206bbab87eefdb241ba03,d42fd0835ca1169fdd93186e68af5562f7bd2461ca94639164ad5b5b2b0d06a4,38ad04bc14c2a22e2d4699472849a99e706e5988005381695628468a6a57aff5,9874c4ea5ce62ca341f4e1b913a4c40f40ea4bae2e726aa668c93711a160fa83,1d5e2c484b119bc541868bd098751e1a058e288f8784a3ecdf5311a09a502434,0.7913795113563538,0.08575603365898132,0.0826035588979721,89.16372722003177,0.7056234776973724,10.836271516351996,1.0368159317722294,1.1023215765218024,0.5471993710295177,1.0,False,0.9998698234558105,0.9999797940254211,0.031421545182416855,all_four_full_spatial_windows_common_frames
T05,2,BG9,spatial_ML,"[12, 13, 14, 15, 16, 17, 18, 19, 20, 21, 22, 23, 24, 25, 26, 27, 28, 29, 30, 31, 32, 33, 34, 35]",48c447ae987a7027330935145ad8d9bb90afcdc727ef4e0a7170ae6256961dea,6f2b8b68992bcda36a4d1bed320e0eb9662abd3eb63206bbab87eefdb241ba03,d42fd0835ca1169fdd93186e68af5562f7bd2461ca94639164ad5b5b2b0d06a4,38ad04bc14c2a22e2d4699472849a99e706e5988005381695628468a6a57aff5,9874c4ea5ce62ca341f4e1b913a4c40f40ea4bae2e726aa668c93711a160fa83,1d5e2c484b119bc541868bd098751e1a058e288f8784a3ecdf5311a09a502434,0.7913795113563538,0.3038427531719208,0.45598122477531433,61.60593558812825,0.487536758184433,38.39406314825552,1.1731382425460972,1.155397319218857,0.4108770602556498,1.0,False,0.999854326248169,0.9999755620956421,0.01469655666147397,all_four_full_spatial_windows_common_frames
T05,2,BG9,spatial_all,"[0, 1, 2, 3, 4, 5, 6, 7, 8, 9, 10, 11, 12, 13, 14, 15, 16, 17, 18, 19, 20, 21, 22, 23, 24, 25, 26, 27, 28, 29, 30, 31, 32, 33, 34, 35]",48c447ae987a7027330935145ad8d9bb90afcdc727ef4e0a7170ae6256961dea,6f2b8b68992bcda36a4d1bed320e0eb9662abd3eb63206bbab87eefdb241ba03,d42fd0835ca1169fdd93186e68af5562f7bd2461ca94639164ad5b5b2b0d06a4,38ad04bc14c2a22e2d4699472849a99e706e5988005381695628468a6a57aff5,9874c4ea5ce62ca341f4e1b913a4c40f40ea4bae2e726aa668c93711a160fa83,1d5e2c484b119bc541868bd098751e1a058e288f8784a3ecdf5311a09a502434,0.7913795113563538,0.08908363431692123,0.06730739027261734,88.74324620325784,0.7022958770394325,11.256752533125931,1.0387550996880246,1.1114793917897092,0.5452602031137223,1.0,False,0.9998667240142822,0.9999775886535645,0.0,all_four_full_spatial_windows_common_frames
T05,2,BG10,spatial_E,"[0, 1, 2, 3, 4, 5, 6, 7, 8, 9, 10, 11]",48c447ae987a7027330935145ad8d9bb90afcdc727ef4e0a7170ae6256961dea,6f2b8b68992bcda36a4d1bed320e0eb9662abd3eb63206bbab87eefdb241ba03,d42fd0835ca1169fdd93186e68af5562f7bd2461ca94639164ad5b5b2b0d06a4,38ad04bc14c2a22e2d4699472849a99e706e5988005381695628468a6a57aff5,9874c4ea5ce62ca341f4e1b913a4c40f40ea4bae2e726aa668c93711a160fa83,1d5e2c484b119bc541868bd098751e1a058e288f8784a3ecdf5311a09a502434,1.3352118730545044,0.713044285774231,1.3603781461715698,46.59691807542699,0.6221675872802734,53.40308117562821,1.5095709422893373,1.741758718836444,0.6046622756463812,1.0,False,0.9998708963394165,0.9999834299087524,0.13829659417222412,all_four_full_spatial_windows_common_frames
T05,2,BG10,spatial_EM,"[0, 1, 2, 3, 4, 5, 6, 7, 8, 9, 10, 11, 12, 13, 14, 15, 16, 17, 18, 19, 20, 21, 22, 23]",48c447ae987a7027330935145ad8d9bb90afcdc727ef4e0a7170ae6256961dea,6f2b8b68992bcda36a4d1bed320e0eb9662abd3eb63206bbab87eefdb241ba03,d42fd0835ca1169fdd93186e68af5562f7bd2461ca94639164ad5b5b2b0d06a4,38ad04bc14c2a22e2d4699472849a99e706e5988005381695628468a6a57aff5,9874c4ea5ce62ca341f4e1b913a4c40f40ea4bae2e726aa668c93711a160fa83,1d5e2c484b119bc541868bd098751e1a058e288f8784a3ecdf5311a09a502434,1.3352118730545044,0.15118664503097534,0.20397615432739258,88.67695405128417,1.184025228023529,11.323045199771023,1.0642309053655201,1.1324680962481848,1.0500023125701983,1.0,False,0.9999010562896729,0.999982476234436,0.023640455035409853,all_four_full_spatial_windows_common_frames
T05,2,BG10,spatial_ML,"[12, 13, 14, 15, 16, 17, 18, 19, 20, 21, 22, 23, 24, 25, 26, 27, 28, 29, 30, 31, 32, 33, 34, 35]",48c447ae987a7027330935145ad8d9bb90afcdc727ef4e0a7170ae6256961dea,6f2b8b68992bcda36a4d1bed320e0eb9662abd3eb63206bbab87eefdb241ba03,d42fd0835ca1169fdd93186e68af5562f7bd2461ca94639164ad5b5b2b0d06a4,38ad04bc14c2a22e2d4699472849a99e706e5988005381695628468a6a57aff5,9874c4ea5ce62ca341f4e1b913a4c40f40ea4bae2e726aa668c93711a160fa83,1d5e2c484b119bc541868bd098751e1a058e288f8784a3ecdf5311a09a502434,1.3352118730545044,0.5931724905967712,0.9153459072113037,55.57465387142923,0.7420393824577332,44.42534537962597,1.4109317198167168,1.4170641508540849,0.7033014981190014,1.0,False,0.9998939037322998,0.999982476234436,0.026383698318953826,all_four_full_spatial_windows_common_frames
T05,2,BG10,spatial_all,"[0, 1, 2, 3, 4, 5, 6, 7, 8, 9, 10, 11, 12, 13, 14, 15, 16, 17, 18, 19, 20, 21, 22, 23, 24, 25, 26, 27, 28, 29, 30, 31, 32, 33, 34, 35]",48c447ae987a7027330935145ad8d9bb90afcdc727ef4e0a7170ae6256961dea,6f2b8b68992bcda36a4d1bed320e0eb9662abd3eb63206bbab87eefdb241ba03,d42fd0835ca1169fdd93186e68af5562f7bd2461ca94639164ad5b5b2b0d06a4,38ad04bc14c2a22e2d4699472849a99e706e5988005381695628468a6a57aff5,9874c4ea5ce62ca341f4e1b913a4c40f40ea4bae2e726aa668c93711a160fa83,1d5e2c484b119bc541868bd098751e1a058e288f8784a3ecdf5311a09a502434,1.3352118730545044,0.10560373216867447,0.09553734213113785,92.09086261821686,1.22960814088583,7.909136632838344,1.0477606270462283,1.1575989187696123,1.06647259088949,1.0,False,0.9998843669891357,0.9999799728393555,0.0,all_four_full_spatial_windows_common_frames
T05,2,BG11,spatial_E,"[0, 1, 2, 3, 4, 5, 6, 7, 8, 9, 10, 11]",48c447ae987a7027330935145ad8d9bb90afcdc727ef4e0a7170ae6256961dea,6f2b8b68992bcda36a4d1bed320e0eb9662abd3eb63206bbab87eefdb241ba03,d42fd0835ca1169fdd93186e68af5562f7bd2461ca94639164ad5b5b2b0d06a4,38ad04bc14c2a22e2d4699472849a99e706e5988005381695628468a6a57aff5,9874c4ea5ce62ca341f4e1b913a4c40f40ea4bae2e726aa668c93711a160fa83,1d5e2c484b119bc541868bd098751e1a058e288f8784a3ecdf5311a09a502434,0.4684630334377289,0.28860920667648315,0.36133524775505066,38.39231915530025,0.17985382676124573,61.607678710059645,1.1099083876663365,0.991512287182092,0.14622849722038342,1.0,False,0.9998862743377686,0.9999833106994629,0.11960637402622225,all_four_full_spatial_windows_common_frames
T05,2,BG11,spatial_EM,"[0, 1, 2, 3, 4, 5, 6, 7, 8, 9, 10, 11, 12, 13, 14, 15, 16, 17, 18, 19, 20, 21, 22, 23]",48c447ae987a7027330935145ad8d9bb90afcdc727ef4e0a7170ae6256961dea,6f2b8b68992bcda36a4d1bed320e0eb9662abd3eb63206bbab87eefdb241ba03,d42fd0835ca1169fdd93186e68af5562f7bd2461ca94639164ad5b5b2b0d06a4,38ad04bc14c2a22e2d4699472849a99e706e5988005381695628468a6a57aff5,9874c4ea5ce62ca341f4e1b913a4c40f40ea4bae2e726aa668c93711a160fa83,1d5e2c484b119bc541868bd098751e1a058e288f8784a3ecdf5311a09a502434,0.4684630334377289,0.09105826914310455,0.17260506749153137,80.5623345494043,0.37740476429462433,19.437663315955596,1.0237480783492974,1.127439957038587,0.23238880653742244,1.0,False,0.9998973608016968,0.9999839067459106,0.023439088998019053,all_four_full_spatial_windows_common_frames
T05,2,BG11,spatial_ML,"[12, 13, 14, 15, 16, 17, 18, 19, 20, 21, 22, 23, 24, 25, 26, 27, 28, 29, 30, 31, 32, 33, 34, 35]",48c447ae987a7027330935145ad8d9bb90afcdc727ef4e0a7170ae6256961dea,6f2b8b68992bcda36a4d1bed320e0eb9662abd3eb63206bbab87eefdb241ba03,d42fd0835ca1169fdd93186e68af5562f7bd2461ca94639164ad5b5b2b0d06a4,38ad04bc14c2a22e2d4699472849a99e706e5988005381695628468a6a57aff5,9874c4ea5ce62ca341f4e1b913a4c40f40ea4bae2e726aa668c93711a160fa83,1d5e2c484b119bc541868bd098751e1a058e288f8784a3ecdf5311a09a502434,0.4684630334377289,0.22691836953163147,0.32115745544433594,51.56109266028048,0.2415446639060974,48.43890520507941,1.1206157966682806,1.1356338038116713,0.1355210882184393,1.0,False,0.9998799562454224,0.9999831914901733,0.010467626979575555,all_four_full_spatial_windows_common_frames
T05,2,BG11,spatial_all,"[0, 1, 2, 3, 4, 5, 6, 7, 8, 9, 10, 11, 12, 13, 14, 15, 16, 17, 18, 19, 20, 21, 22, 23, 24, 25, 26, 27, 28, 29, 30, 31, 32, 33, 34, 35]",48c447ae987a7027330935145ad8d9bb90afcdc727ef4e0a7170ae6256961dea,6f2b8b68992bcda36a4d1bed320e0eb9662abd3eb63206bbab87eefdb241ba03,d42fd0835ca1169fdd93186e68af5562f7bd2461ca94639164ad5b5b2b0d06a4,38ad04bc14c2a22e2d4699472849a99e706e5988005381695628468a6a57aff5,9874c4ea5ce62ca341f4e1b913a4c40f40ea4bae2e726aa668c93711a160fa83,1d5e2c484b119bc541868bd098751e1a058e288f8784a3ecdf5311a09a502434,0.4684630334377289,0.08984611928462982,0.08656306564807892,80.82108491946116,0.37861691415309906,19.17891294589874,1.0396259939012762,1.1355962953439611,0.2165108909854438,1.0,False,0.9998651742935181,0.9999796152114868,0.0,all_four_full_spatial_windows_common_frames
T05,2,BG12,spatial_E,"[0, 1, 2, 3, 4, 5, 6, 7, 8, 9, 10, 11]",48c447ae987a7027330935145ad8d9bb90afcdc727ef4e0a7170ae6256961dea,6f2b8b68992bcda36a4d1bed320e0eb9662abd3eb63206bbab87eefdb241ba03,d42fd0835ca1169fdd93186e68af5562f7bd2461ca94639164ad5b5b2b0d06a4,38ad04bc14c2a22e2d4699472849a99e706e5988005381695628468a6a57aff5,9874c4ea5ce62ca341f4e1b913a4c40f40ea4bae2e726aa668c93711a160fa83,1d5e2c484b119bc541868bd098751e1a058e288f8784a3ecdf5311a09a502434,0.9600540995597839,0.6161804795265198,1.0198527574539185,35.818149894795134,0.34387362003326416,64.1818490635969,1.4429322112760887,1.55544001548526,0.3215189571675345,1.0,False,0.9998636245727539,0.9999828338623047,0.13599444304433,all_four_full_spatial_windows_common_frames
T05,2,BG12,spatial_EM,"[0, 1, 2, 3, 4, 5, 6, 7, 8, 9, 10, 11, 12, 13, 14, 15, 16, 17, 18, 19, 20, 21, 22, 23]",48c447ae987a7027330935145ad8d9bb90afcdc727ef4e0a7170ae6256961dea,6f2b8b68992bcda36a4d1bed320e0eb9662abd3eb63206bbab87eefdb241ba03,d42fd0835ca1169fdd93186e68af5562f7bd2461ca94639164ad5b5b2b0d06a4,38ad04bc14c2a22e2d4699472849a99e706e5988005381695628468a6a57aff5,9874c4ea5ce62ca341f4e1b913a4c40f40ea4bae2e726aa668c93711a160fa83,1d5e2c484b119bc541868bd098751e1a058e288f8784a3ecdf5311a09a502434,0.9600540995597839,0.08476700633764267,0.07744785398244858,91.17060012622505,0.8752870932221413,8.82939883216698,1.030328407430873,1.1171980273760684,0.7341227610127503,1.0,False,0.9998512268066406,0.9999799728393555,0.035636722593338784,all_four_full_spatial_windows_common_frames
T05,2,BG12,spatial_ML,"[12, 13, 14, 15, 16, 17, 18, 19, 20, 21, 22, 23, 24, 25, 26, 27, 28, 29, 30, 31, 32, 33, 34, 35]",48c447ae987a7027330935145ad8d9bb90afcdc727ef4e0a7170ae6256961dea,6f2b8b68992bcda36a4d1bed320e0eb9662abd3eb63206bbab87eefdb241ba03,d42fd0835ca1169fdd93186e68af5562f7bd2461ca94639164ad5b5b2b0d06a4,38ad04bc14c2a22e2d4699472849a99e706e5988005381695628468a6a57aff5,9874c4ea5ce62ca341f4e1b913a4c40f40ea4bae2e726aa668c93711a160fa83,1d5e2c484b119bc541868bd098751e1a058e288f8784a3ecdf5311a09a502434,0.9600540995597839,0.3572259843349457,0.5150242447853088,62.791056172995766,0.6028281152248383,37.208942785396275,1.2218380167927827,1.22546033244176,0.5426131516508403,1.0,False,0.999891996383667,0.9999822378158569,0.012711829624551323,all_four_full_spatial_windows_common_frames
T05,2,BG12,spatial_all,"[0, 1, 2, 3, 4, 5, 6, 7, 8, 9, 10, 11, 12, 13, 14, 15, 16, 17, 18, 19, 20, 21, 22, 23, 24, 25, 26, 27, 28, 29, 30, 31, 32, 33, 34, 35]",48c447ae987a7027330935145ad8d9bb90afcdc727ef4e0a7170ae6256961dea,6f2b8b68992bcda36a4d1bed320e0eb9662abd3eb63206bbab87eefdb241ba03,d42fd0835ca1169fdd93186e68af5562f7bd2461ca94639164ad5b5b2b0d06a4,38ad04bc14c2a22e2d4699472849a99e706e5988005381695628468a6a57aff5,9874c4ea5ce62ca341f4e1b913a4c40f40ea4bae2e726aa668c93711a160fa83,1d5e2c484b119bc541868bd098751e1a058e288f8784a3ecdf5311a09a502434,0.9600540995597839,0.08505669981241226,0.08608837425708771,91.14042542337394,0.8749973997473717,8.859573535018097,1.0327088792659667,1.1470432388302474,0.7317422891776564,1.0,False,0.9998828172683716,0.9999826550483704,0.0,all_four_full_spatial_windows_common_frames
T05,2,BG13,spatial_E,"[0, 1, 2, 3, 4, 5, 6, 7, 8, 9, 10, 11]",48c447ae987a7027330935145ad8d9bb90afcdc727ef4e0a7170ae6256961dea,6f2b8b68992bcda36a4d1bed320e0eb9662abd3eb63206bbab87eefdb241ba03,d42fd0835ca1169fdd93186e68af5562f7bd2461ca94639164ad5b5b2b0d06a4,38ad04bc14c2a22e2d4699472849a99e706e5988005381695628468a6a57aff5,9874c4ea5ce62ca341f4e1b913a4c40f40ea4bae2e726aa668c93711a160fa83,1d5e2c484b119bc541868bd098751e1a058e288f8784a3ecdf5311a09a502434,0.6426599025726318,0.36634162068367004,0.47329652309417725,42.99603514755294,0.2763182818889618,57.003963296414106,1.2175740224360416,1.1552488687825049,0.24007382178372608,1.0,False,0.9998611211776733,0.9999826550483704,0.1231028189540194,all_four_full_spatial_windows_common_frames
T05,2,BG13,spatial_EM,"[0, 1, 2, 3, 4, 5, 6, 7, 8, 9, 10, 11, 12, 13, 14, 15, 16, 17, 18, 19, 20, 21, 22, 23]",48c447ae987a7027330935145ad8d9bb90afcdc727ef4e0a7170ae6256961dea,6f2b8b68992bcda36a4d1bed320e0eb9662abd3eb63206bbab87eefdb241ba03,d42fd0835ca1169fdd93186e68af5562f7bd2461ca94639164ad5b5b2b0d06a4,38ad04bc14c2a22e2d4699472849a99e706e5988005381695628468a6a57aff5,9874c4ea5ce62ca341f4e1b913a4c40f40ea4bae2e726aa668c93711a160fa83,1d5e2c484b119bc541868bd098751e1a058e288f8784a3ecdf5311a09a502434,0.6426599025726318,0.07953637093305588,0.06466658413410187,87.62387704957916,0.563123531639576,12.376121394387871,1.0160596471722616,1.1198215948281727,0.44158819704750607,1.0,False,0.9998573064804077,0.9999836087226868,0.03367092012577175,all_four_full_spatial_windows_common_frames
T05,2,BG13,spatial_ML,"[12, 13, 14, 15, 16, 17, 18, 19, 20, 21, 22, 23, 24, 25, 26, 27, 28, 29, 30, 31, 32, 33, 34, 35]",48c447ae987a7027330935145ad8d9bb90afcdc727ef4e0a7170ae6256961dea,6f2b8b68992bcda36a4d1bed320e0eb9662abd3eb63206bbab87eefdb241ba03,d42fd0835ca1169fdd93186e68af5562f7bd2461ca94639164ad5b5b2b0d06a4,38ad04bc14c2a22e2d4699472849a99e706e5988005381695628468a6a57aff5,9874c4ea5ce62ca341f4e1b913a4c40f40ea4bae2e726aa668c93711a160fa83,1d5e2c484b119bc541868bd098751e1a058e288f8784a3ecdf5311a09a502434,0.6426599025726318,0.291154682636261,0.3935236930847168,54.69537045328692,0.35150521993637085,45.304627990680125,1.1764841190214015,1.1977911952270024,0.28116372519836597,1.0,False,0.9998693466186523,0.9999807476997375,0.009484591475878145,all_four_full_spatial_windows_common_frames
T05,2,BG13,spatial_all,"[0, 1, 2, 3, 4, 5, 6, 7, 8, 9, 10, 11, 12, 13, 14, 15, 16, 17, 18, 19, 20, 21, 22, 23, 24, 25, 26, 27, 28, 29, 30, 31, 32, 33, 34, 35]",48c447ae987a7027330935145ad8d9bb90afcdc727ef4e0a7170ae6256961dea,6f2b8b68992bcda36a4d1bed320e0eb9662abd3eb63206bbab87eefdb241ba03,d42fd0835ca1169fdd93186e68af5562f7bd2461ca94639164ad5b5b2b0d06a4,38ad04bc14c2a22e2d4699472849a99e706e5988005381695628468a6a57aff5,9874c4ea5ce62ca341f4e1b913a4c40f40ea4bae2e726aa668c93711a160fa83,1d5e2c484b119bc541868bd098751e1a058e288f8784a3ecdf5311a09a502434,0.6426599025726318,0.09488071501255035,0.0883999913930893,85.23624655025806,0.5477791875600815,14.763751893708971,1.0412288753636338,1.1314507218443226,0.4164189688561339,1.0,False,0.999862790107727,0.9999815821647644,0.0,all_four_full_spatial_windows_common_frames
T05,2,BG14,spatial_E,"[0, 1, 2, 3, 4, 5, 6, 7, 8, 9, 10, 11]",48c447ae987a7027330935145ad8d9bb90afcdc727ef4e0a7170ae6256961dea,6f2b8b68992bcda36a4d1bed320e0eb9662abd3eb63206bbab87eefdb241ba03,d42fd0835ca1169fdd93186e68af5562f7bd2461ca94639164ad5b5b2b0d06a4,38ad04bc14c2a22e2d4699472849a99e706e5988005381695628468a6a57aff5,9874c4ea5ce62ca341f4e1b913a4c40f40ea4bae2e726aa668c93711a160fa83,1d5e2c484b119bc541868bd098751e1a058e288f8784a3ecdf5311a09a502434,1.5224193334579468,0.7818912267684937,1.455443024635315,48.64153295684321,0.7405281066894531,51.35846638630755,1.5744879956984419,1.827718238129642,0.7252701888832913,1.0,False,0.9998466968536377,0.9999769926071167,0.11454340470948225,all_four_full_spatial_windows_common_frames
T05,2,BG14,spatial_EM,"[0, 1, 2, 3, 4, 5, 6, 7, 8, 9, 10, 11, 12, 13, 14, 15, 16, 17, 18, 19, 20, 21, 22, 23]",48c447ae987a7027330935145ad8d9bb90afcdc727ef4e0a7170ae6256961dea,6f2b8b68992bcda36a4d1bed320e0eb9662abd3eb63206bbab87eefdb241ba03,d42fd0835ca1169fdd93186e68af5562f7bd2461ca94639164ad5b5b2b0d06a4,38ad04bc14c2a22e2d4699472849a99e706e5988005381695628468a6a57aff5,9874c4ea5ce62ca341f4e1b913a4c40f40ea4bae2e726aa668c93711a160fa83,1d5e2c484b119bc541868bd098751e1a058e288f8784a3ecdf5311a09a502434,1.5224193334579468,0.09125231951475143,0.027452148497104645,94.00609760333933,1.4311670139431953,5.993901739811418,1.0165778340705063,1.0433590748735746,1.283180350511227,1.0,False,0.9998507499694824,0.9999783635139465,0.026278914607090604,all_four_full_spatial_windows_common_frames
T05,2,BG14,spatial_ML,"[12, 13, 14, 15, 16, 17, 18, 19, 20, 21, 22, 23, 24, 25, 26, 27, 28, 29, 30, 31, 32, 33, 34, 35]",48c447ae987a7027330935145ad8d9bb90afcdc727ef4e0a7170ae6256961dea,6f2b8b68992bcda36a4d1bed320e0eb9662abd3eb63206bbab87eefdb241ba03,d42fd0835ca1169fdd93186e68af5562f7bd2461ca94639164ad5b5b2b0d06a4,38ad04bc14c2a22e2d4699472849a99e706e5988005381695628468a6a57aff5,9874c4ea5ce62ca341f4e1b913a4c40f40ea4bae2e726aa668c93711a160fa83,1d5e2c484b119bc541868bd098751e1a058e288f8784a3ecdf5311a09a502434,1.5224193334579468,0.675707995891571,1.0442371368408203,55.61617048580047,0.8467113375663757,44.383828857350295,1.4848349981686741,1.4932773957798902,0.8149231864130592,1.0,False,0.9998555183410645,0.999981701374054,0.028813478561388762,all_four_full_spatial_windows_common_frames
T05,2,BG14,spatial_all,"[0, 1, 2, 3, 4, 5, 6, 7, 8, 9, 10, 11, 12, 13, 14, 15, 16, 17, 18, 19, 20, 21, 22, 23, 24, 25, 26, 27, 28, 29, 30, 31, 32, 33, 34, 35]",48c447ae987a7027330935145ad8d9bb90afcdc727ef4e0a7170ae6256961dea,6f2b8b68992bcda36a4d1bed320e0eb9662abd3eb63206bbab87eefdb241ba03,d42fd0835ca1169fdd93186e68af5562f7bd2461ca94639164ad5b5b2b0d06a4,38ad04bc14c2a22e2d4699472849a99e706e5988005381695628468a6a57aff5,9874c4ea5ce62ca341f4e1b913a4c40f40ea4bae2e726aa668c93711a160fa83,1d5e2c484b119bc541868bd098751e1a058e288f8784a3ecdf5311a09a502434,1.5224193334579468,0.06584242731332779,0.055449143052101135,95.67514446027883,1.456576906144619,4.32485488287193,1.0184690591334649,1.1177209463733944,1.2812891254482683,1.0,False,0.9998513460159302,0.999980092048645,0.0,all_four_full_spatial_windows_common_frames
T05,2,BG15,spatial_E,"[0, 1, 2, 3, 4, 5, 6, 7, 8, 9, 10, 11]",48c447ae987a7027330935145ad8d9bb90afcdc727ef4e0a7170ae6256961dea,6f2b8b68992bcda36a4d1bed320e0eb9662abd3eb63206bbab87eefdb241ba03,d42fd0835ca1169fdd93186e68af5562f7bd2461ca94639164ad5b5b2b0d06a4,38ad04bc14c2a22e2d4699472849a99e706e5988005381695628468a6a57aff5,9874c4ea5ce62ca341f4e1b913a4c40f40ea4bae2e726aa668c93711a160fa83,1d5e2c484b119bc541868bd098751e1a058e288f8784a3ecdf5311a09a502434,0.4467148184776306,0.32363617420196533,0.4274430572986603,27.551949572640723,0.12307864427566528,72.44804818879469,1.1457915608155063,1.0153835475858928,0.10119289176698602,1.0,False,0.999840497970581,0.9999768137931824,0.08802415389265314,all_four_full_spatial_windows_common_frames
T05,2,BG15,spatial_EM,"[0, 1, 2, 3, 4, 5, 6, 7, 8, 9, 10, 11, 12, 13, 14, 15, 16, 17, 18, 19, 20, 21, 22, 23]",48c447ae987a7027330935145ad8d9bb90afcdc727ef4e0a7170ae6256961dea,6f2b8b68992bcda36a4d1bed320e0eb9662abd3eb63206bbab87eefdb241ba03,d42fd0835ca1169fdd93186e68af5562f7bd2461ca94639164ad5b5b2b0d06a4,38ad04bc14c2a22e2d4699472849a99e706e5988005381695628468a6a57aff5,9874c4ea5ce62ca341f4e1b913a4c40f40ea4bae2e726aa668c93711a160fa83,1d5e2c484b119bc541868bd098751e1a058e288f8784a3ecdf5311a09a502434,0.4467148184776306,0.03361359238624573,0.020829327404499054,92.47537797193831,0.4131012260913849,7.52461978949708,0.9850469166804359,1.0710636024947398,0.26193753590205665,1.0,False,0.9998880624771118,0.9999820590019226,0.022903074091259988,all_four_full_spatial_windows_common_frames
T05,2,BG15,spatial_ML,"[12, 13, 14, 15, 16, 17, 18, 19, 20, 21, 22, 23, 24, 25, 26, 27, 28, 29, 30, 31, 32, 33, 34, 35]",48c447ae987a7027330935145ad8d9bb90afcdc727ef4e0a7170ae6256961dea,6f2b8b68992bcda36a4d1bed320e0eb9662abd3eb63206bbab87eefdb241ba03,d42fd0835ca1169fdd93186e68af5562f7bd2461ca94639164ad5b5b2b0d06a4,38ad04bc14c2a22e2d4699472849a99e706e5988005381695628468a6a57aff5,9874c4ea5ce62ca341f4e1b913a4c40f40ea4bae2e726aa668c93711a160fa83,1d5e2c484b119bc541868bd098751e1a058e288f8784a3ecdf5311a09a502434,0.4467148184776306,0.16092756390571594,0.1783309280872345,63.9753230368142,0.2857872545719147,36.0246747246212,1.0712654593536697,1.093578718536294,0.17571899322882265,1.0,False,0.9998363256454468,0.9999793767929077,0.005452660266036029,all_four_full_spatial_windows_common_frames
T05,2,BG15,spatial_all,"[0, 1, 2, 3, 4, 5, 6, 7, 8, 9, 10, 11, 12, 13, 14, 15, 16, 17, 18, 19, 20, 21, 22, 23, 24, 25, 26, 27, 28, 29, 30, 31, 32, 33, 34, 35]",48c447ae987a7027330935145ad8d9bb90afcdc727ef4e0a7170ae6256961dea,6f2b8b68992bcda36a4d1bed320e0eb9662abd3eb63206bbab87eefdb241ba03,d42fd0835ca1169fdd93186e68af5562f7bd2461ca94639164ad5b5b2b0d06a4,38ad04bc14c2a22e2d4699472849a99e706e5988005381695628468a6a57aff5,9874c4ea5ce62ca341f4e1b913a4c40f40ea4bae2e726aa668c93711a160fa83,1d5e2c484b119bc541868bd098751e1a058e288f8784a3ecdf5311a09a502434,0.4467148184776306,0.0701296329498291,0.02611679397523403,84.30102640898994,0.3765851855278015,15.69897135244546,1.0203407259986434,1.09207477458978,0.22664372658384907,1.0,False,0.9998569488525391,0.9999793171882629,0.0,all_four_full_spatial_windows_common_frames
