task,seed,scope,step,progress,tau,background_mean,D_raw,M_ref,M_b,D_norm,cosine_similarity,direction_fraction
Original,0,all,0,0.0,0.9950248599052429,BG0–BG15,0.22632922410209644,1.1288248724143781,1.136788354530454,0.19950648407942978,0.9701497001393666,0.9984008991357388
Original,0,all,0,0.0,0.9950248599052429,BG1–BG15,0.24141783904223618,1.1288248724143783,1.1373192533381924,0.21280691635139173,0.9681596801486577,0.9984008991357388
Original,0,1,0,0.0,0.9950248599052429,BG0–BG15,0.09025146135645312,1.145501056978785,1.1480293646246562,0.07867707599179301,0.9956499424372285,0.9973127478275843
Original,0,1,0,0.0,0.9950248599052429,BG1–BG15,0.09626822544688335,1.145501056978785,1.1481979184677142,0.08392221439124586,0.9953599385997105,0.9973127478275843
Original,0,2,0,0.0,0.9950248599052429,BG0–BG15,0.158753617390224,1.1097969475631217,1.1138944724065432,0.14270503409788787,0.9837490514951854,0.9986347730682759
Original,0,2,0,0.0,0.9950248599052429,BG1–BG15,0.1693371918829056,1.109796947563122,1.114167640729438,0.15221870303774704,0.982665654928198,0.9986347730682759
Original,0,3,0,0.0,0.9950248599052429,BG0–BG15,0.23570166300341192,1.13127033279752,1.1358788595055969,0.2077429200401858,0.9648141469557221,0.9988321929698544
Original,0,3,0,0.0,0.9950248599052429,BG1–BG15,0.2514151072036394,1.13127033279752,1.1361860946194686,0.2215924480428648,0.9624684234194371,0.9988321929698544
Original,0,4,0,0.0,0.9950248599052429,BG0–BG15,0.27327887408890816,1.1216637645506775,1.1334638612074661,0.24183603751803354,0.9557317812521637,0.9973286536979167
Original,0,4,0,0.0,0.9950248599052429,BG1–BG15,0.29149746569483537,1.1216637645506773,1.1342505343179188,0.2579584400192358,0.9527805666689747,0.9973286536979167
Original,0,5,0,0.0,0.9950248599052429,BG0–BG15,0.2733164998467227,1.134845327753766,1.1485829661339064,0.23884449203121116,0.9592545818298553,0.9970716643896916
Original,0,5,0,0.0,0.9950248599052429,BG1–BG15,0.2915375998365042,1.134845327753766,1.1494988086925828,0.25476745816662527,0.9565382206185126,0.9970716643896916
Original,0,all,4,0.11428571428571428,0.9906675815582275,BG0–BG15,0.22779122088185716,1.1290055097826204,1.1369172999237558,0.20075847697929006,0.9697283951005277,0.9984000088597116
Original,0,all,4,0.11428571428571428,0.9906675815582275,BG1–BG15,0.242977302273981,1.1290055097826204,1.137444752599832,0.21414237544457607,0.9677102881072294,0.9984000088597116
Original,0,1,4,0.11428571428571428,0.9906675815582275,BG0–BG15,0.0907048461506279,1.145997194069724,1.1478794101138794,0.07906753380267403,0.9955964796602582,0.9974179592444165
Original,0,1,4,0.11428571428571428,0.9906675815582275,BG1–BG15,0.09675183589400309,1.145997194069724,1.14800489118349,0.0843387027228523,0.9953029116376089,0.9974179592444165
Original,0,2,4,0.11428571428571428,0.9906675815582275,BG0–BG15,0.16032865863879892,1.1101561123138575,1.1142477867963785,0.1440730006924374,0.9834541478512178,0.9985381631676638
Original,0,2,4,0.11428571428571428,0.9906675815582275,BG1–BG15,0.17101723588138554,1.1101561123138575,1.1145205650952132,0.15367786740526654,0.9823510910412988,0.9985381631676638
Original,0,3,4,0.11428571428571428,0.9906675815582275,BG0–BG15,0.23846032330231587,1.1304946079359024,1.1356634738932443,0.210233282712036,0.9640427467342534,0.998586681616213
Original,0,3,4,0.11428571428571428,0.9906675815582275,BG1–BG15,0.25435767818913696,1.1304946079359026,1.136008064957067,0.22424883489283845,0.9616455965165369,0.998586681616213
Original,0,4,4,0.11428571428571428,0.9906675815582275,BG0–BG15,0.274851423845252,1.1225741080378377,1.1340430236423615,0.2430551802457621,0.9551949355626761,0.9974121440453655
Original,0,4,4,0.11428571428571428,0.9906675815582275,BG1–BG15,0.29317485210160216,1.122574108037838,1.1348076180159965,0.2592588589288129,0.9522079312668545,0.9974121440453655
Original,0,5,4,0.11428571428571428,0.9906675815582275,BG0–BG15,0.2742223208870217,1.1347763753840296,1.1486196171126322,0.23962203602875842,0.9588637994805547,0.997076614601479
Original,0,5,4,0.11428571428571428,0.9906675815582275,BG1–BG15,0.2925038089461565,1.1347763753840296,1.1495424998945392,0.2555968384306756,0.9561213861125918,0.997076614601479
Original,0,all,8,0.22857142857142856,0.9814466834068298,BG0–BG15,0.23486476584121918,1.1304173142060516,1.1391871805771832,0.2066431508500708,0.9683740499084955,0.9982776873641674
Original,0,all,8,0.22857142857142856,0.9814466834068298,BG1–BG15,0.2505224168973004,1.1304173142060514,1.1397718383352584,0.22041936090674213,0.9662656532357285,0.9982776873641674
Original,0,1,8,0.22857142857142856,0.9814466834068298,BG0–BG15,0.09326832338018454,1.1478104121794748,1.1495244622868177,0.08118150758653374,0.9953652279593794,0.9973510985429999
Original,0,1,8,0.22857142857142856,0.9814466834068298,BG1–BG15,0.09948621160553017,1.1478104121794745,1.1496387322939736,0.08659360809230265,0.9950562431566713,0.9973510985429999
Original,0,2,8,0.22857142857142856,0.9814466834068298,BG0–BG15,0.16578445999191432,1.1119052956554316,1.1158339366763594,0.14875404110797608,0.9825354244936488,0.9985809682647787
Original,0,2,8,0.22857142857142856,0.9814466834068298,BG1–BG15,0.17683675732470863,1.1119052956554314,1.1160958460777546,0.15867097718184114,0.9813711194598921,0.9985809682647787
Original,0,3,8,0.22857142857142856,0.9814466834068298,BG0–BG15,0.24778781651098364,1.1317304382834725,1.1377960771809863,0.21807485042213312,0.962012326642268,0.9988156920045568
Original,0,3,8,0.22857142857142856,0.9814466834068298,BG1–BG15,0.26430700427838255,1.1317304382834725,1.1382004531074874,0.23261317378360868,0.9594798150850861,0.9988156920045568
Original,0,4,8,0.22857142857142856,0.9814466834068298,BG0–BG15,0.2833290255077089,1.1234594576335963,1.1369789573044917,0.2501034369284559,0.9533903527920189,0.9969520355593111
Original,0,4,8,0.22857142857142856,0.9814466834068298,BG1–BG15,0.3022176272082228,1.1234594576335968,1.1378802572825513,0.2667769993903529,0.9502830429781534,0.9969520355593111
Original,0,5,8,0.22857142857142856,0.9814466834068298,BG0–BG15,0.28155534016234823,1.1362595588456104,1.1513262557781698,0.24557990621004555,0.9573475482095186,0.9966682392652104
Original,0,5,8,0.22857142857142856,0.9814466834068298,BG1–BG15,0.30032569617317145,1.1362595588456104,1.1523307022403406,0.26195189995738194,0.9545040514234865,0.9966682392652104
Original,0,all,12,0.34285714285714286,0.9606394171714783,BG0–BG15,0.250754264824416,1.129531414369018,1.138797375909972,0.2207116549665476,0.9640593940395308,0.9982983361473069
Original,0,all,12,0.34285714285714286,0.9606394171714783,BG1–BG15,0.26747121581271044,1.1295314143690178,1.1394151066793694,0.23542576529765077,0.9616633536421662,0.9982983361473069
Original,0,1,12,0.34285714285714286,0.9606394171714783,BG0–BG15,0.09895740309851889,1.1450809936671222,1.1477214461400278,0.08630453364412434,0.9946902008324996,0.996931539726689
Original,0,1,12,0.34285714285714286,0.9606394171714783,BG1–BG15,0.10555456330508682,1.1450809936671222,1.1478974763048881,0.0920581692203993,0.994336214221333,0.996931539726689
Original,0,2,12,0.34285714285714286,0.9606394171714783,BG0–BG15,0.17724366715086073,1.1097442725181346,1.114662533462584,0.15923643902144075,0.9799487806616711,0.9985134324414539
Original,0,2,12,0.34285714285714286,0.9606394171714783,BG1–BG15,0.18905991162758476,1.1097442725181348,1.1149904175255472,0.16985220162287012,0.9786120327057825,0.9985134324414539
Original,0,3,12,0.34285714285714286,0.9606394171714783,BG0–BG15,0.26460323394840685,1.1296329803717073,1.136869796131985,0.23307014502540813,0.9566756555807892,0.9985427323645867
Original,0,3,12,0.34285714285714286,0.9606394171714783,BG1–BG15,0.2822434495449674,1.129632980371707,1.1373522505160032,0.2486081546937687,0.9537873659528416,0.9985427323645867
Original,0,4,12,0.34285714285714286,0.9606394171714783,BG0–BG15,0.3022446109250068,1.1228492339692835,1.1371630665456327,0.266763290557107,0.9473918012605997,0.9968878461167073
Original,0,4,12,0.34285714285714286,0.9606394171714783,BG1–BG15,0.32239425165334057,1.1228492339692835,1.1381173220507224,0.28454750992758093,0.9438845880113063,0.9968878461167073
Original,0,5,12,0.34285714285714286,0.9606394171714783,BG0–BG15,0.30077997048548116,1.1382848121857687,1.1523847491274142,0.2620392500872434,0.9516298590579731,0.9973205136280267
Original,0,5,12,0.34285714285714286,0.9606394171714783,BG1–BG15,0.3208319685178465,1.1382848121857685,1.1533247449235238,0.2795085334263929,0.9484051829951713,0.9973205136280267
Original,0,all,16,0.45714285714285713,0.9109315872192383,BG0–BG15,0.24781571854349355,1.1295844023678028,1.1367224353637526,0.2182192114537006,0.96277764954979,0.9989668281453824
Original,0,all,16,0.45714285714285713,0.9109315872192383,BG1–BG15,0.2643367664463931,1.1295844023678028,1.1371983042301494,0.23276715888394725,0.9602961595197761,0.9989668281453824
Original,0,1,16,0.45714285714285713,0.9109315872192383,BG0–BG15,0.08913967410853818,1.146091420146435,1.1450919329677773,0.07783448482954902,0.9955068287503623,0.9981873547250709
Original,0,1,16,0.45714285714285713,0.9109315872192383,BG1–BG15,0.0950823190491074,1.1460914201464347,1.1450253004892004,0.08302345048485231,0.9952072840003864,0.9981873547250709
Original,0,2,16,0.45714285714285713,0.9109315872192383,BG0–BG15,0.15261329330060172,1.109212173430845,1.1128558928558347,0.13724943993797845,0.9832995366326254,0.9990037780780174
Original,0,2,16,0.45714285714285713,0.9109315872192383,BG1–BG15,0.1627875128539752,1.1092121734308447,1.1130988074841675,0.14639940260051035,0.9821861724081339,0.9990037780780174
Original,0,3,16,0.45714285714285713,0.9109315872192383,BG0–BG15,0.23846093279771485,1.1330373743109254,1.137547064632075,0.20969582628620081,0.9606157567088175,0.9989282850010498
Original,0,3,16,0.45714285714285713,0.9109315872192383,BG1–BG15,0.2543583283175625,1.1330373743109254,1.137847710653485,0.22367554803861414,0.9579901404894055,0.9989282850010498
Original,0,4,16,0.45714285714285713,0.9109315872192383,BG0–BG15,0.28838574796213645,1.1231478042439575,1.133056501075433,0.25477033973857544,0.9472044660063921,0.9982535204863408
Original,0,4,16,0.45714285714285713,0.9109315872192383,BG1–BG15,0.3076114644929456,1.1231478042439575,1.1337170808641979,0.2717550290544805,0.9436847637401515,0.9982535204863408
Original,0,5,16,0.45714285714285713,0.9109315872192383,BG0–BG15,0.32653112386416916,1.1352569650004578,1.1501680294809846,0.28458693712061695,0.9409988595181347,0.9981300929726207
Original,0,5,16,0.45714285714285713,0.9109315872192383,BG1–BG15,0.3482998654551138,1.135256965000458,1.151162100446353,0.3035593995953248,0.9370654501526772,0.9981300929726207
Original,0,all,19,0.5428571428571428,0.831115186214447,BG0–BG15,0.14846145188668358,1.1242789787357208,1.1239598951135683,0.1322229014430284,0.9859696286854982,0.998763644796131
Original,0,all,19,0.5428571428571428,0.831115186214447,BG1–BG15,0.15835888201246245,1.1242789787357206,1.1239386228720916,0.14103776153923028,0.9850342705978646,0.998763644796131
Original,0,1,19,0.5428571428571428,0.831115186214447,BG0–BG15,0.09084382770879681,1.1480881974843995,1.1442445839087547,0.0793495550595369,0.9955952802048456,0.9968949054423071
Original,0,1,19,0.5428571428571428,0.831115186214447,BG1–BG15,0.09690008288938326,1.1480881974843995,1.1439883430037119,0.08463952539683935,0.9953016322185019,0.9968949054423071
Original,0,2,19,0.5428571428571428,0.831115186214447,BG0–BG15,0.08674771460433056,1.1078910435107374,1.1059835937465592,0.07843676863678486,0.9957990058551598,0.9977712558697112
Original,0,2,19,0.5428571428571428,0.831115186214447,BG1–BG15,0.09253089557795262,1.1078910435107372,1.105856430428947,0.08366588654590384,0.9955189395788371,0.9977712558697112
Original,0,3,19,0.5428571428571428,0.831115186214447,BG0–BG15,0.10645244795381095,1.1317636960007593,1.1290712107186478,0.0944062924799976,0.992817215563883,0.9975833850259046
Original,0,3,19,0.5428571428571428,0.831115186214447,BG1–BG15,0.11354927781739833,1.131763696000759,1.1288917116998403,0.10070004531199743,0.9923383632681421,0.9975833850259046
Original,0,4,19,0.5428571428571428,0.831115186214447,BG0–BG15,0.14819945872733092,1.1138588938076488,1.1129573051696156,0.13333201475803402,0.9844656254167451,0.998157307660007
Original,0,4,19,0.5428571428571428,0.831115186214447,BG1–BG15,0.1580794226424863,1.1138588938076488,1.1128971992604133,0.14222081574190298,0.9834300004445283,0.998157307660007
Original,0,5,19,0.5428571428571428,0.831115186214447,BG0–BG15,0.21963918643407168,1.1222106469184918,1.1278857467055454,0.19512914290512925,0.968106535999139,0.9982654825341815
Original,0,5,19,0.5428571428571428,0.831115186214447,BG1–BG15,0.23428179886300982,1.1222106469184916,1.128264086691349,0.20813775243213783,0.9659803050657483,0.9982654825341815
Original,0,all,23,0.6571428571428571,0.618124783039093,BG0–BG15,0.07737685872819161,1.1243093255613732,1.1243778133938074,0.06881369026435882,0.996890115484227,0.9990133890111438
Original,0,all,23,0.6571428571428571,0.618124783039093,BG1–BG15,0.08253531597673773,1.1243093255613734,1.124382379249303,0.0734012696153161,0.9966827898498423,0.9990133890111438
Original,0,1,23,0.6571428571428571,0.618124783039093,BG0–BG15,0.09060345771838274,1.1473596038318292,1.1448201189396396,0.07907585328692035,0.9959964479226256,0.9981479648110602
Original,0,1,23,0.6571428571428571,0.618124783039093,BG1–BG15,0.09664368823294157,1.1473596038318292,1.1446508199468268,0.08434757683938171,0.9957295444508005,0.9981479648110602
Original,0,2,23,0.6571428571428571,0.618124783039093,BG0–BG15,0.08225536510507536,1.108452659546617,1.1080598097180823,0.07421432537658822,0.9964714504991563,0.9986250138688789
Original,0,2,23,0.6571428571428571,0.618124783039093,BG1–BG15,0.0877390561120804,1.1084526595466175,1.1080336197295133,0.07916194706836076,0.9962362138657668,0.9986250138688789
Original,0,3,23,0.6571428571428571,0.618124783039093,BG0–BG15,0.07222308086014265,1.1307119799243694,1.1321712930021146,0.063823603122025,0.9973985050876708,0.998214755795176
Original,0,3,23,0.6571428571428571,0.618124783039093,BG1–BG15,0.07703795291748547,1.1307119799243694,1.1322685805406312,0.06807850999682666,0.9972250720935155,0.998214755795176
Original,0,4,23,0.6571428571428571,0.618124783039093,BG0–BG15,0.06449933634430491,1.1123917635947267,1.1114468485235438,0.05800667018399325,0.9977265397879491,0.9977294376021906
Original,0,4,23,0.6571428571428571,0.618124783039093,BG1–BG15,0.06879929210059192,1.1123917635947262,1.1113838541854653,0.06187378152959278,0.9975749757738125,0.9977294376021906
Original,0,5,23,0.6571428571428571,0.618124783039093,BG0–BG15,0.075132761811673,1.1245738808003762,1.1266502571337635,0.0667143523116592,0.9967308624929686,0.9983828593558031
Original,0,5,23,0.6571428571428571,0.618124783039093,BG1–BG15,0.08014161259911787,1.1245738808003762,1.126788682222656,0.07116197579910313,0.9965129199924997,0.9983828593558031
Original,0,all,27,0.7714285714285715,0.30132922530174255,BG0–BG15,0.07972565132351053,1.1086902113104284,1.1081651625971172,0.07191688773372852,0.9970036404741769,0.9992934812058035
Original,0,all,27,0.7714285714285715,0.30132922530174255,BG1–BG15,0.08504069474507787,1.1086902113104282,1.1081301593495634,0.07671134691597709,0.9968038831724554,0.9992934812058035
Original,0,1,27,0.7714285714285715,0.30132922530174255,BG0–BG15,0.12246759724548324,1.1291464797258415,1.1272331874526142,0.10853907042823184,0.9929347253512736,0.9988556141222088
Original,0,1,27,0.7714285714285715,0.30132922530174255,BG1–BG15,0.13063210372851544,1.1291464797258415,1.1271056346343993,0.11577500845678061,0.9924637070413583,0.9988556141222088
Original,0,2,27,0.7714285714285715,0.30132922530174255,BG0–BG15,0.08842660605249872,1.0960845616161545,1.0961318435960574,0.08064945758125604,0.9962178456108185,0.9990106111241316
Original,0,2,27,0.7714285714285715,0.30132922530174255,BG1–BG15,0.09432171312266527,1.0960845616161543,1.096134995728051,0.0860260880866731,0.9959657019848731,0.9990106111241316
Original,0,3,27,0.7714285714285715,0.30132922530174255,BG0–BG15,0.0648358452423561,1.1156670888723088,1.1168374577921143,0.05807501722314726,0.9981066886921168,0.9985665557572664
Original,0,3,27,0.7714285714285715,0.30132922530174255,BG1–BG15,0.06915823492517985,1.115667088872309,1.1169154823867682,0.06194668503802374,0.9979804679382578,0.9985665557572664
Original,0,4,27,0.7714285714285715,0.30132922530174255,BG0–BG15,0.06260937139294384,1.0987210042741589,1.0973136183116077,0.057015062108705744,0.9980999844488245,0.9982474674721732
Original,0,4,27,0.7714285714285715,0.30132922530174255,BG1–BG15,0.06678332948580677,1.0987210042741589,1.097219792580771,0.06081606624928613,0.9979733167454129,0.9982474674721732
Original,0,5,27,0.7714285714285715,0.30132922530174255,BG0–BG15,0.05224326892000261,1.1063655212265469,1.1058816901102722,0.047227113040901186,0.998744248164624,0.9991117894081296
Original,0,5,27,0.7714285714285715,0.30132922530174255,BG1–BG15,0.055726153514669446,1.1063655212265469,1.1058494347025207,0.05037558724362792,0.998660531375599,0.9991117894081296
Original,0,all,31,0.8857142857142857,0.07776966691017151,BG0–BG15,0.09940848054436667,0.9292033136642385,0.9274533069519697,0.10711826916367735,0.9935272602042193,0.9987625628111829
Original,0,all,31,0.8857142857142857,0.07776966691017151,BG1–BG15,0.10603571258065778,0.9292033136642386,0.9273366398378183,0.11425948710792251,0.9930957442178341,0.9987625628111829
Original,0,1,31,0.8857142857142857,0.07776966691017151,BG0–BG15,0.16364884095969445,0.939960848993511,0.9295942501013802,0.17532285469280648,0.9827674799915678,0.9940625202703887
Original,0,1,31,0.8857142857142857,0.07776966691017151,BG1–BG15,0.1745587636903408,0.9399608489935111,0.9289031435085716,0.18701104500566024,0.981618645324339,0.9940625202703887
Original,0,2,31,0.8857142857142857,0.07776966691017151,BG0–BG15,0.1083456592135582,0.9328710977367912,0.9321842232573747,0.11619570487027141,0.9922361083900362,0.9992873202938645
Original,0,2,31,0.8857142857142857,0.07776966691017151,BG1–BG15,0.11556870316112872,0.9328710977367913,0.9321384316254139,0.12394208519495617,0.9917185156160385,0.9992873202938645
Original,0,3,31,0.8857142857142857,0.07776966691017151,BG0–BG15,0.07362778868101573,0.9340102682559271,0.9348846450476953,0.07879339907827862,0.9964861271025032,0.9984997508433632
Original,0,3,31,0.8857142857142857,0.07776966691017151,BG1–BG15,0.07853630792641679,0.9340102682559269,0.934942936833813,0.08404629235016388,0.9962518689093366,0.9984997508433632
Original,0,4,31,0.8857142857142857,0.07776966691017151,BG0–BG15,0.07445560257745,0.9240747047095731,0.9254658830335907,0.08051569463587176,0.996322870053064,0.9987466563293101
Original,0,4,31,0.8857142857142857,0.07776966691017151,BG1–BG15,0.07941930941594667,0.9240747047095732,0.9255586282551919,0.08588340761159656,0.9960777280566017,0.9987466563293101
Original,0,5,31,0.8857142857142857,0.07776966691017151,BG0–BG15,0.060967057662894286,0.9195999185736609,0.9184031115339154,0.06635188518946197,0.9975554876291133,0.998706152646005
Original,0,5,31,0.8857142857142857,0.07776966691017151,BG1–BG15,0.06503152817375392,0.9195999185736611,0.9183233243979324,0.07077534420209274,0.9973925201377207,0.998706152646005
Original,0,all,35,1.0,0.009900989942252636,BG0–BG15,0.07544133020750735,0.6561169344755206,0.6544937357772613,0.11518494783849079,0.9924755457329175,0.9987574067131543
Original,0,all,35,1.0,0.009900989942252636,BG1–BG15,0.08047075222134117,0.6561169344755206,0.6543855225307108,0.12286394436105683,0.9919739154484453,0.9987574067131543
Original,0,1,35,1.0,0.009900989942252636,BG0–BG15,0.1254881033210003,0.63036279062049,0.6222656688648893,0.20070308319838182,0.9775295341796775,0.9943061873008663
Original,0,1,35,1.0,0.009900989942252636,BG1–BG15,0.13385397687573367,0.6303627906204899,0.6217258607478493,0.21408328874494068,0.9760315031249894,0.9943061873008663
Original,0,2,35,1.0,0.009900989942252636,BG0–BG15,0.07947043856926428,0.6509793513370469,0.6498299675057192,0.12223702200115036,0.9911605179006562,0.9992143782816112
Original,0,2,35,1.0,0.009900989942252636,BG1–BG15,0.08476846780721523,0.6509793513370468,0.649753341916964,0.13038615680122706,0.990571219094033,0.9992143782816112
Original,0,3,35,1.0,0.009900989942252636,BG0–BG15,0.059293116388977544,0.6728708933245239,0.6731878474812145,0.08811216500324501,0.9953945478716119,0.99826760918906
Original,0,3,35,1.0,0.009900989942252636,BG1–BG15,0.06324599081490938,0.6728708933245238,0.6732089777583271,0.09398630933679468,0.9950875177297193,0.99826760918906
Original,0,4,35,1.0,0.009900989942252636,BG0–BG15,0.05266717489043335,0.6709974138747062,0.6706225673072547,0.07854213135765242,0.9965368746870399,0.9974523506626272
Original,0,4,35,1.0,0.009900989942252636,BG1–BG15,0.05617831988312892,0.6709974138747063,0.6705975775360912,0.08377827344816256,0.9963059996661758,0.9974523506626272
Original,0,5,35,1.0,0.009900989942252636,BG0–BG15,0.04738988475487116,0.6512339792330119,0.6509683811062474,0.07280049380104746,0.9970597086140605,0.9985419015681571
Original,0,5,35,1.0,0.009900989942252636,BG1–BG15,0.050549210405195895,0.6512339792330119,0.6509506745644631,0.0776538600544506,0.9968636891883311,0.9985419015681571
Original,1,all,0,0.0,0.9950248599052429,BG0–BG15,0.21532016769755444,1.1222659764081202,1.1275410537161974,0.19107529480330135,0.9720119001299121,0.9992481207169589
Original,1,all,0,0.0,0.9950248599052429,BG1–BG15,0.22967484554405804,1.1222659764081198,1.127892725536736,0.20381364779018807,0.9701460268052396,0.9992481207169589
Original,1,1,0,0.0,0.9950248599052429,BG0–BG15,0.08740259263531559,1.1052883604153012,1.1095094095595601,0.07888757005287053,0.9956338589640334,0.9956547799587924
Original,1,1,0,0.0,0.9950248599052429,BG1–BG15,0.09322943214433661,1.1052883604153012,1.1097908128358438,0.08414674138972857,0.9953427828949689,0.9956547799587924
Original,1,2,0,0.0,0.9950248599052429,BG0–BG15,0.1500203751355738,1.1048913899068031,1.1052799382173442,0.13576379316574622,0.985084905510162,0.9996349113948092
Original,1,2,0,0.0,0.9950248599052429,BG1–BG15,0.1600217334779454,1.1048913899068036,1.1053058414380466,0.14481471271012933,0.9840905658775062,0.9996349113948092
Original,1,3,0,0.0,0.9950248599052429,BG0–BG15,0.22133522548155798,1.104929492058327,1.108396258872491,0.19971002160074752,0.966803732225278,0.9989691166482287
Original,1,3,0,0.0,0.9950248599052429,BG1–BG15,0.23609090718032844,1.104929492058327,1.108627376660102,0.21302402304079743,0.9645906477069632,0.9989691166482287
Original,1,4,0,0.0,0.9950248599052429,BG0–BG15,0.2565399167058308,1.1732854461494135,1.1783050887453372,0.2178384860567316,0.9625092846529297,0.9985325587429998
Original,1,4,0,0.0,0.9950248599052429,BG1–BG15,0.2736425778195528,1.1732854461494138,1.1786397315850654,0.23236105179384703,0.9600099036297916,0.9985325587429998
Original,1,5,0,0.0,0.9950248599052429,BG0–BG15,0.26457630047324954,1.113827559350685,1.12488279503977,0.23549063835682815,0.9598361632682595,0.9982621444752676
Original,1,5,0,0.0,0.9950248599052429,BG1–BG15,0.28221472050479945,1.1138275593506852,1.1256198107523756,0.2511900142472834,0.9571585741528101,0.9982621444752676
Original,1,all,4,0.11428571428571428,0.9906675815582275,BG0–BG15,0.21384765891407326,1.1218343498652257,1.1274517314072754,0.1898037032451973,0.9722736063494795,0.9992076306235731
Original,1,all,4,0.11428571428571428,0.9906675815582275,BG1–BG15,0.2281041695083448,1.121834349865226,1.1278262235100782,0.20245728346154376,0.9704251801061116,0.9992076306235731
Original,1,1,4,0.11428571428571428,0.9906675815582275,BG0–BG15,0.08703190013172638,1.1039106136442656,1.109057498874361,0.07861353093367501,0.9956749031507937,0.9943870529788172
Original,1,1,4,0.11428571428571428,0.9906675815582275,BG1–BG15,0.0928340268071748,1.1039106136442656,1.1094006245563675,0.08385443299592005,0.9953865633608466,0.9943870529788172
Original,1,2,4,0.11428571428571428,0.9906675815582275,BG0–BG15,0.1486991285455056,1.1049239176693735,1.1052540235562756,0.1345594918994188,0.9852994874715334,0.9995476584680798
Original,1,2,4,0.11428571428571428,0.9906675815582275,BG1–BG15,0.15861240378187264,1.1049239176693733,1.1052760306154026,0.14353012469271337,0.9843194533029689,0.9995476584680798
Original,1,3,4,0.11428571428571428,0.9906675815582275,BG0–BG15,0.21939963741831955,1.1046885183356943,1.1082542637470425,0.1979861907099844,0.9672072494581122,0.9986923240047075
Original,1,3,4,0.11428571428571428,0.9906675815582275,BG1–BG15,0.23402627991287414,1.1046885183356943,1.108491980107799,0.21118527009065,0.965021066088653,0.9986923240047075
Original,1,4,4,0.11428571428571428,0.9906675815582275,BG0–BG15,0.25492169291467964,1.1729930868466405,1.1784770725624956,0.2164609303539886,0.962832908779268,0.998674004377572
Original,1,4,4,0.11428571428571428,0.9906675815582275,BG1–BG15,0.2719164724423249,1.1729930868466405,1.1788426716102194,0.23089165904425452,0.9603551026978858,0.998674004377572
Original,1,5,4,0.11428571428571428,0.9906675815582275,BG0–BG15,0.2629358273670054,1.1134546148938054,1.1248019423605946,0.2340698909973818,0.9601381166285072,0.9982178181044996
Original,1,5,4,0.11428571428571428,0.9906675815582275,BG1–BG15,0.2804648825248057,1.1134546148938056,1.1255584308583806,0.24967455039720726,0.9574806577370742,0.9982178181044996
Original,1,all,8,0.22857142857142856,0.9814466834068298,BG0–BG15,0.21266992005030722,1.1223057257316709,1.1281687579679698,0.18863052283187842,0.9724916441393672,0.9991128182867606
Original,1,all,8,0.22857142857142856,0.9814466834068298,BG1–BG15,0.2268479147203277,1.1223057257316709,1.128559626783723,0.20120589102067035,0.9706577537486586,0.9991128182867606
Original,1,1,8,0.22857142857142856,0.9814466834068298,BG0–BG15,0.08633485977334862,1.1053538751250407,1.1100347680995402,0.07789348067580683,0.9957560074912324,0.9956204505986812
Original,1,1,8,0.22857142857142856,0.9814466834068298,BG1–BG15,0.09209051709157184,1.1053538751250405,1.1103468276311736,0.08308637938752729,0.9954730746573145,0.9956204505986812
Original,1,2,8,0.22857142857142856,0.9814466834068298,BG0–BG15,0.14684294136608708,1.1053826660104622,1.1062952898402536,0.1327840021436592,0.9856525258663863,0.9993414262327646
Original,1,2,8,0.22857142857142856,0.9814466834068298,BG1–BG15,0.1566324707904929,1.105382666010462,1.1063561314289063,0.14163626895323653,0.9846960275908121,0.9993414262327646
Original,1,3,8,0.22857142857142856,0.9814466834068298,BG0–BG15,0.21593875076175306,1.1058357034067092,1.1089067437200546,0.19467698365421732,0.9681879604101017,0.9986039125821471
Original,1,3,8,0.22857142857142856,0.9814466834068298,BG1–BG15,0.23033466747920325,1.1058357034067092,1.109111479740944,0.20765544923116513,0.966067157770775,0.9986039125821471
Original,1,4,8,0.22857142857142856,0.9814466834068298,BG0–BG15,0.25301003787437254,1.1727396088450621,1.1787971550074787,0.21479095054148337,0.963343329880736,0.9986210876266607
Original,1,4,8,0.22857142857142856,0.9814466834068298,BG1–BG15,0.2698773737326641,1.1727396088450621,1.1792009914183064,0.22911034724424886,0.960899551872785,0.9986210876266607
Original,1,5,8,0.22857142857142856,0.9814466834068298,BG0–BG15,0.2641013082843763,1.1134043100115119,1.1255229045645194,0.23497906464649537,0.9594806243896896,0.9979711848502443
Original,1,5,8,0.22857142857142856,0.9814466834068298,BG1–BG15,0.28170806217000144,1.113404310011512,1.1263308108680534,0.2506443356229284,0.9567793326823356,0.9979711848502443
Original,1,all,12,0.34285714285714286,0.9606394171714783,BG0–BG15,0.21636358735627012,1.1192459677218394,1.1260071081975358,0.19226786531716666,0.9708121103937424,0.9988353974152001
Original,1,all,12,0.34285714285714286,0.9606394171714783,BG1–BG15,0.2307878265133548,1.1192459677218394,1.1264578508959155,0.20508572300497777,0.9688662510866587,0.9988353974152001
Original,1,1,12,0.34285714285714286,0.9606394171714783,BG0–BG15,0.08607765841817923,1.1034122767886763,1.1075307663231144,0.07780551732612288,0.9956990939883962,0.9966591509011895
Original,1,1,12,0.34285714285714286,0.9606394171714783,BG1–BG15,0.09181616897939117,1.1034122767886763,1.1078053322920773,0.08299255181453108,0.9954123669209559,0.9966591509011895
Original,1,2,12,0.34285714285714286,0.9606394171714783,BG0–BG15,0.14415552319062772,1.1039775950670443,1.1046846929759477,0.13051643378874633,0.9855786641684403,0.9991427487478891
Original,1,2,12,0.34285714285714286,0.9606394171714783,BG1–BG15,0.15376589140333624,1.1039775950670445,1.1047318328365414,0.13921752937466275,0.9846172417796695,0.9991427487478891
Original,1,3,12,0.34285714285714286,0.9606394171714783,BG0–BG15,0.21127098325890414,1.104019075802825,1.1072276683716167,0.19069329103181118,0.9680816684038818,0.9985797924974474
Original,1,3,12,0.34285714285714286,0.9606394171714783,BG1–BG15,0.2253557154761644,1.1040190758028248,1.1074415745428696,0.20340617710059855,0.9659537796308072,0.9985797924974474
Original,1,4,12,0.34285714285714286,0.9606394171714783,BG0–BG15,0.25060315836444563,1.1701876307477714,1.1765832068398376,0.21307113867071187,0.9621609368359026,0.9980284052316827
Original,1,4,12,0.34285714285714286,0.9606394171714783,BG1–BG15,0.267310035588742,1.1701876307477714,1.1770095785793089,0.22727588124875936,0.9596383326249628,0.9980284052316827
Original,1,5,12,0.34285714285714286,0.9606394171714783,BG0–BG15,0.28068973458406016,1.1069314751579815,1.1228751470400198,0.25056189426120684,0.9538869473658845,0.9970855252075428
Original,1,5,12,0.34285714285714286,0.9606394171714783,BG1–BG15,0.2994023835563308,1.1069314751579815,1.1239380584988226,0.2672660205452873,0.9508127438569436,0.9970855252075428
Original,1,all,16,0.45714285714285713,0.9109315872192383,BG0–BG15,0.1893060490934424,1.1207097888784134,1.1261454069083427,0.1680437050940427,0.9748215293189966,0.9990887193992695
Original,1,all,16,0.45714285714285713,0.9109315872192383,BG1–BG15,0.20192645236633858,1.1207097888784134,1.1265077814436713,0.17924661876697892,0.9731429646069298,0.9990887193992695
Original,1,1,16,0.45714285714285713,0.9109315872192383,BG0–BG15,0.08058798567841072,1.1033387872461409,1.104782693655853,0.07296629743518927,0.996125334864181,0.9987392509478308
Original,1,1,16,0.45714285714285713,0.9109315872192383,BG1–BG15,0.08596051805697143,1.1033387872461409,1.104878954083167,0.07783071726420188,0.9958670238551264,0.9987392509478308
Original,1,2,16,0.45714285714285713,0.9109315872192383,BG0–BG15,0.11521211167749629,1.104560635957623,1.1058520712000164,0.10425630614186288,0.9891395014546694,0.9985231505158226
Original,1,2,16,0.45714285714285713,0.9109315872192383,BG1–BG15,0.1228929191226627,1.1045606359576232,1.1059381668828427,0.11120672655132043,0.9884154682183142,0.9985231505158226
Original,1,3,16,0.45714285714285713,0.9109315872192383,BG0–BG15,0.16617709732050906,1.1039343486165016,1.105732035714999,0.1500846228492142,0.9763557646434436,0.9989230859732641
Original,1,3,16,0.45714285714285713,0.9109315872192383,BG1–BG15,0.17725557047520965,1.1039343486165016,1.1058518815215654,0.1600902643724952,0.9747794822863398,0.9989230859732641
Original,1,4,16,0.45714285714285713,0.9109315872192383,BG0–BG15,0.21091782828174654,1.1715834481210654,1.1789885939462148,0.17879725537069263,0.9694010972740783,0.998258784249873
Original,1,4,16,0.45714285714285713,0.9109315872192383,BG1–BG15,0.224979016833863,1.1715834481210654,1.1794822703345578,0.19071707239540545,0.9673611704256835,0.998258784249873
Original,1,5,16,0.45714285714285713,0.9109315872192383,BG0–BG15,0.26183298613524897,1.1113753687266663,1.1234572737964412,0.23299472513493802,0.9545816600414101,0.9981313877210025
Original,1,5,16,0.45714285714285713,0.9109315872192383,BG1–BG15,0.2792885185442655,1.111375368726666,1.1242627341344262,0.24852770681060052,0.9515537707108375,0.9981313877210025
Original,1,all,19,0.5428571428571428,0.831115186214447,BG0–BG15,0.11067240159167972,1.1236294781003697,1.123121341273629,0.09857138479033789,0.9921842597450241,0.999312319321211
Original,1,all,19,0.5428571428571428,0.831115186214447,BG1–BG15,0.1180505616977917,1.1236294781003695,1.1230874654851797,0.10514281044302705,0.9916632103946924,0.999312319321211
Original,1,1,19,0.5428571428571428,0.831115186214447,BG0–BG15,0.07951506527893218,1.1054540608157433,1.1041417178594557,0.07199501115835352,0.99648963072251,0.9989433536762996
Original,1,1,19,0.5428571428571428,0.831115186214447,BG1–BG15,0.08481606963086101,1.1054540608157433,1.1040542283290364,0.07679467856891042,0.9962556061040108,0.9989433536762996
Original,1,2,19,0.5428571428571428,0.831115186214447,BG0–BG15,0.0757888680983396,1.1046597343821567,1.104419228228581,0.06862281400529156,0.9968537142093515,0.9989020177359982
Original,1,2,19,0.5428571428571428,0.831115186214447,BG1–BG15,0.0808414593048956,1.1046597343821567,1.1044031944850095,0.073197668272311,0.9966439618233083,0.9989020177359982
Original,1,3,19,0.5428571428571428,0.831115186214447,BG0–BG15,0.08600438717417916,1.10632556940998,1.104759507485525,0.07784626195488653,0.9952915820267413,0.9981746819867173
Original,1,3,19,0.5428571428571428,0.831115186214447,BG1–BG15,0.09173801298579108,1.10632556940998,1.104655103357228,0.08303601275187897,0.9949776874951907,0.9981746819867173
Original,1,4,19,0.5428571428571428,0.831115186214447,BG0–BG15,0.10569469656475822,1.177761221664676,1.1770758036922406,0.08984580507001388,0.9926741354365665,0.9979889461110534
Original,1,4,19,0.5428571428571428,0.831115186214447,BG1–BG15,0.11274100966907542,1.1777612216646758,1.177030109160745,0.09583552540801482,0.9921857444656709,0.9979889461110534
Original,1,5,19,0.5428571428571428,0.831115186214447,BG0–BG15,0.15518799268677344,1.1142457268768993,1.115086177107838,0.1392827115987548,0.9830325775921943,0.9993373577858712
Original,1,5,19,0.5428571428571428,0.831115186214447,BG1–BG15,0.16553385886589161,1.114245726876899,1.1151422071232338,0.14856822570533845,0.9819014160983406,0.9993373577858712
Original,1,all,23,0.6571428571428571,0.618124783039093,BG0–BG15,0.0770776383095364,1.1238071949745114,1.1245443062266587,0.06856195060278461,0.9969113193655658,0.9991992060575062
Original,1,all,23,0.6571428571428571,0.618124783039093,BG1–BG15,0.08221614753017216,1.123807194974511,1.1245934469768017,0.07313274730963691,0.9967054073232703,0.9991992060575062
Original,1,1,23,0.6571428571428571,0.618124783039093,BG0–BG15,0.08851608238578468,1.102443426032548,1.1014616514066278,0.08033674812555403,0.9959103929131599,0.998994379486131
Original,1,1,23,0.6571428571428571,0.618124783039093,BG1–BG15,0.09441715454483703,1.1024434260325475,1.1013961997649,0.08569253133392431,0.9956377524407037,0.998994379486131
Original,1,2,23,0.6571428571428571,0.618124783039093,BG0–BG15,0.07882075987480597,1.1029791579849642,1.103997217702657,0.07142430666641243,0.9968028133855555,0.9989501317167849
Original,1,2,23,0.6571428571428571,0.618124783039093,BG1–BG15,0.08407547719979301,1.1029791579849646,1.1040650883505032,0.07618592711083992,0.9965896676112592,0.9989501317167849
Original,1,3,23,0.6571428571428571,0.618124783039093,BG0–BG15,0.06858679559826879,1.1042947100335605,1.1042354756939015,0.06211219046293272,0.9976127373543625,0.9989125863877094
Original,1,3,23,0.6571428571428571,0.618124783039093,BG1–BG15,0.07315924863815339,1.1042947100335605,1.1042315267379244,0.06625300316046155,0.9974535865113199,0.9989125863877094
Original,1,4,23,0.6571428571428571,0.618124783039093,BG0–BG15,0.06344547240023952,1.1769399632033484,1.1790113345734454,0.05385013525476631,0.99807153699653,0.9972355809447667
Original,1,4,23,0.6571428571428571,0.618124783039093,BG1–BG15,0.06767517056025547,1.1769399632033486,1.1791494259981188,0.05744014427175073,0.9979429727962986,0.9972355809447667
Original,1,5,23,0.6571428571428571,0.618124783039093,BG0–BG15,0.07888328784384871,1.1206102188440497,1.1217163677451838,0.0703490517174333,0.9960204072037204,0.9986666190808594
Original,1,5,23,0.6571428571428571,0.618124783039093,BG1–BG15,0.08414217370010531,1.1206102188440497,1.1217901110052593,0.07503898849859554,0.9957551010173018,0.9986666190808594
Original,1,all,27,0.7714285714285715,0.30132922530174255,BG0–BG15,0.08199997460264538,1.1044400309908067,1.1038986744173296,0.07425501363893607,0.9967994676164966,0.9994313863138505
Original,1,all,27,0.7714285714285715,0.30132922530174255,BG1–BG15,0.0874666395761551,1.1044400309908065,1.103862583979098,0.0792053478815318,0.9965860987909299,0.9994313863138505
Original,1,1,27,0.7714285714285715,0.30132922530174255,BG0–BG15,0.12402064982638569,1.081434724608963,1.0818401975877094,0.11463654690751712,0.9920956679532069,0.9991822996940123
Original,1,1,27,0.7714285714285715,0.30132922530174255,BG1–BG15,0.13228869314814476,1.081434724608963,1.081867229119626,0.12227898336801825,0.9915687124834205,0.9991822996940123
Original,1,2,27,0.7714285714285715,0.30132922530174255,BG0–BG15,0.09388419750874274,1.083284165029559,1.0841030737218391,0.0866061220973656,0.9955854672715909,0.9992379019996513
Original,1,2,27,0.7714285714285715,0.30132922530174255,BG1–BG15,0.10014314400932557,1.083284165029559,1.0841576676346576,0.0923798635705233,0.9952911650896968,0.9992379019996513
Original,1,3,27,0.7714285714285715,0.30132922530174255,BG0–BG15,0.06854781761339307,1.086019861931565,1.0850897511992128,0.06313747992998532,0.997739054980397,0.9988024590274666
Original,1,3,27,0.7714285714285715,0.30132922530174255,BG1–BG15,0.0731176721209526,1.0860198619315649,1.0850277438170564,0.06734664525865101,0.9975883253124234,0.9988024590274666
Original,1,4,27,0.7714285714285715,0.30132922530174255,BG0–BG15,0.06323772343881733,1.1561204887633338,1.154735102390366,0.05472827975111225,0.9982649540851227,0.9982882332757065
Original,1,4,27,0.7714285714285715,0.30132922530174255,BG1–BG15,0.06745357166807181,1.1561204887633338,1.154642743298835,0.058376831734519734,0.9981492843574642,0.9982882332757065
Original,1,5,27,0.7714285714285715,0.30132922530174255,BG0–BG15,0.05234565673421099,1.1031057667279551,1.1020167294003416,0.04747877516498708,0.9987377784675171,0.9987328628350368
Original,1,5,27,0.7714285714285715,0.30132922530174255,BG1–BG15,0.05583536718315838,1.103105766727955,1.1019441269118342,0.05064402684265289,0.9986536303653515,0.9987328628350368
Original,1,all,31,0.8857142857142857,0.07776966691017151,BG0–BG15,0.10203344864699473,0.9209275110652413,0.9191936227294802,0.11093355016750116,0.9930744498663082,0.998667709532337
Original,1,all,31,0.8857142857142857,0.07776966691017151,BG1–BG15,0.10883567855679438,0.920927511065241,0.9190780301737628,0.1183291201786679,0.9926127465240621,0.998667709532337
Original,1,1,31,0.8857142857142857,0.07776966691017151,BG0–BG15,0.16616649486183227,0.9117096139700819,0.9020985901548518,0.1834857214115138,0.9811037800858133,0.9943149077316726
Original,1,1,31,0.8857142857142857,0.07776966691017151,BG1–BG15,0.17724426118595443,0.9117096139700819,0.9014578552338365,0.1957181028389481,0.9798440320915343,0.9943149077316726
Original,1,2,31,0.8857142857142857,0.07776966691017151,BG0–BG15,0.11337364863600588,0.9107893994460113,0.9116233342208571,0.12444073843185971,0.9911540301985124,0.9978164016237755
Original,1,2,31,0.8857142857142857,0.07776966691017151,BG1–BG15,0.12093189187840628,0.9107893994460114,0.9116789298725135,0.13273678766065033,0.9905642988784134,0.9978164016237755
Original,1,3,31,0.8857142857142857,0.07776966691017151,BG0–BG15,0.07636583960140605,0.9066211655204255,0.9061801644741614,0.08425594431748247,0.9960303181315262,0.998541585708173
Original,1,3,31,0.8857142857142857,0.07776966691017151,BG1–BG15,0.08145689557483311,0.9066211655204254,0.9061507644044102,0.08987300727198129,0.995765672673628,0.998541585708173
Original,1,4,31,0.8857142857142857,0.07776966691017151,BG0–BG15,0.07619338231132242,0.9540086631115184,0.9532107800120676,0.07991467025289516,0.9963790305832732,0.9990130356425648
Original,1,4,31,0.8857142857142857,0.07776966691017151,BG1–BG15,0.08127294113207724,0.9540086631115181,0.9531575878054376,0.0852423149364215,0.996137632622158,0.9990130356425648
Original,1,5,31,0.8857142857142857,0.07776966691017151,BG0–BG15,0.06261221849612605,0.9159306889875095,0.9160077985973116,0.06835872630713963,0.997401891165089,0.9995815540608628
Original,1,5,31,0.8857142857142857,0.07776966691017151,BG1–BG15,0.06678636639586781,0.9159306889875097,0.9160129392379651,0.0729159747276156,0.9972286839094284,0.9995815540608628
Original,1,all,35,1.0,0.009900989942252636,BG0–BG15,0.07599272730771907,0.6508995012780556,0.648412444703675,0.11704298040630894,0.992249040031823,0.9983816025626057
Original,1,all,35,1.0,0.009900989942252636,BG1–BG15,0.08105890912823367,0.6508995012780557,0.6482466409320496,0.12484584576672955,0.991732309367278,0.9983816025626057
Original,1,1,35,1.0,0.009900989942252636,BG0–BG15,0.12444098065343619,0.6168841640108216,0.6065636580899212,0.20382756041411418,0.9769048824733573,0.9917943741883016
Original,1,1,35,1.0,0.009900989942252636,BG1–BG15,0.13273704603033196,0.6168841640108216,0.6058756243618612,0.2174160644417218,0.9753652079715811,0.9917943741883016
Original,1,2,35,1.0,0.009900989942252636,BG0–BG15,0.08113559411221802,0.642810205586986,0.6408897468932794,0.12647762261964376,0.9905854538155938,0.9988488714949515
Original,1,2,35,1.0,0.009900989942252636,BG1–BG15,0.08654463371969921,0.6428102055869862,0.640761716313699,0.13490946412762003,0.9899578174032998,0.9988488714949515
Original,1,3,35,1.0,0.009900989942252636,BG0–BG15,0.060764406356648315,0.6530541313594539,0.6522780764714722,0.09311876412709622,0.9949165300109923,0.9987602335625861
Original,1,3,35,1.0,0.009900989942252636,BG1–BG15,0.06481536678042486,0.6530541313594539,0.65222633947894,0.09932668173556931,0.9945776320117251,0.9987602335625861
Original,1,4,35,1.0,0.009900989942252636,BG0–BG15,0.0544750698461418,0.6793037337770116,0.6778345584811206,0.08031872672416435,0.9963790073195874,0.9969737720516948
Original,1,4,35,1.0,0.009900989942252636,BG1–BG15,0.058106741169217914,0.6793037337770116,0.6777366134613946,0.0856733085057753,0.9961376078075599,0.9969737720516948
Original,1,5,35,1.0,0.009900989942252636,BG0–BG15,0.04768599828095677,0.6528786414655888,0.6529023553424858,0.07304989419718437,0.9970306139664025,0.9990311661695012
Original,1,5,35,1.0,0.009900989942252636,BG1–BG15,0.05086506483302056,0.6528786414655888,0.6529039362676122,0.07791988714366332,0.9968326548974961,0.9990311661695012
Original,2,all,0,0.0,0.9950248599052429,BG0–BG15,0.2198338247010509,1.1441342246864996,1.1542931984710516,0.19085362241230155,0.9720817836551315,0.997743867374005
Original,2,all,0,0.0,0.9950248599052429,BG1–BG15,0.23448941301445428,1.1441342246864996,1.1549704633900217,0.20357719723978834,0.9702205692321403,0.997743867374005
Original,2,1,0,0.0,0.9950248599052429,BG0–BG15,0.0896408414317776,1.1235281671591106,1.126816785585882,0.07964448281021727,0.995520604341065,0.9973287221477766
Original,2,1,0,0.0,0.9950248599052429,BG1–BG15,0.09561689752722943,1.1235281671591104,1.1270360268143333,0.08495411499756508,0.9952219779638027,0.9973287221477766
Original,2,2,0,0.0,0.9950248599052429,BG0–BG15,0.15470150735409272,1.1608662454521415,1.1653237504112703,0.13296985098491906,0.9856357500718879,0.9973343087870301
Original,2,2,0,0.0,0.9950248599052429,BG1–BG15,0.1650149411776989,1.1608662454521412,1.165620917408546,0.141834507717247,0.9846781334100138,0.9973343087870301
Original,2,3,0,0.0,0.9950248599052429,BG0–BG15,0.22881628617183195,1.172046737869412,1.1753844976146164,0.19496721407117412,0.9682276534847254,0.9985377906844232
Original,2,3,0,0.0,0.9950248599052429,BG1–BG15,0.24407070524995408,1.172046737869412,1.1756070149309636,0.2079650283425858,0.9661094970503736,0.9985377906844232
Original,2,4,0,0.0,0.9950248599052429,BG0–BG15,0.26419269390331657,1.1280782699505412,1.1473995866388638,0.23116668634336068,0.9584768273283324,0.9945315737630217
Original,2,4,0,0.0,0.9950248599052429,BG1–BG15,0.28180554016353765,1.128078269950541,1.1486876744180854,0.24657779876625144,0.9557086158168882,0.9945315737630217
Original,2,5,0,0.0,0.9950248599052429,BG0–BG15,0.26566929946340895,1.1386664843827485,1.1550629931151306,0.2305936486250174,0.9613748795692614,0.9970214280747212
Original,2,5,0,0.0,0.9950248599052429,BG1–BG15,0.2833805860943029,1.1386664843827483,1.1561560936972897,0.2459665585333519,0.9587998715405452,0.9970214280747212
Original,2,all,4,0.11428571428571428,0.9906675815582275,BG0–BG15,0.22140180541913285,1.1439472082084192,1.1542994809870573,0.1922045127402729,0.9716365498774724,0.9976555997621579
Original,2,all,4,0.11428571428571428,0.9906675815582275,BG1–BG15,0.23616192578040837,1.1439472082084197,1.1549896325056328,0.20501814692295778,0.9697456532026373,0.9976555997621579
Original,2,1,4,0.11428571428571428,0.9906675815582275,BG0–BG15,0.09058605780977468,1.1230690896008255,1.1261222353476474,0.08052329646192243,0.9954183842407754,0.9976763857660348
Original,2,1,4,0.11428571428571428,0.9906675815582275,BG1–BG15,0.0966251283304263,1.1230690896008255,1.1263257783974354,0.08589151622605057,0.9951129431901606,0.9976763857660348
Original,2,2,4,0.11428571428571428,0.9906675815582275,BG0–BG15,0.15611174939143782,1.1605229241968973,1.1654706881285233,0.13417565537626708,0.9853572272779483,0.9969162918498812
Original,2,2,4,0.11428571428571428,0.9906675815582275,BG1–BG15,0.166519199350867,1.1605229241968973,1.165800539057298,0.14312069906801822,0.9843810424298114,0.9969162918498812
Original,2,3,4,0.11428571428571428,0.9906675815582275,BG0–BG15,0.23046790297727376,1.171421734892549,1.175149328430349,0.19641885820515725,0.9676485397856601,0.9985341045789754
Original,2,3,4,0.11428571428571428,0.9906675815582275,BG1–BG15,0.24583242984242532,1.1714217348925493,1.1753978346662024,0.20951344875216774,0.9654917757713707,0.9985341045789754
Original,2,4,4,0.11428571428571428,0.9906675815582275,BG0–BG15,0.2657802618121601,1.128608601621688,1.147922394110381,0.23241319526610263,0.9579002268075699,0.9945638502984234
Original,2,4,4,0.11428571428571428,0.9906675815582275,BG1–BG15,0.28349894593297076,1.1286086016216879,1.149209980276294,0.24790740828384275,0.9550935752614079,0.9945638502984234
Original,2,5,4,0.11428571428571428,0.9906675815582275,BG0–BG15,0.26755545763951794,1.1385062244975608,1.1551884728567159,0.2321964531681048,0.960830358589549,0.996885374886878
Original,2,5,4,0.11428571428571428,0.9906675815582275,BG1–BG15,0.2853924881488191,1.138506224497561,1.1563006227473263,0.24767621671264511,0.9582190491621856,0.996885374886878
Original,2,all,8,0.22857142857142856,0.9814466834068298,BG0–BG15,0.2327177677012285,1.1452739188359011,1.156220531127033,0.20174392564481614,0.9694322391559296,0.9976032169431999
Original,2,all,8,0.22857142857142856,0.9814466834068298,BG1–BG15,0.24823228554797705,1.1452739188359011,1.1569503052797752,0.21519352068780384,0.9673943884329914,0.9976032169431999
Original,2,1,8,0.22857142857142856,0.9814466834068298,BG0–BG15,0.09418108863234838,1.1242069660439422,1.127181981024529,0.08364141897093048,0.9950604435455546,0.9975732998753275
Original,2,1,8,0.22857142857142856,0.9814466834068298,BG1–BG15,0.10045982787450494,1.1242069660439424,1.127380315356568,0.08921751356899253,0.9947311397819248,0.9975732998753275
Original,2,2,8,0.22857142857142856,0.9814466834068298,BG0–BG15,0.1632272300425997,1.1622551760328628,1.1668058024314223,0.140112111155146,0.9842096623278704,0.9977047585120337
Original,2,2,8,0.22857142857142856,0.9814466834068298,BG1–BG15,0.17410904537877298,1.1622551760328625,1.1671091775246596,0.14945291856548903,0.9831569731497284,0.9977047585120337
Original,2,3,8,0.22857142857142856,0.9814466834068298,BG0–BG15,0.24303653601210728,1.172356480935384,1.1769126691661553,0.2068654316959435,0.9649460435624191,0.9986727217846781
Original,2,3,8,0.22857142857142856,0.9814466834068298,BG1–BG15,0.2592389717462477,1.1723564809353841,1.1772164150482067,0.22065646047567314,0.962609113133247,0.9986727217846781
Original,2,4,8,0.22857142857142856,0.9814466834068298,BG0–BG15,0.27915654880585145,1.1299351873962848,1.1504233931597816,0.24373457871617699,0.9548617506760385,0.9942565296909113
Original,2,4,8,0.22857142857142856,0.9814466834068298,BG1–BG15,0.2977669853929082,1.1299351873962848,1.1517892735440147,0.2599835506305888,0.951852534054441,0.9942565296909113
Original,2,5,8,0.22857142857142856,0.9814466834068298,BG0–BG15,0.28161195927940774,1.139982066811097,1.1577391698601391,0.24395618944753333,0.9577785008219759,0.9966550200760371
Original,2,5,8,0.22857142857142856,0.9814466834068298,BG1–BG15,0.30038608989803495,1.139982066811097,1.1589229767300755,0.26021993541070226,0.9549637342101077,0.9966550200760371
Original,2,all,12,0.34285714285714286,0.9606394171714783,BG0–BG15,0.2529159003211489,1.140725929268233,1.1540608509233081,0.21971226495272417,0.9637714618202038,0.9972754073839063
Original,2,all,12,0.34285714285714286,0.9606394171714783,BG1–BG15,0.2697769603425588,1.1407259292682332,1.154949845700313,0.23435974928290582,0.9613562259415507,0.9972754073839063
Original,2,1,12,0.34285714285714286,0.9606394171714783,BG0–BG15,0.100712576293145,1.1211658899989851,1.1247179720535443,0.08964106315454912,0.9941807618485032,0.9974391530420905
Original,2,1,12,0.34285714285714286,0.9606394171714783,BG1–BG15,0.10742674804602136,1.1211658899989847,1.1249547775238484,0.09561713403151907,0.9937928126384034,0.9974391530420905
Original,2,2,12,0.34285714285714286,0.9606394171714783,BG0–BG15,0.17528483673131567,1.1579362992500597,1.1638067797407228,0.15085748564603632,0.9812808706247593,0.9970577047184043
Original,2,2,12,0.34285714285714286,0.9606394171714783,BG1–BG15,0.1869704925134034,1.1579362992500601,1.164198145106767,0.16091465135577204,0.9800329286664099,0.9970577047184043
Original,2,3,12,0.34285714285714286,0.9606394171714783,BG0–BG15,0.25862647620664114,1.1690119545675728,1.174497048539633,0.22052559876941397,0.9593938641591764,0.9985734025110269
Original,2,3,12,0.34285714285714286,0.9606394171714783,BG1–BG15,0.27586824128708387,1.1690119545675728,1.1748627214711036,0.2352273053540416,0.9566867884364548,0.9985734025110269
Original,2,4,12,0.34285714285714286,0.9606394171714783,BG0–BG15,0.3013242683392754,1.1247525335291149,1.1475410905127075,0.2636743281905039,0.9468304557992302,0.9947346319991436
Original,2,4,12,0.34285714285714286,0.9606394171714783,BG1–BG15,0.3214125528952271,1.1247525335291149,1.1490603276449467,0.2812526167365375,0.943285819519179,0.9947346319991436
Original,2,5,12,0.34285714285714286,0.9606394171714783,BG0–BG15,0.3113201790479974,1.1337997703210785,1.1571954870339298,0.2701844773133335,0.9489810855469847,0.9952372226983678
Original,2,5,12,0.34285714285714286,0.9606394171714783,BG1–BG15,0.3320748576511973,1.1337997703210783,1.1587552014814533,0.28819677580088915,0.9455798245834505,0.9952372226983678
Original,2,all,16,0.45714285714285713,0.9109315872192383,BG0–BG15,0.20150914857574456,1.1384416555321306,1.1450532415557664,0.1759303585430467,0.9727347845098009,0.998877625062181
Original,2,all,16,0.45714285714285713,0.9109315872192383,BG1–BG15,0.21494309181412755,1.1384416555321304,1.145494013957342,0.18765904911258316,0.9709171034771209,0.998877625062181
Original,2,1,16,0.45714285714285713,0.9109315872192383,BG0–BG15,0.08795951529982646,1.1222616762605255,1.122531781750864,0.0783596811308604,0.9956242501561865,0.9992551935819421
Original,2,1,16,0.45714285714285713,0.9109315872192383,BG1–BG15,0.09382348298648154,1.1222616762605253,1.1225497887835532,0.08358365987291776,0.9953325334999322,0.9992551935819421
Original,2,2,16,0.45714285714285713,0.9109315872192383,BG0–BG15,0.11629794626759149,1.1566377887243116,1.1586343185727705,0.10038657937929041,0.9894817308011677,0.9990442195620689
Original,2,2,16,0.45714285714285713,0.9109315872192383,BG1–BG15,0.12405114268543094,1.1566377887243111,1.1587674205626677,0.10707901800457645,0.9887805128545789,0.9990442195620689
Original,2,3,16,0.45714285714285713,0.9109315872192383,BG0–BG15,0.17498508438111884,1.16903131334959,1.1714287687578295,0.14944011112436772,0.9760145424083184,0.9984229105155671
Original,2,3,16,0.45714285714285713,0.9109315872192383,BG1–BG15,0.18665075667319345,1.1690313133495898,1.171588599118379,0.15940278519932555,0.9744155119022062,0.9984229105155671
Original,2,4,16,0.45714285714285713,0.9109315872192383,BG0–BG15,0.22494412431592273,1.122928941211454,1.1327773756109676,0.19827486151211726,0.9630211976663725,0.9978201964922502
Original,2,4,16,0.45714285714285713,0.9109315872192383,BG1–BG15,0.23994039927031757,1.122928941211454,1.1334339379042684,0.2114931856129251,0.9605559441774639,0.9978201964922502
Original,2,5,16,0.45714285714285713,0.9109315872192383,BG0–BG15,0.27910878087219687,1.1261469014664258,1.1410253115543014,0.24459231517907867,0.9506735913289768,0.9977171055322737
Original,2,5,16,0.45714285714285713,0.9109315872192383,BG1–BG15,0.2977160329303434,1.1261469014664258,1.1420172055601596,0.26089846952435053,0.9473851640842419,0.9977171055322737
Original,2,all,19,0.5428571428571428,0.831115186214447,BG0–BG15,0.09860589029950485,1.1380048318181306,1.1381586004631106,0.08666700097150393,0.9941980948088105,0.9995058808826102
Original,2,all,19,0.5428571428571428,0.831115186214447,BG1–BG15,0.10517961631947186,1.1380048318181308,1.1381688517061093,0.09244480103627085,0.9938113011293978,0.9995058808826102
Original,2,1,19,0.5428571428571428,0.831115186214447,BG0–BG15,0.08946107258105322,1.12385605115658,1.1241298803354656,0.07960846909524982,0.9953603216954845,0.9994342496294061
Original,2,1,19,0.5428571428571428,0.831115186214447,BG1–BG15,0.09542514408645676,1.1238560511565798,1.1241481356140577,0.08491570036826647,0.9950510098085168,0.9994342496294061
Original,2,2,19,0.5428571428571428,0.831115186214447,BG0–BG15,0.08283581067855768,1.1549723079851602,1.1547395585704694,0.07178696657308571,0.9963311219362687,0.998260992668426
Original,2,2,19,0.5428571428571428,0.831115186214447,BG1–BG15,0.0883581980571282,1.1549723079851604,1.1547240419428235,0.07657276434462476,0.9960865300653534,0.998260992668426
Original,2,3,19,0.5428571428571428,0.831115186214447,BG0–BG15,0.0776602207543775,1.1686085784881302,1.1700535474107494,0.06641219598324241,0.9969683304919106,0.9974162214924462
Original,2,3,19,0.5428571428571428,0.831115186214447,BG1–BG15,0.08283756880466933,1.1686085784881297,1.1701498786722575,0.07083967571545857,0.9967662191913713,0.9974162214924462
Original,2,4,19,0.5428571428571428,0.831115186214447,BG0–BG15,0.08736773536620011,1.1230578941417804,1.121754443750974,0.07785115957416387,0.9950823094704112,0.9980588842184663
Original,2,4,19,0.5428571428571428,0.831115186214447,BG1–BG15,0.09319225105728011,1.1230578941417804,1.1216675470582538,0.08304123687910812,0.9947544634351055,0.9980588842184663
Original,2,5,19,0.5428571428571428,0.831115186214447,BG0–BG15,0.1299007461956376,1.1246658415904842,1.1252535071215466,0.11545930473748468,0.9886845474234126,0.9993283739466406
Original,2,5,19,0.5428571428571428,0.831115186214447,BG1–BG15,0.1385607959420134,1.1246658415904844,1.1252926848236176,0.12315659171998365,0.9879301839183069,0.9993283739466406
Original,2,all,23,0.6571428571428571,0.618124783039093,BG0–BG15,0.07395066519078952,1.1385309910595804,1.1387278881645193,0.06493763465276564,0.9972698817788365,0.9990261206739718
Original,2,all,23,0.6571428571428571,0.618124783039093,BG1–BG15,0.07888070953684216,1.1385309910595802,1.138741014638182,0.06926681029628336,0.9970878738974257,0.9990261206739718
Original,2,1,23,0.6571428571428571,0.618124783039093,BG0–BG15,0.08940968531888618,1.1273099415647791,1.1269292584674322,0.07933039968689123,0.9959832785744969,0.9988849507426667
Original,2,1,23,0.6571428571428571,0.618124783039093,BG1–BG15,0.09537033100681193,1.127309941564779,1.1269038795942758,0.08461909299935065,0.9957154971461301,0.9988849507426667
Original,2,2,23,0.6571428571428571,0.618124783039093,BG0–BG15,0.07624196487851005,1.1549362652122002,1.155113000899814,0.0660127319772536,0.9972741046885776,0.9988831047463168
Original,2,2,23,0.6571428571428571,0.618124783039093,BG1–BG15,0.08132476253707739,1.1549362652122002,1.1551247832789884,0.07041358077573719,0.9970923783344828,0.9988831047463168
Original,2,3,23,0.6571428571428571,0.618124783039093,BG0–BG15,0.06682125493511593,1.1664425055701995,1.1684216865286348,0.057208987660225974,0.9979844510556928,0.9970225376768892
Original,2,3,23,0.6571428571428571,0.618124783039093,BG1–BG15,0.07127600526412367,1.1664425055701992,1.1685536319258638,0.06102292017090771,0.9978500811260727,0.9970225376768892
Original,2,4,23,0.6571428571428571,0.618124783039093,BG0–BG15,0.06263784729219035,1.1234839065959175,1.1215699881607275,0.0558037332303794,0.9979610291948744,0.9962513818900897
Original,2,4,23,0.6571428571428571,0.618124783039093,BG1–BG15,0.06681370377833637,1.1234839065959172,1.1214423935983817,0.05952398211240468,0.9978250978078659,0.9962513818900897
Original,2,5,23,0.6571428571428571,0.618124783039093,BG0–BG15,0.07132930065196605,1.1257841746035584,1.1268265731536489,0.06330589212671794,0.9969875886440132,0.9985839873763662
Original,2,5,23,0.6571428571428571,0.618124783039093,BG1–BG15,0.07608458736209714,1.1257841746035582,1.1268960663903216,0.0675262849351658,0.9967867612202806,0.9985839873763662
Original,2,all,27,0.7714285714285715,0.30132922530174255,BG0–BG15,0.07780729538840696,1.1190832576390766,1.1187485732210758,0.06952675246493889,0.9972035232205304,0.9991789008092121
Original,2,all,27,0.7714285714285715,0.30132922530174255,BG1–BG15,0.08299444841430076,1.1190832576390763,1.1187262609265423,0.07416186929593481,0.9970170914352324,0.9991789008092121
Original,2,1,27,0.7714285714285715,0.30132922530174255,BG0–BG15,0.12182252605825294,1.1112873055679446,1.1124468504992677,0.10953356838316494,0.9927823149668187,0.9989668075656303
Original,2,1,27,0.7714285714285715,0.30132922530174255,BG1–BG15,0.12994402779546982,1.1112873055679449,1.1125241534946895,0.11683580627537592,0.9923011359646067,0.9989668075656303
Original,2,2,27,0.7714285714285715,0.30132922530174255,BG0–BG15,0.0843571122626578,1.1371404014003244,1.1353832588631403,0.0742403487664593,0.9967880231505374,0.9985015401088759
Original,2,2,27,0.7714285714285715,0.30132922530174255,BG1–BG15,0.08998091974683499,1.1371404014003246,1.135266116027328,0.07918970535088991,0.9965738913605731,0.9985015401088759
Original,2,3,27,0.7714285714285715,0.30132922530174255,BG0–BG15,0.06203793194305198,1.1445574609505207,1.1458574197058462,0.05415855003158811,0.9983691841986566,0.997923173621276
Original,2,3,27,0.7714285714285715,0.30132922530174255,BG1–BG15,0.06617379407258878,1.1445574609505207,1.1459440836228678,0.05776912003369397,0.9982604631452336,0.997923173621276
Original,2,4,27,0.7714285714285715,0.30132922530174255,BG0–BG15,0.06127661121965603,1.1059706632396995,1.1039512436114602,0.05545349876906036,0.9982299498327192,0.9973542293419803
Original,2,4,27,0.7714285714285715,0.30132922530174255,BG1–BG15,0.06536171863429976,1.1059706632396993,1.1038166156362443,0.05915039868699771,0.9981119464882338,0.9973542293419803
Original,2,5,27,0.7714285714285715,0.30132922530174255,BG0–BG15,0.050326447548357314,1.1029124469091363,1.1027295089569495,0.045626909783241285,0.998835308759837,0.9983677561067694
Original,2,5,27,0.7714285714285715,0.30132922530174255,BG1–BG15,0.05368154405158114,1.1029124469091367,1.1027173130934704,0.048668703768790705,0.9987576626771595,0.9983677561067694
Original,2,all,31,0.8857142857142857,0.07776966691017151,BG0–BG15,0.09797285008684697,0.9369637974673385,0.9346780865166138,0.10473558920622784,0.993804327882871,0.9983047254125255
Original,2,all,31,0.8857142857142857,0.07776966691017151,BG1–BG15,0.1045043734259701,0.9369637974673386,0.9345257057865654,0.11171796181997637,0.9933912830750624,0.9983047254125255
Original,2,1,31,0.8857142857142857,0.07776966691017151,BG0–BG15,0.1606441085756249,0.9428256406836436,0.934188521342975,0.17143286352237166,0.9834292237223485,0.9939937459053504
Original,2,1,31,0.8857142857142857,0.07776966691017151,BG1–BG15,0.17135371581399986,0.9428256406836437,0.9336127133869304,0.18286172109052978,0.9823245053038383,0.9939937459053504
Original,2,2,31,0.8857142857142857,0.07776966691017151,BG0–BG15,0.10664780031166085,0.9479485778317203,0.9429507250593613,0.11288552581693533,0.9926614611145542,0.9964875311036772
Original,2,2,31,0.8857142857142857,0.07776966691017151,BG1–BG15,0.11375765366577158,0.9479485778317204,0.9426175348745375,0.12041122753806434,0.9921722251888578,0.9964875311036772
Original,2,3,31,0.8857142857142857,0.07776966691017151,BG0–BG15,0.07361595054137074,0.9484206539633129,0.9488173113967118,0.07761307665945645,0.9966076838338848,0.9980553045293016
Original,2,3,31,0.8857142857142857,0.07776966691017151,BG1–BG15,0.07852368057746212,0.9484206539633127,0.9488437552256049,0.08278728177008686,0.9963815294228104,0.9980553045293016
Original,2,4,31,0.8857142857142857,0.07776966691017151,BG0–BG15,0.07300130495852991,0.9340312178523816,0.9325943286917566,0.07823510769375289,0.9965451736790228,0.9990154263796234
Original,2,4,31,0.8857142857142857,0.07776966691017151,BG1–BG15,0.07786805862243192,0.934031217852382,0.9324985360810483,0.08345078154000309,0.9963148519242911,0.9990154263796234
Original,2,5,31,0.8857142857142857,0.07776966691017151,BG0–BG15,0.0607847778028074,0.9182883635439147,0.9196616107885764,0.0661380129815562,0.9975783213247232,0.9989350284490839
Original,2,5,31,0.8857142857142857,0.07776966691017151,BG1–BG15,0.06483709632299457,0.9182883635439151,0.9197531606048873,0.07054721384699328,0.9974168760797046,0.9989350284490839
Original,2,all,35,1.0,0.009900989942252636,BG0–BG15,0.07417886319853559,0.6551692656812328,0.6520613151106065,0.11357182958724812,0.9926480744836207,0.9977526978718122
Original,2,all,35,1.0,0.009900989942252636,BG1–BG15,0.07912412074510462,0.6551692656812327,0.6518541184058982,0.12114328489306467,0.9921579461158619,0.9977526978718122
Original,2,1,35,1.0,0.009900989942252636,BG0–BG15,0.12114267581578944,0.6379332959462053,0.6287172603232983,0.1916755637818719,0.9793576166248341,0.9926920696177126
Original,2,1,35,1.0,0.009900989942252636,BG1–BG15,0.1292188542035087,0.6379332959462053,0.6281028579484378,0.2044539347006634,0.9779814577331564,0.9926920696177126
Original,2,2,35,1.0,0.009900989942252636,BG0–BG15,0.07973442458622129,0.6484363203631324,0.6446581376140811,0.12343845051026027,0.9909891718239741,0.9974894407698174
Original,2,2,35,1.0,0.009900989942252636,BG1–BG15,0.08505005289196937,0.6484363203631324,0.6444062587641444,0.13166768054427763,0.9903884499455724,0.9974894407698174
Original,2,3,35,1.0,0.009900989942252636,BG0–BG15,0.059980039728736986,0.6664616852931452,0.6648160196699653,0.09014711339785417,0.9951672322704868,0.9978234205328859
Original,2,3,35,1.0,0.009900989942252636,BG1–BG15,0.06397870904398613,0.6664616852931451,0.66470630862842,0.09615692095771111,0.9948450477551859,0.9978234205328859
Original,2,4,35,1.0,0.009900989942252636,BG0–BG15,0.0536765298837764,0.6722544416655526,0.6694084761178735,0.08005827391720174,0.996389629308508,0.9960798636736823
Original,2,4,35,1.0,0.009900989942252636,BG1–BG15,0.057254965209361484,0.6722544416655526,0.6692187450813615,0.08539549217834853,0.9961489379290753,0.9960798636736823
Original,2,5,35,1.0,0.009900989942252636,BG0–BG15,0.045280610640633503,0.6478805114265692,0.6480530171508475,0.06989017416519533,0.9972921107750086,0.9991584340113935
Original,2,5,35,1.0,0.009900989942252636,BG1–BG15,0.04829931801667574,0.6478805114265692,0.6480645175324661,0.07454951910954168,0.9971115848266758,0.9991584340113935
T01,0,all,0,0.0,0.9950248599052429,BG0–BG15,0.06922630679513295,1.1379339401090172,1.1396904350691743,0.06076092677058329,0.9974364042021182,0.9983033085790552
T01,0,all,0,0.0,0.9950248599052429,BG1–BG15,0.07384139391480846,1.1379339401090172,1.1398075347331844,0.0648116552219555,0.9972654978155927,0.9983033085790552
T01,0,1,0,0.0,0.9950248599052429,BG0–BG15,0.06563460010054922,1.1412408381451897,1.1445464272313477,0.057406581247191474,0.9978078161918486,0.9945732400907936
T01,0,1,0,0.0,0.9950248599052429,BG1–BG15,0.0700102401072525,1.14124083814519,1.1447667998370916,0.061233686663670905,0.9976616706046383,0.9945732400907936
T01,0,2,0,0.0,0.9950248599052429,BG0–BG15,0.07059392325464156,1.157884735515894,1.1604276901523454,0.060868319277113975,0.9974165624071154,0.9975644137753458
T01,0,2,0,0.0,0.9950248599052429,BG1–BG15,0.075300184804951,1.157884735515894,1.1605972204614425,0.06492620722892158,0.9972443332342565,0.9975644137753458
T01,0,3,0,0.0,0.9950248599052429,BG0–BG15,0.06892983621622713,1.1504259655053946,1.1495654309409415,0.05993608175967987,0.9975056494682201,0.997945685820114
T01,0,3,0,0.0,0.9950248599052429,BG1–BG15,0.07352515863064227,1.1504259655053948,1.1495080619699782,0.06393182054365852,0.9973393594327681,0.997945685820114
T01,0,4,0,0.0,0.9950248599052429,BG0–BG15,0.06967789568024788,1.1225575463283408,1.1240348789637173,0.06199852996209894,0.9972666298155828,0.9986697434832572
T01,0,4,0,0.0,0.9950248599052429,BG1–BG15,0.07432308872559772,1.122557546328341,1.1241333678060756,0.06613176529290556,0.9970844051366217,0.9986697434832572
T01,0,5,0,0.0,0.9950248599052429,BG0–BG15,0.07095163044757809,1.1174541405801495,1.119725756082981,0.06337744108998715,0.9971753323666677,0.9979296334737775
T01,0,5,0,0.0,0.9950248599052429,BG1–BG15,0.0756817391440833,1.1174541405801492,1.119877197116503,0.06760260382931962,0.996987021191112,0.9979296334737775
T01,0,all,4,0.11428571428571428,0.9906675815582275,BG0–BG15,0.06959311835015328,1.1377358699203917,1.1393801313252712,0.06109735667235787,0.9974089298422648,0.9984259754167916
T01,0,all,4,0.11428571428571428,0.9906675815582275,BG1–BG15,0.07423265957349681,1.1377358699203914,1.1394897487522628,0.0651705137838484,0.9972361918317493,0.9984259754167916
T01,0,1,4,0.11428571428571428,0.9906675815582275,BG0–BG15,0.0660978586507739,1.1406193523290384,1.1443086854427476,0.057836422240220425,0.9977808058748094,0.9937594284185794
T01,0,1,4,0.11428571428571428,0.9906675815582275,BG1–BG15,0.0705043825608255,1.1406193523290384,1.1445546409836613,0.061692183722901785,0.9976328595997969,0.9937594284185794
T01,0,2,4,0.11428571428571428,0.9906675815582275,BG0–BG15,0.07094485899404646,1.1582988719599911,1.1604005849298202,0.061160426349220275,0.9973910711559066,0.9984872798289302
T01,0,2,4,0.11428571428571428,0.9906675815582275,BG1–BG15,0.07567451626031622,1.1582988719599911,1.1605406991278084,0.06523778810583496,0.9972171425663006,0.9984872798289302
T01,0,3,4,0.11428571428571428,0.9906675815582275,BG0–BG15,0.06931408027257181,1.1493966963280218,1.1489857575382612,0.06031243218541521,0.9974729831619407,0.9985861694078836
T01,0,3,4,0.11428571428571428,0.9906675815582275,BG1–BG15,0.07393501895740995,1.149396696328022,1.1489583616189438,0.06433326099777621,0.9973045153727367,0.9985861694078836
T01,0,4,4,0.11428571428571428,0.9906675815582275,BG0–BG15,0.07000250464566742,1.122368906541512,1.1237381399805657,0.06230308946440329,0.9972402394224331,0.9983574532331111
T01,0,4,4,0.11428571428571428,0.9906675815582275,BG1–BG15,0.0746693382887119,1.1223689065415121,1.1238294222098362,0.06645662876203018,0.9970562553839285,0.9983574532331111
T01,0,5,4,0.11428571428571428,0.9906675815582275,BG0–BG15,0.07125834399382586,1.1178943419567757,1.1193117027161374,0.06364962441152,0.9971490095570632,0.9977378898146534
T01,0,5,4,0.11428571428571428,0.9906675815582275,BG1–BG15,0.0760089002600809,1.1178943419567757,1.119406193433428,0.06789293270562133,0.9969589435275342,0.9977378898146534
T01,0,all,8,0.22857142857142856,0.9814466834068298,BG0–BG15,0.07045993927412521,1.138907022040537,1.1407189111957876,0.06178952662247102,0.9973575873000656,0.9983296346560026
T01,0,all,8,0.22857142857142856,0.9814466834068298,BG1–BG15,0.07515726855906689,1.1389070220405375,1.1408397038061375,0.0659088283973024,0.9971814264534036,0.9983296346560026
T01,0,1,8,0.22857142857142856,0.9814466834068298,BG0–BG15,0.06699871339189317,1.1424859412094803,1.145980203318575,0.05853512575594412,0.9977443764579033,0.9939049229327627
T01,0,1,8,0.22857142857142856,0.9814466834068298,BG1–BG15,0.07146529428468604,1.1424859412094803,1.1462131541258478,0.062437467473007074,0.9975940015550967,0.9939049229327627
T01,0,2,8,0.22857142857142856,0.9814466834068298,BG0–BG15,0.07173370913148264,1.1596935625077,1.1622117048869596,0.0617543302111956,0.9973490925468769,0.9979320827700454
T01,0,2,8,0.22857142857142856,0.9814466834068298,BG1–BG15,0.07651595640691483,1.1596935625077003,1.1623795810455768,0.06587128555860862,0.9971723653833353,0.9979320827700454
T01,0,3,8,0.22857142857142856,0.9814466834068298,BG0–BG15,0.07021846465422817,1.1503091202475064,1.1498647142502598,0.06105102276165593,0.9974182042063628,0.998018233146595
T01,0,3,8,0.22857142857142856,0.9814466834068298,BG1–BG15,0.07489969563117671,1.1503091202475064,1.1498350871837768,0.0651210909457663,0.9972460844867871,0.998018233146595
T01,0,4,8,0.22857142857142856,0.9814466834068298,BG0–BG15,0.07059830058343128,1.1232847702272593,1.12447177708528,0.06278488132117545,0.9971930106799007,0.9990031149591793
T01,0,4,8,0.22857142857142856,0.9814466834068298,BG1–BG15,0.07530485395566004,1.1232847702272593,1.1245509108758145,0.06697054007592047,0.9970058780585607,0.9990031149591793
T01,0,5,8,0.22857142857142856,0.9814466834068298,BG0–BG15,0.072329905229887,1.118639633287434,1.1208852162075358,0.06453824493830784,0.997072093242811,0.998151364493896
T01,0,5,8,0.22857142857142856,0.9814466834068298,BG1–BG15,0.07715189891187949,1.1186396332874335,1.1210349217355426,0.0688407946008617,0.9968768994589985,0.998151364493896
T01,0,all,12,0.34285714285714286,0.9606394171714783,BG0–BG15,0.07267820397848523,1.138307224030962,1.1406025070731514,0.06375190390732534,0.9972051680519168,0.9982074951787545
T01,0,all,12,0.34285714285714286,0.9606394171714783,BG1–BG15,0.07752341757705092,1.1383072240309622,1.1407555259426305,0.06800203083448035,0.9970188459220446,0.9982074951787545
T01,0,1,12,0.34285714285714286,0.9606394171714783,BG0–BG15,0.0694393974197215,1.1418112726077303,1.146070878133952,0.06067938155789082,0.9976075675331741,0.9939853384314514
T01,0,1,12,0.34285714285714286,0.9606394171714783,BG1–BG15,0.07406869058103625,1.1418112726077303,1.1463548518356999,0.0647246736617502,0.9974480720353858,0.9939853384314514
T01,0,2,12,0.34285714285714286,0.9606394171714783,BG0–BG15,0.07389300101567178,1.159671165346764,1.162737370032055,0.063597218527967,0.9972088700955102,0.9972623084861424
T01,0,2,12,0.34285714285714286,0.9606394171714783,BG1–BG15,0.07881920108338324,1.159671165346764,1.1629417836777411,0.06783703309649813,0.997022794768544,0.9972623084861424
T01,0,3,12,0.34285714285714286,0.9606394171714783,BG0–BG15,0.0718577775933465,1.1499582255482046,1.1501370868355882,0.06247469950528638,0.9972967418315266,0.9988330519563455
T01,0,3,12,0.34285714285714286,0.9606394171714783,BG1–BG15,0.0766482960995696,1.1499582255482044,1.1501490109214136,0.06663967947230547,0.9971165246202953,0.9988330519563455
T01,0,4,12,0.34285714285714286,0.9606394171714783,BG0–BG15,0.07272945482528693,1.1214971622137881,1.123222398115364,0.06476628057257783,0.9970312109370685,0.9981828804155047
T01,0,4,12,0.34285714285714286,0.9606394171714783,BG1–BG15,0.07757808514697273,1.1214971622137884,1.1233374138421357,0.06908403261074968,0.9968332916662064,0.9981828804155047
T01,0,5,12,0.34285714285714286,0.9606394171714783,BG0–BG15,0.0749352998164262,1.1184449922894333,1.1206271402872878,0.06687312802438708,0.9968670838389007,0.9983309594079118
T01,0,5,12,0.34285714285714286,0.9606394171714783,BG1–BG15,0.07993098647085461,1.1184449922894333,1.120772616820478,0.07133133655934622,0.9966582227614941,0.9983309594079118
T01,0,all,16,0.45714285714285713,0.9109315872192383,BG0–BG15,0.07621744140708259,1.1408252957267877,1.14267921816035,0.06672785491834293,0.9969520688214615,0.997915020332122
T01,0,all,16,0.45714285714285713,0.9109315872192383,BG1–BG15,0.08129860416755476,1.140825295726788,1.142802812989254,0.0711763785795658,0.9967488734095589,0.997915020332122
T01,0,1,16,0.45714285714285713,0.9109315872192383,BG0–BG15,0.07159206541286217,1.144527853645468,1.1479475415734286,0.062443753814123336,0.9974397158180184,0.99436785135596
T01,0,1,16,0.45714285714285713,0.9109315872192383,BG1–BG15,0.07636486977371963,1.1445278536454677,1.148175520768626,0.06660667073506488,0.9972690302058862,0.99436785135596
T01,0,2,16,0.45714285714285713,0.9109315872192383,BG0–BG15,0.07715364127385568,1.162466892010478,1.1649379075086306,0.0662665476599322,0.9969796836339179,0.9974109235522428
T01,0,2,16,0.45714285714285713,0.9109315872192383,BG1–BG15,0.0822972173587794,1.162466892010478,1.165102641875174,0.07068431750392769,0.9967783292095125,0.9974109235522428
T01,0,3,16,0.45714285714285713,0.9109315872192383,BG0–BG15,0.075726055231853,1.1524139823053623,1.1526449699990344,0.06570125646557717,0.9970562050976403,0.998493721385011
T01,0,3,16,0.45714285714285713,0.9109315872192383,BG1–BG15,0.08077445891397653,1.152413982305362,1.1526603691786126,0.070081340229949,0.9968599521041498,0.998493721385011
T01,0,4,16,0.45714285714285713,0.9109315872192383,BG0–BG15,0.07683391236233625,1.1233253244140866,1.124548838554087,0.06832389168029065,0.9967267301684609,0.9982685525569447
T01,0,4,16,0.45714285714285713,0.9109315872192383,BG1–BG15,0.081956173186492,1.1233253244140864,1.1246304061634202,0.07287881779231002,0.9965085121796916,0.9982685525569447
T01,0,5,16,0.45714285714285713,0.9109315872192383,BG0–BG15,0.0792387850655538,1.1212178042013763,1.1230854301485247,0.07056031712942082,0.9965363853223528,0.997998872086681
T01,0,5,16,0.45714285714285713,0.9109315872192383,BG1–BG15,0.0845213707365907,1.1212178042013758,1.1232099385450014,0.07526433827138221,0.9963054776771763,0.997998872086681
T01,0,all,19,0.5428571428571428,0.831115186214447,BG0–BG15,0.07606655165510437,1.1403476342872938,1.1417951262457429,0.06662785457755796,0.9969841376710612,0.9977537140448764
T01,0,all,19,0.5428571428571428,0.831115186214447,BG1–BG15,0.08113765509877803,1.1403476342872936,1.1418916257096394,0.07106971154939515,0.9967830801824655,0.9977537140448764
T01,0,1,19,0.5428571428571428,0.831115186214447,BG0–BG15,0.07346458877826209,1.1449607619931395,1.147538584065925,0.06408139552413167,0.9973339847612164,0.9939270767821787
T01,0,1,19,0.5428571428571428,0.831115186214447,BG1–BG15,0.07836222803014621,1.1449607619931397,1.1477104388707768,0.06835348855907378,0.997156250411964,0.9939270767821787
T01,0,2,19,0.5428571428571428,0.831115186214447,BG0–BG15,0.07714725937576837,1.1630895564632424,1.1649098859740743,0.06623598423163835,0.9969701682722605,0.9975284243850145
T01,0,2,19,0.5428571428571428,0.831115186214447,BG1–BG15,0.08229041000081959,1.1630895564632424,1.1650312412747963,0.07065171651374755,0.9967681794904112,0.9975284243850145
T01,0,3,19,0.5428571428571428,0.831115186214447,BG0–BG15,0.07463883876429361,1.151146557477536,1.1512279689984952,0.06482216575864586,0.9971493074654012,0.9978676639019849
T01,0,3,19,0.5428571428571428,0.831115186214447,BG1–BG15,0.07961476134857985,1.1511465574775355,1.151233396433226,0.06914364347588892,0.9969592612964281,0.9978676639019849
T01,0,4,19,0.5428571428571428,0.831115186214447,BG0–BG15,0.0758349157343283,1.1218084034902813,1.1232607402957298,0.06751070623863903,0.9968082941367344,0.9975755644768464
T01,0,4,19,0.5428571428571428,0.831115186214447,BG1–BG15,0.08089057678328351,1.121808403490281,1.1233575627494266,0.07201141998788163,0.9965955137458503,0.9975755644768464
T01,0,5,19,0.5428571428571428,0.831115186214447,BG0–BG15,0.07814024534482586,1.1205032844101281,1.1217747307825268,0.06963570764061176,0.9966431758835876,0.997939221247691
T01,0,5,19,0.5428571428571428,0.831115186214447,BG1–BG15,0.0833495950344809,1.1205032844101281,1.1218594938740196,0.07427808814998588,0.9964193876091602,0.997939221247691
T01,0,all,23,0.6571428571428571,0.618124783039093,BG0–BG15,0.06970049368706933,1.1408565916410827,1.1396766784013455,0.06112379846250471,0.9977375401337096,0.9971437327408336
T01,0,all,23,0.6571428571428571,0.618124783039093,BG1–BG15,0.07434719326620728,1.1408565916410824,1.1395980175186964,0.06519871836000501,0.9975867094759572,0.9971437327408336
T01,0,1,23,0.6571428571428571,0.618124783039093,BG0–BG15,0.08020512113383793,1.1456671507036804,1.1429149697603174,0.07012988175772623,0.9969787719754866,0.9955695296732309
T01,0,1,23,0.6571428571428571,0.618124783039093,BG1–BG15,0.08555212920942713,1.1456671507036804,1.14273149103076,0.07480520720824131,0.9967773567738525,0.9955695296732309
T01,0,2,23,0.6571428571428571,0.618124783039093,BG0–BG15,0.07020352368522628,1.1628864892184931,1.1630664378183893,0.060352993347107343,0.9977845366675773,0.9969990611132088
T01,0,2,23,0.6571428571428571,0.618124783039093,BG1–BG15,0.07488375859757469,1.1628864892184934,1.1630784343917158,0.0643765262369145,0.9976368391120825,0.9969990611132088
T01,0,3,23,0.6571428571428571,0.618124783039093,BG0–BG15,0.06491851793345636,1.1526280618736784,1.1510255176455142,0.056358488605262526,0.998108273897593,0.9963965276439819
T01,0,3,23,0.6571428571428571,0.618124783039093,BG1–BG15,0.06924641912902012,1.1526280618736782,1.150918681363637,0.060115721178946695,0.9979821588240994,0.9963965276439819
T01,0,4,23,0.6571428571428571,0.618124783039093,BG0–BG15,0.06486824495484786,1.1216017549145714,1.1202551969097354,0.05786722534230512,0.9979227154435318,0.996627663067166
T01,0,4,23,0.6571428571428571,0.618124783039093,BG1–BG15,0.06919279461850437,1.1216017549145716,1.1201654263760794,0.061725040365125466,0.997784229806434,0.996627663067166
T01,0,5,23,0.6571428571428571,0.618124783039093,BG0–BG15,0.0643300323743218,1.1212549891905583,1.1208837287813267,0.05736002014511926,0.997920794650268,0.9976510788073625
T01,0,5,23,0.6571428571428571,0.618124783039093,BG1–BG15,0.06861870119927661,1.1212549891905579,1.1208589780873779,0.061184021488127203,0.997782180960286,0.9976510788073625
T01,0,all,27,0.7714285714285715,0.30132922530174255,BG0–BG15,0.08348544849936901,1.124318162863742,1.118727325089267,0.07446160628231926,0.9968624830980115,0.9946886480130349
T01,0,all,27,0.7714285714285715,0.30132922530174255,BG1–BG15,0.08905114506599363,1.1243181628637422,1.1183546025709687,0.0794257133678072,0.9966533153045457,0.9946886480130349
T01,0,1,27,0.7714285714285715,0.30132922530174255,BG0–BG15,0.115624766008772,1.1298224086720168,1.120308476416451,0.10283832563043262,0.9937386904030587,0.9918722123462413
T01,0,1,27,0.7714285714285715,0.30132922530174255,BG1–BG15,0.12333308374269013,1.1298224086720166,1.1196742142660798,0.10969421400579481,0.9933212697632628,0.9918722123462413
T01,0,2,27,0.7714285714285715,0.30132922530174255,BG0–BG15,0.08471368091016168,1.1500196060714036,1.1467670765493043,0.07378087857729664,0.9969123350917921,0.9966952467949507
T01,0,2,27,0.7714285714285715,0.30132922530174255,BG1–BG15,0.0903612596375058,1.1500196060714034,1.146550241247831,0.07869960381578307,0.9967064907645783,0.9966952467949507
T01,0,3,27,0.7714285714285715,0.30132922530174255,BG0–BG15,0.07214901545147719,1.137769327841572,1.131968213386704,0.0635892092653463,0.9977634919646883,0.9921874946990938
T01,0,3,27,0.7714285714285715,0.30132922530174255,BG1–BG15,0.076958949814909,1.1377693278415717,1.1315814724230462,0.06782848988303605,0.9976143914290009,0.9921874946990938
T01,0,4,27,0.7714285714285715,0.30132922530174255,BG0–BG15,0.06913748025382734,1.0981160531724117,1.0930679711373208,0.06312414342415201,0.9977837829174179,0.9940672640187156
T01,0,4,27,0.7714285714285715,0.30132922530174255,BG1–BG15,0.0737466456040825,1.0981160531724117,1.0927314323349815,0.06733241965242881,0.9976360351119123,0.9940672640187156
T01,0,5,27,0.7714285714285715,0.30132922530174255,BG0–BG15,0.06226490515965785,1.1053468882235888,1.1010587112147243,0.05644524898030473,0.9982528254807257,0.9938558659721319
T01,0,5,27,0.7714285714285715,0.30132922530174255,BG1–BG15,0.06641589883696837,1.1053468882235893,1.1007728327474666,0.06020826557899171,0.9981363471794409,0.9938558659721319
T01,0,all,31,0.8857142857142857,0.07776966691017151,BG0–BG15,0.10965466036071145,0.9654078673971859,0.9586509771483795,0.11403829603730961,0.9927358618998336,0.995344225972589
T01,0,all,31,0.8857142857142857,0.07776966691017151,BG1–BG15,0.11696497105142555,0.9654078673971859,0.9582005177984592,0.12164084910646358,0.9922515860264891,0.995344225972589
T01,0,1,31,0.8857142857142857,0.07776966691017151,BG0–BG15,0.15690591070706159,0.9720477602814515,0.9574527279745977,0.16271731558856245,0.9851056194462269,0.9878333431552924
T01,0,1,31,0.8857142857142857,0.07776966691017151,BG1–BG15,0.16736630475419903,0.9720477602814517,0.9564797258208076,0.17356513662779996,0.984112660742642,0.9878333431552924
T01,0,2,31,0.8857142857142857,0.07776966691017151,BG0–BG15,0.12671181067799572,1.016060787635711,1.0064357375250839,0.12539181827035367,0.9911475414160174,0.9925374495157318
T01,0,2,31,0.8857142857142857,0.07776966691017151,BG1–BG15,0.13515926472319545,1.016060787635711,1.0057940675177084,0.1337512728217106,0.9905573775104186,0.9925374495157318
T01,0,3,31,0.8857142857142857,0.07776966691017151,BG0–BG15,0.0865532460261912,0.9771123300511659,0.9734186448903647,0.08879674348344377,0.9956287669683768,0.9967565172760273
T01,0,3,31,0.8857142857142857,0.07776966691017151,BG1–BG15,0.09232346242793728,0.9771123300511664,0.9731723992129779,0.09471652638234002,0.9953373514329351,0.9967565172760273
T01,0,4,31,0.8857142857142857,0.07776966691017151,BG0–BG15,0.08422257284067369,0.9406431214877354,0.9371228732047681,0.08974044985834438,0.9955552373133503,0.9971715682366925
T01,0,4,31,0.8857142857142857,0.07776966691017151,BG1–BG15,0.08983741103005195,0.9406431214877353,0.9368881899859035,0.09572314651556732,0.9952589198009069,0.9971715682366925
T01,0,5,31,0.8857142857142857,0.07776966691017151,BG0–BG15,0.0671621175595206,0.9193048882851304,0.9174217195179548,0.07314291128475234,0.9970687048072848,0.9983131328219298
T01,0,5,31,0.8857142857142857,0.07776966691017151,BG1–BG15,0.07163959206348865,0.9193048882851307,0.9172961749334765,0.07801910537040248,0.9968732851277705,0.9983131328219298
T01,0,all,35,1.0,0.009900989942252636,BG0–BG15,0.08706234066302726,0.6871084209390037,0.6829417061598425,0.1271678235098357,0.9908272123670333,0.9977564593931431
T01,0,all,35,1.0,0.009900989942252636,BG1–BG15,0.09286649670722907,0.6871084209390036,0.6826639251745651,0.13564567841049138,0.990215693191502,0.9977564593931431
T01,0,1,35,1.0,0.009900989942252636,BG0–BG15,0.12466311931674504,0.6889608845196878,0.6771271019383449,0.18264974308782647,0.9811923810483391,0.9891903616079669
T01,0,1,35,1.0,0.009900989942252636,BG1–BG15,0.13297399393786138,0.6889608845196877,0.6763381830995886,0.19482639262701487,0.979938539784895,0.9891903616079669
T01,0,2,35,1.0,0.009900989942252636,BG0–BG15,0.10868665244843892,0.7075332862012077,0.7041574798680653,0.15403139410391364,0.9864426342239072,0.9980269147037022
T01,0,2,35,1.0,0.009900989942252636,BG1–BG15,0.11593242927833486,0.7075332862012078,0.7039324261125226,0.16430015371084122,0.9855388098388342,0.9980269147037022
T01,0,3,35,1.0,0.009900989942252636,BG0–BG15,0.06814660884700806,0.7217805719848164,0.7186539594197405,0.0947171499459703,0.9948790666726315,0.9959414311062237
T01,0,3,35,1.0,0.009900989942252636,BG1–BG15,0.07268971610347524,0.7217805719848163,0.7184455185820687,0.101031626609035,0.9945376711174735,0.9959414311062237
T01,0,4,35,1.0,0.009900989942252636,BG0–BG15,0.05947467200982724,0.6663594808349915,0.6647331563775776,0.08941039054486351,0.9954802710970025,0.9977165699519689
T01,0,4,35,1.0,0.009900989942252636,BG1–BG15,0.06343965014381572,0.6663594808349914,0.6646247347470834,0.09537108324785441,0.9951789558368024,0.9977165699519689
T01,0,5,35,1.0,0.009900989942252636,BG0–BG15,0.04686727332072361,0.6492560320605709,0.6486029795314671,0.07224109056784964,0.9970727309777581,0.9988056245011036
T01,0,5,35,1.0,0.009900989942252636,BG1–BG15,0.04999175820877186,0.6492560320605707,0.6485594426961934,0.07705716327237294,0.9968775797096084,0.9988056245011036
T01,1,all,0,0.0,0.9950248599052429,BG0–BG15,0.06890845154948924,1.1382682488219027,1.1399680621538835,0.06046375339396334,0.9974606820405829,0.9979773653459525
T01,1,all,0,0.0,0.9950248599052429,BG1–BG15,0.07350234831945517,1.1382682488219023,1.1400813830426821,0.06449467028689423,0.9972913941766219,0.9979773653459525
T01,1,1,0,0.0,0.9950248599052429,BG0–BG15,0.0654585271802526,1.1224884864572406,1.124220235998294,0.05827101898507247,0.9977191472102791,0.9956074897193647
T01,1,1,0,0.0,0.9950248599052429,BG1–BG15,0.06982242899226944,1.1224884864572409,1.1243356859676976,0.0621557535840773,0.9975670903576311,0.9956074897193647
T01,1,2,0,0.0,0.9950248599052429,BG0–BG15,0.07077841708601584,1.138760811525347,1.1398539722310113,0.06210513315168527,0.9973155206445455,0.9978624183410604
T01,1,2,0,0.0,0.9950248599052429,BG1–BG15,0.07549697822508358,1.1387608115253474,1.1399268496113888,0.06624547536179763,0.9971365553541819,0.9978624183410604
T01,1,3,0,0.0,0.9950248599052429,BG0–BG15,0.06848910052160062,1.17616294913097,1.1776008578032944,0.05816447866913953,0.9976528739752439,0.9980076695198629
T01,1,3,0,0.0,0.9950248599052429,BG1–BG15,0.07305504055637399,1.1761629491309695,1.177696718381449,0.06204211058041549,0.9974963989069269,0.9980076695198629
T01,1,4,0,0.0,0.9950248599052429,BG0–BG15,0.06921884861173858,1.1569075621019522,1.1598647321487632,0.05969848850065235,0.9974766561460799,0.9970510077986506
T01,1,4,0,0.0,0.9950248599052429,BG1–BG15,0.0738334385191878,1.1569075621019524,1.1600618768185504,0.06367838773402916,0.9973084332224852,0.9970510077986506
T01,1,5,0,0.0,0.9950248599052429,BG0–BG15,0.07031297233344842,1.0968006212109342,1.0980584147941685,0.06402699787278696,0.9971166974640596,0.9985918749264417
T01,1,5,0,0.0,0.9950248599052429,BG1–BG15,0.07500050382234498,1.0968006212109347,1.0981422676997175,0.06829546439763941,0.996924477294997,0.9985918749264417
T01,1,all,4,0.11428571428571428,0.9906675815582275,BG0–BG15,0.06915206511027924,1.137823650693314,1.1394920692262516,0.06070271725003723,0.9974439353906217,0.998145369507993
T01,1,all,4,0.11428571428571428,0.9906675815582275,BG1–BG15,0.07376220278429786,1.1378236506933137,1.139603297128447,0.06474956506670637,0.9972735310833298,0.998145369507993
T01,1,1,4,0.11428571428571428,0.9906675815582275,BG0–BG15,0.06587377344718061,1.121996781293763,1.1237801683080115,0.0586653945076062,0.9976976054173274,0.9955073429709621
T01,1,1,4,0.11428571428571428,0.9906675815582275,BG1–BG15,0.07026535834365931,1.121996781293763,1.1238990607756278,0.06257642080811328,0.9975441124451493,0.9955073429709621
T01,1,2,4,0.11428571428571428,0.9906675815582275,BG0–BG15,0.07087990899330512,1.1388069015349327,1.1397230345574916,0.06219748172696971,0.9973083389244541,0.9980575547193701
T01,1,2,4,0.11428571428571428,0.9906675815582275,BG1–BG15,0.07560523625952546,1.1388069015349325,1.1397841100923287,0.0663439805087677,0.9971288948527512,0.9980575547193701
T01,1,3,4,0.11428571428571428,0.9906675815582275,BG0–BG15,0.06846774281024812,1.1755326339504506,1.1767696839743582,0.0581858746235315,0.9976476089162085,0.9985862249750015
T01,1,3,4,0.11428571428571428,0.9906675815582275,BG1–BG15,0.07303225899759799,1.1755326339504504,1.1768521539759524,0.06206493293176693,0.9974907828439559,0.9985862249750015
T01,1,4,4,0.11428571428571428,0.9906675815582275,BG0–BG15,0.0695177437085096,1.1560184267651545,1.1593009155081395,0.05999169874973953,0.9974571458969386,0.9964288915028383
T01,1,4,4,0.11428571428571428,0.9906675815582275,BG1–BG15,0.07415225995574358,1.1560184267651545,1.1595197480910053,0.0639911453330555,0.9972876222900677,0.9964288915028383
T01,1,5,4,0.11428571428571428,0.9906675815582275,BG0–BG15,0.07072192309523359,1.0965580285680567,1.0976569098534605,0.06441897579880088,0.9970864818476379,0.9988844995644226
T01,1,5,4,0.11428571428571428,0.9906675815582275,BG1–BG15,0.07543671796824918,1.0965580285680567,1.0977301686058212,0.06871357418538762,0.9968922473041472,0.9988844995644226
T01,1,all,8,0.22857142857142856,0.9814466834068298,BG0–BG15,0.07012931258851533,1.139412640435611,1.1410166516723328,0.06147800023614948,0.9973834489600756,0.9982592946093143
T01,1,all,8,0.22857142857142856,0.9814466834068298,BG1–BG15,0.07480460009441635,1.1394126404356109,1.1411235857547806,0.06557653358522611,0.9972090122240806,0.9982592946093143
T01,1,1,8,0.22857142857142856,0.9814466834068298,BG0–BG15,0.06681267632356397,1.1233378682619708,1.1252850816511202,0.05942982137097937,0.9976493425211392,0.99503065333656
T01,1,1,8,0.22857142857142856,0.9814466834068298,BG1–BG15,0.07126685474513492,1.1233378682619706,1.1254148958770638,0.06339180946237799,0.9974926320225487,0.99503065333656
T01,1,2,8,0.22857142857142856,0.9814466834068298,BG0–BG15,0.07186632771525095,1.1402070999413039,1.1412715516171532,0.06298299591054751,0.9972464331715971,0.9978037697501603
T01,1,2,8,0.22857142857142856,0.9814466834068298,BG1–BG15,0.07665741622960101,1.1402070999413036,1.1413425150622099,0.06718186230458402,0.9970628620497036,0.9978037697501603
T01,1,3,8,0.22857142857142856,0.9814466834068298,BG0–BG15,0.06935964814675077,1.1773406383451348,1.178091537937639,0.05886884149263468,0.9975987699375171,0.9983287014153576
T01,1,3,8,0.22857142857142856,0.9814466834068298,BG1–BG15,0.07398362468986752,1.1773406383451348,1.1781415979104728,0.062793430925477,0.9974386879333516,0.9983287014153576
T01,1,4,8,0.22857142857142856,0.9814466834068298,BG0–BG15,0.0702566639150577,1.1570246986438089,1.1606806888517998,0.060565038632928336,0.9974087815531432,0.9968269995274138
T01,1,4,8,0.22857142857142856,0.9814466834068298,BG1–BG15,0.07494044150939488,1.157024698643809,1.1609244215323324,0.06460270787512355,0.9972360336566861,0.9968269995274138
T01,1,5,8,0.22857142857142856,0.9814466834068298,BG0–BG15,0.07200655607306587,1.0989638216512345,1.0995397852889588,0.0654604991699424,0.9969911877024196,0.9983450714482258
T01,1,5,8,0.22857142857142856,0.9814466834068298,BG1–BG15,0.0768069931446036,1.098963821651235,1.0995781828648072,0.06982453244793854,0.9967906002159143,0.9983450714482258
T01,1,all,12,0.34285714285714286,0.9606394171714783,BG0–BG15,0.07194277854460679,1.1390504508858106,1.1409102319466933,0.06307814092842179,0.9972541510104487,0.9979648860577767
T01,1,all,12,0.34285714285714286,0.9606394171714783,BG1–BG15,0.07673896378091392,1.139050450885811,1.1410342173507522,0.0672833503236499,0.9970710944111452,0.9979648860577767
T01,1,1,12,0.34285714285714286,0.9606394171714783,BG0–BG15,0.06899215245887066,1.122091473039508,1.1244315452266225,0.06142354403844838,0.9975145614210479,0.9941999557722307
T01,1,1,12,0.34285714285714286,0.9606394171714783,BG1–BG15,0.07359162928946203,1.1220914730395077,1.1245875500390965,0.06551844697434495,0.9973488655157842,0.9941999557722307
T01,1,2,12,0.34285714285714286,0.9606394171714783,BG0–BG15,0.07289951396361821,1.1402707801592435,1.141092323745903,0.0638868942307305,0.9971606110397301,0.9978267031753753
T01,1,2,12,0.34285714285714286,0.9606394171714783,BG1–BG15,0.07775948156119276,1.1402707801592435,1.1411470933183472,0.0681460205127792,0.9969713184423787,0.9978267031753753
T01,1,3,12,0.34285714285714286,0.9606394171714783,BG0–BG15,0.07128024515281231,1.1764840570545207,1.177761339361081,0.06052526621829185,0.9974682837063092,0.9983401659576966
T01,1,3,12,0.34285714285714286,0.9606394171714783,BG1–BG15,0.07603226149633313,1.1764840570545207,1.1778464915148517,0.06456028396617798,0.9972995026200632,0.9983401659576966
T01,1,4,12,0.34285714285714286,0.9606394171714783,BG0–BG15,0.07188616867728478,1.157421189488161,1.1605721150345825,0.06196513897343123,0.9972887506431867,0.9970935335656541
T01,1,4,12,0.34285714285714286,0.9606394171714783,BG1–BG15,0.07667857992243708,1.1574211894881612,1.160782176737677,0.06609614823832666,0.9971080006860655,0.9970935335656541
T01,1,5,12,0.34285714285714286,0.9606394171714783,BG0–BG15,0.07422576793998574,1.0988106975529064,1.1005069661336557,0.06744762295738681,0.9968131076923725,0.9987420942256249
T01,1,5,12,0.34285714285714286,0.9606394171714783,BG1–BG15,0.07917415246931812,1.0988106975529064,1.1006200507057058,0.07194413115454591,0.9966006482051973,0.9987420942256249
T01,1,all,16,0.45714285714285713,0.9109315872192383,BG0–BG15,0.07432728960147819,1.1399287676166043,1.141635456259948,0.06512833207648319,0.9971049038007924,0.9975846878165526
T01,1,all,16,0.45714285714285713,0.9109315872192383,BG1–BG15,0.07928244224157673,1.1399287676166046,1.1417492355028378,0.06947022088158208,0.9969118973875122,0.9975846878165526
T01,1,1,16,0.45714285714285713,0.9109315872192383,BG0–BG15,0.07220498069267975,1.1232320661272233,1.1245624836323869,0.06426727688256995,0.997278346413156,0.9945011596332222
T01,1,1,16,0.45714285714285713,0.9109315872192383,BG1–BG15,0.07701864607219172,1.123232066127223,1.124651178132731,0.0685517620080746,0.9970969028406997,0.9945011596332222
T01,1,2,16,0.45714285714285713,0.9109315872192383,BG0–BG15,0.07521414692514061,1.140216261170067,1.1412801581749932,0.06592208070471367,0.9970137092158067,0.9972781938924106
T01,1,2,16,0.45714285714285713,0.9109315872192383,BG1–BG15,0.08022842338681666,1.1402162611700672,1.1413510846419883,0.07031688608502792,0.9968146231635273,0.9972781938924106
T01,1,3,16,0.45714285714285713,0.9109315872192383,BG0–BG15,0.07266477351220484,1.1773690590194807,1.1784596007764725,0.0616628832297098,0.9974107896434605,0.9979867713352374
T01,1,3,16,0.45714285714285713,0.9109315872192383,BG1–BG15,0.07750909174635183,1.1773690590194807,1.178532303560272,0.06577374211169044,0.997238175619691,0.9979867713352374
T01,1,4,16,0.45714285714285713,0.9109315872192383,BG0–BG15,0.07396334386797784,1.1575055845046476,1.1614405447326068,0.06372679846893783,0.9971689828031014,0.9958511880174111
T01,1,4,16,0.45714285714285713,0.9109315872192383,BG1–BG15,0.07889423345917637,1.1575055845046476,1.1617028754144705,0.06797525170020036,0.9969802483233084,0.9958511880174111
T01,1,5,16,0.45714285714285713,0.9109315872192383,BG0–BG15,0.07702595196394477,1.1011734613761242,1.1022585637417723,0.06986201758472822,0.9966236724161127,0.9982240855777251
T01,1,5,16,0.45714285714285713,0.9109315872192383,BG1–BG15,0.08216101542820775,1.1011734613761242,1.1023309038994824,0.0745194854237101,0.9963985839105202,0.9982240855777251
T01,1,all,19,0.5428571428571428,0.831115186214447,BG0–BG15,0.07511208323789179,1.1391883751849563,1.1403439496193157,0.0658689063747208,0.9970468837174836,0.9974289465271975
T01,1,all,19,0.5428571428571428,0.831115186214447,BG1–BG15,0.08011955545375124,1.1391883751849563,1.1404209879149396,0.07026016679970218,0.9968500092986493,0.9974289465271975
T01,1,1,19,0.5428571428571428,0.831115186214447,BG0–BG15,0.07585405546225571,1.1229153037838684,1.1233067727985668,0.06756496826748912,0.9970345417617028,0.9933750960770549
T01,1,1,19,0.5428571428571428,0.831115186214447,BG1–BG15,0.08091099249307278,1.1229153037838684,1.12333287073288,0.07206929948532174,0.9968368445458163,0.9933750960770549
T01,1,2,19,0.5428571428571428,0.831115186214447,BG0–BG15,0.07595649480264692,1.1402054254390481,1.1402950112995978,0.06659245121453282,0.9969234299648845,0.9968972858495478
T01,1,2,19,0.5428571428571428,0.831115186214447,BG1–BG15,0.0810202611228234,1.140205425439048,1.140300983690301,0.07103194796216836,0.9967183252958768,0.9968972858495478
T01,1,3,19,0.5428571428571428,0.831115186214447,BG0–BG15,0.07266237676868598,1.175354422944867,1.1764629840337975,0.061762113523596146,0.997395176381703,0.9980612880363721
T01,1,3,19,0.5428571428571428,0.831115186214447,BG1–BG15,0.0775065352199317,1.175354422944867,1.1765368881063931,0.06587958775850257,0.9972215214738165,0.9980612880363721
T01,1,4,19,0.5428571428571428,0.831115186214447,BG0–BG15,0.07375112861261643,1.1574061060781358,1.1603955355623097,0.06357069815955174,0.9971602319858053,0.9967011650707615
T01,1,4,19,0.5428571428571428,0.831115186214447,BG1–BG15,0.07866787052012421,1.1574061060781358,1.1605948308612544,0.06780874470352186,0.9969709141181923,0.9967011650707615
T01,1,5,19,0.5428571428571428,0.831115186214447,BG0–BG15,0.07578903983748642,1.0999335535905301,1.1010990397333738,0.0688092979673892,0.9966918336761936,0.9983921333924894
T01,1,5,19,0.5428571428571428,0.831115186214447,BG1–BG15,0.08084164249331885,1.0999335535905301,1.1011767388095632,0.07339658449854848,0.9964712892546067,0.9983921333924894
T01,1,all,23,0.6571428571428571,0.618124783039093,BG0–BG15,0.07249665916827353,1.1384862362234947,1.137786622013111,0.0636909795477469,0.9975161842876812,0.9967581988556637
T01,1,all,23,0.6571428571428571,0.618124783039093,BG1–BG15,0.07732976977949176,1.1384862362234947,1.1377399810657522,0.06793704485093002,0.9973505965735268,0.9967581988556637
T01,1,1,23,0.6571428571428571,0.618124783039093,BG0–BG15,0.08376639626828497,1.121863436558836,1.1173742120105734,0.0748902910740565,0.9965362204418786,0.9930182349246781
T01,1,1,23,0.6571428571428571,0.618124783039093,BG1–BG15,0.08935082268617062,1.1218634365588362,1.1170749303740226,0.07988297714566026,0.9963053018046705,0.9930182349246781
T01,1,2,23,0.6571428571428571,0.618124783039093,BG0–BG15,0.07271646603426768,1.1372114557686255,1.1364740221482892,0.06395271014080757,0.9974598488834618,0.9956369871115223
T01,1,2,23,0.6571428571428571,0.618124783039093,BG1–BG15,0.07756423043655221,1.1372114557686255,1.1364248599069333,0.06821622415019474,0.9972905054756929,0.9956369871115223
T01,1,3,23,0.6571428571428571,0.618124783039093,BG0–BG15,0.06781886176442166,1.1760047831476383,1.1761757050083037,0.05765079834772632,0.9979886042869672,0.9967700971584718
T01,1,3,23,0.6571428571428571,0.618124783039093,BG1–BG15,0.07234011921538311,1.1760047831476386,1.1761870997990147,0.06149418490424141,0.9978545112394317,0.9967700971584718
T01,1,4,23,0.6571428571428571,0.618124783039093,BG0–BG15,0.06754426289896848,1.1568990525687386,1.158622068838967,0.05831002646295129,0.997870212212172,0.9967709820324816
T01,1,4,23,0.6571428571428571,0.618124783039093,BG1–BG15,0.0720472137588997,1.1568990525687386,1.1587369365903155,0.062197361560481376,0.9977282263596501,0.9967709820324816
T01,1,5,23,0.6571428571428571,0.618124783039093,BG0–BG15,0.06672335260311318,1.1002910807440867,1.1000766392035297,0.06062254967716922,0.9976966252318145,0.9972865541047208
T01,1,5,23,0.6571428571428571,0.618124783039093,BG1–BG15,0.0711715761099874,1.1002910807440869,1.1000623431008258,0.0646640529889805,0.9975430669139357,0.9972865541047208
T01,1,all,27,0.7714285714285715,0.30132922530174255,BG0–BG15,0.0831241958121847,1.11763660129235,1.1128430101915097,0.07455564921445099,0.99685568058916,0.995756756647274
T01,1,all,27,0.7714285714285715,0.30132922530174255,BG1–BG15,0.08866580886633035,1.11763660129235,1.1125234374514537,0.07952602582874772,0.996646059295104,0.995756756647274
T01,1,1,27,0.7714285714285715,0.30132922530174255,BG0–BG15,0.11877303621159088,1.1010577871914342,1.0889140221591553,0.10859141106797296,0.9930717350911826,0.9884983007468737
T01,1,1,27,0.7714285714285715,0.30132922530174255,BG1–BG15,0.12669123862569695,1.1010577871914342,1.08810443782367,0.1158308384725045,0.9926098507639279,0.9884983007468737
T01,1,2,27,0.7714285714285715,0.30132922530174255,BG0–BG15,0.08377527680717224,1.1150116138920791,1.1103659977262188,0.07530623476905624,0.9967948952867763,0.9940416558179218
T01,1,2,27,0.7714285714285715,0.30132922530174255,BG1–BG15,0.08936029526098371,1.1150116138920791,1.1100562899818278,0.08032665042032665,0.996581221639228,0.9940416558179218
T01,1,3,27,0.7714285714285715,0.30132922530174255,BG0–BG15,0.07071632655264892,1.1518068056564477,1.149399646613456,0.061463164748860585,0.9979120926882957,0.9978722140217872
T01,1,3,27,0.7714285714285715,0.30132922530174255,BG1–BG15,0.07543074832282552,1.1518068056564477,1.149239169343923,0.06556070906545129,0.9977728988675154,0.9978722140217872
T01,1,4,27,0.7714285714285715,0.30132922530174255,BG0–BG15,0.06736988340895847,1.1348142861035448,1.1325167682412034,0.05943410778427594,0.9980269021754169,0.9976977564529933
T01,1,4,27,0.7714285714285715,0.30132922530174255,BG1–BG15,0.0718612089695557,1.1348142861035448,1.1323636003837143,0.063396381636561,0.9978953623204446,0.9976977564529933
T01,1,5,27,0.7714285714285715,0.30132922530174255,BG0–BG15,0.05828635402322846,1.0854684371310874,1.0829123177798028,0.05376286661449807,0.9984012862654005,0.997080543493045
T01,1,5,27,0.7714285714285715,0.30132922530174255,BG1–BG15,0.062172110958110365,1.0854684371310874,1.0827419098230502,0.05734705772213129,0.9982947053497605,0.997080543493045
T01,1,all,31,0.8857142857142857,0.07776966691017151,BG0–BG15,0.10766443368159781,0.9630659799441723,0.9564855864274356,0.11223775030639349,0.992919699909897,0.9953897271184318
T01,1,all,31,0.8857142857142857,0.07776966691017151,BG1–BG15,0.11484206259370432,0.9630659799441723,0.9560468935263199,0.11972026699348641,0.99244767990389,0.9953897271184318
T01,1,1,31,0.8857142857142857,0.07776966691017151,BG0–BG15,0.15336989433220782,0.9436772782295163,0.9311941118280939,0.16369394737547954,0.9847607887388622,0.9907210471793639
T01,1,1,31,0.8857142857142857,0.07776966691017151,BG1–BG15,0.16359455395435504,0.9436772782295165,0.9303619007346656,0.1746068772005115,0.9837448413214531,0.9907210471793639
T01,1,2,31,0.8857142857142857,0.07776966691017151,BG0–BG15,0.12415086392400664,0.9896096610928985,0.9803168923650105,0.12612718447875776,0.9910089368861544,0.9913258897912379
T01,1,2,31,0.8857142857142857,0.07776966691017151,BG1–BG15,0.13242758818560707,0.9896096610928988,0.979697374449818,0.13453566344400825,0.9904095326785646,0.9913258897912379
T01,1,3,31,0.8857142857142857,0.07776966691017151,BG0–BG15,0.08470279656620272,0.9875019320314021,0.9866214031953564,0.08582868971479782,0.9959039011483939,0.9989950177543273
T01,1,3,31,0.8857142857142857,0.07776966691017151,BG1–BG15,0.09034964967061623,0.9875019320314018,0.9865627012729534,0.09155060236245101,0.9956308278916203,0.9989950177543273
T01,1,4,31,0.8857142857142857,0.07776966691017151,BG0–BG15,0.08550981847793036,0.9763445703790374,0.9702690617470081,0.08792617536218209,0.9957246037836667,0.9923212669457709
T01,1,4,31,0.8857142857142857,0.07776966691017151,BG1–BG15,0.0912104730431257,0.9763445703790374,0.9698640278382061,0.09378792038632758,0.9954395773692446,0.9923212669457709
T01,1,5,31,0.8857142857142857,0.07776966691017151,BG0–BG15,0.06464419371125532,0.917774522851411,0.9135143997665524,0.07063295878559911,0.9972494394775594,0.994499880554449
T01,1,5,31,0.8857142857142857,0.07776966691017151,BG1–BG15,0.06895380662533901,0.9177745228514113,0.913230391560895,0.07534182270463904,0.9970660687760632,0.994499880554449
T01,1,all,35,1.0,0.009900989942252636,BG0–BG15,0.08716432512633421,0.6869991507661307,0.6837118908383517,0.12725432334039735,0.9908145388967613,0.9984809081590706
T01,1,all,35,1.0,0.009900989942252636,BG1–BG15,0.09297528013475648,0.6869991507661306,0.6834927401764997,0.13573794489642388,0.9902021748232119,0.9984809081590706
T01,1,1,35,1.0,0.009900989942252636,BG0–BG15,0.12323549669948307,0.6785628268455512,0.670369196369949,0.18278846915937055,0.9810017223915913,0.9940878263469836
T01,1,1,35,1.0,0.009900989942252636,BG1–BG15,0.1314511964794486,0.6785628268455514,0.6698229543382421,0.19497436710332858,0.9797351705510308,0.9940878263469836
T01,1,2,35,1.0,0.009900989942252636,BG0–BG15,0.10965209215170525,0.6977742938024609,0.6933354516903679,0.15771980695016963,0.9858615276087022,0.9967104209758805
T01,1,2,35,1.0,0.009900989942252636,BG1–BG15,0.11696223162848561,0.6977742938024607,0.6930395288828951,0.16823446074684764,0.9849189627826156,0.9967104209758805
T01,1,3,35,1.0,0.009900989942252636,BG0–BG15,0.06896631160073498,0.729317131025044,0.7304136267609047,0.0945553855894333,0.994918459842896,0.9949996486707772
T01,1,3,35,1.0,0.009900989942252636,BG1–BG15,0.07356406570745064,0.7293171310250438,0.7304867264766289,0.10085907796206217,0.9945796904990889,0.9949996486707772
T01,1,4,35,1.0,0.009900989942252636,BG0–BG15,0.06023105405111849,0.6777295756609254,0.6734397981339226,0.08924739456158438,0.9955297758839777,0.9915645901181669
T01,1,4,35,1.0,0.009900989942252636,BG1–BG15,0.06424645765452637,0.6777295756609256,0.6731538129654557,0.09519722086569,0.9952317609429095,0.9915645901181669
T01,1,5,35,1.0,0.009900989942252636,BG0–BG15,0.04716728778310457,0.6502444109017356,0.6494042193798739,0.07261182749858887,0.9970583223095508,0.9979842221475791
T01,1,5,35,1.0,0.009900989942252636,BG1–BG15,0.050311773635311544,0.6502444109017353,0.6493482066117499,0.0774526159984948,0.9968622104635209,0.9979842221475791
T01,2,all,0,0.0,0.9950248599052429,BG0–BG15,0.06929626666007274,1.164121421160685,1.1660341202115578,0.05944603333333676,0.997545538778587,0.9983603042986409
T01,2,all,0,0.0,0.9950248599052429,BG1–BG15,0.07391601777074425,1.1641214211606852,1.1661616334816158,0.06340910222222587,0.9973819080304928,0.9983603042986409
T01,2,1,0,0.0,0.9950248599052429,BG0–BG15,0.06569113188950818,1.146929854916614,1.1487753107637007,0.05720935545741197,0.9978084844982207,0.9974355369567955
T01,2,1,0,0.0,0.9950248599052429,BG1–BG15,0.07007054068214207,1.146929854916614,1.148898341153506,0.061023312487906094,0.9976623834647688,0.9974355369567955
T01,2,2,0,0.0,0.9950248599052429,BG0–BG15,0.07070878686244957,1.184647570679291,1.187260240644842,0.059576895123648846,0.9975263763644692,0.9978028384639352
T01,2,2,0,0.0,0.9950248599052429,BG1–BG15,0.07542270598661288,1.184647570679291,1.1874344186425456,0.0635486881318921,0.9973614681221004,0.9978028384639352
T01,2,3,0,0.0,0.9950248599052429,BG0–BG15,0.06892119346692953,1.1923251205592877,1.1936338192089067,0.05774863678847176,0.9976858830125113,0.9981463917196628
T01,2,3,0,0.0,0.9950248599052429,BG1–BG15,0.07351593969805817,1.1923251205592877,1.193721065785548,0.06159854590770321,0.9975316085466785,0.9981463917196628
T01,2,4,0,0.0,0.9950248599052429,BG0–BG15,0.06961035489653708,1.1592326592447328,1.1610219215341906,0.059962447667390104,0.9974467312064025,0.9978632099529908
T01,2,4,0,0.0,0.9950248599052429,BG1–BG15,0.07425104522297289,1.1592326592447328,1.1611412056868213,0.06395994417854944,0.9972765132868292,0.9978632099529908
T01,2,5,0,0.0,0.9950248599052429,BG0–BG15,0.07122559023993438,1.1376057547340133,1.1396127847978654,0.06252221628327682,0.9972527216215552,0.998910445195228
T01,2,5,0,0.0,0.9950248599052429,BG1–BG15,0.07597396292259667,1.1376057547340133,1.1397465868021222,0.06669036403549526,0.9970695697296588,0.998910445195228
T01,2,all,4,0.11428571428571428,0.9906675815582275,BG0–BG15,0.06940235831844685,1.1636767583361796,1.1656135616419259,0.05955840230580811,0.9975357371382925,0.9984025688496028
T01,2,all,4,0.11428571428571428,0.9906675815582275,BG1–BG15,0.0740291822063433,1.1636767583361798,1.165742681862309,0.06352896245952865,0.9973714529475121,0.9984025688496028
T01,2,1,4,0.11428571428571428,0.9906675815582275,BG0–BG15,0.06581800162901663,1.1465066225090759,1.148386799843526,0.05734005731914589,0.997795354447304,0.9976994916489835
T01,2,1,4,0.11428571428571428,0.9906675815582275,BG1–BG15,0.07020586840428439,1.1465066225090759,1.1485121449991562,0.06116272780708895,0.9976483780771245,0.9976994916489835
T01,2,2,4,0.11428571428571428,0.9906675815582275,BG0–BG15,0.07085016655289501,1.18464818562828,1.1868879343257976,0.05970548956077977,0.9975166424890155,0.997849087412245
T01,2,2,4,0.11428571428571428,0.9906675815582275,BG1–BG15,0.07557351098975468,1.18464818562828,1.1870372509056322,0.06368585553149843,0.9973510853216166,0.997849087412245
T01,2,3,4,0.11428571428571428,0.9906675815582275,BG0–BG15,0.06887168758069626,1.1907901352027328,1.192813317829432,0.05776353779791379,0.9976802212222089,0.9979534940332688
T01,2,3,4,0.11428571428571428,0.9906675815582275,BG1–BG15,0.07346313341940934,1.1907901352027326,1.1929481966712119,0.0616144403177747,0.9975255693036895,0.9979534940332688
T01,2,4,4,0.11428571428571428,0.9906675815582275,BG0–BG15,0.0696176869884032,1.158928492141993,1.1605790565759815,0.05998623178680737,0.9974448758922771,0.9981616964973531
T01,2,4,4,0.11428571428571428,0.9906675815582275,BG1–BG15,0.07425886612096343,1.1589284921419927,1.1606890942049144,0.06398531390592785,0.9972745342850953,0.9981616964973531
T01,2,5,4,0.11428571428571428,0.9906675815582275,BG0–BG15,0.0715326634813956,1.1376610911841636,1.1395412434841674,0.06279080515831112,0.9972338164092426,0.9988364171098666
T01,2,5,4,0.11428571428571428,0.9906675815582275,BG1–BG15,0.07630150771348863,1.1376610911841636,1.139666586970834,0.06697685883553187,0.9970494041698589,0.9988364171098666
T01,2,all,8,0.22857142857142856,0.9814466834068298,BG0–BG15,0.07021359274730778,1.165114524734414,1.1670270830183633,0.060181898360791505,0.9974888347628111,0.998375824551397
T01,2,all,8,0.22857142857142856,0.9814466834068298,BG1–BG15,0.07489449893046161,1.1651145247344137,1.1671545869039595,0.06419402491817759,0.9973214237469984,0.998375824551397
T01,2,1,8,0.22857142857142856,0.9814466834068298,BG0–BG15,0.06666548115629958,1.1475800292862801,1.1497746766980639,0.05801572817603021,0.9977481857895059,0.9969862218985666
T01,2,1,8,0.22857142857142856,0.9814466834068298,BG1–BG15,0.07110984656671955,1.1475800292862801,1.1499209865255162,0.061883443387765566,0.9975980648421394,0.9969862218985666
T01,2,2,8,0.22857142857142856,0.9814466834068298,BG0–BG15,0.0717440959967659,1.1852596773150055,1.1878314807746304,0.060417873851474034,0.9974592915983083,0.9976896012318879
T01,2,2,8,0.22857142857142856,0.9814466834068298,BG1–BG15,0.07652703572988363,1.1852596773150057,1.1880029343386056,0.06444573210823897,0.9972899110381953,0.9976896012318879
T01,2,3,8,0.22857142857142856,0.9814466834068298,BG0–BG15,0.0695995197895321,1.1931222205664707,1.194599347332356,0.058275827837556485,0.9976450926297558,0.9981300900245148
T01,2,3,8,0.22857142857142856,0.9814466834068298,BG1–BG15,0.0742394877755009,1.1931222205664704,1.1946978224500815,0.06216088302672692,0.9974880988050728,0.9981300900245148
T01,2,4,8,0.22857142857142856,0.9814466834068298,BG0–BG15,0.07041371707885666,1.1602622786142882,1.1619066926544979,0.06060314031621593,0.9973976037081087,0.998319898100434
T01,2,4,8,0.22857142857142856,0.9814466834068298,BG1–BG15,0.07510796488411377,1.160262278614288,1.1620163202571783,0.0646433496706303,0.9972241106219826,0.998319898100434
T01,2,5,8,0.22857142857142856,0.9814466834068298,BG0–BG15,0.07232254482286857,1.139495941394994,1.1411631399407771,0.0633917293241795,0.9971871005652491,0.9990040499725735
T01,2,5,8,0.22857142857142856,0.9814466834068298,BG1–BG15,0.07714404781105981,1.139495941394994,1.1412742865104957,0.06761784461245814,0.9969995739362655,0.9990040499725735
T01,2,all,12,0.34285714285714286,0.9606394171714783,BG0–BG15,0.07162838791773192,1.1640599762347679,1.1662882733358833,0.061439410307768456,0.9973860214617225,0.9979037284009779
T01,2,all,12,0.34285714285714286,0.9606394171714783,BG1–BG15,0.07640361377891405,1.1640599762347679,1.1664368264759575,0.06553537099495302,0.9972117562258375,0.9979037284009779
T01,2,1,12,0.34285714285714286,0.9606394171714783,BG0–BG15,0.06806257848890665,1.1461800412535093,1.1489376541856657,0.05928676327666253,0.9976519721511792,0.996446457441884
T01,2,1,12,0.34285714285714286,0.9606394171714783,BG1–BG15,0.07260008372150042,1.1461800412535088,1.1491214950478095,0.06323921416177337,0.9974954369612576,0.996446457441884
T01,2,2,12,0.34285714285714286,0.9606394171714783,BG0–BG15,0.07344633985804215,1.1843721413158144,1.187427178672493,0.06188399375974763,0.9973437489838131,0.9968496229877515
T01,2,2,12,0.34285714285714286,0.9606394171714783,BG1–BG15,0.07834276251524495,1.1843721413158144,1.187630847829605,0.06600959334373081,0.9971666655827338,0.9968496229877515
T01,2,3,12,0.34285714285714286,0.9606394171714783,BG0–BG15,0.07093942653092111,1.1917979626800494,1.1936379883877737,0.05945063943077835,0.9975463350310542,0.9975561899290931
T01,2,3,12,0.34285714285714286,0.9606394171714783,BG1–BG15,0.07566872163298254,1.1917979626800492,1.1937606567682886,0.06341401539283023,0.9973827573664577,0.9975561899290931
T01,2,4,12,0.34285714285714286,0.9606394171714783,BG0–BG15,0.07176199124248694,1.1595061955896937,1.1613299453931822,0.06179769947702605,0.9972937466326134,0.9979042370765622
T01,2,4,12,0.34285714285714286,0.9606394171714783,BG1–BG15,0.07654612399198606,1.1595061955896937,1.1614515287134148,0.06591754610882779,0.9971133297414543,0.9979042370765622
T01,2,5,12,0.34285714285714286,0.9606394171714783,BG0–BG15,0.07359422948075105,1.1385978856397687,1.1402494874592106,0.0645549967140584,0.9970880026869902,0.998910206101447
T01,2,5,12,0.34285714285714286,0.9606394171714783,BG1–BG15,0.07850051144613447,1.1385978856397687,1.1403595942471734,0.06885866316166231,0.9968938695327899,0.998910206101447
T01,2,all,16,0.45714285714285713,0.9109315872192383,BG0–BG15,0.07445385221240147,1.1655246854204269,1.1673432053379171,0.06380178518305599,0.9972029227688668,0.9979797895831392
T01,2,all,16,0.45714285714285713,0.9109315872192383,BG1–BG15,0.07941744235989492,1.1655246854204269,1.167464439999083,0.06805523752859303,0.9970164509534579,0.9979797895831392
T01,2,1,16,0.45714285714285713,0.9109315872192383,BG0–BG15,0.07167529295835603,1.1471710597579134,1.14948029062285,0.06240372986423735,0.9974134671639745,0.9965634771650765
T01,2,1,16,0.45714285714285713,0.9109315872192383,BG1–BG15,0.07645364582224644,1.147171059757913,1.1496342393471792,0.06656397852185317,0.9972410316415729,0.9965634771650765
T01,2,2,16,0.45714285714285713,0.9109315872192383,BG0–BG15,0.07600043726183783,1.1867524822013662,1.18911961074745,0.06393253824474142,0.997175828812022,0.9973851147720293
T01,2,2,16,0.45714285714285713,0.9109315872192383,BG1–BG15,0.08106713307929371,1.1867524822013666,1.1892774193171889,0.06819470746105752,0.9969875507328234,0.9973851147720293
T01,2,3,16,0.45714285714285713,0.9109315872192383,BG0–BG15,0.07351102543785668,1.1929949533583728,1.1942420864721353,0.06157117446205687,0.9973956193580362,0.9975642777086392
T01,2,3,16,0.45714285714285713,0.9109315872192383,BG1–BG15,0.07841176046704712,1.1929949533583726,1.1943252286797195,0.06567591942619401,0.9972219939819051,0.9975642777086392
T01,2,4,16,0.45714285714285713,0.9109315872192383,BG0–BG15,0.07424873138753962,1.16056119089331,1.1624452523410977,0.06388266593554219,0.9971360122761708,0.9972362282628715
T01,2,4,16,0.45714285714285713,0.9109315872192383,BG1–BG15,0.07919864681337559,1.16056119089331,1.162570856437617,0.06814151033124502,0.9969450797612488,0.9972362282628715
T01,2,5,16,0.45714285714285713,0.9109315872192383,BG0–BG15,0.07646876061756566,1.140291374477689,1.1415727200492911,0.06699305093136776,0.9968862082747872,0.9990789710834894
T01,2,5,16,0.45714285714285713,0.9109315872192383,BG1–BG15,0.08156667799207003,1.140291374477689,1.141658143087398,0.07145925432679229,0.9966786221597732,0.9990789710834894
T01,2,all,19,0.5428571428571428,0.831115186214447,BG0–BG15,0.07404337470727719,1.1642970075775114,1.16559368469933,0.06352356790225547,0.9972551916878708,0.9977920029277152
T01,2,all,19,0.5428571428571428,0.831115186214447,BG1–BG15,0.07897959968776233,1.1642970075775116,1.1656801298407846,0.06775847242907249,0.9970722044670624,0.9977920029277152
T01,2,1,19,0.5428571428571428,0.831115186214447,BG0–BG15,0.0740713549892058,1.148110529210682,1.1494486872742407,0.06446710468362521,0.99729543209887,0.9964853293356299
T01,2,1,19,0.5428571428571428,0.831115186214447,BG1–BG15,0.07900944532181954,1.148110529210682,1.1495378978118114,0.06876491166253355,0.997115127572128,0.9964853293356299
T01,2,2,19,0.5428571428571428,0.831115186214447,BG0–BG15,0.07547439148889798,1.1852295558208716,1.186588386984264,0.06358471600389,0.9972078065571781,0.9960655609043619
T01,2,2,19,0.5428571428571428,0.831115186214447,BG1–BG15,0.08050601758815785,1.1852295558208716,1.1866789757284901,0.067823697070816,0.9970216603276568,0.9960655609043619
T01,2,3,19,0.5428571428571428,0.831115186214447,BG0–BG15,0.0716232805834485,1.1908233512143995,1.1921178689641352,0.0600857070805257,0.9975406106954738,0.996865815639632
T01,2,3,19,0.5428571428571428,0.831115186214447,BG1–BG15,0.0763981659556784,1.1908233512143993,1.192204170147451,0.06409142088589409,0.9973766514085053,0.996865815639632
T01,2,4,19,0.5428571428571428,0.831115186214447,BG0–BG15,0.07278179610595639,1.159833057874378,1.1602625583924704,0.06268968355600059,0.9972412131286046,0.9963851204689693
T01,2,4,19,0.5428571428571428,0.831115186214447,BG1–BG15,0.07763391584635349,1.1598330578743778,1.1602911917603433,0.06686899579306729,0.9970572940038449,0.9963851204689693
T01,2,5,19,0.5428571428571428,0.831115186214447,BG0–BG15,0.074950487444534,1.1376460234665422,1.1396951387990306,0.06579398474845059,0.9969800670020319,0.9986815194539674
T01,2,5,19,0.5428571428571428,0.831115186214447,BG1–BG15,0.07994718660750295,1.1376460234665422,1.1398317464878631,0.07018025039834731,0.9967787381355007,0.9986815194539674
T01,2,all,23,0.6571428571428571,0.618124783039093,BG0–BG15,0.07114059917977156,1.1630357663726307,1.1619084053909763,0.06118944779383209,0.9977192105060694,0.9963396140192811
T01,2,all,23,0.6571428571428571,0.618124783039093,BG1–BG15,0.07588330579175635,1.1630357663726305,1.1618332479921993,0.0652687443134209,0.9975671578731407,0.9963396140192811
T01,2,1,23,0.6571428571428571,0.618124783039093,BG0–BG15,0.08308003472056584,1.1493310120568931,1.1465103901905902,0.07240758297097333,0.9967824798556002,0.9949015417412386
T01,2,1,23,0.6571428571428571,0.618124783039093,BG1–BG15,0.08861870370193689,1.1493310120568931,1.1463223487328371,0.07723475516903822,0.9965679785126405,0.9949015417412386
T01,2,2,23,0.6571428571428571,0.618124783039093,BG0–BG15,0.07197797423014089,1.1848359381357318,1.1820676492767141,0.06080491416104419,0.9977312342777322,0.9915796943331998
T01,2,2,23,0.6571428571428571,0.618124783039093,BG1–BG15,0.07677650584548362,1.1848359381357318,1.181883096686113,0.0648585751051138,0.9975799832295812,0.9915796943331998
T01,2,3,23,0.6571428571428571,0.618124783039093,BG0–BG15,0.06521915644900206,1.188040843130363,1.1883776433310786,0.054876702179788975,0.9981858094539913,0.9947832505219587
T01,2,3,23,0.6571428571428571,0.618124783039093,BG1–BG15,0.06956710021226886,1.188040843130363,1.1884000966777932,0.05853514899177491,0.9980648634175908,0.9947832505219587
T01,2,4,23,0.6571428571428571,0.618124783039093,BG0–BG15,0.0660900304208146,1.1558019988621178,1.156080697285696,0.057149314482755086,0.9979521423989681,0.9970967542289935
T01,2,4,23,0.6571428571428571,0.618124783039093,BG1–BG15,0.07049603244886889,1.1558019988621173,1.1560992771806013,0.06095926878160542,0.9978156185588992,0.9970967542289935
T01,2,5,23,0.6571428571428571,0.618124783039093,BG0–BG15,0.0650791918502115,1.1372971890505619,1.1366489129769781,0.05723228390234039,0.9979375991262125,0.9983484793180393
T01,2,5,23,0.6571428571428571,0.618124783039093,BG1–BG15,0.06941780464022562,1.1372971890505619,1.1366056945720724,0.061047769495829754,0.9978001057346267,0.9983484793180393
T01,2,all,27,0.7714285714285715,0.30132922530174255,BG0–BG15,0.08601741342852753,1.1400629883846398,1.1350589788635066,0.07564601831254637,0.9967640038817276,0.9954141268078455
T01,2,all,27,0.7714285714285715,0.30132922530174255,BG1–BG15,0.09175190765709604,1.1400629883846398,1.1347253782287645,0.08068908620004948,0.996548270807176,0.9954141268078455
T01,2,1,27,0.7714285714285715,0.30132922530174255,BG0–BG15,0.11978164992602673,1.1338584437551857,1.124748063961217,0.1061799818862395,0.9933044049673992,0.9929219145471665
T01,2,1,27,0.7714285714285715,0.30132922530174255,BG1–BG15,0.1277670932544285,1.1338584437551857,1.1241407053082857,0.11325864734532214,0.9928580319652258,0.9929219145471665
T01,2,2,27,0.7714285714285715,0.30132922530174255,BG0–BG15,0.08773411301965972,1.1605336299833333,1.1529914687949665,0.07588068664388317,0.9967731893327151,0.9895530318953439
T01,2,2,27,0.7714285714285715,0.30132922530174255,BG1–BG15,0.09358305388763703,1.1605336299833335,1.1524886580490756,0.08093939908680871,0.9965580686215627,0.9895530318953439
T01,2,3,27,0.7714285714285715,0.30132922530174255,BG0–BG15,0.07295842070480377,1.1635374343552167,1.1587356869111252,0.06285633682218147,0.9978153624661844,0.9938351429354708
T01,2,3,27,0.7714285714285715,0.30132922530174255,BG1–BG15,0.07782231541845737,1.1635374343552167,1.1584155704148527,0.06704675927699356,0.9976697199639302,0.9938351429354708
T01,2,4,27,0.7714285714285715,0.30132922530174255,BG0–BG15,0.07142955362313634,1.13068068956047,1.1289160912399765,0.06322641295888826,0.9977778253824088,0.9978759496229646
T01,2,4,27,0.7714285714285715,0.30132922530174255,BG1–BG15,0.07619152386467877,1.1306806895604704,1.1287984513519436,0.06744150715614747,0.9976296804079025,0.9978759496229646
T01,2,5,27,0.7714285714285715,0.30132922530174255,BG0–BG15,0.06338698362625467,1.1117367578548425,1.1100464801724157,0.05706553494002746,0.998208121594234,0.9984111302301748
T01,2,5,27,0.7714285714285715,0.30132922530174255,BG1–BG15,0.06761278253467165,1.1117367578548425,1.109933794993587,0.060869903936029285,0.9980886630338496,0.9984111302301748
T01,2,all,31,0.8857142857142857,0.07776966691017151,BG0–BG15,0.11641721425528193,0.9828649918596812,0.9746207744696158,0.11901951783947402,0.9921166518751791,0.9938199307402573
T01,2,all,31,0.8857142857142857,0.07776966691017151,BG1–BG15,0.12417836187230075,0.9828649918596815,0.9740711599769447,0.1269541523621056,0.9915910953335243,0.9938199307402573
T01,2,1,31,0.8857142857142857,0.07776966691017151,BG0–BG15,0.16566131449384647,0.9902121075929444,0.9772853167116482,0.16851618359021578,0.9839653302701188,0.9916696452031616
T01,2,1,31,0.8857142857142857,0.07776966691017151,BG1–BG15,0.17670540212676958,0.9902121075929442,0.9764235306528949,0.1797505958295635,0.982896352288127,0.9916696452031616
T01,2,2,31,0.8857142857142857,0.07776966691017151,BG0–BG15,0.1338451760382317,1.0123555103937676,0.999190625078864,0.13318898802914464,0.9901678667771664,0.987877270831309
T01,2,2,31,0.8857142857142857,0.07776966691017151,BG1–BG15,0.14276818777411382,1.0123555103937676,0.9983129660578703,0.14206825389775427,0.9895123912289774,0.987877270831309
T01,2,3,31,0.8857142857142857,0.07776966691017151,BG0–BG15,0.09055466379331362,1.0017602666119445,0.9970888089504294,0.09064880380829071,0.9954623162080662,0.9962520303073236
T01,2,3,31,0.8857142857142857,0.07776966691017151,BG1–BG15,0.09659164137953452,1.0017602666119443,0.9967773784396619,0.09669205739551011,0.9951598039552708,0.9962520303073236
T01,2,4,31,0.8857142857142857,0.07776966691017151,BG0–BG15,0.09268714052993139,0.984133487821607,0.9776217756527021,0.09455815922658994,0.9950962692769614,0.9923766529031487
T01,2,4,31,0.8857142857142857,0.07776966691017151,BG1–BG15,0.09886628323192682,0.984133487821607,0.9771876615081083,0.1008620365083626,0.9947693538954253,0.9923766529031487
T01,2,5,31,0.8857142857142857,0.07776966691017151,BG0–BG15,0.07266742708339949,0.9247336301630231,0.9210973506313311,0.07876605344262483,0.9965936287551114,0.9967440837886716
T01,2,5,31,0.8857142857142857,0.07776966691017151,BG1–BG15,0.07751192222229279,0.9247336301630235,0.9208549319958851,0.08401712367213317,0.9963665373387852,0.9967440837886716
T01,2,all,35,1.0,0.009900989942252636,BG0–BG15,0.094055663801167,0.6931749686188914,0.688295011076125,0.13626292490110828,0.9895486333423346,0.9972215082366963
T01,2,all,35,1.0,0.009900989942252636,BG1–BG15,0.10032604138791146,0.6931749686188913,0.6879696805732739,0.1453471198945155,0.988851875565157,0.9972215082366963
T01,2,1,35,1.0,0.009900989942252636,BG0–BG15,0.13576553977559716,0.7040418509911615,0.6948096563860194,0.1941996547650474,0.9787794190566659,0.9940287986154216
T01,2,1,35,1.0,0.009900989942252636,BG1–BG15,0.14481657576063697,0.7040418509911616,0.6941941767456766,0.20714629841605062,0.9773647136604435,0.9940287986154216
T01,2,2,35,1.0,0.009900989942252636,BG0–BG15,0.11668093849103789,0.699894812037358,0.6965049702164646,0.1672007339810644,0.9842553914272788,0.9978686451887494
T01,2,2,35,1.0,0.009900989942252636,BG1–BG15,0.12445966772377375,0.6998948120373581,0.6962789807617384,0.17834744957980198,0.9832057508557642,0.9978686451887494
T01,2,3,35,1.0,0.009900989942252636,BG0–BG15,0.0723055285643884,0.7310052523395558,0.7268320418788545,0.0993222931318184,0.9944268977878311,0.9931478176683688
T01,2,3,35,1.0,0.009900989942252636,BG1–BG15,0.07712589713534763,0.7310052523395556,0.7265538278481412,0.10594377934060627,0.9940553576403531,0.9931478176683688
T01,2,4,35,1.0,0.009900989942252636,BG0–BG15,0.06673838601836646,0.6868295041671478,0.6817932342522338,0.09762913214997901,0.9946521720270132,0.9924300278404877
T01,2,4,35,1.0,0.009900989942252636,BG1–BG15,0.07118761175292421,0.6868295041671479,0.6814574829245728,0.10413774095997765,0.9942956501621475,0.9924300278404877
T01,2,5,35,1.0,0.009900989942252636,BG0–BG15,0.04836584192287745,0.6420060648246547,0.6396039350643447,0.07550458849733006,0.9967997600100984,0.9973509435390316
T01,2,5,35,1.0,0.009900989942252636,BG1–BG15,0.0515902313844026,0.6420060648246546,0.6394437930803238,0.0805382277304854,0.9965864106774381,0.9973509435390316
T02,0,all,0,0.0,0.9950248599052429,BG0–BG15,0.0880818233989554,1.1273859238283306,1.1304534762857146,0.07795868081135873,0.9952555083028598,0.9979845663807887
T02,0,all,0,0.0,0.9950248599052429,BG1–BG15,0.09395394495888575,1.127385923828331,1.1306579797828737,0.08315592619878265,0.9949392088563837,0.9979845663807887
T02,0,1,0,0.0,0.9950248599052429,BG0–BG15,0.06472587303066542,1.0996742162981699,1.1023594393477714,0.058764604068302764,0.9977660687276291,0.9974890260913046
T02,0,1,0,0.0,0.9950248599052429,BG1–BG15,0.06904093123270977,1.0996742162981694,1.102538454217745,0.06268224433952295,0.9976171399761378,0.9974890260913046
T02,0,2,0,0.0,0.9950248599052429,BG0–BG15,0.07500398287960637,1.1389960407275475,1.1416685145147798,0.06572943675032886,0.9969801757844575,0.9980430264075341
T02,0,2,0,0.0,0.9950248599052429,BG1–BG15,0.08000424840491348,1.1389960407275477,1.1418466794339286,0.0701113992003508,0.996778854170088,0.9980430264075341
T02,0,3,0,0.0,0.9950248599052429,BG0–BG15,0.0810754710670453,1.1227947298013912,1.124473617370227,0.07211327453666272,0.9960648925833602,0.9984651308423638
T02,0,3,0,0.0,0.9950248599052429,BG1–BG15,0.086480502471515,1.1227947298013914,1.1245855432081495,0.07692082617244027,0.9958025520889175,0.9984651308423638
T02,0,4,0,0.0,0.9950248599052429,BG0–BG15,0.09647993222993759,1.095753000120329,1.1005370741248832,0.08775157703547025,0.9938388348641345,0.9963828361431525
T02,0,4,0,0.0,0.9950248599052429,BG1–BG15,0.10291192771193343,1.095753000120329,1.1008560123918536,0.09360168217116827,0.9934280905217435,0.9963828361431525
T02,0,5,0,0.0,0.9950248599052429,BG0–BG15,0.1040063700040447,1.1688656615226456,1.172176515618844,0.08874445360957539,0.9928234165465831,0.9958947448932379
T02,0,5,0,0.0,0.9950248599052429,BG1–BG15,0.11094012800431434,1.1688656615226454,1.1723972392252573,0.0946607505168804,0.9923449776496887,0.9958947448932379
T02,0,all,4,0.11428571428571428,0.9906675815582275,BG0–BG15,0.0883538004133004,1.1275868129143984,1.1307410250128354,0.07818177429859821,0.9952375994554341,0.9978895433220981
T02,0,all,4,0.11428571428571428,0.9906675815582275,BG1–BG15,0.0942440537741871,1.1275868129143982,1.1309513058193978,0.0833938925851714,0.9949201060857965,0.9978895433220981
T02,0,1,4,0.11428571428571428,0.9906675815582275,BG0–BG15,0.06508951905216959,1.1001597356283475,1.1026558536242468,0.05907494638204829,0.9977485735225089,0.9976433392728067
T02,0,1,4,0.11428571428571428,0.9906675815582275,BG1–BG15,0.06942882032231422,1.1001597356283475,1.10282226149064,0.06301327614085149,0.9975984784240093,0.9976433392728067
T02,0,2,4,0.11428571428571428,0.9906675815582275,BG0–BG15,0.07522593463047446,1.1386288135107123,1.141854424166092,0.06592978640314077,0.9969633671871647,0.9978643046900342
T02,0,2,4,0.11428571428571428,0.9906675815582275,BG1–BG15,0.08024099693917273,1.1386288135107123,1.1420694648764504,0.0703251054966835,0.9967609249996426,0.9978643046900342
T02,0,3,4,0.11428571428571428,0.9906675815582275,BG0–BG15,0.08147049751935856,1.1227993993289123,1.1249663922947466,0.07244465456942858,0.9960387156932726,0.998504965033527
T02,0,3,4,0.11428571428571428,0.9906675815582275,BG1–BG15,0.0869018640206491,1.122799399328912,1.1251108584924692,0.07727429820739047,0.9957746300728244,0.998504965033527
T02,0,4,4,0.11428571428571428,0.9906675815582275,BG0–BG15,0.09668319116216496,1.095981537728596,1.100691813989799,0.08791537847898548,0.9938282942077871,0.9961309534719504
T02,0,4,4,0.11428571428571428,0.9906675815582275,BG1–BG15,0.10312873723964264,1.0959815377285957,1.1010058324072125,0.09377640371091785,0.9934168471549729,0.9961309534719504
T02,0,5,4,0.11428571428571428,0.9906675815582275,BG0–BG15,0.10419582740617836,1.1694214189797318,1.1724833087730766,0.08887640216520493,0.9928053785068629,0.9948200984735227
T02,0,5,4,0.11428571428571428,0.9906675815582275,BG1–BG15,0.11114221589992357,1.1694214189797318,1.1726874347593,0.09480149564288524,0.9923257370739871,0.9948200984735227
T02,0,all,8,0.22857142857142856,0.9814466834068298,BG0–BG15,0.09043116712834545,1.129057490282732,1.1322926783367357,0.07991326736047452,0.9949953792746011,0.9980483635382976
T02,0,all,8,0.22857142857142856,0.9814466834068298,BG1–BG15,0.0964599116035685,1.1290574902827317,1.1325083575403359,0.08524081851783949,0.9946617378929079,0.9980483635382976
T02,0,1,8,0.22857142857142856,0.9814466834068298,BG0–BG15,0.06548093692982772,1.1012280333010505,1.1040974082428994,0.05936085304122664,0.9977179296526832,0.9973607264691358
T02,0,1,8,0.22857142857142856,0.9814466834068298,BG1–BG15,0.06984633272514956,1.1012280333010502,1.1042886999056896,0.0633182432439751,0.9975657916295287,0.9973607264691358
T02,0,2,8,0.22857142857142856,0.9814466834068298,BG0–BG15,0.07636913200740209,1.1412301152575492,1.143892157615142,0.06679474815441114,0.9968748535003278,0.9983989595196229
T02,0,2,8,0.22857142857142856,0.9814466834068298,BG1–BG15,0.0814604074745622,1.1412301152575492,1.1440696271056483,0.07124773136470522,0.99666651040035,0.9983989595196229
T02,0,3,8,0.22857142857142856,0.9814466834068298,BG0–BG15,0.08296608045251225,1.124273048227578,1.126491996395519,0.07367642862623279,0.9958727651602273,0.998689056594522
T02,0,3,8,0.22857142857142856,0.9814466834068298,BG1–BG15,0.08849715248267973,1.1242730482275785,1.1266399262733815,0.07858819053464831,0.9955976161709092,0.998689056594522
T02,0,4,8,0.22857142857142856,0.9814466834068298,BG0–BG15,0.09923238675043779,1.0977355110426767,1.1023572133963295,0.09009927708386084,0.993487495503725,0.996443367010978
T02,0,4,8,0.22857142857142856,0.9814466834068298,BG1–BG15,0.10584787920046698,1.0977355110426765,1.102665326886573,0.09610589555611825,0.9930533285373065,0.996443367010978
T02,0,5,8,0.22857142857142856,0.9814466834068298,BG0–BG15,0.10761426136377432,1.1700981652988731,1.1736785314832994,0.09171635082678661,0.9923254412557545,0.9963552353253975
T02,0,5,8,0.22857142857142856,0.9814466834068298,BG1–BG15,0.11478854545469261,1.1700981652988731,1.173917222562261,0.09783077421523907,0.9918138040061384,0.9963552353253975
T02,0,all,12,0.34285714285714286,0.9606394171714783,BG0–BG15,0.09117506516758898,1.1280228443493225,1.1312137101698054,0.08064469702340957,0.9948606719464037,0.9980803472538857
T02,0,all,12,0.34285714285714286,0.9606394171714783,BG1–BG15,0.09725340284542824,1.1280228443493223,1.1314264345578375,0.08602101015830352,0.9945180500761638,0.9980803472538857
T02,0,1,12,0.34285714285714286,0.9606394171714783,BG0–BG15,0.06564182788782523,1.0994489588215637,1.1029425350983413,0.05958360651584821,0.9976704295001453,0.9960042929717632
T02,0,1,12,0.34285714285714286,0.9606394171714783,BG1–BG15,0.07001794974701357,1.0994489588215637,1.1031754401834597,0.0635558469502381,0.9975151248001549,0.9960042929717632
T02,0,2,12,0.34285714285714286,0.9606394171714783,BG0–BG15,0.07704006910194511,1.1407933297751394,1.1431674234589848,0.06741610455249043,0.9967891225736434,0.9985061129436978
T02,0,2,12,0.34285714285714286,0.9606394171714783,BG1–BG15,0.08217607370874144,1.1407933297751394,1.1433256963712413,0.07191051152265646,0.9965750640785528,0.9985061129436978
T02,0,3,12,0.34285714285714286,0.9606394171714783,BG0–BG15,0.08390012953397857,1.122742568900532,1.1254532392831238,0.07459349363241707,0.9957465670562609,0.9983514900555943
T02,0,3,12,0.34285714285714286,0.9606394171714783,BG1–BG15,0.08949347150291048,1.1227425689005321,1.1256339506419633,0.07956639320791156,0.9954630048600116,0.9983514900555943
T02,0,4,12,0.34285714285714286,0.9606394171714783,BG0–BG15,0.1002474111458793,1.0977536827817431,1.1017210688332364,0.09104907954676116,0.9933109381087368,0.995943467657888
T02,0,4,12,0.34285714285714286,0.9606394171714783,BG1–BG15,0.10693057188893793,1.0977536827817431,1.1019855612366696,0.09711901818321186,0.9928650006493193,0.995943467657888
T02,0,5,12,0.34285714285714286,0.9606394171714783,BG0–BG15,0.10842229050564398,1.168668368867912,1.1719939530052808,0.09251856943392293,0.9921240893643107,0.9958016880429346
T02,0,5,12,0.34285714285714286,0.9606394171714783,BG1–BG15,0.11565044320602023,1.1686683688679123,1.1722156586144385,0.09868647406285112,0.9915990286552648,0.9958016880429346
T02,0,all,16,0.45714285714285713,0.9109315872192383,BG0–BG15,0.08862546461980389,1.1308174665805846,1.1335320380907552,0.0782114092180104,0.9952777945311277,0.9981019041085104
T02,0,all,16,0.45714285714285713,0.9109315872192383,BG1–BG15,0.09453382892779084,1.1308174665805846,1.1337130095247665,0.08342550316587777,0.9949629808332028,0.9981019041085104
T02,0,1,16,0.45714285714285713,0.9109315872192383,BG0–BG15,0.06816260270550821,1.1028554275602438,1.1051118367011554,0.06172543011823148,0.9974769307499627,0.9979931882513579
T02,0,1,16,0.45714285714285713,0.9109315872192383,BG1–BG15,0.07270677621920876,1.1028554275602436,1.105262263977216,0.06584045879278025,0.9973087261332937,0.9979931882513579
T02,0,2,16,0.45714285714285713,0.9109315872192383,BG0–BG15,0.07804851334507423,1.1432033955121257,1.1454596007234283,0.0681614717320287,0.9967318546486851,0.9983113188713149
T02,0,2,16,0.45714285714285713,0.9109315872192383,BG1–BG15,0.08325174756807917,1.1432033955121255,1.1456100144041816,0.07270556984749726,0.9965139782919307,0.9983113188713149
T02,0,3,16,0.45714285714285713,0.9109315872192383,BG0–BG15,0.08258266354172053,1.1256116350416239,1.127101230276299,0.07328677321938537,0.9959966191704817,0.9988490366387542
T02,0,3,16,0.45714285714285713,0.9109315872192383,BG1–BG15,0.08808817444450191,1.125611635041624,1.1272005366252773,0.07817255810067773,0.9957297271151805,0.9988490366387542
T02,0,4,16,0.45714285714285713,0.9109315872192383,BG0–BG15,0.09661962179366287,1.1009479187989584,1.1054502916882274,0.08747171782218047,0.9940596684516664,0.9965006253823064
T02,0,4,16,0.45714285714285713,0.9109315872192383,BG1–BG15,0.10306092991324038,1.1009479187989584,1.1057504498808453,0.0933031656769925,0.9936636463484443,0.9965006253823064
T02,0,5,16,0.45714285714285713,0.9109315872192383,BG0–BG15,0.10166353971493818,1.1709403821462054,1.173807375975184,0.086555498093426,0.9931799791620624,0.9946203441100558
T02,0,5,16,0.45714285714285713,0.9109315872192383,BG1–BG15,0.10844110902926739,1.1709403821462057,1.1739985088971159,0.0923258646329877,0.9927253111062,0.9946203441100558
T02,0,all,19,0.5428571428571428,0.831115186214447,BG0–BG15,0.08425306380567223,1.1295016975231988,1.1315196805925383,0.07447181947961806,0.9960617831605172,0.9985842161268401
T02,0,all,19,0.5428571428571428,0.831115186214447,BG1–BG15,0.08986993472605039,1.129501697523199,1.1316542127971612,0.07943660744492595,0.9957992353712183,0.9985842161268401
T02,0,1,19,0.5428571428571428,0.831115186214447,BG0–BG15,0.07213306749901614,1.1021050368300378,1.1035174305252884,0.06539652836212828,0.9972319393682889,0.9984544594746844
T02,0,1,19,0.5428571428571428,0.831115186214447,BG1–BG15,0.07694193866561722,1.1021050368300378,1.103611590104972,0.0697562969196035,0.9970474019928415,0.9984544594746844
T02,0,2,19,0.5428571428571428,0.831115186214447,BG0–BG15,0.07917974406536687,1.1416415157023612,1.1428129616981808,0.06927921945207315,0.9967335355538282,0.9985057596905805
T02,0,2,19,0.5428571428571428,0.831115186214447,BG1–BG15,0.08445839366972466,1.141641515702361,1.1428910580979021,0.07389783408221134,0.9965157712574169,0.9985057596905805
T02,0,3,19,0.5428571428571428,0.831115186214447,BG0–BG15,0.07917471463145637,1.1230112127441145,1.123789643906159,0.07045752208466712,0.996540620999096,0.9988681656449461
T02,0,3,19,0.5428571428571428,0.831115186214447,BG1–BG15,0.08445302894022014,1.1230112127441143,1.123841539316962,0.07515469022364492,0.9963099957323692,0.9988681656449461
T02,0,4,19,0.5428571428571428,0.831115186214447,BG0–BG15,0.08972356475725797,1.1009746373410236,1.1049839809942816,0.08124259625370006,0.9953049701294964,0.9970207231182256
T02,0,4,19,0.5428571428571428,0.831115186214447,BG1–BG15,0.09570513574107518,1.1009746373410236,1.1052512705711655,0.08665876933728005,0.9949919681381293,0.9970207231182256
T02,0,5,19,0.5428571428571428,0.831115186214447,BG0–BG15,0.09133055067235558,1.16931228889795,1.1717183620626614,0.07789882598104554,0.9950475683905593,0.9965726455849474
T02,0,5,19,0.5428571428571428,0.831115186214447,BG1–BG15,0.0974192540505126,1.16931228889795,1.171878766940309,0.08309208104644858,0.9947174062832632,0.9965726455849474
T02,0,all,23,0.6571428571428571,0.618124783039093,BG0–BG15,0.07102534834769576,1.1294516493192006,1.129544273182224,0.06285618660829359,0.9975335479191398,0.9981373953398957
T02,0,all,23,0.6571428571428571,0.618124783039093,BG1–BG15,0.07576037157087548,1.1294516493192006,1.1295504481064258,0.06704659904884648,0.9973691177804158,0.9981373953398957
T02,0,1,23,0.6571428571428571,0.618124783039093,BG0–BG15,0.07615307271007749,1.1025406748451747,1.1017770375219347,0.06910153872962468,0.9970631333642939,0.9980114633427967
T02,0,1,23,0.6571428571428571,0.618124783039093,BG1–BG15,0.08122994422408265,1.102540674845175,1.101726128367052,0.07370830797826633,0.9968673422552468,0.9980114633427967
T02,0,2,23,0.6571428571428571,0.618124783039093,BG0–BG15,0.07366733475831684,1.140353495000649,1.1415477652836126,0.06453772527803167,0.9973938893904719,0.9978248476220143
T02,0,2,23,0.6571428571428571,0.618124783039093,BG1–BG15,0.0785784904088713,1.1403534950006493,1.1416273833024766,0.06884024029656712,0.9972201486831701,0.9978248476220143
T02,0,3,23,0.6571428571428571,0.618124783039093,BG0–BG15,0.06823213950257627,1.1217192260511584,1.1212565736577094,0.06082927708275337,0.9976574064932958,0.9980170131351136
T02,0,3,23,0.6571428571428571,0.618124783039093,BG1–BG15,0.07278094880274802,1.1217192260511586,1.1212257301648128,0.06488456222160359,0.9975012335928487,0.9980170131351136
T02,0,4,23,0.6571428571428571,0.618124783039093,BG0–BG15,0.07233634181960874,1.1017800187255853,1.1040315389994517,0.06551935033137586,0.9972522843678253,0.9969902892134326
T02,0,4,23,0.6571428571428571,0.618124783039093,BG1–BG15,0.07715876460758267,1.1017800187255848,1.104181640351043,0.06988730702013425,0.9970691033256803,0.9969902892134326
T02,0,5,23,0.6571428571428571,0.618124783039093,BG0–BG15,0.06426178031801696,1.170113286623411,1.1686441294969847,0.05492825189946193,0.9980841770263087,0.9941380642047165
T02,0,5,23,0.6571428571428571,0.618124783039093,BG1–BG15,0.06854589900588477,1.1701132866234114,1.1685461856885562,0.05859013535942606,0.9979564554947294,0.9941380642047165
T02,0,all,27,0.7714285714285715,0.30132922530174255,BG0–BG15,0.07314415659088659,1.1134404242922242,1.1106585836545315,0.06578062343719615,0.9975447709265715,0.9977686633439763
T02,0,all,27,0.7714285714285715,0.30132922530174255,BG1–BG15,0.0780204336969457,1.1134404242922247,1.1104731276120188,0.07016599833300924,0.997381088988343,0.9977686633439763
T02,0,1,27,0.7714285714285715,0.30132922530174255,BG0–BG15,0.10091171426527884,1.0811177097426377,1.077281647727966,0.09355245040782922,0.994915045179964,0.9976254752708714
T02,0,1,27,0.7714285714285715,0.30132922530174255,BG1–BG15,0.10763916188296409,1.0811177097426374,1.0770259102603212,0.09978928043501786,0.9945760481919614,0.9976254752708714
T02,0,2,27,0.7714285714285715,0.30132922530174255,BG0–BG15,0.08272187262386882,1.1238974753548252,1.1232880973651098,0.07361806487266703,0.9968719546883563,0.998339341437122
T02,0,2,27,0.7714285714285715,0.30132922530174255,BG1–BG15,0.08823666413212675,1.1238974753548254,1.1232474721657952,0.07852593586417816,0.9966634183342468,0.998339341437122
T02,0,3,27,0.7714285714285715,0.30132922530174255,BG0–BG15,0.06443138760720508,1.1034342374560806,1.099895412169397,0.058498566081003005,0.9980790665669151,0.9961388195278472
T02,0,3,27,0.7714285714285715,0.30132922530174255,BG1–BG15,0.06872681344768543,1.103434237456081,1.0996594904836179,0.06239847048640321,0.9979510043380427,0.9961388195278472
T02,0,4,27,0.7714285714285715,0.30132922530174255,BG0–BG15,0.060338497854938,1.0872995640382237,1.0872916789203768,0.0554858137963004,0.9982418712835991,0.9991278545151285
T02,0,4,27,0.7714285714285715,0.30132922530174255,BG1–BG15,0.06436106437860054,1.0872995640382237,1.0872911532458536,0.0591848680493871,0.9981246627025058,0.9991278545151285
T02,0,5,27,0.7714285714285715,0.30132922530174255,BG0–BG15,0.052666096501532006,1.1587298071461054,1.153375925578449,0.04556261759495664,0.9988366922781122,0.9863979983235113
T02,0,5,27,0.7714285714285715,0.30132922530174255,BG1–BG15,0.05617716960163413,1.1587298071461054,1.1530190001406055,0.048600125434620424,0.9987591384299862,0.9863979983235113
T02,0,all,31,0.8857142857142857,0.07776966691017151,BG0–BG15,0.09586303722974743,0.9419044021049093,0.936283579563396,0.10214459659329585,0.9941749883540751,0.9958909011304364
T02,0,all,31,0.8857142857142857,0.07776966691017151,BG1–BG15,0.10225390637839728,0.941904402104909,0.9359088580606286,0.10895423636618223,0.9937866542443469,0.9958909011304364
T02,0,1,31,0.8857142857142857,0.07776966691017151,BG0–BG15,0.15336458705385708,0.9105461534577807,0.8949832358722836,0.170157147786191,0.9838208476042145,0.9888593698684957
T02,0,1,31,0.8857142857142857,0.07776966691017151,BG1–BG15,0.16358889285744754,0.9105461534577803,0.8939457080332505,0.18150095763860372,0.9827422374444955,0.9888593698684957
T02,0,2,31,0.8857142857142857,0.07776966691017151,BG0–BG15,0.11032396643252118,0.9534024611393409,0.9459295717680704,0.11627173764683052,0.9924027228845989,0.994207889502615
T02,0,2,31,0.8857142857142857,0.07776966691017151,BG1–BG15,0.11767889752802259,0.9534024611393408,0.9454313791433189,0.1240231868232859,0.9918962377435718,0.994207889502615
T02,0,3,31,0.8857142857142857,0.07776966691017151,BG0–BG15,0.07012137370160294,0.913139888056789,0.9091650072062165,0.0770071522838951,0.9966844640353152,0.9941567418006585
T02,0,3,31,0.8857142857142857,0.07776966691017151,BG1–BG15,0.07479613194837646,0.9131398880567887,0.9089000151495117,0.08214096243615478,0.9964634283043361,0.9941567418006585
T02,0,4,31,0.8857142857142857,0.07776966691017151,BG0–BG15,0.06672899746828408,0.9339407250023055,0.9318640208674478,0.07154961756146963,0.9971880073068475,0.9978367526059078
T02,0,4,31,0.8857142857142857,0.07776966691017151,BG1–BG15,0.07117759729950303,0.9339407250023053,0.9317255739251241,0.07631959206556763,0.9970005411273042,0.9978367526059078
T02,0,5,31,0.8857142857142857,0.07776966691017151,BG0–BG15,0.059823691011746595,0.9848925990774395,0.9833135648094881,0.06079688065735987,0.9979499673491339,0.9989926067691949
T02,0,5,31,0.8857142857142857,0.07776966691017151,BG1–BG15,0.06381193707919636,0.98489259907744,0.9832082958582914,0.0648500060345172,0.997813298505743,0.9989926067691949
T02,0,all,35,1.0,0.009900989942252636,BG0–BG15,0.07293944445182304,0.6701682167227894,0.6660476383302142,0.10924519100099128,0.9932521306409069,0.9964505729010134
T02,0,all,35,1.0,0.009900989942252636,BG1–BG15,0.07780207408194459,0.6701682167227894,0.6657729331040424,0.1165282037343907,0.992802272683634,0.9964505729010134
T02,0,1,35,1.0,0.009900989942252636,BG0–BG15,0.11982484657779162,0.6030726840225523,0.5929905911126203,0.2005775863269728,0.977416935434398,0.9922862164005807
T02,0,1,35,1.0,0.009900989942252636,BG1–BG15,0.12781316968297773,0.6030726840225522,0.5923184515852914,0.21394942541543763,0.9759113977966911,0.9922862164005807
T02,0,2,35,1.0,0.009900989942252636,BG0–BG15,0.08406776916704053,0.64906134630682,0.6430562489841698,0.13026032008930413,0.990334975146857,0.9935703426012357
T02,0,2,35,1.0,0.009900989942252636,BG1–BG15,0.08967228711150987,0.6490613463068199,0.6426559091626598,0.1389443414285911,0.9896906401566475,0.9935703426012357
T02,0,3,35,1.0,0.009900989942252636,BG0–BG15,0.05099871919482151,0.6467205905288836,0.6447721316187522,0.07903708520508465,0.9963282776337296,0.9960931942012065
T02,0,3,35,1.0,0.009900989942252636,BG1–BG15,0.05439863380780963,0.6467205905288835,0.644642234358077,0.08430622421875697,0.9960834961426449,0.9960931942012065
T02,0,4,35,1.0,0.009900989942252636,BG0–BG15,0.04720368793284237,0.6749738936320555,0.6732115086221733,0.07006409866446024,0.9972401304660142,0.9954463064908892
T02,0,4,35,1.0,0.009900989942252636,BG1–BG15,0.05035060046169852,0.6749738936320553,0.6730940162881812,0.07473503857542427,0.9970561391637486,0.9954463064908892
T02,0,5,35,1.0,0.009900989942252636,BG0–BG15,0.04481924176616108,0.7442861262108129,0.7415916584307289,0.060348740849413746,0.9979730023457324,0.9957394023289318
T02,0,5,35,1.0,0.009900989942252636,BG1–BG15,0.04780719121723848,0.744286126210813,0.74141202724539,0.06437199023937465,0.9978378691687811,0.9957394023289318
T02,1,all,0,0.0,0.9950248599052429,BG0–BG15,0.08183842227757948,1.1306635041972164,1.134341545783858,0.07218396451085149,0.9960866263535695,0.997240388761153
T02,1,all,0,0.0,0.9950248599052429,BG1–BG15,0.08729431709608478,1.1306635041972162,1.1345867485563006,0.07699622881157493,0.9958257347771408,0.997240388761153
T02,1,1,0,0.0,0.9950248599052429,BG0–BG15,0.06345803291017975,1.1047123073245593,1.106988108511566,0.057364387448022365,0.9978669547294141,0.9979428919991415
T02,1,1,0,0.0,0.9950248599052429,BG1–BG15,0.06768856843752506,1.1047123073245593,1.1071398285907,0.06118867994455719,0.9977247517113752,0.9979428919991415
T02,1,2,0,0.0,0.9950248599052429,BG0–BG15,0.07307192577358695,1.1125221544033912,1.1151455331806948,0.0655599533135362,0.9970288832925761,0.9982081926403021
T02,1,2,0,0.0,0.9950248599052429,BG1–BG15,0.0779433874918261,1.1125221544033912,1.1153204250991815,0.06993061686777195,0.9968308088454144,0.9982081926403021
T02,1,3,0,0.0,0.9950248599052429,BG0–BG15,0.07677193456593631,1.1491901922511694,1.1541452621853086,0.06656265823870824,0.9968005360907822,0.9958260301401155
T02,1,3,0,0.0,0.9950248599052429,BG1–BG15,0.08189006353699872,1.1491901922511691,1.1544756001809178,0.07100016878795547,0.9965872384968343,0.9958260301401155
T02,1,4,0,0.0,0.9950248599052429,BG0–BG15,0.08918826147341058,1.1382160622502429,1.1451368276075935,0.07795818683070391,0.9953814193112258,0.9929712136505274
T02,1,4,0,0.0,0.9950248599052429,BG1–BG15,0.09513414557163796,1.1382160622502426,1.14559821196475,0.08315539928608419,0.9950735139319742,0.9929712136505274
T02,1,5,0,0.0,0.9950248599052429,BG0–BG15,0.0927868751873903,1.1420450293475828,1.143678007245172,0.08112985550701307,0.9941875196508465,0.9960386427154824
T02,1,5,0,0.0,0.9950248599052429,BG1–BG15,0.09897266686654964,1.142045029347583,1.1437868724383446,0.08653851254081393,0.993800020960903,0.9960386427154824
T02,1,all,4,0.11428571428571428,0.9906675815582275,BG0–BG15,0.08199277537428408,1.13104131518979,1.1346895014877012,0.07229737352947105,0.9960854951818185,0.9970867668106891
T02,1,all,4,0.11428571428571428,0.9906675815582275,BG1–BG15,0.08745896039923635,1.1310413151897902,1.1349327139075618,0.07711719843143577,0.9958245281939397,0.9970867668106891
T02,1,1,4,0.11428571428571428,0.9906675815582275,BG0–BG15,0.06376842996392369,1.1049763323728239,1.107171042225107,0.057634271072673764,0.9978486200152403,0.9980519396967494
T02,1,1,4,0.11428571428571428,0.9906675815582275,BG1–BG15,0.06801965862818528,1.1049763323728237,1.1073173562152596,0.06147655581085203,0.9977051946829231,0.9980519396967494
T02,1,2,4,0.11428571428571428,0.9906675815582275,BG0–BG15,0.07339989393748544,1.1132150858594412,1.115289159134067,0.06583052404242318,0.9969995357083024,0.9984788985470398
T02,1,2,4,0.11428571428571428,0.9906675815582275,BG1–BG15,0.07829322019998447,1.113215085859441,1.1154274306857086,0.07021922564525138,0.9967995047555224,0.9984788985470398
T02,1,3,4,0.11428571428571428,0.9906675815582275,BG0–BG15,0.07712213610418764,1.1492068427353122,1.1542668379378616,0.0668592429362099,0.9967809707619021,0.9954222204668508
T02,1,3,4,0.11428571428571428,0.9906675815582275,BG1–BG15,0.08226361184446682,1.1492068427353124,1.1546041709513648,0.0713165257986239,0.9965663688126956,0.9954222204668508
T02,1,4,4,0.11428571428571428,0.9906675815582275,BG0–BG15,0.08925825056613182,1.1390062411036652,1.1456081007758252,0.07798074493742754,0.9953934108032814,0.9933236278219009
T02,1,4,4,0.11428571428571428,0.9906675815582275,BG1–BG15,0.09520880060387395,1.1390062411036652,1.146048224753969,0.08317946126658941,0.9950863048568334,0.9933236278219009
T02,1,5,4,0.11428571428571428,0.9906675815582275,BG0–BG15,0.09271574689817766,1.1422071341614606,1.144377397886121,0.08103656615122386,0.9942225470472061,0.9964439822044674
T02,1,5,4,0.11428571428571428,0.9906675815582275,BG1–BG15,0.09889679669138948,1.1422071341614601,1.1445220821344315,0.08643900389463877,0.9938373835170199,0.9964439822044674
T02,1,all,8,0.22857142857142856,0.9814466834068298,BG0–BG15,0.08189982012154165,1.1325844781137189,1.1360340484880815,0.07212325248975887,0.9961032806136076,0.997154342229703
T02,1,all,8,0.22857142857142856,0.9814466834068298,BG1–BG15,0.08735980812964442,1.1325844781137187,1.136264019846372,0.07693146932240946,0.9958434993211817,0.997154342229703
T02,1,1,8,0.22857142857142856,0.9814466834068298,BG0–BG15,0.06422943915815857,1.1058435574692438,1.1083087591414202,0.05799558300417359,0.9978208046708663,0.9973578296983853
T02,1,1,8,0.22857142857142856,0.9814466834068298,BG1–BG15,0.06851140176870246,1.1058435574692438,1.1084731059195654,0.06186195520445182,0.9976755249822574,0.9973578296983853
T02,1,2,8,0.22857142857142856,0.9814466834068298,BG0–BG15,0.07381093972877677,1.1145436109032512,1.1164766017082541,0.06612135640311578,0.9969719022810826,0.9987234355869702
T02,1,2,8,0.22857142857142856,0.9814466834068298,BG1–BG15,0.07873166904402853,1.1145436109032512,1.116605467761921,0.07052944682999018,0.9967700290998216,0.9987234355869702
T02,1,3,8,0.22857142857142856,0.9814466834068298,BG0–BG15,0.0773529893234668,1.1502217978008862,1.1553882106264637,0.06700295784766022,0.996771591513413,0.9957367316962189
T02,1,3,8,0.22857142857142856,0.9814466834068298,BG1–BG15,0.0825098552783646,1.1502217978008862,1.155732638148169,0.0714698217041709,0.9965563642809738,0.9957367316962189
T02,1,4,8,0.22857142857142856,0.9814466834068298,BG0–BG15,0.08914141465487191,1.1406219467823602,1.1472066173260649,0.07777352356383499,0.9954209248850783,0.9937549411121241
T02,1,4,8,0.22857142857142856,0.9814466834068298,BG1–BG15,0.09508417563186336,1.1406219467823602,1.147645595362312,0.08295842513475732,0.9951156532107502,0.9937549411121241
T02,1,5,8,0.22857142857142856,0.9814466834068298,BG0–BG15,0.09173463345678826,1.1447683049011075,1.1459529318041493,0.08002696872298543,0.9943247115864703,0.9930432250103927
T02,1,5,8,0.22857142857142856,0.9814466834068298,BG1–BG15,0.0978502756872408,1.1447683049011075,1.1460319069310188,0.08536209997118445,0.9939463590255684,0.9930432250103927
T02,1,all,12,0.34285714285714286,0.9606394171714783,BG0–BG15,0.08123924608097459,1.1311952096412667,1.1346831536372908,0.07162530305768315,0.9961910161774625,0.9972852457433612
T02,1,all,12,0.34285714285714286,0.9606394171714783,BG1–BG15,0.08665519581970624,1.1311952096412665,1.1349156832370257,0.0764003232615287,0.9959370839226267,0.9972852457433612
T02,1,1,12,0.34285714285714286,0.9606394171714783,BG0–BG15,0.06470169577058628,1.104571657540173,1.1068810301188425,0.058494727417682586,0.9977705163843302,0.9982246364364239
T02,1,1,12,0.34285714285714286,0.9606394171714783,BG1–BG15,0.06901514215529203,1.1045716575401732,1.1070349882907538,0.062394375912194745,0.9976218841432857,0.9982246364364239
T02,1,2,12,0.34285714285714286,0.9606394171714783,BG0–BG15,0.07403943372051099,1.1142144601126032,1.1160880120571444,0.06634779548736998,0.9969514031789385,0.9989377500204454
T02,1,2,12,0.34285714285714286,0.9606394171714783,BG1–BG15,0.07897539596854505,1.114214460112603,1.1162129155201135,0.07077098185319465,0.9967481633908676,0.9989377500204454
T02,1,3,12,0.34285714285714286,0.9606394171714783,BG0–BG15,0.07678481005208587,1.14791898891613,1.1529408832110501,0.06664513322523621,0.9968225376535206,0.9958505431077921
T02,1,3,12,0.34285714285714286,0.9606394171714783,BG1–BG15,0.08190379738889161,1.1479189889161299,1.1532756761640452,0.07108814210691863,0.9966107068304219,0.9958505431077921
T02,1,4,12,0.34285714285714286,0.9606394171714783,BG0–BG15,0.08824975875644345,1.1401573698124765,1.146098400394929,0.07704438399918356,0.9955602147704258,0.9934672060104625
T02,1,4,12,0.34285714285714286,0.9606394171714783,BG1–BG15,0.094133076006873,1.1401573698124765,1.146494469100426,0.0821806762657958,0.9952642290884541,0.9934672060104625
T02,1,5,12,0.34285714285714286,0.9606394171714783,BG0–BG15,0.09016227421855809,1.1424421041448403,1.1446172638005503,0.07876846468062494,0.9945732419665121,0.9958224461008311
T02,1,5,12,0.34285714285714286,0.9606394171714783,BG1–BG15,0.0961730924997953,1.1424421041448407,1.1447622744442643,0.08401969565933327,0.9942114580976129,0.9958224461008311
T02,1,all,16,0.45714285714285713,0.9109315872192383,BG0–BG15,0.07624521887887933,1.1334857892261723,1.1363625818791203,0.06711313515788697,0.9968585583465109,0.9971478596299754
T02,1,all,16,0.45714285714285713,0.9109315872192383,BG1–BG15,0.0813282334708046,1.1334857892261723,1.1365543680559833,0.07158734416841277,0.9966491289029451,0.9971478596299754
T02,1,1,16,0.45714285714285713,0.9109315872192383,BG0–BG15,0.0661415147911862,1.107116712071036,1.1089860535453662,0.05967754498214108,0.9976502323388987,0.9982405434198369
T02,1,1,16,0.45714285714285713,0.9109315872192383,BG1–BG15,0.07055094911059863,1.1071167120710361,1.1091106763103213,0.0636560479809505,0.9974935811614919,0.9982405434198369
T02,1,2,16,0.45714285714285713,0.9109315872192383,BG0–BG15,0.07384904080285526,1.1180658784878175,1.119441711700989,0.06597072555197728,0.9969910016474643,0.9988606125109352
T02,1,2,16,0.45714285714285713,0.9109315872192383,BG1–BG15,0.07877231018971227,1.1180658784878175,1.1195334339152008,0.0703687739221091,0.9967904017572953,0.9988606125109352
T02,1,3,16,0.45714285714285713,0.9109315872192383,BG0–BG15,0.07429584533012214,1.1485073548169167,1.1520407386653901,0.06452130679500645,0.9971099164013497,0.9963732241021146
T02,1,3,16,0.45714285714285713,0.9109315872192383,BG1–BG15,0.07924890168546361,1.1485073548169171,1.1522762975886214,0.06882272724800688,0.9969172441614396,0.9963732241021146
T02,1,4,16,0.45714285714285713,0.9109315872192383,BG0–BG15,0.08178306170666244,1.1433469941354568,1.1491841731228685,0.07120196653353475,0.9964502874786247,0.9930819044218043
T02,1,4,16,0.45714285714285713,0.9109315872192383,BG1–BG15,0.08723526582043993,1.1433469941354564,1.1495733183886958,0.07594876430243706,0.9962136399771998,0.9930819044218043
T02,1,5,16,0.45714285714285713,0.9109315872192383,BG0–BG15,0.07915969461116919,1.1439807038551901,1.1456091325248323,0.06907781675500216,0.9963721221991734,0.9942587706563242
T02,1,5,16,0.45714285714285713,0.9109315872192383,BG1–BG15,0.08443700758524714,1.14398070385519,1.145717694436142,0.07368300453866897,0.9961302636791183,0.9942587706563242
T02,1,all,19,0.5428571428571428,0.831115186214447,BG0–BG15,0.07433517057104874,1.131788295202365,1.1341546486633758,0.06554916748612838,0.997088614357184,0.9977532372347959
T02,1,all,19,0.5428571428571428,0.831115186214447,BG1–BG15,0.07929084860911867,1.1317882952023655,1.1343124055607767,0.06991911198520362,0.9968945219809963,0.9977532372347959
T02,1,1,19,0.5428571428571428,0.831115186214447,BG0–BG15,0.0702217878270838,1.1065085037337652,1.1076209661049354,0.06342253233190831,0.9973751980497771,0.9985188078425066
T02,1,1,19,0.5428571428571428,0.831115186214447,BG1–BG15,0.07490324034888937,1.1065085037337652,1.1076951302630136,0.06765070115403553,0.9972002112530958,0.9985188078425066
T02,1,2,19,0.5428571428571428,0.831115186214447,BG0–BG15,0.07466977542696901,1.1159548079866477,1.1172358357371612,0.06683213448611383,0.9969485717924469,0.9988068874990897
T02,1,2,19,0.5428571428571428,0.831115186214447,BG1–BG15,0.07964776045543363,1.1159548079866473,1.1173212375871953,0.07128761011852142,0.9967451432452765,0.9988068874990897
T02,1,3,19,0.5428571428571428,0.831115186214447,BG0–BG15,0.07261063104171975,1.1454917328745335,1.1481805591177903,0.06325187667200172,0.9972586838628863,0.9974460659699338
T02,1,3,19,0.5428571428571428,0.831115186214447,BG1–BG15,0.0774513397778344,1.1454917328745335,1.1483598142006741,0.06746866845013515,0.9970759294537451,0.9974460659699338
T02,1,4,19,0.5428571428571428,0.831115186214447,BG0–BG15,0.07880447725189672,1.1426373486157446,1.1480545339825434,0.0686670281561523,0.996704116134832,0.9943139860029466
T02,1,4,19,0.5428571428571428,0.831115186214447,BG1–BG15,0.08405810906868984,1.1426373486157446,1.1484156796736635,0.07324483003322912,0.9964843905438207,0.9943139860029466
T02,1,5,19,0.5428571428571428,0.831115186214447,BG0–BG15,0.07263034460856352,1.1420158242461242,1.1431909928369344,0.06350734967805022,0.997202687707871,0.9959801200943962
T02,1,5,19,0.5428571428571428,0.831115186214447,BG1–BG15,0.07747236758246775,1.1420158242461242,1.143269337409655,0.06774117298992023,0.9970162002217291,0.9959801200943962
T02,1,all,23,0.6571428571428571,0.618124783039093,BG0–BG15,0.07133129636746216,1.1305753949063986,1.1314452357975044,0.06303106753754775,0.9975314929768091,0.9973719016489228
T02,1,all,23,0.6571428571428571,0.618124783039093,BG1–BG15,0.07608671612529297,1.1305753949063981,1.1315032251902446,0.06723313870671759,0.9973669258419297,0.9973719016489228
T02,1,1,23,0.6571428571428571,0.618124783039093,BG0–BG15,0.07807845640818245,1.105702619373763,1.1049752866107598,0.07064283188971462,0.9969409742667001,0.998253025374771
T02,1,1,23,0.6571428571428571,0.618124783039093,BG1–BG15,0.08328368683539461,1.1057026193737625,1.1049267977598929,0.07535235401569561,0.9967370392178135,0.998253025374771
T02,1,2,23,0.6571428571428571,0.618124783039093,BG0–BG15,0.073927203570209,1.113498855889958,1.114666980491458,0.06632671244149532,0.9972429516727583,0.9978518829252288
T02,1,2,23,0.6571428571428571,0.618124783039093,BG1–BG15,0.07885568380822293,1.113498855889958,1.1147448554648913,0.07074849327092833,0.9970591484509421,0.9978518829252288
T02,1,3,23,0.6571428571428571,0.618124783039093,BG0–BG15,0.0670673433963111,1.1433359836960697,1.1445311775991867,0.05859238735485827,0.9978398676713078,0.996992104022749
T02,1,3,23,0.6571428571428571,0.618124783039093,BG1–BG15,0.07153849962273183,1.1433359836960695,1.1446108571927278,0.06249854651184883,0.9976958588493952,0.996992104022749
T02,1,4,23,0.6571428571428571,0.618124783039093,BG0–BG15,0.07343326191818314,1.142208570375335,1.14638742405476,0.0640846536583323,0.9973581932058607,0.9942112743888676
T02,1,4,23,0.6571428571428571,0.618124783039093,BG1–BG15,0.0783288127127287,1.1422085703753349,1.1466660143000549,0.06835696390222115,0.9971820727529178,0.9942112743888676
T02,1,5,23,0.6571428571428571,0.618124783039093,BG0–BG15,0.06325656941212958,1.1415245929607925,1.1401857475817008,0.05541787956041274,0.9980739169251238,0.9927518893300942
T02,1,5,23,0.6571428571428571,0.618124783039093,BG1–BG15,0.06747367403960487,1.1415245929607922,1.1400964912230946,0.05911240486444026,0.997945511386799,0.9927518893300942
T02,1,all,27,0.7714285714285715,0.30132922530174255,BG0–BG15,0.07385788025329529,1.110419342080827,1.1092218873189026,0.06654908046608282,0.9974912003229048,0.9987240896702847
T02,1,all,27,0.7714285714285715,0.30132922530174255,BG1–BG15,0.07878173893684833,1.1104193420808275,1.109142057001441,0.07098568583048834,0.9973239470110985,0.9987240896702847
T02,1,1,27,0.7714285714285715,0.30132922530174255,BG0–BG15,0.10601944163182812,1.0814303940405485,1.0765440974526,0.09831726630145254,0.994381664323825,0.996813940085222
T02,1,1,27,0.7714285714285715,0.30132922530174255,BG1–BG15,0.11308740440728335,1.0814303940405485,1.076218344346737,0.10487175072154938,0.9940071086120802,0.996813940085222
T02,1,2,27,0.7714285714285715,0.30132922530174255,BG0–BG15,0.08136527516200032,1.0916646804918781,1.0914705323581184,0.0745285940932603,0.996795931953239,0.9980149181797829
T02,1,2,27,0.7714285714285715,0.30132922530174255,BG1–BG15,0.086789626839467,1.091664680491878,1.091457589149201,0.07949716703281098,0.9965823274167882,0.9980149181797829
T02,1,3,27,0.7714285714285715,0.30132922530174255,BG0–BG15,0.06161951768816357,1.1197237979798278,1.1195096364159012,0.05503145123829246,0.9982932487602731,0.9985743269526509
T02,1,3,27,0.7714285714285715,0.30132922530174255,BG1–BG15,0.06572748553404113,1.119723797979828,1.1194953589783059,0.058700214654178615,0.9981794653442914,0.9985743269526509
T02,1,4,27,0.7714285714285715,0.30132922530174255,BG0–BG15,0.060999339099270466,1.1259796307249832,1.127165901693902,0.05413099465051427,0.9983487013005778,0.998126222815524
T02,1,4,27,0.7714285714285715,0.30132922530174255,BG1–BG15,0.0650659617058885,1.125979630724983,1.1272449864251632,0.057739727627215215,0.9982386147206165,0.998126222815524
T02,1,5,27,0.7714285714285715,0.30132922530174255,BG0–BG15,0.05280138717742432,1.124980017254345,1.122820525848777,0.04698094379157043,0.9987667425250424,0.9965793710752708
T02,1,5,27,0.7714285714285715,0.30132922530174255,BG1–BG15,0.05632147965591927,1.1249800172543447,1.1226765597550723,0.050113006711008455,0.9986845253600454,0.9965793710752708
T02,1,all,31,0.8857142857142857,0.07776966691017151,BG0–BG15,0.09570622284171262,0.9341133483292056,0.9293091354912033,0.10278142643842217,0.9940797977447464,0.9966321567610201
T02,1,all,31,0.8857142857142857,0.07776966691017151,BG1–BG15,0.10208663769782683,0.9341133483292056,0.9289888546353364,0.109633521534317,0.9936851175943962,0.9966321567610201
T02,1,1,31,0.8857142857142857,0.07776966691017151,BG0–BG15,0.1585925940470116,0.9032445298961683,0.8860104897235825,0.1776019293875291,0.9823945307377804,0.9870286838657516
T02,1,1,31,0.8857142857142857,0.07776966691017151,BG1–BG15,0.16916543365014566,0.9032445298961684,0.8848615537120769,0.1894420580133644,0.9812208327869656,0.9870286838657516
T02,1,2,31,0.8857142857142857,0.07776966691017151,BG0–BG15,0.10773845935523327,0.926946204738036,0.9199679404047901,0.11675873409987304,0.9923125257086216,0.9938276611382351
T02,1,2,31,0.8857142857142857,0.07776966691017151,BG1–BG15,0.11492102331224884,0.9269462047380358,0.9195027227825737,0.12454264970653124,0.9918000274225297,0.9938276611382351
T02,1,3,31,0.8857142857142857,0.07776966691017151,BG0–BG15,0.06842347249114028,0.9248039448796394,0.9235200704536131,0.07406472963963977,0.9968896487436529,0.9974224315530212
T02,1,3,31,0.8857142857142857,0.07776966691017151,BG1–BG15,0.07298503732388296,0.9248039448796397,0.9234344788252111,0.07900237828228242,0.9966822919932299,0.9974224315530212
T02,1,4,31,0.8857142857142857,0.07776966691017151,BG0–BG15,0.06259775963019656,0.9551367004369324,0.9545371364894932,0.06557930542889306,0.9976197317551087,0.9975877996039704
T02,1,4,31,0.8857142857142857,0.07776966691017151,BG1–BG15,0.066770943605543,0.9551367004369327,0.9544971655596639,0.06995125912415259,0.9974610472054493,0.9975877996039704
T02,1,5,31,0.8857142857142857,0.07776966691017151,BG0–BG15,0.0574026662379441,0.9513000050134667,0.9504299582916431,0.06037459665032127,0.9979759743059065,0.9992839023563901
T02,1,5,31,0.8857142857142857,0.07776966691017151,BG1–BG15,0.06122951065380704,0.9513000050134667,0.950371955176855,0.06439956976034271,0.9978410392596336,0.9992839023563901
T02,1,all,35,1.0,0.009900989942252636,BG0–BG15,0.07447929446373029,0.6639009144504222,0.6601232009905986,0.11257282002930094,0.9928528761450021,0.9971986587500417
T02,1,all,35,1.0,0.009900989942252636,BG1–BG15,0.0794445807613123,0.6639009144504223,0.6598713534266103,0.12007767469792102,0.9923764012213355,0.9971986587500417
T02,1,1,35,1.0,0.009900989942252636,BG0–BG15,0.12416908020607348,0.6042766539537516,0.5928963767406994,0.20771401587123192,0.9758818775050875,0.9909350663234177
T02,1,1,35,1.0,0.009900989942252636,BG1–BG15,0.13244701888647836,0.6042766539537519,0.5921376915931625,0.22156161692931406,0.9742740026720932,0.9909350663234177
T02,1,2,35,1.0,0.009900989942252636,BG0–BG15,0.08323599288173997,0.6414305131458565,0.6361730196434274,0.13041764129892308,0.9903159563643862,0.9943759089588674
T02,1,2,35,1.0,0.009900989942252636,BG1–BG15,0.08878505907385596,0.6414305131458564,0.6358225200765989,0.13911215071885133,0.9896703534553453,0.9943759089588674
T02,1,3,35,1.0,0.009900989942252636,BG0–BG15,0.05456275360886212,0.6498216826900383,0.6481733503348532,0.08412746126514718,0.9959034994867897,0.996969172866046
T02,1,3,35,1.0,0.009900989942252636,BG1–BG15,0.058200270516119576,0.6498216826900384,0.6480634615111743,0.08973595868282368,0.9956303994525757,0.996969172866046
T02,1,4,35,1.0,0.009900989942252636,BG0–BG15,0.04633475866115346,0.6768588303030498,0.6758621844131655,0.06853932864532863,0.9973513947513788,0.9964996021648033
T02,1,4,35,1.0,0.009900989942252636,BG1–BG15,0.04942374257189703,0.6768588303030499,0.6757957413538398,0.07310861722168388,0.9971748210681373,0.9964996021648033
T02,1,5,35,1.0,0.009900989942252636,BG0–BG15,0.045124433070375294,0.7210701182969385,0.7191801833901817,0.06267744381349505,0.997814165424659,0.9978126933740448
T02,1,5,35,1.0,0.009900989942252636,BG1–BG15,0.04813272860840031,0.7210701182969382,0.7190541877297311,0.06685594006772806,0.9976684431196362,0.9978126933740448
T02,2,all,0,0.0,0.9950248599052429,BG0–BG15,0.08502946876081563,1.1513321375866366,1.1540962970443207,0.07371556507209595,0.9958493228194758,0.9975306158802832
T02,2,all,0,0.0,0.9950248599052429,BG1–BG15,0.09069810001153668,1.1513321375866366,1.1542805743414997,0.07862993607690233,0.9955726110074408,0.9975306158802832
T02,2,1,0,0.0,0.9950248599052429,BG0–BG15,0.06374180387039491,1.135611599039428,1.1382485456388067,0.05603776531449835,0.9979609132587235,0.9978663831829024
T02,2,1,0,0.0,0.9950248599052429,BG1–BG15,0.06799125746175455,1.1356115990394282,1.1384243420787654,0.059773616335464894,0.9978249741426383,0.9978663831829024
T02,2,2,0,0.0,0.9950248599052429,BG0–BG15,0.07367775051900129,1.1614056189828366,1.1643261183086862,0.06329416808121077,0.9972377792276248,0.9965663497765205
T02,2,2,0,0.0,0.9950248599052429,BG1–BG15,0.07858960055360135,1.1614056189828366,1.1645208182637425,0.06751377928662484,0.9970536311761331,0.9965663497765205
T02,2,3,0,0.0,0.9950248599052429,BG0–BG15,0.07917723483132125,1.1477517310402392,1.1501145959788757,0.0688772863061945,0.9965202892432033,0.9974319922040429
T02,2,3,0,0.0,0.9950248599052429,BG1–BG15,0.08445571715340934,1.147751731040239,1.150272120308118,0.07346910539327413,0.9962883085260835,0.9974319922040429
T02,2,4,0,0.0,0.9950248599052429,BG0–BG15,0.09293700672938252,1.153398478652324,1.1576162345413634,0.0803432794335458,0.9949713044114283,0.9961961654536704
T02,2,4,0,0.0,0.9950248599052429,BG1–BG15,0.09913280717800801,1.153398478652324,1.1578974182672994,0.08569949806244884,0.994636058038857,0.9961961654536704
T02,2,5,0,0.0,0.9950248599052429,BG0–BG15,0.09872657450375025,1.1563459850546713,1.1581411743654297,0.08529360350155535,0.9934668900704077,0.9965759322173482
T02,2,5,0,0.0,0.9950248599052429,BG1–BG15,0.1053083461373336,1.1563459850546711,1.1582608536528138,0.09097984373499239,0.9930313494084348,0.9965759322173482
T02,2,all,4,0.11428571428571428,0.9906675815582275,BG0–BG15,0.08528897647217495,1.1515444470983458,1.1544191974302245,0.07392349095766435,0.9958414909523221,0.9977462766096579
T02,2,all,4,0.11428571428571428,0.9906675815582275,BG1–BG15,0.09097490823698663,1.1515444470983456,1.1546108474523498,0.0788517236881753,0.9955642570158102,0.9977462766096579
T02,2,1,4,0.11428571428571428,0.9906675815582275,BG0–BG15,0.0642173818260244,1.1362774135660703,1.1384681804094265,0.05643547451038188,0.9979337694200611,0.9985000604963806
T02,2,1,4,0.11428571428571428,0.9906675815582275,BG1–BG15,0.06849854061442603,1.1362774135660703,1.1386142315323171,0.060197839477740676,0.9977960207147318,0.9985000604963806
T02,2,2,4,0.11428571428571428,0.9906675815582275,BG0–BG15,0.07411492828307835,1.1612480438701327,1.1641785473370196,0.06367895963121309,0.9972084904650058,0.9968067576916032
T02,2,2,4,0.11428571428571428,0.9906675815582275,BG1–BG15,0.07905592350195025,1.1612480438701325,1.1643739142348122,0.0679242236066273,0.9970223898293396,0.9968067576916032
T02,2,3,4,0.11428571428571428,0.9906675815582275,BG0–BG15,0.07940889251939573,1.147889226929295,1.1504980573801002,0.06906195571555275,0.9965135446734436,0.9975643498858286
T02,2,3,4,0.11428571428571428,0.9906675815582275,BG1–BG15,0.08470281868735545,1.1478892269292946,1.1506719794101543,0.0736660860965896,0.9962811143183401,0.9975643498858286
T02,2,4,4,0.11428571428571428,0.9906675815582275,BG0–BG15,0.0932917372650362,1.152986619534832,1.1581147739472795,0.08064344103445895,0.9949610800519426,0.9958103681362491
T02,2,4,4,0.11428571428571428,0.9906675815582275,BG1–BG15,0.09951118641603861,1.1529866195348322,1.1584566509081093,0.0860196704367562,0.9946251520554055,0.9958103681362491
T02,2,5,4,0.11428571428571428,0.9906675815582275,BG0–BG15,0.09875684593501938,1.157108415006143,1.1587030041111974,0.08527584064292348,0.9934934316919208,0.9972711456534675
T02,2,5,4,0.11428571428571428,0.9906675815582275,BG1–BG15,0.10534063566402065,1.1571084150061428,1.1588093100515342,0.09096089668578504,0.993059660471382,0.9972711456534675
T02,2,all,8,0.22857142857142856,0.9814466834068298,BG0–BG15,0.08611935574333242,1.1530346161110905,1.1558028853489608,0.07454952691495267,0.9957683312712418,0.9977164549722922
T02,2,all,8,0.22857142857142856,0.9814466834068298,BG1–BG15,0.09186064612622125,1.1530346161110905,1.1559874366314855,0.07951949537594953,0.995486220022658,0.9977164549722922
T02,2,1,8,0.22857142857142856,0.9814466834068298,BG0–BG15,0.0648151719516671,1.1377788830430036,1.1392225560030602,0.056905192937741565,0.9978942759649735,0.9987514385280983
T02,2,1,8,0.22857142857142856,0.9814466834068298,BG1–BG15,0.06913618341511159,1.1377788830430036,1.139318800867064,0.06069887246692433,0.9977538943626384,0.9987514385280983
T02,2,2,8,0.22857142857142856,0.9814466834068298,BG0–BG15,0.07487965414388265,1.1627655668050072,1.1657279738144752,0.06424825314134171,0.9971637588046138,0.9966143095199116
T02,2,2,8,0.22857142857142856,0.9814466834068298,BG1–BG15,0.07987163108680816,1.162765566805007,1.1659254676151063,0.06853147001743114,0.9969746760582548,0.9966143095199116
T02,2,3,8,0.22857142857142856,0.9814466834068298,BG0–BG15,0.08035777833879008,1.1491723925196218,1.1522043610902264,0.06979348018971576,0.99644392504727,0.9972987764518986
T02,2,3,8,0.22857142857142856,0.9814466834068298,BG1–BG15,0.08571496356137609,1.1491723925196218,1.1524064923282669,0.07444637886903016,0.9962068533837546,0.9972987764518986
T02,2,4,8,0.22857142857142856,0.9814466834068298,BG0–BG15,0.09436433907165902,1.1547225947821134,1.1599526942658218,0.08144548350095673,0.9948662277240403,0.9957114280082701
T02,2,4,8,0.22857142857142856,0.9814466834068298,BG1–BG15,0.10065529500976965,1.1547225947821134,1.1603013675647356,0.0868751824010205,0.9945239762389764,0.9957114280082701
T02,2,5,8,0.22857142857142856,0.9814466834068298,BG0–BG15,0.09934109222440526,1.1585231710351187,1.159771473854244,0.08568594705595314,0.993391119806813,0.9967213763750199
T02,2,5,8,0.22857142857142856,0.9814466834068298,BG1–BG15,0.10596383170603228,1.1585231710351187,1.1598546940421857,0.09139834352635003,0.992950527793934,0.9967213763750199
T02,2,all,12,0.34285714285714286,0.9606394171714783,BG0–BG15,0.08666642453299142,1.1514448635912466,1.1545085448487673,0.07510954361685895,0.9957619062376377,0.9976364900581947
T02,2,all,12,0.34285714285714286,0.9606394171714783,BG1–BG15,0.09244418616852415,1.1514448635912466,1.1547127902659353,0.08011684652464955,0.99547936665348,0.9976364900581947
T02,2,1,12,0.34285714285714286,0.9606394171714783,BG0–BG15,0.06596025868644412,1.1362549239917492,1.138357428400598,0.05796858977539571,0.9978075173623798,0.998537469778281
T02,2,1,12,0.34285714285714286,0.9606394171714783,BG1–BG15,0.0703576092655404,1.1362549239917494,1.138497595361188,0.06183316242708876,0.997661351853205,0.998537469778281
T02,2,2,12,0.34285714285714286,0.9606394171714783,BG0–BG15,0.07626850389787038,1.1605683474614856,1.1642342038503863,0.0655401316635323,0.9970552276976599,0.9968986483959568
T02,2,2,12,0.34285714285714286,0.9606394171714783,BG1–BG15,0.08135307082439504,1.1605683474614854,1.1644785942763132,0.06990947377443443,0.9968589095441706,0.9968986483959568
T02,2,3,12,0.34285714285714286,0.9606394171714783,BG0–BG15,0.08139272719164632,1.1485478818015196,1.151187732555142,0.0707391406625515,0.9963904527719909,0.9975268213994288
T02,2,3,12,0.34285714285714286,0.9606394171714783,BG1–BG15,0.08681890900442273,1.1485478818015196,1.1513637226053837,0.07545508337338827,0.9961498162901238,0.9975268213994288
T02,2,4,12,0.34285714285714286,0.9606394171714783,BG0–BG15,0.09529379736493951,1.1540115456231559,1.1591984740461079,0.0822874047092218,0.9948759280260027,0.9960070983575314
T02,2,4,12,0.34285714285714286,0.9606394171714783,BG1–BG15,0.10164671718926879,1.1540115456231559,1.1595442692743048,0.08777323168983657,0.9945343232277362,0.9960070983575314
T02,2,5,12,0.34285714285714286,0.9606394171714783,BG0–BG15,0.09857890516655037,1.155821271649181,1.1576242483566483,0.08518989750714484,0.9935442678656843,0.9966232994562131
T02,2,5,12,0.34285714285714286,0.9606394171714783,BG1–BG15,0.10515083217765371,1.155821271649181,1.1577444468038134,0.09086922400762117,0.9931138857233963,0.9966232994562131
T02,2,all,16,0.45714285714285713,0.9109315872192383,BG0–BG15,0.08515538528469949,1.1534517750687336,1.156671384369106,0.07365924527543048,0.9961242987411199,0.9976148485140278
T02,2,all,16,0.45714285714285713,0.9109315872192383,BG1–BG15,0.0908324109703461,1.1534517750687336,1.156886024989131,0.07856986162712581,0.9958659186571945,0.9976148485140278
T02,2,1,16,0.45714285714285713,0.9109315872192383,BG0–BG15,0.06905749892406202,1.1382836831868535,1.1405756555510709,0.06058311503802517,0.9975977797152086,0.9984993631291487
T02,2,1,16,0.45714285714285713,0.9109315872192383,BG1–BG15,0.07366133218566613,1.1382836831868537,1.1407284537086857,0.06462198937389352,0.9974376316962225,0.9984993631291487
T02,2,2,16,0.45714285714285713,0.9109315872192383,BG0–BG15,0.07961139661832181,1.1630394716301864,1.1669393904505023,0.06826372420240584,0.9968301469577855,0.9966294192347243
T02,2,2,16,0.45714285714285713,0.9109315872192383,BG1–BG15,0.08491882305954326,1.1630394716301864,1.1671993850385234,0.07281463914923289,0.996618823421638,0.9966294192347243
T02,2,3,16,0.45714285714285713,0.9109315872192383,BG0–BG15,0.08202926061934677,1.1508250760737466,1.1533826036925583,0.07114739096104458,0.9964563318094504,0.9978608713833725
T02,2,3,16,0.45714285714285713,0.9109315872192383,BG1–BG15,0.0874978779939699,1.150825076073747,1.1535531055338124,0.07589055035844755,0.9962200872634139,0.9978608713833725
T02,2,4,16,0.45714285714285713,0.9109315872192383,BG0–BG15,0.09317245972564522,1.1558206266657796,1.161536555781425,0.08029367793020921,0.9954035704953068,0.9956133992911611
T02,2,4,16,0.45714285714285713,0.9109315872192383,BG1–BG15,0.09938395704068821,1.1558206266657793,1.1619176177224682,0.08564658979222314,0.9950971418616609,0.9956133992911611
T02,2,5,16,0.45714285714285713,0.9109315872192383,BG0–BG15,0.09153136366135495,1.1574075353750077,1.159148267981489,0.07896411274078452,0.994877756925912,0.9954967641973609
T02,2,5,16,0.45714285714285713,0.9109315872192383,BG1–BG15,0.09763345457211195,1.1574075353750077,1.1592643168219212,0.08422838692350348,0.9945362740543061,0.9954967641973609
T02,2,all,19,0.5428571428571428,0.831115186214447,BG0–BG15,0.08176354913141044,1.1519280815527426,1.1550713120433533,0.07081840390445725,0.9966069800746924,0.9976732300028116
T02,2,all,19,0.5428571428571428,0.831115186214447,BG1–BG15,0.08721445240683781,1.1519280815527428,1.1552808607427272,0.07553963083142107,0.9963807787463386,0.9976732300028116
T02,2,1,19,0.5428571428571428,0.831115186214447,BG0–BG15,0.07257341384307256,1.1399980133518646,1.1414345886965545,0.06360541852067347,0.9973612964444097,0.9990915809161414
T02,2,1,19,0.5428571428571428,0.831115186214447,BG1–BG15,0.07741164143261073,1.1399980133518643,1.1415303603862001,0.06784577975538504,0.997185382874037,0.9990915809161414
T02,2,2,19,0.5428571428571428,0.831115186214447,BG0–BG15,0.080902927819076,1.158975317246585,1.1627678885830648,0.06961733214785959,0.9967456925610307,0.9961816391027567
T02,2,2,19,0.5428571428571428,0.831115186214447,BG1–BG15,0.08629645634034774,1.158975317246585,1.1630207266721633,0.07425848762438356,0.9965287387317662,0.9961816391027567
T02,2,3,19,0.5428571428571428,0.831115186214447,BG0–BG15,0.07963964395764894,1.148093292253423,1.151227139508786,0.06921138841361131,0.9967784238899235,0.9974164760475775
T02,2,3,19,0.5428571428571428,0.831115186214447,BG1–BG15,0.08494895355482553,1.148093292253423,1.1514360626591438,0.0738254809745187,0.9965636521492517,0.9974164760475775
T02,2,4,19,0.5428571428571428,0.831115186214447,BG0–BG15,0.08801299515503531,1.1544597110369585,1.1603127061570295,0.07591944936494646,0.9960501200021765,0.9957228012512899
T02,2,4,19,0.5428571428571428,0.831115186214447,BG1–BG15,0.09388052816537099,1.1544597110369588,1.1607029058317009,0.08098074598927625,0.9957867946689883,0.9957228012512899
T02,2,5,19,0.5428571428571428,0.831115186214447,BG0–BG15,0.08253352978453875,1.1562824706116106,1.1578398657158653,0.07127396522574364,0.9963107241830673,0.996173006418297
T02,2,5,19,0.5428571428571428,0.831115186214447,BG1–BG15,0.08803576510350798,1.1562824706116108,1.157943692056149,0.07602556290745986,0.9960647724619384,0.996173006418297
T02,2,all,23,0.6571428571428571,0.618124783039093,BG0–BG15,0.07693262739484792,1.1526294760941636,1.1536514740264847,0.06667623039247056,0.9972396178409966,0.9978027920659407
T02,2,all,23,0.6571428571428571,0.618124783039093,BG1–BG15,0.08206146922117111,1.1526294760941636,1.1537196072219726,0.07112131241863524,0.9970555923637296,0.9978027920659407
T02,2,1,23,0.6571428571428571,0.618124783039093,BG0–BG15,0.08129854533905367,1.1441346690445475,1.1434662019729331,0.07107064802669769,0.9969062709225625,0.998399022456919
T02,2,1,23,0.6571428571428571,0.618124783039093,BG1–BG15,0.08671844836165725,1.1441346690445473,1.143421637501492,0.07580869122847754,0.9967000223174001,0.998399022456919
T02,2,2,23,0.6571428571428571,0.618124783039093,BG0–BG15,0.08066684991623853,1.1577895959193087,1.1586382643167203,0.06959832213638048,0.9969862212797799,0.9956254006373345
T02,2,2,23,0.6571428571428571,0.618124783039093,BG1–BG15,0.08604463991065445,1.1577895959193083,1.1586948422098808,0.07423821027880587,0.9967853026984319,0.9956254006373345
T02,2,3,23,0.6571428571428571,0.618124783039093,BG0–BG15,0.07436656428583197,1.1458146803584426,1.1489442721265075,0.06476770458872948,0.997392061019837,0.9969416021627712
T02,2,3,23,0.6571428571428571,0.618124783039093,BG1–BG15,0.07932433523822076,1.1458146803584426,1.1491529115777115,0.06908555156131142,0.9972181984211593,0.9969416021627712
T02,2,4,23,0.6571428571428571,0.618124783039093,BG0–BG15,0.0788653808290495,1.154299623643518,1.157350317098318,0.06816338819104695,0.9970177060939174,0.9973433047010777
T02,2,4,23,0.6571428571428571,0.618124783039093,BG1–BG15,0.08412307288431947,1.1542996236435177,1.157553696661971,0.07270761407045008,0.9968188865001786,0.9973433047010777
T02,2,5,23,0.6571428571428571,0.618124783039093,BG0–BG15,0.06845392512347145,1.1590227845123593,1.157985806632718,0.05905824888277902,0.9977603265704129,0.9951255064932574
T02,2,5,23,0.6571428571428571,0.618124783039093,BG1–BG15,0.0730175201317029,1.1590227845123593,1.1579166747740752,0.06299546547496429,0.9976110150084404,0.9951255064932574
T02,2,all,27,0.7714285714285715,0.30132922530174255,BG0–BG15,0.08037086616997632,1.134186960392296,1.1317083514797828,0.07094569036476289,0.997172015504289,0.998074053104487
T02,2,all,27,0.7714285714285715,0.30132922530174255,BG1–BG15,0.08572892391464142,1.1341869603922956,1.1315431108856155,0.0756754030557471,0.9969834832045749,0.998074053104487
T02,2,1,27,0.7714285714285715,0.30132922530174255,BG0–BG15,0.10780941059217418,1.129276996243752,1.1261742400478982,0.09564392385188722,0.9946965162949101,0.9983751872283716
T02,2,1,27,0.7714285714285715,0.30132922530174255,BG1–BG15,0.11499670463165246,1.1292769962437519,1.1259673896348414,0.10202018544201302,0.9943429507145708,0.9983751872283716
T02,2,2,27,0.7714285714285715,0.30132922530174255,BG0–BG15,0.09346401123929185,1.1356155372907268,1.1322580745447226,0.08242941670938032,0.996123678735635,0.9960358327737422
T02,2,2,27,0.7714285714285715,0.30132922530174255,BG1–BG15,0.09969494532191132,1.1356155372907268,1.1320342436949888,0.08792471115667233,0.9958652573180105,0.9960358327737422
T02,2,3,27,0.7714285714285715,0.30132922530174255,BG0–BG15,0.07106574639625365,1.1232487577137864,1.1220338830570555,0.06329736512587097,0.9977787330324137,0.9973238343552532
T02,2,3,27,0.7714285714285715,0.30132922530174255,BG1–BG15,0.07580346282267054,1.1232487577137866,1.1219528914132735,0.06751718946759572,0.9976306485679078,0.9973238343552532
T02,2,4,27,0.7714285714285715,0.30132922530174255,BG0–BG15,0.0667458877630746,1.1373100289593587,1.1360884756559226,0.0587180074184708,0.9980658273813122,0.9984217478708517
T02,2,4,27,0.7714285714285715,0.30132922530174255,BG1–BG15,0.07119561361394625,1.1373100289593587,1.1360070387690269,0.06263254124636887,0.9979368825400664,0.9984217478708517
T02,2,5,27,0.7714285714285715,0.30132922530174255,BG0–BG15,0.057984492569889225,1.1428147735681242,1.1393745836608595,0.05081938193368368,0.9985451501292504,0.9952395389432848
T02,2,5,27,0.7714285714285715,0.30132922530174255,BG1–BG15,0.061850125407881845,1.1428147735681242,1.1391452376670417,0.05420734072926259,0.998448160137867,0.9952395389432848
T02,2,all,31,0.8857142857142857,0.07776966691017151,BG0–BG15,0.10640812046311543,0.9554458600374223,0.9475720876004052,0.1119255894686912,0.9930636063967853,0.9935145751870625
T02,2,all,31,0.8857142857142857,0.07776966691017151,BG1–BG15,0.11350199516065645,0.955445860037422,0.9470471694379374,0.11938729543327063,0.992601180156571,0.9935145751870625
T02,2,1,31,0.8857142857142857,0.07776966691017151,BG0–BG15,0.1665351604579557,0.9760931038170009,0.9529060664467257,0.17307050470685062,0.9835619517865433,0.9792622170491617
T02,2,1,31,0.8857142857142857,0.07776966691017151,BG1–BG15,0.17763750448848606,0.9760931038170004,0.9513602639553741,0.184608538353974,0.9824660819056459,0.9792622170491617
T02,2,2,31,0.8857142857142857,0.07776966691017151,BG0–BG15,0.13198250824219637,0.9549687165125692,0.9470904185136955,0.1389127064662765,0.9892644448687605,0.9947739201752396
T02,2,2,31,0.8857142857142857,0.07776966691017151,BG1–BG15,0.1407813421250095,0.9549687165125692,0.9465651986471039,0.14817355356402825,0.9885487411933447,0.9947739201752396
T02,2,3,31,0.8857142857142857,0.07776966691017151,BG0–BG15,0.07708080338274495,0.9227253789009229,0.9189639585520109,0.08375341475245902,0.996101009186249,0.9948093244286936
T02,2,3,31,0.8857142857142857,0.07776966691017151,BG1–BG15,0.08221952360826128,0.9227253789009229,0.9187131971954163,0.0893369757359563,0.9958410764653323,0.9948093244286936
T02,2,4,31,0.8857142857142857,0.07776966691017151,BG0–BG15,0.07026472887011573,0.9588980198205937,0.9530145459843058,0.0735475127229364,0.9970400591512949,0.9918039437347588
T02,2,4,31,0.8857142857142857,0.07776966691017151,BG1–BG15,0.07494904412812345,0.9588980198205941,0.9526223143952202,0.07845068023779883,0.9968427297613812,0.9918039437347588
T02,2,5,31,0.8857142857142857,0.07776966691017151,BG0–BG15,0.06369306227417372,0.9631119993336363,0.9618044922291353,0.06618288899549843,0.9975614205192563,0.9990697020139729
T02,2,5,31,0.8857142857142857,0.07776966691017151,BG1–BG15,0.06793926642578531,0.9631119993336361,0.9617173250888352,0.07059508159519831,0.9973988485538735,0.9990697020139729
T02,2,all,35,1.0,0.009900989942252636,BG0–BG15,0.08398926977044163,0.6749414698762004,0.6684390306387369,0.12515443340925264,0.9912541634438844,0.993939007507301
T02,2,all,35,1.0,0.009900989942252636,BG1–BG15,0.08958855442180441,0.6749414698762005,0.6680055346895727,0.1334980623032028,0.9906711076734767,0.993939007507301
T02,2,1,35,1.0,0.009900989942252636,BG0–BG15,0.13682912145982457,0.6540654127836845,0.6352895671166472,0.2126893319907669,0.9751643213241686,0.9807618658300629
T02,2,1,35,1.0,0.009900989942252636,BG1–BG15,0.14595106289047952,0.6540654127836844,0.6340378440721781,0.22686862079015133,0.9735086094124464,0.9807618658300629
T02,2,2,35,1.0,0.009900989942252636,BG0–BG15,0.10431725369738981,0.6494423147170758,0.6433393403896841,0.1615618363766441,0.985400349246731,0.9959398592538201
T02,2,2,35,1.0,0.009900989942252636,BG1–BG15,0.11127173727721582,0.6494423147170759,0.6429324754345248,0.1723326254684204,0.9844270391965131,0.9959398592538201
T02,2,3,35,1.0,0.009900989942252636,BG0–BG15,0.05715328418559754,0.6393381806457291,0.6371116077347314,0.08963262076740475,0.995304959718988,0.995767038412508
T02,2,3,35,1.0,0.009900989942252636,BG1–BG15,0.060963503131304046,0.6393381806457292,0.636963169540665,0.09560812881856505,0.9949919570335872,0.995767038412508
T02,2,4,35,1.0,0.009900989942252636,BG0–BG15,0.05029690401652301,0.6743622946321615,0.6698620963421565,0.07489990531521222,0.9968551139711621,0.9905191395419176
T02,2,4,35,1.0,0.009900989942252636,BG1–BG15,0.05365003095095786,0.6743622946321614,0.6695620831228228,0.07989323233622637,0.9966454549025728,0.9905191395419176
T02,2,5,35,1.0,0.009900989942252636,BG0–BG15,0.04754187825772489,0.7353924885484068,0.7320451514124249,0.06482123198902635,0.9976490596266196,0.9949364899848195
T02,2,5,35,1.0,0.009900989942252636,BG1–BG15,0.05071133680823989,0.7353924885484067,0.7318219956033595,0.06914264745496145,0.9974923302683941,0.9949364899848195
T03,0,all,0,0.0,0.9950248599052429,BG0–BG15,0.08714706201792932,1.1361875322802955,1.137058702368221,0.0766538547342495,0.9954940882602756,0.9988858622600303
T03,0,all,0,0.0,0.9950248599052429,BG1–BG15,0.09295686615245798,1.1361875322802957,1.1371167803740827,0.08176411171653279,0.995193694144294,0.9988858622600303
T03,0,1,0,0.0,0.9950248599052429,BG0–BG15,0.061233100931018886,1.152730175518309,1.1527200167970109,0.05312655368104567,0.9981675132945996,0.9981429096324662
T03,0,1,0,0.0,0.9950248599052429,BG1–BG15,0.06531530765975348,1.1527301755183088,1.1527193395489244,0.05666832392644871,0.9980453475142396,0.9981429096324662
T03,0,2,0,0.0,0.9950248599052429,BG0–BG15,0.07413070732071902,1.125943553704559,1.1265706409111262,0.06578400782415705,0.9969965687930472,0.9981047411973077
T03,0,2,0,0.0,0.9950248599052429,BG1–BG15,0.07907275447543362,1.125943553704559,1.1266124467248975,0.07016960834576753,0.9967963400459171,0.9981047411973077
T03,0,3,0,0.0,0.9950248599052429,BG0–BG15,0.07723262694195374,1.1363198878942968,1.139243519206123,0.06782611098915237,0.9966822123528505,0.9980558232812314
T03,0,3,0,0.0,0.9950248599052429,BG1–BG15,0.082381468738084,1.1363198878942968,1.1394384279602445,0.07234785172176253,0.9964610265097071,0.9980558232812314
T03,0,4,0,0.0,0.9950248599052429,BG0–BG15,0.09002023903381638,1.116641490994246,1.1183025532646274,0.08050038006064242,0.9946948203506512,0.9978435200926821
T03,0,4,0,0.0,0.9950248599052429,BG1–BG15,0.09602158830273748,1.116641490994246,1.1184132907493194,0.08586707206468525,0.9943411417073612,0.9978435200926821
T03,0,5,0,0.0,0.9950248599052429,BG0–BG15,0.11178094233791648,1.1482444667219442,1.1475762581735756,0.0975114512335116,0.9915779194119396,0.9974984100962487
T03,0,5,0,0.0,0.9950248599052429,BG1–BG15,0.11923300516044424,1.1482444667219445,1.1475317109370176,0.10401221464907902,0.9910164473727355,0.9974984100962487
T03,0,all,4,0.11428571428571428,0.9906675815582275,BG0–BG15,0.08785830057248556,1.1351021368555378,1.1361697967738653,0.07734418546420158,0.9954166821561422,0.9988810779591394
T03,0,all,4,0.11428571428571428,0.9906675815582275,BG1–BG15,0.09371552061065128,1.1351021368555378,1.136240974101754,0.08250046449514833,0.9951111276332182,0.9988810779591394
T03,0,1,4,0.11428571428571428,0.9906675815582275,BG0–BG15,0.06149022586794038,1.1514754313950328,1.1514469238163767,0.05340677409272385,0.9981470021467216,0.9983399766419114
T03,0,1,4,0.11428571428571428,0.9906675815582275,BG1–BG15,0.0655895742591364,1.1514754313950326,1.151445023311133,0.05696722569890544,0.9980234689565031,0.9983399766419114
T03,0,2,4,0.11428571428571428,0.9906675815582275,BG0–BG15,0.07440316658543447,1.1251287653953992,1.1255109043666536,0.06607983535389603,0.9969708477002733,0.9976653772762568
T03,0,2,4,0.11428571428571428,0.9906675815582275,BG1–BG15,0.07936337769113012,1.125128765395399,1.1255363802980702,0.07048515771082244,0.9967689042136249,0.9976653772762568
T03,0,3,4,0.11428571428571428,0.9906675815582275,BG0–BG15,0.07765798348557308,1.1357297851053396,1.1389339093420414,0.06822784889981937,0.9966404905391132,0.9978037391016554
T03,0,3,4,0.11428571428571428,0.9906675815582275,BG1–BG15,0.08283518238461128,1.1357297851053398,1.139147517624488,0.07277637215980734,0.9964165232417206,0.9978037391016554
T03,0,4,4,0.11428571428571428,0.9906675815582275,BG0–BG15,0.09106828408169193,1.1150735266303642,1.117432380027732,0.08152009223125121,0.9945792836159475,0.9982749766059748
T03,0,4,4,0.11428571428571428,0.9906675815582275,BG1–BG15,0.09713950302047139,1.1150735266303644,1.1175896369208898,0.08695476504666796,0.9942179025236774,0.9982749766059748
T03,0,5,4,0.11428571428571428,0.9906675815582275,BG0–BG15,0.11296157162247122,1.1470609020907845,1.1466407560503191,0.09862292658605239,0.9914103008890636,0.9974424851306195
T03,0,5,4,0.11428571428571428,0.9906675815582275,BG1–BG15,0.12049234306396929,1.1470609020907845,1.1466127463142881,0.10519778835845588,0.9908376542816677,0.9974424851306195
T03,0,all,8,0.22857142857142856,0.9814466834068298,BG0–BG15,0.09069274261593485,1.1371997466060353,1.138288586136113,0.07969155990722668,0.9951193272760113,0.9989207443706586
T03,0,all,8,0.22857142857142856,0.9814466834068298,BG1–BG15,0.09673892545699718,1.137199746606035,1.138361175438118,0.08500433056770844,0.9947939490944121,0.9989207443706586
T03,0,1,8,0.22857142857142856,0.9814466834068298,BG0–BG15,0.062260050090853884,1.1544193183258853,1.1541464371383001,0.05394322183156088,0.998109386979747,0.9980766293525104
T03,0,1,8,0.22857142857142856,0.9814466834068298,BG1–BG15,0.0664107200969108,1.1544193183258853,1.154128245059128,0.057539436620331605,0.9979833461117302,0.9980766293525104
T03,0,2,8,0.22857142857142856,0.9814466834068298,BG0–BG15,0.0756601532286824,1.1266615034807232,1.1279917916193543,0.06707392223643106,0.9968753375228913,0.9982653621304274
T03,0,2,8,0.22857142857142856,0.9814466834068298,BG1–BG15,0.0807041634439279,1.1266615034807228,1.1280804774952626,0.07154551705219311,0.9966670266910841,0.9982653621304274
T03,0,3,8,0.22857142857142856,0.9814466834068298,BG0–BG15,0.0799517230364733,1.138666349163844,1.1410794163737645,0.0700855483437051,0.9964431869000692,0.9979177239382436
T03,0,3,8,0.22857142857142856,0.9814466834068298,BG1–BG15,0.0852818379055715,1.1386663491638438,1.1412402875210927,0.07475791823328545,0.9962060660267404,0.9979177239382436
T03,0,4,8,0.22857142857142856,0.9814466834068298,BG0–BG15,0.09435441651660786,1.1175693057419622,1.1196853489618914,0.084287242622135,0.9941541739673473,0.9985638524659628
T03,0,4,8,0.22857142857142856,0.9814466834068298,BG1–BG15,0.10064471095104839,1.1175693057419624,1.119826418509887,0.08990639213027733,0.993764452231837,0.9985638524659628
T03,0,5,8,0.22857142857142856,0.9814466834068298,BG0–BG15,0.11780132607846563,1.147847897008677,1.1478138671173652,0.10275523532922937,0.9907281922225136,0.9981392823147225
T03,0,5,8,0.22857142857142856,0.9814466834068298,BG1–BG15,0.12565474781703,1.1478478970086772,1.1478115984579444,0.10960558435117801,0.9901100717040143,0.9981392823147225
T03,0,all,12,0.34285714285714286,0.9606394171714783,BG0–BG15,0.09636322094697167,1.1357670784880278,1.1369963039209132,0.08477401076685934,0.9944639825295353,0.998898779178237
T03,0,all,12,0.34285714285714286,0.9606394171714783,BG1–BG15,0.10278743567676978,1.1357670784880278,1.1370782522831056,0.09042561148464996,0.9940949146981709,0.998898779178237
T03,0,1,12,0.34285714285714286,0.9606394171714783,BG0–BG15,0.06380018229741738,1.1527143872218877,1.1528223260984278,0.05534798726179781,0.9980018085781058,0.9979847613938477
T03,0,1,12,0.34285714285714286,0.9606394171714783,BG1–BG15,0.06805352778391185,1.1527143872218877,1.1528295220235303,0.05903785307925099,0.9978685958166462,0.9979847613938477
T03,0,2,12,0.34285714285714286,0.9606394171714783,BG0–BG15,0.07833202717921972,1.1266738971229435,1.1271697207418852,0.0694666567742675,0.9966443474783714,0.9971985352928817
T03,0,2,12,0.34285714285714286,0.9606394171714783,BG1–BG15,0.08355416232450104,1.1266738971229435,1.1272027756498144,0.07409776722588533,0.9964206373102628,0.9971985352928817
T03,0,3,12,0.34285714285714286,0.9606394171714783,BG0–BG15,0.08346767864037355,1.1376249574970305,1.140779326194798,0.0732077761909343,0.99610098006695,0.9977781428616618
T03,0,3,12,0.34285714285714286,0.9606394171714783,BG1–BG15,0.08903219054973177,1.1376249574970303,1.140989617441316,0.07808829460366325,0.9958410454047467,0.9977781428616618
T03,0,4,12,0.34285714285714286,0.9606394171714783,BG0–BG15,0.10150352120060488,1.116201297099365,1.1187547299551124,0.09077751967792504,0.9932006201866912,0.9987901036626784
T03,0,4,12,0.34285714285714286,0.9606394171714783,BG1–BG15,0.10827042261397854,1.1162012970993653,1.1189249588121621,0.09682935432312001,0.9927473281991371,0.9987901036626784
T03,0,5,12,0.34285714285714286,0.9606394171714783,BG0–BG15,0.1275664654750793,1.1450031161215788,1.1449610237951098,0.11153388118450047,0.9892065664440928,0.998181152558923
T03,0,5,12,0.34285714285714286,0.9606394171714783,BG1–BG15,0.13607089650675125,1.1450031161215788,1.1449582176400115,0.11896947326346717,0.9884870042070324,0.998181152558923
T03,0,all,16,0.45714285714285713,0.9109315872192383,BG0–BG15,0.10188813167811289,1.1389690525641256,1.1401769329889695,0.08938848138159873,0.9938768942133613,0.9990857273720675
T03,0,all,16,0.45714285714285713,0.9109315872192383,BG1–BG15,0.10868067378998708,1.1389690525641254,1.1402574583506258,0.09534771347370531,0.9934686871609185,0.9990857273720675
T03,0,1,16,0.45714285714285713,0.9109315872192383,BG0–BG15,0.06728429967081709,1.154846996622488,1.1543639438730833,0.05828464300043444,0.9977565185008193,0.9980531047749364
T03,0,1,16,0.45714285714285713,0.9109315872192383,BG1–BG15,0.07176991964887156,1.1548469966224881,1.1543317403564564,0.06217028586713006,0.9976069530675404,0.9980531047749364
T03,0,2,16,0.45714285714285713,0.9109315872192383,BG0–BG15,0.08296063302221945,1.1292702236192897,1.1296770517497674,0.07341152893367127,0.9962633018980983,0.9976292665662282
T03,0,2,16,0.45714285714285713,0.9109315872192383,BG1–BG15,0.08849134189036743,1.12927022361929,1.1297041736251325,0.07830563086258269,0.996014188691305,0.9976292665662282
T03,0,3,16,0.45714285714285713,0.9109315872192383,BG0–BG15,0.08697446320186768,1.1413812536992167,1.1453638049595665,0.07600994896293893,0.9958348335469214,0.9973883141224982
T03,0,3,16,0.45714285714285713,0.9109315872192383,BG1–BG15,0.09277276074865884,1.1413812536992167,1.145629308376923,0.08107727889380152,0.9955571557833827,0.9973883141224982
T03,0,4,16,0.45714285714285713,0.9109315872192383,BG0–BG15,0.10701818925341297,1.1212641351704686,1.1230170606603411,0.09531458621284958,0.9925557332774599,0.9985120098822085
T03,0,4,16,0.45714285714285713,0.9109315872192383,BG1–BG15,0.11415273520364051,1.1212641351704684,1.123133922359666,0.1016688919603729,0.9920594488292908,0.9985120098822085
T03,0,5,16,0.45714285714285713,0.9109315872192383,BG0–BG15,0.13610293597232723,1.1475261606869345,1.1479441111358013,0.11868491823443439,0.9879341196251205,0.998607706858353
T03,0,5,16,0.45714285714285713,0.9109315872192383,BG1–BG15,0.14517646503714907,1.1475261606869345,1.147971974499059,0.12659724611673,0.9871297276001285,0.998607706858353
T03,0,all,19,0.5428571428571428,0.831115186214447,BG0–BG15,0.10086713364176346,1.1384516900036705,1.1393579218728291,0.08855507923070882,0.9942200074174667,0.9990971180771707
T03,0,all,19,0.5428571428571428,0.831115186214447,BG1–BG15,0.10759160921788104,1.1384516900036703,1.1394183373307731,0.09445875117942275,0.9938346745786312,0.9990971180771707
T03,0,1,19,0.5428571428571428,0.831115186214447,BG0–BG15,0.0720993703967128,1.153812996723362,1.1521640142883527,0.06256092510596577,0.9974153550393089,0.9973708444932442
T03,0,1,19,0.5428571428571428,0.831115186214447,BG1–BG15,0.07690599508982698,1.1538129967233621,1.1520540821260188,0.06673165344636349,0.997243045375263,0.9973708444932442
T03,0,2,19,0.5428571428571428,0.831115186214447,BG0–BG15,0.08491059604132649,1.1288155386238985,1.1285224371273248,0.07518803773901803,0.9961532205854153,0.9972540121467776
T03,0,2,19,0.5428571428571428,0.831115186214447,BG1–BG15,0.09057130244408157,1.1288155386238985,1.1285028970275532,0.08020057358828589,0.995896768624443,0.9972540121467776
T03,0,3,19,0.5428571428571428,0.831115186214447,BG0–BG15,0.08544239529644679,1.1409111628224924,1.1444582038386324,0.07472673738211959,0.9961698561795844,0.9979466952937095
T03,0,3,19,0.5428571428571428,0.831115186214447,BG1–BG15,0.09113855498287661,1.1409111628224926,1.1446946732397083,0.07970851987426089,0.9959145132582233,0.9979466952937095
T03,0,4,19,0.5428571428571428,0.831115186214447,BG0–BG15,0.10350610706086927,1.1196818675142304,1.1216862983595337,0.09230181134289552,0.9934234011318871,0.9988792083147634
T03,0,4,19,0.5428571428571428,0.831115186214447,BG1–BG15,0.11040651419826057,1.1196818675142306,1.121819927082554,0.09845526543242188,0.9929849612073461,0.9988792083147634
T03,0,5,19,0.5428571428571428,0.831115186214447,BG0–BG15,0.13217271502954103,1.1482867232213103,1.1491127022156598,0.11516335660524356,0.988834597714787,0.9986011540258946
T03,0,5,19,0.5428571428571428,0.831115186214447,BG1–BG15,0.1409842293648438,1.1482867232213105,1.1491677674819498,0.12284091371225979,0.9880902375624395,0.9986011540258946
T03,0,all,23,0.6571428571428571,0.618124783039093,BG0–BG15,0.08540459537133023,1.1388424534675543,1.1385628741638738,0.07498164924946979,0.9964125463087268,0.9984812208744276
T03,0,all,23,0.6571428571428571,0.618124783039093,BG1–BG15,0.09109823506275223,1.138842453467554,1.1385442355436284,0.07998042586610109,0.9961733827293086,0.9984812208744276
T03,0,1,23,0.6571428571428571,0.618124783039093,BG0–BG15,0.07922420514335009,1.1544720560695172,1.1499739173787016,0.0687844930565981,0.9970841671786999,0.9946998389396704
T03,0,1,23,0.6571428571428571,0.618124783039093,BG1–BG15,0.0845058188195734,1.1544720560695174,1.1496740414659807,0.07337012592703798,0.9968897783239464,0.9946998389396704
T03,0,2,23,0.6571428571428571,0.618124783039093,BG0–BG15,0.08412811588253083,1.1296482400489223,1.1296331523402479,0.07443768780768338,0.9965216617724958,0.9975865660641092
T03,0,2,23,0.6571428571428571,0.618124783039093,BG1–BG15,0.08973665694136622,1.1296482400489223,1.1296321464930028,0.0794002003281956,0.9962897725573289,0.9975865660641092
T03,0,3,23,0.6571428571428571,0.618124783039093,BG0–BG15,0.07624448112271287,1.1394339777997118,1.140811822141269,0.06686073097224622,0.9972630660419783,0.9984941332165819
T03,0,3,23,0.6571428571428571,0.618124783039093,BG1–BG15,0.08132744653089373,1.1394339777997118,1.1409036784307065,0.07131811303706265,0.9970806037781103,0.9984941332165819
T03,0,4,23,0.6571428571428571,0.618124783039093,BG0–BG15,0.08276074201632484,1.1184603385782215,1.118885952434869,0.0739382131280821,0.9964895435416808,0.9979453444157173
T03,0,4,23,0.6571428571428571,0.618124783039093,BG1–BG15,0.08827812481741316,1.1184603385782217,1.1189143266919788,0.07886742733662093,0.9962555131111264,0.9979453444157173
T03,0,5,23,0.6571428571428571,0.618124783039093,BG0–BG15,0.09582008567216693,1.1511034214950395,1.1521048113205394,0.08316760596542164,0.9949729451795848,0.9980289082542291
T03,0,5,23,0.6571428571428571,0.618124783039093,BG1–BG15,0.10220809138364473,1.1511034214950395,1.1521715706422393,0.08871211302978306,0.9946378081915572,0.9980289082542291
T03,0,all,27,0.7714285714285715,0.30132922530174255,BG0–BG15,0.08535429638125318,1.119989406840746,1.1182466826097388,0.07627157064509449,0.9967167870958191,0.9989330750701713
T03,0,all,27,0.7714285714285715,0.30132922530174255,BG1–BG15,0.09104458280667008,1.119989406840746,1.118130500994338,0.08135634202143412,0.9964979062355405,0.9989330750701713
T03,0,1,27,0.7714285714285715,0.30132922530174255,BG0–BG15,0.10487940398513221,1.134802462432039,1.1298661263980125,0.09265812510690022,0.9950544923201594,0.9971098137016271
T03,0,1,27,0.7714285714285715,0.30132922530174255,BG1–BG15,0.1118713642508077,1.1348024624320385,1.1295370373290774,0.09883533344736024,0.99472479180817,0.9971098137016271
T03,0,2,27,0.7714285714285715,0.30132922530174255,BG0–BG15,0.09620376734309286,1.1161982961329284,1.1148546321132915,0.08623707988247706,0.9957989934516716,0.9982319531123878
T03,0,2,27,0.7714285714285715,0.30132922530174255,BG1–BG15,0.10261735183263236,1.1161982961329284,1.1147650545119825,0.09198621854130888,0.9955189263484499,0.9982319531123878
T03,0,3,27,0.7714285714285715,0.30132922530174255,BG0–BG15,0.07914081484616625,1.1175427918022776,1.118411117040084,0.07078454603198109,0.997202852620146,0.9988674513438159
T03,0,3,27,0.7714285714285715,0.30132922530174255,BG1–BG15,0.08441686916924399,1.1175427918022776,1.118469005389271,0.07550351576744647,0.9970163761281557,0.9988674513438159
T03,0,4,27,0.7714285714285715,0.30132922530174255,BG0–BG15,0.07786451795500712,1.0994386357279127,1.0969103912239482,0.07090059344710625,0.9971323406704672,0.997554659977758
T03,0,4,27,0.7714285714285715,0.30132922530174255,BG1–BG15,0.08305548581867428,1.0994386357279127,1.0967418415903505,0.07562729967691333,0.9969411633818317,0.997554659977758
T03,0,5,27,0.7714285714285715,0.30132922530174255,BG0–BG15,0.06494013132012291,1.1310564075794047,1.1300883502924255,0.05744094533247132,0.998154098236169,0.9990100245624498
T03,0,5,27,0.7714285714285715,0.30132922530174255,BG1–BG15,0.06926947340813111,1.1310564075794045,1.1300238131399603,0.06127034168796942,0.99803103811858,0.9990100245624498
T03,0,all,31,0.8857142857142857,0.07776966691017151,BG0–BG15,0.1072342424988944,0.9519279592370333,0.9484216512462043,0.11293394101409998,0.9929078516688059,0.9971479045996628
T03,0,all,31,0.8857142857142857,0.07776966691017151,BG1–BG15,0.11438319199882069,0.9519279592370329,0.9481878973801492,0.12046287041503999,0.9924350417800595,0.9971479045996628
T03,0,1,31,0.8857142857142857,0.07776966691017151,BG0–BG15,0.15938278289330876,0.9656270017489467,0.9533511601526572,0.16645866436991213,0.9844429632430773,0.9914547228455515
T03,0,1,31,0.8857142857142857,0.07776966691017151,BG1–BG15,0.1700083017528627,0.9656270017489469,0.9525327707129047,0.17755590866123966,0.9834058274592826,0.9914547228455515
T03,0,2,31,0.8857142857142857,0.07776966691017151,BG0–BG15,0.12865843131154991,0.9710924318298421,0.9664715470121412,0.13290301593722414,0.990185140096296,0.9962068645924281
T03,0,2,31,0.8857142857142857,0.07776966691017151,BG1–BG15,0.13723566006565327,0.971092431829842,0.9661634880242944,0.1417632169997058,0.9895308161027158,0.9962068645924281
T03,0,3,31,0.8857142857142857,0.07776966691017151,BG0–BG15,0.08153938989778314,0.9340819588242697,0.9332701642255556,0.08736687853585072,0.9957780822591746,0.9972590817861567
T03,0,3,31,0.8857142857142857,0.07776966691017151,BG1–BG15,0.08697534922430201,0.9340819588242693,0.9332160445856413,0.0931913371049074,0.9954966210764528,0.9972590817861567
T03,0,4,31,0.8857142857142857,0.07776966691017151,BG0–BG15,0.07821945889056398,0.9362618520094607,0.9350746606681455,0.08362451356883138,0.9961630221761714,0.9979190086548425
T03,0,4,31,0.8857142857142857,0.07776966691017151,BG1–BG15,0.08343408948326823,0.9362618520094605,0.9349955145787245,0.08919948114008681,0.9959072236545828,0.9979190086548425
T03,0,5,31,0.8857142857142857,0.07776966691017151,BG0–BG15,0.06487428031025402,0.9527205495831237,0.9532677234653798,0.06808362121508607,0.9974638426812068,0.9984364786944717
T03,0,5,31,0.8857142857142857,0.07776966691017151,BG1–BG15,0.06919923233093762,0.9527205495831235,0.9533042017241969,0.07262252929609181,0.9972947655266204,0.9984364786944717
T03,0,all,35,1.0,0.009900989942252636,BG0–BG15,0.0815667383822267,0.6720602153153445,0.6686748053783104,0.12179125799548979,0.991636604696243,0.9966072504721953
T03,0,all,35,1.0,0.009900989942252636,BG1–BG15,0.0870045209410418,0.6720602153153444,0.6684491113825081,0.12991067519518912,0.9910790450093259,0.9966072504721953
T03,0,1,35,1.0,0.009900989942252636,BG0–BG15,0.1270211659415147,0.6464551749246972,0.6386330518291761,0.19802245166732263,0.9779795424945625,0.9936088428728402
T03,0,1,35,1.0,0.009900989942252636,BG1–BG15,0.13548924367094906,0.6464551749246971,0.6381115769561415,0.21122394844514414,0.9765115119942,0.9936088428728402
T03,0,2,35,1.0,0.009900989942252636,BG0–BG15,0.09902120544156556,0.6664564137203096,0.663293051723333,0.14907705987094383,0.9874123390278337,0.996725260064019
T03,0,2,35,1.0,0.009900989942252636,BG1–BG15,0.1056226191376699,0.6664564137203096,0.6630821609235347,0.15901553052900674,0.9865731616296892,0.996725260064019
T03,0,3,35,1.0,0.009900989942252636,BG0–BG15,0.05632161413065903,0.6717607544849082,0.6704298040464853,0.08400323506175979,0.9959293012275776,0.99490529920905
T03,0,3,35,1.0,0.009900989942252636,BG1–BG15,0.06007638840603631,0.671760754484908,0.6703410740172572,0.08960345073254378,0.9956579213094161,0.99490529920905
T03,0,4,35,1.0,0.009900989942252636,BG0–BG15,0.05174035775113826,0.6710659198582811,0.6685708237575758,0.0773106236301128,0.9966773078382622,0.9919115128104882
T03,0,4,35,1.0,0.009900989942252636,BG1–BG15,0.055189714934547475,0.6710659198582809,0.6684044840175286,0.08246466520545367,0.9964557950274797,0.9919115128104882
T03,0,5,35,1.0,0.009900989942252636,BG0–BG15,0.04913515486815867,0.6988510459993462,0.6961901449708042,0.07049140701567329,0.9972117685008914,0.9938529776703433
T03,0,5,35,1.0,0.009900989942252636,BG1–BG15,0.052410831859369254,0.6988510459993461,0.6960127515689013,0.07519083415005151,0.9970258864009509,0.9938529776703433
T03,1,all,0,0.0,0.9950248599052429,BG0–BG15,0.08110200258486945,1.1207744051659692,1.1228506948070138,0.07224749370075198,0.9960633994094265,0.9988046259690387
T03,1,all,0,0.0,0.9950248599052429,BG1–BG15,0.08650880275719408,1.1207744051659694,1.122989114116417,0.07706399328080211,0.9958009593700549,0.9988046259690387
T03,1,1,0,0.0,0.9950248599052429,BG0–BG15,0.059797623244677967,1.117727070984522,1.1175661954578815,0.053508396442452213,0.998121511287694,0.9994499939825292
T03,1,1,0,0.0,0.9950248599052429,BG1–BG15,0.06378413146098985,1.117727070984522,1.1175554704227721,0.057075622871949026,0.9979962787068734,0.9994499939825292
T03,1,2,0,0.0,0.9950248599052429,BG0–BG15,0.07211202327412528,1.1006781640427166,1.1024712117046587,0.06544059565974103,0.9970233854564121,0.9981577499996624
T03,1,2,0,0.0,0.9950248599052429,BG1–BG15,0.0769194914924003,1.1006781640427161,1.1025907482154547,0.06980330203705708,0.9968249444868394,0.9981577499996624
T03,1,3,0,0.0,0.9950248599052429,BG0–BG15,0.07298907045446236,1.1310503421860816,1.1322653212107396,0.06446989504072165,0.9970453260628229,0.9989628554932346
T03,1,3,0,0.0,0.9950248599052429,BG1–BG15,0.07785500848475985,1.1310503421860818,1.1323463198123838,0.0687678880434364,0.9968483478003445,0.9989628554932346
T03,1,4,0,0.0,0.9950248599052429,BG0–BG15,0.08243315290414077,1.13976262485747,1.1428373696161949,0.07215386083557554,0.9958940047446958,0.9978400884292438
T03,1,4,0,0.0,0.9950248599052429,BG1–BG15,0.08792869643108348,1.1397626248574702,1.1430423526001097,0.07696411822461392,0.9956202717276755,0.9978400884292438
T03,1,5,0,0.0,0.9950248599052429,BG0–BG15,0.10093362458283883,1.1145578488795276,1.1186128511736817,0.0902551427650457,0.9928000953459588,0.9966598458421865
T03,1,5,0,0.0,0.9950248599052429,BG1–BG15,0.10766253288836145,1.1145578488795278,1.1188831846599585,0.09627215228271543,0.9923201017023562,0.9966598458421865
T03,1,all,4,0.11428571428571428,0.9906675815582275,BG0–BG15,0.08092494229490568,1.1195274747820176,1.1220549800965434,0.07215275190379278,0.9960877806576086,0.9986227304007345
T03,1,all,4,0.11428571428571428,0.9906675815582275,BG1–BG15,0.08631993844789941,1.1195274747820176,1.122223480450845,0.07696293536404561,0.9958269660347824,0.9986227304007345
T03,1,1,4,0.11428571428571428,0.9906675815582275,BG0–BG15,0.060013051736661854,1.1165668993643696,1.1166245819664264,0.05375093990172318,0.9981053715835837,0.9992680799681923
T03,1,1,4,0.11428571428571428,0.9906675815582275,BG1–BG15,0.06401392185243931,1.1165668993643698,1.1166284274732305,0.05733433589517139,0.9979790630224893,0.9992680799681923
T03,1,2,4,0.11428571428571428,0.9906675815582275,BG0–BG15,0.07236264948740392,1.099696300504519,1.1014807130190658,0.06572353682029788,0.9970018376026093,0.9984612415443149
T03,1,2,4,0.11428571428571428,0.9906675815582275,BG1–BG15,0.07718682611989752,1.099696300504519,1.1015996738533689,0.07010510594165108,0.9968019601094499,0.9984612415443149
T03,1,3,4,0.11428571428571428,0.9906675815582275,BG0–BG15,0.072860036799246,1.1294012533719289,1.1316222523479422,0.06441843792459741,0.9970556798395676,0.9984560917350945
T03,1,3,4,0.11428571428571428,0.9906675815582275,BG1–BG15,0.07771737258586242,1.1294012533719289,1.131770318946343,0.06871300045290389,0.996859391828872,0.9984560917350945
T03,1,4,4,0.11428571428571428,0.9906675815582275,BG0–BG15,0.08229487391628079,1.1384231174273325,1.1422500286272756,0.07209065236499296,0.9959289178229582,0.9973052379851267
T03,1,4,4,0.11428571428571428,0.9906675815582275,BG1–BG15,0.08778119884403288,1.1384231174273327,1.1425051560406052,0.07689669585599249,0.9956575123444886,0.9973052379851267
T03,1,5,4,0.11428571428571428,0.9906675815582275,BG0–BG15,0.10029970233030758,1.1134501604039935,1.1177815990666855,0.08975669583904047,0.9929040341296905,0.9967492324921607
T03,1,5,4,0.11428571428571428,0.9906675815582275,BG1–BG15,0.1069863491523281,1.113450160403993,1.1180703616441983,0.09574047556164317,0.9924309697383366,0.9967492324921607
T03,1,all,8,0.22857142857142856,0.9814466834068298,BG0–BG15,0.08138603193351417,1.122193159137876,1.124327154444098,0.07240267813829443,0.9960761360275586,0.9987552489767091
T03,1,all,8,0.22857142857142856,0.9814466834068298,BG1–BG15,0.08681176739574845,1.1221931591378758,1.1244694207978463,0.07722952334751407,0.9958145450960625,0.9987552489767091
T03,1,1,8,0.22857142857142856,0.9814466834068298,BG0–BG15,0.06060412419371869,1.119854706517004,1.1193874435854276,0.05413529177871119,0.9980784513373779,0.9990809503307906
T03,1,1,8,0.22857142857142856,0.9814466834068298,BG1–BG15,0.0646443991399666,1.1198547065170037,1.1193562927233223,0.057744311230625275,0.997950348093203,0.9990809503307906
T03,1,2,8,0.22857142857142856,0.9814466834068298,BG0–BG15,0.07302880636997146,1.1018408696117679,1.1036899197994234,0.06619547288470579,0.9969586002062495,0.9985442929030875
T03,1,2,8,0.22857142857142856,0.9814466834068298,BG1–BG15,0.07789739346130288,1.101840869611768,1.1038131898119337,0.07060850441035285,0.9967558402199997,0.9985442929030875
T03,1,3,8,0.22857142857142856,0.9814466834068298,BG0–BG15,0.07353878447196542,1.1325750964463221,1.133857331999467,0.06486752583660524,0.9970212243430094,0.9988272253698206
T03,1,3,8,0.22857142857142856,0.9814466834068298,BG1–BG15,0.07844137010342975,1.132575096446322,1.1339428143696764,0.06919202755904559,0.9968226392992098,0.9988272253698206
T03,1,4,8,0.22857142857142856,0.9814466834068298,BG0–BG15,0.08270731601013379,1.1407189587551545,1.1440147538924172,0.07231983121359152,0.9959256524442301,0.9976603054957811
T03,1,4,8,0.22857142857142856,0.9814466834068298,BG1–BG15,0.08822113707747604,1.1407189587551547,1.144234473568235,0.07714115329449762,0.9956540292738455,0.9976603054957811
T03,1,5,8,0.22857142857142856,0.9814466834068298,BG0–BG15,0.10050008148937403,1.115926792275615,1.1201908674076315,0.08972881867945527,0.9929462856972355,0.9965674634527819
T03,1,5,8,0.22857142857142856,0.9814466834068298,BG1–BG15,0.10720008692199896,1.1159267922756153,1.1204751390830991,0.09571073992475229,0.9924760380770513,0.9965674634527819
T03,1,all,12,0.34285714285714286,0.9606394171714783,BG0–BG15,0.08219815605695899,1.1207408964302799,1.1231661942155506,0.07320826166663341,0.9960044449548615,0.9986734034335658
T03,1,all,12,0.34285714285714286,0.9606394171714783,BG1–BG15,0.0876780331274229,1.1207408964302803,1.1233278807345686,0.07808881244440898,0.9957380746185189,0.9986734034335658
T03,1,1,12,0.34285714285714286,0.9606394171714783,BG0–BG15,0.062108742708015655,1.1178642680712811,1.1185225380151773,0.055548680114155154,0.9979853698820768,0.999073525674365
T03,1,1,12,0.34285714285714286,0.9606394171714783,BG1–BG15,0.0662493255552167,1.1178642680712811,1.1185664226781038,0.05925192545509884,0.9978510612075485,0.999073525674365
T03,1,2,12,0.34285714285714286,0.9606394171714783,BG0–BG15,0.07423875894794556,1.0999693060260258,1.1021683877914974,0.06739444465975883,0.9968458687564574,0.9981645200904496
T03,1,2,12,0.34285714285714286,0.9606394171714783,BG1–BG15,0.07918800954447525,1.0999693060260258,1.102314993242529,0.07188740763707609,0.9966355933402213,0.9981645200904496
T03,1,3,12,0.34285714285714286,0.9606394171714783,BG0–BG15,0.07441443123335104,1.1306879584471585,1.1323638963336613,0.06573280919938314,0.9969513555383895,0.9989087461618844
T03,1,3,12,0.34285714285714286,0.9606394171714783,BG1–BG15,0.07937539331557444,1.1306879584471583,1.132475625526095,0.07011499647934201,0.9967481125742823,0.9989087461618844
T03,1,4,12,0.34285714285714286,0.9606394171714783,BG0–BG15,0.08320598115290394,1.1403044177664632,1.143084415587225,0.07280218447252614,0.9958898580420761,0.9976016332289276
T03,1,4,12,0.34285714285714286,0.9606394171714783,BG1–BG15,0.08875304656309754,1.1403044177664632,1.1432697487752757,0.0776556634373612,0.9956158485782145,0.9976016332289276
T03,1,5,12,0.34285714285714286,0.9606394171714783,BG0–BG15,0.1008279955315133,1.1147288233959272,1.1191748811114528,0.09010403350776415,0.9928932979203993,0.9961321928028533
T03,1,5,12,0.34285714285714286,0.9606394171714783,BG1–BG15,0.10754986190028086,1.1147288233959272,1.1194712849591542,0.09611096907494843,0.9924195177817592,0.9961321928028533
T03,1,all,16,0.45714285714285713,0.9109315872192383,BG0–BG15,0.08282732154533667,1.1233539136470907,1.1256277542343551,0.07360704339745064,0.9960484943548957,0.9987316074689327
T03,1,all,16,0.45714285714285713,0.9109315872192383,BG1–BG15,0.08834914298169246,1.1233539136470905,1.1257793436068395,0.07851417962394733,0.9957850606452222,0.9987316074689327
T03,1,1,16,0.45714285714285713,0.9109315872192383,BG0–BG15,0.06542429299164898,1.1216547999165347,1.1219316720042656,0.058326105987762514,0.997784582251104,0.9992321942139955
T03,1,1,16,0.45714285714285713,0.9109315872192383,BG1–BG15,0.06978591252442558,1.1216547999165345,1.1219501301434476,0.06221451305361334,0.9976368877345112,0.9992321942139955
T03,1,2,16,0.45714285714285713,0.9109315872192383,BG0–BG15,0.07757898622976213,1.1029013178125684,1.1040735312842278,0.07027981101335086,0.9965821111590714,0.9988714636594388
T03,1,2,16,0.45714285714285713,0.9109315872192383,BG1–BG15,0.08275091864507961,1.1029013178125686,1.1041516788490056,0.07496513174757426,0.9963542519030094,0.9988714636594388
T03,1,3,16,0.45714285714285713,0.9109315872192383,BG0–BG15,0.07646309353602243,1.1329217544624723,1.134474279414221,0.06742046466597618,0.9968491834408099,0.9989169153993741
T03,1,3,16,0.45714285714285713,0.9109315872192383,BG1–BG15,0.0815606331050906,1.1329217544624723,1.134577781077671,0.07191516231037459,0.9966391290035305,0.9989169153993741
T03,1,4,16,0.45714285714285713,0.9109315872192383,BG0–BG15,0.08276802184818643,1.1422365043759763,1.1456353351116493,0.07226845051658651,0.9960891904771123,0.9975082006422994
T03,1,4,16,0.45714285714285713,0.9109315872192383,BG1–BG15,0.08828588997139884,1.1422365043759763,1.1458619238273609,0.07708634721769231,0.995828469842253,0.9975082006422994
T03,1,5,16,0.45714285714285713,0.9109315872192383,BG0–BG15,0.09832781666184807,1.1170285430137967,1.1215444397166254,0.08769500267061694,0.9933921238479873,0.9961792141917516
T03,1,5,16,0.45714285714285713,0.9109315872192383,BG1–BG15,0.10488300443930462,1.1170285430137967,1.121845499496814,0.09354133618199144,0.9929515987711867,0.9961792141917516
T03,1,all,19,0.5428571428571428,0.831115186214447,BG0–BG15,0.08041048723844595,1.122374865647526,1.12397077333349,0.07155753620254574,0.9964880743800721,0.9991941297947295
T03,1,all,19,0.5428571428571428,0.831115186214447,BG1–BG15,0.0857711863876757,1.122374865647526,1.124077167179221,0.07632803861604878,0.9962539460054104,0.9991941297947295
T03,1,1,19,0.5428571428571428,0.831115186214447,BG0–BG15,0.07040646052754547,1.1226919238167845,1.1213997076252396,0.062770510891794,0.9974355634787523,0.9985750515526276
T03,1,1,19,0.5428571428571428,0.831115186214447,BG1–BG15,0.07510022456271516,1.1226919238167845,1.1213135598791368,0.0669552116179136,0.9972646010440024,0.9985750515526276
T03,1,2,19,0.5428571428571428,0.831115186214447,BG0–BG15,0.07898822226801176,1.1002963735404518,1.1016500690027602,0.07171874876787318,0.9964809485935131,0.9987932249026094
T03,1,2,19,0.5428571428571428,0.831115186214447,BG1–BG15,0.08425410375254588,1.1002963735404518,1.1017403153669139,0.07649999868573137,0.996246345166414,0.9987932249026094
T03,1,3,19,0.5428571428571428,0.831115186214447,BG0–BG15,0.07514642636811789,1.1315644464700818,1.131963040431929,0.0663893225108159,0.9969983585789743,0.999280035197098
T03,1,3,19,0.5428571428571428,0.831115186214447,BG1–BG15,0.08015618812599239,1.1315644464700818,1.131989613362719,0.0708152773448703,0.9967982491509061,0.999280035197098
T03,1,4,19,0.5428571428571428,0.831115186214447,BG0–BG15,0.07950646465076208,1.1399862971387111,1.1435718548076683,0.06955795832956589,0.9966567571534136,0.9974450832255077
T03,1,4,19,0.5428571428571428,0.831115186214447,BG1–BG15,0.08480689562747955,1.139986297138711,1.143810891985599,0.07419515555153695,0.9964338742969745,0.9974450832255077
T03,1,5,19,0.5428571428571428,0.831115186214447,BG0–BG15,0.08975681716434342,1.1172432462254684,1.1207242195293645,0.08011440220362609,0.995098723740945,0.9975102311701305
T03,1,5,19,0.5428571428571428,0.831115186214447,BG1–BG15,0.09574060497529964,1.1172432462254684,1.1209562844162912,0.0854553623505345,0.9947719719903414,0.9975102311701305
T03,1,all,23,0.6571428571428571,0.618124783039093,BG0–BG15,0.07868710654868102,1.122086905817805,1.1231184570491128,0.0700649179305376,0.9969574570933905,0.9986188773530313
T03,1,all,23,0.6571428571428571,0.618124783039093,BG1–BG15,0.08393291365192643,1.1220869058178047,1.1231872271311998,0.07473591245924012,0.9967546208996164,0.9986188773530313
T03,1,1,23,0.6571428571428571,0.618124783039093,BG0–BG15,0.08024149608839143,1.123028245859751,1.1206081114269288,0.07154823304333557,0.9968440215924911,0.9978549975020083
T03,1,1,23,0.6571428571428571,0.618124783039093,BG1–BG15,0.08559092916095087,1.1230282458597505,1.1204467691314077,0.07631811524622462,0.9966336230319902,0.9978549975020083
T03,1,2,23,0.6571428571428571,0.618124783039093,BG0–BG15,0.08235044158527269,1.0990186393275914,1.1011970476819672,0.07482149601196664,0.99648429940859,0.9978221154859681
T03,1,2,23,0.6571428571428571,0.618124783039093,BG1–BG15,0.08784047102429086,1.0990186393275914,1.1013422749055926,0.07980959574609775,0.9962499193691625,0.9978221154859681
T03,1,3,23,0.6571428571428571,0.618124783039093,BG0–BG15,0.07523961823775098,1.1301524707689514,1.1298641410044665,0.06657398809437928,0.9972740708469817,0.9986361782831691
T03,1,3,23,0.6571428571428571,0.618124783039093,BG1–BG15,0.08025559278693437,1.1301524707689514,1.1298449190201674,0.0710122539673379,0.9970923422367807,0.9986361782831691
T03,1,4,23,0.6571428571428571,0.618124783039093,BG0–BG15,0.07756998598658851,1.1399182719813241,1.142656215452142,0.06790980490352833,0.9971328343983293,0.9973156966902249
T03,1,4,23,0.6571428571428571,0.618124783039093,BG1–BG15,0.08274131838569444,1.1399182719813241,1.1428387450168631,0.07243712523043021,0.9969416900248848,0.9973156966902249
T03,1,5,23,0.6571428571428571,0.618124783039093,BG0–BG15,0.07636348884451631,1.1180751900164951,1.1206431284213334,0.06816737397144773,0.9970253692292526,0.9967005367460667
T03,1,5,23,0.6571428571428571,0.618124783039093,BG1–BG15,0.0814543881008174,1.1180751900164947,1.1208143243149893,0.07271186556954425,0.9968270605112028,0.9967005367460667
T03,1,all,27,0.7714285714285715,0.30132922530174255,BG0–BG15,0.0853074266445075,1.1016356760340873,1.1018250465179875,0.07742744155681816,0.9965938355046271,0.9993686930646163
T03,1,all,27,0.7714285714285715,0.30132922530174255,BG1–BG15,0.09099458842080797,1.1016356760340875,1.1018376712169142,0.08258927099393937,0.9963667578716022,0.9993686930646163
T03,1,1,27,0.7714285714285715,0.30132922530174255,BG0–BG15,0.10969092771192274,1.0966479898317891,1.0955640516062717,0.10010197594222617,0.9941830349275522,0.9988761613587549
T03,1,1,27,0.7714285714285715,0.30132922530174255,BG1–BG15,0.1170036562260509,1.0966479898317891,1.095491789057904,0.10677544100504126,0.9937952372560558,0.9988761613587549
T03,1,2,27,0.7714285714285715,0.30132922530174255,BG0–BG15,0.0952213810478182,1.0784427143987025,1.0810193960680652,0.08816990954817444,0.9955426666538725,0.9981056654267817
T03,1,2,27,0.7714285714285715,0.30132922530174255,BG1–BG15,0.10156947311767275,1.0784427143987025,1.0811911748460226,0.09404790351805274,0.9952455110974641,0.9981056654267817
T03,1,3,27,0.7714285714285715,0.30132922530174255,BG0–BG15,0.0778958681759128,1.1090346015366164,1.1069921403521243,0.07030667907498557,0.9972305984550252,0.9982128656984919
T03,1,3,27,0.7714285714285715,0.30132922530174255,BG1–BG15,0.08308892605430701,1.1090346015366168,1.1068559762731582,0.07499379101331795,0.9970459716853601,0.9982128656984919
T03,1,4,27,0.7714285714285715,0.30132922530174255,BG0–BG15,0.07634081894707345,1.123758607770455,1.1252294153884934,0.06787920645623974,0.9973711977620436,0.9992959079297077
T03,1,4,27,0.7714285714285715,0.30132922530174255,BG1–BG15,0.08143020687687837,1.123758607770455,1.1253274692296962,0.07240448688665573,0.9971959442795132,0.9992959079297077
T03,1,5,27,0.7714285714285715,0.30132922530174255,BG0–BG15,0.06187879607391311,1.0994071863164214,1.0994042165222617,0.05628038691695557,0.9982235598147247,0.9984214879543257
T03,1,5,27,0.7714285714285715,0.30132922530174255,BG1–BG15,0.06600404914550732,1.0994071863164214,1.0994040185359846,0.060032412711419264,0.9981051304690396,0.9984214879543257
T03,1,all,31,0.8857142857142857,0.07776966691017151,BG0–BG15,0.10596423620898189,0.933677616750152,0.9311968088244205,0.11370193044329298,0.9927693301572056,0.9974197460882892
T03,1,all,31,0.8857142857142857,0.07776966691017151,BG1–BG15,0.11302851862291405,0.9336776167501523,0.9310314216293719,0.12128205913951252,0.9922872855010193,0.9974197460882892
T03,1,1,31,0.8857142857142857,0.07776966691017151,BG0–BG15,0.1608017324965844,0.9282267019036413,0.9148611251464229,0.17480726428056848,0.9828212446137015,0.9903887058405256
T03,1,1,31,0.8857142857142857,0.07776966691017151,BG1–BG15,0.17152184799635667,0.9282267019036413,0.9139700866959417,0.18646108189927307,0.9816759942546148,0.9903887058405256
T03,1,2,31,0.8857142857142857,0.07776966691017151,BG0–BG15,0.12695825423077114,0.9377473740589722,0.9352409275716752,0.13564057381045735,0.9897031351679756,0.9957370186857133
T03,1,2,31,0.8857142857142857,0.07776966691017151,BG1–BG15,0.1354221378461559,0.9377473740589722,0.9350738311391888,0.14468327873115452,0.9890166775125073,0.9957370186857133
T03,1,3,31,0.8857142857142857,0.07776966691017151,BG0–BG15,0.07762546247890052,0.9237876602759993,0.9207824141072792,0.0841990095390795,0.9960765289024996,0.9970631753043793
T03,1,3,31,0.8857142857142857,0.07776966691017151,BG1–BG15,0.08280049331082723,0.9237876602759997,0.9205820643626978,0.08981227684168479,0.9958149641626665,0.9970631753043793
T03,1,4,31,0.8857142857142857,0.07776966691017151,BG0–BG15,0.07477013846186054,0.9535241236872094,0.9551984029671607,0.07836481957874875,0.9965907757237752,0.9961958261101581
T03,1,4,31,0.8857142857142857,0.07776966691017151,BG1–BG15,0.07975481435931792,0.9535241236872095,0.9553100215858241,0.08358914088399866,0.9963634941053601,0.9961958261101581
T03,1,5,31,0.8857142857142857,0.07776966691017151,BG0–BG15,0.06336589917072309,0.9252860328242073,0.9285542667523298,0.06835728599621206,0.9974268211857724,0.9955928749004753
T03,1,5,31,0.8857142857142857,0.07776966691017151,BG1–BG15,0.06759029244877128,0.9252860328242073,0.9287721490142047,0.07291443839595953,0.9972552759314904,0.9955928749004753
T03,1,all,35,1.0,0.009900989942252636,BG0–BG15,0.08154555788250187,0.6649756326252313,0.662072444531937,0.12299183183868741,0.9914379957864992,0.9979324181732937
T03,1,all,35,1.0,0.009900989942252636,BG1–BG15,0.08698192840800201,0.6649756326252312,0.6618788986590507,0.1311912872945999,0.9908671955055991,0.9979324181732937
T03,1,1,35,1.0,0.009900989942252636,BG0–BG15,0.12602257353662666,0.6419502579592268,0.6311093633847238,0.19828062911050642,0.9779025379329811,0.9918204931585115
T03,1,1,35,1.0,0.009900989942252636,BG1–BG15,0.13442407843906842,0.6419502579592268,0.630386637079757,0.2114993377178735,0.9764293737951799,0.9918204931585115
T03,1,2,35,1.0,0.009900989942252636,BG0–BG15,0.10104625297984891,0.6546542859184209,0.6528118098479381,0.1546766343021025,0.9864140418554725,0.9971206540417529
T03,1,2,35,1.0,0.009900989942252636,BG1–BG15,0.10778266984517218,0.6546542859184209,0.6526889781099059,0.16498840992224267,0.985508311312504,0.9971206540417529
T03,1,3,35,1.0,0.009900989942252636,BG0–BG15,0.055788829919440217,0.6613092696091073,0.6601471766565481,0.08450948201388925,0.9958586389138121,0.9963998892810874
T03,1,3,35,1.0,0.009900989942252636,BG1–BG15,0.05950808524740289,0.6613092696091074,0.6600697037930442,0.09014344748148187,0.9955825481747329,0.9963998892810874
T03,1,4,35,1.0,0.009900989942252636,BG0–BG15,0.051289358440278224,0.6831799621102969,0.6812342103965936,0.07523606046320018,0.9968074787406995,0.9949207171833909
T03,1,4,35,1.0,0.009900989942252636,BG1–BG15,0.05470864900296344,0.6831799621102967,0.68110449361568,0.08025179782741353,0.9965946439900795,0.9949207171833909
T03,1,5,35,1.0,0.009900989942252636,BG0–BG15,0.04843109050489536,0.6796034738033184,0.6797133516395042,0.071284097677005,0.9971443512200859,0.9968872370060655
T03,1,5,35,1.0,0.009900989942252636,BG1–BG15,0.05165982987188838,0.6796034738033184,0.6797206768285833,0.07603637085547202,0.9969539746347583,0.9968872370060655
T03,2,all,0,0.0,0.9950248599052429,BG0–BG15,0.08313366247728894,1.1419093493702643,1.1447940249275197,0.07263935770725785,0.9959888411350935,0.9985001056964394
T03,2,all,0,0.0,0.9950248599052429,BG1–BG15,0.08867590664244154,1.1419093493702641,1.1449863366313369,0.07748198155440836,0.9957214305440996,0.9985001056964394
T03,2,1,0,0.0,0.9950248599052429,BG0–BG15,0.060118785693518945,1.133226668754093,1.1342961990879639,0.05302257452837996,0.9981521520059933,0.9990862051566066
T03,2,1,0,0.0,0.9950248599052429,BG1–BG15,0.06412670473975356,1.133226668754093,1.134367501110222,0.05655741283027196,0.998028962139726,0.9990862051566066
T03,2,2,0,0.0,0.9950248599052429,BG0–BG15,0.07275188944233967,1.159711036634843,1.1616299529588576,0.06265755806047085,0.9972780171881388,0.9981091888394837
T03,2,2,0,0.0,0.9950248599052429,BG1–BG15,0.0776020154051623,1.1597110366348429,1.161757880713792,0.06683472859783558,0.9970965516673481,0.9981091888394837
T03,2,3,0,0.0,0.9950248599052429,BG0–BG15,0.07400943732427098,1.1304540221440846,1.1339906952122982,0.06529919814758676,0.996970311446633,0.9975180645524996
T03,2,3,0,0.0,0.9950248599052429,BG1–BG15,0.0789433998125557,1.1304540221440846,1.1342264734168457,0.06965247802409257,0.9967683322097418,0.9975180645524996
T03,2,4,0,0.0,0.9950248599052429,BG0–BG15,0.08478929992897179,1.1560791553711893,1.1598284848425084,0.07314004449395478,0.9957260342757392,0.9972691905701875
T03,2,4,0,0.0,0.9950248599052429,BG1–BG15,0.09044191992423657,1.1560791553711893,1.1600784401405966,0.07801604746021847,0.9954411032274553,0.9972691905701875
T03,2,5,0,0.0,0.9950248599052429,BG0–BG15,0.104979777757335,1.1306351374794004,1.134546534811523,0.09245277001383836,0.992402215428865,0.9965615939598941
T03,2,5,0,0.0,0.9950248599052429,BG1–BG15,0.11197842960782396,1.1306351374794004,1.1348072946336645,0.09861628801476092,0.991895696457456,0.9965615939598941
T03,2,all,4,0.11428571428571428,0.9906675815582275,BG0–BG15,0.08286049290593993,1.141120371384953,1.1438497281144566,0.07245716301732984,0.9960088953317803,0.9985211781030746
T03,2,all,4,0.11428571428571428,0.9906675815582275,BG1–BG15,0.08838452576633594,1.1411203713849534,1.144031685229757,0.0772876405518185,0.9957428216872324,0.9985211781030746
T03,2,1,4,0.11428571428571428,0.9906675815582275,BG0–BG15,0.06017568499404899,1.131975793763935,1.1328772330649064,0.05313690615225896,0.9981435962690042,0.998819486300352
T03,2,1,4,0.11428571428571428,0.9906675815582275,BG1–BG15,0.0641873973269856,1.131975793763935,1.1329373290183047,0.056679366562409565,0.998019836020271,0.998819486300352
T03,2,2,4,0.11428571428571428,0.9906675815582275,BG0–BG15,0.07283786175971188,1.159212182413619,1.160698251289236,0.06277158740300118,0.9972640753357573,0.9983874502321199
T03,2,2,4,0.11428571428571428,0.9906675815582275,BG1–BG15,0.07769371921035934,1.1592121824136188,1.1607973225476103,0.0669563598965346,0.997081680358141,0.9983874502321199
T03,2,3,4,0.11428571428571428,0.9906675815582275,BG0–BG15,0.07361764986250756,1.129423932124663,1.132981975504191,0.06501390349040342,0.9969985667460712,0.9974321171115272
T03,2,3,4,0.11428571428571428,0.9906675815582275,BG1–BG15,0.07852549318667473,1.129423932124663,1.1332191783961594,0.069348163723097,0.9967984711958093,0.9974321171115272
T03,2,4,4,0.11428571428571428,0.9906675815582275,BG0–BG15,0.08411847383574436,1.155914240144611,1.1592995214836583,0.07258104775729689,0.9957873044838523,0.9973954887996535
T03,2,4,4,0.11428571428571428,0.9906675815582275,BG1–BG15,0.08972637209146064,1.155914240144611,1.1595252069062618,0.07741978427445001,0.9955064581161092,0.9973954887996535
T03,2,5,4,0.11428571428571428,0.9906675815582275,BG0–BG15,0.10465405708326347,1.1296151091039057,1.13366739266055,0.09224559120707268,0.9924339136403838,0.9970342601391423
T03,2,5,4,0.11428571428571428,0.9906675815582275,BG1–BG15,0.1116309942221477,1.1296151091039057,1.1339375448976596,0.09839529728754419,0.9919295078830761,0.9970342601391423
T03,2,all,8,0.22857142857142856,0.9814466834068298,BG0–BG15,0.08339145393808721,1.1433348629280786,1.1459449709188851,0.07278456575821672,0.9959746192883137,0.9985022876256804
T03,2,all,8,0.22857142857142856,0.9814466834068298,BG1–BG15,0.08895088420062636,1.1433348629280786,1.1461189781182723,0.07763687014209783,0.9957062605742011,0.9985022876256804
T03,2,1,8,0.22857142857142856,0.9814466834068298,BG0–BG15,0.06062502770908265,1.1336061790955994,1.135088494946534,0.05344059430061528,0.9981163788393189,0.9982299421940339
T03,2,1,8,0.22857142857142856,0.9814466834068298,BG1–BG15,0.0646666962230215,1.1336061790955994,1.135187316003263,0.057003300587322954,0.9979908040952735,0.9982299421940339
T03,2,2,8,0.22857142857142856,0.9814466834068298,BG0–BG15,0.0736357407814068,1.1623575133782629,1.1631704353656984,0.06331036232862992,0.9972183908440523,0.9986393593398681
T03,2,2,8,0.22857142857142856,0.9814466834068298,BG1–BG15,0.07854479016683394,1.162357513378263,1.1632246301648608,0.06753105315053859,0.9970329502336557,0.9986393593398681
T03,2,3,8,0.22857142857142856,0.9814466834068298,BG0–BG15,0.07411232317216088,1.1317114457056299,1.13511388820693,0.06532071232840872,0.9969712426713419,0.9977056567515556
T03,2,3,8,0.22857142857142856,0.9814466834068298,BG1–BG15,0.07905314471697161,1.1317114457056299,1.1353407177070167,0.06967542648363595,0.9967693255160981,0.9977056567515556
T03,2,4,8,0.22857142857142856,0.9814466834068298,BG0–BG15,0.08439958696045184,1.1573580626111932,1.1609950335543786,0.07272426818242513,0.9957773322867363,0.9971144451436927
T03,2,4,8,0.22857142857142856,0.9814466834068298,BG1–BG15,0.09002622609114866,1.1573580626111934,1.1612374982839244,0.07757255272792014,0.9954958211058521,0.9971144451436927
T03,2,5,8,0.22857142857142856,0.9814466834068298,BG0–BG15,0.10532336523089733,1.1321311049640856,1.1356622984817752,0.09266136358273405,0.9923717765878585,0.9964990431208989
T03,2,5,8,0.22857142857142856,0.9814466834068298,BG1–BG15,0.11234492291295715,1.1321311049640852,1.1358977113829545,0.09883878782158301,0.9918632283603823,0.9964990431208989
T03,2,all,12,0.34285714285714286,0.9606394171714783,BG0–BG15,0.0845722941253019,1.1412461514987613,1.144186772795142,0.07393545918251032,0.99580538385561,0.9985301581277565
T03,2,all,12,0.34285714285714286,0.9606394171714783,BG1–BG15,0.09021044706698868,1.1412461514987613,1.1443828142149008,0.07886448979467768,0.9955257427793174,0.9985301581277565
T03,2,1,12,0.34285714285714286,0.9606394171714783,BG0–BG15,0.06099554359180968,1.131322701558195,1.1326432729997211,0.05388024617757201,0.998063448697174,0.9983010415797801
T03,2,1,12,0.34285714285714286,0.9606394171714783,BG1–BG15,0.06506191316459699,1.131322701558195,1.132731311095823,0.05747226258941014,0.9979343452769858,0.9983010415797801
T03,2,2,12,0.34285714285714286,0.9606394171714783,BG0–BG15,0.07433168455941513,1.1596174437500444,1.1612706551731464,0.06403063657579094,0.9971536211904719,0.9985706129518704
T03,2,2,12,0.34285714285714286,0.9606394171714783,BG1–BG15,0.07928713019670948,1.1596174437500442,1.1613808692680199,0.06829934568084367,0.9969638626031702,0.9985706129518704
T03,2,3,12,0.34285714285714286,0.9606394171714783,BG0–BG15,0.07452759397631885,1.1302080932164251,1.1335746876007704,0.06577705547813023,0.9969174199566327,0.9978756804599126
T03,2,3,12,0.34285714285714286,0.9606394171714783,BG1–BG15,0.07949610024140678,1.130208093216425,1.1337991272263934,0.07016219251000558,0.9967119146204084,0.9978756804599126
T03,2,4,12,0.34285714285714286,0.9606394171714783,BG0–BG15,0.08562690225239486,1.1553347477703846,1.1596458647288204,0.07388289882963517,0.9956115784049582,0.9968463404568169
T03,2,4,12,0.34285714285714286,0.9606394171714783,BG1–BG15,0.09133536240255449,1.1553347477703846,1.1599332725260492,0.07880842541827753,0.9953190169652886,0.9968463404568169
T03,2,5,12,0.34285714285714286,0.9606394171714783,BG0–BG15,0.10741817353139343,1.1302199379272309,1.1340432030419798,0.09463414671250842,0.9919124884909034,0.9963837374994653
T03,2,5,12,0.34285714285714286,0.9606394171714783,BG1–BG15,0.114579385100153,1.1302199379272309,1.1342980873829631,0.10094308982667564,0.9913733210569636,0.9963837374994653
T03,2,all,16,0.45714285714285713,0.9109315872192383,BG0–BG15,0.08571323221797349,1.1438898883424098,1.1463005003969151,0.07479190102826125,0.9957126766022222,0.9986916389002028
T03,2,all,16,0.45714285714285713,0.9109315872192383,BG1–BG15,0.09142744769917172,1.1438898883424098,1.1464612078672154,0.07977802776347867,0.99542685504237,0.9986916389002028
T03,2,1,16,0.45714285714285713,0.9109315872192383,BG0–BG15,0.06401959966072143,1.133220568988497,1.1339442398089288,0.056479264978717435,0.9978549762629293,0.998570149336683
T03,2,1,16,0.45714285714285713,0.9109315872192383,BG1–BG15,0.06828757297143616,1.133220568988497,1.133992484530291,0.06024454931063193,0.9977119746804581,0.998570149336683
T03,2,2,16,0.45714285714285713,0.9109315872192383,BG0–BG15,0.07697341635326783,1.16204785798595,1.163107404847446,0.06619306401986214,0.9969789923337552,0.9986978876804373
T03,2,2,16,0.45714285714285713,0.9109315872192383,BG1–BG15,0.0821049774434857,1.16204785798595,1.1631780413048787,0.0706059349545196,0.9967775918226722,0.9986978876804373
T03,2,3,16,0.45714285714285713,0.9109315872192383,BG0–BG15,0.07537771210023075,1.1323630940170393,1.1352587074896319,0.06642853083559333,0.9969016409506972,0.9982054134041909
T03,2,3,16,0.45714285714285713,0.9109315872192383,BG1–BG15,0.0804028929069128,1.1323630940170395,1.1354517483878048,0.07085709955796624,0.9966950836807437,0.9982054134041909
T03,2,4,16,0.45714285714285713,0.9109315872192383,BG0–BG15,0.08518889267564954,1.1590381022342529,1.163108265172697,0.07327963325663192,0.995717713945567,0.9969504603701446
T03,2,4,16,0.45714285714285713,0.9109315872192383,BG1–BG15,0.09086815218735952,1.1590381022342524,1.163379609368593,0.07816494214040737,0.9954322282086049,0.9969504603701446
T03,2,5,16,0.45714285714285713,0.9109315872192383,BG0–BG15,0.10756045828332547,1.1331443598093007,1.1362308195300725,0.09457177063365052,0.991748630310244,0.9965108997301765
T03,2,5,16,0.45714285714285713,0.9109315872192383,BG1–BG15,0.11473115550221383,1.1331443598093005,1.1364365835114574,0.10087655534256057,0.9911985389975934,0.9965108997301765
T03,2,all,19,0.5428571428571428,0.831115186214447,BG0–BG15,0.08521379942037408,1.1420969494790114,1.1438110175830127,0.07451817592657212,0.9958815251265656,0.9987914668297785
T03,2,all,19,0.5428571428571428,0.831115186214447,BG1–BG15,0.09089471938173235,1.1420969494790114,1.1439252887899458,0.07948605432167692,0.9956069601350033,0.9987914668297785
T03,2,1,19,0.5428571428571428,0.831115186214447,BG0–BG15,0.06923126557587395,1.1320878562938004,1.1318957713662774,0.06117697628127797,0.9974822515614288,0.9982646289753002
T03,2,1,19,0.5428571428571428,0.831115186214447,BG1–BG15,0.07384668328093219,1.1320878562938004,1.1318829657044422,0.0652554413666965,0.9973144016655241,0.9982646289753002
T03,2,2,19,0.5428571428571428,0.831115186214447,BG0–BG15,0.07998411754397756,1.160465469267643,1.1604743214523023,0.068909328322983,0.9967727438831926,0.9984413789535164
T03,2,2,19,0.5428571428571428,0.831115186214447,BG1–BG15,0.0853163920469094,1.160465469267643,1.1604749115979465,0.0735032835445152,0.9965575934754054,0.9984413789535164
T03,2,3,19,0.5428571428571428,0.831115186214447,BG0–BG15,0.07581952214012092,1.129923374607655,1.1326594159485186,0.06698157924139396,0.9969288186309507,0.9979883560847909
T03,2,3,19,0.5428571428571428,0.831115186214447,BG1–BG15,0.0808741569494623,1.1299233746076547,1.1328418187045761,0.0714470178574869,0.9967240732063476,0.9979883560847909
T03,2,4,19,0.5428571428571428,0.831115186214447,BG0–BG15,0.08215344237720745,1.1559719042794951,1.1603400110049953,0.0708545636240335,0.9962362600958851,0.9960661582388703
T03,2,4,19,0.5428571428571428,0.831115186214447,BG1–BG15,0.08763033853568795,1.1559719042794954,1.1606312181200287,0.07557820119896906,0.9959853441022772,0.9960661582388703
T03,2,5,19,0.5428571428571428,0.831115186214447,BG0–BG15,0.1026939652302203,1.1323374305631508,1.1338476634164583,0.09047132094239756,0.9925197320198356,0.9962761799219859
T03,2,5,19,0.5428571428571428,0.831115186214447,BG1–BG15,0.10954022957890164,1.1323374305631508,1.1339483456066788,0.0965027423385574,0.9920210474878246,0.9962761799219859
T03,2,all,23,0.6571428571428571,0.618124783039093,BG0–BG15,0.07613639107272732,1.142003288550716,1.1427303742425248,0.06662401978372273,0.9972309875041682,0.9985443511223775
T03,2,all,23,0.6571428571428571,0.618124783039093,BG1–BG15,0.0812121504775758,1.142003288550716,1.1427788466219786,0.07106562110263757,0.9970463866711127,0.9985443511223775
T03,2,1,23,0.6571428571428571,0.618124783039093,BG0–BG15,0.07892001567369926,1.1323748380470486,1.1311855020331725,0.0697390106240391,0.9969499518270989,0.9984712595390995
T03,2,1,23,0.6571428571428571,0.618124783039093,BG1–BG15,0.08418135005194588,1.1323748380470489,1.131106212965581,0.07438827799897504,0.9967466152822388,0.9984712595390995
T03,2,2,23,0.6571428571428571,0.618124783039093,BG0–BG15,0.08243331726391048,1.1590357230818236,1.1590267786126538,0.07110713079638889,0.9968315632533802,0.9985150774365352
T03,2,2,23,0.6571428571428571,0.618124783039093,BG1–BG15,0.08792887174817118,1.1590357230818236,1.159026182314709,0.07584760618281483,0.9966203341369391,0.9985150774365352
T03,2,3,23,0.6571428571428571,0.618124783039093,BG0–BG15,0.07271811090194792,1.130345149235553,1.1325251684720439,0.0642374768549788,0.9974749455819181,0.9977780363928991
T03,2,3,23,0.6571428571428571,0.618124783039093,BG1–BG15,0.07756598496207778,1.1303451492355525,1.13267050308781,0.06851997531197739,0.9973066086207127,0.9977780363928991
T03,2,4,23,0.6571428571428571,0.618124783039093,BG0–BG15,0.07270568903519586,1.1563641425579407,1.1594668458404234,0.06274203570285539,0.9975462273975628,0.9962108905486151
T03,2,4,23,0.6571428571428571,0.618124783039093,BG1–BG15,0.07755273497087557,1.1563641425579407,1.1596736927259221,0.06692483808304577,0.9973826425574001,0.9962108905486151
T03,2,5,23,0.6571428571428571,0.618124783039093,BG0–BG15,0.0719958928750819,1.1322253174418182,1.1317733012721987,0.06357470515342606,0.9973368364085382,0.9970093141677397
T03,2,5,23,0.6571428571428571,0.618124783039093,BG1–BG15,0.07679561906675401,1.1322253174418184,1.1317431668608904,0.06781301883032113,0.9971592921691074,0.9970093141677397
T03,2,all,27,0.7714285714285715,0.30132922530174255,BG0–BG15,0.08383623196003262,1.1233744431290902,1.1221368264667626,0.07467228185312463,0.9968318385641353,0.9990294543905307
T03,2,all,27,0.7714285714285715,0.30132922530174255,BG1–BG15,0.08942531409070147,1.1233744431290904,1.122054318689274,0.0796504339766663,0.9966206278017445,0.9990294543905307
T03,2,1,27,0.7714285714285715,0.30132922530174255,BG0–BG15,0.10779905098055442,1.11389654965625,1.1128120361222082,0.09685245584203726,0.9945335179837069,0.9990205792443917
T03,2,1,27,0.7714285714285715,0.30132922530174255,BG1–BG15,0.11498565437925803,1.11389654965625,1.1127397352199389,0.10330928623150643,0.9941690858492874,0.9990205792443917
T03,2,2,27,0.7714285714285715,0.30132922530174255,BG0–BG15,0.09567155379491292,1.140550875873688,1.137630972271974,0.08400768493894406,0.9959782712091655,0.9975258289868951
T03,2,2,27,0.7714285714285715,0.30132922530174255,BG1–BG15,0.10204965738124044,1.140550875873688,1.1374363120318596,0.08960819726820698,0.9957101559564433,0.9975258289868951
T03,2,3,27,0.7714285714285715,0.30132922530174255,BG0–BG15,0.07612540229133374,1.1091625684510447,1.1093244609373363,0.06861921452345504,0.9973591643369442,0.9986630828169166
T03,2,3,27,0.7714285714285715,0.30132922530174255,BG1–BG15,0.08120042911075599,1.1091625684510444,1.1093352537697558,0.07319382882501871,0.9971831086260738,0.9986630828169166
T03,2,4,27,0.7714285714285715,0.30132922530174255,BG0–BG15,0.07355618384787604,1.1388509702401306,1.1391185857541586,0.06456912263121259,0.9976122821379694,0.9986690706248378
T03,2,4,27,0.7714285714285715,0.30132922530174255,BG1–BG15,0.07845992943773444,1.138850970240131,1.139136426788427,0.06887373080662675,0.9974531009471674,0.9986690706248378
T03,2,5,27,0.7714285714285715,0.30132922530174255,BG0–BG15,0.060103496838822226,1.1145443770299375,1.112072007856748,0.053988209207207205,0.9983767751288095,0.996719010068717
T03,2,5,27,0.7714285714285715,0.30132922530174255,BG1–BG15,0.06411039662807706,1.114544377029937,1.1119071832452019,0.05758742315435436,0.9982685601373968,0.996719010068717
T03,2,all,31,0.8857142857142857,0.07776966691017151,BG0–BG15,0.1101499417147157,0.9572958368902375,0.9507719713357617,0.11556305952712914,0.9925305992838045,0.995295281493021
T03,2,all,31,0.8857142857142857,0.07776966691017151,BG1–BG15,0.1174932711623634,0.9572958368902375,0.9503370469654634,0.12326726349560442,0.9920326392360581,0.995295281493021
T03,2,1,31,0.8857142857142857,0.07776966691017151,BG0–BG15,0.17016496552814067,0.9648596814624169,0.9481782268501517,0.17833340972227296,0.9820642291800953,0.9888288312022986
T03,2,1,31,0.8857142857142857,0.07776966691017151,BG1–BG15,0.18150929656335008,0.9648596814624173,0.9470661298760008,0.19022230370375784,0.9808685111254349,0.9888288312022986
T03,2,2,31,0.8857142857142857,0.07776966691017151,BG0–BG15,0.12909254959369212,0.9761917213234435,0.9648999917410799,0.13318677399578988,0.9901545265635643,0.9906033442151547
T03,2,2,31,0.8857142857142857,0.07776966691017151,BG1–BG15,0.13769871956660495,0.9761917213234436,0.9641472097689223,0.1420658922621759,0.989498161667802,0.9906033442151547
T03,2,3,31,0.8857142857142857,0.07776966691017151,BG0–BG15,0.08110195857796254,0.9270153620466515,0.925265728148001,0.08760361527836247,0.9957360006292955,0.9979307198407367
T03,2,3,31,0.8857142857142857,0.07776966691017151,BG1–BG15,0.08650875581649337,0.9270153620466514,0.9251490858880909,0.09344385629691997,0.9954517340045821,0.9979307198407367
T03,2,4,31,0.8857142857142857,0.07776966691017151,BG0–BG15,0.0758616881559664,0.9666496795862284,0.9636789177611463,0.07864418911062436,0.9965758868201141,0.9956089122096766
T03,2,4,31,0.8857142857142857,0.07776966691017151,BG1–BG15,0.08091913403303085,0.966649679586228,0.9634808669728075,0.08388713505133263,0.9963476126081219,0.9956089122096766
T03,2,5,31,0.8857142857142857,0.07776966691017151,BG0–BG15,0.0658786989435563,0.9518149608920337,0.9508254207436062,0.06926264177308677,0.9973427681138746,0.9989874383302296
T03,2,5,31,0.8857142857142857,0.07776966691017151,BG1–BG15,0.07027061220646007,0.9518149608920334,0.9507594514003778,0.07388015122462589,0.9971656193214662,0.9989874383302296
T03,2,all,35,1.0,0.009900989942252636,BG0–BG15,0.08395160818177133,0.6732950468582812,0.6684988742214485,0.12526621981348773,0.991136203454718,0.995635881561672
T03,2,all,35,1.0,0.009900989942252636,BG1–BG15,0.08954838206055608,0.6732950468582815,0.6681791293789929,0.13361730113438694,0.9905452836850324,0.995635881561672
T03,2,1,35,1.0,0.009900989942252636,BG0–BG15,0.1345070714026526,0.6529891510088552,0.6398025116296432,0.20858977699239667,0.9755577438924173,0.9883688284432568
T03,2,1,35,1.0,0.009900989942252636,BG1–BG15,0.1434742094961628,0.6529891510088551,0.6389234023376956,0.22249576212522312,0.9739282601519117,0.9883688284432568
T03,2,2,35,1.0,0.009900989942252636,BG0–BG15,0.0999070191326114,0.6627367613035924,0.6562238020159743,0.151695128800017,0.9869909163681401,0.9944833962026874
T03,2,2,35,1.0,0.009900989942252636,BG1–BG15,0.1065674870747855,0.6627367613035922,0.655789604730133,0.16180813738668479,0.986123644126016,0.9944833962026874
T03,2,3,35,1.0,0.009900989942252636,BG0–BG15,0.05608016285308327,0.6600771393074485,0.6584508738604942,0.08513761807228835,0.9958366270836941,0.995873595104614
T03,2,3,35,1.0,0.009900989942252636,BG1–BG15,0.05981884037662215,0.6600771393074485,0.6583424561640306,0.09081345927710756,0.9955590688892737,0.995873595104614
T03,2,4,35,1.0,0.009900989942252636,BG0–BG15,0.05224687547837632,0.6913048983781708,0.688830635019131,0.07577780338372578,0.9967824439520234,0.9927563416089492
T03,2,4,35,1.0,0.009900989942252636,BG1–BG15,0.05573000051026807,0.6913048983781708,0.6886656841285284,0.08082965694264084,0.9965679402154918,0.9927563416089492
T03,2,5,35,1.0,0.009900989942252636,BG0–BG15,0.04859985406398583,0.6941989711731481,0.6926719245388155,0.07011767007746461,0.9972467186821867,0.9969302328060029
T03,2,5,35,1.0,0.009900989942252636,BG1–BG15,0.05183984433491821,0.6941989711731479,0.69257012142986,0.07479218141596225,0.9970631665943324,0.9969302328060029
T04,0,all,0,0.0,0.9950248599052429,BG0–BG15,0.043211441003316045,1.1542239777153886,1.153785734027286,0.03743506565924373,0.9990656431018246,0.9958337724190969
T04,0,all,0,0.0,0.9950248599052429,BG1–BG15,0.046092203736870445,1.154223977715389,1.1537565177814122,0.03993073670319332,0.9990033526419462,0.9958337724190969
T04,0,1,0,0.0,0.9950248599052429,BG0–BG15,0.024098866551696012,1.1499117446226614,1.1488834330743538,0.020965654172677435,0.9997313564091104,0.9932151591983583
T04,0,1,0,0.0,0.9950248599052429,BG1–BG15,0.025705457655142414,1.1499117446226612,1.1488148789711334,0.022363364450855936,0.9997134468363843,0.9932151591983583
T04,0,2,0,0.0,0.9950248599052429,BG0–BG15,0.03327424893521508,1.1676342677299514,1.1669599677390878,0.02850243867161457,0.9994792217392539,0.9971240979123499
T04,0,2,0,0.0,0.9950248599052429,BG1–BG15,0.035492532197562744,1.1676342677299514,1.1669150144063636,0.030402601249722203,0.9994445031885376,0.9971240979123499
T04,0,3,0,0.0,0.9950248599052429,BG0–BG15,0.03682438054819939,1.1381217476970267,1.138875330230622,0.03233295403650681,0.9992965161464444,0.99632297453159
T04,0,3,0,0.0,0.9950248599052429,BG1–BG15,0.03927933925141269,1.1381217476970265,1.138925569066195,0.03448848430560726,0.9992496172228741,0.99632297453159
T04,0,4,0,0.0,0.9950248599052429,BG0–BG15,0.04455812181822364,1.138523365246125,1.1389784128020368,0.03911258281276046,0.9989769367799347,0.9950208710243147
T04,0,4,0,0.0,0.9950248599052429,BG1–BG15,0.04752866327277187,1.1385233652461255,1.1390087493057641,0.041720088333611155,0.9989087325652636,0.9950208710243147
T04,0,5,0,0.0,0.9950248599052429,BG0–BG15,0.06053379054444003,1.1726446204258407,1.1711765713605913,0.0516389061072412,0.9981652699710981,0.9925520173592841
T04,0,5,0,0.0,0.9950248599052429,BG1–BG15,0.06456937658073604,1.172644620425841,1.171078701422908,0.055081499847723946,0.998042954635838,0.9925520173592841
T04,0,all,4,0.11428571428571428,0.9906675815582275,BG0–BG15,0.043337206362040886,1.1542125498737614,1.1536466241786365,0.03754645097244198,0.9990621340392585,0.9956814958019204
T04,0,all,4,0.11428571428571428,0.9906675815582275,BG1–BG15,0.0462263534528436,1.1542125498737617,1.1536088957989612,0.04004954770393811,0.9989996096418758,0.9956814958019204
T04,0,1,4,0.11428571428571428,0.9906675815582275,BG0–BG15,0.024117085498668894,1.1500641102141187,1.1488723734010113,0.020980543511432352,0.9997310600746581,0.9930372076149314
T04,0,1,4,0.11428571428571428,0.9906675815582275,BG1–BG15,0.025724891198580156,1.1500641102141187,1.1487929242801376,0.02237924641219451,0.999713130746302,0.9930372076149314
T04,0,2,4,0.11428571428571428,0.9906675815582275,BG0–BG15,0.033495985789429326,1.1675748773442776,1.1664663817338292,0.028698826023046926,0.9994731692105623,0.9955050975221391
T04,0,2,4,0.11428571428571428,0.9906675815582275,BG1–BG15,0.035729051508724616,1.1675748773442778,1.1663924820264657,0.030612081091250062,0.9994380471579333,0.9955050975221391
T04,0,3,4,0.11428571428571428,0.9906675815582275,BG0–BG15,0.03736776803619818,1.1375882332549685,1.1387823029834139,0.03281888835865406,0.9992760566157991,0.9975175649995285
T04,0,3,4,0.11428571428571428,0.9906675815582275,BG1–BG15,0.039858952571944724,1.1375882332549685,1.138861907631977,0.035006814249231,0.999227793723519,0.9975175649995285
T04,0,4,4,0.11428571428571428,0.9906675815582275,BG0–BG15,0.04464053627357853,1.1390764455687035,1.1391106120349477,0.03917369481879704,0.9989761009414375,0.9939769206787453
T04,0,4,4,0.11428571428571428,0.9906675815582275,BG1–BG15,0.04761657202515043,1.1390764455687035,1.1391128897993639,0.0417852744733835,0.9989078410042,0.9939769206787453
T04,0,5,4,0.11428571428571428,0.9906675815582275,BG0–BG15,0.060484506675216085,1.1724924242420902,1.1709585853615398,0.05160477742285843,0.9981727646018648,0.9924037365295068
T04,0,5,4,0.11428571428571428,0.9906675815582275,BG1–BG15,0.0645168071202305,1.1724924242420902,1.1708563294361698,0.055045095917715677,0.9980509489086558,0.9924037365295068
T04,0,all,8,0.22857142857142856,0.9814466834068298,BG0–BG15,0.043389871852879444,1.1549047849276486,1.1545832485897347,0.037565381290444656,0.9990619649569756,0.9964561265578046
T04,0,all,8,0.22857142857142856,0.9814466834068298,BG1–BG15,0.04628252997640474,1.1549047849276486,1.1545618128338737,0.04006974004314096,0.9989994292874406,0.9964561265578046
T04,0,1,8,0.22857142857142856,0.9814466834068298,BG0–BG15,0.02450985693642336,1.1513392148201747,1.1503248906950976,0.021297248246245754,0.9997230482335319,0.9946123232213768
T04,0,1,8,0.22857142857142856,0.9814466834068298,BG1–BG15,0.026143847398851575,1.1513392148201747,1.1502572690867592,0.02271706479599547,0.9997045847824342,0.9946123232213768
T04,0,2,8,0.22857142857142856,0.9814466834068298,BG0–BG15,0.033584049769202304,1.167809498620556,1.1673497264370631,0.028759848210225383,0.9994706428085569,0.9973070510894744
T04,0,2,8,0.22857142857142856,0.9814466834068298,BG1–BG15,0.03582298642048245,1.1678094986205563,1.167319074958164,0.0306771714242404,0.9994353523291275,0.9973070510894744
T04,0,3,8,0.22857142857142856,0.9814466834068298,BG0–BG15,0.0376078102724518,1.138211751061469,1.13903264892116,0.03301679882060922,0.9992693791019354,0.9965205434746359
T04,0,3,8,0.22857142857142856,0.9814466834068298,BG1–BG15,0.04011499762394859,1.138211751061469,1.1390873754451394,0.03521791874198317,0.9992206710420644,0.9965205434746359
T04,0,4,8,0.22857142857142856,0.9814466834068298,BG0–BG15,0.04480099422997673,1.1403937673353133,1.1405300545505028,0.03926859609493924,0.998970811723643,0.9949941185420931
T04,0,4,8,0.22857142857142856,0.9814466834068298,BG1–BG15,0.047787727178641846,1.1403937673353133,1.1405391403648486,0.04188650250126851,0.9989021991718858,0.9949941185420931
T04,0,5,8,0.22857142857142856,0.9814466834068298,BG0–BG15,0.060263829055286613,1.1726479907332046,1.1716897125197971,0.05139563402311243,0.9981870633833368,0.9944079060352866
T04,0,5,8,0.22857142857142856,0.9814466834068298,BG1–BG15,0.0642814176589724,1.1726479907332046,1.1716258273055695,0.05482200962465325,0.998066200942226,0.9944079060352866
T04,0,all,12,0.34285714285714286,0.9606394171714783,BG0–BG15,0.04345302984011361,1.1544245668289466,1.1538874926035723,0.03763991694114574,0.9990604696606287,0.9955003235365993
T04,0,all,12,0.34285714285714286,0.9606394171714783,BG1–BG15,0.04634989849612117,1.1544245668289468,1.1538516876552138,0.040149244737222124,0.9989978343046706,0.9955003235365993
T04,0,1,12,0.34285714285714286,0.9606394171714783,BG0–BG15,0.02482699381893718,1.1507647663294396,1.1494521014255896,0.021586339419832724,0.9997148641494971,0.9926285905167123
T04,0,1,12,0.34285714285714286,0.9606394171714783,BG1–BG15,0.026482126740199657,1.1507647663294398,1.1493645904319996,0.02302542871448824,0.9996958550927969,0.9926285905167123
T04,0,2,12,0.34285714285714286,0.9606394171714783,BG0–BG15,0.0338899765624161,1.165613170841249,1.1648760673407903,0.029081082643445555,0.9994599651468103,0.996632374560646
T04,0,2,12,0.34285714285714286,0.9606394171714783,BG1–BG15,0.03614930833324384,1.1656131708412487,1.164826927107426,0.031019821486341925,0.9994239628232645,0.996632374560646
T04,0,3,12,0.34285714285714286,0.9606394171714783,BG0–BG15,0.03826960030196008,1.1366076869329613,1.13769910792175,0.033640740638509026,0.9992456906849013,0.997241354737966
T04,0,3,12,0.34285714285714286,0.9606394171714783,BG1–BG15,0.04082090698875742,1.1366076869329615,1.1377718693210028,0.035883456681076294,0.999195403397228,0.997241354737966
T04,0,4,12,0.34285714285714286,0.9606394171714783,BG0–BG15,0.04444021383973005,1.1418644579732886,1.1416751290198652,0.03890775723823599,0.9989859627131894,0.9926705040948154
T04,0,4,12,0.34285714285714286,0.9606394171714783,BG1–BG15,0.04740289476237871,1.1418644579732882,1.1416625070896371,0.04150160772078505,0.9989183602274021,0.9926705040948154
T04,0,5,12,0.34285714285714286,0.9606394171714783,BG0–BG15,0.06005904964313821,1.172839080485429,1.1714904481772492,0.051223947263765154,0.998202964648012,0.9932390059421525
T04,0,5,12,0.34285714285714286,0.9606394171714783,BG1–BG15,0.06406298628601409,1.172839080485429,1.1714005393567042,0.054638877081349485,0.9980831622912126,0.9932390059421525
T04,0,all,16,0.45714285714285713,0.9109315872192383,BG0–BG15,0.04425727773753248,1.1557891237623494,1.155378007396257,0.038290863064821684,0.9990383204363799,0.9966528141968536
T04,0,all,16,0.45714285714285713,0.9109315872192383,BG1–BG15,0.04720776292003464,1.1557891237623497,1.1553505996385174,0.04084358726914313,0.9989742084654718,0.9966528141968536
T04,0,1,16,0.45714285714285713,0.9109315872192383,BG0–BG15,0.026054190009713034,1.1500191968345879,1.1488593728005387,0.02266606517806061,0.999687227597863,0.9929496198256108
T04,0,1,16,0.45714285714285713,0.9109315872192383,BG1–BG15,0.02779113601036057,1.1500191968345879,1.148782051198269,0.024177136189931326,0.9996663761043874,0.9929496198256108
T04,0,2,16,0.45714285714285713,0.9109315872192383,BG0–BG15,0.034856818962506565,1.1626699701217216,1.1623174684763766,0.029982486091892534,0.9994319772521258,0.9977629511819275
T04,0,2,16,0.45714285714285713,0.9109315872192383,BG1–BG15,0.03718060689334034,1.1626699701217216,1.162293968366687,0.0319813184980187,0.9993941090689341,0.9977629511819275
T04,0,3,16,0.45714285714285713,0.9109315872192383,BG0–BG15,0.03948890623253434,1.1368707536951403,1.1380570516794375,0.03470392011430185,0.9992051536445392,0.9974083324741464
T04,0,3,16,0.45714285714285713,0.9109315872192383,BG1–BG15,0.04212149998136996,1.1368707536951403,1.1381361382117239,0.03701751478858865,0.9991521638875085,0.9974083324741464
T04,0,4,16,0.45714285714285713,0.9109315872192383,BG0–BG15,0.04563664936934522,1.1474083941021103,1.147790522228525,0.039753286299447826,0.9989495408659189,0.9965015037020313
T04,0,4,16,0.45714285714285713,0.9109315872192383,BG1–BG15,0.04867909266063491,1.1474083941021103,1.1478159974369526,0.042403505386077685,0.9988795102569801,0.9965015037020313
T04,0,5,16,0.45714285714285713,0.9109315872192383,BG0–BG15,0.060361771913381726,1.1765231853487474,1.174743284639374,0.05133786166693316,0.9982216491867322,0.9931201722583697
T04,0,5,16,0.45714285714285713,0.9109315872192383,BG1–BG15,0.0643858900409405,1.1765231853487472,1.1746246245920824,0.05476038577806204,0.9981030924658479,0.9931201722583697
T04,0,all,19,0.5428571428571428,0.831115186214447,BG0–BG15,0.04166123804613425,1.1577098550604055,1.1568526331986257,0.035993660966562625,0.999188539402751,0.9962457723628793
T04,0,all,19,0.5428571428571428,0.831115186214447,BG1–BG15,0.04443865391587654,1.1577098550604057,1.156795485074507,0.038393238364333476,0.999134442029601,0.9962457723628793
T04,0,1,19,0.5428571428571428,0.831115186214447,BG0–BG15,0.02696085811219326,1.150450114535659,1.1486442966707358,0.023454813876414057,0.9996728310870957,0.9917697985371153
T04,0,1,19,0.5428571428571428,0.831115186214447,BG1–BG15,0.028758248653006142,1.1504501145356587,1.1485239088130743,0.02501846813484166,0.9996510198262353,0.9917697985371153
T04,0,2,19,0.5428571428571428,0.831115186214447,BG0–BG15,0.034045796702038375,1.1604607467670978,1.1599545515688539,0.029341574902169446,0.9994798938151848,0.9978022509751376
T04,0,2,19,0.5428571428571428,0.831115186214447,BG1–BG15,0.036315516482174265,1.1604607467670978,1.159920805222304,0.031297679895647405,0.9994452200695303,0.9978022509751376
T04,0,3,19,0.5428571428571428,0.831115186214447,BG0–BG15,0.03731182940475611,1.1362404021584231,1.1370659942918437,0.03281665162954757,0.9993255864073373,0.9975130960092107
T04,0,3,19,0.5428571428571428,0.831115186214447,BG1–BG15,0.03979928469840652,1.1362404021584231,1.1371210337674051,0.03500442840485073,0.9992806255011596,0.9975130960092107
T04,0,4,19,0.5428571428571428,0.831115186214447,BG0–BG15,0.0435223940094107,1.1532273343393684,1.1527217773288134,0.03773706572844798,0.999090287741406,0.9949501076577891
T04,0,4,19,0.5428571428571428,0.831115186214447,BG1–BG15,0.04642388694337142,1.1532273343393684,1.15268807352811,0.04025287011034452,0.9990296402574997,0.9949501076577891
T04,0,5,19,0.5428571428571428,0.831115186214447,BG0–BG15,0.05483485978721714,1.181474554582736,1.179474284615555,0.046448483373326355,0.9986033952544462,0.9930798248703103
T04,0,5,19,0.5428571428571428,0.831115186214447,BG1–BG15,0.05849051710636495,1.181474554582736,1.1793409332844098,0.04954504893154812,0.9985102882714092,0.9930798248703103
T04,0,all,23,0.6571428571428571,0.618124783039093,BG0–BG15,0.026959885091403686,1.1594538473881877,1.158514094566608,0.023259568940878734,0.9996923494703791,0.9955673429160383
T04,0,all,23,0.6571428571428571,0.618124783039093,BG1–BG15,0.028757210764163932,1.1594538473881877,1.1584514443785028,0.024810206870270652,0.9996718394350713,0.9955673429160383
T04,0,1,23,0.6571428571428571,0.618124783039093,BG0–BG15,0.030711741570129587,1.1479073666944295,1.1467916148592026,0.026767569912184944,0.9995843211674399,0.9956987559361625
T04,0,1,23,0.6571428571428571,0.618124783039093,BG1–BG15,0.032759191008138226,1.1479073666944295,1.1467172314035208,0.028552074572997275,0.9995566092452692,0.9956987559361625
T04,0,2,23,0.6571428571428571,0.618124783039093,BG0–BG15,0.029515936623932284,1.1613565221349966,1.1605131009272824,0.02542147759059839,0.9996364791387069,0.9957126204713684
T04,0,2,23,0.6571428571428571,0.618124783039093,BG1–BG15,0.03148366573219444,1.1613565221349966,1.1604568728467684,0.027116242763304946,0.9996122444146206,0.9957126204713684
T04,0,3,23,0.6571428571428571,0.618124783039093,BG0–BG15,0.023185472844209305,1.1364960233553856,1.1363333411497405,0.02040067124021907,0.9997690535651145,0.9970069734474875
T04,0,3,23,0.6571428571428571,0.618124783039093,BG1–BG15,0.02473117103382326,1.1364960233553858,1.1363224956693643,0.021760715989567005,0.9997536571361221,0.9970069734474875
T04,0,4,23,0.6571428571428571,0.618124783039093,BG0–BG15,0.023968655154051006,1.1561491122316094,1.1551066407369799,0.020738274500994254,0.9997466777804066,0.9941051542638749
T04,0,4,23,0.6571428571428571,0.618124783039093,BG1–BG15,0.025566565497654407,1.1561491122316097,1.1550371426373378,0.022120826134393867,0.9997297896324336,0.9941051542638749
T04,0,5,23,0.6571428571428571,0.618124783039093,BG0–BG15,0.02588663413464041,1.1872002386063734,1.1858082121789684,0.021815053785254966,0.9997122358355136,0.9910980833149287
T04,0,5,23,0.6571428571428571,0.618124783039093,BG1–BG15,0.027612409743616437,1.1872002386063731,1.1857154104171415,0.02326939070427196,0.9996930515578814,0.9910980833149287
T04,0,all,27,0.7714285714285715,0.30132922530174255,BG0–BG15,0.03350233530600735,1.1421855133652234,1.1415009739528732,0.02934033449273429,0.999525384334341,0.998432203661215
T04,0,all,27,0.7714285714285715,0.30132922530174255,BG1–BG15,0.035735824326407845,1.1421855133652234,1.1414553379920498,0.03129635679224991,0.9994937432899641,0.998432203661215
T04,0,1,27,0.7714285714285715,0.30132922530174255,BG0–BG15,0.049145777826252,1.1271526146166135,1.125085167819861,0.04364310409415048,0.9989142447150199,0.9965173637223431
T04,0,1,27,0.7714285714285715,0.30132922530174255,BG1–BG15,0.0524221630146688,1.1271526146166138,1.1249473380334107,0.046552644367093846,0.9988418610293546,0.9965173637223431
T04,0,2,27,0.7714285714285715,0.30132922530174255,BG0–BG15,0.03922129700650124,1.1439521396937482,1.144620570063401,0.03427214389395434,0.99935444179145,0.9981128810463428
T04,0,2,27,0.7714285714285715,0.30132922530174255,BG1–BG15,0.04183605014026799,1.1439521396937484,1.1446651320880448,0.036556953486884626,0.9993114045775466,0.9981128810463428
T04,0,3,27,0.7714285714285715,0.30132922530174255,BG0–BG15,0.027906911146590108,1.1189119489632537,1.1184783487297527,0.024946473906691833,0.9996620077741978,0.9985673573104854
T04,0,3,27,0.7714285714285715,0.30132922530174255,BG1–BG15,0.02976737188969612,1.1189119489632537,1.1184494420475193,0.02660957216713795,0.9996394749591443,0.9985673573104854
T04,0,4,27,0.7714285714285715,0.30132922530174255,BG0–BG15,0.022968506215540592,1.140012268803546,1.139689400277694,0.020150436801206317,0.9997808755230504,0.998357193455898
T04,0,4,27,0.7714285714285715,0.30132922530174255,BG1–BG15,0.024499739963243297,1.1400122688035457,1.1396678757093037,0.021493799254620072,0.9997662672245871,0.998357193455898
T04,0,5,27,0.7714285714285715,0.30132922530174255,BG0–BG15,0.023511074015458787,1.1719016865097083,1.1707192615337254,0.020072325988069184,0.9997818706957813,0.9947762734128474
T04,0,5,27,0.7714285714285715,0.30132922530174255,BG1–BG15,0.0250784789498227,1.1719016865097083,1.1706404332019933,0.021410481053940462,0.9997673287421667,0.9947762734128474
T04,0,all,31,0.8857142857142857,0.07776966691017151,BG0–BG15,0.05214851018112934,0.9541395889050852,0.9537609268299767,0.05466839863927543,0.9983328955003328,0.9993907151565118
T04,0,all,31,0.8857142857142857,0.07776966691017151,BG1–BG15,0.05562507752653797,0.9541395889050857,0.9537356826916362,0.058312958548560466,0.998221755200355,0.9993907151565118
T04,0,1,31,0.8857142857142857,0.07776966691017151,BG0–BG15,0.0843446901104244,0.9488713717594788,0.9443541025005673,0.08912457094692922,0.9955054369758123,0.9947365340900145
T04,0,1,31,0.8857142857142857,0.07776966691017151,BG1–BG15,0.08996766945111936,0.9488713717594788,0.9440529512166399,0.09506620901005784,0.9952057994408665,0.9947365340900145
T04,0,2,31,0.8857142857142857,0.07776966691017151,BG0–BG15,0.05919496548402294,0.9640550916364251,0.9645368565667465,0.06138438997405779,0.9979107813323848,0.9983967293630388
T04,0,2,31,0.8857142857142857,0.07776966691017151,BG1–BG15,0.06314129651629113,0.964055091636425,0.964568974228768,0.06547668263899498,0.9977715000878771,0.9983967293630388
T04,0,3,31,0.8857142857142857,0.07776966691017151,BG0–BG15,0.039787999671372476,0.9262331763233409,0.9256540978727111,0.04297396550501151,0.9989722291957716,0.9991366458545444
T04,0,3,31,0.8857142857142857,0.07776966691017151,BG1–BG15,0.04244053298279731,0.9262331763233412,0.9256154926426691,0.04583889653867894,0.9989037111421565,0.9991366458545444
T04,0,4,31,0.8857142857142857,0.07776966691017151,BG0–BG15,0.03187836608872263,0.9601001242753799,0.9619998170879972,0.03316874245442046,0.9994029652146397,0.9952279077896732
T04,0,4,31,0.8857142857142857,0.07776966691017151,BG1–BG15,0.034003590494637456,0.9601001242753799,0.9621264632755049,0.03537999195138183,0.9993631628956156,0.9952279077896732
T04,0,5,31,0.8857142857142857,0.07776966691017151,BG0–BG15,0.03251470056309065,0.9671821697022969,0.9674739659085407,0.03361193247919418,0.9993824787873309,0.9996399765686335
T04,0,5,31,0.8857142857142857,0.07776966691017151,BG1–BG15,0.0346823472672967,0.9671821697022973,0.967493418988957,0.03585272797780713,0.9993413107064862,0.9996399765686335
T04,0,all,35,1.0,0.009900989942252636,BG0–BG15,0.04535048569113827,0.7082592859867259,0.7075214827383254,0.06406880663148984,0.9976977789719466,0.9996069161552774
T04,0,all,35,1.0,0.009900989942252636,BG1–BG15,0.04837385140388081,0.7082592859867259,0.7074722958550989,0.06834006040692249,0.9975442975700762,0.9996069161552774
T04,0,1,35,1.0,0.009900989942252636,BG0–BG15,0.07341431801695443,0.6662017876655965,0.6633166550879971,0.11044607564232346,0.9930887093462781,0.9968886757464268
T04,0,1,35,1.0,0.009900989942252636,BG1–BG15,0.07830860588475137,0.6662017876655965,0.6631243129161571,0.1178091473518117,0.99262795663603,0.9968886757464268
T04,0,2,35,1.0,0.009900989942252636,BG0–BG15,0.049274538970948745,0.6902474261686892,0.6889519708356588,0.07145780329625433,0.9971320709960794,0.9985292040456603
T04,0,2,35,1.0,0.009900989942252636,BG1–BG15,0.05255950823567866,0.6902474261686892,0.68886560714679,0.07622165684933795,0.9969408757291514,0.9985292040456603
T04,0,3,35,1.0,0.009900989942252636,BG0–BG15,0.03529088173387749,0.6925387957132515,0.6913370805897306,0.05101549304071254,0.998515185865188,0.9971624581138967
T04,0,3,35,1.0,0.009900989942252636,BG1–BG15,0.03764360718280266,0.6925387957132513,0.6912569662481626,0.054416525910093376,0.9984161982562006,0.9971624581138967
T04,0,4,35,1.0,0.009900989942252636,BG0–BG15,0.028589230376093337,0.7386746939747733,0.7398905659142576,0.038669749976631904,0.9991809528479582,0.9970818232940256
T04,0,4,35,1.0,0.009900989942252636,BG1–BG15,0.030495179067832893,0.738674693974773,0.7399716240435564,0.041247733308407364,0.9991263497044888,0.9970818232940256
T04,0,5,35,1.0,0.009900989942252636,BG0–BG15,0.02964422167515466,0.7387811998091267,0.7386178066550788,0.04013027904190048,0.9991230754092908,0.9990836479132226
T04,0,5,35,1.0,0.009900989942252636,BG1–BG15,0.03162050312016497,0.7387811998091268,0.7386069137781421,0.04280563097802718,0.9990646137699102,0.9990836479132226
T04,1,all,0,0.0,0.9950248599052429,BG0–BG15,0.04469277196212226,1.1661958054293238,1.1658373751940414,0.038318993580999466,0.9990120702345051,0.995594578112769
T04,1,all,0,0.0,0.9950248599052429,BG1–BG15,0.04767229009293042,1.1661958054293238,1.1658134798450226,0.04087359315306609,0.9989462082501388,0.995594578112769
T04,1,1,0,0.0,0.9950248599052429,BG0–BG15,0.024107452132829995,1.1650860283887008,1.163988550000568,0.020701539762774595,0.999738723358697,0.9931733776258987
T04,1,1,0,0.0,0.9950248599052429,BG1–BG15,0.02571461560835199,1.1650860283887003,1.1639153847746924,0.022081642413626233,0.9997213049159437,0.9931733776258987
T04,1,2,0,0.0,0.9950248599052429,BG0–BG15,0.03446659974718505,1.1426693985198888,1.142135854558639,0.030166658380758778,0.9994165137853428,0.9983384727774298
T04,1,2,0,0.0,0.9950248599052429,BG1–BG15,0.03676437306366406,1.1426693985198888,1.1421002849612223,0.03217776893947603,0.9993776147043657,0.9983384727774298
T04,1,3,0,0.0,0.9950248599052429,BG0–BG15,0.03797458427296105,1.1653714546082208,1.1645644812506508,0.03259190445634681,0.9992839845048243,0.9944343248222847
T04,1,3,0,0.0,0.9950248599052429,BG1–BG15,0.04050622322449179,1.1653714546082203,1.1645106830268128,0.03476469808676993,0.9992362501384792,0.9944343248222847
T04,1,4,0,0.0,0.9950248599052429,BG0–BG15,0.04532763067726764,1.1912687217778246,1.190755017440769,0.0380483717141979,0.9990252461914884,0.9942514496078588
T04,1,4,0,0.0,0.9950248599052429,BG1–BG15,0.04834947272241882,1.1912687217778244,1.1907207704849654,0.040584929828477764,0.9989602626042541,0.9942514496078588
T04,1,5,0,0.0,0.9950248599052429,BG0–BG15,0.06320455914451882,1.164541257325447,1.165360413368348,0.05421821746743108,0.997939119213522,0.9936555314268429
T04,1,5,0,0.0,0.9950248599052429,BG1–BG15,0.06741819642082007,1.1645412573254466,1.165415023771208,0.057832765298593145,0.9978017271610901,0.9936555314268429
T04,1,all,4,0.11428571428571428,0.9906675815582275,BG0–BG15,0.04463937021521852,1.165421899076327,1.1654814419631712,0.03829036536393567,0.9990150404887712,0.9964908416489454
T04,1,all,4,0.11428571428571428,0.9906675815582275,BG1–BG15,0.04761532822956642,1.165421899076327,1.1654854114889608,0.04084305638819806,0.9989493765213561,0.9964908416489454
T04,1,1,4,0.11428571428571428,0.9906675815582275,BG0–BG15,0.024152971841958235,1.1649639321833503,1.1640890640380284,0.02074051899887304,0.9997378729050612,0.9949690004098518
T04,1,1,4,0.11428571428571428,0.9906675815582275,BG1–BG15,0.025763169964755448,1.1649639321833507,1.1640307394950071,0.022123220265464576,0.9997203977653988,0.9949690004098518
T04,1,2,4,0.11428571428571428,0.9906675815582275,BG0–BG15,0.03438059617911007,1.141930672521358,1.1418584115035104,0.030103580514328182,0.9994164977611817,0.9987675736590418
T04,1,2,4,0.11428571428571428,0.9906675815582275,BG1–BG15,0.03667263592438408,1.141930672521358,1.1418535941023207,0.03211048588195006,0.9993775976119269,0.9987675736590418
T04,1,3,4,0.11428571428571428,0.9906675815582275,BG0–BG15,0.03789458470717469,1.164845676288841,1.1639982567826617,0.032538547313542075,0.9992855723068399,0.994052353892062
T04,1,3,4,0.11428571428571428,0.9906675815582275,BG1–BG15,0.040420890354319665,1.1648456762888413,1.1639417621489163,0.034707783801111544,0.9992379437939626,0.994052353892062
T04,1,4,4,0.11428571428571428,0.9906675815582275,BG0–BG15,0.045238551014482896,1.191017520242838,1.1905931555260598,0.03797904202640612,0.9990267342529165,0.9942148948734897
T04,1,4,4,0.11428571428571428,0.9906675815582275,BG1–BG15,0.04825445441544842,1.191017520242838,1.1905648645449411,0.04051097816149986,0.9989618498697778,0.9942148948734897
T04,1,5,4,0.11428571428571428,0.9906675815582275,BG0–BG15,0.06321823863823214,1.1625996351181587,1.1645990697048627,0.05428707831805599,0.9979492936860892,0.995444110294008
T04,1,5,4,0.11428571428571428,0.9906675815582275,BG1–BG15,0.06743278788078094,1.162599635118159,1.1647323653439765,0.05790621687259305,0.9978125799318285,0.995444110294008
T04,1,all,8,0.22857142857142856,0.9814466834068298,BG0–BG15,0.045537032339735745,1.166501151410304,1.1662526756343081,0.039030767707115964,0.9989711574785565,0.9958017265156324
T04,1,all,8,0.22857142857142856,0.9814466834068298,BG1–BG15,0.04857283449571812,1.1665011514103045,1.166236110582575,0.041632818887590364,0.998902567977127,0.9958017265156324
T04,1,1,8,0.22857142857142856,0.9814466834068298,BG0–BG15,0.024482511922100703,1.1666011848268825,1.1656569308482512,0.02099467019296334,0.9997313510589316,0.9941407937196084
T04,1,1,8,0.22857142857142856,0.9814466834068298,BG1–BG15,0.026114679383574087,1.1666011848268822,1.165593980583009,0.022394314872494228,0.9997134411295271,0.9941407937196084
T04,1,2,8,0.22857142857142856,0.9814466834068298,BG0–BG15,0.03512494281771926,1.1437218583331328,1.1427836698894516,0.030720917093373455,0.9993954388666859,0.9974116952415016
T04,1,2,8,0.22857142857142856,0.9814466834068298,BG1–BG15,0.03746660567223388,1.1437218583331332,1.1427211239932058,0.032768978232931685,0.9993551347911317,0.9974116952415016
T04,1,3,8,0.22857142857142856,0.9814466834068298,BG0–BG15,0.03853332956716557,1.1655234512023964,1.1648246552310537,0.03306506164498802,0.9992630789974616,0.994901181584325
T04,1,3,8,0.22857142857142856,0.9814466834068298,BG1–BG15,0.04110221820497662,1.1655234512023964,1.164778068832964,0.03526939908798722,0.9992139509306257,0.994901181584325
T04,1,4,8,0.22857142857142856,0.9814466834068298,BG0–BG15,0.046317074083029666,1.1909244065278184,1.1909690871933991,0.03887983902253321,0.9989753264694565,0.9953065363093151
T04,1,4,8,0.22857142857142856,0.9814466834068298,BG1–BG15,0.049404879021898315,1.1909244065278182,1.1909720659044383,0.04147182829070208,0.9989070149007536,0.9953065363093151
T04,1,5,8,0.22857142857142856,0.9814466834068298,BG0–BG15,0.06438851598082625,1.164035249996811,1.1649425693445123,0.05525668683731641,0.9978464751268121,0.9932630917970785
T04,1,5,8,0.22857142857142856,0.9814466834068298,BG1–BG15,0.06868108371288133,1.164035249996811,1.1650030573010255,0.05894046595980417,0.997702906801933,0.9932630917970785
T04,1,all,12,0.34285714285714286,0.9606394171714783,BG0–BG15,0.04527023584375081,1.1643835901690476,1.164455945227378,0.03886666926876607,0.9989877968248084,0.9966305489018161
T04,1,all,12,0.34285714285714286,0.9606394171714783,BG1–BG15,0.04828825156666753,1.1643835901690476,1.1644607688979332,0.041457780553350476,0.9989203166131291,0.9966305489018161
T04,1,1,12,0.34285714285714286,0.9606394171714783,BG0–BG15,0.024838817490046315,1.1654921962986513,1.16451659702878,0.021320843990119395,0.9997230947078246,0.9942250938592795
T04,1,1,12,0.34285714285714286,0.9606394171714783,BG1–BG15,0.026494738656049406,1.165492196298651,1.1644515570774556,0.022742233589460686,0.9997046343550128,0.9942250938592795
T04,1,2,12,0.34285714285714286,0.9606394171714783,BG0–BG15,0.0360284973597158,1.1417528219268118,1.141454625204688,0.03155478714658221,0.9993623705870293,0.9984743435070058
T04,1,2,12,0.34285714285714286,0.9606394171714783,BG1–BG15,0.038430397183696854,1.1417528219268116,1.141434745423213,0.033658439623021036,0.9993198619594977,0.9984743435070058
T04,1,3,12,0.34285714285714286,0.9606394171714783,BG0–BG15,0.03966837353857716,1.1629898175014393,1.1627456973912276,0.034104793874669206,0.999220289310937,0.9953606011503929
T04,1,3,12,0.34285714285714286,0.9606394171714783,BG1–BG15,0.042312931774482296,1.1629898175014393,1.1627294227172136,0.03637844679964715,0.9991683085983328,0.9953606011503929
T04,1,4,12,0.34285714285714286,0.9606394171714783,BG0–BG15,0.046815323985549565,1.1889053375183665,1.1890147780658467,0.03936408337961651,0.9989527196134326,0.9959678084142639
T04,1,4,12,0.34285714285714286,0.9606394171714783,BG1–BG15,0.04993634558458621,1.1889053375183667,1.1890220741023447,0.04198835560492428,0.9988829009209945,0.9959678084142639
T04,1,5,12,0.34285714285714286,0.9606394171714783,BG0–BG15,0.06229495066622639,1.1612817692536725,1.1626496946043965,0.05357679741846587,0.9979984677726564,0.9956414256669245
T04,1,5,12,0.34285714285714286,0.9606394171714783,BG1–BG15,0.06644794737730814,1.1612817692536728,1.162740889627778,0.05714858391303027,0.9978650322908335,0.9956414256669245
T04,1,all,16,0.45714285714285713,0.9109315872192383,BG0–BG15,0.0420361676489677,1.1649396149953424,1.1647184170318188,0.03607844782783429,0.9991660428449629,0.9963635352165364
T04,1,all,16,0.45714285714285713,0.9109315872192383,BG1–BG15,0.04483857882556554,1.1649396149953426,1.164703670500917,0.038483677683023236,0.9991104457012938,0.9963635352165364
T04,1,1,16,0.45714285714285713,0.9109315872192383,BG0–BG15,0.025153133276694377,1.1660806929136396,1.1652547889914637,0.021579564519470906,0.9997204576499408,0.9961385135938451
T04,1,1,16,0.45714285714285713,0.9109315872192383,BG1–BG15,0.026830008828474004,1.1660806929136396,1.1651997287299851,0.023018202154102295,0.9997018214932701,0.9961385135938451
T04,1,2,16,0.45714285714285713,0.9109315872192383,BG0–BG15,0.035492601044188984,1.1408252212049086,1.140494029635503,0.031110659980763514,0.999392257059119,0.9984182499198898
T04,1,2,16,0.45714285714285713,0.9109315872192383,BG1–BG15,0.03785877444713492,1.1408252212049086,1.1404719501975427,0.03318470397948109,0.9993517408630602,0.9984182499198898
T04,1,3,16,0.45714285714285713,0.9109315872192383,BG0–BG15,0.03782926646773095,1.162767634300794,1.1626387857568174,0.032528398140372665,0.9993156723692329,0.9964740511161558
T04,1,3,16,0.45714285714285713,0.9109315872192383,BG1–BG15,0.04035121756557968,1.1627676343007942,1.1626301958538858,0.034696958016397515,0.9992700505271818,0.9964740511161558
T04,1,4,16,0.45714285714285713,0.9109315872192383,BG0–BG15,0.04437102545546058,1.1899636994205176,1.1893918920678854,0.03728548115549593,0.9990977868347969,0.9938745470728197
T04,1,4,16,0.45714285714285713,0.9109315872192383,BG1–BG15,0.047329093819157966,1.1899636994205172,1.18935377157771,0.03977117989919565,0.99903763929045,0.9938745470728197
T04,1,5,16,0.45714285714285713,0.9109315872192383,BG0–BG15,0.055072908087593214,1.16312990891471,1.1636752524333307,0.04731306916618783,0.9985198510371295,0.9943233618309502
T04,1,5,16,0.45714285714285713,0.9109315872192383,BG1–BG15,0.05874443529343276,1.1631299089147098,1.1637116086679054,0.05046727377726702,0.9984211744396048,0.9943233618309502
T04,1,all,19,0.5428571428571428,0.831115186214447,BG0–BG15,0.032597785990894745,1.1651828371908304,1.1643292110670838,0.027982742952606998,0.9995116169866987,0.9960785299423616
T04,1,all,19,0.5428571428571428,0.831115186214447,BG1–BG15,0.034770971723621064,1.1651828371908304,1.1642723026588337,0.029848259149447467,0.9994790581191454,0.9960785299423616
T04,1,1,19,0.5428571428571428,0.831115186214447,BG0–BG15,0.026695099989665502,1.1666031188216133,1.165070807383291,0.022900094294358162,0.9996897441530479,0.9942429927846633
T04,1,1,19,0.5428571428571428,0.831115186214447,BG1–BG15,0.028474773322309875,1.1666031188216128,1.1649686532874026,0.024426767247315375,0.9996690604299177,0.9942429927846633
T04,1,2,19,0.5428571428571428,0.831115186214447,BG0–BG15,0.032682305751937424,1.1391606659914741,1.1383076791571214,0.028697564501401103,0.9994970670629344,0.996940095383032
T04,1,2,19,0.5428571428571428,0.831115186214447,BG1–BG15,0.03486112613539993,1.1391606659914741,1.1382508133681644,0.03061073546816117,0.9994635382004634,0.996940095383032
T04,1,3,19,0.5428571428571428,0.831115186214447,BG0–BG15,0.029234243668737836,1.1622603420575222,1.1612090251037461,0.025162482932686463,0.9996091931813416,0.9954261572910441
T04,1,3,19,0.5428571428571428,0.831115186214447,BG1–BG15,0.0311831932466537,1.162260342057522,1.1611389373068277,0.026839981794865565,0.9995831393934311,0.9954261572910441
T04,1,4,19,0.5428571428571428,0.831115186214447,BG0–BG15,0.03278270205108398,1.1902564035108325,1.1894582697412366,0.027547618978616864,0.9995130373305654,0.9957570101667212
T04,1,4,19,0.5428571428571428,0.831115186214447,BG1–BG15,0.03496821552115625,1.190256403510833,1.1894050608232634,0.029384126910524656,0.9994805731526032,0.9957570101667212
T04,1,5,19,0.5428571428571428,0.831115186214447,BG0–BG15,0.03757787976441544,1.1651596782257934,1.164928613188575,0.032241362007641695,0.9993109194174195,0.9931638074850697
T04,1,5,19,0.5428571428571428,0.831115186214447,BG1–BG15,0.04008307174870981,1.1651596782257934,1.1649132088527605,0.034390786141484476,0.999264980711914,0.9931638074850697
T04,1,all,23,0.6571428571428571,0.618124783039093,BG0–BG15,0.02488650267995036,1.1651269725162106,1.1637614451512373,0.021372340097545486,0.9997459622414414,0.9952696214365103
T04,1,all,23,0.6571428571428571,0.618124783039093,BG1–BG15,0.02654560285861372,1.1651269725162103,1.1636704099935726,0.022797162770715185,0.9997290263908709,0.9952696214365103
T04,1,1,23,0.6571428571428571,0.618124783039093,BG0–BG15,0.03207133741376849,1.1660138152868944,1.1644155271340038,0.027527575615562835,0.9995508639145632,0.9950570879693784
T04,1,1,23,0.6571428571428571,0.618124783039093,BG1–BG15,0.03420942657468639,1.1660138152868949,1.1643089745904776,0.029362747323267026,0.9995209215088674,0.9950570879693784
T04,1,2,23,0.6571428571428571,0.618124783039093,BG0–BG15,0.02881130408628676,1.1344320918733422,1.1331335741403512,0.025411574972980133,0.9996409836565072,0.9962916750479036
T04,1,2,23,0.6571428571428571,0.618124783039093,BG1–BG15,0.030732057692039218,1.1344320918733426,1.133047006291485,0.02710567997117881,0.9996170492336078,0.9962916750479036
T04,1,3,23,0.6571428571428571,0.618124783039093,BG0–BG15,0.021251230618301517,1.159982793849624,1.1588157050620629,0.018330052094948493,0.9998145133370668,0.9953506036740112
T04,1,3,23,0.6571428571428571,0.618124783039093,BG1–BG15,0.02266797932618829,1.159982793849624,1.1587378991428918,0.019552055567945058,0.999802147559538,0.9953506036740112
T04,1,4,23,0.6571428571428571,0.618124783039093,BG0–BG15,0.020361780220952558,1.1927466456302043,1.191218902375021,0.017082570354173342,0.9998411851021944,0.9920872158833638
T04,1,4,23,0.6571428571428571,0.618124783039093,BG1–BG15,0.02171923223568273,1.1927466456302045,1.1911170528246753,0.018221408377784895,0.9998305974423408,0.9920872158833638
T04,1,5,23,0.6571428571428571,0.618124783039093,BG0–BG15,0.020291363125468254,1.1686164362614029,1.1673574703596121,0.01737235704913984,0.9998341977393446,0.9914478441449533
T04,1,5,23,0.6571428571428571,0.618124783039093,BG1–BG15,0.021644120667166138,1.1686164362614027,1.1672735392994928,0.018530514185749167,0.9998231442553008,0.9914478441449533
T04,1,all,27,0.7714285714285715,0.30132922530174255,BG0–BG15,0.03370022966996086,1.1455598415300756,1.144258860603631,0.029435387440908407,0.999522717736947,0.9974179784799776
T04,1,all,27,0.7714285714285715,0.30132922530174255,BG1–BG15,0.03594691164795826,1.1455598415300758,1.1441721285418678,0.03139774660363563,0.99949089891941,0.9974179784799776
T04,1,1,27,0.7714285714285715,0.30132922530174255,BG0–BG15,0.048589153164915966,1.1424843098330513,1.141490737843132,0.04254674625415281,0.9989581890389099,0.9971444403518637
T04,1,1,27,0.7714285714285715,0.30132922530174255,BG1–BG15,0.05182843004257704,1.1424843098330513,1.1414244997104706,0.04538319600442967,0.9988887349748372,0.9971444403518637
T04,1,2,27,0.7714285714285715,0.30132922530174255,BG0–BG15,0.04080066693866713,1.1098496764150427,1.108328961986238,0.03678754552839989,0.9992585572584652,0.9973408683933288
T04,1,2,27,0.7714285714285715,0.30132922530174255,BG1–BG15,0.043520711401244944,1.1098496764150423,1.1082275810243176,0.03924004856362655,0.9992091277423629,0.9973408683933288
T04,1,3,27,0.7714285714285715,0.30132922530174255,BG0–BG15,0.02821347866638109,1.1402186134100507,1.1386936531634237,0.024761752042853195,0.9996675624401603,0.9960728015101632
T04,1,3,27,0.7714285714285715,0.30132922530174255,BG1–BG15,0.03009437724413983,1.140218613410051,1.138591989146982,0.026412535512376736,0.999645399936171,0.9960728015101632
T04,1,4,27,0.7714285714285715,0.30132922530174255,BG0–BG15,0.022716630758930087,1.1766120765275068,1.175067215846226,0.019320627396547635,0.9997997670331825,0.9945069902788783
T04,1,4,27,0.7714285714285715,0.30132922530174255,BG1–BG15,0.024231072809525425,1.176612076527507,1.1749642251341408,0.020608669222984148,0.9997864181687282,0.9945069902788783
T04,1,5,27,0.7714285714285715,0.30132922530174255,BG0–BG15,0.023182819119002565,1.153012993807607,1.1520259612634238,0.02011457326426823,0.9997811441667811,0.9955113425030837
T04,1,5,27,0.7714285714285715,0.30132922530174255,BG1–BG15,0.024728340393602735,1.153012993807607,1.1519601590938118,0.021455544815219444,0.9997665537778998,0.9955113425030837
T04,1,all,31,0.8857142857142857,0.07776966691017151,BG0–BG15,0.0534131152061985,0.9534960671243694,0.9524758703856203,0.0560518787218856,0.9982491184747944,0.9989598880254926
T04,1,all,31,0.8857142857142857,0.07776966691017151,BG1–BG15,0.0569739895532784,0.9534960671243694,0.9524078572697037,0.05978867063667799,0.9981323930397806,0.9989598880254926
T04,1,1,31,0.8857142857142857,0.07776966691017151,BG0–BG15,0.08196898762073151,0.9706369567067672,0.9674217928529716,0.08460777827935598,0.9959270460203864,0.9948095580010413
T04,1,1,31,0.8857142857142857,0.07776966691017151,BG1–BG15,0.08743358679544697,0.9706369567067675,0.9672074485960517,0.09024829683131305,0.9956555157550787,0.9948095580010413
T04,1,2,31,0.8857142857142857,0.07776966691017151,BG0–BG15,0.06707187370690973,0.9345888625190875,0.9327234025885587,0.07183986295078873,0.9971572492964624,0.9978768728587897
T04,1,2,31,0.8857142857142857,0.07776966691017151,BG1–BG15,0.07154333195403705,0.9345888625190872,0.9325990385931902,0.07662918714750798,0.9969677325828933,0.9978768728587897
T04,1,3,31,0.8857142857142857,0.07776966691017151,BG0–BG15,0.04102349871598532,0.9390525461221747,0.9380789514323319,0.04371303728436108,0.9989340689859988,0.9985309119684572
T04,1,3,31,0.8857142857142857,0.07776966691017151,BG1–BG15,0.04375839863038433,0.9390525461221749,0.9380140451196755,0.04662723976998516,0.9988630069183988,0.9985309119684572
T04,1,4,31,0.8857142857142857,0.07776966691017151,BG0–BG15,0.03204631328069513,0.9716716848413903,0.9722684382939966,0.032971553659159894,0.9994061741564334,0.9985398986941898
T04,1,4,31,0.8857142857142857,0.07776966691017151,BG1–BG15,0.03418273416607482,0.97167168484139,0.9723082218575035,0.03516965723643721,0.9993665857668623,0.9985398986941898
T04,1,5,31,0.8857142857142857,0.07776966691017151,BG0–BG15,0.0323705241351947,0.9508883207731106,0.9507864372167645,0.03404354625180033,0.9993669429364911,0.9995643541157654
T04,1,5,31,0.8857142857142857,0.07776966691017151,BG1–BG15,0.03452855907754102,0.9508883207731105,0.9507796449796747,0.03631311600192035,0.999324739132257,0.9995643541157654
T04,1,all,35,1.0,0.009900989942252636,BG0–BG15,0.04646667806942877,0.704693162300217,0.7044420397588506,0.06595327132578477,0.997558661705572,0.9998042081083737
T04,1,all,35,1.0,0.009900989942252636,BG1–BG15,0.049564456607390686,0.7046931623002168,0.7044252982560928,0.07035015608083708,0.9973959058192767,0.9998042081083737
T04,1,1,35,1.0,0.009900989942252636,BG0–BG15,0.07234467119900732,0.685721638427824,0.6829419778320642,0.10573852763100146,0.9936474276990144,0.9971697761810978
T04,1,1,35,1.0,0.009900989942252636,BG1–BG15,0.07716764927894117,0.6857216384278237,0.6827566671256802,0.11278776280640157,0.9932239228789487,0.9971697761810978
T04,1,2,35,1.0,0.009900989942252636,BG0–BG15,0.05412394400092675,0.6745827178006017,0.6737721425039997,0.08028091368973994,0.9964119297891832,0.9992862176541116
T04,1,2,35,1.0,0.009900989942252636,BG1–BG15,0.057732206934321885,0.6745827178006019,0.673718104150893,0.08563297460238924,0.9961727251084622,0.9992862176541116
T04,1,3,35,1.0,0.009900989942252636,BG0–BG15,0.03773327975337176,0.6908377287052131,0.6909143291891463,0.05462408000196643,0.9982828332954539,0.9992272189082035
T04,1,3,35,1.0,0.009900989942252636,BG1–BG15,0.04024883173692987,0.6908377287052132,0.6909194358880751,0.05826568533543087,0.9981683555151508,0.9992272189082035
T04,1,4,35,1.0,0.009900989942252636,BG0–BG15,0.029179167170730783,0.7300428354259596,0.7313341045736792,0.03993141289310398,0.9991276520941113,0.9967780418348701
T04,1,4,35,1.0,0.009900989942252636,BG1–BG15,0.031124444982112844,0.7300428354259594,0.7314201891835272,0.042593507085977575,0.9990694955670519,0.9967780418348701
T04,1,5,35,1.0,0.009900989942252636,BG0–BG15,0.029520334660038436,0.7305900959605187,0.7309982087001199,0.04039424190827025,0.9991092772813202,0.9986484507365
T04,1,5,35,1.0,0.009900989942252636,BG1–BG15,0.03148835697070766,0.7305900959605188,0.7310254162160933,0.043087191368821595,0.9990498957667415,0.9986484507365
T04,2,all,0,0.0,0.9950248599052429,BG0–BG15,0.042368571457963244,1.1725124125108703,1.1725479690743146,0.036122890227136654,0.9991326565312391,0.9966934110860198
T04,2,all,0,0.0,0.9950248599052429,BG1–BG15,0.04519314288849412,1.1725124125108703,1.1725503395118777,0.03853108290894576,0.9990748336333214,0.9966934110860198
T04,2,1,0,0.0,0.9950248599052429,BG0–BG15,0.024191792609562945,1.1670323645043836,1.1663464289633454,0.020734640477460098,0.9997357915601468,0.9946921062047913
T04,2,1,0,0.0,0.9950248599052429,BG1–BG15,0.0258045787835338,1.1670323645043834,1.166300699927276,0.022116949842624103,0.9997181776641566,0.9946921062047913
T04,2,2,0,0.0,0.9950248599052429,BG0–BG15,0.03360787273068355,1.2141586950114867,1.2130606569219795,0.02769008843816346,0.999507204701343,0.9955542815834875
T04,2,2,0,0.0,0.9950248599052429,BG1–BG15,0.03584839757939579,1.2141586950114867,1.2129874543826793,0.029536094334041023,0.9994743516814327,0.9955542815834875
T04,2,3,0,0.0,0.9950248599052429,BG0–BG15,0.03737196373126336,1.149538199186927,1.1499571177833408,0.032493234495028264,0.999290060334385,0.9971073426144282
T04,2,3,0,0.0,0.9950248599052429,BG1–BG15,0.03986342798001426,1.149538199186927,1.149985045689768,0.03465945012803014,0.9992427310233438,0.9971073426144282
T04,2,4,0,0.0,0.9950248599052429,BG0–BG15,0.04362602733236584,1.1725174922224235,1.1722512067747828,0.03720578210917771,0.9990745305045363,0.9977625585508216
T04,2,4,0,0.0,0.9950248599052429,BG1–BG15,0.04653442915452356,1.1725174922224233,1.1722334544116066,0.03968616758312289,0.999012832538172,0.9977625585508216
T04,2,5,0,0.0,0.9950248599052429,BG0–BG15,0.058160187022555224,1.161885746466361,1.1633339133400478,0.04998507911682701,0.9982911784378238,0.9946101172399032
T04,2,5,0,0.0,0.9950248599052429,BG1–BG15,0.06203753282405891,1.1618857464663608,1.1634304577982937,0.05331741772461548,0.9981772570003454,0.9946101172399032
T04,2,all,4,0.11428571428571428,0.9906675815582275,BG0–BG15,0.04233173926690474,1.1722147046961577,1.1721677898996878,0.03610108666718041,0.9991340715111325,0.9959349657381052
T04,2,all,4,0.11428571428571428,0.9906675815582275,BG1–BG15,0.045153855218031724,1.1722147046961575,1.1721646622465898,0.03850782577832577,0.9990763429452081,0.9959349657381052
T04,2,1,4,0.11428571428571428,0.9906675815582275,BG0–BG15,0.02433326008368109,1.166829304607176,1.165969342376192,0.02086091392908202,0.9997329015537817,0.9940219782374887
T04,2,1,4,0.11428571428571428,0.9906675815582275,BG1–BG15,0.025955477422593153,1.1668293046071763,1.165912011560793,0.022251641524354156,0.9997150949907004,0.9940219782374887
T04,2,2,4,0.11428571428571428,0.9906675815582275,BG0–BG15,0.03357622754090844,1.2133679492690719,1.212617366010035,0.02767652682065425,0.9995070093152172,0.9963661264423392
T04,2,2,4,0.11428571428571428,0.9906675815582275,BG1–BG15,0.035814642710302345,1.2133679492690717,1.2125673271260993,0.029521628608697868,0.9994741432695649,0.9963661264423392
T04,2,3,4,0.11428571428571428,0.9906675815582275,BG0–BG15,0.03743118098564349,1.1495686824870788,1.1496593488956508,0.032548005200220054,0.9992879923003057,0.9949209916835267
T04,2,3,4,0.11428571428571428,0.9906675815582275,BG1–BG15,0.039926593051353064,1.1495686824870788,1.149665393322889,0.034717872213568056,0.999240525120326,0.9949209916835267
T04,2,4,4,0.11428571428571428,0.9906675815582275,BG0–BG15,0.04380277593203194,1.1725234814645666,1.1719569300979857,0.037360536638254276,0.9990657606738387,0.997149645612142
T04,2,4,4,0.11428571428571428,0.9906675815582275,BG1–BG15,0.046722960994167395,1.1725234814645664,1.1719191600068806,0.039851239080804575,0.9990034780520946,0.997149645612142
T04,2,5,4,0.11428571428571428,0.9906675815582275,BG0–BG15,0.057866582264738856,1.161400075417706,1.162865220678276,0.049751722287906676,0.9983082404937696,0.9940996392969679
T04,2,5,4,0.11428571428571428,0.9906675815582275,BG1–BG15,0.06172435441572144,1.161400075417706,1.1629628970289805,0.05306850377376712,0.9981954565266875,0.9940996392969679
T04,2,all,8,0.22857142857142856,0.9814466834068298,BG0–BG15,0.042421121107882334,1.173003874234579,1.172949879800921,0.03615335511022126,0.9991328909415483,0.9959703659331077
T04,2,all,8,0.22857142857142856,0.9814466834068298,BG1–BG15,0.04524919584840783,1.173003874234579,1.1729462801720103,0.03856357878423601,0.999075083670985,0.9959703659331077
T04,2,1,8,0.22857142857142856,0.9814466834068298,BG0–BG15,0.024950369822857168,1.1687008940952128,1.1675448559693744,0.021358987512942802,0.9997205944960061,0.992740027895643
T04,2,1,8,0.22857142857142856,0.9814466834068298,BG1–BG15,0.026613727811047642,1.168700894095213,1.167467786760985,0.02278292001380566,0.9997019674624067,0.992740027895643
T04,2,2,8,0.22857142857142856,0.9814466834068298,BG0–BG15,0.03414423205382868,1.2151461008831053,1.2142504510232572,0.028106070605666413,0.9994944808071132,0.9960003197423032
T04,2,2,8,0.22857142857142856,0.9814466834068298,BG1–BG15,0.036420514190750604,1.2151461008831055,1.2141907410326007,0.02997980864604417,0.9994607795275875,0.9960003197423032
T04,2,3,8,0.22857142857142856,0.9814466834068298,BG0–BG15,0.037768601788673084,1.1496557052416099,1.1504913108135733,0.03282812967518762,0.9992744420595834,0.99808204917488
T04,2,3,8,0.22857142857142856,0.9814466834068298,BG1–BG15,0.04028650857458462,1.1496557052416099,1.1505470178517043,0.03501667165353346,0.9992260715302224,0.99808204917488
T04,2,4,8,0.22857142857142856,0.9814466834068298,BG0–BG15,0.04374020766073997,1.1730943691550773,1.172546403405829,0.03728754540324318,0.9990670533931065,0.9963660578504289
T04,2,4,8,0.22857142857142856,0.9814466834068298,BG1–BG15,0.0466562215047893,1.1730943691550773,1.172509872355879,0.03977338176345939,0.999004856952647,0.9963660578504289
T04,2,5,8,0.22857142857142856,0.9814466834068298,BG0–BG15,0.05755171546044602,1.1612984310068812,1.1624782829192277,0.049491532123577514,0.9983301969461066,0.9923926116480986
T04,2,5,8,0.22857142857142856,0.9814466834068298,BG1–BG15,0.06138849649114241,1.1612984310068808,1.1625569397133841,0.052790967598482674,0.9982188767425135,0.9923926116480986
T04,2,all,12,0.34285714285714286,0.9606394171714783,BG0–BG15,0.04230697417410155,1.1709302323455035,1.1705993662783554,0.036124878137638664,0.9991410012049233,0.9950552183775779
T04,2,all,12,0.34285714285714286,0.9606394171714783,BG1–BG15,0.045127439119041664,1.1709302323455035,1.1705773085405453,0.038533203346814565,0.9990837346185849,0.9950552183775779
T04,2,1,12,0.34285714285714286,0.9606394171714783,BG0–BG15,0.02557241484446065,1.1670477267320771,1.1659489568797556,0.021922017614298305,0.9997040981373181,0.9939622109054724
T04,2,1,12,0.34285714285714286,0.9606394171714783,BG1–BG15,0.027277242500758025,1.167047726732077,1.1658757055562674,0.02338348545525153,0.9996843713464726,0.9939622109054724
T04,2,2,12,0.34285714285714286,0.9606394171714783,BG0–BG15,0.034576879666930196,1.21431310605048,1.2135454150234275,0.02848119229270389,0.9994800602291574,0.9968992187728744
T04,2,2,12,0.34285714285714286,0.9606394171714783,BG1–BG15,0.03688200497805887,1.2143131060504797,1.2134942356216243,0.030379938445550817,0.9994453975777678,0.9968992187728744
T04,2,3,12,0.34285714285714286,0.9606394171714783,BG0–BG15,0.03858014740323397,1.1490964442606928,1.1491776743880262,0.033560560778763716,0.9992470032553609,0.9949590799526966
T04,2,3,12,0.34285714285714286,0.9606394171714783,BG1–BG15,0.04115215723011623,1.1490964442606926,1.1491830897298485,0.035797931497347966,0.9991968034723852,0.9949590799526966
T04,2,4,12,0.34285714285714286,0.9606394171714783,BG0–BG15,0.043919841150878505,1.1700383671630814,1.1691764882834255,0.03754495293238048,0.9990598658982242,0.9955579426959036
T04,2,4,12,0.34285714285714286,0.9606394171714783,BG1–BG15,0.04684783056093709,1.1700383671630814,1.1691190296914484,0.04004794979453918,0.9989971902914391,0.9955579426959036
T04,2,5,12,0.34285714285714286,0.9606394171714783,BG0–BG15,0.056297264114167946,1.1575319129301682,1.1582601599392537,0.0485816280473563,0.9984123515050419,0.9906792019941333
T04,2,5,12,0.34285714285714286,0.9606394171714783,BG1–BG15,0.06005041505511247,1.157531912930168,1.1583087097398597,0.05182040325051339,0.9983065082720446,0.9906792019941333
T04,2,all,16,0.45714285714285713,0.9109315872192383,BG0–BG15,0.042702648039885494,1.1698818958578612,1.1696340953116602,0.036496951016856856,0.9991389218967055,0.9966263090345462
T04,2,all,16,0.45714285714285713,0.9109315872192383,BG1–BG15,0.045549491242544524,1.1698818958578614,1.1696175752752465,0.03893008108464732,0.9990815166898191,0.9966263090345462
T04,2,1,16,0.45714285714285713,0.9109315872192383,BG0–BG15,0.027265382779530473,1.1661112577043178,1.1648149148080709,0.0233944702773389,0.9996641823251862,0.9931548215353679
T04,2,1,16,0.45714285714285713,0.9109315872192383,BG1–BG15,0.029083074964832503,1.1661112577043178,1.1647284919483212,0.024954101629161486,0.9996417944801986,0.9931548215353679
T04,2,2,16,0.45714285714285713,0.9109315872192383,BG0–BG15,0.03633482043264641,1.2143204163475783,1.2136032346825194,0.029928418902724453,0.9994362353868315,0.9963892765137948
T04,2,2,16,0.45714285714285713,0.9109315872192383,BG1–BG15,0.03875714179482282,1.2143204163475783,1.2135554225715155,0.031923646829572744,0.9993986510792869,0.9963892765137948
T04,2,3,16,0.45714285714285713,0.9109315872192383,BG0–BG15,0.040088014980704766,1.1494307057040123,1.1503283897027106,0.0348524418605242,0.9992018120797224,0.9980059240321656
T04,2,3,16,0.45714285714285713,0.9109315872192383,BG1–BG15,0.04276054931275175,1.1494307057040127,1.1503882353026238,0.03717593798455914,0.999148599551704,0.9980059240321656
T04,2,4,16,0.45714285714285713,0.9109315872192383,BG0–BG15,0.04489922674272005,1.1677044528567346,1.1670403517705905,0.038457980927871456,0.9990282217463865,0.9972846409403044
T04,2,4,16,0.45714285714285713,0.9109315872192383,BG1–BG15,0.04789250852556805,1.1677044528567346,1.1669960783648474,0.0410218463230629,0.9989634365294789,0.9972846409403044
T04,2,5,16,0.45714285714285713,0.9109315872192383,BG0–BG15,0.054682603480342006,1.1555332411603403,1.1559116945377597,0.04728749583590869,0.9985300190945375,0.9938609074541198
T04,2,5,16,0.45714285714285713,0.9109315872192383,BG1–BG15,0.05832811037903148,1.1555332411603403,1.1559369247629208,0.05043999555830261,0.9984320203675066,0.9938609074541198
T04,2,all,19,0.5428571428571428,0.831115186214447,BG0–BG15,0.039128193114162504,1.169514267778958,1.1689552540865624,0.03345800654817925,0.9992985072401264,0.9964103316457094
T04,2,all,19,0.5428571428571428,0.831115186214447,BG1–BG15,0.04173673932177334,1.1695142677789578,1.1689179865070694,0.03568854031805787,0.9992517410561349,0.9964103316457094
T04,2,1,19,0.5428571428571428,0.831115186214447,BG0–BG15,0.02845987133618444,1.1642570227151368,1.1634279919708144,0.024453987677072037,0.9996404527842357,0.9961757175879116
T04,2,1,19,0.5428571428571428,0.831115186214447,BG1–BG15,0.030357196091930067,1.164257022715137,1.1633727232545263,0.026084253522210166,0.9996164829698514,0.9961757175879116
T04,2,2,19,0.5428571428571428,0.831115186214447,BG0–BG15,0.03543781014995123,1.2133601784480306,1.212860317328241,0.02921006650535838,0.9994813954626873,0.9974206138853785
T04,2,2,19,0.5428571428571428,0.831115186214447,BG1–BG15,0.037800330826614645,1.2133601784480308,1.2128269932535884,0.031157404272382273,0.9994468218268665,0.9974206138853785
T04,2,3,19,0.5428571428571428,0.831115186214447,BG0–BG15,0.03556813698775589,1.151209660085879,1.1514157385123802,0.030886200914646257,0.9994005983027298,0.9975740207675237
T04,2,3,19,0.5428571428571428,0.831115186214447,BG1–BG15,0.03793934612027295,1.151209660085879,1.151429477074147,0.03294528097562268,0.9993606381895787,0.9975740207675237
T04,2,4,19,0.5428571428571428,0.831115186214447,BG0–BG15,0.04075529527307597,1.1667490556213242,1.1657741912374133,0.034941897943044684,0.9992138441134926,0.9965341702978551
T04,2,4,19,0.5428571428571428,0.831115186214447,BG1–BG15,0.04347231495794769,1.166749055621324,1.1657092002784861,0.03727135780591432,0.9991614337210588,0.9965341702978551
T04,2,5,19,0.5428571428571428,0.831115186214447,BG0–BG15,0.04794103258996815,1.1555851134973072,1.1549260803123635,0.041479424895351426,0.9988735353070818,0.9913361741828308
T04,2,5,19,0.5428571428571428,0.831115186214447,BG1–BG15,0.051137101429299364,1.1555851134973072,1.1548821447667008,0.04424471988837485,0.9987984376608873,0.9913361741828308
T04,2,all,23,0.6571428571428571,0.618124783039093,BG0–BG15,0.027137581787022573,1.1696053995372555,1.1683705032805243,0.023213586369476447,0.9996979230793677,0.9950614783278265
T04,2,all,23,0.6571428571428571,0.618124783039093,BG1–BG15,0.02894675390615741,1.1696053995372557,1.168288176863409,0.024761158794108208,0.9996777846179922,0.9950614783278265
T04,2,1,23,0.6571428571428571,0.618124783039093,BG0–BG15,0.034424844104586946,1.165249276758519,1.1632394981751881,0.02956973787821498,0.9994886770300728,0.9926470729329356
T04,2,1,23,0.6571428571428571,0.618124783039093,BG1–BG15,0.03671983371155941,1.1652492767585192,1.1631055129362993,0.03154105373676264,0.9994545888320778,0.9926470729329356
T04,2,2,23,0.6571428571428571,0.618124783039093,BG0–BG15,0.032406662983061996,1.2121185152042895,1.2107739462660034,0.02674857636456877,0.9995973636621893,0.994777897989587
T04,2,2,23,0.6571428571428571,0.618124783039093,BG1–BG15,0.034567107181932795,1.2121185152042895,1.210684308336784,0.028531814788873355,0.9995705212396684,0.994777897989587
T04,2,3,23,0.6571428571428571,0.618124783039093,BG0–BG15,0.022358435519864463,1.1512557640701089,1.1503206826752919,0.019428851041582967,0.9997931926597273,0.9961973817132458
T04,2,3,23,0.6571428571428571,0.618124783039093,BG1–BG15,0.023848997887855432,1.1512557640701089,1.1502583439156373,0.020724107777688495,0.999779405503709,0.9961973817132458
T04,2,4,23,0.6571428571428571,0.618124783039093,BG0–BG15,0.021925306785720536,1.16775411098431,1.1662309737762397,0.018787092703797928,0.9998000341470575,0.9912593408163882
T04,2,4,23,0.6571428571428571,0.618124783039093,BG1–BG15,0.02338699390476857,1.1677541109843097,1.1661294312957016,0.020039565550717786,0.9997867030901947,0.9912593408163882
T04,2,5,23,0.6571428571428571,0.618124783039093,BG0–BG15,0.022336858433400122,1.155332545018346,1.154784729862028,0.019335659746396536,0.9997840656625681,0.9941373848958787
T04,2,5,23,0.6571428571428571,0.618124783039093,BG1–BG15,0.023825982328960136,1.1553325450183463,1.1547482088516066,0.02062470372948964,0.9997696700400726,0.9941373848958787
T04,2,all,27,0.7714285714285715,0.30132922530174255,BG0–BG15,0.03880641127377001,1.1505384250779882,1.1488147498788686,0.03375540146448788,0.9993722585323273,0.9966209688895522
T04,2,all,27,0.7714285714285715,0.30132922530174255,BG1–BG15,0.041393505358688014,1.1505384250779884,1.1486998381989273,0.03600576156212041,0.9993304091011489,0.9966209688895522
T04,2,1,27,0.7714285714285715,0.30132922530174255,BG0–BG15,0.0596138920702308,1.1502146535142965,1.146064408188255,0.05193023241496498,0.998469319953697,0.9927223483902416
T04,2,1,27,0.7714285714285715,0.30132922530174255,BG1–BG15,0.06358815154157953,1.1502146535142967,1.145787725166519,0.05539224790929598,0.9983672746172767,0.9927223483902416
T04,2,2,27,0.7714285714285715,0.30132922530174255,BG0–BG15,0.047720791083582,1.1893184615225472,1.187862680645706,0.04014606177798936,0.9991145910183923,0.9963508059616729
T04,2,2,27,0.7714285714285715,0.30132922530174255,BG1–BG15,0.0509021771558208,1.189318461522547,1.1877656285872498,0.04282246589652198,0.9990555637529517,0.9963508059616729
T04,2,3,27,0.7714285714285715,0.30132922530174255,BG0–BG15,0.030427232516487247,1.1287994389757061,1.1277840440927456,0.02696911654527364,0.999606047558242,0.9977306002421744
T04,2,3,27,0.7714285714285715,0.30132922530174255,BG1–BG15,0.03245571468425306,1.1287994389757061,1.1277163511005484,0.02876705764829188,0.9995797840621249,0.9977306002421744
T04,2,4,27,0.7714285714285715,0.30132922530174255,BG0–BG15,0.02363701830878536,1.150949460686057,1.1498804436368233,0.020547218531155542,0.9997730120547402,0.9967876140142337
T04,2,4,27,0.7714285714285715,0.30132922530174255,BG1–BG15,0.025212819529371055,1.150949460686057,1.1498091758335414,0.02191703309989924,0.9997578795250561,0.9967876140142337
T04,2,5,27,0.7714285714285715,0.30132922530174255,BG0–BG15,0.023540412335897154,1.1369491363310076,1.1357567522884926,0.020715564244473426,0.9997688520303374,0.9937356289795322
T04,2,5,27,0.7714285714285715,0.30132922530174255,BG1–BG15,0.025109773158290303,1.1369491363310078,1.1356772600189915,0.02209660186077166,0.9997534421656931,0.9937356289795322
T04,2,all,31,0.8857142857142857,0.07776966691017151,BG0–BG15,0.06402988857896119,0.9682789676972845,0.9659733972096789,0.06621359284116493,0.9975661711056498,0.997833855114243
T04,2,all,31,0.8857142857142857,0.07776966691017151,BG1–BG15,0.0682985478175586,0.9682789676972842,0.9658196925105053,0.07062783236390927,0.9974039158460266,0.997833855114243
T04,2,1,31,0.8857142857142857,0.07776966691017151,BG0–BG15,0.11006414248061352,0.9915397687229914,0.9819410266562856,0.11158812992482478,0.99304820114395,0.988581748924218
T04,2,1,31,0.8857142857142857,0.07776966691017151,BG1–BG15,0.1174017519793211,0.991539768722991,0.9813011105185051,0.11902733858647975,0.99258474788688,0.988581748924218
T04,2,2,31,0.8857142857142857,0.07776966691017151,BG0–BG15,0.07347181724529143,1.000369745537762,0.9975301492121222,0.07355283603646545,0.9970156167462363,0.9965094799234728
T04,2,2,31,0.8857142857142857,0.07776966691017151,BG1–BG15,0.07836993839497754,1.000369745537762,0.9973408427904128,0.07845635843889649,0.9968166578626521,0.9965094799234728
T04,2,3,31,0.8857142857142857,0.07776966691017151,BG0–BG15,0.045538303450991385,0.9403738277574346,0.9404642421002156,0.048427024525101066,0.9986996815192638,0.9991292894618533
T04,2,3,31,0.8857142857142857,0.07776966691017151,BG1–BG15,0.04857419034772414,0.9403738277574348,0.9404702697230677,0.051655492826774466,0.9986129936205482,0.9991292894618533
T04,2,4,31,0.8857142857142857,0.07776966691017151,BG0–BG15,0.033426443440554926,0.9675422526286171,0.9681863738940066,0.03453578945343333,0.9993527560202189,0.9992537710105325
T04,2,4,31,0.8857142857142857,0.07776966691017151,BG1–BG15,0.03565487300325858,0.9675422526286169,0.9682293153116993,0.03683817541699556,0.9993096064215669,0.9992537710105325
T04,2,5,31,0.8857142857142857,0.07776966691017151,BG0–BG15,0.03242680890344557,0.9473744522414657,0.9468565435794811,0.03423848950107085,0.999363539523661,0.9989124953656732
T04,2,5,31,0.8857142857142857,0.07776966691017151,BG1–BG15,0.03458859616367528,0.9473744522414657,0.9468220163353488,0.036521055467808906,0.9993211088252386,0.9989124953656732
T04,2,all,35,1.0,0.009900989942252636,BG0–BG15,0.05502078413007868,0.7111868083148407,0.7103709742882474,0.07741113068557948,0.9966547675517451,0.9995000786650774
T04,2,all,35,1.0,0.009900989942252636,BG1–BG15,0.058688836405417256,0.7111868083148406,0.7103165853531411,0.08257187273128477,0.9964317520551947,0.9995000786650774
T04,2,1,35,1.0,0.009900989942252636,BG0–BG15,0.09614216879932488,0.6943998219349842,0.6878689072218416,0.13912429590046607,0.9892137523816319,0.9917965116098721
T04,2,1,35,1.0,0.009900989942252636,BG1–BG15,0.1025516467192799,0.6943998219349843,0.687433512907632,0.14839924896049714,0.9884946692070741,0.9917965116098721
T04,2,2,35,1.0,0.009900989942252636,BG0–BG15,0.06027480364247803,0.7072901343547061,0.7071569475642718,0.08522644640980225,0.9959475860702928,0.9996618367295169
T04,2,2,35,1.0,0.009900989942252636,BG1–BG15,0.06429312388530989,0.707290134354706,0.7071480684449096,0.09090820950378907,0.9956774251416455,0.9996618367295169
T04,2,3,35,1.0,0.009900989942252636,BG0–BG15,0.03884427268228252,0.694690050600517,0.6959648719799587,0.055869275339250374,0.9982166478468104,0.9967495205628842
T04,2,3,35,1.0,0.009900989942252636,BG1–BG15,0.041433890861101365,0.694690050600517,0.6960498600719215,0.059593893695200406,0.9980977577032645,0.9967495205628842
T04,2,4,35,1.0,0.009900989942252636,BG0–BG15,0.029295294725600534,0.7334453311238623,0.7335213988981102,0.039940192937774815,0.9991220598563036,0.9991515116796279
T04,2,4,35,1.0,0.009900989942252636,BG1–BG15,0.0312483143739739,0.7334453311238623,0.7335264700830602,0.042602872466959804,0.9990635305133907,0.9991515116796279
T04,2,5,35,1.0,0.009900989942252636,BG0–BG15,0.028524291999632502,0.720805844099212,0.7212594538271618,0.03956039007214158,0.9991461878367601,0.9982987741325738
T04,2,5,35,1.0,0.009900989942252636,BG1–BG15,0.030425911466274668,0.7208058440992121,0.7212896944756918,0.042197749410284355,0.9990892670258774,0.9982987741325738
T05,0,all,0,0.0,0.9950248599052429,BG0–BG15,0.08498298549489028,1.1478697396865394,1.1483785118318854,0.07397482127027846,0.995823940647272,0.9981628871707666
T05,0,all,0,0.0,0.9950248599052429,BG1–BG15,0.09064851786121628,1.1478697396865392,1.1484124299749086,0.07890647602163035,0.9955455366904236,0.9981628871707666
T05,0,1,0,0.0,0.9950248599052429,BG0–BG15,0.038100862403883426,1.1569106476993605,1.1583535689065896,0.032897031848108695,0.9993019217122348,0.9964991723017171
T05,0,1,0,0.0,0.9950248599052429,BG1–BG15,0.04064091989747566,1.1569106476993603,1.1584497636537383,0.035090167304649277,0.9992553831597171,0.9964991723017171
T05,0,2,0,0.0,0.9950248599052429,BG0–BG15,0.05456946638546134,1.1747587624503188,1.174773492710214,0.046435480503226226,0.9984762175462797,0.9966419828844235
T05,0,2,0,0.0,0.9950248599052429,BG1–BG15,0.05820743081115876,1.174758762450319,1.1747744747275404,0.04953117920344131,0.9983746320493648,0.9966419828844235
T05,0,3,0,0.0,0.9950248599052429,BG0–BG15,0.08817024274673879,1.145672524665631,1.1448016484411638,0.07696284772790062,0.9955871633925624,0.9966381401241374
T05,0,3,0,0.0,0.9950248599052429,BG1–BG15,0.09404825892985472,1.145672524665631,1.1447435900261995,0.08209370424309399,0.9952929742854,0.9966381401241374
T05,0,4,0,0.0,0.9950248599052429,BG0–BG15,0.11017838560564715,1.1203265153421857,1.124387012268191,0.09800178217349928,0.9924078164709923,0.9980625906962293
T05,0,4,0,0.0,0.9950248599052429,BG1–BG15,0.1175236113126903,1.1203265153421855,1.124657712063258,0.10453523431839923,0.9919016709023919,0.9980625906962293
T05,0,5,0,0.0,0.9950248599052429,BG0–BG15,0.10115585979383121,1.1447660881657185,1.1428286594438535,0.08843371152294405,0.9937474302782892,0.997759666358631
T05,0,5,0,0.0,0.9950248599052429,BG1–BG15,0.10789958378008663,1.1447660881657185,1.1426994975290625,0.09432929229114033,0.9933305922968417,0.997759666358631
T05,0,all,4,0.11428571428571428,0.9906675815582275,BG0–BG15,0.08151580594302701,1.1475366336688806,1.1478724871335184,0.07098635752058138,0.9961739185562104,0.9979726646878204
T05,0,all,4,0.11428571428571428,0.9906675815582275,BG1–BG15,0.0869501930058955,1.147536633668881,1.1478948773644941,0.07571878135528681,0.9959188464599579,0.9979726646878204
T05,0,1,4,0.11428571428571428,0.9906675815582275,BG0–BG15,0.037360854989205564,1.1564856108667316,1.1575494050732154,0.032277141216928616,0.999331566100158,0.9962006909836432
T05,0,1,4,0.11428571428571428,0.9906675815582275,BG1–BG15,0.03985157865515261,1.1564856108667316,1.157620324686981,0.03442895063139052,0.9992870038401686,0.9962006909836432
T05,0,2,4,0.11428571428571428,0.9906675815582275,BG0–BG15,0.0529115067758719,1.1745334264776934,1.1742886208031564,0.04503995426516341,0.9985861784593263,0.9966859239185467
T05,0,2,4,0.11428571428571428,0.9906675815582275,BG1–BG15,0.056438940560930025,1.1745334264776939,1.174272300424854,0.048042617882840984,0.998491923689948,0.9966859239185467
T05,0,3,4,0.11428571428571428,0.9906675815582275,BG0–BG15,0.08492905157204009,1.1450496952643643,1.1440657496614515,0.07418152937290601,0.9959479461320522,0.995631963422866
T05,0,3,4,0.11428571428571428,0.9906675815582275,BG1–BG15,0.09059098834350943,1.1450496952643643,1.144000153287924,0.07912696466443306,0.9956778092075225,0.995631963422866
T05,0,4,4,0.11428571428571428,0.9906675815582275,BG0–BG15,0.10566658864035584,1.1204091557586278,1.124048122534433,0.09400327747258286,0.9930178930143303,0.9979591824795425
T05,0,4,4,0.11428571428571428,0.9906675815582275,BG1–BG15,0.11271102788304625,1.1204091557586275,1.1242907203194867,0.10027016263742171,0.9925524192152857,0.9979591824795425
T05,0,5,4,0.11428571428571428,0.9906675815582275,BG0–BG15,0.09605700355910937,1.144295292870374,1.142616836194235,0.08400565686234548,0.9943473561861165,0.9982301608456872
T05,0,5,4,0.11428571428571428,0.9906675815582275,BG1–BG15,0.10246080379638332,1.1442952928703742,1.1425049390824922,0.08960603398650185,0.9939705132651909,0.9982301608456872
T05,0,all,8,0.22857142857142856,0.9814466834068298,BG0–BG15,0.07385697758447607,1.1496763529749472,1.1499266860124397,0.06420480260904239,0.9969156550506095,0.9976842157827802
T05,0,all,8,0.22857142857142856,0.9814466834068298,BG1–BG15,0.07878077609010782,1.149676352974947,1.1499433748816061,0.06848512278297857,0.9967100320539833,0.9976842157827802
T05,0,1,8,0.22857142857142856,0.9814466834068298,BG0–BG15,0.035993838296884635,1.158410613824942,1.1590998056092219,0.031051369168899952,0.9993889682741367,0.9951195191785397
T05,0,1,8,0.22857142857142856,0.9814466834068298,BG1–BG15,0.038393427516676945,1.1584106138249415,1.159145751728174,0.033121460446826616,0.9993482328257458,0.9951195191785397
T05,0,2,8,0.22857142857142856,0.9814466834068298,BG0–BG15,0.048361832338748946,1.1758638488294006,1.1762695971340604,0.04110793853400066,0.9988445450314595,0.9978528572127426
T05,0,2,8,0.22857142857142856,0.9814466834068298,BG1–BG15,0.051585954494665534,1.1758638488294009,1.1762966470210374,0.0438484677696007,0.9987675147002235,0.9978528572127426
T05,0,3,8,0.22857142857142856,0.9814466834068298,BG0–BG15,0.07683955868571966,1.1478432825495113,1.1464228942181043,0.06696881694334228,0.9967811156288612,0.9937258153906773
T05,0,3,8,0.22857142857142856,0.9814466834068298,BG1–BG15,0.08196219593143429,1.1478432825495113,1.1463282016626772,0.0714334047395651,0.996566523337452,0.9937258153906773
T05,0,4,8,0.22857142857142856,0.9814466834068298,BG0–BG15,0.09524654089323732,1.1224307084407263,1.1253810772748665,0.0846254862835606,0.9943817869484868,0.9980685620779437
T05,0,4,8,0.22857142857142856,0.9814466834068298,BG1–BG15,0.1015963102861198,1.1224307084407263,1.1255777685304758,0.09026718536913132,0.9940072394117191,0.9980685620779437
T05,0,5,8,0.22857142857142856,0.9814466834068298,BG0–BG15,0.08620800755249447,1.146844384392433,1.1455738468596455,0.07521443959178874,0.9954705307626583,0.9980651972224638
T05,0,5,8,0.22857142857142856,0.9814466834068298,BG1–BG15,0.0919552080559941,1.146844384392433,1.1454891443574595,0.08022873556457467,0.9951685661468355,0.9980651972224638
T05,0,all,12,0.34285714285714286,0.9606394171714783,BG0–BG15,0.05767388738851567,1.149238529475577,1.1492136659069851,0.05017288299613513,0.9982890460894078,0.9980034526218556
T05,0,all,12,0.34285714285714286,0.9606394171714783,BG1–BG15,0.061518813214416705,1.1492385294755771,1.1492120083357458,0.05351774186254413,0.9981749824953685,0.9980034526218556
T05,0,1,12,0.34285714285714286,0.9606394171714783,BG0–BG15,0.0350121359440701,1.1562237841335181,1.156355684288387,0.03027305237248024,0.9994251566738228,0.9967380730570475
T05,0,1,12,0.34285714285714286,0.9606394171714783,BG1–BG15,0.037346278340341446,1.1562237841335183,1.156364477632045,0.03229125586397893,0.999386833785411,0.9967380730570475
T05,0,2,12,0.34285714285714286,0.9606394171714783,BG0–BG15,0.04212372071266432,1.1743611324909455,1.175017508893874,0.03584978204767104,0.999151607914134,0.998160545276504
T05,0,2,12,0.34285714285714286,0.9606394171714783,BG1–BG15,0.04493196876017528,1.1743611324909458,1.1750612673207357,0.038239767517515774,0.9990950484417428,0.998160545276504
T05,0,3,12,0.34285714285714286,0.9606394171714783,BG0–BG15,0.06122034983847945,1.1458089188498815,1.1458416499323816,0.05341295820407775,0.9981091631971126,0.9974537107363256
T05,0,3,12,0.34285714285714286,0.9606394171714783,BG1–BG15,0.0653017064943781,1.1458089188498815,1.145843832004548,0.05697382208434961,0.9979831074102532,0.9974537107363256
T05,0,4,12,0.34285714285714286,0.9606394171714783,BG0–BG15,0.07164575620200561,1.1242992379464132,1.124223341401438,0.06369967796142571,0.9971159160245195,0.99751330820965
T05,0,4,12,0.34285714285714286,0.9606394171714783,BG1–BG15,0.076422139948806,1.1242992379464132,1.124218281631773,0.0679463231588541,0.9969236437594874,0.99751330820965
T05,0,5,12,0.34285714285714286,0.9606394171714783,BG0–BG15,0.06396125633543989,1.1481554432558994,1.147393206361746,0.05572362062448491,0.9977660835568882,0.9973528719623102
T05,0,5,12,0.34285714285714286,0.9606394171714783,BG1–BG15,0.06822534009113587,1.1481554432558991,1.1473423905688025,0.059438528666117235,0.9976171557940142,0.9973528719623102
T05,0,all,16,0.45714285714285713,0.9109315872192383,BG0–BG15,0.05171928553260262,1.1527499396697172,1.1529875702869457,0.0448493220231443,0.9986754935839266,0.9982733067638154
T05,0,all,16,0.45714285714285713,0.9109315872192383,BG1–BG15,0.055167237901442796,1.1527499396697176,1.1530034123280943,0.047839276824687235,0.9985871931561885,0.9982733067638154
T05,0,1,16,0.45714285714285713,0.9109315872192383,BG0–BG15,0.03728352301548728,1.1578181910415566,1.1578147470097564,0.03219525777167495,0.9993456522220274,0.9976413842374493
T05,0,1,16,0.45714285714285713,0.9109315872192383,BG1–BG15,0.03976909121651976,1.1578181910415566,1.1578145174076362,0.03434160828978662,0.9993020290368293,0.9976413842374493
T05,0,2,16,0.45714285714285713,0.9109315872192383,BG0–BG15,0.043447120656372365,1.1778389845890103,1.1782059774032496,0.03686946745676822,0.9991030380653836,0.997067309084848
T05,0,2,16,0.45714285714285713,0.9109315872192383,BG1–BG15,0.046343595366797184,1.1778389845890103,1.1782304435908657,0.0393274319538861,0.9990432406030759,0.997067309084848
T05,0,3,16,0.45714285714285713,0.9109315872192383,BG0–BG15,0.05892355594461406,1.1501295152731696,1.1502516787100507,0.051213434464912555,0.9982812428893368,0.9979509951277019
T05,0,3,16,0.45714285714285713,0.9109315872192383,BG1–BG15,0.06285179300758834,1.1501295152731694,1.1502598229391763,0.05462766342924006,0.9981666590819593,0.9979509951277019
T05,0,4,16,0.45714285714285713,0.9109315872192383,BG0–BG15,0.06228059132699783,1.1287192348261148,1.1288829607393573,0.05515697967277088,0.9979471167836437,0.9982518803181634
T05,0,4,16,0.45714285714285713,0.9109315872192383,BG1–BG15,0.06643263074879767,1.1287192348261146,1.1288938758002405,0.05883411165095561,0.9978102579025534,0.9982518803181634
T05,0,5,16,0.45714285714285713,0.9109315872192383,BG0–BG15,0.04980928806931323,1.1517751070932618,1.1522790165436618,0.04322594969297719,0.9987383745473397,0.998394552483412
T05,0,5,16,0.45714285714285713,0.9109315872192383,BG1–BG15,0.0531299072739341,1.1517751070932616,1.1523126105070216,0.046107679672509,0.998654266183829,0.998394552483412
T05,0,all,19,0.5428571428571428,0.831115186214447,BG0–BG15,0.04773710863096177,1.152372786239047,1.1526574469937572,0.04140866440531939,0.9989041758718189,0.9985880771219847
T05,0,all,19,0.5428571428571428,0.831115186214447,BG1–BG15,0.05091958253969256,1.1523727862390467,1.1526764243774044,0.044169242032340676,0.9988311209299401,0.9985880771219847
T05,0,1,19,0.5428571428571428,0.831115186214447,BG0–BG15,0.0377961671897281,1.155499335749557,1.1558775489515658,0.03269681580123378,0.999335282505081,0.9980938182665983
T05,0,1,19,0.5428571428571428,0.831115186214447,BG1–BG15,0.040315911669043324,1.155499335749557,1.1559027631650325,0.03487660352131603,0.9992909680054197,0.9980938182665983
T05,0,2,19,0.5428571428571428,0.831115186214447,BG0–BG15,0.04333885546792917,1.177301591626831,1.17808932136455,0.03678815743598858,0.9991283710565504,0.998011517600372
T05,0,2,19,0.5428571428571428,0.831115186214447,BG1–BG15,0.046228112499124445,1.1773015916268312,1.1781418366803982,0.039240701265054495,0.9990702624603205,0.998011517600372
T05,0,3,19,0.5428571428571428,0.831115186214447,BG0–BG15,0.05708415198975479,1.1504549094080483,1.1501406522177806,0.049610099632969265,0.9984114545436462,0.9975962315984634
T05,0,3,19,0.5428571428571428,0.831115186214447,BG1–BG15,0.06088976212240511,1.1504549094080478,1.1501197017384295,0.052917439608500545,0.9983055515132226,0.9975962315984634
T05,0,4,19,0.5428571428571428,0.831115186214447,BG0–BG15,0.05524182602382674,1.1281164197975295,1.1284595812152962,0.04894214526532045,0.9984267433160924,0.9983183237338288
T05,0,4,19,0.5428571428571428,0.831115186214447,BG1–BG15,0.058924614425415196,1.128116419797529,1.1284824586431472,0.05220495494967515,0.9983218595371653,0.9983183237338288
T05,0,5,19,0.5428571428571428,0.831115186214447,BG0–BG15,0.04046422540435127,1.1527848877444362,1.1530382320293824,0.0350922848625036,0.9992158507766645,0.9987725910407584
T05,0,5,19,0.5428571428571428,0.831115186214447,BG1–BG15,0.04316184043130801,1.1527848877444362,1.1530551216483786,0.03743177052000384,0.9991635741617754,0.9987725910407584
T05,0,all,23,0.6571428571428571,0.618124783039093,BG0–BG15,0.033373518032292236,1.1524446275185325,1.152841483711718,0.0289484586486239,0.9995049153486445,0.9988395946461612
T05,0,all,23,0.6571428571428571,0.618124783039093,BG1–BG15,0.03559841923444506,1.1524446275185327,1.1528679407912636,0.030878355891865498,0.9994719097052207,0.9988395946461612
T05,0,1,23,0.6571428571428571,0.618124783039093,BG0–BG15,0.03955147646957193,1.153640393350518,1.155049548603012,0.03425437526172918,0.9992900321010583,0.9983393105607522
T05,0,1,23,0.6571428571428571,0.618124783039093,BG1–BG15,0.042188241567543396,1.153640393350518,1.1551434922865114,0.03653800027917778,0.9992427009077953,0.9983393105607522
T05,0,2,23,0.6571428571428571,0.618124783039093,BG0–BG15,0.03600459204433329,1.1788666143094433,1.1792273631391426,0.030528629148868905,0.9994335628150461,0.998075633166328
T05,0,2,23,0.6571428571428571,0.618124783039093,BG1–BG15,0.03840489818062218,1.178866614309443,1.1792514130611225,0.03256387109212683,0.9993958003360492,0.998075633166328
T05,0,3,23,0.6571428571428571,0.618124783039093,BG0–BG15,0.03492167548314078,1.1497754899849537,1.1492872410068853,0.030373408596474773,0.99945777034235,0.9975603476615689
T05,0,3,23,0.6571428571428571,0.618124783039093,BG1–BG15,0.03724978718201683,1.1497754899849537,1.149254691075014,0.032398302502906436,0.9994216216985065,0.9975603476615689
T05,0,4,23,0.6571428571428571,0.618124783039093,BG0–BG15,0.02960816554792705,1.1267490106527944,1.1271799521704566,0.026266831826349236,0.9995778250759461,0.9985094849242857
T05,0,4,23,0.6571428571428571,0.618124783039093,BG1–BG15,0.03158204325112219,1.1267490106527944,1.1272086816049673,0.028017953948105856,0.9995496800810089,0.9985094849242857
T05,0,5,23,0.6571428571428571,0.618124783039093,BG0–BG15,0.024535936371952127,1.1552365487543772,1.1555634733812226,0.021234257137924088,0.9997308558373768,0.997933686546841
T05,0,5,23,0.6571428571428571,0.618124783039093,BG1–BG15,0.026171665463415594,1.1552365487543772,1.1555852683563452,0.022649874280452356,0.9997129128932019,0.997933686546841
T05,0,all,27,0.7714285714285715,0.30132922530174255,BG0–BG15,0.04029059043425061,1.1369654021308335,1.1375669016593462,0.03542382592057907,0.9992859826034217,0.9992609591643422
T05,0,all,27,0.7714285714285715,0.30132922530174255,BG1–BG15,0.04297662979653397,1.1369654021308335,1.1376070016279134,0.037785414315284344,0.99923838144365,0.9992609591643422
T05,0,1,27,0.7714285714285715,0.30132922530174255,BG0–BG15,0.06143744363195616,1.1404450573751324,1.142867337399331,0.05379644875662786,0.9982956025267773,0.9979690051300802
T05,0,1,27,0.7714285714285715,0.30132922530174255,BG1–BG15,0.0655332732074199,1.1404450573751321,1.1430288227342773,0.057382878673736384,0.9981819760285625,0.9979690051300802
T05,0,2,27,0.7714285714285715,0.30132922530174255,BG0–BG15,0.045719478416599964,1.1644407968072836,1.1646765498168508,0.0392517794864308,0.9990992887103493,0.9978416024453208
T05,0,2,27,0.7714285714285715,0.30132922530174255,BG1–BG15,0.048767443644373284,1.1644407968072839,1.1646922666841555,0.04186856478552618,0.9990392412910392,0.9978416024453208
T05,0,3,27,0.7714285714285715,0.30132922530174255,BG0–BG15,0.03635475673891948,1.1327317213284753,1.132294244583037,0.032100494120602285,0.9994327819779733,0.9989051431477519
T05,0,3,27,0.7714285714285715,0.30132922530174255,BG1–BG15,0.038778407188180784,1.1327317213284755,1.1322650794666744,0.03424052706197578,0.9993949674431716,0.9989051431477519
T05,0,4,27,0.7714285714285715,0.30132922530174255,BG0–BG15,0.025446776638738525,1.1085230544478717,1.109671886837686,0.022941650321870337,0.9997130727663176,0.9972948394986568
T05,0,4,27,0.7714285714285715,0.30132922530174255,BG1–BG15,0.02714322841465443,1.1085230544478717,1.1097484756636737,0.02447109367666169,0.999693944284072,0.9972948394986568
T05,0,5,27,0.7714285714285715,0.30132922530174255,BG0–BG15,0.02214358204679813,1.1408282477971246,1.1406106572754129,0.019411570517079323,0.9997945865397063,0.998457077127162
T05,0,5,27,0.7714285714285715,0.30132922530174255,BG1–BG15,0.023619820849918007,1.1408282477971243,1.1405961512406324,0.020705675218217943,0.9997808923090201,0.998457077127162
T05,0,all,31,0.8857142857142857,0.07776966691017151,BG0–BG15,0.06409888349592419,0.9605142376635404,0.9604149431530169,0.06673888080256501,0.997435865399598,0.9994780556778662
T05,0,all,31,0.8857142857142857,0.07776966691017151,BG1–BG15,0.06837214239565247,0.9605142376635404,0.9604083235189821,0.07118813952273602,0.9972649230929046,0.9994780556778662
T05,0,1,31,0.8857142857142857,0.07776966691017151,BG0–BG15,0.09815580096690057,0.9689167033000531,0.9672686591625774,0.10141177618705521,0.9941558846877854,0.9985638893367664
T05,0,1,31,0.8857142857142857,0.07776966691017151,BG1–BG15,0.10469952103136064,0.9689167033000531,0.9671587895534125,0.10817256126619221,0.9937662770003044,0.9985638893367664
T05,0,2,31,0.8857142857142857,0.07776966691017151,BG0–BG15,0.0754761614106364,0.9982038750944494,0.9970648426171596,0.07563957081552586,0.9965801355133123,0.9971426543277722
T05,0,2,31,0.8857142857142857,0.07776966691017151,BG1–BG15,0.08050790550467884,0.9982038750944491,0.9969889071186736,0.08068220886989423,0.9963521445475331,0.9971426543277722
T05,0,3,31,0.8857142857142857,0.07776966691017151,BG0–BG15,0.06056817862016085,0.9599180000807241,0.9608825707032773,0.06306158148893165,0.9976353590407159,0.9989083074139783
T05,0,3,31,0.8857142857142857,0.07776966691017151,BG1–BG15,0.06460605719483824,0.9599180000807245,0.9609468754114476,0.0672656869215271,0.997477716310097,0.9989083074139783
T05,0,4,31,0.8857142857142857,0.07776966691017151,BG0–BG15,0.03559095705954017,0.9301026030422137,0.9313912001831506,0.03823891682440751,0.9991907689767273,0.9970855307247624
T05,0,4,31,0.8857142857142857,0.07776966691017151,BG1–BG15,0.037963687530176184,0.9301026030422135,0.9314771066592129,0.04078817794603467,0.9991368202418424,0.9970855307247624
T05,0,5,31,0.8857142857142857,0.07776966691017151,BG0–BG15,0.03136653314421062,0.9494727819349207,0.9493774962779779,0.03303856392713923,0.9993994066315213,0.9993674610686333
T05,0,5,31,0.8857142857142857,0.07776966691017151,BG1–BG15,0.03345763535382465,0.9494727819349206,0.9493711439008483,0.035241134855615176,0.9993593670736225,0.9993674610686333
T05,0,all,35,1.0,0.009900989942252636,BG0–BG15,0.0574639643994901,0.7041971269002666,0.7047062143563267,0.08156363975457254,0.9961451276013082,0.9997187505961777
T05,0,all,35,1.0,0.009900989942252636,BG1–BG15,0.0612948953594561,0.7041971269002667,0.7047401535200641,0.08700121573821072,0.9958881361080623,0.9997187505961777
T05,0,1,35,1.0,0.009900989942252636,BG0–BG15,0.0826230172190274,0.6851606958745781,0.68461342486125,0.12064372226204655,0.9918050780951037,0.9991101567318138
T05,0,1,35,1.0,0.009900989942252636,BG1–BG15,0.08813121836696255,0.6851606958745778,0.6845769401270282,0.12868663707951633,0.9912587499681105,0.9991101567318138
T05,0,2,35,1.0,0.009900989942252636,BG0–BG15,0.07012904979143164,0.7296771187417919,0.7293506603669224,0.09609805736861757,0.9944185506205387,0.998771052614877
T05,0,2,35,1.0,0.009900989942252636,BG1–BG15,0.07480431977752708,0.729677118741792,0.7293288964752646,0.1025045945265254,0.9940464539952413,0.998771052614877
T05,0,3,35,1.0,0.009900989942252636,BG0–BG15,0.05941182732380758,0.7199639847884757,0.7224002877993346,0.0823545503723574,0.9958479877070279,0.9965226204933519
T05,0,3,35,1.0,0.009900989942252636,BG1–BG15,0.06337261581206141,0.7199639847884759,0.7225627080000586,0.08784485373051455,0.9955711868874965,0.9965226204933519
T05,0,4,35,1.0,0.009900989942252636,BG0–BG15,0.03139315312415672,0.6824207636442983,0.6831394168770148,0.04597654184528387,0.9988223967948134,0.9987701090115396
T05,0,4,35,1.0,0.009900989942252636,BG1–BG15,0.03348602999910049,0.6824207636442984,0.6831873270925292,0.049041644634969475,0.9987438899144678,0.9987701090115396
T05,0,5,35,1.0,0.009900989942252636,BG0–BG15,0.027410376892573557,0.704138451697166,0.7042685949054928,0.03892371806437327,0.9991686166310125,0.9989066945144658
T05,0,5,35,1.0,0.009900989942252636,BG1–BG15,0.02923773535207846,0.7041384516971659,0.7042772711193812,0.041518632601998166,0.9991131910730802,0.9989066945144658
T05,1,all,0,0.0,0.9950248599052429,BG0–BG15,0.10018008246186341,1.1447128290023436,1.144007412356703,0.08753357715710558,0.9940927889383634,0.9979484830103723
T05,1,all,0,0.0,0.9950248599052429,BG1–BG15,0.10685875462598762,1.1447128290023438,1.143960384580327,0.09336914896757928,0.9936989748675875,0.9979484830103723
T05,1,1,0,0.0,0.9950248599052429,BG0–BG15,0.041519438880016205,1.1496131237097182,1.1488801294051525,0.03612076249226055,0.9991435794135628,0.9961586685355939
T05,1,1,0,0.0,0.9950248599052429,BG1–BG15,0.04428740147201729,1.149613123709718,1.1488312631181818,0.03852881332507793,0.9990864847078005,0.9961586685355939
T05,1,2,0,0.0,0.9950248599052429,BG0–BG15,0.06297186351385756,1.1460726041717308,1.1488691822269848,0.054839377613625465,0.997839937931915,0.9966818789584797
T05,1,2,0,0.0,0.9950248599052429,BG1–BG15,0.06716998774811472,1.146072604171731,1.1490556207640017,0.05849533612120049,0.9976959337940426,0.9966818789584797
T05,1,3,0,0.0,0.9950248599052429,BG0–BG15,0.10266579772391206,1.1561924556006076,1.1556059720411767,0.08881982498497093,0.9940167115665912,0.9975471985222544
T05,1,3,0,0.0,0.9950248599052429,BG1–BG15,0.10951018423883951,1.1561924556006073,1.1555668731372148,0.09474114665063565,0.9936178256710306,0.9975471985222544
T05,1,4,0,0.0,0.9950248599052429,BG0–BG15,0.131256783747004,1.1503452199293396,1.1481278023235686,0.11424397784698825,0.9897921705702256,0.9967148856667744
T05,1,4,0,0.0,0.9950248599052429,BG1–BG15,0.14000723599680429,1.1503452199293396,1.147979974483184,0.12186024303678747,0.9891116486082406,0.9967148856667744
T05,1,5,0,0.0,0.9950248599052429,BG0–BG15,0.12092169029767366,1.1232785128385279,1.1208999676716789,0.10779295599074756,0.9905580756997496,0.9980819954134936
T05,1,5,0,0.0,0.9950248599052429,BG1–BG15,0.12898313631751857,1.1232785128385279,1.120741397993889,0.1149791530567974,0.9899286140797331,0.9980819954134936
T05,1,all,4,0.11428571428571428,0.9906675815582275,BG0–BG15,0.10047142878554724,1.1442944702276936,1.1437576859665377,0.0878117853203762,0.9940440838055595,0.9983979423811195
T05,1,all,4,0.11428571428571428,0.9906675815582275,BG1–BG15,0.10716952403791706,1.1442944702276938,1.1437219003491275,0.09366590434173463,0.9936470227259304,0.9983979423811195
T05,1,1,4,0.11428571428571428,0.9906675815582275,BG0–BG15,0.04158045364227748,1.1488500084675146,1.148754179128504,0.03618751716855212,0.9991363283284966,0.9985321662159127
T05,1,1,4,0.11428571428571428,0.9906675815582275,BG1–BG15,0.044352483885095974,1.1488500084675146,1.1487477905059034,0.03860001831312226,0.999078750217063,0.9985321662159127
T05,1,2,4,0.11428571428571428,0.9906675815582275,BG0–BG15,0.06289744359453031,1.14472214482574,1.1482166329083683,0.054818212547751974,0.9978388505376032,0.9959134025046247
T05,1,2,4,0.11428571428571428,0.9906675815582275,BG1–BG15,0.06709060650083233,1.14472214482574,1.1484495987805434,0.05847276005093545,0.9976947739067765,0.9959134025046247
T05,1,3,4,0.11428571428571428,0.9906675815582275,BG0–BG15,0.10287420584030657,1.156739705466207,1.1556445755820755,0.0889783222618443,0.9939708324909258,0.9969057535210248
T05,1,3,4,0.11428571428571428,0.9906675815582275,BG1–BG15,0.10973248622966032,1.156739705466207,1.1555715669231335,0.0949102104126339,0.993568887990321,0.9969057535210248
T05,1,4,4,0.11428571428571428,0.9906675815582275,BG0–BG15,0.13142306956102784,1.148916940489689,1.1476197263019339,0.11447954713138114,0.9897075260163192,0.9984040195859504
T05,1,4,4,0.11428571428571428,0.9906675815582275,BG1–BG15,0.14018460753176304,1.148916940489689,1.1475332453560831,0.12211151694013989,0.9890213610840738,0.9984040195859504
T05,1,5,4,0.11428571428571428,0.9906675815582275,BG0–BG15,0.12170571143552018,1.124050475235316,1.120873256584954,0.10845839971488633,0.9904692707518002,0.9968256272844119
T05,1,5,4,0.11428571428571428,0.9906675815582275,BG1–BG15,0.12981942553122153,1.124050475235316,1.120661442008263,0.11568895969587875,0.9898338888019204,0.9968256272844119
T05,1,all,8,0.22857142857142856,0.9814466834068298,BG0–BG15,0.09792974528168778,1.146185353241409,1.1456177543561177,0.08544719131751449,0.9941478745701549,0.997847633985959
T05,1,all,8,0.22857142857142856,0.9814466834068298,BG1–BG15,0.10445839496713363,1.146185353241409,1.1455799144304315,0.09114367073868211,0.9937577328748318,0.997847633985959
T05,1,1,8,0.22857142857142856,0.9814466834068298,BG0–BG15,0.04084356211902653,1.1515874322837414,1.1502693284202459,0.03548168403389154,0.9991672824909983,0.9939811301785654
T05,1,1,8,0.22857142857142856,0.9814466834068298,BG1–BG15,0.043566466260294964,1.151587432283741,1.1501814548293463,0.03784712963615098,0.9991117679903981,0.9939811301785654
T05,1,2,8,0.22857142857142856,0.9814466834068298,BG0–BG15,0.06158783252407183,1.146790254037225,1.1501988403298147,0.0535830034370752,0.997885226365825,0.9961982668347161
T05,1,2,8,0.22857142857142856,0.9814466834068298,BG1–BG15,0.06569368802567663,1.1467902540372248,1.150426079415987,0.05715520366621354,0.99774424145688,0.9961982668347161
T05,1,3,8,0.22857142857142856,0.9814466834068298,BG0–BG15,0.10026419903270134,1.1579241470753177,1.1572618479697574,0.08661024826515513,0.9940789545635871,0.9969022981326717
T05,1,3,8,0.22857142857142856,0.9814466834068298,BG1–BG15,0.10694847896821476,1.1579241470753172,1.1572176946960533,0.09238426481616548,0.9936842182011597,0.9969022981326717
T05,1,4,8,0.22857142857142856,0.9814466834068298,BG0–BG15,0.1275699797011711,1.1513960278224196,1.1500703341459115,0.11087384499498687,0.9899164739131144,0.9975008212304585
T05,1,4,8,0.22857142857142856,0.9814466834068298,BG1–BG15,0.1360746450145825,1.1513960278224196,1.1499819545674776,0.11826543466131935,0.9892442388406553,0.9975008212304585
T05,1,5,8,0.22857142857142856,0.9814466834068298,BG0–BG15,0.11833003063371633,1.1251330857856066,1.1225844957217805,0.10531870246911768,0.9905798412046951,0.9972024550641528
T05,1,5,8,0.22857142857142856,0.9814466834068298,BG1–BG15,0.12621869934263075,1.1251330857856063,1.1224145897175255,0.11233994930039219,0.9899518306183415,0.9972024550641528
T05,1,all,12,0.34285714285714286,0.9606394171714783,BG0–BG15,0.06705830890907458,1.1447807730102688,1.1443542057186233,0.058584890704244656,0.9973991108879801,0.9981850961278638
T05,1,all,12,0.34285714285714286,0.9606394171714783,BG1–BG15,0.07152886283634621,1.1447807730102686,1.14432576789918,0.06249055008452763,0.9972257182805119,0.9981850961278638
T05,1,1,12,0.34285714285714286,0.9606394171714783,BG0–BG15,0.03532398662980659,1.1477582496533827,1.1464535550940889,0.03079518098288398,0.9994133677594026,0.9971380878318805
T05,1,1,12,0.34285714285714286,0.9606394171714783,BG1–BG15,0.03767891907179369,1.1477582496533825,1.1463665754568027,0.03284819304840957,0.9993742589433627,0.9971380878318805
T05,1,2,12,0.34285714285714286,0.9606394171714783,BG0–BG15,0.04581426553033394,1.1430681956579865,1.1450825418597688,0.04002705011754757,0.9989466708842669,0.9963136936667081
T05,1,2,12,0.34285714285714286,0.9606394171714783,BG1–BG15,0.048868549899022874,1.1430681956579865,1.145216831606554,0.04269552012538407,0.9988764489432181,0.9963136936667081
T05,1,3,12,0.34285714285714286,0.9606394171714783,BG0–BG15,0.06858272859276635,1.1586084230428306,1.1573917287647961,0.05922981373420955,0.9974725997180311,0.9971410854764104
T05,1,3,12,0.34285714285714286,0.9606394171714783,BG1–BG15,0.07315491049895077,1.1586084230428306,1.1573106158129272,0.06317846798315685,0.9973041063658996,0.9971410854764104
T05,1,4,12,0.34285714285714286,0.9606394171714783,BG0–BG15,0.08487003146106185,1.1524519694448545,1.1517636061427594,0.07368459576291937,0.9956111183577689,0.9978639737130235
T05,1,4,12,0.34285714285714286,0.9606394171714783,BG1–BG15,0.09052803355846599,1.1524519694448545,1.1517177152559532,0.07859690214711398,0.9953185262482869,0.9978639737130235
T05,1,5,12,0.34285714285714286,0.9606394171714783,BG0–BG15,0.07733635207784095,1.1235157648908165,1.1227338259903727,0.06884726692040623,0.9959466494916793,0.9959071738083617
T05,1,5,12,0.34285714285714286,0.9606394171714783,BG1–BG15,0.08249210888303035,1.1235157648908165,1.1226816967303432,0.07343708471509998,0.995676426124458,0.9959071738083617
T05,1,all,16,0.45714285714285713,0.9109315872192383,BG0–BG15,0.04144402865730565,1.1465291945971579,1.14632626231105,0.03614638644116937,0.9991868289105166,0.9982184554750141
T05,1,all,16,0.45714285714285713,0.9109315872192383,BG1–BG15,0.04420696390112602,1.1465291945971576,1.1463127334919758,0.03855614553724732,0.9991326175045511,0.9982184554750141
T05,1,1,16,0.45714285714285713,0.9109315872192383,BG0–BG15,0.034024740471101086,1.1491094216834772,1.1476125436626816,0.029631267072737118,0.999449427573264,0.9963278893851789
T05,1,1,16,0.45714285714285713,0.9109315872192383,BG1–BG15,0.03629305650250783,1.149109421683477,1.1475127517946284,0.03160668487758626,0.999412722744815,0.9963278893851789
T05,1,2,16,0.45714285714285713,0.9109315872192383,BG0–BG15,0.0361367058784541,1.141679201792779,1.1422175908341246,0.03164004685979659,0.99937077643275,0.9970535688710954
T05,1,2,16,0.45714285714285713,0.9109315872192383,BG1–BG15,0.03854581960368437,1.1416792017927793,1.1422534834368812,0.03374938331711637,0.9993288281949334,0.9970535688710954
T05,1,3,16,0.45714285714285713,0.9109315872192383,BG0–BG15,0.04507851883087387,1.1631184514714135,1.1630842220412716,0.038748580485328865,0.9990484369710539,0.9974367481965541
T05,1,3,16,0.45714285714285713,0.9109315872192383,BG1–BG15,0.04808375341959879,1.1631184514714135,1.163081940079262,0.04133181918435078,0.9989849994357909,0.9974367481965541
T05,1,4,16,0.45714285714285713,0.9109315872192383,BG0–BG15,0.048961439278253464,1.1560534977924601,1.1563253741934445,0.04233645097003147,0.998855579689562,0.9981037761545044
T05,1,4,16,0.45714285714285713,0.9109315872192383,BG1–BG15,0.052225535230137024,1.15605349779246,1.1563434992868438,0.04515888103470024,0.9987792850021993,0.9981037761545044
T05,1,5,16,0.45714285714285713,0.9109315872192383,BG0–BG15,0.03851030198339214,1.1239260847652566,1.123592935384928,0.03426704277043208,0.9992609307108147,0.9976046128449535
T05,1,5,16,0.45714285714285713,0.9109315872192383,BG1–BG15,0.04107765544895162,1.1239260847652566,1.1235707254262397,0.036551512288460895,0.9992116594248691,0.9976046128449535
T05,1,all,19,0.5428571428571428,0.831115186214447,BG0–BG15,0.033238807977190685,1.1453491694229154,1.1450958919666543,0.029019921873506126,0.9994886184833475,0.9982063204079586
T05,1,all,19,0.5428571428571428,0.831115186214447,BG1–BG15,0.03545472850900341,1.1453491694229154,1.1450790068029035,0.030954583331739872,0.9994545263822372,0.9982063204079586
T05,1,1,19,0.5428571428571428,0.831115186214447,BG0–BG15,0.03470991881134807,1.1467867781320193,1.1458256184949525,0.030279252687957843,0.9994354644725651,0.997613604035592
T05,1,1,19,0.5428571428571428,0.831115186214447,BG1–BG15,0.03702391339877128,1.1467867781320193,1.1457615411858149,0.0322978695338217,0.999397828770736,0.997613604035592
T05,1,2,19,0.5428571428571428,0.831115186214447,BG0–BG15,0.03233833050518517,1.1384247207450344,1.138175950615171,0.028405293439591278,0.9994972014269496,0.9977136868534723
T05,1,2,19,0.5428571428571428,0.831115186214447,BG1–BG15,0.03449421920553085,1.1384247207450344,1.1381593659398466,0.030298979668897368,0.9994636815220798,0.9977136868534723
T05,1,3,19,0.5428571428571428,0.831115186214447,BG0–BG15,0.03522339708422714,1.1642126252946352,1.1638628693351931,0.03025473035293124,0.9994323860678842,0.9976929192686055
T05,1,3,19,0.5428571428571428,0.831115186214447,BG1–BG15,0.03757162355650896,1.164212625294635,1.1638395522712304,0.03227171237645999,0.9993945451390766,0.9976929192686055
T05,1,4,19,0.5428571428571428,0.831115186214447,BG0–BG15,0.03476565600559326,1.154985511635542,1.1552728622121777,0.030088283572400305,0.9994260873843854,0.9975352582515132
T05,1,4,19,0.5428571428571428,0.831115186214447,BG1–BG15,0.03708336640596615,1.154985511635542,1.155292018917287,0.03209416914389366,0.9993878265433442,0.9975352582515132
T05,1,5,19,0.5428571428571428,0.831115186214447,BG0–BG15,0.02756978910882702,1.1232900383177733,1.1232150230803448,0.02454171417318672,0.9996479414917467,0.9976316192754255
T05,1,5,19,0.5428571428571428,0.831115186214447,BG1–BG15,0.02940777504941549,1.123290038317773,1.1232100220645163,0.026177828451399165,0.9996244709245297,0.9976316192754255
T05,1,all,23,0.6571428571428571,0.618124783039093,BG0–BG15,0.02807699938815328,1.1434124625890196,1.1432072786341716,0.024555451622085583,0.9996483745546061,0.998554944309865
T05,1,all,23,0.6571428571428571,0.618124783039093,BG1–BG15,0.029948799347363494,1.1434124625890194,1.1431935997038485,0.026192481730224624,0.9996249328582465,0.998554944309865
T05,1,1,23,0.6571428571428571,0.618124783039093,BG0–BG15,0.03927906304129992,1.1436267390767443,1.1439694466067098,0.034335295797160284,0.999273511143677,0.9988146700521138
T05,1,1,23,0.6571428571428571,0.618124783039093,BG1–BG15,0.041897667244053236,1.1436267390767443,1.1439922937753741,0.03662431551697098,0.9992250785532555,0.9988146700521138
T05,1,2,23,0.6571428571428571,0.618124783039093,BG0–BG15,0.029531978892052103,1.1347015269052958,1.133837866540485,0.026033391110043075,0.9995928565711126,0.9960342923947001
T05,1,2,23,0.6571428571428571,0.618124783039093,BG1–BG15,0.03150077748485558,1.1347015269052958,1.133780289182831,0.02776895051737928,0.9995657136758533,0.9960342923947001
T05,1,3,23,0.6571428571428571,0.618124783039093,BG0–BG15,0.025108387640031,1.1619987870223587,1.1613084694092182,0.021614359566557422,0.999737503507657,0.9975969688253045
T05,1,3,23,0.6571428571428571,0.618124783039093,BG1–BG15,0.0267822801493664,1.1619987870223587,1.1612624482350087,0.023055316870994585,0.9997200037415007,0.9975969688253045
T05,1,4,23,0.6571428571428571,0.618124783039093,BG0–BG15,0.02148472245789625,1.1535926209829361,1.153075391304689,0.018627062985584482,0.9998029007816414,0.99702339074671
T05,1,4,23,0.6571428571428571,0.618124783039093,BG1–BG15,0.022917037288422665,1.1535926209829364,1.1530409093261391,0.019868867184623447,0.9997897608337508,0.99702339074671
T05,1,5,23,0.6571428571428571,0.618124783039093,BG0–BG15,0.02165998116114863,1.1236926582393705,1.1243323542042485,0.01926763334687642,0.9997911877395909,0.9966906183189423
T05,1,5,23,0.6571428571428571,0.618124783039093,BG1–BG15,0.02310397990522521,1.1236926582393705,1.1243750006019069,0.020552142236668184,0.9997772669222302,0.9966906183189423
T05,1,all,27,0.7714285714285715,0.30132922530174255,BG0–BG15,0.039426016009491735,1.125470733525745,1.124727565432888,0.03504279184642407,0.9992834557189999,0.999238320262712
T05,1,all,27,0.7714285714285715,0.30132922530174255,BG1–BG15,0.04205441707679119,1.125470733525745,1.124678020893364,0.037378977969519014,0.9992356861002667,0.999238320262712
T05,1,1,27,0.7714285714285715,0.30132922530174255,BG0–BG15,0.06096925622206986,1.1245892722775024,1.1243469327397038,0.05421413930990543,0.9982417173753981,0.9992161396586409
T05,1,1,27,0.7714285714285715,0.30132922530174255,BG1–BG15,0.06503387330354118,1.1245892722775024,1.124330776770517,0.05782841526389912,0.9981244985337582,0.9992161396586409
T05,1,2,27,0.7714285714285715,0.30132922530174255,BG0–BG15,0.04341631098594423,1.1133297825564428,1.1118000836099078,0.039022094775044994,0.9990832952828316,0.9967751046008728
T05,1,2,27,0.7714285714285715,0.30132922530174255,BG1–BG15,0.04631073171834051,1.1133297825564428,1.1116981036801385,0.041623567760047976,0.9990221816350201,0.9967751046008728
T05,1,3,27,0.7714285714285715,0.30132922530174255,BG0–BG15,0.033203327168063804,1.1453614584369955,1.1447063045745005,0.02899886022755829,0.999519246891822,0.9977957288520346
T05,1,3,27,0.7714285714285715,0.30132922530174255,BG1–BG15,0.03541688231260139,1.1453614584369955,1.144662627650334,0.030932117576062176,0.9994871966846101,0.9977957288520346
T05,1,4,27,0.7714285714285715,0.30132922530174255,BG0–BG15,0.023114944125273346,1.1351588022044274,1.1344390979837986,0.02036995993473139,0.9997726028025242,0.9983133574285844
T05,1,4,27,0.7714285714285715,0.30132922530174255,BG1–BG15,0.024655940400291565,1.1351588022044274,1.1343911177024233,0.02172795726371348,0.9997574429893592,0.9983133574285844
T05,1,5,27,0.7714285714285715,0.30132922530174255,BG0–BG15,0.02688201423388497,1.1088955543927184,1.108278965546075,0.024249346625901575,0.9996644161343354,0.9989798123314659
T05,1,5,27,0.7714285714285715,0.30132922530174255,BG1–BG15,0.02867414851614397,1.1088955543927184,1.1082378596229654,0.025865969734295016,0.9996420438766247,0.9989798123314659
T05,1,all,31,0.8857142857142857,0.07776966691017151,BG0–BG15,0.06627775608855277,0.9431788139945606,0.9427469612008903,0.07029335648256886,0.9971105231588311,0.9994746495040729
T05,1,all,31,0.8857142857142857,0.07776966691017151,BG1–BG15,0.07069627316112295,0.9431788139945605,0.9427181710146456,0.07497958024807345,0.9969178913694198,0.9994746495040729
T05,1,1,31,0.8857142857142857,0.07776966691017151,BG0–BG15,0.10302937643063072,0.9467611127475272,0.9441832698598092,0.10899971577538939,0.9931289804407485,0.9980032371411505
T05,1,1,31,0.8857142857142857,0.07776966691017151,BG1–BG15,0.1098980015260061,0.9467611127475272,0.9440114136672946,0.11626636349374868,0.9926709124701317,0.9980032371411505
T05,1,2,31,0.8857142857142857,0.07776966691017151,BG0–BG15,0.07852682166129377,0.9416200390633714,0.9416051768058169,0.08337928079011889,0.9957491844581472,0.9984162026581838
T05,1,2,31,0.8857142857142857,0.07776966691017151,BG1–BG15,0.08376194310538,0.9416200390633714,0.9416041859886466,0.08893789950946016,0.9954657967553572,0.9984162026581838
T05,1,3,31,0.8857142857142857,0.07776966691017151,BG0–BG15,0.06078453073727251,0.9693526446887042,0.9715473899319371,0.06263804473750378,0.9976349901204887,0.9956916151335334
T05,1,3,31,0.8857142857142857,0.07776966691017151,BG1–BG15,0.064836832786424,0.9693526446887045,0.9716937062814861,0.0668139143866707,0.997477322795188,0.9956916151335334
T05,1,4,31,0.8857142857142857,0.07776966691017151,BG0–BG15,0.033824026854926886,0.9322121156782172,0.9311824655654837,0.03630914491271128,0.999269692271431,0.9983140100140353
T05,1,4,31,0.8857142857142857,0.07776966691017151,BG1–BG15,0.03607896197858869,0.9322121156782172,0.9311138222246348,0.0387297545735587,0.9992210050895264,0.9983140100140353
T05,1,5,31,0.8857142857142857,0.07776966691017151,BG0–BG15,0.033200696768835344,0.9275276558344551,0.9266720692903516,0.03581343741577926,0.9992951520590025,0.9988951888697902
T05,1,5,31,0.8857142857142857,0.07776966691017151,BG1–BG15,0.03541407655342437,0.927527655834455,0.9266150301874115,0.03820099991016455,0.9992481621962693,0.9988951888697902
T05,1,all,35,1.0,0.009900989942252636,BG0–BG15,0.05920825195736833,0.6946285495120903,0.6950827946745184,0.08519983670878783,0.9957453846035258,0.9997398281627212
T05,1,all,35,1.0,0.009900989942252636,BG1–BG15,0.06315546875452621,0.6946285495120905,0.6951130776853469,0.09087982582270701,0.9954617435770943,0.9997398281627212
T05,1,1,35,1.0,0.009900989942252636,BG0–BG15,0.08476091468252377,0.6798683889901558,0.6789445134892363,0.12476513899247817,0.9911112179603878,0.9991696199173544
T05,1,1,35,1.0,0.009900989942252636,BG1–BG15,0.09041164232802537,0.6798683889901559,0.678882921789175,0.13308281492531002,0.9905186324910804,0.9991696199173544
T05,1,2,35,1.0,0.009900989942252636,BG0–BG15,0.07383060484293366,0.6989986885799067,0.6990457035404599,0.10556465523042559,0.9932188083489446,0.9988052287327688
T05,1,2,35,1.0,0.009900989942252636,BG1–BG15,0.0787526451657959,0.6989986885799068,0.6990488378711636,0.11260229891245398,0.9927667289055411,0.9988052287327688
T05,1,3,35,1.0,0.009900989942252636,BG0–BG15,0.06083389068505483,0.7224052861866166,0.7262626393943277,0.08395080165983321,0.9956346557865261,0.9930817770656364
T05,1,3,35,1.0,0.009900989942252636,BG1–BG15,0.06488948339739181,0.7224052861866165,0.7265197962748416,0.08954752177048873,0.9953436328389612,0.9930817770656364
T05,1,4,35,1.0,0.009900989942252636,BG0–BG15,0.031246824532636837,0.6834896334645557,0.6828523018199504,0.0457413786190725,0.9988306944418461,0.9990187822184343
T05,1,4,35,1.0,0.009900989942252636,BG1–BG15,0.03332994616814596,0.6834896334645555,0.6828098130436434,0.048790803860344005,0.9987527407379694,0.9990187822184343
T05,1,5,35,1.0,0.009900989942252636,BG0–BG15,0.02760430896059938,0.688163592486198,0.6878980087972424,0.04012158587955098,0.9991155399346997,0.998324808943145
T05,1,5,35,1.0,0.009900989942252636,BG1–BG15,0.02944459622463934,0.6881635924861981,0.6878803032179788,0.042796358271521055,0.9990565759303464,0.998324808943145
T05,2,all,0,0.0,0.9950248599052429,BG0–BG15,0.0969910074424769,1.160820874889569,1.1604242813404895,0.08354641877587385,0.9945411769056205,0.9976704926513091
T05,2,all,0,0.0,0.9950248599052429,BG1–BG15,0.1034570746053087,1.1608208748895694,1.1603978417705512,0.08911618002759877,0.994177255365995,0.9976704926513091
T05,2,1,0,0.0,0.9950248599052429,BG0–BG15,0.040671689677390016,1.1499560538770772,1.1510151048074735,0.035337547418665044,0.9991847872338921,0.9972871713833773
T05,2,1,0,0.0,0.9950248599052429,BG1–BG15,0.04338313565588269,1.149956053877077,1.1510857082028332,0.037693383913242715,0.9991304397161517,0.9972871713833773
T05,2,2,0,0.0,0.9950248599052429,BG0–BG15,0.06044431096150686,1.1893399344266946,1.1900279003192211,0.050781425778920794,0.9981395988447246,0.9955679664350359
T05,2,2,0,0.0,0.9950248599052429,BG1–BG15,0.06447393169227399,1.1893399344266946,1.1900737647120565,0.05416685416418218,0.9980155721010394,0.9955679664350359
T05,2,3,0,0.0,0.9950248599052429,BG0–BG15,0.1009170270976234,1.1772027855141411,1.1756250343012764,0.08577145159553533,0.9943576221637653,0.996124282211164
T05,2,3,0,0.0,0.9950248599052429,BG1–BG15,0.10764482890413164,1.1772027855141407,1.1755198508870852,0.09148954836857101,0.9939814636413496,0.996124282211164
T05,2,4,0,0.0,0.9950248599052429,BG0–BG15,0.126894680840071,1.1381908256956692,1.136448173840391,0.11160638122382147,0.9900945784714068,0.9978653958700001
T05,2,4,0,0.0,0.9950248599052429,BG1–BG15,0.13535432622940907,1.1381908256956694,1.1363319970500392,0.1190468066387429,0.9894342170361672,0.9978653958700001
T05,2,5,0,0.0,0.9950248599052429,BG0–BG15,0.11578802544811484,1.1518062813490917,1.15156064643113,0.10049336506213102,0.991581251865587,0.9982171837556977
T05,2,5,0,0.0,0.9950248599052429,BG1–BG15,0.12350722714465583,1.151806281349092,1.1515442707699324,0.10719292273293977,0.9910200019899594,0.9982171837556977
T05,2,all,4,0.11428571428571428,0.9906675815582275,BG0–BG15,0.09533199444584284,1.1605736234469664,1.1601225983237164,0.08213828910082449,0.9947191417876665,0.9975826543665534
T05,2,all,4,0.11428571428571428,0.9906675815582275,BG1–BG15,0.10168746074223232,1.1605736234469666,1.1600925299821665,0.08761417504087944,0.9943670845735109,0.9975826543665534
T05,2,1,4,0.11428571428571428,0.9906675815582275,BG0–BG15,0.04020843855953463,1.1487934125959263,1.1501399693113852,0.034967053142455434,0.9992039968700236,0.9979130820618246
T05,2,1,4,0.11428571428571428,0.9906675815582275,BG1–BG15,0.04288900113017027,1.1487934125959263,1.1502297397590826,0.03729819001861913,0.9991509299946918,0.9979130820618246
T05,2,2,4,0.11428571428571428,0.9906675815582275,BG0–BG15,0.05958702172092564,1.1887296394532156,1.1894948704593271,0.05008490988238673,0.9981981187192921,0.9955329861325249
T05,2,2,4,0.11428571428571428,0.9906675815582275,BG1–BG15,0.06355948983565403,1.1887296394532156,1.1895458858597343,0.05342390387454585,0.9980779933005781,0.9955329861325249
T05,2,3,4,0.11428571428571428,0.9906675815582275,BG0–BG15,0.09906872117205567,1.177044722528171,1.1752261686608019,0.08422056346441652,0.9945643838750609,0.995232641302818
T05,2,3,4,0.11428571428571428,0.9906675815582275,BG1–BG15,0.10567330258352606,1.1770447225281708,1.1751049317363103,0.08983526769537761,0.9942020094667315,0.995232641302818
T05,2,4,4,0.11428571428571428,0.9906675815582275,BG0–BG15,0.12481020881324642,1.1389236280899422,1.1368243566746998,0.10972818387156752,0.990374538820886,0.9975011311071483
T05,2,4,4,0.11428571428571428,0.9906675815582275,BG1–BG15,0.13313088940079618,1.1389236280899424,1.1366844052470169,0.117043396129672,0.989732841408945,0.9975011311071483
T05,2,5,4,0.11428571428571428,0.9906675815582275,BG0–BG15,0.11354971457399785,1.1516594314277078,1.1514082885452166,0.09856005277276439,0.9918979043430136,0.9980278490526175
T05,2,5,4,0.11428571428571428,0.9906675815582275,BG1–BG15,0.1211196955455977,1.1516594314277078,1.1513915456863837,0.10513072295761534,0.9913577646325478,0.9980278490526175
T05,2,all,8,0.22857142857142856,0.9814466834068298,BG0–BG15,0.09184732685601812,1.16283164892145,1.1626075063100707,0.07897409879009565,0.9950412537266939,0.9977836273234206
T05,2,all,8,0.22857142857142856,0.9814466834068298,BG1–BG15,0.09797048197975268,1.1628316489214503,1.1625925634693117,0.08423903870943536,0.9947106706418068,0.9977836273234206
T05,2,1,8,0.22857142857142856,0.9814466834068298,BG0–BG15,0.03945047169743279,1.1512241862561143,1.1522674226646497,0.034239648371271886,0.9992398313346029,0.9974204301151133
T05,2,1,8,0.22857142857142856,0.9814466834068298,BG1–BG15,0.04208050314392831,1.1512241862561143,1.1523369717585517,0.036522291596023354,0.9991891534235766,0.9974204301151133
T05,2,2,8,0.22857142857142856,0.9814466834068298,BG0–BG15,0.05709000231770883,1.1907384030356336,1.1923318724643885,0.04788571478257131,0.9983560872406761,0.9969221461603953
T05,2,2,8,0.22857142857142856,0.9814466834068298,BG1–BG15,0.06089600247222275,1.1907384030356336,1.192438103759639,0.051078095768076065,0.9982464930567214,0.9969221461603953
T05,2,3,8,0.22857142857142856,0.9814466834068298,BG0–BG15,0.09523320288137241,1.1793340113153366,1.1783525781343407,0.08077591413427525,0.994941835303355,0.9970726153425414
T05,2,3,8,0.22857142857142856,0.9814466834068298,BG1–BG15,0.1015820830734639,1.1793340113153368,1.1782871492556073,0.08616097507656027,0.9946046243235785,0.9970726153425414
T05,2,4,8,0.22857142857142856,0.9814466834068298,BG0–BG15,0.11995479179568014,1.1412035429656129,1.1392195129397367,0.10523808496165434,0.9909198629337185,0.9969140126132985
T05,2,4,8,0.22857142857142856,0.9814466834068298,BG1–BG15,0.12795177791539214,1.1412035429656129,1.139087244271345,0.1122539572924313,0.990314520462633,0.9969140126132985
T05,2,5,8,0.22857142857142856,0.9814466834068298,BG0–BG15,0.1092200700408667,1.1539400102671697,1.1533807815015367,0.09463684901885892,0.9923520143929551,0.9974712307747303
T05,2,5,8,0.22857142857142856,0.9814466834068298,BG1–BG15,0.11650140804359115,1.1539400102671702,1.1533434995838276,0.10094597228678286,0.9918421486858188,0.9974712307747303
T05,2,all,12,0.34285714285714286,0.9606394171714783,BG0–BG15,0.06807978310829221,1.1625732906581958,1.162391954008943,0.058556526067864004,0.9974391091072887,0.9976274446304799
T05,2,all,12,0.34285714285714286,0.9606394171714783,BG1–BG15,0.07261843531551168,1.1625732906581958,1.1623798648989927,0.06246029447238826,0.9972683830477744,0.9976274446304799
T05,2,1,12,0.34285714285714286,0.9606394171714783,BG0–BG15,0.03595701788391319,1.1498699650910824,1.1504058639231733,0.03125571945872099,0.9993839834625207,0.9969682731919036
T05,2,1,12,0.34285714285714286,0.9606394171714783,BG1–BG15,0.038354152409507396,1.149869965091082,1.1504415905119798,0.0333394340893024,0.9993429156933555,0.9969682731919036
T05,2,2,12,0.34285714285714286,0.9606394171714783,BG0–BG15,0.045945794631124234,1.190780123726754,1.1918367882539163,0.038549730169676444,0.9990141355184847,0.996569091338807
T05,2,2,12,0.34285714285714286,0.9606394171714783,BG1–BG15,0.04900884760653252,1.1907801237267537,1.191907232555727,0.04111971218098819,0.9989484112197171,0.996569091338807
T05,2,3,12,0.34285714285714286,0.9606394171714783,BG0–BG15,0.07121890473746689,1.1784756682732564,1.1782694687484558,0.06043072075481534,0.9974291679391284,0.9978987397817918
T05,2,3,12,0.34285714285714286,0.9606394171714783,BG1–BG15,0.07596683171996468,1.1784756682732564,1.178255722113469,0.06445943547180304,0.9972577791350704,0.9978987397817918
T05,2,4,12,0.34285714285714286,0.9606394171714783,BG0–BG15,0.08865567902306946,1.1417034948571558,1.1401501009739765,0.07772147669597657,0.9952157632156552,0.9970282948860105
T05,2,4,12,0.34285714285714286,0.9606394171714783,BG1–BG15,0.09456605762460743,1.141703494857156,1.1400465413817644,0.08290290847570833,0.994896814096699,0.9970282948860105
T05,2,5,12,0.34285714285714286,0.9606394171714783,BG0–BG15,0.07523981592865442,1.1542013162141207,1.1536258992941186,0.06520314038842435,0.9964242360185623,0.9966873181581983
T05,2,5,12,0.34285714285714286,0.9606394171714783,BG1–BG15,0.08025580365723138,1.1542013162141205,1.1535875381661183,0.06955001641431931,0.9961858517531332,0.9966873181581983
T05,2,all,16,0.45714285714285713,0.9109315872192383,BG0–BG15,0.05333723598001858,1.1660756933546177,1.1659893493598634,0.04573226880681423,0.9986117891026195,0.997427875302756
T05,2,all,16,0.45714285714285713,0.9109315872192383,BG1–BG15,0.05689305171201982,1.1660756933546177,1.1659835930935465,0.04878108672726852,0.9985192417094609,0.997427875302756
T05,2,1,16,0.45714285714285713,0.9109315872192383,BG0–BG15,0.037328473653378755,1.1510661133452027,1.1513230435073185,0.03241906397776431,0.9993340790827983,0.9980513243483142
T05,2,1,16,0.45714285714285713,0.9109315872192383,BG1–BG15,0.039817038563604,1.1510661133452023,1.1513401721847927,0.03458033490961527,0.9992896843549849,0.9980513243483142
T05,2,2,16,0.45714285714285713,0.9109315872192383,BG0–BG15,0.04424099400165568,1.1941116055077021,1.1948896309318946,0.037020830157910675,0.9991006897921972,0.9962503588662909
T05,2,2,16,0.45714285714285713,0.9109315872192383,BG1–BG15,0.047190393601766065,1.1941116055077023,1.1949414992935075,0.03948888550177139,0.9990407357783436,0.9962503588662909
T05,2,3,16,0.45714285714285713,0.9109315872192383,BG0–BG15,0.06142553720672065,1.1830605114581785,1.1825624784595907,0.051916345681551526,0.9982283701163535,0.9964991172395891
T05,2,3,16,0.45714285714285713,0.9109315872192383,BG1–BG15,0.06552057302050203,1.1830605114581787,1.182529276259685,0.05537743539365495,0.9981102614574436,0.9964991172395891
T05,2,4,16,0.45714285714285713,0.9109315872192383,BG0–BG15,0.06558042772597221,1.1462340860608289,1.1449820722916548,0.0572422200372508,0.9977543001880339,0.9967115030255032
T05,2,4,16,0.45714285714285713,0.9109315872192383,BG1–BG15,0.06995245624103702,1.146234086060829,1.1448986047070433,0.0610583680397342,0.9976045868672363,0.9967115030255032
T05,2,5,16,0.45714285714285713,0.9109315872192383,BG0–BG15,0.04972100606914555,1.1578564066076305,1.1581928735493863,0.04292874174805153,0.998720089237704,0.9974098445551394
T05,2,5,16,0.45714285714285713,0.9109315872192383,BG1–BG15,0.053035739807088596,1.1578564066076305,1.1582153046788366,0.045790657864588295,0.9986347618535507,0.9974098445551394
T05,2,all,19,0.5428571428571428,0.831115186214447,BG0–BG15,0.04863855863429292,1.1651488126696494,1.1653342295901419,0.04172983677600453,0.9988959756412904,0.998120776882249
T05,2,all,19,0.5428571428571428,0.831115186214447,BG1–BG15,0.051881129209912454,1.1651488126696494,1.1653465907181748,0.044511825894404826,0.9988223740173764,0.998120776882249
T05,2,1,19,0.5428571428571428,0.831115186214447,BG0–BG15,0.04001081835810416,1.1488884403304969,1.1497204996254518,0.034804953467920674,0.9992353310415716,0.9982706180326039
T05,2,1,19,0.5428571428571428,0.831115186214447,BG1–BG15,0.04267820624864442,1.148888440330497,1.1497759702451154,0.03712528369911538,0.9991843531110096,0.9982706180326039
T05,2,2,19,0.5428571428571428,0.831115186214447,BG0–BG15,0.043720580737315974,1.1932189599505776,1.194087266897366,0.0366124980337683,0.999145146357521,0.9970205851970159
T05,2,2,19,0.5428571428571428,0.831115186214447,BG1–BG15,0.046635286119803714,1.1932189599505776,1.194145154027152,0.03905333123601952,0.9990881561146892,0.9970205851970159
T05,2,3,19,0.5428571428571428,0.831115186214447,BG0–BG15,0.057291736925054605,1.182090925279616,1.1820747354519714,0.0484527214437747,0.998489768223134,0.9982841697496935
T05,2,3,19,0.5428571428571428,0.831115186214447,BG1–BG15,0.06111118605339158,1.182090925279616,1.1820736561301286,0.05168290287335968,0.9983890861046762,0.9982841697496935
T05,2,4,19,0.5428571428571428,0.831115186214447,BG0–BG15,0.05592799378339933,1.1464291226313097,1.1457457522013041,0.04878667748038018,0.9984429413775062,0.9973947281008901
T05,2,4,19,0.5428571428571428,0.831115186214447,BG1–BG15,0.05965652670229261,1.1464291226313097,1.145700194172637,0.052039122645738865,0.9983391374693399,0.9973947281008901
T05,2,5,19,0.5428571428571428,0.831115186214447,BG0–BG15,0.04155897477660443,1.1569506797505267,1.1569877290222341,0.035914211944451324,0.9991926695562694,0.996917275643084
T05,2,5,19,0.5428571428571428,0.831115186214447,BG1–BG15,0.044329573095044726,1.1569506797505265,1.156990198973681,0.038308492740748074,0.9991388475266871,0.996917275643084
T05,2,all,23,0.6571428571428571,0.618124783039093,BG0–BG15,0.033716794242112456,1.1634668547557356,1.163049709951887,0.02898007402755496,0.9995109155069031,0.997399667627607
T05,2,all,23,0.6571428571428571,0.618124783039093,BG1–BG15,0.035964580524919944,1.1634668547557359,1.163021900298297,0.030912078962725294,0.99947830987403,0.997399667627607
T05,2,1,23,0.6571428571428571,0.618124783039093,BG0–BG15,0.042611534815231555,1.1489107393018472,1.1489159707772572,0.03708060042209406,0.9991766050125153,0.9971240358342915
T05,2,1,23,0.6571428571428571,0.618124783039093,BG1–BG15,0.045452303802913666,1.1489107393018472,1.1489163195422847,0.039552640450233656,0.9991217120133494,0.9971240358342915
T05,2,2,23,0.6571428571428571,0.618124783039093,BG0–BG15,0.03542713864097398,1.1909279425988681,1.190597847197473,0.029741752084397704,0.9994720080083551,0.9945124857166843
T05,2,2,23,0.6571428571428571,0.618124783039093,BG1–BG15,0.037788947883705584,1.1909279425988684,1.1905758408373797,0.031724535556690886,0.9994368085422455,0.9945124857166843
T05,2,3,23,0.6571428571428571,0.618124783039093,BG0–BG15,0.03387470219747751,1.17994344280788,1.1789402725359532,0.02871905306424149,0.999521865869792,0.9968295831081325
T05,2,3,23,0.6571428571428571,0.618124783039093,BG1–BG15,0.036133015677309345,1.17994344280788,1.178873394517825,0.030633656601857594,0.9994899902611113,0.9968295831081325
T05,2,4,23,0.6571428571428571,0.618124783039093,BG0–BG15,0.028656446649836582,1.1461218437091831,1.1457187381160427,0.025004483736106118,0.9996221993015979,0.9979749936616636
T05,2,4,23,0.6571428571428571,0.618124783039093,BG1–BG15,0.030566876426492362,1.146121843709183,1.1456918644098333,0.02667144931851319,0.9995970125883713,0.9979749936616636
T05,2,5,23,0.6571428571428571,0.618124783039093,BG0–BG15,0.025335037985476726,1.1534822247383587,1.1531564351865897,0.02196384260285837,0.9997184885845758,0.9963771283155843
T05,2,5,23,0.6571428571428571,0.618124783039093,BG1–BG15,0.02702404051784185,1.1534822247383585,1.1531347158831384,0.023428098776382262,0.9996997211568811,0.9963771283155843
T05,2,all,27,0.7714285714285715,0.30132922530174255,BG0–BG15,0.04116660490904679,1.1436940556707578,1.143503556523045,0.03599557686542394,0.9992677826214014,0.9992471339236347
T05,2,all,27,0.7714285714285715,0.30132922530174255,BG1–BG15,0.04391104523631659,1.1436940556707573,1.143490856579864,0.03839528198978554,0.9992189681294948,0.9992471339236347
T05,2,1,27,0.7714285714285715,0.30132922530174255,BG0–BG15,0.06465309486388704,1.1386344844322553,1.1378708525979488,0.05679153488148257,0.9981317093272589,0.9978985125378295
T05,2,1,27,0.7714285714285715,0.30132922530174255,BG1–BG15,0.06896330118814617,1.1386344844322556,1.1378199438089953,0.06057763720691475,0.9980071566157431,0.9978985125378295
T05,2,2,27,0.7714285714285715,0.30132922530174255,BG0–BG15,0.0470130280109371,1.1714503960159244,1.1710970706241641,0.040132855286539856,0.9990703572277138,0.997195930621852
T05,2,2,27,0.7714285714285715,0.30132922530174255,BG1–BG15,0.0501472298783329,1.1714503960159244,1.1710735155980467,0.042808378972309165,0.9990083810428947,0.997195930621852
T05,2,3,27,0.7714285714285715,0.30132922530174255,BG0–BG15,0.03588028395255957,1.1594463763064793,1.1586440926645651,0.030957606467473652,0.9994743738888308,0.9984889240683604
T05,2,3,27,0.7714285714285715,0.30132922530174255,BG1–BG15,0.03827230288273021,1.1594463763064797,1.1585906070884378,0.033021446898638555,0.9994393321480861,0.9984889240683604
T05,2,4,27,0.7714285714285715,0.30132922530174255,BG0–BG15,0.025155646567017798,1.1240338068585778,1.125110913148177,0.022367876609277866,0.9997289659463996,0.997271351256811
T05,2,4,27,0.7714285714285715,0.30132922530174255,BG1–BG15,0.02683268967148565,1.1240338068585776,1.12518272023415,0.023859068383229723,0.9997108970094929,0.997271351256811
T05,2,5,27,0.7714285714285715,0.30132922530174255,BG0–BG15,0.02080547417132766,1.1281189514140657,1.1279356833039298,0.01844376588219002,0.9998146220988288,0.9988628854228625
T05,2,5,27,0.7714285714285715,0.30132922530174255,BG1–BG15,0.022192505782749505,1.128118951414066,1.1279234654299206,0.019673350274336022,0.9998022635720839,0.9988628854228625
T05,2,all,31,0.8857142857142857,0.07776966691017151,BG0–BG15,0.06709645624435215,0.9643391246696096,0.9628372654452668,0.0696373746548388,0.997227001459186,0.9990828729741899
T05,2,all,31,0.8857142857142857,0.07776966691017151,BG1–BG15,0.07156955332730895,0.96433912466961,0.9627371414969771,0.07427986629849473,0.9970421348897983,0.9990828729741899
T05,2,1,31,0.8857142857142857,0.07776966691017151,BG0–BG15,0.10752843127316586,0.9806923549951632,0.9740773021763258,0.11005846129484945,0.9932258623261843,0.9948357570918667
T05,2,1,31,0.8857142857142857,0.07776966691017151,BG1–BG15,0.11469699335804359,0.9806923549951633,0.9736362986550701,0.1173956920478394,0.9927742531479299,0.9948357570918667
T05,2,2,31,0.8857142857142857,0.07776966691017151,BG0–BG15,0.07650843097251271,0.9829814018278848,0.9816886127438587,0.07787343381315309,0.9963780354262,0.9978738963352832
T05,2,2,31,0.8857142857142857,0.07776966691017151,BG1–BG15,0.0816089930373469,0.9829814018278851,0.9816024268049237,0.0830649960673633,0.99613657112128,0.9978738963352832
T05,2,3,31,0.8857142857142857,0.07776966691017151,BG0–BG15,0.061496861716873796,0.983294980907075,0.9838412432994118,0.06252462362393515,0.9976591207523455,0.9987581194528895
T05,2,3,31,0.8857142857142857,0.07776966691017151,BG1–BG15,0.0655966524979987,0.9832949809070752,0.9838776607922344,0.06669293186553084,0.9975030621358354,0.9987581194528895
T05,2,4,31,0.8857142857142857,0.07776966691017151,BG0–BG15,0.03503841252905255,0.9379355564928599,0.9386032705795084,0.037343653180167316,0.9992278581618942,0.999251004098294
T05,2,4,31,0.8857142857142857,0.07776966691017151,BG1–BG15,0.03737430669765606,0.93793555649286,0.9386477848519517,0.039833230058845134,0.9991763820393537,0.999251004098294
T05,2,5,31,0.8857142857142857,0.07776966691017151,BG0–BG15,0.03008250107181608,0.9412133494837737,0.9400735243447963,0.03198266323516758,0.99943622955048,0.9979370736755855
T05,2,5,31,0.8857142857142857,0.07776966691017151,BG1–BG15,0.032088001143270484,0.9412133494837733,0.9399975360021978,0.03411484078417875,0.9993986448538454,0.9979370736755855
T05,2,all,35,1.0,0.009900989942252636,BG0–BG15,0.06038662992498532,0.7051425399875975,0.7048993242593486,0.0856484866022941,0.9957684313436941,0.99976325094597
T05,2,all,35,1.0,0.009900989942252636,BG1–BG15,0.06441240525331768,0.7051425399875976,0.7048831098774654,0.09135838570911373,0.9954863267666068,0.99976325094597
T05,2,1,35,1.0,0.009900989942252636,BG0–BG15,0.08965036487976083,0.7063487271770744,0.7015768857216061,0.1273939251839496,0.9909678656760412,0.9962456540728729
T05,2,1,35,1.0,0.009900989942252636,BG1–BG15,0.09562705587174489,0.7063487271770744,0.7012587629579081,0.13588685352954627,0.9903657233877773,0.9962456540728729
T05,2,2,35,1.0,0.009900989942252636,BG0–BG15,0.07189106463033235,0.7108807308622109,0.7109437697456056,0.1010901679862697,0.9938188951917968,0.9991190699880934
T05,2,2,35,1.0,0.009900989942252636,BG1–BG15,0.07668380227235451,0.710880730862211,0.7109479723378319,0.10782951251868768,0.9934068215379167,0.9991190699880934
T05,2,3,35,1.0,0.009900989942252636,BG0–BG15,0.062475534073164724,0.7284234639406113,0.731665064159667,0.08553367001082302,0.9954796459997397,0.9961486707946364
T05,2,3,35,1.0,0.009900989942252636,BG1–BG15,0.06664056967804238,0.7284234639406114,0.7318811708409375,0.0912359146782112,0.995178289066389,0.9961486707946364
T05,2,4,35,1.0,0.009900989942252636,BG0–BG15,0.031081495608987913,0.6869888558898529,0.6868865995676484,0.04525172741024347,0.9988699479172519,0.9987001345854392
T05,2,4,35,1.0,0.009900989942252636,BG1–BG15,0.03315359531625377,0.6869888558898528,0.6868797824795014,0.048268509237593044,0.9987946111117353,0.9987001345854392
T05,2,5,35,1.0,0.009900989942252636,BG0–BG15,0.026482308757106207,0.6946398137293773,0.694598360068468,0.03812539779189421,0.9992051754479494,0.9986929926127629
T05,2,5,35,1.0,0.009900989942252636,BG1–BG15,0.028247796007579967,0.6946398137293774,0.694595596491074,0.04066709097802049,0.9991521871444794,0.9986929926127629
