task,background,step,progress,tau,n_cases,D_raw,M_ref,M_b,D_norm,cosine_similarity
Original,BG0,0,0.0,0.9950248599052429,3,0.0,1.131741691169666,1.131741691169666,0.0,1.0
Original,MEAN_BG0_BG15,0,0.0,0.9950248599052429,48,0.22049440550023394,1.131741691169665,1.1395408689059012,0.1938118004316776,0.9714144613081368
ALL_TASKS,BG0,0,0.0,0.9950248599052429,18,0.0,1.1438965097368528,1.1438965097368528,0.0,1.0
ALL_TASKS,MEAN_BG0_BG15,0,0.0,0.9950248599052429,288,0.0993151968247482,1.1438965097368525,1.1462717360663168,0.08691315544445102,0.9923940039769573
Original,BG1,0,0.0,0.9950248599052429,3,0.07595344832704182,1.131741691169666,1.1323821951525848,0.06711203293725193,0.9977427737978554
ALL_TASKS,BG1,0,0.0,0.9950248599052429,18,0.030482407002076953,1.1438965097368528,1.1429773176862383,0.02677817210401941,0.9994691997776428
Original,BG2,0,0.0,0.9950248599052429,3,0.04225772029341785,1.131741691169666,1.1302289764410522,0.03738518053805145,0.9992981562375064
ALL_TASKS,BG2,0,0.0,0.9950248599052429,18,0.026284613587925377,1.1438965097368528,1.1421364721417495,0.02306511552284561,0.9997059025333495
Original,BG3,0,0.0,0.9950248599052429,3,0.08757716409599586,1.131741691169666,1.1349564319784582,0.07727315695908969,0.9970121238036262
ALL_TASKS,BG3,0,0.0,0.9950248599052429,18,0.03759353694602316,1.1438965097368528,1.1443631229271594,0.03297952398550955,0.9992489112290899
Original,BG4,0,0.0,0.9950248599052429,3,0.07302677809374751,1.131741691169666,1.1336477659871176,0.06448341368928139,0.9979187000081385
ALL_TASKS,BG4,0,0.0,0.9950248599052429,18,0.03401515629349354,1.1438965097368528,1.1443511954377545,0.029828930122700978,0.9994290125040648
Original,BG5,0,0.0,0.9950248599052429,3,0.22411297807167566,1.131741691169666,1.1422676158854863,0.19712180040883642,0.9805994368725638
ALL_TASKS,BG5,0,0.0,0.9950248599052429,18,0.12068887508112182,1.1438965097368528,1.1468749619513774,0.1056577634925327,0.993391783434061
Original,BG6,0,0.0,0.9950248599052429,3,0.4238791216765352,1.131741691169666,1.1570367923326892,0.37036623154943693,0.9316172829354654
ALL_TASKS,BG6,0,0.0,0.9950248599052429,18,0.1554150780875991,1.1438965097368528,1.1533072245254035,0.1356616611672094,0.9849686138883873
Original,BG7,0,0.0,0.9950248599052429,3,0.19544075594113897,1.131741691169666,1.1438676234271934,0.17179486769079277,0.9852903037825486
ALL_TASKS,BG7,0,0.0,0.9950248599052429,18,0.14518623701869268,1.1438965097368528,1.1527230231691379,0.12668004182405682,0.9915622587152261
Original,BG8,0,0.0,0.9950248599052429,3,0.4929507500741385,1.131741691169666,1.142539446449742,0.43352396549814304,0.9060742542823563
ALL_TASKS,BG8,0,0.0,0.9950248599052429,18,0.22820766062531161,1.1438965097368528,1.1472903885928778,0.19977637360331618,0.9733652343634093
Original,BG9,0,0.0,0.9950248599052429,3,0.3362416763121356,1.131741691169666,1.1441575337047478,0.29545416270135033,0.9564127588374106
ALL_TASKS,BG9,0,0.0,0.9950248599052429,18,0.12593600903232013,1.1438965097368528,1.1467987304909155,0.11020075163530965,0.9903106865094407
Original,BG10,0,0.0,0.9950248599052429,3,0.4993120814243337,1.131741691169666,1.143696578008127,0.4389000655070259,0.9037352166542306
ALL_TASKS,BG10,0,0.0,0.9950248599052429,18,0.2068367976419211,1.1438965097368528,1.1483685135305837,0.18122344251520373,0.9755823657369649
Original,BG11,0,0.0,0.9950248599052429,3,0.3447384066801667,1.131741691169666,1.1460237569273426,0.3027179713683274,0.9542103121689719
ALL_TASKS,BG11,0,0.0,0.9950248599052429,18,0.11846639709573233,1.1438965097368528,1.1487770778302397,0.10369005587993589,0.9905922711668756
Original,BG12,0,0.0,0.9950248599052429,3,0.13096354675824254,1.131741691169666,1.135882075402871,0.11551475756235748,0.9933195010528983
ALL_TASKS,BG12,0,0.0,0.9950248599052429,18,0.08787574392381273,1.1438965097368528,1.144183878691245,0.07690431979763425,0.9967051034462161
Original,BG13,0,0.0,0.9950248599052429,3,0.09017137701173646,1.131741691169666,1.1332656845069096,0.0796341419923553,0.9968272280974994
ALL_TASKS,BG13,0,0.0,0.9950248599052429,18,0.07382271154053478,1.1438965097368528,1.1441616366212342,0.0645903213746077,0.9977766291090534
Original,BG14,0,0.0,0.9950248599052429,3,0.3504221723568226,1.131741691169666,1.1443097378320775,0.3079201254632762,0.9526430055247251
ALL_TASKS,BG14,0,0.0,0.9950248599052429,18,0.1329375750507334,1.1438965097368528,1.1459827026974148,0.11633904506749368,0.9885933935584449
Original,BG15,0,0.0,0.9950248599052429,3,0.160862510886614,1.131741691169666,1.1366499972883515,0.14178693304126477,0.9899303268743912
ALL_TASKS,BG15,0,0.0,0.9950248599052429,18,0.06529435026867202,1.1438965097368528,1.14415502103087,0.05723496901884184,0.9976026976590825
Original,BG0,4,0.11428571428571428,0.9906675815582275,3,0.0,1.1315956892854218,1.1315956892854218,0.0,0.9999999999999999
Original,MEAN_BG0_BG15,4,0.11428571428571428,0.9906675815582275,48,0.22101356173835449,1.1315956892854206,1.139556170772696,0.19425556432158678,0.9712128504424933
ALL_TASKS,BG0,4,0.11428571428571428,0.9906675815582275,18,0.0,1.1435666547789434,1.1435666547789434,0.0,1.0
ALL_TASKS,MEAN_BG0_BG15,4,0.11428571428571428,0.9906675815582275,288,0.0992275033358675,1.1435666547789447,1.1460070628273575,0.08685312462829782,0.9923807493123539
Original,BG1,4,0.11428571428571428,0.9906675815582275,3,0.07311392840991383,1.1315956892854218,1.1321252525593932,0.06458945617112936,0.9979030918876193
ALL_TASKS,BG1,4,0.11428571428571428,0.9906675815582275,18,0.030080168559220077,1.1435666547789434,1.1427093084702205,0.02642510995772973,0.9994943474702536
Original,BG2,4,0.11428571428571428,0.9906675815582275,3,0.04314440225256042,1.1315956892854218,1.129819080212734,0.03817131457630699,0.9992707316023132
ALL_TASKS,BG2,4,0.11428571428571428,0.9906675815582275,18,0.026478345865808925,1.1435666547789434,1.1417561206962157,0.023243296367814203,0.9996998590882655
Original,BG3,4,0.11428571428571428,0.9906675815582275,3,0.0865012885443955,1.1315956892854218,1.134784244935535,0.07632855390392164,0.9970885618683973
ALL_TASKS,BG3,4,0.11428571428571428,0.9906675815582275,18,0.0375275883083998,1.1435666547789434,1.1440495627153942,0.03292803339432275,0.9992588726077878
Original,BG4,4,0.11428571428571428,0.9906675815582275,3,0.07002951580473223,1.1315956892854218,1.1334651905484534,0.06183345260462122,0.9980882536149288
ALL_TASKS,BG4,4,0.11428571428571428,0.9906675815582275,18,0.03357236966632621,1.1435666547789434,1.1440132564209124,0.029443027174072472,0.9994557849063194
Original,BG5,4,0.11428571428571428,0.9906675815582275,3,0.22903035726749554,1.1315956892854218,1.1428156775729785,0.2014029383344574,0.97973887848501
ALL_TASKS,BG5,4,0.11428571428571428,0.9906675815582275,18,0.1213438829877049,1.1435666547789434,1.1468080139438026,0.10624950583280914,0.9932492401853408
Original,BG6,4,0.11428571428571428,0.9906675815582275,3,0.42580678130110794,1.1315956892854218,1.1573334912405933,0.37197107551596975,0.9309885332784321
ALL_TASKS,BG6,4,0.11428571428571428,0.9906675815582275,18,0.15600143347685938,1.1435666547789434,1.1531199246297656,0.13618048375503197,0.9848378154343216
Original,BG7,4,0.11428571428571428,0.9906675815582275,3,0.19605267501622223,1.1315956892854218,1.1439706294542826,0.17232902652009177,0.9851981946557443
ALL_TASKS,BG7,4,0.11428571428571428,0.9906675815582275,18,0.14532462950671685,1.1435666547789434,1.1524505623032664,0.12683456159540096,0.9915333698828321
Original,BG8,4,0.11428571428571428,0.9906675815582275,3,0.4940800562682832,1.1315956892854218,1.1427936126808529,0.4344932904492018,0.9056578307116968
ALL_TASKS,BG8,4,0.11428571428571428,0.9906675815582275,18,0.22755892282621104,1.1435666547789434,1.1470603075323558,0.1992514314534347,0.9734284279152094
Original,BG9,4,0.11428571428571428,0.9906675815582275,3,0.3382972012402532,1.1315956892854218,1.1442411070920278,0.2972359885649894,0.9558677965486876
ALL_TASKS,BG9,4,0.11428571428571428,0.9906675815582275,18,0.12605720988061417,1.1435666547789434,1.1465282150619973,0.11032406145173616,0.9902437011913544
Original,BG10,4,0.11428571428571428,0.9906675815582275,3,0.5007089541451606,1.1315956892854218,1.143850910960805,0.4401222004830283,0.9032038568976445
ALL_TASKS,BG10,4,0.11428571428571428,0.9906675815582275,18,0.20627925962403293,1.1435666547789434,1.1481029388636588,0.1807726538462388,0.9755889212601334
Original,BG11,4,0.11428571428571428,0.9906675815582275,3,0.3470765704046464,1.1315956892854218,1.1463078775205473,0.30474013618332485,0.9535896667250482
ALL_TASKS,BG11,4,0.11428571428571428,0.9906675815582275,18,0.11849129359905583,1.1435666547789434,1.1485520459053709,0.10372829929887578,0.9905105129725532
Original,BG12,4,0.11428571428571428,0.9906675815582275,3,0.13176626829870575,1.1315956892854218,1.135760614645818,0.11625595578511427,0.9932344292334495
ALL_TASKS,BG12,4,0.11428571428571428,0.9906675815582275,18,0.08798850921884799,1.1435666547789434,1.1439023888663555,0.077027623266289,0.9966897972491715
Original,BG13,4,0.11428571428571428,0.9906675815582275,3,0.09029457802367902,1.1315956892854218,1.1330576888233728,0.07975614242870811,0.9968175609847899
ALL_TASKS,BG13,4,0.11428571428571428,0.9906675815582275,18,0.07366369615373551,1.1435666547789434,1.1438888420118942,0.06446940256331196,0.997790389281374
Original,BG14,4,0.11428571428571428,0.9906675815582275,3,0.3497284582388412,1.1315956892854218,1.1444192576940582,0.3072861334935834,0.9528185386164717
ALL_TASKS,BG14,4,0.11428571428571428,0.9906675815582275,18,0.1322010654966828,1.1435666547789434,1.1457106566520912,0.11571591120927012,0.9886972162933352
Original,BG15,4,0.11428571428571428,0.9906675815582275,3,0.1605859525976737,1.1315956892854218,1.1365584071362647,0.14157336413093968,0.9899396819696581
ALL_TASKS,BG15,4,0.11428571428571428,0.9906675815582275,18,0.06507167820366305,1.1435666547789434,1.1438942063854718,0.05705659288642792,0.9976137332594046
Original,BG0,8,0.22857142857142856,0.9814466834068298,3,0.0,1.1326656529245411,1.1326656529245411,0.0,1.0
Original,MEAN_BG0_BG15,8,0.22857142857142856,0.9814466834068298,48,0.22675081786425166,1.1326656529245402,1.1411921565573957,0.19900586644225504,0.9700993110679307
ALL_TASKS,BG0,8,0.22857142857142856,0.9814466834068298,18,0.0,1.1451077036041142,1.1451077036041142,0.0,1.0
ALL_TASKS,MEAN_BG0_BG15,8,0.22857142857142856,0.9814466834068298,288,0.09999766359478546,1.1451077036041137,1.14760928832973,0.08740597066330756,0.9922130930390346
Original,BG1,8,0.22857142857142856,0.9814466834068298,3,0.07620833647298257,1.1326656529245411,1.1334221375428417,0.06723113521673237,0.9977177768883827
ALL_TASKS,BG1,8,0.22857142857142856,0.9814466834068298,18,0.030481762915228347,1.1451077036041142,1.144239818319275,0.026743516490579128,0.9994643250552525
Original,BG2,8,0.22857142857142856,0.9814466834068298,3,0.042878194961655104,1.1326656529245411,1.130992488669369,0.037870193467207165,0.9992774658904001
ALL_TASKS,BG2,8,0.22857142857142856,0.9814466834068298,18,0.02620786750822745,1.1451077036041142,1.1432726974066743,0.022971890565960693,0.9997044022282086
Original,BG3,8,0.22857142857142856,0.9814466834068298,3,0.09046979826937919,1.1326656529245411,1.1360233084817661,0.07972915877015847,0.9968198490618847
ALL_TASKS,BG3,8,0.22857142857142856,0.9814466834068298,18,0.03808006715078326,1.1451077036041142,1.145617095283541,0.03337161051853912,0.9992166196556198
Original,BG4,8,0.22857142857142856,0.9814466834068298,3,0.07170142767491973,1.1326656529245411,1.1346198630794575,0.0632105795625254,0.9979939747661549
ALL_TASKS,BG4,8,0.22857142857142856,0.9814466834068298,18,0.03393768663012771,1.1451077036041142,1.1455714389713936,0.029719921619904634,0.9994391285770821
Original,BG5,8,0.22857142857142856,0.9814466834068298,3,0.24318098482860787,1.1326656529245411,1.1444559844954394,0.21355530280694168,0.9772166599682008
ALL_TASKS,BG5,8,0.22857142857142856,0.9814466834068298,18,0.1234282278764139,1.1451077036041142,1.148383198690802,0.10793589073466822,0.9928293386861063
Original,BG6,8,0.22857142857142856,0.9814466834068298,3,0.4275617629809107,1.1326656529245411,1.1584439898795575,0.37302342109062697,0.9304058037716264
ALL_TASKS,BG6,8,0.22857142857142856,0.9814466834068298,18,0.15740893953702284,1.1451077036041142,1.1546890875493656,0.13721912705095857,0.984643500467905
Original,BG7,8,0.22857142857142856,0.9814466834068298,3,0.20615418254818138,1.1326656529245411,1.1462533651394535,0.18092135418487984,0.9836542611417617
ALL_TASKS,BG7,8,0.22857142857142856,0.9814466834068298,18,0.14679775473954076,1.1451077036041142,1.1541037031409485,0.12794895135314835,0.991288525278506
Original,BG8,8,0.22857142857142856,0.9814466834068298,3,0.5001260783041729,1.1326656529245411,1.1443023397571934,0.43929960136919277,0.9035593001463664
ALL_TASKS,BG8,8,0.22857142857142856,0.9814466834068298,18,0.23058913761539804,1.1451077036041142,1.1486634179084834,0.2016208369769218,0.972781216188095
Original,BG9,8,0.22857142857142856,0.9814466834068298,3,0.35171162149376295,1.1326656529245411,1.1466631313412448,0.30842325597876313,0.9523556326479685
ALL_TASKS,BG9,8,0.22857142857142856,0.9814466834068298,18,0.12863385904611102,1.1451077036041142,1.1481996203903075,0.11240184607864413,0.9896374752196938
Original,BG10,8,0.22857142857142856,0.9814466834068298,3,0.5065109668137784,1.1326656529245411,1.1459760889159851,0.4445798108752607,0.9012479035497019
ALL_TASKS,BG10,8,0.22857142857142856,0.9814466834068298,18,0.2057687181270542,1.1451077036041142,1.1497523417091118,0.18007788919055534,0.975445577978848
Original,BG11,8,0.22857142857142856,0.9814466834068298,3,0.3500245203079662,1.1326656529245411,1.1484207672874995,0.30683826518074747,0.952893152976845
ALL_TASKS,BG11,8,0.22857142857142856,0.9814466834068298,18,0.118476444554902,1.1451077036041142,1.150257722163846,0.10356694268757362,0.9904257728186087
Original,BG12,8,0.22857142857142856,0.9814466834068298,3,0.14393643555062033,1.1326656529245411,1.1375867699733175,0.12678513816701054,0.991947184984708
ALL_TASKS,BG12,8,0.22857142857142856,0.9814466834068298,18,0.08958121992103546,1.1451077036041142,1.1455886025415576,0.07831851152843784,0.9965292298549076
Original,BG13,8,0.22857142857142856,0.9814466834068298,3,0.093592811489471,1.1326656529245411,1.1344255173011886,0.08255501611754064,0.9965812538474673
ALL_TASKS,BG13,8,0.22857142857142856,0.9814466834068298,18,0.07362772594779,1.1451077036041142,1.145396518051019,0.06435535071003619,0.9978092244159978
Original,BG14,8,0.22857142857142856,0.9814466834068298,3,0.357935292508407,1.1326656529245411,1.1467287823840848,0.3139503215737897,0.9506857924365325
ALL_TASKS,BG14,8,0.22857142857142856,0.9814466834068298,18,0.13150461564651486,1.1451077036041142,1.1474083832034137,0.11494352958136088,0.9886680987188926
Original,BG15,8,0.22857142857142856,0.9814466834068298,3,0.16602067162321094,1.1326656529245411,1.1380943177453864,0.14612130871470497,0.9892329650088905
ALL_TASKS,BG15,8,0.22857142857142856,0.9814466834068298,18,0.06543859030041754,1.1451077036041142,1.145497264341823,0.057299715525632115,0.9975270534808249
Original,BG0,12,0.34285714285714286,0.9606394171714783,3,0.0,1.1298344371196967,1.1298344371196967,0.0,0.9999999999999999
Original,MEAN_BG0_BG15,12,0.34285714285714286,0.9606394171714783,48,0.24001125083394492,1.129834437119697,1.1396217783436056,0.2108972617454795,0.9662143220844924
ALL_TASKS,BG0,12,0.34285714285714286,0.9606394171714783,18,0.0,1.1436482771665042,1.1436482771665042,0.0,1.0
ALL_TASKS,MEAN_BG0_BG15,12,0.34285714285714286,0.9606394171714783,288,0.09901887495096078,1.1436482771665013,1.146462425373215,0.08667801554498347,0.9918829025696723
Original,BG1,12,0.34285714285714286,0.9606394171714783,3,0.07845605014678396,1.1298344371196967,1.130716387401149,0.06939997461757753,0.9974750130104081
ALL_TASKS,BG1,12,0.34285714285714286,0.9606394171714783,18,0.031102269541436998,1.1436482771665042,1.1428744699347686,0.027335044492436407,0.999418834089448
Original,BG2,12,0.34285714285714286,0.9606394171714783,3,0.05211395695418474,1.1298344371196967,1.1275669534055328,0.04609683070371736,0.9988926613120398
ALL_TASKS,BG2,12,0.34285714285714286,0.9606394171714783,18,0.02783186128874015,1.1436482771665042,1.1417635911659363,0.02443437123564478,0.999637401096979
Original,BG3,12,0.34285714285714286,0.9606394171714783,3,0.08599371896385667,1.1298344371196967,1.1332170360296905,0.07595174539113171,0.9970806117499267
ALL_TASKS,BG3,12,0.34285714285714286,0.9606394171714783,18,0.03708129704272012,1.1436482771665042,1.1442488649275695,0.03254357307951621,0.9992633354024759
Original,BG4,12,0.34285714285714286,0.9606394171714783,3,0.0720184760456251,1.1298344371196967,1.1318908320840615,0.06365091997969673,0.9979663356740441
ALL_TASKS,BG4,12,0.34285714285714286,0.9606394171714783,18,0.0334314466232668,1.1436482771665042,1.1441999490991006,0.029327859305450288,0.9994443961382028
Original,BG5,12,0.34285714285714286,0.9606394171714783,3,0.2587100194030674,1.1298344371196967,1.1428023812835564,0.22752274788226168,0.9739177435162399
ALL_TASKS,BG5,12,0.34285714285714286,0.9606394171714783,18,0.12500629911684918,1.1436482771665042,1.147313595045067,0.10946075721552298,0.9922597573317744
Original,BG6,12,0.34285714285714286,0.9606394171714783,3,0.4568844962909216,1.1298344371196967,1.1587566407602143,0.39889909224359554,0.9201446036971973
ALL_TASKS,BG6,12,0.34285714285714286,0.9606394171714783,18,0.163504203318212,1.1436482771665042,1.153983231196441,0.1426537705067517,0.9827818213675766
Original,BG7,12,0.34285714285714286,0.9606394171714783,3,0.20288668592355638,1.1298344371196967,1.1431969868590006,0.1784874548184756,0.9840829884417026
ALL_TASKS,BG7,12,0.34285714285714286,0.9606394171714783,18,0.14475241516765883,1.1436482771665042,1.1527312993622134,0.12634415302244062,0.9914069833023894
Original,BG8,12,0.34285714285714286,0.9606394171714783,3,0.5164822652420723,1.1298344371196967,1.1436678850367648,0.454336830506706,0.896858957338611
ALL_TASKS,BG8,12,0.34285714285714286,0.9606394171714783,18,0.22214596074622017,1.1436482771665042,1.147280271526826,0.19460856188272938,0.9734248298901959
Original,BG9,12,0.34285714285714286,0.9606394171714783,3,0.38517258326192544,1.1298344371196967,1.147343026665471,0.337961145874533,0.942562652937499
ALL_TASKS,BG9,12,0.34285714285714286,0.9606394171714783,18,0.1302147878536902,1.1436482771665042,1.1474540115550118,0.1139123684835002,0.988388820441267
Original,BG10,12,0.34285714285714286,0.9606394171714783,3,0.5271278547615816,1.1298344371196967,1.1462977383591613,0.4631673115681954,0.8928541617314071
ALL_TASKS,BG10,12,0.34285714285714286,0.9606394171714783,18,0.1992072386423939,1.1436482771665042,1.148978359983513,0.17461750002500556,0.975017160218725
Original,BG11,12,0.34285714285714286,0.9606394171714783,3,0.3864370799783246,1.1298344371196967,1.1486501025653584,0.3389650446796482,0.9423312953833433
ALL_TASKS,BG11,12,0.34285714285714286,0.9606394171714783,18,0.12280132849069192,1.1436482771665042,1.1494817925521683,0.10746608085635455,0.9887380902494824
Original,BG12,12,0.34285714285714286,0.9606394171714783,3,0.1520171780697,1.1298344371196967,1.1348466359249618,0.13416753159542122,0.9909659531598484
ALL_TASKS,BG12,12,0.34285714285714286,0.9606394171714783,18,0.08572054689235324,1.1436482771665042,1.1443191209624926,0.07508132845982028,0.9967853192688259
Original,BG13,12,0.34285714285714286,0.9606394171714783,3,0.09741386216676774,1.1298344371196967,1.1315740813896797,0.08611417167263381,0.9962823445767874
ALL_TASKS,BG13,12,0.34285714285714286,0.9606394171714783,18,0.07039162508262167,1.1436482771665042,1.1440965013540947,0.061633647629699376,0.9980148936521785
Original,BG14,12,0.34285714285714286,0.9606394171714783,3,0.393076711290391,1.1298344371196967,1.1470931638757484,0.3450463903951178,0.9402930355004974
ALL_TASKS,BG14,12,0.34285714285714286,0.9606394171714783,18,0.12589148551195414,1.1436482771665042,1.146624511499374,0.11023387485975893,0.9881965729605464
Original,BG15,12,0.34285714285714286,0.9606394171714783,3,0.1753890748443615,1.1298344371196967,1.1364941647376388,0.1545889959989599,0.9877207953223252
ALL_TASKS,BG15,12,0.34285714285714286,0.9606394171714783,18,0.06521923389656394,1.1436482771665042,1.1444009586403583,0.0571953576651049,0.9973482257047004
Original,BG0,16,0.45714285714285713,0.9109315872192383,3,0.0,1.1295786155927823,1.1295786155927823,0.0,1.0
Original,MEAN_BG0_BG15,16,0.45714285714285713,0.9109315872192383,48,0.2128769720708935,1.1295786155927836,1.1359736946092873,0.18739775836359662,0.9701113211261957
ALL_TASKS,BG0,16,0.45714285714285713,0.9109315872192383,18,0.0,1.145274885733796,1.145274885733796,0.0,1.0
ALL_TASKS,MEAN_BG0_BG15,16,0.45714285714285713,0.9109315872192383,288,0.09219893873637557,1.1452748857338007,1.1474046587357163,0.08067870566155287,0.9927394429074479
Original,BG1,16,0.45714285714285713,0.9109315872192383,3,0.07396057137187918,1.1295786155927823,1.128861358094526,0.06549129684069098,0.9974825732555702
ALL_TASKS,BG1,16,0.45714285714285713,0.9109315872192383,18,0.031373969706640706,1.145274885733796,1.1441043135837963,0.027543439158083424,0.9994038443229951
Original,BG2,16,0.45714285714285713,0.9109315872192383,3,0.04433417241588846,1.1295786155927823,1.1274925262206552,0.039285638030695146,0.9991975152229015
ALL_TASKS,BG2,16,0.45714285714285713,0.9109315872192383,18,0.02739876506089266,1.145274885733796,1.1434779110352493,0.024020090130475274,0.9996734287977963
Original,BG3,16,0.45714285714285713,0.9109315872192383,3,0.06699510450706435,1.1295786155927823,1.1305742030077826,0.05927744027540735,0.9980839475913234
ALL_TASKS,BG3,16,0.45714285714285713,0.9109315872192383,18,0.034188744042776,1.145274885733796,1.1454819726982415,0.029966962703410736,0.9994223568977811
Original,BG4,16,0.45714285714285713,0.9109315872192383,3,0.0640651051888217,1.1295786155927823,1.1303929803695165,0.05670337911821575,0.9982564185163533
ALL_TASKS,BG4,16,0.45714285714285713,0.9109315872192383,18,0.03224807255942234,1.145274885733796,1.1456192538645709,0.028262689662824154,0.9994868588761006
Original,BG5,16,0.45714285714285713,0.9109315872192383,3,0.23325377409586587,1.1295786155927823,1.1372928526869475,0.2056626126205634,0.9780449247477688
ALL_TASKS,BG5,16,0.45714285714285713,0.9109315872192383,18,0.12370219695636796,1.145274885733796,1.1479487263466024,0.1082592956489409,0.9926648863366161
Original,BG6,16,0.45714285714285713,0.9109315872192383,3,0.4249706894138259,1.1295786155927823,1.1539522808581706,0.37186013157668457,0.9282979254299798
ALL_TASKS,BG6,16,0.45714285714285713,0.9109315872192383,18,0.16060405782236026,1.145274885733796,1.1551804507238772,0.14008733639541937,0.9839179234857425
Original,BG7,16,0.45714285714285713,0.9109315872192383,3,0.16852860062697803,1.1295786155927823,1.1375711874367649,0.14870630172549862,0.9889085256258486
ALL_TASKS,BG7,16,0.45714285714285713,0.9109315872192383,18,0.13963016653002935,1.145274885733796,1.1530398113921572,0.12176872753454392,0.992034197525819
Original,BG8,16,0.45714285714285713,0.9109315872192383,3,0.5545190852185596,1.1295786155927823,1.141620870296182,0.4882628253406216,0.8808561837027389
ALL_TASKS,BG8,16,0.45714285714285713,0.9109315872192383,18,0.20688947531259622,1.145274885733796,1.1464817656784847,0.1814056494082459,0.9728347342353515
Original,BG9,16,0.45714285714285713,0.9109315872192383,3,0.2693705088333513,1.1295786155927823,1.1373436318836547,0.23738848460332115,0.9712841335783308
ALL_TASKS,BG9,16,0.45714285714285713,0.9109315872192383,18,0.10944166792681534,1.145274885733796,1.1472824876127368,0.09577492286373096,0.9932951923160636
Original,BG10,16,0.45714285714285713,0.9109315872192383,3,0.5688156527177362,1.1295786155927823,1.1500866949366284,0.49902759944884156,0.8756514385328834
ALL_TASKS,BG10,16,0.45714285714285713,0.9109315872192383,18,0.19583368235914655,1.145274885733796,1.1514598384158465,0.17137643877363654,0.9733183259128168
Original,BG11,16,0.45714285714285713,0.9109315872192383,3,0.3054238074469133,1.1295786155927823,1.1405422699530245,0.2689014383188474,0.9618881254550787
ALL_TASKS,BG11,16,0.45714285714285713,0.9109315872192383,18,0.10976659882451674,1.145274885733796,1.1500618738182438,0.0960847294170346,0.9919742782853641
Original,BG12,16,0.45714285714285713,0.9109315872192383,3,0.0961851632434173,1.1295786155927823,1.130046988568331,0.08514277961247126,0.9963648817169831
ALL_TASKS,BG12,16,0.45714285714285713,0.9109315872192383,18,0.07452232112984154,1.145274885733796,1.1452826274474228,0.06518571148926103,0.9977872461485623
Original,BG13,16,0.45714285714285713,0.9109315872192383,3,0.0860315066889738,1.1295786155927823,1.1298607303634285,0.07617178764301331,0.9970818365580495
ALL_TASKS,BG13,16,0.45714285714285713,0.9109315872192383,18,0.06788107606137737,1.145274885733796,1.145647158323639,0.05936901376512744,0.9981685430882923
Original,BG14,16,0.45714285714285713,0.9109315872192383,3,0.3289765132945566,1.1295786155927823,1.1402436372622897,0.28979685237142666,0.956338972124947
ALL_TASKS,BG14,16,0.45714285714285713,0.9109315872192383,18,0.10593450331110982,1.145274885733796,1.1470797862407214,0.09287242921108711,0.991442227624296
Original,BG15,16,0.45714285714285713,0.9109315872192383,3,0.12060129807046448,1.1295786155927823,1.1301182862179118,0.10668556629124783,0.9940437359603767
ALL_TASKS,BG15,16,0.45714285714285713,0.9109315872192383,18,0.05576772217811696,1.145274885733796,1.1450516768560743,0.04888185442302418,0.9984070426655643
Original,BG0,19,0.5428571428571428,0.831115186214447,3,0.0,1.1286377628847404,1.1286377628847404,0.0,1.0
Original,MEAN_BG0_BG15,19,0.5428571428571428,0.831115186214447,48,0.11924658125928939,1.12863776288474,1.1284132789501025,0.10582042906829009,0.9907839944131109
ALL_TASKS,BG0,19,0.5428571428571428,0.831115186214447,18,0.0,1.1445092007485722,1.1445092007485722,0.0,1.0
ALL_TASKS,MEAN_BG0_BG15,19,0.5428571428571428,0.831115186214447,288,0.07404481386558298,1.14450920074857,1.145226812133674,0.06491914621175625,0.996404034136571
Original,BG1,19,0.5428571428571428,0.831115186214447,3,0.03492941862912425,1.1286377628847404,1.127359755924201,0.030984896929733552,0.9995078307948352
ALL_TASKS,BG1,19,0.5428571428571428,0.831115186214447,18,0.02638851368778175,1.1445092007485722,1.1432213353641307,0.023129088253619114,0.999713894646924
Original,BG2,19,0.5428571428571428,0.831115186214447,3,0.0314686202243845,1.1286377628847404,1.127048984353977,0.027901816078493947,0.9996116943277724
ALL_TASKS,BG2,19,0.5428571428571428,0.831115186214447,18,0.02682511891723636,1.1445092007485722,1.1428667348066588,0.023505743036645547,0.9997113445011527
Original,BG3,19,0.5428571428571428,0.831115186214447,3,0.03757396920806693,1.1286377628847404,1.1288527237766048,0.033297007458961025,0.9994423088184421
ALL_TASKS,BG3,19,0.5428571428571428,0.831115186214447,18,0.030331516970318075,1.1445092007485722,1.1445036899509191,0.02656860202909011,0.99962084494963
Original,BG4,19,0.5428571428571428,0.831115186214447,3,0.03561208144648473,1.1286377628847404,1.1288175565343515,0.031559895322547764,0.9994982665061882
ALL_TASKS,BG4,19,0.5428571428571428,0.831115186214447,18,0.02869265950595708,1.1445092007485722,1.144783016799488,0.025123437460833287,0.9996659080992519
Original,BG5,19,0.5428571428571428,0.831115186214447,3,0.1520399509397374,1.1286377628847404,1.1325046716674156,0.13455554658747923,0.9908236319331719
ALL_TASKS,BG5,19,0.5428571428571428,0.831115186214447,18,0.11150627491256745,1.1445092007485722,1.1460689744138812,0.09769642877402486,0.994486575298962
Original,BG6,19,0.5428571428571428,0.831115186214447,3,0.20137817797951074,1.1286377628847404,1.1370708147207622,0.1778295903347241,0.9830814395896651
ALL_TASKS,BG6,19,0.5428571428571428,0.831115186214447,18,0.1269545163831425,1.1445092007485722,1.1519385515674796,0.11094399107593313,0.9926777780694971
Original,BG7,19,0.5428571428571428,0.831115186214447,3,0.1440945640960238,1.1286377628847404,1.1335262116170801,0.1274149331816466,0.9918858742003543
ALL_TASKS,BG7,19,0.5428571428571428,0.831115186214447,18,0.13220073477334196,1.1445092007485722,1.1506439200738257,0.11547672933624652,0.992643594447651
Original,BG8,19,0.5428571428571428,0.831115186214447,3,0.31777636094070233,1.1286377628847404,1.1138860523332277,0.28385323407510904,0.9585450224266875
ALL_TASKS,BG8,19,0.5428571428571428,0.831115186214447,18,0.13290265722114927,1.1445092007485722,1.1392929154381715,0.11740082159429639,0.988850983775224
Original,BG9,19,0.5428571428571428,0.831115186214447,3,0.12121709551654186,1.1286377628847404,1.1291690418767801,0.10746052458198978,0.9938847740258776
ALL_TASKS,BG9,19,0.5428571428571428,0.831115186214447,18,0.08021408350865641,1.1445092007485722,1.1445065515104664,0.07025372380159939,0.9972590422559333
Original,BG10,19,0.5428571428571428,0.831115186214447,3,0.29315486630329457,1.1286377628847404,1.1199906016119006,0.2609751050977958,0.9653802259152112
ALL_TASKS,BG10,19,0.5428571428571428,0.831115186214447,18,0.14050248886684674,1.1445092007485722,1.1455007143264813,0.12355993406061601,0.9893810303672532
Original,BG11,19,0.5428571428571428,0.831115186214447,3,0.1568055324672141,1.1286377628847404,1.1321472476426633,0.1387941227073666,0.989071826344317
ALL_TASKS,BG11,19,0.5428571428571428,0.831115186214447,18,0.08677791077050814,1.1445092007485722,1.148175301400933,0.07596911132263494,0.9964212652931812
Original,BG12,19,0.5428571428571428,0.831115186214447,3,0.08238852242982429,1.1286377628847404,1.128590595108068,0.07301916369699062,0.9973230336312625
ALL_TASKS,BG12,19,0.5428571428571428,0.831115186214447,18,0.07062259469536362,1.1445092007485722,1.1442638455441785,0.06187030547965654,0.9979154655380308
Original,BG13,19,0.5428571428571428,0.831115186214447,3,0.07606439287682155,1.1286377628847404,1.1294701629422572,0.06737705455775816,0.9977291533236663
ALL_TASKS,BG13,19,0.5428571428571428,0.831115186214447,18,0.06869699101821912,1.1445092007485722,1.1446964711872725,0.060114114719314875,0.9981254586872631
Original,BG14,19,0.5428571428571428,0.831115186214447,3,0.15959808778096066,1.1286377628847404,1.1292622827743326,0.14149245719256717,0.9884164140197148
ALL_TASKS,BG14,19,0.5428571428571428,0.831115186214447,18,0.07478717118980799,1.1445092007485722,1.1444487347645234,0.06564840822907948,0.9969183913173068
Original,BG15,19,0.5428571428571428,0.831115186214447,3,0.06384365930993838,1.1286377628847404,1.1282779974332804,0.05661151728947775,0.9983424147526079
ALL_TASKS,BG15,19,0.5428571428571428,0.831115186214447,18,0.047313789428430876,1.1445092007485722,1.1442090362417927,0.041445900214510875,0.9990729689378762
Original,BG0,23,0.6571428571428571,0.618124783039093,3,0.0,1.128882503865155,1.128882503865155,0.0,0.9999999999999999
Original,MEAN_BG0_BG15,23,0.6571428571428571,0.618124783039093,48,0.07613505407617253,1.1288825038651555,1.1292166692616619,0.06743775850663636,0.9970237722095434
ALL_TASKS,BG0,23,0.6571428571428571,0.618124783039093,18,0.0,1.144340302127414,1.144340302127414,0.0,1.0
ALL_TASKS,MEAN_BG0_BG15,23,0.6571428571428571,0.618124783039093,288,0.05974508669929503,1.144340302127417,1.144212162074905,0.052382280696233366,0.9980416856333701
Original,BG1,23,0.6571428571428571,0.618124783039093,3,0.03353988287587937,1.128882503865155,1.1269883214651826,0.02973707661006077,0.9995592860829089
ALL_TASKS,BG1,23,0.6571428571428571,0.618124783039093,18,0.030591394856256157,1.144340302127414,1.1421715560062413,0.026812608554250446,0.9996221229112321
Original,BG2,23,0.6571428571428571,0.618124783039093,3,0.035233835057511396,1.128882503865155,1.127146487150286,0.031237254317261185,0.9995132565983781
ALL_TASKS,BG2,23,0.6571428571428571,0.618124783039093,18,0.031963324870105315,1.144340302127414,1.141999934182249,0.02802168827711585,0.9995854500775953
Original,BG3,23,0.6571428571428571,0.618124783039093,3,0.04079379878303813,1.128882503865155,1.129200014680172,0.03613339771109635,0.9993471630589225
ALL_TASKS,BG3,23,0.6571428571428571,0.618124783039093,18,0.03516427832357361,1.144340302127414,1.1442850242458011,0.030809161493399184,0.9994796654310739
Original,BG4,23,0.6571428571428571,0.618124783039093,3,0.03839107224931753,1.128882503865155,1.1294817762188922,0.03400106989349746,0.9994220719305328
ALL_TASKS,BG4,23,0.6571428571428571,0.618124783039093,18,0.03365823164307959,1.144340302127414,1.1447912332327381,0.02947264011429453,0.9995339480691557
Original,BG5,23,0.6571428571428571,0.618124783039093,3,0.09797432686279417,1.128882503865155,1.1277793500080058,0.0868339222194759,0.9962307079020628
ALL_TASKS,BG5,23,0.6571428571428571,0.618124783039093,18,0.08123205926212797,1.144340302127414,1.1413634532503947,0.07135755632972368,0.997023780164919
Original,BG6,23,0.6571428571428571,0.618124783039093,3,0.12021756894080754,1.128882503865155,1.1346520340854809,0.10622560990532433,0.9943631748258689
ALL_TASKS,BG6,23,0.6571428571428571,0.618124783039093,18,0.10256194734736049,1.144340302127414,1.149163530970303,0.08969445665016029,0.9954255347271184
Original,BG7,23,0.6571428571428571,0.618124783039093,3,0.11429683452033292,1.128882503865155,1.134360238663672,0.10100745517256615,0.9949076980692956
ALL_TASKS,BG7,23,0.6571428571428571,0.618124783039093,18,0.09807004145999858,1.144340302127414,1.149015844760168,0.08581491782737168,0.9957223764792263
Original,BG8,23,0.6571428571428571,0.618124783039093,3,0.12459356478938649,1.128882503865155,1.1267176593954809,0.11052444754703888,0.9938492092777702
ALL_TASKS,BG8,23,0.6571428571428571,0.618124783039093,18,0.07735804663292276,1.144340302127414,1.1410642779829354,0.06799528966781175,0.9971836345438376
Original,BG9,23,0.6571428571428571,0.618124783039093,3,0.0677918314858038,1.128882503865155,1.1280733394554394,0.06007665479325708,0.9981940750172925
ALL_TASKS,BG9,23,0.6571428571428571,0.618124783039093,18,0.054292166763443866,1.144340302127414,1.1431594831250789,0.04760131173913706,0.9987603310962141
Original,BG10,23,0.6571428571428571,0.618124783039093,3,0.17527355678673442,1.128882503865155,1.1263743659915386,0.15547650810925104,0.9878909615780262
ALL_TASKS,BG10,23,0.6571428571428571,0.618124783039093,18,0.10254101395034232,1.144340302127414,1.1449770182569894,0.09005410422318791,0.9947772525514823
Original,BG11,23,0.6571428571428571,0.618124783039093,3,0.08663795065079051,1.128882503865155,1.1319236963591248,0.07665783765077823,0.997062062312328
ALL_TASKS,BG11,23,0.6571428571428571,0.618124783039093,18,0.07089766588516305,1.144340302127414,1.1473578850525248,0.062057052052354615,0.9978204897665266
Original,BG12,23,0.6571428571428571,0.618124783039093,3,0.07301438214867496,1.128882503865155,1.129811883711598,0.06465809074001076,0.9979083219865128
ALL_TASKS,BG12,23,0.6571428571428571,0.618124783039093,18,0.06343502678920447,1.144340302127414,1.1436432882856868,0.05564347115251088,0.9982373348055378
Original,BG13,23,0.6571428571428571,0.618124783039093,3,0.07945734981434037,1.128882503865155,1.129427383787953,0.07038028946504866,0.9975202234696657
ALL_TASKS,BG13,23,0.6571428571428571,0.618124783039093,18,0.0672444147817455,1.144340302127414,1.1433808310599667,0.05901161217151737,0.9979807757325975
Original,BG14,23,0.6571428571428571,0.618124783039093,3,0.0695578684431299,1.128882503865155,1.1278342284774459,0.061668576122302136,0.9980914312793562
ALL_TASKS,BG14,23,0.6571428571428571,0.618124783039093,18,0.05611429167716943,1.144340302127414,1.142912975064365,0.049237454797074864,0.9986234347473659
Original,BG15,23,0.6571428571428571,0.618124783039093,3,0.061387041810218625,1.128882503865155,1.1288134248711617,0.054385945849212726,0.9985207119637685
ALL_TASKS,BG15,23,0.6571428571428571,0.618124783039093,18,0.050797482946227795,1.144340302127414,1.1437679555956233,0.044533166089823106,0.99889083903004
Original,BG0,27,0.7714285714285715,0.30132922530174255,3,0.0,1.1107378333134372,1.1107378333134372,0.0,1.0
Original,MEAN_BG0_BG15,27,0.7714285714285715,0.30132922530174255,48,0.0798443071048543,1.1107378333134375,1.1102708034118407,0.07189955127920115,0.9970022104370678
ALL_TASKS,BG0,27,0.7714285714285715,0.30132922530174255,18,0.0,1.1256495264750521,1.1256495264750521,0.0,1.0
ALL_TASKS,MEAN_BG0_BG15,27,0.7714285714285715,0.30132922530174255,288,0.0667179458142846,1.1256495264750526,1.1239784283598973,0.05950010744447538,0.9977831571303278
Original,BG1,27,0.7714285714285715,0.30132922530174255,3,0.04897168893924556,1.1107378333134372,1.1087129224739647,0.04413429054842589,0.9990274164363826
ALL_TASKS,BG1,27,0.7714285714285715,0.30132922530174255,18,0.044935282718088325,1.1256495264750521,1.123178041905662,0.040051123416865814,0.9991468266817702
Original,BG2,27,0.7714285714285715,0.30132922530174255,3,0.051431653131563525,1.1107378333134372,1.108374974640945,0.04635897582861376,0.9989272204231959
ALL_TASKS,BG2,27,0.7714285714285715,0.30132922530174255,18,0.04684225868409194,1.1256495264750521,1.1226724768029905,0.04177109098337754,0.9990653112174045
Original,BG3,27,0.7714285714285715,0.30132922530174255,3,0.05500852525183017,1.1107378333134372,1.10954872307789,0.04955855782980791,0.9987715614908758
ALL_TASKS,BG3,27,0.7714285714285715,0.30132922530174255,18,0.048655459221474164,1.1256495264750521,1.1248833445285469,0.04336232188973184,0.9989616259665133
Original,BG4,27,0.7714285714285715,0.30132922530174255,3,0.05338628044596052,1.1107378333134372,1.1105381833681534,0.04807534793552145,0.9988435417659426
ALL_TASKS,BG4,27,0.7714285714285715,0.30132922530174255,18,0.04730062762510695,1.1256495264750521,1.1255351693369715,0.042135006521095336,0.9990261525460018
Original,BG5,27,0.7714285714285715,0.30132922530174255,3,0.11143421653521496,1.1107378333134372,1.108591019898196,0.10042928827824682,0.9949579370649118
ALL_TASKS,BG5,27,0.7714285714285715,0.30132922530174255,18,0.08990732939730875,1.1256495264750521,1.1209390024610955,0.08029115611805841,0.9964596672155961
Original,BG6,27,0.7714285714285715,0.30132922530174255,3,0.12934143309518945,1.1107378333134372,1.1137459971050752,0.11631699204582453,0.9932260897597637
ALL_TASKS,BG6,27,0.7714285714285715,0.30132922530174255,18,0.1010212562410023,1.1256495264750521,1.12514649458158,0.09009167779820745,0.9954727548270053
Original,BG7,27,0.7714285714285715,0.30132922530174255,3,0.12452373753010874,1.1107378333134372,1.1150766318440952,0.11190734600954833,0.9937405734360923
ALL_TASKS,BG7,27,0.7714285714285715,0.30132922530174255,18,0.09928946359683703,1.1256495264750521,1.1267527566318682,0.08843845054104543,0.9956923592703897
Original,BG8,27,0.7714285714285715,0.30132922530174255,3,0.09386959884748636,1.1107378333134372,1.1059509230317248,0.08469671486058018,0.9964224142427539
ALL_TASKS,BG8,27,0.7714285714285715,0.30132922530174255,18,0.07960633880173315,1.1256495264750521,1.1195521407323963,0.0711255816786878,0.9972707825203391
Original,BG9,27,0.7714285714285715,0.30132922530174255,3,0.08008773749879328,1.1107378333134372,1.109562002919233,0.07214705746059084,0.9973974102438312
ALL_TASKS,BG9,27,0.7714285714285715,0.30132922530174255,18,0.07009409029238269,1.1256495264750521,1.1236677919269873,0.06248673349499126,0.9978836951303391
Original,BG10,27,0.7714285714285715,0.30132922530174255,3,0.10617474452789881,1.1107378333134372,1.111040926651859,0.09559816796003433,0.9954237677723015
ALL_TASKS,BG10,27,0.7714285714285715,0.30132922530174255,18,0.08437523338105841,1.1256495264750521,1.1246244059249004,0.07526623314691477,0.9967948686127356
Original,BG11,27,0.7714285714285715,0.30132922530174255,3,0.09294387895570533,1.1107378333134372,1.1119789084852902,0.08364718840350982,0.9964983842841222
ALL_TASKS,BG11,27,0.7714285714285715,0.30132922530174255,18,0.07534890251168967,1.1256495264750521,1.1259730876854215,0.06715360851991872,0.9974732464251177
Original,BG12,27,0.7714285714285715,0.30132922530174255,3,0.09255382704266084,1.1107378333134372,1.1101985575232105,0.0833560759057536,0.996524077773952
ALL_TASKS,BG12,27,0.7714285714285715,0.30132922530174255,18,0.07771796630555036,1.1256495264750521,1.1233363144149882,0.06932550453683001,0.9973505495865103
Original,BG13,27,0.7714285714285715,0.30132922530174255,3,0.08950028013768101,1.1107378333134372,1.1110660216302373,0.08057564382124201,0.9967515960882554
ALL_TASKS,BG13,27,0.7714285714285715,0.30132922530174255,18,0.07600205122885605,1.1256495264750521,1.124156884451586,0.0677719558379116,0.9974626718696512
Original,BG14,27,0.7714285714285715,0.30132922530174255,3,0.07775259857511284,1.1107378333134372,1.1093793078456262,0.07005483526259688,0.9975443285386104
ALL_TASKS,BG14,27,0.7714285714285715,0.30132922530174255,18,0.06584035049434357,1.1256495264750521,1.1233472308805583,0.05874333804186065,0.9980763203155774
Original,BG15,27,0.7714285714285715,0.30132922530174255,3,0.0705287131632173,1.1107378333134372,1.1098299207805165,0.06353633831692214,0.9979790476720961
ALL_TASKS,BG15,27,0.7714285714285715,0.30132922530174255,18,0.060550522529030384,1.1256495264750521,1.124240185017763,0.05398793658610953,0.9983936819002827
Original,BG0,31,0.8857142857142857,0.07776966691017151,3,0.0,0.9290315407322728,0.9290315407322728,0.0,1.0
Original,MEAN_BG0_BG15,31,0.8857142857142857,0.07776966691017151,48,0.09980492642606946,0.9290315407322717,0.9271083387326876,0.1075958028458021,0.9934686793177995
ALL_TASKS,BG0,31,0.8857142857142857,0.07776966691017151,18,0.0,0.9509302936000705,0.9509302936000705,0.0,1.0
ALL_TASKS,MEAN_BG0_BG15,31,0.8857142857142857,0.07776966691017151,288,0.09008563879600473,0.9509302936000706,0.94738038625163,0.0950409443526563,0.9946458889078961
Original,BG1,31,0.8857142857142857,0.07776966691017151,3,0.06719371856631769,0.9290315407322728,0.9282757035338634,0.07236863445761425,0.9973800995597121
ALL_TASKS,BG1,31,0.8857142857142857,0.07776966691017151,18,0.06342604808208296,0.9509302936000705,0.9480537089557006,0.066832158500776,0.9976523485395958
Original,BG2,31,0.8857142857142857,0.07776966691017151,3,0.07425742327739336,0.9290315407322728,0.9253547025716499,0.08010227429884502,0.996797638448005
ALL_TASKS,BG2,31,0.8857142857142857,0.07776966691017151,18,0.0698358209321679,0.9509302936000705,0.9454860763344735,0.07369626426483006,0.9971407452487396
Original,BG3,31,0.8857142857142857,0.07776966691017151,3,0.07274487876501372,0.9290315407322728,0.9315589419297293,0.0782099990569957,0.996943157175256
ALL_TASKS,BG3,31,0.8857142857142857,0.07776966691017151,18,0.06645492801909524,0.9509302936000705,0.9521060325720323,0.06988956430434014,0.9974034485540645
Original,BG4,31,0.8857142857142857,0.07776966691017151,3,0.07019698400441762,0.9290315407322728,0.9311393433736032,0.07548956741119901,0.9971506586139185
ALL_TASKS,BG4,31,0.8857142857142857,0.07776966691017151,18,0.06459506768986006,0.9509302936000705,0.952218047701025,0.06792201154761932,0.9975364495313035
Original,BG5,31,0.8857142857142857,0.07776966691017151,3,0.1346256878030778,0.9290315407322728,0.9205233386242405,0.1455857582749114,0.9894434107661354
ALL_TASKS,BG5,31,0.8857142857142857,0.07776966691017151,18,0.12103642113735079,0.9509302936000705,0.9423840574198855,0.12801539507411086,0.9913864616292977
Original,BG6,31,0.8857142857142857,0.07776966691017151,3,0.14280191781437415,0.9290315407322728,0.9239318049106124,0.15416153653936535,0.9881237856585193
ALL_TASKS,BG6,31,0.8857142857142857,0.07776966691017151,18,0.1274680991946712,0.9509302936000705,0.9438143730728848,0.1347354097244153,0.9904689621487479
Original,BG7,31,0.8857142857142857,0.07776966691017151,3,0.1474205813226225,0.9290315407322728,0.926257252010922,0.15893092148138754,0.9873738169561102
ALL_TASKS,BG7,31,0.8857142857142857,0.07776966691017151,18,0.1323427922708756,0.9509302936000705,0.945357815846362,0.13975644045351757,0.9897931745524549
Original,BG8,31,0.8857142857142857,0.07776966691017151,3,0.11892789684395645,0.9290315407322728,0.9196934470448629,0.1286688526905652,0.9917719965297233
ALL_TASKS,BG8,31,0.8857142857142857,0.07776966691017151,18,0.1112950625552887,0.9509302936000705,0.9412505173337602,0.11774329868893882,0.9928059056636503
Original,BG9,31,0.8857142857142857,0.07776966691017151,3,0.10471018480080117,0.9290315407322728,0.927714447071223,0.11280819459638096,0.9936345403238502
ALL_TASKS,BG9,31,0.8857142857142857,0.07776966691017151,18,0.09717921590091433,0.9509302936000705,0.9487246728058137,0.10234972380337432,0.9945435507493237
Original,BG10,31,0.8857142857142857,0.07776966691017151,3,0.12181985537995356,0.9290315407322728,0.928605413490672,0.1311899452130774,0.9913823259148206
ALL_TASKS,BG10,31,0.8857142857142857,0.07776966691017151,18,0.10603348107319675,0.9509302936000705,0.9468813391815806,0.11187505164756271,0.9933584837461163
Original,BG11,31,0.8857142857142857,0.07776966691017151,3,0.1152231097218075,0.9290315407322728,0.9306002471690386,0.1239529092039028,0.9923078669877065
ALL_TASKS,BG11,31,0.8857142857142857,0.07776966691017151,18,0.10047447064646861,0.9509302936000705,0.9496058457510994,0.10584779476365487,0.9940311460036908
Original,BG12,31,0.8857142857142857,0.07776966691017151,3,0.11871850763619969,0.9290315407322728,0.923590204296147,0.12818047844372993,0.9917970128781652
ALL_TASKS,BG12,31,0.8857142857142857,0.07776966691017151,18,0.10761013763241056,0.9509302936000705,0.9447273331982342,0.11364097914155807,0.9931579014507123
Original,BG13,31,0.8857142857142857,0.07776966691017151,3,0.11892441239267687,0.9290315407322728,0.9254846045166825,0.12827631640303083,0.9917740328133178
ALL_TASKS,BG13,31,0.8857142857142857,0.07776966691017151,18,0.10691682756033116,0.9509302936000705,0.946127990527593,0.11284083323784239,0.9932207609699764
Original,BG14,31,0.8857142857142857,0.07776966691017151,3,0.0980927593382292,0.9290315407322728,0.9299081312924914,0.1055562879757717,0.9944250323405267
ALL_TASKS,BG14,31,0.8857142857142857,0.07776966691017151,18,0.08567220291745456,0.9509302936000705,0.948837582823688,0.09027046565718062,0.9956891972708818
Original,BG15,31,0.8857142857142857,0.07776966691017151,3,0.09122090515027,0.9290315407322728,0.9320642971549953,0.09805116948605692,0.9951934941190257
ALL_TASKS,BG15,31,0.8857142857142857,0.07776966691017151,18,0.08102964512390728,0.9509302936000705,0.9515804929018731,0.08523971883277982,0.9961456864677753
Original,BG0,35,1.0,0.009900989942252636,3,0.0,0.6540619004782697,0.6540619004782697,0.0,1.0
Original,MEAN_BG0_BG15,35,1.0,0.009900989942252636,48,0.07520430690458736,0.6540619004782701,0.6516558318638478,0.11526658594401594,0.9924575534161203
ALL_TASKS,BG0,35,1.0,0.009900989942252636,18,0.0,0.6820509561449357,0.6820509561449357,0.0,1.0
ALL_TASKS,MEAN_BG0_BG15,35,1.0,0.009900989942252636,288,0.07201466431162634,0.6820509561449352,0.6794886071018177,0.10629731974328381,0.9933168428221963
Original,BG1,35,1.0,0.009900989942252636,3,0.049991805455609856,0.6540619004782697,0.6559534886027221,0.07632458807549547,0.9970902993568904
ALL_TASKS,BG1,35,1.0,0.009900989942252636,18,0.0486020409529604,0.6820509561449357,0.6826293409687534,0.07150209178480164,0.9973374896224784
Original,BG2,35,1.0,0.009900989942252636,3,0.05733734428185997,0.6540619004782697,0.6536571103944974,0.08769491963552023,0.9961546312589141
ALL_TASKS,BG2,35,1.0,0.009900989942252636,18,0.054836009169127155,0.6820509561449357,0.6805123937584461,0.08085109604556641,0.9965746989012586
Original,BG3,35,1.0,0.009900989942252636,3,0.05390342309807373,0.6540619004782697,0.6553303217638167,0.08233901491851409,0.9966094331302964
ALL_TASKS,BG3,35,1.0,0.009900989942252636,18,0.051434147608515515,0.6820509561449357,0.6827024144860665,0.07569795667518109,0.9970030311711781
Original,BG4,35,1.0,0.009900989942252636,3,0.0511564425032224,0.6540619004782697,0.6546140334417786,0.07818557917806018,0.996941888062679
ALL_TASKS,BG4,35,1.0,0.009900989942252636,18,0.04934023346077666,0.6820509561449357,0.6821553139112821,0.07264287265427885,0.9972346711884796
Original,BG5,35,1.0,0.009900989942252636,3,0.10142774099519054,0.6540619004782697,0.647875297596253,0.155814518097212,0.9879058664469319
ALL_TASKS,BG5,35,1.0,0.009900989942252636,18,0.09555030597436845,0.6820509561449357,0.6772482356557362,0.14128835604724707,0.9895868757321608
Original,BG6,35,1.0,0.009900989942252636,3,0.10804844158585906,0.6540619004782697,0.6477034611507478,0.1660070886364195,0.9862632537428547
ALL_TASKS,BG6,35,1.0,0.009900989942252636,18,0.10311623047818536,0.6820509561449357,0.6769256476682034,0.15248322205622372,0.987876458308055
Original,BG7,35,1.0,0.009900989942252636,3,0.11620501643864108,0.6540619004782697,0.6503528546923137,0.17817294501971045,0.9841441719226
ALL_TASKS,BG7,35,1.0,0.009900989942252636,18,0.10888960765595172,0.6820509561449357,0.6781484873856765,0.16083833964821104,0.986603268056111
Original,BG8,35,1.0,0.009900989942252636,3,0.0954387812809825,0.6540619004782697,0.6484642901290042,0.14654662347493155,0.9892989639524794
ALL_TASKS,BG8,35,1.0,0.009900989942252636,18,0.09258427841106084,0.6820509561449357,0.6767484893277955,0.1368055129105504,0.9902977348193363
Original,BG9,35,1.0,0.009900989942252636,3,0.08136814322194992,0.6540619004782697,0.6513231155939386,0.1246699962577739,0.9922363699155885
ALL_TASKS,BG9,35,1.0,0.009900989942252636,18,0.08023413449592544,0.6820509561449357,0.6792119922264295,0.11821340602089205,0.9927825491521278
Original,BG10,35,1.0,0.009900989942252636,3,0.08837104466678443,0.6540619004782697,0.6492065164163003,0.13561631889352485,0.9908267532988497
ALL_TASKS,BG10,35,1.0,0.009900989942252636,18,0.08483040903952056,0.6820509561449357,0.6773952617285901,0.1253798640686625,0.9917826090847544
Original,BG11,35,1.0,0.009900989942252636,3,0.0838547511042038,0.6540619004782697,0.6509988305604849,0.12850962286787762,0.9917495748612324
ALL_TASKS,BG11,35,1.0,0.009900989942252636,18,0.08044516348936168,0.6820509561449357,0.6788660778219249,0.11875992407717027,0.9926171770800687
Original,BG12,35,1.0,0.009900989942252636,3,0.09019986546106322,0.6540619004782697,0.6494808461502496,0.1383990604088402,0.9904463258675179
ALL_TASKS,BG12,35,1.0,0.009900989942252636,18,0.08675436325157716,0.6820509561449357,0.6776751682497089,0.1282118527046723,0.9913968994813287
Original,BG13,35,1.0,0.009900989942252636,3,0.09026818147578085,0.6540619004782697,0.6500012422656835,0.13845051289716456,0.9904333497433698
ALL_TASKS,BG13,35,1.0,0.009900989942252636,18,0.08625996600731385,0.6820509561449357,0.678447906629981,0.12744918016971452,0.9914667674388498
Original,BG14,35,1.0,0.009900989942252636,3,0.07004517087380202,0.6540619004782697,0.6527327655217371,0.10720576080610987,0.9942539276214223
ALL_TASKS,BG14,35,1.0,0.009900989942252636,18,0.06676597908316063,0.6820509561449357,0.6795836570190255,0.09846859572509553,0.9949447294953955
Original,BG15,35,1.0,0.009900989942252636,3,0.06565275803037397,0.6540619004782697,0.6547372350637649,0.10032882593710073,0.9949660454763002
ALL_TASKS,BG15,35,1.0,0.009900989942252636,18,0.06259175990821665,0.6820509561449357,0.6815163706465333,0.09216484530427257,0.9955645256235598
T01,BG0,0,0.0,0.9950248599052429,3,0.0,1.1467745366972018,1.1467745366972018,0.0,0.9999999999999999
T01,MEAN_BG0_BG15,0,0.0,0.9950248599052429,48,0.06914367500156497,1.1467745366972018,1.1485642058115386,0.06022357116596113,0.9974808750070965
T01,BG1,0,0.0,0.9950248599052429,3,0.02483306428665764,1.1467745366972018,1.1460733099782046,0.021662006508474746,0.9997655615519698
T01,BG2,0,0.0,0.9950248599052429,3,0.02579406780506474,1.1467745366972018,1.145257287374062,0.022509792092302503,0.9997475104219166
T01,BG3,0,0.0,0.9950248599052429,3,0.02991004449057726,1.1467745366972018,1.1487132322625853,0.026063131715587495,0.9996617998492421
T01,BG4,0,0.0,0.9950248599052429,3,0.027034345784063097,1.1467745366972018,1.1484553096306265,0.023559333762422,0.9997235294615815
T01,BG5,0,0.0,0.9950248599052429,3,0.11001852040833855,1.1467745366972018,1.1498249777670984,0.09582339091410395,0.9954116287017314
T01,BG6,0,0.0,0.9950248599052429,3,0.12530776777941552,1.1467745366972018,1.1558534395821942,0.10884803208121897,0.9941066622072388
T01,BG7,0,0.0,0.9950248599052429,3,0.1616753409943641,1.1467745366972018,1.153814426629515,0.14056616095645144,0.9901385268853954
T01,BG8,0,0.0,0.9950248599052429,3,0.12403518277157932,1.1467745366972018,1.1459837651787463,0.10820324427215626,0.994146072383051
T01,BG9,0,0.0,0.9950248599052429,3,0.0774141384610157,1.1467745366972018,1.1474614633414848,0.0674939604758253,0.9977223847880313
T01,BG10,0,0.0,0.9950248599052429,3,0.09327949064963632,1.1467745366972018,1.1503356725138103,0.08122154420012097,0.9967061495804433
T01,BG11,0,0.0,0.9950248599052429,3,0.07187529853761593,1.1467745366972018,1.1508149565544115,0.06257092938429068,0.9980485086517742
T01,BG12,0,0.0,0.9950248599052429,3,0.07448032132403222,1.1467745366972018,1.1456050220160598,0.06498830066568988,0.9978885450329477
T01,BG13,0,0.0,0.9950248599052429,3,0.06639533899168627,1.1467745366972018,1.1465642624079389,0.057910421639140675,0.9983230251505288
T01,BG14,0,0.0,0.9950248599052429,3,0.05058843521740594,1.1467745366972018,1.1474857519732407,0.044104290074535764,0.9990275320463481
T01,BG15,0,0.0,0.9950248599052429,3,0.043657442523586935,1.1467745366972018,1.148009879077436,0.03805259991305748,0.9992765634013373
T01,BG0,4,0.11428571428571428,0.9906675815582275,3,0.0,1.1464120929832948,1.1464120929832948,0.0,0.9999999999999999
T01,MEAN_BG0_BG15,4,0.11428571428571428,0.9906675815582275,48,0.06938251392629315,1.146412092983295,1.1481619207311493,0.060452825409401084,0.9974628674570601
T01,BG1,4,0.11428571428571428,0.9906675815582275,3,0.024936008906542476,1.1464120929832948,1.1458459299590258,0.02175851275911073,0.9997633898964358
T01,BG2,4,0.11428571428571428,0.9906675815582275,3,0.025953124333293373,1.1464120929832948,1.1448417741048185,0.02265572828970103,0.9997442918458358
T01,BG3,4,0.11428571428571428,0.9906675815582275,3,0.03005318641356512,1.1464120929832948,1.148249197304886,0.026198669555295723,0.9996580459660119
T01,BG4,4,0.11428571428571428,0.9906675815582275,3,0.027057390802002198,1.1464120929832948,1.1479890765295064,0.023590573239661846,0.9997225775504175
T01,BG5,4,0.11428571428571428,0.9906675815582275,3,0.1104809241993156,1.1464120929832948,1.1494598246269765,0.09625810716581638,0.9953695872199164
T01,BG6,4,0.11428571428571428,0.9906675815582275,3,0.12567827459811362,1.1464120929832948,1.1555065001174747,0.1092047346344547,0.9940677128040017
T01,BG7,4,0.11428571428571428,0.9906675815582275,3,0.16200808623985405,1.1464120929832948,1.1532891025002276,0.1409116041696252,0.9900889986776208
T01,BG8,4,0.11428571428571428,0.9906675815582275,3,0.12444884044359293,1.1464120929832948,1.1456711624581528,0.10859691329763921,0.9941032961373124
T01,BG9,4,0.11428571428571428,0.9906675815582275,3,0.07770311718574857,1.1464120929832948,1.146961077739067,0.06777076244199043,0.9977035354687485
T01,BG10,4,0.11428571428571428,0.9906675815582275,3,0.09350479706286181,1.1464120929832948,1.1498439688780895,0.08144854628560805,0.9966872783658363
T01,BG11,4,0.11428571428571428,0.9906675815582275,3,0.07217029166070608,1.1464120929832948,1.1503814249630666,0.0628497562892779,0.9980308215980012
T01,BG12,4,0.11428571428571428,0.9906675815582275,3,0.07472362764781008,1.1464120929832948,1.1452370681341677,0.06522219378012077,0.9978732818872507
T01,BG13,4,0.11428571428571428,0.9906675815582275,3,0.06667392007237825,1.1464120929832948,1.146242331590776,0.05817096727930629,0.998307858302101
T01,BG14,4,0.11428571428571428,0.9906675815582275,3,0.05084896798623306,1.1464120929832948,1.1471053355031209,0.0443470317126061,0.9990167449073303
T01,BG15,4,0.11428571428571428,0.9906675815582275,3,0.04387966526867277,1.1464120929832948,1.1475548643057396,0.038261105650202715,0.9992684586861352
T01,BG0,8,0.22857142857142856,0.9814466834068298,3,0.0,1.147811395736854,1.147811395736854,0.0,0.9999999999999999
T01,MEAN_BG0_BG15,8,0.22857142857142856,0.9814466834068298,48,0.07026761486998277,1.147811395736854,1.1495875486288278,0.06114980840647067,0.9974099570076507
T01,BG1,8,0.22857142857142856,0.9814466834068298,3,0.025363689981472246,1.147811395736854,1.1472685305962447,0.022105610309156046,0.9997557362702428
T01,BG2,8,0.22857142857142856,0.9814466834068298,3,0.026333284546785074,1.147811395736854,1.1463090655999797,0.022960186076612918,0.9997372338447349
T01,BG3,8,0.22857142857142856,0.9814466834068298,3,0.03063529940725976,1.147811395736854,1.1497238090828883,0.026673619871825233,0.9996455367127033
T01,BG4,8,0.22857142857142856,0.9814466834068298,3,0.02771743863187286,1.147811395736854,1.1495026455638027,0.02413524299781054,0.999709725767401
T01,BG5,8,0.22857142857142856,0.9814466834068298,3,0.11215665123923531,1.147811395736854,1.1509791532043003,0.09759625083808704,0.9952398383643809
T01,BG6,8,0.22857142857142856,0.9814466834068298,3,0.12710629290829034,1.147811395736854,1.1567827289835548,0.11031806169789342,0.9939446376971502
T01,BG7,8,0.22857142857142856,0.9814466834068298,3,0.1632579705813289,1.147811395736854,1.1547518738394587,0.1418220279809241,0.9899604757272041
T01,BG8,8,0.22857142857142856,0.9814466834068298,3,0.12579978016340557,1.147811395736854,1.1469586806440897,0.10964937328571228,0.993988434032785
T01,BG9,8,0.22857142857142856,0.9814466834068298,3,0.07875062046246155,1.147811395736854,1.1482828628661006,0.06860443078234714,0.997646600409663
T01,BG10,8,0.22857142857142856,0.9814466834068298,3,0.09467233973324256,1.147811395736854,1.151330056745257,0.08236109690709738,0.9966126851520659
T01,BG11,8,0.22857142857142856,0.9814466834068298,3,0.07291988951639201,1.147811395736854,1.1518670770359543,0.06342194516785053,0.9979949551911852
T01,BG12,8,0.22857142857142856,0.9814466834068298,3,0.07567418062935029,1.147811395736854,1.1466103743887623,0.06597237072379679,0.9978241014670238
T01,BG13,8,0.22857142857142856,0.9814466834068298,3,0.06747771588433531,1.147811395736854,1.1475258902996062,0.05880347664368294,0.9982708642229335
T01,BG14,8,0.22857142857142856,0.9814466834068298,3,0.05170448820433527,1.147811395736854,1.148556929565659,0.04503703497094916,0.9989859122849095
T01,BG15,8,0.22857142857142856,0.9814466834068298,3,0.044712196029957324,1.147811395736854,1.1491397039087328,0.03893620624978511,0.9992425749780297
T01,BG0,12,0.34285714285714286,0.9606394171714783,3,0.0,1.1471392170505135,1.1471392170505135,0.0,1.0
T01,MEAN_BG0_BG15,12,0.34285714285714286,0.9606394171714783,48,0.07208312348027467,1.1471392170505137,1.1492670041185755,0.06275648504783854,0.997281780174696
T01,BG1,12,0.34285714285714286,0.9606394171714783,3,0.026065887802310155,1.1471392170505135,1.1467070250529137,0.022732344610357353,0.9997415580505961
T01,BG2,12,0.34285714285714286,0.9606394171714783,3,0.026759607007085556,1.1471392170505135,1.1456992590703414,0.02334510771099441,0.9997282872973913
T01,BG3,12,0.34285714285714286,0.9606394171714783,3,0.03187633431514369,1.1471392170505135,1.149488662674698,0.02776846845477569,0.9996161218401424
T01,BG4,12,0.34285714285714286,0.9606394171714783,3,0.028728310764402503,1.1471392170505135,1.1491228255048211,0.02503000087380834,0.9996879305286882
T01,BG5,12,0.34285714285714286,0.9606394171714783,3,0.11501306473905286,1.1471392170505135,1.1503920381113264,0.10014252912309013,0.9949868289963567
T01,BG6,12,0.34285714285714286,0.9606394171714783,3,0.13022233722673268,1.1471392170505135,1.1569494768543647,0.11305017208220376,0.9936450935623645
T01,BG7,12,0.34285714285714286,0.9606394171714783,3,0.1655291284566726,1.1471392170505135,1.1546703425199742,0.1438467545475445,0.9896735625204537
T01,BG8,12,0.34285714285714286,0.9606394171714783,3,0.1294803893502047,1.1471392170505135,1.1469726167595509,0.11288746914251231,0.9936280175268394
T01,BG9,12,0.34285714285714286,0.9606394171714783,3,0.08097894589626321,1.1471392170505135,1.1480645016001871,0.07057751571444626,0.9975089867134174
T01,BG10,12,0.34285714285714286,0.9606394171714783,3,0.09758472616353338,1.1471392170505135,1.151302512381125,0.08491576411638879,0.9964005341416547
T01,BG11,12,0.34285714285714286,0.9606394171714783,3,0.07489251995701796,1.1471392170505135,1.1515950819958831,0.06516621874506201,0.9978840426881076
T01,BG12,12,0.34285714285714286,0.9606394171714783,3,0.0775082001193955,1.1471392170505135,1.146166267157569,0.06760848098590903,0.9977140936790018
T01,BG13,12,0.34285714285714286,0.9606394171714783,3,0.06895930153163878,1.1471392170505135,1.1471436647134918,0.06012684821527669,0.9981916377507577
T01,BG14,12,0.34285714285714286,0.9606394171714783,3,0.05362742637671946,1.1471392170505135,1.1483141035475606,0.046732808336811614,0.9989082503688066
T01,BG15,12,0.34285714285714286,0.9606394171714783,3,0.046103795978221375,1.1471392170505135,1.1485444709028942,0.04017327810623556,0.9991935371305578
T01,BG0,16,0.45714285714285713,0.9109315872192383,3,0.0,1.148759582921273,1.148759582921273,0.0,1.0
T01,MEAN_BG0_BG15,16,0.45714285714285713,0.9109315872192383,48,0.07499952774032075,1.1487595829212733,1.150552626586072,0.06521932405929401,0.99708663179704
T01,BG1,16,0.45714285714285713,0.9109315872192383,3,0.027045921703366855,1.148759582921273,1.147998837204254,0.02355573152156733,0.9997226976734884
T01,BG2,16,0.45714285714285713,0.9109315872192383,3,0.02788389666066489,1.148759582921273,1.1471933386881783,0.024293445312994873,0.9997057690173107
T01,BG3,16,0.45714285714285713,0.9109315872192383,3,0.03346597025226216,1.148759582921273,1.1514358086895573,0.02910779025841967,0.9995786902525968
T01,BG4,16,0.45714285714285713,0.9109315872192383,3,0.03023321719295045,1.148759582921273,1.1509322855796498,0.026299986410704326,0.9996557292727767
T01,BG5,16,0.45714285714285713,0.9109315872192383,3,0.12126516323057845,1.148759582921273,1.1516976086617083,0.10545396831469493,0.9944380878006367
T01,BG6,16,0.45714285714285713,0.9109315872192383,3,0.13778504475755493,1.148759582921273,1.159173763773017,0.11941800350728472,0.9929087783739421
T01,BG7,16,0.45714285714285713,0.9109315872192383,3,0.1710240662886393,1.148759582921273,1.1558875846212868,0.14844635214628854,0.9889970984107427
T01,BG8,16,0.45714285714285713,0.9109315872192383,3,0.1245161234376947,1.148759582921273,1.1434560177927722,0.10862503754964636,0.9941060876542392
T01,BG9,16,0.45714285714285713,0.9109315872192383,3,0.08568539085792189,1.148759582921273,1.149258064409069,0.07459222396118821,0.997215954152978
T01,BG10,16,0.45714285714285713,0.9109315872192383,3,0.10213626623328985,1.148759582921273,1.1523500961446633,0.08877371220482523,0.9960626483290137
T01,BG11,16,0.45714285714285713,0.9109315872192383,3,0.07941094397439992,1.148759582921273,1.153536525413555,0.0689911888773202,0.9976284445494574
T01,BG12,16,0.45714285714285713,0.9109315872192383,3,0.08146024886466102,1.148759582921273,1.1477914638903346,0.07095883697350142,0.997481259214771
T01,BG13,16,0.45714285714285713,0.9109315872192383,3,0.07264504155668654,1.148759582921273,1.1487651768853007,0.063254259100551,0.9979979906530757
T01,BG14,16,0.45714285714285713,0.9109315872192383,3,0.05636526344094075,1.148759582921273,1.1500225481221555,0.049049454847394085,0.9987970688504367
T01,BG15,16,0.45714285714285713,0.9109315872192383,3,0.0490698853935203,1.148759582921273,1.1505833225803723,0.0426891939623236,0.9990898045471784
T01,BG0,19,0.5428571428571428,0.831115186214447,3,0.0,1.147944339016587,1.147944339016587,0.0,1.0
T01,MEAN_BG0_BG15,19,0.5428571428571428,0.831115186214447,48,0.07507400320009112,1.1479443390165869,1.1492442535214629,0.06534010961817806,0.9970954043588051
T01,BG1,19,0.5428571428571428,0.831115186214447,3,0.02896611461248583,1.147944339016587,1.1468547628511114,0.025245275938143342,0.9996818154466798
T01,BG2,19,0.5428571428571428,0.831115186214447,3,0.029908824779790334,1.147944339016587,1.1461211371749436,0.026078015345611858,0.9996611725879717
T01,BG3,19,0.5428571428571428,0.831115186214447,3,0.035649314979890566,1.147944339016587,1.1502665143014716,0.03102821096761997,0.9995206247868692
T01,BG4,19,0.5428571428571428,0.831115186214447,3,0.03243177570640676,1.147944339016587,1.150039788542842,0.028227259239391917,0.9996032783028704
T01,BG5,19,0.5428571428571428,0.831115186214447,3,0.12839344934448418,1.147944339016587,1.1498219974257875,0.11177892714057684,0.9937482051062015
T01,BG6,19,0.5428571428571428,0.831115186214447,3,0.1487478910666659,1.147944339016587,1.1591617432023495,0.12895894693032087,0.9917307343901974
T01,BG7,19,0.5428571428571428,0.831115186214447,3,0.17130040199448174,1.147944339016587,1.1534700086908825,0.14890038510837048,0.9889194288109106
T01,BG8,19,0.5428571428571428,0.831115186214447,3,0.07626550842361367,1.147944339016587,1.1412826185793878,0.06664503924174432,0.9977906983556707
T01,BG9,19,0.5428571428571428,0.831115186214447,3,0.0756358660828586,1.147944339016587,1.1466794872391777,0.06597711564181796,0.997810391140029
T01,BG10,19,0.5428571428571428,0.831115186214447,3,0.1088333311994199,1.147944339016587,1.150189529054973,0.09472049358872348,0.9955139449302591
T01,BG11,19,0.5428571428571428,0.831115186214447,3,0.08610192276496065,1.147944339016587,1.153163240329512,0.07483980031074551,0.9972096603568263
T01,BG12,19,0.5428571428571428,0.831115186214447,3,0.08705920699719087,1.147944339016587,1.1463936667324184,0.07590981317159158,0.9971171025622695
T01,BG13,19,0.5428571428571428,0.831115186214447,3,0.0780598394464712,1.147944339016587,1.1475978518951824,0.06802383351961742,0.997684790195187
T01,BG14,19,0.5428571428571428,0.831115186214447,3,0.06061713715238918,1.147944339016587,1.149164521997287,0.052785421584691815,0.9986065978112677
T01,BG15,19,0.5428571428571428,0.831115186214447,3,0.05321346665034856,1.147944339016587,1.1497568493094914,0.046323216161881786,0.9989280249576747
T01,BG0,23,0.6571428571428571,0.618124783039093,3,0.0,1.1474595314124028,1.1474595314124028,0.0,1.0
T01,MEAN_BG0_BG15,23,0.6571428571428571,0.618124783039093,48,0.0711125840117048,1.1474595314124028,1.1464572352684779,0.062001408601361226,0.9976576449758201
T01,BG1,23,0.6571428571428571,0.618124783039093,3,0.03511481833061843,1.1474595314124028,1.1448699851767252,0.030637537140170177,0.9995332330931394
T01,BG2,23,0.6571428571428571,0.618124783039093,3,0.03666883366551097,1.1474595314124028,1.14439996138459,0.032001802727079996,0.9994914989577451
T01,BG3,23,0.6571428571428571,0.618124783039093,3,0.04252481563907782,1.1474595314124028,1.1499847131743268,0.03701753622894619,0.9993172278197163
T01,BG4,23,0.6571428571428571,0.618124783039093,3,0.03958829182039474,1.1474595314124028,1.149750976795332,0.0344683752865742,0.9994079576547067
T01,BG5,23,0.6571428571428571,0.618124783039093,3,0.0919450005491202,1.1474595314124028,1.1393107426705724,0.08041718670329867,0.9967921033613858
T01,BG6,23,0.6571428571428571,0.618124783039093,3,0.12855219160173773,1.1474595314124028,1.152603853384935,0.11178628520688981,0.9937615081557188
T01,BG7,23,0.6571428571428571,0.618124783039093,3,0.11791585419733418,1.1474595314124028,1.149251290372261,0.10270536290945659,0.9947119424044408
T01,BG8,23,0.6571428571428571,0.618124783039093,3,0.07665756920888603,1.1474595314124028,1.140186026585571,0.06701616938051959,0.9977746871163619
T01,BG9,23,0.6571428571428571,0.618124783039093,3,0.06789507152254302,1.1474595314124028,1.144484187582107,0.059260486560086895,0.9982462786013077
T01,BG10,23,0.6571428571428571,0.618124783039093,3,0.11320299526468318,1.1474595314124028,1.1475947165822136,0.09864725419855652,0.9951307619086425
T01,BG11,23,0.6571428571428571,0.618124783039093,3,0.09285172052811719,1.1474595314124028,1.15220755472203,0.08075458710341714,0.9967473070008452
T01,BG12,23,0.6571428571428571,0.618124783039093,3,0.08033707885385122,1.1474595314124028,1.1431612283916472,0.07016209535961315,0.9975407365297753
T01,BG13,23,0.6571428571428571,0.618124783039093,3,0.08447184834384112,1.1474595314124028,1.1439031172373246,0.07375167257759617,0.9972824813679279
T01,BG14,23,0.6571428571428571,0.618124783039093,3,0.06608570981496671,1.1474595314124028,1.1458127720712168,0.057642584019801935,0.998338819462336
T01,BG15,23,0.6571428571428571,0.618124783039093,3,0.06398954484659439,1.1474595314124028,1.148335106752386,0.05575360221977266,0.9984457761790728
T01,BG0,27,0.7714285714285715,0.30132922530174255,3,0.0,1.1273392508469107,1.1273392508469107,0.0,1.0
T01,MEAN_BG0_BG15,27,0.7714285714285715,0.30132922530174255,48,0.08420901924669376,1.1273392508469111,1.1222097713814276,0.07488775793643887,0.996827389189633
T01,BG1,27,0.7714285714285715,0.30132922530174255,3,0.05459558482125009,1.1273392508469107,1.1227883094928106,0.04852738429556388,0.9988308148800291
T01,BG2,27,0.7714285714285715,0.30132922530174255,3,0.05781284548035839,1.1273392508469107,1.1214264304548391,0.051420760622583196,0.9986914729302532
T01,BG3,27,0.7714285714285715,0.30132922530174255,3,0.0593025905483733,1.1273392508469107,1.1265878064589367,0.052613633238566486,0.9986173236808319
T01,BG4,27,0.7714285714285715,0.30132922530174255,3,0.05802034113156623,1.1273392508469107,1.126526666435418,0.051482860150587374,0.9986754407365387
T01,BG5,27,0.7714285714285715,0.30132922530174255,3,0.11578392351235055,1.1273392508469107,1.1172158273332224,0.10316068195439894,0.9947189001664766
T01,BG6,27,0.7714285714285715,0.30132922530174255,3,0.11894434518664583,1.1273392508469107,1.120915683493217,0.10581544453152662,0.9944173910214645
T01,BG7,27,0.7714285714285715,0.30132922530174255,3,0.1250559579966468,1.1273392508469107,1.1238674415739427,0.11110110489708963,0.9938331723041216
T01,BG8,27,0.7714285714285715,0.30132922530174255,3,0.10316500405295188,1.1273392508469107,1.114577500705046,0.09201619107644554,0.995829068708146
T01,BG9,27,0.7714285714285715,0.30132922530174255,3,0.09500801675604587,1.1273392508469107,1.1216252424441835,0.08448263730769907,0.9964438412918478
T01,BG10,27,0.7714285714285715,0.30132922530174255,3,0.10386318449874855,1.1273392508469107,1.1223622928106494,0.09233180294239939,0.9957469814629127
T01,BG11,27,0.7714285714285715,0.30132922530174255,3,0.09494297246055415,1.1273392508469107,1.1247968376926796,0.0843088516708272,0.9964485347032975
T01,BG12,27,0.7714285714285715,0.30132922530174255,3,0.10249666923226892,1.1273392508469107,1.1196416447601005,0.09122114088882836,0.9958622578132603
T01,BG13,27,0.7714285714285715,0.30132922530174255,3,0.09990987793773994,1.1273392508469107,1.1204990996806419,0.08888298253277627,0.9960674130076876
T01,BG14,27,0.7714285714285715,0.30132922530174255,3,0.08137979144774383,1.1273392508469107,1.1218562070376743,0.07235942928905072,0.9973938246251196
T01,BG15,27,0.7714285714285715,0.30132922530174255,3,0.07706320288385572,1.1273392508469107,1.1233301008825716,0.06847922158467931,0.997661789702141
T01,BG0,31,0.8857142857142857,0.07776966691017151,3,0.0,0.9704462797336798,0.9704462797336798,0.0,1.0
T01,MEAN_BG0_BG15,31,0.8857142857142857,0.07776966691017151,48,0.11124543609919708,0.9704462797336788,0.9632524460151438,0.1150985213943924,0.9925907378949702
T01,BG1,31,0.8857142857142857,0.07776966691017151,3,0.07873719899269395,0.9704462797336798,0.9623725139961019,0.08145566589012672,0.9967142969300052
T01,BG2,31,0.8857142857142857,0.07776966691017151,3,0.0871629197674187,0.9704462797336798,0.9584535120907733,0.090349752308428,0.9959911897178303
T01,BG3,31,0.8857142857142857,0.07776966691017151,3,0.08012482599461342,0.9704462797336798,0.9689856920480988,0.082604304198286,0.9965860511362968
T01,BG4,31,0.8857142857142857,0.07776966691017151,3,0.07883666651741869,0.9704462797336798,0.9696189912979915,0.0812446800548244,0.9966950207491404
T01,BG5,31,0.8857142857142857,0.07776966691017151,3,0.14828026489448687,0.9704462797336798,0.9585461778041496,0.15369942477241647,0.9882539111068965
T01,BG6,31,0.8857142857142857,0.07776966691017151,3,0.15600365892999832,0.9704462797336798,0.9585548293496252,0.16173641997868604,0.9869956538251369
T01,BG7,31,0.8857142857142857,0.07776966691017151,3,0.15823570372711024,0.9704462797336798,0.9596969305286577,0.16395008387970067,0.986621439432699
T01,BG8,31,0.8857142857142857,0.07776966691017151,3,0.1362800506857834,0.9704462797336798,0.9561205155954674,0.14143665958622562,0.9900982662571457
T01,BG9,31,0.8857142857142857,0.07776966691017151,3,0.12440451369724548,0.9704462797336798,0.9659864598641817,0.1284470012060197,0.9917500289674765
T01,BG10,31,0.8857142857142857,0.07776966691017151,3,0.13176830165786246,0.9704462797336798,0.9624320601775634,0.13633496660887298,0.9907403059263817
T01,BG11,31,0.8857142857142857,0.07776966691017151,3,0.12576939909832505,0.9704462797336798,0.965150787356535,0.12993822837311375,0.991571488971617
T01,BG12,31,0.8857142857142857,0.07776966691017151,3,0.13601700201947867,0.9704462797336798,0.9607889200020927,0.14082919387289616,0.9901275189428826
T01,BG13,31,0.8857142857142857,0.07776966691017151,3,0.1337516755296074,0.9704462797336798,0.9618365557472662,0.13840519133090887,0.9904544451498087
T01,BG14,31,0.8857142857142857,0.07776966691017151,3,0.10429654025364188,0.9704462797336798,0.965334592397769,0.10772399333308465,0.9942048172675074
T01,BG15,31,0.8857142857142857,0.07776966691017151,3,0.10025825582146863,0.9704462797336798,0.9677143182523449,0.10342077691668812,0.9946473719386928
T01,BG0,35,1.0,0.009900989942252636,3,0.0,0.6890941801080085,0.6890941801080085,0.0,1.0
T01,MEAN_BG0_BG15,35,1.0,0.009900989942252636,48,0.08942744319684282,0.6890941801080084,0.6849828693581065,0.13022835725044712,0.99039679486871
T01,BG1,35,1.0,0.009900989942252636,3,0.05942876200520011,0.6890941801080085,0.6881554269871618,0.08628697012607171,0.9962723052939267
T01,BG2,35,1.0,0.009900989942252636,3,0.06702640538909128,0.6890941801080085,0.6852805988158011,0.09752330773927177,0.9952532591028161
T01,BG3,35,1.0,0.009900989942252636,3,0.06256766216541716,0.6890941801080085,0.6886232126647173,0.09081087255074392,0.9958691960796952
T01,BG4,35,1.0,0.009900989942252636,3,0.059875995122154115,0.6890941801080085,0.6886124901641528,0.08690445223398995,0.9962154458853626
T01,BG5,35,1.0,0.009900989942252636,3,0.11830530912861499,0.6890941801080085,0.6828854695596402,0.17243667329727952,0.9851529270773681
T01,BG6,35,1.0,0.009900989942252636,3,0.12826514954619342,0.6890941801080085,0.6825838722098162,0.1870075342533946,0.9825543389218326
T01,BG7,35,1.0,0.009900989942252636,3,0.12943729403085263,0.6890941801080085,0.6808772458246418,0.1889491304774439,0.982212459594184
T01,BG8,35,1.0,0.009900989942252636,3,0.11567102336394842,0.6890941801080085,0.6816120520108391,0.16875933839874738,0.9858093946645021
T01,BG9,35,1.0,0.009900989942252636,3,0.10281182228965806,0.6890941801080085,0.6851051218736629,0.14960993396552177,0.9888088783545994
T01,BG10,35,1.0,0.009900989942252636,3,0.10716291283452188,0.6890941801080085,0.6832084725504206,0.1561670014081286,0.9878377189100847
T01,BG11,35,1.0,0.009900989942252636,3,0.10151134877666844,0.6890941801080085,0.6843914438716531,0.14780547073676545,0.9890972952540079
T01,BG12,35,1.0,0.009900989942252636,3,0.10881912237228093,0.6890941801080085,0.6829574533635875,0.15860397363157455,0.9874479214181244
T01,BG13,35,1.0,0.009900989942252636,3,0.10681850410099027,0.6890941801080085,0.6833921004035218,0.15563611412015932,0.9879043189582468
T01,BG14,35,1.0,0.009900989942252636,3,0.08405215846495283,0.6890941801080085,0.6857600176658424,0.1222495922304172,0.9925260448585543
T01,BG15,35,1.0,0.009900989942252636,3,0.0790856215589405,0.6890941801080085,0.6871867516562341,0.1149033508376438,0.993387213526051
T02,BG0,0,0.0,0.9950248599052429,3,0.0,1.1364605218707278,1.1364605218707278,0.0,1.0
T02,MEAN_BG0_BG15,0,0.0,0.9950248599052429,48,0.0849832381457835,1.1364605218707273,1.139630439704631,0.07461940346476872,0.9957304858253012
T02,BG1,0,0.0,0.9950248599052429,3,0.02438403883883032,1.1364605218707278,1.1350169144551538,0.021472108717713056,0.9997702645960996
T02,BG2,0,0.0,0.9950248599052429,3,0.025821744644061492,1.1364605218707278,1.134700426203077,0.022742229125322685,0.9997425236982888
T02,BG3,0,0.0,0.9950248599052429,3,0.03153662132218987,1.1364605218707278,1.136990398075213,0.027746457708257944,0.999615104155966
T02,BG4,0,0.0,0.9950248599052429,3,0.028920165785992834,1.1364605218707278,1.137389673992019,0.02543932811363389,0.9996767327660704
T02,BG5,0,0.0,0.9950248599052429,3,0.12206492417716304,1.1364605218707278,1.1423323425809284,0.10714018848223827,0.9942731812038911
T02,BG6,0,0.0,0.9950248599052429,3,0.12748493899606075,1.1364605218707278,1.1468984559496036,0.11167984600469379,0.9937979577563988
T02,BG7,0,0.0,0.9950248599052429,3,0.15709494075819275,1.1364605218707278,1.1514526825700722,0.1373387798701585,0.990655006383279
T02,BG8,0,0.0,0.9950248599052429,3,0.19608059733074876,1.1364605218707278,1.1413158767500808,0.1721980816061448,0.9851292068890422
T02,BG9,0,0.0,0.9950248599052429,3,0.08197133557495558,1.1364605218707278,1.139440440349432,0.07203471323762876,0.9974080972601258
T02,BG10,0,0.0,0.9950248599052429,3,0.2213778592217981,1.1364605218707278,1.1394284346502803,0.19457910909038625,0.9810031630745065
T02,BG11,0,0.0,0.9950248599052429,3,0.08257510755108038,1.1364605218707278,1.1414282440288248,0.07250957357043836,0.997374823522088
T02,BG12,0,0.0,0.9950248599052429,3,0.07369575466848018,1.1364605218707278,1.13807714448914,0.06480403211715063,0.9979011574890121
T02,BG13,0,0.0,0.9950248599052429,3,0.06917267566791596,1.1364605218707278,1.138572130163923,0.060812956662046856,0.9981525980791813
T02,BG14,0,0.0,0.9950248599052429,3,0.07174015365533415,1.1364605218707278,1.1373636613719653,0.06311264906527421,0.9979998936213006
T02,BG15,0,0.0,0.9950248599052429,3,0.04581095213973183,1.1364605218707278,1.1372196877736547,0.04030040206521162,0.9991880627095758
T02,BG0,4,0.11428571428571428,0.9906675815582275,3,0.0,1.1367241917341782,1.1367241917341782,0.0,1.0
T02,MEAN_BG0_BG15,4,0.11428571428571428,0.9906675815582275,48,0.08521185075325315,1.136724191734178,1.1399499079769204,0.07480087959524455,0.9957215285298585
T02,BG1,4,0.11428571428571428,0.9906675815582275,3,0.02457605750239557,1.1367241917341782,1.1353855254644465,0.02163463715862478,0.9997666515218042
T02,BG2,4,0.11428571428571428,0.9906675815582275,3,0.026189276355326353,1.1367241917341782,1.1349066079927435,0.0230602934139737,0.9997353672074203
T02,BG3,4,0.11428571428571428,0.9906675815582275,3,0.031733086371905875,1.1367241917341782,1.1372697336531916,0.02791292741049255,0.9996104662397641
T02,BG4,4,0.11428571428571428,0.9906675815582275,3,0.029078700302462485,1.1367241917341782,1.1376692467749976,0.02557246586418226,0.9996733492149578
T02,BG5,4,0.11428571428571428,0.9906675815582275,3,0.12262440551076241,1.1367241917341782,1.14255496652476,0.1076082997398377,0.994222797144999
T02,BG6,4,0.11428571428571428,0.9906675815582275,3,0.1276199174662912,1.1367241917341782,1.1472788619083112,0.11176559818591812,0.9937887493635058
T02,BG7,4,0.11428571428571428,0.9906675815582275,3,0.15759013699372693,1.1367241917341782,1.151571743280605,0.13774821263487586,0.9905972497890673
T02,BG8,4,0.11428571428571428,0.9906675815582275,3,0.19578096909440212,1.1367241917341782,1.141566693528819,0.1718943729793738,0.9851790021043895
T02,BG9,4,0.11428571428571428,0.9906675815582275,3,0.08227301180986156,1.1367241917341782,1.1398222624620267,0.07227747812188419,0.9973906156928406
T02,BG10,4,0.11428571428571428,0.9906675815582275,3,0.22112374263337953,1.1367241917341782,1.1399100031517602,0.19429607771928706,0.9810548303273996
T02,BG11,4,0.11428571428571428,0.9906675815582275,3,0.08291946433181037,1.1367241917341782,1.1420067519385027,0.07278927055579909,0.9973530117739228
T02,BG12,4,0.11428571428571428,0.9906675815582275,3,0.07401514881962085,1.1367241917341782,1.1382875726661188,0.06506931350251186,0.9978839275015315
T02,BG13,4,0.11428571428571428,0.9906675815582275,3,0.06949895466930883,1.1367241917341782,1.1389440686175052,0.06108138041941664,0.9981364409118724
T02,BG14,4,0.11428571428571428,0.9906675815582275,3,0.07216250393830309,1.1367241917341782,1.1375903280690298,0.06347153138180985,0.9979771767081229
T02,BG15,4,0.11428571428571428,0.9906675815582275,3,0.04620423625249315,1.1367241917341782,1.1377099698637294,0.04063221443592509,0.9991748209761351
T02,BG0,8,0.22857142857142856,0.9814466834068298,3,0.0,1.1382255281691804,1.1382255281691804,0.0,1.0
T02,MEAN_BG0_BG15,8,0.22857142857142856,0.9814466834068298,48,0.08615011433107318,1.1382255281691818,1.1413765373912594,0.07552868225506205,0.9956223303864835
T02,BG1,8,0.22857142857142856,0.9814466834068298,3,0.024495347520455592,1.1382255281691804,1.1369336384041393,0.021533155876449866,0.9997688074770293
T02,BG2,8,0.22857142857142856,0.9814466834068298,3,0.02606630901228757,1.1382255281691804,1.1363314977563979,0.02292131350323627,0.9997387253748867
T02,BG3,8,0.22857142857142856,0.9814466834068298,3,0.03203151902457516,1.1382255281691804,1.1386227384561083,0.028141085567053904,0.999603911329758
T02,BG4,8,0.22857142857142856,0.9814466834068298,3,0.029227743139285067,1.1382255281691804,1.1391109679184912,0.025669874725928837,0.999670819712508
T02,BG5,8,0.22857142857142856,0.9814466834068298,3,0.1235415412259827,1.1382255281691804,1.1439345507352283,0.10827193962991034,0.9941508615847133
T02,BG6,8,0.22857142857142856,0.9814466834068298,3,0.12904960453715553,1.1382255281691804,1.1489786694045854,0.11286894151209752,0.993656519901747
T02,BG7,8,0.22857142857142856,0.9814466834068298,3,0.15854463004751443,1.1382255281691804,1.152970012533158,0.13840665336767496,0.990504712303424
T02,BG8,8,0.22857142857142856,0.9814466834068298,3,0.20088255612647155,1.1382255281691804,1.143039072744216,0.17614110807542874,0.9844085628680322
T02,BG9,8,0.22857142857142856,0.9814466834068298,3,0.08252923725473617,1.1382255281691804,1.1411945425424372,0.0724091370684949,0.9973795558856445
T02,BG10,8,0.22857142857142856,0.9814466834068298,3,0.22258434402689398,1.1382255281691804,1.1413668555768057,0.19534386567318304,0.9808056512837856
T02,BG11,8,0.22857142857142856,0.9814466834068298,3,0.08410871095385213,1.1382255281691804,1.1434235263888233,0.0737471928489331,0.997275421801444
T02,BG12,8,0.22857142857142856,0.9814466834068298,3,0.07468150856423998,1.1382255281691804,1.1397186228681013,0.06556859003935493,0.9978512241740574
T02,BG13,8,0.22857142857142856,0.9814466834068298,3,0.07001482655267233,1.1382255281691804,1.1402497490131462,0.061458257434974344,0.9981130611242824
T02,BG14,8,0.22857142857142856,0.9814466834068298,3,0.07403556934339252,1.1382255281691804,1.139022877655992,0.0650381644086705,0.9978674808788434
T02,BG15,8,0.22857142857142856,0.9814466834068298,3,0.04660838196765605,1.1382255281691804,1.1389017480933386,0.040939636349601245,0.9991619704835809
T02,BG0,12,0.34285714285714286,0.9606394171714783,3,0.0,1.1368876391939453,1.1368876391939453,0.0,1.0
T02,MEAN_BG0_BG15,12,0.34285714285714286,0.9606394171714783,48,0.08636024526051832,1.1368876391939446,1.140135136218621,0.07579318123265055,0.9956045314538345
T02,BG1,12,0.34285714285714286,0.9606394171714783,3,0.024586096415599376,1.1368876391939453,1.1355062211002231,0.021636684205535505,0.9997666354449014
T02,BG2,12,0.34285714285714286,0.9606394171714783,3,0.0261959387131175,1.1368876391939453,1.1351247510220983,0.02305726407024621,0.99973536669904
T02,BG3,12,0.34285714285714286,0.9606394171714783,3,0.032340428995317444,1.1368876391939453,1.137077735488278,0.028446172684196913,0.9995953980712139
T02,BG4,12,0.34285714285714286,0.9606394171714783,3,0.02929346288322744,1.1368876391939453,1.1376137620355617,0.025757822765313493,0.9996684700139365
T02,BG5,12,0.34285714285714286,0.9606394171714783,3,0.12587764060513207,1.1368876391939453,1.1426277049826234,0.11043660751797864,0.993914292523161
T02,BG6,12,0.34285714285714286,0.9606394171714783,3,0.1285773939257833,1.1368876391939453,1.1476386067450635,0.11259565898808661,0.9936816367879885
T02,BG7,12,0.34285714285714286,0.9606394171714783,3,0.16060086435164903,1.1368876391939453,1.1517322753159245,0.1403523248110614,0.9902353189264059
T02,BG8,12,0.34285714285714286,0.9606394171714783,3,0.20091429229110905,1.1368876391939453,1.1421722930914953,0.176343230844119,0.9843267814098232
T02,BG9,12,0.34285714285714286,0.9606394171714783,3,0.08270090433230359,1.1368876391939453,1.1399553806480853,0.07263002541459664,0.9973625142752335
T02,BG10,12,0.34285714285714286,0.9606394171714783,3,0.21939531178501384,1.1368876391939453,1.1405440625820962,0.19275219350124584,0.981233876893385
T02,BG11,12,0.34285714285714286,0.9606394171714783,3,0.08397885469693318,1.1368876391939453,1.1421328545438143,0.07371795842195122,0.9972742984631703
T02,BG12,12,0.34285714285714286,0.9606394171714783,3,0.07578021115659052,1.1368876391939453,1.1385365054755259,0.0665997772434614,0.9977828263916092
T02,BG13,12,0.34285714285714286,0.9606394171714783,3,0.07104634051144477,1.1368876391939453,1.139066996961265,0.062426422507488394,0.9980531234198687
T02,BG14,12,0.34285714285714286,0.9606394171714783,3,0.0731467760161582,1.1368876391939453,1.1380687662093518,0.06432251331767903,0.9979078699380407
T02,BG15,12,0.34285714285714286,0.9606394171714783,3,0.047329407488913934,1.1368876391939453,1.1374766241025858,0.041616243429448585,0.9991340940035758
T02,BG0,16,0.45714285714285713,0.9109315872192383,3,0.0,1.1392516769584968,1.1392516769584968,0.0,1.0
T02,MEAN_BG0_BG15,16,0.45714285714285713,0.9109315872192383,48,0.08334202292779425,1.1392516769584957,1.1421886681129938,0.07299459655044262,0.9960868838729201
T02,BG1,16,0.45714285714285713,0.9109315872192383,3,0.025512094161568275,1.1392516769584968,1.137588469133483,0.022404610482728335,0.9997499219224583
T02,BG2,16,0.45714285714285713,0.9109315872192383,3,0.026998778129307927,1.1392516769584968,1.1371071044205148,0.02371630847564622,0.9997204374678591
T02,BG3,16,0.45714285714285713,0.9109315872192383,3,0.03297193446458168,1.1392516769584968,1.1394769324161749,0.02893451495702908,0.999581283484985
T02,BG4,16,0.45714285714285713,0.9109315872192383,3,0.0301559950663627,1.1392516769584968,1.139933014237215,0.02645683466156098,0.9996500241009789
T02,BG5,16,0.45714285714285713,0.9109315872192383,3,0.1310165410286343,1.1392516769584968,1.1445204833376017,0.11471888429091437,0.9934283314619344
T02,BG6,16,0.45714285714285713,0.9109315872192383,3,0.1289803459398238,1.1392516769584968,1.1501812446827204,0.11269065101834465,0.9936884420747152
T02,BG7,16,0.45714285714285713,0.9109315872192383,3,0.1656099640712943,1.1392516769584968,1.153616621474976,0.14445468072125842,0.9896459600975236
T02,BG8,16,0.45714285714285713,0.9109315872192383,3,0.17351938716015738,1.1392516769584968,1.1421319043549698,0.15211923646875258,0.9881045387302375
T02,BG9,16,0.45714285714285713,0.9109315872192383,3,0.08228780675301205,1.1392516769584968,1.1418702516447614,0.07212694865649723,0.9973985834055809
T02,BG10,16,0.45714285714285713,0.9109315872192383,3,0.18721030290449236,1.1392516769584968,1.1437689185141973,0.16407408679577004,0.9860729680957832
T02,BG11,16,0.45714285714285713,0.9109315872192383,3,0.08152237929349226,1.1392516769584968,1.1444929450671093,0.07140080940722893,0.9974541416794415
T02,BG12,16,0.45714285714285713,0.9109315872192383,3,0.07877597932348204,1.1392516769584968,1.140411567411111,0.06909954633905124,0.9976118821340729
T02,BG13,16,0.45714285714285713,0.9109315872192383,3,0.07406263858622086,1.1392516769584968,1.141108628458029,0.06494601198149415,0.9978916142628232
T02,BG14,16,0.45714285714285713,0.9109315872192383,3,0.06612973193103404,1.1392516769584968,1.1398543736853377,0.05802479201226569,0.9983061786115739
T02,BG15,16,0.45714285714285713,0.9109315872192383,3,0.048718488031243845,1.1392516769584968,1.1397045540112039,0.04274562853853997,0.9990858344367445
T02,BG0,19,0.5428571428571428,0.831115186214447,3,0.0,1.1377393580927688,1.1377393580927688,0.0,0.9999999999999999
T02,MEAN_BG0_BG15,19,0.5428571428571428,0.831115186214447,48,0.08011726116937713,1.137739358092768,1.1402485470997556,0.07027979695673457,0.996585792530798
T02,BG1,19,0.5428571428571428,0.831115186214447,3,0.02776596096106009,1.1377393580927688,1.136089390721794,0.024419186339838885,0.9997028627748993
T02,BG2,19,0.5428571428571428,0.831115186214447,3,0.029252159173923875,1.1377393580927688,1.1359284439442012,0.0257292341323048,0.9996702802318506
T02,BG3,19,0.5428571428571428,0.831115186214447,3,0.035191721151766324,1.1377393580927688,1.1378823837615908,0.030927112655755123,0.9995217449832801
T02,BG4,19,0.5428571428571428,0.831115186214447,3,0.03236535601859987,1.1377393580927688,1.138398952588962,0.028435923291312785,0.9995957790299671
T02,BG5,19,0.5428571428571428,0.831115186214447,3,0.1388030506616298,1.1377393580927688,1.142457490299713,0.1217152969942918,0.9925950264826509
T02,BG6,19,0.5428571428571428,0.831115186214447,3,0.1357595443747771,1.1377393580927688,1.1489775852694954,0.11874001101092901,0.992997513922457
T02,BG7,19,0.5428571428571428,0.831115186214447,3,0.16722787260764682,1.1377393580927688,1.1508922693126198,0.14613617304295415,0.9893906935234044
T02,BG8,19,0.5428571428571428,0.831115186214447,3,0.11699361038413149,1.1377393580927688,1.1363568362088334,0.10290163461728374,0.9945478502681079
T02,BG9,19,0.5428571428571428,0.831115186214447,3,0.0813469996399993,1.1377393580927688,1.1394380598793634,0.0714446385984681,0.9974428079344239
T02,BG10,19,0.5428571428571428,0.831115186214447,3,0.15610532605173363,1.1377393580927688,1.142434380205057,0.13699285910798062,0.9902433861741099
T02,BG11,19,0.5428571428571428,0.831115186214447,3,0.08155594491719498,1.1377393580927688,1.1431113772647867,0.07151392640954814,0.9974522611168449
T02,BG12,19,0.5428571428571428,0.831115186214447,3,0.08406341982159278,1.1377393580927688,1.1386897103804847,0.07383952923041111,0.9972717158430333
T02,BG13,19,0.5428571428571428,0.831115186214447,3,0.07931901266119251,1.1377393580927688,1.1395359892010066,0.06964568941989015,0.9975744042016133
T02,BG14,19,0.5428571428571428,0.831115186214447,3,0.06399402331247209,1.1377393580927688,1.137845235207511,0.05623183170645033,0.9984156199206712
T02,BG15,19,0.5428571428571428,0.831115186214447,3,0.05213217697231363,1.1377393580927688,1.138199291257905,0.04580370475033425,0.9989507340854514
T02,BG0,23,0.6571428571428571,0.618124783039093,3,0.0,1.1375521734399208,1.1375521734399208,0.0,1.0
T02,MEAN_BG0_BG15,23,0.6571428571428571,0.618124783039093,48,0.0730964240366686,1.1375521734399205,1.138213661002071,0.0641878281794373,0.9974348862456486
T02,BG1,23,0.6571428571428571,0.618124783039093,3,0.03483735251018763,1.1375521734399208,1.1347090420545962,0.03065434397280455,0.9995328217112608
T02,BG2,23,0.6571428571428571,0.618124783039093,3,0.036772226292434325,1.1375521734399208,1.1346010913137479,0.03235894502262104,0.9994794040283986
T02,BG3,23,0.6571428571428571,0.618124783039093,3,0.044007430999555563,1.1375521734399208,1.1375821622860216,0.03867941918006185,0.9992517454582336
T02,BG4,23,0.6571428571428571,0.618124783039093,3,0.04060641910936074,1.1375521734399208,1.1381356119922013,0.035679257927329434,0.9993633071729623
T02,BG5,23,0.6571428571428571,0.618124783039093,3,0.10715368720064906,1.1375521734399208,1.1349525636594577,0.09426947561332011,0.9955525079769848
T02,BG6,23,0.6571428571428571,0.618124783039093,3,0.12797994581362837,1.1375521734399208,1.1460368575191489,0.11205714066542012,0.9937429140689185
T02,BG7,23,0.6571428571428571,0.618124783039093,3,0.1318755586648219,1.1375521734399208,1.1477113594925072,0.11539651326726759,0.9933742934791422
T02,BG8,23,0.6571428571428571,0.618124783039093,3,0.0768411015120278,1.1375521734399208,1.1333766240725485,0.06765170626832301,0.99771420512789
T02,BG9,23,0.6571428571428571,0.618124783039093,3,0.056377992125748115,1.1375521734399208,1.136284202685573,0.04957417336429326,0.9987706715159616
T02,BG10,23,0.6571428571428571,0.618124783039093,3,0.12464452218854805,1.1375521734399208,1.1412233383375874,0.1093675589516096,0.9940134399417623
T02,BG11,23,0.6571428571428571,0.618124783039093,3,0.08685513822390185,1.1375521734399208,1.1426062489469502,0.07616446288488986,0.9971071011360505
T02,BG12,23,0.6571428571428571,0.618124783039093,3,0.07895469540372604,1.1375521734399208,1.1369829622484284,0.06940730932584892,0.9975873037418079
T02,BG13,23,0.6571428571428571,0.618124783039093,3,0.08941013784020435,1.1375521734399208,1.136780591301375,0.07860174614074102,0.9969079921556702
T02,BG14,23,0.6571428571428571,0.618124783039093,3,0.06961854026193613,1.1375521734399208,1.135923011155404,0.0612244395732337,0.9981246169741503
T02,BG15,23,0.6571428571428571,0.618124783039093,3,0.0636080364399679,1.1375521734399208,1.136960735527669,0.05591875871323265,0.9984358554411829
T02,BG0,27,0.7714285714285715,0.30132922530174255,3,0.0,1.1193489089217825,1.1193489089217825,0.0,0.9999999999999999
T02,MEAN_BG0_BG15,27,0.7714285714285715,0.30132922530174255,48,0.07579096767138607,1.1193489089217834,1.1171962741510724,0.06775846475601395,0.9974026622512554
T02,BG1,27,0.7714285714285715,0.30132922530174255,3,0.051779374173567566,1.1193489089217825,1.1164934604904568,0.046294319901550446,0.9989287851906603
T02,BG2,27,0.7714285714285715,0.30132922530174255,3,0.0528487359333013,1.1193489089217825,1.116098472340038,0.047261669388072726,0.998884943086957
T02,BG3,27,0.7714285714285715,0.30132922530174255,3,0.05982804110690962,1.1193489089217825,1.1187140251213623,0.05344170452028937,0.9985688152834004
T02,BG4,27,0.7714285714285715,0.30132922530174255,3,0.057637446457685725,1.1193489089217825,1.1193439849886433,0.05146720762813182,0.998672176251019
T02,BG5,27,0.7714285714285715,0.30132922530174255,3,0.09453479485580317,1.1193489089217825,1.1132483468623173,0.08465743194366915,0.9964267526646085
T02,BG6,27,0.7714285714285715,0.30132922530174255,3,0.1205370289794442,1.1193489089217825,1.1173260047057696,0.10776091666293197,0.9941930360439023
T02,BG7,27,0.7714285714285715,0.30132922530174255,3,0.10909433265640815,1.1193489089217825,1.120917032052482,0.09737727525344693,0.9952582952466381
T02,BG8,27,0.7714285714285715,0.30132922530174255,3,0.09109550721449118,1.1193489089217825,1.1110085854575995,0.08166597854897754,0.9966909379746755
T02,BG9,27,0.7714285714285715,0.30132922530174255,3,0.07742409150422232,1.1193489089217825,1.1164697563648112,0.06923607093848082,0.9976036445317581
T02,BG10,27,0.7714285714285715,0.30132922530174255,3,0.10195627551488172,1.1193489089217825,1.1183022148135928,0.09111159880488029,0.995849472292068
T02,BG11,27,0.7714285714285715,0.30132922530174255,3,0.08955069763083584,1.1193489089217825,1.1200689993796027,0.07995413904652753,0.9968012408167487
T02,BG12,27,0.7714285714285715,0.30132922530174255,3,0.08188335143499455,1.1193489089217825,1.1166137127243387,0.07321540462596414,0.9973185708088556
T02,BG13,27,0.7714285714285715,0.30132922530174255,3,0.08177740611768669,1.1193489089217825,1.117195367530355,0.07310050459289151,0.9973255249858152
T02,BG14,27,0.7714285714285715,0.30132922530174255,3,0.07475977133414109,1.1193489089217825,1.1165846700125988,0.06684875226515057,0.9977651030592091
T02,BG15,27,0.7714285714285715,0.30132922530174255,3,0.06794862782780402,1.1193489089217825,1.1174068446514072,0.060742461975258545,0.9981552977837662
T02,BG0,31,0.8857142857142857,0.07776966691017151,3,0.0,0.9438212034905124,0.9438212034905124,0.0,1.0
T02,MEAN_BG0_BG15,31,0.8857142857142857,0.07776966691017151,48,0.09932579351152515,0.9438212034905121,0.9377216008850014,0.10561720416680308,0.9937727974985354
T02,BG1,31,0.8857142857142857,0.07776966691017151,3,0.07105865522763165,0.9438212034905124,0.9403615399452399,0.07539165784129155,0.997157355774566
T02,BG2,31,0.8857142857142857,0.07776966691017151,3,0.07797479519131091,0.9438212034905124,0.9371084038597384,0.0828640188331264,0.9965772940316987
T02,BG3,31,0.8857142857142857,0.07776966691017151,3,0.07645067617488993,0.9438212034905124,0.945157089675661,0.08090607534869468,0.9967185376534119
T02,BG4,31,0.8857142857142857,0.07776966691017151,3,0.07360005843214328,0.9438212034905124,0.9449812195999813,0.0778913798107404,0.9969558526729254
T02,BG5,31,0.8857142857142857,0.07776966691017151,3,0.13158555043210413,0.9438212034905124,0.9304061099851563,0.1403724715485004,0.9902339675957931
T02,BG6,31,0.8857142857142857,0.07776966691017151,3,0.14051193648766627,0.9438212034905124,0.9302791886037663,0.14991277574890538,0.988857159487183
T02,BG7,31,0.8857142857142857,0.07776966691017151,3,0.145120362237095,0.9438212034905124,0.9349757081511433,0.154453030942485,0.9881081652592295
T02,BG8,31,0.8857142857142857,0.07776966691017151,3,0.12101759276759871,0.9438212034905124,0.9303993478496387,0.12910780111894107,0.9917614320560825
T02,BG9,31,0.8857142857142857,0.07776966691017151,3,0.10387430386034302,0.9438212034905124,0.9380531910159612,0.11036417514454973,0.993921750276027
T02,BG10,31,0.8857142857142857,0.07776966691017151,3,0.11740754612286043,0.9438212034905124,0.935125469233975,0.12494470630776948,0.9922319608232856
T02,BG11,31,0.8857142857142857,0.07776966691017151,3,0.11113631524645011,0.9438212034905124,0.9393105735167012,0.11800351515301494,0.9930419096313946
T02,BG12,31,0.8857142857142857,0.07776966691017151,3,0.11766149417044414,0.9438212034905124,0.9349943569563547,0.12520871408856774,0.9921873038669237
T02,BG13,31,0.8857142857142857,0.07776966691017151,3,0.11846789183366246,0.9438212034905124,0.935120230535035,0.12605059261388146,0.9920774762180465
T02,BG14,31,0.8857142857142857,0.07776966691017151,3,0.0939912243215279,0.9438212034905124,0.9400900904594711,0.09974889500807887,0.9950251445678137
T02,BG15,31,0.8857142857142857,0.07776966691017151,3,0.08935429367867459,0.9438212034905124,0.9433618912816882,0.0946554571603021,0.995509450062188
T02,BG0,35,1.0,0.009900989942252636,3,0.0,0.669670200349804,0.669670200349804,0.0,1.0
T02,MEAN_BG0_BG15,35,1.0,0.009900989942252636,48,0.07713600289533167,0.6696702003498037,0.6648699566531833,0.11565748147984828,0.9924530567432646
T02,BG1,35,1.0,0.009900989942252636,3,0.05263618574624399,0.669670200349804,0.669384615140721,0.07859240808162253,0.9968949537177169
T02,BG2,35,1.0,0.009900989942252636,3,0.059968987588880314,0.669670200349804,0.666295620765413,0.08974374294002636,0.9959602251996807
T02,BG3,35,1.0,0.009900989942252636,3,0.057086608051393484,0.669670200349804,0.6694545887677311,0.08523468254998638,0.9963473395322978
T02,BG4,35,1.0,0.009900989942252636,3,0.05465746359698839,0.669670200349804,0.6687583112274874,0.08164338193768352,0.9966465304167865
T02,BG5,35,1.0,0.009900989942252636,3,0.1023700025782588,0.669670200349804,0.6608395143636568,0.1538461946282118,0.9882127734848458
T02,BG6,35,1.0,0.009900989942252636,3,0.10840839094247624,0.669670200349804,0.6601190659782817,0.163018719338651,0.98679829225051
T02,BG7,35,1.0,0.009900989942252636,3,0.11682353834541524,0.669670200349804,0.6636842665311412,0.1752114109167946,0.9846627618841491
T02,BG8,35,1.0,0.009900989942252636,3,0.09492710850830943,0.669670200349804,0.662546086705968,0.14248602323303283,0.9898836953079887
T02,BG9,35,1.0,0.009900989942252636,3,0.08182095932772838,0.669670200349804,0.6638479582144922,0.12269196291308855,0.9924921966808656
T02,BG10,35,1.0,0.009900989942252636,3,0.08985640485199999,0.669670200349804,0.6609966740595651,0.13503243466300044,0.9909507678677003
T02,BG11,35,1.0,0.009900989942252636,3,0.08559707772596394,0.669670200349804,0.6634125782086334,0.12839703692324228,0.991786266162996
T02,BG12,35,1.0,0.009900989942252636,3,0.09502654355304756,0.669670200349804,0.6631993337056554,0.14255268751275255,0.9898353935599467
T02,BG13,35,1.0,0.009900989942252636,3,0.09598997621040715,0.669670200349804,0.6628161163118985,0.14403552030672517,0.9896260503551787
T02,BG14,35,1.0,0.009900989942252636,3,0.07159119209473673,0.669670200349804,0.6654079458711651,0.10722290155151519,0.9942506466860627
T02,BG15,35,1.0,0.009900989942252636,3,0.06741560720345675,0.669670200349804,0.6674864302493173,0.10081059618123933,0.9949010147855053
T03,BG0,0,0.0,0.9950248599052429,3,0.0,1.1329570956055097,1.1329570956055097,0.0,0.9999999999999999
T03,MEAN_BG0_BG15,0,0.0,0.9950248599052429,48,0.08379424236002923,1.1329570956055097,1.134901140700918,0.07384690204741977,0.9958487762682653
T03,BG1,0,0.0,0.9950248599052429,3,0.02729727687261298,1.1329570956055097,1.1316899729839611,0.024107812412470574,0.9997100428404887
T03,BG2,0,0.0,0.9950248599052429,3,0.028611276840280735,1.1329570956055097,1.1310007622523484,0.025275824238653266,0.9996820493217794
T03,BG3,0,0.0,0.9950248599052429,3,0.03153678690959246,1.1329570956055097,1.1332999910912034,0.027831846923323664,0.999612671832967
T03,BG4,0,0.0,0.9950248599052429,3,0.02877474321648982,1.1329570956055097,1.133707185031711,0.025390039520426053,0.9996778814694771
T03,BG5,0,0.0,0.9950248599052429,3,0.12369024916479772,1.1329570956055097,1.1362746976644786,0.10901754771145662,0.9940619028417051
T03,BG6,0,0.0,0.9950248599052429,3,0.13336566502743166,1.1329570956055097,1.1402789829763438,0.11732317722033331,0.9931287339610497
T03,BG7,0,0.0,0.9950248599052429,3,0.14829592208093842,1.1329570956055097,1.1401161873747216,0.13048812921163008,0.9915060894439826
T03,BG8,0,0.0,0.9950248599052429,3,0.21312885179689034,1.1329570956055097,1.136548391539302,0.187803020640633,0.9823515465460172
T03,BG9,0,0.0,0.9950248599052429,3,0.0702965525009353,1.1329570956055097,1.135304095704475,0.06197948693455171,0.9980806226046307
T03,BG10,0,0.0,0.9950248599052429,3,0.19560850289941822,1.1329570956055097,1.1370190434133616,0.17232474225993846,0.9851358721446212
T03,BG11,0,0.0,0.9950248599052429,3,0.0806720423137078,1.1329570956055097,1.1360109972222612,0.0710947979143125,0.9974699113552449
T03,BG12,0,0.0,0.9950248599052429,3,0.07046069229528514,1.1329570956055097,1.1331248496057915,0.062188191281369105,0.9980661756161294
T03,BG13,0,0.0,0.9950248599052429,3,0.06476289687686324,1.1329570956055097,1.1337327540266948,0.057146136008506106,0.998367303549247
T03,BG14,0,0.0,0.9950248599052429,3,0.08030527915105634,1.1329570956055097,1.133976852202429,0.07083725017947391,0.9974801250451039
T03,BG15,0,0.0,0.9950248599052429,3,0.0439011398141676,1.1329570956055097,1.1333763925200977,0.0387424303016381,0.9992494917197997
T03,BG0,4,0.11428571428571428,0.9906675815582275,3,0.0,1.1319166610075027,1.1319166610075027,0.0,0.9999999999999997
T03,MEAN_BG0_BG15,4,0.11428571428571428,0.9906675815582275,48,0.08388124525777706,1.131916661007502,1.134024834994955,0.07398470012844137,0.9958377860485105
T03,BG1,4,0.11428571428571428,0.9906675815582275,3,0.02740380296092341,1.1319166610075027,1.1307796272228094,0.024223005565392863,0.9997070437028032
T03,BG2,4,0.11428571428571428,0.9906675815582275,3,0.02875225354890539,1.1319166610075027,1.1300357939868826,0.02542407389184422,0.9996781348768541
T03,BG3,4,0.11428571428571428,0.9906675815582275,3,0.031593949382663265,1.1319166610075027,1.1322269579311708,0.027909080900581123,0.9996104641905372
T03,BG4,4,0.11428571428571428,0.9906675815582275,3,0.028757095171063545,1.1319166610075027,1.132903043811142,0.025395460950313045,0.9996779133495021
T03,BG5,4,0.11428571428571428,0.9906675815582275,3,0.12415752028533439,1.1319166610075027,1.135622299794959,0.10951145409162366,0.9940090300789913
T03,BG6,4,0.11428571428571428,0.9906675815582275,3,0.13417455491132294,1.1319166610075027,1.139648823103899,0.11811724806931856,0.9930337673950412
T03,BG7,4,0.11428571428571428,0.9906675815582275,3,0.14860463826338158,1.1319166610075027,1.139129055945603,0.1308772240342468,0.9914550962350427
T03,BG8,4,0.11428571428571428,0.9906675815582275,3,0.21229837037540036,1.1319166610075027,1.1356752191296735,0.1872249236738898,0.9824504938616676
T03,BG9,4,0.11428571428571428,0.9906675815582275,3,0.07045867201106341,1.1319166610075027,1.1344263713105136,0.0621742900325982,0.9980681219926311
T03,BG10,4,0.11428571428571428,0.9906675815582275,3,0.19550819264159588,1.1319166610075027,1.1361796900820862,0.17237959370613987,0.9851171821677375
T03,BG11,4,0.11428571428571428,0.9906675815582275,3,0.08082837997108677,1.1319166610075027,1.1350537805700975,0.07129579550161554,0.9974532323171452
T03,BG12,4,0.11428571428571428,0.9906675815582275,3,0.07070942765531292,1.1319166610075027,1.1322754719320691,0.06246085720499909,0.9980493146046934
T03,BG13,4,0.11428571428571428,0.9906675815582275,3,0.06496076372612071,1.1319166610075027,1.1329441856641413,0.05736749661708524,0.9983548908848127
T03,BG14,4,0.11428571428571428,0.9906675815582275,3,0.0799967579414244,1.1319166610075027,1.1330959986962226,0.07062372858251255,0.9974917871253007
T03,BG15,4,0.11428571428571428,0.9906675815582275,3,0.043895545278834026,1.1319166610075027,1.1324843797305097,0.03877096923290175,0.9992481039934065
T03,BG0,8,0.22857142857142856,0.9814466834068298,3,0.0,1.1342425895573298,1.1342425895573298,0.0,1.0
T03,MEAN_BG0_BG15,8,0.22857142857142856,0.9814466834068298,48,0.08515674282917875,1.13424258955733,1.136186903833032,0.07495960126791261,0.9957233608639613
T03,BG1,8,0.22857142857142856,0.9814466834068298,3,0.027831920906462065,1.1342425895573298,1.13281156665349,0.024554240848803973,0.9996991535037857
T03,BG2,8,0.22857142857142856,0.9814466834068298,3,0.028953405344967206,1.1342425895573298,1.1321617492360632,0.025551498018379956,0.9996751081962992
T03,BG3,8,0.22857142857142856,0.9814466834068298,3,0.03185119084734959,1.1342425895573298,1.1346264225145088,0.028077782796049944,0.9996057327506024
T03,BG4,8,0.22857142857142856,0.9814466834068298,3,0.029064232536575325,1.1342425895573298,1.1349682316256484,0.025617253398234636,0.9996720185917024
T03,BG5,8,0.22857142857142856,0.9814466834068298,3,0.1263328347974953,1.1342425895573298,1.137490095426598,0.11122528571909975,0.9938171092605059
T03,BG6,8,0.22857142857142856,0.9814466834068298,3,0.13720855934295553,1.1342425895573298,1.1418166221068058,0.12054760031159605,0.9927274332084819
T03,BG7,8,0.22857142857142856,0.9814466834068298,3,0.15028257722895136,1.1342425895573298,1.1413317529002913,0.13209133521657304,0.9912943688837585
T03,BG8,8,0.22857142857142856,0.9814466834068298,3,0.21595331335638768,1.1342425895573298,1.138021225169576,0.19004590620499495,0.9818810637024648
T03,BG9,8,0.22857142857142856,0.9814466834068298,3,0.07187985320084633,1.1342425895573298,1.1364213846269866,0.06330448829829272,0.9979953593454831
T03,BG10,8,0.22857142857142856,0.9814466834068298,3,0.19696262914982132,1.1342425895573298,1.1384551417967035,0.17331188996728808,0.9849302879219248
T03,BG11,8,0.22857142857142856,0.9814466834068298,3,0.082776227154512,1.1342425895573298,1.1372466704186819,0.07286569320077713,0.9973269079404466
T03,BG12,8,0.22857142857142856,0.9814466834068298,3,0.07171052175008695,1.1342425895573298,1.1344332822410932,0.06322026442170511,0.9980011599398816
T03,BG13,8,0.22857142857142856,0.9814466834068298,3,0.06581229894254811,1.1342425895573298,1.1348637995705777,0.05801038771289041,0.9983172245107896
T03,BG14,8,0.22857142857142856,0.9814466834068298,3,0.08146090503785519,1.1342425895573298,1.1354605987929138,0.07176647722029812,0.9973982410092553
T03,BG15,8,0.22857142857142856,0.9814466834068298,3,0.044427415670045954,1.1342425895573298,1.1346393286912448,0.03916351695161792,0.9992326050579972
T03,BG0,12,0.34285714285714286,0.9606394171714783,3,0.0,1.1325847088056897,1.1325847088056897,0.0,1.0
T03,MEAN_BG0_BG15,12,0.34285714285714286,0.9606394171714783,48,0.08771122370974421,1.1325847088056902,1.1347830903105354,0.07730591053866769,0.9954246037800022
T03,BG1,12,0.34285714285714286,0.9606394171714783,3,0.028254760355489655,1.1325847088056897,1.131377303379025,0.02496239576129018,0.9996884654130075
T03,BG2,12,0.34285714285714286,0.9606394171714783,3,0.029423259701821147,1.1325847088056897,1.1306230624640585,0.026004273497929536,0.9996631554573785
T03,BG3,12,0.34285714285714286,0.9606394171714783,3,0.03223312712601886,1.1325847088056897,1.1331182459272193,0.028455433179687326,0.9995946548474972
T03,BG4,12,0.34285714285714286,0.9606394171714783,3,0.029375043583485545,1.1325847088056897,1.1334521788085132,0.02592828995399452,0.9996640050422698
T03,BG5,12,0.34285714285714286,0.9606394171714783,3,0.12957998869394582,1.1325847088056897,1.1365381085602806,0.11421624707835047,0.9934746569152996
T03,BG6,12,0.34285714285714286,0.9606394171714783,3,0.14307581340931816,1.1325847088056897,1.1409112423047867,0.12583381264371146,0.992029930989846
T03,BG7,12,0.34285714285714286,0.9606394171714783,3,0.1535013036050936,1.1325847088056897,1.1398322276470358,0.13510953350422172,0.9908897065688554
T03,BG8,12,0.34285714285714286,0.9606394171714783,3,0.22504973845640297,1.1325847088056897,1.1365338743351072,0.19829929337324423,0.9801973976177064
T03,BG9,12,0.34285714285714286,0.9606394171714783,3,0.07408758181754858,1.1325847088056897,1.1349295730599671,0.06533431165424791,0.9978577678370711
T03,BG10,12,0.34285714285714286,0.9606394171714783,3,0.20047309382393005,1.1325847088056897,1.1371854114674127,0.17661976061090265,0.9842987712998684
T03,BG11,12,0.34285714285714286,0.9606394171714783,3,0.08694130570434316,1.1325847088056897,1.1356992144699973,0.07663023289173772,0.9970140488986265
T03,BG12,12,0.34285714285714286,0.9606394171714783,3,0.07335807944503965,1.1325847088056897,1.1330440631849459,0.06475818564056225,0.9979018243432228
T03,BG13,12,0.34285714285714286,0.9606394171714783,3,0.0672384774981793,1.1325847088056897,1.1332827233418072,0.05935348930859835,0.9982378452080735
T03,BG14,12,0.34285714285714286,0.9606394171714783,3,0.08542388516874462,1.1325847088056897,1.1341225251339468,0.07534768645231486,0.9970844276632823
T03,BG15,12,0.34285714285714286,0.9606394171714783,3,0.04536412096654586,1.1325847088056897,1.1332949820787712,0.040041623067889914,0.9991970023780308
T03,BG0,16,0.45714285714285713,0.9109315872192383,3,0.0,1.1354042848512087,1.1354042848512087,0.0,1.0
T03,MEAN_BG0_BG15,16,0.45714285714285713,0.9109315872192383,48,0.09014289514714102,1.135404284851208,1.137368395873413,0.07926247526910356,0.9952126883901596
T03,BG1,16,0.45714285714285713,0.9109315872192383,3,0.029657909454056247,1.1354042848512087,1.1340245474865716,0.026138382281297164,0.9996582752625032
T03,BG2,16,0.45714285714285713,0.9109315872192383,3,0.030483845750016687,1.1354042848512087,1.1334930731382384,0.02687452387403187,0.999639953442991
T03,BG3,16,0.45714285714285713,0.9109315872192383,3,0.03359831160475738,1.1354042848512087,1.1356468291642374,0.02959207646396859,0.9995610592832059
T03,BG4,16,0.45714285714285713,0.9109315872192383,3,0.030817724447029644,1.1354042848512087,1.1359851778429864,0.02713936139013039,0.9996315557868432
T03,BG5,16,0.45714285714285713,0.9109315872192383,3,0.13626465400756857,1.1354042848512087,1.139196616568567,0.11981615900007582,0.9928006089334026
T03,BG6,16,0.45714285714285713,0.9109315872192383,3,0.14783428965849701,1.1354042848512087,1.1441828554490663,0.12966116135570668,0.991501796329669
T03,BG7,16,0.45714285714285713,0.9109315872192383,3,0.15854466042061824,1.1354042848512087,1.1424637104621207,0.1392172319530978,0.9903202156743527
T03,BG8,16,0.45714285714285713,0.9109315872192383,3,0.23154812703543046,1.1354042848512087,1.1367133002930452,0.2037282939393333,0.9789770776567702
T03,BG9,16,0.45714285714285713,0.9109315872192383,3,0.0774863437514819,1.1354042848512087,1.137539275557318,0.0681687042391302,0.9976604284995507
T03,BG10,16,0.45714285714285713,0.9109315872192383,3,0.19645412203879978,1.1354042848512087,1.1399465768164696,0.1726084049651223,0.9848548880586563
T03,BG11,16,0.45714285714285713,0.9109315872192383,3,0.08878271309302876,1.1354042848512087,1.1388661381465552,0.0780428501571045,0.9968785873894458
T03,BG12,16,0.45714285714285713,0.9109315872192383,3,0.07739207854884154,1.1354042848512087,1.135784832779324,0.06815310557101478,0.997674020584339
T03,BG13,16,0.45714285714285713,0.9109315872192383,3,0.07108980411703825,1.1354042848512087,1.136135793721505,0.06259779308784104,0.9980384878937509
T03,BG14,16,0.45714285714285713,0.9109315872192383,3,0.08453202657474006,1.1354042848512087,1.136728166812969,0.07436986968263135,0.9970946634105706
T03,BG15,16,0.45714285714285713,0.9109315872192383,3,0.04779971185235176,1.1354042848512087,1.1357831548844286,0.04209168634517077,0.9991113960365047
T03,BG0,19,0.5428571428571428,0.831115186214447,3,0.0,1.1343078350434028,1.1343078350434028,0.0,1.0
T03,MEAN_BG0_BG15,19,0.5428571428571428,0.831115186214447,48,0.08883047343352783,1.1343078350434028,1.135713237596444,0.07821026378660886,0.9955298689747014
T03,BG1,19,0.5428571428571428,0.831115186214447,3,0.030891259401750786,1.1343078350434028,1.13294013028007,0.027253529683233524,0.9996284998292383
T03,BG2,19,0.5428571428571428,0.831115186214447,3,0.03244396667972926,1.1343078350434028,1.1325461091108082,0.02862842133699132,0.9995908000150694
T03,BG3,19,0.5428571428571428,0.831115186214447,3,0.035341491355267464,1.1343078350434028,1.134551837981685,0.031158061404874707,0.9995133212540154
T03,BG4,19,0.5428571428571428,0.831115186214447,3,0.032770606136055654,1.1343078350434028,1.1349832202350674,0.02888562615342009,0.9995822590311523
T03,BG5,19,0.5428571428571428,0.831115186214447,3,0.14474839705232442,1.1343078350434028,1.1372164444883108,0.12745018981132972,0.9918393904752829
T03,BG6,19,0.5428571428571428,0.831115186214447,3,0.15039558328755842,1.1343078350434028,1.1434197436298994,0.13202108224987322,0.9912406545027749
T03,BG7,19,0.5428571428571428,0.831115186214447,3,0.1618060572388751,1.1343078350434028,1.1400477473902704,0.14231332778168435,0.9898700915191126
T03,BG8,19,0.5428571428571428,0.831115186214447,3,0.20109710517201504,1.1343078350434028,1.1307036902673369,0.17735242596049838,0.9836149870452777
T03,BG9,19,0.5428571428571428,0.831115186214447,3,0.07895230915790799,1.1343078350434028,1.1357455308267272,0.06954368190353491,0.997556384374365
T03,BG10,19,0.5428571428571428,0.831115186214447,3,0.17779273431876072,1.1343078350434028,1.1387777146322888,0.15632206506561286,0.987427457769102
T03,BG11,19,0.5428571428571428,0.831115186214447,3,0.08716164369891356,1.1343078350434028,1.1377519449057718,0.07669628733930364,0.9970209759672782
T03,BG12,19,0.5428571428571428,0.831115186214447,3,0.0828059401900897,1.1343078350434028,1.1342120742796145,0.07300762553151023,0.997330082936272
T03,BG13,19,0.5428571428571428,0.831115186214447,3,0.07639782300168203,1.1343078350434028,1.134564680096862,0.06735081816157953,0.9977276600808427
T03,BG14,19,0.5428571428571428,0.831115186214447,3,0.07806578071027036,1.1343078350434028,1.135087022366924,0.06876145251176645,0.9975337949484321
T03,BG15,19,0.5428571428571428,0.831115186214447,3,0.05061687753524472,1.1343078350434028,1.1345560760080635,0.044619625690529324,0.999001543847008
T03,BG0,23,0.6571428571428571,0.618124783039093,3,0.0,1.1343108826120252,1.1343108826120252,0.0,1.0
T03,MEAN_BG0_BG15,23,0.6571428571428571,0.618124783039093,48,0.08007603099757953,1.1343108826120258,1.1348039018185039,0.07055686232124336,0.996866996968762
T03,BG1,23,0.6571428571428571,0.618124783039093,3,0.03819126906458183,1.1343108826120252,1.1315481571934451,0.03371622874151806,0.9994337918012964
T03,BG2,23,0.6571428571428571,0.618124783039093,3,0.040355590639188615,1.1343108826120252,1.1313019099107429,0.03563052480538182,0.9993679769373437
T03,BG3,23,0.6571428571428571,0.618124783039093,3,0.04353950049026716,1.1343108826120252,1.1345028660567114,0.038387201675573655,0.9992622274788472
T03,BG4,23,0.6571428571428571,0.618124783039093,3,0.04096841246646376,1.1343108826120252,1.135533044210888,0.036101965093094636,0.9993484448253515
T03,BG5,23,0.6571428571428571,0.618124783039093,3,0.11831205291398082,1.1343108826120252,1.1320272422563724,0.10440939395037431,0.9945477494975811
T03,BG6,23,0.6571428571428571,0.618124783039093,3,0.1377364751111836,1.1343108826120252,1.140648961958278,0.12108638731805227,0.9926675544638063
T03,BG7,23,0.6571428571428571,0.618124783039093,3,0.13653064944378807,1.1343108826120252,1.141086107883943,0.12005334596544616,0.9927919350551008
T03,BG8,23,0.6571428571428571,0.618124783039093,3,0.11521589167391044,1.1343108826120252,1.1318700245015938,0.10159906648888849,0.994701770200945
T03,BG9,23,0.6571428571428571,0.618124783039093,3,0.06933119764282235,1.1343108826120252,1.1345243818481388,0.06112128327068999,0.9981314361264966
T03,BG10,23,0.6571428571428571,0.618124783039093,3,0.13950210692474085,1.1343108826120252,1.1377332406945382,0.12276204221445917,0.9923754554278087
T03,BG11,23,0.6571428571428571,0.618124783039093,3,0.08793422058037348,1.1343108826120252,1.1375826952887933,0.07741550734864555,0.9970028465280828
T03,BG12,23,0.6571428571428571,0.618124783039093,3,0.08585328477606917,1.1343108826120252,1.134400209397504,0.0757136987467734,0.9971249022154444
T03,BG13,23,0.6571428571428571,0.618124783039093,3,0.08966099519533921,1.1343108826120252,1.1322879785392617,0.07913269373906985,0.996863226367584
T03,BG14,23,0.6571428571428571,0.618124783039093,3,0.07556971496561875,1.1343108826120252,1.1335684007814757,0.06664955660977241,0.9977739288739569
T03,BG15,23,0.6571428571428571,0.618124783039093,3,0.06251513407294428,1.1343108826120252,1.133936325962349,0.055130901172154155,0.9984787057005439
T03,BG0,27,0.7714285714285715,0.30132922530174255,3,0.0,1.1149998420013079,1.1149998420013079,0.0,1.0
T03,MEAN_BG0_BG15,27,0.7714285714285715,0.30132922530174255,48,0.08483265166193112,1.1149998420013063,1.1140695185314964,0.07612376468501242,0.9967141537215274
T03,BG1,27,0.7714285714285715,0.30132922530174255,3,0.055500146722559575,1.1149998420013079,1.1129817408963045,0.04982334190625635,0.9987599742069687
T03,BG2,27,0.7714285714285715,0.30132922530174255,3,0.05976765417673491,1.1149998420013079,1.1123653435903724,0.05366992005453817,0.99856202809054
T03,BG3,27,0.7714285714285715,0.30132922530174255,3,0.06341802194827593,1.1149998420013079,1.114927375222301,0.05688617621069425,0.9983813406411614
T03,BG4,27,0.7714285714285715,0.30132922530174255,3,0.06021341370407567,1.1149998420013079,1.1157091335220424,0.05399085935147006,0.9985423248191575
T03,BG5,27,0.7714285714285715,0.30132922530174255,3,0.11435155767686872,1.1149998420013079,1.1102222554871497,0.10277717981672645,0.9947282521629462
T03,BG6,27,0.7714285714285715,0.30132922530174255,3,0.12911265047245515,1.1149998420013079,1.115201868594288,0.11581388802895683,0.9932874350031979
T03,BG7,27,0.7714285714285715,0.30132922530174255,3,0.12422926357685245,1.1149998420013079,1.1168605054593057,0.11133786774194186,0.9938019267609096
T03,BG8,27,0.7714285714285715,0.30132922530174255,3,0.09365663521130807,1.1149998420013079,1.1083486179732294,0.0842468417688995,0.9964687961776854
T03,BG9,27,0.7714285714285715,0.30132922530174255,3,0.08198537231527257,1.1149998420013079,1.1143056436990488,0.0735610243682653,0.9972941469893333
T03,BG10,27,0.7714285714285715,0.30132922530174255,3,0.11000606910320719,1.1149998420013079,1.1155557316364764,0.09865549257092643,0.9951309559691482
T03,BG11,27,0.7714285714285715,0.30132922530174255,3,0.09614868849068851,1.1149998420013079,1.1166811909788343,0.08618883005792514,0.9962836622096636
T03,BG12,27,0.7714285714285715,0.30132922530174255,3,0.10059415928812236,1.1149998420013079,1.1133483012125114,0.09028252177802647,0.9959259653461858
T03,BG13,27,0.7714285714285715,0.30132922530174255,3,0.09895303644961899,1.1149998420013079,1.114452063116233,0.08876918539213445,0.9960610318379818
T03,BG14,27,0.7714285714285715,0.30132922530174255,3,0.09013594220047498,1.1149998420013079,1.1138218711055263,0.08089519787638376,0.9967275829636145
T03,BG15,27,0.7714285714285715,0.30132922530174255,3,0.07924981525438261,1.1149998420013079,1.1153308120090102,0.07108190803705379,0.9974710363659408
T03,BG0,31,0.8857142857142857,0.07776966691017151,3,0.0,0.9476338042924742,0.9476338042924742,0.0,1.0
T03,MEAN_BG0_BG15,31,0.8857142857142857,0.07776966691017151,48,0.10778280680753066,0.9476338042924749,0.9434634771354622,0.11406631032817405,0.9927359270366055
T03,BG1,31,0.8857142857142857,0.07776966691017151,3,0.07647678671475241,0.9476338042924742,0.9456535274035809,0.08077603584957405,0.9967386730900382
T03,BG2,31,0.8857142857142857,0.07776966691017151,3,0.08599044772447635,0.9476338042924742,0.9426601625446874,0.09096236959404747,0.9958767057860275
T03,BG3,31,0.8857142857142857,0.07776966691017151,3,0.082342761904719,0.9476338042924742,0.9512585713444824,0.08673142804696539,0.9962470285332209
T03,BG4,31,0.8857142857142857,0.07776966691017151,3,0.08132614311034576,0.9476338042924742,0.9508891520697623,0.08566813450056575,0.9963365507304416
T03,BG5,31,0.8857142857142857,0.07776966691017151,3,0.1475013545277391,0.9476338042924742,0.9345415220055524,0.15672169816576478,0.9878118744904031
T03,BG6,31,0.8857142857142857,0.07776966691017151,3,0.1493826275444393,0.9476338042924742,0.9366456370326052,0.15856385949560592,0.9874983799271999
T03,BG7,31,0.8857142857142857,0.07776966691017151,3,0.15584505434683302,0.9476338042924742,0.9367048080113906,0.16539486126500322,0.9863849681341693
T03,BG8,31,0.8857142857142857,0.07776966691017151,3,0.13063500070470419,0.9476338042924742,0.9339073827273832,0.13884781759766443,0.9904664959054753
T03,BG9,31,0.8857142857142857,0.07776966691017151,3,0.10643483323790716,0.9476338042924742,0.9459746694244581,0.1124199993342569,0.9936841256126576
T03,BG10,31,0.8857142857142857,0.07776966691017151,3,0.12520227745955395,0.9476338042924742,0.9440205675714045,0.1323864806151688,0.9912484610857802
T03,BG11,31,0.8857142857142857,0.07776966691017151,3,0.11991586808917128,0.9476338042924742,0.947515826745008,0.1265724357861799,0.9919898711541562
T03,BG12,31,0.8857142857142857,0.07776966691017151,3,0.13100168434130732,0.9476338042924742,0.9388861503191132,0.1388617096275485,0.9903985045767466
T03,BG13,31,0.8857142857142857,0.07776966691017151,3,0.1317560720753724,0.9476338042924742,0.940997565190202,0.13950742327992108,0.9902879116701334
T03,BG14,31,0.8857142857142857,0.07776966691017151,3,0.10277889313668638,0.9476338042924742,0.9466740655721505,0.10850299630636133,0.9941151052962721
T03,BG15,31,0.8857142857142857,0.07776966691017151,3,0.09793510400248302,0.9476338042924742,0.9514522219131408,0.10314371578615696,0.9946901765929637
T03,BG0,35,1.0,0.009900989942252636,3,0.0,0.6701102982662857,0.6701102982662857,0.0,1.0
T03,MEAN_BG0_BG15,35,1.0,0.009900989942252636,48,0.08235463481549997,0.670110298266286,0.6664153747105656,0.12334976988255501,0.991403601312487
T03,BG1,35,1.0,0.009900989942252636,3,0.05631496081348809,0.6701102982662857,0.6718326393685546,0.08392302366684812,0.9964811385453051
T03,BG2,35,1.0,0.009900989942252636,3,0.06498851043775614,0.6701102982662857,0.6692597951208566,0.09703570121342812,0.9952929739542496
T03,BG3,35,1.0,0.009900989942252636,3,0.059537102579565675,0.6701102982662857,0.6727487467366289,0.0886718138575729,0.9960767503085179
T03,BG4,35,1.0,0.009900989942252636,3,0.05810800972342244,0.6701102982662857,0.67151553277701,0.08662126766256202,0.9962503927224761
T03,BG5,35,1.0,0.009900989942252636,3,0.11068880914993602,0.6701102982662857,0.6608607096913395,0.16632579826196056,0.9862602470208054
T03,BG6,35,1.0,0.009900989942252636,3,0.12009941744553043,0.6701102982662857,0.661151190761955,0.18042839981374859,0.9838128933344242
T03,BG7,35,1.0,0.009900989942252636,3,0.12215221331941105,0.6701102982662857,0.6624208209331613,0.18333352455599802,0.9832553067069757
T03,BG8,35,1.0,0.009900989942252636,3,0.10397850918537664,0.6701102982662857,0.660729734533172,0.15625569282300142,0.987891262988728
T03,BG9,35,1.0,0.009900989942252636,3,0.08328018227447398,0.6701102982662857,0.6660594895676158,0.12465998532412283,0.99224893152717
T03,BG10,35,1.0,0.009900989942252636,3,0.09881096849659614,0.6701102982662857,0.6639320326893392,0.14814094605893494,0.9890713036659653
T03,BG11,35,1.0,0.009900989942252636,3,0.09356804259374579,0.6701102982662857,0.6661097529070228,0.14005314793274656,0.9902111051776781
T03,BG12,35,1.0,0.009900989942252636,3,0.10019294766427628,0.6701102982662857,0.6625266861016016,0.15036638447667391,0.9887542097993841
T03,BG13,35,1.0,0.009900989942252636,3,0.10115995369528985,0.6701102982662857,0.6646251286298822,0.15157536551786308,0.9885411035049337
T03,BG14,35,1.0,0.009900989942252636,3,0.0749588864391872,0.6701102982662857,0.6672055259174275,0.11210347992917712,0.9937266670585502
T03,BG15,35,1.0,0.009900989942252636,3,0.06983564322994372,0.6701102982662857,0.6715579113671918,0.10410178702624155,0.9945833346846249
T04,BG0,0,0.0,0.9950248599052429,3,0.0,1.1643107318851944,1.1643107318851944,0.0,1.0
T04,MEAN_BG0_BG15,0,0.0,0.9950248599052429,48,0.04342426147446718,1.1643107318851944,1.164057026098547,0.03729231648912663,0.9990701232891893
T04,BG1,0,0.0,0.9950248599052429,3,0.013885978169368105,1.1643107318851944,1.162920470664208,0.011934274776847156,0.999929489560174
T04,BG2,0,0.0,0.9950248599052429,3,0.015071438782728286,1.1643107318851944,1.162608750899034,0.012954573531453925,0.9999171726768469
T04,BG3,0,0.0,0.9950248599052429,3,0.016229913538528117,1.1643107318851944,1.1625999782556244,0.013950048103822096,0.9999037893313258
T04,BG4,0,0.0,0.9950248599052429,3,0.017916702027348057,1.1643107318851944,1.1630890403418819,0.015397457126405929,0.9998820039755391
T04,BG5,0,0.0,0.9950248599052429,3,0.06156996907854684,1.1643107318851944,1.1621226917711753,0.0529324141789067,0.9986007114128596
T04,BG6,0,0.0,0.9950248599052429,3,0.05366146495954593,1.1643107318851944,1.1659570971896218,0.046059891804347476,0.9989399889036162
T04,BG7,0,0.0,0.9950248599052429,3,0.09091549775539569,1.1643107318851944,1.17118527148067,0.07785913240465599,0.996985880736363
T04,BG8,0,0.0,0.9950248599052429,3,0.0876358974837987,1.1643107318851944,1.1635786888360298,0.07530106006988674,0.9971551091842102
T04,BG9,0,0.0,0.9950248599052429,3,0.059647184561542034,1.1643107318851944,1.1637605747295103,0.0512460319387966,0.9986866458475067
T04,BG10,0,0.0,0.9950248599052429,3,0.05280874579987115,1.1643107318851944,1.1656269531242802,0.04533638749517163,0.9989716904517011
T04,BG11,0,0.0,0.9950248599052429,3,0.044739448083970595,1.1643107318851944,1.165927596129695,0.03840157696914203,0.9992632758898944
T04,BG12,0,0.0,0.9950248599052429,3,0.0534656754463387,1.1643107318851944,1.1637102496231275,0.04593385686178674,0.9989443527465748
T04,BG13,0,0.0,0.9950248599052429,3,0.048339597513292636,1.1643107318851944,1.163832063533914,0.04152684744846444,0.9991375062788906
T04,BG14,0,0.0,0.9950248599052429,3,0.04750026271976961,1.1643107318851944,1.16215066157293,0.04083952999757637,0.9991661783179633
T04,BG15,0,0.0,0.9950248599052429,3,0.03140040767143051,1.1643107318851944,1.1615315975398612,0.027003981118762076,0.9996381773135669
T04,BG0,4,0.11428571428571428,0.9906675815582275,3,0.0,1.1639497178820821,1.1639497178820821,0.0,1.0
T04,MEAN_BG0_BG15,4,0.11428571428571428,0.9906675815582275,48,0.04343610528138805,1.163949717882083,1.1637652853471652,0.03731263433451935,0.9990704153463875
T04,BG1,4,0.11428571428571428,0.9906675815582275,3,0.014024194728474701,1.1639497178820821,1.1626559452397423,0.012056976871734288,0.9999279031124871
T04,BG2,4,0.11428571428571428,0.9906675815582275,3,0.015167703130456817,1.1639497178820821,1.1621891860695215,0.013042439793961346,0.9999160597192099
T04,BG3,4,0.11428571428571428,0.9906675815582275,3,0.016375140715748256,1.1639497178820821,1.1622448760947037,0.014079784640156268,0.9999019492503676
T04,BG4,4,0.11428571428571428,0.9906675815582275,3,0.01795465944166395,1.1639497178820821,1.162608875255059,0.01543518079463819,0.9998815550558371
T04,BG5,4,0.11428571428571428,0.9906675815582275,3,0.061645041003175555,1.1639497178820821,1.1621808693414253,0.05300408854795955,0.9985963294073695
T04,BG6,4,0.11428571428571428,0.9906675815582275,3,0.05395530974065619,1.1639497178820821,1.165569178490756,0.04632713721496771,0.9989276174573215
T04,BG7,4,0.11428571428571428,0.9906675815582275,3,0.0908535488975278,1.1639497178820821,1.1711492344389915,0.07781892758101373,0.9969907505920926
T04,BG8,4,0.11428571428571428,0.9906675815582275,3,0.08736450066141295,1.1639497178820821,1.163290554428177,0.07509050887397682,0.9971715042741653
T04,BG9,4,0.11428571428571428,0.9906675815582275,3,0.05996033166935216,1.1639497178820821,1.1634902415309314,0.05152997496447231,0.9986719904180371
T04,BG10,4,0.11428571428571428,0.9906675815582275,3,0.052652974562646615,1.1639497178820821,1.1652489114743962,0.04521608506650334,0.9989769685295767
T04,BG11,4,0.11428571428571428,0.9906675815582275,3,0.04492457750131118,1.1639497178820821,1.1656023381857459,0.03857201160430316,0.9992567867617174
T04,BG12,4,0.11428571428571428,0.9906675815582275,3,0.05329610042187375,1.1639497178820821,1.1635493658580838,0.045799971067502276,0.9989500842143543
T04,BG13,4,0.11428571428571428,0.9906675815582275,3,0.048402854158267665,1.1639497178820821,1.1635575813305898,0.041593885202980206,0.9991347480588925
T04,BG14,4,0.11428571428571428,0.9906675815582275,3,0.046930833564781914,1.1639497178820821,1.161810094173954,0.0403625260818071,0.9991860231634156
T04,BG15,4,0.11428571428571428,0.9906675815582275,3,0.03146991430485927,1.1639497178820821,1.1611475957604815,0.027072651046333426,0.999636375527354
T04,BG0,8,0.22857142857142856,0.9814466834068298,3,0.0,1.1648032701908437,1.1648032701908437,0.0,1.0
T04,MEAN_BG0_BG15,8,0.22857142857142856,0.9814466834068298,48,0.04378267510016584,1.1648032701908446,1.1645952680083218,0.037583168035927296,0.9990553377923597
T04,BG1,8,0.22857142857142856,0.9814466834068298,3,0.014159760427287288,1.1648032701908437,1.1633449817234238,0.012164573555981674,0.9999267921110947
T04,BG2,8,0.22857142857142856,0.9814466834068298,3,0.015237494741821294,1.1648032701908437,1.163016639846264,0.013092331683753372,0.9999154578538069
T04,BG3,8,0.22857142857142856,0.9814466834068298,3,0.016394195546923562,1.1648032701908437,1.1631354675087529,0.014085190251692031,0.9999018297453229
T04,BG4,8,0.22857142857142856,0.9814466834068298,3,0.018234360939092947,1.1648032701908437,1.1635541983118214,0.015664102436812353,0.9998778715872474
T04,BG5,8,0.22857142857142856,0.9814466834068298,3,0.061992482374809164,1.1648032701908437,1.1627635756331065,0.053269530416561496,0.9985825852305036
T04,BG6,8,0.22857142857142856,0.9814466834068298,3,0.0549112211620492,1.1648032701908437,1.166350516949056,0.04711483862263224,0.9988907517869343
T04,BG7,8,0.22857142857142856,0.9814466834068298,3,0.0903250368161213,1.1648032701908437,1.1717044804785193,0.07731923381302942,0.9970280118320609
T04,BG8,8,0.22857142857142856,0.9814466834068298,3,0.08941478217612686,1.1648032701908437,1.1641977187515107,0.07679133461568934,0.9970302553662918
T04,BG9,8,0.22857142857142856,0.9814466834068298,3,0.06062606862747969,1.1648032701908437,1.164471898468791,0.052060888168069606,0.9986439022787573
T04,BG10,8,0.22857142857142856,0.9814466834068298,3,0.05301839904371721,1.1648032701908437,1.166185293087774,0.045495205994163075,0.9989638288397008
T04,BG11,8,0.22857142857142856,0.9814466834068298,3,0.04524452337560883,1.1648032701908437,1.1663960410439835,0.038818410354517024,0.9992469907596696
T04,BG12,8,0.22857142857142856,0.9814466834068298,3,0.05362329478558887,1.1648032701908437,1.164355958257836,0.04604655753256339,0.9989383667019819
T04,BG13,8,0.22857142857142856,0.9814466834068298,3,0.048993925590410055,1.1648032701908437,1.1644668197925079,0.04206937746810599,0.9991144745122367
T04,BG14,8,0.22857142857142856,0.9814466834068298,3,0.04682942518986636,1.1648032701908437,1.162635886785302,0.04024635344194009,0.999188820191883
T04,BG15,8,0.22857142857142856,0.9814466834068298,3,0.03151783080575087,1.1648032701908437,1.1621415413036489,0.027092760219325593,0.99963546588027
T04,BG0,12,0.34285714285714286,0.9606394171714783,3,0.0,1.1632461297811658,1.1632461297811658,0.0,1.0
T04,MEAN_BG0_BG15,12,0.34285714285714286,0.9606394171714783,48,0.043676746619322,1.1632461297811665,1.1629809347031017,0.03754382144918349,0.9990630892301199
T04,BG1,12,0.34285714285714286,0.9606394171714783,3,0.014601727426893335,1.1632461297811658,1.1617727934621216,0.012560719567719267,0.999921919890411
T04,BG2,12,0.34285714285714286,0.9606394171714783,3,0.01565746945870083,1.1632461297811658,1.161211780296119,0.013471876492579088,0.9999107852250461
T04,BG3,12,0.34285714285714286,0.9606394171714783,3,0.01678940432964231,1.1632461297811658,1.1615437606470618,0.014443330524506895,0.9998967842185102
T04,BG4,12,0.34285714285714286,0.9606394171714783,3,0.018237334785061416,1.1632461297811658,1.161901141264939,0.01568737297996341,0.9998776144894683
T04,BG5,12,0.34285714285714286,0.9606394171714783,3,0.0628863259812589,1.1632461297811658,1.1611371837657434,0.05411140175403703,0.9985375421159519
T04,BG6,12,0.34285714285714286,0.9606394171714783,3,0.05584585427411439,1.1632461297811658,1.1647433667764397,0.047979268116549185,0.9988497719858899
T04,BG7,12,0.34285714285714286,0.9606394171714783,3,0.08841333782710421,1.1632461297811658,1.1699204235362004,0.07578960171118104,0.9971442693758458
T04,BG8,12,0.34285714285714286,0.9606394171714783,3,0.08766896965141739,1.1632461297811658,1.1625352405704013,0.07540388549028865,0.9971367191010997
T04,BG9,12,0.34285714285714286,0.9606394171714783,3,0.06191718939447011,1.1632461297811658,1.162944747682986,0.05324035965944215,0.9985809470910046
T04,BG10,12,0.34285714285714286,0.9606394171714783,3,0.05279877804528788,1.1632461297811658,1.1646228703885575,0.045369235947142324,0.998969008055601
T04,BG11,12,0.34285714285714286,0.9606394171714783,3,0.04557933107172902,1.1632461297811658,1.1648191882139753,0.03915892206678213,0.9992335033725362
T04,BG12,12,0.34285714285714286,0.9606394171714783,3,0.05313975392979676,1.1632461297811658,1.1627968951340535,0.045692340184168644,0.9989545259985851
T04,BG13,12,0.34285714285714286,0.9606394171714783,3,0.04917469295544243,1.1632461297811658,1.162915862293475,0.042280040717462074,0.9991054769434761
T04,BG14,12,0.34285714285714286,0.9606394171714783,3,0.045222643239031614,1.1632461297811658,1.161165564676268,0.038918723798311926,0.9992413236354104
T04,BG15,12,0.34285714285714286,0.9606394171714783,3,0.03089513353920126,1.1632461297811658,1.1604180067601222,0.02659406417680203,0.9996492361830857
T04,BG0,16,0.45714285714285713,0.9109315872192383,3,0.0,1.1635368782051845,1.1635368782051845,0.0,1.0
T04,MEAN_BG0_BG15,16,0.45714285714285713,0.9109315872192383,48,0.04299869780879523,1.1635368782051851,1.163243506579912,0.03695542063650426,0.9991144283926826
T04,BG1,16,0.45714285714285713,0.9109315872192383,3,0.016333026546678005,1.1635368782051845,1.1621162152235118,0.014044238476147289,0.9999020178327406
T04,BG2,16,0.45714285714285713,0.9109315872192383,3,0.01715221099314665,1.1635368782051845,1.1618751775726253,0.014751434883284254,0.9998920850535632
T04,BG3,16,0.45714285714285713,0.9109315872192383,3,0.0175783959946433,1.1635368782051845,1.161877545815334,0.015118145966157168,0.9998867316965258
T04,BG4,16,0.45714285714285713,0.9109315872192383,3,0.018311355520212607,1.1635368782051845,1.1621855596852215,0.015747409956495036,0.9998766777337621
T04,BG5,16,0.45714285714285713,0.9109315872192383,3,0.06505301668089401,1.1635368782051845,1.1612307387175307,0.0559687980693462,0.9984350150575633
T04,BG6,16,0.45714285714285713,0.9109315872192383,3,0.056873393884255906,1.1635368782051845,1.1653251315293442,0.048844224365555515,0.9988079047965961
T04,BG7,16,0.45714285714285713,0.9109315872192383,3,0.08401420116369766,1.1635368782051845,1.1691651875406825,0.07203444813720293,0.9974163682042448
T04,BG8,16,0.45714285714285713,0.9109315872192383,3,0.06795342430255326,1.1635368782051845,1.1617039172601984,0.058478528311381874,0.9981468633674538
T04,BG9,16,0.45714285714285713,0.9109315872192383,3,0.06499143895845934,1.1635368782051845,1.1628911115024294,0.05587878246979192,0.998435146559527
T04,BG10,16,0.45714285714285713,0.9109315872192383,3,0.053909370193256256,1.1635368782051845,1.165295209649366,0.04630273667288062,0.9989259552903961
T04,BG11,16,0.45714285714285713,0.9109315872192383,3,0.04769362127874174,1.1635368782051845,1.1653907597293998,0.040958714973270034,0.9991608819240336
T04,BG12,16,0.45714285714285713,0.9109315872192383,3,0.05361414130326347,1.1635368782051845,1.1632780608102724,0.04608411892355486,0.9989365288734572
T04,BG13,16,0.45714285714285713,0.9109315872192383,3,0.05052861822639698,1.1635368782051845,1.1633904069340366,0.04343092660794438,0.9990557448141965
T04,BG14,16,0.45714285714285713,0.9109315872192383,3,0.04383212160578207,1.1635368782051845,1.1616001605545208,0.0377096425674161,0.9992872020165317
T04,BG15,16,0.45714285714285713,0.9109315872192383,3,0.030140828288742316,1.1635368782051845,1.1610340445489336,0.025934579803640233,0.9996657310623319
T04,BG0,19,0.5428571428571428,0.831115186214447,3,0.0,1.164135653343398,1.164135653343398,0.0,1.0
T04,MEAN_BG0_BG15,19,0.5428571428571428,0.831115186214447,48,0.03779573905039717,1.1641356533433982,1.1633790327840907,0.03247813682244963,0.9993328878765254
T04,BG1,19,0.5428571428571428,0.831115186214447,3,0.018630182140776625,1.164135653343398,1.1626522558139516,0.016013708163295896,0.999872598027622
T04,BG2,19,0.5428571428571428,0.831115186214447,3,0.019187249436456656,1.164135653343398,1.1623940169673928,0.0164950690069587,0.9998649904432941
T04,BG3,19,0.5428571428571428,0.831115186214447,3,0.0179681672484364,1.164135653343398,1.162264441075355,0.01544693833900417,0.9998819707442991
T04,BG4,19,0.5428571428571428,0.831115186214447,3,0.018837501676940618,1.164135653343398,1.1628024400944206,0.01619170575069381,0.9998695574556034
T04,BG5,19,0.5428571428571428,0.831115186214447,3,0.054991650595593224,1.164135653343398,1.161473045601961,0.04730180245187232,0.9988669913643579
T04,BG6,19,0.5428571428571428,0.831115186214447,3,0.055987049949744315,1.164135653343398,1.1652667499084979,0.04807426033048945,0.9988426774709437
T04,BG7,19,0.5428571428571428,0.831115186214447,3,0.07052613147329338,1.164135653343398,1.167835411374849,0.060488795836954136,0.998158270227338
T04,BG8,19,0.5428571428571428,0.831115186214447,3,0.037160892042046145,1.164135653343398,1.1610889200771988,0.03196953475803848,0.9994905560588924
T04,BG9,19,0.5428571428571428,0.831115186214447,3,0.055643328185479714,1.164135653343398,1.162530484434815,0.047844457540828673,0.9987660322185198
T04,BG10,19,0.5428571428571428,0.831115186214447,3,0.04592965732830403,1.164135653343398,1.1649954564636278,0.03945350380973791,0.9991830574621504
T04,BG11,19,0.5428571428571428,0.831115186214447,3,0.051290548475451364,1.164135653343398,1.1658409300376613,0.0440274487487197,0.9990290812734265
T04,BG12,19,0.5428571428571428,0.831115186214447,3,0.040115352244172536,1.164135653343398,1.163446911947466,0.03450015639449797,0.9993433154580017
T04,BG13,19,0.5428571428571428,0.831115186214447,3,0.051362010807704465,1.164135653343398,1.1634800324931405,0.044137114862393974,0.9990256132560992
T04,BG14,19,0.5428571428571428,0.831115186214447,3,0.03824201467912034,1.164135653343398,1.1619696783881268,0.032887849545472365,0.9994390720581765
T04,BG15,19,0.5428571428571428,0.831115186214447,3,0.028860088522834813,1.164135653343398,1.161888096523587,0.02481784362023647,0.9996924225056812
T04,BG0,23,0.6571428571428571,0.618124783039093,3,0.0,1.1647287398138846,1.1647287398138846,0.0,1.0
T04,MEAN_BG0_BG15,23,0.6571428571428571,0.618124783039093,48,0.026327989852792208,1.1647287398138846,1.1635486809994562,0.022615165135966887,0.9997120782637295
T04,BG1,23,0.6571428571428571,0.618124783039093,3,0.02135186714035148,1.1647287398138846,1.1628571840854276,0.01834539995124013,0.9998329380353201
T04,BG2,23,0.6571428571428571,0.618124783039093,3,0.02149469535148389,1.1647287398138846,1.1627912228624828,0.018467929433525942,0.9998306658563726
T04,BG3,23,0.6571428571428571,0.618124783039093,3,0.019466848258437225,1.1647287398138846,1.1626853732625986,0.016728112026791492,0.9998612699880844
T04,BG4,23,0.6571428571428571,0.618124783039093,3,0.02071822127617379,1.1647287398138846,1.1633941010571707,0.017798485592492155,0.9998419150443084
T04,BG5,23,0.6571428571428571,0.618124783039093,3,0.03171703703491253,1.1647287398138846,1.1621820992553786,0.027260823402256888,0.9996301344158017
T04,BG6,23,0.6571428571428571,0.618124783039093,3,0.0422942159793348,1.1647287398138846,1.1653203589377805,0.036306543610076576,0.9993306420952063
T04,BG7,23,0.6571428571428571,0.618124783039093,3,0.03962885460870942,1.1647287398138846,1.1661239731175692,0.03400372564042623,0.9994210753591362
T04,BG8,23,0.6571428571428571,0.618124783039093,3,0.03362570829358835,1.1647287398138846,1.1620196580569986,0.028898295624793374,0.9995828299934971
T04,BG9,23,0.6571428571428571,0.618124783039093,3,0.028990418880275638,1.1647287398138846,1.1628814475498583,0.024908118961585502,0.9996907599441412
T04,BG10,23,0.6571428571428571,0.618124783039093,3,0.02702467308218337,1.1647287398138846,1.1635971077761742,0.023214685664523116,0.9997309766585708
T04,BG11,23,0.6571428571428571,0.618124783039093,3,0.030208253230218654,1.1647287398138846,1.1650295700942144,0.02594305629048221,0.9996517684673601
T04,BG12,23,0.6571428571428571,0.618124783039093,3,0.02765689150578363,1.1647287398138846,1.1639710523701596,0.023750965553959724,0.9997180159263716
T04,BG13,23,0.6571428571428571,0.618124783039093,3,0.027134738980658785,1.1647287398138846,1.164223893730312,0.02330287410654922,0.9997283510472191
T04,BG14,23,0.6571428571428571,0.618124783039093,3,0.025260305439814338,1.1647287398138846,1.1623296943534889,0.02170896257366069,0.9997658218825837
T04,BG15,23,0.6571428571428571,0.618124783039093,3,0.024675108582749405,1.1647287398138846,1.162643419667807,0.02120466374310694,0.9997760875056972
T04,BG0,27,0.7714285714285715,0.30132922530174255,3,0.0,1.146094593324429,1.146094593324429,0.0,1.0
T04,MEAN_BG0_BG15,27,0.7714285714285715,0.30132922530174255,48,0.035336325416579405,1.1460945933244295,1.1448581948117913,0.030843707799376858,0.999473453534538
T04,BG1,27,0.7714285714285715,0.30132922530174255,3,0.030023695470691485,1.146094593324429,1.1437028235094646,0.026219125762143067,0.999657118916173
T04,BG2,27,0.7714285714285715,0.30132922530174255,3,0.029788399246411832,1.146094593324429,1.1436167888771112,0.026014485785195232,0.9996624990038843
T04,BG3,27,0.7714285714285715,0.30132922530174255,3,0.02747881543302028,1.146094593324429,1.1447084081491343,0.023986890975776456,0.999711979081196
T04,BG4,27,0.7714285714285715,0.30132922530174255,3,0.027993059514385684,1.146094593324429,1.1455881437316904,0.02442502733982897,0.9996997919514717
T04,BG5,27,0.7714285714285715,0.30132922530174255,3,0.04711741077703747,1.146094593324429,1.1426607227965595,0.04116615265502793,0.9991531303833687
T04,BG6,27,0.7714285714285715,0.30132922530174255,3,0.04735713303721648,1.146094593324429,1.1464006481414681,0.04130912015091027,0.999143959144155
T04,BG7,27,0.7714285714285715,0.30132922530174255,3,0.050407829268807165,1.146094593324429,1.1468810159126221,0.04395741641370518,0.9990285764836614
T04,BG8,27,0.7714285714285715,0.30132922530174255,3,0.043514592414160225,1.146094593324429,1.1431122561798652,0.038009786978610065,0.9992762964970122
T04,BG9,27,0.7714285714285715,0.30132922530174255,3,0.03948971741231316,1.146094593324429,1.1446390885049482,0.034472423797571615,0.9994047309146303
T04,BG10,27,0.7714285714285715,0.30132922530174255,3,0.037825370507528815,1.146094593324429,1.1450501392044048,0.03301342709095353,0.9994535478940915
T04,BG11,27,0.7714285714285715,0.30132922530174255,3,0.036444153135838035,1.146094593324429,1.1460905765767948,0.03179344498581111,0.9994927793712381
T04,BG12,27,0.7714285714285715,0.30132922530174255,3,0.04125641139254143,1.146094593324429,1.1449056284532586,0.036010175716132055,0.9993498312047361
T04,BG13,27,0.7714285714285715,0.30132922530174255,3,0.03981994415799405,1.146094593324429,1.145780681493542,0.03474272876676893,0.9993941246800917
T04,BG14,27,0.7714285714285715,0.30132922530174255,3,0.033620519005966895,1.146094593324429,1.1438450535478941,0.029359455064932344,0.9995694758500973
T04,BG15,27,0.7714285714285715,0.30132922530174255,3,0.03324415589135756,1.146094593324429,1.1446545485854671,0.02901966330666304,0.999577415176808
T04,BG0,31,0.8857142857142857,0.07776966691017151,3,0.0,0.9586382079089132,0.9586382079089132,0.0,1.0
T04,MEAN_BG0_BG15,31,0.8857142857142857,0.07776966691017151,48,0.056530504655429685,0.9586382079089141,0.9574033981417586,0.05897795673410866,0.9980493950269258
T04,BG1,31,0.8857142857142857,0.07776966691017151,3,0.04339971844909377,0.9586382079089132,0.9562626533860552,0.04530252422960246,0.9989694037030858
T04,BG2,31,0.8857142857142857,0.07776966691017151,3,0.04661123061954956,0.9586382079089132,0.955658334272128,0.04867004577264097,0.9988116989459234
T04,BG3,31,0.8857142857142857,0.07776966691017151,3,0.043661705109642755,0.9586382079089132,0.9588373239586216,0.04551254492714741,0.9989555762805143
T04,BG4,31,0.8857142857142857,0.07776966691017151,3,0.043208433043456125,0.9586382079089132,0.9596303052859166,0.04501238220903326,0.9989728063157743
T04,BG5,31,0.8857142857142857,0.07776966691017151,3,0.07798494989861499,0.9586382079089132,0.9562751706355489,0.0813917914703649,0.9966548782255328
T04,BG6,31,0.8857142857142857,0.07776966691017151,3,0.07571080965954458,0.9586382079089132,0.9573062432201517,0.07899271173587918,0.9968636593018451
T04,BG7,31,0.8857142857142857,0.07776966691017151,3,0.08347098424359983,0.9586382079089132,0.9581945522115954,0.08704901599997249,0.9961915427519551
T04,BG8,31,0.8857142857142857,0.07776966691017151,3,0.0684561290991651,0.9586382079089132,0.9542214075238821,0.07153170684011338,0.9974265397674489
T04,BG9,31,0.8857142857142857,0.07776966691017151,3,0.06306263693179805,0.9586382079089132,0.9583235559000784,0.0657626027817808,0.9978262421855669
T04,BG10,31,0.8857142857142857,0.07776966691017151,3,0.061262571255605115,0.9586382079089132,0.9566709745777899,0.06394242468319723,0.9979480558440814
T04,BG11,31,0.8857142857142857,0.07776966691017151,3,0.05896850305627684,0.9586382079089132,0.9586373075475377,0.06148342083653343,0.9981002301688147
T04,BG12,31,0.8857142857142857,0.07776966691017151,3,0.06757309703912096,0.9586382079089132,0.9566606567467968,0.07051998609094497,0.99749682322023
T04,BG13,31,0.8857142857142857,0.07776966691017151,3,0.06679560694243242,0.9586382079089132,0.9581932279983535,0.06965243170487517,0.9975557284194623
T04,BG14,31,0.8857142857142857,0.07776966691017151,3,0.05302832951622619,0.9586382079089132,0.9565698405539385,0.05534446871638419,0.9984599987952659
T04,BG15,31,0.8857142857142857,0.07776966691017151,3,0.051293369622748546,0.9586382079089132,0.9583746085408307,0.05347924974726864,0.9985571365053101
T04,BG0,35,1.0,0.009900989942252636,3,0.0,0.7080464188672613,0.7080464188672613,0.0,1.0
T04,MEAN_BG0_BG15,35,1.0,0.009900989942252636,48,0.04894598263021526,0.7080464188672616,0.7074448322618078,0.06914440288095137,0.9973037360764215
T04,BG1,35,1.0,0.009900989942252636,3,0.03575624013026951,0.7080464188672613,0.708346531965553,0.05047513386516461,0.9987132428346505
T04,BG2,35,1.0,0.009900989942252636,3,0.039460442120397614,0.7080464188672613,0.7074643831738512,0.055740964668027575,0.9984344939063324
T04,BG3,35,1.0,0.009900989942252636,3,0.036526883954764895,0.7080464188672613,0.7081458729296884,0.051573331961651314,0.9986596720348907
T04,BG4,35,1.0,0.009900989942252636,3,0.03543489524964521,0.7080464188672613,0.7078294227344132,0.05003584998082938,0.9987321190447669
T04,BG5,35,1.0,0.009900989942252636,3,0.0663805913110687,0.7080464188672613,0.7084409188833446,0.09369533650277416,0.9955662563298806
T04,BG6,35,1.0,0.009900989942252636,3,0.06696803430423504,0.7080464188672613,0.7075120503406049,0.09459735847819412,0.9955031721321671
T04,BG7,35,1.0,0.009900989942252636,3,0.07247748166338841,0.7080464188672613,0.7077788570946247,0.10235756937235731,0.9947315405203784
T04,BG8,35,1.0,0.009900989942252636,3,0.05940623150087889,0.7080464188672613,0.706051784342275,0.08400553644099311,0.9964447569216236
T04,BG9,35,1.0,0.009900989942252636,3,0.05479770737919201,0.7080464188672613,0.7069083859509738,0.0774390246935106,0.9969849617226019
T04,BG10,35,1.0,0.009900989942252636,3,0.05509323519691391,0.7080464188672613,0.7067452385479246,0.07786977964152554,0.9969558810548739
T04,BG11,35,1.0,0.009900989942252636,3,0.052807745859289455,0.7080464188672613,0.7071446995319156,0.07461589496054809,0.997202429822751
T04,BG12,35,1.0,0.009900989942252636,3,0.05911043190737827,0.7080464188672613,0.7069720846312947,0.08352943982889743,0.9964907003468841
T04,BG13,35,1.0,0.009900989942252636,3,0.058746602646936374,0.7080464188672613,0.7079254937958734,0.08295528947621815,0.9965334979141339
T04,BG14,35,1.0,0.009900989942252636,3,0.04609667527315636,0.7080464188672613,0.7066179128044635,0.06515636003632198,0.9978647887403262
T04,BG15,35,1.0,0.009900989942252636,3,0.044072523585929245,0.7080464188672613,0.7071872605948627,0.062263576188208436,0.9980422638964778
T05,BG0,0,0.0,0.9950248599052429,3,0.0,1.1511344811928172,1.1511344811928172,0.0,0.9999999999999999
T05,MEAN_BG0_BG15,0,0.0,0.9950248599052429,48,0.09405135846641018,1.1511344811928166,1.150936735176359,0.08168493906775265,0.994819302163752
T05,BG1,0,0.0,0.9950248599052429,3,0.016540635517950864,1.1511344811928172,1.1497810428833175,0.01438079727135901,0.9998970663192704
T05,BG2,0,0.0,0.9950248599052429,3,0.020151433161999147,1.1511344811928172,1.1490226296809238,0.017523093611289824,0.99984800284376
T05,BG3,0,0.0,0.9950248599052429,3,0.02877069131925539,1.1511344811928172,1.149618705899872,0.025012502502976403,0.9996879784014115
T05,BG4,0,0.0,0.9950248599052429,3,0.028418202853319918,1.1511344811928172,1.1498181976431712,0.02470400852403662,0.9996952273435813
T05,BG5,0,0.0,0.9950248599052429,3,0.08267660958620913,1.1511344811928172,1.1484274460390986,0.07191123925965412,0.9974038395716155
T05,BG6,0,0.0,0.9950248599052429,3,0.06879151008660556,1.1511344811928172,1.1538185791219686,0.059692788343225535,0.998221057566556
T05,BG7,0,0.0,0.9950248599052429,3,0.11769496458212621,1.1511344811928172,1.1559019475326535,0.10203318081065198,0.9947977450597888
T05,BG8,0,0.0,0.9950248599052429,3,0.25541468429471414,1.1511344811928172,1.153776162803364,0.22162886953293306,0.9753352168957798
T05,BG9,0,0.0,0.9950248599052429,3,0.1300451667833365,1.1511344811928172,1.1506682751158444,0.11299615452370511,0.9935536097189382
T05,BG10,0,0.0,0.9950248599052429,3,0.17863410585646902,1.1511344811928172,1.1541043994736435,0.15497880653857896,0.9879421025162874
T05,BG11,0,0.0,0.9950248599052429,3,0.08619807940785258,1.1511344811928172,1.152456916118904,0.07484548607310441,0.9971867954132799
T05,BG12,0,0.0,0.9950248599052429,3,0.12418847305049767,1.1511344811928172,1.1487039310104803,0.10799678029745158,0.9941108887397351
T05,BG13,0,0.0,0.9950248599052429,3,0.1040943831817142,1.1511344811928172,1.1490029250880245,0.09051142449713272,0.9958521134989736
T05,BG14,0,0.0,0.9950248599052429,3,0.19706914720401156,1.1511344811928172,1.1506095512318486,0.17122042562482576,0.9852436267952301
T05,BG15,0,0.0,0.9950248599052429,3,0.06613364857650121,1.1511344811928172,1.148142571985818,0.057523467673116925,0.9983335639358234
T05,BG0,4,0.11428571428571428,0.9906675815582275,3,0.0,1.1508015757811803,1.1508015757811803,0.0,1.0
T05,MEAN_BG0_BG15,4,0.11428571428571428,0.9906675815582275,48,0.09243974305813903,1.1508015757811791,1.1505842571412574,0.08031214398059404,0.9949790480498119
T05,BG1,4,0.11428571428571428,0.9906675815582275,3,0.016427018847070467,1.1508015757811803,1.1494635703759037,0.014288071220386328,0.9998980047003725
T05,BG2,4,0.11428571428571428,0.9906675815582275,3,0.019663315574311196,1.1508015757811803,1.1487442818105942,0.01710592824109791,0.9998545692779605
T05,BG3,4,0.11428571428571428,0.9906675815582275,3,0.028908878422120848,1.1508015757811803,1.14952236637288,0.025139183955489156,0.9996837481316482
T05,BG4,4,0.11428571428571428,0.9906675815582275,3,0.0285568564760328,1.1508015757811803,1.149444105606316,0.02483102959101824,0.9996910606522732
T05,BG5,4,0.11428571428571428,0.9906675815582275,3,0.08012504966014587,1.1508015757811803,1.1482144458017172,0.06971214711716002,0.9975588187757584
T05,BG6,4,0.11428571428571428,0.9906675815582275,3,0.06877376284366452,1.1508015757811803,1.1533826929175595,0.059697108909562834,0.998220512307627
T05,BG7,4,0.11428571428571428,0.9906675815582275,3,0.11683869162958843,1.1508015757811803,1.1555936081998903,0.10132237463255249,0.9948699293474261
T05,BG8,4,0.11428571428571428,0.9906675815582275,3,0.2513808001141748,1.1508015757811803,1.1533646029684597,0.2182085794465268,0.9760084404020254
T05,BG9,4,0.11428571428571428,0.9906675815582275,3,0.12765092536740638,1.1508015757811803,1.1502282302374165,0.11095587458448257,0.9937601470271819
T05,BG10,4,0.11428571428571428,0.9906675815582275,3,0.1741768966985533,1.1508015757811803,1.153584148634816,0.15117341981686647,0.9884934112726068
T05,BG11,4,0.11428571428571428,0.9906675815582275,3,0.08302847772477422,1.1508015757811803,1.1519601022542658,0.07212282565893408,0.9973795586594844
T05,BG12,4,0.11428571428571428,0.9906675815582275,3,0.12342048246976454,1.1508015757811803,1.148304239961875,0.10735744825748574,0.9941477460537479
T05,BG13,4,0.11428571428571428,0.9906675815582275,3,0.1021511062726586,1.1508015757811803,1.1485871960449792,0.08884654343237519,0.9959908365457767
T05,BG14,4,0.11428571428571428,0.9906675815582275,3,0.19353887131051314,1.1508015757811803,1.1502429257761608,0.1682045160033017,0.9856930272393688
T05,BG15,4,0.11428571428571428,0.9906675815582275,3,0.06439475551944539,1.1508015757811803,1.1479100215161067,0.05602925282226484,0.9984149584037377
T05,BG0,8,0.22857142857142856,0.9814466834068298,3,0.0,1.1528977850459354,1.1528977850459354,0.0,1.0
T05,MEAN_BG0_BG15,8,0.22857142857142856,0.9814466834068298,48,0.08787801657406064,1.1528977850459345,1.1527173155595427,0.07620869757221752,0.9953682611158196
T05,BG1,8,0.22857142857142856,0.9814466834068298,3,0.014831522182710334,1.1528977850459354,1.1516580549955098,0.012872383136350871,0.9999176840809798
T05,BG2,8,0.22857142857142856,0.9814466834068298,3,0.01777851644184845,1.1528977850459354,1.1508247433319714,0.015435820646574477,0.9998824222091232
T05,BG3,8,0.22857142857142856,0.9814466834068298,3,0.027098399809212317,1.1528977850459354,1.151570825657222,0.02352282585445506,0.9997228583334478
T05,BG4,8,0.22857142857142856,0.9814466834068298,3,0.02768091685902031,1.1528977850459354,1.1516727273291398,0.02402247659811602,0.9997103610374792
T05,BG5,8,0.22857142857142856,0.9814466834068298,3,0.07336487279235333,1.1528977850459354,1.1506758326501394,0.06369703499740909,0.9979689777083335
T05,BG6,8,0.22857142857142856,0.9814466834068298,3,0.06861619629077592,1.1528977850459354,1.1557619979726346,0.059441899070905156,0.9982358564414912
T05,BG7,8,0.22857142857142856,0.9814466834068298,3,0.11222213121514736,1.1528977850459354,1.1576107339548112,0.09713310355580869,0.9952893217828261
T05,BG8,8,0.22857142857142856,0.9814466834068298,3,0.25135831556582383,1.1528977850459354,1.1554614703843133,0.21779769831051263,0.9758196810126295
T05,BG9,8,0.22857142857142856,0.9814466834068298,3,0.12630575323737936,1.1528977850459354,1.152163902496285,0.10960887617589714,0.9938038007506478
T05,BG10,8,0.22857142857142856,0.9814466834068298,3,0.16086362999487194,1.1528977850459354,1.1552006141321451,0.13937546572633977,0.9901131111259098
T05,BG11,8,0.22857142857142856,0.9814466834068298,3,0.07578479602108082,1.1528977850459354,1.1541922508081324,0.06571014937261653,0.9978172082420608
T05,BG12,8,0.22857142857142856,0.9814466834068298,3,0.11786137824632636,1.1528977850459354,1.150826607520236,0.10231814828619634,0.9946133418617924
T05,BG13,8,0.22857142857142856,0.9814466834068298,3,0.09587477722730327,1.1528977850459354,1.1508473323290882,0.08323558888302279,0.9964584682782772
T05,BG14,8,0.22857142857142856,0.9814466834068298,3,0.1770620135952329,1.1528977850459354,1.1520452240365315,0.1536228258725178,0.9878823455119315
T05,BG15,8,0.22857142857142856,0.9814466834068298,3,0.05934504570588411,1.1528977850459354,1.150066946308588,0.0515448646687578,0.9986567394761815
T05,BG0,12,0.34285714285714286,0.9606394171714783,3,0.0,1.152197531048014,1.152197531048014,0.0,0.9999999999999999
T05,MEAN_BG0_BG15,12,0.34285714285714286,0.9606394171714783,48,0.06427065980196081,1.1521975310480133,1.1519866085448507,0.05577143325608127,0.9977090886948922
T05,BG1,12,0.34285714285714286,0.9606394171714783,3,0.014649095101545507,1.152197531048014,1.1511670892131802,0.012718148192138611,0.9999194127273631
T05,BG2,12,0.34285714285714286,0.9606394171714783,3,0.016840935897531103,1.152197531048014,1.1503557407374683,0.014630874938402086,0.9998941505909776
T05,BG3,12,0.34285714285714286,0.9606394171714783,3,0.023254768526341753,1.152197531048014,1.1510477487984703,0.020196288242798736,0.999796441687565
T05,BG4,12,0.34285714285714286,0.9606394171714783,3,0.02293605167779882,1.152197531048014,1.1512189548967084,0.019912749279925254,0.9998020210808111
T05,BG5,12,0.34285714285714286,0.9606394171714783,3,0.05797075527863798,1.152197531048014,1.1503841535668717,0.05033500993741997,0.9987274799236383
T05,BG6,12,0.34285714285714286,0.9606394171714783,3,0.06641932478240184,1.152197531048014,1.1549000537377767,0.057564618966363224,0.9983398911821734
T05,BG7,12,0.34285714285714286,0.9606394171714783,3,0.09758317084187736,1.152197531048014,1.1570355402951453,0.0844792487421594,0.9964160539810712
T05,BG8,12,0.34285714285714286,0.9606394171714783,3,0.1732801094861145,1.152197531048014,1.1517997193676361,0.15038066193950586,0.9884011063470938
T05,BG9,12,0.34285714285714286,0.9606394171714783,3,0.09643152241963017,1.152197531048014,1.1514868396733744,0.08373085258373508,0.996460053793375
T05,BG10,12,0.34285714285714286,0.9606394171714783,3,0.09786366727501693,1.152197531048014,1.153917564722726,0.08488073440615818,0.9963466091904345
T05,BG11,12,0.34285714285714286,0.9606394171714783,3,0.05897887953580361,1.152197531048014,1.153994313523983,0.051158108332946074,0.9986913526911096
T05,BG12,12,0.34285714285714286,0.9606394171714783,3,0.08251985863359695,1.152197531048014,1.1505243588978984,0.07166165510939916,0.9973926920406871
T05,BG13,12,0.34285714285714286,0.9606394171714783,3,0.06851707583225693,1.152197531048014,1.15059567942485,0.05950091335673693,0.9982189340141076
T05,BG14,12,0.34285714285714286,0.9606394171714783,3,0.10485147098067989,1.152197531048014,1.1509829455533687,0.09103512685831823,0.9957445306572413
T05,BG15,12,0.34285714285714286,0.9606394171714783,3,0.04623387056213963,1.152197531048014,1.1501775032601376,0.04015794121129337,0.9991946892106266
T05,BG0,16,0.45714285714285713,0.9109315872192383,3,0.0,1.155118275873831,1.155118275873831,0.0,1.0
T05,MEAN_BG0_BG15,16,0.45714285714285713,0.9109315872192383,48,0.04883351672330894,1.1551182758738319,1.1551010606526197,0.042242659090375966,0.9988247038656874
T05,BG1,16,0.45714285714285713,0.9109315872192383,3,0.015734295002295697,1.155118275873831,1.1540364543604318,0.013626375346069433,0.9999075799912093
T05,BG2,16,0.45714285714285713,0.9109315872192383,3,0.017539686416331354,1.155118275873831,1.1537062461712841,0.015199190206199276,0.999884812582152
T05,BG3,16,0.45714285714285713,0.9109315872192383,3,0.020522747433347144,1.155118275873831,1.153880517096363,0.017771808299482567,0.99984242907805
T05,BG4,16,0.45714285714285713,0.9109315872192383,3,0.019905037941156944,1.155118275873831,1.1542865054728348,0.017229166439838448,0.9998507478458888
T05,BG5,16,0.45714285714285713,0.9109315872192383,3,0.05536003269466664,1.155118275873831,1.1537540581072598,0.047935351598050714,0.9988423500183917
T05,BG6,16,0.45714285714285713,0.9109315872192383,3,0.06718058328020388,1.155118275873831,1.1582674280509446,0.05804984654894002,0.998302693909554
T05,BG7,16,0.45714285714285713,0.9109315872192383,3,0.09005950660894872,1.155118275873831,1.1595345768171137,0.07775335052391723,0.9969170171422017
T05,BG8,16,0.45714285714285713,0.9109315872192383,3,0.08928070472118203,1.155118275873831,1.1532645840737408,0.07721997483974004,0.9968176543006694
T05,BG9,16,0.45714285714285713,0.9109315872192383,3,0.0768285184066656,1.155118275873831,1.1547925906791885,0.06649439325245711,0.9977769077004125
T05,BG10,16,0.45714285714285713,0.9109315872192383,3,0.06647638006730457,1.155118275873831,1.1573115344337535,0.05747209255437946,0.9983420571701683
T05,BG11,16,0.45714285714285713,0.9109315872192383,3,0.05576612786052456,1.155118275873831,1.1575426045998187,0.04821337476843643,0.9988354887147276
T05,BG12,16,0.45714285714285713,0.9109315872192383,3,0.059706315495384,1.155118275873831,1.154382851225165,0.051675881515972515,0.998654904367752
T05,BG13,16,0.45714285714285713,0.9109315872192383,3,0.052928847192947694,1.155118275873831,1.1546222135795337,0.04581330416992071,0.9989455843478573
T05,BG14,16,0.45714285714285713,0.9109315872192383,3,0.05577136301960528,1.155118275873831,1.1540298310070558,0.04828396378538882,0.9988292807317162
T05,BG15,16,0.45714285714285713,0.9109315872192383,3,0.038276121432379046,1.155118275873831,1.1530866988935955,0.033144471597222676,0.9994457539502507
T05,BG0,19,0.5428571428571428,0.831115186214447,3,0.0,1.154290256110537,1.154290256110537,0.0,1.0
T05,MEAN_BG0_BG15,19,0.5428571428571428,0.831115186214447,48,0.04320482508081513,1.1542902561105368,1.1543625228501844,0.037386141018276677,0.9990962566654858
T05,BG1,19,0.5428571428571428,0.831115186214447,3,0.01714814638149293,1.154290256110537,1.1534317165936558,0.014857932467469507,0.9998897610082675
T05,BG2,19,0.5428571428571428,0.831115186214447,3,0.01868989320913349,1.154290256110537,1.1531617172886317,0.016201902319512646,0.9998691294009582
T05,BG3,19,0.5428571428571428,0.831115186214447,3,0.020264437878480736,1.154290256110537,1.1532042388088077,0.01755428134832569,0.9998450991108737
T05,BG4,19,0.5428571428571428,0.831115186214447,3,0.020138636051254846,1.154290256110537,1.1536561428012833,0.017440215007633347,0.9998463082697304
T05,BG5,19,0.5428571428571428,0.831115186214447,3,0.05006115088163568,1.154290256110537,1.152940197000098,0.04337680965859919,0.9990462064321076
T05,BG6,19,0.5428571428571428,0.831115186214447,3,0.06945885164059849,1.154290256110537,1.1577346726738726,0.060040055599262156,0.9981736485409441
T05,BG7,19,0.5428571428571428,0.831115186214447,3,0.0782493812297312,1.154290256110537,1.158091872057251,0.06760676106586948,0.9976372084047874
T05,BG8,19,0.5428571428571428,0.831115186214447,3,0.04812246636438693,1.154290256110537,1.1524393751630446,0.041683060913104385,0.9991167884967075
T05,BG9,19,0.5428571428571428,0.831115186214447,3,0.06848890246915094,1.154290256110537,1.1534767048059358,0.05925192454295697,0.9980938638423841
T05,BG10,19,0.5428571428571428,0.831115186214447,3,0.06119901799956771,1.154290256110537,1.1566166039910406,0.05289557769384535,0.9985381099526882
T05,BG11,19,0.5428571428571428,0.831115186214447,3,0.05775187229931413,1.154290256110537,1.1570370682252025,0.0499430824201261,0.9987437867003933
T05,BG12,19,0.5428571428571428,0.831115186214447,3,0.047303126489311585,1.154290256110537,1.1542501148170192,0.04094554485293772,0.9991075427973449
T05,BG13,19,0.5428571428571428,0.831115186214447,3,0.05097886731544297,1.154290256110537,1.1535301104951863,0.04415017779464995,0.9990111310661711
T05,BG14,19,0.5428571428571428,0.831115186214447,3,0.048205983503635245,1.154290256110537,1.1533636678529569,0.041731436833528694,0.9990988491455776
T05,BG15,19,0.5428571428571428,0.831115186214447,3,0.035216467579905125,1.154290256110537,1.1525759069184283,0.03049949377460569,0.9995226734788338
T05,BG0,23,0.6571428571428571,0.618124783039093,3,0.0,1.153107981621096,1.153107981621096,0.0,1.0
T05,MEAN_BG0_BG15,23,0.6571428571428571,0.618124783039093,48,0.03172243722085267,1.1531079816210947,1.153032824099259,0.027494661432754818,0.9995547351367177
T05,BG1,23,0.6571428571428571,0.618124783039093,3,0.02051317921591818,1.153107981621096,1.1520566460620703,0.017785064909708992,0.9998406667434674
T05,BG2,23,0.6571428571428571,0.618124783039093,3,0.021254768214502687,1.153107981621096,1.1517589324716453,0.018433673356825105,0.9998298980873322
T05,BG3,23,0.6571428571428571,0.618124783039093,3,0.020653275771065766,1.153107981621096,1.1517550160149774,0.01790930213792556,0.9998383587826402
T05,BG4,23,0.6571428571428571,0.618124783039093,3,0.021676972936766986,1.153107981621096,1.1524518891219455,0.018786686892779302,0.9998199917870735
T05,BG5,23,0.6571428571428571,0.618124783039093,3,0.040290251011310986,1.153107981621096,1.1519287216525809,0.03495453608961617,0.9993894778356985
T05,BG6,23,0.6571428571428571,0.618124783039093,3,0.058591286637470895,1.153107981621096,1.155719119936194,0.05070477319519858,0.9986874147531921
T05,BG7,23,0.6571428571428571,0.618124783039093,3,0.04817249732500509,1.153107981621096,1.1555620990310542,0.041723104009067424,0.9991273145082419
T05,BG8,23,0.6571428571428571,0.618124783039093,3,0.037214444319737534,1.153107981621096,1.1522156752854191,0.03228205269730713,0.9994791055465613
T05,BG9,23,0.6571428571428571,0.618124783039093,3,0.03536648892347028,1.153107981621096,1.1527093396293564,0.030667153484909632,0.9995287653720841
T05,BG10,23,0.6571428571428571,0.618124783039093,3,0.03559822945516391,1.153107981621096,1.1533393401598848,0.030856576200728014,0.9995219197940836
T05,BG11,23,0.6571428571428571,0.618124783039093,3,0.04089871209757656,1.153107981621096,1.1547975449040335,0.03540686103591467,0.9993518531544926
T05,BG12,23,0.6571428571428571,0.618124783039093,3,0.034793828047121785,1.153107981621096,1.1535323935947839,0.03016866718885934,0.9995447284333144
T05,BG13,23,0.6571428571428571,0.618124783039093,3,0.033331418516089055,1.153107981621096,1.1536620217635756,0.028900397000099314,0.9995823799875184
T05,BG14,23,0.6571428571428571,0.618124783039093,3,0.030593611137550686,1.153107981621096,1.1520097435471595,0.026530609883678353,0.9996459900118119
T05,BG15,23,0.6571428571428571,0.618124783039093,3,0.028610031924892112,1.153107981621096,1.151918720792366,0.02480512484145947,0.9996878973899738
T05,BG0,27,0.7714285714285715,0.30132922530174255,3,0.0,1.1353767304424454,1.1353767304424454,0.0,1.0
T05,MEAN_BG0_BG15,27,0.7714285714285715,0.30132922530174255,48,0.040294403784263036,1.1353767304424451,1.1352660078717598,0.03548739821080903,0.9992790736479412
T05,BG1,27,0.7714285714285715,0.30132922530174255,3,0.028741206181215628,1.1353767304424454,1.1343889945709715,0.025308278087255224,0.999676850460407
T05,BG2,27,0.7714285714285715,0.30132922530174255,3,0.02940426413618168,1.1353767304424454,1.1341528509146401,0.025900734221262156,0.9996637037695968
T05,BG3,27,0.7714285714285715,0.30132922530174255,3,0.02689676104043573,1.1353767304424454,1.1348137291416565,0.023686968563256593,0.9997187356216152
T05,BG4,27,0.7714285714285715,0.30132922530174255,3,0.02655322449696788,1.1353767304424454,1.1355049039758824,0.02336873672103225,0.9997236397518808
T05,BG5,27,0.7714285714285715,0.30132922530174255,3,0.05622207302657764,1.1353767304424454,1.1336958423891268,0.04955620206028113,0.9987730308512646
T05,BG6,27,0.7714285714285715,0.30132922530174255,3,0.06083494667506278,1.1353767304424454,1.137288765449662,0.0535337053690946,0.9985686179895494
T05,BG7,27,0.7714285714285715,0.30132922530174255,3,0.062425660552199023,1.1353767304424454,1.1369139129487602,0.054949692930540694,0.9984916113909149
T05,BG8,27,0.7714285714285715,0.30132922530174255,3,0.052336695070001306,1.1353767304424454,1.1343149610469132,0.046117976838613906,0.9989371815217608
T05,BG9,27,0.7714285714285715,0.30132922530174255,3,0.04656960626764903,1.1353767304424454,1.1354050176296997,0.04102118709733991,0.9991583968106333
T05,BG10,27,0.7714285714285715,0.30132922530174255,3,0.046425756134085346,1.1353767304424454,1.1354351304324195,0.040886909512294706,0.9991644862858907
T05,BG11,27,0.7714285714285715,0.30132922530174255,3,0.04206302439651618,1.1353767304424454,1.136222012999327,0.03702919695491151,0.9993148771656362
T05,BG12,27,0.7714285714285715,0.30132922530174255,3,0.04752337944271411,1.1353767304424454,1.1353100418165087,0.04186770830627526,0.9991225945720713
T05,BG13,27,0.7714285714285715,0.30132922530174255,3,0.046051762572415535,1.1353767304424454,1.135948073258507,0.040560689921656526,0.9991763406180753
T05,BG14,27,0.7714285714285715,0.30132922530174255,3,0.03739348040262178,1.1353767304424454,1.1345962757340295,0.03294235849304964,0.9994576068568138
T05,BG15,27,0.7714285714285715,0.30132922530174255,3,0.035268620153565126,1.1353767304424454,1.1348888831976054,0.03106802629608037,0.9995175047009459
T05,BG0,31,0.8857142857142857,0.07776966691017151,3,0.0,0.9560107254425702,0.9560107254425702,0.0,1.0
T05,MEAN_BG0_BG15,31,0.8857142857142857,0.07776966691017151,48,0.06582436527627637,0.9560107254425693,0.9553330565997248,0.06888987064665755,0.9972577966725381
T05,BG1,31,0.8857142857142857,0.07776966691017151,3,0.043690210542008286,0.9560107254425702,0.9553963154693621,0.045698432736446915,0.9989542621801689
T05,BG2,31,0.8857142857142857,0.07776966691017151,3,0.04701810901285842,0.9560107254425702,0.9536813426678631,0.04922912478189262,0.9987899445629541
T05,BG3,31,0.8857142857142857,0.07776966691017151,3,0.043404720165692606,0.9560107254425702,0.9568385764756014,0.04537303424795162,0.9989703405456876
T05,BG4,31,0.8857142857142857,0.07776966691017151,3,0.04040212103137896,0.9560107254425702,0.9570492745788951,0.04222592529935306,0.9991078081056207
T05,BG5,31,0.8857142857142857,0.07776966691017151,3,0.08624071926808181,0.9560107254425702,0.9540120254646652,0.09032122621270701,0.9959207275910259
T05,BG6,31,0.8857142857142857,0.07776966691017151,3,0.10039764473200467,0.9560107254425702,0.9561685353205492,0.10504515484805003,0.9944751346926034
T05,BG7,31,0.8857142857142857,0.07776966691017151,3,0.10396406774799301,0.9560107254425702,0.9563176441644637,0.10876072915255665,0.9940791147805664
T05,BG8,31,0.8857142857142857,0.07776966691017151,3,0.09245370523052432,0.9560107254425702,0.9531610032613269,0.09686695430012322,0.9953107034660263
T05,BG9,31,0.8857142857142857,0.07776966691017151,3,0.08058882287739108,0.9560107254425702,0.9562957135589812,0.08429636975725778,0.9964446171303624
T05,BG10,31,0.8857142857142857,0.07776966691017151,3,0.07874033456334517,0.9560107254425702,0.9544335500380791,0.08245178645729044,0.9965997928823501
T05,BG11,31,0.8857142857142857,0.07776966691017151,3,0.07183362866678096,0.9560107254425702,0.956420332171775,0.07513625922918432,0.9971755091084552
T05,BG12,31,0.8857142857142857,0.07776966691017151,3,0.07468904058791252,0.9560107254425702,0.9534437108688989,0.07824579272566116,0.9969402452193253
T05,BG13,31,0.8857142857142857,0.07776966691017151,3,0.07180530658823543,0.9560107254425702,0.9551357591780181,0.07515304409443685,0.9971749715490902
T05,BG14,31,0.8857142857142857,0.07776966691017151,3,0.061845470938415754,0.9560107254425702,0.9544487766663076,0.06474615260340306,0.9979050853579047
T05,BG15,31,0.8857142857142857,0.07776966691017151,3,0.05611594246779886,0.9560107254425702,0.956515620268238,0.05868794390020618,0.9982764895884725
T05,BG0,35,1.0,0.009900989942252636,3,0.0,0.7013227387999846,0.7013227387999846,0.0,1.0
T05,MEAN_BG0_BG15,35,1.0,0.009900989942252636,48,0.05901961542728124,0.7013227387999849,0.7015627777633981,0.0841373210218848,0.9958863145161762
T05,BG1,35,1.0,0.009900989942252636,3,0.03748429156695086,0.7013227387999846,0.7021033437478076,0.05341042689360722,0.9985729979863817
T05,BG2,35,1.0,0.009900989942252636,3,0.040234365196777644,0.7013227387999846,0.7011168542802566,0.0573679400771244,0.9983526099855586
T05,BG3,35,1.0,0.009900989942252636,3,0.03898320580187809,0.7013227387999846,0.7019117440538175,0.055558024212617914,0.9984557959413699
T05,BG4,35,1.0,0.009900989942252636,3,0.036808594569227394,0.7013227387999846,0.7016020931228502,0.052466704932548014,0.9986216509988072
T05,BG5,35,1.0,0.009900989942252636,3,0.07412938268314162,0.7013227387999846,0.7025875038401836,0.10561161549604452,0.9944231840331331
T05,BG6,35,1.0,0.009900989942252636,3,0.08690794904481781,0.7013227387999846,0.7024842455678142,0.1238402318169345,0.9923267994665403
T05,BG7,35,1.0,0.009900989942252636,3,0.09624210213800181,0.7013227387999846,0.7037768792381768,0.13700545754696192,0.9906133677083803
T05,BG8,35,1.0,0.009900989942252636,3,0.08608401662686928,0.7013227387999846,0.701086988245515,0.12277986309259616,0.9924583350806954
T05,BG9,35,1.0,0.009900989942252636,3,0.07732599248255016,0.7013227387999846,0.7020278821578931,0.11020953297133478,0.9939239567119417
T05,BG10,35,1.0,0.009900989942252636,3,0.069687888190307,0.7013227387999846,0.7002826361079905,0.09945270374686066,0.9950532297110536
T05,BG11,35,1.0,0.009900989942252636,3,0.06533201487629868,0.7013227387999846,0.7011391618518404,0.09317837104184162,0.9956563912017472
T05,BG12,35,1.0,0.009900989942252636,3,0.06717726855141672,0.7013227387999846,0.7009146055458646,0.09581957036929521,0.9954068458961146
T05,BG13,35,1.0,0.009900989942252636,3,0.06457657791447867,0.7013227387999846,0.7019273583730273,0.0920422787001569,0.9957622841572351
T05,BG14,35,1.0,0.009900989942252636,3,0.05385179135312861,0.7013227387999846,0.6997777743335171,0.0768734797970318,0.9970463020074578
T05,BG15,35,1.0,0.009900989942252636,3,0.049488405840655704,0.7013227387999846,0.7009426349478285,0.07058093565520167,0.9975072813723997
