task,seed,step,dimension,window_length,n_doses,max_epsilon,monotonic_violations,max_isotonic_adjustment
Original,0,0,0,1,12,4.298462962853725,0,0.0
Original,0,4,0,1,12,4.298462962853725,0,0.0
Original,0,8,0,1,12,4.298462962853725,1,1.9950368529498066e-06
Original,0,12,0,1,12,4.298462962853725,1,0.0003852547428343676
Original,0,16,0,1,12,4.298462962853725,1,9.741242787713374e-05
Original,0,19,0,1,12,4.298462962853725,0,0.0
Original,0,23,0,1,12,4.298462962853725,1,1.6950808724880417e-05
Original,0,27,0,1,12,4.298462962853725,0,0.0
Original,0,31,0,1,12,4.298462962853725,0,0.0
Original,0,35,0,1,12,4.298462962853725,1,2.6415506717083342e-05
Original,0,0,0,20,12,4.188587457219199,0,0.0
Original,0,4,0,20,12,4.188587457219199,0,0.0
Original,0,8,0,20,12,4.188587457219199,0,0.0
Original,0,12,0,20,12,4.188587457219199,0,0.0
Original,0,16,0,20,12,4.188587457219199,0,0.0
Original,0,19,0,20,12,4.188587457219199,0,0.0
Original,0,23,0,20,12,4.188587457219199,1,0.0011593157155501688
Original,0,27,0,20,12,4.188587457219199,0,0.0
Original,0,31,0,20,12,4.188587457219199,0,0.0
Original,0,35,0,20,12,4.188587457219199,0,0.0
Original,0,0,0,4,12,4.188587457219199,0,0.0
Original,0,4,0,4,12,4.188587457219199,0,0.0
Original,0,8,0,4,12,4.188587457219199,0,0.0
Original,0,12,0,4,12,4.188587457219199,1,7.395968898584251e-05
Original,0,16,0,4,12,4.188587457219199,1,0.0005408014596090527
Original,0,19,0,4,12,4.188587457219199,0,0.0
Original,0,23,0,4,12,4.188587457219199,0,0.0
Original,0,27,0,4,12,4.188587457219199,0,0.0
Original,0,31,0,4,12,4.188587457219199,0,0.0
Original,0,35,0,4,12,4.188587457219199,1,9.036002867449794e-06
Original,0,0,0,8,12,4.188587457219199,0,0.0
Original,0,4,0,8,12,4.188587457219199,0,0.0
Original,0,8,0,8,12,4.188587457219199,0,0.0
Original,0,12,0,8,12,4.188587457219199,0,0.0
Original,0,16,0,8,12,4.188587457219199,0,0.0
Original,0,19,0,8,12,4.188587457219199,0,0.0
Original,0,23,0,8,12,4.188587457219199,0,0.0
Original,0,27,0,8,12,4.188587457219199,0,0.0
Original,0,31,0,8,12,4.188587457219199,0,0.0
Original,0,35,0,8,12,4.188587457219199,0,0.0
Original,0,0,1,1,12,4.181664079542801,0,0.0
Original,0,4,1,1,12,4.181664079542801,1,0.0005779393313639141
Original,0,8,1,1,12,4.181664079542801,1,0.00023365215448555108
Original,0,12,1,1,12,4.181664079542801,1,0.0004672612381230231
Original,0,16,1,1,12,4.181664079542801,1,2.70814420102114e-05
Original,0,19,1,1,12,4.181664079542801,0,0.0
Original,0,23,1,1,12,4.181664079542801,0,0.0
Original,0,27,1,1,12,4.181664079542801,1,1.489198340326979e-05
Original,0,31,1,1,12,4.181664079542801,0,0.0
Original,0,35,1,1,12,4.181664079542801,0,0.0
Original,0,0,1,20,12,4.181664079542801,1,0.13059291131815037
Original,0,4,1,20,12,4.181664079542801,1,0.11958529353040742
Original,0,8,1,20,12,4.181664079542801,1,0.07012155884117849
Original,0,12,1,20,12,4.181664079542801,1,0.036553774206988576
Original,0,16,1,20,12,4.181664079542801,1,0.11311413983006247
Original,0,19,1,20,12,4.181664079542801,1,0.05293945210622064
Original,0,23,1,20,12,4.181664079542801,1,0.03125986866662914
Original,0,27,1,20,12,4.181664079542801,0,0.0
Original,0,31,1,20,12,4.181664079542801,0,0.0
Original,0,35,1,20,12,4.181664079542801,0,0.0
Original,0,0,1,4,12,4.181664079542801,1,0.0030412747467068457
Original,0,4,1,4,12,4.181664079542801,1,0.0026895212353005293
Original,0,8,1,4,12,4.181664079542801,1,0.0030269602483568026
Original,0,12,1,4,12,4.181664079542801,1,0.004019034921061038
Original,0,16,1,4,12,4.181664079542801,0,0.0
Original,0,19,1,4,12,4.181664079542801,0,0.0
Original,0,23,1,4,12,4.181664079542801,1,0.0012317438250399049
Original,0,27,1,4,12,4.181664079542801,0,0.0
Original,0,31,1,4,12,4.181664079542801,1,2.4192801947322054e-05
Original,0,35,1,4,12,4.181664079542801,0,0.0
Original,0,0,1,8,12,4.181664079542801,1,0.03819927979715759
Original,0,4,1,8,12,4.181664079542801,1,0.035578567365326885
Original,0,8,1,8,12,4.181664079542801,1,0.028218649141938223
Original,0,12,1,8,12,4.181664079542801,1,0.02477655521942701
Original,0,16,1,8,12,4.181664079542801,1,0.0011064390655946
Original,0,19,1,8,12,4.181664079542801,0,0.0
Original,0,23,1,8,12,4.181664079542801,0,0.0
Original,0,27,1,8,12,4.181664079542801,0,0.0
Original,0,31,1,8,12,4.181664079542801,0,0.0
Original,0,35,1,8,12,4.181664079542801,0,0.0
Original,0,0,2,1,11,2.5994580284099387,0,0.0
Original,0,4,2,1,11,2.5994580284099387,0,0.0
Original,0,8,2,1,11,2.5994580284099387,0,0.0
Original,0,12,2,1,11,2.5994580284099387,1,0.0003004281678703176
Original,0,16,2,1,11,2.5994580284099387,1,0.0016674461854097322
Original,0,19,2,1,11,2.5994580284099387,1,3.1906078726374326e-05
Original,0,23,2,1,11,2.5994580284099387,0,0.0
Original,0,27,2,1,11,2.5994580284099387,0,0.0
Original,0,31,2,1,11,2.5994580284099387,1,7.101308438709972e-05
Original,0,35,2,1,11,2.5994580284099387,1,3.87249059621321e-05
Original,0,0,2,20,11,2.538267647619121,0,0.0
Original,0,4,2,20,11,2.538267647619121,0,0.0
Original,0,8,2,20,11,2.538267647619121,0,0.0
Original,0,12,2,20,11,2.538267647619121,0,0.0
Original,0,16,2,20,11,2.538267647619121,2,0.08873721890475411
Original,0,19,2,20,11,2.538267647619121,3,0.04976062006778953
Original,0,23,2,20,11,2.538267647619121,2,0.009950024768286672
Original,0,27,2,20,11,2.538267647619121,0,0.0
Original,0,31,2,20,11,2.538267647619121,0,0.0
Original,0,35,2,20,11,2.538267647619121,0,0.0
Original,0,0,2,4,11,2.5994580284099387,0,0.0
Original,0,4,2,4,11,2.5994580284099387,0,0.0
Original,0,8,2,4,11,2.5994580284099387,0,0.0
Original,0,12,2,4,11,2.5994580284099387,0,0.0
Original,0,16,2,4,11,2.5994580284099387,2,0.07294574997217781
Original,0,19,2,4,11,2.5994580284099387,1,0.012993254435852655
Original,0,23,2,4,11,2.5994580284099387,1,0.0010306387492112837
Original,0,27,2,4,11,2.5994580284099387,0,0.0
Original,0,31,2,4,11,2.5994580284099387,0,0.0
Original,0,35,2,4,11,2.5994580284099387,0,0.0
Original,0,0,2,8,11,2.5994580284099387,0,0.0
Original,0,4,2,8,11,2.5994580284099387,0,0.0
Original,0,8,2,8,11,2.5994580284099387,0,0.0
Original,0,12,2,8,11,2.5994580284099387,1,0.015680406521333734
Original,0,16,2,8,11,2.5994580284099387,2,0.07728379405856872
Original,0,19,2,8,11,2.5994580284099387,2,0.037223037169535775
Original,0,23,2,8,11,2.5994580284099387,1,0.008747045954689024
Original,0,27,2,8,11,2.5994580284099387,1,0.000858425859060187
Original,0,31,2,8,11,2.5994580284099387,0,0.0
Original,0,35,2,8,11,2.5994580284099387,0,0.0
Original,0,0,3,1,15,35.175815622035856,3,0.0003181219082432534
Original,0,4,3,1,15,35.175815622035856,1,0.0001242102343710404
Original,0,8,3,1,15,35.175815622035856,1,0.0013526529759599233
Original,0,12,3,1,15,35.175815622035856,2,0.0004517950777506736
Original,0,16,3,1,15,35.175815622035856,0,0.0
Original,0,19,3,1,15,35.175815622035856,1,9.541215103753015e-05
Original,0,23,3,1,15,35.175815622035856,1,0.024934458695645895
Original,0,27,3,1,15,35.175815622035856,0,0.0
Original,0,31,3,1,15,35.175815622035856,0,0.0
Original,0,35,3,1,15,35.175815622035856,1,5.834332947772525e-05
Original,0,0,3,20,15,35.150707973483364,1,0.01494216101360385
Original,0,4,3,20,15,35.150707973483364,1,0.014701038843458691
Original,0,8,3,20,15,35.150707973483364,2,0.015208907200558175
Original,0,12,3,20,15,35.150707973483364,3,0.017175983840628517
Original,0,16,3,20,15,35.150707973483364,2,0.024024738206601726
Original,0,19,3,20,15,35.150707973483364,3,0.10021338478625674
Original,0,23,3,20,15,35.150707973483364,0,0.0
Original,0,27,3,20,15,35.150707973483364,0,0.0
Original,0,31,3,20,15,35.150707973483364,0,0.0
Original,0,35,3,20,15,35.150707973483364,0,0.0
Original,0,0,3,4,15,35.175815622035856,1,8.393532479605403e-05
Original,0,4,3,4,15,35.175815622035856,1,0.0002965433646723451
Original,0,8,3,4,15,35.175815622035856,1,0.0006943946972964316
Original,0,12,3,4,15,35.175815622035856,0,0.0
Original,0,16,3,4,15,35.175815622035856,1,0.002120434002041316
Original,0,19,3,4,15,35.175815622035856,1,0.006012135455315093
Original,0,23,3,4,15,35.175815622035856,2,0.01965084720533848
Original,0,27,3,4,15,35.175815622035856,0,0.0
Original,0,31,3,4,15,35.175815622035856,0,0.0
Original,0,35,3,4,15,35.175815622035856,0,0.0
Original,0,0,3,8,14,32.0,0,0.0
Original,0,4,3,8,14,32.0,1,0.00013293071997313912
Original,0,8,3,8,14,32.0,1,0.000282274992599329
Original,0,12,3,8,14,32.0,1,0.00035356876033200424
Original,0,16,3,8,14,32.0,0,0.0
Original,0,19,3,8,14,32.0,1,0.04560961161046051
Original,0,23,3,8,14,32.0,1,0.002747243444146147
Original,0,27,3,8,14,32.0,0,0.0
Original,0,31,3,8,14,32.0,0,0.0
Original,0,35,3,8,14,32.0,0,0.0
Original,0,0,4,1,15,33.16212551506767,1,0.00017718615824852645
Original,0,4,4,1,15,33.16212551506767,1,5.5214526407516146e-05
Original,0,8,4,1,15,33.16212551506767,2,0.0010498410827130406
Original,0,12,4,1,15,33.16212551506767,3,0.0006331459701028521
Original,0,16,4,1,15,33.16212551506767,2,0.0007682266169791096
Original,0,19,4,1,15,33.16212551506767,1,8.121088274417026e-05
Original,0,23,4,1,15,33.16212551506767,2,5.2173585833314995e-05
Original,0,27,4,1,15,33.16212551506767,1,7.524339100881128e-07
Original,0,31,4,1,15,33.16212551506767,0,0.0
Original,0,35,4,1,15,33.16212551506767,1,7.838903548632731e-05
Original,0,0,4,20,15,32.489136263887154,2,0.0006825853749148902
Original,0,4,4,20,15,32.489136263887154,1,0.0005466652290174734
Original,0,8,4,20,15,32.489136263887154,2,0.0005759205412077528
Original,0,12,4,20,15,32.489136263887154,2,0.0005743663547939162
Original,0,16,4,20,15,32.489136263887154,2,0.008796312363109238
Original,0,19,4,20,15,32.489136263887154,1,0.0003265064385072902
Original,0,23,4,20,15,32.489136263887154,0,0.0
Original,0,27,4,20,15,32.489136263887154,0,0.0
Original,0,31,4,20,15,32.489136263887154,1,3.217184743653338e-05
Original,0,35,4,20,15,32.489136263887154,1,2.5958236112566535e-06
Original,0,0,4,4,15,32.95326678194269,1,0.00036267116254770984
Original,0,4,4,4,15,32.95326678194269,1,0.00025828113498453653
Original,0,8,4,4,15,32.95326678194269,1,0.0005643504825237353
Original,0,12,4,4,15,32.95326678194269,2,0.0007854791250809737
Original,0,16,4,4,15,32.95326678194269,0,0.0
Original,0,19,4,4,15,32.95326678194269,0,0.0
Original,0,23,4,4,15,32.95326678194269,1,1.749280558179748e-05
Original,0,27,4,4,15,32.95326678194269,0,0.0
Original,0,31,4,4,15,32.95326678194269,0,0.0
Original,0,35,4,4,15,32.95326678194269,0,0.0
Original,0,0,4,8,15,32.95326678194269,2,0.0006283346158373337
Original,0,4,4,8,15,32.95326678194269,1,0.00039896892146262797
Original,0,8,4,8,15,32.95326678194269,3,0.0005326619894054363
Original,0,12,4,8,15,32.95326678194269,2,0.0018847084549672597
Original,0,16,4,8,15,32.95326678194269,1,0.0008451494754776467
Original,0,19,4,8,15,32.95326678194269,0,0.0
Original,0,23,4,8,15,32.95326678194269,0,0.0
Original,0,27,4,8,15,32.95326678194269,0,0.0
Original,0,31,4,8,15,32.95326678194269,1,7.480376482360204e-05
Original,0,35,4,8,15,32.95326678194269,1,0.000318879758590785
Original,0,0,5,1,14,16.524176674466432,2,0.00018200816314788495
Original,0,4,5,1,14,16.524176674466432,2,0.00023579380413913786
Original,0,8,5,1,14,16.524176674466432,2,0.00046856867040861224
Original,0,12,5,1,14,16.524176674466432,3,0.0005496865192892398
Original,0,16,5,1,14,16.524176674466432,2,0.0010777521125392873
Original,0,19,5,1,14,16.524176674466432,2,8.730551396813734e-05
Original,0,23,5,1,14,16.524176674466432,2,3.22412756685311e-05
Original,0,27,5,1,14,16.524176674466432,1,3.014349160838231e-06
Original,0,31,5,1,14,16.524176674466432,1,5.395187440217393e-05
Original,0,35,5,1,14,16.524176674466432,1,0.0001598817608280123
Original,0,0,5,20,14,16.524176674466432,0,0.0
Original,0,4,5,20,14,16.524176674466432,1,0.00013423939473215362
Original,0,8,5,20,14,16.524176674466432,0,0.0
Original,0,12,5,20,14,16.524176674466432,0,0.0
Original,0,16,5,20,14,16.524176674466432,1,0.0030623933938714876
Original,0,19,5,20,14,16.524176674466432,0,0.0
Original,0,23,5,20,14,16.524176674466432,2,0.01819686711375626
Original,0,27,5,20,14,16.524176674466432,3,0.0028362657019730952
Original,0,31,5,20,14,16.524176674466432,1,0.0001245926551695642
Original,0,35,5,20,14,16.524176674466432,1,0.000520681712313089
Original,0,0,5,4,14,16.524176674466432,1,0.00021796569511953363
Original,0,4,5,4,14,16.524176674466432,1,0.00021405834067929775
Original,0,8,5,4,14,16.524176674466432,1,0.0008017525165958149
Original,0,12,5,4,14,16.524176674466432,3,0.0009815522959078808
Original,0,16,5,4,14,16.524176674466432,0,0.0
Original,0,19,5,4,14,16.524176674466432,0,0.0
Original,0,23,5,4,14,16.524176674466432,0,0.0
Original,0,27,5,4,14,16.524176674466432,0,0.0
Original,0,31,5,4,14,16.524176674466432,0,0.0
Original,0,35,5,4,14,16.524176674466432,1,0.00014734137999647054
Original,0,0,5,8,14,16.524176674466432,1,0.00032319075449962955
Original,0,4,5,8,14,16.524176674466432,0,0.0
Original,0,8,5,8,14,16.524176674466432,1,0.00019907725068408003
Original,0,12,5,8,14,16.524176674466432,2,0.0011337899677522209
Original,0,16,5,8,14,16.524176674466432,2,0.00034709837590963643
Original,0,19,5,8,14,16.524176674466432,0,0.0
Original,0,23,5,8,14,16.524176674466432,1,0.00011560975071142621
Original,0,27,5,8,14,16.524176674466432,1,0.0003836221093092562
Original,0,31,5,8,14,16.524176674466432,1,1.5218195997313e-05
Original,0,35,5,8,14,16.524176674466432,1,0.0004531974500594435
Original,1,0,0,1,12,4.298462962853725,1,0.0003017218484811391
Original,1,4,0,1,12,4.298462962853725,1,0.00015993058446943115
Original,1,8,0,1,12,4.298462962853725,1,6.921995824855746e-05
Original,1,12,0,1,12,4.298462962853725,1,0.0006626495231959774
Original,1,16,0,1,12,4.298462962853725,0,0.0
Original,1,19,0,1,12,4.298462962853725,0,0.0
Original,1,23,0,1,12,4.298462962853725,0,0.0
Original,1,27,0,1,12,4.298462962853725,0,0.0
Original,1,31,0,1,12,4.298462962853725,0,0.0
Original,1,35,0,1,12,4.298462962853725,0,0.0
Original,1,0,0,20,11,4.0,0,0.0
Original,1,4,0,20,11,4.0,0,0.0
Original,1,8,0,20,11,4.0,0,0.0
Original,1,12,0,20,11,4.0,0,0.0
Original,1,16,0,20,11,4.0,0,0.0
Original,1,19,0,20,11,4.0,0,0.0
Original,1,23,0,20,11,4.0,0,0.0
Original,1,27,0,20,11,4.0,0,0.0
Original,1,31,0,20,11,4.0,0,0.0
Original,1,35,0,20,11,4.0,0,0.0
Original,1,0,0,4,12,4.188587457219199,0,0.0
Original,1,4,0,4,12,4.188587457219199,0,0.0
Original,1,8,0,4,12,4.188587457219199,0,0.0
Original,1,12,0,4,12,4.188587457219199,0,0.0
Original,1,16,0,4,12,4.188587457219199,0,0.0
Original,1,19,0,4,12,4.188587457219199,0,0.0
Original,1,23,0,4,12,4.188587457219199,0,0.0
Original,1,27,0,4,12,4.188587457219199,0,0.0
Original,1,31,0,4,12,4.188587457219199,0,0.0
Original,1,35,0,4,12,4.188587457219199,0,0.0
Original,1,0,0,8,12,4.188587457219199,0,0.0
Original,1,4,0,8,12,4.188587457219199,0,0.0
Original,1,8,0,8,12,4.188587457219199,0,0.0
Original,1,12,0,8,12,4.188587457219199,0,0.0
Original,1,16,0,8,12,4.188587457219199,0,0.0
Original,1,19,0,8,12,4.188587457219199,0,0.0
Original,1,23,0,8,12,4.188587457219199,0,0.0
Original,1,27,0,8,12,4.188587457219199,0,0.0
Original,1,31,0,8,12,4.188587457219199,0,0.0
Original,1,35,0,8,12,4.188587457219199,0,0.0
Original,1,0,1,1,12,4.181664079542801,0,0.0
Original,1,4,1,1,12,4.181664079542801,1,0.0001495349690396365
Original,1,8,1,1,12,4.181664079542801,1,2.5732571068854196e-05
Original,1,12,1,1,12,4.181664079542801,0,0.0
Original,1,16,1,1,12,4.181664079542801,0,0.0
Original,1,19,1,1,12,4.181664079542801,1,1.2138440514918025e-05
Original,1,23,1,1,12,4.181664079542801,0,0.0
Original,1,27,1,1,12,4.181664079542801,0,0.0
Original,1,31,1,1,12,4.181664079542801,0,0.0
Original,1,35,1,1,12,4.181664079542801,1,0.0001928936757173566
Original,1,0,1,20,12,4.181664079542801,2,0.1575516058619068
Original,1,4,1,20,12,4.181664079542801,2,0.15610451328694608
Original,1,8,1,20,12,4.181664079542801,2,0.1542536520633529
Original,1,12,1,20,12,4.181664079542801,2,0.13764836132175656
Original,1,16,1,20,12,4.181664079542801,2,0.14843279103094076
Original,1,19,1,20,12,4.181664079542801,1,0.08028663084964757
Original,1,23,1,20,12,4.181664079542801,2,0.04299139090317994
Original,1,27,1,20,12,4.181664079542801,0,0.0
Original,1,31,1,20,12,4.181664079542801,0,0.0
Original,1,35,1,20,12,4.181664079542801,0,0.0
Original,1,0,1,4,12,4.181664079542801,1,0.00019984001263623208
Original,1,4,1,4,12,4.181664079542801,1,1.3722129084237089e-05
Original,1,8,1,4,12,4.181664079542801,0,0.0
Original,1,12,1,4,12,4.181664079542801,0,0.0
Original,1,16,1,4,12,4.181664079542801,0,0.0
Original,1,19,1,4,12,4.181664079542801,0,0.0
Original,1,23,1,4,12,4.181664079542801,0,0.0
Original,1,27,1,4,12,4.181664079542801,0,0.0
Original,1,31,1,4,12,4.181664079542801,1,0.00012007875022767081
Original,1,35,1,4,12,4.181664079542801,0,0.0
Original,1,0,1,8,12,4.181664079542801,2,0.050366483878115265
Original,1,4,1,8,12,4.181664079542801,2,0.04766749804873477
Original,1,8,1,8,12,4.181664079542801,2,0.037859297020237104
Original,1,12,1,8,12,4.181664079542801,2,0.01772378090230725
Original,1,16,1,8,12,4.181664079542801,1,0.005852903583197178
Original,1,19,1,8,12,4.181664079542801,0,0.0
Original,1,23,1,8,12,4.181664079542801,0,0.0
Original,1,27,1,8,12,4.181664079542801,0,0.0
Original,1,31,1,8,12,4.181664079542801,0,0.0
Original,1,35,1,8,12,4.181664079542801,0,0.0
Original,1,0,2,1,11,2.5994580284099387,0,0.0
Original,1,4,2,1,11,2.5994580284099387,0,0.0
Original,1,8,2,1,11,2.5994580284099387,0,0.0
Original,1,12,2,1,11,2.5994580284099387,1,0.0024041997835212436
Original,1,16,2,1,11,2.5994580284099387,0,0.0
Original,1,19,2,1,11,2.5994580284099387,1,4.476038616173846e-05
Original,1,23,2,1,11,2.5994580284099387,0,0.0
Original,1,27,2,1,11,2.5994580284099387,1,2.1686187412789208e-05
Original,1,31,2,1,11,2.5994580284099387,1,1.1458188263731642e-05
Original,1,35,2,1,11,2.5994580284099387,0,0.0
Original,1,0,2,20,11,2.538267647619121,0,0.0
Original,1,4,2,20,11,2.538267647619121,0,0.0
Original,1,8,2,20,11,2.538267647619121,0,0.0
Original,1,12,2,20,11,2.538267647619121,0,0.0
Original,1,16,2,20,11,2.538267647619121,1,0.012442323166450386
Original,1,19,2,20,11,2.538267647619121,2,0.06287963678308528
Original,1,23,2,20,11,2.538267647619121,1,0.00641308941978723
Original,1,27,2,20,11,2.538267647619121,0,0.0
Original,1,31,2,20,11,2.538267647619121,0,0.0
Original,1,35,2,20,11,2.538267647619121,0,0.0
Original,1,0,2,4,11,2.5994580284099387,0,0.0
Original,1,4,2,4,11,2.5994580284099387,0,0.0
Original,1,8,2,4,11,2.5994580284099387,0,0.0
Original,1,12,2,4,11,2.5994580284099387,1,0.015612740939345005
Original,1,16,2,4,11,2.5994580284099387,2,0.06718638184139417
Original,1,19,2,4,11,2.5994580284099387,1,0.00921222616345492
Original,1,23,2,4,11,2.5994580284099387,0,0.0
Original,1,27,2,4,11,2.5994580284099387,0,0.0
Original,1,31,2,4,11,2.5994580284099387,0,0.0
Original,1,35,2,4,11,2.5994580284099387,0,0.0
Original,1,0,2,8,11,2.5994580284099387,1,0.000987894239223297
Original,1,4,2,8,11,2.5994580284099387,1,0.001214964091373616
Original,1,8,2,8,11,2.5994580284099387,1,0.0011141215101872493
Original,1,12,2,8,11,2.5994580284099387,1,0.010666012259166358
Original,1,16,2,8,11,2.5994580284099387,2,0.07360168292787833
Original,1,19,2,8,11,2.5994580284099387,2,0.02676388563549184
Original,1,23,2,8,11,2.5994580284099387,1,0.002072758651320311
Original,1,27,2,8,11,2.5994580284099387,0,0.0
Original,1,31,2,8,11,2.5994580284099387,0,0.0
Original,1,35,2,8,11,2.5994580284099387,0,0.0
Original,1,0,3,1,15,35.175815622035856,1,0.0006066101465458289
Original,1,4,3,1,15,35.175815622035856,3,0.00019882443246119989
Original,1,8,3,1,15,35.175815622035856,2,0.00041125403243621236
Original,1,12,3,1,15,35.175815622035856,2,0.00022882678994304902
Original,1,16,3,1,15,35.175815622035856,0,0.0
Original,1,19,3,1,15,35.175815622035856,0,0.0
Original,1,23,3,1,15,35.175815622035856,1,0.018364380389524912
Original,1,27,3,1,15,35.175815622035856,1,2.5758489501566742e-05
Original,1,31,3,1,15,35.175815622035856,1,1.9055838661002217e-05
Original,1,35,3,1,15,35.175815622035856,1,0.00010046945465110382
Original,1,0,3,20,13,16.0,0,0.0
Original,1,4,3,20,13,16.0,0,0.0
Original,1,8,3,20,13,16.0,0,0.0
Original,1,12,3,20,13,16.0,0,0.0
Original,1,16,3,20,13,16.0,0,0.0
Original,1,19,3,20,13,16.0,1,0.011442498858631744
Original,1,23,3,20,13,16.0,0,0.0
Original,1,27,3,20,13,16.0,0,0.0
Original,1,31,3,20,13,16.0,0,0.0
Original,1,35,3,20,13,16.0,0,0.0
Original,1,0,3,4,15,35.175815622035856,0,0.0
Original,1,4,3,4,15,35.175815622035856,0,0.0
Original,1,8,3,4,15,35.175815622035856,1,0.000542014806648821
Original,1,12,3,4,15,35.175815622035856,1,0.0009909325283811166
Original,1,16,3,4,15,35.175815622035856,1,0.004170920082482987
Original,1,19,3,4,15,35.175815622035856,2,0.03437303448647683
Original,1,23,3,4,15,35.175815622035856,2,0.011806437686469398
Original,1,27,3,4,15,35.175815622035856,0,0.0
Original,1,31,3,4,15,35.175815622035856,0,0.0
Original,1,35,3,4,15,35.175815622035856,0,0.0
Original,1,0,3,8,14,32.0,0,0.0
Original,1,4,3,8,14,32.0,2,0.00043017843909398754
Original,1,8,3,8,14,32.0,1,0.000903350681937619
Original,1,12,3,8,14,32.0,1,4.489393063763711e-05
Original,1,16,3,8,14,32.0,1,0.011218193036155621
Original,1,19,3,8,14,32.0,1,0.10188630197761833
Original,1,23,3,8,14,32.0,0,0.0
Original,1,27,3,8,14,32.0,1,2.4632904084898218e-05
Original,1,31,3,8,14,32.0,0,0.0
Original,1,35,3,8,14,32.0,0,0.0
Original,1,0,4,1,15,33.16212551506767,2,0.001285619146105573
Original,1,4,4,1,15,33.16212551506767,1,1.0608074533660986e-05
Original,1,8,4,1,15,33.16212551506767,3,0.0011839277991338801
Original,1,12,4,1,15,33.16212551506767,1,0.00032963950834946024
Original,1,16,4,1,15,33.16212551506767,0,0.0
Original,1,19,4,1,15,33.16212551506767,0,0.0
Original,1,23,4,1,15,33.16212551506767,2,1.1553283997293648e-05
Original,1,27,4,1,15,33.16212551506767,1,4.475817371305674e-05
Original,1,31,4,1,15,33.16212551506767,1,4.378452763324596e-05
Original,1,35,4,1,15,33.16212551506767,1,9.494752542867427e-05
Original,1,0,4,20,15,32.489136263887154,3,0.003841071059201784
Original,1,4,4,20,15,32.489136263887154,2,0.003610249316623404
Original,1,8,4,20,15,32.489136263887154,2,0.002175135286468066
Original,1,12,4,20,15,32.489136263887154,1,0.001036358776569546
Original,1,16,4,20,15,32.489136263887154,2,0.0047394486933475255
Original,1,19,4,20,15,32.489136263887154,2,0.020068404176268095
Original,1,23,4,20,15,32.489136263887154,0,0.0
Original,1,27,4,20,15,32.489136263887154,0,0.0
Original,1,31,4,20,15,32.489136263887154,0,0.0
Original,1,35,4,20,15,32.489136263887154,0,0.0
Original,1,0,4,4,15,32.95326678194269,1,0.0006058573368751393
Original,1,4,4,4,15,32.95326678194269,0,0.0
Original,1,8,4,4,15,32.95326678194269,0,0.0
Original,1,12,4,4,15,32.95326678194269,1,5.715809760050566e-06
Original,1,16,4,4,15,32.95326678194269,0,0.0
Original,1,19,4,4,15,32.95326678194269,0,0.0
Original,1,23,4,4,15,32.95326678194269,1,3.432013456383144e-05
Original,1,27,4,4,15,32.95326678194269,0,0.0
Original,1,31,4,4,15,32.95326678194269,1,1.8272497708986604e-05
Original,1,35,4,4,15,32.95326678194269,0,0.0
Original,1,0,4,8,15,32.95326678194269,2,0.000927132473068415
Original,1,4,4,8,15,32.95326678194269,1,0.0012696339304141269
Original,1,8,4,8,15,32.95326678194269,2,0.0010108955110899043
Original,1,12,4,8,15,32.95326678194269,1,0.0015799763348138818
Original,1,16,4,8,15,32.95326678194269,2,0.0042211446879385495
Original,1,19,4,8,15,32.95326678194269,1,0.0014406675044362771
Original,1,23,4,8,15,32.95326678194269,0,0.0
Original,1,27,4,8,15,32.95326678194269,0,0.0
Original,1,31,4,8,15,32.95326678194269,0,0.0
Original,1,35,4,8,15,32.95326678194269,1,0.00017510225287714967
Original,1,0,5,1,14,16.524176674466432,2,0.00032774281082465894
Original,1,4,5,1,14,16.524176674466432,3,0.00040153007305625266
Original,1,8,5,1,14,16.524176674466432,3,0.0002794816171061273
Original,1,12,5,1,14,16.524176674466432,2,0.00024848135581478133
Original,1,16,5,1,14,16.524176674466432,1,0.00016435922087349418
Original,1,19,5,1,14,16.524176674466432,1,1.7161151819478776e-07
Original,1,23,5,1,14,16.524176674466432,2,8.768490293706473e-05
Original,1,27,5,1,14,16.524176674466432,0,0.0
Original,1,31,5,1,14,16.524176674466432,1,0.00016108313566808204
Original,1,35,5,1,14,16.524176674466432,2,0.00014306980584607998
Original,1,0,5,20,14,16.524176674466432,1,0.0002878943600882755
Original,1,4,5,20,14,16.524176674466432,1,0.00012112411395191671
Original,1,8,5,20,14,16.524176674466432,0,0.0
Original,1,12,5,20,14,16.524176674466432,0,0.0
Original,1,16,5,20,14,16.524176674466432,0,0.0
Original,1,19,5,20,14,16.524176674466432,1,0.014601295263339087
Original,1,23,5,20,14,16.524176674466432,2,0.026796578059658155
Original,1,27,5,20,14,16.524176674466432,2,0.006771943801920338
Original,1,31,5,20,14,16.524176674466432,1,0.00020953023118680525
Original,1,35,5,20,14,16.524176674466432,1,0.00024870485477799034
Original,1,0,5,4,14,16.524176674466432,1,0.0001550008629275521
Original,1,4,5,4,14,16.524176674466432,1,0.0013755958597794502
Original,1,8,5,4,14,16.524176674466432,1,0.00035952493705811595
Original,1,12,5,4,14,16.524176674466432,1,1.4625881644912339e-05
Original,1,16,5,4,14,16.524176674466432,1,2.337224744512062e-05
Original,1,19,5,4,14,16.524176674466432,1,4.5069925623631574e-05
Original,1,23,5,4,14,16.524176674466432,0,0.0
Original,1,27,5,4,14,16.524176674466432,1,1.2560749212581733e-05
Original,1,31,5,4,14,16.524176674466432,0,0.0
Original,1,35,5,4,14,16.524176674466432,1,0.0001975320936196054
Original,1,0,5,8,14,16.524176674466432,2,0.0007817240860011881
Original,1,4,5,8,14,16.524176674466432,1,0.0006215917363329897
Original,1,8,5,8,14,16.524176674466432,1,0.0006350098405833934
Original,1,12,5,8,14,16.524176674466432,1,4.134358529998654e-05
Original,1,16,5,8,14,16.524176674466432,0,0.0
Original,1,19,5,8,14,16.524176674466432,0,0.0
Original,1,23,5,8,14,16.524176674466432,1,0.0002444138641689575
Original,1,27,5,8,14,16.524176674466432,1,0.0004096336430719494
Original,1,31,5,8,14,16.524176674466432,0,0.0
Original,1,35,5,8,14,16.524176674466432,1,0.0002354391007189996
Original,2,0,0,1,12,4.298462962853725,1,0.0001479220383783942
Original,2,4,0,1,12,4.298462962853725,0,0.0
Original,2,8,0,1,12,4.298462962853725,0,0.0
Original,2,12,0,1,12,4.298462962853725,0,0.0
Original,2,16,0,1,12,4.298462962853725,0,0.0
Original,2,19,0,1,12,4.298462962853725,0,0.0
Original,2,23,0,1,12,4.298462962853725,0,0.0
Original,2,27,0,1,12,4.298462962853725,0,0.0
Original,2,31,0,1,12,4.298462962853725,0,0.0
Original,2,35,0,1,12,4.298462962853725,0,0.0
Original,2,0,0,20,12,4.188587457219199,0,0.0
Original,2,4,0,20,12,4.188587457219199,0,0.0
Original,2,8,0,20,12,4.188587457219199,0,0.0
Original,2,12,0,20,12,4.188587457219199,0,0.0
Original,2,16,0,20,12,4.188587457219199,0,0.0
Original,2,19,0,20,12,4.188587457219199,0,0.0
Original,2,23,0,20,12,4.188587457219199,0,0.0
Original,2,27,0,20,12,4.188587457219199,0,0.0
Original,2,31,0,20,12,4.188587457219199,0,0.0
Original,2,35,0,20,12,4.188587457219199,0,0.0
Original,2,0,0,4,12,4.188587457219199,0,0.0
Original,2,4,0,4,12,4.188587457219199,0,0.0
Original,2,8,0,4,12,4.188587457219199,0,0.0
Original,2,12,0,4,12,4.188587457219199,0,0.0
Original,2,16,0,4,12,4.188587457219199,0,0.0
Original,2,19,0,4,12,4.188587457219199,0,0.0
Original,2,23,0,4,12,4.188587457219199,0,0.0
Original,2,27,0,4,12,4.188587457219199,0,0.0
Original,2,31,0,4,12,4.188587457219199,0,0.0
Original,2,35,0,4,12,4.188587457219199,0,0.0
Original,2,0,0,8,12,4.188587457219199,0,0.0
Original,2,4,0,8,12,4.188587457219199,0,0.0
Original,2,8,0,8,12,4.188587457219199,0,0.0
Original,2,12,0,8,12,4.188587457219199,0,0.0
Original,2,16,0,8,12,4.188587457219199,0,0.0
Original,2,19,0,8,12,4.188587457219199,0,0.0
Original,2,23,0,8,12,4.188587457219199,0,0.0
Original,2,27,0,8,12,4.188587457219199,0,0.0
Original,2,31,0,8,12,4.188587457219199,0,0.0
Original,2,35,0,8,12,4.188587457219199,0,0.0
Original,2,0,1,1,12,4.181664079542801,0,0.0
Original,2,4,1,1,12,4.181664079542801,0,0.0
Original,2,8,1,1,12,4.181664079542801,0,0.0
Original,2,12,1,1,12,4.181664079542801,1,0.0005398102722641851
Original,2,16,1,1,12,4.181664079542801,1,6.146430088640152e-05
Original,2,19,1,1,12,4.181664079542801,0,0.0
Original,2,23,1,1,12,4.181664079542801,0,0.0
Original,2,27,1,1,12,4.181664079542801,1,7.69346756327588e-06
Original,2,31,1,1,12,4.181664079542801,0,0.0
Original,2,35,1,1,12,4.181664079542801,1,2.3636623656671935e-05
Original,2,0,1,20,12,4.181664079542801,1,0.15398567962064247
Original,2,4,1,20,12,4.181664079542801,2,0.15451185727617395
Original,2,8,1,20,12,4.181664079542801,2,0.15143546642112093
Original,2,12,1,20,12,4.181664079542801,2,0.14924125116732834
Original,2,16,1,20,12,4.181664079542801,2,0.16158939738349537
Original,2,19,1,20,12,4.181664079542801,1,0.03572376796064894
Original,2,23,1,20,12,4.181664079542801,2,0.03740995793708185
Original,2,27,1,20,12,4.181664079542801,0,0.0
Original,2,31,1,20,12,4.181664079542801,0,0.0
Original,2,35,1,20,12,4.181664079542801,0,0.0
Original,2,0,1,4,12,4.181664079542801,1,0.001555058194963932
Original,2,4,1,4,12,4.181664079542801,1,0.0007934968737682291
Original,2,8,1,4,12,4.181664079542801,1,0.0004965669811362039
Original,2,12,1,4,12,4.181664079542801,0,0.0
Original,2,16,1,4,12,4.181664079542801,0,0.0
Original,2,19,1,4,12,4.181664079542801,0,0.0
Original,2,23,1,4,12,4.181664079542801,0,0.0
Original,2,27,1,4,12,4.181664079542801,0,0.0
Original,2,31,1,4,12,4.181664079542801,0,0.0
Original,2,35,1,4,12,4.181664079542801,0,0.0
Original,2,0,1,8,12,4.181664079542801,1,0.05091316285165243
Original,2,4,1,8,12,4.181664079542801,2,0.051095747828835136
Original,2,8,1,8,12,4.181664079542801,2,0.04720664853768197
Original,2,12,1,8,12,4.181664079542801,2,0.028810479486966745
Original,2,16,1,8,12,4.181664079542801,2,0.04161682900834207
Original,2,19,1,8,12,4.181664079542801,1,0.010468756075003638
Original,2,23,1,8,12,4.181664079542801,0,0.0
Original,2,27,1,8,12,4.181664079542801,0,0.0
Original,2,31,1,8,12,4.181664079542801,0,0.0
Original,2,35,1,8,12,4.181664079542801,0,0.0
Original,2,0,2,1,11,2.5994580284099387,0,0.0
Original,2,4,2,1,11,2.5994580284099387,0,0.0
Original,2,8,2,1,11,2.5994580284099387,0,0.0
Original,2,12,2,1,11,2.5994580284099387,0,0.0
Original,2,16,2,1,11,2.5994580284099387,1,0.0023135813570475394
Original,2,19,2,1,11,2.5994580284099387,0,0.0
Original,2,23,2,1,11,2.5994580284099387,0,0.0
Original,2,27,2,1,11,2.5994580284099387,1,4.09247038060381e-05
Original,2,31,2,1,11,2.5994580284099387,0,0.0
Original,2,35,2,1,11,2.5994580284099387,0,0.0
Original,2,0,2,20,11,2.538267647619121,0,0.0
Original,2,4,2,20,11,2.538267647619121,0,0.0
Original,2,8,2,20,11,2.538267647619121,0,0.0
Original,2,12,2,20,11,2.538267647619121,0,0.0
Original,2,16,2,20,11,2.538267647619121,2,0.023979859834721784
Original,2,19,2,20,11,2.538267647619121,2,0.03147359659109583
Original,2,23,2,20,11,2.538267647619121,2,0.0009018141280169589
Original,2,27,2,20,11,2.538267647619121,0,0.0
Original,2,31,2,20,11,2.538267647619121,0,0.0
Original,2,35,2,20,11,2.538267647619121,0,0.0
Original,2,0,2,4,11,2.5994580284099387,0,0.0
Original,2,4,2,4,11,2.5994580284099387,0,0.0
Original,2,8,2,4,11,2.5994580284099387,0,0.0
Original,2,12,2,4,11,2.5994580284099387,0,0.0
Original,2,16,2,4,11,2.5994580284099387,2,0.0352710271691595
Original,2,19,2,4,11,2.5994580284099387,1,0.019858285716606847
Original,2,23,2,4,11,2.5994580284099387,2,0.004235338842692872
Original,2,27,2,4,11,2.5994580284099387,0,0.0
Original,2,31,2,4,11,2.5994580284099387,0,0.0
Original,2,35,2,4,11,2.5994580284099387,0,0.0
Original,2,0,2,8,11,2.5994580284099387,1,0.0009244646831351733
Original,2,4,2,8,11,2.5994580284099387,1,0.0010987970122756097
Original,2,8,2,8,11,2.5994580284099387,1,0.002088049975369155
Original,2,12,2,8,11,2.5994580284099387,0,0.0
Original,2,16,2,8,11,2.5994580284099387,2,0.09354069192127096
Original,2,19,2,8,11,2.5994580284099387,3,0.027137105843916418
Original,2,23,2,8,11,2.5994580284099387,1,0.0045395050629945324
Original,2,27,2,8,11,2.5994580284099387,0,0.0
Original,2,31,2,8,11,2.5994580284099387,0,0.0
Original,2,35,2,8,11,2.5994580284099387,1,0.00017217425305297504
Original,2,0,3,1,15,35.175815622035856,1,9.157428385035693e-05
Original,2,4,3,1,15,35.175815622035856,1,0.0005600717501367623
Original,2,8,3,1,15,35.175815622035856,1,0.0004475752123400574
Original,2,12,3,1,15,35.175815622035856,2,0.0009548697969249016
Original,2,16,3,1,15,35.175815622035856,0,0.0
Original,2,19,3,1,15,35.175815622035856,2,0.030096311588075103
Original,2,23,3,1,15,35.175815622035856,3,0.013367834635500273
Original,2,27,3,1,15,35.175815622035856,0,0.0
Original,2,31,3,1,15,35.175815622035856,2,3.140477110698779e-05
Original,2,35,3,1,15,35.175815622035856,0,0.0
Original,2,0,3,20,15,35.150707973483364,2,0.015173089459375066
Original,2,4,3,20,15,35.150707973483364,1,0.016399432227435395
Original,2,8,3,20,15,35.150707973483364,2,0.026289485924713973
Original,2,12,3,20,15,35.150707973483364,2,0.06237950179462265
Original,2,16,3,20,15,35.150707973483364,1,0.09359629754942111
Original,2,19,3,20,15,35.150707973483364,3,0.03567143499309838
Original,2,23,3,20,15,35.150707973483364,0,0.0
Original,2,27,3,20,15,35.150707973483364,0,0.0
Original,2,31,3,20,15,35.150707973483364,0,0.0
Original,2,35,3,20,15,35.150707973483364,0,0.0
Original,2,0,3,4,15,35.175815622035856,0,0.0
Original,2,4,3,4,15,35.175815622035856,2,0.000279761881719404
Original,2,8,3,4,15,35.175815622035856,0,0.0
Original,2,12,3,4,15,35.175815622035856,1,0.0015151030773478125
Original,2,16,3,4,15,35.175815622035856,2,0.028720046203974448
Original,2,19,3,4,15,35.175815622035856,2,0.07669844983158164
Original,2,23,3,4,15,35.175815622035856,2,0.01616509036795595
Original,2,27,3,4,15,35.175815622035856,1,4.9811675668261224e-05
Original,2,31,3,4,15,35.175815622035856,0,0.0
Original,2,35,3,4,15,35.175815622035856,0,0.0
Original,2,0,3,8,15,35.150707973483364,2,0.0008934599411971611
Original,2,4,3,8,15,35.150707973483364,2,0.0007159303059599553
Original,2,8,3,8,15,35.150707973483364,2,0.0010270712964087214
Original,2,12,3,8,15,35.150707973483364,1,0.0013119932625589303
Original,2,16,3,8,15,35.150707973483364,0,0.0
Original,2,19,3,8,15,35.150707973483364,3,0.04175337369889365
Original,2,23,3,8,15,35.150707973483364,1,0.00020257500826001418
Original,2,27,3,8,15,35.150707973483364,0,0.0
Original,2,31,3,8,15,35.150707973483364,1,5.299260604199954e-06
Original,2,35,3,8,15,35.150707973483364,0,0.0
Original,2,0,4,1,15,33.16212551506767,3,0.0006785830427770527
Original,2,4,4,1,15,33.16212551506767,2,3.643059269609495e-05
Original,2,8,4,1,15,33.16212551506767,2,0.00047892174034567907
Original,2,12,4,1,15,33.16212551506767,2,0.00017045643498091873
Original,2,16,4,1,15,33.16212551506767,2,0.00042607610796899925
Original,2,19,4,1,15,33.16212551506767,0,0.0
Original,2,23,4,1,15,33.16212551506767,1,1.385508377349954e-05
Original,2,27,4,1,15,33.16212551506767,0,0.0
Original,2,31,4,1,15,33.16212551506767,1,5.334383180814056e-05
Original,2,35,4,1,15,33.16212551506767,0,0.0
Original,2,0,4,20,15,32.489136263887154,1,0.0007065610340736272
Original,2,4,4,20,15,32.489136263887154,1,0.0005734563014201943
Original,2,8,4,20,15,32.489136263887154,1,0.000434014743234179
Original,2,12,4,20,15,32.489136263887154,2,0.0003754117597594142
Original,2,16,4,20,15,32.489136263887154,1,0.0003702637308860002
Original,2,19,4,20,15,32.489136263887154,2,0.003174857115923524
Original,2,23,4,20,15,32.489136263887154,0,0.0
Original,2,27,4,20,15,32.489136263887154,0,0.0
Original,2,31,4,20,15,32.489136263887154,0,0.0
Original,2,35,4,20,15,32.489136263887154,0,0.0
Original,2,0,4,4,15,32.95326678194269,2,0.0002786755490379938
Original,2,4,4,4,15,32.95326678194269,0,0.0
Original,2,8,4,4,15,32.95326678194269,0,0.0
Original,2,12,4,4,15,32.95326678194269,1,0.00011422625054471978
Original,2,16,4,4,15,32.95326678194269,1,3.827417574769638e-05
Original,2,19,4,4,15,32.95326678194269,0,0.0
Original,2,23,4,4,15,32.95326678194269,0,0.0
Original,2,27,4,4,15,32.95326678194269,1,1.4552489100124258e-06
Original,2,31,4,4,15,32.95326678194269,2,8.599834590730313e-05
Original,2,35,4,4,15,32.95326678194269,1,3.714960161029998e-05
Original,2,0,4,8,15,32.95326678194269,2,0.0007502392480889242
Original,2,4,4,8,15,32.95326678194269,2,0.0007738484194896311
Original,2,8,4,8,15,32.95326678194269,1,0.0009019681034942995
Original,2,12,4,8,15,32.95326678194269,2,0.0009081214742333032
Original,2,16,4,8,15,32.95326678194269,0,0.0
Original,2,19,4,8,15,32.95326678194269,0,0.0
Original,2,23,4,8,15,32.95326678194269,0,0.0
Original,2,27,4,8,15,32.95326678194269,0,0.0
Original,2,31,4,8,15,32.95326678194269,0,0.0
Original,2,35,4,8,15,32.95326678194269,1,0.00010019958958334615
Original,2,0,5,1,14,16.524176674466432,3,0.00037097729481922
Original,2,4,5,1,14,16.524176674466432,2,0.00039893003027339016
Original,2,8,5,1,14,16.524176674466432,0,0.0
Original,2,12,5,1,14,16.524176674466432,2,0.0007477546388676114
Original,2,16,5,1,14,16.524176674466432,1,7.881152837796272e-05
Original,2,19,5,1,14,16.524176674466432,1,4.597747460193414e-05
Original,2,23,5,1,14,16.524176674466432,1,0.0001235615281783304
Original,2,27,5,1,14,16.524176674466432,1,5.718400892714727e-05
Original,2,31,5,1,14,16.524176674466432,2,0.00010959784011970765
Original,2,35,5,1,14,16.524176674466432,1,0.0003075246094768995
Original,2,0,5,20,14,16.524176674466432,1,4.927344763623609e-05
Original,2,4,5,20,14,16.524176674466432,0,0.0
Original,2,8,5,20,14,16.524176674466432,0,0.0
Original,2,12,5,20,14,16.524176674466432,0,0.0
Original,2,16,5,20,14,16.524176674466432,0,0.0
Original,2,19,5,20,14,16.524176674466432,1,0.004621703159999102
Original,2,23,5,20,14,16.524176674466432,2,0.029192535686233062
Original,2,27,5,20,14,16.524176674466432,3,0.004081166575255646
Original,2,31,5,20,14,16.524176674466432,2,0.00017669665280444467
Original,2,35,5,20,14,16.524176674466432,1,0.00019156363577519167
Original,2,0,5,4,14,16.524176674466432,2,0.0005749536952501287
Original,2,4,5,4,14,16.524176674466432,1,2.500501655329848e-05
Original,2,8,5,4,14,16.524176674466432,1,7.108970238124592e-05
Original,2,12,5,4,14,16.524176674466432,1,0.0002416194881725434
Original,2,16,5,4,14,16.524176674466432,1,0.0002760049366182984
Original,2,19,5,4,14,16.524176674466432,0,0.0
Original,2,23,5,4,14,16.524176674466432,0,0.0
Original,2,27,5,4,14,16.524176674466432,1,8.174837852133188e-05
Original,2,31,5,4,14,16.524176674466432,1,0.00010773442350203027
Original,2,35,5,4,14,16.524176674466432,0,0.0
Original,2,0,5,8,14,16.524176674466432,0,0.0
Original,2,4,5,8,14,16.524176674466432,1,4.30260297241648e-05
Original,2,8,5,8,14,16.524176674466432,1,6.377539071127265e-05
Original,2,12,5,8,14,16.524176674466432,1,0.0008795187750297619
Original,2,16,5,8,14,16.524176674466432,2,0.0027625013889266414
Original,2,19,5,8,14,16.524176674466432,0,0.0
Original,2,23,5,8,14,16.524176674466432,2,0.002296094735175891
Original,2,27,5,8,14,16.524176674466432,1,0.00037394591890246853
Original,2,31,5,8,14,16.524176674466432,0,0.0
Original,2,35,5,8,14,16.524176674466432,1,3.531565196560754e-05
T01,0,0,0,1,11,3.40574227207191,0,0.0
T01,0,4,0,1,11,3.40574227207191,0,0.0
T01,0,8,0,1,11,3.40574227207191,0,0.0
T01,0,12,0,1,11,3.40574227207191,0,0.0
T01,0,16,0,1,11,3.40574227207191,0,0.0
T01,0,19,0,1,11,3.40574227207191,0,0.0
T01,0,23,0,1,11,3.40574227207191,0,0.0
T01,0,27,0,1,11,3.40574227207191,0,0.0
T01,0,31,0,1,11,3.40574227207191,0,0.0
T01,0,35,0,1,11,3.40574227207191,0,0.0
T01,0,0,0,20,11,3.40574227207191,0,0.0
T01,0,4,0,20,11,3.40574227207191,0,0.0
T01,0,8,0,20,11,3.40574227207191,0,0.0
T01,0,12,0,20,11,3.40574227207191,0,0.0
T01,0,16,0,20,11,3.40574227207191,0,0.0
T01,0,19,0,20,11,3.40574227207191,0,0.0
T01,0,23,0,20,11,3.40574227207191,1,0.022672293303539176
T01,0,27,0,20,11,3.40574227207191,0,0.0
T01,0,31,0,20,11,3.40574227207191,0,0.0
T01,0,35,0,20,11,3.40574227207191,0,0.0
T01,0,0,0,4,11,3.40574227207191,0,0.0
T01,0,4,0,4,11,3.40574227207191,0,0.0
T01,0,8,0,4,11,3.40574227207191,0,0.0
T01,0,12,0,4,11,3.40574227207191,0,0.0
T01,0,16,0,4,11,3.40574227207191,0,0.0
T01,0,19,0,4,11,3.40574227207191,0,0.0
T01,0,23,0,4,11,3.40574227207191,0,0.0
T01,0,27,0,4,11,3.40574227207191,0,0.0
T01,0,31,0,4,11,3.40574227207191,0,0.0
T01,0,35,0,4,11,3.40574227207191,0,0.0
T01,0,0,0,8,11,3.40574227207191,0,0.0
T01,0,4,0,8,11,3.40574227207191,0,0.0
T01,0,8,0,8,11,3.40574227207191,0,0.0
T01,0,12,0,8,11,3.40574227207191,0,0.0
T01,0,16,0,8,11,3.40574227207191,0,0.0
T01,0,19,0,8,11,3.40574227207191,0,0.0
T01,0,23,0,8,11,3.40574227207191,0,0.0
T01,0,27,0,8,11,3.40574227207191,0,0.0
T01,0,31,0,8,11,3.40574227207191,0,0.0
T01,0,35,0,8,11,3.40574227207191,0,0.0
T01,0,0,1,1,12,7.254794240904087,0,0.0
T01,0,4,1,1,12,7.254794240904087,0,0.0
T01,0,8,1,1,12,7.254794240904087,0,0.0
T01,0,12,1,1,12,7.254794240904087,0,0.0
T01,0,16,1,1,12,7.254794240904087,0,0.0
T01,0,19,1,1,12,7.254794240904087,1,0.00232662725351164
T01,0,23,1,1,12,7.254794240904087,0,0.0
T01,0,27,1,1,12,7.254794240904087,0,0.0
T01,0,31,1,1,12,7.254794240904087,1,0.00011265019704407783
T01,0,35,1,1,12,7.254794240904087,0,0.0
T01,0,0,1,20,12,6.766550970161621,1,0.13107252205069214
T01,0,4,1,20,12,6.766550970161621,1,0.1250588107185383
T01,0,8,1,20,12,6.766550970161621,1,0.12948352890678555
T01,0,12,1,20,12,6.766550970161621,1,0.17949642592348555
T01,0,16,1,20,12,6.766550970161621,1,8.875818672771096e-05
T01,0,19,1,20,12,6.766550970161621,1,0.003599849191116389
T01,0,23,1,20,12,6.766550970161621,1,0.0017871899549062042
T01,0,27,1,20,12,6.766550970161621,0,0.0
T01,0,31,1,20,12,6.766550970161621,0,0.0
T01,0,35,1,20,12,6.766550970161621,0,0.0
T01,0,0,1,4,12,7.142122716886595,0,0.0
T01,0,4,1,4,12,7.142122716886595,0,0.0
T01,0,8,1,4,12,7.142122716886595,0,0.0
T01,0,12,1,4,12,7.142122716886595,0,0.0
T01,0,16,1,4,12,7.142122716886595,2,0.00572817403863124
T01,0,19,1,4,12,7.142122716886595,2,0.019189012361653338
T01,0,23,1,4,12,7.142122716886595,2,0.004067111814369959
T01,0,27,1,4,12,7.142122716886595,0,0.0
T01,0,31,1,4,12,7.142122716886595,1,3.173072840985565e-05
T01,0,35,1,4,12,7.142122716886595,1,0.00021236738785207487
T01,0,0,1,8,12,7.048229780205351,1,0.07377291153189308
T01,0,4,1,8,12,7.048229780205351,1,0.07387253501050822
T01,0,8,1,8,12,7.048229780205351,1,0.08971711445548891
T01,0,12,1,8,12,7.048229780205351,1,0.10996851007333036
T01,0,16,1,8,12,7.048229780205351,2,0.09165805506031985
T01,0,19,1,8,12,7.048229780205351,3,0.031835979151099425
T01,0,23,1,8,12,7.048229780205351,2,0.010592826480335979
T01,0,27,1,8,12,7.048229780205351,0,0.0
T01,0,31,1,8,12,7.048229780205351,0,0.0
T01,0,35,1,8,12,7.048229780205351,1,0.00028132910618754517
T01,0,0,2,1,11,2.350659616001254,0,0.0
T01,0,4,2,1,11,2.350659616001254,0,0.0
T01,0,8,2,1,11,2.350659616001254,0,0.0
T01,0,12,2,1,11,2.350659616001254,0,0.0
T01,0,16,2,1,11,2.350659616001254,0,0.0
T01,0,19,2,1,11,2.350659616001254,0,0.0
T01,0,23,2,1,11,2.350659616001254,1,0.0008633467724351793
T01,0,27,2,1,11,2.350659616001254,0,0.0
T01,0,31,2,1,11,2.350659616001254,1,0.0001609395230550252
T01,0,35,2,1,11,2.350659616001254,0,0.0
T01,0,0,2,20,11,2.33813389868686,0,0.0
T01,0,4,2,20,11,2.33813389868686,0,0.0
T01,0,8,2,20,11,2.33813389868686,0,0.0
T01,0,12,2,20,11,2.33813389868686,0,0.0
T01,0,16,2,20,11,2.33813389868686,0,0.0
T01,0,19,2,20,11,2.33813389868686,0,0.0
T01,0,23,2,20,11,2.33813389868686,2,0.010234258762075316
T01,0,27,2,20,11,2.33813389868686,0,0.0
T01,0,31,2,20,11,2.33813389868686,0,0.0
T01,0,35,2,20,11,2.33813389868686,0,0.0
T01,0,0,2,4,11,2.33813389868686,0,0.0
T01,0,4,2,4,11,2.33813389868686,0,0.0
T01,0,8,2,4,11,2.33813389868686,0,0.0
T01,0,12,2,4,11,2.33813389868686,0,0.0
T01,0,16,2,4,11,2.33813389868686,0,0.0
T01,0,19,2,4,11,2.33813389868686,0,0.0
T01,0,23,2,4,11,2.33813389868686,0,0.0
T01,0,27,2,4,11,2.33813389868686,0,0.0
T01,0,31,2,4,11,2.33813389868686,0,0.0
T01,0,35,2,4,11,2.33813389868686,0,0.0
T01,0,0,2,8,11,2.33813389868686,0,0.0
T01,0,4,2,8,11,2.33813389868686,0,0.0
T01,0,8,2,8,11,2.33813389868686,0,0.0
T01,0,12,2,8,11,2.33813389868686,0,0.0
T01,0,16,2,8,11,2.33813389868686,0,0.0
T01,0,19,2,8,11,2.33813389868686,0,0.0
T01,0,23,2,8,11,2.33813389868686,1,0.0019300881241553214
T01,0,27,2,8,11,2.33813389868686,0,0.0
T01,0,31,2,8,11,2.33813389868686,0,0.0
T01,0,35,2,8,11,2.33813389868686,0,0.0
T01,0,0,3,1,15,33.8515820633567,1,2.5372835132041714e-06
T01,0,4,3,1,15,33.8515820633567,0,0.0
T01,0,8,3,1,15,33.8515820633567,1,8.133998746667412e-06
T01,0,12,3,1,15,33.8515820633567,1,2.7277165360798435e-05
T01,0,16,3,1,15,33.8515820633567,0,0.0
T01,0,19,3,1,15,33.8515820633567,1,0.012411431063290346
T01,0,23,3,1,15,33.8515820633567,2,0.0009983483148344463
T01,0,27,3,1,15,33.8515820633567,0,0.0
T01,0,31,3,1,15,33.8515820633567,2,0.0002563460821721781
T01,0,35,3,1,15,33.8515820633567,1,0.00010410120072784981
T01,0,0,3,20,12,8.0,0,0.0
T01,0,4,3,20,12,8.0,0,0.0
T01,0,8,3,20,12,8.0,0,0.0
T01,0,12,3,20,12,8.0,0,0.0
T01,0,16,3,20,12,8.0,0,0.0
T01,0,19,3,20,12,8.0,1,0.042011914045994025
T01,0,23,3,20,12,8.0,2,0.005691834686495589
T01,0,27,3,20,12,8.0,0,0.0
T01,0,31,3,20,12,8.0,0,0.0
T01,0,35,3,20,12,8.0,0,0.0
T01,0,0,3,4,15,33.8515820633567,1,0.00014131339134981769
T01,0,4,3,4,15,33.8515820633567,1,3.46197278117133e-05
T01,0,8,3,4,15,33.8515820633567,0,0.0
T01,0,12,3,4,15,33.8515820633567,0,0.0
T01,0,16,3,4,15,33.8515820633567,1,0.0003572222724078644
T01,0,19,3,4,15,33.8515820633567,3,0.11632971523029484
T01,0,23,3,4,15,33.8515820633567,0,0.0
T01,0,27,3,4,15,33.8515820633567,1,2.0459887626393843e-05
T01,0,31,3,4,15,33.8515820633567,0,0.0
T01,0,35,3,4,15,33.8515820633567,1,0.0005616528523429594
T01,0,0,3,8,13,16.0,0,0.0
T01,0,4,3,8,13,16.0,0,0.0
T01,0,8,3,8,13,16.0,0,0.0
T01,0,12,3,8,13,16.0,0,0.0
T01,0,16,3,8,13,16.0,0,0.0
T01,0,19,3,8,13,16.0,2,0.05914399115053348
T01,0,23,3,8,13,16.0,1,0.0008591358925562897
T01,0,27,3,8,13,16.0,0,0.0
T01,0,31,3,8,13,16.0,1,1.8393143986321359e-06
T01,0,35,3,8,13,16.0,0,0.0
T01,0,0,4,1,14,29.958054121440263,1,7.039186934687741e-05
T01,0,4,4,1,14,29.958054121440263,0,0.0
T01,0,8,4,1,14,29.958054121440263,0,0.0
T01,0,12,4,1,14,29.958054121440263,0,0.0
T01,0,16,4,1,14,29.958054121440263,1,4.89142363761224e-05
T01,0,19,4,1,14,29.958054121440263,1,1.0330754162230296e-05
T01,0,23,4,1,14,29.958054121440263,2,4.2411685023012284e-05
T01,0,27,4,1,14,29.958054121440263,0,0.0
T01,0,31,4,1,14,29.958054121440263,0,0.0
T01,0,35,4,1,14,29.958054121440263,1,0.00014246603282595457
T01,0,0,4,20,13,16.0,0,0.0
T01,0,4,4,20,13,16.0,0,0.0
T01,0,8,4,20,13,16.0,0,0.0
T01,0,12,4,20,13,16.0,0,0.0
T01,0,16,4,20,13,16.0,0,0.0
T01,0,19,4,20,13,16.0,0,0.0
T01,0,23,4,20,13,16.0,0,0.0
T01,0,27,4,20,13,16.0,0,0.0
T01,0,31,4,20,13,16.0,0,0.0
T01,0,35,4,20,13,16.0,0,0.0
T01,0,0,4,4,14,29.958054121440263,0,0.0
T01,0,4,4,4,14,29.958054121440263,0,0.0
T01,0,8,4,4,14,29.958054121440263,0,0.0
T01,0,12,4,4,14,29.958054121440263,0,0.0
T01,0,16,4,4,14,29.958054121440263,0,0.0
T01,0,19,4,4,14,29.958054121440263,0,0.0
T01,0,23,4,4,14,29.958054121440263,0,0.0
T01,0,27,4,4,14,29.958054121440263,0,0.0
T01,0,31,4,4,14,29.958054121440263,1,2.290243310866351e-05
T01,0,35,4,4,14,29.958054121440263,2,2.1524855222190137e-05
T01,0,0,4,8,13,16.0,0,0.0
T01,0,4,4,8,13,16.0,0,0.0
T01,0,8,4,8,13,16.0,0,0.0
T01,0,12,4,8,13,16.0,0,0.0
T01,0,16,4,8,13,16.0,0,0.0
T01,0,19,4,8,13,16.0,0,0.0
T01,0,23,4,8,13,16.0,1,2.991613093591885e-05
T01,0,27,4,8,13,16.0,0,0.0
T01,0,31,4,8,13,16.0,1,1.483571905560449e-05
T01,0,35,4,8,13,16.0,1,0.0002734688536004323
T01,0,0,5,1,13,12.737283094410529,0,0.0
T01,0,4,5,1,13,12.737283094410529,0,0.0
T01,0,8,5,1,13,12.737283094410529,0,0.0
T01,0,12,5,1,13,12.737283094410529,0,0.0
T01,0,16,5,1,13,12.737283094410529,1,5.172346945976408e-05
T01,0,19,5,1,13,12.737283094410529,0,0.0
T01,0,23,5,1,13,12.737283094410529,0,0.0
T01,0,27,5,1,13,12.737283094410529,0,0.0
T01,0,31,5,1,13,12.737283094410529,0,0.0
T01,0,35,5,1,13,12.737283094410529,0,0.0
T01,0,0,5,20,13,12.737283094410529,0,0.0
T01,0,4,5,20,13,12.737283094410529,0,0.0
T01,0,8,5,20,13,12.737283094410529,0,0.0
T01,0,12,5,20,13,12.737283094410529,0,0.0
T01,0,16,5,20,13,12.737283094410529,0,0.0
T01,0,19,5,20,13,12.737283094410529,1,0.03075657042991553
T01,0,23,5,20,13,12.737283094410529,1,0.013394690969083384
T01,0,27,5,20,13,12.737283094410529,1,0.004952934107227469
T01,0,31,5,20,13,12.737283094410529,0,0.0
T01,0,35,5,20,13,12.737283094410529,0,0.0
T01,0,0,5,4,13,12.737283094410529,0,0.0
T01,0,4,5,4,13,12.737283094410529,0,0.0
T01,0,8,5,4,13,12.737283094410529,1,2.367386265570738e-05
T01,0,12,5,4,13,12.737283094410529,0,0.0
T01,0,16,5,4,13,12.737283094410529,0,0.0
T01,0,19,5,4,13,12.737283094410529,0,0.0
T01,0,23,5,4,13,12.737283094410529,0,0.0
T01,0,27,5,4,13,12.737283094410529,0,0.0
T01,0,31,5,4,13,12.737283094410529,0,0.0
T01,0,35,5,4,13,12.737283094410529,0,0.0
T01,0,0,5,8,13,12.737283094410529,0,0.0
T01,0,4,5,8,13,12.737283094410529,0,0.0
T01,0,8,5,8,13,12.737283094410529,0,0.0
T01,0,12,5,8,13,12.737283094410529,0,0.0
T01,0,16,5,8,13,12.737283094410529,1,0.020714590914472003
T01,0,19,5,8,13,12.737283094410529,0,0.0
T01,0,23,5,8,13,12.737283094410529,1,0.0009346934355958236
T01,0,27,5,8,13,12.737283094410529,1,0.00117053586980162
T01,0,31,5,8,13,12.737283094410529,0,0.0
T01,0,35,5,8,13,12.737283094410529,0,0.0
T01,1,0,0,1,11,3.40574227207191,0,0.0
T01,1,4,0,1,11,3.40574227207191,0,0.0
T01,1,8,0,1,11,3.40574227207191,0,0.0
T01,1,12,0,1,11,3.40574227207191,0,0.0
T01,1,16,0,1,11,3.40574227207191,0,0.0
T01,1,19,0,1,11,3.40574227207191,0,0.0
T01,1,23,0,1,11,3.40574227207191,0,0.0
T01,1,27,0,1,11,3.40574227207191,0,0.0
T01,1,31,0,1,11,3.40574227207191,0,0.0
T01,1,35,0,1,11,3.40574227207191,0,0.0
T01,1,0,0,20,11,3.40574227207191,0,0.0
T01,1,4,0,20,11,3.40574227207191,0,0.0
T01,1,8,0,20,11,3.40574227207191,0,0.0
T01,1,12,0,20,11,3.40574227207191,0,0.0
T01,1,16,0,20,11,3.40574227207191,0,0.0
T01,1,19,0,20,11,3.40574227207191,0,0.0
T01,1,23,0,20,11,3.40574227207191,1,0.014673022497206784
T01,1,27,0,20,11,3.40574227207191,0,0.0
T01,1,31,0,20,11,3.40574227207191,0,0.0
T01,1,35,0,20,11,3.40574227207191,0,0.0
T01,1,0,0,4,11,3.40574227207191,0,0.0
T01,1,4,0,4,11,3.40574227207191,0,0.0
T01,1,8,0,4,11,3.40574227207191,0,0.0
T01,1,12,0,4,11,3.40574227207191,0,0.0
T01,1,16,0,4,11,3.40574227207191,0,0.0
T01,1,19,0,4,11,3.40574227207191,1,0.00040301806531790885
T01,1,23,0,4,11,3.40574227207191,0,0.0
T01,1,27,0,4,11,3.40574227207191,0,0.0
T01,1,31,0,4,11,3.40574227207191,0,0.0
T01,1,35,0,4,11,3.40574227207191,0,0.0
T01,1,0,0,8,11,3.40574227207191,0,0.0
T01,1,4,0,8,11,3.40574227207191,0,0.0
T01,1,8,0,8,11,3.40574227207191,0,0.0
T01,1,12,0,8,11,3.40574227207191,0,0.0
T01,1,16,0,8,11,3.40574227207191,0,0.0
T01,1,19,0,8,11,3.40574227207191,0,0.0
T01,1,23,0,8,11,3.40574227207191,0,0.0
T01,1,27,0,8,11,3.40574227207191,0,0.0
T01,1,31,0,8,11,3.40574227207191,0,0.0
T01,1,35,0,8,11,3.40574227207191,0,0.0
T01,1,0,1,1,12,7.254794240904087,0,0.0
T01,1,4,1,1,12,7.254794240904087,0,0.0
T01,1,8,1,1,12,7.254794240904087,0,0.0
T01,1,12,1,1,12,7.254794240904087,0,0.0
T01,1,16,1,1,12,7.254794240904087,0,0.0
T01,1,19,1,1,12,7.254794240904087,0,0.0
T01,1,23,1,1,12,7.254794240904087,1,1.5848659862722353e-05
T01,1,27,1,1,12,7.254794240904087,0,0.0
T01,1,31,1,1,12,7.254794240904087,1,6.759147350896694e-05
T01,1,35,1,1,12,7.254794240904087,1,3.9201225315387e-05
T01,1,0,1,20,12,6.766550970161621,1,0.10050538053196922
T01,1,4,1,20,12,6.766550970161621,1,0.08797901607256997
T01,1,8,1,20,12,6.766550970161621,1,0.06299538977316438
T01,1,12,1,20,12,6.766550970161621,1,0.07474196222063884
T01,1,16,1,20,12,6.766550970161621,2,0.09243859893099737
T01,1,19,1,20,12,6.766550970161621,0,0.0
T01,1,23,1,20,12,6.766550970161621,2,0.002788972358283612
T01,1,27,1,20,12,6.766550970161621,0,0.0
T01,1,31,1,20,12,6.766550970161621,0,0.0
T01,1,35,1,20,12,6.766550970161621,0,0.0
T01,1,0,1,4,12,7.142122716886595,0,0.0
T01,1,4,1,4,12,7.142122716886595,0,0.0
T01,1,8,1,4,12,7.142122716886595,0,0.0
T01,1,12,1,4,12,7.142122716886595,0,0.0
T01,1,16,1,4,12,7.142122716886595,2,0.025218748353978138
T01,1,19,1,4,12,7.142122716886595,1,0.005918803571707508
T01,1,23,1,4,12,7.142122716886595,0,0.0
T01,1,27,1,4,12,7.142122716886595,0,0.0
T01,1,31,1,4,12,7.142122716886595,1,0.00010321818195940281
T01,1,35,1,4,12,7.142122716886595,1,0.0004795633707968573
T01,1,0,1,8,12,7.048229780205351,1,0.03285569066747962
T01,1,4,1,8,12,7.048229780205351,1,0.027927924535959547
T01,1,8,1,8,12,7.048229780205351,1,0.023051935916155952
T01,1,12,1,8,12,7.048229780205351,1,0.026217292578260054
T01,1,16,1,8,12,7.048229780205351,2,0.09782164600833815
T01,1,19,1,8,12,7.048229780205351,2,0.024088604193827523
T01,1,23,1,8,12,7.048229780205351,2,0.0019324095953105608
T01,1,27,1,8,12,7.048229780205351,0,0.0
T01,1,31,1,8,12,7.048229780205351,1,0.0002419576148380842
T01,1,35,1,8,12,7.048229780205351,1,0.00011435808591683111
T01,1,0,2,1,11,2.350659616001254,0,0.0
T01,1,4,2,1,11,2.350659616001254,0,0.0
T01,1,8,2,1,11,2.350659616001254,0,0.0
T01,1,12,2,1,11,2.350659616001254,0,0.0
T01,1,16,2,1,11,2.350659616001254,0,0.0
T01,1,19,2,1,11,2.350659616001254,1,0.0032113630759980916
T01,1,23,2,1,11,2.350659616001254,1,0.0015376363192385056
T01,1,27,2,1,11,2.350659616001254,0,0.0
T01,1,31,2,1,11,2.350659616001254,1,0.0003778944393598247
T01,1,35,2,1,11,2.350659616001254,1,0.00045691199856657747
T01,1,0,2,20,11,2.33813389868686,0,0.0
T01,1,4,2,20,11,2.33813389868686,0,0.0
T01,1,8,2,20,11,2.33813389868686,0,0.0
T01,1,12,2,20,11,2.33813389868686,0,0.0
T01,1,16,2,20,11,2.33813389868686,0,0.0
T01,1,19,2,20,11,2.33813389868686,1,0.007925769734373644
T01,1,23,2,20,11,2.33813389868686,2,0.015431007290098164
T01,1,27,2,20,11,2.33813389868686,0,0.0
T01,1,31,2,20,11,2.33813389868686,0,0.0
T01,1,35,2,20,11,2.33813389868686,0,0.0
T01,1,0,2,4,11,2.33813389868686,0,0.0
T01,1,4,2,4,11,2.33813389868686,0,0.0
T01,1,8,2,4,11,2.33813389868686,0,0.0
T01,1,12,2,4,11,2.33813389868686,0,0.0
T01,1,16,2,4,11,2.33813389868686,0,0.0
T01,1,19,2,4,11,2.33813389868686,0,0.0
T01,1,23,2,4,11,2.33813389868686,0,0.0
T01,1,27,2,4,11,2.33813389868686,0,0.0
T01,1,31,2,4,11,2.33813389868686,0,0.0
T01,1,35,2,4,11,2.33813389868686,0,0.0
T01,1,0,2,8,11,2.33813389868686,0,0.0
T01,1,4,2,8,11,2.33813389868686,0,0.0
T01,1,8,2,8,11,2.33813389868686,0,0.0
T01,1,12,2,8,11,2.33813389868686,0,0.0
T01,1,16,2,8,11,2.33813389868686,0,0.0
T01,1,19,2,8,11,2.33813389868686,1,0.007126579227005103
T01,1,23,2,8,11,2.33813389868686,2,0.002064657686312643
T01,1,27,2,8,11,2.33813389868686,0,0.0
T01,1,31,2,8,11,2.33813389868686,0,0.0
T01,1,35,2,8,11,2.33813389868686,0,0.0
T01,1,0,3,1,15,33.8515820633567,0,0.0
T01,1,4,3,1,15,33.8515820633567,1,2.939600684551645e-05
T01,1,8,3,1,15,33.8515820633567,0,0.0
T01,1,12,3,1,15,33.8515820633567,0,0.0
T01,1,16,3,1,15,33.8515820633567,1,4.8084548875409854e-05
T01,1,19,3,1,15,33.8515820633567,2,0.03515422843760013
T01,1,23,3,1,15,33.8515820633567,0,0.0
T01,1,27,3,1,15,33.8515820633567,0,0.0
T01,1,31,3,1,15,33.8515820633567,2,6.965196159060619e-05
T01,1,35,3,1,15,33.8515820633567,1,0.000468564521543275
T01,1,0,3,20,12,8.0,0,0.0
T01,1,4,3,20,12,8.0,0,0.0
T01,1,8,3,20,12,8.0,0,0.0
T01,1,12,3,20,12,8.0,0,0.0
T01,1,16,3,20,12,8.0,0,0.0
T01,1,19,3,20,12,8.0,1,0.03666451391089659
T01,1,23,3,20,12,8.0,0,0.0
T01,1,27,3,20,12,8.0,0,0.0
T01,1,31,3,20,12,8.0,0,0.0
T01,1,35,3,20,12,8.0,0,0.0
T01,1,0,3,4,15,33.8515820633567,0,0.0
T01,1,4,3,4,15,33.8515820633567,0,0.0
T01,1,8,3,4,15,33.8515820633567,1,3.294225559191677e-05
T01,1,12,3,4,15,33.8515820633567,0,0.0
T01,1,16,3,4,15,33.8515820633567,2,0.009202518914371072
T01,1,19,3,4,15,33.8515820633567,2,0.13003074553176258
T01,1,23,3,4,15,33.8515820633567,0,0.0
T01,1,27,3,4,15,33.8515820633567,0,0.0
T01,1,31,3,4,15,33.8515820633567,0,0.0
T01,1,35,3,4,15,33.8515820633567,1,0.0005814737447241286
T01,1,0,3,8,13,16.0,0,0.0
T01,1,4,3,8,13,16.0,0,0.0
T01,1,8,3,8,13,16.0,0,0.0
T01,1,12,3,8,13,16.0,0,0.0
T01,1,16,3,8,13,16.0,0,0.0
T01,1,19,3,8,13,16.0,1,0.10377336283860683
T01,1,23,3,8,13,16.0,0,0.0
T01,1,27,3,8,13,16.0,0,0.0
T01,1,31,3,8,13,16.0,0,0.0
T01,1,35,3,8,13,16.0,1,6.34895612685836e-05
T01,1,0,4,1,14,29.958054121440263,0,0.0
T01,1,4,4,1,14,29.958054121440263,1,7.114517125487302e-05
T01,1,8,4,1,14,29.958054121440263,0,0.0
T01,1,12,4,1,14,29.958054121440263,1,5.794634074312525e-06
T01,1,16,4,1,14,29.958054121440263,0,0.0
T01,1,19,4,1,14,29.958054121440263,0,0.0
T01,1,23,4,1,14,29.958054121440263,0,0.0
T01,1,27,4,1,14,29.958054121440263,2,3.3449512890902124e-05
T01,1,31,4,1,14,29.958054121440263,1,3.6404640080645034e-05
T01,1,35,4,1,14,29.958054121440263,2,0.0002657353478211187
T01,1,0,4,20,13,16.0,0,0.0
T01,1,4,4,20,13,16.0,0,0.0
T01,1,8,4,20,13,16.0,0,0.0
T01,1,12,4,20,13,16.0,0,0.0
T01,1,16,4,20,13,16.0,1,0.001643057304551443
T01,1,19,4,20,13,16.0,0,0.0
T01,1,23,4,20,13,16.0,0,0.0
T01,1,27,4,20,13,16.0,0,0.0
T01,1,31,4,20,13,16.0,0,0.0
T01,1,35,4,20,13,16.0,0,0.0
T01,1,0,4,4,14,29.958054121440263,0,0.0
T01,1,4,4,4,14,29.958054121440263,0,0.0
T01,1,8,4,4,14,29.958054121440263,0,0.0
T01,1,12,4,4,14,29.958054121440263,0,0.0
T01,1,16,4,4,14,29.958054121440263,1,0.0047857444395315585
T01,1,19,4,4,14,29.958054121440263,0,0.0
T01,1,23,4,4,14,29.958054121440263,1,3.7369158000690426e-05
T01,1,27,4,4,14,29.958054121440263,0,0.0
T01,1,31,4,4,14,29.958054121440263,1,1.9814308765573815e-05
T01,1,35,4,4,14,29.958054121440263,1,0.0004433153005528913
T01,1,0,4,8,13,16.0,0,0.0
T01,1,4,4,8,13,16.0,0,0.0
T01,1,8,4,8,13,16.0,0,0.0
T01,1,12,4,8,13,16.0,0,0.0
T01,1,16,4,8,13,16.0,0,0.0
T01,1,19,4,8,13,16.0,0,0.0
T01,1,23,4,8,13,16.0,0,0.0
T01,1,27,4,8,13,16.0,1,4.2163997890972554e-05
T01,1,31,4,8,13,16.0,1,2.067556985309825e-05
T01,1,35,4,8,13,16.0,1,0.0003677177667578656
T01,1,0,5,1,13,12.737283094410529,0,0.0
T01,1,4,5,1,13,12.737283094410529,0,0.0
T01,1,8,5,1,13,12.737283094410529,0,0.0
T01,1,12,5,1,13,12.737283094410529,0,0.0
T01,1,16,5,1,13,12.737283094410529,1,1.2935201899688317e-05
T01,1,19,5,1,13,12.737283094410529,0,0.0
T01,1,23,5,1,13,12.737283094410529,0,0.0
T01,1,27,5,1,13,12.737283094410529,1,5.50759963946117e-05
T01,1,31,5,1,13,12.737283094410529,0,0.0
T01,1,35,5,1,13,12.737283094410529,0,0.0
T01,1,0,5,20,12,8.0,0,0.0
T01,1,4,5,20,12,8.0,0,0.0
T01,1,8,5,20,12,8.0,0,0.0
T01,1,12,5,20,12,8.0,0,0.0
T01,1,16,5,20,12,8.0,0,0.0
T01,1,19,5,20,12,8.0,1,0.005349547927447018
T01,1,23,5,20,12,8.0,0,0.0
T01,1,27,5,20,12,8.0,0,0.0
T01,1,31,5,20,12,8.0,0,0.0
T01,1,35,5,20,12,8.0,1,0.00028521432123406257
T01,1,0,5,4,13,12.737283094410529,0,0.0
T01,1,4,5,4,13,12.737283094410529,0,0.0
T01,1,8,5,4,13,12.737283094410529,0,0.0
T01,1,12,5,4,13,12.737283094410529,0,0.0
T01,1,16,5,4,13,12.737283094410529,0,0.0
T01,1,19,5,4,13,12.737283094410529,1,0.0025301506057390233
T01,1,23,5,4,13,12.737283094410529,0,0.0
T01,1,27,5,4,13,12.737283094410529,0,0.0
T01,1,31,5,4,13,12.737283094410529,0,0.0
T01,1,35,5,4,13,12.737283094410529,0,0.0
T01,1,0,5,8,13,12.737283094410529,0,0.0
T01,1,4,5,8,13,12.737283094410529,0,0.0
T01,1,8,5,8,13,12.737283094410529,0,0.0
T01,1,12,5,8,13,12.737283094410529,0,0.0
T01,1,16,5,8,13,12.737283094410529,1,0.028279606191903617
T01,1,19,5,8,13,12.737283094410529,1,0.012385254715977484
T01,1,23,5,8,13,12.737283094410529,1,0.0018897196798045302
T01,1,27,5,8,13,12.737283094410529,1,0.0018495015164953915
T01,1,31,5,8,13,12.737283094410529,0,0.0
T01,1,35,5,8,13,12.737283094410529,0,0.0
T01,2,0,0,1,11,3.40574227207191,0,0.0
T01,2,4,0,1,11,3.40574227207191,0,0.0
T01,2,8,0,1,11,3.40574227207191,0,0.0
T01,2,12,0,1,11,3.40574227207191,0,0.0
T01,2,16,0,1,11,3.40574227207191,0,0.0
T01,2,19,0,1,11,3.40574227207191,0,0.0
T01,2,23,0,1,11,3.40574227207191,0,0.0
T01,2,27,0,1,11,3.40574227207191,0,0.0
T01,2,31,0,1,11,3.40574227207191,0,0.0
T01,2,35,0,1,11,3.40574227207191,0,0.0
T01,2,0,0,20,11,3.40574227207191,0,0.0
T01,2,4,0,20,11,3.40574227207191,0,0.0
T01,2,8,0,20,11,3.40574227207191,0,0.0
T01,2,12,0,20,11,3.40574227207191,0,0.0
T01,2,16,0,20,11,3.40574227207191,0,0.0
T01,2,19,0,20,11,3.40574227207191,0,0.0
T01,2,23,0,20,11,3.40574227207191,1,0.004786673797784691
T01,2,27,0,20,11,3.40574227207191,0,0.0
T01,2,31,0,20,11,3.40574227207191,0,0.0
T01,2,35,0,20,11,3.40574227207191,0,0.0
T01,2,0,0,4,11,3.40574227207191,0,0.0
T01,2,4,0,4,11,3.40574227207191,0,0.0
T01,2,8,0,4,11,3.40574227207191,0,0.0
T01,2,12,0,4,11,3.40574227207191,0,0.0
T01,2,16,0,4,11,3.40574227207191,0,0.0
T01,2,19,0,4,11,3.40574227207191,0,0.0
T01,2,23,0,4,11,3.40574227207191,0,0.0
T01,2,27,0,4,11,3.40574227207191,0,0.0
T01,2,31,0,4,11,3.40574227207191,1,0.00014578904208204825
T01,2,35,0,4,11,3.40574227207191,0,0.0
T01,2,0,0,8,11,3.40574227207191,0,0.0
T01,2,4,0,8,11,3.40574227207191,0,0.0
T01,2,8,0,8,11,3.40574227207191,0,0.0
T01,2,12,0,8,11,3.40574227207191,0,0.0
T01,2,16,0,8,11,3.40574227207191,0,0.0
T01,2,19,0,8,11,3.40574227207191,0,0.0
T01,2,23,0,8,11,3.40574227207191,0,0.0
T01,2,27,0,8,11,3.40574227207191,0,0.0
T01,2,31,0,8,11,3.40574227207191,0,0.0
T01,2,35,0,8,11,3.40574227207191,0,0.0
T01,2,0,1,1,12,7.254794240904087,0,0.0
T01,2,4,1,1,12,7.254794240904087,0,0.0
T01,2,8,1,1,12,7.254794240904087,0,0.0
T01,2,12,1,1,12,7.254794240904087,0,0.0
T01,2,16,1,1,12,7.254794240904087,0,0.0
T01,2,19,1,1,12,7.254794240904087,0,0.0
T01,2,23,1,1,12,7.254794240904087,0,0.0
T01,2,27,1,1,12,7.254794240904087,0,0.0
T01,2,31,1,1,12,7.254794240904087,0,0.0
T01,2,35,1,1,12,7.254794240904087,0,0.0
T01,2,0,1,20,12,6.766550970161621,1,0.14700623673700303
T01,2,4,1,20,12,6.766550970161621,1,0.14344725342334055
T01,2,8,1,20,12,6.766550970161621,1,0.14252432406157106
T01,2,12,1,20,12,6.766550970161621,2,0.15538424169102513
T01,2,16,1,20,12,6.766550970161621,2,0.09503138262806285
T01,2,19,1,20,12,6.766550970161621,1,0.010780916746922053
T01,2,23,1,20,12,6.766550970161621,1,0.003993500822836435
T01,2,27,1,20,12,6.766550970161621,0,0.0
T01,2,31,1,20,12,6.766550970161621,0,0.0
T01,2,35,1,20,12,6.766550970161621,0,0.0
T01,2,0,1,4,12,7.142122716886595,0,0.0
T01,2,4,1,4,12,7.142122716886595,0,0.0
T01,2,8,1,4,12,7.142122716886595,0,0.0
T01,2,12,1,4,12,7.142122716886595,0,0.0
T01,2,16,1,4,12,7.142122716886595,2,0.01753029835247219
T01,2,19,1,4,12,7.142122716886595,2,0.013225109310011134
T01,2,23,1,4,12,7.142122716886595,1,0.0006025051509760265
T01,2,27,1,4,12,7.142122716886595,0,0.0
T01,2,31,1,4,12,7.142122716886595,1,3.097095817846188e-05
T01,2,35,1,4,12,7.142122716886595,1,0.00036623642308879906
T01,2,0,1,8,12,7.048229780205351,1,0.0384316345249342
T01,2,4,1,8,12,7.048229780205351,1,0.03503261431852667
T01,2,8,1,8,12,7.048229780205351,1,0.03177089936629052
T01,2,12,1,8,12,7.048229780205351,1,0.029083463476003546
T01,2,16,1,8,12,7.048229780205351,2,0.04851499340198599
T01,2,19,1,8,12,7.048229780205351,3,0.024522410781363045
T01,2,23,1,8,12,7.048229780205351,2,0.0038019151014041866
T01,2,27,1,8,12,7.048229780205351,0,0.0
T01,2,31,1,8,12,7.048229780205351,0,0.0
T01,2,35,1,8,12,7.048229780205351,1,0.00032838047328294373
T01,2,0,2,1,11,2.350659616001254,0,0.0
T01,2,4,2,1,11,2.350659616001254,0,0.0
T01,2,8,2,1,11,2.350659616001254,0,0.0
T01,2,12,2,1,11,2.350659616001254,0,0.0
T01,2,16,2,1,11,2.350659616001254,0,0.0
T01,2,19,2,1,11,2.350659616001254,0,0.0
T01,2,23,2,1,11,2.350659616001254,0,0.0
T01,2,27,2,1,11,2.350659616001254,0,0.0
T01,2,31,2,1,11,2.350659616001254,1,5.210044931122995e-05
T01,2,35,2,1,11,2.350659616001254,1,0.0001367932931994574
T01,2,0,2,20,11,2.33813389868686,0,0.0
T01,2,4,2,20,11,2.33813389868686,0,0.0
T01,2,8,2,20,11,2.33813389868686,0,0.0
T01,2,12,2,20,11,2.33813389868686,0,0.0
T01,2,16,2,20,11,2.33813389868686,0,0.0
T01,2,19,2,20,11,2.33813389868686,0,0.0
T01,2,23,2,20,11,2.33813389868686,1,0.0033540953392793837
T01,2,27,2,20,11,2.33813389868686,0,0.0
T01,2,31,2,20,11,2.33813389868686,0,0.0
T01,2,35,2,20,11,2.33813389868686,1,0.000292400355828934
T01,2,0,2,4,11,2.33813389868686,0,0.0
T01,2,4,2,4,11,2.33813389868686,0,0.0
T01,2,8,2,4,11,2.33813389868686,0,0.0
T01,2,12,2,4,11,2.33813389868686,0,0.0
T01,2,16,2,4,11,2.33813389868686,0,0.0
T01,2,19,2,4,11,2.33813389868686,0,0.0
T01,2,23,2,4,11,2.33813389868686,0,0.0
T01,2,27,2,4,11,2.33813389868686,0,0.0
T01,2,31,2,4,11,2.33813389868686,0,0.0
T01,2,35,2,4,11,2.33813389868686,1,0.0002614148946436315
T01,2,0,2,8,11,2.33813389868686,0,0.0
T01,2,4,2,8,11,2.33813389868686,0,0.0
T01,2,8,2,8,11,2.33813389868686,0,0.0
T01,2,12,2,8,11,2.33813389868686,0,0.0
T01,2,16,2,8,11,2.33813389868686,0,0.0
T01,2,19,2,8,11,2.33813389868686,0,0.0
T01,2,23,2,8,11,2.33813389868686,1,0.00195323756570967
T01,2,27,2,8,11,2.33813389868686,0,0.0
T01,2,31,2,8,11,2.33813389868686,0,0.0
T01,2,35,2,8,11,2.33813389868686,0,0.0
T01,2,0,3,1,15,33.8515820633567,0,0.0
T01,2,4,3,1,15,33.8515820633567,0,0.0
T01,2,8,3,1,15,33.8515820633567,0,0.0
T01,2,12,3,1,15,33.8515820633567,1,3.5463015873495995e-05
T01,2,16,3,1,15,33.8515820633567,0,0.0
T01,2,19,3,1,15,33.8515820633567,3,0.009982411682790848
T01,2,23,3,1,15,33.8515820633567,2,0.013909292093538986
T01,2,27,3,1,15,33.8515820633567,0,0.0
T01,2,31,3,1,15,33.8515820633567,0,0.0
T01,2,35,3,1,15,33.8515820633567,0,0.0
T01,2,0,3,20,12,8.0,0,0.0
T01,2,4,3,20,12,8.0,0,0.0
T01,2,8,3,20,12,8.0,0,0.0
T01,2,12,3,20,12,8.0,0,0.0
T01,2,16,3,20,12,8.0,0,0.0
T01,2,19,3,20,12,8.0,0,0.0
T01,2,23,3,20,12,8.0,2,0.014308819291054292
T01,2,27,3,20,12,8.0,0,0.0
T01,2,31,3,20,12,8.0,0,0.0
T01,2,35,3,20,12,8.0,0,0.0
T01,2,0,3,4,15,33.8515820633567,1,0.0001332840918207845
T01,2,4,3,4,15,33.8515820633567,0,0.0
T01,2,8,3,4,15,33.8515820633567,0,0.0
T01,2,12,3,4,15,33.8515820633567,1,0.0003003608205521813
T01,2,16,3,4,15,33.8515820633567,1,0.0019537706975940594
T01,2,19,3,4,15,33.8515820633567,3,0.09667395723920136
T01,2,23,3,4,15,33.8515820633567,2,0.01610985844579546
T01,2,27,3,4,15,33.8515820633567,0,0.0
T01,2,31,3,4,15,33.8515820633567,0,0.0
T01,2,35,3,4,15,33.8515820633567,1,0.0005094189094226494
T01,2,0,3,8,13,16.0,0,0.0
T01,2,4,3,8,13,16.0,0,0.0
T01,2,8,3,8,13,16.0,0,0.0
T01,2,12,3,8,13,16.0,0,0.0
T01,2,16,3,8,13,16.0,0,0.0
T01,2,19,3,8,13,16.0,1,0.042492972548430874
T01,2,23,3,8,13,16.0,2,0.01602716047148725
T01,2,27,3,8,13,16.0,0,0.0
T01,2,31,3,8,13,16.0,1,0.00010634808000869155
T01,2,35,3,8,13,16.0,0,0.0
T01,2,0,4,1,14,29.958054121440263,0,0.0
T01,2,4,4,1,14,29.958054121440263,0,0.0
T01,2,8,4,1,14,29.958054121440263,0,0.0
T01,2,12,4,1,14,29.958054121440263,0,0.0
T01,2,16,4,1,14,29.958054121440263,1,3.122225837497335e-05
T01,2,19,4,1,14,29.958054121440263,0,0.0
T01,2,23,4,1,14,29.958054121440263,0,0.0
T01,2,27,4,1,14,29.958054121440263,0,0.0
T01,2,31,4,1,14,29.958054121440263,0,0.0
T01,2,35,4,1,14,29.958054121440263,1,7.482526331478029e-05
T01,2,0,4,20,13,16.0,0,0.0
T01,2,4,4,20,13,16.0,0,0.0
T01,2,8,4,20,13,16.0,0,0.0
T01,2,12,4,20,13,16.0,0,0.0
T01,2,16,4,20,13,16.0,0,0.0
T01,2,19,4,20,13,16.0,0,0.0
T01,2,23,4,20,13,16.0,0,0.0
T01,2,27,4,20,13,16.0,0,0.0
T01,2,31,4,20,13,16.0,0,0.0
T01,2,35,4,20,13,16.0,1,0.00031938441976792076
T01,2,0,4,4,14,29.958054121440263,1,3.198231498960499e-05
T01,2,4,4,4,14,29.958054121440263,0,0.0
T01,2,8,4,4,14,29.958054121440263,0,0.0
T01,2,12,4,4,14,29.958054121440263,0,0.0
T01,2,16,4,4,14,29.958054121440263,1,3.1056909122236485e-05
T01,2,19,4,4,14,29.958054121440263,0,0.0
T01,2,23,4,4,14,29.958054121440263,1,3.819379807465384e-06
T01,2,27,4,4,14,29.958054121440263,0,0.0
T01,2,31,4,4,14,29.958054121440263,0,0.0
T01,2,35,4,4,14,29.958054121440263,1,0.0002000131449621835
T01,2,0,4,8,13,16.0,0,0.0
T01,2,4,4,8,13,16.0,0,0.0
T01,2,8,4,8,13,16.0,0,0.0
T01,2,12,4,8,13,16.0,0,0.0
T01,2,16,4,8,13,16.0,0,0.0
T01,2,19,4,8,13,16.0,0,0.0
T01,2,23,4,8,13,16.0,0,0.0
T01,2,27,4,8,13,16.0,0,0.0
T01,2,31,4,8,13,16.0,0,0.0
T01,2,35,4,8,13,16.0,2,0.0003548653685129903
T01,2,0,5,1,13,12.737283094410529,0,0.0
T01,2,4,5,1,13,12.737283094410529,1,2.572612949602003e-05
T01,2,8,5,1,13,12.737283094410529,0,0.0
T01,2,12,5,1,13,12.737283094410529,0,0.0
T01,2,16,5,1,13,12.737283094410529,1,1.9397356578437774e-05
T01,2,19,5,1,13,12.737283094410529,0,0.0
T01,2,23,5,1,13,12.737283094410529,1,3.825727151997218e-05
T01,2,27,5,1,13,12.737283094410529,0,0.0
T01,2,31,5,1,13,12.737283094410529,2,1.5259534614760553e-05
T01,2,35,5,1,13,12.737283094410529,0,0.0
T01,2,0,5,20,13,12.737283094410529,0,0.0
T01,2,4,5,20,13,12.737283094410529,0,0.0
T01,2,8,5,20,13,12.737283094410529,0,0.0
T01,2,12,5,20,13,12.737283094410529,0,0.0
T01,2,16,5,20,13,12.737283094410529,0,0.0
T01,2,19,5,20,13,12.737283094410529,2,0.030601845421810492
T01,2,23,5,20,13,12.737283094410529,1,0.019824391039265823
T01,2,27,5,20,13,12.737283094410529,1,0.005582585260312745
T01,2,31,5,20,13,12.737283094410529,0,0.0
T01,2,35,5,20,13,12.737283094410529,0,0.0
T01,2,0,5,4,13,12.737283094410529,0,0.0
T01,2,4,5,4,13,12.737283094410529,1,1.0444580320417667e-05
T01,2,8,5,4,13,12.737283094410529,0,0.0
T01,2,12,5,4,13,12.737283094410529,0,0.0
T01,2,16,5,4,13,12.737283094410529,0,0.0
T01,2,19,5,4,13,12.737283094410529,0,0.0
T01,2,23,5,4,13,12.737283094410529,0,0.0
T01,2,27,5,4,13,12.737283094410529,0,0.0
T01,2,31,5,4,13,12.737283094410529,0,0.0
T01,2,35,5,4,13,12.737283094410529,1,3.5119670049814367e-05
T01,2,0,5,8,13,12.737283094410529,0,0.0
T01,2,4,5,8,13,12.737283094410529,0,0.0
T01,2,8,5,8,13,12.737283094410529,0,0.0
T01,2,12,5,8,13,12.737283094410529,0,0.0
T01,2,16,5,8,13,12.737283094410529,0,0.0
T01,2,19,5,8,13,12.737283094410529,0,0.0
T01,2,23,5,8,13,12.737283094410529,1,0.0028870475560283104
T01,2,27,5,8,13,12.737283094410529,1,0.0031559841476164613
T01,2,31,5,8,13,12.737283094410529,0,0.0
T01,2,35,5,8,13,12.737283094410529,0,0.0
T02,0,0,0,1,11,2.9662798989432173,0,0.0
T02,0,4,0,1,11,2.9662798989432173,1,2.894368176895902e-06
T02,0,8,0,1,11,2.9662798989432173,0,0.0
T02,0,12,0,1,11,2.9662798989432173,0,0.0
T02,0,16,0,1,11,2.9662798989432173,0,0.0
T02,0,19,0,1,11,2.9662798989432173,0,0.0
T02,0,23,0,1,11,2.9662798989432173,0,0.0
T02,0,27,0,1,11,2.9662798989432173,0,0.0
T02,0,31,0,1,11,2.9662798989432173,1,2.88827863757779e-07
T02,0,35,0,1,11,2.9662798989432173,1,0.00010566711316621624
T02,0,0,0,20,11,2.9662798989432173,0,0.0
T02,0,4,0,20,11,2.9662798989432173,0,0.0
T02,0,8,0,20,11,2.9662798989432173,0,0.0
T02,0,12,0,20,11,2.9662798989432173,0,0.0
T02,0,16,0,20,11,2.9662798989432173,0,0.0
T02,0,19,0,20,11,2.9662798989432173,0,0.0
T02,0,23,0,20,11,2.9662798989432173,0,0.0
T02,0,27,0,20,11,2.9662798989432173,0,0.0
T02,0,31,0,20,11,2.9662798989432173,0,0.0
T02,0,35,0,20,11,2.9662798989432173,0,0.0
T02,0,0,0,4,11,2.9662798989432173,0,0.0
T02,0,4,0,4,11,2.9662798989432173,0,0.0
T02,0,8,0,4,11,2.9662798989432173,0,0.0
T02,0,12,0,4,11,2.9662798989432173,0,0.0
T02,0,16,0,4,11,2.9662798989432173,0,0.0
T02,0,19,0,4,11,2.9662798989432173,0,0.0
T02,0,23,0,4,11,2.9662798989432173,0,0.0
T02,0,27,0,4,11,2.9662798989432173,0,0.0
T02,0,31,0,4,11,2.9662798989432173,0,0.0
T02,0,35,0,4,11,2.9662798989432173,0,0.0
T02,0,0,0,8,11,2.9662798989432173,0,0.0
T02,0,4,0,8,11,2.9662798989432173,0,0.0
T02,0,8,0,8,11,2.9662798989432173,0,0.0
T02,0,12,0,8,11,2.9662798989432173,0,0.0
T02,0,16,0,8,11,2.9662798989432173,0,0.0
T02,0,19,0,8,11,2.9662798989432173,0,0.0
T02,0,23,0,8,11,2.9662798989432173,0,0.0
T02,0,27,0,8,11,2.9662798989432173,0,0.0
T02,0,31,0,8,11,2.9662798989432173,1,6.134888946678074e-07
T02,0,35,0,8,11,2.9662798989432173,0,0.0
T02,0,0,1,1,12,4.014063794761155,0,0.0
T02,0,4,1,1,12,4.014063794761155,0,0.0
T02,0,8,1,1,12,4.014063794761155,0,0.0
T02,0,12,1,1,12,4.014063794761155,0,0.0
T02,0,16,1,1,12,4.014063794761155,0,0.0
T02,0,19,1,1,12,4.014063794761155,0,0.0
T02,0,23,1,1,12,4.014063794761155,1,0.00016753296370986687
T02,0,27,1,1,12,4.014063794761155,1,0.0001191233500858549
T02,0,31,1,1,12,4.014063794761155,1,8.157776122579355e-06
T02,0,35,1,1,12,4.014063794761155,2,5.595767808071542e-05
T02,0,0,1,20,11,3.932213725879024,0,0.0
T02,0,4,1,20,11,3.932213725879024,0,0.0
T02,0,8,1,20,11,3.932213725879024,0,0.0
T02,0,12,1,20,11,3.932213725879024,0,0.0
T02,0,16,1,20,11,3.932213725879024,0,0.0
T02,0,19,1,20,11,3.932213725879024,1,0.02887980957377126
T02,0,23,1,20,11,3.932213725879024,0,0.0
T02,0,27,1,20,11,3.932213725879024,0,0.0
T02,0,31,1,20,11,3.932213725879024,0,0.0
T02,0,35,1,20,11,3.932213725879024,1,0.0001222988059711161
T02,0,0,1,4,11,3.983370018930356,0,0.0
T02,0,4,1,4,11,3.983370018930356,0,0.0
T02,0,8,1,4,11,3.983370018930356,0,0.0
T02,0,12,1,4,11,3.983370018930356,0,0.0
T02,0,16,1,4,11,3.983370018930356,1,0.00026215492770814697
T02,0,19,1,4,11,3.983370018930356,0,0.0
T02,0,23,1,4,11,3.983370018930356,1,0.0024206267130161274
T02,0,27,1,4,11,3.983370018930356,0,0.0
T02,0,31,1,4,11,3.983370018930356,1,7.5570919564234285e-06
T02,0,35,1,4,11,3.983370018930356,1,8.22359925246631e-05
T02,0,0,1,8,11,3.932213725879024,1,0.026272686926540334
T02,0,4,1,8,11,3.932213725879024,1,0.027929457614855602
T02,0,8,1,8,11,3.932213725879024,1,0.02047008110106996
T02,0,12,1,8,11,3.932213725879024,1,0.04209707513501454
T02,0,16,1,8,11,3.932213725879024,1,0.10030131063536765
T02,0,19,1,8,11,3.932213725879024,1,0.010736936195409774
T02,0,23,1,8,11,3.932213725879024,2,0.009552074026659266
T02,0,27,1,8,11,3.932213725879024,0,0.0
T02,0,31,1,8,11,3.932213725879024,0,0.0
T02,0,35,1,8,11,3.932213725879024,1,0.0001225730304707448
T02,0,0,2,1,11,2.410426310749133,0,0.0
T02,0,4,2,1,11,2.410426310749133,0,0.0
T02,0,8,2,1,11,2.410426310749133,0,0.0
T02,0,12,2,1,11,2.410426310749133,0,0.0
T02,0,16,2,1,11,2.410426310749133,0,0.0
T02,0,19,2,1,11,2.410426310749133,0,0.0
T02,0,23,2,1,11,2.410426310749133,1,0.006150165978125094
T02,0,27,2,1,11,2.410426310749133,0,0.0
T02,0,31,2,1,11,2.410426310749133,0,0.0
T02,0,35,2,1,11,2.410426310749133,0,0.0
T02,0,0,2,20,10,2.0,0,0.0
T02,0,4,2,20,10,2.0,0,0.0
T02,0,8,2,20,10,2.0,0,0.0
T02,0,12,2,20,10,2.0,0,0.0
T02,0,16,2,20,10,2.0,0,0.0
T02,0,19,2,20,10,2.0,0,0.0
T02,0,23,2,20,10,2.0,0,0.0
T02,0,27,2,20,10,2.0,0,0.0
T02,0,31,2,20,10,2.0,0,0.0
T02,0,35,2,20,10,2.0,0,0.0
T02,0,0,2,4,11,2.410426310749133,0,0.0
T02,0,4,2,4,11,2.410426310749133,0,0.0
T02,0,8,2,4,11,2.410426310749133,0,0.0
T02,0,12,2,4,11,2.410426310749133,0,0.0
T02,0,16,2,4,11,2.410426310749133,0,0.0
T02,0,19,2,4,11,2.410426310749133,0,0.0
T02,0,23,2,4,11,2.410426310749133,0,0.0
T02,0,27,2,4,11,2.410426310749133,0,0.0
T02,0,31,2,4,11,2.410426310749133,0,0.0
T02,0,35,2,4,11,2.410426310749133,0,0.0
T02,0,0,2,8,11,2.410426310749133,0,0.0
T02,0,4,2,8,11,2.410426310749133,0,0.0
T02,0,8,2,8,11,2.410426310749133,0,0.0
T02,0,12,2,8,11,2.410426310749133,0,0.0
T02,0,16,2,8,11,2.410426310749133,0,0.0
T02,0,19,2,8,11,2.410426310749133,0,0.0
T02,0,23,2,8,11,2.410426310749133,1,0.0003924857832572626
T02,0,27,2,8,11,2.410426310749133,0,0.0
T02,0,31,2,8,11,2.410426310749133,0,0.0
T02,0,35,2,8,11,2.410426310749133,1,0.00014764753265038635
T02,0,0,3,1,15,43.0004952504187,0,0.0
T02,0,4,3,1,15,43.0004952504187,0,0.0
T02,0,8,3,1,15,43.0004952504187,0,0.0
T02,0,12,3,1,15,43.0004952504187,0,0.0
T02,0,16,3,1,15,43.0004952504187,0,0.0
T02,0,19,3,1,15,43.0004952504187,0,0.0
T02,0,23,3,1,15,43.0004952504187,2,0.013027126502714342
T02,0,27,3,1,15,43.0004952504187,0,0.0
T02,0,31,3,1,15,43.0004952504187,1,4.262294907113329e-05
T02,0,35,3,1,15,43.0004952504187,2,0.00036421405805581175
T02,0,0,3,20,12,8.0,0,0.0
T02,0,4,3,20,12,8.0,0,0.0
T02,0,8,3,20,12,8.0,0,0.0
T02,0,12,3,20,12,8.0,0,0.0
T02,0,16,3,20,12,8.0,0,0.0
T02,0,19,3,20,12,8.0,1,0.00639929880304807
T02,0,23,3,20,12,8.0,0,0.0
T02,0,27,3,20,12,8.0,0,0.0
T02,0,31,3,20,12,8.0,1,1.2154279965937917e-05
T02,0,35,3,20,12,8.0,1,0.0007003037014337542
T02,0,0,3,4,14,32.0,0,0.0
T02,0,4,3,4,14,32.0,0,0.0
T02,0,8,3,4,14,32.0,0,0.0
T02,0,12,3,4,14,32.0,0,0.0
T02,0,16,3,4,14,32.0,0,0.0
T02,0,19,3,4,14,32.0,1,0.06563327848152944
T02,0,23,3,4,14,32.0,1,0.011433874776225095
T02,0,27,3,4,14,32.0,0,0.0
T02,0,31,3,4,14,32.0,1,7.639108878219197e-06
T02,0,35,3,4,14,32.0,1,3.1917866122988664e-05
T02,0,0,3,8,13,16.0,0,0.0
T02,0,4,3,8,13,16.0,0,0.0
T02,0,8,3,8,13,16.0,0,0.0
T02,0,12,3,8,13,16.0,0,0.0
T02,0,16,3,8,13,16.0,0,0.0
T02,0,19,3,8,13,16.0,1,0.016415849872449095
T02,0,23,3,8,13,16.0,0,0.0
T02,0,27,3,8,13,16.0,0,0.0
T02,0,31,3,8,13,16.0,0,0.0
T02,0,35,3,8,13,16.0,0,0.0
T02,0,0,4,1,14,23.19155485732894,0,0.0
T02,0,4,4,1,14,23.19155485732894,0,0.0
T02,0,8,4,1,14,23.19155485732894,1,8.21963903577163e-06
T02,0,12,4,1,14,23.19155485732894,1,5.029612946128893e-06
T02,0,16,4,1,14,23.19155485732894,0,0.0
T02,0,19,4,1,14,23.19155485732894,0,0.0
T02,0,23,4,1,14,23.19155485732894,0,0.0
T02,0,27,4,1,14,23.19155485732894,1,3.420336044945155e-05
T02,0,31,4,1,14,23.19155485732894,0,0.0
T02,0,35,4,1,14,23.19155485732894,2,0.00015111443055461707
T02,0,0,4,20,12,8.0,0,0.0
T02,0,4,4,20,12,8.0,0,0.0
T02,0,8,4,20,12,8.0,0,0.0
T02,0,12,4,20,12,8.0,0,0.0
T02,0,16,4,20,12,8.0,0,0.0
T02,0,19,4,20,12,8.0,0,0.0
T02,0,23,4,20,12,8.0,0,0.0
T02,0,27,4,20,12,8.0,0,0.0
T02,0,31,4,20,12,8.0,0,0.0
T02,0,35,4,20,12,8.0,1,0.0001387220077810336
T02,0,0,4,4,14,23.19155485732894,0,0.0
T02,0,4,4,4,14,23.19155485732894,0,0.0
T02,0,8,4,4,14,23.19155485732894,0,0.0
T02,0,12,4,4,14,23.19155485732894,0,0.0
T02,0,16,4,4,14,23.19155485732894,0,0.0
T02,0,19,4,4,14,23.19155485732894,0,0.0
T02,0,23,4,4,14,23.19155485732894,1,4.8616172709099216e-05
T02,0,27,4,4,14,23.19155485732894,0,0.0
T02,0,31,4,4,14,23.19155485732894,2,7.344606945270359e-05
T02,0,35,4,4,14,23.19155485732894,1,5.327755006365176e-05
T02,0,0,4,8,13,16.0,0,0.0
T02,0,4,4,8,13,16.0,0,0.0
T02,0,8,4,8,13,16.0,1,1.177988727875997e-05
T02,0,12,4,8,13,16.0,0,0.0
T02,0,16,4,8,13,16.0,0,0.0
T02,0,19,4,8,13,16.0,0,0.0
T02,0,23,4,8,13,16.0,0,0.0
T02,0,27,4,8,13,16.0,0,0.0
T02,0,31,4,8,13,16.0,0,0.0
T02,0,35,4,8,13,16.0,0,0.0
T02,0,0,5,1,14,20.991982893283115,0,0.0
T02,0,4,5,1,14,20.991982893283115,2,3.917388037272479e-05
T02,0,8,5,1,14,20.991982893283115,0,0.0
T02,0,12,5,1,14,20.991982893283115,0,0.0
T02,0,16,5,1,14,20.991982893283115,1,3.3118894962076185e-05
T02,0,19,5,1,14,20.991982893283115,2,3.896418917844879e-05
T02,0,23,5,1,14,20.991982893283115,1,2.628508063734058e-05
T02,0,27,5,1,14,20.991982893283115,1,4.779451926271126e-05
T02,0,31,5,1,14,20.991982893283115,2,2.1435866224637362e-05
T02,0,35,5,1,14,20.991982893283115,1,0.00012138594447087467
T02,0,0,5,20,12,8.0,0,0.0
T02,0,4,5,20,12,8.0,0,0.0
T02,0,8,5,20,12,8.0,0,0.0
T02,0,12,5,20,12,8.0,0,0.0
T02,0,16,5,20,12,8.0,0,0.0
T02,0,19,5,20,12,8.0,0,0.0
T02,0,23,5,20,12,8.0,1,7.879889617453187e-06
T02,0,27,5,20,12,8.0,0,0.0
T02,0,31,5,20,12,8.0,0,0.0
T02,0,35,5,20,12,8.0,1,3.3715690920730484e-05
T02,0,0,5,4,14,20.991982893283115,0,0.0
T02,0,4,5,4,14,20.991982893283115,0,0.0
T02,0,8,5,4,14,20.991982893283115,0,0.0
T02,0,12,5,4,14,20.991982893283115,1,5.7158372190095445e-05
T02,0,16,5,4,14,20.991982893283115,0,0.0
T02,0,19,5,4,14,20.991982893283115,0,0.0
T02,0,23,5,4,14,20.991982893283115,0,0.0
T02,0,27,5,4,14,20.991982893283115,1,4.082501229963568e-05
T02,0,31,5,4,14,20.991982893283115,1,4.844873904158442e-05
T02,0,35,5,4,14,20.991982893283115,1,0.00022356766154279367
T02,0,0,5,8,14,20.991982893283115,0,0.0
T02,0,4,5,8,14,20.991982893283115,0,0.0
T02,0,8,5,8,14,20.991982893283115,0,0.0
T02,0,12,5,8,14,20.991982893283115,0,0.0
T02,0,16,5,8,14,20.991982893283115,0,0.0
T02,0,19,5,8,14,20.991982893283115,1,4.894628630221047e-05
T02,0,23,5,8,14,20.991982893283115,2,0.0023234460197808504
T02,0,27,5,8,14,20.991982893283115,1,0.0010868191756503442
T02,0,31,5,8,14,20.991982893283115,0,0.0
T02,0,35,5,8,14,20.991982893283115,1,2.4631389081153365e-07
T02,1,0,0,1,11,2.9662798989432173,0,0.0
T02,1,4,0,1,11,2.9662798989432173,0,0.0
T02,1,8,0,1,11,2.9662798989432173,0,0.0
T02,1,12,0,1,11,2.9662798989432173,0,0.0
T02,1,16,0,1,11,2.9662798989432173,0,0.0
T02,1,19,0,1,11,2.9662798989432173,0,0.0
T02,1,23,0,1,11,2.9662798989432173,0,0.0
T02,1,27,0,1,11,2.9662798989432173,0,0.0
T02,1,31,0,1,11,2.9662798989432173,1,0.00013463501946912523
T02,1,35,0,1,11,2.9662798989432173,0,0.0
T02,1,0,0,20,11,2.9662798989432173,0,0.0
T02,1,4,0,20,11,2.9662798989432173,0,0.0
T02,1,8,0,20,11,2.9662798989432173,0,0.0
T02,1,12,0,20,11,2.9662798989432173,0,0.0
T02,1,16,0,20,11,2.9662798989432173,0,0.0
T02,1,19,0,20,11,2.9662798989432173,0,0.0
T02,1,23,0,20,11,2.9662798989432173,1,0.007706673364914485
T02,1,27,0,20,11,2.9662798989432173,0,0.0
T02,1,31,0,20,11,2.9662798989432173,0,0.0
T02,1,35,0,20,11,2.9662798989432173,0,0.0
T02,1,0,0,4,11,2.9662798989432173,0,0.0
T02,1,4,0,4,11,2.9662798989432173,0,0.0
T02,1,8,0,4,11,2.9662798989432173,0,0.0
T02,1,12,0,4,11,2.9662798989432173,0,0.0
T02,1,16,0,4,11,2.9662798989432173,0,0.0
T02,1,19,0,4,11,2.9662798989432173,0,0.0
T02,1,23,0,4,11,2.9662798989432173,0,0.0
T02,1,27,0,4,11,2.9662798989432173,0,0.0
T02,1,31,0,4,11,2.9662798989432173,0,0.0
T02,1,35,0,4,11,2.9662798989432173,0,0.0
T02,1,0,0,8,11,2.9662798989432173,0,0.0
T02,1,4,0,8,11,2.9662798989432173,0,0.0
T02,1,8,0,8,11,2.9662798989432173,0,0.0
T02,1,12,0,8,11,2.9662798989432173,0,0.0
T02,1,16,0,8,11,2.9662798989432173,0,0.0
T02,1,19,0,8,11,2.9662798989432173,0,0.0
T02,1,23,0,8,11,2.9662798989432173,0,0.0
T02,1,27,0,8,11,2.9662798989432173,0,0.0
T02,1,31,0,8,11,2.9662798989432173,0,0.0
T02,1,35,0,8,11,2.9662798989432173,0,0.0
T02,1,0,1,1,12,4.014063794761155,0,0.0
T02,1,4,1,1,12,4.014063794761155,0,0.0
T02,1,8,1,1,12,4.014063794761155,0,0.0
T02,1,12,1,1,12,4.014063794761155,0,0.0
T02,1,16,1,1,12,4.014063794761155,0,0.0
T02,1,19,1,1,12,4.014063794761155,0,0.0
T02,1,23,1,1,12,4.014063794761155,1,1.4169847177059047e-05
T02,1,27,1,1,12,4.014063794761155,0,0.0
T02,1,31,1,1,12,4.014063794761155,1,4.4061293061377e-05
T02,1,35,1,1,12,4.014063794761155,1,0.00016730703200033836
T02,1,0,1,20,11,3.932213725879024,0,0.0
T02,1,4,1,20,11,3.932213725879024,0,0.0
T02,1,8,1,20,11,3.932213725879024,1,0.0005415101920837606
T02,1,12,1,20,11,3.932213725879024,1,0.028943037012123196
T02,1,16,1,20,11,3.932213725879024,1,0.058066192011929973
T02,1,19,1,20,11,3.932213725879024,0,0.0
T02,1,23,1,20,11,3.932213725879024,1,0.005978561504107069
T02,1,27,1,20,11,3.932213725879024,0,0.0
T02,1,31,1,20,11,3.932213725879024,1,9.6830218656958e-05
T02,1,35,1,20,11,3.932213725879024,0,0.0
T02,1,0,1,4,11,3.983370018930356,0,0.0
T02,1,4,1,4,11,3.983370018930356,0,0.0
T02,1,8,1,4,11,3.983370018930356,0,0.0
T02,1,12,1,4,11,3.983370018930356,0,0.0
T02,1,16,1,4,11,3.983370018930356,1,0.015621770142111302
T02,1,19,1,4,11,3.983370018930356,0,0.0
T02,1,23,1,4,11,3.983370018930356,0,0.0
T02,1,27,1,4,11,3.983370018930356,0,0.0
T02,1,31,1,4,11,3.983370018930356,1,5.426921575440655e-05
T02,1,35,1,4,11,3.983370018930356,0,0.0
T02,1,0,1,8,11,3.932213725879024,1,0.11788776100344348
T02,1,4,1,8,11,3.932213725879024,1,0.13961803644366702
T02,1,8,1,8,11,3.932213725879024,1,0.16078134787785403
T02,1,12,1,8,11,3.932213725879024,1,0.11520940386275721
T02,1,16,1,8,11,3.932213725879024,1,0.10670043112745276
T02,1,19,1,8,11,3.932213725879024,1,0.02035677469992947
T02,1,23,1,8,11,3.932213725879024,1,0.0019321029847057178
T02,1,27,1,8,11,3.932213725879024,0,0.0
T02,1,31,1,8,11,3.932213725879024,0,0.0
T02,1,35,1,8,11,3.932213725879024,0,0.0
T02,1,0,2,1,11,2.410426310749133,0,0.0
T02,1,4,2,1,11,2.410426310749133,0,0.0
T02,1,8,2,1,11,2.410426310749133,0,0.0
T02,1,12,2,1,11,2.410426310749133,0,0.0
T02,1,16,2,1,11,2.410426310749133,0,0.0
T02,1,19,2,1,11,2.410426310749133,0,0.0
T02,1,23,2,1,11,2.410426310749133,2,0.009907346555632843
T02,1,27,2,1,11,2.410426310749133,0,0.0
T02,1,31,2,1,11,2.410426310749133,0,0.0
T02,1,35,2,1,11,2.410426310749133,0,0.0
T02,1,0,2,20,10,2.0,0,0.0
T02,1,4,2,20,10,2.0,0,0.0
T02,1,8,2,20,10,2.0,0,0.0
T02,1,12,2,20,10,2.0,0,0.0
T02,1,16,2,20,10,2.0,0,0.0
T02,1,19,2,20,10,2.0,0,0.0
T02,1,23,2,20,10,2.0,0,0.0
T02,1,27,2,20,10,2.0,0,0.0
T02,1,31,2,20,10,2.0,0,0.0
T02,1,35,2,20,10,2.0,0,0.0
T02,1,0,2,4,11,2.410426310749133,0,0.0
T02,1,4,2,4,11,2.410426310749133,0,0.0
T02,1,8,2,4,11,2.410426310749133,0,0.0
T02,1,12,2,4,11,2.410426310749133,0,0.0
T02,1,16,2,4,11,2.410426310749133,0,0.0
T02,1,19,2,4,11,2.410426310749133,0,0.0
T02,1,23,2,4,11,2.410426310749133,0,0.0
T02,1,27,2,4,11,2.410426310749133,0,0.0
T02,1,31,2,4,11,2.410426310749133,0,0.0
T02,1,35,2,4,11,2.410426310749133,0,0.0
T02,1,0,2,8,11,2.410426310749133,0,0.0
T02,1,4,2,8,11,2.410426310749133,0,0.0
T02,1,8,2,8,11,2.410426310749133,0,0.0
T02,1,12,2,8,11,2.410426310749133,0,0.0
T02,1,16,2,8,11,2.410426310749133,0,0.0
T02,1,19,2,8,11,2.410426310749133,0,0.0
T02,1,23,2,8,11,2.410426310749133,1,0.0008476795452572738
T02,1,27,2,8,11,2.410426310749133,0,0.0
T02,1,31,2,8,11,2.410426310749133,0,0.0
T02,1,35,2,8,11,2.410426310749133,1,0.0002806371692382001
T02,1,0,3,1,15,43.0004952504187,0,0.0
T02,1,4,3,1,15,43.0004952504187,0,0.0
T02,1,8,3,1,15,43.0004952504187,0,0.0
T02,1,12,3,1,15,43.0004952504187,0,0.0
T02,1,16,3,1,15,43.0004952504187,0,0.0
T02,1,19,3,1,15,43.0004952504187,1,0.002047026942076313
T02,1,23,3,1,15,43.0004952504187,2,0.0137992011409806
T02,1,27,3,1,15,43.0004952504187,0,0.0
T02,1,31,3,1,15,43.0004952504187,2,2.8771795716546825e-05
T02,1,35,3,1,15,43.0004952504187,2,0.00022560027316217632
T02,1,0,3,20,12,8.0,0,0.0
T02,1,4,3,20,12,8.0,0,0.0
T02,1,8,3,20,12,8.0,0,0.0
T02,1,12,3,20,12,8.0,0,0.0
T02,1,16,3,20,12,8.0,0,0.0
T02,1,19,3,20,12,8.0,0,0.0
T02,1,23,3,20,12,8.0,0,0.0
T02,1,27,3,20,12,8.0,0,0.0
T02,1,31,3,20,12,8.0,0,0.0
T02,1,35,3,20,12,8.0,1,0.0005774800530907107
T02,1,0,3,4,14,32.0,0,0.0
T02,1,4,3,4,14,32.0,0,0.0
T02,1,8,3,4,14,32.0,0,0.0
T02,1,12,3,4,14,32.0,0,0.0
T02,1,16,3,4,14,32.0,0,0.0
T02,1,19,3,4,14,32.0,1,0.06163418627217809
T02,1,23,3,4,14,32.0,2,0.005916840937236115
T02,1,27,3,4,14,32.0,0,0.0
T02,1,31,3,4,14,32.0,2,7.217897098305871e-05
T02,1,35,3,4,14,32.0,1,5.145795214307053e-05
T02,1,0,3,8,13,16.0,0,0.0
T02,1,4,3,8,13,16.0,0,0.0
T02,1,8,3,8,13,16.0,0,0.0
T02,1,12,3,8,13,16.0,0,0.0
T02,1,16,3,8,13,16.0,0,0.0
T02,1,19,3,8,13,16.0,1,0.026574283693214906
T02,1,23,3,8,13,16.0,0,0.0
T02,1,27,3,8,13,16.0,0,0.0
T02,1,31,3,8,13,16.0,1,1.939322334026071e-05
T02,1,35,3,8,13,16.0,1,1.7765271117495957e-05
T02,1,0,4,1,14,23.19155485732894,1,0.00010725321316136429
T02,1,4,4,1,14,23.19155485732894,0,0.0
T02,1,8,4,1,14,23.19155485732894,1,0.00016085411932577863
T02,1,12,4,1,14,23.19155485732894,0,0.0
T02,1,16,4,1,14,23.19155485732894,0,0.0
T02,1,19,4,1,14,23.19155485732894,0,0.0
T02,1,23,4,1,14,23.19155485732894,0,0.0
T02,1,27,4,1,14,23.19155485732894,0,0.0
T02,1,31,4,1,14,23.19155485732894,0,0.0
T02,1,35,4,1,14,23.19155485732894,1,5.1835285667760356e-06
T02,1,0,4,20,12,8.0,0,0.0
T02,1,4,4,20,12,8.0,0,0.0
T02,1,8,4,20,12,8.0,0,0.0
T02,1,12,4,20,12,8.0,0,0.0
T02,1,16,4,20,12,8.0,0,0.0
T02,1,19,4,20,12,8.0,1,0.002486532917978901
T02,1,23,4,20,12,8.0,0,0.0
T02,1,27,4,20,12,8.0,0,0.0
T02,1,31,4,20,12,8.0,0,0.0
T02,1,35,4,20,12,8.0,0,0.0
T02,1,0,4,4,14,23.19155485732894,0,0.0
T02,1,4,4,4,14,23.19155485732894,0,0.0
T02,1,8,4,4,14,23.19155485732894,0,0.0
T02,1,12,4,4,14,23.19155485732894,0,0.0
T02,1,16,4,4,14,23.19155485732894,1,0.005719057548591533
T02,1,19,4,4,14,23.19155485732894,0,0.0
T02,1,23,4,4,14,23.19155485732894,0,0.0
T02,1,27,4,4,14,23.19155485732894,0,0.0
T02,1,31,4,4,14,23.19155485732894,1,0.00010779815535540832
T02,1,35,4,4,14,23.19155485732894,1,9.987064777383647e-05
T02,1,0,4,8,13,16.0,0,0.0
T02,1,4,4,8,13,16.0,0,0.0
T02,1,8,4,8,13,16.0,0,0.0
T02,1,12,4,8,13,16.0,0,0.0
T02,1,16,4,8,13,16.0,0,0.0
T02,1,19,4,8,13,16.0,0,0.0
T02,1,23,4,8,13,16.0,0,0.0
T02,1,27,4,8,13,16.0,1,1.7350030725385088e-05
T02,1,31,4,8,13,16.0,1,6.522388178822197e-05
T02,1,35,4,8,13,16.0,0,0.0
T02,1,0,5,1,14,20.991982893283115,1,2.970774816465297e-05
T02,1,4,5,1,14,20.991982893283115,0,0.0
T02,1,8,5,1,14,20.991982893283115,0,0.0
T02,1,12,5,1,14,20.991982893283115,0,0.0
T02,1,16,5,1,14,20.991982893283115,0,0.0
T02,1,19,5,1,14,20.991982893283115,2,6.803267193499808e-05
T02,1,23,5,1,14,20.991982893283115,0,0.0
T02,1,27,5,1,14,20.991982893283115,1,2.8938672882014918e-05
T02,1,31,5,1,14,20.991982893283115,1,0.0001407728010354159
T02,1,35,5,1,14,20.991982893283115,0,0.0
T02,1,0,5,20,12,8.0,0,0.0
T02,1,4,5,20,12,8.0,0,0.0
T02,1,8,5,20,12,8.0,0,0.0
T02,1,12,5,20,12,8.0,0,0.0
T02,1,16,5,20,12,8.0,0,0.0
T02,1,19,5,20,12,8.0,1,2.0362765191666438e-05
T02,1,23,5,20,12,8.0,0,0.0
T02,1,27,5,20,12,8.0,0,0.0
T02,1,31,5,20,12,8.0,0,0.0
T02,1,35,5,20,12,8.0,0,0.0
T02,1,0,5,4,14,20.991982893283115,0,0.0
T02,1,4,5,4,14,20.991982893283115,0,0.0
T02,1,8,5,4,14,20.991982893283115,0,0.0
T02,1,12,5,4,14,20.991982893283115,1,1.6185598396729894e-05
T02,1,16,5,4,14,20.991982893283115,0,0.0
T02,1,19,5,4,14,20.991982893283115,0,0.0
T02,1,23,5,4,14,20.991982893283115,1,1.8483388545221732e-06
T02,1,27,5,4,14,20.991982893283115,0,0.0
T02,1,31,5,4,14,20.991982893283115,1,3.658603469520669e-05
T02,1,35,5,4,14,20.991982893283115,1,0.00034954243568156157
T02,1,0,5,8,14,20.991982893283115,0,0.0
T02,1,4,5,8,14,20.991982893283115,0,0.0
T02,1,8,5,8,14,20.991982893283115,0,0.0
T02,1,12,5,8,14,20.991982893283115,1,1.5780721872016984e-05
T02,1,16,5,8,14,20.991982893283115,1,0.004853746378941426
T02,1,19,5,8,14,20.991982893283115,1,0.0027665408549679693
T02,1,23,5,8,14,20.991982893283115,0,0.0
T02,1,27,5,8,14,20.991982893283115,2,0.0002761294424867
T02,1,31,5,8,14,20.991982893283115,1,6.472685589686139e-05
T02,1,35,5,8,14,20.991982893283115,0,0.0
T02,2,0,0,1,11,2.9662798989432173,0,0.0
T02,2,4,0,1,11,2.9662798989432173,0,0.0
T02,2,8,0,1,11,2.9662798989432173,0,0.0
T02,2,12,0,1,11,2.9662798989432173,0,0.0
T02,2,16,0,1,11,2.9662798989432173,0,0.0
T02,2,19,0,1,11,2.9662798989432173,0,0.0
T02,2,23,0,1,11,2.9662798989432173,0,0.0
T02,2,27,0,1,11,2.9662798989432173,1,1.395223841867306e-05
T02,2,31,0,1,11,2.9662798989432173,0,0.0
T02,2,35,0,1,11,2.9662798989432173,0,0.0
T02,2,0,0,20,11,2.9662798989432173,0,0.0
T02,2,4,0,20,11,2.9662798989432173,0,0.0
T02,2,8,0,20,11,2.9662798989432173,0,0.0
T02,2,12,0,20,11,2.9662798989432173,0,0.0
T02,2,16,0,20,11,2.9662798989432173,0,0.0
T02,2,19,0,20,11,2.9662798989432173,0,0.0
T02,2,23,0,20,11,2.9662798989432173,0,0.0
T02,2,27,0,20,11,2.9662798989432173,0,0.0
T02,2,31,0,20,11,2.9662798989432173,0,0.0
T02,2,35,0,20,11,2.9662798989432173,0,0.0
T02,2,0,0,4,11,2.9662798989432173,0,0.0
T02,2,4,0,4,11,2.9662798989432173,0,0.0
T02,2,8,0,4,11,2.9662798989432173,0,0.0
T02,2,12,0,4,11,2.9662798989432173,0,0.0
T02,2,16,0,4,11,2.9662798989432173,0,0.0
T02,2,19,0,4,11,2.9662798989432173,0,0.0
T02,2,23,0,4,11,2.9662798989432173,0,0.0
T02,2,27,0,4,11,2.9662798989432173,0,0.0
T02,2,31,0,4,11,2.9662798989432173,0,0.0
T02,2,35,0,4,11,2.9662798989432173,1,5.356191152751724e-05
T02,2,0,0,8,11,2.9662798989432173,0,0.0
T02,2,4,0,8,11,2.9662798989432173,0,0.0
T02,2,8,0,8,11,2.9662798989432173,0,0.0
T02,2,12,0,8,11,2.9662798989432173,0,0.0
T02,2,16,0,8,11,2.9662798989432173,0,0.0
T02,2,19,0,8,11,2.9662798989432173,0,0.0
T02,2,23,0,8,11,2.9662798989432173,0,0.0
T02,2,27,0,8,11,2.9662798989432173,0,0.0
T02,2,31,0,8,11,2.9662798989432173,0,0.0
T02,2,35,0,8,11,2.9662798989432173,0,0.0
T02,2,0,1,1,12,4.014063794761155,0,0.0
T02,2,4,1,1,12,4.014063794761155,0,0.0
T02,2,8,1,1,12,4.014063794761155,0,0.0
T02,2,12,1,1,12,4.014063794761155,0,0.0
T02,2,16,1,1,12,4.014063794761155,0,0.0
T02,2,19,1,1,12,4.014063794761155,0,0.0
T02,2,23,1,1,12,4.014063794761155,1,0.00015862111846069032
T02,2,27,1,1,12,4.014063794761155,0,0.0
T02,2,31,1,1,12,4.014063794761155,1,4.8354865838165506e-05
T02,2,35,1,1,12,4.014063794761155,0,0.0
T02,2,0,1,20,11,3.932213725879024,0,0.0
T02,2,4,1,20,11,3.932213725879024,0,0.0
T02,2,8,1,20,11,3.932213725879024,0,0.0
T02,2,12,1,20,11,3.932213725879024,0,0.0
T02,2,16,1,20,11,3.932213725879024,0,0.0
T02,2,19,1,20,11,3.932213725879024,0,0.0
T02,2,23,1,20,11,3.932213725879024,0,0.0
T02,2,27,1,20,11,3.932213725879024,0,0.0
T02,2,31,1,20,11,3.932213725879024,0,0.0
T02,2,35,1,20,11,3.932213725879024,0,0.0
T02,2,0,1,4,11,3.983370018930356,0,0.0
T02,2,4,1,4,11,3.983370018930356,0,0.0
T02,2,8,1,4,11,3.983370018930356,0,0.0
T02,2,12,1,4,11,3.983370018930356,0,0.0
T02,2,16,1,4,11,3.983370018930356,1,0.0026600377281278675
T02,2,19,1,4,11,3.983370018930356,0,0.0
T02,2,23,1,4,11,3.983370018930356,0,0.0
T02,2,27,1,4,11,3.983370018930356,0,0.0
T02,2,31,1,4,11,3.983370018930356,0,0.0
T02,2,35,1,4,11,3.983370018930356,0,0.0
T02,2,0,1,8,11,3.932213725879024,1,0.07746669234251619
T02,2,4,1,8,11,3.932213725879024,1,0.08553417293605042
T02,2,8,1,8,11,3.932213725879024,1,0.08793956271017189
T02,2,12,1,8,11,3.932213725879024,1,0.11029475815310813
T02,2,16,1,8,11,3.932213725879024,1,0.04109880125467977
T02,2,19,1,8,11,3.932213725879024,0,0.0
T02,2,23,1,8,11,3.932213725879024,0,0.0
T02,2,27,1,8,11,3.932213725879024,0,0.0
T02,2,31,1,8,11,3.932213725879024,0,0.0
T02,2,35,1,8,11,3.932213725879024,1,6.328538050826005e-07
T02,2,0,2,1,11,2.410426310749133,0,0.0
T02,2,4,2,1,11,2.410426310749133,0,0.0
T02,2,8,2,1,11,2.410426310749133,0,0.0
T02,2,12,2,1,11,2.410426310749133,0,0.0
T02,2,16,2,1,11,2.410426310749133,0,0.0
T02,2,19,2,1,11,2.410426310749133,0,0.0
T02,2,23,2,1,11,2.410426310749133,2,0.008067302840139248
T02,2,27,2,1,11,2.410426310749133,0,0.0
T02,2,31,2,1,11,2.410426310749133,0,0.0
T02,2,35,2,1,11,2.410426310749133,0,0.0
T02,2,0,2,20,10,2.0,0,0.0
T02,2,4,2,20,10,2.0,0,0.0
T02,2,8,2,20,10,2.0,0,0.0
T02,2,12,2,20,10,2.0,0,0.0
T02,2,16,2,20,10,2.0,0,0.0
T02,2,19,2,20,10,2.0,0,0.0
T02,2,23,2,20,10,2.0,0,0.0
T02,2,27,2,20,10,2.0,0,0.0
T02,2,31,2,20,10,2.0,0,0.0
T02,2,35,2,20,10,2.0,0,0.0
T02,2,0,2,4,11,2.410426310749133,0,0.0
T02,2,4,2,4,11,2.410426310749133,0,0.0
T02,2,8,2,4,11,2.410426310749133,0,0.0
T02,2,12,2,4,11,2.410426310749133,0,0.0
T02,2,16,2,4,11,2.410426310749133,0,0.0
T02,2,19,2,4,11,2.410426310749133,0,0.0
T02,2,23,2,4,11,2.410426310749133,1,0.0010806723625904902
T02,2,27,2,4,11,2.410426310749133,0,0.0
T02,2,31,2,4,11,2.410426310749133,0,0.0
T02,2,35,2,4,11,2.410426310749133,0,0.0
T02,2,0,2,8,11,2.410426310749133,0,0.0
T02,2,4,2,8,11,2.410426310749133,0,0.0
T02,2,8,2,8,11,2.410426310749133,0,0.0
T02,2,12,2,8,11,2.410426310749133,0,0.0
T02,2,16,2,8,11,2.410426310749133,0,0.0
T02,2,19,2,8,11,2.410426310749133,0,0.0
T02,2,23,2,8,11,2.410426310749133,1,0.004161688987820877
T02,2,27,2,8,11,2.410426310749133,0,0.0
T02,2,31,2,8,11,2.410426310749133,0,0.0
T02,2,35,2,8,11,2.410426310749133,1,0.00028965727916510295
T02,2,0,3,1,15,43.0004952504187,0,0.0
T02,2,4,3,1,15,43.0004952504187,0,0.0
T02,2,8,3,1,15,43.0004952504187,0,0.0
T02,2,12,3,1,15,43.0004952504187,1,6.196371317596268e-05
T02,2,16,3,1,15,43.0004952504187,0,0.0
T02,2,19,3,1,15,43.0004952504187,2,0.01749308374238362
T02,2,23,3,1,15,43.0004952504187,2,0.007353653091610887
T02,2,27,3,1,15,43.0004952504187,0,0.0
T02,2,31,3,1,15,43.0004952504187,2,6.976185764962471e-05
T02,2,35,3,1,15,43.0004952504187,1,6.736891447236756e-05
T02,2,0,3,20,12,8.0,0,0.0
T02,2,4,3,20,12,8.0,0,0.0
T02,2,8,3,20,12,8.0,0,0.0
T02,2,12,3,20,12,8.0,0,0.0
T02,2,16,3,20,12,8.0,0,0.0
T02,2,19,3,20,12,8.0,0,0.0
T02,2,23,3,20,12,8.0,0,0.0
T02,2,27,3,20,12,8.0,0,0.0
T02,2,31,3,20,12,8.0,1,8.93046066033909e-05
T02,2,35,3,20,12,8.0,1,0.0009511921422759792
T02,2,0,3,4,15,43.0004952504187,0,0.0
T02,2,4,3,4,15,43.0004952504187,0,0.0
T02,2,8,3,4,15,43.0004952504187,0,0.0
T02,2,12,3,4,15,43.0004952504187,0,0.0
T02,2,16,3,4,15,43.0004952504187,1,0.0025672762375354985
T02,2,19,3,4,15,43.0004952504187,2,0.09293152024844242
T02,2,23,3,4,15,43.0004952504187,1,0.0028769193503894452
T02,2,27,3,4,15,43.0004952504187,0,0.0
T02,2,31,3,4,15,43.0004952504187,0,0.0
T02,2,35,3,4,15,43.0004952504187,0,0.0
T02,2,0,3,8,13,16.0,0,0.0
T02,2,4,3,8,13,16.0,0,0.0
T02,2,8,3,8,13,16.0,0,0.0
T02,2,12,3,8,13,16.0,0,0.0
T02,2,16,3,8,13,16.0,0,0.0
T02,2,19,3,8,13,16.0,1,0.003143559911864935
T02,2,23,3,8,13,16.0,0,0.0
T02,2,27,3,8,13,16.0,0,0.0
T02,2,31,3,8,13,16.0,0,0.0
T02,2,35,3,8,13,16.0,1,5.1938792838639863e-05
T02,2,0,4,1,14,23.19155485732894,0,0.0
T02,2,4,4,1,14,23.19155485732894,0,0.0
T02,2,8,4,1,14,23.19155485732894,0,0.0
T02,2,12,4,1,14,23.19155485732894,0,0.0
T02,2,16,4,1,14,23.19155485732894,0,0.0
T02,2,19,4,1,14,23.19155485732894,0,0.0
T02,2,23,4,1,14,23.19155485732894,1,1.8758534020424898e-05
T02,2,27,4,1,14,23.19155485732894,0,0.0
T02,2,31,4,1,14,23.19155485732894,2,7.412247418581326e-05
T02,2,35,4,1,14,23.19155485732894,0,0.0
T02,2,0,4,20,13,16.0,0,0.0
T02,2,4,4,20,13,16.0,0,0.0
T02,2,8,4,20,13,16.0,0,0.0
T02,2,12,4,20,13,16.0,0,0.0
T02,2,16,4,20,13,16.0,1,0.007921702173101786
T02,2,19,4,20,13,16.0,0,0.0
T02,2,23,4,20,13,16.0,0,0.0
T02,2,27,4,20,13,16.0,0,0.0
T02,2,31,4,20,13,16.0,0,0.0
T02,2,35,4,20,13,16.0,0,0.0
T02,2,0,4,4,14,23.19155485732894,0,0.0
T02,2,4,4,4,14,23.19155485732894,0,0.0
T02,2,8,4,4,14,23.19155485732894,0,0.0
T02,2,12,4,4,14,23.19155485732894,0,0.0
T02,2,16,4,4,14,23.19155485732894,0,0.0
T02,2,19,4,4,14,23.19155485732894,0,0.0
T02,2,23,4,4,14,23.19155485732894,0,0.0
T02,2,27,4,4,14,23.19155485732894,0,0.0
T02,2,31,4,4,14,23.19155485732894,0,0.0
T02,2,35,4,4,14,23.19155485732894,0,0.0
T02,2,0,4,8,13,16.0,0,0.0
T02,2,4,4,8,13,16.0,0,0.0
T02,2,8,4,8,13,16.0,0,0.0
T02,2,12,4,8,13,16.0,1,2.2485349600402486e-05
T02,2,16,4,8,13,16.0,0,0.0
T02,2,19,4,8,13,16.0,1,0.001013445735533136
T02,2,23,4,8,13,16.0,0,0.0
T02,2,27,4,8,13,16.0,0,0.0
T02,2,31,4,8,13,16.0,0,0.0
T02,2,35,4,8,13,16.0,0,0.0
T02,2,0,5,1,14,20.991982893283115,1,1.7218111978857444e-05
T02,2,4,5,1,14,20.991982893283115,0,0.0
T02,2,8,5,1,14,20.991982893283115,1,1.1721522700421701e-05
T02,2,12,5,1,14,20.991982893283115,1,1.4867836952291331e-05
T02,2,16,5,1,14,20.991982893283115,1,2.6416704964941917e-05
T02,2,19,5,1,14,20.991982893283115,1,5.4411578270856416e-05
T02,2,23,5,1,14,20.991982893283115,0,0.0
T02,2,27,5,1,14,20.991982893283115,1,3.0087615174579502e-05
T02,2,31,5,1,14,20.991982893283115,1,4.234103170947141e-05
T02,2,35,5,1,14,20.991982893283115,1,3.730580250766585e-05
T02,2,0,5,20,13,16.0,0,0.0
T02,2,4,5,20,13,16.0,0,0.0
T02,2,8,5,20,13,16.0,0,0.0
T02,2,12,5,20,13,16.0,0,0.0
T02,2,16,5,20,13,16.0,0,0.0
T02,2,19,5,20,13,16.0,0,0.0
T02,2,23,5,20,13,16.0,1,4.4603840956540346e-05
T02,2,27,5,20,13,16.0,0,0.0
T02,2,31,5,20,13,16.0,0,0.0
T02,2,35,5,20,13,16.0,0,0.0
T02,2,0,5,4,14,20.991982893283115,0,0.0
T02,2,4,5,4,14,20.991982893283115,0,0.0
T02,2,8,5,4,14,20.991982893283115,0,0.0
T02,2,12,5,4,14,20.991982893283115,0,0.0
T02,2,16,5,4,14,20.991982893283115,0,0.0
T02,2,19,5,4,14,20.991982893283115,0,0.0
T02,2,23,5,4,14,20.991982893283115,1,3.8109098303965375e-05
T02,2,27,5,4,14,20.991982893283115,0,0.0
T02,2,31,5,4,14,20.991982893283115,1,2.536197700304943e-06
T02,2,35,5,4,14,20.991982893283115,1,5.614706394253474e-05
T02,2,0,5,8,14,20.991982893283115,0,0.0
T02,2,4,5,8,14,20.991982893283115,0,0.0
T02,2,8,5,8,14,20.991982893283115,0,0.0
T02,2,12,5,8,14,20.991982893283115,0,0.0
T02,2,16,5,8,14,20.991982893283115,0,0.0
T02,2,19,5,8,14,20.991982893283115,0,0.0
T02,2,23,5,8,14,20.991982893283115,0,0.0
T02,2,27,5,8,14,20.991982893283115,1,0.0009228761562069671
T02,2,31,5,8,14,20.991982893283115,1,6.544062897072787e-05
T02,2,35,5,8,14,20.991982893283115,0,0.0
T03,0,0,0,1,11,3.7685108456519263,0,0.0
T03,0,4,0,1,11,3.7685108456519263,0,0.0
T03,0,8,0,1,11,3.7685108456519263,0,0.0
T03,0,12,0,1,11,3.7685108456519263,0,0.0
T03,0,16,0,1,11,3.7685108456519263,0,0.0
T03,0,19,0,1,11,3.7685108456519263,0,0.0
T03,0,23,0,1,11,3.7685108456519263,0,0.0
T03,0,27,0,1,11,3.7685108456519263,0,0.0
T03,0,31,0,1,11,3.7685108456519263,0,0.0
T03,0,35,0,1,11,3.7685108456519263,0,0.0
T03,0,0,0,20,11,3.7685108456519263,0,0.0
T03,0,4,0,20,11,3.7685108456519263,0,0.0
T03,0,8,0,20,11,3.7685108456519263,0,0.0
T03,0,12,0,20,11,3.7685108456519263,0,0.0
T03,0,16,0,20,11,3.7685108456519263,0,0.0
T03,0,19,0,20,11,3.7685108456519263,0,0.0
T03,0,23,0,20,11,3.7685108456519263,0,0.0
T03,0,27,0,20,11,3.7685108456519263,0,0.0
T03,0,31,0,20,11,3.7685108456519263,0,0.0
T03,0,35,0,20,11,3.7685108456519263,1,5.798281098909341e-06
T03,0,0,0,4,11,3.7685108456519263,0,0.0
T03,0,4,0,4,11,3.7685108456519263,0,0.0
T03,0,8,0,4,11,3.7685108456519263,0,0.0
T03,0,12,0,4,11,3.7685108456519263,0,0.0
T03,0,16,0,4,11,3.7685108456519263,0,0.0
T03,0,19,0,4,11,3.7685108456519263,0,0.0
T03,0,23,0,4,11,3.7685108456519263,0,0.0
T03,0,27,0,4,11,3.7685108456519263,0,0.0
T03,0,31,0,4,11,3.7685108456519263,0,0.0
T03,0,35,0,4,11,3.7685108456519263,0,0.0
T03,0,0,0,8,11,3.7685108456519263,0,0.0
T03,0,4,0,8,11,3.7685108456519263,0,0.0
T03,0,8,0,8,11,3.7685108456519263,0,0.0
T03,0,12,0,8,11,3.7685108456519263,0,0.0
T03,0,16,0,8,11,3.7685108456519263,0,0.0
T03,0,19,0,8,11,3.7685108456519263,0,0.0
T03,0,23,0,8,11,3.7685108456519263,0,0.0
T03,0,27,0,8,11,3.7685108456519263,0,0.0
T03,0,31,0,8,11,3.7685108456519263,0,0.0
T03,0,35,0,8,11,3.7685108456519263,0,0.0
T03,0,0,1,1,12,4.393433194201014,0,0.0
T03,0,4,1,1,12,4.393433194201014,0,0.0
T03,0,8,1,1,12,4.393433194201014,0,0.0
T03,0,12,1,1,12,4.393433194201014,0,0.0
T03,0,16,1,1,12,4.393433194201014,0,0.0
T03,0,19,1,1,12,4.393433194201014,0,0.0
T03,0,23,1,1,12,4.393433194201014,0,0.0
T03,0,27,1,1,12,4.393433194201014,0,0.0
T03,0,31,1,1,12,4.393433194201014,1,0.00016632934780885615
T03,0,35,1,1,12,4.393433194201014,1,4.712813045408201e-05
T03,0,0,1,20,12,4.393433194201014,1,0.00884032656335415
T03,0,4,1,20,12,4.393433194201014,1,0.007003256696980209
T03,0,8,1,20,12,4.393433194201014,0,0.0
T03,0,12,1,20,12,4.393433194201014,0,0.0
T03,0,16,1,20,12,4.393433194201014,2,0.03133567514767782
T03,0,19,1,20,12,4.393433194201014,2,0.03127452773708864
T03,0,23,1,20,12,4.393433194201014,0,0.0
T03,0,27,1,20,12,4.393433194201014,0,0.0
T03,0,31,1,20,12,4.393433194201014,0,0.0
T03,0,35,1,20,12,4.393433194201014,0,0.0
T03,0,0,1,4,12,4.393433194201014,1,0.008477824379081511
T03,0,4,1,4,12,4.393433194201014,1,0.0075527790220078495
T03,0,8,1,4,12,4.393433194201014,1,0.011218964561270639
T03,0,12,1,4,12,4.393433194201014,1,0.01550150602959427
T03,0,16,1,4,12,4.393433194201014,0,0.0
T03,0,19,1,4,12,4.393433194201014,1,0.002501875488379074
T03,0,23,1,4,12,4.393433194201014,2,0.003183350915501107
T03,0,27,1,4,12,4.393433194201014,1,4.593566603018455e-05
T03,0,31,1,4,12,4.393433194201014,0,0.0
T03,0,35,1,4,12,4.393433194201014,0,0.0
T03,0,0,1,8,12,4.393433194201014,1,0.12266152882509407
T03,0,4,1,8,12,4.393433194201014,1,0.12506546783571668
T03,0,8,1,8,12,4.393433194201014,1,0.1428821977784171
T03,0,12,1,8,12,4.393433194201014,1,0.11191544021488917
T03,0,16,1,8,12,4.393433194201014,1,0.09326006451130125
T03,0,19,1,8,12,4.393433194201014,2,0.0369829080544648
T03,0,23,1,8,12,4.393433194201014,1,0.011391875460991088
T03,0,27,1,8,12,4.393433194201014,0,0.0
T03,0,31,1,8,12,4.393433194201014,0,0.0
T03,0,35,1,8,12,4.393433194201014,1,2.5482034113837038e-05
T03,0,0,2,1,11,2.4563119169307126,0,0.0
T03,0,4,2,1,11,2.4563119169307126,0,0.0
T03,0,8,2,1,11,2.4563119169307126,0,0.0
T03,0,12,2,1,11,2.4563119169307126,0,0.0
T03,0,16,2,1,11,2.4563119169307126,0,0.0
T03,0,19,2,1,11,2.4563119169307126,0,0.0
T03,0,23,2,1,11,2.4563119169307126,1,0.007489348108918728
T03,0,27,2,1,11,2.4563119169307126,0,0.0
T03,0,31,2,1,11,2.4563119169307126,0,0.0
T03,0,35,2,1,11,2.4563119169307126,1,3.782123570273549e-05
T03,0,0,2,20,10,2.0,0,0.0
T03,0,4,2,20,10,2.0,0,0.0
T03,0,8,2,20,10,2.0,0,0.0
T03,0,12,2,20,10,2.0,0,0.0
T03,0,16,2,20,10,2.0,0,0.0
T03,0,19,2,20,10,2.0,0,0.0
T03,0,23,2,20,10,2.0,0,0.0
T03,0,27,2,20,10,2.0,0,0.0
T03,0,31,2,20,10,2.0,0,0.0
T03,0,35,2,20,10,2.0,0,0.0
T03,0,0,2,4,11,2.4314588452585637,0,0.0
T03,0,4,2,4,11,2.4314588452585637,0,0.0
T03,0,8,2,4,11,2.4314588452585637,0,0.0
T03,0,12,2,4,11,2.4314588452585637,0,0.0
T03,0,16,2,4,11,2.4314588452585637,0,0.0
T03,0,19,2,4,11,2.4314588452585637,0,0.0
T03,0,23,2,4,11,2.4314588452585637,0,0.0
T03,0,27,2,4,11,2.4314588452585637,0,0.0
T03,0,31,2,4,11,2.4314588452585637,0,0.0
T03,0,35,2,4,11,2.4314588452585637,0,0.0
T03,0,0,2,8,11,2.4314588452585637,0,0.0
T03,0,4,2,8,11,2.4314588452585637,0,0.0
T03,0,8,2,8,11,2.4314588452585637,0,0.0
T03,0,12,2,8,11,2.4314588452585637,0,0.0
T03,0,16,2,8,11,2.4314588452585637,0,0.0
T03,0,19,2,8,11,2.4314588452585637,0,0.0
T03,0,23,2,8,11,2.4314588452585637,1,0.0016065587618500632
T03,0,27,2,8,11,2.4314588452585637,0,0.0
T03,0,31,2,8,11,2.4314588452585637,0,0.0
T03,0,35,2,8,11,2.4314588452585637,0,0.0
T03,0,0,3,1,12,7.326337583538,0,0.0
T03,0,4,3,1,12,7.326337583538,0,0.0
T03,0,8,3,1,12,7.326337583538,0,0.0
T03,0,12,3,1,12,7.326337583538,0,0.0
T03,0,16,3,1,12,7.326337583538,0,0.0
T03,0,19,3,1,12,7.326337583538,0,0.0
T03,0,23,3,1,12,7.326337583538,1,0.0035053652323227408
T03,0,27,3,1,12,7.326337583538,0,0.0
T03,0,31,3,1,12,7.326337583538,0,0.0
T03,0,35,3,1,12,7.326337583538,0,0.0
T03,0,0,3,20,11,4.0,0,0.0
T03,0,4,3,20,11,4.0,0,0.0
T03,0,8,3,20,11,4.0,0,0.0
T03,0,12,3,20,11,4.0,0,0.0
T03,0,16,3,20,11,4.0,0,0.0
T03,0,19,3,20,11,4.0,2,0.034509347556845815
T03,0,23,3,20,11,4.0,0,0.0
T03,0,27,3,20,11,4.0,0,0.0
T03,0,31,3,20,11,4.0,0,0.0
T03,0,35,3,20,11,4.0,0,0.0
T03,0,0,3,4,12,7.326337583538,0,0.0
T03,0,4,3,4,12,7.326337583538,0,0.0
T03,0,8,3,4,12,7.326337583538,0,0.0
T03,0,12,3,4,12,7.326337583538,0,0.0
T03,0,16,3,4,12,7.326337583538,1,0.007263321026295455
T03,0,19,3,4,12,7.326337583538,2,0.0728854834328459
T03,0,23,3,4,12,7.326337583538,0,0.0
T03,0,27,3,4,12,7.326337583538,0,0.0
T03,0,31,3,4,12,7.326337583538,0,0.0
T03,0,35,3,4,12,7.326337583538,0,0.0
T03,0,0,3,8,11,4.0,0,0.0
T03,0,4,3,8,11,4.0,0,0.0
T03,0,8,3,8,11,4.0,0,0.0
T03,0,12,3,8,11,4.0,0,0.0
T03,0,16,3,8,11,4.0,0,0.0
T03,0,19,3,8,11,4.0,1,0.03006195549160995
T03,0,23,3,8,11,4.0,0,0.0
T03,0,27,3,8,11,4.0,0,0.0
T03,0,31,3,8,11,4.0,0,0.0
T03,0,35,3,8,11,4.0,0,0.0
T03,0,0,4,1,13,15.560281467455345,0,0.0
T03,0,4,4,1,13,15.560281467455345,0,0.0
T03,0,8,4,1,13,15.560281467455345,0,0.0
T03,0,12,4,1,13,15.560281467455345,0,0.0
T03,0,16,4,1,13,15.560281467455345,0,0.0
T03,0,19,4,1,13,15.560281467455345,1,2.369617939327294e-05
T03,0,23,4,1,13,15.560281467455345,0,0.0
T03,0,27,4,1,13,15.560281467455345,0,0.0
T03,0,31,4,1,13,15.560281467455345,0,0.0
T03,0,35,4,1,13,15.560281467455345,0,0.0
T03,0,0,4,20,11,4.0,0,0.0
T03,0,4,4,20,11,4.0,0,0.0
T03,0,8,4,20,11,4.0,0,0.0
T03,0,12,4,20,11,4.0,0,0.0
T03,0,16,4,20,11,4.0,0,0.0
T03,0,19,4,20,11,4.0,0,0.0
T03,0,23,4,20,11,4.0,0,0.0
T03,0,27,4,20,11,4.0,0,0.0
T03,0,31,4,20,11,4.0,0,0.0
T03,0,35,4,20,11,4.0,0,0.0
T03,0,0,4,4,13,15.560281467455345,0,0.0
T03,0,4,4,4,13,15.560281467455345,0,0.0
T03,0,8,4,4,13,15.560281467455345,0,0.0
T03,0,12,4,4,13,15.560281467455345,0,0.0
T03,0,16,4,4,13,15.560281467455345,0,0.0
T03,0,19,4,4,13,15.560281467455345,0,0.0
T03,0,23,4,4,13,15.560281467455345,0,0.0
T03,0,27,4,4,13,15.560281467455345,0,0.0
T03,0,31,4,4,13,15.560281467455345,0,0.0
T03,0,35,4,4,13,15.560281467455345,0,0.0
T03,0,0,4,8,12,8.0,0,0.0
T03,0,4,4,8,12,8.0,0,0.0
T03,0,8,4,8,12,8.0,0,0.0
T03,0,12,4,8,12,8.0,0,0.0
T03,0,16,4,8,12,8.0,0,0.0
T03,0,19,4,8,12,8.0,0,0.0
T03,0,23,4,8,12,8.0,1,1.9810322542931046e-05
T03,0,27,4,8,12,8.0,0,0.0
T03,0,31,4,8,12,8.0,0,0.0
T03,0,35,4,8,12,8.0,1,7.041665346468537e-05
T03,0,0,5,1,13,13.04097878946401,1,1.0882278021572163e-05
T03,0,4,5,1,13,13.04097878946401,0,0.0
T03,0,8,5,1,13,13.04097878946401,0,0.0
T03,0,12,5,1,13,13.04097878946401,0,0.0
T03,0,16,5,1,13,13.04097878946401,1,4.918654739765292e-05
T03,0,19,5,1,13,13.04097878946401,1,2.223618775334859e-05
T03,0,23,5,1,13,13.04097878946401,1,1.3507561376272133e-05
T03,0,27,5,1,13,13.04097878946401,0,0.0
T03,0,31,5,1,13,13.04097878946401,0,0.0
T03,0,35,5,1,13,13.04097878946401,0,0.0
T03,0,0,5,20,12,8.0,0,0.0
T03,0,4,5,20,12,8.0,0,0.0
T03,0,8,5,20,12,8.0,0,0.0
T03,0,12,5,20,12,8.0,1,2.4449631697415035e-05
T03,0,16,5,20,12,8.0,0,0.0
T03,0,19,5,20,12,8.0,1,0.0009079137370949508
T03,0,23,5,20,12,8.0,0,0.0
T03,0,27,5,20,12,8.0,0,0.0
T03,0,31,5,20,12,8.0,0,0.0
T03,0,35,5,20,12,8.0,0,0.0
T03,0,0,5,4,13,13.04097878946401,0,0.0
T03,0,4,5,4,13,13.04097878946401,1,2.570080323054981e-06
T03,0,8,5,4,13,13.04097878946401,0,0.0
T03,0,12,5,4,13,13.04097878946401,0,0.0
T03,0,16,5,4,13,13.04097878946401,0,0.0
T03,0,19,5,4,13,13.04097878946401,0,0.0
T03,0,23,5,4,13,13.04097878946401,0,0.0
T03,0,27,5,4,13,13.04097878946401,0,0.0
T03,0,31,5,4,13,13.04097878946401,0,0.0
T03,0,35,5,4,13,13.04097878946401,0,0.0
T03,0,0,5,8,13,13.04097878946401,0,0.0
T03,0,4,5,8,13,13.04097878946401,0,0.0
T03,0,8,5,8,13,13.04097878946401,0,0.0
T03,0,12,5,8,13,13.04097878946401,0,0.0
T03,0,16,5,8,13,13.04097878946401,0,0.0
T03,0,19,5,8,13,13.04097878946401,0,0.0
T03,0,23,5,8,13,13.04097878946401,0,0.0
T03,0,27,5,8,13,13.04097878946401,0,0.0
T03,0,31,5,8,13,13.04097878946401,0,0.0
T03,0,35,5,8,13,13.04097878946401,0,0.0
T03,1,0,0,1,11,3.7685108456519263,0,0.0
T03,1,4,0,1,11,3.7685108456519263,0,0.0
T03,1,8,0,1,11,3.7685108456519263,0,0.0
T03,1,12,0,1,11,3.7685108456519263,0,0.0
T03,1,16,0,1,11,3.7685108456519263,0,0.0
T03,1,19,0,1,11,3.7685108456519263,0,0.0
T03,1,23,0,1,11,3.7685108456519263,0,0.0
T03,1,27,0,1,11,3.7685108456519263,0,0.0
T03,1,31,0,1,11,3.7685108456519263,0,0.0
T03,1,35,0,1,11,3.7685108456519263,0,0.0
T03,1,0,0,20,11,3.7685108456519263,0,0.0
T03,1,4,0,20,11,3.7685108456519263,0,0.0
T03,1,8,0,20,11,3.7685108456519263,0,0.0
T03,1,12,0,20,11,3.7685108456519263,0,0.0
T03,1,16,0,20,11,3.7685108456519263,0,0.0
T03,1,19,0,20,11,3.7685108456519263,0,0.0
T03,1,23,0,20,11,3.7685108456519263,0,0.0
T03,1,27,0,20,11,3.7685108456519263,0,0.0
T03,1,31,0,20,11,3.7685108456519263,0,0.0
T03,1,35,0,20,11,3.7685108456519263,1,9.054973711540917e-05
T03,1,0,0,4,11,3.7685108456519263,0,0.0
T03,1,4,0,4,11,3.7685108456519263,0,0.0
T03,1,8,0,4,11,3.7685108456519263,0,0.0
T03,1,12,0,4,11,3.7685108456519263,0,0.0
T03,1,16,0,4,11,3.7685108456519263,0,0.0
T03,1,19,0,4,11,3.7685108456519263,0,0.0
T03,1,23,0,4,11,3.7685108456519263,0,0.0
T03,1,27,0,4,11,3.7685108456519263,0,0.0
T03,1,31,0,4,11,3.7685108456519263,0,0.0
T03,1,35,0,4,11,3.7685108456519263,0,0.0
T03,1,0,0,8,11,3.7685108456519263,0,0.0
T03,1,4,0,8,11,3.7685108456519263,0,0.0
T03,1,8,0,8,11,3.7685108456519263,0,0.0
T03,1,12,0,8,11,3.7685108456519263,0,0.0
T03,1,16,0,8,11,3.7685108456519263,0,0.0
T03,1,19,0,8,11,3.7685108456519263,0,0.0
T03,1,23,0,8,11,3.7685108456519263,0,0.0
T03,1,27,0,8,11,3.7685108456519263,0,0.0
T03,1,31,0,8,11,3.7685108456519263,0,0.0
T03,1,35,0,8,11,3.7685108456519263,0,0.0
T03,1,0,1,1,12,4.393433194201014,0,0.0
T03,1,4,1,1,12,4.393433194201014,0,0.0
T03,1,8,1,1,12,4.393433194201014,0,0.0
T03,1,12,1,1,12,4.393433194201014,0,0.0
T03,1,16,1,1,12,4.393433194201014,0,0.0
T03,1,19,1,1,12,4.393433194201014,0,0.0
T03,1,23,1,1,12,4.393433194201014,1,1.1929600355086757e-05
T03,1,27,1,1,12,4.393433194201014,0,0.0
T03,1,31,1,1,12,4.393433194201014,1,0.00022216464573977454
T03,1,35,1,1,12,4.393433194201014,0,0.0
T03,1,0,1,20,12,4.393433194201014,1,0.03491637984851631
T03,1,4,1,20,12,4.393433194201014,1,0.040873970719307484
T03,1,8,1,20,12,4.393433194201014,1,0.03997597758422333
T03,1,12,1,20,12,4.393433194201014,1,0.06679832236304556
T03,1,16,1,20,12,4.393433194201014,2,0.04379981671597405
T03,1,19,1,20,12,4.393433194201014,2,0.011047238354089856
T03,1,23,1,20,12,4.393433194201014,0,0.0
T03,1,27,1,20,12,4.393433194201014,0,0.0
T03,1,31,1,20,12,4.393433194201014,0,0.0
T03,1,35,1,20,12,4.393433194201014,0,0.0
T03,1,0,1,4,12,4.393433194201014,1,0.004052993665677018
T03,1,4,1,4,12,4.393433194201014,1,0.004589617808036628
T03,1,8,1,4,12,4.393433194201014,1,0.0040912920857859025
T03,1,12,1,4,12,4.393433194201014,1,0.0011284897588211829
T03,1,16,1,4,12,4.393433194201014,2,0.01356077113256618
T03,1,19,1,4,12,4.393433194201014,1,0.0005760054253097641
T03,1,23,1,4,12,4.393433194201014,0,0.0
T03,1,27,1,4,12,4.393433194201014,0,0.0
T03,1,31,1,4,12,4.393433194201014,0,0.0
T03,1,35,1,4,12,4.393433194201014,1,1.1693096047947493e-05
T03,1,0,1,8,12,4.393433194201014,2,0.14407285817408574
T03,1,4,1,8,12,4.393433194201014,2,0.14414457497657313
T03,1,8,1,8,12,4.393433194201014,2,0.14374759261129255
T03,1,12,1,8,12,4.393433194201014,2,0.1323959956780813
T03,1,16,1,8,12,4.393433194201014,3,0.04449646747579586
T03,1,19,1,8,12,4.393433194201014,1,0.005489778945872423
T03,1,23,1,8,12,4.393433194201014,1,0.0015691760427574974
T03,1,27,1,8,12,4.393433194201014,0,0.0
T03,1,31,1,8,12,4.393433194201014,0,0.0
T03,1,35,1,8,12,4.393433194201014,1,2.520726872028492e-05
T03,1,0,2,1,11,2.4563119169307126,0,0.0
T03,1,4,2,1,11,2.4563119169307126,0,0.0
T03,1,8,2,1,11,2.4563119169307126,0,0.0
T03,1,12,2,1,11,2.4563119169307126,0,0.0
T03,1,16,2,1,11,2.4563119169307126,0,0.0
T03,1,19,2,1,11,2.4563119169307126,0,0.0
T03,1,23,2,1,11,2.4563119169307126,1,0.0059348324527881
T03,1,27,2,1,11,2.4563119169307126,0,0.0
T03,1,31,2,1,11,2.4563119169307126,0,0.0
T03,1,35,2,1,11,2.4563119169307126,0,0.0
T03,1,0,2,20,10,2.0,0,0.0
T03,1,4,2,20,10,2.0,0,0.0
T03,1,8,2,20,10,2.0,0,0.0
T03,1,12,2,20,10,2.0,0,0.0
T03,1,16,2,20,10,2.0,0,0.0
T03,1,19,2,20,10,2.0,0,0.0
T03,1,23,2,20,10,2.0,0,0.0
T03,1,27,2,20,10,2.0,0,0.0
T03,1,31,2,20,10,2.0,0,0.0
T03,1,35,2,20,10,2.0,0,0.0
T03,1,0,2,4,11,2.4314588452585637,0,0.0
T03,1,4,2,4,11,2.4314588452585637,0,0.0
T03,1,8,2,4,11,2.4314588452585637,0,0.0
T03,1,12,2,4,11,2.4314588452585637,0,0.0
T03,1,16,2,4,11,2.4314588452585637,0,0.0
T03,1,19,2,4,11,2.4314588452585637,0,0.0
T03,1,23,2,4,11,2.4314588452585637,1,0.00015853851675419472
T03,1,27,2,4,11,2.4314588452585637,0,0.0
T03,1,31,2,4,11,2.4314588452585637,0,0.0
T03,1,35,2,4,11,2.4314588452585637,0,0.0
T03,1,0,2,8,11,2.4314588452585637,0,0.0
T03,1,4,2,8,11,2.4314588452585637,0,0.0
T03,1,8,2,8,11,2.4314588452585637,0,0.0
T03,1,12,2,8,11,2.4314588452585637,0,0.0
T03,1,16,2,8,11,2.4314588452585637,0,0.0
T03,1,19,2,8,11,2.4314588452585637,0,0.0
T03,1,23,2,8,11,2.4314588452585637,1,0.001860981297247627
T03,1,27,2,8,11,2.4314588452585637,0,0.0
T03,1,31,2,8,11,2.4314588452585637,0,0.0
T03,1,35,2,8,11,2.4314588452585637,0,0.0
T03,1,0,3,1,12,7.326337583538,0,0.0
T03,1,4,3,1,12,7.326337583538,0,0.0
T03,1,8,3,1,12,7.326337583538,0,0.0
T03,1,12,3,1,12,7.326337583538,0,0.0
T03,1,16,3,1,12,7.326337583538,0,0.0
T03,1,19,3,1,12,7.326337583538,1,0.05361374774971972
T03,1,23,3,1,12,7.326337583538,0,0.0
T03,1,27,3,1,12,7.326337583538,0,0.0
T03,1,31,3,1,12,7.326337583538,0,0.0
T03,1,35,3,1,12,7.326337583538,0,0.0
T03,1,0,3,20,11,4.0,0,0.0
T03,1,4,3,20,11,4.0,0,0.0
T03,1,8,3,20,11,4.0,0,0.0
T03,1,12,3,20,11,4.0,0,0.0
T03,1,16,3,20,11,4.0,0,0.0
T03,1,19,3,20,11,4.0,1,0.02498370329506283
T03,1,23,3,20,11,4.0,0,0.0
T03,1,27,3,20,11,4.0,0,0.0
T03,1,31,3,20,11,4.0,0,0.0
T03,1,35,3,20,11,4.0,0,0.0
T03,1,0,3,4,12,7.326337583538,0,0.0
T03,1,4,3,4,12,7.326337583538,0,0.0
T03,1,8,3,4,12,7.326337583538,0,0.0
T03,1,12,3,4,12,7.326337583538,0,0.0
T03,1,16,3,4,12,7.326337583538,1,0.018855952527966124
T03,1,19,3,4,12,7.326337583538,1,0.048329113478067454
T03,1,23,3,4,12,7.326337583538,0,0.0
T03,1,27,3,4,12,7.326337583538,0,0.0
T03,1,31,3,4,12,7.326337583538,0,0.0
T03,1,35,3,4,12,7.326337583538,0,0.0
T03,1,0,3,8,11,4.0,0,0.0
T03,1,4,3,8,11,4.0,0,0.0
T03,1,8,3,8,11,4.0,0,0.0
T03,1,12,3,8,11,4.0,0,0.0
T03,1,16,3,8,11,4.0,0,0.0
T03,1,19,3,8,11,4.0,1,0.010471338441111588
T03,1,23,3,8,11,4.0,0,0.0
T03,1,27,3,8,11,4.0,0,0.0
T03,1,31,3,8,11,4.0,0,0.0
T03,1,35,3,8,11,4.0,0,0.0
T03,1,0,4,1,13,15.560281467455345,0,0.0
T03,1,4,4,1,13,15.560281467455345,0,0.0
T03,1,8,4,1,13,15.560281467455345,0,0.0
T03,1,12,4,1,13,15.560281467455345,1,2.895132866614393e-05
T03,1,16,4,1,13,15.560281467455345,0,0.0
T03,1,19,4,1,13,15.560281467455345,1,2.811440573761634e-06
T03,1,23,4,1,13,15.560281467455345,0,0.0
T03,1,27,4,1,13,15.560281467455345,1,7.804049105651027e-05
T03,1,31,4,1,13,15.560281467455345,0,0.0
T03,1,35,4,1,13,15.560281467455345,1,0.00022356442346669822
T03,1,0,4,20,11,4.0,0,0.0
T03,1,4,4,20,11,4.0,0,0.0
T03,1,8,4,20,11,4.0,0,0.0
T03,1,12,4,20,11,4.0,0,0.0
T03,1,16,4,20,11,4.0,0,0.0
T03,1,19,4,20,11,4.0,0,0.0
T03,1,23,4,20,11,4.0,0,0.0
T03,1,27,4,20,11,4.0,0,0.0
T03,1,31,4,20,11,4.0,0,0.0
T03,1,35,4,20,11,4.0,0,0.0
T03,1,0,4,4,13,15.560281467455345,0,0.0
T03,1,4,4,4,13,15.560281467455345,0,0.0
T03,1,8,4,4,13,15.560281467455345,0,0.0
T03,1,12,4,4,13,15.560281467455345,0,0.0
T03,1,16,4,4,13,15.560281467455345,0,0.0
T03,1,19,4,4,13,15.560281467455345,0,0.0
T03,1,23,4,4,13,15.560281467455345,0,0.0
T03,1,27,4,4,13,15.560281467455345,0,0.0
T03,1,31,4,4,13,15.560281467455345,0,0.0
T03,1,35,4,4,13,15.560281467455345,0,0.0
T03,1,0,4,8,12,8.0,0,0.0
T03,1,4,4,8,12,8.0,0,0.0
T03,1,8,4,8,12,8.0,0,0.0
T03,1,12,4,8,12,8.0,0,0.0
T03,1,16,4,8,12,8.0,0,0.0
T03,1,19,4,8,12,8.0,0,0.0
T03,1,23,4,8,12,8.0,0,0.0
T03,1,27,4,8,12,8.0,0,0.0
T03,1,31,4,8,12,8.0,0,0.0
T03,1,35,4,8,12,8.0,1,2.8157578899599273e-05
T03,1,0,5,1,13,13.04097878946401,0,0.0
T03,1,4,5,1,13,13.04097878946401,2,7.689132261083469e-05
T03,1,8,5,1,13,13.04097878946401,0,0.0
T03,1,12,5,1,13,13.04097878946401,0,0.0
T03,1,16,5,1,13,13.04097878946401,1,8.255556037603529e-05
T03,1,19,5,1,13,13.04097878946401,1,2.928346137633705e-05
T03,1,23,5,1,13,13.04097878946401,0,0.0
T03,1,27,5,1,13,13.04097878946401,1,1.7931031950903405e-05
T03,1,31,5,1,13,13.04097878946401,0,0.0
T03,1,35,5,1,13,13.04097878946401,1,7.135532235009318e-05
T03,1,0,5,20,12,8.0,0,0.0
T03,1,4,5,20,12,8.0,0,0.0
T03,1,8,5,20,12,8.0,0,0.0
T03,1,12,5,20,12,8.0,0,0.0
T03,1,16,5,20,12,8.0,0,0.0
T03,1,19,5,20,12,8.0,0,0.0
T03,1,23,5,20,12,8.0,0,0.0
T03,1,27,5,20,12,8.0,0,0.0
T03,1,31,5,20,12,8.0,0,0.0
T03,1,35,5,20,12,8.0,0,0.0
T03,1,0,5,4,13,13.04097878946401,0,0.0
T03,1,4,5,4,13,13.04097878946401,0,0.0
T03,1,8,5,4,13,13.04097878946401,0,0.0
T03,1,12,5,4,13,13.04097878946401,0,0.0
T03,1,16,5,4,13,13.04097878946401,0,0.0
T03,1,19,5,4,13,13.04097878946401,0,0.0
T03,1,23,5,4,13,13.04097878946401,0,0.0
T03,1,27,5,4,13,13.04097878946401,0,0.0
T03,1,31,5,4,13,13.04097878946401,0,0.0
T03,1,35,5,4,13,13.04097878946401,0,0.0
T03,1,0,5,8,13,13.04097878946401,0,0.0
T03,1,4,5,8,13,13.04097878946401,0,0.0
T03,1,8,5,8,13,13.04097878946401,0,0.0
T03,1,12,5,8,13,13.04097878946401,0,0.0
T03,1,16,5,8,13,13.04097878946401,0,0.0
T03,1,19,5,8,13,13.04097878946401,1,0.00353905555535991
T03,1,23,5,8,13,13.04097878946401,0,0.0
T03,1,27,5,8,13,13.04097878946401,0,0.0
T03,1,31,5,8,13,13.04097878946401,0,0.0
T03,1,35,5,8,13,13.04097878946401,0,0.0
T03,2,0,0,1,11,3.7685108456519263,0,0.0
T03,2,4,0,1,11,3.7685108456519263,0,0.0
T03,2,8,0,1,11,3.7685108456519263,0,0.0
T03,2,12,0,1,11,3.7685108456519263,0,0.0
T03,2,16,0,1,11,3.7685108456519263,0,0.0
T03,2,19,0,1,11,3.7685108456519263,1,7.280258253251383e-06
T03,2,23,0,1,11,3.7685108456519263,0,0.0
T03,2,27,0,1,11,3.7685108456519263,0,0.0
T03,2,31,0,1,11,3.7685108456519263,0,0.0
T03,2,35,0,1,11,3.7685108456519263,0,0.0
T03,2,0,0,20,11,3.7685108456519263,0,0.0
T03,2,4,0,20,11,3.7685108456519263,0,0.0
T03,2,8,0,20,11,3.7685108456519263,0,0.0
T03,2,12,0,20,11,3.7685108456519263,0,0.0
T03,2,16,0,20,11,3.7685108456519263,0,0.0
T03,2,19,0,20,11,3.7685108456519263,0,0.0
T03,2,23,0,20,11,3.7685108456519263,0,0.0
T03,2,27,0,20,11,3.7685108456519263,0,0.0
T03,2,31,0,20,11,3.7685108456519263,0,0.0
T03,2,35,0,20,11,3.7685108456519263,0,0.0
T03,2,0,0,4,11,3.7685108456519263,0,0.0
T03,2,4,0,4,11,3.7685108456519263,0,0.0
T03,2,8,0,4,11,3.7685108456519263,0,0.0
T03,2,12,0,4,11,3.7685108456519263,0,0.0
T03,2,16,0,4,11,3.7685108456519263,0,0.0
T03,2,19,0,4,11,3.7685108456519263,0,0.0
T03,2,23,0,4,11,3.7685108456519263,0,0.0
T03,2,27,0,4,11,3.7685108456519263,0,0.0
T03,2,31,0,4,11,3.7685108456519263,0,0.0
T03,2,35,0,4,11,3.7685108456519263,0,0.0
T03,2,0,0,8,11,3.7685108456519263,0,0.0
T03,2,4,0,8,11,3.7685108456519263,0,0.0
T03,2,8,0,8,11,3.7685108456519263,0,0.0
T03,2,12,0,8,11,3.7685108456519263,0,0.0
T03,2,16,0,8,11,3.7685108456519263,0,0.0
T03,2,19,0,8,11,3.7685108456519263,0,0.0
T03,2,23,0,8,11,3.7685108456519263,0,0.0
T03,2,27,0,8,11,3.7685108456519263,0,0.0
T03,2,31,0,8,11,3.7685108456519263,0,0.0
T03,2,35,0,8,11,3.7685108456519263,0,0.0
T03,2,0,1,1,12,4.393433194201014,0,0.0
T03,2,4,1,1,12,4.393433194201014,0,0.0
T03,2,8,1,1,12,4.393433194201014,0,0.0
T03,2,12,1,1,12,4.393433194201014,0,0.0
T03,2,16,1,1,12,4.393433194201014,0,0.0
T03,2,19,1,1,12,4.393433194201014,0,0.0
T03,2,23,1,1,12,4.393433194201014,1,2.2387218903959644e-05
T03,2,27,1,1,12,4.393433194201014,0,0.0
T03,2,31,1,1,12,4.393433194201014,1,7.510888863620536e-05
T03,2,35,1,1,12,4.393433194201014,0,0.0
T03,2,0,1,20,12,4.393433194201014,1,0.04104069102378005
T03,2,4,1,20,12,4.393433194201014,1,0.04474260092329735
T03,2,8,1,20,12,4.393433194201014,1,0.042793479820625535
T03,2,12,1,20,12,4.393433194201014,1,0.03767691794101197
T03,2,16,1,20,12,4.393433194201014,1,0.048225433618100166
T03,2,19,1,20,12,4.393433194201014,0,0.0
T03,2,23,1,20,12,4.393433194201014,0,0.0
T03,2,27,1,20,12,4.393433194201014,0,0.0
T03,2,31,1,20,12,4.393433194201014,0,0.0
T03,2,35,1,20,12,4.393433194201014,0,0.0
T03,2,0,1,4,12,4.393433194201014,1,0.004050083443574104
T03,2,4,1,4,12,4.393433194201014,1,0.0033386807365148874
T03,2,8,1,4,12,4.393433194201014,1,0.002540935909082276
T03,2,12,1,4,12,4.393433194201014,1,0.0018280583926528204
T03,2,16,1,4,12,4.393433194201014,1,0.007946309313471844
T03,2,19,1,4,12,4.393433194201014,1,0.007053807862277793
T03,2,23,1,4,12,4.393433194201014,1,8.492303417391434e-05
T03,2,27,1,4,12,4.393433194201014,0,0.0
T03,2,31,1,4,12,4.393433194201014,0,0.0
T03,2,35,1,4,12,4.393433194201014,1,0.00015960786231570406
T03,2,0,1,8,12,4.393433194201014,2,0.14316518594960168
T03,2,4,1,8,12,4.393433194201014,2,0.14314485914998365
T03,2,8,1,8,12,4.393433194201014,2,0.13889109826806664
T03,2,12,1,8,12,4.393433194201014,2,0.11236025793950102
T03,2,16,1,8,12,4.393433194201014,1,0.03516053616245349
T03,2,19,1,8,12,4.393433194201014,2,0.001948535548106048
T03,2,23,1,8,12,4.393433194201014,1,0.0018846094136562158
T03,2,27,1,8,12,4.393433194201014,0,0.0
T03,2,31,1,8,12,4.393433194201014,0,0.0
T03,2,35,1,8,12,4.393433194201014,1,3.652738312216394e-05
T03,2,0,2,1,11,2.4563119169307126,0,0.0
T03,2,4,2,1,11,2.4563119169307126,0,0.0
T03,2,8,2,1,11,2.4563119169307126,0,0.0
T03,2,12,2,1,11,2.4563119169307126,0,0.0
T03,2,16,2,1,11,2.4563119169307126,0,0.0
T03,2,19,2,1,11,2.4563119169307126,0,0.0
T03,2,23,2,1,11,2.4563119169307126,1,0.0032394273321365435
T03,2,27,2,1,11,2.4563119169307126,0,0.0
T03,2,31,2,1,11,2.4563119169307126,0,0.0
T03,2,35,2,1,11,2.4563119169307126,0,0.0
T03,2,0,2,20,10,2.0,0,0.0
T03,2,4,2,20,10,2.0,0,0.0
T03,2,8,2,20,10,2.0,0,0.0
T03,2,12,2,20,10,2.0,0,0.0
T03,2,16,2,20,10,2.0,0,0.0
T03,2,19,2,20,10,2.0,0,0.0
T03,2,23,2,20,10,2.0,0,0.0
T03,2,27,2,20,10,2.0,0,0.0
T03,2,31,2,20,10,2.0,0,0.0
T03,2,35,2,20,10,2.0,0,0.0
T03,2,0,2,4,11,2.4314588452585637,0,0.0
T03,2,4,2,4,11,2.4314588452585637,0,0.0
T03,2,8,2,4,11,2.4314588452585637,0,0.0
T03,2,12,2,4,11,2.4314588452585637,0,0.0
T03,2,16,2,4,11,2.4314588452585637,0,0.0
T03,2,19,2,4,11,2.4314588452585637,0,0.0
T03,2,23,2,4,11,2.4314588452585637,0,0.0
T03,2,27,2,4,11,2.4314588452585637,0,0.0
T03,2,31,2,4,11,2.4314588452585637,0,0.0
T03,2,35,2,4,11,2.4314588452585637,0,0.0
T03,2,0,2,8,11,2.4314588452585637,0,0.0
T03,2,4,2,8,11,2.4314588452585637,0,0.0
T03,2,8,2,8,11,2.4314588452585637,0,0.0
T03,2,12,2,8,11,2.4314588452585637,0,0.0
T03,2,16,2,8,11,2.4314588452585637,0,0.0
T03,2,19,2,8,11,2.4314588452585637,0,0.0
T03,2,23,2,8,11,2.4314588452585637,1,0.0006901226955778883
T03,2,27,2,8,11,2.4314588452585637,0,0.0
T03,2,31,2,8,11,2.4314588452585637,0,0.0
T03,2,35,2,8,11,2.4314588452585637,0,0.0
T03,2,0,3,1,12,7.326337583538,0,0.0
T03,2,4,3,1,12,7.326337583538,0,0.0
T03,2,8,3,1,12,7.326337583538,0,0.0
T03,2,12,3,1,12,7.326337583538,0,0.0
T03,2,16,3,1,12,7.326337583538,0,0.0
T03,2,19,3,1,12,7.326337583538,1,0.032533007478393106
T03,2,23,3,1,12,7.326337583538,0,0.0
T03,2,27,3,1,12,7.326337583538,0,0.0
T03,2,31,3,1,12,7.326337583538,0,0.0
T03,2,35,3,1,12,7.326337583538,0,0.0
T03,2,0,3,20,11,4.0,0,0.0
T03,2,4,3,20,11,4.0,0,0.0
T03,2,8,3,20,11,4.0,0,0.0
T03,2,12,3,20,11,4.0,0,0.0
T03,2,16,3,20,11,4.0,0,0.0
T03,2,19,3,20,11,4.0,2,0.031208331870495487
T03,2,23,3,20,11,4.0,0,0.0
T03,2,27,3,20,11,4.0,0,0.0
T03,2,31,3,20,11,4.0,0,0.0
T03,2,35,3,20,11,4.0,0,0.0
T03,2,0,3,4,12,7.326337583538,0,0.0
T03,2,4,3,4,12,7.326337583538,0,0.0
T03,2,8,3,4,12,7.326337583538,0,0.0
T03,2,12,3,4,12,7.326337583538,0,0.0
T03,2,16,3,4,12,7.326337583538,1,0.054358453233831094
T03,2,19,3,4,12,7.326337583538,1,0.08596401604325848
T03,2,23,3,4,12,7.326337583538,0,0.0
T03,2,27,3,4,12,7.326337583538,0,0.0
T03,2,31,3,4,12,7.326337583538,0,0.0
T03,2,35,3,4,12,7.326337583538,0,0.0
T03,2,0,3,8,11,4.0,0,0.0
T03,2,4,3,8,11,4.0,0,0.0
T03,2,8,3,8,11,4.0,0,0.0
T03,2,12,3,8,11,4.0,0,0.0
T03,2,16,3,8,11,4.0,0,0.0
T03,2,19,3,8,11,4.0,2,0.042450349706328716
T03,2,23,3,8,11,4.0,0,0.0
T03,2,27,3,8,11,4.0,0,0.0
T03,2,31,3,8,11,4.0,0,0.0
T03,2,35,3,8,11,4.0,0,0.0
T03,2,0,4,1,13,15.560281467455345,0,0.0
T03,2,4,4,1,13,15.560281467455345,0,0.0
T03,2,8,4,1,13,15.560281467455345,0,0.0
T03,2,12,4,1,13,15.560281467455345,0,0.0
T03,2,16,4,1,13,15.560281467455345,0,0.0
T03,2,19,4,1,13,15.560281467455345,0,0.0
T03,2,23,4,1,13,15.560281467455345,0,0.0
T03,2,27,4,1,13,15.560281467455345,0,0.0
T03,2,31,4,1,13,15.560281467455345,1,5.972723857020426e-05
T03,2,35,4,1,13,15.560281467455345,0,0.0
T03,2,0,4,20,11,4.0,0,0.0
T03,2,4,4,20,11,4.0,0,0.0
T03,2,8,4,20,11,4.0,0,0.0
T03,2,12,4,20,11,4.0,0,0.0
T03,2,16,4,20,11,4.0,0,0.0
T03,2,19,4,20,11,4.0,0,0.0
T03,2,23,4,20,11,4.0,0,0.0
T03,2,27,4,20,11,4.0,0,0.0
T03,2,31,4,20,11,4.0,0,0.0
T03,2,35,4,20,11,4.0,0,0.0
T03,2,0,4,4,13,15.560281467455345,0,0.0
T03,2,4,4,4,13,15.560281467455345,0,0.0
T03,2,8,4,4,13,15.560281467455345,0,0.0
T03,2,12,4,4,13,15.560281467455345,0,0.0
T03,2,16,4,4,13,15.560281467455345,0,0.0
T03,2,19,4,4,13,15.560281467455345,0,0.0
T03,2,23,4,4,13,15.560281467455345,0,0.0
T03,2,27,4,4,13,15.560281467455345,0,0.0
T03,2,31,4,4,13,15.560281467455345,0,0.0
T03,2,35,4,4,13,15.560281467455345,0,0.0
T03,2,0,4,8,12,8.0,0,0.0
T03,2,4,4,8,12,8.0,0,0.0
T03,2,8,4,8,12,8.0,0,0.0
T03,2,12,4,8,12,8.0,0,0.0
T03,2,16,4,8,12,8.0,0,0.0
T03,2,19,4,8,12,8.0,0,0.0
T03,2,23,4,8,12,8.0,1,1.1209608478425503e-08
T03,2,27,4,8,12,8.0,0,0.0
T03,2,31,4,8,12,8.0,0,0.0
T03,2,35,4,8,12,8.0,0,0.0
T03,2,0,5,1,13,13.04097878946401,1,2.937191432487215e-06
T03,2,4,5,1,13,13.04097878946401,0,0.0
T03,2,8,5,1,13,13.04097878946401,1,6.205992456123806e-06
T03,2,12,5,1,13,13.04097878946401,0,0.0
T03,2,16,5,1,13,13.04097878946401,1,2.513419022075799e-05
T03,2,19,5,1,13,13.04097878946401,1,3.3477489903436033e-06
T03,2,23,5,1,13,13.04097878946401,0,0.0
T03,2,27,5,1,13,13.04097878946401,0,0.0
T03,2,31,5,1,13,13.04097878946401,0,0.0
T03,2,35,5,1,13,13.04097878946401,1,4.3745388302256216e-05
T03,2,0,5,20,12,8.0,0,0.0
T03,2,4,5,20,12,8.0,0,0.0
T03,2,8,5,20,12,8.0,0,0.0
T03,2,12,5,20,12,8.0,0,0.0
T03,2,16,5,20,12,8.0,0,0.0
T03,2,19,5,20,12,8.0,0,0.0
T03,2,23,5,20,12,8.0,0,0.0
T03,2,27,5,20,12,8.0,0,0.0
T03,2,31,5,20,12,8.0,0,0.0
T03,2,35,5,20,12,8.0,0,0.0
T03,2,0,5,4,13,13.04097878946401,0,0.0
T03,2,4,5,4,13,13.04097878946401,1,1.9856093575881806e-05
T03,2,8,5,4,13,13.04097878946401,0,0.0
T03,2,12,5,4,13,13.04097878946401,0,0.0
T03,2,16,5,4,13,13.04097878946401,0,0.0
T03,2,19,5,4,13,13.04097878946401,1,0.0023771286196967167
T03,2,23,5,4,13,13.04097878946401,1,2.482142336414188e-05
T03,2,27,5,4,13,13.04097878946401,0,0.0
T03,2,31,5,4,13,13.04097878946401,0,0.0
T03,2,35,5,4,13,13.04097878946401,0,0.0
T03,2,0,5,8,13,13.04097878946401,0,0.0
T03,2,4,5,8,13,13.04097878946401,0,0.0
T03,2,8,5,8,13,13.04097878946401,0,0.0
T03,2,12,5,8,13,13.04097878946401,0,0.0
T03,2,16,5,8,13,13.04097878946401,0,0.0
T03,2,19,5,8,13,13.04097878946401,1,0.007856683056277014
T03,2,23,5,8,13,13.04097878946401,0,0.0
T03,2,27,5,8,13,13.04097878946401,2,0.0007005338712901127
T03,2,31,5,8,13,13.04097878946401,0,0.0
T03,2,35,5,8,13,13.04097878946401,0,0.0
T04,0,0,0,1,11,3.902963774727229,0,0.0
T04,0,4,0,1,11,3.902963774727229,0,0.0
T04,0,8,0,1,11,3.902963774727229,1,5.975103888481229e-07
T04,0,12,0,1,11,3.902963774727229,0,0.0
T04,0,16,0,1,11,3.902963774727229,0,0.0
T04,0,19,0,1,11,3.902963774727229,0,0.0
T04,0,23,0,1,11,3.902963774727229,0,0.0
T04,0,27,0,1,11,3.902963774727229,0,0.0
T04,0,31,0,1,11,3.902963774727229,1,5.218957194064178e-05
T04,0,35,0,1,11,3.902963774727229,0,0.0
T04,0,0,0,20,10,2.0,0,0.0
T04,0,4,0,20,10,2.0,0,0.0
T04,0,8,0,20,10,2.0,0,0.0
T04,0,12,0,20,10,2.0,0,0.0
T04,0,16,0,20,10,2.0,0,0.0
T04,0,19,0,20,10,2.0,0,0.0
T04,0,23,0,20,10,2.0,0,0.0
T04,0,27,0,20,10,2.0,0,0.0
T04,0,31,0,20,10,2.0,0,0.0
T04,0,35,0,20,10,2.0,0,0.0
T04,0,0,0,4,11,3.8938304741623453,0,0.0
T04,0,4,0,4,11,3.8938304741623453,0,0.0
T04,0,8,0,4,11,3.8938304741623453,0,0.0
T04,0,12,0,4,11,3.8938304741623453,0,0.0
T04,0,16,0,4,11,3.8938304741623453,0,0.0
T04,0,19,0,4,11,3.8938304741623453,0,0.0
T04,0,23,0,4,11,3.8938304741623453,0,0.0
T04,0,27,0,4,11,3.8938304741623453,0,0.0
T04,0,31,0,4,11,3.8938304741623453,0,0.0
T04,0,35,0,4,11,3.8938304741623453,0,0.0
T04,0,0,0,8,11,3.8938304741623453,0,0.0
T04,0,4,0,8,11,3.8938304741623453,0,0.0
T04,0,8,0,8,11,3.8938304741623453,0,0.0
T04,0,12,0,8,11,3.8938304741623453,0,0.0
T04,0,16,0,8,11,3.8938304741623453,0,0.0
T04,0,19,0,8,11,3.8938304741623453,0,0.0
T04,0,23,0,8,11,3.8938304741623453,0,0.0
T04,0,27,0,8,11,3.8938304741623453,0,0.0
T04,0,31,0,8,11,3.8938304741623453,0,0.0
T04,0,35,0,8,11,3.8938304741623453,0,0.0
T04,0,0,1,1,11,2.3741397299227804,0,0.0
T04,0,4,1,1,11,2.3741397299227804,0,0.0
T04,0,8,1,1,11,2.3741397299227804,0,0.0
T04,0,12,1,1,11,2.3741397299227804,0,0.0
T04,0,16,1,1,11,2.3741397299227804,0,0.0
T04,0,19,1,1,11,2.3741397299227804,0,0.0
T04,0,23,1,1,11,2.3741397299227804,0,0.0
T04,0,27,1,1,11,2.3741397299227804,0,0.0
T04,0,31,1,1,11,2.3741397299227804,0,0.0
T04,0,35,1,1,11,2.3741397299227804,1,0.00028439311627042815
T04,0,0,1,20,10,2.0,0,0.0
T04,0,4,1,20,10,2.0,0,0.0
T04,0,8,1,20,10,2.0,0,0.0
T04,0,12,1,20,10,2.0,0,0.0
T04,0,16,1,20,10,2.0,1,0.025328648960778133
T04,0,19,1,20,10,2.0,1,0.018450819155704568
T04,0,23,1,20,10,2.0,0,0.0
T04,0,27,1,20,10,2.0,0,0.0
T04,0,31,1,20,10,2.0,0,0.0
T04,0,35,1,20,10,2.0,0,0.0
T04,0,0,1,4,11,2.278053130398081,0,0.0
T04,0,4,1,4,11,2.278053130398081,0,0.0
T04,0,8,1,4,11,2.278053130398081,0,0.0
T04,0,12,1,4,11,2.278053130398081,0,0.0
T04,0,16,1,4,11,2.278053130398081,2,0.005041652619732606
T04,0,19,1,4,11,2.278053130398081,1,0.007520677528899081
T04,0,23,1,4,11,2.278053130398081,0,0.0
T04,0,27,1,4,11,2.278053130398081,0,0.0
T04,0,31,1,4,11,2.278053130398081,0,0.0
T04,0,35,1,4,11,2.278053130398081,0,0.0
T04,0,0,1,8,11,2.278053130398081,0,0.0
T04,0,4,1,8,11,2.278053130398081,0,0.0
T04,0,8,1,8,11,2.278053130398081,0,0.0
T04,0,12,1,8,11,2.278053130398081,0,0.0
T04,0,16,1,8,11,2.278053130398081,1,0.020708823900902007
T04,0,19,1,8,11,2.278053130398081,2,0.007855353949048044
T04,0,23,1,8,11,2.278053130398081,0,0.0
T04,0,27,1,8,11,2.278053130398081,0,0.0
T04,0,31,1,8,11,2.278053130398081,0,0.0
T04,0,35,1,8,11,2.278053130398081,0,0.0
T04,0,0,2,1,11,2.1213008113019622,0,0.0
T04,0,4,2,1,11,2.1213008113019622,0,0.0
T04,0,8,2,1,11,2.1213008113019622,0,0.0
T04,0,12,2,1,11,2.1213008113019622,0,0.0
T04,0,16,2,1,11,2.1213008113019622,0,0.0
T04,0,19,2,1,11,2.1213008113019622,0,0.0
T04,0,23,2,1,11,2.1213008113019622,1,0.0016316077404390783
T04,0,27,2,1,11,2.1213008113019622,0,0.0
T04,0,31,2,1,11,2.1213008113019622,0,0.0
T04,0,35,2,1,11,2.1213008113019622,0,0.0
T04,0,0,2,20,10,2.0,0,0.0
T04,0,4,2,20,10,2.0,0,0.0
T04,0,8,2,20,10,2.0,0,0.0
T04,0,12,2,20,10,2.0,0,0.0
T04,0,16,2,20,10,2.0,0,0.0
T04,0,19,2,20,10,2.0,0,0.0
T04,0,23,2,20,10,2.0,1,0.012320577398133636
T04,0,27,2,20,10,2.0,0,0.0
T04,0,31,2,20,10,2.0,0,0.0
T04,0,35,2,20,10,2.0,0,0.0
T04,0,0,2,4,10,2.0,0,0.0
T04,0,4,2,4,10,2.0,0,0.0
T04,0,8,2,4,10,2.0,0,0.0
T04,0,12,2,4,10,2.0,0,0.0
T04,0,16,2,4,10,2.0,0,0.0
T04,0,19,2,4,10,2.0,0,0.0
T04,0,23,2,4,10,2.0,0,0.0
T04,0,27,2,4,10,2.0,0,0.0
T04,0,31,2,4,10,2.0,0,0.0
T04,0,35,2,4,10,2.0,1,7.464440540460096e-05
T04,0,0,2,8,10,2.0,0,0.0
T04,0,4,2,8,10,2.0,0,0.0
T04,0,8,2,8,10,2.0,0,0.0
T04,0,12,2,8,10,2.0,0,0.0
T04,0,16,2,8,10,2.0,0,0.0
T04,0,19,2,8,10,2.0,0,0.0
T04,0,23,2,8,10,2.0,0,0.0
T04,0,27,2,8,10,2.0,0,0.0
T04,0,31,2,8,10,2.0,0,0.0
T04,0,35,2,8,10,2.0,0,0.0
T04,0,0,3,1,14,32.0,1,3.631205419262623e-05
T04,0,4,3,1,14,32.0,1,0.00010080864738051722
T04,0,8,3,1,14,32.0,0,0.0
T04,0,12,3,1,14,32.0,0,0.0
T04,0,16,3,1,14,32.0,0,0.0
T04,0,19,3,1,14,32.0,2,0.02761170258026957
T04,0,23,3,1,14,32.0,1,1.2826668969122788e-05
T04,0,27,3,1,14,32.0,1,5.131563221759828e-05
T04,0,31,3,1,14,32.0,0,0.0
T04,0,35,3,1,14,32.0,0,0.0
T04,0,0,3,20,11,4.0,0,0.0
T04,0,4,3,20,11,4.0,0,0.0
T04,0,8,3,20,11,4.0,0,0.0
T04,0,12,3,20,11,4.0,0,0.0
T04,0,16,3,20,11,4.0,0,0.0
T04,0,19,3,20,11,4.0,0,0.0
T04,0,23,3,20,11,4.0,0,0.0
T04,0,27,3,20,11,4.0,0,0.0
T04,0,31,3,20,11,4.0,0,0.0
T04,0,35,3,20,11,4.0,0,0.0
T04,0,0,3,4,12,8.0,0,0.0
T04,0,4,3,4,12,8.0,0,0.0
T04,0,8,3,4,12,8.0,0,0.0
T04,0,12,3,4,12,8.0,1,3.7060748177891387e-06
T04,0,16,3,4,12,8.0,0,0.0
T04,0,19,3,4,12,8.0,0,0.0
T04,0,23,3,4,12,8.0,0,0.0
T04,0,27,3,4,12,8.0,0,0.0
T04,0,31,3,4,12,8.0,0,0.0
T04,0,35,3,4,12,8.0,0,0.0
T04,0,0,3,8,11,4.0,0,0.0
T04,0,4,3,8,11,4.0,0,0.0
T04,0,8,3,8,11,4.0,0,0.0
T04,0,12,3,8,11,4.0,0,0.0
T04,0,16,3,8,11,4.0,0,0.0
T04,0,19,3,8,11,4.0,0,0.0
T04,0,23,3,8,11,4.0,0,0.0
T04,0,27,3,8,11,4.0,0,0.0
T04,0,31,3,8,11,4.0,0,0.0
T04,0,35,3,8,11,4.0,0,0.0
T04,0,0,4,1,14,18.966871840805172,1,4.544671129831559e-05
T04,0,4,4,1,14,18.966871840805172,0,0.0
T04,0,8,4,1,14,18.966871840805172,0,0.0
T04,0,12,4,1,14,18.966871840805172,0,0.0
T04,0,16,4,1,14,18.966871840805172,0,0.0
T04,0,19,4,1,14,18.966871840805172,1,3.292910613385096e-05
T04,0,23,4,1,14,18.966871840805172,0,0.0
T04,0,27,4,1,14,18.966871840805172,0,0.0
T04,0,31,4,1,14,18.966871840805172,1,4.674145439381196e-05
T04,0,35,4,1,14,18.966871840805172,1,7.350096987206178e-06
T04,0,0,4,20,11,4.0,0,0.0
T04,0,4,4,20,11,4.0,0,0.0
T04,0,8,4,20,11,4.0,0,0.0
T04,0,12,4,20,11,4.0,0,0.0
T04,0,16,4,20,11,4.0,0,0.0
T04,0,19,4,20,11,4.0,0,0.0
T04,0,23,4,20,11,4.0,0,0.0
T04,0,27,4,20,11,4.0,0,0.0
T04,0,31,4,20,11,4.0,0,0.0
T04,0,35,4,20,11,4.0,0,0.0
T04,0,0,4,4,12,8.0,0,0.0
T04,0,4,4,4,12,8.0,0,0.0
T04,0,8,4,4,12,8.0,0,0.0
T04,0,12,4,4,12,8.0,0,0.0
T04,0,16,4,4,12,8.0,0,0.0
T04,0,19,4,4,12,8.0,0,0.0
T04,0,23,4,4,12,8.0,0,0.0
T04,0,27,4,4,12,8.0,0,0.0
T04,0,31,4,4,12,8.0,0,0.0
T04,0,35,4,4,12,8.0,0,0.0
T04,0,0,4,8,11,4.0,0,0.0
T04,0,4,4,8,11,4.0,0,0.0
T04,0,8,4,8,11,4.0,0,0.0
T04,0,12,4,8,11,4.0,0,0.0
T04,0,16,4,8,11,4.0,0,0.0
T04,0,19,4,8,11,4.0,0,0.0
T04,0,23,4,8,11,4.0,1,4.5971078041251966e-05
T04,0,27,4,8,11,4.0,0,0.0
T04,0,31,4,8,11,4.0,0,0.0
T04,0,35,4,8,11,4.0,0,0.0
T04,0,0,5,1,14,22.346665346616003,1,3.6544852903365455e-05
T04,0,4,5,1,14,22.346665346616003,1,2.9736241578541718e-05
T04,0,8,5,1,14,22.346665346616003,0,0.0
T04,0,12,5,1,14,22.346665346616003,0,0.0
T04,0,16,5,1,14,22.346665346616003,1,1.394701561942182e-05
T04,0,19,5,1,14,22.346665346616003,1,1.957391083051707e-06
T04,0,23,5,1,14,22.346665346616003,0,0.0
T04,0,27,5,1,14,22.346665346616003,2,4.1419419193188846e-05
T04,0,31,5,1,14,22.346665346616003,1,5.6768633014661965e-05
T04,0,35,5,1,14,22.346665346616003,0,0.0
T04,0,0,5,20,11,4.0,0,0.0
T04,0,4,5,20,11,4.0,0,0.0
T04,0,8,5,20,11,4.0,0,0.0
T04,0,12,5,20,11,4.0,1,5.579430530854371e-06
T04,0,16,5,20,11,4.0,0,0.0
T04,0,19,5,20,11,4.0,0,0.0
T04,0,23,5,20,11,4.0,1,1.1941859062152699e-05
T04,0,27,5,20,11,4.0,0,0.0
T04,0,31,5,20,11,4.0,0,0.0
T04,0,35,5,20,11,4.0,0,0.0
T04,0,0,5,4,13,16.0,0,0.0
T04,0,4,5,4,13,16.0,0,0.0
T04,0,8,5,4,13,16.0,0,0.0
T04,0,12,5,4,13,16.0,0,0.0
T04,0,16,5,4,13,16.0,0,0.0
T04,0,19,5,4,13,16.0,1,2.7273319409112408e-05
T04,0,23,5,4,13,16.0,1,4.253016553194648e-06
T04,0,27,5,4,13,16.0,1,1.1801834639904585e-05
T04,0,31,5,4,13,16.0,1,0.00011978139461399188
T04,0,35,5,4,13,16.0,0,0.0
T04,0,0,5,8,12,8.0,1,6.398556269198753e-05
T04,0,4,5,8,12,8.0,0,0.0
T04,0,8,5,8,12,8.0,0,0.0
T04,0,12,5,8,12,8.0,0,0.0
T04,0,16,5,8,12,8.0,0,0.0
T04,0,19,5,8,12,8.0,0,0.0
T04,0,23,5,8,12,8.0,1,1.5415957948390277e-05
T04,0,27,5,8,12,8.0,0,0.0
T04,0,31,5,8,12,8.0,1,5.0444183015863064e-05
T04,0,35,5,8,12,8.0,0,0.0
T04,1,0,0,1,11,3.902963774727229,1,1.829849706779397e-05
T04,1,4,0,1,11,3.902963774727229,1,6.075477893839783e-05
T04,1,8,0,1,11,3.902963774727229,1,2.3754821895414537e-05
T04,1,12,0,1,11,3.902963774727229,1,3.964551865844393e-05
T04,1,16,0,1,11,3.902963774727229,0,0.0
T04,1,19,0,1,11,3.902963774727229,0,0.0
T04,1,23,0,1,11,3.902963774727229,0,0.0
T04,1,27,0,1,11,3.902963774727229,0,0.0
T04,1,31,0,1,11,3.902963774727229,1,6.720265468607503e-05
T04,1,35,0,1,11,3.902963774727229,1,7.551027989241565e-05
T04,1,0,0,20,10,2.0,0,0.0
T04,1,4,0,20,10,2.0,0,0.0
T04,1,8,0,20,10,2.0,0,0.0
T04,1,12,0,20,10,2.0,0,0.0
T04,1,16,0,20,10,2.0,0,0.0
T04,1,19,0,20,10,2.0,0,0.0
T04,1,23,0,20,10,2.0,0,0.0
T04,1,27,0,20,10,2.0,0,0.0
T04,1,31,0,20,10,2.0,0,0.0
T04,1,35,0,20,10,2.0,0,0.0
T04,1,0,0,4,11,3.8938304741623453,0,0.0
T04,1,4,0,4,11,3.8938304741623453,0,0.0
T04,1,8,0,4,11,3.8938304741623453,0,0.0
T04,1,12,0,4,11,3.8938304741623453,0,0.0
T04,1,16,0,4,11,3.8938304741623453,0,0.0
T04,1,19,0,4,11,3.8938304741623453,0,0.0
T04,1,23,0,4,11,3.8938304741623453,0,0.0
T04,1,27,0,4,11,3.8938304741623453,0,0.0
T04,1,31,0,4,11,3.8938304741623453,0,0.0
T04,1,35,0,4,11,3.8938304741623453,0,0.0
T04,1,0,0,8,11,3.8938304741623453,0,0.0
T04,1,4,0,8,11,3.8938304741623453,0,0.0
T04,1,8,0,8,11,3.8938304741623453,0,0.0
T04,1,12,0,8,11,3.8938304741623453,0,0.0
T04,1,16,0,8,11,3.8938304741623453,0,0.0
T04,1,19,0,8,11,3.8938304741623453,0,0.0
T04,1,23,0,8,11,3.8938304741623453,0,0.0
T04,1,27,0,8,11,3.8938304741623453,0,0.0
T04,1,31,0,8,11,3.8938304741623453,0,0.0
T04,1,35,0,8,11,3.8938304741623453,0,0.0
T04,1,0,1,1,11,2.3741397299227804,0,0.0
T04,1,4,1,1,11,2.3741397299227804,0,0.0
T04,1,8,1,1,11,2.3741397299227804,0,0.0
T04,1,12,1,1,11,2.3741397299227804,0,0.0
T04,1,16,1,1,11,2.3741397299227804,0,0.0
T04,1,19,1,1,11,2.3741397299227804,1,1.6887890305752884e-05
T04,1,23,1,1,11,2.3741397299227804,0,0.0
T04,1,27,1,1,11,2.3741397299227804,0,0.0
T04,1,31,1,1,11,2.3741397299227804,0,0.0
T04,1,35,1,1,11,2.3741397299227804,1,0.00019262223241950718
T04,1,0,1,20,10,2.0,0,0.0
T04,1,4,1,20,10,2.0,0,0.0
T04,1,8,1,20,10,2.0,0,0.0
T04,1,12,1,20,10,2.0,0,0.0
T04,1,16,1,20,10,2.0,0,0.0
T04,1,19,1,20,10,2.0,1,0.05086004954701534
T04,1,23,1,20,10,2.0,0,0.0
T04,1,27,1,20,10,2.0,0,0.0
T04,1,31,1,20,10,2.0,0,0.0
T04,1,35,1,20,10,2.0,0,0.0
T04,1,0,1,4,11,2.278053130398081,0,0.0
T04,1,4,1,4,11,2.278053130398081,0,0.0
T04,1,8,1,4,11,2.278053130398081,0,0.0
T04,1,12,1,4,11,2.278053130398081,0,0.0
T04,1,16,1,4,11,2.278053130398081,1,0.0003974519866059012
T04,1,19,1,4,11,2.278053130398081,2,0.015775704146136105
T04,1,23,1,4,11,2.278053130398081,0,0.0
T04,1,27,1,4,11,2.278053130398081,0,0.0
T04,1,31,1,4,11,2.278053130398081,0,0.0
T04,1,35,1,4,11,2.278053130398081,0,0.0
T04,1,0,1,8,11,2.278053130398081,0,0.0
T04,1,4,1,8,11,2.278053130398081,0,0.0
T04,1,8,1,8,11,2.278053130398081,0,0.0
T04,1,12,1,8,11,2.278053130398081,0,0.0
T04,1,16,1,8,11,2.278053130398081,0,0.0
T04,1,19,1,8,11,2.278053130398081,2,0.020003556535053146
T04,1,23,1,8,11,2.278053130398081,0,0.0
T04,1,27,1,8,11,2.278053130398081,0,0.0
T04,1,31,1,8,11,2.278053130398081,1,4.5541976776145715e-05
T04,1,35,1,8,11,2.278053130398081,0,0.0
T04,1,0,2,1,11,2.1213008113019622,0,0.0
T04,1,4,2,1,11,2.1213008113019622,0,0.0
T04,1,8,2,1,11,2.1213008113019622,0,0.0
T04,1,12,2,1,11,2.1213008113019622,0,0.0
T04,1,16,2,1,11,2.1213008113019622,0,0.0
T04,1,19,2,1,11,2.1213008113019622,0,0.0
T04,1,23,2,1,11,2.1213008113019622,0,0.0
T04,1,27,2,1,11,2.1213008113019622,0,0.0
T04,1,31,2,1,11,2.1213008113019622,0,0.0
T04,1,35,2,1,11,2.1213008113019622,0,0.0
T04,1,0,2,20,10,2.0,0,0.0
T04,1,4,2,20,10,2.0,0,0.0
T04,1,8,2,20,10,2.0,0,0.0
T04,1,12,2,20,10,2.0,0,0.0
T04,1,16,2,20,10,2.0,0,0.0
T04,1,19,2,20,10,2.0,0,0.0
T04,1,23,2,20,10,2.0,1,0.002655963139205686
T04,1,27,2,20,10,2.0,0,0.0
T04,1,31,2,20,10,2.0,0,0.0
T04,1,35,2,20,10,2.0,0,0.0
T04,1,0,2,4,10,2.0,0,0.0
T04,1,4,2,4,10,2.0,0,0.0
T04,1,8,2,4,10,2.0,0,0.0
T04,1,12,2,4,10,2.0,0,0.0
T04,1,16,2,4,10,2.0,0,0.0
T04,1,19,2,4,10,2.0,0,0.0
T04,1,23,2,4,10,2.0,0,0.0
T04,1,27,2,4,10,2.0,0,0.0
T04,1,31,2,4,10,2.0,0,0.0
T04,1,35,2,4,10,2.0,0,0.0
T04,1,0,2,8,10,2.0,0,0.0
T04,1,4,2,8,10,2.0,0,0.0
T04,1,8,2,8,10,2.0,0,0.0
T04,1,12,2,8,10,2.0,0,0.0
T04,1,16,2,8,10,2.0,0,0.0
T04,1,19,2,8,10,2.0,0,0.0
T04,1,23,2,8,10,2.0,1,0.00030742899931979206
T04,1,27,2,8,10,2.0,0,0.0
T04,1,31,2,8,10,2.0,0,0.0
T04,1,35,2,8,10,2.0,0,0.0
T04,1,0,3,1,14,32.0,0,0.0
T04,1,4,3,1,14,32.0,0,0.0
T04,1,8,3,1,14,32.0,2,3.201977882070009e-06
T04,1,12,3,1,14,32.0,0,0.0
T04,1,16,3,1,14,32.0,0,0.0
T04,1,19,3,1,14,32.0,0,0.0
T04,1,23,3,1,14,32.0,1,0.0014768435610456043
T04,1,27,3,1,14,32.0,0,0.0
T04,1,31,3,1,14,32.0,1,4.175058308032373e-06
T04,1,35,3,1,14,32.0,1,6.675530588346953e-05
T04,1,0,3,20,11,4.0,0,0.0
T04,1,4,3,20,11,4.0,0,0.0
T04,1,8,3,20,11,4.0,0,0.0
T04,1,12,3,20,11,4.0,0,0.0
T04,1,16,3,20,11,4.0,0,0.0
T04,1,19,3,20,11,4.0,0,0.0
T04,1,23,3,20,11,4.0,0,0.0
T04,1,27,3,20,11,4.0,0,0.0
T04,1,31,3,20,11,4.0,0,0.0
T04,1,35,3,20,11,4.0,0,0.0
T04,1,0,3,4,13,16.0,0,0.0
T04,1,4,3,4,13,16.0,0,0.0
T04,1,8,3,4,13,16.0,0,0.0
T04,1,12,3,4,13,16.0,0,0.0
T04,1,16,3,4,13,16.0,0,0.0
T04,1,19,3,4,13,16.0,2,0.010859796165611502
T04,1,23,3,4,13,16.0,0,0.0
T04,1,27,3,4,13,16.0,0,0.0
T04,1,31,3,4,13,16.0,0,0.0
T04,1,35,3,4,13,16.0,0,0.0
T04,1,0,3,8,12,8.0,0,0.0
T04,1,4,3,8,12,8.0,0,0.0
T04,1,8,3,8,12,8.0,0,0.0
T04,1,12,3,8,12,8.0,0,0.0
T04,1,16,3,8,12,8.0,0,0.0
T04,1,19,3,8,12,8.0,0,0.0
T04,1,23,3,8,12,8.0,1,4.466655143235514e-06
T04,1,27,3,8,12,8.0,0,0.0
T04,1,31,3,8,12,8.0,0,0.0
T04,1,35,3,8,12,8.0,0,0.0
T04,1,0,4,1,14,18.966871840805172,1,4.515834091249615e-05
T04,1,4,4,1,14,18.966871840805172,0,0.0
T04,1,8,4,1,14,18.966871840805172,0,0.0
T04,1,12,4,1,14,18.966871840805172,0,0.0
T04,1,16,4,1,14,18.966871840805172,0,0.0
T04,1,19,4,1,14,18.966871840805172,0,0.0
T04,1,23,4,1,14,18.966871840805172,0,0.0
T04,1,27,4,1,14,18.966871840805172,1,5.110829427964689e-05
T04,1,31,4,1,14,18.966871840805172,1,2.55171641357875e-05
T04,1,35,4,1,14,18.966871840805172,0,0.0
T04,1,0,4,20,11,4.0,0,0.0
T04,1,4,4,20,11,4.0,0,0.0
T04,1,8,4,20,11,4.0,0,0.0
T04,1,12,4,20,11,4.0,0,0.0
T04,1,16,4,20,11,4.0,0,0.0
T04,1,19,4,20,11,4.0,0,0.0
T04,1,23,4,20,11,4.0,0,0.0
T04,1,27,4,20,11,4.0,0,0.0
T04,1,31,4,20,11,4.0,0,0.0
T04,1,35,4,20,11,4.0,0,0.0
T04,1,0,4,4,12,8.0,1,2.4822871966956837e-05
T04,1,4,4,4,12,8.0,1,2.55627491704824e-06
T04,1,8,4,4,12,8.0,1,5.257300531966418e-05
T04,1,12,4,4,12,8.0,0,0.0
T04,1,16,4,4,12,8.0,0,0.0
T04,1,19,4,4,12,8.0,0,0.0
T04,1,23,4,4,12,8.0,0,0.0
T04,1,27,4,4,12,8.0,0,0.0
T04,1,31,4,4,12,8.0,0,0.0
T04,1,35,4,4,12,8.0,0,0.0
T04,1,0,4,8,11,4.0,0,0.0
T04,1,4,4,8,11,4.0,0,0.0
T04,1,8,4,8,11,4.0,0,0.0
T04,1,12,4,8,11,4.0,0,0.0
T04,1,16,4,8,11,4.0,0,0.0
T04,1,19,4,8,11,4.0,0,0.0
T04,1,23,4,8,11,4.0,0,0.0
T04,1,27,4,8,11,4.0,0,0.0
T04,1,31,4,8,11,4.0,0,0.0
T04,1,35,4,8,11,4.0,0,0.0
T04,1,0,5,1,14,22.346665346616003,0,0.0
T04,1,4,5,1,14,22.346665346616003,0,0.0
T04,1,8,5,1,14,22.346665346616003,0,0.0
T04,1,12,5,1,14,22.346665346616003,1,6.836229510013029e-05
T04,1,16,5,1,14,22.346665346616003,0,0.0
T04,1,19,5,1,14,22.346665346616003,0,0.0
T04,1,23,5,1,14,22.346665346616003,1,1.5246251905929285e-05
T04,1,27,5,1,14,22.346665346616003,0,0.0
T04,1,31,5,1,14,22.346665346616003,0,0.0
T04,1,35,5,1,14,22.346665346616003,1,0.00013426338562243928
T04,1,0,5,20,11,4.0,0,0.0
T04,1,4,5,20,11,4.0,0,0.0
T04,1,8,5,20,11,4.0,0,0.0
T04,1,12,5,20,11,4.0,0,0.0
T04,1,16,5,20,11,4.0,0,0.0
T04,1,19,5,20,11,4.0,0,0.0
T04,1,23,5,20,11,4.0,0,0.0
T04,1,27,5,20,11,4.0,0,0.0
T04,1,31,5,20,11,4.0,0,0.0
T04,1,35,5,20,11,4.0,0,0.0
T04,1,0,5,4,13,16.0,0,0.0
T04,1,4,5,4,13,16.0,0,0.0
T04,1,8,5,4,13,16.0,0,0.0
T04,1,12,5,4,13,16.0,0,0.0
T04,1,16,5,4,13,16.0,0,0.0
T04,1,19,5,4,13,16.0,0,0.0
T04,1,23,5,4,13,16.0,0,0.0
T04,1,27,5,4,13,16.0,0,0.0
T04,1,31,5,4,13,16.0,2,0.00010669094504615201
T04,1,35,5,4,13,16.0,0,0.0
T04,1,0,5,8,12,8.0,0,0.0
T04,1,4,5,8,12,8.0,0,0.0
T04,1,8,5,8,12,8.0,0,0.0
T04,1,12,5,8,12,8.0,0,0.0
T04,1,16,5,8,12,8.0,0,0.0
T04,1,19,5,8,12,8.0,0,0.0
T04,1,23,5,8,12,8.0,0,0.0
T04,1,27,5,8,12,8.0,0,0.0
T04,1,31,5,8,12,8.0,1,8.601487931738858e-06
T04,1,35,5,8,12,8.0,0,0.0
T04,2,0,0,1,11,3.902963774727229,1,0.0001395752662177634
T04,2,4,0,1,11,3.902963774727229,0,0.0
T04,2,8,0,1,11,3.902963774727229,0,0.0
T04,2,12,0,1,11,3.902963774727229,0,0.0
T04,2,16,0,1,11,3.902963774727229,0,0.0
T04,2,19,0,1,11,3.902963774727229,0,0.0
T04,2,23,0,1,11,3.902963774727229,0,0.0
T04,2,27,0,1,11,3.902963774727229,0,0.0
T04,2,31,0,1,11,3.902963774727229,0,0.0
T04,2,35,0,1,11,3.902963774727229,0,0.0
T04,2,0,0,20,10,2.0,0,0.0
T04,2,4,0,20,10,2.0,0,0.0
T04,2,8,0,20,10,2.0,0,0.0
T04,2,12,0,20,10,2.0,0,0.0
T04,2,16,0,20,10,2.0,0,0.0
T04,2,19,0,20,10,2.0,0,0.0
T04,2,23,0,20,10,2.0,0,0.0
T04,2,27,0,20,10,2.0,0,0.0
T04,2,31,0,20,10,2.0,0,0.0
T04,2,35,0,20,10,2.0,0,0.0
T04,2,0,0,4,11,3.8938304741623453,0,0.0
T04,2,4,0,4,11,3.8938304741623453,0,0.0
T04,2,8,0,4,11,3.8938304741623453,0,0.0
T04,2,12,0,4,11,3.8938304741623453,0,0.0
T04,2,16,0,4,11,3.8938304741623453,0,0.0
T04,2,19,0,4,11,3.8938304741623453,0,0.0
T04,2,23,0,4,11,3.8938304741623453,0,0.0
T04,2,27,0,4,11,3.8938304741623453,0,0.0
T04,2,31,0,4,11,3.8938304741623453,0,0.0
T04,2,35,0,4,11,3.8938304741623453,1,0.0002601453798797733
T04,2,0,0,8,11,3.8938304741623453,0,0.0
T04,2,4,0,8,11,3.8938304741623453,0,0.0
T04,2,8,0,8,11,3.8938304741623453,0,0.0
T04,2,12,0,8,11,3.8938304741623453,0,0.0
T04,2,16,0,8,11,3.8938304741623453,0,0.0
T04,2,19,0,8,11,3.8938304741623453,0,0.0
T04,2,23,0,8,11,3.8938304741623453,0,0.0
T04,2,27,0,8,11,3.8938304741623453,0,0.0
T04,2,31,0,8,11,3.8938304741623453,0,0.0
T04,2,35,0,8,11,3.8938304741623453,0,0.0
T04,2,0,1,1,11,2.3741397299227804,0,0.0
T04,2,4,1,1,11,2.3741397299227804,0,0.0
T04,2,8,1,1,11,2.3741397299227804,0,0.0
T04,2,12,1,1,11,2.3741397299227804,0,0.0
T04,2,16,1,1,11,2.3741397299227804,0,0.0
T04,2,19,1,1,11,2.3741397299227804,0,0.0
T04,2,23,1,1,11,2.3741397299227804,0,0.0
T04,2,27,1,1,11,2.3741397299227804,0,0.0
T04,2,31,1,1,11,2.3741397299227804,0,0.0
T04,2,35,1,1,11,2.3741397299227804,1,0.00038558199386481626
T04,2,0,1,20,10,2.0,0,0.0
T04,2,4,1,20,10,2.0,0,0.0
T04,2,8,1,20,10,2.0,0,0.0
T04,2,12,1,20,10,2.0,0,0.0
T04,2,16,1,20,10,2.0,0,0.0
T04,2,19,1,20,10,2.0,1,0.02704207893770172
T04,2,23,1,20,10,2.0,0,0.0
T04,2,27,1,20,10,2.0,0,0.0
T04,2,31,1,20,10,2.0,0,0.0
T04,2,35,1,20,10,2.0,0,0.0
T04,2,0,1,4,11,2.278053130398081,0,0.0
T04,2,4,1,4,11,2.278053130398081,0,0.0
T04,2,8,1,4,11,2.278053130398081,0,0.0
T04,2,12,1,4,11,2.278053130398081,0,0.0
T04,2,16,1,4,11,2.278053130398081,0,0.0
T04,2,19,1,4,11,2.278053130398081,1,0.004416737675866353
T04,2,23,1,4,11,2.278053130398081,0,0.0
T04,2,27,1,4,11,2.278053130398081,0,0.0
T04,2,31,1,4,11,2.278053130398081,0,0.0
T04,2,35,1,4,11,2.278053130398081,0,0.0
T04,2,0,1,8,11,2.278053130398081,0,0.0
T04,2,4,1,8,11,2.278053130398081,0,0.0
T04,2,8,1,8,11,2.278053130398081,0,0.0
T04,2,12,1,8,11,2.278053130398081,0,0.0
T04,2,16,1,8,11,2.278053130398081,0,0.0
T04,2,19,1,8,11,2.278053130398081,2,0.007607698893644849
T04,2,23,1,8,11,2.278053130398081,0,0.0
T04,2,27,1,8,11,2.278053130398081,0,0.0
T04,2,31,1,8,11,2.278053130398081,0,0.0
T04,2,35,1,8,11,2.278053130398081,1,0.00027580440028618716
T04,2,0,2,1,11,2.1213008113019622,0,0.0
T04,2,4,2,1,11,2.1213008113019622,0,0.0
T04,2,8,2,1,11,2.1213008113019622,0,0.0
T04,2,12,2,1,11,2.1213008113019622,0,0.0
T04,2,16,2,1,11,2.1213008113019622,0,0.0
T04,2,19,2,1,11,2.1213008113019622,0,0.0
T04,2,23,2,1,11,2.1213008113019622,1,0.013189133005882842
T04,2,27,2,1,11,2.1213008113019622,0,0.0
T04,2,31,2,1,11,2.1213008113019622,0,0.0
T04,2,35,2,1,11,2.1213008113019622,0,0.0
T04,2,0,2,20,10,2.0,0,0.0
T04,2,4,2,20,10,2.0,0,0.0
T04,2,8,2,20,10,2.0,0,0.0
T04,2,12,2,20,10,2.0,0,0.0
T04,2,16,2,20,10,2.0,0,0.0
T04,2,19,2,20,10,2.0,0,0.0
T04,2,23,2,20,10,2.0,0,0.0
T04,2,27,2,20,10,2.0,0,0.0
T04,2,31,2,20,10,2.0,0,0.0
T04,2,35,2,20,10,2.0,0,0.0
T04,2,0,2,4,11,2.1213008113019622,0,0.0
T04,2,4,2,4,11,2.1213008113019622,0,0.0
T04,2,8,2,4,11,2.1213008113019622,0,0.0
T04,2,12,2,4,11,2.1213008113019622,0,0.0
T04,2,16,2,4,11,2.1213008113019622,0,0.0
T04,2,19,2,4,11,2.1213008113019622,0,0.0
T04,2,23,2,4,11,2.1213008113019622,0,0.0
T04,2,27,2,4,11,2.1213008113019622,0,0.0
T04,2,31,2,4,11,2.1213008113019622,0,0.0
T04,2,35,2,4,11,2.1213008113019622,0,0.0
T04,2,0,2,8,10,2.0,0,0.0
T04,2,4,2,8,10,2.0,0,0.0
T04,2,8,2,8,10,2.0,0,0.0
T04,2,12,2,8,10,2.0,0,0.0
T04,2,16,2,8,10,2.0,0,0.0
T04,2,19,2,8,10,2.0,0,0.0
T04,2,23,2,8,10,2.0,0,0.0
T04,2,27,2,8,10,2.0,0,0.0
T04,2,31,2,8,10,2.0,0,0.0
T04,2,35,2,8,10,2.0,0,0.0
T04,2,0,3,1,14,32.0,1,5.009327119264795e-05
T04,2,4,3,1,14,32.0,0,0.0
T04,2,8,3,1,14,32.0,0,0.0
T04,2,12,3,1,14,32.0,1,2.643737106160747e-05
T04,2,16,3,1,14,32.0,0,0.0
T04,2,19,3,1,14,32.0,0,0.0
T04,2,23,3,1,14,32.0,1,0.004124873979965943
T04,2,27,3,1,14,32.0,2,1.725249674748401e-05
T04,2,31,3,1,14,32.0,0,0.0
T04,2,35,3,1,14,32.0,1,2.8998872792843772e-05
T04,2,0,3,20,11,4.0,0,0.0
T04,2,4,3,20,11,4.0,0,0.0
T04,2,8,3,20,11,4.0,0,0.0
T04,2,12,3,20,11,4.0,0,0.0
T04,2,16,3,20,11,4.0,0,0.0
T04,2,19,3,20,11,4.0,0,0.0
T04,2,23,3,20,11,4.0,0,0.0
T04,2,27,3,20,11,4.0,0,0.0
T04,2,31,3,20,11,4.0,0,0.0
T04,2,35,3,20,11,4.0,0,0.0
T04,2,0,3,4,13,16.0,0,0.0
T04,2,4,3,4,13,16.0,0,0.0
T04,2,8,3,4,13,16.0,0,0.0
T04,2,12,3,4,13,16.0,0,0.0
T04,2,16,3,4,13,16.0,1,1.7808081359551274e-05
T04,2,19,3,4,13,16.0,2,0.0006411159969409441
T04,2,23,3,4,13,16.0,1,0.0033074145375628777
T04,2,27,3,4,13,16.0,0,0.0
T04,2,31,3,4,13,16.0,1,1.9352462076911714e-05
T04,2,35,3,4,13,16.0,0,0.0
T04,2,0,3,8,12,8.0,0,0.0
T04,2,4,3,8,12,8.0,0,0.0
T04,2,8,3,8,12,8.0,0,0.0
T04,2,12,3,8,12,8.0,0,0.0
T04,2,16,3,8,12,8.0,0,0.0
T04,2,19,3,8,12,8.0,0,0.0
T04,2,23,3,8,12,8.0,1,0.0021108642555304896
T04,2,27,3,8,12,8.0,0,0.0
T04,2,31,3,8,12,8.0,1,3.4794138815854095e-05
T04,2,35,3,8,12,8.0,0,0.0
T04,2,0,4,1,14,18.966871840805172,0,0.0
T04,2,4,4,1,14,18.966871840805172,0,0.0
T04,2,8,4,1,14,18.966871840805172,0,0.0
T04,2,12,4,1,14,18.966871840805172,0,0.0
T04,2,16,4,1,14,18.966871840805172,1,3.257355458812384e-05
T04,2,19,4,1,14,18.966871840805172,1,2.3827666008951684e-06
T04,2,23,4,1,14,18.966871840805172,0,0.0
T04,2,27,4,1,14,18.966871840805172,0,0.0
T04,2,31,4,1,14,18.966871840805172,0,0.0
T04,2,35,4,1,14,18.966871840805172,1,3.9994522475099437e-05
T04,2,0,4,20,11,4.0,0,0.0
T04,2,4,4,20,11,4.0,0,0.0
T04,2,8,4,20,11,4.0,0,0.0
T04,2,12,4,20,11,4.0,0,0.0
T04,2,16,4,20,11,4.0,0,0.0
T04,2,19,4,20,11,4.0,0,0.0
T04,2,23,4,20,11,4.0,0,0.0
T04,2,27,4,20,11,4.0,0,0.0
T04,2,31,4,20,11,4.0,0,0.0
T04,2,35,4,20,11,4.0,0,0.0
T04,2,0,4,4,13,16.0,1,1.2298457551471534e-05
T04,2,4,4,4,13,16.0,0,0.0
T04,2,8,4,4,13,16.0,0,0.0
T04,2,12,4,4,13,16.0,1,3.587625052695401e-05
T04,2,16,4,4,13,16.0,1,1.8269861943937676e-05
T04,2,19,4,4,13,16.0,1,4.078283909930355e-05
T04,2,23,4,4,13,16.0,0,0.0
T04,2,27,4,4,13,16.0,0,0.0
T04,2,31,4,4,13,16.0,0,0.0
T04,2,35,4,4,13,16.0,0,0.0
T04,2,0,4,8,12,8.0,0,0.0
T04,2,4,4,8,12,8.0,0,0.0
T04,2,8,4,8,12,8.0,0,0.0
T04,2,12,4,8,12,8.0,0,0.0
T04,2,16,4,8,12,8.0,0,0.0
T04,2,19,4,8,12,8.0,0,0.0
T04,2,23,4,8,12,8.0,0,0.0
T04,2,27,4,8,12,8.0,0,0.0
T04,2,31,4,8,12,8.0,0,0.0
T04,2,35,4,8,12,8.0,0,0.0
T04,2,0,5,1,14,22.346665346616003,0,0.0
T04,2,4,5,1,14,22.346665346616003,1,1.253365961640003e-06
T04,2,8,5,1,14,22.346665346616003,2,2.6917233668255318e-05
T04,2,12,5,1,14,22.346665346616003,0,0.0
T04,2,16,5,1,14,22.346665346616003,0,0.0
T04,2,19,5,1,14,22.346665346616003,0,0.0
T04,2,23,5,1,14,22.346665346616003,1,3.706834131721789e-05
T04,2,27,5,1,14,22.346665346616003,0,0.0
T04,2,31,5,1,14,22.346665346616003,1,3.369920344887742e-05
T04,2,35,5,1,14,22.346665346616003,1,8.203670474866281e-05
T04,2,0,5,20,11,4.0,0,0.0
T04,2,4,5,20,11,4.0,0,0.0
T04,2,8,5,20,11,4.0,0,0.0
T04,2,12,5,20,11,4.0,0,0.0
T04,2,16,5,20,11,4.0,0,0.0
T04,2,19,5,20,11,4.0,0,0.0
T04,2,23,5,20,11,4.0,0,0.0
T04,2,27,5,20,11,4.0,0,0.0
T04,2,31,5,20,11,4.0,0,0.0
T04,2,35,5,20,11,4.0,0,0.0
T04,2,0,5,4,14,22.346665346616003,0,0.0
T04,2,4,5,4,14,22.346665346616003,0,0.0
T04,2,8,5,4,14,22.346665346616003,1,7.600928940017758e-06
T04,2,12,5,4,14,22.346665346616003,0,0.0
T04,2,16,5,4,14,22.346665346616003,0,0.0
T04,2,19,5,4,14,22.346665346616003,1,0.006395972252768778
T04,2,23,5,4,14,22.346665346616003,0,0.0
T04,2,27,5,4,14,22.346665346616003,0,0.0
T04,2,31,5,4,14,22.346665346616003,1,6.55990005676687e-05
T04,2,35,5,4,14,22.346665346616003,0,0.0
T04,2,0,5,8,13,16.0,1,2.1317552973243448e-05
T04,2,4,5,8,13,16.0,0,0.0
T04,2,8,5,8,13,16.0,0,0.0
T04,2,12,5,8,13,16.0,0,0.0
T04,2,16,5,8,13,16.0,0,0.0
T04,2,19,5,8,13,16.0,0,0.0
T04,2,23,5,8,13,16.0,0,0.0
T04,2,27,5,8,13,16.0,0,0.0
T04,2,31,5,8,13,16.0,0,0.0
T04,2,35,5,8,13,16.0,0,0.0
T05,0,0,0,1,11,2.685400523608542,0,0.0
T05,0,4,0,1,11,2.685400523608542,1,6.460770153435963e-05
T05,0,8,0,1,11,2.685400523608542,0,0.0
T05,0,12,0,1,11,2.685400523608542,0,0.0
T05,0,16,0,1,11,2.685400523608542,0,0.0
T05,0,19,0,1,11,2.685400523608542,0,0.0
T05,0,23,0,1,11,2.685400523608542,0,0.0
T05,0,27,0,1,11,2.685400523608542,0,0.0
T05,0,31,0,1,11,2.685400523608542,0,0.0
T05,0,35,0,1,11,2.685400523608542,0,0.0
T05,0,0,0,20,10,2.0,0,0.0
T05,0,4,0,20,10,2.0,0,0.0
T05,0,8,0,20,10,2.0,0,0.0
T05,0,12,0,20,10,2.0,0,0.0
T05,0,16,0,20,10,2.0,0,0.0
T05,0,19,0,20,10,2.0,0,0.0
T05,0,23,0,20,10,2.0,0,0.0
T05,0,27,0,20,10,2.0,0,0.0
T05,0,31,0,20,10,2.0,0,0.0
T05,0,35,0,20,10,2.0,0,0.0
T05,0,0,0,4,11,2.685400523608542,0,0.0
T05,0,4,0,4,11,2.685400523608542,0,0.0
T05,0,8,0,4,11,2.685400523608542,0,0.0
T05,0,12,0,4,11,2.685400523608542,0,0.0
T05,0,16,0,4,11,2.685400523608542,0,0.0
T05,0,19,0,4,11,2.685400523608542,0,0.0
T05,0,23,0,4,11,2.685400523608542,0,0.0
T05,0,27,0,4,11,2.685400523608542,0,0.0
T05,0,31,0,4,11,2.685400523608542,0,0.0
T05,0,35,0,4,11,2.685400523608542,0,0.0
T05,0,0,0,8,11,2.685400523608542,0,0.0
T05,0,4,0,8,11,2.685400523608542,0,0.0
T05,0,8,0,8,11,2.685400523608542,0,0.0
T05,0,12,0,8,11,2.685400523608542,0,0.0
T05,0,16,0,8,11,2.685400523608542,0,0.0
T05,0,19,0,8,11,2.685400523608542,0,0.0
T05,0,23,0,8,11,2.685400523608542,1,4.2013223734246874e-05
T05,0,27,0,8,11,2.685400523608542,0,0.0
T05,0,31,0,8,11,2.685400523608542,0,0.0
T05,0,35,0,8,11,2.685400523608542,0,0.0
T05,0,0,1,1,12,6.397875633349335,0,0.0
T05,0,4,1,1,12,6.397875633349335,0,0.0
T05,0,8,1,1,12,6.397875633349335,0,0.0
T05,0,12,1,1,12,6.397875633349335,0,0.0
T05,0,16,1,1,12,6.397875633349335,0,0.0
T05,0,19,1,1,12,6.397875633349335,0,0.0
T05,0,23,1,1,12,6.397875633349335,0,0.0
T05,0,27,1,1,12,6.397875633349335,0,0.0
T05,0,31,1,1,12,6.397875633349335,0,0.0
T05,0,35,1,1,12,6.397875633349335,0,0.0
T05,0,0,1,20,12,5.211360515891823,0,0.0
T05,0,4,1,20,12,5.211360515891823,0,0.0
T05,0,8,1,20,12,5.211360515891823,0,0.0
T05,0,12,1,20,12,5.211360515891823,0,0.0
T05,0,16,1,20,12,5.211360515891823,2,0.11814263630376515
T05,0,19,1,20,12,5.211360515891823,2,0.03427333999640578
T05,0,23,1,20,12,5.211360515891823,1,0.00464249171397374
T05,0,27,1,20,12,5.211360515891823,0,0.0
T05,0,31,1,20,12,5.211360515891823,0,0.0
T05,0,35,1,20,12,5.211360515891823,0,0.0
T05,0,0,1,4,12,6.397875633349335,0,0.0
T05,0,4,1,4,12,6.397875633349335,0,0.0
T05,0,8,1,4,12,6.397875633349335,0,0.0
T05,0,12,1,4,12,6.397875633349335,0,0.0
T05,0,16,1,4,12,6.397875633349335,1,0.018905875108615633
T05,0,19,1,4,12,6.397875633349335,1,0.00039860959869456036
T05,0,23,1,4,12,6.397875633349335,1,2.2647976054418484e-06
T05,0,27,1,4,12,6.397875633349335,0,0.0
T05,0,31,1,4,12,6.397875633349335,1,0.00010120122422894312
T05,0,35,1,4,12,6.397875633349335,0,0.0
T05,0,0,1,8,12,6.397875633349335,0,0.0
T05,0,4,1,8,12,6.397875633349335,0,0.0
T05,0,8,1,8,12,6.397875633349335,0,0.0
T05,0,12,1,8,12,6.397875633349335,0,0.0
T05,0,16,1,8,12,6.397875633349335,1,0.07515552464321956
T05,0,19,1,8,12,6.397875633349335,1,0.012222661459815376
T05,0,23,1,8,12,6.397875633349335,0,0.0
T05,0,27,1,8,12,6.397875633349335,0,0.0
T05,0,31,1,8,12,6.397875633349335,0,0.0
T05,0,35,1,8,12,6.397875633349335,0,0.0
T05,0,0,2,1,11,3.382553694058187,0,0.0
T05,0,4,2,1,11,3.382553694058187,0,0.0
T05,0,8,2,1,11,3.382553694058187,0,0.0
T05,0,12,2,1,11,3.382553694058187,0,0.0
T05,0,16,2,1,11,3.382553694058187,0,0.0
T05,0,19,2,1,11,3.382553694058187,0,0.0
T05,0,23,2,1,11,3.382553694058187,0,0.0
T05,0,27,2,1,11,3.382553694058187,0,0.0
T05,0,31,2,1,11,3.382553694058187,0,0.0
T05,0,35,2,1,11,3.382553694058187,0,0.0
T05,0,0,2,20,10,2.0,0,0.0
T05,0,4,2,20,10,2.0,0,0.0
T05,0,8,2,20,10,2.0,0,0.0
T05,0,12,2,20,10,2.0,0,0.0
T05,0,16,2,20,10,2.0,0,0.0
T05,0,19,2,20,10,2.0,0,0.0
T05,0,23,2,20,10,2.0,0,0.0
T05,0,27,2,20,10,2.0,0,0.0
T05,0,31,2,20,10,2.0,0,0.0
T05,0,35,2,20,10,2.0,0,0.0
T05,0,0,2,4,11,3.382553694058187,0,0.0
T05,0,4,2,4,11,3.382553694058187,0,0.0
T05,0,8,2,4,11,3.382553694058187,0,0.0
T05,0,12,2,4,11,3.382553694058187,0,0.0
T05,0,16,2,4,11,3.382553694058187,0,0.0
T05,0,19,2,4,11,3.382553694058187,0,0.0
T05,0,23,2,4,11,3.382553694058187,0,0.0
T05,0,27,2,4,11,3.382553694058187,0,0.0
T05,0,31,2,4,11,3.382553694058187,0,0.0
T05,0,35,2,4,11,3.382553694058187,1,0.00017898580228441208
T05,0,0,2,8,11,3.382553694058187,0,0.0
T05,0,4,2,8,11,3.382553694058187,0,0.0
T05,0,8,2,8,11,3.382553694058187,0,0.0
T05,0,12,2,8,11,3.382553694058187,0,0.0
T05,0,16,2,8,11,3.382553694058187,0,0.0
T05,0,19,2,8,11,3.382553694058187,0,0.0
T05,0,23,2,8,11,3.382553694058187,0,0.0
T05,0,27,2,8,11,3.382553694058187,0,0.0
T05,0,31,2,8,11,3.382553694058187,0,0.0
T05,0,35,2,8,11,3.382553694058187,0,0.0
T05,0,0,3,1,15,36.56192333871103,1,6.0327813296470745e-05
T05,0,4,3,1,15,36.56192333871103,0,0.0
T05,0,8,3,1,15,36.56192333871103,1,5.379226759270016e-06
T05,0,12,3,1,15,36.56192333871103,0,0.0
T05,0,16,3,1,15,36.56192333871103,0,0.0
T05,0,19,3,1,15,36.56192333871103,2,0.01090361238505791
T05,0,23,3,1,15,36.56192333871103,1,6.61761294565447e-05
T05,0,27,3,1,15,36.56192333871103,1,3.452054982606978e-05
T05,0,31,3,1,15,36.56192333871103,1,0.00022378799597977915
T05,0,35,3,1,15,36.56192333871103,1,8.70831958260862e-05
T05,0,0,3,20,11,4.0,0,0.0
T05,0,4,3,20,11,4.0,0,0.0
T05,0,8,3,20,11,4.0,0,0.0
T05,0,12,3,20,11,4.0,0,0.0
T05,0,16,3,20,11,4.0,0,0.0
T05,0,19,3,20,11,4.0,0,0.0
T05,0,23,3,20,11,4.0,0,0.0
T05,0,27,3,20,11,4.0,0,0.0
T05,0,31,3,20,11,4.0,0,0.0
T05,0,35,3,20,11,4.0,0,0.0
T05,0,0,3,4,13,16.0,1,4.0728926131095716e-05
T05,0,4,3,4,13,16.0,0,0.0
T05,0,8,3,4,13,16.0,0,0.0
T05,0,12,3,4,13,16.0,0,0.0
T05,0,16,3,4,13,16.0,0,0.0
T05,0,19,3,4,13,16.0,1,0.02402787308584925
T05,0,23,3,4,13,16.0,0,0.0
T05,0,27,3,4,13,16.0,0,0.0
T05,0,31,3,4,13,16.0,0,0.0
T05,0,35,3,4,13,16.0,0,0.0
T05,0,0,3,8,12,8.0,0,0.0
T05,0,4,3,8,12,8.0,1,3.3269152196089766e-06
T05,0,8,3,8,12,8.0,0,0.0
T05,0,12,3,8,12,8.0,0,0.0
T05,0,16,3,8,12,8.0,0,0.0
T05,0,19,3,8,12,8.0,0,0.0
T05,0,23,3,8,12,8.0,0,0.0
T05,0,27,3,8,12,8.0,0,0.0
T05,0,31,3,8,12,8.0,0,0.0
T05,0,35,3,8,12,8.0,0,0.0
T05,0,0,4,1,14,19.67713159041595,1,0.00016706462500474042
T05,0,4,4,1,14,19.67713159041595,0,0.0
T05,0,8,4,1,14,19.67713159041595,0,0.0
T05,0,12,4,1,14,19.67713159041595,0,0.0
T05,0,16,4,1,14,19.67713159041595,0,0.0
T05,0,19,4,1,14,19.67713159041595,0,0.0
T05,0,23,4,1,14,19.67713159041595,0,0.0
T05,0,27,4,1,14,19.67713159041595,1,5.554589828802355e-05
T05,0,31,4,1,14,19.67713159041595,0,0.0
T05,0,35,4,1,14,19.67713159041595,2,0.0001347552473413352
T05,0,0,4,20,12,8.0,1,0.00020426016848564855
T05,0,4,4,20,12,8.0,0,0.0
T05,0,8,4,20,12,8.0,1,0.0001208626167467251
T05,0,12,4,20,12,8.0,0,0.0
T05,0,16,4,20,12,8.0,0,0.0
T05,0,19,4,20,12,8.0,0,0.0
T05,0,23,4,20,12,8.0,1,2.130823902045907e-06
T05,0,27,4,20,12,8.0,0,0.0
T05,0,31,4,20,12,8.0,1,0.00014075309493543492
T05,0,35,4,20,12,8.0,0,0.0
T05,0,0,4,4,13,16.0,0,0.0
T05,0,4,4,4,13,16.0,0,0.0
T05,0,8,4,4,13,16.0,0,0.0
T05,0,12,4,4,13,16.0,0,0.0
T05,0,16,4,4,13,16.0,0,0.0
T05,0,19,4,4,13,16.0,0,0.0
T05,0,23,4,4,13,16.0,1,8.30158202480124e-06
T05,0,27,4,4,13,16.0,0,0.0
T05,0,31,4,4,13,16.0,1,0.00031910019081191933
T05,0,35,4,4,13,16.0,1,5.803218765735099e-05
T05,0,0,4,8,13,16.0,0,0.0
T05,0,4,4,8,13,16.0,0,0.0
T05,0,8,4,8,13,16.0,0,0.0
T05,0,12,4,8,13,16.0,0,0.0
T05,0,16,4,8,13,16.0,0,0.0
T05,0,19,4,8,13,16.0,0,0.0
T05,0,23,4,8,13,16.0,0,0.0
T05,0,27,4,8,13,16.0,0,0.0
T05,0,31,4,8,13,16.0,0,0.0
T05,0,35,4,8,13,16.0,0,0.0
T05,0,0,5,1,14,21.28244715926481,1,7.947390969951628e-06
T05,0,4,5,1,14,21.28244715926481,1,4.1607579167109165e-05
T05,0,8,5,1,14,21.28244715926481,1,6.056577368620305e-05
T05,0,12,5,1,14,21.28244715926481,1,2.7999038722645656e-05
T05,0,16,5,1,14,21.28244715926481,0,0.0
T05,0,19,5,1,14,21.28244715926481,1,2.5301926477941383e-07
T05,0,23,5,1,14,21.28244715926481,0,0.0
T05,0,27,5,1,14,21.28244715926481,1,8.112796731405813e-05
T05,0,31,5,1,14,21.28244715926481,0,0.0
T05,0,35,5,1,14,21.28244715926481,2,3.4474015392665924e-05
T05,0,0,5,20,12,8.0,0,0.0
T05,0,4,5,20,12,8.0,0,0.0
T05,0,8,5,20,12,8.0,0,0.0
T05,0,12,5,20,12,8.0,0,0.0
T05,0,16,5,20,12,8.0,0,0.0
T05,0,19,5,20,12,8.0,0,0.0
T05,0,23,5,20,12,8.0,0,0.0
T05,0,27,5,20,12,8.0,1,7.487869297063878e-05
T05,0,31,5,20,12,8.0,0,0.0
T05,0,35,5,20,12,8.0,1,7.66704356433244e-05
T05,0,0,5,4,14,21.28244715926481,0,0.0
T05,0,4,5,4,14,21.28244715926481,1,1.156184882436604e-05
T05,0,8,5,4,14,21.28244715926481,0,0.0
T05,0,12,5,4,14,21.28244715926481,1,6.040134105344576e-06
T05,0,16,5,4,14,21.28244715926481,0,0.0
T05,0,19,5,4,14,21.28244715926481,0,0.0
T05,0,23,5,4,14,21.28244715926481,1,1.7951694731171454e-05
T05,0,27,5,4,14,21.28244715926481,0,0.0
T05,0,31,5,4,14,21.28244715926481,0,0.0
T05,0,35,5,4,14,21.28244715926481,0,0.0
T05,0,0,5,8,13,16.0,0,0.0
T05,0,4,5,8,13,16.0,0,0.0
T05,0,8,5,8,13,16.0,0,0.0
T05,0,12,5,8,13,16.0,0,0.0
T05,0,16,5,8,13,16.0,0,0.0
T05,0,19,5,8,13,16.0,0,0.0
T05,0,23,5,8,13,16.0,0,0.0
T05,0,27,5,8,13,16.0,1,1.4163734562214203e-05
T05,0,31,5,8,13,16.0,0,0.0
T05,0,35,5,8,13,16.0,0,0.0
T05,1,0,0,1,11,2.685400523608542,1,3.786347655190987e-05
T05,1,4,0,1,11,2.685400523608542,1,0.000304475413018211
T05,1,8,0,1,11,2.685400523608542,0,0.0
T05,1,12,0,1,11,2.685400523608542,0,0.0
T05,1,16,0,1,11,2.685400523608542,0,0.0
T05,1,19,0,1,11,2.685400523608542,0,0.0
T05,1,23,0,1,11,2.685400523608542,0,0.0
T05,1,27,0,1,11,2.685400523608542,0,0.0
T05,1,31,0,1,11,2.685400523608542,0,0.0
T05,1,35,0,1,11,2.685400523608542,0,0.0
T05,1,0,0,20,11,2.685400523608542,0,0.0
T05,1,4,0,20,11,2.685400523608542,0,0.0
T05,1,8,0,20,11,2.685400523608542,0,0.0
T05,1,12,0,20,11,2.685400523608542,0,0.0
T05,1,16,0,20,11,2.685400523608542,0,0.0
T05,1,19,0,20,11,2.685400523608542,0,0.0
T05,1,23,0,20,11,2.685400523608542,0,0.0
T05,1,27,0,20,11,2.685400523608542,0,0.0
T05,1,31,0,20,11,2.685400523608542,0,0.0
T05,1,35,0,20,11,2.685400523608542,0,0.0
T05,1,0,0,4,11,2.685400523608542,0,0.0
T05,1,4,0,4,11,2.685400523608542,0,0.0
T05,1,8,0,4,11,2.685400523608542,0,0.0
T05,1,12,0,4,11,2.685400523608542,0,0.0
T05,1,16,0,4,11,2.685400523608542,0,0.0
T05,1,19,0,4,11,2.685400523608542,0,0.0
T05,1,23,0,4,11,2.685400523608542,0,0.0
T05,1,27,0,4,11,2.685400523608542,1,0.00015130741840272202
T05,1,31,0,4,11,2.685400523608542,0,0.0
T05,1,35,0,4,11,2.685400523608542,0,0.0
T05,1,0,0,8,11,2.685400523608542,0,0.0
T05,1,4,0,8,11,2.685400523608542,0,0.0
T05,1,8,0,8,11,2.685400523608542,0,0.0
T05,1,12,0,8,11,2.685400523608542,0,0.0
T05,1,16,0,8,11,2.685400523608542,0,0.0
T05,1,19,0,8,11,2.685400523608542,0,0.0
T05,1,23,0,8,11,2.685400523608542,0,0.0
T05,1,27,0,8,11,2.685400523608542,0,0.0
T05,1,31,0,8,11,2.685400523608542,0,0.0
T05,1,35,0,8,11,2.685400523608542,0,0.0
T05,1,0,1,1,12,6.397875633349335,0,0.0
T05,1,4,1,1,12,6.397875633349335,0,0.0
T05,1,8,1,1,12,6.397875633349335,0,0.0
T05,1,12,1,1,12,6.397875633349335,0,0.0
T05,1,16,1,1,12,6.397875633349335,0,0.0
T05,1,19,1,1,12,6.397875633349335,0,0.0
T05,1,23,1,1,12,6.397875633349335,0,0.0
T05,1,27,1,1,12,6.397875633349335,0,0.0
T05,1,31,1,1,12,6.397875633349335,0,0.0
T05,1,35,1,1,12,6.397875633349335,0,0.0
T05,1,0,1,20,12,5.211360515891823,0,0.0
T05,1,4,1,20,12,5.211360515891823,0,0.0
T05,1,8,1,20,12,5.211360515891823,0,0.0
T05,1,12,1,20,12,5.211360515891823,0,0.0
T05,1,16,1,20,12,5.211360515891823,2,0.13000476077369522
T05,1,19,1,20,12,5.211360515891823,2,0.030095749647878672
T05,1,23,1,20,12,5.211360515891823,2,0.009916217518532541
T05,1,27,1,20,12,5.211360515891823,0,0.0
T05,1,31,1,20,12,5.211360515891823,0,0.0
T05,1,35,1,20,12,5.211360515891823,0,0.0
T05,1,0,1,4,12,6.397875633349335,0,0.0
T05,1,4,1,4,12,6.397875633349335,0,0.0
T05,1,8,1,4,12,6.397875633349335,0,0.0
T05,1,12,1,4,12,6.397875633349335,0,0.0
T05,1,16,1,4,12,6.397875633349335,1,0.0019414308726906915
T05,1,19,1,4,12,6.397875633349335,0,0.0
T05,1,23,1,4,12,6.397875633349335,1,0.002602293887273524
T05,1,27,1,4,12,6.397875633349335,1,8.242767490784786e-05
T05,1,31,1,4,12,6.397875633349335,1,4.276304879236893e-05
T05,1,35,1,4,12,6.397875633349335,1,1.2825050518926878e-05
T05,1,0,1,8,12,6.397875633349335,0,0.0
T05,1,4,1,8,12,6.397875633349335,0,0.0
T05,1,8,1,8,12,6.397875633349335,0,0.0
T05,1,12,1,8,12,6.397875633349335,0,0.0
T05,1,16,1,8,12,6.397875633349335,1,0.09337404017370093
T05,1,19,1,8,12,6.397875633349335,1,0.020763092901116414
T05,1,23,1,8,12,6.397875633349335,2,0.003168063982108879
T05,1,27,1,8,12,6.397875633349335,0,0.0
T05,1,31,1,8,12,6.397875633349335,0,0.0
T05,1,35,1,8,12,6.397875633349335,0,0.0
T05,1,0,2,1,11,3.382553694058187,0,0.0
T05,1,4,2,1,11,3.382553694058187,0,0.0
T05,1,8,2,1,11,3.382553694058187,0,0.0
T05,1,12,2,1,11,3.382553694058187,0,0.0
T05,1,16,2,1,11,3.382553694058187,0,0.0
T05,1,19,2,1,11,3.382553694058187,0,0.0
T05,1,23,2,1,11,3.382553694058187,0,0.0
T05,1,27,2,1,11,3.382553694058187,0,0.0
T05,1,31,2,1,11,3.382553694058187,0,0.0
T05,1,35,2,1,11,3.382553694058187,1,2.975987167206859e-05
T05,1,0,2,20,10,2.0,0,0.0
T05,1,4,2,20,10,2.0,0,0.0
T05,1,8,2,20,10,2.0,0,0.0
T05,1,12,2,20,10,2.0,0,0.0
T05,1,16,2,20,10,2.0,0,0.0
T05,1,19,2,20,10,2.0,0,0.0
T05,1,23,2,20,10,2.0,0,0.0
T05,1,27,2,20,10,2.0,0,0.0
T05,1,31,2,20,10,2.0,0,0.0
T05,1,35,2,20,10,2.0,1,0.00013038371840367116
T05,1,0,2,4,11,3.382553694058187,0,0.0
T05,1,4,2,4,11,3.382553694058187,0,0.0
T05,1,8,2,4,11,3.382553694058187,0,0.0
T05,1,12,2,4,11,3.382553694058187,0,0.0
T05,1,16,2,4,11,3.382553694058187,0,0.0
T05,1,19,2,4,11,3.382553694058187,0,0.0
T05,1,23,2,4,11,3.382553694058187,0,0.0
T05,1,27,2,4,11,3.382553694058187,0,0.0
T05,1,31,2,4,11,3.382553694058187,0,0.0
T05,1,35,2,4,11,3.382553694058187,1,0.00010928522464576096
T05,1,0,2,8,11,3.382553694058187,0,0.0
T05,1,4,2,8,11,3.382553694058187,0,0.0
T05,1,8,2,8,11,3.382553694058187,0,0.0
T05,1,12,2,8,11,3.382553694058187,0,0.0
T05,1,16,2,8,11,3.382553694058187,0,0.0
T05,1,19,2,8,11,3.382553694058187,0,0.0
T05,1,23,2,8,11,3.382553694058187,0,0.0
T05,1,27,2,8,11,3.382553694058187,0,0.0
T05,1,31,2,8,11,3.382553694058187,0,0.0
T05,1,35,2,8,11,3.382553694058187,1,0.00015655884632085476
T05,1,0,3,1,15,36.56192333871103,1,9.464237343955687e-05
T05,1,4,3,1,15,36.56192333871103,0,0.0
T05,1,8,3,1,15,36.56192333871103,0,0.0
T05,1,12,3,1,15,36.56192333871103,0,0.0
T05,1,16,3,1,15,36.56192333871103,0,0.0
T05,1,19,3,1,15,36.56192333871103,1,0.01102574137305834
T05,1,23,3,1,15,36.56192333871103,1,0.0002542711587873725
T05,1,27,3,1,15,36.56192333871103,1,1.1882347562813984e-05
T05,1,31,3,1,15,36.56192333871103,1,5.72842776899226e-05
T05,1,35,3,1,15,36.56192333871103,2,5.24732422123933e-05
T05,1,0,3,20,12,8.0,0,0.0
T05,1,4,3,20,12,8.0,0,0.0
T05,1,8,3,20,12,8.0,0,0.0
T05,1,12,3,20,12,8.0,0,0.0
T05,1,16,3,20,12,8.0,0,0.0
T05,1,19,3,20,12,8.0,2,0.011138481385386978
T05,1,23,3,20,12,8.0,0,0.0
T05,1,27,3,20,12,8.0,0,0.0
T05,1,31,3,20,12,8.0,1,1.7438911029239723e-05
T05,1,35,3,20,12,8.0,0,0.0
T05,1,0,3,4,13,16.0,0,0.0
T05,1,4,3,4,13,16.0,0,0.0
T05,1,8,3,4,13,16.0,0,0.0
T05,1,12,3,4,13,16.0,0,0.0
T05,1,16,3,4,13,16.0,0,0.0
T05,1,19,3,4,13,16.0,2,0.019359885784996034
T05,1,23,3,4,13,16.0,0,0.0
T05,1,27,3,4,13,16.0,1,1.6540672278094956e-05
T05,1,31,3,4,13,16.0,0,0.0
T05,1,35,3,4,13,16.0,1,0.00010856923909745297
T05,1,0,3,8,12,8.0,0,0.0
T05,1,4,3,8,12,8.0,0,0.0
T05,1,8,3,8,12,8.0,0,0.0
T05,1,12,3,8,12,8.0,0,0.0
T05,1,16,3,8,12,8.0,0,0.0
T05,1,19,3,8,12,8.0,1,0.032773545617084066
T05,1,23,3,8,12,8.0,0,0.0
T05,1,27,3,8,12,8.0,0,0.0
T05,1,31,3,8,12,8.0,0,0.0
T05,1,35,3,8,12,8.0,0,0.0
T05,1,0,4,1,14,19.67713159041595,1,3.6321281133977826e-05
T05,1,4,4,1,14,19.67713159041595,1,0.0002023044804216334
T05,1,8,4,1,14,19.67713159041595,0,0.0
T05,1,12,4,1,14,19.67713159041595,0,0.0
T05,1,16,4,1,14,19.67713159041595,0,0.0
T05,1,19,4,1,14,19.67713159041595,0,0.0
T05,1,23,4,1,14,19.67713159041595,1,1.3546012252720237e-05
T05,1,27,4,1,14,19.67713159041595,3,0.00043688411368022345
T05,1,31,4,1,14,19.67713159041595,0,0.0
T05,1,35,4,1,14,19.67713159041595,1,0.00021125895119318214
T05,1,0,4,20,12,8.0,1,0.00016093868210643233
T05,1,4,4,20,12,8.0,1,3.487363327118586e-05
T05,1,8,4,20,12,8.0,0,0.0
T05,1,12,4,20,12,8.0,0,0.0
T05,1,16,4,20,12,8.0,1,0.00010649826305305938
T05,1,19,4,20,12,8.0,1,4.8729024665661834e-05
T05,1,23,4,20,12,8.0,0,0.0
T05,1,27,4,20,12,8.0,1,0.00012466928133135057
T05,1,31,4,20,12,8.0,0,0.0
T05,1,35,4,20,12,8.0,0,0.0
T05,1,0,4,4,13,16.0,0,0.0
T05,1,4,4,4,13,16.0,0,0.0
T05,1,8,4,4,13,16.0,1,6.367972669492003e-06
T05,1,12,4,4,13,16.0,0,0.0
T05,1,16,4,4,13,16.0,0,0.0
T05,1,19,4,4,13,16.0,0,0.0
T05,1,23,4,4,13,16.0,0,0.0
T05,1,27,4,4,13,16.0,0,0.0
T05,1,31,4,4,13,16.0,1,7.114964321414466e-05
T05,1,35,4,4,13,16.0,1,0.0002626397310442688
T05,1,0,4,8,13,16.0,0,0.0
T05,1,4,4,8,13,16.0,0,0.0
T05,1,8,4,8,13,16.0,0,0.0
T05,1,12,4,8,13,16.0,0,0.0
T05,1,16,4,8,13,16.0,0,0.0
T05,1,19,4,8,13,16.0,0,0.0
T05,1,23,4,8,13,16.0,0,0.0
T05,1,27,4,8,13,16.0,0,0.0
T05,1,31,4,8,13,16.0,0,0.0
T05,1,35,4,8,13,16.0,0,0.0
T05,1,0,5,1,14,21.28244715926481,2,7.182436067490255e-05
T05,1,4,5,1,14,21.28244715926481,0,0.0
T05,1,8,5,1,14,21.28244715926481,1,2.1436282732602632e-06
T05,1,12,5,1,14,21.28244715926481,1,2.9998968946381294e-05
T05,1,16,5,1,14,21.28244715926481,1,8.070204128012015e-06
T05,1,19,5,1,14,21.28244715926481,1,3.3699301258110353e-06
T05,1,23,5,1,14,21.28244715926481,2,6.414908365396689e-05
T05,1,27,5,1,14,21.28244715926481,2,0.00019502369256213254
T05,1,31,5,1,14,21.28244715926481,1,5.87345806348713e-05
T05,1,35,5,1,14,21.28244715926481,2,0.00010011137389273617
T05,1,0,5,20,12,8.0,0,0.0
T05,1,4,5,20,12,8.0,0,0.0
T05,1,8,5,20,12,8.0,0,0.0
T05,1,12,5,20,12,8.0,0,0.0
T05,1,16,5,20,12,8.0,0,0.0
T05,1,19,5,20,12,8.0,0,0.0
T05,1,23,5,20,12,8.0,0,0.0
T05,1,27,5,20,12,8.0,0,0.0
T05,1,31,5,20,12,8.0,1,0.00011036679830244388
T05,1,35,5,20,12,8.0,0,0.0
T05,1,0,5,4,14,21.28244715926481,0,0.0
T05,1,4,5,4,14,21.28244715926481,0,0.0
T05,1,8,5,4,14,21.28244715926481,1,2.844940412952135e-05
T05,1,12,5,4,14,21.28244715926481,1,3.0448195851109396e-05
T05,1,16,5,4,14,21.28244715926481,1,0.013085506737801345
T05,1,19,5,4,14,21.28244715926481,0,0.0
T05,1,23,5,4,14,21.28244715926481,1,2.2037771142619303e-06
T05,1,27,5,4,14,21.28244715926481,0,0.0
T05,1,31,5,4,14,21.28244715926481,0,0.0
T05,1,35,5,4,14,21.28244715926481,0,0.0
T05,1,0,5,8,13,16.0,0,0.0
T05,1,4,5,8,13,16.0,0,0.0
T05,1,8,5,8,13,16.0,0,0.0
T05,1,12,5,8,13,16.0,0,0.0
T05,1,16,5,8,13,16.0,0,0.0
T05,1,19,5,8,13,16.0,0,0.0
T05,1,23,5,8,13,16.0,1,1.957781646185191e-05
T05,1,27,5,8,13,16.0,0,0.0
T05,1,31,5,8,13,16.0,0,0.0
T05,1,35,5,8,13,16.0,0,0.0
T05,2,0,0,1,11,2.685400523608542,1,1.508890398821492e-05
T05,2,4,0,1,11,2.685400523608542,1,3.563728954318092e-05
T05,2,8,0,1,11,2.685400523608542,0,0.0
T05,2,12,0,1,11,2.685400523608542,0,0.0
T05,2,16,0,1,11,2.685400523608542,0,0.0
T05,2,19,0,1,11,2.685400523608542,0,0.0
T05,2,23,0,1,11,2.685400523608542,0,0.0
T05,2,27,0,1,11,2.685400523608542,0,0.0
T05,2,31,0,1,11,2.685400523608542,0,0.0
T05,2,35,0,1,11,2.685400523608542,1,9.107876368840903e-05
T05,2,0,0,20,10,2.0,0,0.0
T05,2,4,0,20,10,2.0,0,0.0
T05,2,8,0,20,10,2.0,0,0.0
T05,2,12,0,20,10,2.0,0,0.0
T05,2,16,0,20,10,2.0,0,0.0
T05,2,19,0,20,10,2.0,0,0.0
T05,2,23,0,20,10,2.0,0,0.0
T05,2,27,0,20,10,2.0,0,0.0
T05,2,31,0,20,10,2.0,0,0.0
T05,2,35,0,20,10,2.0,0,0.0
T05,2,0,0,4,11,2.685400523608542,0,0.0
T05,2,4,0,4,11,2.685400523608542,0,0.0
T05,2,8,0,4,11,2.685400523608542,0,0.0
T05,2,12,0,4,11,2.685400523608542,0,0.0
T05,2,16,0,4,11,2.685400523608542,0,0.0
T05,2,19,0,4,11,2.685400523608542,0,0.0
T05,2,23,0,4,11,2.685400523608542,0,0.0
T05,2,27,0,4,11,2.685400523608542,0,0.0
T05,2,31,0,4,11,2.685400523608542,0,0.0
T05,2,35,0,4,11,2.685400523608542,0,0.0
T05,2,0,0,8,11,2.685400523608542,0,0.0
T05,2,4,0,8,11,2.685400523608542,0,0.0
T05,2,8,0,8,11,2.685400523608542,0,0.0
T05,2,12,0,8,11,2.685400523608542,0,0.0
T05,2,16,0,8,11,2.685400523608542,0,0.0
T05,2,19,0,8,11,2.685400523608542,0,0.0
T05,2,23,0,8,11,2.685400523608542,0,0.0
T05,2,27,0,8,11,2.685400523608542,0,0.0
T05,2,31,0,8,11,2.685400523608542,0,0.0
T05,2,35,0,8,11,2.685400523608542,0,0.0
T05,2,0,1,1,12,6.397875633349335,0,0.0
T05,2,4,1,1,12,6.397875633349335,0,0.0
T05,2,8,1,1,12,6.397875633349335,0,0.0
T05,2,12,1,1,12,6.397875633349335,0,0.0
T05,2,16,1,1,12,6.397875633349335,0,0.0
T05,2,19,1,1,12,6.397875633349335,0,0.0
T05,2,23,1,1,12,6.397875633349335,0,0.0
T05,2,27,1,1,12,6.397875633349335,0,0.0
T05,2,31,1,1,12,6.397875633349335,1,2.5238250291137118e-05
T05,2,35,1,1,12,6.397875633349335,0,0.0
T05,2,0,1,20,12,5.211360515891823,0,0.0
T05,2,4,1,20,12,5.211360515891823,0,0.0
T05,2,8,1,20,12,5.211360515891823,0,0.0
T05,2,12,1,20,12,5.211360515891823,0,0.0
T05,2,16,1,20,12,5.211360515891823,2,0.16758248183588964
T05,2,19,1,20,12,5.211360515891823,2,0.020562829288725493
T05,2,23,1,20,12,5.211360515891823,1,0.006550209602054907
T05,2,27,1,20,12,5.211360515891823,0,0.0
T05,2,31,1,20,12,5.211360515891823,0,0.0
T05,2,35,1,20,12,5.211360515891823,0,0.0
T05,2,0,1,4,12,6.397875633349335,0,0.0
T05,2,4,1,4,12,6.397875633349335,0,0.0
T05,2,8,1,4,12,6.397875633349335,0,0.0
T05,2,12,1,4,12,6.397875633349335,0,0.0
T05,2,16,1,4,12,6.397875633349335,0,0.0
T05,2,19,1,4,12,6.397875633349335,0,0.0
T05,2,23,1,4,12,6.397875633349335,0,0.0
T05,2,27,1,4,12,6.397875633349335,0,0.0
T05,2,31,1,4,12,6.397875633349335,1,0.00017056172267468535
T05,2,35,1,4,12,6.397875633349335,1,0.0002794096812595362
T05,2,0,1,8,12,6.397875633349335,0,0.0
T05,2,4,1,8,12,6.397875633349335,0,0.0
T05,2,8,1,8,12,6.397875633349335,0,0.0
T05,2,12,1,8,12,6.397875633349335,0,0.0
T05,2,16,1,8,12,6.397875633349335,1,0.03024161562615979
T05,2,19,1,8,12,6.397875633349335,1,0.007819167161220247
T05,2,23,1,8,12,6.397875633349335,0,0.0
T05,2,27,1,8,12,6.397875633349335,0,0.0
T05,2,31,1,8,12,6.397875633349335,0,0.0
T05,2,35,1,8,12,6.397875633349335,0,0.0
T05,2,0,2,1,11,3.382553694058187,0,0.0
T05,2,4,2,1,11,3.382553694058187,0,0.0
T05,2,8,2,1,11,3.382553694058187,0,0.0
T05,2,12,2,1,11,3.382553694058187,0,0.0
T05,2,16,2,1,11,3.382553694058187,0,0.0
T05,2,19,2,1,11,3.382553694058187,0,0.0
T05,2,23,2,1,11,3.382553694058187,0,0.0
T05,2,27,2,1,11,3.382553694058187,0,0.0
T05,2,31,2,1,11,3.382553694058187,0,0.0
T05,2,35,2,1,11,3.382553694058187,0,0.0
T05,2,0,2,20,10,2.0,0,0.0
T05,2,4,2,20,10,2.0,0,0.0
T05,2,8,2,20,10,2.0,0,0.0
T05,2,12,2,20,10,2.0,0,0.0
T05,2,16,2,20,10,2.0,0,0.0
T05,2,19,2,20,10,2.0,0,0.0
T05,2,23,2,20,10,2.0,0,0.0
T05,2,27,2,20,10,2.0,0,0.0
T05,2,31,2,20,10,2.0,0,0.0
T05,2,35,2,20,10,2.0,1,0.0003582181067385004
T05,2,0,2,4,11,3.382553694058187,0,0.0
T05,2,4,2,4,11,3.382553694058187,0,0.0
T05,2,8,2,4,11,3.382553694058187,0,0.0
T05,2,12,2,4,11,3.382553694058187,0,0.0
T05,2,16,2,4,11,3.382553694058187,0,0.0
T05,2,19,2,4,11,3.382553694058187,0,0.0
T05,2,23,2,4,11,3.382553694058187,0,0.0
T05,2,27,2,4,11,3.382553694058187,0,0.0
T05,2,31,2,4,11,3.382553694058187,0,0.0
T05,2,35,2,4,11,3.382553694058187,1,0.00046358405772092826
T05,2,0,2,8,11,3.382553694058187,0,0.0
T05,2,4,2,8,11,3.382553694058187,0,0.0
T05,2,8,2,8,11,3.382553694058187,0,0.0
T05,2,12,2,8,11,3.382553694058187,0,0.0
T05,2,16,2,8,11,3.382553694058187,0,0.0
T05,2,19,2,8,11,3.382553694058187,0,0.0
T05,2,23,2,8,11,3.382553694058187,0,0.0
T05,2,27,2,8,11,3.382553694058187,0,0.0
T05,2,31,2,8,11,3.382553694058187,0,0.0
T05,2,35,2,8,11,3.382553694058187,1,0.00033710151716724937
T05,2,0,3,1,15,36.56192333871103,0,0.0
T05,2,4,3,1,15,36.56192333871103,0,0.0
T05,2,8,3,1,15,36.56192333871103,1,5.568887740014638e-05
T05,2,12,3,1,15,36.56192333871103,1,1.4595707743629387e-05
T05,2,16,3,1,15,36.56192333871103,1,2.9380910945367607e-05
T05,2,19,3,1,15,36.56192333871103,2,0.042324810888196396
T05,2,23,3,1,15,36.56192333871103,0,0.0
T05,2,27,3,1,15,36.56192333871103,1,2.009782542960071e-05
T05,2,31,3,1,15,36.56192333871103,2,8.301608815683946e-05
T05,2,35,3,1,15,36.56192333871103,0,0.0
T05,2,0,3,20,12,8.0,0,0.0
T05,2,4,3,20,12,8.0,0,0.0
T05,2,8,3,20,12,8.0,0,0.0
T05,2,12,3,20,12,8.0,0,0.0
T05,2,16,3,20,12,8.0,0,0.0
T05,2,19,3,20,12,8.0,1,0.013467819693210481
T05,2,23,3,20,12,8.0,0,0.0
T05,2,27,3,20,12,8.0,0,0.0
T05,2,31,3,20,12,8.0,1,1.4268003789190756e-05
T05,2,35,3,20,12,8.0,0,0.0
T05,2,0,3,4,13,16.0,0,0.0
T05,2,4,3,4,13,16.0,0,0.0
T05,2,8,3,4,13,16.0,0,0.0
T05,2,12,3,4,13,16.0,0,0.0
T05,2,16,3,4,13,16.0,0,0.0
T05,2,19,3,4,13,16.0,1,0.0352858398813265
T05,2,23,3,4,13,16.0,1,0.00032087254681639754
T05,2,27,3,4,13,16.0,1,2.302278260482831e-05
T05,2,31,3,4,13,16.0,0,0.0
T05,2,35,3,4,13,16.0,0,0.0
T05,2,0,3,8,13,16.0,0,0.0
T05,2,4,3,8,13,16.0,0,0.0
T05,2,8,3,8,13,16.0,0,0.0
T05,2,12,3,8,13,16.0,0,0.0
T05,2,16,3,8,13,16.0,0,0.0
T05,2,19,3,8,13,16.0,2,0.021867362295189624
T05,2,23,3,8,13,16.0,0,0.0
T05,2,27,3,8,13,16.0,0,0.0
T05,2,31,3,8,13,16.0,0,0.0
T05,2,35,3,8,13,16.0,0,0.0
T05,2,0,4,1,14,19.67713159041595,1,0.00015345370367170295
T05,2,4,4,1,14,19.67713159041595,1,0.00011490764510877719
T05,2,8,4,1,14,19.67713159041595,0,0.0
T05,2,12,4,1,14,19.67713159041595,0,0.0
T05,2,16,4,1,14,19.67713159041595,0,0.0
T05,2,19,4,1,14,19.67713159041595,0,0.0
T05,2,23,4,1,14,19.67713159041595,0,0.0
T05,2,27,4,1,14,19.67713159041595,1,8.588911185941281e-07
T05,2,31,4,1,14,19.67713159041595,0,0.0
T05,2,35,4,1,14,19.67713159041595,1,0.0005496393660908878
T05,2,0,4,20,12,8.0,1,0.00013846165943633398
T05,2,4,4,20,12,8.0,1,7.639003568002921e-05
T05,2,8,4,20,12,8.0,1,6.729099367533495e-05
T05,2,12,4,20,12,8.0,1,0.00026263770638216156
T05,2,16,4,20,12,8.0,1,0.00021727813436095856
T05,2,19,4,20,12,8.0,0,0.0
T05,2,23,4,20,12,8.0,0,0.0
T05,2,27,4,20,12,8.0,0,0.0
T05,2,31,4,20,12,8.0,0,0.0
T05,2,35,4,20,12,8.0,1,0.0001159960495876744
T05,2,0,4,4,14,19.67713159041595,0,0.0
T05,2,4,4,4,14,19.67713159041595,0,0.0
T05,2,8,4,4,14,19.67713159041595,0,0.0
T05,2,12,4,4,14,19.67713159041595,0,0.0
T05,2,16,4,4,14,19.67713159041595,1,2.4986959324267005e-05
T05,2,19,4,4,14,19.67713159041595,0,0.0
T05,2,23,4,4,14,19.67713159041595,0,0.0
T05,2,27,4,4,14,19.67713159041595,0,0.0
T05,2,31,4,4,14,19.67713159041595,0,0.0
T05,2,35,4,4,14,19.67713159041595,0,0.0
T05,2,0,4,8,13,16.0,0,0.0
T05,2,4,4,8,13,16.0,0,0.0
T05,2,8,4,8,13,16.0,0,0.0
T05,2,12,4,8,13,16.0,0,0.0
T05,2,16,4,8,13,16.0,1,0.009351049330595607
T05,2,19,4,8,13,16.0,0,0.0
T05,2,23,4,8,13,16.0,0,0.0
T05,2,27,4,8,13,16.0,0,0.0
T05,2,31,4,8,13,16.0,0,0.0
T05,2,35,4,8,13,16.0,0,0.0
T05,2,0,5,1,14,21.28244715926481,0,0.0
T05,2,4,5,1,14,21.28244715926481,1,5.2605660881826534e-05
T05,2,8,5,1,14,21.28244715926481,1,6.914214237914093e-07
T05,2,12,5,1,14,21.28244715926481,0,0.0
T05,2,16,5,1,14,21.28244715926481,0,0.0
T05,2,19,5,1,14,21.28244715926481,1,5.9867549001576745e-05
T05,2,23,5,1,14,21.28244715926481,1,6.532480111139972e-05
T05,2,27,5,1,14,21.28244715926481,0,0.0
T05,2,31,5,1,14,21.28244715926481,1,7.620295979839445e-05
T05,2,35,5,1,14,21.28244715926481,0,0.0
T05,2,0,5,20,12,8.0,0,0.0
T05,2,4,5,20,12,8.0,0,0.0
T05,2,8,5,20,12,8.0,0,0.0
T05,2,12,5,20,12,8.0,0,0.0
T05,2,16,5,20,12,8.0,0,0.0
T05,2,19,5,20,12,8.0,0,0.0
T05,2,23,5,20,12,8.0,0,0.0
T05,2,27,5,20,12,8.0,0,0.0
T05,2,31,5,20,12,8.0,0,0.0
T05,2,35,5,20,12,8.0,1,0.00019723873037355913
T05,2,0,5,4,14,21.28244715926481,1,4.9266360366948155e-05
T05,2,4,5,4,14,21.28244715926481,0,0.0
T05,2,8,5,4,14,21.28244715926481,0,0.0
T05,2,12,5,4,14,21.28244715926481,1,1.6240758290968042e-05
T05,2,16,5,4,14,21.28244715926481,1,0.03224835684067964
T05,2,19,5,4,14,21.28244715926481,0,0.0
T05,2,23,5,4,14,21.28244715926481,0,0.0
T05,2,27,5,4,14,21.28244715926481,0,0.0
T05,2,31,5,4,14,21.28244715926481,0,0.0
T05,2,35,5,4,14,21.28244715926481,0,0.0
T05,2,0,5,8,13,16.0,0,0.0
T05,2,4,5,8,13,16.0,0,0.0
T05,2,8,5,8,13,16.0,0,0.0
T05,2,12,5,8,13,16.0,0,0.0
T05,2,16,5,8,13,16.0,0,0.0
T05,2,19,5,8,13,16.0,0,0.0
T05,2,23,5,8,13,16.0,0,0.0
T05,2,27,5,8,13,16.0,1,5.168518750842035e-05
T05,2,31,5,8,13,16.0,0,0.0
T05,2,35,5,8,13,16.0,0,0.0
