task,seed,background,ADE_GT,FDE_GT,nADE_GT,nFDE_GT,D_traj_BG,nD_traj_BG,visible_fraction,valid_frame_fraction,paired_valid_frame_fraction,tracker_failed,paired_tracker_failed,n_points,gt_tracker_ADE_point_px,confidence_status,action_hash,physical_state_hash,standard_noise_hash,D_flow_early,D_flow_mid,D_flow_late,D_flow_AUC_progress,D_flow_max,tau_max,progress_max
Original,0,BG0,1.6456586108725162,3.9207105143664447,0.004545532669007773,0.010829535124132459,0.0,0.0,1.0,1.0,1.0,False,False,4,0.2551948226366686,cached boolean visibility >0.9; continuous score not cached,2ed4e86484ba454a1f701f898134fc61c6b43b262ec7a48989d304f71309d8b7,0ea882672f492d84780f4b57128af453fe129efd52f72b15ce35490ca6da1069,71d6ad97b54100358729448f34758e00ee23a6c8b3a384cc68f55bc359bd4356,0.0,0.0,0.0,0.0,0.0,0.9950248599052429,0.0
Original,0,BG1,3.927728758022306,9.153852432492792,0.010848920466636673,0.025284184097643072,2.430945873260498,0.0067146027799998105,1.0,1.0,1.0,False,False,4,0.2730511576682436,cached boolean visibility >0.9; continuous score not cached,2ed4e86484ba454a1f701f898134fc61c6b43b262ec7a48989d304f71309d8b7,0ea882672f492d84780f4b57128af453fe129efd52f72b15ce35490ca6da1069,71d6ad97b54100358729448f34758e00ee23a6c8b3a384cc68f55bc359bd4356,0.07240183602033334,0.06571645573988778,0.06474326343932525,0.06653654088493723,0.10412518942408115,0.9109315872192383,0.45714285714285713
Original,0,BG2,2.119820953858854,5.283645627523307,0.0058552334819333245,0.01459414708050149,0.5590561628341675,0.0015441890773600412,1.0,1.0,1.0,False,False,4,0.27294335846211426,cached boolean visibility >0.9; continuous score not cached,2ed4e86484ba454a1f701f898134fc61c6b43b262ec7a48989d304f71309d8b7,0ea882672f492d84780f4b57128af453fe129efd52f72b15ce35490ca6da1069,71d6ad97b54100358729448f34758e00ee23a6c8b3a384cc68f55bc359bd4356,0.04055460396333881,0.038999006375055226,0.07108425097544867,0.04771071155030497,0.08749805851135985,0.009900989942252636,1.0
Original,0,BG3,4.256790163007256,10.145568122991191,0.011757832774807108,0.028023437573270093,2.7501072883605957,0.007596169971055958,1.0,1.0,1.0,False,False,4,0.26175689545176956,cached boolean visibility >0.9; continuous score not cached,2ed4e86484ba454a1f701f898134fc61c6b43b262ec7a48989d304f71309d8b7,0ea882672f492d84780f4b57128af453fe129efd52f72b15ce35490ca6da1069,71d6ad97b54100358729448f34758e00ee23a6c8b3a384cc68f55bc359bd4356,0.0812441423186137,0.06083368181414783,0.07021645703392355,0.06857494955538565,0.08580152041361529,0.9606394171714783,0.34285714285714286
Original,0,BG4,3.6939256379172543,8.696368874203186,0.010203124483477084,0.02402055235409646,2.1887693405151367,0.006045678293482268,1.0,1.0,1.0,False,False,4,0.27648874761839337,cached boolean visibility >0.9; continuous score not cached,2ed4e86484ba454a1f701f898134fc61c6b43b262ec7a48989d304f71309d8b7,0ea882672f492d84780f4b57128af453fe129efd52f72b15ce35490ca6da1069,71d6ad97b54100358729448f34758e00ee23a6c8b3a384cc68f55bc359bd4356,0.06429227904038784,0.053788747741011125,0.06755210037495109,0.059753095997745684,0.07996658325000329,0.9109315872192383,0.45714285714285713
Original,0,BG5,7.52785644974548,19.354862404897812,0.020792962278960613,0.053460759591546135,6.02841854095459,0.016651311055233216,1.0,1.0,1.0,False,False,4,0.27575596590807727,cached boolean visibility >0.9; continuous score not cached,2ed4e86484ba454a1f701f898134fc61c6b43b262ec7a48989d304f71309d8b7,0ea882672f492d84780f4b57128af453fe129efd52f72b15ce35490ca6da1069,71d6ad97b54100358729448f34758e00ee23a6c8b3a384cc68f55bc359bd4356,0.21436404919083799,0.1887384906688095,0.1325712171858572,0.17876921651768765,0.26102440174191166,0.9109315872192383,0.45714285714285713
Original,0,BG6,18.542331122504002,46.07568867532135,0.0512164377958162,0.12726731214906226,17.024517059326172,0.04702402913701405,1.0,1.0,1.0,False,False,4,0.27441928641156554,cached boolean visibility >0.9; continuous score not cached,2ed4e86484ba454a1f701f898134fc61c6b43b262ec7a48989d304f71309d8b7,0ea882672f492d84780f4b57128af453fe129efd52f72b15ce35490ca6da1069,71d6ad97b54100358729448f34758e00ee23a6c8b3a384cc68f55bc359bd4356,0.3868757757836369,0.3137396836171739,0.14722320490955013,0.2847889670177113,0.47685376304666566,0.9109315872192383,0.45714285714285713
Original,0,BG7,5.2361204986914185,13.487909728162823,0.014462876217713238,0.037255439190687245,3.720771312713623,0.010277275884625682,1.0,1.0,1.0,False,False,4,0.2967664709596567,cached boolean visibility >0.9; continuous score not cached,2ed4e86484ba454a1f701f898134fc61c6b43b262ec7a48989d304f71309d8b7,0ea882672f492d84780f4b57128af453fe129efd52f72b15ce35490ca6da1069,71d6ad97b54100358729448f34758e00ee23a6c8b3a384cc68f55bc359bd4356,0.1840667384524939,0.14553086590645015,0.1489057412650474,0.15630263437077085,0.1955319044947131,0.9814466834068298,0.22857142857142856
Original,0,BG8,27.120261065013903,67.79802617646264,0.07490984572898761,0.18726735961109292,25.601327896118164,0.0707143459481464,1.0,1.0,1.0,False,False,4,0.2962300588779826,cached boolean visibility >0.9; continuous score not cached,2ed4e86484ba454a1f701f898134fc61c6b43b262ec7a48989d304f71309d8b7,0ea882672f492d84780f4b57128af453fe129efd52f72b15ce35490ca6da1069,71d6ad97b54100358729448f34758e00ee23a6c8b3a384cc68f55bc359bd4356,0.4337328393278012,0.34980406361339916,0.11934117248150339,0.3045884854764162,0.47848426738122785,0.9109315872192383,0.45714285714285713
Original,0,BG9,14.751047442501127,37.86187098598685,0.04074439717264463,0.10457963172891208,13.250747680664062,0.03660036539370889,1.0,1.0,1.0,False,False,4,0.27698128156686125,cached boolean visibility >0.9; continuous score not cached,2ed4e86484ba454a1f701f898134fc61c6b43b262ec7a48989d304f71309d8b7,0ea882672f492d84780f4b57128af453fe129efd52f72b15ce35490ca6da1069,71d6ad97b54100358729448f34758e00ee23a6c8b3a384cc68f55bc359bd4356,0.30526760710220135,0.20097084170076138,0.10321019798530322,0.2020781055186555,0.3473938106329229,0.9606394171714783,0.34285714285714286
Original,0,BG10,25.43261491161217,61.55504084620924,0.07024833776291825,0.170023385931912,23.933589935302734,0.06610782711480728,1.0,1.0,1.0,False,False,4,0.2767461707868133,cached boolean visibility >0.9; continuous score not cached,2ed4e86484ba454a1f701f898134fc61c6b43b262ec7a48989d304f71309d8b7,0ea882672f492d84780f4b57128af453fe129efd52f72b15ce35490ca6da1069,71d6ad97b54100358729448f34758e00ee23a6c8b3a384cc68f55bc359bd4356,0.4442372001392403,0.35550921186011936,0.12194975536390544,0.31194243059989263,0.5016461626613998,0.9109315872192383,0.45714285714285713
Original,0,BG11,15.372290364745663,38.56845032079176,0.042460354528438604,0.10653129985034503,13.874478340148926,0.038323194217754604,1.0,1.0,1.0,False,False,4,0.2703969497834766,cached boolean visibility >0.9; continuous score not cached,2ed4e86484ba454a1f701f898134fc61c6b43b262ec7a48989d304f71309d8b7,0ea882672f492d84780f4b57128af453fe129efd52f72b15ce35490ca6da1069,71d6ad97b54100358729448f34758e00ee23a6c8b3a384cc68f55bc359bd4356,0.3223933795089242,0.2523261447330773,0.11305193797562058,0.23089889654029686,0.3605817667294562,0.9606394171714783,0.34285714285714286
Original,0,BG12,5.386330124706875,13.407603233611802,0.014877775612850051,0.03703362174197495,3.867065906524658,0.01068136142890191,1.0,1.0,1.0,False,False,4,0.2783322031171897,cached boolean visibility >0.9; continuous score not cached,2ed4e86484ba454a1f701f898134fc61c6b43b262ec7a48989d304f71309d8b7,0ea882672f492d84780f4b57128af453fe129efd52f72b15ce35490ca6da1069,71d6ad97b54100358729448f34758e00ee23a6c8b3a384cc68f55bc359bd4356,0.1279202866996387,0.09180554277724186,0.11438504335905719,0.10778314415430214,0.13656412770961263,0.9814466834068298,0.22857142857142856
Original,0,BG13,2.3197658245819706,5.954321056627153,0.006407508380182478,0.016446643736339486,0.7770875692367554,0.002146421444465158,1.0,1.0,1.0,False,False,4,0.2677418440306344,cached boolean visibility >0.9; continuous score not cached,2ed4e86484ba454a1f701f898134fc61c6b43b262ec7a48989d304f71309d8b7,0ea882672f492d84780f4b57128af453fe129efd52f72b15ce35490ca6da1069,71d6ad97b54100358729448f34758e00ee23a6c8b3a384cc68f55bc359bd4356,0.08489683206392253,0.07736940434023613,0.11380995202945254,0.08882625734451349,0.13559135642520587,0.009900989942252636,1.0
Original,0,BG14,15.951401032490674,39.51455588870463,0.04405993687304785,0.10914457197061665,14.447237968444824,0.039905234128527714,1.0,1.0,1.0,False,False,4,0.28503814121744575,cached boolean visibility >0.9; continuous score not cached,2ed4e86484ba454a1f701f898134fc61c6b43b262ec7a48989d304f71309d8b7,0ea882672f492d84780f4b57128af453fe129efd52f72b15ce35490ca6da1069,71d6ad97b54100358729448f34758e00ee23a6c8b3a384cc68f55bc359bd4356,0.3207909029313587,0.2543472802649934,0.09372404171469541,0.22574053171425176,0.37238529456685276,0.9109315872192383,0.45714285714285713
Original,0,BG15,6.92310524632272,18.245090657594996,0.01912255729118343,0.050395419247456046,5.440240383148193,0.015026683071128862,1.0,1.0,1.0,False,False,4,0.27986465548188033,cached boolean visibility >0.9; continuous score not cached,2ed4e86484ba454a1f701f898134fc61c6b43b262ec7a48989d304f71309d8b7,0ea882672f492d84780f4b57128af453fe129efd52f72b15ce35490ca6da1069,71d6ad97b54100358729448f34758e00ee23a6c8b3a384cc68f55bc359bd4356,0.15380479097082056,0.11039041135817762,0.08740555583114111,0.11589061735373853,0.17789626947232598,0.9606394171714783,0.34285714285714286
Original,1,BG0,2.190348805684703,5.030757776991243,0.006050040990873082,0.013895636478974488,0.0,0.0,1.0,1.0,1.0,False,False,4,0.2551948226366686,cached boolean visibility >0.9; continuous score not cached,2ed4e86484ba454a1f701f898134fc61c6b43b262ec7a48989d304f71309d8b7,0ea882672f492d84780f4b57128af453fe129efd52f72b15ce35490ca6da1069,f81805e30c0fa864bee1e1c256000472db9b193be90a5166fafbce60c146bf52,0.0,0.0,0.0,0.0,0.0,0.9950248599052429,0.0
Original,1,BG1,3.439822213562946,7.750374619250595,0.00950125630190031,0.021407587695344538,1.3310407400131226,0.003676515364448591,1.0,1.0,1.0,False,False,4,0.2730511576682436,cached boolean visibility >0.9; continuous score not cached,2ed4e86484ba454a1f701f898134fc61c6b43b262ec7a48989d304f71309d8b7,0ea882672f492d84780f4b57128af453fe129efd52f72b15ce35490ca6da1069,f81805e30c0fa864bee1e1c256000472db9b193be90a5166fafbce60c146bf52,0.061563384495594425,0.04056491881552608,0.06576125984876256,0.0528508430844756,0.07773937187589913,0.009900989942252636,1.0
Original,1,BG2,2.2702368783324665,5.226868422493627,0.006270702701440102,0.014437320726230765,0.1020728126168251,0.00028193897646930003,1.0,1.0,1.0,False,False,4,0.27294335846211426,cached boolean visibility >0.9; continuous score not cached,2ed4e86484ba454a1f701f898134fc61c6b43b262ec7a48989d304f71309d8b7,0ea882672f492d84780f4b57128af453fe129efd52f72b15ce35490ca6da1069,f81805e30c0fa864bee1e1c256000472db9b193be90a5166fafbce60c146bf52,0.03717444137809813,0.03185101221109211,0.0733700386321916,0.04422792582751236,0.08961734254127406,0.009900989942252636,1.0
Original,1,BG3,3.669678055424874,8.160660669276124,0.010136149366259341,0.022540853508623032,1.5612986087799072,0.004312518881739824,1.0,1.0,1.0,False,False,4,0.26175689545176956,cached boolean visibility >0.9; continuous score not cached,2ed4e86484ba454a1f701f898134fc61c6b43b262ec7a48989d304f71309d8b7,0ea882672f492d84780f4b57128af453fe129efd52f72b15ce35490ca6da1069,f81805e30c0fa864bee1e1c256000472db9b193be90a5166fafbce60c146bf52,0.07400737283444171,0.04479424218231922,0.07231300294299046,0.06044429689119621,0.08505341701203721,0.009900989942252636,1.0
Original,1,BG4,3.3663924825891156,7.744495735345947,0.00929843340849289,0.02139134941927116,1.2505133152008057,0.0034540876763381255,1.0,1.0,1.0,False,False,4,0.27648874761839337,cached boolean visibility >0.9; continuous score not cached,2ed4e86484ba454a1f701f898134fc61c6b43b262ec7a48989d304f71309d8b7,0ea882672f492d84780f4b57128af453fe129efd52f72b15ce35490ca6da1069,f81805e30c0fa864bee1e1c256000472db9b193be90a5166fafbce60c146bf52,0.061114347738149395,0.04215775173667237,0.06938528136021031,0.054682409631450955,0.0805624391078158,0.009900989942252636,1.0
Original,1,BG5,5.060822995489831,10.735110163210688,0.013978680697248733,0.02965183278590196,3.005764961242676,0.008302331198232876,1.0,1.0,1.0,False,False,4,0.27575596590807727,cached boolean visibility >0.9; continuous score not cached,2ed4e86484ba454a1f701f898134fc61c6b43b262ec7a48989d304f71309d8b7,0ea882672f492d84780f4b57128af453fe129efd52f72b15ce35490ca6da1069,f81805e30c0fa864bee1e1c256000472db9b193be90a5166fafbce60c146bf52,0.19709463712667297,0.14576752761135717,0.13555434729198698,0.15643202134485826,0.2030544024566807,0.9814466834068298,0.22857142857142856
Original,1,BG6,10.428336308408364,25.371759362714464,0.02880448171941188,0.07008024646878389,8.374262809753418,0.023130851641464657,1.0,1.0,1.0,False,False,4,0.27441928641156554,cached boolean visibility >0.9; continuous score not cached,2ed4e86484ba454a1f701f898134fc61c6b43b262ec7a48989d304f71309d8b7,0ea882672f492d84780f4b57128af453fe129efd52f72b15ce35490ca6da1069,f81805e30c0fa864bee1e1c256000472db9b193be90a5166fafbce60c146bf52,0.3510418563926431,0.22749280719289874,0.1495051354887134,0.2388684275411652,0.3594919733001283,0.9950248599052429,0.0
Original,1,BG7,2.661966666320514,5.724846038523258,0.007352713597842902,0.015812802558940384,0.5434101223945618,0.001500972587932056,1.0,1.0,1.0,False,False,4,0.2967664709596567,cached boolean visibility >0.9; continuous score not cached,2ed4e86484ba454a1f701f898134fc61c6b43b262ec7a48989d304f71309d8b7,0ea882672f492d84780f4b57128af453fe129efd52f72b15ce35490ca6da1069,f81805e30c0fa864bee1e1c256000472db9b193be90a5166fafbce60c146bf52,0.17219580852340066,0.1384575889843399,0.151794656019534,0.15034580387734928,0.17791799656541252,0.009900989942252636,1.0
Original,1,BG8,22.56155359388674,55.29165294811555,0.06231807632945716,0.1527230575883815,20.51751136779785,0.056672153989226315,1.0,1.0,1.0,False,False,4,0.2962300588779826,cached boolean visibility >0.9; continuous score not cached,2ed4e86484ba454a1f701f898134fc61c6b43b262ec7a48989d304f71309d8b7,0ea882672f492d84780f4b57128af453fe129efd52f72b15ce35490ca6da1069,f81805e30c0fa864bee1e1c256000472db9b193be90a5166fafbce60c146bf52,0.4406652416692824,0.33237208957537234,0.1213398840122027,0.30029872960059845,0.4904225693602026,0.9109315872192383,0.45714285714285713
Original,1,BG9,9.62589326544072,23.956472899504387,0.026588025011605673,0.06617103297090353,7.563302040100098,0.02089086781530011,1.0,1.0,1.0,False,False,4,0.27698128156686125,cached boolean visibility >0.9; continuous score not cached,2ed4e86484ba454a1f701f898134fc61c6b43b262ec7a48989d304f71309d8b7,0ea882672f492d84780f4b57128af453fe129efd52f72b15ce35490ca6da1069,f81805e30c0fa864bee1e1c256000472db9b193be90a5166fafbce60c146bf52,0.2868062493069694,0.15981888528293853,0.10542195636507455,0.17967316341772485,0.2968686440252873,0.9606394171714783,0.34285714285714286
Original,1,BG10,19.563701889801393,46.699203872259176,0.05403760262261968,0.12898954583627945,17.50212287902832,0.048343241300473225,1.0,1.0,1.0,False,False,4,0.2767461707868133,cached boolean visibility >0.9; continuous score not cached,2ed4e86484ba454a1f701f898134fc61c6b43b262ec7a48989d304f71309d8b7,0ea882672f492d84780f4b57128af453fe129efd52f72b15ce35490ca6da1069,f81805e30c0fa864bee1e1c256000472db9b193be90a5166fafbce60c146bf52,0.44155922353121985,0.34607541107640943,0.1249028740798513,0.30860656805954817,0.4954399673453002,0.9109315872192383,0.45714285714285713
Original,1,BG11,9.930989794985704,24.18001017807347,0.027430743077846844,0.06678847330498237,7.865904331207275,0.021726696456098826,1.0,1.0,1.0,False,False,4,0.2703969497834766,cached boolean visibility >0.9; continuous score not cached,2ed4e86484ba454a1f701f898134fc61c6b43b262ec7a48989d304f71309d8b7,0ea882672f492d84780f4b57128af453fe129efd52f72b15ce35490ca6da1069,f81805e30c0fa864bee1e1c256000472db9b193be90a5166fafbce60c146bf52,0.29354784028824393,0.1766641480136646,0.11574377590329425,0.19199097372872936,0.3007077757779261,0.9606394171714783,0.34285714285714286
Original,1,BG12,4.28791859080772,9.325786863058788,0.011843813721625015,0.025759090354567537,2.220304250717163,0.006132781999919618,1.0,1.0,1.0,False,False,4,0.2783322031171897,cached boolean visibility >0.9; continuous score not cached,2ed4e86484ba454a1f701f898134fc61c6b43b262ec7a48989d304f71309d8b7,0ea882672f492d84780f4b57128af453fe129efd52f72b15ce35490ca6da1069,f81805e30c0fa864bee1e1c256000472db9b193be90a5166fafbce60c146bf52,0.11543368671889181,0.08643175560983066,0.11979962115435587,0.1035412865870985,0.14058445608209794,0.009900989942252636,1.0
Original,1,BG13,2.7995300957110323,6.398793159666012,0.007732682479738654,0.017674336072695047,0.6832457184791565,0.0018872175029425247,1.0,1.0,1.0,False,False,4,0.2677418440306344,cached boolean visibility >0.9; continuous score not cached,2ed4e86484ba454a1f701f898134fc61c6b43b262ec7a48989d304f71309d8b7,0ea882672f492d84780f4b57128af453fe129efd52f72b15ce35490ca6da1069,f81805e30c0fa864bee1e1c256000472db9b193be90a5166fafbce60c146bf52,0.0787747079345597,0.07412531642349139,0.1193871335866337,0.08716556441285983,0.14143414509400346,0.009900989942252636,1.0
Original,1,BG14,10.074629317669547,24.66451996128736,0.02782749495494116,0.06812675515366115,8.013456344604492,0.022134255164110155,1.0,1.0,1.0,False,False,4,0.28503814121744575,cached boolean visibility >0.9; continuous score not cached,2ed4e86484ba454a1f701f898134fc61c6b43b262ec7a48989d304f71309d8b7,0ea882672f492d84780f4b57128af453fe129efd52f72b15ce35490ca6da1069,f81805e30c0fa864bee1e1c256000472db9b193be90a5166fafbce60c146bf52,0.29752895923268813,0.18664671307999328,0.09739371886618013,0.19185824873972246,0.31022233393012794,0.9606394171714783,0.34285714285714286
Original,1,BG15,4.601693497849856,10.19667623700661,0.012710502645592484,0.02816460512793399,2.513551950454712,0.006942771988403124,1.0,1.0,1.0,False,False,4,0.27986465548188033,cached boolean visibility >0.9; continuous score not cached,2ed4e86484ba454a1f701f898134fc61c6b43b262ec7a48989d304f71309d8b7,0ea882672f492d84780f4b57128af453fe129efd52f72b15ce35490ca6da1069,f81805e30c0fa864bee1e1c256000472db9b193be90a5166fafbce60c146bf52,0.12887635419115528,0.07655945542142162,0.0902288835826643,0.09487649758869762,0.13114061203483326,0.9950248599052429,0.0
Original,2,BG0,1.8754277008695173,4.905843991508973,0.00518018611292942,0.013550607632184663,0.0,0.0,1.0,1.0,1.0,False,False,4,0.2551948226366686,cached boolean visibility >0.9; continuous score not cached,2ed4e86484ba454a1f701f898134fc61c6b43b262ec7a48989d304f71309d8b7,0ea882672f492d84780f4b57128af453fe129efd52f72b15ce35490ca6da1069,2f019c9f2ecf65bdc0aa61ea74b948111ac6fc9fbdc0c7b9e3edc5ae657a4836,0.0,0.0,0.0,0.0,0.0,0.9950248599052429,0.0
Original,2,BG1,2.2325220138689907,5.943995453709721,0.0061665291216992605,0.01641812301820372,0.4987603724002838,0.0013776439121537829,1.0,1.0,1.0,False,False,4,0.2730511576682436,cached boolean visibility >0.9; continuous score not cached,2ed4e86484ba454a1f701f898134fc61c6b43b262ec7a48989d304f71309d8b7,0ea882672f492d84780f4b57128af453fe129efd52f72b15ce35490ca6da1069,2f019c9f2ecf65bdc0aa61ea74b948111ac6fc9fbdc0c7b9e3edc5ae657a4836,0.0649674038091859,0.04042855919313326,0.062322989793447824,0.05327394666271358,0.07393497524083321,0.009900989942252636,1.0
Original,2,BG2,1.7913435805779614,4.7272341900180335,0.004947934348678387,0.013057263093822841,0.1224132627248764,0.00033812206320285365,1.0,1.0,1.0,False,False,4,0.27294335846211426,cached boolean visibility >0.9; continuous score not cached,2ed4e86484ba454a1f701f898134fc61c6b43b262ec7a48989d304f71309d8b7,0ea882672f492d84780f4b57128af453fe129efd52f72b15ce35490ca6da1069,2f019c9f2ecf65bdc0aa61ea74b948111ac6fc9fbdc0c7b9e3edc5ae657a4836,0.03569764324012867,0.0375411357614784,0.06970188015533874,0.0456039622647922,0.0859693578539268,0.009900989942252636,1.0
Original,2,BG3,2.366536918770854,6.293396533515341,0.006536696496840581,0.017383216271658626,0.6606011986732483,0.001824670262663342,1.0,1.0,1.0,False,False,4,0.26175689545176956,cached boolean visibility >0.9; continuous score not cached,2ed4e86484ba454a1f701f898134fc61c6b43b262ec7a48989d304f71309d8b7,0ea882672f492d84780f4b57128af453fe129efd52f72b15ce35490ca6da1069,2f019c9f2ecf65bdc0aa61ea74b948111ac6fc9fbdc0c7b9e3edc5ae657a4836,0.07807935448011442,0.04786676913098028,0.06757811182840366,0.061856230251527616,0.0824654109576665,0.9814466834068298,0.22857142857142856
Original,2,BG4,2.2415513422237834,6.050740773791524,0.006191469353375955,0.01671296809511689,0.4913806915283203,0.0013572602309523843,1.0,1.0,1.0,False,False,4,0.27648874761839337,cached boolean visibility >0.9; continuous score not cached,2ed4e86484ba454a1f701f898134fc61c6b43b262ec7a48989d304f71309d8b7,0ea882672f492d84780f4b57128af453fe129efd52f72b15ce35490ca6da1069,2f019c9f2ecf65bdc0aa61ea74b948111ac6fc9fbdc0c7b9e3edc5ae657a4836,0.06412081907789076,0.04348994875778477,0.06481311278961922,0.05521905401299769,0.07546889080505932,0.009900989942252636,1.0
Original,2,BG5,3.605847535649887,8.760775681397407,0.009959840798370452,0.024198452706133994,1.9681003093719482,0.005436160448485338,1.0,1.0,1.0,False,False,4,0.27575596590807727,cached boolean visibility >0.9; continuous score not cached,2ed4e86484ba454a1f701f898134fc61c6b43b262ec7a48989d304f71309d8b7,0ea882672f492d84780f4b57128af453fe129efd52f72b15ce35490ca6da1069,2f019c9f2ecf65bdc0aa61ea74b948111ac6fc9fbdc0c7b9e3edc5ae657a4836,0.2006213552327246,0.15642510370216856,0.133704000172526,0.16176642145963344,0.23282768406762017,0.9606394171714783,0.34285714285714286
Original,2,BG6,14.354695441164239,36.05745391181628,0.03964961909497989,0.09959558661471365,12.720043182373047,0.035134487465787866,1.0,1.0,1.0,False,False,4,0.27441928641156554,cached boolean visibility >0.9; continuous score not cached,2ed4e86484ba454a1f701f898134fc61c6b43b262ec7a48989d304f71309d8b7,0ea882672f492d84780f4b57128af453fe129efd52f72b15ce35490ca6da1069,2f019c9f2ecf65bdc0aa61ea74b948111ac6fc9fbdc0c7b9e3edc5ae657a4836,0.3774430959797536,0.2498783272351738,0.13975727682334585,0.2545470262775066,0.42617968079960955,0.9606394171714783,0.34285714285714286
Original,2,BG7,2.121972621624249,5.786498257388549,0.005861176680635556,0.015983094363763994,0.35359853506088257,0.0009766871951530439,1.0,1.0,1.0,False,False,4,0.2967664709596567,cached boolean visibility >0.9; continuous score not cached,2ed4e86484ba454a1f701f898134fc61c6b43b262ec7a48989d304f71309d8b7,0ea882672f492d84780f4b57128af453fe129efd52f72b15ce35490ca6da1069,2f019c9f2ecf65bdc0aa61ea74b948111ac6fc9fbdc0c7b9e3edc5ae657a4836,0.1687827014198698,0.1327236537828502,0.1483108152260649,0.14598249149563514,0.17968082966612145,0.009900989942252636,1.0
Original,2,BG8,27.08770462449909,69.34335049875841,0.07481992041703714,0.19153575534323294,25.415056228637695,0.07019983829494966,1.0,1.0,1.0,False,False,4,0.2962300588779826,cached boolean visibility >0.9; continuous score not cached,2ed4e86484ba454a1f701f898134fc61c6b43b262ec7a48989d304f71309d8b7,0ea882672f492d84780f4b57128af453fe129efd52f72b15ce35490ca6da1069,2f019c9f2ecf65bdc0aa61ea74b948111ac6fc9fbdc0c7b9e3edc5ae657a4836,0.43291877631945397,0.32055684991333516,0.11923113453237082,0.2925950422596435,0.4958816392804343,0.9109315872192383,0.45714285714285713
Original,2,BG9,13.040924700482872,32.17367678105571,0.03602080581505697,0.08886806651401821,11.40212631225586,0.031494222013053436,1.0,1.0,1.0,False,False,4,0.27698128156686125,cached boolean visibility >0.9; continuous score not cached,2ed4e86484ba454a1f701f898134fc61c6b43b262ec7a48989d304f71309d8b7,0ea882672f492d84780f4b57128af453fe129efd52f72b15ce35490ca6da1069,2f019c9f2ecf65bdc0aa61ea74b948111ac6fc9fbdc0c7b9e3edc5ae657a4836,0.3090395508359321,0.19637538040612584,0.10099309396436791,0.20126264870426772,0.3696209829653887,0.9606394171714783,0.34285714285714286
Original,2,BG10,25.052213594595,63.818038709132445,0.0691976176424685,0.17627409348927006,23.418764114379883,0.06468580825111792,1.0,1.0,1.0,False,False,4,0.2767461707868133,cached boolean visibility >0.9; continuous score not cached,2ed4e86484ba454a1f701f898134fc61c6b43b262ec7a48989d304f71309d8b7,0ea882672f492d84780f4b57128af453fe129efd52f72b15ce35490ca6da1069,2f019c9f2ecf65bdc0aa61ea74b948111ac6fc9fbdc0c7b9e3edc5ae657a4836,0.4378056531948548,0.3324002702315341,0.11555180262287978,0.2991291166162495,0.4999966683398247,0.9109315872192383,0.45714285714285713
Original,2,BG11,10.947631667255033,27.40000074568756,0.030238846054096182,0.07568252473356302,9.304561614990234,0.025700463335654875,1.0,1.0,1.0,False,False,4,0.2703969497834766,cached boolean visibility >0.9; continuous score not cached,2ed4e86484ba454a1f701f898134fc61c6b43b262ec7a48989d304f71309d8b7,0ea882672f492d84780f4b57128af453fe129efd52f72b15ce35490ca6da1069,2f019c9f2ecf65bdc0aa61ea74b948111ac6fc9fbdc0c7b9e3edc5ae657a4836,0.2983551529352315,0.18849853977073847,0.10731400659637542,0.196704002068557,0.3556055915315624,0.9606394171714783,0.34285714285714286
Original,2,BG12,2.7704387575629044,7.065897759801859,0.007652328251307668,0.019516969613776285,1.0837031602859497,0.0029933353649667462,1.0,1.0,1.0,False,False,4,0.2783322031171897,cached boolean visibility >0.9; continuous score not cached,2ed4e86484ba454a1f701f898134fc61c6b43b262ec7a48989d304f71309d8b7,0ea882672f492d84780f4b57128af453fe129efd52f72b15ce35490ca6da1069,2f019c9f2ecf65bdc0aa61ea74b948111ac6fc9fbdc0c7b9e3edc5ae657a4836,0.1152018780959518,0.0895033758465979,0.11575095024491067,0.10367621383634279,0.1463839991097951,0.9606394171714783,0.34285714285714286
Original,2,BG13,2.135206412239124,5.7648061117754485,0.0058977302083097006,0.015923177710398726,0.38100290298461914,0.0010523817826257205,1.0,1.0,1.0,False,False,4,0.2677418440306344,cached boolean visibility >0.9; continuous score not cached,2ed4e86484ba454a1f701f898134fc61c6b43b262ec7a48989d304f71309d8b7,0ea882672f492d84780f4b57128af453fe129efd52f72b15ce35490ca6da1069,2f019c9f2ecf65bdc0aa61ea74b948111ac6fc9fbdc0c7b9e3edc5ae657a4836,0.07827376054012182,0.07353775674011293,0.11410538750535114,0.0853699419953029,0.13832603717228428,0.009900989942252636,1.0
Original,2,BG14,13.293508781720584,32.676123931275214,0.036718477364521655,0.0902558938074091,11.654156684875488,0.0321903641440859,1.0,1.0,1.0,False,False,4,0.28503814121744575,cached boolean visibility >0.9; continuous score not cached,2ed4e86484ba454a1f701f898134fc61c6b43b262ec7a48989d304f71309d8b7,0ea882672f492d84780f4b57128af453fe129efd52f72b15ce35490ca6da1069,2f019c9f2ecf65bdc0aa61ea74b948111ac6fc9fbdc0c7b9e3edc5ae657a4836,0.3108367183666025,0.18750921371607368,0.09169912346360293,0.19560246542934556,0.3635935072184566,0.9606394171714783,0.34285714285714286
Original,2,BG15,3.4601086526087137,8.337760793026252,0.009557290202741677,0.02303002811195386,1.7973333597183228,0.004964478932459477,1.0,1.0,1.0,False,False,4,0.27986465548188033,cached boolean visibility >0.9; continuous score not cached,2ed4e86484ba454a1f701f898134fc61c6b43b262ec7a48989d304f71309d8b7,0ea882672f492d84780f4b57128af453fe129efd52f72b15ce35490ca6da1069,2f019c9f2ecf65bdc0aa61ea74b948111ac6fc9fbdc0c7b9e3edc5ae657a4836,0.14680046072493358,0.09225415229207441,0.08428189432627436,0.10541572509840293,0.1683254555734126,0.9606394171714783,0.34285714285714286
T01,0,BG0,0.6887355520142866,0.7637396427644224,0.0019023811690373521,0.002109552658045759,0.0,0.0,1.0,1.0,1.0,False,False,5,0.13740768768072342,cached boolean visibility >0.9; continuous score not cached,cad3f55537b1e0df4e9708ec44b3383f82a8780a1a4ae140911dbd19f3615109,e6002891104fad0bc1da003092c8ac6f220b69362c6893d85ca0b2daacd49eb0,71d6ad97b54100358729448f34758e00ee23a6c8b3a384cc68f55bc359bd4356,0.0,0.0,0.0,0.0,0.0,0.9950248599052429,0.0
T01,0,BG1,0.615162001683059,0.6872189809736681,0.0016991610270249272,0.0018981921937757408,0.08668477833271027,0.00023943513509653175,1.0,1.0,1.0,False,False,5,0.13384216759608203,cached boolean visibility >0.9; continuous score not cached,cad3f55537b1e0df4e9708ec44b3383f82a8780a1a4ae140911dbd19f3615109,e6002891104fad0bc1da003092c8ac6f220b69362c6893d85ca0b2daacd49eb0,71d6ad97b54100358729448f34758e00ee23a6c8b3a384cc68f55bc359bd4356,0.022155143763178172,0.0258566249229451,0.07131501762075305,0.0371331225450985,0.08356414282033023,0.009900989942252636,1.0
T01,0,BG2,0.6325490222691845,0.7037425824883553,0.0017471863401541437,0.0019438326261220675,0.07483633607625961,0.00020670812780733842,1.0,1.0,1.0,False,False,5,0.13666586894427152,cached boolean visibility >0.9; continuous score not cached,cad3f55537b1e0df4e9708ec44b3383f82a8780a1a4ae140911dbd19f3615109,e6002891104fad0bc1da003092c8ac6f220b69362c6893d85ca0b2daacd49eb0,71d6ad97b54100358729448f34758e00ee23a6c8b3a384cc68f55bc359bd4356,0.022976395876870056,0.02678822371765746,0.07839378175947762,0.03954888332711487,0.09473918427673564,0.009900989942252636,1.0
T01,0,BG3,0.6059082188249717,0.6710407180872257,0.0016736008215148437,0.001853505633639717,0.09934935718774796,0.00027441642255461346,1.0,1.0,1.0,False,False,5,0.13232749316841264,cached boolean visibility >0.9; continuous score not cached,cad3f55537b1e0df4e9708ec44b3383f82a8780a1a4ae140911dbd19f3615109,e6002891104fad0bc1da003092c8ac6f220b69362c6893d85ca0b2daacd49eb0,71d6ad97b54100358729448f34758e00ee23a6c8b3a384cc68f55bc359bd4356,0.02675397483343171,0.03161683050473561,0.07441802601014785,0.04171911528539758,0.08817897099150977,0.009900989942252636,1.0
T01,0,BG4,0.6413144129580701,0.6751443044644215,0.0017713975401379735,0.0018648402967432324,0.1008487120270729,0.00027855784432918976,1.0,1.0,1.0,False,False,5,0.12976638492581757,cached boolean visibility >0.9; continuous score not cached,cad3f55537b1e0df4e9708ec44b3383f82a8780a1a4ae140911dbd19f3615109,e6002891104fad0bc1da003092c8ac6f220b69362c6893d85ca0b2daacd49eb0,71d6ad97b54100358729448f34758e00ee23a6c8b3a384cc68f55bc359bd4356,0.024098902805784344,0.02867970635576038,0.07156874311278016,0.03902945856822769,0.08298585552458711,0.009900989942252636,1.0
T01,0,BG5,0.5294701769985322,0.4857992721891749,0.0014624685648113424,0.001341843592423652,0.21551470458507538,0.0005952808947559465,1.0,1.0,1.0,False,False,5,0.1515099176671873,cached boolean visibility >0.9; continuous score not cached,cad3f55537b1e0df4e9708ec44b3383f82a8780a1a4ae140911dbd19f3615109,e6002891104fad0bc1da003092c8ac6f220b69362c6893d85ca0b2daacd49eb0,71d6ad97b54100358729448f34758e00ee23a6c8b3a384cc68f55bc359bd4356,0.09814233505160534,0.10219816235030468,0.1408475299305262,0.11031357484530527,0.16748032225959883,0.009900989942252636,1.0
T01,0,BG6,0.5979121911041065,0.5742610962220606,0.0016515147065774244,0.0015861871691806228,0.12531641125679016,0.00034614095388140045,1.0,1.0,1.0,False,False,5,0.13492269597184048,cached boolean visibility >0.9; continuous score not cached,cad3f55537b1e0df4e9708ec44b3383f82a8780a1a4ae140911dbd19f3615109,e6002891104fad0bc1da003092c8ac6f220b69362c6893d85ca0b2daacd49eb0,71d6ad97b54100358729448f34758e00ee23a6c8b3a384cc68f55bc359bd4356,0.11053692700819263,0.11934720656594858,0.15035064915021198,0.12354309610455327,0.18514446556668412,0.009900989942252636,1.0
T01,0,BG7,0.6146954141079297,0.8616748696788886,0.0016978722487499612,0.002380063060656159,0.1293904334306717,0.0003573939566386504,1.0,1.0,1.0,False,False,5,0.1296416489141661,cached boolean visibility >0.9; continuous score not cached,cad3f55537b1e0df4e9708ec44b3383f82a8780a1a4ae140911dbd19f3615109,e6002891104fad0bc1da003092c8ac6f220b69362c6893d85ca0b2daacd49eb0,71d6ad97b54100358729448f34758e00ee23a6c8b3a384cc68f55bc359bd4356,0.14229666923900944,0.13588841798018614,0.15271184075879654,0.14029234946529423,0.18526648529400047,0.009900989942252636,1.0
T01,0,BG8,0.5280262339200331,0.6285954751869067,0.0014584801978486312,0.0017362661059681325,0.23853638768196106,0.0006588699112877261,1.0,1.0,1.0,False,False,5,0.1270670442655628,cached boolean visibility >0.9; continuous score not cached,cad3f55537b1e0df4e9708ec44b3383f82a8780a1a4ae140911dbd19f3615109,e6002891104fad0bc1da003092c8ac6f220b69362c6893d85ca0b2daacd49eb0,71d6ad97b54100358729448f34758e00ee23a6c8b3a384cc68f55bc359bd4356,0.109620569510196,0.08883089981702011,0.13267999089391272,0.10546781311712783,0.16602640793366152,0.009900989942252636,1.0
T01,0,BG9,0.46363613806456677,0.4819646973692422,0.0012806260047992092,0.0013312519757902863,0.2382129728794098,0.0006579765956626476,1.0,1.0,1.0,False,False,5,0.1342457658660597,cached boolean visibility >0.9; continuous score not cached,cad3f55537b1e0df4e9708ec44b3383f82a8780a1a4ae140911dbd19f3615109,e6002891104fad0bc1da003092c8ac6f220b69362c6893d85ca0b2daacd49eb0,71d6ad97b54100358729448f34758e00ee23a6c8b3a384cc68f55bc359bd4356,0.0686329146212547,0.06937768351102844,0.11885899976236543,0.0816542276095425,0.1462813321376927,0.009900989942252636,1.0
T01,0,BG10,0.5463235151815807,0.39067725107533974,0.0015090197746350292,0.001079103646448016,0.33547243475914,0.0009266204434349592,1.0,1.0,1.0,False,False,5,0.135637354283399,cached boolean visibility >0.9; continuous score not cached,cad3f55537b1e0df4e9708ec44b3383f82a8780a1a4ae140911dbd19f3615109,e6002891104fad0bc1da003092c8ac6f220b69362c6893d85ca0b2daacd49eb0,71d6ad97b54100358729448f34758e00ee23a6c8b3a384cc68f55bc359bd4356,0.08272041591656853,0.0926168905412928,0.12661867299854715,0.09795810482606251,0.15344032089628246,0.009900989942252636,1.0
T01,0,BG11,0.547533503637921,0.5283283310711302,0.0015123619271453245,0.0014593146312240916,0.16596104204654694,0.00045840694626523074,1.0,1.0,1.0,False,False,5,0.12912802376099786,cached boolean visibility >0.9; continuous score not cached,cad3f55537b1e0df4e9708ec44b3383f82a8780a1a4ae140911dbd19f3615109,e6002891104fad0bc1da003092c8ac6f220b69362c6893d85ca0b2daacd49eb0,71d6ad97b54100358729448f34758e00ee23a6c8b3a384cc68f55bc359bd4356,0.06324699045856379,0.07257684604504201,0.11942873979283676,0.0817966397677021,0.14597468256323493,0.009900989942252636,1.0
T01,0,BG12,0.6282680252135231,0.7253668009415902,0.0017353616446529802,0.0020035616554429335,0.12039540708065033,0.00033254847175954186,1.0,1.0,1.0,False,False,5,0.13416988452171386,cached boolean visibility >0.9; continuous score not cached,cad3f55537b1e0df4e9708ec44b3383f82a8780a1a4ae140911dbd19f3615109,e6002891104fad0bc1da003092c8ac6f220b69362c6893d85ca0b2daacd49eb0,71d6ad97b54100358729448f34758e00ee23a6c8b3a384cc68f55bc359bd4356,0.06585778217674713,0.07206042412163656,0.12817773128951213,0.08471263816799857,0.15497508889230777,0.009900989942252636,1.0
T01,0,BG13,0.576470762900086,0.6216434470603909,0.0015922905687595049,0.0017170636597522771,0.17161914706230164,0.00047403540105158136,1.0,1.0,1.0,False,False,5,0.12849117280141495,cached boolean visibility >0.9; continuous score not cached,cad3f55537b1e0df4e9708ec44b3383f82a8780a1a4ae140911dbd19f3615109,e6002891104fad0bc1da003092c8ac6f220b69362c6893d85ca0b2daacd49eb0,71d6ad97b54100358729448f34758e00ee23a6c8b3a384cc68f55bc359bd4356,0.05882119300196067,0.06773579083168878,0.12533029190598544,0.080209111400954,0.15087965940335077,0.009900989942252636,1.0
T01,0,BG14,0.6050513935075893,0.6570895574520685,0.00167123415357651,0.0018149706325047857,0.11993545293807983,0.00033127801592654796,1.0,1.0,1.0,False,False,5,0.1270810110876833,cached boolean visibility >0.9; continuous score not cached,cad3f55537b1e0df4e9708ec44b3383f82a8780a1a4ae140911dbd19f3615109,e6002891104fad0bc1da003092c8ac6f220b69362c6893d85ca0b2daacd49eb0,71d6ad97b54100358729448f34758e00ee23a6c8b3a384cc68f55bc359bd4356,0.04493967058805792,0.052356094168433204,0.09924700405629772,0.06249958874073963,0.11949269116455861,0.009900989942252636,1.0
T01,0,BG15,0.5914681815088335,0.6553799462431928,0.0016337154765662964,0.0018102484540712368,0.11407514661550522,0.0003150910536588803,1.0,1.0,1.0,False,False,5,0.12282791080393952,cached boolean visibility >0.9; continuous score not cached,cad3f55537b1e0df4e9708ec44b3383f82a8780a1a4ae140911dbd19f3615109,e6002891104fad0bc1da003092c8ac6f220b69362c6893d85ca0b2daacd49eb0,71d6ad97b54100358729448f34758e00ee23a6c8b3a384cc68f55bc359bd4356,0.03865510216411113,0.04699584602924384,0.0936141853816601,0.05704910399283217,0.11025556643283561,0.009900989942252636,1.0
T01,1,BG0,0.22058683918694277,0.8089946701517711,0.0006092908196468504,0.0022345531922191076,0.0,0.0,1.0,1.0,1.0,False,False,5,0.13740768768072342,cached boolean visibility >0.9; continuous score not cached,cad3f55537b1e0df4e9708ec44b3383f82a8780a1a4ae140911dbd19f3615109,e6002891104fad0bc1da003092c8ac6f220b69362c6893d85ca0b2daacd49eb0,f81805e30c0fa864bee1e1c256000472db9b193be90a5166fafbce60c146bf52,0.0,0.0,0.0,0.0,0.0,0.9950248599052429,0.0
T01,1,BG1,0.2168234228583948,0.7818035786542011,0.0005988957524345672,0.0021594477032120937,0.04158913344144821,0.0001148748370317197,1.0,1.0,1.0,False,False,5,0.13384216759608203,cached boolean visibility >0.9; continuous score not cached,cad3f55537b1e0df4e9708ec44b3383f82a8780a1a4ae140911dbd19f3615109,e6002891104fad0bc1da003092c8ac6f220b69362c6893d85ca0b2daacd49eb0,f81805e30c0fa864bee1e1c256000472db9b193be90a5166fafbce60c146bf52,0.021765582015527595,0.025602072026355387,0.07024272008615814,0.036529155432065724,0.08391191077819812,0.009900989942252636,1.0
T01,1,BG2,0.2384273958610391,0.768635906498955,0.0006585688610702738,0.002123076803706563,0.06096557900309563,0.00016839521223458248,1.0,1.0,1.0,False,False,5,0.13666586894427152,cached boolean visibility >0.9; continuous score not cached,cad3f55537b1e0df4e9708ec44b3383f82a8780a1a4ae140911dbd19f3615109,e6002891104fad0bc1da003092c8ac6f220b69362c6893d85ca0b2daacd49eb0,f81805e30c0fa864bee1e1c256000472db9b193be90a5166fafbce60c146bf52,0.02274055434015204,0.0265209553527615,0.07800709769484214,0.03924287971537578,0.09485084354645693,0.009900989942252636,1.0
T01,1,BG3,0.22400066294539284,0.7967248594724214,0.0006187202646834745,0.002200662308097064,0.06272457540035248,0.00017325379926810992,1.0,1.0,1.0,False,False,5,0.13232749316841264,cached boolean visibility >0.9; continuous score not cached,cad3f55537b1e0df4e9708ec44b3383f82a8780a1a4ae140911dbd19f3615109,e6002891104fad0bc1da003092c8ac6f220b69362c6893d85ca0b2daacd49eb0,f81805e30c0fa864bee1e1c256000472db9b193be90a5166fafbce60c146bf52,0.02647412464872871,0.03157620780286853,0.07288611537048933,0.04111985337226196,0.08775111152242714,0.009900989942252636,1.0
T01,1,BG4,0.21966627214247475,0.8049348192037526,0.0006067480883980995,0.002223339332313051,0.08365786075592041,0.0002310743775002784,1.0,1.0,1.0,False,False,5,0.12976638492581757,cached boolean visibility >0.9; continuous score not cached,cad3f55537b1e0df4e9708ec44b3383f82a8780a1a4ae140911dbd19f3615109,e6002891104fad0bc1da003092c8ac6f220b69362c6893d85ca0b2daacd49eb0,f81805e30c0fa864bee1e1c256000472db9b193be90a5166fafbce60c146bf52,0.023969352425503257,0.02893853432224842,0.07136666745663313,0.03891519546206173,0.08499578449962497,0.009900989942252636,1.0
T01,1,BG5,0.2360528412660486,0.5788449268053629,0.000652010018662401,0.001598848332029308,0.18748627603054047,0.000517862567033625,1.0,1.0,1.0,False,False,5,0.1515099176671873,cached boolean visibility >0.9; continuous score not cached,cad3f55537b1e0df4e9708ec44b3383f82a8780a1a4ae140911dbd19f3615109,e6002891104fad0bc1da003092c8ac6f220b69362c6893d85ca0b2daacd49eb0,f81805e30c0fa864bee1e1c256000472db9b193be90a5166fafbce60c146bf52,0.09699320052431833,0.09945395035652656,0.13970102929239156,0.108424445799223,0.1680312499540934,0.009900989942252636,1.0
T01,1,BG6,0.2897403488778328,0.6774529205857642,0.0008003022088862174,0.0018712170081282245,0.2682100534439087,0.0007408326077054459,1.0,1.0,1.0,False,False,5,0.13492269597184048,cached boolean visibility >0.9; continuous score not cached,cad3f55537b1e0df4e9708ec44b3383f82a8780a1a4ae140911dbd19f3615109,e6002891104fad0bc1da003092c8ac6f220b69362c6893d85ca0b2daacd49eb0,f81805e30c0fa864bee1e1c256000472db9b193be90a5166fafbce60c146bf52,0.10972867838850413,0.11890759233983902,0.1509595404207448,0.1234070562457944,0.18461989721150232,0.009900989942252636,1.0
T01,1,BG7,0.19000220632287942,0.652279356366503,0.0005248119083254435,0.0018016842035732457,0.07997135818004608,0.00022089175652269084,1.0,1.0,1.0,False,False,5,0.1296416489141661,cached boolean visibility >0.9; continuous score not cached,cad3f55537b1e0df4e9708ec44b3383f82a8780a1a4ae140911dbd19f3615109,e6002891104fad0bc1da003092c8ac6f220b69362c6893d85ca0b2daacd49eb0,f81805e30c0fa864bee1e1c256000472db9b193be90a5166fafbce60c146bf52,0.14196730996734078,0.1396197441575559,0.1538412444896964,0.1421734078231603,0.18665809241033604,0.009900989942252636,1.0
T01,1,BG8,0.26724520883336067,0.653391696665876,0.0007381675758034545,0.0018047566386071275,0.2359149008989334,0.0006516290086272974,1.0,1.0,1.0,False,False,5,0.1270670442655628,cached boolean visibility >0.9; continuous score not cached,cad3f55537b1e0df4e9708ec44b3383f82a8780a1a4ae140911dbd19f3615109,e6002891104fad0bc1da003092c8ac6f220b69362c6893d85ca0b2daacd49eb0,f81805e30c0fa864bee1e1c256000472db9b193be90a5166fafbce60c146bf52,0.1089638667267084,0.08884988636632066,0.13041860604531316,0.10457874147208533,0.16492499970341878,0.009900989942252636,1.0
T01,1,BG9,0.2388385132856638,0.8268013389016815,0.0006597044232531492,0.0022837376305917803,0.09575113654136658,0.00026447764826062237,1.0,1.0,1.0,False,False,5,0.1342457658660597,cached boolean visibility >0.9; continuous score not cached,cad3f55537b1e0df4e9708ec44b3383f82a8780a1a4ae140911dbd19f3615109,e6002891104fad0bc1da003092c8ac6f220b69362c6893d85ca0b2daacd49eb0,f81805e30c0fa864bee1e1c256000472db9b193be90a5166fafbce60c146bf52,0.06838472797807815,0.06932709169498988,0.1174128980326223,0.08117275746695404,0.14472068014082354,0.009900989942252636,1.0
T01,1,BG10,0.34409385742529675,0.7242787702299541,0.0009504339841799389,0.0020005563667931793,0.34621888399124146,0.0009563035962697088,1.0,1.0,1.0,False,False,5,0.135637354283399,cached boolean visibility >0.9; continuous score not cached,cad3f55537b1e0df4e9708ec44b3383f82a8780a1a4ae140911dbd19f3615109,e6002891104fad0bc1da003092c8ac6f220b69362c6893d85ca0b2daacd49eb0,f81805e30c0fa864bee1e1c256000472db9b193be90a5166fafbce60c146bf52,0.08154435687537512,0.09115308971970576,0.12762734581527102,0.09735875191137358,0.15430247103794562,0.009900989942252636,1.0
T01,1,BG11,0.26701429454000125,0.8273549372628635,0.0007375297591522539,0.0022852667444794583,0.18556393682956696,0.000512552804983824,1.0,1.0,1.0,False,False,5,0.12912802376099786,cached boolean visibility >0.9; continuous score not cached,cad3f55537b1e0df4e9708ec44b3383f82a8780a1a4ae140911dbd19f3615109,e6002891104fad0bc1da003092c8ac6f220b69362c6893d85ca0b2daacd49eb0,f81805e30c0fa864bee1e1c256000472db9b193be90a5166fafbce60c146bf52,0.06330401901845656,0.07297734665118259,0.11961336332113516,0.08207503470389835,0.1461285044123632,0.009900989942252636,1.0
T01,1,BG12,0.26266877647348225,0.7142195685940128,0.0007255268478530186,0.001972771485191238,0.16228368878364563,0.00044824959693313705,1.0,1.0,1.0,False,False,5,0.13416988452171386,cached boolean visibility >0.9; continuous score not cached,cad3f55537b1e0df4e9708ec44b3383f82a8780a1a4ae140911dbd19f3615109,e6002891104fad0bc1da003092c8ac6f220b69362c6893d85ca0b2daacd49eb0,f81805e30c0fa864bee1e1c256000472db9b193be90a5166fafbce60c146bf52,0.06600965524590337,0.07259929247741292,0.12737076412495724,0.08481889983725807,0.15430315349517448,0.009900989942252636,1.0
T01,1,BG13,0.25564834702664163,0.6639681529917134,0.0007061354678971486,0.0018339702479388577,0.14835485816001892,0.0004097762743238976,1.0,1.0,1.0,False,False,5,0.12849117280141495,cached boolean visibility >0.9; continuous score not cached,cad3f55537b1e0df4e9708ec44b3383f82a8780a1a4ae140911dbd19f3615109,e6002891104fad0bc1da003092c8ac6f220b69362c6893d85ca0b2daacd49eb0,f81805e30c0fa864bee1e1c256000472db9b193be90a5166fafbce60c146bf52,0.05879723910419247,0.06709375693925436,0.12444733353602037,0.07963541537445085,0.15132089122531092,0.009900989942252636,1.0
T01,1,BG14,0.21466952826985025,0.7942749924659768,0.0005929464029442514,0.002193895442576508,0.09256462007761002,0.0002556760568548222,1.0,1.0,1.0,False,False,5,0.1270810110876833,cached boolean visibility >0.9; continuous score not cached,cad3f55537b1e0df4e9708ec44b3383f82a8780a1a4ae140911dbd19f3615109,e6002891104fad0bc1da003092c8ac6f220b69362c6893d85ca0b2daacd49eb0,f81805e30c0fa864bee1e1c256000472db9b193be90a5166fafbce60c146bf52,0.0447361140404032,0.051964645801421766,0.09796258066420989,0.06197155315204189,0.11777069694829181,0.009900989942252636,1.0
T01,1,BG15,0.22961886164743706,0.8369913933557819,0.0006342384928095249,0.0023118839454556654,0.06898456066846848,0.00019054472908534706,1.0,1.0,1.0,False,False,5,0.12282791080393952,cached boolean visibility >0.9; continuous score not cached,cad3f55537b1e0df4e9708ec44b3383f82a8780a1a4ae140911dbd19f3615109,e6002891104fad0bc1da003092c8ac6f220b69362c6893d85ca0b2daacd49eb0,f81805e30c0fa864bee1e1c256000472db9b193be90a5166fafbce60c146bf52,0.038725063394941486,0.046481269701047476,0.09306388224280515,0.05658802388033099,0.11177888656039023,0.009900989942252636,1.0
T01,2,BG0,0.23275342900557602,0.7058316110932736,0.0006428965937275955,0.0019496028069526552,0.0,0.0,1.0,1.0,1.0,False,False,5,0.13740768768072342,cached boolean visibility >0.9; continuous score not cached,cad3f55537b1e0df4e9708ec44b3383f82a8780a1a4ae140911dbd19f3615109,e6002891104fad0bc1da003092c8ac6f220b69362c6893d85ca0b2daacd49eb0,2f019c9f2ecf65bdc0aa61ea74b948111ac6fc9fbdc0c7b9e3edc5ae657a4836,0.0,0.0,0.0,0.0,0.0,0.9950248599052429,0.0
T01,2,BG1,0.24777570857282258,0.7080549248742336,0.0006843901708794712,0.001955743901683992,0.044448740780353546,0.0001227734610194962,1.0,1.0,1.0,False,False,5,0.13384216759608203,cached boolean visibility >0.9; continuous score not cached,cad3f55537b1e0df4e9708ec44b3383f82a8780a1a4ae140911dbd19f3615109,e6002891104fad0bc1da003092c8ac6f220b69362c6893d85ca0b2daacd49eb0,2f019c9f2ecf65bdc0aa61ea74b948111ac6fc9fbdc0c7b9e3edc5ae657a4836,0.021605403798035758,0.02516946995837817,0.0747122826048511,0.037386553399637486,0.09138485677968675,0.009900989942252636,1.0
T01,2,BG2,0.25223137951839003,0.7183211854034964,0.0006966973393964501,0.001984100708081139,0.027345459908246994,7.553187553041529e-05,1.0,1.0,1.0,False,False,5,0.13666586894427152,cached boolean visibility >0.9; continuous score not cached,cad3f55537b1e0df4e9708ec44b3383f82a8780a1a4ae140911dbd19f3615109,e6002891104fad0bc1da003092c8ac6f220b69362c6893d85ca0b2daacd49eb0,2f019c9f2ecf65bdc0aa61ea74b948111ac6fc9fbdc0c7b9e3edc5ae657a4836,0.022408756241594354,0.025979599252091895,0.0828929412159632,0.04011963663549824,0.10297989539462277,0.009900989942252636,1.0
T01,2,BG3,0.23716942889516912,0.6986889271238291,0.0006550941853981046,0.0019298737433953634,0.03637907654047012,0.00010048395201199558,1.0,1.0,1.0,False,False,5,0.13232749316841264,cached boolean visibility >0.9; continuous score not cached,cad3f55537b1e0df4e9708ec44b3383f82a8780a1a4ae140911dbd19f3615109,e6002891104fad0bc1da003092c8ac6f220b69362c6893d85ca0b2daacd49eb0,2f019c9f2ecf65bdc0aa61ea74b948111ac6fc9fbdc0c7b9e3edc5ae657a4836,0.025707321660548038,0.03049846612471699,0.0787246686069592,0.04193779754359042,0.09650253513829486,0.009900989942252636,1.0
T01,2,BG4,0.2669784923392617,0.7297667912188992,0.0007374308686095807,0.0020157150263891838,0.056367747485637665,0.00015569537690353653,1.0,1.0,1.0,False,False,5,0.12976638492581757,cached boolean visibility >0.9; continuous score not cached,cad3f55537b1e0df4e9708ec44b3383f82a8780a1a4ae140911dbd19f3615109,e6002891104fad0bc1da003092c8ac6f220b69362c6893d85ca0b2daacd49eb0,2f019c9f2ecf65bdc0aa61ea74b948111ac6fc9fbdc0c7b9e3edc5ae657a4836,0.023216894768606777,0.027900975679850285,0.07669658186998841,0.03961933415667294,0.09273171667775776,0.009900989942252636,1.0
T01,2,BG5,0.3286874488550769,0.982341738130931,0.0009078793905325445,0.002713361345605316,0.11697675287723541,0.00032310568437764116,1.0,1.0,1.0,False,False,5,0.1515099176671873,cached boolean visibility >0.9; continuous score not cached,cad3f55537b1e0df4e9708ec44b3383f82a8780a1a4ae140911dbd19f3615109,e6002891104fad0bc1da003092c8ac6f220b69362c6893d85ca0b2daacd49eb0,2f019c9f2ecf65bdc0aa61ea74b948111ac6fc9fbdc0c7b9e3edc5ae657a4836,0.09454221334208372,0.09669234575441418,0.14874822080117714,0.10885614947644161,0.18179844767814635,0.009900989942252636,1.0
T01,2,BG6,0.2793587107535715,0.8626672027119446,0.0007716267138960222,0.0023828040193158047,0.06678131222724915,0.00018445905754853112,1.0,1.0,1.0,False,False,5,0.13492269597184048,cached boolean visibility >0.9; continuous score not cached,cad3f55537b1e0df4e9708ec44b3383f82a8780a1a4ae140911dbd19f3615109,e6002891104fad0bc1da003092c8ac6f220b69362c6893d85ca0b2daacd49eb0,2f019c9f2ecf65bdc0aa61ea74b948111ac6fc9fbdc0c7b9e3edc5ae657a4836,0.10810522301687031,0.11665525688923678,0.1532492091926505,0.1223648417977207,0.19125823998199734,0.009900989942252636,1.0
T01,2,BG7,0.2876769169539976,0.7929788169741572,0.0007946027295664491,0.0021903152297645025,0.06680778414011002,0.00018453217656843308,1.0,1.0,1.0,False,False,5,0.1296416489141661,cached boolean visibility >0.9; continuous score not cached,cad3f55537b1e0df4e9708ec44b3383f82a8780a1a4ae140911dbd19f3615109,e6002891104fad0bc1da003092c8ac6f220b69362c6893d85ca0b2daacd49eb0,2f019c9f2ecf65bdc0aa61ea74b948111ac6fc9fbdc0c7b9e3edc5ae657a4836,0.13903581390065053,0.13241597889600304,0.15744723400574123,0.13899926415124203,0.19492281372799528,0.009900989942252636,1.0
T01,2,BG8,0.5997011392442813,0.7591255485098831,0.0016564560243942548,0.002096807902825374,0.5482338070869446,0.0015142962604175626,1.0,1.0,1.0,False,False,5,0.1270670442655628,cached boolean visibility >0.9; continuous score not cached,cad3f55537b1e0df4e9708ec44b3383f82a8780a1a4ae140911dbd19f3615109,e6002891104fad0bc1da003092c8ac6f220b69362c6893d85ca0b2daacd49eb0,2f019c9f2ecf65bdc0aa61ea74b948111ac6fc9fbdc0c7b9e3edc5ae657a4836,0.10786509461860334,0.0886995003024762,0.13911359212219268,0.1065632914554634,0.17532660755916185,0.009900989942252636,1.0
T01,2,BG9,0.2736174095846113,0.7249960557998607,0.000755768460031155,0.002002537606990555,0.06690835952758789,0.0001848099794532224,1.0,1.0,1.0,False,False,5,0.1342457658660597,cached boolean visibility >0.9; continuous score not cached,cad3f55537b1e0df4e9708ec44b3383f82a8780a1a4ae140911dbd19f3615109,e6002891104fad0bc1da003092c8ac6f220b69362c6893d85ca0b2daacd49eb0,2f019c9f2ecf65bdc0aa61ea74b948111ac6fc9fbdc0c7b9e3edc5ae657a4836,0.06685151110083001,0.06410073120213619,0.12626767468425282,0.0808391703700955,0.1578277896180491,0.009900989942252636,1.0
T01,2,BG10,0.4391733024498806,0.4218273980668163,0.0012130563292125046,0.0011651445846223552,0.4433864951133728,0.0012246937397703199,1.0,1.0,1.0,False,False,5,0.135637354283399,cached boolean visibility >0.9; continuous score not cached,cad3f55537b1e0df4e9708ec44b3383f82a8780a1a4ae140911dbd19f3615109,e6002891104fad0bc1da003092c8ac6f220b69362c6893d85ca0b2daacd49eb0,2f019c9f2ecf65bdc0aa61ea74b948111ac6fc9fbdc0c7b9e3edc5ae657a4836,0.08076641460088275,0.09152293782037196,0.13058775214558274,0.09792581775367351,0.1607582122901577,0.009900989942252636,1.0
T01,2,BG11,0.26567710757552715,0.8216856623344848,0.0007338362670807934,0.002269607436876851,0.0640900507569313,0.00017702542772193806,1.0,1.0,1.0,False,False,5,0.12912802376099786,cached boolean visibility >0.9; continuous score not cached,cad3f55537b1e0df4e9708ec44b3383f82a8780a1a4ae140911dbd19f3615109,e6002891104fad0bc1da003092c8ac6f220b69362c6893d85ca0b2daacd49eb0,2f019c9f2ecf65bdc0aa61ea74b948111ac6fc9fbdc0c7b9e3edc5ae657a4836,0.06229162136439878,0.07175965358118405,0.12301044766673445,0.08212143511113124,0.15131322523469823,0.009900989942252636,1.0
T01,2,BG12,0.3575367094861895,0.8134295344831832,0.0009875649679719108,0.0022468028900409194,0.1789350062608719,0.0004942427981199993,1.0,1.0,1.0,False,False,5,0.13416988452171386,cached boolean visibility >0.9; continuous score not cached,cad3f55537b1e0df4e9708ec44b3383f82a8780a1a4ae140911dbd19f3615109,e6002891104fad0bc1da003092c8ac6f220b69362c6893d85ca0b2daacd49eb0,2f019c9f2ecf65bdc0aa61ea74b948111ac6fc9fbdc0c7b9e3edc5ae657a4836,0.06431542774695691,0.0688197032689119,0.13510581297882973,0.0846358956987729,0.16653367850724146,0.009900989942252636,1.0
T01,2,BG13,0.30993656818817744,0.8304437514044193,0.0008560869105607306,0.0022937984687971106,0.09956661611795425,0.0002750165212375127,1.0,1.0,1.0,False,False,5,0.12849117280141495,cached boolean visibility >0.9; continuous score not cached,cad3f55537b1e0df4e9708ec44b3383f82a8780a1a4ae140911dbd19f3615109,e6002891104fad0bc1da003092c8ac6f220b69362c6893d85ca0b2daacd49eb0,2f019c9f2ecf65bdc0aa61ea74b948111ac6fc9fbdc0c7b9e3edc5ae657a4836,0.05726643345597677,0.06403791228883782,0.13314666254183868,0.08008098322522758,0.16470779173181627,0.009900989942252636,1.0
T01,2,BG14,0.2955989381984633,0.7143207571104564,0.0008164844285612365,0.001973050981621533,0.10694859176874161,0.00029540654092980064,1.0,1.0,1.0,False,False,5,0.1270810110876833,cached boolean visibility >0.9; continuous score not cached,cad3f55537b1e0df4e9708ec44b3383f82a8780a1a4ae140911dbd19f3615109,e6002891104fad0bc1da003092c8ac6f220b69362c6893d85ca0b2daacd49eb0,2f019c9f2ecf65bdc0aa61ea74b948111ac6fc9fbdc0c7b9e3edc5ae657a4836,0.043812572129629905,0.050336961621669604,0.10512343013204496,0.06277183171619763,0.1294853885784012,0.009900989942252636,1.0
T01,2,BG15,0.3090307720596847,0.8232901502746651,0.0008535849785887395,0.0022740392505597945,0.08705292642116547,0.00024045201013492057,1.0,1.0,1.0,False,False,5,0.12282791080393952,cached boolean visibility >0.9; continuous score not cached,cad3f55537b1e0df4e9708ec44b3383f82a8780a1a4ae140911dbd19f3615109,e6002891104fad0bc1da003092c8ac6f220b69362c6893d85ca0b2daacd49eb0,2f019c9f2ecf65bdc0aa61ea74b948111ac6fc9fbdc0c7b9e3edc5ae657a4836,0.03786974625399269,0.045227352107368904,0.100125281714546,0.057581623542171875,0.1226755995197056,0.009900989942252636,1.0
T02,0,BG0,0.5849808416488764,0.9639117309147739,0.0016157965624770878,0.0026624551616996066,0.0,0.0,1.0,1.0,1.0,False,False,5,0.2890189535672842,cached boolean visibility >0.9; continuous score not cached,2a11f7688b812585734ecbd8bbcbc665fb353bde12798047d4b5f46071c731ee,7ab07d05db9b206bf6e5c4cd74dc888e2e5b0f2404805a68a1f1bb0b5475f63c,71d6ad97b54100358729448f34758e00ee23a6c8b3a384cc68f55bc359bd4356,0.0,0.0,0.0,0.0,0.0,0.9950248599052429,0.0
T02,0,BG1,0.5654975378777043,0.9838211696577677,0.0015619810303813327,0.002717447736483939,0.034417521208524704,9.50658696803892e-05,1.0,1.0,1.0,False,False,5,0.2946886237483739,cached boolean visibility >0.9; continuous score not cached,2a11f7688b812585734ecbd8bbcbc665fb353bde12798047d4b5f46071c731ee,7ab07d05db9b206bf6e5c4cd74dc888e2e5b0f2404805a68a1f1bb0b5475f63c,71d6ad97b54100358729448f34758e00ee23a6c8b3a384cc68f55bc359bd4356,0.021737050026056446,0.02436414730332301,0.06381505961177097,0.03438526444682741,0.07365375457826012,0.07776966691017151,0.8857142857142857
T02,0,BG2,0.6135756598222244,1.0886116731690472,0.0016947793352785356,0.0030068933444401045,0.05138346552848816,0.00014192811295335618,1.0,1.0,1.0,False,False,5,0.291941360746838,cached boolean visibility >0.9; continuous score not cached,2a11f7688b812585734ecbd8bbcbc665fb353bde12798047d4b5f46071c731ee,7ab07d05db9b206bf6e5c4cd74dc888e2e5b0f2404805a68a1f1bb0b5475f63c,71d6ad97b54100358729448f34758e00ee23a6c8b3a384cc68f55bc359bd4356,0.023160935062810167,0.025857187801229444,0.06957275590212869,0.036806414219070376,0.08369065059931656,0.009900989942252636,1.0
T02,0,BG3,0.4388401290101143,0.6630731173723036,0.0012121360589055904,0.0018314980379549194,0.15548615157604218,0.00042947387562507347,1.0,1.0,1.0,False,False,5,0.2949473760718257,cached boolean visibility >0.9; continuous score not cached,2a11f7688b812585734ecbd8bbcbc665fb353bde12798047d4b5f46071c731ee,7ab07d05db9b206bf6e5c4cd74dc888e2e5b0f2404805a68a1f1bb0b5475f63c,71d6ad97b54100358729448f34758e00ee23a6c8b3a384cc68f55bc359bd4356,0.02858261863896096,0.03153847242217511,0.0688536750557281,0.040865447957937805,0.07860688513453923,0.009900989942252636,1.0
T02,0,BG4,0.5266933907209757,0.8383377674209538,0.0014547987038474128,0.0023156028135474494,0.06494251638650894,0.00017938005361023028,1.0,1.0,1.0,False,False,5,0.29746403545603406,cached boolean visibility >0.9; continuous score not cached,2a11f7688b812585734ecbd8bbcbc665fb353bde12798047d4b5f46071c731ee,7ab07d05db9b206bf6e5c4cd74dc888e2e5b0f2404805a68a1f1bb0b5475f63c,71d6ad97b54100358729448f34758e00ee23a6c8b3a384cc68f55bc359bd4356,0.025828805842433734,0.028797660064462546,0.06655291122379699,0.03824652022901342,0.07596169396421527,0.009900989942252636,1.0
T02,0,BG5,0.5731185303461828,1.051917148241051,0.001583031246997867,0.002905538081123679,0.09323091059923172,0.0002575164418004434,1.0,1.0,1.0,False,False,5,0.27614895460209604,cached boolean visibility >0.9; continuous score not cached,2a11f7688b812585734ecbd8bbcbc665fb353bde12798047d4b5f46071c731ee,7ab07d05db9b206bf6e5c4cd74dc888e2e5b0f2404805a68a1f1bb0b5475f63c,71d6ad97b54100358729448f34758e00ee23a6c8b3a384cc68f55bc359bd4356,0.10903730472265678,0.1090659850194308,0.12127548127096509,0.11092906681713213,0.14586146432930028,0.009900989942252636,1.0
T02,0,BG6,0.5310815740168401,1.2007504390353583,0.0014669194623067694,0.0033166358513852575,0.9174648523330688,0.0025341625725977634,1.0,1.0,1.0,False,False,5,0.2834433142152237,cached boolean visibility >0.9; continuous score not cached,2a11f7688b812585734ecbd8bbcbc665fb353bde12798047d4b5f46071c731ee,7ab07d05db9b206bf6e5c4cd74dc888e2e5b0f2404805a68a1f1bb0b5475f63c,71d6ad97b54100358729448f34758e00ee23a6c8b3a384cc68f55bc359bd4356,0.11850036454285866,0.11832416522574402,0.1370970784466613,0.1225529215931425,0.15868062398697483,0.009900989942252636,1.0
T02,0,BG7,0.5219528534042988,0.7896282858908161,0.001441704695710342,0.002181060607695726,0.08302100747823715,0.0002293153022218772,1.0,1.0,1.0,False,False,5,0.27840014693739973,cached boolean visibility >0.9; continuous score not cached,2a11f7688b812585734ecbd8bbcbc665fb353bde12798047d4b5f46071c731ee,7ab07d05db9b206bf6e5c4cd74dc888e2e5b0f2404805a68a1f1bb0b5475f63c,71d6ad97b54100358729448f34758e00ee23a6c8b3a384cc68f55bc359bd4356,0.1396830865102383,0.13587960674087762,0.1377020587963892,0.13556005615085953,0.1668103740622461,0.009900989942252636,1.0
T02,0,BG8,1.8314818288127597,5.103873055334908,0.005058801643646257,0.014097590811494596,2.2072556018829346,0.006096739858997724,1.0,1.0,1.0,False,False,5,0.2748614736360426,cached boolean visibility >0.9; continuous score not cached,2a11f7688b812585734ecbd8bbcbc665fb353bde12798047d4b5f46071c731ee,7ab07d05db9b206bf6e5c4cd74dc888e2e5b0f2404805a68a1f1bb0b5475f63c,71d6ad97b54100358729448f34758e00ee23a6c8b3a384cc68f55bc359bd4356,0.18837265832635572,0.14289654796250081,0.11388339212457271,0.1461854866537131,0.1971913795677366,0.9606394171714783,0.34285714285714286
T02,0,BG9,0.30752558373369066,0.06013690867726661,0.0008494274439314222,0.00016610631220816932,0.301666796207428,0.000833244676785518,1.0,1.0,1.0,False,False,5,0.2857217144840943,cached boolean visibility >0.9; continuous score not cached,2a11f7688b812585734ecbd8bbcbc665fb353bde12798047d4b5f46071c731ee,7ab07d05db9b206bf6e5c4cd74dc888e2e5b0f2404805a68a1f1bb0b5475f63c,71d6ad97b54100358729448f34758e00ee23a6c8b3a384cc68f55bc359bd4356,0.07396907225095443,0.06734349738713945,0.0967008095586352,0.07635677573373845,0.11610704050754474,0.009900989942252636,1.0
T02,0,BG10,2.7189966605943114,7.651496547173328,0.00751023819035084,0.021134473026295758,3.1790108680725098,0.008780859930780486,1.0,1.0,1.0,False,False,5,0.27300566843012425,cached boolean visibility >0.9; continuous score not cached,2a11f7688b812585734ecbd8bbcbc665fb353bde12798047d4b5f46071c731ee,7ab07d05db9b206bf6e5c4cd74dc888e2e5b0f2404805a68a1f1bb0b5475f63c,71d6ad97b54100358729448f34758e00ee23a6c8b3a384cc68f55bc359bd4356,0.2126683095027561,0.17761206595997048,0.11341944431997615,0.16817599178448836,0.22018294416975615,0.9606394171714783,0.34285714285714286
T02,0,BG11,0.38482777258535694,1.027878567119187,0.0010629465921250798,0.002839140254087066,0.7998195290565491,0.0022092102059426432,1.0,1.0,1.0,False,False,5,0.275757542366593,cached boolean visibility >0.9; continuous score not cached,2a11f7688b812585734ecbd8bbcbc665fb353bde12798047d4b5f46071c731ee,7ab07d05db9b206bf6e5c4cd74dc888e2e5b0f2404805a68a1f1bb0b5475f63c,71d6ad97b54100358729448f34758e00ee23a6c8b3a384cc68f55bc359bd4356,0.07894171963745432,0.07697473851594369,0.10479843167109341,0.08460577608253579,0.1230984989971947,0.009900989942252636,1.0
T02,0,BG12,0.5730990091062499,0.8968244208390559,0.0015829773266809383,0.0024771508965195097,0.05305776745080948,0.0001465527623401807,1.0,1.0,1.0,False,False,5,0.28149650511669444,cached boolean visibility >0.9; continuous score not cached,2a11f7688b812585734ecbd8bbcbc665fb353bde12798047d4b5f46071c731ee,7ab07d05db9b206bf6e5c4cd74dc888e2e5b0f2404805a68a1f1bb0b5475f63c,71d6ad97b54100358729448f34758e00ee23a6c8b3a384cc68f55bc359bd4356,0.06545084530437122,0.06868603949109942,0.10748985818891683,0.07733595471557882,0.13277448094277958,0.009900989942252636,1.0
T02,0,BG13,0.601489856241101,0.992641612543811,0.0016613967037617347,0.0027418109981159305,0.05251247435808182,0.00014504658873236073,1.0,1.0,1.0,False,False,5,0.2775255390796274,cached boolean visibility >0.9; continuous score not cached,2a11f7688b812585734ecbd8bbcbc665fb353bde12798047d4b5f46071c731ee,7ab07d05db9b206bf6e5c4cd74dc888e2e5b0f2404805a68a1f1bb0b5475f63c,71d6ad97b54100358729448f34758e00ee23a6c8b3a384cc68f55bc359bd4356,0.061395735526353794,0.06797400277913257,0.10873069195130536,0.07629718638326558,0.1347417733105826,0.009900989942252636,1.0
T02,0,BG14,0.4047082401086265,0.959429416527759,0.0011178591444643878,0.0026500744003774648,0.7131537199020386,0.001969827466293528,1.0,1.0,1.0,False,False,5,0.29333875220504213,cached boolean visibility >0.9; continuous score not cached,2a11f7688b812585734ecbd8bbcbc665fb353bde12798047d4b5f46071c731ee,7ab07d05db9b206bf6e5c4cd74dc888e2e5b0f2404805a68a1f1bb0b5475f63c,71d6ad97b54100358729448f34758e00ee23a6c8b3a384cc68f55bc359bd4356,0.07033191401979916,0.06340935119083037,0.08698384693353718,0.07154588352159934,0.10026211292002665,0.009900989942252636,1.0
T02,0,BG15,0.43743207431038833,0.581805654713941,0.0012082468205209895,0.0016070262647691666,0.15674643218517303,0.00043295494189427014,1.0,1.0,1.0,False,False,5,0.29428758873847377,cached boolean visibility >0.9; continuous score not cached,2a11f7688b812585734ecbd8bbcbc665fb353bde12798047d4b5f46071c731ee,7ab07d05db9b206bf6e5c4cd74dc888e2e5b0f2404805a68a1f1bb0b5475f63c,71d6ad97b54100358729448f34758e00ee23a6c8b3a384cc68f55bc359bd4356,0.04129276659490807,0.04601298145346716,0.08136669711243366,0.05415519672891287,0.09346536944149443,0.009900989942252636,1.0
T02,1,BG0,0.9337305369074962,1.1150534915900556,0.0025790906033134626,0.003079929239410411,0.0,0.0,1.0,1.0,1.0,False,False,5,0.2890189535672842,cached boolean visibility >0.9; continuous score not cached,2a11f7688b812585734ecbd8bbcbc665fb353bde12798047d4b5f46071c731ee,7ab07d05db9b206bf6e5c4cd74dc888e2e5b0f2404805a68a1f1bb0b5475f63c,f81805e30c0fa864bee1e1c256000472db9b193be90a5166fafbce60c146bf52,0.0,0.0,0.0,0.0,0.0,0.9950248599052429,0.0
T02,1,BG1,0.9710306364834617,1.1609037369436426,0.0026821185460833793,0.0032065738464752093,0.07588722556829453,0.00020961082736239926,1.0,1.0,1.0,False,False,5,0.2946886237483739,cached boolean visibility >0.9; continuous score not cached,2a11f7688b812585734ecbd8bbcbc665fb353bde12798047d4b5f46071c731ee,7ab07d05db9b206bf6e5c4cd74dc888e2e5b0f2404805a68a1f1bb0b5475f63c,f81805e30c0fa864bee1e1c256000472db9b193be90a5166fafbce60c146bf52,0.02157260087055886,0.024436770000685257,0.06402063654281516,0.034297836649995535,0.07583775987252891,0.009900989942252636,1.0
T02,1,BG2,0.9680728637769194,1.1952920452243145,0.0026739487760130487,0.0033015590260798834,0.051632512360811234,0.0001426160141407338,1.0,1.0,1.0,False,False,5,0.291941360746838,cached boolean visibility >0.9; continuous score not cached,2a11f7688b812585734ecbd8bbcbc665fb353bde12798047d4b5f46071c731ee,7ab07d05db9b206bf6e5c4cd74dc888e2e5b0f2404805a68a1f1bb0b5475f63c,f81805e30c0fa864bee1e1c256000472db9b193be90a5166fafbce60c146bf52,0.023023409151823382,0.02588036839183866,0.0699454040303964,0.0368170293319681,0.08558443862230077,0.009900989942252636,1.0
T02,1,BG3,0.7954844550863672,0.8805391752393356,0.002197236142656468,0.002432168835594312,0.15340082347393036,0.0004237139160860026,1.0,1.0,1.0,False,False,5,0.2949473760718257,cached boolean visibility >0.9; continuous score not cached,2a11f7688b812585734ecbd8bbcbc665fb353bde12798047d4b5f46071c731ee,7ab07d05db9b206bf6e5c4cd74dc888e2e5b0f2404805a68a1f1bb0b5475f63c,f81805e30c0fa864bee1e1c256000472db9b193be90a5166fafbce60c146bf52,0.027775730527312765,0.03153705581994243,0.07141485176093978,0.04124730746033731,0.08320752747345173,0.009900989942252636,1.0
T02,1,BG4,0.8659711886168138,0.9971051041383148,0.0023919300772778274,0.0027541397683278164,0.07374497503042221,0.00020369364032204752,1.0,1.0,1.0,False,False,5,0.29746403545603406,cached boolean visibility >0.9; continuous score not cached,2a11f7688b812585734ecbd8bbcbc665fb353bde12798047d4b5f46071c731ee,7ab07d05db9b206bf6e5c4cd74dc888e2e5b0f2404805a68a1f1bb0b5475f63c,f81805e30c0fa864bee1e1c256000472db9b193be90a5166fafbce60c146bf52,0.025557988539112775,0.0287278844158669,0.06751576613898515,0.038360898253905734,0.0780519620534801,0.009900989942252636,1.0
T02,1,BG5,0.9325643508549474,1.1814365277486132,0.0025758694389936094,0.0032632882043458324,0.09952665865421295,0.00027490615329387797,1.0,1.0,1.0,False,False,5,0.27614895460209604,cached boolean visibility >0.9; continuous score not cached,2a11f7688b812585734ecbd8bbcbc665fb353bde12798047d4b5f46071c731ee,7ab07d05db9b206bf6e5c4cd74dc888e2e5b0f2404805a68a1f1bb0b5475f63c,f81805e30c0fa864bee1e1c256000472db9b193be90a5166fafbce60c146bf52,0.10737478159351477,0.10801528575722996,0.12250281861181106,0.11030192780774471,0.1485651844621756,0.009900989942252636,1.0
T02,1,BG6,0.5020382590126686,0.3047832461408234,0.001386697880324009,0.0008418527349149409,0.5048477053642273,0.0013944579528496611,1.0,1.0,1.0,False,False,5,0.2834433142152237,cached boolean visibility >0.9; continuous score not cached,2a11f7688b812585734ecbd8bbcbc665fb353bde12798047d4b5f46071c731ee,7ab07d05db9b206bf6e5c4cd74dc888e2e5b0f2404805a68a1f1bb0b5475f63c,f81805e30c0fa864bee1e1c256000472db9b193be90a5166fafbce60c146bf52,0.10754954560798184,0.1100280305812051,0.13710400380126556,0.11573850695699811,0.1584061337188483,0.009900989942252636,1.0
T02,1,BG7,0.7834356159301061,0.857631822073703,0.002163955611903272,0.0023688956138659765,0.17242828011512756,0.0004762703364755477,1.0,1.0,1.0,False,False,5,0.27840014693739973,cached boolean visibility >0.9; continuous score not cached,2a11f7688b812585734ecbd8bbcbc665fb353bde12798047d4b5f46071c731ee,7ab07d05db9b206bf6e5c4cd74dc888e2e5b0f2404805a68a1f1bb0b5475f63c,f81805e30c0fa864bee1e1c256000472db9b193be90a5166fafbce60c146bf52,0.13752437835584677,0.13671683626811518,0.14037765421892587,0.1359665639702159,0.17261929999901,0.009900989942252636,1.0
T02,1,BG8,1.15948209155305,3.2556185684269603,0.0032026470687559487,0.008992460807388842,1.6633977890014648,0.004594530689115804,1.0,1.0,1.0,False,False,5,0.2748614736360426,cached boolean visibility >0.9; continuous score not cached,2a11f7688b812585734ecbd8bbcbc665fb353bde12798047d4b5f46071c731ee,7ab07d05db9b206bf6e5c4cd74dc888e2e5b0f2404805a68a1f1bb0b5475f63c,f81805e30c0fa864bee1e1c256000472db9b193be90a5166fafbce60c146bf52,0.16030646189988113,0.10524794499477327,0.11513870261259716,0.12254912666703235,0.1606572495056683,0.9950248599052429,0.0
T02,1,BG9,0.7645552717910196,0.7198524208489391,0.0021118055362318506,0.001988330188421239,0.21422740817070007,0.0005917252071621891,1.0,1.0,1.0,False,False,5,0.2857217144840943,cached boolean visibility >0.9; continuous score not cached,2a11f7688b812585734ecbd8bbcbc665fb353bde12798047d4b5f46071c731ee,7ab07d05db9b206bf6e5c4cd74dc888e2e5b0f2404805a68a1f1bb0b5475f63c,f81805e30c0fa864bee1e1c256000472db9b193be90a5166fafbce60c146bf52,0.07002937693605053,0.06339970633103377,0.09883928565022398,0.0740347335694676,0.12044283083528602,0.009900989942252636,1.0
T02,1,BG10,1.6959468794815595,5.069389396440086,0.0046844356992717774,0.014002342260538921,2.3989131450653076,0.006626124032629793,1.0,1.0,1.0,False,False,5,0.27300566843012425,cached boolean visibility >0.9; continuous score not cached,2a11f7688b812585734ecbd8bbcbc665fb353bde12798047d4b5f46071c731ee,7ab07d05db9b206bf6e5c4cd74dc888e2e5b0f2404805a68a1f1bb0b5475f63c,f81805e30c0fa864bee1e1c256000472db9b193be90a5166fafbce60c146bf52,0.18096301528489275,0.1287615425247942,0.11537044062245895,0.13909226088842264,0.18170176753383718,0.9950248599052429,0.0
T02,1,BG11,0.470629207318797,0.09503906221748187,0.0012999418121858238,0.0002625108022327798,0.5080522298812866,0.0014033092849453299,1.0,1.0,1.0,False,False,5,0.275757542366593,cached boolean visibility >0.9; continuous score not cached,2a11f7688b812585734ecbd8bbcbc665fb353bde12798047d4b5f46071c731ee,7ab07d05db9b206bf6e5c4cd74dc888e2e5b0f2404805a68a1f1bb0b5475f63c,f81805e30c0fa864bee1e1c256000472db9b193be90a5166fafbce60c146bf52,0.06835645648400464,0.06929626445946555,0.10716514315311826,0.07880857139293891,0.1258025047462889,0.009900989942252636,1.0
T02,1,BG12,0.8945456761758139,1.071556524249111,0.0024708566941602475,0.002959784705942318,0.07492901384830475,0.00020696411640530084,1.0,1.0,1.0,False,False,5,0.28149650511669444,cached boolean visibility >0.9; continuous score not cached,2a11f7688b812585734ecbd8bbcbc665fb353bde12798047d4b5f46071c731ee,7ab07d05db9b206bf6e5c4cd74dc888e2e5b0f2404805a68a1f1bb0b5475f63c,f81805e30c0fa864bee1e1c256000472db9b193be90a5166fafbce60c146bf52,0.06502315882804927,0.06867326246583166,0.11076821171352785,0.0780973667873961,0.13802310811116197,0.009900989942252636,1.0
T02,1,BG13,0.8926376130435323,1.087036421365631,0.0024655863645517773,0.0030025422849390424,0.09096410125494003,0.00025125520641370246,1.0,1.0,1.0,False,False,5,0.2775255390796274,cached boolean visibility >0.9; continuous score not cached,2a11f7688b812585734ecbd8bbcbc665fb353bde12798047d4b5f46071c731ee,7ab07d05db9b206bf6e5c4cd74dc888e2e5b0f2404805a68a1f1bb0b5475f63c,f81805e30c0fa864bee1e1c256000472db9b193be90a5166fafbce60c146bf52,0.061049800672486554,0.0676912198520738,0.11056607993020455,0.07651574054676957,0.13856826098554656,0.009900989942252636,1.0
T02,1,BG14,0.5370655136260041,0.07908351655209364,0.0014834479165093109,0.00021843941732056243,0.4373696446418762,0.001208074381294614,1.0,1.0,1.0,False,False,5,0.29333875220504213,cached boolean visibility >0.9; continuous score not cached,2a11f7688b812585734ecbd8bbcbc665fb353bde12798047d4b5f46071c731ee,7ab07d05db9b206bf6e5c4cd74dc888e2e5b0f2404805a68a1f1bb0b5475f63c,f81805e30c0fa864bee1e1c256000472db9b193be90a5166fafbce60c146bf52,0.05870793721082748,0.055152530079319605,0.08933883803717417,0.06513158548285342,0.10504764950041978,0.009900989942252636,1.0
T02,1,BG15,0.8034898600803129,0.8325867643029018,0.0022193481588961696,0.0022997177615810454,0.14324915409088135,0.00039567362600351116,1.0,1.0,1.0,False,False,5,0.29428758873847377,cached boolean visibility >0.9; continuous score not cached,2a11f7688b812585734ecbd8bbcbc665fb353bde12798047d4b5f46071c731ee,7ab07d05db9b206bf6e5c4cd74dc888e2e5b0f2404805a68a1f1bb0b5475f63c,f81805e30c0fa864bee1e1c256000472db9b193be90a5166fafbce60c146bf52,0.040409840864757414,0.045709991014809756,0.0834165734891878,0.05416586647862698,0.09894182196119052,0.009900989942252636,1.0
T02,2,BG0,1.3329560917162646,2.2766616225938137,0.0036818058260800323,0.006288448717981461,0.0,0.0,1.0,1.0,1.0,False,False,5,0.2890189535672842,cached boolean visibility >0.9; continuous score not cached,2a11f7688b812585734ecbd8bbcbc665fb353bde12798047d4b5f46071c731ee,7ab07d05db9b206bf6e5c4cd74dc888e2e5b0f2404805a68a1f1bb0b5475f63c,2f019c9f2ecf65bdc0aa61ea74b948111ac6fc9fbdc0c7b9e3edc5ae657a4836,0.0,0.0,0.0,0.0,0.0,0.9950248599052429,0.0
T02,2,BG1,1.3259591843139886,2.251585662669098,0.003662479417207049,0.0062191855097489274,0.0651148110628128,0.00017985595491482718,1.0,1.0,1.0,False,False,5,0.2946886237483739,cached boolean visibility >0.9; continuous score not cached,2a11f7688b812585734ecbd8bbcbc665fb353bde12798047d4b5f46071c731ee,7ab07d05db9b206bf6e5c4cd74dc888e2e5b0f2404805a68a1f1bb0b5475f63c,2f019c9f2ecf65bdc0aa61ea74b948111ac6fc9fbdc0c7b9e3edc5ae657a4836,0.021330250856172395,0.025535201446672186,0.0724426896698784,0.03696760047197848,0.08681063185541356,0.009900989942252636,1.0
T02,2,BG2,1.320164114119767,2.233868653972991,0.0036464726459891346,0.006170248724626434,0.060461170971393585,0.0001670019687201236,1.0,1.0,1.0,False,False,5,0.291941360746838,cached boolean visibility >0.9; continuous score not cached,2a11f7688b812585734ecbd8bbcbc665fb353bde12798047d4b5f46071c731ee,7ab07d05db9b206bf6e5c4cd74dc888e2e5b0f2404805a68a1f1bb0b5475f63c,2f019c9f2ecf65bdc0aa61ea74b948111ac6fc9fbdc0c7b9e3edc5ae657a4836,0.022539491827899105,0.026908757582545607,0.08035127122870044,0.03987301589327285,0.0999561395984618,0.009900989942252636,1.0
T02,2,BG3,1.2629478610609466,2.191485015552581,0.003488433581411097,0.0060531793568981895,0.11376945674419403,0.00031424669670206714,1.0,1.0,1.0,False,False,5,0.2949473760718257,cached boolean visibility >0.9; continuous score not cached,2a11f7688b812585734ecbd8bbcbc665fb353bde12798047d4b5f46071c731ee,7ab07d05db9b206bf6e5c4cd74dc888e2e5b0f2404805a68a1f1bb0b5475f63c,2f019c9f2ecf65bdc0aa61ea74b948111ac6fc9fbdc0c7b9e3edc5ae657a4836,0.027442121519530672,0.03216488636566468,0.07931393560230253,0.04350903166781549,0.09388963504196818,0.009900989942252636,1.0
T02,2,BG4,1.3064946907297545,2.2026030485113512,0.0036087158414032446,0.006083888874470853,0.06465710699558258,0.00017859171409562735,1.0,1.0,1.0,False,False,5,0.29746403545603406,cached boolean visibility >0.9; continuous score not cached,2a11f7688b812585734ecbd8bbcbc665fb353bde12798047d4b5f46071c731ee,7ab07d05db9b206bf6e5c4cd74dc888e2e5b0f2404805a68a1f1bb0b5475f63c,2f019c9f2ecf65bdc0aa61ea74b948111ac6fc9fbdc0c7b9e3edc5ae657a4836,0.025294874322198475,0.029721834503808074,0.07693329201377362,0.041201905044869244,0.0909164897953552,0.009900989942252636,1.0
T02,2,BG5,1.2908438468889287,2.0894623702014634,0.00356548608432848,0.005771378949232699,0.08006369322538376,0.00022114679846292303,1.0,1.0,1.0,False,False,5,0.27614895460209604,cached boolean visibility >0.9; continuous score not cached,2a11f7688b812585734ecbd8bbcbc665fb353bde12798047d4b5f46071c731ee,7ab07d05db9b206bf6e5c4cd74dc888e2e5b0f2404805a68a1f1bb0b5475f63c,2f019c9f2ecf65bdc0aa61ea74b948111ac6fc9fbdc0c7b9e3edc5ae657a4836,0.10660834153581476,0.11377392753571795,0.13509779823760518,0.1157939172058649,0.16711193509315955,0.009900989942252636,1.0
T02,2,BG6,1.3141893242361429,2.6107593560284177,0.0036299694645716522,0.007211272049585617,0.2422594130039215,0.0006691534130521303,1.0,1.0,1.0,False,False,5,0.2834433142152237,cached boolean visibility >0.9; continuous score not cached,2a11f7688b812585734ecbd8bbcbc665fb353bde12798047d4b5f46071c731ee,7ab07d05db9b206bf6e5c4cd74dc888e2e5b0f2404805a68a1f1bb0b5475f63c,2f019c9f2ecf65bdc0aa61ea74b948111ac6fc9fbdc0c7b9e3edc5ae657a4836,0.11026447555186893,0.1137104004551362,0.1464913295025615,0.12061559215065253,0.17196940031012994,0.009900989942252636,1.0
T02,2,BG7,1.2575161987995827,2.165732443263606,0.0034734305922777945,0.005982047253388302,0.11620793491601944,0.0003209821047140715,1.0,1.0,1.0,False,False,5,0.27840014693739973,cached boolean visibility >0.9; continuous score not cached,2a11f7688b812585734ecbd8bbcbc665fb353bde12798047d4b5f46071c731ee,7ab07d05db9b206bf6e5c4cd74dc888e2e5b0f2404805a68a1f1bb0b5475f63c,2f019c9f2ecf65bdc0aa61ea74b948111ac6fc9fbdc0c7b9e3edc5ae657a4836,0.13628618100662424,0.13715832587291343,0.14896200409741148,0.13793947223800151,0.18620455868912772,0.009900989942252636,1.0
T02,2,BG8,1.6345638940720808,4.313846467932143,0.004514887553832257,0.011915430040908025,1.195948839187622,0.0033033731802412005,1.0,1.0,1.0,False,False,5,0.2748614736360426,cached boolean visibility >0.9; continuous score not cached,2a11f7688b812585734ecbd8bbcbc665fb353bde12798047d4b5f46071c731ee,7ab07d05db9b206bf6e5c4cd74dc888e2e5b0f2404805a68a1f1bb0b5475f63c,2f019c9f2ecf65bdc0aa61ea74b948111ac6fc9fbdc0c7b9e3edc5ae657a4836,0.17155444243471052,0.12611736319158467,0.12423770816378159,0.13696464809240902,0.17510066942499544,0.9606394171714783,0.34285714285714286
T02,2,BG9,1.2510812143094698,2.2991295944189867,0.0034556562908333063,0.0063505083087513365,0.24071283638477325,0.0006648815583059417,1.0,1.0,1.0,False,False,5,0.2857217144840943,cached boolean visibility >0.9; continuous score not cached,2a11f7688b812585734ecbd8bbcbc665fb353bde12798047d4b5f46071c731ee,7ab07d05db9b206bf6e5c4cd74dc888e2e5b0f2404805a68a1f1bb0b5475f63c,2f019c9f2ecf65bdc0aa61ea74b948111ac6fc9fbdc0c7b9e3edc5ae657a4836,0.07272287924100289,0.06858863580721819,0.1067521137872599,0.0791443319456235,0.13152601739643488,0.009900989942252636,1.0
T02,2,BG10,1.7033794894862702,4.872057451109738,0.004704965577928988,0.013457284617227117,1.7293552160263062,0.004776714063798937,1.0,1.0,1.0,False,False,5,0.27300566843012425,cached boolean visibility >0.9; continuous score not cached,2a11f7688b812585734ecbd8bbcbc665fb353bde12798047d4b5f46071c731ee,7ab07d05db9b206bf6e5c4cd74dc888e2e5b0f2404805a68a1f1bb0b5475f63c,2f019c9f2ecf65bdc0aa61ea74b948111ac6fc9fbdc0c7b9e3edc5ae657a4836,0.1905877276952075,0.1460164152826899,0.12229885483321508,0.15080786749867206,0.19145997670169929,0.9950248599052429,0.0
T02,2,BG11,1.090282617664296,2.1889120360051537,0.003011508720157201,0.006046072437812877,0.47235170006752014,0.001304699571182569,1.0,1.0,1.0,False,False,5,0.275757542366593,cached boolean visibility >0.9; continuous score not cached,2a11f7688b812585734ecbd8bbcbc665fb353bde12798047d4b5f46071c731ee,7ab07d05db9b206bf6e5c4cd74dc888e2e5b0f2404805a68a1f1bb0b5475f63c,2f019c9f2ecf65bdc0aa61ea74b948111ac6fc9fbdc0c7b9e3edc5ae657a4836,0.07174786085371158,0.07332686486730437,0.11439111629857306,0.0834017341237148,0.13629010702624322,0.009900989942252636,1.0
T02,2,BG12,1.3649989066210635,2.3507868575334756,0.00377031243431241,0.006493192687836464,0.10035562515258789,0.00027719587138910214,1.0,1.0,1.0,False,False,5,0.28149650511669444,cached boolean visibility >0.9; continuous score not cached,2a11f7688b812585734ecbd8bbcbc665fb353bde12798047d4b5f46071c731ee,7ab07d05db9b206bf6e5c4cd74dc888e2e5b0f2404805a68a1f1bb0b5475f63c,2f019c9f2ecf65bdc0aa61ea74b948111ac6fc9fbdc0c7b9e3edc5ae657a4836,0.06496793152659695,0.07185031964714841,0.12271873632483975,0.08244753327323315,0.15686047348431606,0.009900989942252636,1.0
T02,2,BG13,1.3382980518182188,2.2728867316699874,0.00369656104566175,0.006278021956378035,0.06295681744813919,0.0001738952833574327,1.0,1.0,1.0,False,False,5,0.2775255390796274,cached boolean visibility >0.9; continuous score not cached,2a11f7688b812585734ecbd8bbcbc665fb353bde12798047d4b5f46071c731ee,7ab07d05db9b206bf6e5c4cd74dc888e2e5b0f2404805a68a1f1bb0b5475f63c,2f019c9f2ecf65bdc0aa61ea74b948111ac6fc9fbdc0c7b9e3edc5ae657a4836,0.06090705831759749,0.07104967990600392,0.12388984563198824,0.08132794652824736,0.15879652662404634,0.009900989942252636,1.0
T02,2,BG14,1.1536819881884552,2.3089921814449683,0.003186626395237637,0.006377750114087719,0.4540467858314514,0.0012541389110834972,1.0,1.0,1.0,False,False,5,0.29333875220504213,cached boolean visibility >0.9; continuous score not cached,2a11f7688b812585734ecbd8bbcbc665fb353bde12798047d4b5f46071c731ee,7ab07d05db9b206bf6e5c4cd74dc888e2e5b0f2404805a68a1f1bb0b5475f63c,2f019c9f2ecf65bdc0aa61ea74b948111ac6fc9fbdc0c7b9e3edc5ae657a4836,0.06258249362512791,0.061290801187071614,0.09749786385403325,0.07102422825848226,0.11635894223409912,0.009900989942252636,1.0
T02,2,BG15,1.2461972123299547,2.144229068035664,0.003442166013805792,0.005922652009473941,0.14750508964061737,0.00040742909822035194,1.0,1.0,1.0,False,False,5,0.29428758873847377,cached boolean visibility >0.9; continuous score not cached,2a11f7688b812585734ecbd8bbcbc665fb353bde12798047d4b5f46071c731ee,7ab07d05db9b206bf6e5c4cd74dc888e2e5b0f2404805a68a1f1bb0b5475f63c,2f019c9f2ecf65bdc0aa61ea74b948111ac6fc9fbdc0c7b9e3edc5ae657a4836,0.04016964539107248,0.04784027910538967,0.09142524471517853,0.05712154404323454,0.11002459714103306,0.009900989942252636,1.0
T03,0,BG0,0.7090076171135158,1.6501901855435608,0.0019583753670854775,0.004558049493927105,0.0,0.0,1.0,1.0,1.0,False,False,5,0.18584534227719401,cached boolean visibility >0.9; continuous score not cached,0621af164f0d6fe5212699283835179d19f439f1fcc3be509802dbcf3cc64f99,e9055165efd2caa6818f693e09238dd2de35c656513a8428d0f740f0b7fc3ef7,71d6ad97b54100358729448f34758e00ee23a6c8b3a384cc68f55bc359bd4356,0.0,0.0,0.0,0.0,0.0,0.9950248599052429,0.0
T03,0,BG1,0.7999175991054047,1.8570127785997683,0.0022094810887417727,0.005129321595695191,0.10791195929050446,0.00029806749291188416,1.0,1.0,1.0,False,False,5,0.1797668639612078,cached boolean visibility >0.9; continuous score not cached,0621af164f0d6fe5212699283835179d19f439f1fcc3be509802dbcf3cc64f99,e9055165efd2caa6818f693e09238dd2de35c656513a8428d0f740f0b7fc3ef7,71d6ad97b54100358729448f34758e00ee23a6c8b3a384cc68f55bc359bd4356,0.024962182532387633,0.029386722615831418,0.07297828483532261,0.03996636454967332,0.0846483078256634,0.009900989942252636,1.0
T03,0,BG2,0.7511629724911508,1.7548522779187503,0.002074814186034128,0.004847140412878938,0.0647699162364006,0.00017890330854548254,1.0,1.0,1.0,False,False,5,0.17731454486450507,cached boolean visibility >0.9; continuous score not cached,0621af164f0d6fe5212699283835179d19f439f1fcc3be509802dbcf3cc64f99,e9055165efd2caa6818f693e09238dd2de35c656513a8428d0f740f0b7fc3ef7,71d6ad97b54100358729448f34758e00ee23a6c8b3a384cc68f55bc359bd4356,0.02588139918256301,0.030179480021775913,0.08104202829973438,0.042632665458943064,0.09693115583598869,0.009900989942252636,1.0
T03,0,BG3,0.8090871269301093,1.9317737201884801,0.0022348085704024263,0.005335821473684525,0.12295351177453995,0.0003396143044784266,1.0,1.0,1.0,False,False,5,0.17809369014184864,cached boolean visibility >0.9; continuous score not cached,0621af164f0d6fe5212699283835179d19f439f1fcc3be509802dbcf3cc64f99,e9055165efd2caa6818f693e09238dd2de35c656513a8428d0f740f0b7fc3ef7,71d6ad97b54100358729448f34758e00ee23a6c8b3a384cc68f55bc359bd4356,0.028579191849573044,0.0333709183464215,0.07793663607770417,0.04418667720230512,0.08834533988666154,0.009900989942252636,1.0
T03,0,BG4,0.7242525838844174,1.7804895041968065,0.002000484036549025,0.004917953915035296,0.07289621233940125,0.0002013492424531449,1.0,1.0,1.0,False,False,5,0.17339349618721786,cached boolean visibility >0.9; continuous score not cached,0621af164f0d6fe5212699283835179d19f439f1fcc3be509802dbcf3cc64f99,e9055165efd2caa6818f693e09238dd2de35c656513a8428d0f740f0b7fc3ef7,71d6ad97b54100358729448f34758e00ee23a6c8b3a384cc68f55bc359bd4356,0.025767465540569332,0.030365515217375273,0.0757193776571613,0.041493030452959656,0.0865397128569666,0.07776966691017151,0.8857142857142857
T03,0,BG5,1.1179198672462884,2.462838031487845,0.003087846558410217,0.006802693254020245,0.4439018666744232,0.001226117266042388,1.0,1.0,1.0,False,False,5,0.1865951127652354,cached boolean visibility >0.9; continuous score not cached,0621af164f0d6fe5212699283835179d19f439f1fcc3be509802dbcf3cc64f99,e9055165efd2caa6818f693e09238dd2de35c656513a8428d0f740f0b7fc3ef7,71d6ad97b54100358729448f34758e00ee23a6c8b3a384cc68f55bc359bd4356,0.11174172747148314,0.12456329798406948,0.13899497936849003,0.12350573981840711,0.1620338709207399,0.009900989942252636,1.0
T03,0,BG6,1.6003028533424661,3.3500429664325435,0.004420253904494683,0.009253273823557614,0.9094946980476379,0.002512147923604282,1.0,1.0,1.0,False,False,5,0.19606339592072644,cached boolean visibility >0.9; continuous score not cached,0621af164f0d6fe5212699283835179d19f439f1fcc3be509802dbcf3cc64f99,e9055165efd2caa6818f693e09238dd2de35c656513a8428d0f740f0b7fc3ef7,71d6ad97b54100358729448f34758e00ee23a6c8b3a384cc68f55bc359bd4356,0.1267133569345895,0.14346227315410426,0.1508479156916355,0.1390868725340865,0.18019285215719077,0.009900989942252636,1.0
T03,0,BG7,0.9219200820658795,2.3584363338115835,0.002546468522425163,0.0065143215806051195,0.2824065089225769,0.0007800451465248959,1.0,1.0,1.0,False,False,5,0.1833532709319463,cached boolean visibility >0.9; continuous score not cached,0621af164f0d6fe5212699283835179d19f439f1fcc3be509802dbcf3cc64f99,e9055165efd2caa6818f693e09238dd2de35c656513a8428d0f740f0b7fc3ef7,71d6ad97b54100358729448f34758e00ee23a6c8b3a384cc68f55bc359bd4356,0.13223676380821683,0.1369228547859468,0.15085061405445957,0.1377219289181939,0.17983388815561854,0.009900989942252636,1.0
T03,0,BG8,2.382304040390294,5.901907870948887,0.006580247428937843,0.016301871396430533,1.6882730722427368,0.004663239601083926,1.0,1.0,1.0,False,False,5,0.1962859995505505,cached boolean visibility >0.9; continuous score not cached,0621af164f0d6fe5212699283835179d19f439f1fcc3be509802dbcf3cc64f99,e9055165efd2caa6818f693e09238dd2de35c656513a8428d0f740f0b7fc3ef7,71d6ad97b54100358729448f34758e00ee23a6c8b3a384cc68f55bc359bd4356,0.20054247193576205,0.198065616336821,0.12479630323246349,0.1756190392378793,0.23373644955767303,0.9109315872192383,0.45714285714285713
T03,0,BG9,1.2581880950598852,2.826151360730119,0.0034752864610352705,0.007806214030593186,0.5779231786727905,0.0015963023384547455,1.0,1.0,1.0,False,False,5,0.19137562460528507,cached boolean visibility >0.9; continuous score not cached,0621af164f0d6fe5212699283835179d19f439f1fcc3be509802dbcf3cc64f99,e9055165efd2caa6818f693e09238dd2de35c656513a8428d0f740f0b7fc3ef7,71d6ad97b54100358729448f34758e00ee23a6c8b3a384cc68f55bc359bd4356,0.06504158812745703,0.07260875862181941,0.10153724698591289,0.0774653513209491,0.12173936677391722,0.009900989942252636,1.0
T03,0,BG10,2.203502401379464,5.28462944943233,0.0060863730092822685,0.014596864530280201,1.5121304988861084,0.004176709882036579,1.0,1.0,1.0,False,False,5,0.1824848201304053,cached boolean visibility >0.9; continuous score not cached,0621af164f0d6fe5212699283835179d19f439f1fcc3be509802dbcf3cc64f99,e9055165efd2caa6818f693e09238dd2de35c656513a8428d0f740f0b7fc3ef7,71d6ad97b54100358729448f34758e00ee23a6c8b3a384cc68f55bc359bd4356,0.1852159800556864,0.1840158088509918,0.12579930448902177,0.16624672488949915,0.20354420638029985,0.9109315872192383,0.45714285714285713
T03,0,BG11,1.375003122735844,3.0679824455195392,0.003797945438434351,0.008474184342922476,0.6817330121994019,0.0018830392026755014,1.0,1.0,1.0,False,False,5,0.18936460502163302,cached boolean visibility >0.9; continuous score not cached,0621af164f0d6fe5212699283835179d19f439f1fcc3be509802dbcf3cc64f99,e9055165efd2caa6818f693e09238dd2de35c656513a8428d0f740f0b7fc3ef7,71d6ad97b54100358729448f34758e00ee23a6c8b3a384cc68f55bc359bd4356,0.07848580782150917,0.08951137090661404,0.11689921165656007,0.09293454448983629,0.13957424003565275,0.009900989942252636,1.0
T03,0,BG12,0.9396061161225269,2.125631181072342,0.0025953197513851303,0.005871282118897746,0.27500230073928833,0.0007595937175572386,1.0,1.0,1.0,False,False,5,0.19026964975420577,cached boolean visibility >0.9; continuous score not cached,0621af164f0d6fe5212699283835179d19f439f1fcc3be509802dbcf3cc64f99,e9055165efd2caa6818f693e09238dd2de35c656513a8428d0f740f0b7fc3ef7,71d6ad97b54100358729448f34758e00ee23a6c8b3a384cc68f55bc359bd4356,0.06358115438026503,0.07296288143424598,0.1240369944009219,0.08362076257881625,0.14587649919685475,0.009900989942252636,1.0
T03,0,BG13,0.7608497428968495,1.8156431458701479,0.0021015703619781385,0.005015053049451787,0.1382676661014557,0.00038191407937178374,1.0,1.0,1.0,False,False,5,0.19347209758159536,cached boolean visibility >0.9; continuous score not cached,0621af164f0d6fe5212699283835179d19f439f1fcc3be509802dbcf3cc64f99,e9055165efd2caa6818f693e09238dd2de35c656513a8428d0f740f0b7fc3ef7,71d6ad97b54100358729448f34758e00ee23a6c8b3a384cc68f55bc359bd4356,0.058135413429170835,0.06965847230111274,0.12421311867848506,0.08067203246376552,0.14804542418268976,0.009900989942252636,1.0
T03,0,BG14,1.5807426345738573,3.4519269467061853,0.004366225922726028,0.009534691219439522,0.8837348818778992,0.002440995811511543,1.0,1.0,1.0,False,False,5,0.17630215045904038,cached boolean visibility >0.9; continuous score not cached,0621af164f0d6fe5212699283835179d19f439f1fcc3be509802dbcf3cc64f99,e9055165efd2caa6818f693e09238dd2de35c656513a8428d0f740f0b7fc3ef7,71d6ad97b54100358729448f34758e00ee23a6c8b3a384cc68f55bc359bd4356,0.07939021558263808,0.08769524628745161,0.10036636805555876,0.08826110419476146,0.11117034028680799,0.009900989942252636,1.0
T03,0,BG15,0.8976562437745494,2.154146953009162,0.0024794485044821422,0.0059500465552543656,0.21554365754127502,0.0005953608667546347,1.0,1.0,1.0,False,False,5,0.17852247484341702,cached boolean visibility >0.9; continuous score not cached,0621af164f0d6fe5212699283835179d19f439f1fcc3be509802dbcf3cc64f99,e9055165efd2caa6818f693e09238dd2de35c656513a8428d0f740f0b7fc3ef7,71d6ad97b54100358729448f34758e00ee23a6c8b3a384cc68f55bc359bd4356,0.04006981524507691,0.048027665649965454,0.09263105467488451,0.05798389596551846,0.10286711149588527,0.009900989942252636,1.0
T03,1,BG0,0.5946315410487378,0.8300869506520026,0.0016424531054022242,0.0022928129366425547,0.0,0.0,1.0,1.0,1.0,False,False,5,0.18584534227719401,cached boolean visibility >0.9; continuous score not cached,0621af164f0d6fe5212699283835179d19f439f1fcc3be509802dbcf3cc64f99,e9055165efd2caa6818f693e09238dd2de35c656513a8428d0f740f0b7fc3ef7,f81805e30c0fa864bee1e1c256000472db9b193be90a5166fafbce60c146bf52,0.0,0.0,0.0,0.0,0.0,0.9950248599052429,0.0
T03,1,BG1,0.5826491930380275,0.782351376619257,0.0016093562322267929,0.002160960795617606,0.06497737765312195,0.00017947634516500687,1.0,1.0,1.0,False,False,5,0.1797668639612078,cached boolean visibility >0.9; continuous score not cached,0621af164f0d6fe5212699283835179d19f439f1fcc3be509802dbcf3cc64f99,e9055165efd2caa6818f693e09238dd2de35c656513a8428d0f740f0b7fc3ef7,f81805e30c0fa864bee1e1c256000472db9b193be90a5166fafbce60c146bf52,0.024208281071013856,0.028252145039906543,0.07033180657150417,0.03849795753489505,0.08209631859855647,0.009900989942252636,1.0
T03,1,BG2,0.5865329104934875,0.8171109077443811,0.0016200835874962006,0.0022569713431544814,0.07040947675704956,0.00019448054091682166,1.0,1.0,1.0,False,False,5,0.17731454486450507,cached boolean visibility >0.9; continuous score not cached,0621af164f0d6fe5212699283835179d19f439f1fcc3be509802dbcf3cc64f99,e9055165efd2caa6818f693e09238dd2de35c656513a8428d0f740f0b7fc3ef7,f81805e30c0fa864bee1e1c256000472db9b193be90a5166fafbce60c146bf52,0.025459612053236384,0.029773284622180044,0.07926650317544982,0.041831139775584725,0.095180492285026,0.009900989942252636,1.0
T03,1,BG3,0.5472157838069116,0.7582711247006111,0.0015114843418053863,0.0020944478681787196,0.10034006834030151,0.00027715290135995626,1.0,1.0,1.0,False,False,5,0.17809369014184864,cached boolean visibility >0.9; continuous score not cached,0621af164f0d6fe5212699283835179d19f439f1fcc3be509802dbcf3cc64f99,e9055165efd2caa6818f693e09238dd2de35c656513a8428d0f740f0b7fc3ef7,f81805e30c0fa864bee1e1c256000472db9b193be90a5166fafbce60c146bf52,0.02787904149323375,0.03231096412791236,0.07786131560366973,0.043500334525470835,0.08860622241129924,0.009900989942252636,1.0
T03,1,BG4,0.585088524340151,0.7630680989858832,0.0016160939967005904,0.0021076977628908034,0.04373559355735779,0.0001208036514985405,1.0,1.0,1.0,False,False,5,0.17339349618721786,cached boolean visibility >0.9; continuous score not cached,0621af164f0d6fe5212699283835179d19f439f1fcc3be509802dbcf3cc64f99,e9055165efd2caa6818f693e09238dd2de35c656513a8428d0f740f0b7fc3ef7,f81805e30c0fa864bee1e1c256000472db9b193be90a5166fafbce60c146bf52,0.02551342119256275,0.02991222552281314,0.0752460713425382,0.04102773738471631,0.08621076387871106,0.009900989942252636,1.0
T03,1,BG5,0.6654463166646485,0.7703948470173135,0.0018380531368327483,0.0021279352363949814,0.1162295788526535,0.0003210418882076868,1.0,1.0,1.0,False,False,5,0.1865951127652354,cached boolean visibility >0.9; continuous score not cached,0621af164f0d6fe5212699283835179d19f439f1fcc3be509802dbcf3cc64f99,e9055165efd2caa6818f693e09238dd2de35c656513a8428d0f740f0b7fc3ef7,f81805e30c0fa864bee1e1c256000472db9b193be90a5166fafbce60c146bf52,0.10982503095599287,0.11509842218129022,0.1412517548531506,0.11952495962037413,0.16560616858162364,0.009900989942252636,1.0
T03,1,BG6,0.6415165182059314,0.9233362808640266,0.0017719557822913957,0.002550380255916093,0.301567018032074,0.0008329690759089272,1.0,1.0,1.0,False,False,5,0.19606339592072644,cached boolean visibility >0.9; continuous score not cached,0621af164f0d6fe5212699283835179d19f439f1fcc3be509802dbcf3cc64f99,e9055165efd2caa6818f693e09238dd2de35c656513a8428d0f740f0b7fc3ef7,f81805e30c0fa864bee1e1c256000472db9b193be90a5166fafbce60c146bf52,0.1136249881409148,0.11885560405936707,0.15351694104930314,0.12570954193440956,0.18018550404934638,0.009900989942252636,1.0
T03,1,BG7,0.4774894432445905,0.7312578597766863,0.0013188907158720273,0.0020198335603283453,0.1452312022447586,0.00040114831229353027,1.0,1.0,1.0,False,False,5,0.1833532709319463,cached boolean visibility >0.9; continuous score not cached,0621af164f0d6fe5212699283835179d19f439f1fcc3be509802dbcf3cc64f99,e9055165efd2caa6818f693e09238dd2de35c656513a8428d0f740f0b7fc3ef7,f81805e30c0fa864bee1e1c256000472db9b193be90a5166fafbce60c146bf52,0.13201817844268632,0.13743256803816878,0.15323063783373267,0.13862770730238,0.18216030578995276,0.009900989942252636,1.0
T03,1,BG8,0.9447287994460112,1.9855750287551515,0.0026094692987128918,0.005484427997607194,0.7198796272277832,0.0019884053361359745,1.0,1.0,1.0,False,False,5,0.1962859995505505,cached boolean visibility >0.9; continuous score not cached,0621af164f0d6fe5212699283835179d19f439f1fcc3be509802dbcf3cc64f99,e9055165efd2caa6818f693e09238dd2de35c656513a8428d0f740f0b7fc3ef7,f81805e30c0fa864bee1e1c256000472db9b193be90a5166fafbce60c146bf52,0.17950591825001674,0.14164361333164174,0.12567338772726952,0.1458223723257277,0.1811936684163457,0.9950248599052429,0.0
T03,1,BG9,0.6782372790259446,0.8800037569523423,0.0018733835127060857,0.002430689937541561,0.19444969296455383,0.0005370964706831176,1.0,1.0,1.0,False,False,5,0.19137562460528507,cached boolean visibility >0.9; continuous score not cached,0621af164f0d6fe5212699283835179d19f439f1fcc3be509802dbcf3cc64f99,e9055165efd2caa6818f693e09238dd2de35c656513a8428d0f740f0b7fc3ef7,f81805e30c0fa864bee1e1c256000472db9b193be90a5166fafbce60c146bf52,0.06100082675040739,0.06305285528969409,0.10495640174603622,0.07318086416858496,0.12632840963635278,0.009900989942252636,1.0
T03,1,BG10,0.9927714788245158,2.192786481181877,0.0027421697064273906,0.006056774181788644,0.8525760769844055,0.0023549309590355353,1.0,1.0,1.0,False,False,5,0.1824848201304053,cached boolean visibility >0.9; continuous score not cached,0621af164f0d6fe5212699283835179d19f439f1fcc3be509802dbcf3cc64f99,e9055165efd2caa6818f693e09238dd2de35c656513a8428d0f740f0b7fc3ef7,f81805e30c0fa864bee1e1c256000472db9b193be90a5166fafbce60c146bf52,0.16432970338081984,0.13838682196118754,0.12847142158542066,0.14173854107937237,0.16504057412232326,0.9950248599052429,0.0
T03,1,BG11,0.6083347139320541,0.8975309853287562,0.0016803031306739605,0.0024791025236367468,0.2583298981189728,0.0007135422763404516,1.0,1.0,1.0,False,False,5,0.18936460502163302,cached boolean visibility >0.9; continuous score not cached,0621af164f0d6fe5212699283835179d19f439f1fcc3be509802dbcf3cc64f99,e9055165efd2caa6818f693e09238dd2de35c656513a8428d0f740f0b7fc3ef7,f81805e30c0fa864bee1e1c256000472db9b193be90a5166fafbce60c146bf52,0.06745717502548121,0.07100681882578064,0.12027810772801012,0.08292344244389718,0.14132688350346967,0.009900989942252636,1.0
T03,1,BG12,0.6541166667785878,0.8904444202817234,0.001806759104555784,0.002459528468167698,0.12315800040960312,0.00034017912987111703,1.0,1.0,1.0,False,False,5,0.19026964975420577,cached boolean visibility >0.9; continuous score not cached,0621af164f0d6fe5212699283835179d19f439f1fcc3be509802dbcf3cc64f99,e9055165efd2caa6818f693e09238dd2de35c656513a8428d0f740f0b7fc3ef7,f81805e30c0fa864bee1e1c256000472db9b193be90a5166fafbce60c146bf52,0.06263392766603759,0.0714272984829178,0.12530003378131818,0.08297928134888945,0.14964936768884546,0.009900989942252636,1.0
T03,1,BG13,0.6518466216375158,0.7914850636585729,0.0018004889314587075,0.0021861892801595434,0.1102125495672226,0.00030442203582359994,1.0,1.0,1.0,False,False,5,0.19347209758159536,cached boolean visibility >0.9; continuous score not cached,0621af164f0d6fe5212699283835179d19f439f1fcc3be509802dbcf3cc64f99,e9055165efd2caa6818f693e09238dd2de35c656513a8428d0f740f0b7fc3ef7,f81805e30c0fa864bee1e1c256000472db9b193be90a5166fafbce60c146bf52,0.05784952320232447,0.06813866213451086,0.12546645955499688,0.08027445059535535,0.14996302002283465,0.009900989942252636,1.0
T03,1,BG14,0.6752843065150232,1.14671558799118,0.0018652270014282344,0.003167384251409697,0.3291338384151459,0.0009091123791457306,1.0,1.0,1.0,False,False,5,0.17630215045904038,cached boolean visibility >0.9; continuous score not cached,0621af164f0d6fe5212699283835179d19f439f1fcc3be509802dbcf3cc64f99,e9055165efd2caa6818f693e09238dd2de35c656513a8428d0f740f0b7fc3ef7,f81805e30c0fa864bee1e1c256000472db9b193be90a5166fafbce60c146bf52,0.06630441724736247,0.06313918541921432,0.10071568403571957,0.07418680639294041,0.11213659952206582,0.009900989942252636,1.0
T03,1,BG15,0.5982491815097543,0.7358823556735207,0.001652445519862691,0.002032607046297958,0.07828187197446823,0.00021622516608251418,1.0,1.0,1.0,False,False,5,0.17852247484341702,cached boolean visibility >0.9; continuous score not cached,0621af164f0d6fe5212699283835179d19f439f1fcc3be509802dbcf3cc64f99,e9055165efd2caa6818f693e09238dd2de35c656513a8428d0f740f0b7fc3ef7,f81805e30c0fa864bee1e1c256000472db9b193be90a5166fafbce60c146bf52,0.03867221508971861,0.0453205677520844,0.09374656055213935,0.056751597846873315,0.10400659335208091,0.009900989942252636,1.0
T03,2,BG0,0.7466560907487398,0.8057852871990029,0.002062365566338563,0.0022256884404639244,0.0,0.0,1.0,1.0,1.0,False,False,5,0.18584534227719401,cached boolean visibility >0.9; continuous score not cached,0621af164f0d6fe5212699283835179d19f439f1fcc3be509802dbcf3cc64f99,e9055165efd2caa6818f693e09238dd2de35c656513a8428d0f740f0b7fc3ef7,2f019c9f2ecf65bdc0aa61ea74b948111ac6fc9fbdc0c7b9e3edc5ae657a4836,0.0,0.0,0.0,0.0,0.0,0.9950248599052429,0.0
T03,2,BG1,0.7674138410740102,0.8295659836581456,0.0021197012929681566,0.002291373955024857,0.0412403829395771,0.00011391154076291005,1.0,1.0,1.0,False,False,5,0.1797668639612078,cached boolean visibility >0.9; continuous score not cached,0621af164f0d6fe5212699283835179d19f439f1fcc3be509802dbcf3cc64f99,e9055165efd2caa6818f693e09238dd2de35c656513a8428d0f740f0b7fc3ef7,2f019c9f2ecf65bdc0aa61ea74b948111ac6fc9fbdc0c7b9e3edc5ae657a4836,0.023714595223265925,0.026414034694766234,0.07121231001585172,0.037691765806217636,0.08502444457632446,0.009900989942252636,1.0
T03,2,BG2,0.758942409943715,0.8232470571391555,0.0020963020492236776,0.0022739202214647107,0.03202849254012108,8.846704791524361e-05,1.0,1.0,1.0,False,False,5,0.17731454486450507,cached boolean visibility >0.9; continuous score not cached,0621af164f0d6fe5212699283835179d19f439f1fcc3be509802dbcf3cc64f99,e9055165efd2caa6818f693e09238dd2de35c656513a8428d0f740f0b7fc3ef7,2f019c9f2ecf65bdc0aa61ea74b948111ac6fc9fbdc0c7b9e3edc5ae657a4836,0.02491038491307804,0.027900542991794945,0.08135945938682955,0.041352251787577524,0.09899545551926968,0.009900989942252636,1.0
T03,2,BG3,0.761649639266413,0.8422233049891928,0.0021037797844280014,0.0023263351962156406,0.03415151685476303,9.43311295148813e-05,1.0,1.0,1.0,False,False,5,0.17809369014184864,cached boolean visibility >0.9; continuous score not cached,0621af164f0d6fe5212699283835179d19f439f1fcc3be509802dbcf3cc64f99,e9055165efd2caa6818f693e09238dd2de35c656513a8428d0f740f0b7fc3ef7,2f019c9f2ecf65bdc0aa61ea74b948111ac6fc9fbdc0c7b9e3edc5ae657a4836,0.027360477277147938,0.030012697068744345,0.07649146643385868,0.041863378158591306,0.08906387927475794,0.009900989942252636,1.0
T03,2,BG4,0.7836267899537681,0.8806586922550668,0.002164483660530296,0.0024324989578298224,0.052887409925460815,0.00014608221170971117,1.0,1.0,1.0,False,False,5,0.17339349618721786,cached boolean visibility >0.9; continuous score not cached,0621af164f0d6fe5212699283835179d19f439f1fcc3be509802dbcf3cc64f99,e9055165efd2caa6818f693e09238dd2de35c656513a8428d0f740f0b7fc3ef7,2f019c9f2ecf65bdc0aa61ea74b948111ac6fc9fbdc0c7b9e3edc5ae657a4836,0.02512186713584165,0.028263691202791312,0.07531481251489834,0.04012933991310348,0.08798456990520027,0.009900989942252636,1.0
T03,2,BG5,0.8915054177352907,1.0851113366171188,0.0024624590872858194,0.0029972249393139185,0.16479507088661194,0.000455186375507973,1.0,1.0,1.0,False,False,5,0.1865951127652354,cached boolean visibility >0.9; continuous score not cached,0621af164f0d6fe5212699283835179d19f439f1fcc3be509802dbcf3cc64f99,e9055165efd2caa6818f693e09238dd2de35c656513a8428d0f740f0b7fc3ef7,2f019c9f2ecf65bdc0aa61ea74b948111ac6fc9fbdc0c7b9e3edc5ae657a4836,0.10818752909470403,0.10975727221473805,0.14557794202281113,0.11796049611046261,0.17133735528351812,0.009900989942252636,1.0
T03,2,BG6,0.6702140920922439,0.627854329498978,0.001851222380332855,0.001734218960883048,0.15701250731945038,0.00043368987756517885,1.0,1.0,1.0,False,False,5,0.19606339592072644,cached boolean visibility >0.9; continuous score not cached,0621af164f0d6fe5212699283835179d19f439f1fcc3be509802dbcf3cc64f99,e9055165efd2caa6818f693e09238dd2de35c656513a8428d0f740f0b7fc3ef7,2f019c9f2ecf65bdc0aa61ea74b948111ac6fc9fbdc0c7b9e3edc5ae657a4836,0.11564968052574365,0.11913395546203642,0.1504412905973727,0.1253100589735032,0.18090684323470868,0.009900989942252636,1.0
T03,2,BG7,0.8767332779724892,0.9247306945075435,0.002421656430258818,0.002554231815850116,0.16103342175483704,0.00044479618953327565,1.0,1.0,1.0,False,False,5,0.1833532709319463,cached boolean visibility >0.9; continuous score not cached,0621af164f0d6fe5212699283835179d19f439f1fcc3be509802dbcf3cc64f99,e9055165efd2caa6818f693e09238dd2de35c656513a8428d0f740f0b7fc3ef7,2f019c9f2ecf65bdc0aa61ea74b948111ac6fc9fbdc0c7b9e3edc5ae657a4836,0.12920174621154673,0.12816465657922196,0.15598500167475085,0.1344323869951454,0.18800637972242276,0.009900989942252636,1.0
T03,2,BG8,0.9335002513533853,2.138790075604134,0.0025784545233254893,0.005907628773414733,0.8585934638977051,0.0023715517992363845,1.0,1.0,1.0,False,False,5,0.1962859995505505,cached boolean visibility >0.9; continuous score not cached,0621af164f0d6fe5212699283835179d19f439f1fcc3be509802dbcf3cc64f99,e9055165efd2caa6818f693e09238dd2de35c656513a8428d0f740f0b7fc3ef7,2f019c9f2ecf65bdc0aa61ea74b948111ac6fc9fbdc0c7b9e3edc5ae657a4836,0.18502546033373898,0.1710250801530106,0.12888066122983233,0.1605261892655649,0.20102068080964583,0.9109315872192383,0.45714285714285713
T03,2,BG9,0.627441446208398,0.7390272748277495,0.0017330785211384868,0.0020412937402832657,0.20172636210918427,0.0005571956194980359,1.0,1.0,1.0,False,False,5,0.19137562460528507,cached boolean visibility >0.9; continuous score not cached,0621af164f0d6fe5212699283835179d19f439f1fcc3be509802dbcf3cc64f99,e9055165efd2caa6818f693e09238dd2de35c656513a8428d0f740f0b7fc3ef7,2f019c9f2ecf65bdc0aa61ea74b948111ac6fc9fbdc0c7b9e3edc5ae657a4836,0.061415850387578214,0.062464371889188755,0.10414736029469591,0.07280526026904431,0.1259121795620985,0.009900989942252636,1.0
T03,2,BG10,0.7982122031623973,1.695183653271406,0.002204770553445255,0.00468232756478436,0.6846696138381958,0.0018911504953803245,1.0,1.0,1.0,False,False,5,0.1824848201304053,cached boolean visibility >0.9; continuous score not cached,0621af164f0d6fe5212699283835179d19f439f1fcc3be509802dbcf3cc64f99,e9055165efd2caa6818f693e09238dd2de35c656513a8428d0f740f0b7fc3ef7,2f019c9f2ecf65bdc0aa61ea74b948111ac6fc9fbdc0c7b9e3edc5ae657a4836,0.16847054249686014,0.14883157382989337,0.12491219317058773,0.14601322492983076,0.1695151031565975,0.9950248599052429,0.0
T03,2,BG11,0.6708201224001534,0.7493796197028071,0.001852896318381009,0.002069888323339262,0.1624700129032135,0.00044876424946612553,1.0,1.0,1.0,False,False,5,0.18936460502163302,cached boolean visibility >0.9; continuous score not cached,0621af164f0d6fe5212699283835179d19f439f1fcc3be509802dbcf3cc64f99,e9055165efd2caa6818f693e09238dd2de35c656513a8428d0f740f0b7fc3ef7,2f019c9f2ecf65bdc0aa61ea74b948111ac6fc9fbdc0c7b9e3edc5ae657a4836,0.06931330376971477,0.07107046857019891,0.11563709439228143,0.08194974324447259,0.13925832025911722,0.009900989942252636,1.0
T03,2,BG12,0.7858678887577231,0.782923456492557,0.0021706738799114897,0.0021625409579527264,0.07749985158443451,0.000214065119516815,1.0,1.0,1.0,False,False,5,0.19026964975420577,cached boolean visibility >0.9; continuous score not cached,0621af164f0d6fe5212699283835179d19f439f1fcc3be509802dbcf3cc64f99,e9055165efd2caa6818f693e09238dd2de35c656513a8428d0f740f0b7fc3ef7,2f019c9f2ecf65bdc0aa61ea74b948111ac6fc9fbdc0c7b9e3edc5ae657a4836,0.06165423086177069,0.06683428170023173,0.13017358770000878,0.08200229836258428,0.1555732865443215,0.009900989942252636,1.0
T03,2,BG13,0.7775639849669042,0.8372547149674305,0.0021477373694395803,0.002312611275522969,0.06358213722705841,0.00017562250154526025,1.0,1.0,1.0,False,False,5,0.19347209758159536,cached boolean visibility >0.9; continuous score not cached,0621af164f0d6fe5212699283835179d19f439f1fcc3be509802dbcf3cc64f99,e9055165efd2caa6818f693e09238dd2de35c656513a8428d0f740f0b7fc3ef7,2f019c9f2ecf65bdc0aa61ea74b948111ac6fc9fbdc0c7b9e3edc5ae657a4836,0.05653908370698648,0.06352896128719297,0.13017239595643668,0.07912430379440838,0.1567176523480648,0.009900989942252636,1.0
T03,2,BG14,0.7053236914379204,0.7889827689841915,0.0019481998638565684,0.0021792776022971135,0.18171530961990356,0.0005019223737408081,1.0,1.0,1.0,False,False,5,0.17630215045904038,cached boolean visibility >0.9; continuous score not cached,0621af164f0d6fe5212699283835179d19f439f1fcc3be509802dbcf3cc64f99,e9055165efd2caa6818f693e09238dd2de35c656513a8428d0f740f0b7fc3ef7,2f019c9f2ecf65bdc0aa61ea74b948111ac6fc9fbdc0c7b9e3edc5ae657a4836,0.06753282315228404,0.06301199223569788,0.10041962202064385,0.07429354599129238,0.11300349997865751,0.009900989942252636,1.0
T03,2,BG15,0.7855882615100611,0.8873991170681395,0.002169901511462168,0.002451116926944673,0.05937804654240608,0.00016401023188963192,1.0,1.0,1.0,False,False,5,0.17852247484341702,cached boolean visibility >0.9; continuous score not cached,0621af164f0d6fe5212699283835179d19f439f1fcc3be509802dbcf3cc64f99,e9055165efd2caa6818f693e09238dd2de35c656513a8428d0f740f0b7fc3ef7,2f019c9f2ecf65bdc0aa61ea74b948111ac6fc9fbdc0c7b9e3edc5ae657a4836,0.03793488615136225,0.04306464380475827,0.09194979562242844,0.05485095451090602,0.10543165623075847,0.009900989942252636,1.0
T04,0,BG0,1.1061672419261437,2.336164733464124,0.0030553842105171735,0.0064528043945365045,0.0,0.0,1.0,1.0,1.0,False,False,8,0.20717251892428531,cached boolean visibility >0.9; continuous score not cached,d903059aa96ba77eb520482de8ba587dd64152264e5fd1d689b865151696a421,c432f64e96352cbe9ffa5a4bcc29030572d22fcbe1e0d46822aab212141ecf2d,71d6ad97b54100358729448f34758e00ee23a6c8b3a384cc68f55bc359bd4356,0.0,0.0,0.0,0.0,0.0,0.9950248599052429,0.0
T04,0,BG1,1.1744501286477078,2.37109086249591,0.0032439908208289348,0.00654927510812624,0.24302008748054504,0.0006712544993048491,1.0,1.0,1.0,False,False,8,0.2048989338478751,cached boolean visibility >0.9; continuous score not cached,d903059aa96ba77eb520482de8ba587dd64152264e5fd1d689b865151696a421,c432f64e96352cbe9ffa5a4bcc29030572d22fcbe1e0d46822aab212141ecf2d,71d6ad97b54100358729448f34758e00ee23a6c8b3a384cc68f55bc359bd4356,0.012202653059549215,0.015024788899174048,0.03737736075600768,0.020113081126620108,0.04621213753877596,0.009900989942252636,1.0
T04,0,BG2,1.1775925656354604,2.3410423735531354,0.0032526706587331974,0.006466277099158096,0.2940189242362976,0.0008121202153307022,1.0,1.0,1.0,False,False,8,0.20486081550598972,cached boolean visibility >0.9; continuous score not cached,d903059aa96ba77eb520482de8ba587dd64152264e5fd1d689b865151696a421,c432f64e96352cbe9ffa5a4bcc29030572d22fcbe1e0d46822aab212141ecf2d,71d6ad97b54100358729448f34758e00ee23a6c8b3a384cc68f55bc359bd4356,0.013125229335987356,0.01574697428671078,0.04025756768383995,0.02136286169261412,0.05149372935710179,0.009900989942252636,1.0
T04,0,BG3,1.1481229978187104,2.3691051397708187,0.003171271708569679,0.006543790272171286,0.11719624698162079,0.00032371195691530277,1.0,1.0,1.0,False,False,8,0.20668864664179004,cached boolean visibility >0.9; continuous score not cached,d903059aa96ba77eb520482de8ba587dd64152264e5fd1d689b865151696a421,c432f64e96352cbe9ffa5a4bcc29030572d22fcbe1e0d46822aab212141ecf2d,71d6ad97b54100358729448f34758e00ee23a6c8b3a384cc68f55bc359bd4356,0.014129729746415845,0.01547193706673997,0.03748449716751768,0.020828980783391092,0.047347666973933666,0.009900989942252636,1.0
T04,0,BG4,1.1340466384528585,2.406944714706694,0.003132390891530567,0.006648308319180559,0.08302890509366989,0.0002293371165087041,1.0,1.0,1.0,False,False,8,0.20316820350645096,cached boolean visibility >0.9; continuous score not cached,d903059aa96ba77eb520482de8ba587dd64152264e5fd1d689b865151696a421,c432f64e96352cbe9ffa5a4bcc29030572d22fcbe1e0d46822aab212141ecf2d,71d6ad97b54100358729448f34758e00ee23a6c8b3a384cc68f55bc359bd4356,0.01568003544953128,0.016651221765172815,0.03678577136771843,0.021603158886456655,0.04627051307662948,0.009900989942252636,1.0
T04,0,BG5,1.361735410675164,2.6388721873337944,0.00376129821511819,0.00728892350917306,0.6909598112106323,0.0019085248751344326,1.0,1.0,1.0,False,False,8,0.2101597836835852,cached boolean visibility >0.9; continuous score not cached,d903059aa96ba77eb520482de8ba587dd64152264e5fd1d689b865151696a421,c432f64e96352cbe9ffa5a4bcc29030572d22fcbe1e0d46822aab212141ecf2d,71d6ad97b54100358729448f34758e00ee23a6c8b3a384cc68f55bc359bd4356,0.053139200488365256,0.04814250744846463,0.06742269229471688,0.05374604527584405,0.08732268208526392,0.009900989942252636,1.0
T04,0,BG6,1.2330528359398514,2.5583372985128054,0.003405859460368642,0.007066475204456552,0.42926764488220215,0.0011856955571882184,1.0,1.0,1.0,False,False,8,0.20921668643199487,cached boolean visibility >0.9; continuous score not cached,d903059aa96ba77eb520482de8ba587dd64152264e5fd1d689b865151696a421,c432f64e96352cbe9ffa5a4bcc29030572d22fcbe1e0d46822aab212141ecf2d,71d6ad97b54100358729448f34758e00ee23a6c8b3a384cc68f55bc359bd4356,0.04712423841113556,0.04729533208444353,0.0680127926536228,0.051892152366330796,0.08938281381928599,0.009900989942252636,1.0
T04,0,BG7,1.1883648273460863,2.513486111211864,0.0032824251091406183,0.006942590131469194,0.11995883285999298,0.00033134259444736203,1.0,1.0,1.0,False,False,8,0.19936160796097102,cached boolean visibility >0.9; continuous score not cached,d903059aa96ba77eb520482de8ba587dd64152264e5fd1d689b865151696a421,c432f64e96352cbe9ffa5a4bcc29030572d22fcbe1e0d46822aab212141ecf2d,71d6ad97b54100358729448f34758e00ee23a6c8b3a384cc68f55bc359bd4356,0.07799136663696542,0.06244385864469581,0.07255239760264466,0.06827438563507575,0.0951623468525201,0.009900989942252636,1.0
T04,0,BG8,1.3712912349703374,3.9550331338114986,0.0037876927001140657,0.010924338862248409,0.7721380591392517,0.002132750225115564,1.0,1.0,1.0,False,False,8,0.21203071642570376,cached boolean visibility >0.9; continuous score not cached,d903059aa96ba77eb520482de8ba587dd64152264e5fd1d689b865151696a421,c432f64e96352cbe9ffa5a4bcc29030572d22fcbe1e0d46822aab212141ecf2d,71d6ad97b54100358729448f34758e00ee23a6c8b3a384cc68f55bc359bd4356,0.07502534228970616,0.05251502548666696,0.05875110716837043,0.05968132008510726,0.07624350397880204,0.009900989942252636,1.0
T04,0,BG9,1.1926182991781058,2.8683831550082437,0.0032941737762343954,0.007922863984170284,0.17496083676815033,0.00048326560203449894,1.0,1.0,1.0,False,False,8,0.2073284384003319,cached boolean visibility >0.9; continuous score not cached,d903059aa96ba77eb520482de8ba587dd64152264e5fd1d689b865151696a421,c432f64e96352cbe9ffa5a4bcc29030572d22fcbe1e0d46822aab212141ecf2d,71d6ad97b54100358729448f34758e00ee23a6c8b3a384cc68f55bc359bd4356,0.052231338965472725,0.048268898302733565,0.055343008324611094,0.050225228972002246,0.0719437229506589,0.009900989942252636,1.0
T04,0,BG10,1.173623001716868,2.875564154680923,0.003241706183869174,0.007942698880905636,0.2879043221473694,0.0007952308536067235,1.0,1.0,1.0,False,False,8,0.20424278840622795,cached boolean visibility >0.9; continuous score not cached,d903059aa96ba77eb520482de8ba587dd64152264e5fd1d689b865151696a421,c432f64e96352cbe9ffa5a4bcc29030572d22fcbe1e0d46822aab212141ecf2d,71d6ad97b54100358729448f34758e00ee23a6c8b3a384cc68f55bc359bd4356,0.04560317716665985,0.04119203735683321,0.05457979845793537,0.045057635173023906,0.07254858664430137,0.009900989942252636,1.0
T04,0,BG11,1.1042394443691523,2.550183815030911,0.003050059371746457,0.007043954175314599,0.13240724802017212,0.000365726808411378,1.0,1.0,1.0,False,False,8,0.20559753616169946,cached boolean visibility >0.9; continuous score not cached,d903059aa96ba77eb520482de8ba587dd64152264e5fd1d689b865151696a421,c432f64e96352cbe9ffa5a4bcc29030572d22fcbe1e0d46822aab212141ecf2d,71d6ad97b54100358729448f34758e00ee23a6c8b3a384cc68f55bc359bd4356,0.03867528950982816,0.03880361628275168,0.05242528167569214,0.04160541548279621,0.06948519167175098,0.009900989942252636,1.0
T04,0,BG12,1.0848384597462002,2.410323460744199,0.0029964712163222953,0.006657640874786133,0.12298014014959335,0.0003396878556681619,1.0,1.0,1.0,False,False,8,0.20337861685871342,cached boolean visibility >0.9; continuous score not cached,d903059aa96ba77eb520482de8ba587dd64152264e5fd1d689b865151696a421,c432f64e96352cbe9ffa5a4bcc29030572d22fcbe1e0d46822aab212141ecf2d,71d6ad97b54100358729448f34758e00ee23a6c8b3a384cc68f55bc359bd4356,0.04558485545655505,0.040371880142474594,0.05880322736278957,0.04589326844748507,0.07715940589029752,0.009900989942252636,1.0
T04,0,BG13,1.0854074545548442,2.2919386829617454,0.0029980428572896865,0.00633064603432037,0.18052737414836884,0.0004986411345707524,1.0,1.0,1.0,False,False,8,0.20405321140221927,cached boolean visibility >0.9; continuous score not cached,d903059aa96ba77eb520482de8ba587dd64152264e5fd1d689b865151696a421,c432f64e96352cbe9ffa5a4bcc29030572d22fcbe1e0d46822aab212141ecf2d,71d6ad97b54100358729448f34758e00ee23a6c8b3a384cc68f55bc359bd4356,0.041527892975474295,0.0385804617923248,0.057909258838091726,0.04372962090824257,0.07660919303691459,0.009900989942252636,1.0
T04,0,BG14,1.2416049532752376,3.045226655467536,0.0034294815703739333,0.008411329759105956,0.3067805767059326,0.0008473696333011122,1.0,1.0,1.0,False,False,8,0.20317862897302158,cached boolean visibility >0.9; continuous score not cached,d903059aa96ba77eb520482de8ba587dd64152264e5fd1d689b865151696a421,c432f64e96352cbe9ffa5a4bcc29030572d22fcbe1e0d46822aab212141ecf2d,71d6ad97b54100358729448f34758e00ee23a6c8b3a384cc68f55bc359bd4356,0.04057580339322079,0.034562994046028875,0.046891124460973856,0.03891579836786746,0.0601688965293589,0.009900989942252636,1.0
T04,0,BG15,1.128375318773648,2.3424963588571956,0.003116725936048354,0.006470293204112185,0.23605680465698242,0.0006520209660866423,1.0,1.0,1.0,False,False,8,0.20478305783153025,cached boolean visibility >0.9; continuous score not cached,d903059aa96ba77eb520482de8ba587dd64152264e5fd1d689b865151696a421,c432f64e96352cbe9ffa5a4bcc29030572d22fcbe1e0d46822aab212141ecf2d,71d6ad97b54100358729448f34758e00ee23a6c8b3a384cc68f55bc359bd4356,0.027633969366495037,0.02566450604841987,0.04515099292413208,0.031052205105254978,0.05775051569824215,0.009900989942252636,1.0
T04,1,BG0,1.1603127787173009,2.4199014531545355,0.003204941539564099,0.006684096591127939,0.0,0.0,1.0,1.0,1.0,False,False,8,0.20717251892428531,cached boolean visibility >0.9; continuous score not cached,d903059aa96ba77eb520482de8ba587dd64152264e5fd1d689b865151696a421,c432f64e96352cbe9ffa5a4bcc29030572d22fcbe1e0d46822aab212141ecf2d,f81805e30c0fa864bee1e1c256000472db9b193be90a5166fafbce60c146bf52,0.0,0.0,0.0,0.0,0.0,0.9950248599052429,0.0
T04,1,BG1,1.1564031251551943,2.4403493746197062,0.00319414254524435,0.006740576528351346,0.02807644009590149,7.75509421226165e-05,1.0,1.0,1.0,False,False,8,0.2048989338478751,cached boolean visibility >0.9; continuous score not cached,d903059aa96ba77eb520482de8ba587dd64152264e5fd1d689b865151696a421,c432f64e96352cbe9ffa5a4bcc29030572d22fcbe1e0d46822aab212141ecf2d,f81805e30c0fa864bee1e1c256000472db9b193be90a5166fafbce60c146bf52,0.012147653828679593,0.015238458230028534,0.038981998892374914,0.020665367639189428,0.04756148059688903,0.009900989942252636,1.0
T04,1,BG2,1.170464614641705,2.4169016090241584,0.0032329822896564405,0.006675810614068985,0.03828014060854912,0.00010573494925421724,1.0,1.0,1.0,False,False,8,0.20486081550598972,cached boolean visibility >0.9; continuous score not cached,d903059aa96ba77eb520482de8ba587dd64152264e5fd1d689b865151696a421,c432f64e96352cbe9ffa5a4bcc29030572d22fcbe1e0d46822aab212141ecf2d,f81805e30c0fa864bee1e1c256000472db9b193be90a5166fafbce60c146bf52,0.013228619096004401,0.015484278249270981,0.041557821778784816,0.021651797373384914,0.05299860863195622,0.009900989942252636,1.0
T04,1,BG3,1.1955310920043751,2.48081054940267,0.003302219305764265,0.006852335790319345,0.06940113753080368,0.00019169537097691987,1.0,1.0,1.0,False,False,8,0.20668864664179004,cached boolean visibility >0.9; continuous score not cached,d903059aa96ba77eb520482de8ba587dd64152264e5fd1d689b865151696a421,c432f64e96352cbe9ffa5a4bcc29030572d22fcbe1e0d46822aab212141ecf2d,f81805e30c0fa864bee1e1c256000472db9b193be90a5166fafbce60c146bf52,0.01407561621943665,0.015137354205803092,0.03836722423234084,0.020844981978233357,0.04937327508899406,0.009900989942252636,1.0
T04,1,BG4,1.196455143040731,2.4366886124908995,0.0033047716602719593,0.006730465005985759,0.06304486095905304,0.0001741384714965212,1.0,1.0,1.0,False,False,8,0.20316820350645096,cached boolean visibility >0.9; continuous score not cached,d903059aa96ba77eb520482de8ba587dd64152264e5fd1d689b865151696a421,c432f64e96352cbe9ffa5a4bcc29030572d22fcbe1e0d46822aab212141ecf2d,f81805e30c0fa864bee1e1c256000472db9b193be90a5166fafbce60c146bf52,0.015536252739022908,0.01599741580304719,0.03665624813261317,0.021253551007195386,0.045757130552682025,0.009900989942252636,1.0
T04,1,BG5,1.0560042288946832,2.5186856756805946,0.0029168271531761778,0.006956952034965507,0.13569390773773193,0.0003748050090900468,1.0,1.0,1.0,False,False,8,0.2101597836835852,cached boolean visibility >0.9; continuous score not cached,d903059aa96ba77eb520482de8ba587dd64152264e5fd1d689b865151696a421,c432f64e96352cbe9ffa5a4bcc29030572d22fcbe1e0d46822aab212141ecf2d,f81805e30c0fa864bee1e1c256000472db9b193be90a5166fafbce60c146bf52,0.05373218566400192,0.04350516457417896,0.06694307990130068,0.05190530668169305,0.0867097159535062,0.009900989942252636,1.0
T04,1,BG6,0.9099877708362122,2.051543534214298,0.00251350985763717,0.0056666419724310385,0.29558029770851135,0.0008164329409954176,1.0,1.0,1.0,False,False,8,0.20921668643199487,cached boolean visibility >0.9; continuous score not cached,d903059aa96ba77eb520482de8ba587dd64152264e5fd1d689b865151696a421,c432f64e96352cbe9ffa5a4bcc29030572d22fcbe1e0d46822aab212141ecf2d,f81805e30c0fa864bee1e1c256000472db9b193be90a5166fafbce60c146bf52,0.04686820278005414,0.04260056677625108,0.06812126227423594,0.04975895462800768,0.09021678374546512,0.009900989942252636,1.0
T04,1,BG7,1.1344955643407917,2.8414951749035677,0.0031336308858259097,0.007848595730012373,0.12558116018772125,0.00034687222639848353,1.0,1.0,1.0,False,False,8,0.19936160796097102,cached boolean visibility >0.9; continuous score not cached,d903059aa96ba77eb520482de8ba587dd64152264e5fd1d689b865151696a421,c432f64e96352cbe9ffa5a4bcc29030572d22fcbe1e0d46822aab212141ecf2d,f81805e30c0fa864bee1e1c256000472db9b193be90a5166fafbce60c146bf52,0.07850162481228655,0.05744012044108305,0.07487785829330096,0.06695566893042551,0.0987252327577625,0.009900989942252636,1.0
T04,1,BG8,1.6163804369916512,4.176796260051778,0.0044646623748987166,0.011536878746551649,0.5107503533363342,0.0014107618685060433,1.0,1.0,1.0,False,False,8,0.21203071642570376,cached boolean visibility >0.9; continuous score not cached,d903059aa96ba77eb520482de8ba587dd64152264e5fd1d689b865151696a421,c432f64e96352cbe9ffa5a4bcc29030572d22fcbe1e0d46822aab212141ecf2d,f81805e30c0fa864bee1e1c256000472db9b193be90a5166fafbce60c146bf52,0.08231681149027789,0.04571621980504859,0.06142681652259021,0.059963599010039385,0.0855576755735575,0.9814466834068298,0.22857142857142856
T04,1,BG9,1.2805155673405388,3.1988196919404914,0.003536957972974352,0.008835574593610096,0.29368099570274353,0.0008111868108087002,1.0,1.0,1.0,False,False,8,0.2073284384003319,cached boolean visibility >0.9; continuous score not cached,d903059aa96ba77eb520482de8ba587dd64152264e5fd1d689b865151696a421,c432f64e96352cbe9ffa5a4bcc29030572d22fcbe1e0d46822aab212141ecf2d,f81805e30c0fa864bee1e1c256000472db9b193be90a5166fafbce60c146bf52,0.052504435423776384,0.04226332838217123,0.057127667589797315,0.04842262491949049,0.07456936335646613,0.009900989942252636,1.0
T04,1,BG10,1.2771607654946118,2.9719750167002568,0.00352769155447907,0.008208998780569353,0.17795664072036743,0.0004915404195724605,1.0,1.0,1.0,False,False,8,0.20424278840622795,cached boolean visibility >0.9; continuous score not cached,d903059aa96ba77eb520482de8ba587dd64152264e5fd1d689b865151696a421,c432f64e96352cbe9ffa5a4bcc29030572d22fcbe1e0d46822aab212141ecf2d,f81805e30c0fa864bee1e1c256000472db9b193be90a5166fafbce60c146bf52,0.04738575011406076,0.03679002632857378,0.05650497516301952,0.04431558899255872,0.07594396173802903,0.009900989942252636,1.0
T04,1,BG11,1.1142496131407138,2.7324276130668044,0.0030777088179151793,0.007547336305862926,0.14510199427604675,0.0004007914223292354,1.0,1.0,1.0,False,False,8,0.20559753616169946,cached boolean visibility >0.9; continuous score not cached,d903059aa96ba77eb520482de8ba587dd64152264e5fd1d689b865151696a421,c432f64e96352cbe9ffa5a4bcc29030572d22fcbe1e0d46822aab212141ecf2d,f81805e30c0fa864bee1e1c256000472db9b193be90a5166fafbce60c146bf52,0.039671297319692045,0.038022403243145354,0.054017924697749825,0.04183184219120987,0.07225361984939266,0.009900989942252636,1.0
T04,1,BG12,1.310435644485539,3.087336603611334,0.0036196012911105012,0.00852764315710554,0.21275310218334198,0.0005876529737199827,1.0,1.0,1.0,False,False,8,0.20337861685871342,cached boolean visibility >0.9; continuous score not cached,d903059aa96ba77eb520482de8ba587dd64152264e5fd1d689b865151696a421,c432f64e96352cbe9ffa5a4bcc29030572d22fcbe1e0d46822aab212141ecf2d,f81805e30c0fa864bee1e1c256000472db9b193be90a5166fafbce60c146bf52,0.0479593635036453,0.03540494501757326,0.06096222919859728,0.04519863052375878,0.08077774735217988,0.009900989942252636,1.0
T04,1,BG13,1.1725353038710917,2.8645393913076083,0.0032387018146401484,0.00791224698659998,0.15269717574119568,0.0004217703454477869,1.0,1.0,1.0,False,False,8,0.20405321140221927,cached boolean visibility >0.9; continuous score not cached,d903059aa96ba77eb520482de8ba587dd64152264e5fd1d689b865151696a421,c432f64e96352cbe9ffa5a4bcc29030572d22fcbe1e0d46822aab212141ecf2d,f81805e30c0fa864bee1e1c256000472db9b193be90a5166fafbce60c146bf52,0.04297741903950336,0.03892353504859095,0.05974276096413794,0.04477042790242247,0.07924470970314627,0.009900989942252636,1.0
T04,1,BG14,1.3611250006047688,3.0687059027708483,0.003759612179570998,0.008476182630142394,0.2659527659416199,0.0007345976729399925,1.0,1.0,1.0,False,False,8,0.20317862897302158,cached boolean visibility >0.9; continuous score not cached,d903059aa96ba77eb520482de8ba587dd64152264e5fd1d689b865151696a421,c432f64e96352cbe9ffa5a4bcc29030572d22fcbe1e0d46822aab212141ecf2d,f81805e30c0fa864bee1e1c256000472db9b193be90a5166fafbce60c146bf52,0.042817285978124835,0.031410252416595,0.04745086400169927,0.03835738383928865,0.06261236364944181,0.009900989942252636,1.0
T04,1,BG15,1.0949021633282843,2.3692794324286157,0.003024268532911135,0.006544271692172221,0.0737762525677681,0.0002037800331296885,1.0,1.0,1.0,False,False,8,0.20478305783153025,cached boolean visibility >0.9; continuous score not cached,d903059aa96ba77eb520482de8ba587dd64152264e5fd1d689b865151696a421,c432f64e96352cbe9ffa5a4bcc29030572d22fcbe1e0d46822aab212141ecf2d,f81805e30c0fa864bee1e1c256000472db9b193be90a5166fafbce60c146bf52,0.027024824135705835,0.02326673206565033,0.044944134963210765,0.02979494041544143,0.05775589117067673,0.009900989942252636,1.0
T04,2,BG0,0.9710908140935104,1.5534087469818287,0.002682284764818305,0.004290726011505269,0.0,0.0,1.0,1.0,1.0,False,False,8,0.20717251892428531,cached boolean visibility >0.9; continuous score not cached,d903059aa96ba77eb520482de8ba587dd64152264e5fd1d689b865151696a421,c432f64e96352cbe9ffa5a4bcc29030572d22fcbe1e0d46822aab212141ecf2d,2f019c9f2ecf65bdc0aa61ea74b948111ac6fc9fbdc0c7b9e3edc5ae657a4836,0.0,0.0,0.0,0.0,0.0,0.9950248599052429,0.0
T04,2,BG1,0.9727386388000209,1.5762507544670774,0.0026868362805377594,0.004353818739586258,0.18768185377120972,0.0005184027793253297,1.0,1.0,1.0,False,False,8,0.2048989338478751,cached boolean visibility >0.9; continuous score not cached,d903059aa96ba77eb520482de8ba587dd64152264e5fd1d689b865151696a421,c432f64e96352cbe9ffa5a4bcc29030572d22fcbe1e0d46822aab212141ecf2d,2f019c9f2ecf65bdc0aa61ea74b948111ac6fc9fbdc0c7b9e3edc5ae657a4836,0.011805518316334312,0.015459802489599356,0.045637424208527545,0.0223603149721126,0.057651783459828854,0.009900989942252636,1.0
T04,2,BG2,0.9838273824561403,1.6616559301265161,0.0027174648970771397,0.004589719438247264,0.20341333746910095,0.0005618552746413629,1.0,1.0,1.0,False,False,8,0.20486081550598972,cached boolean visibility >0.9; continuous score not cached,d903059aa96ba77eb520482de8ba587dd64152264e5fd1d689b865151696a421,c432f64e96352cbe9ffa5a4bcc29030572d22fcbe1e0d46822aab212141ecf2d,2f019c9f2ecf65bdc0aa61ea74b948111ac6fc9fbdc0c7b9e3edc5ae657a4836,0.012735496577176887,0.01615847982627923,0.04861010676323899,0.023653078864981282,0.06273055601502471,0.009900989942252636,1.0
T04,2,BG3,0.9876702493800084,1.6541707054699044,0.0027280794176281734,0.004569044230773065,0.12538442015647888,0.00034632880370230254,1.0,1.0,1.0,False,False,8,0.20668864664179004,cached boolean visibility >0.9; continuous score not cached,d903059aa96ba77eb520482de8ba587dd64152264e5fd1d689b865151696a421,c432f64e96352cbe9ffa5a4bcc29030572d22fcbe1e0d46822aab212141ecf2d,2f019c9f2ecf65bdc0aa61ea74b948111ac6fc9fbdc0c7b9e3edc5ae657a4836,0.013909677029817899,0.015693103869801734,0.04522104646471667,0.022900434545515016,0.05799905382202623,0.009900989942252636,1.0
T04,2,BG4,0.977674084407506,1.5214310189094549,0.0027004686518550644,0.004202399181947008,0.06666119396686554,0.00018412727459360309,1.0,1.0,1.0,False,False,8,0.20316820350645096,cached boolean visibility >0.9; continuous score not cached,d903059aa96ba77eb520482de8ba587dd64152264e5fd1d689b865151696a421,c432f64e96352cbe9ffa5a4bcc29030572d22fcbe1e0d46822aab212141ecf2d,2f019c9f2ecf65bdc0aa61ea74b948111ac6fc9fbdc0c7b9e3edc5ae657a4836,0.015280452169302289,0.0164200931415133,0.04603124002936001,0.023892752214979815,0.05807990631317664,0.009900989942252636,1.0
T04,2,BG5,1.107154886618169,1.974243877442845,0.0030581122193419157,0.005453129818186949,0.47363734245300293,0.0013082506901238022,1.0,1.0,1.0,False,False,8,0.2101597836835852,cached boolean visibility >0.9; continuous score not cached,d903059aa96ba77eb520482de8ba587dd64152264e5fd1d689b865151696a421,c432f64e96352cbe9ffa5a4bcc29030572d22fcbe1e0d46822aab212141ecf2d,2f019c9f2ecf65bdc0aa61ea74b948111ac6fc9fbdc0c7b9e3edc5ae657a4836,0.05233464699106058,0.04683444723549074,0.08188750843214943,0.0568215985715307,0.10705361146955232,0.009900989942252636,1.0
T04,2,BG6,1.0461640038249544,1.9121642029802661,0.00288964711460115,0.005281657322927797,0.4229009747505188,0.0011681099492831747,1.0,1.0,1.0,False,False,8,0.20921668643199487,cached boolean visibility >0.9; continuous score not cached,d903059aa96ba77eb520482de8ba587dd64152264e5fd1d689b865151696a421,c432f64e96352cbe9ffa5a4bcc29030572d22fcbe1e0d46822aab212141ecf2d,2f019c9f2ecf65bdc0aa61ea74b948111ac6fc9fbdc0c7b9e3edc5ae657a4836,0.04550942645075771,0.04600732345630844,0.07876513543712486,0.053718693703258776,0.10419247786983125,0.009900989942252636,1.0
T04,2,BG7,0.9873020831150752,1.6039427654106748,0.0027270624923838825,0.004430307836160124,0.08529267460107803,0.00023558995545296829,1.0,1.0,1.0,False,False,8,0.19936160796097102,cached boolean visibility >0.9; continuous score not cached,d903059aa96ba77eb520482de8ba587dd64152264e5fd1d689b865151696a421,c432f64e96352cbe9ffa5a4bcc29030572d22fcbe1e0d46822aab212141ecf2d,2f019c9f2ecf65bdc0aa61ea74b948111ac6fc9fbdc0c7b9e3edc5ae657a4836,0.07650430234944718,0.061853449408544404,0.08593374589008936,0.07117135475743205,0.11318512850678933,0.009900989942252636,1.0
T04,2,BG8,1.0356323356853392,1.7389087581439477,0.002860557216324868,0.004803102245110404,0.14617466926574707,0.00040375429638871314,1.0,1.0,1.0,False,False,8,0.21203071642570376,cached boolean visibility >0.9; continuous score not cached,d903059aa96ba77eb520482de8ba587dd64152264e5fd1d689b865151696a421,c432f64e96352cbe9ffa5a4bcc29030572d22fcbe1e0d46822aab212141ecf2d,2f019c9f2ecf65bdc0aa61ea74b948111ac6fc9fbdc0c7b9e3edc5ae657a4836,0.06984074977956882,0.04783143784666123,0.0733691065687559,0.060190808401306264,0.09502064827820868,0.009900989942252636,1.0
T04,2,BG9,1.126927154271678,1.7548931849987752,0.003112725908940477,0.004847253403791767,0.3612338602542877,0.0009977770007031268,1.0,1.0,1.0,False,False,8,0.2073284384003319,cached boolean visibility >0.9; continuous score not cached,d903059aa96ba77eb520482de8ba587dd64152264e5fd1d689b865151696a421,c432f64e96352cbe9ffa5a4bcc29030572d22fcbe1e0d46822aab212141ecf2d,2f019c9f2ecf65bdc0aa61ea74b948111ac6fc9fbdc0c7b9e3edc5ae657a4836,0.05010112068208939,0.0458715622888314,0.06520337535845462,0.05120633981994793,0.08580398777340678,0.009900989942252636,1.0
T04,2,BG10,0.9511142240871824,1.5078785512270922,0.0026271067091212037,0.004164965424915718,0.16904546320438385,0.0004669265365650032,1.0,1.0,1.0,False,False,8,0.20424278840622795,cached boolean visibility >0.9; continuous score not cached,d903059aa96ba77eb520482de8ba587dd64152264e5fd1d689b865151696a421,c432f64e96352cbe9ffa5a4bcc29030572d22fcbe1e0d46822aab212141ecf2d,2f019c9f2ecf65bdc0aa61ea74b948111ac6fc9fbdc0c7b9e3edc5ae657a4836,0.04305875127511744,0.03777305788530598,0.06374085779472143,0.045332213012859356,0.08511679054224622,0.009900989942252636,1.0
T04,2,BG11,0.9977394985553708,1.6168510274162653,0.0027558920518990946,0.004465962209587803,0.24975614249706268,0.0006898603984479167,1.0,1.0,1.0,False,False,8,0.20559753616169946,cached boolean visibility >0.9; continuous score not cached,d903059aa96ba77eb520482de8ba587dd64152264e5fd1d689b865151696a421,c432f64e96352cbe9ffa5a4bcc29030572d22fcbe1e0d46822aab212141ecf2d,2f019c9f2ecf65bdc0aa61ea74b948111ac6fc9fbdc0c7b9e3edc5ae657a4836,0.037445412098442016,0.035740087033543526,0.06144955440945066,0.04226819216371339,0.08210887336050063,0.009900989942252636,1.0
T04,2,BG12,1.0155672818595511,1.6281644369348311,0.0028051348115393686,0.004497211383763265,0.10872801393270493,0.0003003215467060979,1.0,1.0,1.0,False,False,8,0.20337861685871342,cached boolean visibility >0.9; continuous score not cached,d903059aa96ba77eb520482de8ba587dd64152264e5fd1d689b865151696a421,c432f64e96352cbe9ffa5a4bcc29030572d22fcbe1e0d46822aab212141ecf2d,2f019c9f2ecf65bdc0aa61ea74b948111ac6fc9fbdc0c7b9e3edc5ae657a4836,0.044236166501652054,0.036743860632088045,0.0702941450745876,0.04710109030666794,0.09265116624421489,0.009900989942252636,1.0
T04,2,BG13,1.03470033452493,1.6543651344407746,0.002857982902494403,0.004569581270006508,0.1416201889514923,0.00039117420297078275,1.0,1.0,1.0,False,False,8,0.20405321140221927,cached boolean visibility >0.9; continuous score not cached,d903059aa96ba77eb520482de8ba587dd64152264e5fd1d689b865151696a421,c432f64e96352cbe9ffa5a4bcc29030572d22fcbe1e0d46822aab212141ecf2d,2f019c9f2ecf65bdc0aa61ea74b948111ac6fc9fbdc0c7b9e3edc5ae657a4836,0.040684798104572976,0.03735922037984649,0.06969843014563255,0.046072902977550595,0.09301196568859356,0.009900989942252636,1.0
T04,2,BG14,0.9565547481828702,1.4809301325894833,0.0026421341758449133,0.004090530231318424,0.1389196664094925,0.00038371499280595773,1.0,1.0,1.0,False,False,8,0.20317862897302158,cached boolean visibility >0.9; continuous score not cached,d903059aa96ba77eb520482de8ba587dd64152264e5fd1d689b865151696a421,c432f64e96352cbe9ffa5a4bcc29030572d22fcbe1e0d46822aab212141ecf2d,2f019c9f2ecf65bdc0aa61ea74b948111ac6fc9fbdc0c7b9e3edc5ae657a4836,0.03805532014997793,0.03244563740102194,0.055518295354965386,0.039542100178934045,0.07268781993016524,0.009900989942252636,1.0
T04,2,BG15,1.0591688378226212,1.7761606478423706,0.0029255682329916016,0.004905997025648561,0.20938138663768768,0.000578339837288091,1.0,1.0,1.0,False,False,8,0.20478305783153025,cached boolean visibility >0.9; continuous score not cached,d903059aa96ba77eb520482de8ba587dd64152264e5fd1d689b865151696a421,c432f64e96352cbe9ffa5a4bcc29030572d22fcbe1e0d46822aab212141ecf2d,2f019c9f2ecf65bdc0aa61ea74b948111ac6fc9fbdc0c7b9e3edc5ae657a4836,0.026510598882220227,0.024982125393769046,0.05466736135479725,0.03292606638406144,0.0712843216957064,0.009900989942252636,1.0
T05,0,BG0,0.7539439533821162,1.7767778359829607,0.00208249563309019,0.004907701783146526,0.0,0.0,1.0,1.0,1.0,False,False,8,0.31507147029439575,cached boolean visibility >0.9; continuous score not cached,48c447ae987a7027330935145ad8d9bb90afcdc727ef4e0a7170ae6256961dea,9874c4ea5ce62ca341f4e1b913a4c40f40ea4bae2e726aa668c93711a160fa83,71d6ad97b54100358729448f34758e00ee23a6c8b3a384cc68f55bc359bd4356,0.0,0.0,0.0,0.0,0.0,0.9950248599052429,0.0
T05,0,BG1,0.7439540121229127,1.8454750855342104,0.0020549020580587912,0.005097452919890874,0.05507557466626167,0.00015212622001663925,1.0,1.0,1.0,False,False,8,0.31542133573739745,cached boolean visibility >0.9; continuous score not cached,48c447ae987a7027330935145ad8d9bb90afcdc727ef4e0a7170ae6256961dea,9874c4ea5ce62ca341f4e1b913a4c40f40ea4bae2e726aa668c93711a160fa83,71d6ad97b54100358729448f34758e00ee23a6c8b3a384cc68f55bc359bd4356,0.013746109274772227,0.01501869546217344,0.0415146840246235,0.02158952323931885,0.05264307774686962,0.009900989942252636,1.0
T05,0,BG2,0.7157737848369281,1.7907333180361307,0.001977064441616221,0.0049462487206251345,0.12003803253173828,0.00033156135470110753,1.0,1.0,1.0,False,False,8,0.31385732333698196,cached boolean visibility >0.9; continuous score not cached,48c447ae987a7027330935145ad8d9bb90afcdc727ef4e0a7170ae6256961dea,9874c4ea5ce62ca341f4e1b913a4c40f40ea4bae2e726aa668c93711a160fa83,71d6ad97b54100358729448f34758e00ee23a6c8b3a384cc68f55bc359bd4356,0.016009388293649732,0.015994926772821428,0.04377447374911452,0.023173909181532865,0.056588519284904375,0.009900989942252636,1.0
T05,0,BG3,0.8151757535330043,2.021789410147195,0.002251626184304848,0.0055844570392430916,0.10728973150253296,0.00029634881522314457,1.0,1.0,1.0,False,False,8,0.3164582828575989,cached boolean visibility >0.9; continuous score not cached,48c447ae987a7027330935145ad8d9bb90afcdc727ef4e0a7170ae6256961dea,9874c4ea5ce62ca341f4e1b913a4c40f40ea4bae2e726aa668c93711a160fa83,71d6ad97b54100358729448f34758e00ee23a6c8b3a384cc68f55bc359bd4356,0.02374371534821225,0.01899392385884658,0.04078125075359504,0.025762516958690234,0.054045142018281096,0.009900989942252636,1.0
T05,0,BG4,0.7868156102644919,1.8643730792750222,0.002173291615474429,0.005149651746160206,0.09179813414812088,0.00025355891857972127,1.0,1.0,1.0,False,False,8,0.30662909763811375,cached boolean visibility >0.9; continuous score not cached,48c447ae987a7027330935145ad8d9bb90afcdc727ef4e0a7170ae6256961dea,9874c4ea5ce62ca341f4e1b913a4c40f40ea4bae2e726aa668c93711a160fa83,71d6ad97b54100358729448f34758e00ee23a6c8b3a384cc68f55bc359bd4356,0.022820100724853475,0.019175504912009658,0.0388731071069803,0.025108742954276658,0.05096517918089239,0.009900989942252636,1.0
T05,0,BG5,0.8146763678917397,2.0952727072428194,0.002250246813315139,0.0057874278895566145,0.1146140843629837,0.0003165796729396594,1.0,1.0,1.0,False,False,8,0.29896964591678726,cached boolean visibility >0.9; continuous score not cached,48c447ae987a7027330935145ad8d9bb90afcdc727ef4e0a7170ae6256961dea,9874c4ea5ce62ca341f4e1b913a4c40f40ea4bae2e726aa668c93711a160fa83,71d6ad97b54100358729448f34758e00ee23a6c8b3a384cc68f55bc359bd4356,0.06296239714466931,0.04719521906944044,0.07956454973080918,0.05937620746431231,0.10291465667967768,0.009900989942252636,1.0
T05,0,BG6,0.8255485689654387,1.9691645824142971,0.0022802773098215307,0.005439100115224709,0.0991101861000061,0.0002737557995155274,1.0,1.0,1.0,False,False,8,0.30245440376293203,cached boolean visibility >0.9; continuous score not cached,48c447ae987a7027330935145ad8d9bb90afcdc727ef4e0a7170ae6256961dea,9874c4ea5ce62ca341f4e1b913a4c40f40ea4bae2e726aa668c93711a160fa83,71d6ad97b54100358729448f34758e00ee23a6c8b3a384cc68f55bc359bd4356,0.060636994055289405,0.06098499371307643,0.09225462378643051,0.06814490565508714,0.12045729637366322,0.009900989942252636,1.0
T05,0,BG7,0.9890936902947882,2.4330850099245995,0.002732011154829186,0.006720511366097744,0.3219597637653351,0.0008892966102644036,1.0,1.0,1.0,False,False,8,0.2867895042264615,cached boolean visibility >0.9; continuous score not cached,48c447ae987a7027330935145ad8d9bb90afcdc727ef4e0a7170ae6256961dea,9874c4ea5ce62ca341f4e1b913a4c40f40ea4bae2e726aa668c93711a160fa83,71d6ad97b54100358729448f34758e00ee23a6c8b3a384cc68f55bc359bd4356,0.09656949558081611,0.07488147793007109,0.09658071548455804,0.0850034169401711,0.13148249953589933,0.009900989942252636,1.0
T05,0,BG8,1.121566664010173,2.9023742323293305,0.0030979195065404972,0.008016751957895194,0.5063354969024658,0.0013985674352156004,1.0,1.0,1.0,False,False,8,0.29357686071570577,cached boolean visibility >0.9; continuous score not cached,48c447ae987a7027330935145ad8d9bb90afcdc727ef4e0a7170ae6256961dea,9874c4ea5ce62ca341f4e1b913a4c40f40ea4bae2e726aa668c93711a160fa83,71d6ad97b54100358729448f34758e00ee23a6c8b3a384cc68f55bc359bd4356,0.19003646359173254,0.06856409647163893,0.08603086207062428,0.10593165893592274,0.2010742200676628,0.9950248599052429,0.0
T05,0,BG9,0.752300352224579,1.9779034185068907,0.0020779557833868283,0.005463237967805766,0.22765544056892395,0.0006288152570324108,1.0,1.0,1.0,False,False,8,0.2974568772530815,cached boolean visibility >0.9; continuous score not cached,48c447ae987a7027330935145ad8d9bb90afcdc727ef4e0a7170ae6256961dea,9874c4ea5ce62ca341f4e1b913a4c40f40ea4bae2e726aa668c93711a160fa83,71d6ad97b54100358729448f34758e00ee23a6c8b3a384cc68f55bc359bd4356,0.09242114967292664,0.06075272214965725,0.07595696574201606,0.07180579428306925,0.10642059176920103,0.009900989942252636,1.0
T05,0,BG10,1.0514227657468596,2.6643625624325735,0.0029041725295059343,0.0073593313884204635,0.4142903685569763,0.0011443262851051248,1.0,1.0,1.0,False,False,8,0.3028377511539726,cached boolean visibility >0.9; continuous score not cached,48c447ae987a7027330935145ad8d9bb90afcdc727ef4e0a7170ae6256961dea,9874c4ea5ce62ca341f4e1b913a4c40f40ea4bae2e726aa668c93711a160fa83,71d6ad97b54100358729448f34758e00ee23a6c8b3a384cc68f55bc359bd4356,0.1292320135166052,0.05618061472534494,0.07241534081886264,0.07953389620101448,0.14081428462096993,0.9950248599052429,0.0
T05,0,BG11,0.8301089106646315,2.028595033032076,0.002292873593181011,0.005603255094290348,0.19358518719673157,0.0005347085882971723,1.0,1.0,1.0,False,False,8,0.3074614240086559,cached boolean visibility >0.9; continuous score not cached,48c447ae987a7027330935145ad8d9bb90afcdc727ef4e0a7170ae6256961dea,9874c4ea5ce62ca341f4e1b913a4c40f40ea4bae2e726aa668c93711a160fa83,71d6ad97b54100358729448f34758e00ee23a6c8b3a384cc68f55bc359bd4356,0.06370348883432403,0.04918188316125912,0.06660281064345404,0.05659637223240461,0.09012588888155781,0.009900989942252636,1.0
T05,0,BG12,0.8714810396257745,2.3074867312623684,0.002407149034355029,0.00637359185614688,0.2495788037776947,0.0006893705648110728,1.0,1.0,1.0,False,False,8,0.28926645997592315,cached boolean visibility >0.9; continuous score not cached,48c447ae987a7027330935145ad8d9bb90afcdc727ef4e0a7170ae6256961dea,9874c4ea5ce62ca341f4e1b913a4c40f40ea4bae2e726aa668c93711a160fa83,71d6ad97b54100358729448f34758e00ee23a6c8b3a384cc68f55bc359bd4356,0.08669637814367037,0.048233103073290005,0.06964200045355932,0.06354183681365068,0.09318117038017473,0.9950248599052429,0.0
T05,0,BG13,0.7739920570865912,2.0110346570469706,0.002137871219337711,0.0055547509499963895,0.138937845826149,0.00038376520682469143,1.0,1.0,1.0,False,False,8,0.2939809707606263,cached boolean visibility >0.9; continuous score not cached,48c447ae987a7027330935145ad8d9bb90afcdc727ef4e0a7170ae6256961dea,9874c4ea5ce62ca341f4e1b913a4c40f40ea4bae2e726aa668c93711a160fa83,71d6ad97b54100358729448f34758e00ee23a6c8b3a384cc68f55bc359bd4356,0.07211726196654533,0.04447296781226646,0.06708818056318983,0.05722305892536041,0.08905388154166248,0.009900989942252636,1.0
T05,0,BG14,1.0371419621580942,2.7354271279003304,0.0028647270097465235,0.007555621373359238,0.44142594933509827,0.0012192784459631146,1.0,1.0,1.0,False,False,8,0.3003748509479004,cached boolean visibility >0.9; continuous score not cached,48c447ae987a7027330935145ad8d9bb90afcdc727ef4e0a7170ae6256961dea,9874c4ea5ce62ca341f4e1b913a4c40f40ea4bae2e726aa668c93711a160fa83,71d6ad97b54100358729448f34758e00ee23a6c8b3a384cc68f55bc359bd4356,0.13751756773145227,0.04847342944676989,0.05702791911144306,0.07459347410625457,0.15126274285758196,0.9950248599052429,0.0
T05,0,BG15,0.7534669455436068,1.8983821708789117,0.0020811780726320292,0.005243589477781709,0.1461218297481537,0.00040360834646213146,1.0,1.0,1.0,False,False,8,0.3057340578535926,cached boolean visibility >0.9; continuous score not cached,48c447ae987a7027330935145ad8d9bb90afcdc727ef4e0a7170ae6256961dea,9874c4ea5ce62ca341f4e1b913a4c40f40ea4bae2e726aa668c93711a160fa83,71d6ad97b54100358729448f34758e00ee23a6c8b3a384cc68f55bc359bd4356,0.04733937691995976,0.03341375373422517,0.05176636384189507,0.041531581441246086,0.06826276071265473,0.009900989942252636,1.0
T05,1,BG0,2.449527012836513,3.3826114927804154,0.0067659264120168965,0.009343232518221023,0.0,0.0,1.0,1.0,1.0,False,False,8,0.31507147029439575,cached boolean visibility >0.9; continuous score not cached,48c447ae987a7027330935145ad8d9bb90afcdc727ef4e0a7170ae6256961dea,9874c4ea5ce62ca341f4e1b913a4c40f40ea4bae2e726aa668c93711a160fa83,f81805e30c0fa864bee1e1c256000472db9b193be90a5166fafbce60c146bf52,0.0,0.0,0.0,0.0,0.0,0.9950248599052429,0.0
T05,1,BG1,2.456947276901374,3.342233708522372,0.0067864221895108726,0.009231703592212625,0.06139460951089859,0.00016958025278693942,1.0,1.0,1.0,False,False,8,0.31542133573739745,cached boolean visibility >0.9; continuous score not cached,48c447ae987a7027330935145ad8d9bb90afcdc727ef4e0a7170ae6256961dea,9874c4ea5ce62ca341f4e1b913a4c40f40ea4bae2e726aa668c93711a160fa83,f81805e30c0fa864bee1e1c256000472db9b193be90a5166fafbce60c146bf52,0.014610405261198056,0.01372476093079158,0.03895904892503154,0.020410813064853973,0.051824006593353227,0.009900989942252636,1.0
T05,1,BG2,2.5862557858129165,3.417153091557139,0.007143589859497095,0.009438641107002453,0.15278378129005432,0.0004220095617403116,1.0,1.0,1.0,False,False,8,0.31385732333698196,cached boolean visibility >0.9; continuous score not cached,48c447ae987a7027330935145ad8d9bb90afcdc727ef4e0a7170ae6256961dea,9874c4ea5ce62ca341f4e1b913a4c40f40ea4bae2e726aa668c93711a160fa83,f81805e30c0fa864bee1e1c256000472db9b193be90a5166fafbce60c146bf52,0.017683865934539605,0.0162702907392976,0.04218326934575492,0.023276596625026055,0.05538397384939569,0.009900989942252636,1.0
T05,1,BG3,2.2927016715672046,3.1342981755093664,0.00633275351251134,0.008657357399075378,0.18057823181152344,0.0004987816103461115,1.0,1.0,1.0,False,False,8,0.3164582828575989,cached boolean visibility >0.9; continuous score not cached,48c447ae987a7027330935145ad8d9bb90afcdc727ef4e0a7170ae6256961dea,9874c4ea5ce62ca341f4e1b913a4c40f40ea4bae2e726aa668c93711a160fa83,f81805e30c0fa864bee1e1c256000472db9b193be90a5166fafbce60c146bf52,0.0260478001566489,0.01697028683965214,0.04034360824997716,0.025469293281342557,0.0548526073099262,0.009900989942252636,1.0
T05,1,BG4,2.3093858264100353,3.1719145843798118,0.006378837414963418,0.008761259031091696,0.15295448899269104,0.0004224810796080272,1.0,1.0,1.0,False,False,8,0.30662909763811375,cached boolean visibility >0.9; continuous score not cached,48c447ae987a7027330935145ad8d9bb90afcdc727ef4e0a7170ae6256961dea,9874c4ea5ce62ca341f4e1b913a4c40f40ea4bae2e726aa668c93711a160fa83,f81805e30c0fa864bee1e1c256000472db9b193be90a5166fafbce60c146bf52,0.026176633633469268,0.016057585129517896,0.03719058262534001,0.02424634290698923,0.05109681219952732,0.009900989942252636,1.0
T05,1,BG5,2.338521428538569,3.2228066622604477,0.006459313906522166,0.008901829864599788,0.1407848447561264,0.00038886686880997,1.0,1.0,1.0,False,False,8,0.29896964591678726,cached boolean visibility >0.9; continuous score not cached,48c447ae987a7027330935145ad8d9bb90afcdc727ef4e0a7170ae6256961dea,9874c4ea5ce62ca341f4e1b913a4c40f40ea4bae2e726aa668c93711a160fa83,f81805e30c0fa864bee1e1c256000472db9b193be90a5166fafbce60c146bf52,0.07380068018409335,0.03938761472251232,0.08363390908526358,0.060264528170495796,0.10736831714036549,0.009900989942252636,1.0
T05,1,BG6,2.4637876599490727,3.447431815933942,0.0068053162568504875,0.009522275057520093,0.15624070167541504,0.00043155804551574354,1.0,1.0,1.0,False,False,8,0.30245440376293203,cached boolean visibility >0.9; continuous score not cached,48c447ae987a7027330935145ad8d9bb90afcdc727ef4e0a7170ae6256961dea,9874c4ea5ce62ca341f4e1b913a4c40f40ea4bae2e726aa668c93711a160fa83,f81805e30c0fa864bee1e1c256000472db9b193be90a5166fafbce60c146bf52,0.059105791693045646,0.04795847173602723,0.09739834708570222,0.06338980876376779,0.12884127348863222,0.009900989942252636,1.0
T05,1,BG7,2.2073060163004667,3.129804796747825,0.0060968791104684525,0.008644946076447543,0.2624523341655731,0.0007249290047918537,1.0,1.0,1.0,False,False,8,0.2867895042264615,cached boolean visibility >0.9; continuous score not cached,48c447ae987a7027330935145ad8d9bb90afcdc727ef4e0a7170ae6256961dea,9874c4ea5ce62ca341f4e1b913a4c40f40ea4bae2e726aa668c93711a160fa83,f81805e30c0fa864bee1e1c256000472db9b193be90a5166fafbce60c146bf52,0.10290431941805256,0.0558708510031817,0.10327342671093638,0.08058369842148717,0.14038729525821916,0.009900989942252636,1.0
T05,1,BG8,1.6052719188015054,2.3818644820666957,0.004433979138409708,0.006579033309127907,2.0123238563537598,0.005558311893637529,1.0,1.0,1.0,False,False,8,0.29357686071570577,cached boolean visibility >0.9; continuous score not cached,48c447ae987a7027330935145ad8d9bb90afcdc727ef4e0a7170ae6256961dea,9874c4ea5ce62ca341f4e1b913a4c40f40ea4bae2e726aa668c93711a160fa83,f81805e30c0fa864bee1e1c256000472db9b193be90a5166fafbce60c146bf52,0.24137845921051446,0.07118073815360731,0.09049084015326118,0.12446352116571972,0.25031518515165274,0.9814466834068298,0.22857142857142856
T05,1,BG9,1.7744969402121373,2.080484299858952,0.004901401639135866,0.005746580299150044,0.9805799722671509,0.002708495108928981,1.0,1.0,1.0,False,False,8,0.2974568772530815,cached boolean visibility >0.9; continuous score not cached,48c447ae987a7027330935145ad8d9bb90afcdc727ef4e0a7170ae6256961dea,9874c4ea5ce62ca341f4e1b913a4c40f40ea4bae2e726aa668c93711a160fa83,f81805e30c0fa864bee1e1c256000472db9b193be90a5166fafbce60c146bf52,0.12780758255518898,0.05441025833682894,0.08020797678156703,0.08129545277651261,0.13267035302017907,0.9814466834068298,0.22857142857142856
T05,1,BG10,1.5472600783366435,1.8478282653305027,0.004273742553324489,0.005103952722200677,1.4580485820770264,0.004027328280023812,1.0,1.0,1.0,False,False,8,0.3028377511539726,cached boolean visibility >0.9; continuous score not cached,48c447ae987a7027330935145ad8d9bb90afcdc727ef4e0a7170ae6256961dea,9874c4ea5ce62ca341f4e1b913a4c40f40ea4bae2e726aa668c93711a160fa83,f81805e30c0fa864bee1e1c256000472db9b193be90a5166fafbce60c146bf52,0.16174431911178191,0.05313287988490375,0.07609593685813461,0.08931728448959374,0.16473577037195983,0.9950248599052429,0.0
T05,1,BG11,1.9847345701104735,2.557889060040675,0.005482106536642511,0.007065237108897051,0.5558802485466003,0.0015354167706053304,1.0,1.0,1.0,False,False,8,0.3074614240086559,cached boolean visibility >0.9; continuous score not cached,48c447ae987a7027330935145ad8d9bb90afcdc727ef4e0a7170ae6256961dea,9874c4ea5ce62ca341f4e1b913a4c40f40ea4bae2e726aa668c93711a160fa83,f81805e30c0fa864bee1e1c256000472db9b193be90a5166fafbce60c146bf52,0.07871679657927892,0.04162826695661123,0.06969348398562555,0.05856646037499039,0.09558193296902684,0.009900989942252636,1.0
T05,1,BG12,1.853246902013728,2.208531665151838,0.005118919732917454,0.006100264519117508,0.8170528411865234,0.002256810955432523,1.0,1.0,1.0,False,False,8,0.28926645997592315,cached boolean visibility >0.9; continuous score not cached,48c447ae987a7027330935145ad8d9bb90afcdc727ef4e0a7170ae6256961dea,9874c4ea5ce62ca341f4e1b913a4c40f40ea4bae2e726aa668c93711a160fa83,f81805e30c0fa864bee1e1c256000472db9b193be90a5166fafbce60c146bf52,0.11972720708852624,0.04570486099038598,0.07394972406553142,0.07389254439614273,0.12037785880220293,0.9906675815582275,0.11428571428571428
T05,1,BG13,2.002375087365168,2.5260229457407606,0.005530832042011389,0.006977218571742617,0.6029322743415833,0.001665380858527974,1.0,1.0,1.0,False,False,8,0.2939809707606263,cached boolean visibility >0.9; continuous score not cached,48c447ae987a7027330935145ad8d9bb90afcdc727ef4e0a7170ae6256961dea,9874c4ea5ce62ca341f4e1b913a4c40f40ea4bae2e726aa668c93711a160fa83,f81805e30c0fa864bee1e1c256000472db9b193be90a5166fafbce60c146bf52,0.09937765017120703,0.04247318581448064,0.0708776865716131,0.0655650833883102,0.10151642261926855,0.9950248599052429,0.0
T05,1,BG14,1.4253828634651033,2.0621733303083647,0.003937101127122161,0.005696002913449573,1.9728981256484985,0.005449412668891728,1.0,1.0,1.0,False,False,8,0.3003748509479004,cached boolean visibility >0.9; continuous score not cached,48c447ae987a7027330935145ad8d9bb90afcdc727ef4e0a7170ae6256961dea,9874c4ea5ce62ca341f4e1b913a4c40f40ea4bae2e726aa668c93711a160fa83,f81805e30c0fa864bee1e1c256000472db9b193be90a5166fafbce60c146bf52,0.1802885065915714,0.0504205602172312,0.058313668040038735,0.08897552774267195,0.18292173027659295,0.9906675815582275,0.11428571428571428
T05,1,BG15,2.213532893941603,2.9197361958437185,0.0061140785925218365,0.008064708059987918,0.2615513205528259,0.0007224402827781235,1.0,1.0,1.0,False,False,8,0.3057340578535926,cached boolean visibility >0.9; continuous score not cached,48c447ae987a7027330935145ad8d9bb90afcdc727ef4e0a7170ae6256961dea,9874c4ea5ce62ca341f4e1b913a4c40f40ea4bae2e726aa668c93711a160fa83,f81805e30c0fa864bee1e1c256000472db9b193be90a5166fafbce60c146bf52,0.06152360265086385,0.028035991108993408,0.05358041171771991,0.043935970606270504,0.07016896869450892,0.009900989942252636,1.0
T05,2,BG0,0.9550435149866686,1.1153770199928352,0.0026379599444348025,0.0030808228688147545,0.0,0.0,1.0,1.0,1.0,False,False,8,0.31507147029439575,cached boolean visibility >0.9; continuous score not cached,48c447ae987a7027330935145ad8d9bb90afcdc727ef4e0a7170ae6256961dea,9874c4ea5ce62ca341f4e1b913a4c40f40ea4bae2e726aa668c93711a160fa83,2f019c9f2ecf65bdc0aa61ea74b948111ac6fc9fbdc0c7b9e3edc5ae657a4836,0.0,0.0,0.0,0.0,0.0,0.9950248599052429,0.0
T05,2,BG1,0.8795500022039608,1.0691900858441894,0.0024294366052775916,0.0029532482815541137,0.09911651909351349,0.0002737732921040207,1.0,1.0,1.0,False,False,8,0.31542133573739745,cached boolean visibility >0.9; continuous score not cached,48c447ae987a7027330935145ad8d9bb90afcdc727ef4e0a7170ae6256961dea,9874c4ea5ce62ca341f4e1b913a4c40f40ea4bae2e726aa668c93711a160fa83,2f019c9f2ecf65bdc0aa61ea74b948111ac6fc9fbdc0c7b9e3edc5ae657a4836,0.013184737092125927,0.015497184293574887,0.04394340476765433,0.02228186702209574,0.055764196340598815,0.009900989942252636,1.0
T05,2,BG2,0.8726039996116457,1.0869443301812836,0.002410250802405852,0.003002287916575997,0.1030224934220314,0.0002845621238807222,1.0,1.0,1.0,False,False,8,0.31385732333698196,cached boolean visibility >0.9; continuous score not cached,48c447ae987a7027330935145ad8d9bb90afcdc727ef4e0a7170ae6256961dea,9874c4ea5ce62ca341f4e1b913a4c40f40ea4bae2e726aa668c93711a160fa83,2f019c9f2ecf65bdc0aa61ea74b948111ac6fc9fbdc0c7b9e3edc5ae657a4836,0.016371588270772872,0.016084013103585308,0.046540055985409744,0.024060681275815732,0.06013132709707314,0.009900989942252636,1.0
T05,2,BG3,1.0590799858457123,1.0627917416329729,0.0029253228117595933,0.002935575185538032,0.21291331946849823,0.0005880955156293471,1.0,1.0,1.0,False,False,8,0.3164582828575989,cached boolean visibility >0.9; continuous score not cached,48c447ae987a7027330935145ad8d9bb90afcdc727ef4e0a7170ae6256961dea,9874c4ea5ce62ca341f4e1b913a4c40f40ea4bae2e726aa668c93711a160fa83,2f019c9f2ecf65bdc0aa61ea74b948111ac6fc9fbdc0c7b9e3edc5ae657a4836,0.02388299680805946,0.019109549322900685,0.043493168020253915,0.026604713691912155,0.05777632330964645,0.009900989942252636,1.0
T05,2,BG4,1.1157208162380519,1.0756137897991624,0.0030817724807535793,0.0029709914246279275,0.25466927886009216,0.0007034311486010118,1.0,1.0,1.0,False,False,8,0.30662909763811375,cached boolean visibility >0.9; continuous score not cached,48c447ae987a7027330935145ad8d9bb90afcdc727ef4e0a7170ae6256961dea,9874c4ea5ce62ca341f4e1b913a4c40f40ea4bae2e726aa668c93711a160fa83,2f019c9f2ecf65bdc0aa61ea74b948111ac6fc9fbdc0c7b9e3edc5ae657a4836,0.02456078035484814,0.019793523173604707,0.04199767722061303,0.026782743810867003,0.05533812341722432,0.009900989942252636,1.0
T05,2,BG5,1.077335735581873,1.1260192406315395,0.002975747672830233,0.003110218128113626,0.18022486567497253,0.0004978055650672177,1.0,1.0,1.0,False,False,8,0.29896964591678726,cached boolean visibility >0.9; continuous score not cached,48c447ae987a7027330935145ad8d9bb90afcdc727ef4e0a7170ae6256961dea,9874c4ea5ce62ca341f4e1b913a4c40f40ea4bae2e726aa668c93711a160fa83,2f019c9f2ecf65bdc0aa61ea74b948111ac6fc9fbdc0c7b9e3edc5ae657a4836,0.06855734404546056,0.04586844667081177,0.08229058495295989,0.061125798613881496,0.10655187266809034,0.009900989942252636,1.0
T05,2,BG6,0.9178414402973505,1.0635540472727756,0.0025352027597198602,0.002937680777285068,0.13687542080879211,0.0003780685087174186,1.0,1.0,1.0,False,False,8,0.30245440376293203,cached boolean visibility >0.9; continuous score not cached,48c447ae987a7027330935145ad8d9bb90afcdc727ef4e0a7170ae6256961dea,9874c4ea5ce62ca341f4e1b913a4c40f40ea4bae2e726aa668c93711a160fa83,2f019c9f2ecf65bdc0aa61ea74b948111ac6fc9fbdc0c7b9e3edc5ae657a4836,0.05908901057535846,0.06082600528321933,0.09276612116194642,0.0676935489476358,0.12222212558850809,0.009900989942252636,1.0
T05,2,BG7,1.4471515501515764,1.567311512129293,0.003997229197331265,0.004329127337727988,0.6524228453636169,0.0018020805396782647,1.0,1.0,1.0,False,False,8,0.2867895042264615,cached boolean visibility >0.9; continuous score not cached,48c447ae987a7027330935145ad8d9bb90afcdc727ef4e0a7170ae6256961dea,9874c4ea5ce62ca341f4e1b913a4c40f40ea4bae2e726aa668c93711a160fa83,2f019c9f2ecf65bdc0aa61ea74b948111ac6fc9fbdc0c7b9e3edc5ae657a4836,0.10101484400014453,0.07291951932250737,0.10086173743456484,0.0864395142986465,0.1391465778467673,0.009900989942252636,1.0
T05,2,BG8,2.856067847102743,4.363410874729922,0.007888847430528177,0.01205233366650255,2.086923122406006,0.005764365201829258,1.0,1.0,1.0,False,False,8,0.29357686071570577,cached boolean visibility >0.9; continuous score not cached,48c447ae987a7027330935145ad8d9bb90afcdc727ef4e0a7170ae6256961dea,9874c4ea5ce62ca341f4e1b913a4c40f40ea4bae2e726aa668c93711a160fa83,2f019c9f2ecf65bdc0aa61ea74b948111ac6fc9fbdc0c7b9e3edc5ae657a4836,0.22622022448772552,0.08642947816699682,0.0892430920074478,0.12545571571404657,0.22836980881055519,0.9950248599052429,0.0
T05,2,BG9,1.5698829716579144,1.752002835844133,0.0043362300583148425,0.004839269866732219,0.7928562164306641,0.0021899765904063733,1.0,1.0,1.0,False,False,8,0.2974568772530815,cached boolean visibility >0.9; continuous score not cached,48c447ae987a7027330935145ad8d9bb90afcdc727ef4e0a7170ae6256961dea,9874c4ea5ce62ca341f4e1b913a4c40f40ea4bae2e726aa668c93711a160fa83,2f019c9f2ecf65bdc0aa61ea74b948111ac6fc9fbdc0c7b9e3edc5ae657a4836,0.1133321730559692,0.06494526241155793,0.07936214730234936,0.08069687368400535,0.11568684970110417,0.9950248599052429,0.0
T05,2,BG10,2.1132268707769133,2.825697451227722,0.005837019728562435,0.007804960270877601,1.3516790866851807,0.003733521281965353,1.0,1.0,1.0,False,False,8,0.3028377511539726,cached boolean visibility >0.9; continuous score not cached,48c447ae987a7027330935145ad8d9bb90afcdc727ef4e0a7170ae6256961dea,9874c4ea5ce62ca341f4e1b913a4c40f40ea4bae2e726aa668c93711a160fa83,2f019c9f2ecf65bdc0aa61ea74b948111ac6fc9fbdc0c7b9e3edc5ae657a4836,0.1545513594533981,0.06026524103108456,0.07428012203944856,0.08946162801668123,0.15938636462280711,0.9950248599052429,0.0
T05,2,BG11,1.2445683931076934,1.104971995375218,0.003437666993815995,0.0030520827771525275,0.471388041973114,0.0013020378165993663,1.0,1.0,1.0,False,False,8,0.3074614240086559,cached boolean visibility >0.9; continuous score not cached,48c447ae987a7027330935145ad8d9bb90afcdc727ef4e0a7170ae6256961dea,9874c4ea5ce62ca341f4e1b913a4c40f40ea4bae2e726aa668c93711a160fa83,2f019c9f2ecf65bdc0aa61ea74b948111ac6fc9fbdc0c7b9e3edc5ae657a4836,0.07025817569105207,0.04773091980019711,0.06904753259685786,0.05848136025499555,0.0938272912749402,0.009900989942252636,1.0
T05,2,BG12,1.759272878406446,2.0088192897942343,0.004859350712026462,0.005548631804655654,0.9717839956283569,0.002684199426395974,1.0,1.0,1.0,False,False,8,0.28926645997592315,cached boolean visibility >0.9; continuous score not cached,48c447ae987a7027330935145ad8d9bb90afcdc727ef4e0a7170ae6256961dea,9874c4ea5ce62ca341f4e1b913a4c40f40ea4bae2e726aa668c93711a160fa83,2f019c9f2ecf65bdc0aa61ea74b948111ac6fc9fbdc0c7b9e3edc5ae657a4836,0.11124879160893704,0.051900847436700565,0.07234134688214089,0.0732757936290798,0.11303267529536748,0.9906675815582275,0.11428571428571428
T05,2,BG13,1.445123897729373,1.439113535300311,0.00399162854585615,0.0039750271082351395,0.6473187208175659,0.0017879822542152437,1.0,1.0,1.0,False,False,8,0.2939809707606263,cached boolean visibility >0.9; continuous score not cached,48c447ae987a7027330935145ad8d9bb90afcdc727ef4e0a7170ae6256961dea,9874c4ea5ce62ca341f4e1b913a4c40f40ea4bae2e726aa668c93711a160fa83,2f019c9f2ecf65bdc0aa61ea74b948111ac6fc9fbdc0c7b9e3edc5ae657a4836,0.09109864467477831,0.046827440614308075,0.06979014558144735,0.06447771197409113,0.09411914473383479,0.009900989942252636,1.0
T05,2,BG14,2.2941364806318907,3.264493071291817,0.006336716650086916,0.009016973390027123,1.5336824655532837,0.0042362393421079315,1.0,1.0,1.0,False,False,8,0.3003748509479004,cached boolean visibility >0.9; continuous score not cached,48c447ae987a7027330935145ad8d9bb90afcdc727ef4e0a7170ae6256961dea,9874c4ea5ce62ca341f4e1b913a4c40f40ea4bae2e726aa668c93711a160fa83,2f019c9f2ecf65bdc0aa61ea74b948111ac6fc9fbdc0c7b9e3edc5ae657a4836,0.17524169317762164,0.05679186335668447,0.059220403742002686,0.09010826145395935,0.1806689508816889,0.9950248599052429,0.0
T05,2,BG15,1.2420506446484714,1.1059424790782715,0.003430712630500222,0.0030547633849941688,0.45760577917099,0.0012639693342264093,1.0,1.0,1.0,False,False,8,0.3057340578535926,cached boolean visibility >0.9; continuous score not cached,48c447ae987a7027330935145ad8d9bb90afcdc727ef4e0a7170ae6256961dea,9874c4ea5ce62ca341f4e1b913a4c40f40ea4bae2e726aa668c93711a160fa83,2f019c9f2ecf65bdc0aa61ea74b948111ac6fc9fbdc0c7b9e3edc5ae657a4836,0.056234605593315966,0.03500552872521732,0.054990130291873225,0.045515473702622086,0.07331107755844134,0.009900989942252636,1.0
