task,background,step,tau,progress,probe,nD_traj_BG,D_traj_BG_px,trajectory_seeds,n_trajectory_seeds,probe_seed,n_probe_test_actions,lobo_R2
Original,BG11,12,0.9606394171714783,0.34285714285714286,linear,0.028583451336502766,10.348314762115479,"[0, 1, 2]",3,0,16,0.46947713539044267
Original,BG11,12,0.9606394171714783,0.34285714285714286,mlp,0.028583451336502766,10.348314762115479,"[0, 1, 2]",3,0,16,0.5645762117725828
Original,BG2,8,0.9814466834068298,0.22857142857142856,linear,0.0007214167056773982,0.261180746058623,"[0, 1, 2]",3,0,16,0.5212133914544342
Original,BG2,8,0.9814466834068298,0.22857142857142856,mlp,0.0007214167056773982,0.261180746058623,"[0, 1, 2]",3,0,16,0.5955227994900718
Original,BG4,16,0.9109315872192383,0.45714285714285713,linear,0.003619008733590926,1.3102211157480876,"[0, 1, 2]",3,0,16,0.5577936481851961
Original,BG4,16,0.9109315872192383,0.45714285714285713,mlp,0.003619008733590926,1.3102211157480876,"[0, 1, 2]",3,0,16,0.6000138114983544
Original,BG8,12,0.9606394171714783,0.34285714285714286,linear,0.06586211274410746,23.844631830851238,"[0, 1, 2]",3,0,16,0.17123033341573138
Original,BG8,12,0.9606394171714783,0.34285714285714286,mlp,0.06586211274410746,23.844631830851238,"[0, 1, 2]",3,0,16,0.36948121510435644
Original,BG13,0,0.9950248599052429,0.0,linear,0.0016953402433444679,0.6137787302335104,"[0, 1, 2]",3,0,16,0.5053875001610869
Original,BG13,0,0.9950248599052429,0.0,mlp,0.0016953402433444679,0.6137787302335104,"[0, 1, 2]",3,0,16,0.5806129532466027
Original,BG13,19,0.831115186214447,0.5428571428571428,linear,0.0016953402433444679,0.6137787302335104,"[0, 1, 2]",3,0,16,0.6040789100065187
Original,BG13,19,0.831115186214447,0.5428571428571428,mlp,0.0016953402433444679,0.6137787302335104,"[0, 1, 2]",3,0,16,0.5912966465437506
Original,BG9,4,0.9906675815582275,0.11428571428571428,linear,0.029661818407354143,10.738725344340006,"[0, 1, 2]",3,0,16,0.44030499126819933
Original,BG9,4,0.9906675815582275,0.11428571428571428,mlp,0.029661818407354143,10.738725344340006,"[0, 1, 2]",3,0,16,0.5785903017936386
Original,BG14,27,0.30132922530174255,0.7714285714285715,linear,0.03140995114557459,11.371616999308268,"[0, 1, 2]",3,0,16,0.57849007888428
Original,BG14,27,0.30132922530174255,0.7714285714285715,mlp,0.03140995114557459,11.371616999308268,"[0, 1, 2]",3,0,16,0.632993872966944
Original,BG7,35,0.009900989942252636,1.0,linear,0.00425164522257026,1.5392599900563557,"[0, 1, 2]",3,0,16,0.1540501433357068
Original,BG7,35,0.009900989942252636,1.0,mlp,0.00425164522257026,1.5392599900563557,"[0, 1, 2]",3,0,16,0.34053843815567064
Original,BG14,31,0.07776966691017151,0.8857142857142857,linear,0.03140995114557459,11.371616999308268,"[0, 1, 2]",3,0,16,0.5414901372072696
Original,BG14,31,0.07776966691017151,0.8857142857142857,mlp,0.03140995114557459,11.371616999308268,"[0, 1, 2]",3,0,16,0.6189168885253403
Original,BG13,31,0.07776966691017151,0.8857142857142857,linear,0.0016953402433444679,0.6137787302335104,"[0, 1, 2]",3,0,16,0.5211307459779574
Original,BG13,31,0.07776966691017151,0.8857142857142857,mlp,0.0016953402433444679,0.6137787302335104,"[0, 1, 2]",3,0,16,0.601543530050155
Original,BG12,8,0.9814466834068298,0.22857142857142856,linear,0.006602492931262759,2.390357772509257,"[0, 1, 2]",3,0,16,0.502681321545463
Original,BG12,8,0.9814466834068298,0.22857142857142856,mlp,0.006602492931262759,2.390357772509257,"[0, 1, 2]",3,0,16,0.587740976957524
Original,BG7,27,0.30132922530174255,0.7714285714285715,linear,0.00425164522257026,1.5392599900563557,"[0, 1, 2]",3,0,16,0.5084103519267148
Original,BG7,27,0.30132922530174255,0.7714285714285715,mlp,0.00425164522257026,1.5392599900563557,"[0, 1, 2]",3,0,16,0.5697333057445398
Original,BG9,31,0.07776966691017151,0.8857142857142857,linear,0.029661818407354143,10.738725344340006,"[0, 1, 2]",3,0,16,0.5641029030749867
Original,BG9,31,0.07776966691017151,0.8857142857142857,mlp,0.029661818407354143,10.738725344340006,"[0, 1, 2]",3,0,16,0.6040648269669585
Original,BG14,16,0.9109315872192383,0.45714285714285713,linear,0.03140995114557459,11.371616999308268,"[0, 1, 2]",3,0,16,0.5228314802584104
Original,BG14,16,0.9109315872192383,0.45714285714285713,mlp,0.03140995114557459,11.371616999308268,"[0, 1, 2]",3,0,16,0.5777318798652901
Original,BG11,35,0.009900989942252636,1.0,linear,0.028583451336502766,10.348314762115479,"[0, 1, 2]",3,0,16,0.5235407572539952
Original,BG11,35,0.009900989942252636,1.0,mlp,0.028583451336502766,10.348314762115479,"[0, 1, 2]",3,0,16,0.6228385504670927
Original,BG8,16,0.9109315872192383,0.45714285714285713,linear,0.06586211274410746,23.844631830851238,"[0, 1, 2]",3,0,16,0.3820799649842052
Original,BG8,16,0.9109315872192383,0.45714285714285713,mlp,0.06586211274410746,23.844631830851238,"[0, 1, 2]",3,0,16,0.4332670629940048
Original,BG10,23,0.618124783039093,0.6571428571428571,linear,0.05971229222213281,21.61815897623698,"[0, 1, 2]",3,0,16,0.5637157487157641
Original,BG10,23,0.618124783039093,0.6571428571428571,mlp,0.05971229222213281,21.61815897623698,"[0, 1, 2]",3,0,16,0.5553377665609026
Original,BG13,4,0.9906675815582275,0.11428571428571428,linear,0.0016953402433444679,0.6137787302335104,"[0, 1, 2]",3,0,16,0.5031012264063125
Original,BG13,4,0.9906675815582275,0.11428571428571428,mlp,0.0016953402433444679,0.6137787302335104,"[0, 1, 2]",3,0,16,0.5816708900272589
Original,BG4,27,0.30132922530174255,0.7714285714285715,linear,0.003619008733590926,1.3102211157480876,"[0, 1, 2]",3,0,16,0.6025765564606835
Original,BG4,27,0.30132922530174255,0.7714285714285715,mlp,0.003619008733590926,1.3102211157480876,"[0, 1, 2]",3,0,16,0.6389011773771626
Original,BG2,23,0.618124783039093,0.6571428571428571,linear,0.0007214167056773982,0.261180746058623,"[0, 1, 2]",3,0,16,0.5898778042950014
Original,BG2,23,0.618124783039093,0.6571428571428571,mlp,0.0007214167056773982,0.261180746058623,"[0, 1, 2]",3,0,16,0.6162595237312685
Original,BG7,23,0.618124783039093,0.6571428571428571,linear,0.00425164522257026,1.5392599900563557,"[0, 1, 2]",3,0,16,0.5000986105942911
Original,BG7,23,0.618124783039093,0.6571428571428571,mlp,0.00425164522257026,1.5392599900563557,"[0, 1, 2]",3,0,16,0.5822600324190138
Original,BG8,35,0.009900989942252636,1.0,linear,0.06586211274410746,23.844631830851238,"[0, 1, 2]",3,0,16,0.282350230709887
Original,BG8,35,0.009900989942252636,1.0,mlp,0.06586211274410746,23.844631830851238,"[0, 1, 2]",3,0,16,0.4551520769268172
Original,BG1,4,0.9906675815582275,0.11428571428571428,linear,0.003922920685534062,1.4202489952246349,"[0, 1, 2]",3,0,16,0.5234692402951767
Original,BG1,4,0.9906675815582275,0.11428571428571428,mlp,0.003922920685534062,1.4202489952246349,"[0, 1, 2]",3,0,16,0.5980768695412118
Original,BG12,35,0.009900989942252636,1.0,linear,0.006602492931262759,2.390357772509257,"[0, 1, 2]",3,0,16,0.5322679575269161
Original,BG12,35,0.009900989942252636,1.0,mlp,0.006602492931262759,2.390357772509257,"[0, 1, 2]",3,0,16,0.6101873741916025
Original,BG3,19,0.831115186214447,0.5428571428571428,linear,0.004577786371819708,1.6573356986045837,"[0, 1, 2]",3,0,16,0.605603707631175
Original,BG3,19,0.831115186214447,0.5428571428571428,mlp,0.004577786371819708,1.6573356986045837,"[0, 1, 2]",3,0,16,0.598128007012625
Original,BG14,35,0.009900989942252636,1.0,linear,0.03140995114557459,11.371616999308268,"[0, 1, 2]",3,0,16,0.5509269405659506
Original,BG14,35,0.009900989942252636,1.0,mlp,0.03140995114557459,11.371616999308268,"[0, 1, 2]",3,0,16,0.6372183464462344
Original,BG12,27,0.30132922530174255,0.7714285714285715,linear,0.006602492931262759,2.390357772509257,"[0, 1, 2]",3,0,16,0.5858576241266499
Original,BG12,27,0.30132922530174255,0.7714285714285715,mlp,0.006602492931262759,2.390357772509257,"[0, 1, 2]",3,0,16,0.6358642990779809
Original,BG10,35,0.009900989942252636,1.0,linear,0.05971229222213281,21.61815897623698,"[0, 1, 2]",3,0,16,0.5150579765213853
Original,BG10,35,0.009900989942252636,1.0,mlp,0.05971229222213281,21.61815897623698,"[0, 1, 2]",3,0,16,0.6164609994935004
Original,BG14,4,0.9906675815582275,0.11428571428571428,linear,0.03140995114557459,11.371616999308268,"[0, 1, 2]",3,0,16,0.4646374554521212
Original,BG14,4,0.9906675815582275,0.11428571428571428,mlp,0.03140995114557459,11.371616999308268,"[0, 1, 2]",3,0,16,0.5861676862301319
Original,BG11,31,0.07776966691017151,0.8857142857142857,linear,0.028583451336502766,10.348314762115479,"[0, 1, 2]",3,0,16,0.5669087159234526
Original,BG11,31,0.07776966691017151,0.8857142857142857,mlp,0.028583451336502766,10.348314762115479,"[0, 1, 2]",3,0,16,0.6115611976699357
Original,BG1,12,0.9606394171714783,0.34285714285714286,linear,0.003922920685534062,1.4202489952246349,"[0, 1, 2]",3,0,16,0.4848228358018721
Original,BG1,12,0.9606394171714783,0.34285714285714286,mlp,0.003922920685534062,1.4202489952246349,"[0, 1, 2]",3,0,16,0.5737997614283372
Original,BG9,23,0.618124783039093,0.6571428571428571,linear,0.029661818407354143,10.738725344340006,"[0, 1, 2]",3,0,16,0.5865672888777581
Original,BG9,23,0.618124783039093,0.6571428571428571,mlp,0.029661818407354143,10.738725344340006,"[0, 1, 2]",3,0,16,0.6123098355550218
Original,BG3,35,0.009900989942252636,1.0,linear,0.004577786371819708,1.6573356986045837,"[0, 1, 2]",3,0,16,0.556783566658984
Original,BG3,35,0.009900989942252636,1.0,mlp,0.004577786371819708,1.6573356986045837,"[0, 1, 2]",3,0,16,0.6345247890628849
Original,BG4,31,0.07776966691017151,0.8857142857142857,linear,0.003619008733590926,1.3102211157480876,"[0, 1, 2]",3,0,16,0.5659753729485898
Original,BG4,31,0.07776966691017151,0.8857142857142857,mlp,0.003619008733590926,1.3102211157480876,"[0, 1, 2]",3,0,16,0.6165108277159262
Original,BG9,8,0.9814466834068298,0.22857142857142856,linear,0.029661818407354143,10.738725344340006,"[0, 1, 2]",3,0,16,0.440345726152254
Original,BG9,8,0.9814466834068298,0.22857142857142856,mlp,0.029661818407354143,10.738725344340006,"[0, 1, 2]",3,0,16,0.5879204897631055
Original,BG6,27,0.30132922530174255,0.7714285714285715,linear,0.035096456081422193,12.706274350484213,"[0, 1, 2]",3,0,16,0.5457091780620514
Original,BG6,27,0.30132922530174255,0.7714285714285715,mlp,0.035096456081422193,12.706274350484213,"[0, 1, 2]",3,0,16,0.5990052207227501
Original,BG3,0,0.9950248599052429,0.0,linear,0.004577786371819708,1.6573356986045837,"[0, 1, 2]",3,0,16,0.5276323559891373
Original,BG3,0,0.9950248599052429,0.0,mlp,0.004577786371819708,1.6573356986045837,"[0, 1, 2]",3,0,16,0.601911514364245
Original,BG9,12,0.9606394171714783,0.34285714285714286,linear,0.029661818407354143,10.738725344340006,"[0, 1, 2]",3,0,16,0.4179955796156517
Original,BG9,12,0.9606394171714783,0.34285714285714286,mlp,0.029661818407354143,10.738725344340006,"[0, 1, 2]",3,0,16,0.5641124295648865
Original,BG2,35,0.009900989942252636,1.0,linear,0.0007214167056773982,0.261180746058623,"[0, 1, 2]",3,0,16,0.5575582575440852
Original,BG2,35,0.009900989942252636,1.0,mlp,0.0007214167056773982,0.261180746058623,"[0, 1, 2]",3,0,16,0.6113700550927823
Original,BG8,31,0.07776966691017151,0.8857142857142857,linear,0.06586211274410746,23.844631830851238,"[0, 1, 2]",3,0,16,0.49054799316099623
Original,BG8,31,0.07776966691017151,0.8857142857142857,mlp,0.06586211274410746,23.844631830851238,"[0, 1, 2]",3,0,16,0.5807682782851203
Original,BG2,31,0.07776966691017151,0.8857142857142857,linear,0.0007214167056773982,0.261180746058623,"[0, 1, 2]",3,0,16,0.5291984810893752
Original,BG2,31,0.07776966691017151,0.8857142857142857,mlp,0.0007214167056773982,0.261180746058623,"[0, 1, 2]",3,0,16,0.5928950663986589
Original,BG14,12,0.9606394171714783,0.34285714285714286,linear,0.03140995114557459,11.371616999308268,"[0, 1, 2]",3,0,16,0.4378616823682494
Original,BG14,12,0.9606394171714783,0.34285714285714286,mlp,0.03140995114557459,11.371616999308268,"[0, 1, 2]",3,0,16,0.5601382748161613
Original,BG11,8,0.9814466834068298,0.22857142857142856,linear,0.028583451336502766,10.348314762115479,"[0, 1, 2]",3,0,16,0.49112333796405766
Original,BG11,8,0.9814466834068298,0.22857142857142856,mlp,0.028583451336502766,10.348314762115479,"[0, 1, 2]",3,0,16,0.5870799503934342
Original,BG13,8,0.9814466834068298,0.22857142857142856,linear,0.0016953402433444679,0.6137787302335104,"[0, 1, 2]",3,0,16,0.4946040359773362
Original,BG13,8,0.9814466834068298,0.22857142857142856,mlp,0.0016953402433444679,0.6137787302335104,"[0, 1, 2]",3,0,16,0.5796947990500544
Original,BG1,23,0.618124783039093,0.6571428571428571,linear,0.003922920685534062,1.4202489952246349,"[0, 1, 2]",3,0,16,0.5962815439345229
Original,BG1,23,0.618124783039093,0.6571428571428571,mlp,0.003922920685534062,1.4202489952246349,"[0, 1, 2]",3,0,16,0.6169318779209849
Original,BG9,0,0.9950248599052429,0.0,linear,0.029661818407354143,10.738725344340006,"[0, 1, 2]",3,0,16,0.4452834113807408
Original,BG9,0,0.9950248599052429,0.0,mlp,0.029661818407354143,10.738725344340006,"[0, 1, 2]",3,0,16,0.5813970608714383
Original,BG6,0,0.9950248599052429,0.0,linear,0.035096456081422193,12.706274350484213,"[0, 1, 2]",3,0,16,0.3455068297455465
Original,BG6,0,0.9950248599052429,0.0,mlp,0.035096456081422193,12.706274350484213,"[0, 1, 2]",3,0,16,0.47397979659626666
Original,BG9,27,0.30132922530174255,0.7714285714285715,linear,0.029661818407354143,10.738725344340006,"[0, 1, 2]",3,0,16,0.5935817389550272
Original,BG9,27,0.30132922530174255,0.7714285714285715,mlp,0.029661818407354143,10.738725344340006,"[0, 1, 2]",3,0,16,0.6260029382071212
Original,BG3,8,0.9814466834068298,0.22857142857142856,linear,0.004577786371819708,1.6573356986045837,"[0, 1, 2]",3,0,16,0.5268827480679723
Original,BG3,8,0.9814466834068298,0.22857142857142856,mlp,0.004577786371819708,1.6573356986045837,"[0, 1, 2]",3,0,16,0.6022096867077311
Original,BG14,19,0.831115186214447,0.5428571428571428,linear,0.03140995114557459,11.371616999308268,"[0, 1, 2]",3,0,16,0.5717440478043402
Original,BG14,19,0.831115186214447,0.5428571428571428,mlp,0.03140995114557459,11.371616999308268,"[0, 1, 2]",3,0,16,0.5423481487439846
Original,BG15,19,0.831115186214447,0.5428571428571428,linear,0.008977977997330487,3.250375231107076,"[0, 1, 2]",3,0,16,0.5941214390464282
Original,BG15,19,0.831115186214447,0.5428571428571428,mlp,0.008977977997330487,3.250375231107076,"[0, 1, 2]",3,0,16,0.5865612385630268
Original,BG3,23,0.618124783039093,0.6571428571428571,linear,0.004577786371819708,1.6573356986045837,"[0, 1, 2]",3,0,16,0.5988090263088832
Original,BG3,23,0.618124783039093,0.6571428571428571,mlp,0.004577786371819708,1.6573356986045837,"[0, 1, 2]",3,0,16,0.621141758513226
Original,BG8,8,0.9814466834068298,0.22857142857142856,linear,0.06586211274410746,23.844631830851238,"[0, 1, 2]",3,0,16,0.18120149047150902
Original,BG8,8,0.9814466834068298,0.22857142857142856,mlp,0.06586211274410746,23.844631830851238,"[0, 1, 2]",3,0,16,0.3644454737768128
Original,BG14,23,0.618124783039093,0.6571428571428571,linear,0.03140995114557459,11.371616999308268,"[0, 1, 2]",3,0,16,0.6018473561433031
Original,BG14,23,0.618124783039093,0.6571428571428571,mlp,0.03140995114557459,11.371616999308268,"[0, 1, 2]",3,0,16,0.6146302336139767
Original,BG5,8,0.9814466834068298,0.22857142857142856,linear,0.01012993423398381,3.667427937189738,"[0, 1, 2]",3,0,16,0.28565927239474764
Original,BG5,8,0.9814466834068298,0.22857142857142856,mlp,0.01012993423398381,3.667427937189738,"[0, 1, 2]",3,0,16,0.4678367386201521
Original,BG10,16,0.9109315872192383,0.45714285714285713,linear,0.05971229222213281,21.61815897623698,"[0, 1, 2]",3,0,16,0.4613211882709627
Original,BG10,16,0.9109315872192383,0.45714285714285713,mlp,0.05971229222213281,21.61815897623698,"[0, 1, 2]",3,0,16,0.5455660190001579
Original,BG2,12,0.9606394171714783,0.34285714285714286,linear,0.0007214167056773982,0.261180746058623,"[0, 1, 2]",3,0,16,0.48549519895280874
Original,BG2,12,0.9606394171714783,0.34285714285714286,mlp,0.0007214167056773982,0.261180746058623,"[0, 1, 2]",3,0,16,0.5802424542644946
Original,BG6,31,0.07776966691017151,0.8857142857142857,linear,0.035096456081422193,12.706274350484213,"[0, 1, 2]",3,0,16,0.5346586212146323
Original,BG6,31,0.07776966691017151,0.8857142857142857,mlp,0.035096456081422193,12.706274350484213,"[0, 1, 2]",3,0,16,0.5224819392360033
Original,BG5,19,0.831115186214447,0.5428571428571428,linear,0.01012993423398381,3.667427937189738,"[0, 1, 2]",3,0,16,0.5502749800767024
Original,BG5,19,0.831115186214447,0.5428571428571428,mlp,0.01012993423398381,3.667427937189738,"[0, 1, 2]",3,0,16,0.5034891288879607
Original,BG2,19,0.831115186214447,0.5428571428571428,linear,0.0007214167056773982,0.261180746058623,"[0, 1, 2]",3,0,16,0.5987850737580193
Original,BG2,19,0.831115186214447,0.5428571428571428,mlp,0.0007214167056773982,0.261180746058623,"[0, 1, 2]",3,0,16,0.5890842915682768
Original,BG10,31,0.07776966691017151,0.8857142857142857,linear,0.05971229222213281,21.61815897623698,"[0, 1, 2]",3,0,16,0.5639142604854642
Original,BG10,31,0.07776966691017151,0.8857142857142857,mlp,0.05971229222213281,21.61815897623698,"[0, 1, 2]",3,0,16,0.6053330588362892
Original,BG7,12,0.9606394171714783,0.34285714285714286,linear,0.00425164522257026,1.5392599900563557,"[0, 1, 2]",3,0,16,0.10171737806710902
Original,BG7,12,0.9606394171714783,0.34285714285714286,mlp,0.00425164522257026,1.5392599900563557,"[0, 1, 2]",3,0,16,0.13796896083655438
Original,BG12,12,0.9606394171714783,0.34285714285714286,linear,0.006602492931262759,2.390357772509257,"[0, 1, 2]",3,0,16,0.4675550274858287
Original,BG12,12,0.9606394171714783,0.34285714285714286,mlp,0.006602492931262759,2.390357772509257,"[0, 1, 2]",3,0,16,0.5713211174161822
Original,BG11,19,0.831115186214447,0.5428571428571428,linear,0.028583451336502766,10.348314762115479,"[0, 1, 2]",3,0,16,0.5841265863783773
Original,BG11,19,0.831115186214447,0.5428571428571428,mlp,0.028583451336502766,10.348314762115479,"[0, 1, 2]",3,0,16,0.5472306267626168
Original,BG11,4,0.9906675815582275,0.11428571428571428,linear,0.028583451336502766,10.348314762115479,"[0, 1, 2]",3,0,16,0.48928814200963494
Original,BG11,4,0.9906675815582275,0.11428571428571428,mlp,0.028583451336502766,10.348314762115479,"[0, 1, 2]",3,0,16,0.5922664306890941
Original,BG13,27,0.30132922530174255,0.7714285714285715,linear,0.0016953402433444679,0.6137787302335104,"[0, 1, 2]",3,0,16,0.5874698601986741
Original,BG13,27,0.30132922530174255,0.7714285714285715,mlp,0.0016953402433444679,0.6137787302335104,"[0, 1, 2]",3,0,16,0.6386711705112486
Original,BG2,16,0.9109315872192383,0.45714285714285713,linear,0.0007214167056773982,0.261180746058623,"[0, 1, 2]",3,0,16,0.5649081029624679
Original,BG2,16,0.9109315872192383,0.45714285714285713,mlp,0.0007214167056773982,0.261180746058623,"[0, 1, 2]",3,0,16,0.6039266126971252
Original,BG2,4,0.9906675815582275,0.11428571428571428,linear,0.0007214167056773982,0.261180746058623,"[0, 1, 2]",3,0,16,0.5250208983360632
Original,BG2,4,0.9906675815582275,0.11428571428571428,mlp,0.0007214167056773982,0.261180746058623,"[0, 1, 2]",3,0,16,0.5917549221043483
Original,BG1,35,0.009900989942252636,1.0,linear,0.003922920685534062,1.4202489952246349,"[0, 1, 2]",3,0,16,0.5613044632690465
Original,BG1,35,0.009900989942252636,1.0,mlp,0.003922920685534062,1.4202489952246349,"[0, 1, 2]",3,0,16,0.6067414471036185
Original,BG3,31,0.07776966691017151,0.8857142857142857,linear,0.004577786371819708,1.6573356986045837,"[0, 1, 2]",3,0,16,0.5724859723217596
Original,BG3,31,0.07776966691017151,0.8857142857142857,mlp,0.004577786371819708,1.6573356986045837,"[0, 1, 2]",3,0,16,0.6251619710190118
Original,BG14,8,0.9814466834068298,0.22857142857142856,linear,0.03140995114557459,11.371616999308268,"[0, 1, 2]",3,0,16,0.4687396527489815
Original,BG14,8,0.9814466834068298,0.22857142857142856,mlp,0.03140995114557459,11.371616999308268,"[0, 1, 2]",3,0,16,0.603103431248098
Original,BG1,31,0.07776966691017151,0.8857142857142857,linear,0.003922920685534062,1.4202489952246349,"[0, 1, 2]",3,0,16,0.5495527937342304
Original,BG1,31,0.07776966691017151,0.8857142857142857,mlp,0.003922920685534062,1.4202489952246349,"[0, 1, 2]",3,0,16,0.5745715484440372
Original,BG15,4,0.9906675815582275,0.11428571428571428,linear,0.008977977997330487,3.250375231107076,"[0, 1, 2]",3,0,16,0.5116602963971072
Original,BG15,4,0.9906675815582275,0.11428571428571428,mlp,0.008977977997330487,3.250375231107076,"[0, 1, 2]",3,0,16,0.5988095507662874
Original,BG12,19,0.831115186214447,0.5428571428571428,linear,0.006602492931262759,2.390357772509257,"[0, 1, 2]",3,0,16,0.605604243925438
Original,BG12,19,0.831115186214447,0.5428571428571428,mlp,0.006602492931262759,2.390357772509257,"[0, 1, 2]",3,0,16,0.5932241133527881
Original,BG9,19,0.831115186214447,0.5428571428571428,linear,0.029661818407354143,10.738725344340006,"[0, 1, 2]",3,0,16,0.5658739113883546
Original,BG9,19,0.831115186214447,0.5428571428571428,mlp,0.029661818407354143,10.738725344340006,"[0, 1, 2]",3,0,16,0.5539253644609701
Original,BG8,19,0.831115186214447,0.5428571428571428,linear,0.06586211274410746,23.844631830851238,"[0, 1, 2]",3,0,16,0.19157814906543819
Original,BG8,19,0.831115186214447,0.5428571428571428,mlp,0.06586211274410746,23.844631830851238,"[0, 1, 2]",3,0,16,0.0648973737820399
Original,BG10,19,0.831115186214447,0.5428571428571428,linear,0.05971229222213281,21.61815897623698,"[0, 1, 2]",3,0,16,0.46040689094263343
Original,BG10,19,0.831115186214447,0.5428571428571428,mlp,0.05971229222213281,21.61815897623698,"[0, 1, 2]",3,0,16,0.4204558556571258
Original,BG6,23,0.618124783039093,0.6571428571428571,linear,0.035096456081422193,12.706274350484213,"[0, 1, 2]",3,0,16,0.5365104644644422
Original,BG6,23,0.618124783039093,0.6571428571428571,mlp,0.035096456081422193,12.706274350484213,"[0, 1, 2]",3,0,16,0.5752265985495906
Original,BG5,23,0.618124783039093,0.6571428571428571,linear,0.01012993423398381,3.667427937189738,"[0, 1, 2]",3,0,16,0.5447108828671455
Original,BG5,23,0.618124783039093,0.6571428571428571,mlp,0.01012993423398381,3.667427937189738,"[0, 1, 2]",3,0,16,0.5994640090956832
Original,BG6,19,0.831115186214447,0.5428571428571428,linear,0.035096456081422193,12.706274350484213,"[0, 1, 2]",3,0,16,0.5124652099158709
Original,BG6,19,0.831115186214447,0.5428571428571428,mlp,0.035096456081422193,12.706274350484213,"[0, 1, 2]",3,0,16,0.3755637939836988
Original,BG10,8,0.9814466834068298,0.22857142857142856,linear,0.05971229222213281,21.61815897623698,"[0, 1, 2]",3,0,16,0.4761621210965627
Original,BG10,8,0.9814466834068298,0.22857142857142856,mlp,0.05971229222213281,21.61815897623698,"[0, 1, 2]",3,0,16,0.5740258216512473
Original,BG7,8,0.9814466834068298,0.22857142857142856,linear,0.00425164522257026,1.5392599900563557,"[0, 1, 2]",3,0,16,0.19064852765228393
Original,BG7,8,0.9814466834068298,0.22857142857142856,mlp,0.00425164522257026,1.5392599900563557,"[0, 1, 2]",3,0,16,0.22380255570894717
Original,BG13,12,0.9606394171714783,0.34285714285714286,linear,0.0016953402433444679,0.6137787302335104,"[0, 1, 2]",3,0,16,0.46724912111264566
Original,BG13,12,0.9606394171714783,0.34285714285714286,mlp,0.0016953402433444679,0.6137787302335104,"[0, 1, 2]",3,0,16,0.570658682881438
Original,BG13,16,0.9109315872192383,0.45714285714285713,linear,0.0016953402433444679,0.6137787302335104,"[0, 1, 2]",3,0,16,0.556914459226295
Original,BG13,16,0.9109315872192383,0.45714285714285713,mlp,0.0016953402433444679,0.6137787302335104,"[0, 1, 2]",3,0,16,0.6116838248908458
Original,BG15,8,0.9814466834068298,0.22857142857142856,linear,0.008977977997330487,3.250375231107076,"[0, 1, 2]",3,0,16,0.5081505184614077
Original,BG15,8,0.9814466834068298,0.22857142857142856,mlp,0.008977977997330487,3.250375231107076,"[0, 1, 2]",3,0,16,0.6021805380384102
Original,BG12,4,0.9906675815582275,0.11428571428571428,linear,0.006602492931262759,2.390357772509257,"[0, 1, 2]",3,0,16,0.5035356722500819
Original,BG12,4,0.9906675815582275,0.11428571428571428,mlp,0.006602492931262759,2.390357772509257,"[0, 1, 2]",3,0,16,0.5796034781284679
Original,BG2,0,0.9950248599052429,0.0,linear,0.0007214167056773982,0.261180746058623,"[0, 1, 2]",3,0,16,0.5252237243190326
Original,BG2,0,0.9950248599052429,0.0,mlp,0.0007214167056773982,0.261180746058623,"[0, 1, 2]",3,0,16,0.5928640602195697
Original,BG9,16,0.9109315872192383,0.45714285714285713,linear,0.029661818407354143,10.738725344340006,"[0, 1, 2]",3,0,16,0.50719492036691
Original,BG9,16,0.9109315872192383,0.45714285714285713,mlp,0.029661818407354143,10.738725344340006,"[0, 1, 2]",3,0,16,0.5745889025107389
Original,BG4,4,0.9906675815582275,0.11428571428571428,linear,0.003619008733590926,1.3102211157480876,"[0, 1, 2]",3,0,16,0.5279508451013138
Original,BG4,4,0.9906675815582275,0.11428571428571428,mlp,0.003619008733590926,1.3102211157480876,"[0, 1, 2]",3,0,16,0.6023165649849348
Original,BG7,31,0.07776966691017151,0.8857142857142857,linear,0.00425164522257026,1.5392599900563557,"[0, 1, 2]",3,0,16,0.1962666117990401
Original,BG7,31,0.07776966691017151,0.8857142857142857,mlp,0.00425164522257026,1.5392599900563557,"[0, 1, 2]",3,0,16,0.33655414793029503
Original,BG3,16,0.9109315872192383,0.45714285714285713,linear,0.004577786371819708,1.6573356986045837,"[0, 1, 2]",3,0,16,0.5522915379564247
Original,BG3,16,0.9109315872192383,0.45714285714285713,mlp,0.004577786371819708,1.6573356986045837,"[0, 1, 2]",3,0,16,0.5948521898485094
Original,BG1,19,0.831115186214447,0.5428571428571428,linear,0.003922920685534062,1.4202489952246349,"[0, 1, 2]",3,0,16,0.5993830817665293
Original,BG1,19,0.831115186214447,0.5428571428571428,mlp,0.003922920685534062,1.4202489952246349,"[0, 1, 2]",3,0,16,0.5894677050592596
Original,BG10,12,0.9606394171714783,0.34285714285714286,linear,0.05971229222213281,21.61815897623698,"[0, 1, 2]",3,0,16,0.4341723877479038
Original,BG10,12,0.9606394171714783,0.34285714285714286,mlp,0.05971229222213281,21.61815897623698,"[0, 1, 2]",3,0,16,0.5490272936536005
Original,BG2,27,0.30132922530174255,0.7714285714285715,linear,0.0007214167056773982,0.261180746058623,"[0, 1, 2]",3,0,16,0.5930912903321879
Original,BG2,27,0.30132922530174255,0.7714285714285715,mlp,0.0007214167056773982,0.261180746058623,"[0, 1, 2]",3,0,16,0.630916779576388
Original,BG12,16,0.9109315872192383,0.45714285714285713,linear,0.006602492931262759,2.390357772509257,"[0, 1, 2]",3,0,16,0.5431573298061082
Original,BG12,16,0.9109315872192383,0.45714285714285713,mlp,0.006602492931262759,2.390357772509257,"[0, 1, 2]",3,0,16,0.5972770743459286
Original,BG15,27,0.30132922530174255,0.7714285714285715,linear,0.008977977997330487,3.250375231107076,"[0, 1, 2]",3,0,16,0.6012214373167025
Original,BG15,27,0.30132922530174255,0.7714285714285715,mlp,0.008977977997330487,3.250375231107076,"[0, 1, 2]",3,0,16,0.635728926542086
Original,BG15,12,0.9606394171714783,0.34285714285714286,linear,0.008977977997330487,3.250375231107076,"[0, 1, 2]",3,0,16,0.4777434096687848
Original,BG15,12,0.9606394171714783,0.34285714285714286,mlp,0.008977977997330487,3.250375231107076,"[0, 1, 2]",3,0,16,0.583269435927985
Original,BG11,16,0.9109315872192383,0.45714285714285713,linear,0.028583451336502766,10.348314762115479,"[0, 1, 2]",3,0,16,0.5270943208916486
Original,BG11,16,0.9109315872192383,0.45714285714285713,mlp,0.028583451336502766,10.348314762115479,"[0, 1, 2]",3,0,16,0.5979872907765672
Original,BG13,23,0.618124783039093,0.6571428571428571,linear,0.0016953402433444679,0.6137787302335104,"[0, 1, 2]",3,0,16,0.5524145391480462
Original,BG13,23,0.618124783039093,0.6571428571428571,mlp,0.0016953402433444679,0.6137787302335104,"[0, 1, 2]",3,0,16,0.6126139017510415
Original,BG12,31,0.07776966691017151,0.8857142857142857,linear,0.006602492931262759,2.390357772509257,"[0, 1, 2]",3,0,16,0.5235240822801955
Original,BG12,31,0.07776966691017151,0.8857142857142857,mlp,0.006602492931262759,2.390357772509257,"[0, 1, 2]",3,0,16,0.6021084105067329
Original,BG7,19,0.831115186214447,0.5428571428571428,linear,0.00425164522257026,1.5392599900563557,"[0, 1, 2]",3,0,16,0.5385883360644907
Original,BG7,19,0.831115186214447,0.5428571428571428,mlp,0.00425164522257026,1.5392599900563557,"[0, 1, 2]",3,0,16,0.5031589885192042
Original,BG15,31,0.07776966691017151,0.8857142857142857,linear,0.008977977997330487,3.250375231107076,"[0, 1, 2]",3,0,16,0.5623352575320982
Original,BG15,31,0.07776966691017151,0.8857142857142857,mlp,0.008977977997330487,3.250375231107076,"[0, 1, 2]",3,0,16,0.6321569104853005
Original,BG5,12,0.9606394171714783,0.34285714285714286,linear,0.01012993423398381,3.667427937189738,"[0, 1, 2]",3,0,16,0.2594254836264137
Original,BG5,12,0.9606394171714783,0.34285714285714286,mlp,0.01012993423398381,3.667427937189738,"[0, 1, 2]",3,0,16,0.4275237663598691
Original,BG8,27,0.30132922530174255,0.7714285714285715,linear,0.06586211274410746,23.844631830851238,"[0, 1, 2]",3,0,16,0.6032970019089704
Original,BG8,27,0.30132922530174255,0.7714285714285715,mlp,0.06586211274410746,23.844631830851238,"[0, 1, 2]",3,0,16,0.6178107571982713
Original,BG5,27,0.30132922530174255,0.7714285714285715,linear,0.01012993423398381,3.667427937189738,"[0, 1, 2]",3,0,16,0.5458611629004887
Original,BG5,27,0.30132922530174255,0.7714285714285715,mlp,0.01012993423398381,3.667427937189738,"[0, 1, 2]",3,0,16,0.6019317193227163
Original,BG7,4,0.9906675815582275,0.11428571428571428,linear,0.00425164522257026,1.5392599900563557,"[0, 1, 2]",3,0,16,0.20848523729234059
Original,BG7,4,0.9906675815582275,0.11428571428571428,mlp,0.00425164522257026,1.5392599900563557,"[0, 1, 2]",3,0,16,0.23445197036336787
Original,BG5,31,0.07776966691017151,0.8857142857142857,linear,0.01012993423398381,3.667427937189738,"[0, 1, 2]",3,0,16,0.44543581893026596
Original,BG5,31,0.07776966691017151,0.8857142857142857,mlp,0.01012993423398381,3.667427937189738,"[0, 1, 2]",3,0,16,0.5129124651984307
Original,BG10,27,0.30132922530174255,0.7714285714285715,linear,0.05971229222213281,21.61815897623698,"[0, 1, 2]",3,0,16,0.6001360051194796
Original,BG10,27,0.30132922530174255,0.7714285714285715,mlp,0.05971229222213281,21.61815897623698,"[0, 1, 2]",3,0,16,0.6077662042899009
Original,BG6,8,0.9814466834068298,0.22857142857142856,linear,0.035096456081422193,12.706274350484213,"[0, 1, 2]",3,0,16,0.34444437410679285
Original,BG6,8,0.9814466834068298,0.22857142857142856,mlp,0.035096456081422193,12.706274350484213,"[0, 1, 2]",3,0,16,0.4671905546048749
Original,BG4,12,0.9606394171714783,0.34285714285714286,linear,0.003619008733590926,1.3102211157480876,"[0, 1, 2]",3,0,16,0.49229358642028104
Original,BG4,12,0.9606394171714783,0.34285714285714286,mlp,0.003619008733590926,1.3102211157480876,"[0, 1, 2]",3,0,16,0.5821925712943872
Original,BG4,35,0.009900989942252636,1.0,linear,0.003619008733590926,1.3102211157480876,"[0, 1, 2]",3,0,16,0.550635141490013
Original,BG4,35,0.009900989942252636,1.0,mlp,0.003619008733590926,1.3102211157480876,"[0, 1, 2]",3,0,16,0.6280139490030948
Original,BG6,16,0.9109315872192383,0.45714285714285713,linear,0.035096456081422193,12.706274350484213,"[0, 1, 2]",3,0,16,0.4417932687853421
Original,BG6,16,0.9109315872192383,0.45714285714285713,mlp,0.035096456081422193,12.706274350484213,"[0, 1, 2]",3,0,16,0.497993515053038
Original,BG8,0,0.9950248599052429,0.0,linear,0.06586211274410746,23.844631830851238,"[0, 1, 2]",3,0,16,0.17263901680567653
Original,BG8,0,0.9950248599052429,0.0,mlp,0.06586211274410746,23.844631830851238,"[0, 1, 2]",3,0,16,0.3656954459017836
Original,BG13,35,0.009900989942252636,1.0,linear,0.0016953402433444679,0.6137787302335104,"[0, 1, 2]",3,0,16,0.5485008905400099
Original,BG13,35,0.009900989942252636,1.0,mlp,0.0016953402433444679,0.6137787302335104,"[0, 1, 2]",3,0,16,0.6064814212290648
Original,BG15,23,0.618124783039093,0.6571428571428571,linear,0.008977977997330487,3.250375231107076,"[0, 1, 2]",3,0,16,0.588767730754187
Original,BG15,23,0.618124783039093,0.6571428571428571,mlp,0.008977977997330487,3.250375231107076,"[0, 1, 2]",3,0,16,0.6139959248279782
Original,BG3,12,0.9606394171714783,0.34285714285714286,linear,0.004577786371819708,1.6573356986045837,"[0, 1, 2]",3,0,16,0.48896447400644355
Original,BG3,12,0.9606394171714783,0.34285714285714286,mlp,0.004577786371819708,1.6573356986045837,"[0, 1, 2]",3,0,16,0.5862559349430031
Original,BG1,8,0.9814466834068298,0.22857142857142856,linear,0.003922920685534062,1.4202489952246349,"[0, 1, 2]",3,0,16,0.5220520174116554
Original,BG1,8,0.9814466834068298,0.22857142857142856,mlp,0.003922920685534062,1.4202489952246349,"[0, 1, 2]",3,0,16,0.5980166911518932
Original,BG6,35,0.009900989942252636,1.0,linear,0.035096456081422193,12.706274350484213,"[0, 1, 2]",3,0,16,0.46467584580512217
Original,BG6,35,0.009900989942252636,1.0,mlp,0.035096456081422193,12.706274350484213,"[0, 1, 2]",3,0,16,0.4766766422236288
Original,BG1,27,0.30132922530174255,0.7714285714285715,linear,0.003922920685534062,1.4202489952246349,"[0, 1, 2]",3,0,16,0.5908909492500243
Original,BG1,27,0.30132922530174255,0.7714285714285715,mlp,0.003922920685534062,1.4202489952246349,"[0, 1, 2]",3,0,16,0.615847105888996
Original,BG5,16,0.9109315872192383,0.45714285714285713,linear,0.01012993423398381,3.667427937189738,"[0, 1, 2]",3,0,16,0.4073984511202639
Original,BG5,16,0.9109315872192383,0.45714285714285713,mlp,0.01012993423398381,3.667427937189738,"[0, 1, 2]",3,0,16,0.5269275250988014
Original,BG12,0,0.9950248599052429,0.0,linear,0.006602492931262759,2.390357772509257,"[0, 1, 2]",3,0,16,0.5037632330430958
Original,BG12,0,0.9950248599052429,0.0,mlp,0.006602492931262759,2.390357772509257,"[0, 1, 2]",3,0,16,0.5829094937802787
Original,BG7,0,0.9950248599052429,0.0,linear,0.00425164522257026,1.5392599900563557,"[0, 1, 2]",3,0,16,0.21756735244254907
Original,BG7,0,0.9950248599052429,0.0,mlp,0.00425164522257026,1.5392599900563557,"[0, 1, 2]",3,0,16,0.2387490754973386
Original,BG6,4,0.9906675815582275,0.11428571428571428,linear,0.035096456081422193,12.706274350484213,"[0, 1, 2]",3,0,16,0.34412757698007024
Original,BG6,4,0.9906675815582275,0.11428571428571428,mlp,0.035096456081422193,12.706274350484213,"[0, 1, 2]",3,0,16,0.4813894097600151
Original,BG8,23,0.618124783039093,0.6571428571428571,linear,0.06586211274410746,23.844631830851238,"[0, 1, 2]",3,0,16,0.5697084192114998
Original,BG8,23,0.618124783039093,0.6571428571428571,mlp,0.06586211274410746,23.844631830851238,"[0, 1, 2]",3,0,16,0.5738333669776314
Original,BG7,16,0.9109315872192383,0.45714285714285713,linear,0.00425164522257026,1.5392599900563557,"[0, 1, 2]",3,0,16,0.15210935512047083
Original,BG7,16,0.9109315872192383,0.45714285714285713,mlp,0.00425164522257026,1.5392599900563557,"[0, 1, 2]",3,0,16,0.33182272684601294
Original,BG5,4,0.9906675815582275,0.11428571428571428,linear,0.01012993423398381,3.667427937189738,"[0, 1, 2]",3,0,16,0.28349843139874437
Original,BG5,4,0.9906675815582275,0.11428571428571428,mlp,0.01012993423398381,3.667427937189738,"[0, 1, 2]",3,0,16,0.4560954429364487
Original,BG15,16,0.9109315872192383,0.45714285714285713,linear,0.008977977997330487,3.250375231107076,"[0, 1, 2]",3,0,16,0.5513099427528815
Original,BG15,16,0.9109315872192383,0.45714285714285713,mlp,0.008977977997330487,3.250375231107076,"[0, 1, 2]",3,0,16,0.5944073115004607
Original,BG11,0,0.9950248599052429,0.0,linear,0.028583451336502766,10.348314762115479,"[0, 1, 2]",3,0,16,0.4928327666003574
Original,BG11,0,0.9950248599052429,0.0,mlp,0.028583451336502766,10.348314762115479,"[0, 1, 2]",3,0,16,0.5896244738992393
Original,BG4,8,0.9814466834068298,0.22857142857142856,linear,0.003619008733590926,1.3102211157480876,"[0, 1, 2]",3,0,16,0.5274328847664003
Original,BG4,8,0.9814466834068298,0.22857142857142856,mlp,0.003619008733590926,1.3102211157480876,"[0, 1, 2]",3,0,16,0.5998951732682082
Original,BG5,35,0.009900989942252636,1.0,linear,0.01012993423398381,3.667427937189738,"[0, 1, 2]",3,0,16,0.37799586744830244
Original,BG5,35,0.009900989942252636,1.0,mlp,0.01012993423398381,3.667427937189738,"[0, 1, 2]",3,0,16,0.43206788380108835
Original,BG1,16,0.9109315872192383,0.45714285714285713,linear,0.003922920685534062,1.4202489952246349,"[0, 1, 2]",3,0,16,0.5634037146440266
Original,BG1,16,0.9109315872192383,0.45714285714285713,mlp,0.003922920685534062,1.4202489952246349,"[0, 1, 2]",3,0,16,0.5938473146354902
Original,BG11,27,0.30132922530174255,0.7714285714285715,linear,0.028583451336502766,10.348314762115479,"[0, 1, 2]",3,0,16,0.6005789802797467
Original,BG11,27,0.30132922530174255,0.7714285714285715,mlp,0.028583451336502766,10.348314762115479,"[0, 1, 2]",3,0,16,0.6133294870133237
Original,BG11,23,0.618124783039093,0.6571428571428571,linear,0.028583451336502766,10.348314762115479,"[0, 1, 2]",3,0,16,0.6046004637674449
Original,BG11,23,0.618124783039093,0.6571428571428571,mlp,0.028583451336502766,10.348314762115479,"[0, 1, 2]",3,0,16,0.611747540453145
Original,BG6,12,0.9606394171714783,0.34285714285714286,linear,0.035096456081422193,12.706274350484213,"[0, 1, 2]",3,0,16,0.30993432026154516
Original,BG6,12,0.9606394171714783,0.34285714285714286,mlp,0.035096456081422193,12.706274350484213,"[0, 1, 2]",3,0,16,0.3870810654699618
Original,BG4,0,0.9950248599052429,0.0,linear,0.003619008733590926,1.3102211157480876,"[0, 1, 2]",3,0,16,0.5286764598064403
Original,BG4,0,0.9950248599052429,0.0,mlp,0.003619008733590926,1.3102211157480876,"[0, 1, 2]",3,0,16,0.6000554279252717
Original,BG15,35,0.009900989942252636,1.0,linear,0.008977977997330487,3.250375231107076,"[0, 1, 2]",3,0,16,0.5308212334563391
Original,BG15,35,0.009900989942252636,1.0,mlp,0.008977977997330487,3.250375231107076,"[0, 1, 2]",3,0,16,0.6225772590775237
Original,BG14,0,0.9950248599052429,0.0,linear,0.03140995114557459,11.371616999308268,"[0, 1, 2]",3,0,16,0.4651056919092407
Original,BG14,0,0.9950248599052429,0.0,mlp,0.03140995114557459,11.371616999308268,"[0, 1, 2]",3,0,16,0.5879587466607253
Original,BG8,4,0.9906675815582275,0.11428571428571428,linear,0.06586211274410746,23.844631830851238,"[0, 1, 2]",3,0,16,0.1760608673574059
Original,BG8,4,0.9906675815582275,0.11428571428571428,mlp,0.06586211274410746,23.844631830851238,"[0, 1, 2]",3,0,16,0.36618951454610443
Original,BG4,23,0.618124783039093,0.6571428571428571,linear,0.003619008733590926,1.3102211157480876,"[0, 1, 2]",3,0,16,0.5993518752927404
Original,BG4,23,0.618124783039093,0.6571428571428571,mlp,0.003619008733590926,1.3102211157480876,"[0, 1, 2]",3,0,16,0.6214566782852703
Original,BG3,4,0.9906675815582275,0.11428571428571428,linear,0.004577786371819708,1.6573356986045837,"[0, 1, 2]",3,0,16,0.5288559555048483
Original,BG3,4,0.9906675815582275,0.11428571428571428,mlp,0.004577786371819708,1.6573356986045837,"[0, 1, 2]",3,0,16,0.6040387628942328
Original,BG5,0,0.9950248599052429,0.0,linear,0.01012993423398381,3.667427937189738,"[0, 1, 2]",3,0,16,0.2898500460079375
Original,BG5,0,0.9950248599052429,0.0,mlp,0.01012993423398381,3.667427937189738,"[0, 1, 2]",3,0,16,0.46413540998792857
Original,BG10,4,0.9906675815582275,0.11428571428571428,linear,0.05971229222213281,21.61815897623698,"[0, 1, 2]",3,0,16,0.4750258193749007
Original,BG10,4,0.9906675815582275,0.11428571428571428,mlp,0.05971229222213281,21.61815897623698,"[0, 1, 2]",3,0,16,0.5762862709993187
Original,BG3,27,0.30132922530174255,0.7714285714285715,linear,0.004577786371819708,1.6573356986045837,"[0, 1, 2]",3,0,16,0.6032135107852621
Original,BG3,27,0.30132922530174255,0.7714285714285715,mlp,0.004577786371819708,1.6573356986045837,"[0, 1, 2]",3,0,16,0.6329395421333999
Original,BG10,0,0.9950248599052429,0.0,linear,0.05971229222213281,21.61815897623698,"[0, 1, 2]",3,0,16,0.478721728268754
Original,BG10,0,0.9950248599052429,0.0,mlp,0.05971229222213281,21.61815897623698,"[0, 1, 2]",3,0,16,0.5776380305081054
Original,BG4,19,0.831115186214447,0.5428571428571428,linear,0.003619008733590926,1.3102211157480876,"[0, 1, 2]",3,0,16,0.6030646401518966
Original,BG4,19,0.831115186214447,0.5428571428571428,mlp,0.003619008733590926,1.3102211157480876,"[0, 1, 2]",3,0,16,0.5976662218112967
Original,BG12,23,0.618124783039093,0.6571428571428571,linear,0.006602492931262759,2.390357772509257,"[0, 1, 2]",3,0,16,0.5784357343970709
Original,BG12,23,0.618124783039093,0.6571428571428571,mlp,0.006602492931262759,2.390357772509257,"[0, 1, 2]",3,0,16,0.6139543623422297
Original,BG1,0,0.9950248599052429,0.0,linear,0.003922920685534062,1.4202489952246349,"[0, 1, 2]",3,0,16,0.5266226970157942
Original,BG1,0,0.9950248599052429,0.0,mlp,0.003922920685534062,1.4202489952246349,"[0, 1, 2]",3,0,16,0.5965628626995253
Original,BG9,35,0.009900989942252636,1.0,linear,0.029661818407354143,10.738725344340006,"[0, 1, 2]",3,0,16,0.5023897314380728
Original,BG9,35,0.009900989942252636,1.0,mlp,0.029661818407354143,10.738725344340006,"[0, 1, 2]",3,0,16,0.5947511358032077
Original,BG15,0,0.9950248599052429,0.0,linear,0.008977977997330487,3.250375231107076,"[0, 1, 2]",3,0,16,0.512737186545094
Original,BG15,0,0.9950248599052429,0.0,mlp,0.008977977997330487,3.250375231107076,"[0, 1, 2]",3,0,16,0.5988482215730377
T01,BG11,12,0.9606394171714783,0.34285714285714286,linear,0.00038266172632366426,0.13853834321101507,"[0, 1, 2]",3,0,16,0.2621868572521014
T01,BG11,12,0.9606394171714783,0.34285714285714286,mlp,0.00038266172632366426,0.13853834321101507,"[0, 1, 2]",3,0,16,0.02448476796905675
T01,BG2,8,0.9814466834068298,0.22857142857142856,linear,0.00015021173852411207,0.054382458329200745,"[0, 1, 2]",3,0,16,0.24995578582772535
T01,BG2,8,0.9814466834068298,0.22857142857142856,mlp,0.00015021173852411207,0.054382458329200745,"[0, 1, 2]",3,0,16,-0.05555377608816988
T01,BG4,16,0.9109315872192383,0.45714285714285713,linear,0.00022177586624433493,0.08029144008954366,"[0, 1, 2]",3,0,16,0.0800722258573531
T01,BG4,16,0.9109315872192383,0.45714285714285713,mlp,0.00022177586624433493,0.08029144008954366,"[0, 1, 2]",3,0,16,-0.07519427344851891
T01,BG8,12,0.9606394171714783,0.34285714285714286,linear,0.0009415983934441954,0.34089503188927966,"[0, 1, 2]",3,0,16,0.29425458675862454
T01,BG8,12,0.9606394171714783,0.34285714285714286,mlp,0.0009415983934441954,0.34089503188927966,"[0, 1, 2]",3,0,16,0.1764555038401044
T01,BG13,0,0.9950248599052429,0.0,linear,0.0003862760655376639,0.1398468737800916,"[0, 1, 2]",3,0,16,0.2408731380314532
T01,BG13,0,0.9950248599052429,0.0,mlp,0.0003862760655376639,0.1398468737800916,"[0, 1, 2]",3,0,16,-0.01292561030014571
T01,BG13,19,0.831115186214447,0.5428571428571428,linear,0.0003862760655376639,0.1398468737800916,"[0, 1, 2]",3,0,16,0.2582763583119379
T01,BG13,19,0.831115186214447,0.5428571428571428,mlp,0.0003862760655376639,0.1398468737800916,"[0, 1, 2]",3,0,16,0.2600215192633076
T01,BG9,4,0.9906675815582275,0.11428571428571428,linear,0.0003690880744588308,0.13362415631612143,"[0, 1, 2]",3,0,16,0.22004145874677739
T01,BG9,4,0.9906675815582275,0.11428571428571428,mlp,0.0003690880744588308,0.13362415631612143,"[0, 1, 2]",3,0,16,0.02787351871728043
T01,BG14,27,0.30132922530174255,0.7714285714285715,linear,0.00029412020457039023,0.10648288826147716,"[0, 1, 2]",3,0,16,0.3191196511348046
T01,BG14,27,0.30132922530174255,0.7714285714285715,mlp,0.00029412020457039023,0.10648288826147716,"[0, 1, 2]",3,0,16,0.08890745556066061
T01,BG7,35,0.009900989942252636,1.0,linear,0.0002542726299099248,0.09205652525027593,"[0, 1, 2]",3,0,16,-0.07154624965865225
T01,BG7,35,0.009900989942252636,1.0,mlp,0.0002542726299099248,0.09205652525027593,"[0, 1, 2]",3,0,16,-0.3766061423375469
T01,BG14,31,0.07776966691017151,0.8857142857142857,linear,0.00029412020457039023,0.10648288826147716,"[0, 1, 2]",3,0,16,0.11750972357966499
T01,BG14,31,0.07776966691017151,0.8857142857142857,mlp,0.00029412020457039023,0.10648288826147716,"[0, 1, 2]",3,0,16,0.07154903619564149
T01,BG13,31,0.07776966691017151,0.8857142857142857,linear,0.0003862760655376639,0.1398468737800916,"[0, 1, 2]",3,0,16,0.1626847692687122
T01,BG13,31,0.07776966691017151,0.8857142857142857,mlp,0.0003862760655376639,0.1398468737800916,"[0, 1, 2]",3,0,16,0.07566188242204319
T01,BG12,8,0.9814466834068298,0.22857142857142856,linear,0.00042501362227089276,0.15387136737505594,"[0, 1, 2]",3,0,16,0.23793261090367532
T01,BG12,8,0.9814466834068298,0.22857142857142856,mlp,0.00042501362227089276,0.15387136737505594,"[0, 1, 2]",3,0,16,-0.05565075434200801
T01,BG7,27,0.30132922530174255,0.7714285714285715,linear,0.0002542726299099248,0.09205652525027593,"[0, 1, 2]",3,0,16,0.28846915568433484
T01,BG7,27,0.30132922530174255,0.7714285714285715,mlp,0.0002542726299099248,0.09205652525027593,"[0, 1, 2]",3,0,16,0.0996981710066314
T01,BG9,31,0.07776966691017151,0.8857142857142857,linear,0.0003690880744588308,0.13362415631612143,"[0, 1, 2]",3,0,16,0.10223615273953383
T01,BG9,31,0.07776966691017151,0.8857142857142857,mlp,0.0003690880744588308,0.13362415631612143,"[0, 1, 2]",3,0,16,0.04129560009124903
T01,BG14,16,0.9109315872192383,0.45714285714285713,linear,0.00029412020457039023,0.10648288826147716,"[0, 1, 2]",3,0,16,0.17818394982810198
T01,BG14,16,0.9109315872192383,0.45714285714285713,mlp,0.00029412020457039023,0.10648288826147716,"[0, 1, 2]",3,0,16,0.06446591797697653
T01,BG11,35,0.009900989942252636,1.0,linear,0.00038266172632366426,0.13853834321101507,"[0, 1, 2]",3,0,16,0.1300511144156124
T01,BG11,35,0.009900989942252636,1.0,mlp,0.00038266172632366426,0.13853834321101507,"[0, 1, 2]",3,0,16,-0.09726561430248591
T01,BG8,16,0.9109315872192383,0.45714285714285713,linear,0.0009415983934441954,0.34089503188927966,"[0, 1, 2]",3,0,16,0.08628538009676753
T01,BG8,16,0.9109315872192383,0.45714285714285713,mlp,0.0009415983934441954,0.34089503188927966,"[0, 1, 2]",3,0,16,0.054362003884715904
T01,BG10,23,0.618124783039093,0.6571428571428571,linear,0.0010358725931583293,0.3750259379545848,"[0, 1, 2]",3,0,16,0.24252930103824819
T01,BG10,23,0.618124783039093,0.6571428571428571,mlp,0.0010358725931583293,0.3750259379545848,"[0, 1, 2]",3,0,16,0.039766542043972335
T01,BG13,4,0.9906675815582275,0.11428571428571428,linear,0.0003862760655376639,0.1398468737800916,"[0, 1, 2]",3,0,16,0.23278876645911645
T01,BG13,4,0.9906675815582275,0.11428571428571428,mlp,0.0003862760655376639,0.1398468737800916,"[0, 1, 2]",3,0,16,-0.036589540540006994
T01,BG4,27,0.30132922530174255,0.7714285714285715,linear,0.00022177586624433493,0.08029144008954366,"[0, 1, 2]",3,0,16,0.3048619039266845
T01,BG4,27,0.30132922530174255,0.7714285714285715,mlp,0.00022177586624433493,0.08029144008954366,"[0, 1, 2]",3,0,16,0.11720644590030364
T01,BG2,23,0.618124783039093,0.6571428571428571,linear,0.00015021173852411207,0.054382458329200745,"[0, 1, 2]",3,0,16,0.3158892691276393
T01,BG2,23,0.618124783039093,0.6571428571428571,mlp,0.00015021173852411207,0.054382458329200745,"[0, 1, 2]",3,0,16,0.0630868694430374
T01,BG7,23,0.618124783039093,0.6571428571428571,linear,0.0002542726299099248,0.09205652525027593,"[0, 1, 2]",3,0,16,0.29400135702220537
T01,BG7,23,0.618124783039093,0.6571428571428571,mlp,0.0002542726299099248,0.09205652525027593,"[0, 1, 2]",3,0,16,0.009735185336730368
T01,BG8,35,0.009900989942252636,1.0,linear,0.0009415983934441954,0.34089503188927966,"[0, 1, 2]",3,0,16,0.11958154437605634
T01,BG8,35,0.009900989942252636,1.0,mlp,0.0009415983934441954,0.34089503188927966,"[0, 1, 2]",3,0,16,-0.23238737454744185
T01,BG1,4,0.9906675815582275,0.11428571428571428,linear,0.00015902781104924923,0.05757421751817068,"[0, 1, 2]",3,0,16,0.2532940444583738
T01,BG1,4,0.9906675815582275,0.11428571428571428,mlp,0.00015902781104924923,0.05757421751817068,"[0, 1, 2]",3,0,16,-0.01769700042821723
T01,BG12,35,0.009900989942252636,1.0,linear,0.00042501362227089276,0.15387136737505594,"[0, 1, 2]",3,0,16,0.2102972172497344
T01,BG12,35,0.009900989942252636,1.0,mlp,0.00042501362227089276,0.15387136737505594,"[0, 1, 2]",3,0,16,-0.02521886664257461
T01,BG3,19,0.831115186214447,0.5428571428571428,linear,0.00018271805794490634,0.06615100304285686,"[0, 1, 2]",3,0,16,0.2842169273637916
T01,BG3,19,0.831115186214447,0.5428571428571428,mlp,0.00018271805794490634,0.06615100304285686,"[0, 1, 2]",3,0,16,0.26413013509634764
T01,BG14,35,0.009900989942252636,1.0,linear,0.00029412020457039023,0.10648288826147716,"[0, 1, 2]",3,0,16,0.22656801581753278
T01,BG14,35,0.009900989942252636,1.0,mlp,0.00029412020457039023,0.10648288826147716,"[0, 1, 2]",3,0,16,0.017775872293077782
T01,BG12,27,0.30132922530174255,0.7714285714285715,linear,0.00042501362227089276,0.15387136737505594,"[0, 1, 2]",3,0,16,0.2960998693796632
T01,BG12,27,0.30132922530174255,0.7714285714285715,mlp,0.00042501362227089276,0.15387136737505594,"[0, 1, 2]",3,0,16,0.06494873255114825
T01,BG10,35,0.009900989942252636,1.0,linear,0.0010358725931583293,0.3750259379545848,"[0, 1, 2]",3,0,16,0.045252245353274136
T01,BG10,35,0.009900989942252636,1.0,mlp,0.0010358725931583293,0.3750259379545848,"[0, 1, 2]",3,0,16,-0.24665350534641017
T01,BG14,4,0.9906675815582275,0.11428571428571428,linear,0.00029412020457039023,0.10648288826147716,"[0, 1, 2]",3,0,16,0.2512781568557589
T01,BG14,4,0.9906675815582275,0.11428571428571428,mlp,0.00029412020457039023,0.10648288826147716,"[0, 1, 2]",3,0,16,0.03245791934429002
T01,BG11,31,0.07776966691017151,0.8857142857142857,linear,0.00038266172632366426,0.13853834321101507,"[0, 1, 2]",3,0,16,0.08136067345766425
T01,BG11,31,0.07776966691017151,0.8857142857142857,mlp,0.00038266172632366426,0.13853834321101507,"[0, 1, 2]",3,0,16,-0.009250710833156792
T01,BG1,12,0.9606394171714783,0.34285714285714286,linear,0.00015902781104924923,0.05757421751817068,"[0, 1, 2]",3,0,16,0.23469373062126028
T01,BG1,12,0.9606394171714783,0.34285714285714286,mlp,0.00015902781104924923,0.05757421751817068,"[0, 1, 2]",3,0,16,0.04023834186928667
T01,BG9,23,0.618124783039093,0.6571428571428571,linear,0.0003690880744588308,0.13362415631612143,"[0, 1, 2]",3,0,16,0.32611650616826293
T01,BG9,23,0.618124783039093,0.6571428571428571,mlp,0.0003690880744588308,0.13362415631612143,"[0, 1, 2]",3,0,16,0.10753810298320511
T01,BG3,35,0.009900989942252636,1.0,linear,0.00018271805794490634,0.06615100304285686,"[0, 1, 2]",3,0,16,0.1535548537970392
T01,BG3,35,0.009900989942252636,1.0,mlp,0.00018271805794490634,0.06615100304285686,"[0, 1, 2]",3,0,16,-0.05071459213227933
T01,BG4,31,0.07776966691017151,0.8857142857142857,linear,0.00022177586624433493,0.08029144008954366,"[0, 1, 2]",3,0,16,0.16412406879653735
T01,BG4,31,0.07776966691017151,0.8857142857142857,mlp,0.00022177586624433493,0.08029144008954366,"[0, 1, 2]",3,0,16,0.10111508611202155
T01,BG9,8,0.9814466834068298,0.22857142857142856,linear,0.0003690880744588308,0.13362415631612143,"[0, 1, 2]",3,0,16,0.2225150976781333
T01,BG9,8,0.9814466834068298,0.22857142857142856,mlp,0.0003690880744588308,0.13362415631612143,"[0, 1, 2]",3,0,16,-0.03222848401506176
T01,BG6,27,0.30132922530174255,0.7714285714285715,linear,0.0004238108730451259,0.15343592564264932,"[0, 1, 2]",3,0,16,0.15538695822947698
T01,BG6,27,0.30132922530174255,0.7714285714285715,mlp,0.0004238108730451259,0.15343592564264932,"[0, 1, 2]",3,0,16,-0.10303815966557821
T01,BG3,0,0.9950248599052429,0.0,linear,0.00018271805794490634,0.06615100304285686,"[0, 1, 2]",3,0,16,0.23980163112019973
T01,BG3,0,0.9950248599052429,0.0,mlp,0.00018271805794490634,0.06615100304285686,"[0, 1, 2]",3,0,16,0.005570107663973392
T01,BG9,12,0.9606394171714783,0.34285714285714286,linear,0.0003690880744588308,0.13362415631612143,"[0, 1, 2]",3,0,16,0.2429567387438861
T01,BG9,12,0.9606394171714783,0.34285714285714286,mlp,0.0003690880744588308,0.13362415631612143,"[0, 1, 2]",3,0,16,0.03742813603909664
T01,BG2,35,0.009900989942252636,1.0,linear,0.00015021173852411207,0.054382458329200745,"[0, 1, 2]",3,0,16,0.18698874704848806
T01,BG2,35,0.009900989942252636,1.0,mlp,0.00015021173852411207,0.054382458329200745,"[0, 1, 2]",3,0,16,-0.053370922442078264
T01,BG8,31,0.07776966691017151,0.8857142857142857,linear,0.0009415983934441954,0.34089503188927966,"[0, 1, 2]",3,0,16,0.008342382971135796
T01,BG8,31,0.07776966691017151,0.8857142857142857,mlp,0.0009415983934441954,0.34089503188927966,"[0, 1, 2]",3,0,16,-0.1959382095818296
T01,BG2,31,0.07776966691017151,0.8857142857142857,linear,0.00015021173852411207,0.054382458329200745,"[0, 1, 2]",3,0,16,0.1485697798655362
T01,BG2,31,0.07776966691017151,0.8857142857142857,mlp,0.00015021173852411207,0.054382458329200745,"[0, 1, 2]",3,0,16,0.006857152454118598
T01,BG14,12,0.9606394171714783,0.34285714285714286,linear,0.00029412020457039023,0.10648288826147716,"[0, 1, 2]",3,0,16,0.2737194442794577
T01,BG14,12,0.9606394171714783,0.34285714285714286,mlp,0.00029412020457039023,0.10648288826147716,"[0, 1, 2]",3,0,16,0.08016451208733404
T01,BG11,8,0.9814466834068298,0.22857142857142856,linear,0.00038266172632366426,0.13853834321101507,"[0, 1, 2]",3,0,16,0.25120929758491306
T01,BG11,8,0.9814466834068298,0.22857142857142856,mlp,0.00038266172632366426,0.13853834321101507,"[0, 1, 2]",3,0,16,-0.07982793137298896
T01,BG13,8,0.9814466834068298,0.22857142857142856,linear,0.0003862760655376639,0.1398468737800916,"[0, 1, 2]",3,0,16,0.22404172037382317
T01,BG13,8,0.9814466834068298,0.22857142857142856,mlp,0.0003862760655376639,0.1398468737800916,"[0, 1, 2]",3,0,16,-0.07824065547513942
T01,BG1,23,0.618124783039093,0.6571428571428571,linear,0.00015902781104924923,0.05757421751817068,"[0, 1, 2]",3,0,16,0.3073980294020129
T01,BG1,23,0.618124783039093,0.6571428571428571,mlp,0.00015902781104924923,0.05757421751817068,"[0, 1, 2]",3,0,16,0.047733914163495046
T01,BG9,0,0.9950248599052429,0.0,linear,0.0003690880744588308,0.13362415631612143,"[0, 1, 2]",3,0,16,0.2305537137634349
T01,BG9,0,0.9950248599052429,0.0,mlp,0.0003690880744588308,0.13362415631612143,"[0, 1, 2]",3,0,16,0.051214766567611494
T01,BG6,0,0.9950248599052429,0.0,linear,0.0004238108730451259,0.15343592564264932,"[0, 1, 2]",3,0,16,0.1857586225074041
T01,BG6,0,0.9950248599052429,0.0,mlp,0.0004238108730451259,0.15343592564264932,"[0, 1, 2]",3,0,16,-0.20949884315515854
T01,BG9,27,0.30132922530174255,0.7714285714285715,linear,0.0003690880744588308,0.13362415631612143,"[0, 1, 2]",3,0,16,0.3311625101153454
T01,BG9,27,0.30132922530174255,0.7714285714285715,mlp,0.0003690880744588308,0.13362415631612143,"[0, 1, 2]",3,0,16,0.1419824426694437
T01,BG3,8,0.9814466834068298,0.22857142857142856,linear,0.00018271805794490634,0.06615100304285686,"[0, 1, 2]",3,0,16,0.22473145900457442
T01,BG3,8,0.9814466834068298,0.22857142857142856,mlp,0.00018271805794490634,0.06615100304285686,"[0, 1, 2]",3,0,16,-0.045342150972357234
T01,BG14,19,0.831115186214447,0.5428571428571428,linear,0.00029412020457039023,0.10648288826147716,"[0, 1, 2]",3,0,16,0.33696550907994144
T01,BG14,19,0.831115186214447,0.5428571428571428,mlp,0.00029412020457039023,0.10648288826147716,"[0, 1, 2]",3,0,16,0.32976486502112184
T01,BG15,19,0.831115186214447,0.5428571428571428,linear,0.000248695930959716,0.09003754456837972,"[0, 1, 2]",3,0,16,0.2855262731918109
T01,BG15,19,0.831115186214447,0.5428571428571428,mlp,0.000248695930959716,0.09003754456837972,"[0, 1, 2]",3,0,16,0.2672437008780639
T01,BG3,23,0.618124783039093,0.6571428571428571,linear,0.00018271805794490634,0.06615100304285686,"[0, 1, 2]",3,0,16,0.3143331852935249
T01,BG3,23,0.618124783039093,0.6571428571428571,mlp,0.00018271805794490634,0.06615100304285686,"[0, 1, 2]",3,0,16,0.07542907606673628
T01,BG8,8,0.9814466834068298,0.22857142857142856,linear,0.0009415983934441954,0.34089503188927966,"[0, 1, 2]",3,0,16,0.21642943582612004
T01,BG8,8,0.9814466834068298,0.22857142857142856,mlp,0.0009415983934441954,0.34089503188927966,"[0, 1, 2]",3,0,16,0.0941965615497912
T01,BG14,23,0.618124783039093,0.6571428571428571,linear,0.00029412020457039023,0.10648288826147716,"[0, 1, 2]",3,0,16,0.32546993066589
T01,BG14,23,0.618124783039093,0.6571428571428571,mlp,0.00029412020457039023,0.10648288826147716,"[0, 1, 2]",3,0,16,0.11258174413123077
T01,BG5,8,0.9814466834068298,0.22857142857142856,linear,0.00047874971538907084,0.17332591116428375,"[0, 1, 2]",3,0,16,0.10726465537045701
T01,BG5,8,0.9814466834068298,0.22857142857142856,mlp,0.00047874971538907084,0.17332591116428375,"[0, 1, 2]",3,0,16,-0.10601615891620304
T01,BG10,16,0.9109315872192383,0.45714285714285713,linear,0.0010358725931583293,0.3750259379545848,"[0, 1, 2]",3,0,16,0.21129624178070527
T01,BG10,16,0.9109315872192383,0.45714285714285713,mlp,0.0010358725931583293,0.3750259379545848,"[0, 1, 2]",3,0,16,0.05946772661259929
T01,BG2,12,0.9606394171714783,0.34285714285714286,linear,0.00015021173852411207,0.054382458329200745,"[0, 1, 2]",3,0,16,0.23321979717845615
T01,BG2,12,0.9606394171714783,0.34285714285714286,mlp,0.00015021173852411207,0.054382458329200745,"[0, 1, 2]",3,0,16,0.03290384902650685
T01,BG6,31,0.07776966691017151,0.8857142857142857,linear,0.0004238108730451259,0.15343592564264932,"[0, 1, 2]",3,0,16,0.01758403745741062
T01,BG6,31,0.07776966691017151,0.8857142857142857,mlp,0.0004238108730451259,0.15343592564264932,"[0, 1, 2]",3,0,16,0.01042829797862192
T01,BG5,19,0.831115186214447,0.5428571428571428,linear,0.00047874971538907084,0.17332591116428375,"[0, 1, 2]",3,0,16,0.19580017292704816
T01,BG5,19,0.831115186214447,0.5428571428571428,mlp,0.00047874971538907084,0.17332591116428375,"[0, 1, 2]",3,0,16,0.2976782284447239
T01,BG2,19,0.831115186214447,0.5428571428571428,linear,0.00015021173852411207,0.054382458329200745,"[0, 1, 2]",3,0,16,0.24358955411831995
T01,BG2,19,0.831115186214447,0.5428571428571428,mlp,0.00015021173852411207,0.054382458329200745,"[0, 1, 2]",3,0,16,0.19601946264210082
T01,BG10,31,0.07776966691017151,0.8857142857142857,linear,0.0010358725931583293,0.3750259379545848,"[0, 1, 2]",3,0,16,0.023043791176882676
T01,BG10,31,0.07776966691017151,0.8857142857142857,mlp,0.0010358725931583293,0.3750259379545848,"[0, 1, 2]",3,0,16,-0.05130178808279494
T01,BG7,12,0.9606394171714783,0.34285714285714286,linear,0.0002542726299099248,0.09205652525027593,"[0, 1, 2]",3,0,16,0.2175117431556731
T01,BG7,12,0.9606394171714783,0.34285714285714286,mlp,0.0002542726299099248,0.09205652525027593,"[0, 1, 2]",3,0,16,-0.10335919964028871
T01,BG12,12,0.9606394171714783,0.34285714285714286,linear,0.00042501362227089276,0.15387136737505594,"[0, 1, 2]",3,0,16,0.24349993232833092
T01,BG12,12,0.9606394171714783,0.34285714285714286,mlp,0.00042501362227089276,0.15387136737505594,"[0, 1, 2]",3,0,16,0.014366826397737549
T01,BG11,19,0.831115186214447,0.5428571428571428,linear,0.00038266172632366426,0.13853834321101507,"[0, 1, 2]",3,0,16,0.2251223554961357
T01,BG11,19,0.831115186214447,0.5428571428571428,mlp,0.00038266172632366426,0.13853834321101507,"[0, 1, 2]",3,0,16,0.22420673138277702
T01,BG11,4,0.9906675815582275,0.11428571428571428,linear,0.00038266172632366426,0.13853834321101507,"[0, 1, 2]",3,0,16,0.2564081507553361
T01,BG11,4,0.9906675815582275,0.11428571428571428,mlp,0.00038266172632366426,0.13853834321101507,"[0, 1, 2]",3,0,16,-0.043346564606671176
T01,BG13,27,0.30132922530174255,0.7714285714285715,linear,0.0003862760655376639,0.1398468737800916,"[0, 1, 2]",3,0,16,0.31104678717279616
T01,BG13,27,0.30132922530174255,0.7714285714285715,mlp,0.0003862760655376639,0.1398468737800916,"[0, 1, 2]",3,0,16,0.10843055298176589
T01,BG2,16,0.9109315872192383,0.45714285714285713,linear,0.00015021173852411207,0.054382458329200745,"[0, 1, 2]",3,0,16,0.055489696878882507
T01,BG2,16,0.9109315872192383,0.45714285714285713,mlp,0.00015021173852411207,0.054382458329200745,"[0, 1, 2]",3,0,16,-0.13699456089596204
T01,BG2,4,0.9906675815582275,0.11428571428571428,linear,0.00015021173852411207,0.054382458329200745,"[0, 1, 2]",3,0,16,0.2579989742818025
T01,BG2,4,0.9906675815582275,0.11428571428571428,mlp,0.00015021173852411207,0.054382458329200745,"[0, 1, 2]",3,0,16,-0.02514482889777564
T01,BG1,35,0.009900989942252636,1.0,linear,0.00015902781104924923,0.05757421751817068,"[0, 1, 2]",3,0,16,0.19589938274575097
T01,BG1,35,0.009900989942252636,1.0,mlp,0.00015902781104924923,0.05757421751817068,"[0, 1, 2]",3,0,16,0.02193204321618829
T01,BG3,31,0.07776966691017151,0.8857142857142857,linear,0.00018271805794490634,0.06615100304285686,"[0, 1, 2]",3,0,16,0.1466209756602969
T01,BG3,31,0.07776966691017151,0.8857142857142857,mlp,0.00018271805794490634,0.06615100304285686,"[0, 1, 2]",3,0,16,0.06268660535665399
T01,BG14,8,0.9814466834068298,0.22857142857142856,linear,0.00029412020457039023,0.10648288826147716,"[0, 1, 2]",3,0,16,0.2448857773155871
T01,BG14,8,0.9814466834068298,0.22857142857142856,mlp,0.00029412020457039023,0.10648288826147716,"[0, 1, 2]",3,0,16,-0.01639599648932715
T01,BG1,31,0.07776966691017151,0.8857142857142857,linear,0.00015902781104924923,0.05757421751817068,"[0, 1, 2]",3,0,16,0.1493349461450969
T01,BG1,31,0.07776966691017151,0.8857142857142857,mlp,0.00015902781104924923,0.05757421751817068,"[0, 1, 2]",3,0,16,0.038174630217267184
T01,BG15,4,0.9906675815582275,0.11428571428571428,linear,0.000248695930959716,0.09003754456837972,"[0, 1, 2]",3,0,16,0.23689327280613515
T01,BG15,4,0.9906675815582275,0.11428571428571428,mlp,0.000248695930959716,0.09003754456837972,"[0, 1, 2]",3,0,16,0.014791918664529393
T01,BG12,19,0.831115186214447,0.5428571428571428,linear,0.00042501362227089276,0.15387136737505594,"[0, 1, 2]",3,0,16,0.3179695372550307
T01,BG12,19,0.831115186214447,0.5428571428571428,mlp,0.00042501362227089276,0.15387136737505594,"[0, 1, 2]",3,0,16,0.33146099575086546
T01,BG9,19,0.831115186214447,0.5428571428571428,linear,0.0003690880744588308,0.13362415631612143,"[0, 1, 2]",3,0,16,0.3461903837542093
T01,BG9,19,0.831115186214447,0.5428571428571428,mlp,0.0003690880744588308,0.13362415631612143,"[0, 1, 2]",3,0,16,0.3681858906350609
T01,BG8,19,0.831115186214447,0.5428571428571428,linear,0.0009415983934441954,0.34089503188927966,"[0, 1, 2]",3,0,16,0.11596551118954149
T01,BG8,19,0.831115186214447,0.5428571428571428,mlp,0.0009415983934441954,0.34089503188927966,"[0, 1, 2]",3,0,16,0.23767233294656487
T01,BG10,19,0.831115186214447,0.5428571428571428,linear,0.0010358725931583293,0.3750259379545848,"[0, 1, 2]",3,0,16,0.2399397151589091
T01,BG10,19,0.831115186214447,0.5428571428571428,mlp,0.0010358725931583293,0.3750259379545848,"[0, 1, 2]",3,0,16,0.258266055419133
T01,BG6,23,0.618124783039093,0.6571428571428571,linear,0.0004238108730451259,0.15343592564264932,"[0, 1, 2]",3,0,16,0.2792922739427763
T01,BG6,23,0.618124783039093,0.6571428571428571,mlp,0.0004238108730451259,0.15343592564264932,"[0, 1, 2]",3,0,16,0.07652636829894452
T01,BG5,23,0.618124783039093,0.6571428571428571,linear,0.00047874971538907084,0.17332591116428375,"[0, 1, 2]",3,0,16,0.26246342545933626
T01,BG5,23,0.618124783039093,0.6571428571428571,mlp,0.00047874971538907084,0.17332591116428375,"[0, 1, 2]",3,0,16,0.004312903677257651
T01,BG6,19,0.831115186214447,0.5428571428571428,linear,0.0004238108730451259,0.15343592564264932,"[0, 1, 2]",3,0,16,0.2963568544035243
T01,BG6,19,0.831115186214447,0.5428571428571428,mlp,0.0004238108730451259,0.15343592564264932,"[0, 1, 2]",3,0,16,0.3171011677793274
T01,BG10,8,0.9814466834068298,0.22857142857142856,linear,0.0010358725931583293,0.3750259379545848,"[0, 1, 2]",3,0,16,0.24601717581571597
T01,BG10,8,0.9814466834068298,0.22857142857142856,mlp,0.0010358725931583293,0.3750259379545848,"[0, 1, 2]",3,0,16,0.07426248730019928
T01,BG7,8,0.9814466834068298,0.22857142857142856,linear,0.0002542726299099248,0.09205652525027593,"[0, 1, 2]",3,0,16,0.1073041038819019
T01,BG7,8,0.9814466834068298,0.22857142857142856,mlp,0.0002542726299099248,0.09205652525027593,"[0, 1, 2]",3,0,16,-0.17701860708969835
T01,BG13,12,0.9606394171714783,0.34285714285714286,linear,0.0003862760655376639,0.1398468737800916,"[0, 1, 2]",3,0,16,0.22397543590089758
T01,BG13,12,0.9606394171714783,0.34285714285714286,mlp,0.0003862760655376639,0.1398468737800916,"[0, 1, 2]",3,0,16,-0.009031353858028928
T01,BG13,16,0.9109315872192383,0.45714285714285713,linear,0.0003862760655376639,0.1398468737800916,"[0, 1, 2]",3,0,16,0.0862154575315854
T01,BG13,16,0.9109315872192383,0.45714285714285713,mlp,0.0003862760655376639,0.1398468737800916,"[0, 1, 2]",3,0,16,-0.07882113228761892
T01,BG15,8,0.9814466834068298,0.22857142857142856,linear,0.000248695930959716,0.09003754456837972,"[0, 1, 2]",3,0,16,0.23310264036936915
T01,BG15,8,0.9814466834068298,0.22857142857142856,mlp,0.000248695930959716,0.09003754456837972,"[0, 1, 2]",3,0,16,-0.03599186176344839
T01,BG12,4,0.9906675815582275,0.11428571428571428,linear,0.00042501362227089276,0.15387136737505594,"[0, 1, 2]",3,0,16,0.25102104746632137
T01,BG12,4,0.9906675815582275,0.11428571428571428,mlp,0.00042501362227089276,0.15387136737505594,"[0, 1, 2]",3,0,16,-0.014246687457996796
T01,BG2,0,0.9950248599052429,0.0,linear,0.00015021173852411207,0.054382458329200745,"[0, 1, 2]",3,0,16,0.26567593829162
T01,BG2,0,0.9950248599052429,0.0,mlp,0.00015021173852411207,0.054382458329200745,"[0, 1, 2]",3,0,16,-0.004839266709095824
T01,BG9,16,0.9109315872192383,0.45714285714285713,linear,0.0003690880744588308,0.13362415631612143,"[0, 1, 2]",3,0,16,0.1403805757561776
T01,BG9,16,0.9109315872192383,0.45714285714285713,mlp,0.0003690880744588308,0.13362415631612143,"[0, 1, 2]",3,0,16,-0.021912272000405634
T01,BG4,4,0.9906675815582275,0.11428571428571428,linear,0.00022177586624433493,0.08029144008954366,"[0, 1, 2]",3,0,16,0.2372998537924071
T01,BG4,4,0.9906675815582275,0.11428571428571428,mlp,0.00022177586624433493,0.08029144008954366,"[0, 1, 2]",3,0,16,-0.006513553795842901
T01,BG7,31,0.07776966691017151,0.8857142857142857,linear,0.0002542726299099248,0.09205652525027593,"[0, 1, 2]",3,0,16,-0.4100056635306223
T01,BG7,31,0.07776966691017151,0.8857142857142857,mlp,0.0002542726299099248,0.09205652525027593,"[0, 1, 2]",3,0,16,0.05795713662402393
T01,BG3,16,0.9109315872192383,0.45714285714285713,linear,0.00018271805794490634,0.06615100304285686,"[0, 1, 2]",3,0,16,0.0815138273881715
T01,BG3,16,0.9109315872192383,0.45714285714285713,mlp,0.00018271805794490634,0.06615100304285686,"[0, 1, 2]",3,0,16,-0.08833517123782121
T01,BG1,19,0.831115186214447,0.5428571428571428,linear,0.00015902781104924923,0.05757421751817068,"[0, 1, 2]",3,0,16,0.2596762283657932
T01,BG1,19,0.831115186214447,0.5428571428571428,mlp,0.00015902781104924923,0.05757421751817068,"[0, 1, 2]",3,0,16,0.22852531904078538
T01,BG10,12,0.9606394171714783,0.34285714285714286,linear,0.0010358725931583293,0.3750259379545848,"[0, 1, 2]",3,0,16,0.2983352280497054
T01,BG10,12,0.9606394171714783,0.34285714285714286,mlp,0.0010358725931583293,0.3750259379545848,"[0, 1, 2]",3,0,16,0.18528264269881695
T01,BG2,27,0.30132922530174255,0.7714285714285715,linear,0.00015021173852411207,0.054382458329200745,"[0, 1, 2]",3,0,16,0.315868412469142
T01,BG2,27,0.30132922530174255,0.7714285714285715,mlp,0.00015021173852411207,0.054382458329200745,"[0, 1, 2]",3,0,16,0.10523608211347071
T01,BG12,16,0.9109315872192383,0.45714285714285713,linear,0.00042501362227089276,0.15387136737505594,"[0, 1, 2]",3,0,16,0.13416157069695797
T01,BG12,16,0.9109315872192383,0.45714285714285713,mlp,0.00042501362227089276,0.15387136737505594,"[0, 1, 2]",3,0,16,-0.05618012912103664
T01,BG15,27,0.30132922530174255,0.7714285714285715,linear,0.000248695930959716,0.09003754456837972,"[0, 1, 2]",3,0,16,0.31893411031617264
T01,BG15,27,0.30132922530174255,0.7714285714285715,mlp,0.000248695930959716,0.09003754456837972,"[0, 1, 2]",3,0,16,0.11626331469952184
T01,BG15,12,0.9606394171714783,0.34285714285714286,linear,0.000248695930959716,0.09003754456837972,"[0, 1, 2]",3,0,16,0.2537105986297122
T01,BG15,12,0.9606394171714783,0.34285714285714286,mlp,0.000248695930959716,0.09003754456837972,"[0, 1, 2]",3,0,16,0.05253580646904038
T01,BG11,16,0.9109315872192383,0.45714285714285713,linear,0.00038266172632366426,0.13853834321101507,"[0, 1, 2]",3,0,16,0.21183141982513856
T01,BG11,16,0.9109315872192383,0.45714285714285713,mlp,0.00038266172632366426,0.13853834321101507,"[0, 1, 2]",3,0,16,0.02920291515246536
T01,BG13,23,0.618124783039093,0.6571428571428571,linear,0.0003862760655376639,0.1398468737800916,"[0, 1, 2]",3,0,16,0.3389636814174759
T01,BG13,23,0.618124783039093,0.6571428571428571,mlp,0.0003862760655376639,0.1398468737800916,"[0, 1, 2]",3,0,16,0.17514471607933443
T01,BG12,31,0.07776966691017151,0.8857142857142857,linear,0.00042501362227089276,0.15387136737505594,"[0, 1, 2]",3,0,16,0.13416115897095512
T01,BG12,31,0.07776966691017151,0.8857142857142857,mlp,0.00042501362227089276,0.15387136737505594,"[0, 1, 2]",3,0,16,0.05965661281092886
T01,BG7,19,0.831115186214447,0.5428571428571428,linear,0.0002542726299099248,0.09205652525027593,"[0, 1, 2]",3,0,16,-0.28825258845291685
T01,BG7,19,0.831115186214447,0.5428571428571428,mlp,0.0002542726299099248,0.09205652525027593,"[0, 1, 2]",3,0,16,-0.13789849263343487
T01,BG15,31,0.07776966691017151,0.8857142857142857,linear,0.000248695930959716,0.09003754456837972,"[0, 1, 2]",3,0,16,0.1845248250001573
T01,BG15,31,0.07776966691017151,0.8857142857142857,mlp,0.000248695930959716,0.09003754456837972,"[0, 1, 2]",3,0,16,0.13318463209690212
T01,BG5,12,0.9606394171714783,0.34285714285714286,linear,0.00047874971538907084,0.17332591116428375,"[0, 1, 2]",3,0,16,0.18683925358093922
T01,BG5,12,0.9606394171714783,0.34285714285714286,mlp,0.00047874971538907084,0.17332591116428375,"[0, 1, 2]",3,0,16,-0.022142524349649407
T01,BG8,27,0.30132922530174255,0.7714285714285715,linear,0.0009415983934441954,0.34089503188927966,"[0, 1, 2]",3,0,16,0.21208781626892498
T01,BG8,27,0.30132922530174255,0.7714285714285715,mlp,0.0009415983934441954,0.34089503188927966,"[0, 1, 2]",3,0,16,-0.08107739459171943
T01,BG5,27,0.30132922530174255,0.7714285714285715,linear,0.00047874971538907084,0.17332591116428375,"[0, 1, 2]",3,0,16,0.31396541347597134
T01,BG5,27,0.30132922530174255,0.7714285714285715,mlp,0.00047874971538907084,0.17332591116428375,"[0, 1, 2]",3,0,16,0.12420604937717294
T01,BG7,4,0.9906675815582275,0.11428571428571428,linear,0.0002542726299099248,0.09205652525027593,"[0, 1, 2]",3,0,16,0.08617817820564017
T01,BG7,4,0.9906675815582275,0.11428571428571428,mlp,0.0002542726299099248,0.09205652525027593,"[0, 1, 2]",3,0,16,-0.1174293271951855
T01,BG5,31,0.07776966691017151,0.8857142857142857,linear,0.00047874971538907084,0.17332591116428375,"[0, 1, 2]",3,0,16,0.16043847783417015
T01,BG5,31,0.07776966691017151,0.8857142857142857,mlp,0.00047874971538907084,0.17332591116428375,"[0, 1, 2]",3,0,16,0.08184276034922489
T01,BG10,27,0.30132922530174255,0.7714285714285715,linear,0.0010358725931583293,0.3750259379545848,"[0, 1, 2]",3,0,16,0.2902955059817559
T01,BG10,27,0.30132922530174255,0.7714285714285715,mlp,0.0010358725931583293,0.3750259379545848,"[0, 1, 2]",3,0,16,0.02433785610146657
T01,BG6,8,0.9814466834068298,0.22857142857142856,linear,0.0004238108730451259,0.15343592564264932,"[0, 1, 2]",3,0,16,0.1517813134860516
T01,BG6,8,0.9814466834068298,0.22857142857142856,mlp,0.0004238108730451259,0.15343592564264932,"[0, 1, 2]",3,0,16,-0.2900301578208902
T01,BG4,12,0.9606394171714783,0.34285714285714286,linear,0.00022177586624433493,0.08029144008954366,"[0, 1, 2]",3,0,16,0.23132811587174743
T01,BG4,12,0.9606394171714783,0.34285714285714286,mlp,0.00022177586624433493,0.08029144008954366,"[0, 1, 2]",3,0,16,0.03654597506770548
T01,BG4,35,0.009900989942252636,1.0,linear,0.00022177586624433493,0.08029144008954366,"[0, 1, 2]",3,0,16,0.14787659758202257
T01,BG4,35,0.009900989942252636,1.0,mlp,0.00022177586624433493,0.08029144008954366,"[0, 1, 2]",3,0,16,-0.07753185818760662
T01,BG6,16,0.9109315872192383,0.45714285714285713,linear,0.0004238108730451259,0.15343592564264932,"[0, 1, 2]",3,0,16,0.2742159706577641
T01,BG6,16,0.9109315872192383,0.45714285714285713,mlp,0.0004238108730451259,0.15343592564264932,"[0, 1, 2]",3,0,16,0.03571719076225427
T01,BG8,0,0.9950248599052429,0.0,linear,0.0009415983934441954,0.34089503188927966,"[0, 1, 2]",3,0,16,0.23366718867327196
T01,BG8,0,0.9950248599052429,0.0,mlp,0.0009415983934441954,0.34089503188927966,"[0, 1, 2]",3,0,16,0.1522739124791305
T01,BG13,35,0.009900989942252636,1.0,linear,0.0003862760655376639,0.1398468737800916,"[0, 1, 2]",3,0,16,0.22848171903440703
T01,BG13,35,0.009900989942252636,1.0,mlp,0.0003862760655376639,0.1398468737800916,"[0, 1, 2]",3,0,16,-0.05353823266603308
T01,BG15,23,0.618124783039093,0.6571428571428571,linear,0.000248695930959716,0.09003754456837972,"[0, 1, 2]",3,0,16,0.30871201745971133
T01,BG15,23,0.618124783039093,0.6571428571428571,mlp,0.000248695930959716,0.09003754456837972,"[0, 1, 2]",3,0,16,0.0917331892020673
T01,BG3,12,0.9606394171714783,0.34285714285714286,linear,0.00018271805794490634,0.06615100304285686,"[0, 1, 2]",3,0,16,0.21552353788816267
T01,BG3,12,0.9606394171714783,0.34285714285714286,mlp,0.00018271805794490634,0.06615100304285686,"[0, 1, 2]",3,0,16,0.03910090929929427
T01,BG1,8,0.9814466834068298,0.22857142857142856,linear,0.00015902781104924923,0.05757421751817068,"[0, 1, 2]",3,0,16,0.24979540616523943
T01,BG1,8,0.9814466834068298,0.22857142857142856,mlp,0.00015902781104924923,0.05757421751817068,"[0, 1, 2]",3,0,16,-0.04206205109430583
T01,BG6,35,0.009900989942252636,1.0,linear,0.0004238108730451259,0.15343592564264932,"[0, 1, 2]",3,0,16,0.07087871521895779
T01,BG6,35,0.009900989942252636,1.0,mlp,0.0004238108730451259,0.15343592564264932,"[0, 1, 2]",3,0,16,-0.2391986305740879
T01,BG1,27,0.30132922530174255,0.7714285714285715,linear,0.00015902781104924923,0.05757421751817068,"[0, 1, 2]",3,0,16,0.3257513354436624
T01,BG1,27,0.30132922530174255,0.7714285714285715,mlp,0.00015902781104924923,0.05757421751817068,"[0, 1, 2]",3,0,16,0.09691887410015275
T01,BG5,16,0.9109315872192383,0.45714285714285713,linear,0.00047874971538907084,0.17332591116428375,"[0, 1, 2]",3,0,16,0.06036815678108083
T01,BG5,16,0.9109315872192383,0.45714285714285713,mlp,0.00047874971538907084,0.17332591116428375,"[0, 1, 2]",3,0,16,0.0494178234083211
T01,BG12,0,0.9950248599052429,0.0,linear,0.00042501362227089276,0.15387136737505594,"[0, 1, 2]",3,0,16,0.2588456596398277
T01,BG12,0,0.9950248599052429,0.0,mlp,0.00042501362227089276,0.15387136737505594,"[0, 1, 2]",3,0,16,0.006409034391632267
T01,BG7,0,0.9950248599052429,0.0,linear,0.0002542726299099248,0.09205652525027593,"[0, 1, 2]",3,0,16,0.10803626334480074
T01,BG7,0,0.9950248599052429,0.0,mlp,0.0002542726299099248,0.09205652525027593,"[0, 1, 2]",3,0,16,-0.08779279882745701
T01,BG6,4,0.9906675815582275,0.11428571428571428,linear,0.0004238108730451259,0.15343592564264932,"[0, 1, 2]",3,0,16,0.17201103940559118
T01,BG6,4,0.9906675815582275,0.11428571428571428,mlp,0.0004238108730451259,0.15343592564264932,"[0, 1, 2]",3,0,16,-0.24206071262051312
T01,BG8,23,0.618124783039093,0.6571428571428571,linear,0.0009415983934441954,0.34089503188927966,"[0, 1, 2]",3,0,16,0.3044665607115822
T01,BG8,23,0.618124783039093,0.6571428571428571,mlp,0.0009415983934441954,0.34089503188927966,"[0, 1, 2]",3,0,16,0.10191520206126453
T01,BG7,16,0.9109315872192383,0.45714285714285713,linear,0.0002542726299099248,0.09205652525027593,"[0, 1, 2]",3,0,16,-0.2706873819602746
T01,BG7,16,0.9109315872192383,0.45714285714285713,mlp,0.0002542726299099248,0.09205652525027593,"[0, 1, 2]",3,0,16,-0.43649487395500564
T01,BG5,4,0.9906675815582275,0.11428571428571428,linear,0.00047874971538907084,0.17332591116428375,"[0, 1, 2]",3,0,16,0.1125864900421035
T01,BG5,4,0.9906675815582275,0.11428571428571428,mlp,0.00047874971538907084,0.17332591116428375,"[0, 1, 2]",3,0,16,-0.05494971741174207
T01,BG15,16,0.9109315872192383,0.45714285714285713,linear,0.000248695930959716,0.09003754456837972,"[0, 1, 2]",3,0,16,0.12464614558656584
T01,BG15,16,0.9109315872192383,0.45714285714285713,mlp,0.000248695930959716,0.09003754456837972,"[0, 1, 2]",3,0,16,-0.031014949282473506
T01,BG11,0,0.9950248599052429,0.0,linear,0.00038266172632366426,0.13853834321101507,"[0, 1, 2]",3,0,16,0.2652499037033199
T01,BG11,0,0.9950248599052429,0.0,mlp,0.00038266172632366426,0.13853834321101507,"[0, 1, 2]",3,0,16,-0.010165105668504992
T01,BG4,8,0.9814466834068298,0.22857142857142856,linear,0.00022177586624433493,0.08029144008954366,"[0, 1, 2]",3,0,16,0.23545641545325516
T01,BG4,8,0.9814466834068298,0.22857142857142856,mlp,0.00022177586624433493,0.08029144008954366,"[0, 1, 2]",3,0,16,-0.03597427056346894
T01,BG5,35,0.009900989942252636,1.0,linear,0.00047874971538907084,0.17332591116428375,"[0, 1, 2]",3,0,16,0.1815264632215782
T01,BG5,35,0.009900989942252636,1.0,mlp,0.00047874971538907084,0.17332591116428375,"[0, 1, 2]",3,0,16,-0.01881985986990709
T01,BG1,16,0.9109315872192383,0.45714285714285713,linear,0.00015902781104924923,0.05757421751817068,"[0, 1, 2]",3,0,16,0.0670272859270311
T01,BG1,16,0.9109315872192383,0.45714285714285713,mlp,0.00015902781104924923,0.05757421751817068,"[0, 1, 2]",3,0,16,-0.08484694881488881
T01,BG11,27,0.30132922530174255,0.7714285714285715,linear,0.00038266172632366426,0.13853834321101507,"[0, 1, 2]",3,0,16,0.29541439450907736
T01,BG11,27,0.30132922530174255,0.7714285714285715,mlp,0.00038266172632366426,0.13853834321101507,"[0, 1, 2]",3,0,16,0.061087100145508215
T01,BG11,23,0.618124783039093,0.6571428571428571,linear,0.00038266172632366426,0.13853834321101507,"[0, 1, 2]",3,0,16,0.26942528025897794
T01,BG11,23,0.618124783039093,0.6571428571428571,mlp,0.00038266172632366426,0.13853834321101507,"[0, 1, 2]",3,0,16,0.03880108011076232
T01,BG6,12,0.9606394171714783,0.34285714285714286,linear,0.0004238108730451259,0.15343592564264932,"[0, 1, 2]",3,0,16,0.19599641674678833
T01,BG6,12,0.9606394171714783,0.34285714285714286,mlp,0.0004238108730451259,0.15343592564264932,"[0, 1, 2]",3,0,16,-0.09433016259154381
T01,BG4,0,0.9950248599052429,0.0,linear,0.00022177586624433493,0.08029144008954366,"[0, 1, 2]",3,0,16,0.24059342905714948
T01,BG4,0,0.9950248599052429,0.0,mlp,0.00022177586624433493,0.08029144008954366,"[0, 1, 2]",3,0,16,0.008811880856613082
T01,BG15,35,0.009900989942252636,1.0,linear,0.000248695930959716,0.09003754456837972,"[0, 1, 2]",3,0,16,0.24684955789627666
T01,BG15,35,0.009900989942252636,1.0,mlp,0.000248695930959716,0.09003754456837972,"[0, 1, 2]",3,0,16,0.06873876978181781
T01,BG14,0,0.9950248599052429,0.0,linear,0.00029412020457039023,0.10648288826147716,"[0, 1, 2]",3,0,16,0.25565334324587635
T01,BG14,0,0.9950248599052429,0.0,mlp,0.00029412020457039023,0.10648288826147716,"[0, 1, 2]",3,0,16,0.05172280190245233
T01,BG8,4,0.9906675815582275,0.11428571428571428,linear,0.0009415983934441954,0.34089503188927966,"[0, 1, 2]",3,0,16,0.22678690836534354
T01,BG8,4,0.9906675815582275,0.11428571428571428,mlp,0.0009415983934441954,0.34089503188927966,"[0, 1, 2]",3,0,16,0.13605831675381766
T01,BG4,23,0.618124783039093,0.6571428571428571,linear,0.00022177586624433493,0.08029144008954366,"[0, 1, 2]",3,0,16,0.31178794542805016
T01,BG4,23,0.618124783039093,0.6571428571428571,mlp,0.00022177586624433493,0.08029144008954366,"[0, 1, 2]",3,0,16,0.059061656675708334
T01,BG3,4,0.9906675815582275,0.11428571428571428,linear,0.00018271805794490634,0.06615100304285686,"[0, 1, 2]",3,0,16,0.23249121228469666
T01,BG3,4,0.9906675815582275,0.11428571428571428,mlp,0.00018271805794490634,0.06615100304285686,"[0, 1, 2]",3,0,16,-0.01649383858276323
T01,BG5,0,0.9950248599052429,0.0,linear,0.00047874971538907084,0.17332591116428375,"[0, 1, 2]",3,0,16,0.11935015989074824
T01,BG5,0,0.9950248599052429,0.0,mlp,0.00047874971538907084,0.17332591116428375,"[0, 1, 2]",3,0,16,-0.04425370033147367
T01,BG10,4,0.9906675815582275,0.11428571428571428,linear,0.0010358725931583293,0.3750259379545848,"[0, 1, 2]",3,0,16,0.2807462196333501
T01,BG10,4,0.9906675815582275,0.11428571428571428,mlp,0.0010358725931583293,0.3750259379545848,"[0, 1, 2]",3,0,16,0.14158362362765453
T01,BG3,27,0.30132922530174255,0.7714285714285715,linear,0.00018271805794490634,0.06615100304285686,"[0, 1, 2]",3,0,16,0.29344842109759806
T01,BG3,27,0.30132922530174255,0.7714285714285715,mlp,0.00018271805794490634,0.06615100304285686,"[0, 1, 2]",3,0,16,0.1137474200332535
T01,BG10,0,0.9950248599052429,0.0,linear,0.0010358725931583293,0.3750259379545848,"[0, 1, 2]",3,0,16,0.29017074971705714
T01,BG10,0,0.9950248599052429,0.0,mlp,0.0010358725931583293,0.3750259379545848,"[0, 1, 2]",3,0,16,0.1523261613285005
T01,BG4,19,0.831115186214447,0.5428571428571428,linear,0.00022177586624433493,0.08029144008954366,"[0, 1, 2]",3,0,16,0.25349292554622677
T01,BG4,19,0.831115186214447,0.5428571428571428,mlp,0.00022177586624433493,0.08029144008954366,"[0, 1, 2]",3,0,16,0.26595223476718965
T01,BG12,23,0.618124783039093,0.6571428571428571,linear,0.00042501362227089276,0.15387136737505594,"[0, 1, 2]",3,0,16,0.3046622928840662
T01,BG12,23,0.618124783039093,0.6571428571428571,mlp,0.00042501362227089276,0.15387136737505594,"[0, 1, 2]",3,0,16,0.028127308816367397
T01,BG1,0,0.9950248599052429,0.0,linear,0.00015902781104924923,0.05757421751817068,"[0, 1, 2]",3,0,16,0.2606876787771371
T01,BG1,0,0.9950248599052429,0.0,mlp,0.00015902781104924923,0.05757421751817068,"[0, 1, 2]",3,0,16,0.002010386600557723
T01,BG9,35,0.009900989942252636,1.0,linear,0.0003690880744588308,0.13362415631612143,"[0, 1, 2]",3,0,16,0.11055017255742719
T01,BG9,35,0.009900989942252636,1.0,mlp,0.0003690880744588308,0.13362415631612143,"[0, 1, 2]",3,0,16,-0.11060086678954034
T01,BG15,0,0.9950248599052429,0.0,linear,0.000248695930959716,0.09003754456837972,"[0, 1, 2]",3,0,16,0.2406990799110114
T01,BG15,0,0.9950248599052429,0.0,mlp,0.000248695930959716,0.09003754456837972,"[0, 1, 2]",3,0,16,0.02974789010354562
T02,BG11,12,0.9606394171714783,0.34285714285714286,linear,0.0016390730206901807,0.5934078196684519,"[0, 1, 2]",3,0,16,0.3690946856636943
T02,BG11,12,0.9606394171714783,0.34285714285714286,mlp,0.0016390730206901807,0.5934078196684519,"[0, 1, 2]",3,0,16,0.42101180071047806
T02,BG2,8,0.9814466834068298,0.22857142857142856,linear,0.00015051536527140453,0.054492382953564324,"[0, 1, 2]",3,0,16,0.3885171536307859
T02,BG2,8,0.9814466834068298,0.22857142857142856,mlp,0.00015051536527140453,0.054492382953564324,"[0, 1, 2]",3,0,16,0.4492429321097326
T02,BG4,16,0.9109315872192383,0.45714285714285713,linear,0.00018722180267596836,0.06778153280417125,"[0, 1, 2]",3,0,16,0.31598013917222834
T02,BG4,16,0.9109315872192383,0.45714285714285713,mlp,0.00018722180267596836,0.06778153280417125,"[0, 1, 2]",3,0,16,0.2414299775513565
T02,BG8,12,0.9606394171714783,0.34285714285714286,linear,0.004664881242784909,1.688867410024007,"[0, 1, 2]",3,0,16,0.2618608806169821
T02,BG8,12,0.9606394171714783,0.34285714285714286,mlp,0.004664881242784909,1.688867410024007,"[0, 1, 2]",3,0,16,0.3515412979728084
T02,BG13,0,0.9950248599052429,0.0,linear,0.00019006569283449865,0.06881113102038701,"[0, 1, 2]",3,0,16,0.41198134388407653
T02,BG13,0,0.9950248599052429,0.0,mlp,0.00019006569283449865,0.06881113102038701,"[0, 1, 2]",3,0,16,0.45756908878628605
T02,BG13,19,0.831115186214447,0.5428571428571428,linear,0.00019006569283449865,0.06881113102038701,"[0, 1, 2]",3,0,16,0.4150380229827528
T02,BG13,19,0.831115186214447,0.5428571428571428,mlp,0.00019006569283449865,0.06881113102038701,"[0, 1, 2]",3,0,16,0.3681220813118272
T02,BG9,4,0.9906675815582275,0.11428571428571428,linear,0.000696617147417883,0.2522023469209671,"[0, 1, 2]",3,0,16,0.3906587521027035
T02,BG9,4,0.9906675815582275,0.11428571428571428,mlp,0.000696617147417883,0.2522023469209671,"[0, 1, 2]",3,0,16,0.4330260018327432
T02,BG14,27,0.30132922530174255,0.7714285714285715,linear,0.0014773469195572132,0.5348567167917887,"[0, 1, 2]",3,0,16,0.44404496247303876
T02,BG14,27,0.30132922530174255,0.7714285714285715,mlp,0.0014773469195572132,0.5348567167917887,"[0, 1, 2]",3,0,16,0.3070244359743122
T02,BG7,35,0.009900989942252636,1.0,linear,0.0003421892478038321,0.12388574083646138,"[0, 1, 2]",3,0,16,-0.17424709609436614
T02,BG7,35,0.009900989942252636,1.0,mlp,0.0003421892478038321,0.12388574083646138,"[0, 1, 2]",3,0,16,0.008610929489364375
T02,BG14,31,0.07776966691017151,0.8857142857142857,linear,0.0014773469195572132,0.5348567167917887,"[0, 1, 2]",3,0,16,0.41812377962982183
T02,BG14,31,0.07776966691017151,0.8857142857142857,mlp,0.0014773469195572132,0.5348567167917887,"[0, 1, 2]",3,0,16,0.35697590325185435
T02,BG13,31,0.07776966691017151,0.8857142857142857,linear,0.00019006569283449865,0.06881113102038701,"[0, 1, 2]",3,0,16,0.42098594063918643
T02,BG13,31,0.07776966691017151,0.8857142857142857,mlp,0.00019006569283449865,0.06881113102038701,"[0, 1, 2]",3,0,16,0.3330738869839359
T02,BG12,8,0.9814466834068298,0.22857142857142856,linear,0.00021023758337819455,0.07611413548390071,"[0, 1, 2]",3,0,16,0.4054479614252616
T02,BG12,8,0.9814466834068298,0.22857142857142856,mlp,0.00021023758337819455,0.07611413548390071,"[0, 1, 2]",3,0,16,0.45871173510444574
T02,BG7,27,0.30132922530174255,0.7714285714285715,linear,0.0003421892478038321,0.12388574083646138,"[0, 1, 2]",3,0,16,0.4552541765898875
T02,BG7,27,0.30132922530174255,0.7714285714285715,mlp,0.0003421892478038321,0.12388574083646138,"[0, 1, 2]",3,0,16,0.27165150237561136
T02,BG9,31,0.07776966691017151,0.8857142857142857,linear,0.000696617147417883,0.2522023469209671,"[0, 1, 2]",3,0,16,0.40568509118682505
T02,BG9,31,0.07776966691017151,0.8857142857142857,mlp,0.000696617147417883,0.2522023469209671,"[0, 1, 2]",3,0,16,0.3255529117324797
T02,BG14,16,0.9109315872192383,0.45714285714285713,linear,0.0014773469195572132,0.5348567167917887,"[0, 1, 2]",3,0,16,0.3347878510209307
T02,BG14,16,0.9109315872192383,0.45714285714285713,mlp,0.0014773469195572132,0.5348567167917887,"[0, 1, 2]",3,0,16,0.26358151146667946
T02,BG11,35,0.009900989942252636,1.0,linear,0.0016390730206901807,0.5934078196684519,"[0, 1, 2]",3,0,16,0.2722363920400267
T02,BG11,35,0.009900989942252636,1.0,mlp,0.0016390730206901807,0.5934078196684519,"[0, 1, 2]",3,0,16,0.28686182637891167
T02,BG8,16,0.9109315872192383,0.45714285714285713,linear,0.004664881242784909,1.688867410024007,"[0, 1, 2]",3,0,16,0.27146170914535717
T02,BG8,16,0.9109315872192383,0.45714285714285713,mlp,0.004664881242784909,1.688867410024007,"[0, 1, 2]",3,0,16,0.3449464828155843
T02,BG10,23,0.618124783039093,0.6571428571428571,linear,0.006727899342403071,2.435759743054708,"[0, 1, 2]",3,0,16,0.398492701451638
T02,BG10,23,0.618124783039093,0.6571428571428571,mlp,0.006727899342403071,2.435759743054708,"[0, 1, 2]",3,0,16,0.261478907944446
T02,BG13,4,0.9906675815582275,0.11428571428571428,linear,0.00019006569283449865,0.06881113102038701,"[0, 1, 2]",3,0,16,0.4113472281362368
T02,BG13,4,0.9906675815582275,0.11428571428571428,mlp,0.00019006569283449865,0.06881113102038701,"[0, 1, 2]",3,0,16,0.45646739272628317
T02,BG4,27,0.30132922530174255,0.7714285714285715,linear,0.00018722180267596836,0.06778153280417125,"[0, 1, 2]",3,0,16,0.45876121929496677
T02,BG4,27,0.30132922530174255,0.7714285714285715,mlp,0.00018722180267596836,0.06778153280417125,"[0, 1, 2]",3,0,16,0.3127650652347845
T02,BG2,23,0.618124783039093,0.6571428571428571,linear,0.00015051536527140453,0.054492382953564324,"[0, 1, 2]",3,0,16,0.4813555264346629
T02,BG2,23,0.618124783039093,0.6571428571428571,mlp,0.00015051536527140453,0.054492382953564324,"[0, 1, 2]",3,0,16,0.35387367665190317
T02,BG7,23,0.618124783039093,0.6571428571428571,linear,0.0003421892478038321,0.12388574083646138,"[0, 1, 2]",3,0,16,0.4811363677336408
T02,BG7,23,0.618124783039093,0.6571428571428571,mlp,0.0003421892478038321,0.12388574083646138,"[0, 1, 2]",3,0,16,0.3413587157730647
T02,BG8,35,0.009900989942252636,1.0,linear,0.004664881242784909,1.688867410024007,"[0, 1, 2]",3,0,16,0.1645101620425981
T02,BG8,35,0.009900989942252636,1.0,mlp,0.004664881242784909,1.688867410024007,"[0, 1, 2]",3,0,16,0.24651486569180978
T02,BG1,4,0.9906675815582275,0.11428571428571428,linear,0.00016151088398587185,0.058473185946544014,"[0, 1, 2]",3,0,16,0.3946781781879241
T02,BG1,4,0.9906675815582275,0.11428571428571428,mlp,0.00016151088398587185,0.058473185946544014,"[0, 1, 2]",3,0,16,0.44579160335641566
T02,BG12,35,0.009900989942252636,1.0,linear,0.00021023758337819455,0.07611413548390071,"[0, 1, 2]",3,0,16,0.3066251993984411
T02,BG12,35,0.009900989942252636,1.0,mlp,0.00021023758337819455,0.07611413548390071,"[0, 1, 2]",3,0,16,0.3223589907664836
T02,BG3,19,0.831115186214447,0.5428571428571428,linear,0.00038914482947104774,0.1408854772647222,"[0, 1, 2]",3,0,16,0.4112786014940769
T02,BG3,19,0.831115186214447,0.5428571428571428,mlp,0.00038914482947104774,0.1408854772647222,"[0, 1, 2]",3,0,16,0.3621448907213887
T02,BG14,35,0.009900989942252636,1.0,linear,0.0014773469195572132,0.5348567167917887,"[0, 1, 2]",3,0,16,0.2796845050009864
T02,BG14,35,0.009900989942252636,1.0,mlp,0.0014773469195572132,0.5348567167917887,"[0, 1, 2]",3,0,16,0.30228696440619335
T02,BG12,27,0.30132922530174255,0.7714285714285715,linear,0.00021023758337819455,0.07611413548390071,"[0, 1, 2]",3,0,16,0.4623901356534317
T02,BG12,27,0.30132922530174255,0.7714285714285715,mlp,0.00021023758337819455,0.07611413548390071,"[0, 1, 2]",3,0,16,0.32829757840917445
T02,BG10,35,0.009900989942252636,1.0,linear,0.006727899342403071,2.435759743054708,"[0, 1, 2]",3,0,16,0.26398906945668466
T02,BG10,35,0.009900989942252636,1.0,mlp,0.006727899342403071,2.435759743054708,"[0, 1, 2]",3,0,16,0.2761890601270398
T02,BG14,4,0.9906675815582275,0.11428571428571428,linear,0.0014773469195572132,0.5348567167917887,"[0, 1, 2]",3,0,16,0.39980709132480513
T02,BG14,4,0.9906675815582275,0.11428571428571428,mlp,0.0014773469195572132,0.5348567167917887,"[0, 1, 2]",3,0,16,0.4328412191777397
T02,BG11,31,0.07776966691017151,0.8857142857142857,linear,0.0016390730206901807,0.5934078196684519,"[0, 1, 2]",3,0,16,0.42388170916631396
T02,BG11,31,0.07776966691017151,0.8857142857142857,mlp,0.0016390730206901807,0.5934078196684519,"[0, 1, 2]",3,0,16,0.3412766147804283
T02,BG1,12,0.9606394171714783,0.34285714285714286,linear,0.00016151088398587185,0.058473185946544014,"[0, 1, 2]",3,0,16,0.3722613206349775
T02,BG1,12,0.9606394171714783,0.34285714285714286,mlp,0.00016151088398587185,0.058473185946544014,"[0, 1, 2]",3,0,16,0.43523660539337267
T02,BG9,23,0.618124783039093,0.6571428571428571,linear,0.000696617147417883,0.2522023469209671,"[0, 1, 2]",3,0,16,0.4397722701489196
T02,BG9,23,0.618124783039093,0.6571428571428571,mlp,0.000696617147417883,0.2522023469209671,"[0, 1, 2]",3,0,16,0.2989487012020045
T02,BG3,35,0.009900989942252636,1.0,linear,0.00038914482947104774,0.1408854772647222,"[0, 1, 2]",3,0,16,0.32262406128596693
T02,BG3,35,0.009900989942252636,1.0,mlp,0.00038914482947104774,0.1408854772647222,"[0, 1, 2]",3,0,16,0.28107282913098286
T02,BG4,31,0.07776966691017151,0.8857142857142857,linear,0.00018722180267596836,0.06778153280417125,"[0, 1, 2]",3,0,16,0.4182257616942817
T02,BG4,31,0.07776966691017151,0.8857142857142857,mlp,0.00018722180267596836,0.06778153280417125,"[0, 1, 2]",3,0,16,0.33376820871488666
T02,BG9,8,0.9814466834068298,0.22857142857142856,linear,0.000696617147417883,0.2522023469209671,"[0, 1, 2]",3,0,16,0.3809532748201082
T02,BG9,8,0.9814466834068298,0.22857142857142856,mlp,0.000696617147417883,0.2522023469209671,"[0, 1, 2]",3,0,16,0.43965069418616376
T02,BG6,27,0.30132922530174255,0.7714285714285715,linear,0.0015325913128331847,0.5548573235670725,"[0, 1, 2]",3,0,16,0.4666201678347518
T02,BG6,27,0.30132922530174255,0.7714285714285715,mlp,0.0015325913128331847,0.5548573235670725,"[0, 1, 2]",3,0,16,0.2567948950413374
T02,BG3,0,0.9950248599052429,0.0,linear,0.00038914482947104774,0.1408854772647222,"[0, 1, 2]",3,0,16,0.4008324414729596
T02,BG3,0,0.9950248599052429,0.0,mlp,0.00038914482947104774,0.1408854772647222,"[0, 1, 2]",3,0,16,0.4431728387055311
T02,BG9,12,0.9606394171714783,0.34285714285714286,linear,0.000696617147417883,0.2522023469209671,"[0, 1, 2]",3,0,16,0.35821302090243173
T02,BG9,12,0.9606394171714783,0.34285714285714286,mlp,0.000696617147417883,0.2522023469209671,"[0, 1, 2]",3,0,16,0.416676670837562
T02,BG2,35,0.009900989942252636,1.0,linear,0.00015051536527140453,0.054492382953564324,"[0, 1, 2]",3,0,16,0.28125966642358985
T02,BG2,35,0.009900989942252636,1.0,mlp,0.00015051536527140453,0.054492382953564324,"[0, 1, 2]",3,0,16,0.2570168396737393
T02,BG8,31,0.07776966691017151,0.8857142857142857,linear,0.004664881242784909,1.688867410024007,"[0, 1, 2]",3,0,16,0.3222603969979627
T02,BG8,31,0.07776966691017151,0.8857142857142857,mlp,0.004664881242784909,1.688867410024007,"[0, 1, 2]",3,0,16,0.22905367897673182
T02,BG2,31,0.07776966691017151,0.8857142857142857,linear,0.00015051536527140453,0.054492382953564324,"[0, 1, 2]",3,0,16,0.4117680667551793
T02,BG2,31,0.07776966691017151,0.8857142857142857,mlp,0.00015051536527140453,0.054492382953564324,"[0, 1, 2]",3,0,16,0.2916110219179431
T02,BG14,12,0.9606394171714783,0.34285714285714286,linear,0.0014773469195572132,0.5348567167917887,"[0, 1, 2]",3,0,16,0.3654459828435824
T02,BG14,12,0.9606394171714783,0.34285714285714286,mlp,0.0014773469195572132,0.5348567167917887,"[0, 1, 2]",3,0,16,0.4188641889506512
T02,BG11,8,0.9814466834068298,0.22857142857142856,linear,0.0016390730206901807,0.5934078196684519,"[0, 1, 2]",3,0,16,0.38220644617968147
T02,BG11,8,0.9814466834068298,0.22857142857142856,mlp,0.0016390730206901807,0.5934078196684519,"[0, 1, 2]",3,0,16,0.4343147116922124
T02,BG13,8,0.9814466834068298,0.22857142857142856,linear,0.00019006569283449865,0.06881113102038701,"[0, 1, 2]",3,0,16,0.40021553098636276
T02,BG13,8,0.9814466834068298,0.22857142857142856,mlp,0.00019006569283449865,0.06881113102038701,"[0, 1, 2]",3,0,16,0.45900834330692275
T02,BG1,23,0.618124783039093,0.6571428571428571,linear,0.00016151088398587185,0.058473185946544014,"[0, 1, 2]",3,0,16,0.47292555239589634
T02,BG1,23,0.618124783039093,0.6571428571428571,mlp,0.00016151088398587185,0.058473185946544014,"[0, 1, 2]",3,0,16,0.35533817304267606
T02,BG9,0,0.9950248599052429,0.0,linear,0.000696617147417883,0.2522023469209671,"[0, 1, 2]",3,0,16,0.392457851986406
T02,BG9,0,0.9950248599052429,0.0,mlp,0.000696617147417883,0.2522023469209671,"[0, 1, 2]",3,0,16,0.43214722930433913
T02,BG6,0,0.9950248599052429,0.0,linear,0.0015325913128331847,0.5548573235670725,"[0, 1, 2]",3,0,16,0.36447941159038894
T02,BG6,0,0.9950248599052429,0.0,mlp,0.0015325913128331847,0.5548573235670725,"[0, 1, 2]",3,0,16,0.41262207111122357
T02,BG9,27,0.30132922530174255,0.7714285714285715,linear,0.000696617147417883,0.2522023469209671,"[0, 1, 2]",3,0,16,0.45498151698680916
T02,BG9,27,0.30132922530174255,0.7714285714285715,mlp,0.000696617147417883,0.2522023469209671,"[0, 1, 2]",3,0,16,0.3538494631992025
T02,BG3,8,0.9814466834068298,0.22857142857142856,linear,0.00038914482947104774,0.1408854772647222,"[0, 1, 2]",3,0,16,0.39104966309802214
T02,BG3,8,0.9814466834068298,0.22857142857142856,mlp,0.00038914482947104774,0.1408854772647222,"[0, 1, 2]",3,0,16,0.44799745055265383
T02,BG14,19,0.831115186214447,0.5428571428571428,linear,0.0014773469195572132,0.5348567167917887,"[0, 1, 2]",3,0,16,0.39521690341493426
T02,BG14,19,0.831115186214447,0.5428571428571428,mlp,0.0014773469195572132,0.5348567167917887,"[0, 1, 2]",3,0,16,0.36926420901155615
T02,BG15,19,0.831115186214447,0.5428571428571428,linear,0.0004120192220393778,0.1491668919722239,"[0, 1, 2]",3,0,16,0.39778801485528936
T02,BG15,19,0.831115186214447,0.5428571428571428,mlp,0.0004120192220393778,0.1491668919722239,"[0, 1, 2]",3,0,16,0.34694050794889203
T02,BG3,23,0.618124783039093,0.6571428571428571,linear,0.00038914482947104774,0.1408854772647222,"[0, 1, 2]",3,0,16,0.46836813517196996
T02,BG3,23,0.618124783039093,0.6571428571428571,mlp,0.00038914482947104774,0.1408854772647222,"[0, 1, 2]",3,0,16,0.3556501512345782
T02,BG8,8,0.9814466834068298,0.22857142857142856,linear,0.004664881242784909,1.688867410024007,"[0, 1, 2]",3,0,16,0.28714669441651736
T02,BG8,8,0.9814466834068298,0.22857142857142856,mlp,0.004664881242784909,1.688867410024007,"[0, 1, 2]",3,0,16,0.36419032948511465
T02,BG14,23,0.618124783039093,0.6571428571428571,linear,0.0014773469195572132,0.5348567167917887,"[0, 1, 2]",3,0,16,0.4655583211597268
T02,BG14,23,0.618124783039093,0.6571428571428571,mlp,0.0014773469195572132,0.5348567167917887,"[0, 1, 2]",3,0,16,0.3469860464880378
T02,BG5,8,0.9814466834068298,0.22857142857142856,linear,0.0002511897978524148,0.09094042082627614,"[0, 1, 2]",3,0,16,0.36980962051730026
T02,BG5,8,0.9814466834068298,0.22857142857142856,mlp,0.0002511897978524148,0.09094042082627614,"[0, 1, 2]",3,0,16,0.42098064421649717
T02,BG10,16,0.9109315872192383,0.45714285714285713,linear,0.006727899342403071,2.435759743054708,"[0, 1, 2]",3,0,16,0.30026141169724824
T02,BG10,16,0.9109315872192383,0.45714285714285713,mlp,0.006727899342403071,2.435759743054708,"[0, 1, 2]",3,0,16,0.3087609661074789
T02,BG2,12,0.9606394171714783,0.34285714285714286,linear,0.00015051536527140453,0.054492382953564324,"[0, 1, 2]",3,0,16,0.37933409164853243
T02,BG2,12,0.9606394171714783,0.34285714285714286,mlp,0.00015051536527140453,0.054492382953564324,"[0, 1, 2]",3,0,16,0.43465682350996226
T02,BG6,31,0.07776966691017151,0.8857142857142857,linear,0.0015325913128331847,0.5548573235670725,"[0, 1, 2]",3,0,16,0.392304702907981
T02,BG6,31,0.07776966691017151,0.8857142857142857,mlp,0.0015325913128331847,0.5548573235670725,"[0, 1, 2]",3,0,16,0.1651142281020809
T02,BG5,19,0.831115186214447,0.5428571428571428,linear,0.0002511897978524148,0.09094042082627614,"[0, 1, 2]",3,0,16,0.29095229031292247
T02,BG5,19,0.831115186214447,0.5428571428571428,mlp,0.0002511897978524148,0.09094042082627614,"[0, 1, 2]",3,0,16,0.32123635544271734
T02,BG2,19,0.831115186214447,0.5428571428571428,linear,0.00015051536527140453,0.054492382953564324,"[0, 1, 2]",3,0,16,0.4151755905420142
T02,BG2,19,0.831115186214447,0.5428571428571428,mlp,0.00015051536527140453,0.054492382953564324,"[0, 1, 2]",3,0,16,0.36518484288866027
T02,BG10,31,0.07776966691017151,0.8857142857142857,linear,0.006727899342403071,2.435759743054708,"[0, 1, 2]",3,0,16,0.4182558274797137
T02,BG10,31,0.07776966691017151,0.8857142857142857,mlp,0.006727899342403071,2.435759743054708,"[0, 1, 2]",3,0,16,0.33673915147586836
T02,BG7,12,0.9606394171714783,0.34285714285714286,linear,0.0003421892478038321,0.12388574083646138,"[0, 1, 2]",3,0,16,0.05831289397002141
T02,BG7,12,0.9606394171714783,0.34285714285714286,mlp,0.0003421892478038321,0.12388574083646138,"[0, 1, 2]",3,0,16,0.3169878750964832
T02,BG12,12,0.9606394171714783,0.34285714285714286,linear,0.00021023758337819455,0.07611413548390071,"[0, 1, 2]",3,0,16,0.39910075396097333
T02,BG12,12,0.9606394171714783,0.34285714285714286,mlp,0.00021023758337819455,0.07611413548390071,"[0, 1, 2]",3,0,16,0.4430206089055847
T02,BG11,19,0.831115186214447,0.5428571428571428,linear,0.0016390730206901807,0.5934078196684519,"[0, 1, 2]",3,0,16,0.412833994226214
T02,BG11,19,0.831115186214447,0.5428571428571428,mlp,0.0016390730206901807,0.5934078196684519,"[0, 1, 2]",3,0,16,0.35647082143648945
T02,BG11,4,0.9906675815582275,0.11428571428571428,linear,0.0016390730206901807,0.5934078196684519,"[0, 1, 2]",3,0,16,0.3944603052979311
T02,BG11,4,0.9906675815582275,0.11428571428571428,mlp,0.0016390730206901807,0.5934078196684519,"[0, 1, 2]",3,0,16,0.4342937188158284
T02,BG13,27,0.30132922530174255,0.7714285714285715,linear,0.00019006569283449865,0.06881113102038701,"[0, 1, 2]",3,0,16,0.4676307758790872
T02,BG13,27,0.30132922530174255,0.7714285714285715,mlp,0.00019006569283449865,0.06881113102038701,"[0, 1, 2]",3,0,16,0.3325296776761174
T02,BG2,16,0.9109315872192383,0.45714285714285713,linear,0.00015051536527140453,0.054492382953564324,"[0, 1, 2]",3,0,16,0.32059246675130115
T02,BG2,16,0.9109315872192383,0.45714285714285713,mlp,0.00015051536527140453,0.054492382953564324,"[0, 1, 2]",3,0,16,0.22809489300471583
T02,BG2,4,0.9906675815582275,0.11428571428571428,linear,0.00015051536527140453,0.054492382953564324,"[0, 1, 2]",3,0,16,0.3983270171432668
T02,BG2,4,0.9906675815582275,0.11428571428571428,mlp,0.00015051536527140453,0.054492382953564324,"[0, 1, 2]",3,0,16,0.4457657145962236
T02,BG1,35,0.009900989942252636,1.0,linear,0.00016151088398587185,0.058473185946544014,"[0, 1, 2]",3,0,16,0.31709552615592046
T02,BG1,35,0.009900989942252636,1.0,mlp,0.00016151088398587185,0.058473185946544014,"[0, 1, 2]",3,0,16,0.28667124257961496
T02,BG3,31,0.07776966691017151,0.8857142857142857,linear,0.00038914482947104774,0.1408854772647222,"[0, 1, 2]",3,0,16,0.4157247273476891
T02,BG3,31,0.07776966691017151,0.8857142857142857,mlp,0.00038914482947104774,0.1408854772647222,"[0, 1, 2]",3,0,16,0.3223459795263096
T02,BG14,8,0.9814466834068298,0.22857142857142856,linear,0.0014773469195572132,0.5348567167917887,"[0, 1, 2]",3,0,16,0.3883716156650007
T02,BG14,8,0.9814466834068298,0.22857142857142856,mlp,0.0014773469195572132,0.5348567167917887,"[0, 1, 2]",3,0,16,0.44058709307388544
T02,BG1,31,0.07776966691017151,0.8857142857142857,linear,0.00016151088398587185,0.058473185946544014,"[0, 1, 2]",3,0,16,0.41781555780601615
T02,BG1,31,0.07776966691017151,0.8857142857142857,mlp,0.00016151088398587185,0.058473185946544014,"[0, 1, 2]",3,0,16,0.3209978660848621
T02,BG15,4,0.9906675815582275,0.11428571428571428,linear,0.0004120192220393778,0.1491668919722239,"[0, 1, 2]",3,0,16,0.39670115038605036
T02,BG15,4,0.9906675815582275,0.11428571428571428,mlp,0.0004120192220393778,0.1491668919722239,"[0, 1, 2]",3,0,16,0.43374799999965274
T02,BG12,19,0.831115186214447,0.5428571428571428,linear,0.00021023758337819455,0.07611413548390071,"[0, 1, 2]",3,0,16,0.41631777553314236
T02,BG12,19,0.831115186214447,0.5428571428571428,mlp,0.00021023758337819455,0.07611413548390071,"[0, 1, 2]",3,0,16,0.3775543988374555
T02,BG9,19,0.831115186214447,0.5428571428571428,linear,0.000696617147417883,0.2522023469209671,"[0, 1, 2]",3,0,16,0.3374503018327791
T02,BG9,19,0.831115186214447,0.5428571428571428,mlp,0.000696617147417883,0.2522023469209671,"[0, 1, 2]",3,0,16,0.3379804192627365
T02,BG8,19,0.831115186214447,0.5428571428571428,linear,0.004664881242784909,1.688867410024007,"[0, 1, 2]",3,0,16,0.09826096695839354
T02,BG8,19,0.831115186214447,0.5428571428571428,mlp,0.004664881242784909,1.688867410024007,"[0, 1, 2]",3,0,16,0.12205517011333407
T02,BG10,19,0.831115186214447,0.5428571428571428,linear,0.006727899342403071,2.435759743054708,"[0, 1, 2]",3,0,16,0.3075191809519655
T02,BG10,19,0.831115186214447,0.5428571428571428,mlp,0.006727899342403071,2.435759743054708,"[0, 1, 2]",3,0,16,0.3265253814986262
T02,BG6,23,0.618124783039093,0.6571428571428571,linear,0.0015325913128331847,0.5548573235670725,"[0, 1, 2]",3,0,16,0.4911946945705376
T02,BG6,23,0.618124783039093,0.6571428571428571,mlp,0.0015325913128331847,0.5548573235670725,"[0, 1, 2]",3,0,16,0.3333462699249381
T02,BG5,23,0.618124783039093,0.6571428571428571,linear,0.0002511897978524148,0.09094042082627614,"[0, 1, 2]",3,0,16,0.4620582597879678
T02,BG5,23,0.618124783039093,0.6571428571428571,mlp,0.0002511897978524148,0.09094042082627614,"[0, 1, 2]",3,0,16,0.33948818099433803
T02,BG6,19,0.831115186214447,0.5428571428571428,linear,0.0015325913128331847,0.5548573235670725,"[0, 1, 2]",3,0,16,0.35467179753875705
T02,BG6,19,0.831115186214447,0.5428571428571428,mlp,0.0015325913128331847,0.5548573235670725,"[0, 1, 2]",3,0,16,0.3049984243443821
T02,BG10,8,0.9814466834068298,0.22857142857142856,linear,0.006727899342403071,2.435759743054708,"[0, 1, 2]",3,0,16,0.2829519166461592
T02,BG10,8,0.9814466834068298,0.22857142857142856,mlp,0.006727899342403071,2.435759743054708,"[0, 1, 2]",3,0,16,0.35906643029089325
T02,BG7,8,0.9814466834068298,0.22857142857142856,linear,0.0003421892478038321,0.12388574083646138,"[0, 1, 2]",3,0,16,0.03347269078080825
T02,BG7,8,0.9814466834068298,0.22857142857142856,mlp,0.0003421892478038321,0.12388574083646138,"[0, 1, 2]",3,0,16,0.31747085202185055
T02,BG13,12,0.9606394171714783,0.34285714285714286,linear,0.00019006569283449865,0.06881113102038701,"[0, 1, 2]",3,0,16,0.39373391768040206
T02,BG13,12,0.9606394171714783,0.34285714285714286,mlp,0.00019006569283449865,0.06881113102038701,"[0, 1, 2]",3,0,16,0.44167086282218015
T02,BG13,16,0.9109315872192383,0.45714285714285713,linear,0.00019006569283449865,0.06881113102038701,"[0, 1, 2]",3,0,16,0.3321260713594764
T02,BG13,16,0.9109315872192383,0.45714285714285713,mlp,0.00019006569283449865,0.06881113102038701,"[0, 1, 2]",3,0,16,0.27636139087965056
T02,BG15,8,0.9814466834068298,0.22857142857142856,linear,0.0004120192220393778,0.1491668919722239,"[0, 1, 2]",3,0,16,0.38479897462789137
T02,BG15,8,0.9814466834068298,0.22857142857142856,mlp,0.0004120192220393778,0.1491668919722239,"[0, 1, 2]",3,0,16,0.4400836165374086
T02,BG12,4,0.9906675815582275,0.11428571428571428,linear,0.00021023758337819455,0.07611413548390071,"[0, 1, 2]",3,0,16,0.41363589205048407
T02,BG12,4,0.9906675815582275,0.11428571428571428,mlp,0.00021023758337819455,0.07611413548390071,"[0, 1, 2]",3,0,16,0.4541077211482657
T02,BG2,0,0.9950248599052429,0.0,linear,0.00015051536527140453,0.054492382953564324,"[0, 1, 2]",3,0,16,0.4002517085040525
T02,BG2,0,0.9950248599052429,0.0,mlp,0.00015051536527140453,0.054492382953564324,"[0, 1, 2]",3,0,16,0.4469372966638943
T02,BG9,16,0.9109315872192383,0.45714285714285713,linear,0.000696617147417883,0.2522023469209671,"[0, 1, 2]",3,0,16,0.26555507909704845
T02,BG9,16,0.9109315872192383,0.45714285714285713,mlp,0.000696617147417883,0.2522023469209671,"[0, 1, 2]",3,0,16,0.3517880532108908
T02,BG4,4,0.9906675815582275,0.11428571428571428,linear,0.00018722180267596836,0.06778153280417125,"[0, 1, 2]",3,0,16,0.39972851621649774
T02,BG4,4,0.9906675815582275,0.11428571428571428,mlp,0.00018722180267596836,0.06778153280417125,"[0, 1, 2]",3,0,16,0.44604157156621266
T02,BG7,31,0.07776966691017151,0.8857142857142857,linear,0.0003421892478038321,0.12388574083646138,"[0, 1, 2]",3,0,16,0.32855737919096983
T02,BG7,31,0.07776966691017151,0.8857142857142857,mlp,0.0003421892478038321,0.12388574083646138,"[0, 1, 2]",3,0,16,0.09844868692237144
T02,BG3,16,0.9109315872192383,0.45714285714285713,linear,0.00038914482947104774,0.1408854772647222,"[0, 1, 2]",3,0,16,0.3104438311066998
T02,BG3,16,0.9109315872192383,0.45714285714285713,mlp,0.00038914482947104774,0.1408854772647222,"[0, 1, 2]",3,0,16,0.2451153144440703
T02,BG1,19,0.831115186214447,0.5428571428571428,linear,0.00016151088398587185,0.058473185946544014,"[0, 1, 2]",3,0,16,0.41230153954939663
T02,BG1,19,0.831115186214447,0.5428571428571428,mlp,0.00016151088398587185,0.058473185946544014,"[0, 1, 2]",3,0,16,0.36927347206188565
T02,BG10,12,0.9606394171714783,0.34285714285714286,linear,0.006727899342403071,2.435759743054708,"[0, 1, 2]",3,0,16,0.26490553937970157
T02,BG10,12,0.9606394171714783,0.34285714285714286,mlp,0.006727899342403071,2.435759743054708,"[0, 1, 2]",3,0,16,0.3470994189977255
T02,BG2,27,0.30132922530174255,0.7714285714285715,linear,0.00015051536527140453,0.054492382953564324,"[0, 1, 2]",3,0,16,0.4656928724751716
T02,BG2,27,0.30132922530174255,0.7714285714285715,mlp,0.00015051536527140453,0.054492382953564324,"[0, 1, 2]",3,0,16,0.31854885701914964
T02,BG12,16,0.9109315872192383,0.45714285714285713,linear,0.00021023758337819455,0.07611413548390071,"[0, 1, 2]",3,0,16,0.3426216607706626
T02,BG12,16,0.9109315872192383,0.45714285714285713,mlp,0.00021023758337819455,0.07611413548390071,"[0, 1, 2]",3,0,16,0.3032406581456497
T02,BG15,27,0.30132922530174255,0.7714285714285715,linear,0.0004120192220393778,0.1491668919722239,"[0, 1, 2]",3,0,16,0.4550785448815556
T02,BG15,27,0.30132922530174255,0.7714285714285715,mlp,0.0004120192220393778,0.1491668919722239,"[0, 1, 2]",3,0,16,0.32051533948941746
T02,BG15,12,0.9606394171714783,0.34285714285714286,linear,0.0004120192220393778,0.1491668919722239,"[0, 1, 2]",3,0,16,0.3664368141556254
T02,BG15,12,0.9606394171714783,0.34285714285714286,mlp,0.0004120192220393778,0.1491668919722239,"[0, 1, 2]",3,0,16,0.4211737820341779
T02,BG11,16,0.9109315872192383,0.45714285714285713,linear,0.0016390730206901807,0.5934078196684519,"[0, 1, 2]",3,0,16,0.32864759132499144
T02,BG11,16,0.9109315872192383,0.45714285714285713,mlp,0.0016390730206901807,0.5934078196684519,"[0, 1, 2]",3,0,16,0.30435477211729867
T02,BG13,23,0.618124783039093,0.6571428571428571,linear,0.00019006569283449865,0.06881113102038701,"[0, 1, 2]",3,0,16,0.4693530611573073
T02,BG13,23,0.618124783039093,0.6571428571428571,mlp,0.00019006569283449865,0.06881113102038701,"[0, 1, 2]",3,0,16,0.32670225327676555
T02,BG12,31,0.07776966691017151,0.8857142857142857,linear,0.00021023758337819455,0.07611413548390071,"[0, 1, 2]",3,0,16,0.41719123164855737
T02,BG12,31,0.07776966691017151,0.8857142857142857,mlp,0.00021023758337819455,0.07611413548390071,"[0, 1, 2]",3,0,16,0.340789961105184
T02,BG7,19,0.831115186214447,0.5428571428571428,linear,0.0003421892478038321,0.12388574083646138,"[0, 1, 2]",3,0,16,0.12120251424139239
T02,BG7,19,0.831115186214447,0.5428571428571428,mlp,0.0003421892478038321,0.12388574083646138,"[0, 1, 2]",3,0,16,0.2252165388689037
T02,BG15,31,0.07776966691017151,0.8857142857142857,linear,0.0004120192220393778,0.1491668919722239,"[0, 1, 2]",3,0,16,0.41654241760638583
T02,BG15,31,0.07776966691017151,0.8857142857142857,mlp,0.0004120192220393778,0.1491668919722239,"[0, 1, 2]",3,0,16,0.35986717886959674
T02,BG5,12,0.9606394171714783,0.34285714285714286,linear,0.0002511897978524148,0.09094042082627614,"[0, 1, 2]",3,0,16,0.3554286216696235
T02,BG5,12,0.9606394171714783,0.34285714285714286,mlp,0.0002511897978524148,0.09094042082627614,"[0, 1, 2]",3,0,16,0.3840347079508542
T02,BG8,27,0.30132922530174255,0.7714285714285715,linear,0.004664881242784909,1.688867410024007,"[0, 1, 2]",3,0,16,0.40625601911999054
T02,BG8,27,0.30132922530174255,0.7714285714285715,mlp,0.004664881242784909,1.688867410024007,"[0, 1, 2]",3,0,16,0.27927511933997734
T02,BG5,27,0.30132922530174255,0.7714285714285715,linear,0.0002511897978524148,0.09094042082627614,"[0, 1, 2]",3,0,16,0.4770125995274709
T02,BG5,27,0.30132922530174255,0.7714285714285715,mlp,0.0002511897978524148,0.09094042082627614,"[0, 1, 2]",3,0,16,0.359789106403088
T02,BG7,4,0.9906675815582275,0.11428571428571428,linear,0.0003421892478038321,0.12388574083646138,"[0, 1, 2]",3,0,16,0.0324481876347613
T02,BG7,4,0.9906675815582275,0.11428571428571428,mlp,0.0003421892478038321,0.12388574083646138,"[0, 1, 2]",3,0,16,0.3197597184752046
T02,BG5,31,0.07776966691017151,0.8857142857142857,linear,0.0002511897978524148,0.09094042082627614,"[0, 1, 2]",3,0,16,0.41359064800238415
T02,BG5,31,0.07776966691017151,0.8857142857142857,mlp,0.0002511897978524148,0.09094042082627614,"[0, 1, 2]",3,0,16,0.2990790043492122
T02,BG10,27,0.30132922530174255,0.7714285714285715,linear,0.006727899342403071,2.435759743054708,"[0, 1, 2]",3,0,16,0.4462230569280803
T02,BG10,27,0.30132922530174255,0.7714285714285715,mlp,0.006727899342403071,2.435759743054708,"[0, 1, 2]",3,0,16,0.257842754584036
T02,BG6,8,0.9814466834068298,0.22857142857142856,linear,0.0015325913128331847,0.5548573235670725,"[0, 1, 2]",3,0,16,0.3555347615837428
T02,BG6,8,0.9814466834068298,0.22857142857142856,mlp,0.0015325913128331847,0.5548573235670725,"[0, 1, 2]",3,0,16,0.417923615687579
T02,BG4,12,0.9606394171714783,0.34285714285714286,linear,0.00018722180267596836,0.06778153280417125,"[0, 1, 2]",3,0,16,0.3732192210145431
T02,BG4,12,0.9606394171714783,0.34285714285714286,mlp,0.00018722180267596836,0.06778153280417125,"[0, 1, 2]",3,0,16,0.43353722054034893
T02,BG4,35,0.009900989942252636,1.0,linear,0.00018722180267596836,0.06778153280417125,"[0, 1, 2]",3,0,16,0.29289508803835274
T02,BG4,35,0.009900989942252636,1.0,mlp,0.00018722180267596836,0.06778153280417125,"[0, 1, 2]",3,0,16,0.29963866499738573
T02,BG6,16,0.9109315872192383,0.45714285714285713,linear,0.0015325913128331847,0.5548573235670725,"[0, 1, 2]",3,0,16,0.2537861948169469
T02,BG6,16,0.9109315872192383,0.45714285714285713,mlp,0.0015325913128331847,0.5548573235670725,"[0, 1, 2]",3,0,16,0.3301312944713981
T02,BG8,0,0.9950248599052429,0.0,linear,0.004664881242784909,1.688867410024007,"[0, 1, 2]",3,0,16,0.3007173497910473
T02,BG8,0,0.9950248599052429,0.0,mlp,0.004664881242784909,1.688867410024007,"[0, 1, 2]",3,0,16,0.3629830202979383
T02,BG13,35,0.009900989942252636,1.0,linear,0.00019006569283449865,0.06881113102038701,"[0, 1, 2]",3,0,16,0.29700516009161276
T02,BG13,35,0.009900989942252636,1.0,mlp,0.00019006569283449865,0.06881113102038701,"[0, 1, 2]",3,0,16,0.28534473155605533
T02,BG15,23,0.618124783039093,0.6571428571428571,linear,0.0004120192220393778,0.1491668919722239,"[0, 1, 2]",3,0,16,0.46555146743590586
T02,BG15,23,0.618124783039093,0.6571428571428571,mlp,0.0004120192220393778,0.1491668919722239,"[0, 1, 2]",3,0,16,0.32041038527894855
T02,BG3,12,0.9606394171714783,0.34285714285714286,linear,0.00038914482947104774,0.1408854772647222,"[0, 1, 2]",3,0,16,0.374007558816898
T02,BG3,12,0.9606394171714783,0.34285714285714286,mlp,0.00038914482947104774,0.1408854772647222,"[0, 1, 2]",3,0,16,0.4313720353038775
T02,BG1,8,0.9814466834068298,0.22857142857142856,linear,0.00016151088398587185,0.058473185946544014,"[0, 1, 2]",3,0,16,0.3867312951852701
T02,BG1,8,0.9814466834068298,0.22857142857142856,mlp,0.00016151088398587185,0.058473185946544014,"[0, 1, 2]",3,0,16,0.45091192355957554
T02,BG6,35,0.009900989942252636,1.0,linear,0.0015325913128331847,0.5548573235670725,"[0, 1, 2]",3,0,16,0.1478827564470306
T02,BG6,35,0.009900989942252636,1.0,mlp,0.0015325913128331847,0.5548573235670725,"[0, 1, 2]",3,0,16,0.09051002463993063
T02,BG1,27,0.30132922530174255,0.7714285714285715,linear,0.00016151088398587185,0.058473185946544014,"[0, 1, 2]",3,0,16,0.4651553872213554
T02,BG1,27,0.30132922530174255,0.7714285714285715,mlp,0.00016151088398587185,0.058473185946544014,"[0, 1, 2]",3,0,16,0.30979094059565426
T02,BG5,16,0.9109315872192383,0.45714285714285713,linear,0.0002511897978524148,0.09094042082627614,"[0, 1, 2]",3,0,16,0.2039763691483363
T02,BG5,16,0.9109315872192383,0.45714285714285713,mlp,0.0002511897978524148,0.09094042082627614,"[0, 1, 2]",3,0,16,0.24824668164991662
T02,BG12,0,0.9950248599052429,0.0,linear,0.00021023758337819455,0.07611413548390071,"[0, 1, 2]",3,0,16,0.4149838126097997
T02,BG12,0,0.9950248599052429,0.0,mlp,0.00021023758337819455,0.07611413548390071,"[0, 1, 2]",3,0,16,0.45413558034375634
T02,BG7,0,0.9950248599052429,0.0,linear,0.0003421892478038321,0.12388574083646138,"[0, 1, 2]",3,0,16,0.031915053050112746
T02,BG7,0,0.9950248599052429,0.0,mlp,0.0003421892478038321,0.12388574083646138,"[0, 1, 2]",3,0,16,0.3185049129039562
T02,BG6,4,0.9906675815582275,0.11428571428571428,linear,0.0015325913128331847,0.5548573235670725,"[0, 1, 2]",3,0,16,0.36294373630387444
T02,BG6,4,0.9906675815582275,0.11428571428571428,mlp,0.0015325913128331847,0.5548573235670725,"[0, 1, 2]",3,0,16,0.4129862992023266
T02,BG8,23,0.618124783039093,0.6571428571428571,linear,0.004664881242784909,1.688867410024007,"[0, 1, 2]",3,0,16,0.39616592403863105
T02,BG8,23,0.618124783039093,0.6571428571428571,mlp,0.004664881242784909,1.688867410024007,"[0, 1, 2]",3,0,16,0.31658059896585733
T02,BG7,16,0.9109315872192383,0.45714285714285713,linear,0.0003421892478038321,0.12388574083646138,"[0, 1, 2]",3,0,16,-0.2075447919897778
T02,BG7,16,0.9109315872192383,0.45714285714285713,mlp,0.0003421892478038321,0.12388574083646138,"[0, 1, 2]",3,0,16,-0.44033237405706455
T02,BG5,4,0.9906675815582275,0.11428571428571428,linear,0.0002511897978524148,0.09094042082627614,"[0, 1, 2]",3,0,16,0.3825751198191628
T02,BG5,4,0.9906675815582275,0.11428571428571428,mlp,0.0002511897978524148,0.09094042082627614,"[0, 1, 2]",3,0,16,0.41386204633222534
T02,BG15,16,0.9109315872192383,0.45714285714285713,linear,0.0004120192220393778,0.1491668919722239,"[0, 1, 2]",3,0,16,0.3160899500313042
T02,BG15,16,0.9109315872192383,0.45714285714285713,mlp,0.0004120192220393778,0.1491668919722239,"[0, 1, 2]",3,0,16,0.24076714938938684
T02,BG11,0,0.9950248599052429,0.0,linear,0.0016390730206901807,0.5934078196684519,"[0, 1, 2]",3,0,16,0.393357019049632
T02,BG11,0,0.9950248599052429,0.0,mlp,0.0016390730206901807,0.5934078196684519,"[0, 1, 2]",3,0,16,0.4325031191873639
T02,BG4,8,0.9814466834068298,0.22857142857142856,linear,0.00018722180267596836,0.06778153280417125,"[0, 1, 2]",3,0,16,0.3868559028458966
T02,BG4,8,0.9814466834068298,0.22857142857142856,mlp,0.00018722180267596836,0.06778153280417125,"[0, 1, 2]",3,0,16,0.44986764328793033
T02,BG5,35,0.009900989942252636,1.0,linear,0.0002511897978524148,0.09094042082627614,"[0, 1, 2]",3,0,16,0.05516269345221707
T02,BG5,35,0.009900989942252636,1.0,mlp,0.0002511897978524148,0.09094042082627614,"[0, 1, 2]",3,0,16,0.21425013259268236
T02,BG1,16,0.9109315872192383,0.45714285714285713,linear,0.00016151088398587185,0.058473185946544014,"[0, 1, 2]",3,0,16,0.316561182838173
T02,BG1,16,0.9109315872192383,0.45714285714285713,mlp,0.00016151088398587185,0.058473185946544014,"[0, 1, 2]",3,0,16,0.2506155139607262
T02,BG11,27,0.30132922530174255,0.7714285714285715,linear,0.0016390730206901807,0.5934078196684519,"[0, 1, 2]",3,0,16,0.46668180973360834
T02,BG11,27,0.30132922530174255,0.7714285714285715,mlp,0.0016390730206901807,0.5934078196684519,"[0, 1, 2]",3,0,16,0.29098007868203474
T02,BG11,23,0.618124783039093,0.6571428571428571,linear,0.0016390730206901807,0.5934078196684519,"[0, 1, 2]",3,0,16,0.4911724956017278
T02,BG11,23,0.618124783039093,0.6571428571428571,mlp,0.0016390730206901807,0.5934078196684519,"[0, 1, 2]",3,0,16,0.3577339574073231
T02,BG6,12,0.9606394171714783,0.34285714285714286,linear,0.0015325913128331847,0.5548573235670725,"[0, 1, 2]",3,0,16,0.3498197002339845
T02,BG6,12,0.9606394171714783,0.34285714285714286,mlp,0.0015325913128331847,0.5548573235670725,"[0, 1, 2]",3,0,16,0.4294195076078501
T02,BG4,0,0.9950248599052429,0.0,linear,0.00018722180267596836,0.06778153280417125,"[0, 1, 2]",3,0,16,0.40003632419719753
T02,BG4,0,0.9950248599052429,0.0,mlp,0.00018722180267596836,0.06778153280417125,"[0, 1, 2]",3,0,16,0.4454587810513005
T02,BG15,35,0.009900989942252636,1.0,linear,0.0004120192220393778,0.1491668919722239,"[0, 1, 2]",3,0,16,0.27764674033601283
T02,BG15,35,0.009900989942252636,1.0,mlp,0.0004120192220393778,0.1491668919722239,"[0, 1, 2]",3,0,16,0.2956027681164614
T02,BG14,0,0.9950248599052429,0.0,linear,0.0014773469195572132,0.5348567167917887,"[0, 1, 2]",3,0,16,0.40057723640127696
T02,BG14,0,0.9950248599052429,0.0,mlp,0.0014773469195572132,0.5348567167917887,"[0, 1, 2]",3,0,16,0.4335933744393995
T02,BG8,4,0.9906675815582275,0.11428571428571428,linear,0.004664881242784909,1.688867410024007,"[0, 1, 2]",3,0,16,0.3003699262630888
T02,BG8,4,0.9906675815582275,0.11428571428571428,mlp,0.004664881242784909,1.688867410024007,"[0, 1, 2]",3,0,16,0.36668555532188696
T02,BG4,23,0.618124783039093,0.6571428571428571,linear,0.00018722180267596836,0.06778153280417125,"[0, 1, 2]",3,0,16,0.47776426676515665
T02,BG4,23,0.618124783039093,0.6571428571428571,mlp,0.00018722180267596836,0.06778153280417125,"[0, 1, 2]",3,0,16,0.34922605263367057
T02,BG3,4,0.9906675815582275,0.11428571428571428,linear,0.00038914482947104774,0.1408854772647222,"[0, 1, 2]",3,0,16,0.4006919140751312
T02,BG3,4,0.9906675815582275,0.11428571428571428,mlp,0.00038914482947104774,0.1408854772647222,"[0, 1, 2]",3,0,16,0.4423017512554238
T02,BG5,0,0.9950248599052429,0.0,linear,0.0002511897978524148,0.09094042082627614,"[0, 1, 2]",3,0,16,0.3856582834264698
T02,BG5,0,0.9950248599052429,0.0,mlp,0.0002511897978524148,0.09094042082627614,"[0, 1, 2]",3,0,16,0.41432050791173114
T02,BG10,4,0.9906675815582275,0.11428571428571428,linear,0.006727899342403071,2.435759743054708,"[0, 1, 2]",3,0,16,0.2891050400065598
T02,BG10,4,0.9906675815582275,0.11428571428571428,mlp,0.006727899342403071,2.435759743054708,"[0, 1, 2]",3,0,16,0.35594085335469344
T02,BG3,27,0.30132922530174255,0.7714285714285715,linear,0.00038914482947104774,0.1408854772647222,"[0, 1, 2]",3,0,16,0.4372688589550168
T02,BG3,27,0.30132922530174255,0.7714285714285715,mlp,0.00038914482947104774,0.1408854772647222,"[0, 1, 2]",3,0,16,0.2756271083416531
T02,BG10,0,0.9950248599052429,0.0,linear,0.006727899342403071,2.435759743054708,"[0, 1, 2]",3,0,16,0.29186348089246145
T02,BG10,0,0.9950248599052429,0.0,mlp,0.006727899342403071,2.435759743054708,"[0, 1, 2]",3,0,16,0.3592423652108625
T02,BG4,19,0.831115186214447,0.5428571428571428,linear,0.00018722180267596836,0.06778153280417125,"[0, 1, 2]",3,0,16,0.4212752910184257
T02,BG4,19,0.831115186214447,0.5428571428571428,mlp,0.00018722180267596836,0.06778153280417125,"[0, 1, 2]",3,0,16,0.3683049468881809
T02,BG12,23,0.618124783039093,0.6571428571428571,linear,0.00021023758337819455,0.07611413548390071,"[0, 1, 2]",3,0,16,0.47232202178169336
T02,BG12,23,0.618124783039093,0.6571428571428571,mlp,0.00021023758337819455,0.07611413548390071,"[0, 1, 2]",3,0,16,0.3588321533526265
T02,BG1,0,0.9950248599052429,0.0,linear,0.00016151088398587185,0.058473185946544014,"[0, 1, 2]",3,0,16,0.39705076887106566
T02,BG1,0,0.9950248599052429,0.0,mlp,0.00016151088398587185,0.058473185946544014,"[0, 1, 2]",3,0,16,0.4467354733620582
T02,BG9,35,0.009900989942252636,1.0,linear,0.000696617147417883,0.2522023469209671,"[0, 1, 2]",3,0,16,0.21170431202732162
T02,BG9,35,0.009900989942252636,1.0,mlp,0.000696617147417883,0.2522023469209671,"[0, 1, 2]",3,0,16,0.23496417938714786
T02,BG15,0,0.9950248599052429,0.0,linear,0.0004120192220393778,0.1491668919722239,"[0, 1, 2]",3,0,16,0.3975205188040707
T02,BG15,0,0.9950248599052429,0.0,mlp,0.0004120192220393778,0.1491668919722239,"[0, 1, 2]",3,0,16,0.43477945919554134
T03,BG11,12,0.9606394171714783,0.34285714285714286,linear,0.0010151152428273596,0.36751097440719604,"[0, 1, 2]",3,0,16,0.57159082832941
T03,BG11,12,0.9606394171714783,0.34285714285714286,mlp,0.0010151152428273596,0.36751097440719604,"[0, 1, 2]",3,0,16,0.5514803036947117
T03,BG2,8,0.9814466834068298,0.22857142857142856,linear,0.00015395029912584928,0.05573596184452375,"[0, 1, 2]",3,0,16,0.5829489634926639
T03,BG2,8,0.9814466834068298,0.22857142857142856,mlp,0.00015395029912584928,0.05573596184452375,"[0, 1, 2]",3,0,16,0.5968000376421925
T03,BG4,16,0.9109315872192383,0.45714285714285713,linear,0.00015607836855379884,0.05650640527407328,"[0, 1, 2]",3,0,16,0.6051115179005628
T03,BG4,16,0.9109315872192383,0.45714285714285713,mlp,0.00015607836855379884,0.05650640527407328,"[0, 1, 2]",3,0,16,0.6002091580372436
T03,BG8,12,0.9606394171714783,0.34285714285714286,linear,0.0030077322454854284,1.0889153877894084,"[0, 1, 2]",3,0,16,0.2093483926432902
T03,BG8,12,0.9606394171714783,0.34285714285714286,mlp,0.0030077322454854284,1.0889153877894084,"[0, 1, 2]",3,0,16,0.3404917767933549
T03,BG13,0,0.9950248599052429,0.0,linear,0.000287319538913548,0.1040207842985789,"[0, 1, 2]",3,0,16,0.5661442279563601
T03,BG13,0,0.9950248599052429,0.0,mlp,0.000287319538913548,0.1040207842985789,"[0, 1, 2]",3,0,16,0.5731146189128129
T03,BG13,19,0.831115186214447,0.5428571428571428,linear,0.000287319538913548,0.1040207842985789,"[0, 1, 2]",3,0,16,0.5792596682068261
T03,BG13,19,0.831115186214447,0.5428571428571428,mlp,0.000287319538913548,0.1040207842985789,"[0, 1, 2]",3,0,16,0.6241567999395913
T03,BG9,4,0.9906675815582275,0.11428571428571428,linear,0.0008968648095452999,0.3246997445821762,"[0, 1, 2]",3,0,16,0.5656415424345742
T03,BG9,4,0.9906675815582275,0.11428571428571428,mlp,0.0008968648095452999,0.3246997445821762,"[0, 1, 2]",3,0,16,0.5458796160391356
T03,BG14,27,0.30132922530174255,0.7714285714285715,linear,0.0012840101881326938,0.4648613433043162,"[0, 1, 2]",3,0,16,0.4562885781351687
T03,BG14,27,0.30132922530174255,0.7714285714285715,mlp,0.0012840101881326938,0.4648613433043162,"[0, 1, 2]",3,0,16,0.5526345463857877
T03,BG7,35,0.009900989942252636,1.0,linear,0.0005419965494505673,0.19622371097405752,"[0, 1, 2]",3,0,16,0.457859265314821
T03,BG7,35,0.009900989942252636,1.0,mlp,0.0005419965494505673,0.19622371097405752,"[0, 1, 2]",3,0,16,0.5154189855909244
T03,BG14,31,0.07776966691017151,0.8857142857142857,linear,0.0012840101881326938,0.4648613433043162,"[0, 1, 2]",3,0,16,0.5904886386334246
T03,BG14,31,0.07776966691017151,0.8857142857142857,mlp,0.0012840101881326938,0.4648613433043162,"[0, 1, 2]",3,0,16,0.561667776074408
T03,BG13,31,0.07776966691017151,0.8857142857142857,linear,0.000287319538913548,0.1040207842985789,"[0, 1, 2]",3,0,16,0.6245155882619542
T03,BG13,31,0.07776966691017151,0.8857142857142857,mlp,0.000287319538913548,0.1040207842985789,"[0, 1, 2]",3,0,16,0.6372615252741534
T03,BG12,8,0.9814466834068298,0.22857142857142856,linear,0.0004379459889817235,0.15855338424444199,"[0, 1, 2]",3,0,16,0.5577333193688155
T03,BG12,8,0.9814466834068298,0.22857142857142856,mlp,0.0004379459889817235,0.15855338424444199,"[0, 1, 2]",3,0,16,0.5693006949817643
T03,BG7,27,0.30132922530174255,0.7714285714285715,linear,0.0005419965494505673,0.19622371097405752,"[0, 1, 2]",3,0,16,0.38006846684228646
T03,BG7,27,0.30132922530174255,0.7714285714285715,mlp,0.0005419965494505673,0.19622371097405752,"[0, 1, 2]",3,0,16,0.5843924135786295
T03,BG9,31,0.07776966691017151,0.8857142857142857,linear,0.0008968648095452999,0.3246997445821762,"[0, 1, 2]",3,0,16,0.5957934013051918
T03,BG9,31,0.07776966691017151,0.8857142857142857,mlp,0.0008968648095452999,0.3246997445821762,"[0, 1, 2]",3,0,16,0.5959082474177996
T03,BG14,16,0.9109315872192383,0.45714285714285713,linear,0.0012840101881326938,0.4648613433043162,"[0, 1, 2]",3,0,16,0.5653172719629136
T03,BG14,16,0.9109315872192383,0.45714285714285713,mlp,0.0012840101881326938,0.4648613433043162,"[0, 1, 2]",3,0,16,0.5487742105594036
T03,BG11,35,0.009900989942252636,1.0,linear,0.0010151152428273596,0.36751097440719604,"[0, 1, 2]",3,0,16,0.6472904397604146
T03,BG11,35,0.009900989942252636,1.0,mlp,0.0010151152428273596,0.36751097440719604,"[0, 1, 2]",3,0,16,0.6477463997294287
T03,BG8,16,0.9109315872192383,0.45714285714285713,linear,0.0030077322454854284,1.0889153877894084,"[0, 1, 2]",3,0,16,0.3570862307418953
T03,BG8,16,0.9109315872192383,0.45714285714285713,mlp,0.0030077322454854284,1.0889153877894084,"[0, 1, 2]",3,0,16,0.375744366705685
T03,BG10,23,0.618124783039093,0.6571428571428571,linear,0.002807597112150813,1.0164587299029033,"[0, 1, 2]",3,0,16,0.5654656884827733
T03,BG10,23,0.618124783039093,0.6571428571428571,mlp,0.002807597112150813,1.0164587299029033,"[0, 1, 2]",3,0,16,0.5887162594672032
T03,BG13,4,0.9906675815582275,0.11428571428571428,linear,0.000287319538913548,0.1040207842985789,"[0, 1, 2]",3,0,16,0.5665926245878236
T03,BG13,4,0.9906675815582275,0.11428571428571428,mlp,0.000287319538913548,0.1040207842985789,"[0, 1, 2]",3,0,16,0.5738261211329934
T03,BG4,27,0.30132922530174255,0.7714285714285715,linear,0.00015607836855379884,0.05650640527407328,"[0, 1, 2]",3,0,16,0.5283211400778147
T03,BG4,27,0.30132922530174255,0.7714285714285715,mlp,0.00015607836855379884,0.05650640527407328,"[0, 1, 2]",3,0,16,0.616597947785842
T03,BG2,23,0.618124783039093,0.6571428571428571,linear,0.00015395029912584928,0.05573596184452375,"[0, 1, 2]",3,0,16,0.5483127274204432
T03,BG2,23,0.618124783039093,0.6571428571428571,mlp,0.00015395029912584928,0.05573596184452375,"[0, 1, 2]",3,0,16,0.5869850071312452
T03,BG7,23,0.618124783039093,0.6571428571428571,linear,0.0005419965494505673,0.19622371097405752,"[0, 1, 2]",3,0,16,0.5463744069216804
T03,BG7,23,0.618124783039093,0.6571428571428571,mlp,0.0005419965494505673,0.19622371097405752,"[0, 1, 2]",3,0,16,0.5312242572487527
T03,BG8,35,0.009900989942252636,1.0,linear,0.0030077322454854284,1.0889153877894084,"[0, 1, 2]",3,0,16,0.6328925373469927
T03,BG8,35,0.009900989942252636,1.0,mlp,0.0030077322454854284,1.0889153877894084,"[0, 1, 2]",3,0,16,0.6308324297254904
T03,BG1,4,0.9906675815582275,0.11428571428571428,linear,0.0001971517929466004,0.07137657329440117,"[0, 1, 2]",3,0,16,0.581005273939515
T03,BG1,4,0.9906675815582275,0.11428571428571428,mlp,0.0001971517929466004,0.07137657329440117,"[0, 1, 2]",3,0,16,0.5841140137445243
T03,BG12,35,0.009900989942252636,1.0,linear,0.0004379459889817235,0.15855338424444199,"[0, 1, 2]",3,0,16,0.6628454081447399
T03,BG12,35,0.009900989942252636,1.0,mlp,0.0004379459889817235,0.15855338424444199,"[0, 1, 2]",3,0,16,0.6448029657580644
T03,BG3,19,0.831115186214447,0.5428571428571428,linear,0.00023703277845108804,0.08581503232320149,"[0, 1, 2]",3,0,16,0.589698900784842
T03,BG3,19,0.831115186214447,0.5428571428571428,mlp,0.00023703277845108804,0.08581503232320149,"[0, 1, 2]",3,0,16,0.6320045421293532
T03,BG14,35,0.009900989942252636,1.0,linear,0.0012840101881326938,0.4648613433043162,"[0, 1, 2]",3,0,16,0.640791218621158
T03,BG14,35,0.009900989942252636,1.0,mlp,0.0012840101881326938,0.4648613433043162,"[0, 1, 2]",3,0,16,0.6069305561686785
T03,BG12,27,0.30132922530174255,0.7714285714285715,linear,0.0004379459889817235,0.15855338424444199,"[0, 1, 2]",3,0,16,0.5271989359651462
T03,BG12,27,0.30132922530174255,0.7714285714285715,mlp,0.0004379459889817235,0.15855338424444199,"[0, 1, 2]",3,0,16,0.5992881194666434
T03,BG10,35,0.009900989942252636,1.0,linear,0.002807597112150813,1.0164587299029033,"[0, 1, 2]",3,0,16,0.6316587584373531
T03,BG10,35,0.009900989942252636,1.0,mlp,0.002807597112150813,1.0164587299029033,"[0, 1, 2]",3,0,16,0.630304338811382
T03,BG14,4,0.9906675815582275,0.11428571428571428,linear,0.0012840101881326938,0.4648613433043162,"[0, 1, 2]",3,0,16,0.5484018042370139
T03,BG14,4,0.9906675815582275,0.11428571428571428,mlp,0.0012840101881326938,0.4648613433043162,"[0, 1, 2]",3,0,16,0.5276087712746819
T03,BG11,31,0.07776966691017151,0.8857142857142857,linear,0.0010151152428273596,0.36751097440719604,"[0, 1, 2]",3,0,16,0.6200407267548489
T03,BG11,31,0.07776966691017151,0.8857142857142857,mlp,0.0010151152428273596,0.36751097440719604,"[0, 1, 2]",3,0,16,0.6120624500521661
T03,BG1,12,0.9606394171714783,0.34285714285714286,linear,0.0001971517929466004,0.07137657329440117,"[0, 1, 2]",3,0,16,0.5893515438227626
T03,BG1,12,0.9606394171714783,0.34285714285714286,mlp,0.0001971517929466004,0.07137657329440117,"[0, 1, 2]",3,0,16,0.5964013830535305
T03,BG9,23,0.618124783039093,0.6571428571428571,linear,0.0008968648095452999,0.3246997445821762,"[0, 1, 2]",3,0,16,0.5551112060158289
T03,BG9,23,0.618124783039093,0.6571428571428571,mlp,0.0008968648095452999,0.3246997445821762,"[0, 1, 2]",3,0,16,0.5748582439255371
T03,BG3,35,0.009900989942252636,1.0,linear,0.00023703277845108804,0.08581503232320149,"[0, 1, 2]",3,0,16,0.6361512511401106
T03,BG3,35,0.009900989942252636,1.0,mlp,0.00023703277845108804,0.08581503232320149,"[0, 1, 2]",3,0,16,0.6183953209783754
T03,BG4,31,0.07776966691017151,0.8857142857142857,linear,0.00015607836855379884,0.05650640527407328,"[0, 1, 2]",3,0,16,0.5967116034522938
T03,BG4,31,0.07776966691017151,0.8857142857142857,mlp,0.00015607836855379884,0.05650640527407328,"[0, 1, 2]",3,0,16,0.6106899324013594
T03,BG9,8,0.9814466834068298,0.22857142857142856,linear,0.0008968648095452999,0.3246997445821762,"[0, 1, 2]",3,0,16,0.5615805408837288
T03,BG9,8,0.9814466834068298,0.22857142857142856,mlp,0.0008968648095452999,0.3246997445821762,"[0, 1, 2]",3,0,16,0.5490738175994754
T03,BG6,27,0.30132922530174255,0.7714285714285715,linear,0.0012596022923594627,0.4560247411330541,"[0, 1, 2]",3,0,16,0.48482779755515476
T03,BG6,27,0.30132922530174255,0.7714285714285715,mlp,0.0012596022923594627,0.4560247411330541,"[0, 1, 2]",3,0,16,0.5879684758680224
T03,BG3,0,0.9950248599052429,0.0,linear,0.00023703277845108804,0.08581503232320149,"[0, 1, 2]",3,0,16,0.584168780740022
T03,BG3,0,0.9950248599052429,0.0,mlp,0.00023703277845108804,0.08581503232320149,"[0, 1, 2]",3,0,16,0.5840987731876807
T03,BG9,12,0.9606394171714783,0.34285714285714286,linear,0.0008968648095452999,0.3246997445821762,"[0, 1, 2]",3,0,16,0.5681984098205457
T03,BG9,12,0.9606394171714783,0.34285714285714286,mlp,0.0008968648095452999,0.3246997445821762,"[0, 1, 2]",3,0,16,0.5566123692226331
T03,BG2,35,0.009900989942252636,1.0,linear,0.00015395029912584928,0.05573596184452375,"[0, 1, 2]",3,0,16,0.6457002463572431
T03,BG2,35,0.009900989942252636,1.0,mlp,0.00015395029912584928,0.05573596184452375,"[0, 1, 2]",3,0,16,0.6221790987831128
T03,BG8,31,0.07776966691017151,0.8857142857142857,linear,0.0030077322454854284,1.0889153877894084,"[0, 1, 2]",3,0,16,0.6144273816890778
T03,BG8,31,0.07776966691017151,0.8857142857142857,mlp,0.0030077322454854284,1.0889153877894084,"[0, 1, 2]",3,0,16,0.6268924855523268
T03,BG2,31,0.07776966691017151,0.8857142857142857,linear,0.00015395029912584928,0.05573596184452375,"[0, 1, 2]",3,0,16,0.5977956836880652
T03,BG2,31,0.07776966691017151,0.8857142857142857,mlp,0.00015395029912584928,0.05573596184452375,"[0, 1, 2]",3,0,16,0.6221373984221051
T03,BG14,12,0.9606394171714783,0.34285714285714286,linear,0.0012840101881326938,0.4648613433043162,"[0, 1, 2]",3,0,16,0.5525603451128241
T03,BG14,12,0.9606394171714783,0.34285714285714286,mlp,0.0012840101881326938,0.4648613433043162,"[0, 1, 2]",3,0,16,0.536543354218128
T03,BG11,8,0.9814466834068298,0.22857142857142856,linear,0.0010151152428273596,0.36751097440719604,"[0, 1, 2]",3,0,16,0.5590945592314895
T03,BG11,8,0.9814466834068298,0.22857142857142856,mlp,0.0010151152428273596,0.36751097440719604,"[0, 1, 2]",3,0,16,0.5361042226589853
T03,BG13,8,0.9814466834068298,0.22857142857142856,linear,0.000287319538913548,0.1040207842985789,"[0, 1, 2]",3,0,16,0.5677775759955715
T03,BG13,8,0.9814466834068298,0.22857142857142856,mlp,0.000287319538913548,0.1040207842985789,"[0, 1, 2]",3,0,16,0.5822076093747542
T03,BG1,23,0.618124783039093,0.6571428571428571,linear,0.0001971517929466004,0.07137657329440117,"[0, 1, 2]",3,0,16,0.5489720201019267
T03,BG1,23,0.618124783039093,0.6571428571428571,mlp,0.0001971517929466004,0.07137657329440117,"[0, 1, 2]",3,0,16,0.5860750303939083
T03,BG9,0,0.9950248599052429,0.0,linear,0.0008968648095452999,0.3246997445821762,"[0, 1, 2]",3,0,16,0.5662810999512294
T03,BG9,0,0.9950248599052429,0.0,mlp,0.0008968648095452999,0.3246997445821762,"[0, 1, 2]",3,0,16,0.5484108009857417
T03,BG6,0,0.9950248599052429,0.0,linear,0.0012596022923594627,0.4560247411330541,"[0, 1, 2]",3,0,16,0.5553138614981945
T03,BG6,0,0.9950248599052429,0.0,mlp,0.0012596022923594627,0.4560247411330541,"[0, 1, 2]",3,0,16,0.49130430045111423
T03,BG9,27,0.30132922530174255,0.7714285714285715,linear,0.0008968648095452999,0.3246997445821762,"[0, 1, 2]",3,0,16,0.5132234992686808
T03,BG9,27,0.30132922530174255,0.7714285714285715,mlp,0.0008968648095452999,0.3246997445821762,"[0, 1, 2]",3,0,16,0.5994460499213692
T03,BG3,8,0.9814466834068298,0.22857142857142856,linear,0.00023703277845108804,0.08581503232320149,"[0, 1, 2]",3,0,16,0.5880075834928509
T03,BG3,8,0.9814466834068298,0.22857142857142856,mlp,0.00023703277845108804,0.08581503232320149,"[0, 1, 2]",3,0,16,0.5925209007558945
T03,BG14,19,0.831115186214447,0.5428571428571428,linear,0.0012840101881326938,0.4648613433043162,"[0, 1, 2]",3,0,16,0.5779799293019463
T03,BG14,19,0.831115186214447,0.5428571428571428,mlp,0.0012840101881326938,0.4648613433043162,"[0, 1, 2]",3,0,16,0.6221305639872454
T03,BG15,19,0.831115186214447,0.5428571428571428,linear,0.00032519875490892694,0.11773452535271645,"[0, 1, 2]",3,0,16,0.5828853624053011
T03,BG15,19,0.831115186214447,0.5428571428571428,mlp,0.00032519875490892694,0.11773452535271645,"[0, 1, 2]",3,0,16,0.6286889030104167
T03,BG3,23,0.618124783039093,0.6571428571428571,linear,0.00023703277845108804,0.08581503232320149,"[0, 1, 2]",3,0,16,0.5696154329963146
T03,BG3,23,0.618124783039093,0.6571428571428571,mlp,0.00023703277845108804,0.08581503232320149,"[0, 1, 2]",3,0,16,0.5889611923406362
T03,BG8,8,0.9814466834068298,0.22857142857142856,linear,0.0030077322454854284,1.0889153877894084,"[0, 1, 2]",3,0,16,0.2774772546639137
T03,BG8,8,0.9814466834068298,0.22857142857142856,mlp,0.0030077322454854284,1.0889153877894084,"[0, 1, 2]",3,0,16,0.340158903186609
T03,BG14,23,0.618124783039093,0.6571428571428571,linear,0.0012840101881326938,0.4648613433043162,"[0, 1, 2]",3,0,16,0.5453254031100374
T03,BG14,23,0.618124783039093,0.6571428571428571,mlp,0.0012840101881326938,0.4648613433043162,"[0, 1, 2]",3,0,16,0.5708685122440526
T03,BG5,8,0.9814466834068298,0.22857142857142856,linear,0.0006674485099193494,0.2416421721378962,"[0, 1, 2]",3,0,16,0.5028305023897747
T03,BG5,8,0.9814466834068298,0.22857142857142856,mlp,0.0006674485099193494,0.2416421721378962,"[0, 1, 2]",3,0,16,0.5209303501517626
T03,BG10,16,0.9109315872192383,0.45714285714285713,linear,0.002807597112150813,1.0164587299029033,"[0, 1, 2]",3,0,16,0.4454041644800602
T03,BG10,16,0.9109315872192383,0.45714285714285713,mlp,0.002807597112150813,1.0164587299029033,"[0, 1, 2]",3,0,16,0.43359347895815364
T03,BG2,12,0.9606394171714783,0.34285714285714286,linear,0.00015395029912584928,0.05573596184452375,"[0, 1, 2]",3,0,16,0.5861721072481927
T03,BG2,12,0.9606394171714783,0.34285714285714286,mlp,0.00015395029912584928,0.05573596184452375,"[0, 1, 2]",3,0,16,0.598956867785544
T03,BG6,31,0.07776966691017151,0.8857142857142857,linear,0.0012596022923594627,0.4560247411330541,"[0, 1, 2]",3,0,16,0.6120109706582925
T03,BG6,31,0.07776966691017151,0.8857142857142857,mlp,0.0012596022923594627,0.4560247411330541,"[0, 1, 2]",3,0,16,0.6375439042020707
T03,BG5,19,0.831115186214447,0.5428571428571428,linear,0.0006674485099193494,0.2416421721378962,"[0, 1, 2]",3,0,16,0.5572114455102333
T03,BG5,19,0.831115186214447,0.5428571428571428,mlp,0.0006674485099193494,0.2416421721378962,"[0, 1, 2]",3,0,16,0.5600488197880692
T03,BG2,19,0.831115186214447,0.5428571428571428,linear,0.00015395029912584928,0.05573596184452375,"[0, 1, 2]",3,0,16,0.5757546637005159
T03,BG2,19,0.831115186214447,0.5428571428571428,mlp,0.00015395029912584928,0.05573596184452375,"[0, 1, 2]",3,0,16,0.6155766437241619
T03,BG10,31,0.07776966691017151,0.8857142857142857,linear,0.002807597112150813,1.0164587299029033,"[0, 1, 2]",3,0,16,0.6208980696813559
T03,BG10,31,0.07776966691017151,0.8857142857142857,mlp,0.002807597112150813,1.0164587299029033,"[0, 1, 2]",3,0,16,0.6068044427906417
T03,BG7,12,0.9606394171714783,0.34285714285714286,linear,0.0005419965494505673,0.19622371097405752,"[0, 1, 2]",3,0,16,0.49381558766820016
T03,BG7,12,0.9606394171714783,0.34285714285714286,mlp,0.0005419965494505673,0.19622371097405752,"[0, 1, 2]",3,0,16,0.4048252306934706
T03,BG12,12,0.9606394171714783,0.34285714285714286,linear,0.0004379459889817235,0.15855338424444199,"[0, 1, 2]",3,0,16,0.55967383532596
T03,BG12,12,0.9606394171714783,0.34285714285714286,mlp,0.0004379459889817235,0.15855338424444199,"[0, 1, 2]",3,0,16,0.5631472571182704
T03,BG11,19,0.831115186214447,0.5428571428571428,linear,0.0010151152428273596,0.36751097440719604,"[0, 1, 2]",3,0,16,0.5863902909414251
T03,BG11,19,0.831115186214447,0.5428571428571428,mlp,0.0010151152428273596,0.36751097440719604,"[0, 1, 2]",3,0,16,0.6226382362456628
T03,BG11,4,0.9906675815582275,0.11428571428571428,linear,0.0010151152428273596,0.36751097440719604,"[0, 1, 2]",3,0,16,0.5676938831500542
T03,BG11,4,0.9906675815582275,0.11428571428571428,mlp,0.0010151152428273596,0.36751097440719604,"[0, 1, 2]",3,0,16,0.5362140326379167
T03,BG13,27,0.30132922530174255,0.7714285714285715,linear,0.000287319538913548,0.1040207842985789,"[0, 1, 2]",3,0,16,0.535841742518113
T03,BG13,27,0.30132922530174255,0.7714285714285715,mlp,0.000287319538913548,0.1040207842985789,"[0, 1, 2]",3,0,16,0.6119290485695805
T03,BG2,16,0.9109315872192383,0.45714285714285713,linear,0.00015395029912584928,0.05573596184452375,"[0, 1, 2]",3,0,16,0.5931307455403758
T03,BG2,16,0.9109315872192383,0.45714285714285713,mlp,0.00015395029912584928,0.05573596184452375,"[0, 1, 2]",3,0,16,0.5917381050292114
T03,BG2,4,0.9906675815582275,0.11428571428571428,linear,0.00015395029912584928,0.05573596184452375,"[0, 1, 2]",3,0,16,0.5800480045616014
T03,BG2,4,0.9906675815582275,0.11428571428571428,mlp,0.00015395029912584928,0.05573596184452375,"[0, 1, 2]",3,0,16,0.5880768895369747
T03,BG1,35,0.009900989942252636,1.0,linear,0.0001971517929466004,0.07137657329440117,"[0, 1, 2]",3,0,16,0.6246455584585996
T03,BG1,35,0.009900989942252636,1.0,mlp,0.0001971517929466004,0.07137657329440117,"[0, 1, 2]",3,0,16,0.6265671863093846
T03,BG3,31,0.07776966691017151,0.8857142857142857,linear,0.00023703277845108804,0.08581503232320149,"[0, 1, 2]",3,0,16,0.5923724554819471
T03,BG3,31,0.07776966691017151,0.8857142857142857,mlp,0.00023703277845108804,0.08581503232320149,"[0, 1, 2]",3,0,16,0.6030708767802663
T03,BG14,8,0.9814466834068298,0.22857142857142856,linear,0.0012840101881326938,0.4648613433043162,"[0, 1, 2]",3,0,16,0.5459090306573042
T03,BG14,8,0.9814466834068298,0.22857142857142856,mlp,0.0012840101881326938,0.4648613433043162,"[0, 1, 2]",3,0,16,0.5302028751736613
T03,BG1,31,0.07776966691017151,0.8857142857142857,linear,0.0001971517929466004,0.07137657329440117,"[0, 1, 2]",3,0,16,0.6025802817606776
T03,BG1,31,0.07776966691017151,0.8857142857142857,mlp,0.0001971517929466004,0.07137657329440117,"[0, 1, 2]",3,0,16,0.6222631912037381
T03,BG15,4,0.9906675815582275,0.11428571428571428,linear,0.00032519875490892694,0.11773452535271645,"[0, 1, 2]",3,0,16,0.5934505825823032
T03,BG15,4,0.9906675815582275,0.11428571428571428,mlp,0.00032519875490892694,0.11773452535271645,"[0, 1, 2]",3,0,16,0.5999988838763128
T03,BG12,19,0.831115186214447,0.5428571428571428,linear,0.0004379459889817235,0.15855338424444199,"[0, 1, 2]",3,0,16,0.5663932202290255
T03,BG12,19,0.831115186214447,0.5428571428571428,mlp,0.0004379459889817235,0.15855338424444199,"[0, 1, 2]",3,0,16,0.6135867724455408
T03,BG9,19,0.831115186214447,0.5428571428571428,linear,0.0008968648095452999,0.3246997445821762,"[0, 1, 2]",3,0,16,0.5773838802820745
T03,BG9,19,0.831115186214447,0.5428571428571428,mlp,0.0008968648095452999,0.3246997445821762,"[0, 1, 2]",3,0,16,0.6169174459243747
T03,BG8,19,0.831115186214447,0.5428571428571428,linear,0.0030077322454854284,1.0889153877894084,"[0, 1, 2]",3,0,16,0.39786284381932213
T03,BG8,19,0.831115186214447,0.5428571428571428,mlp,0.0030077322454854284,1.0889153877894084,"[0, 1, 2]",3,0,16,0.4039434587730609
T03,BG10,19,0.831115186214447,0.5428571428571428,linear,0.002807597112150813,1.0164587299029033,"[0, 1, 2]",3,0,16,0.5485297920811537
T03,BG10,19,0.831115186214447,0.5428571428571428,mlp,0.002807597112150813,1.0164587299029033,"[0, 1, 2]",3,0,16,0.6009554495628001
T03,BG6,23,0.618124783039093,0.6571428571428571,linear,0.0012596022923594627,0.4560247411330541,"[0, 1, 2]",3,0,16,0.5164387369638562
T03,BG6,23,0.618124783039093,0.6571428571428571,mlp,0.0012596022923594627,0.4560247411330541,"[0, 1, 2]",3,0,16,0.5422863511386682
T03,BG5,23,0.618124783039093,0.6571428571428571,linear,0.0006674485099193494,0.2416421721378962,"[0, 1, 2]",3,0,16,0.5272365547298461
T03,BG5,23,0.618124783039093,0.6571428571428571,mlp,0.0006674485099193494,0.2416421721378962,"[0, 1, 2]",3,0,16,0.5874775005256838
T03,BG6,19,0.831115186214447,0.5428571428571428,linear,0.0012596022923594627,0.4560247411330541,"[0, 1, 2]",3,0,16,0.5122821051168224
T03,BG6,19,0.831115186214447,0.5428571428571428,mlp,0.0012596022923594627,0.4560247411330541,"[0, 1, 2]",3,0,16,0.5749159821301144
T03,BG10,8,0.9814466834068298,0.22857142857142856,linear,0.002807597112150813,1.0164587299029033,"[0, 1, 2]",3,0,16,0.3678457280432864
T03,BG10,8,0.9814466834068298,0.22857142857142856,mlp,0.002807597112150813,1.0164587299029033,"[0, 1, 2]",3,0,16,0.3973413879207556
T03,BG7,8,0.9814466834068298,0.22857142857142856,linear,0.0005419965494505673,0.19622371097405752,"[0, 1, 2]",3,0,16,0.5013201812042849
T03,BG7,8,0.9814466834068298,0.22857142857142856,mlp,0.0005419965494505673,0.19622371097405752,"[0, 1, 2]",3,0,16,0.41941696599026934
T03,BG13,12,0.9606394171714783,0.34285714285714286,linear,0.000287319538913548,0.1040207842985789,"[0, 1, 2]",3,0,16,0.5677065987719353
T03,BG13,12,0.9606394171714783,0.34285714285714286,mlp,0.000287319538913548,0.1040207842985789,"[0, 1, 2]",3,0,16,0.5808608186919816
T03,BG13,16,0.9109315872192383,0.45714285714285713,linear,0.000287319538913548,0.1040207842985789,"[0, 1, 2]",3,0,16,0.6084442170994403
T03,BG13,16,0.9109315872192383,0.45714285714285713,mlp,0.000287319538913548,0.1040207842985789,"[0, 1, 2]",3,0,16,0.6076601241875591
T03,BG15,8,0.9814466834068298,0.22857142857142856,linear,0.00032519875490892694,0.11773452535271645,"[0, 1, 2]",3,0,16,0.5969913752578198
T03,BG15,8,0.9814466834068298,0.22857142857142856,mlp,0.00032519875490892694,0.11773452535271645,"[0, 1, 2]",3,0,16,0.6070603964696453
T03,BG12,4,0.9906675815582275,0.11428571428571428,linear,0.0004379459889817235,0.15855338424444199,"[0, 1, 2]",3,0,16,0.5544384631839472
T03,BG12,4,0.9906675815582275,0.11428571428571428,mlp,0.0004379459889817235,0.15855338424444199,"[0, 1, 2]",3,0,16,0.5627027700636844
T03,BG2,0,0.9950248599052429,0.0,linear,0.00015395029912584928,0.05573596184452375,"[0, 1, 2]",3,0,16,0.5804775002832289
T03,BG2,0,0.9950248599052429,0.0,mlp,0.00015395029912584928,0.05573596184452375,"[0, 1, 2]",3,0,16,0.5880671354929399
T03,BG9,16,0.9109315872192383,0.45714285714285713,linear,0.0008968648095452999,0.3246997445821762,"[0, 1, 2]",3,0,16,0.5755778689477157
T03,BG9,16,0.9109315872192383,0.45714285714285713,mlp,0.0008968648095452999,0.3246997445821762,"[0, 1, 2]",3,0,16,0.570250177404735
T03,BG4,4,0.9906675815582275,0.11428571428571428,linear,0.00015607836855379884,0.05650640527407328,"[0, 1, 2]",3,0,16,0.5880211449115422
T03,BG4,4,0.9906675815582275,0.11428571428571428,mlp,0.00015607836855379884,0.05650640527407328,"[0, 1, 2]",3,0,16,0.5900740622590879
T03,BG7,31,0.07776966691017151,0.8857142857142857,linear,0.0005419965494505673,0.19622371097405752,"[0, 1, 2]",3,0,16,0.5831104256190464
T03,BG7,31,0.07776966691017151,0.8857142857142857,mlp,0.0005419965494505673,0.19622371097405752,"[0, 1, 2]",3,0,16,0.6256685910195963
T03,BG3,16,0.9109315872192383,0.45714285714285713,linear,0.00023703277845108804,0.08581503232320149,"[0, 1, 2]",3,0,16,0.5975374929313444
T03,BG3,16,0.9109315872192383,0.45714285714285713,mlp,0.00023703277845108804,0.08581503232320149,"[0, 1, 2]",3,0,16,0.5970454796837731
T03,BG1,19,0.831115186214447,0.5428571428571428,linear,0.0001971517929466004,0.07137657329440117,"[0, 1, 2]",3,0,16,0.5732278262084897
T03,BG1,19,0.831115186214447,0.5428571428571428,mlp,0.0001971517929466004,0.07137657329440117,"[0, 1, 2]",3,0,16,0.6201621478233711
T03,BG10,12,0.9606394171714783,0.34285714285714286,linear,0.002807597112150813,1.0164587299029033,"[0, 1, 2]",3,0,16,0.3915034742141364
T03,BG10,12,0.9606394171714783,0.34285714285714286,mlp,0.002807597112150813,1.0164587299029033,"[0, 1, 2]",3,0,16,0.4186254924616782
T03,BG2,27,0.30132922530174255,0.7714285714285715,linear,0.00015395029912584928,0.05573596184452375,"[0, 1, 2]",3,0,16,0.5357340753143252
T03,BG2,27,0.30132922530174255,0.7714285714285715,mlp,0.00015395029912584928,0.05573596184452375,"[0, 1, 2]",3,0,16,0.6119412912296395
T03,BG12,16,0.9109315872192383,0.45714285714285713,linear,0.0004379459889817235,0.15855338424444199,"[0, 1, 2]",3,0,16,0.6058458997163577
T03,BG12,16,0.9109315872192383,0.45714285714285713,mlp,0.0004379459889817235,0.15855338424444199,"[0, 1, 2]",3,0,16,0.6040341236837743
T03,BG15,27,0.30132922530174255,0.7714285714285715,linear,0.00032519875490892694,0.11773452535271645,"[0, 1, 2]",3,0,16,0.49776347794820197
T03,BG15,27,0.30132922530174255,0.7714285714285715,mlp,0.00032519875490892694,0.11773452535271645,"[0, 1, 2]",3,0,16,0.5847912179397967
T03,BG15,12,0.9606394171714783,0.34285714285714286,linear,0.00032519875490892694,0.11773452535271645,"[0, 1, 2]",3,0,16,0.6030275069078455
T03,BG15,12,0.9606394171714783,0.34285714285714286,mlp,0.00032519875490892694,0.11773452535271645,"[0, 1, 2]",3,0,16,0.6098804555859166
T03,BG11,16,0.9109315872192383,0.45714285714285713,linear,0.0010151152428273596,0.36751097440719604,"[0, 1, 2]",3,0,16,0.5715684689565165
T03,BG11,16,0.9109315872192383,0.45714285714285713,mlp,0.0010151152428273596,0.36751097440719604,"[0, 1, 2]",3,0,16,0.5589302839338737
T03,BG13,23,0.618124783039093,0.6571428571428571,linear,0.000287319538913548,0.1040207842985789,"[0, 1, 2]",3,0,16,0.556131446826374
T03,BG13,23,0.618124783039093,0.6571428571428571,mlp,0.000287319538913548,0.1040207842985789,"[0, 1, 2]",3,0,16,0.5695157955410242
T03,BG12,31,0.07776966691017151,0.8857142857142857,linear,0.0004379459889817235,0.15855338424444199,"[0, 1, 2]",3,0,16,0.6271322703286152
T03,BG12,31,0.07776966691017151,0.8857142857142857,mlp,0.0004379459889817235,0.15855338424444199,"[0, 1, 2]",3,0,16,0.6271929009246756
T03,BG7,19,0.831115186214447,0.5428571428571428,linear,0.0005419965494505673,0.19622371097405752,"[0, 1, 2]",3,0,16,0.3568770298468324
T03,BG7,19,0.831115186214447,0.5428571428571428,mlp,0.0005419965494505673,0.19622371097405752,"[0, 1, 2]",3,0,16,0.1329927593875209
T03,BG15,31,0.07776966691017151,0.8857142857142857,linear,0.00032519875490892694,0.11773452535271645,"[0, 1, 2]",3,0,16,0.5916817326602162
T03,BG15,31,0.07776966691017151,0.8857142857142857,mlp,0.00032519875490892694,0.11773452535271645,"[0, 1, 2]",3,0,16,0.5809825257407555
T03,BG5,12,0.9606394171714783,0.34285714285714286,linear,0.0006674485099193494,0.2416421721378962,"[0, 1, 2]",3,0,16,0.48947011347355973
T03,BG5,12,0.9606394171714783,0.34285714285714286,mlp,0.0006674485099193494,0.2416421721378962,"[0, 1, 2]",3,0,16,0.4968759002509521
T03,BG8,27,0.30132922530174255,0.7714285714285715,linear,0.0030077322454854284,1.0889153877894084,"[0, 1, 2]",3,0,16,0.46528021810378634
T03,BG8,27,0.30132922530174255,0.7714285714285715,mlp,0.0030077322454854284,1.0889153877894084,"[0, 1, 2]",3,0,16,0.5581414678540587
T03,BG5,27,0.30132922530174255,0.7714285714285715,linear,0.0006674485099193494,0.2416421721378962,"[0, 1, 2]",3,0,16,0.5245501019525544
T03,BG5,27,0.30132922530174255,0.7714285714285715,mlp,0.0006674485099193494,0.2416421721378962,"[0, 1, 2]",3,0,16,0.6060102868244008
T03,BG7,4,0.9906675815582275,0.11428571428571428,linear,0.0005419965494505673,0.19622371097405752,"[0, 1, 2]",3,0,16,0.5061713298957281
T03,BG7,4,0.9906675815582275,0.11428571428571428,mlp,0.0005419965494505673,0.19622371097405752,"[0, 1, 2]",3,0,16,0.423822329925483
T03,BG5,31,0.07776966691017151,0.8857142857142857,linear,0.0006674485099193494,0.2416421721378962,"[0, 1, 2]",3,0,16,0.6250055322407643
T03,BG5,31,0.07776966691017151,0.8857142857142857,mlp,0.0006674485099193494,0.2416421721378962,"[0, 1, 2]",3,0,16,0.6348324913450724
T03,BG10,27,0.30132922530174255,0.7714285714285715,linear,0.002807597112150813,1.0164587299029033,"[0, 1, 2]",3,0,16,0.503489980275568
T03,BG10,27,0.30132922530174255,0.7714285714285715,mlp,0.002807597112150813,1.0164587299029033,"[0, 1, 2]",3,0,16,0.5860762001510049
T03,BG6,8,0.9814466834068298,0.22857142857142856,linear,0.0012596022923594627,0.4560247411330541,"[0, 1, 2]",3,0,16,0.47924070535203783
T03,BG6,8,0.9814466834068298,0.22857142857142856,mlp,0.0012596022923594627,0.4560247411330541,"[0, 1, 2]",3,0,16,0.5003578939221397
T03,BG4,12,0.9606394171714783,0.34285714285714286,linear,0.00015607836855379884,0.05650640527407328,"[0, 1, 2]",3,0,16,0.5967824150200065
T03,BG4,12,0.9606394171714783,0.34285714285714286,mlp,0.00015607836855379884,0.05650640527407328,"[0, 1, 2]",3,0,16,0.6037457006121631
T03,BG4,35,0.009900989942252636,1.0,linear,0.00015607836855379884,0.05650640527407328,"[0, 1, 2]",3,0,16,0.6445839133963758
T03,BG4,35,0.009900989942252636,1.0,mlp,0.00015607836855379884,0.05650640527407328,"[0, 1, 2]",3,0,16,0.6313062533261729
T03,BG6,16,0.9109315872192383,0.45714285714285713,linear,0.0012596022923594627,0.4560247411330541,"[0, 1, 2]",3,0,16,0.5697488825008181
T03,BG6,16,0.9109315872192383,0.45714285714285713,mlp,0.0012596022923594627,0.4560247411330541,"[0, 1, 2]",3,0,16,0.507569275908196
T03,BG8,0,0.9950248599052429,0.0,linear,0.0030077322454854284,1.0889153877894084,"[0, 1, 2]",3,0,16,0.24301652232258947
T03,BG8,0,0.9950248599052429,0.0,mlp,0.0030077322454854284,1.0889153877894084,"[0, 1, 2]",3,0,16,0.36223777444604405
T03,BG13,35,0.009900989942252636,1.0,linear,0.000287319538913548,0.1040207842985789,"[0, 1, 2]",3,0,16,0.6737916082290466
T03,BG13,35,0.009900989942252636,1.0,mlp,0.000287319538913548,0.1040207842985789,"[0, 1, 2]",3,0,16,0.6483980836009843
T03,BG15,23,0.618124783039093,0.6571428571428571,linear,0.00032519875490892694,0.11773452535271645,"[0, 1, 2]",3,0,16,0.5387929981054407
T03,BG15,23,0.618124783039093,0.6571428571428571,mlp,0.00032519875490892694,0.11773452535271645,"[0, 1, 2]",3,0,16,0.5615295359930949
T03,BG3,12,0.9606394171714783,0.34285714285714286,linear,0.00023703277845108804,0.08581503232320149,"[0, 1, 2]",3,0,16,0.5932210050977885
T03,BG3,12,0.9606394171714783,0.34285714285714286,mlp,0.00023703277845108804,0.08581503232320149,"[0, 1, 2]",3,0,16,0.5986879812094278
T03,BG1,8,0.9814466834068298,0.22857142857142856,linear,0.0001971517929466004,0.07137657329440117,"[0, 1, 2]",3,0,16,0.5854679465074799
T03,BG1,8,0.9814466834068298,0.22857142857142856,mlp,0.0001971517929466004,0.07137657329440117,"[0, 1, 2]",3,0,16,0.5924592602147574
T03,BG6,35,0.009900989942252636,1.0,linear,0.0012596022923594627,0.4560247411330541,"[0, 1, 2]",3,0,16,0.5616969572600607
T03,BG6,35,0.009900989942252636,1.0,mlp,0.0012596022923594627,0.4560247411330541,"[0, 1, 2]",3,0,16,0.585632240126001
T03,BG1,27,0.30132922530174255,0.7714285714285715,linear,0.0001971517929466004,0.07137657329440117,"[0, 1, 2]",3,0,16,0.5185047957651987
T03,BG1,27,0.30132922530174255,0.7714285714285715,mlp,0.0001971517929466004,0.07137657329440117,"[0, 1, 2]",3,0,16,0.6094163164463635
T03,BG5,16,0.9109315872192383,0.45714285714285713,linear,0.0006674485099193494,0.2416421721378962,"[0, 1, 2]",3,0,16,0.5687234694766955
T03,BG5,16,0.9109315872192383,0.45714285714285713,mlp,0.0006674485099193494,0.2416421721378962,"[0, 1, 2]",3,0,16,0.552586572912927
T03,BG12,0,0.9950248599052429,0.0,linear,0.0004379459889817235,0.15855338424444199,"[0, 1, 2]",3,0,16,0.5571559778704834
T03,BG12,0,0.9950248599052429,0.0,mlp,0.0004379459889817235,0.15855338424444199,"[0, 1, 2]",3,0,16,0.5624669714805598
T03,BG7,0,0.9950248599052429,0.0,linear,0.0005419965494505673,0.19622371097405752,"[0, 1, 2]",3,0,16,0.507041996469462
T03,BG7,0,0.9950248599052429,0.0,mlp,0.0005419965494505673,0.19622371097405752,"[0, 1, 2]",3,0,16,0.4205707565439332
T03,BG6,4,0.9906675815582275,0.11428571428571428,linear,0.0012596022923594627,0.4560247411330541,"[0, 1, 2]",3,0,16,0.477985969248457
T03,BG6,4,0.9906675815582275,0.11428571428571428,mlp,0.0012596022923594627,0.4560247411330541,"[0, 1, 2]",3,0,16,0.49207415322731307
T03,BG8,23,0.618124783039093,0.6571428571428571,linear,0.0030077322454854284,1.0889153877894084,"[0, 1, 2]",3,0,16,0.5547940617186693
T03,BG8,23,0.618124783039093,0.6571428571428571,mlp,0.0030077322454854284,1.0889153877894084,"[0, 1, 2]",3,0,16,0.5826521755657824
T03,BG7,16,0.9109315872192383,0.45714285714285713,linear,0.0005419965494505673,0.19622371097405752,"[0, 1, 2]",3,0,16,0.43100938503767394
T03,BG7,16,0.9109315872192383,0.45714285714285713,mlp,0.0005419965494505673,0.19622371097405752,"[0, 1, 2]",3,0,16,0.23406415434987907
T03,BG5,4,0.9906675815582275,0.11428571428571428,linear,0.0006674485099193494,0.2416421721378962,"[0, 1, 2]",3,0,16,0.5025442588746462
T03,BG5,4,0.9906675815582275,0.11428571428571428,mlp,0.0006674485099193494,0.2416421721378962,"[0, 1, 2]",3,0,16,0.5190173815864901
T03,BG15,16,0.9109315872192383,0.45714285714285713,linear,0.00032519875490892694,0.11773452535271645,"[0, 1, 2]",3,0,16,0.6032969737423883
T03,BG15,16,0.9109315872192383,0.45714285714285713,mlp,0.00032519875490892694,0.11773452535271645,"[0, 1, 2]",3,0,16,0.6043686870053112
T03,BG11,0,0.9950248599052429,0.0,linear,0.0010151152428273596,0.36751097440719604,"[0, 1, 2]",3,0,16,0.5681019958192675
T03,BG11,0,0.9950248599052429,0.0,mlp,0.0010151152428273596,0.36751097440719604,"[0, 1, 2]",3,0,16,0.534651318120193
T03,BG4,8,0.9814466834068298,0.22857142857142856,linear,0.00015607836855379884,0.05650640527407328,"[0, 1, 2]",3,0,16,0.5896417996838919
T03,BG4,8,0.9814466834068298,0.22857142857142856,mlp,0.00015607836855379884,0.05650640527407328,"[0, 1, 2]",3,0,16,0.597374646135337
T03,BG5,35,0.009900989942252636,1.0,linear,0.0006674485099193494,0.2416421721378962,"[0, 1, 2]",3,0,16,0.6054403385539934
T03,BG5,35,0.009900989942252636,1.0,mlp,0.0006674485099193494,0.2416421721378962,"[0, 1, 2]",3,0,16,0.6305659564019367
T03,BG1,16,0.9109315872192383,0.45714285714285713,linear,0.0001971517929466004,0.07137657329440117,"[0, 1, 2]",3,0,16,0.5854214416857437
T03,BG1,16,0.9109315872192383,0.45714285714285713,mlp,0.0001971517929466004,0.07137657329440117,"[0, 1, 2]",3,0,16,0.588044452407156
T03,BG11,27,0.30132922530174255,0.7714285714285715,linear,0.0010151152428273596,0.36751097440719604,"[0, 1, 2]",3,0,16,0.5213474224489953
T03,BG11,27,0.30132922530174255,0.7714285714285715,mlp,0.0010151152428273596,0.36751097440719604,"[0, 1, 2]",3,0,16,0.600495391374201
T03,BG11,23,0.618124783039093,0.6571428571428571,linear,0.0010151152428273596,0.36751097440719604,"[0, 1, 2]",3,0,16,0.5651917364763706
T03,BG11,23,0.618124783039093,0.6571428571428571,mlp,0.0010151152428273596,0.36751097440719604,"[0, 1, 2]",3,0,16,0.5782006197396117
T03,BG6,12,0.9606394171714783,0.34285714285714286,linear,0.0012596022923594627,0.4560247411330541,"[0, 1, 2]",3,0,16,0.5576188236892174
T03,BG6,12,0.9606394171714783,0.34285714285714286,mlp,0.0012596022923594627,0.4560247411330541,"[0, 1, 2]",3,0,16,0.5050033065999839
T03,BG4,0,0.9950248599052429,0.0,linear,0.00015607836855379884,0.05650640527407328,"[0, 1, 2]",3,0,16,0.5854456966306378
T03,BG4,0,0.9950248599052429,0.0,mlp,0.00015607836855379884,0.05650640527407328,"[0, 1, 2]",3,0,16,0.5884263455195361
T03,BG15,35,0.009900989942252636,1.0,linear,0.00032519875490892694,0.11773452535271645,"[0, 1, 2]",3,0,16,0.6500482893573172
T03,BG15,35,0.009900989942252636,1.0,mlp,0.00032519875490892694,0.11773452535271645,"[0, 1, 2]",3,0,16,0.6154504163920643
T03,BG14,0,0.9950248599052429,0.0,linear,0.0012840101881326938,0.4648613433043162,"[0, 1, 2]",3,0,16,0.5478606828182494
T03,BG14,0,0.9950248599052429,0.0,mlp,0.0012840101881326938,0.4648613433043162,"[0, 1, 2]",3,0,16,0.5294294311202947
T03,BG8,4,0.9906675815582275,0.11428571428571428,linear,0.0030077322454854284,1.0889153877894084,"[0, 1, 2]",3,0,16,0.235079027636565
T03,BG8,4,0.9906675815582275,0.11428571428571428,mlp,0.0030077322454854284,1.0889153877894084,"[0, 1, 2]",3,0,16,0.3605241924519391
T03,BG4,23,0.618124783039093,0.6571428571428571,linear,0.00015607836855379884,0.05650640527407328,"[0, 1, 2]",3,0,16,0.5640640148266437
T03,BG4,23,0.618124783039093,0.6571428571428571,mlp,0.00015607836855379884,0.05650640527407328,"[0, 1, 2]",3,0,16,0.5858486689273992
T03,BG3,4,0.9906675815582275,0.11428571428571428,linear,0.00023703277845108804,0.08581503232320149,"[0, 1, 2]",3,0,16,0.5849725557626309
T03,BG3,4,0.9906675815582275,0.11428571428571428,mlp,0.00023703277845108804,0.08581503232320149,"[0, 1, 2]",3,0,16,0.584554726430095
T03,BG5,0,0.9950248599052429,0.0,linear,0.0006674485099193494,0.2416421721378962,"[0, 1, 2]",3,0,16,0.5036953093254942
T03,BG5,0,0.9950248599052429,0.0,mlp,0.0006674485099193494,0.2416421721378962,"[0, 1, 2]",3,0,16,0.5176003170442255
T03,BG10,4,0.9906675815582275,0.11428571428571428,linear,0.002807597112150813,1.0164587299029033,"[0, 1, 2]",3,0,16,0.38966682977566464
T03,BG10,4,0.9906675815582275,0.11428571428571428,mlp,0.002807597112150813,1.0164587299029033,"[0, 1, 2]",3,0,16,0.39743168723562844
T03,BG3,27,0.30132922530174255,0.7714285714285715,linear,0.00023703277845108804,0.08581503232320149,"[0, 1, 2]",3,0,16,0.5315148286865989
T03,BG3,27,0.30132922530174255,0.7714285714285715,mlp,0.00023703277845108804,0.08581503232320149,"[0, 1, 2]",3,0,16,0.6180980300762826
T03,BG10,0,0.9950248599052429,0.0,linear,0.002807597112150813,1.0164587299029033,"[0, 1, 2]",3,0,16,0.3883915505681545
T03,BG10,0,0.9950248599052429,0.0,mlp,0.002807597112150813,1.0164587299029033,"[0, 1, 2]",3,0,16,0.3988189167265346
T03,BG4,19,0.831115186214447,0.5428571428571428,linear,0.00015607836855379884,0.05650640527407328,"[0, 1, 2]",3,0,16,0.5843952927572695
T03,BG4,19,0.831115186214447,0.5428571428571428,mlp,0.00015607836855379884,0.05650640527407328,"[0, 1, 2]",3,0,16,0.6285599644904535
T03,BG12,23,0.618124783039093,0.6571428571428571,linear,0.0004379459889817235,0.15855338424444199,"[0, 1, 2]",3,0,16,0.5627534564540664
T03,BG12,23,0.618124783039093,0.6571428571428571,mlp,0.0004379459889817235,0.15855338424444199,"[0, 1, 2]",3,0,16,0.57944002435885
T03,BG1,0,0.9950248599052429,0.0,linear,0.0001971517929466004,0.07137657329440117,"[0, 1, 2]",3,0,16,0.5806657370508486
T03,BG1,0,0.9950248599052429,0.0,mlp,0.0001971517929466004,0.07137657329440117,"[0, 1, 2]",3,0,16,0.5835768513798824
T03,BG9,35,0.009900989942252636,1.0,linear,0.0008968648095452999,0.3246997445821762,"[0, 1, 2]",3,0,16,0.6507468253855411
T03,BG9,35,0.009900989942252636,1.0,mlp,0.0008968648095452999,0.3246997445821762,"[0, 1, 2]",3,0,16,0.6034858388113076
T03,BG15,0,0.9950248599052429,0.0,linear,0.00032519875490892694,0.11773452535271645,"[0, 1, 2]",3,0,16,0.5929574910643506
T03,BG15,0,0.9950248599052429,0.0,mlp,0.00032519875490892694,0.11773452535271645,"[0, 1, 2]",3,0,16,0.5997358823946186
T04,BG11,12,0.9606394171714783,0.34285714285714286,linear,0.0004854595430628434,0.17575512826442719,"[0, 1, 2]",3,0,16,0.371302452780027
T04,BG11,12,0.9606394171714783,0.34285714285714286,mlp,0.0004854595430628434,0.17575512826442719,"[0, 1, 2]",3,0,16,0.25778987887935517
T04,BG2,8,0.9814466834068298,0.22857142857142856,linear,0.0004932368130754275,0.1785708007713159,"[0, 1, 2]",3,0,16,0.3692926990308532
T04,BG2,8,0.9814466834068298,0.22857142857142856,mlp,0.0004932368130754275,0.1785708007713159,"[0, 1, 2]",3,0,16,0.2503488057818602
T04,BG4,16,0.9109315872192383,0.45714285714285713,linear,0.0001958676208662761,0.07091165333986282,"[0, 1, 2]",3,0,16,0.3482000889589455
T04,BG4,16,0.9109315872192383,0.45714285714285713,mlp,0.0001958676208662761,0.07091165333986282,"[0, 1, 2]",3,0,16,0.40617856181956324
T04,BG8,12,0.9606394171714783,0.34285714285714286,linear,0.0013157554633367735,0.47635436058044434,"[0, 1, 2]",3,0,16,0.3256033178593472
T04,BG8,12,0.9606394171714783,0.34285714285714286,mlp,0.0013157554633367735,0.47635436058044434,"[0, 1, 2]",3,0,16,0.2263185122927086
T04,BG13,0,0.9950248599052429,0.0,linear,0.00043719522766310736,0.1582815796136856,"[0, 1, 2]",3,0,16,0.37272053606181754
T04,BG13,0,0.9950248599052429,0.0,mlp,0.00043719522766310736,0.1582815796136856,"[0, 1, 2]",3,0,16,0.2627949988057629
T04,BG13,19,0.831115186214447,0.5428571428571428,linear,0.00043719522766310736,0.1582815796136856,"[0, 1, 2]",3,0,16,0.3021108093023981
T04,BG13,19,0.831115186214447,0.5428571428571428,mlp,0.00043719522766310736,0.1582815796136856,"[0, 1, 2]",3,0,16,0.36504245087550563
T04,BG9,4,0.9906675815582275,0.11428571428571428,linear,0.0007640764711821087,0.27662523090839386,"[0, 1, 2]",3,0,16,0.35931136335842373
T04,BG9,4,0.9906675815582275,0.11428571428571428,mlp,0.0007640764711821087,0.27662523090839386,"[0, 1, 2]",3,0,16,0.2382942820981177
T04,BG14,27,0.30132922530174255,0.7714285714285715,linear,0.0006552274330156874,0.23721766968568167,"[0, 1, 2]",3,0,16,0.2098699475110612
T04,BG14,27,0.30132922530174255,0.7714285714285715,mlp,0.0006552274330156874,0.23721766968568167,"[0, 1, 2]",3,0,16,0.2850070793336376
T04,BG7,35,0.009900989942252636,1.0,linear,0.00030460159209960464,0.11027755588293076,"[0, 1, 2]",3,0,16,-0.005294059831882403
T04,BG7,35,0.009900989942252636,1.0,mlp,0.00030460159209960464,0.11027755588293076,"[0, 1, 2]",3,0,16,-0.07091116730469496
T04,BG14,31,0.07776966691017151,0.8857142857142857,linear,0.0006552274330156874,0.23721766968568167,"[0, 1, 2]",3,0,16,0.27538095896994697
T04,BG14,31,0.07776966691017151,0.8857142857142857,mlp,0.0006552274330156874,0.23721766968568167,"[0, 1, 2]",3,0,16,0.2680448697283473
T04,BG13,31,0.07776966691017151,0.8857142857142857,linear,0.00043719522766310736,0.1582815796136856,"[0, 1, 2]",3,0,16,0.24799835520871688
T04,BG13,31,0.07776966691017151,0.8857142857142857,mlp,0.00043719522766310736,0.1582815796136856,"[0, 1, 2]",3,0,16,0.24302119978415318
T04,BG12,8,0.9814466834068298,0.22857142857142856,linear,0.0004092207920314142,0.14815375208854675,"[0, 1, 2]",3,0,16,0.36634535024804044
T04,BG12,8,0.9814466834068298,0.22857142857142856,mlp,0.0004092207920314142,0.14815375208854675,"[0, 1, 2]",3,0,16,0.24398369665333755
T04,BG7,27,0.30132922530174255,0.7714285714285715,linear,0.00030460159209960464,0.11027755588293076,"[0, 1, 2]",3,0,16,0.13598005449226064
T04,BG7,27,0.30132922530174255,0.7714285714285715,mlp,0.00030460159209960464,0.11027755588293076,"[0, 1, 2]",3,0,16,0.2215568277709491
T04,BG9,31,0.07776966691017151,0.8857142857142857,linear,0.0007640764711821087,0.27662523090839386,"[0, 1, 2]",3,0,16,0.26855861394104524
T04,BG9,31,0.07776966691017151,0.8857142857142857,mlp,0.0007640764711821087,0.27662523090839386,"[0, 1, 2]",3,0,16,0.2781516484980148
T04,BG14,16,0.9109315872192383,0.45714285714285713,linear,0.0006552274330156874,0.23721766968568167,"[0, 1, 2]",3,0,16,0.35875265800246403
T04,BG14,16,0.9109315872192383,0.45714285714285713,mlp,0.0006552274330156874,0.23721766968568167,"[0, 1, 2]",3,0,16,0.4066811960524259
T04,BG11,35,0.009900989942252636,1.0,linear,0.0004854595430628434,0.17575512826442719,"[0, 1, 2]",3,0,16,0.22758791702696357
T04,BG11,35,0.009900989942252636,1.0,mlp,0.0004854595430628434,0.17575512826442719,"[0, 1, 2]",3,0,16,0.2539168310378841
T04,BG8,16,0.9109315872192383,0.45714285714285713,linear,0.0013157554633367735,0.47635436058044434,"[0, 1, 2]",3,0,16,0.3048126614279296
T04,BG8,16,0.9109315872192383,0.45714285714285713,mlp,0.0013157554633367735,0.47635436058044434,"[0, 1, 2]",3,0,16,0.3702127945215998
T04,BG10,23,0.618124783039093,0.6571428571428571,linear,0.0005845659365813958,0.21163547535737356,"[0, 1, 2]",3,0,16,0.23301203059571446
T04,BG10,23,0.618124783039093,0.6571428571428571,mlp,0.0005845659365813958,0.21163547535737356,"[0, 1, 2]",3,0,16,0.24687232677121368
T04,BG13,4,0.9906675815582275,0.11428571428571428,linear,0.00043719522766310736,0.1582815796136856,"[0, 1, 2]",3,0,16,0.37292500607075724
T04,BG13,4,0.9906675815582275,0.11428571428571428,mlp,0.00043719522766310736,0.1582815796136856,"[0, 1, 2]",3,0,16,0.26453059666818207
T04,BG4,27,0.30132922530174255,0.7714285714285715,linear,0.0001958676208662761,0.07091165333986282,"[0, 1, 2]",3,0,16,0.20667454373173552
T04,BG4,27,0.30132922530174255,0.7714285714285715,mlp,0.0001958676208662761,0.07091165333986282,"[0, 1, 2]",3,0,16,0.27470293693472086
T04,BG2,23,0.618124783039093,0.6571428571428571,linear,0.0004932368130754275,0.1785708007713159,"[0, 1, 2]",3,0,16,0.2159810873924365
T04,BG2,23,0.618124783039093,0.6571428571428571,mlp,0.0004932368130754275,0.1785708007713159,"[0, 1, 2]",3,0,16,0.2558574249385523
T04,BG7,23,0.618124783039093,0.6571428571428571,linear,0.00030460159209960464,0.11027755588293076,"[0, 1, 2]",3,0,16,0.15345897262686
T04,BG7,23,0.618124783039093,0.6571428571428571,mlp,0.00030460159209960464,0.11027755588293076,"[0, 1, 2]",3,0,16,0.21318120940670768
T04,BG8,35,0.009900989942252636,1.0,linear,0.0013157554633367735,0.47635436058044434,"[0, 1, 2]",3,0,16,0.18083097535528406
T04,BG8,35,0.009900989942252636,1.0,mlp,0.0013157554633367735,0.47635436058044434,"[0, 1, 2]",3,0,16,0.1327443136570771
T04,BG1,4,0.9906675815582275,0.11428571428571428,linear,0.0004224027402509318,0.1529261271158854,"[0, 1, 2]",3,0,16,0.3719676343086175
T04,BG1,4,0.9906675815582275,0.11428571428571428,mlp,0.0004224027402509318,0.1529261271158854,"[0, 1, 2]",3,0,16,0.26987504979238747
T04,BG12,35,0.009900989942252636,1.0,linear,0.0004092207920314142,0.14815375208854675,"[0, 1, 2]",3,0,16,0.22009520048372316
T04,BG12,35,0.009900989942252636,1.0,mlp,0.0004092207920314142,0.14815375208854675,"[0, 1, 2]",3,0,16,0.17990307059322766
T04,BG3,19,0.831115186214447,0.5428571428571428,linear,0.0002872453771981751,0.10399393488963445,"[0, 1, 2]",3,0,16,0.31329972689831104
T04,BG3,19,0.831115186214447,0.5428571428571428,mlp,0.0002872453771981751,0.10399393488963445,"[0, 1, 2]",3,0,16,0.38870666391084974
T04,BG14,35,0.009900989942252636,1.0,linear,0.0006552274330156874,0.23721766968568167,"[0, 1, 2]",3,0,16,0.21604331729821008
T04,BG14,35,0.009900989942252636,1.0,mlp,0.0006552274330156874,0.23721766968568167,"[0, 1, 2]",3,0,16,0.2236663340951638
T04,BG12,27,0.30132922530174255,0.7714285714285715,linear,0.0004092207920314142,0.14815375208854675,"[0, 1, 2]",3,0,16,0.16541402311206965
T04,BG12,27,0.30132922530174255,0.7714285714285715,mlp,0.0004092207920314142,0.14815375208854675,"[0, 1, 2]",3,0,16,0.26017510073959643
T04,BG10,35,0.009900989942252636,1.0,linear,0.0005845659365813958,0.21163547535737356,"[0, 1, 2]",3,0,16,0.19683278244834826
T04,BG10,35,0.009900989942252636,1.0,mlp,0.0005845659365813958,0.21163547535737356,"[0, 1, 2]",3,0,16,0.1975014751678385
T04,BG14,4,0.9906675815582275,0.11428571428571428,linear,0.0006552274330156874,0.23721766968568167,"[0, 1, 2]",3,0,16,0.3740349081999115
T04,BG14,4,0.9906675815582275,0.11428571428571428,mlp,0.0006552274330156874,0.23721766968568167,"[0, 1, 2]",3,0,16,0.27640649361430847
T04,BG11,31,0.07776966691017151,0.8857142857142857,linear,0.0004854595430628434,0.17575512826442719,"[0, 1, 2]",3,0,16,0.28249257693134894
T04,BG11,31,0.07776966691017151,0.8857142857142857,mlp,0.0004854595430628434,0.17575512826442719,"[0, 1, 2]",3,0,16,0.26788686650443067
T04,BG1,12,0.9606394171714783,0.34285714285714286,linear,0.0004224027402509318,0.1529261271158854,"[0, 1, 2]",3,0,16,0.3588470189033448
T04,BG1,12,0.9606394171714783,0.34285714285714286,mlp,0.0004224027402509318,0.1529261271158854,"[0, 1, 2]",3,0,16,0.25024619756819283
T04,BG9,23,0.618124783039093,0.6571428571428571,linear,0.0007640764711821087,0.27662523090839386,"[0, 1, 2]",3,0,16,0.21580956273174132
T04,BG9,23,0.618124783039093,0.6571428571428571,mlp,0.0007640764711821087,0.27662523090839386,"[0, 1, 2]",3,0,16,0.24764564438356204
T04,BG3,35,0.009900989942252636,1.0,linear,0.0002872453771981751,0.10399393488963445,"[0, 1, 2]",3,0,16,0.22708439752718645
T04,BG3,35,0.009900989942252636,1.0,mlp,0.0002872453771981751,0.10399393488963445,"[0, 1, 2]",3,0,16,0.23569551995937774
T04,BG4,31,0.07776966691017151,0.8857142857142857,linear,0.0001958676208662761,0.07091165333986282,"[0, 1, 2]",3,0,16,0.2939462886389753
T04,BG4,31,0.07776966691017151,0.8857142857142857,mlp,0.0001958676208662761,0.07091165333986282,"[0, 1, 2]",3,0,16,0.30128340351835786
T04,BG9,8,0.9814466834068298,0.22857142857142856,linear,0.0007640764711821087,0.27662523090839386,"[0, 1, 2]",3,0,16,0.3583894319091731
T04,BG9,8,0.9814466834068298,0.22857142857142856,mlp,0.0007640764711821087,0.27662523090839386,"[0, 1, 2]",3,0,16,0.21842222706407524
T04,BG6,27,0.30132922530174255,0.7714285714285715,linear,0.0010567461491556036,0.38258297244707745,"[0, 1, 2]",3,0,16,0.165531851440158
T04,BG6,27,0.30132922530174255,0.7714285714285715,mlp,0.0010567461491556036,0.38258297244707745,"[0, 1, 2]",3,0,16,0.25813062884691795
T04,BG3,0,0.9950248599052429,0.0,linear,0.0002872453771981751,0.10399393488963445,"[0, 1, 2]",3,0,16,0.37388134358635794
T04,BG3,0,0.9950248599052429,0.0,mlp,0.0002872453771981751,0.10399393488963445,"[0, 1, 2]",3,0,16,0.2779749234687265
T04,BG9,12,0.9606394171714783,0.34285714285714286,linear,0.0007640764711821087,0.27662523090839386,"[0, 1, 2]",3,0,16,0.34889018449756837
T04,BG9,12,0.9606394171714783,0.34285714285714286,mlp,0.0007640764711821087,0.27662523090839386,"[0, 1, 2]",3,0,16,0.21059881247558063
T04,BG2,35,0.009900989942252636,1.0,linear,0.0004932368130754275,0.1785708007713159,"[0, 1, 2]",3,0,16,0.21329672150379347
T04,BG2,35,0.009900989942252636,1.0,mlp,0.0004932368130754275,0.1785708007713159,"[0, 1, 2]",3,0,16,0.25968178194040686
T04,BG8,31,0.07776966691017151,0.8857142857142857,linear,0.0013157554633367735,0.47635436058044434,"[0, 1, 2]",3,0,16,0.2317284995041265
T04,BG8,31,0.07776966691017151,0.8857142857142857,mlp,0.0013157554633367735,0.47635436058044434,"[0, 1, 2]",3,0,16,0.21235605375828337
T04,BG2,31,0.07776966691017151,0.8857142857142857,linear,0.0004932368130754275,0.1785708007713159,"[0, 1, 2]",3,0,16,0.2848438273289646
T04,BG2,31,0.07776966691017151,0.8857142857142857,mlp,0.0004932368130754275,0.1785708007713159,"[0, 1, 2]",3,0,16,0.2926449832016451
T04,BG14,12,0.9606394171714783,0.34285714285714286,linear,0.0006552274330156874,0.23721766968568167,"[0, 1, 2]",3,0,16,0.36017546922535054
T04,BG14,12,0.9606394171714783,0.34285714285714286,mlp,0.0006552274330156874,0.23721766968568167,"[0, 1, 2]",3,0,16,0.2548804202169655
T04,BG11,8,0.9814466834068298,0.22857142857142856,linear,0.0004854595430628434,0.17575512826442719,"[0, 1, 2]",3,0,16,0.37884176542609366
T04,BG11,8,0.9814466834068298,0.22857142857142856,mlp,0.0004854595430628434,0.17575512826442719,"[0, 1, 2]",3,0,16,0.25492311265577305
T04,BG13,8,0.9814466834068298,0.22857142857142856,linear,0.00043719522766310736,0.1582815796136856,"[0, 1, 2]",3,0,16,0.3695127851858988
T04,BG13,8,0.9814466834068298,0.22857142857142856,mlp,0.00043719522766310736,0.1582815796136856,"[0, 1, 2]",3,0,16,0.24304210436701562
T04,BG1,23,0.618124783039093,0.6571428571428571,linear,0.0004224027402509318,0.1529261271158854,"[0, 1, 2]",3,0,16,0.22003969264070689
T04,BG1,23,0.618124783039093,0.6571428571428571,mlp,0.0004224027402509318,0.1529261271158854,"[0, 1, 2]",3,0,16,0.25380148281828485
T04,BG9,0,0.9950248599052429,0.0,linear,0.0007640764711821087,0.27662523090839386,"[0, 1, 2]",3,0,16,0.3599896802401782
T04,BG9,0,0.9950248599052429,0.0,mlp,0.0007640764711821087,0.27662523090839386,"[0, 1, 2]",3,0,16,0.24364212797448384
T04,BG6,0,0.9950248599052429,0.0,linear,0.0010567461491556036,0.38258297244707745,"[0, 1, 2]",3,0,16,0.3772207966731724
T04,BG6,0,0.9950248599052429,0.0,mlp,0.0010567461491556036,0.38258297244707745,"[0, 1, 2]",3,0,16,0.2602539985645805
T04,BG9,27,0.30132922530174255,0.7714285714285715,linear,0.0007640764711821087,0.27662523090839386,"[0, 1, 2]",3,0,16,0.1856319105734103
T04,BG9,27,0.30132922530174255,0.7714285714285715,mlp,0.0007640764711821087,0.27662523090839386,"[0, 1, 2]",3,0,16,0.2687637925199451
T04,BG3,8,0.9814466834068298,0.22857142857142856,linear,0.0002872453771981751,0.10399393488963445,"[0, 1, 2]",3,0,16,0.36988015897647697
T04,BG3,8,0.9814466834068298,0.22857142857142856,mlp,0.0002872453771981751,0.10399393488963445,"[0, 1, 2]",3,0,16,0.25793585793485135
T04,BG14,19,0.831115186214447,0.5428571428571428,linear,0.0006552274330156874,0.23721766968568167,"[0, 1, 2]",3,0,16,0.30929727954101666
T04,BG14,19,0.831115186214447,0.5428571428571428,mlp,0.0006552274330156874,0.23721766968568167,"[0, 1, 2]",3,0,16,0.3990827737583706
T04,BG15,19,0.831115186214447,0.5428571428571428,linear,0.00047804694550147397,0.1730714812874794,"[0, 1, 2]",3,0,16,0.3266014176985647
T04,BG15,19,0.831115186214447,0.5428571428571428,mlp,0.00047804694550147397,0.1730714812874794,"[0, 1, 2]",3,0,16,0.40872148417696336
T04,BG3,23,0.618124783039093,0.6571428571428571,linear,0.0002872453771981751,0.10399393488963445,"[0, 1, 2]",3,0,16,0.22159754191638484
T04,BG3,23,0.618124783039093,0.6571428571428571,mlp,0.0002872453771981751,0.10399393488963445,"[0, 1, 2]",3,0,16,0.24178868964520614
T04,BG8,8,0.9814466834068298,0.22857142857142856,linear,0.0013157554633367735,0.47635436058044434,"[0, 1, 2]",3,0,16,0.3361557627377552
T04,BG8,8,0.9814466834068298,0.22857142857142856,mlp,0.0013157554633367735,0.47635436058044434,"[0, 1, 2]",3,0,16,0.2274551904957145
T04,BG14,23,0.618124783039093,0.6571428571428571,linear,0.0006552274330156874,0.23721766968568167,"[0, 1, 2]",3,0,16,0.23476625703368306
T04,BG14,23,0.618124783039093,0.6571428571428571,mlp,0.0006552274330156874,0.23721766968568167,"[0, 1, 2]",3,0,16,0.24934519568792898
T04,BG5,8,0.9814466834068298,0.22857142857142856,linear,0.0011971935247827605,0.43343035380045575,"[0, 1, 2]",3,0,16,0.3600562534669966
T04,BG5,8,0.9814466834068298,0.22857142857142856,mlp,0.0011971935247827605,0.43343035380045575,"[0, 1, 2]",3,0,16,0.2454436994141763
T04,BG10,16,0.9109315872192383,0.45714285714285713,linear,0.0005845659365813958,0.21163547535737356,"[0, 1, 2]",3,0,16,0.3430811147504881
T04,BG10,16,0.9109315872192383,0.45714285714285713,mlp,0.0005845659365813958,0.21163547535737356,"[0, 1, 2]",3,0,16,0.3942979218015952
T04,BG2,12,0.9606394171714783,0.34285714285714286,linear,0.0004932368130754275,0.1785708007713159,"[0, 1, 2]",3,0,16,0.3589005444442799
T04,BG2,12,0.9606394171714783,0.34285714285714286,mlp,0.0004932368130754275,0.1785708007713159,"[0, 1, 2]",3,0,16,0.24992812037136714
T04,BG6,31,0.07776966691017151,0.8857142857142857,linear,0.0010567461491556036,0.38258297244707745,"[0, 1, 2]",3,0,16,0.24515535505191455
T04,BG6,31,0.07776966691017151,0.8857142857142857,mlp,0.0010567461491556036,0.38258297244707745,"[0, 1, 2]",3,0,16,0.262437157095997
T04,BG5,19,0.831115186214447,0.5428571428571428,linear,0.0011971935247827605,0.43343035380045575,"[0, 1, 2]",3,0,16,0.2864427292880383
T04,BG5,19,0.831115186214447,0.5428571428571428,mlp,0.0011971935247827605,0.43343035380045575,"[0, 1, 2]",3,0,16,0.34200913207297207
T04,BG2,19,0.831115186214447,0.5428571428571428,linear,0.0004932368130754275,0.1785708007713159,"[0, 1, 2]",3,0,16,0.31117829621569315
T04,BG2,19,0.831115186214447,0.5428571428571428,mlp,0.0004932368130754275,0.1785708007713159,"[0, 1, 2]",3,0,16,0.3598870439203135
T04,BG10,31,0.07776966691017151,0.8857142857142857,linear,0.0005845659365813958,0.21163547535737356,"[0, 1, 2]",3,0,16,0.2654751133434766
T04,BG10,31,0.07776966691017151,0.8857142857142857,mlp,0.0005845659365813958,0.21163547535737356,"[0, 1, 2]",3,0,16,0.24672951335685642
T04,BG7,12,0.9606394171714783,0.34285714285714286,linear,0.00030460159209960464,0.11027755588293076,"[0, 1, 2]",3,0,16,0.3470496125814873
T04,BG7,12,0.9606394171714783,0.34285714285714286,mlp,0.00030460159209960464,0.11027755588293076,"[0, 1, 2]",3,0,16,0.1953257839776641
T04,BG12,12,0.9606394171714783,0.34285714285714286,linear,0.0004092207920314142,0.14815375208854675,"[0, 1, 2]",3,0,16,0.35700547290154355
T04,BG12,12,0.9606394171714783,0.34285714285714286,mlp,0.0004092207920314142,0.14815375208854675,"[0, 1, 2]",3,0,16,0.23918337074228974
T04,BG11,19,0.831115186214447,0.5428571428571428,linear,0.0004854595430628434,0.17575512826442719,"[0, 1, 2]",3,0,16,0.31691335803891346
T04,BG11,19,0.831115186214447,0.5428571428571428,mlp,0.0004854595430628434,0.17575512826442719,"[0, 1, 2]",3,0,16,0.3941005206186367
T04,BG11,4,0.9906675815582275,0.11428571428571428,linear,0.0004854595430628434,0.17575512826442719,"[0, 1, 2]",3,0,16,0.38209652790661996
T04,BG11,4,0.9906675815582275,0.11428571428571428,mlp,0.0004854595430628434,0.17575512826442719,"[0, 1, 2]",3,0,16,0.2763319915763542
T04,BG13,27,0.30132922530174255,0.7714285714285715,linear,0.00043719522766310736,0.1582815796136856,"[0, 1, 2]",3,0,16,0.1802009537535165
T04,BG13,27,0.30132922530174255,0.7714285714285715,mlp,0.00043719522766310736,0.1582815796136856,"[0, 1, 2]",3,0,16,0.2701196611622406
T04,BG2,16,0.9109315872192383,0.45714285714285713,linear,0.0004932368130754275,0.1785708007713159,"[0, 1, 2]",3,0,16,0.34056247185466515
T04,BG2,16,0.9109315872192383,0.45714285714285713,mlp,0.0004932368130754275,0.1785708007713159,"[0, 1, 2]",3,0,16,0.4021133456305886
T04,BG2,4,0.9906675815582275,0.11428571428571428,linear,0.0004932368130754275,0.1785708007713159,"[0, 1, 2]",3,0,16,0.3718511812687258
T04,BG2,4,0.9906675815582275,0.11428571428571428,mlp,0.0004932368130754275,0.1785708007713159,"[0, 1, 2]",3,0,16,0.26820917743162964
T04,BG1,35,0.009900989942252636,1.0,linear,0.0004224027402509318,0.1529261271158854,"[0, 1, 2]",3,0,16,0.20154340326705883
T04,BG1,35,0.009900989942252636,1.0,mlp,0.0004224027402509318,0.1529261271158854,"[0, 1, 2]",3,0,16,0.25126537802164056
T04,BG3,31,0.07776966691017151,0.8857142857142857,linear,0.0002872453771981751,0.10399393488963445,"[0, 1, 2]",3,0,16,0.2786374921385329
T04,BG3,31,0.07776966691017151,0.8857142857142857,mlp,0.0002872453771981751,0.10399393488963445,"[0, 1, 2]",3,0,16,0.27498335353654474
T04,BG14,8,0.9814466834068298,0.22857142857142856,linear,0.0006552274330156874,0.23721766968568167,"[0, 1, 2]",3,0,16,0.3700146341774172
T04,BG14,8,0.9814466834068298,0.22857142857142856,mlp,0.0006552274330156874,0.23721766968568167,"[0, 1, 2]",3,0,16,0.2545683183123264
T04,BG1,31,0.07776966691017151,0.8857142857142857,linear,0.0004224027402509318,0.1529261271158854,"[0, 1, 2]",3,0,16,0.28471783348870905
T04,BG1,31,0.07776966691017151,0.8857142857142857,mlp,0.0004224027402509318,0.1529261271158854,"[0, 1, 2]",3,0,16,0.2913356604797376
T04,BG15,4,0.9906675815582275,0.11428571428571428,linear,0.00047804694550147397,0.1730714812874794,"[0, 1, 2]",3,0,16,0.38426751126157455
T04,BG15,4,0.9906675815582275,0.11428571428571428,mlp,0.00047804694550147397,0.1730714812874794,"[0, 1, 2]",3,0,16,0.2948311832501668
T04,BG12,19,0.831115186214447,0.5428571428571428,linear,0.0004092207920314142,0.14815375208854675,"[0, 1, 2]",3,0,16,0.29761579173014213
T04,BG12,19,0.831115186214447,0.5428571428571428,mlp,0.0004092207920314142,0.14815375208854675,"[0, 1, 2]",3,0,16,0.3526271650540183
T04,BG9,19,0.831115186214447,0.5428571428571428,linear,0.0007640764711821087,0.27662523090839386,"[0, 1, 2]",3,0,16,0.24552457040134398
T04,BG9,19,0.831115186214447,0.5428571428571428,mlp,0.0007640764711821087,0.27662523090839386,"[0, 1, 2]",3,0,16,0.34643426204791544
T04,BG8,19,0.831115186214447,0.5428571428571428,linear,0.0013157554633367735,0.47635436058044434,"[0, 1, 2]",3,0,16,0.25530633470595115
T04,BG8,19,0.831115186214447,0.5428571428571428,mlp,0.0013157554633367735,0.47635436058044434,"[0, 1, 2]",3,0,16,0.40946064428235074
T04,BG10,19,0.831115186214447,0.5428571428571428,linear,0.0005845659365813958,0.21163547535737356,"[0, 1, 2]",3,0,16,0.3104224611446597
T04,BG10,19,0.831115186214447,0.5428571428571428,mlp,0.0005845659365813958,0.21163547535737356,"[0, 1, 2]",3,0,16,0.3715320455349073
T04,BG6,23,0.618124783039093,0.6571428571428571,linear,0.0010567461491556036,0.38258297244707745,"[0, 1, 2]",3,0,16,0.19318783381324162
T04,BG6,23,0.618124783039093,0.6571428571428571,mlp,0.0010567461491556036,0.38258297244707745,"[0, 1, 2]",3,0,16,0.2072126535258414
T04,BG5,23,0.618124783039093,0.6571428571428571,linear,0.0011971935247827605,0.43343035380045575,"[0, 1, 2]",3,0,16,0.23251323159474283
T04,BG5,23,0.618124783039093,0.6571428571428571,mlp,0.0011971935247827605,0.43343035380045575,"[0, 1, 2]",3,0,16,0.248267901243352
T04,BG6,19,0.831115186214447,0.5428571428571428,linear,0.0010567461491556036,0.38258297244707745,"[0, 1, 2]",3,0,16,0.2932557716579504
T04,BG6,19,0.831115186214447,0.5428571428571428,mlp,0.0010567461491556036,0.38258297244707745,"[0, 1, 2]",3,0,16,0.3672265202444936
T04,BG10,8,0.9814466834068298,0.22857142857142856,linear,0.0005845659365813958,0.21163547535737356,"[0, 1, 2]",3,0,16,0.3706875938795636
T04,BG10,8,0.9814466834068298,0.22857142857142856,mlp,0.0005845659365813958,0.21163547535737356,"[0, 1, 2]",3,0,16,0.2499970745761039
T04,BG7,8,0.9814466834068298,0.22857142857142856,linear,0.00030460159209960464,0.11027755588293076,"[0, 1, 2]",3,0,16,0.3521037441555115
T04,BG7,8,0.9814466834068298,0.22857142857142856,mlp,0.00030460159209960464,0.11027755588293076,"[0, 1, 2]",3,0,16,0.18156739881647643
T04,BG13,12,0.9606394171714783,0.34285714285714286,linear,0.00043719522766310736,0.1582815796136856,"[0, 1, 2]",3,0,16,0.3614358566816026
T04,BG13,12,0.9606394171714783,0.34285714285714286,mlp,0.00043719522766310736,0.1582815796136856,"[0, 1, 2]",3,0,16,0.24130141298575142
T04,BG13,16,0.9109315872192383,0.45714285714285713,linear,0.00043719522766310736,0.1582815796136856,"[0, 1, 2]",3,0,16,0.3508216435085336
T04,BG13,16,0.9109315872192383,0.45714285714285713,mlp,0.00043719522766310736,0.1582815796136856,"[0, 1, 2]",3,0,16,0.40844889956685543
T04,BG15,8,0.9814466834068298,0.22857142857142856,linear,0.00047804694550147397,0.1730714812874794,"[0, 1, 2]",3,0,16,0.3808163347892468
T04,BG15,8,0.9814466834068298,0.22857142857142856,mlp,0.00047804694550147397,0.1730714812874794,"[0, 1, 2]",3,0,16,0.2711835566117698
T04,BG12,4,0.9906675815582275,0.11428571428571428,linear,0.0004092207920314142,0.14815375208854675,"[0, 1, 2]",3,0,16,0.37103541894272346
T04,BG12,4,0.9906675815582275,0.11428571428571428,mlp,0.0004092207920314142,0.14815375208854675,"[0, 1, 2]",3,0,16,0.26056748785187567
T04,BG2,0,0.9950248599052429,0.0,linear,0.0004932368130754275,0.1785708007713159,"[0, 1, 2]",3,0,16,0.3727315199154149
T04,BG2,0,0.9950248599052429,0.0,mlp,0.0004932368130754275,0.1785708007713159,"[0, 1, 2]",3,0,16,0.27442004901773065
T04,BG9,16,0.9109315872192383,0.45714285714285713,linear,0.0007640764711821087,0.27662523090839386,"[0, 1, 2]",3,0,16,0.3329448317154635
T04,BG9,16,0.9109315872192383,0.45714285714285713,mlp,0.0007640764711821087,0.27662523090839386,"[0, 1, 2]",3,0,16,0.3947399543173658
T04,BG4,4,0.9906675815582275,0.11428571428571428,linear,0.0001958676208662761,0.07091165333986282,"[0, 1, 2]",3,0,16,0.37597369132595354
T04,BG4,4,0.9906675815582275,0.11428571428571428,mlp,0.0001958676208662761,0.07091165333986282,"[0, 1, 2]",3,0,16,0.2809848956156534
T04,BG7,31,0.07776966691017151,0.8857142857142857,linear,0.00030460159209960464,0.11027755588293076,"[0, 1, 2]",3,0,16,0.17349814382786344
T04,BG7,31,0.07776966691017151,0.8857142857142857,mlp,0.00030460159209960464,0.11027755588293076,"[0, 1, 2]",3,0,16,0.16028869594197093
T04,BG3,16,0.9109315872192383,0.45714285714285713,linear,0.0002872453771981751,0.10399393488963445,"[0, 1, 2]",3,0,16,0.34668073318506526
T04,BG3,16,0.9109315872192383,0.45714285714285713,mlp,0.0002872453771981751,0.10399393488963445,"[0, 1, 2]",3,0,16,0.4042229922887093
T04,BG1,19,0.831115186214447,0.5428571428571428,linear,0.0004224027402509318,0.1529261271158854,"[0, 1, 2]",3,0,16,0.3106014550392176
T04,BG1,19,0.831115186214447,0.5428571428571428,mlp,0.0004224027402509318,0.1529261271158854,"[0, 1, 2]",3,0,16,0.3659664242396408
T04,BG10,12,0.9606394171714783,0.34285714285714286,linear,0.0005845659365813958,0.21163547535737356,"[0, 1, 2]",3,0,16,0.3613718730795189
T04,BG10,12,0.9606394171714783,0.34285714285714286,mlp,0.0005845659365813958,0.21163547535737356,"[0, 1, 2]",3,0,16,0.24272881664245138
T04,BG2,27,0.30132922530174255,0.7714285714285715,linear,0.0004932368130754275,0.1785708007713159,"[0, 1, 2]",3,0,16,0.1547907139325895
T04,BG2,27,0.30132922530174255,0.7714285714285715,mlp,0.0004932368130754275,0.1785708007713159,"[0, 1, 2]",3,0,16,0.2645547746860362
T04,BG12,16,0.9109315872192383,0.45714285714285713,linear,0.0004092207920314142,0.14815375208854675,"[0, 1, 2]",3,0,16,0.3419857846399543
T04,BG12,16,0.9109315872192383,0.45714285714285713,mlp,0.0004092207920314142,0.14815375208854675,"[0, 1, 2]",3,0,16,0.40672150837436033
T04,BG15,27,0.30132922530174255,0.7714285714285715,linear,0.00047804694550147397,0.1730714812874794,"[0, 1, 2]",3,0,16,0.2154378915708831
T04,BG15,27,0.30132922530174255,0.7714285714285715,mlp,0.00047804694550147397,0.1730714812874794,"[0, 1, 2]",3,0,16,0.2751843312808933
T04,BG15,12,0.9606394171714783,0.34285714285714286,linear,0.00047804694550147397,0.1730714812874794,"[0, 1, 2]",3,0,16,0.3701785829208502
T04,BG15,12,0.9606394171714783,0.34285714285714286,mlp,0.00047804694550147397,0.1730714812874794,"[0, 1, 2]",3,0,16,0.2698914939692687
T04,BG11,16,0.9109315872192383,0.45714285714285713,linear,0.0004854595430628434,0.17575512826442719,"[0, 1, 2]",3,0,16,0.3536102682027114
T04,BG11,16,0.9109315872192383,0.45714285714285713,mlp,0.0004854595430628434,0.17575512826442719,"[0, 1, 2]",3,0,16,0.40355763159701985
T04,BG13,23,0.618124783039093,0.6571428571428571,linear,0.00043719522766310736,0.1582815796136856,"[0, 1, 2]",3,0,16,0.21572171359862746
T04,BG13,23,0.618124783039093,0.6571428571428571,mlp,0.00043719522766310736,0.1582815796136856,"[0, 1, 2]",3,0,16,0.2538456191025073
T04,BG12,31,0.07776966691017151,0.8857142857142857,linear,0.0004092207920314142,0.14815375208854675,"[0, 1, 2]",3,0,16,0.23742736164033648
T04,BG12,31,0.07776966691017151,0.8857142857142857,mlp,0.0004092207920314142,0.14815375208854675,"[0, 1, 2]",3,0,16,0.20905906581489922
T04,BG7,19,0.831115186214447,0.5428571428571428,linear,0.00030460159209960464,0.11027755588293076,"[0, 1, 2]",3,0,16,0.2567002218087457
T04,BG7,19,0.831115186214447,0.5428571428571428,mlp,0.00030460159209960464,0.11027755588293076,"[0, 1, 2]",3,0,16,0.3268354198813977
T04,BG15,31,0.07776966691017151,0.8857142857142857,linear,0.00047804694550147397,0.1730714812874794,"[0, 1, 2]",3,0,16,0.2881607394488689
T04,BG15,31,0.07776966691017151,0.8857142857142857,mlp,0.00047804694550147397,0.1730714812874794,"[0, 1, 2]",3,0,16,0.2954227818939272
T04,BG5,12,0.9606394171714783,0.34285714285714286,linear,0.0011971935247827605,0.43343035380045575,"[0, 1, 2]",3,0,16,0.3518611428610173
T04,BG5,12,0.9606394171714783,0.34285714285714286,mlp,0.0011971935247827605,0.43343035380045575,"[0, 1, 2]",3,0,16,0.24353728047017403
T04,BG8,27,0.30132922530174255,0.7714285714285715,linear,0.0013157554633367735,0.47635436058044434,"[0, 1, 2]",3,0,16,0.14028850052847397
T04,BG8,27,0.30132922530174255,0.7714285714285715,mlp,0.0013157554633367735,0.47635436058044434,"[0, 1, 2]",3,0,16,0.24050149206673252
T04,BG5,27,0.30132922530174255,0.7714285714285715,linear,0.0011971935247827605,0.43343035380045575,"[0, 1, 2]",3,0,16,0.1818539167305736
T04,BG5,27,0.30132922530174255,0.7714285714285715,mlp,0.0011971935247827605,0.43343035380045575,"[0, 1, 2]",3,0,16,0.26867284179872164
T04,BG7,4,0.9906675815582275,0.11428571428571428,linear,0.00030460159209960464,0.11027755588293076,"[0, 1, 2]",3,0,16,0.3559743391420124
T04,BG7,4,0.9906675815582275,0.11428571428571428,mlp,0.00030460159209960464,0.11027755588293076,"[0, 1, 2]",3,0,16,0.19428113992978413
T04,BG5,31,0.07776966691017151,0.8857142857142857,linear,0.0011971935247827605,0.43343035380045575,"[0, 1, 2]",3,0,16,0.22142115759281636
T04,BG5,31,0.07776966691017151,0.8857142857142857,mlp,0.0011971935247827605,0.43343035380045575,"[0, 1, 2]",3,0,16,0.2696804054330287
T04,BG10,27,0.30132922530174255,0.7714285714285715,linear,0.0005845659365813958,0.21163547535737356,"[0, 1, 2]",3,0,16,0.18824153750793599
T04,BG10,27,0.30132922530174255,0.7714285714285715,mlp,0.0005845659365813958,0.21163547535737356,"[0, 1, 2]",3,0,16,0.2737539546158696
T04,BG6,8,0.9814466834068298,0.22857142857142856,linear,0.0010567461491556036,0.38258297244707745,"[0, 1, 2]",3,0,16,0.37573095761282893
T04,BG6,8,0.9814466834068298,0.22857142857142856,mlp,0.0010567461491556036,0.38258297244707745,"[0, 1, 2]",3,0,16,0.2526304827081664
T04,BG4,12,0.9606394171714783,0.34285714285714286,linear,0.0001958676208662761,0.07091165333986282,"[0, 1, 2]",3,0,16,0.3621734010381511
T04,BG4,12,0.9606394171714783,0.34285714285714286,mlp,0.0001958676208662761,0.07091165333986282,"[0, 1, 2]",3,0,16,0.2559223958476962
T04,BG4,35,0.009900989942252636,1.0,linear,0.0001958676208662761,0.07091165333986282,"[0, 1, 2]",3,0,16,0.22860937642778084
T04,BG4,35,0.009900989942252636,1.0,mlp,0.0001958676208662761,0.07091165333986282,"[0, 1, 2]",3,0,16,0.25942691566209664
T04,BG6,16,0.9109315872192383,0.45714285714285713,linear,0.0010567461491556036,0.38258297244707745,"[0, 1, 2]",3,0,16,0.35125619156227905
T04,BG6,16,0.9109315872192383,0.45714285714285713,mlp,0.0010567461491556036,0.38258297244707745,"[0, 1, 2]",3,0,16,0.40278712040828935
T04,BG8,0,0.9950248599052429,0.0,linear,0.0013157554633367735,0.47635436058044434,"[0, 1, 2]",3,0,16,0.3415445369077816
T04,BG8,0,0.9950248599052429,0.0,mlp,0.0013157554633367735,0.47635436058044434,"[0, 1, 2]",3,0,16,0.2491303542033345
T04,BG13,35,0.009900989942252636,1.0,linear,0.00043719522766310736,0.1582815796136856,"[0, 1, 2]",3,0,16,0.23268110464628464
T04,BG13,35,0.009900989942252636,1.0,mlp,0.00043719522766310736,0.1582815796136856,"[0, 1, 2]",3,0,16,0.2061032553372939
T04,BG15,23,0.618124783039093,0.6571428571428571,linear,0.00047804694550147397,0.1730714812874794,"[0, 1, 2]",3,0,16,0.2290668362537559
T04,BG15,23,0.618124783039093,0.6571428571428571,mlp,0.00047804694550147397,0.1730714812874794,"[0, 1, 2]",3,0,16,0.24842971417356824
T04,BG3,12,0.9606394171714783,0.34285714285714286,linear,0.0002872453771981751,0.10399393488963445,"[0, 1, 2]",3,0,16,0.36176519728208534
T04,BG3,12,0.9606394171714783,0.34285714285714286,mlp,0.0002872453771981751,0.10399393488963445,"[0, 1, 2]",3,0,16,0.25629737326371665
T04,BG1,8,0.9814466834068298,0.22857142857142856,linear,0.0004224027402509318,0.1529261271158854,"[0, 1, 2]",3,0,16,0.36711255497921647
T04,BG1,8,0.9814466834068298,0.22857142857142856,mlp,0.0004224027402509318,0.1529261271158854,"[0, 1, 2]",3,0,16,0.2534785658397545
T04,BG6,35,0.009900989942252636,1.0,linear,0.0010567461491556036,0.38258297244707745,"[0, 1, 2]",3,0,16,0.16050354968227973
T04,BG6,35,0.009900989942252636,1.0,mlp,0.0010567461491556036,0.38258297244707745,"[0, 1, 2]",3,0,16,0.19176413965413847
T04,BG1,27,0.30132922530174255,0.7714285714285715,linear,0.0004224027402509318,0.1529261271158854,"[0, 1, 2]",3,0,16,0.1515975059316999
T04,BG1,27,0.30132922530174255,0.7714285714285715,mlp,0.0004224027402509318,0.1529261271158854,"[0, 1, 2]",3,0,16,0.26297391462420927
T04,BG5,16,0.9109315872192383,0.45714285714285713,linear,0.0011971935247827605,0.43343035380045575,"[0, 1, 2]",3,0,16,0.32544799407205477
T04,BG5,16,0.9109315872192383,0.45714285714285713,mlp,0.0011971935247827605,0.43343035380045575,"[0, 1, 2]",3,0,16,0.3895049573090726
T04,BG12,0,0.9950248599052429,0.0,linear,0.0004092207920314142,0.14815375208854675,"[0, 1, 2]",3,0,16,0.3716150039833261
T04,BG12,0,0.9950248599052429,0.0,mlp,0.0004092207920314142,0.14815375208854675,"[0, 1, 2]",3,0,16,0.2613209239772479
T04,BG7,0,0.9950248599052429,0.0,linear,0.00030460159209960464,0.11027755588293076,"[0, 1, 2]",3,0,16,0.3508533768511277
T04,BG7,0,0.9950248599052429,0.0,mlp,0.00030460159209960464,0.11027755588293076,"[0, 1, 2]",3,0,16,0.19546851190208112
T04,BG6,4,0.9906675815582275,0.11428571428571428,linear,0.0010567461491556036,0.38258297244707745,"[0, 1, 2]",3,0,16,0.3795591201765565
T04,BG6,4,0.9906675815582275,0.11428571428571428,mlp,0.0010567461491556036,0.38258297244707745,"[0, 1, 2]",3,0,16,0.26479936763426376
T04,BG8,23,0.618124783039093,0.6571428571428571,linear,0.0013157554633367735,0.47635436058044434,"[0, 1, 2]",3,0,16,0.2293851314547371
T04,BG8,23,0.618124783039093,0.6571428571428571,mlp,0.0013157554633367735,0.47635436058044434,"[0, 1, 2]",3,0,16,0.22077849742419886
T04,BG7,16,0.9109315872192383,0.45714285714285713,linear,0.00030460159209960464,0.11027755588293076,"[0, 1, 2]",3,0,16,0.31944851814966585
T04,BG7,16,0.9109315872192383,0.45714285714285713,mlp,0.00030460159209960464,0.11027755588293076,"[0, 1, 2]",3,0,16,0.3275776935390297
T04,BG5,4,0.9906675815582275,0.11428571428571428,linear,0.0011971935247827605,0.43343035380045575,"[0, 1, 2]",3,0,16,0.36204165019132417
T04,BG5,4,0.9906675815582275,0.11428571428571428,mlp,0.0011971935247827605,0.43343035380045575,"[0, 1, 2]",3,0,16,0.2567079188110721
T04,BG15,16,0.9109315872192383,0.45714285714285713,linear,0.00047804694550147397,0.1730714812874794,"[0, 1, 2]",3,0,16,0.3616298229004711
T04,BG15,16,0.9109315872192383,0.45714285714285713,mlp,0.00047804694550147397,0.1730714812874794,"[0, 1, 2]",3,0,16,0.412637476468144
T04,BG11,0,0.9950248599052429,0.0,linear,0.0004854595430628434,0.17575512826442719,"[0, 1, 2]",3,0,16,0.38173115462859375
T04,BG11,0,0.9950248599052429,0.0,mlp,0.0004854595430628434,0.17575512826442719,"[0, 1, 2]",3,0,16,0.28224960220966355
T04,BG4,8,0.9814466834068298,0.22857142857142856,linear,0.0001958676208662761,0.07091165333986282,"[0, 1, 2]",3,0,16,0.37050226074592546
T04,BG4,8,0.9814466834068298,0.22857142857142856,mlp,0.0001958676208662761,0.07091165333986282,"[0, 1, 2]",3,0,16,0.2585485784867953
T04,BG5,35,0.009900989942252636,1.0,linear,0.0011971935247827605,0.43343035380045575,"[0, 1, 2]",3,0,16,0.19349816294630262
T04,BG5,35,0.009900989942252636,1.0,mlp,0.0011971935247827605,0.43343035380045575,"[0, 1, 2]",3,0,16,0.23891933142421448
T04,BG1,16,0.9109315872192383,0.45714285714285713,linear,0.0004224027402509318,0.1529261271158854,"[0, 1, 2]",3,0,16,0.33825300750464843
T04,BG1,16,0.9109315872192383,0.45714285714285713,mlp,0.0004224027402509318,0.1529261271158854,"[0, 1, 2]",3,0,16,0.39956367467960924
T04,BG11,27,0.30132922530174255,0.7714285714285715,linear,0.0004854595430628434,0.17575512826442719,"[0, 1, 2]",3,0,16,0.1990072515655045
T04,BG11,27,0.30132922530174255,0.7714285714285715,mlp,0.0004854595430628434,0.17575512826442719,"[0, 1, 2]",3,0,16,0.27090025415565067
T04,BG11,23,0.618124783039093,0.6571428571428571,linear,0.0004854595430628434,0.17575512826442719,"[0, 1, 2]",3,0,16,0.21855870249254844
T04,BG11,23,0.618124783039093,0.6571428571428571,mlp,0.0004854595430628434,0.17575512826442719,"[0, 1, 2]",3,0,16,0.2508643234938587
T04,BG6,12,0.9606394171714783,0.34285714285714286,linear,0.0010567461491556036,0.38258297244707745,"[0, 1, 2]",3,0,16,0.3705347423251862
T04,BG6,12,0.9606394171714783,0.34285714285714286,mlp,0.0010567461491556036,0.38258297244707745,"[0, 1, 2]",3,0,16,0.2557322340211627
T04,BG4,0,0.9950248599052429,0.0,linear,0.0001958676208662761,0.07091165333986282,"[0, 1, 2]",3,0,16,0.37472152240736045
T04,BG4,0,0.9950248599052429,0.0,mlp,0.0001958676208662761,0.07091165333986282,"[0, 1, 2]",3,0,16,0.2792265935285291
T04,BG15,35,0.009900989942252636,1.0,linear,0.00047804694550147397,0.1730714812874794,"[0, 1, 2]",3,0,16,0.2519549632287993
T04,BG15,35,0.009900989942252636,1.0,mlp,0.00047804694550147397,0.1730714812874794,"[0, 1, 2]",3,0,16,0.25867588982663686
T04,BG14,0,0.9950248599052429,0.0,linear,0.0006552274330156874,0.23721766968568167,"[0, 1, 2]",3,0,16,0.3735124488829711
T04,BG14,0,0.9950248599052429,0.0,mlp,0.0006552274330156874,0.23721766968568167,"[0, 1, 2]",3,0,16,0.27981132470173614
T04,BG8,4,0.9906675815582275,0.11428571428571428,linear,0.0013157554633367735,0.47635436058044434,"[0, 1, 2]",3,0,16,0.3411716062776866
T04,BG8,4,0.9906675815582275,0.11428571428571428,mlp,0.0013157554633367735,0.47635436058044434,"[0, 1, 2]",3,0,16,0.24411011279428915
T04,BG4,23,0.618124783039093,0.6571428571428571,linear,0.0001958676208662761,0.07091165333986282,"[0, 1, 2]",3,0,16,0.21797586969452343
T04,BG4,23,0.618124783039093,0.6571428571428571,mlp,0.0001958676208662761,0.07091165333986282,"[0, 1, 2]",3,0,16,0.2368942723390272
T04,BG3,4,0.9906675815582275,0.11428571428571428,linear,0.0002872453771981751,0.10399393488963445,"[0, 1, 2]",3,0,16,0.373236535491706
T04,BG3,4,0.9906675815582275,0.11428571428571428,mlp,0.0002872453771981751,0.10399393488963445,"[0, 1, 2]",3,0,16,0.2777254336282721
T04,BG5,0,0.9950248599052429,0.0,linear,0.0011971935247827605,0.43343035380045575,"[0, 1, 2]",3,0,16,0.3628714235004726
T04,BG5,0,0.9950248599052429,0.0,mlp,0.0011971935247827605,0.43343035380045575,"[0, 1, 2]",3,0,16,0.2599023090203241
T04,BG10,4,0.9906675815582275,0.11428571428571428,linear,0.0005845659365813958,0.21163547535737356,"[0, 1, 2]",3,0,16,0.3721569197629677
T04,BG10,4,0.9906675815582275,0.11428571428571428,mlp,0.0005845659365813958,0.21163547535737356,"[0, 1, 2]",3,0,16,0.26573329184332006
T04,BG3,27,0.30132922530174255,0.7714285714285715,linear,0.0002872453771981751,0.10399393488963445,"[0, 1, 2]",3,0,16,0.1994878584278314
T04,BG3,27,0.30132922530174255,0.7714285714285715,mlp,0.0002872453771981751,0.10399393488963445,"[0, 1, 2]",3,0,16,0.2721220515248912
T04,BG10,0,0.9950248599052429,0.0,linear,0.0005845659365813958,0.21163547535737356,"[0, 1, 2]",3,0,16,0.37115309415867925
T04,BG10,0,0.9950248599052429,0.0,mlp,0.0005845659365813958,0.21163547535737356,"[0, 1, 2]",3,0,16,0.2648022571039584
T04,BG4,19,0.831115186214447,0.5428571428571428,linear,0.0001958676208662761,0.07091165333986282,"[0, 1, 2]",3,0,16,0.31655883257646833
T04,BG4,19,0.831115186214447,0.5428571428571428,mlp,0.0001958676208662761,0.07091165333986282,"[0, 1, 2]",3,0,16,0.40113865478133076
T04,BG12,23,0.618124783039093,0.6571428571428571,linear,0.0004092207920314142,0.14815375208854675,"[0, 1, 2]",3,0,16,0.22563907503461714
T04,BG12,23,0.618124783039093,0.6571428571428571,mlp,0.0004092207920314142,0.14815375208854675,"[0, 1, 2]",3,0,16,0.2623202181946615
T04,BG1,0,0.9950248599052429,0.0,linear,0.0004224027402509318,0.1529261271158854,"[0, 1, 2]",3,0,16,0.3737602448365241
T04,BG1,0,0.9950248599052429,0.0,mlp,0.0004224027402509318,0.1529261271158854,"[0, 1, 2]",3,0,16,0.2769238725468328
T04,BG9,35,0.009900989942252636,1.0,linear,0.0007640764711821087,0.27662523090839386,"[0, 1, 2]",3,0,16,0.20590979004975032
T04,BG9,35,0.009900989942252636,1.0,mlp,0.0007640764711821087,0.27662523090839386,"[0, 1, 2]",3,0,16,0.23306469727851356
T04,BG15,0,0.9950248599052429,0.0,linear,0.00047804694550147397,0.1730714812874794,"[0, 1, 2]",3,0,16,0.3836540670713531
T04,BG15,0,0.9950248599052429,0.0,mlp,0.00047804694550147397,0.1730714812874794,"[0, 1, 2]",3,0,16,0.2933666048467757
T05,BG11,12,0.9606394171714783,0.34285714285714286,linear,0.0011240543918339563,0.4069511592388153,"[0, 1, 2]",3,0,16,0.2636153175980851
T05,BG11,12,0.9606394171714783,0.34285714285714286,mlp,0.0011240543918339563,0.4069511592388153,"[0, 1, 2]",3,0,16,0.103299618971156
T05,BG2,8,0.9814466834068298,0.22857142857142856,linear,0.00034604434677404714,0.12528143574794134,"[0, 1, 2]",3,0,16,0.02103700362366054
T05,BG2,8,0.9814466834068298,0.22857142857142856,mlp,0.00034604434677404714,0.12528143574794134,"[0, 1, 2]",3,0,16,0.11336618997868993
T05,BG4,16,0.9109315872192383,0.45714285714285713,linear,0.00045982371559625336,0.1664739673336347,"[0, 1, 2]",3,0,16,0.059475290207226146
T05,BG4,16,0.9109315872192383,0.45714285714285713,mlp,0.00045982371559625336,0.1664739673336347,"[0, 1, 2]",3,0,16,0.27594997929013737
T05,BG8,12,0.9606394171714783,0.34285714285714286,linear,0.0042404148435607955,1.5351941585540771,"[0, 1, 2]",3,0,16,0.22335940826219758
T05,BG8,12,0.9606394171714783,0.34285714285714286,mlp,0.0042404148435607955,1.5351941585540771,"[0, 1, 2]",3,0,16,0.06116528292433652
T05,BG13,0,0.9950248599052429,0.0,linear,0.001279042773189303,0.46306294699509937,"[0, 1, 2]",3,0,16,0.005271076921100537
T05,BG13,0,0.9950248599052429,0.0,mlp,0.001279042773189303,0.46306294699509937,"[0, 1, 2]",3,0,16,0.04104690113030118
T05,BG13,19,0.831115186214447,0.5428571428571428,linear,0.001279042773189303,0.46306294699509937,"[0, 1, 2]",3,0,16,0.36921767117877197
T05,BG13,19,0.831115186214447,0.5428571428571428,mlp,0.001279042773189303,0.46306294699509937,"[0, 1, 2]",3,0,16,0.3849500110115086
T05,BG9,4,0.9906675815582275,0.11428571428571428,linear,0.0018424289854559218,0.667030543088913,"[0, 1, 2]",3,0,16,-0.0684317265837406
T05,BG9,4,0.9906675815582275,0.11428571428571428,mlp,0.0018424289854559218,0.667030543088913,"[0, 1, 2]",3,0,16,-0.0577430356998921
T05,BG14,27,0.30132922530174255,0.7714285714285715,linear,0.003634976818987591,1.31600218017896,"[0, 1, 2]",3,0,16,0.3714948650671559
T05,BG14,27,0.30132922530174255,0.7714285714285715,mlp,0.003634976818987591,1.31600218017896,"[0, 1, 2]",3,0,16,0.2640626415776339
T05,BG7,35,0.009900989942252636,1.0,linear,0.0011387687182448406,0.41227831443150836,"[0, 1, 2]",3,0,16,-0.07542715706884164
T05,BG7,35,0.009900989942252636,1.0,mlp,0.0011387687182448406,0.41227831443150836,"[0, 1, 2]",3,0,16,0.1420243626124795
T05,BG14,31,0.07776966691017151,0.8857142857142857,linear,0.003634976818987591,1.31600218017896,"[0, 1, 2]",3,0,16,0.22184064265601613
T05,BG14,31,0.07776966691017151,0.8857142857142857,mlp,0.003634976818987591,1.31600218017896,"[0, 1, 2]",3,0,16,0.2706533088919764
T05,BG13,31,0.07776966691017151,0.8857142857142857,linear,0.001279042773189303,0.46306294699509937,"[0, 1, 2]",3,0,16,0.17977082510080591
T05,BG13,31,0.07776966691017151,0.8857142857142857,mlp,0.001279042773189303,0.46306294699509937,"[0, 1, 2]",3,0,16,0.29195555602431816
T05,BG12,8,0.9814466834068298,0.22857142857142856,linear,0.0018767936488798566,0.679471880197525,"[0, 1, 2]",3,0,16,-0.010814879383130156
T05,BG12,8,0.9814466834068298,0.22857142857142856,mlp,0.0018767936488798566,0.679471880197525,"[0, 1, 2]",3,0,16,0.05928745007712628
T05,BG7,27,0.30132922530174255,0.7714285714285715,linear,0.0011387687182448406,0.41227831443150836,"[0, 1, 2]",3,0,16,0.3244369844441823
T05,BG7,27,0.30132922530174255,0.7714285714285715,mlp,0.0011387687182448406,0.41227831443150836,"[0, 1, 2]",3,0,16,0.24229491063431396
T05,BG9,31,0.07776966691017151,0.8857142857142857,linear,0.0018424289854559218,0.667030543088913,"[0, 1, 2]",3,0,16,0.18160975098732418
T05,BG9,31,0.07776966691017151,0.8857142857142857,mlp,0.0018424289854559218,0.667030543088913,"[0, 1, 2]",3,0,16,0.2429648766915714
T05,BG14,16,0.9109315872192383,0.45714285714285713,linear,0.003634976818987591,1.31600218017896,"[0, 1, 2]",3,0,16,0.05879215251824285
T05,BG14,16,0.9109315872192383,0.45714285714285713,mlp,0.003634976818987591,1.31600218017896,"[0, 1, 2]",3,0,16,0.23622297522163446
T05,BG11,35,0.009900989942252636,1.0,linear,0.0011240543918339563,0.4069511592388153,"[0, 1, 2]",3,0,16,0.15213596948339592
T05,BG11,35,0.009900989942252636,1.0,mlp,0.0011240543918339563,0.4069511592388153,"[0, 1, 2]",3,0,16,0.12601564816833474
T05,BG8,16,0.9109315872192383,0.45714285714285713,linear,0.0042404148435607955,1.5351941585540771,"[0, 1, 2]",3,0,16,0.02916870587363534
T05,BG8,16,0.9109315872192383,0.45714285714285713,mlp,0.0042404148435607955,1.5351941585540771,"[0, 1, 2]",3,0,16,0.15367819828006968
T05,BG10,23,0.618124783039093,0.6571428571428571,linear,0.0029683919490314293,1.0746726791063945,"[0, 1, 2]",3,0,16,0.36535014074365973
T05,BG10,23,0.618124783039093,0.6571428571428571,mlp,0.0029683919490314293,1.0746726791063945,"[0, 1, 2]",3,0,16,0.20246019855825861
T05,BG13,4,0.9906675815582275,0.11428571428571428,linear,0.001279042773189303,0.46306294699509937,"[0, 1, 2]",3,0,16,-0.004054409901940785
T05,BG13,4,0.9906675815582275,0.11428571428571428,mlp,0.001279042773189303,0.46306294699509937,"[0, 1, 2]",3,0,16,0.061404543183264944
T05,BG4,27,0.30132922530174255,0.7714285714285715,linear,0.00045982371559625336,0.1664739673336347,"[0, 1, 2]",3,0,16,0.3340256949653695
T05,BG4,27,0.30132922530174255,0.7714285714285715,mlp,0.00045982371559625336,0.1664739673336347,"[0, 1, 2]",3,0,16,0.23862677433933444
T05,BG2,23,0.618124783039093,0.6571428571428571,linear,0.00034604434677404714,0.12528143574794134,"[0, 1, 2]",3,0,16,0.39862721763553216
T05,BG2,23,0.618124783039093,0.6571428571428571,mlp,0.00034604434677404714,0.12528143574794134,"[0, 1, 2]",3,0,16,0.3004302807715235
T05,BG7,23,0.618124783039093,0.6571428571428571,linear,0.0011387687182448406,0.41227831443150836,"[0, 1, 2]",3,0,16,0.4046447797949929
T05,BG7,23,0.618124783039093,0.6571428571428571,mlp,0.0011387687182448406,0.41227831443150836,"[0, 1, 2]",3,0,16,0.27328784476292567
T05,BG8,35,0.009900989942252636,1.0,linear,0.0042404148435607955,1.5351941585540771,"[0, 1, 2]",3,0,16,0.17839898904225307
T05,BG8,35,0.009900989942252636,1.0,mlp,0.0042404148435607955,1.5351941585540771,"[0, 1, 2]",3,0,16,0.1820776723568254
T05,BG1,4,0.9906675815582275,0.11428571428571428,linear,0.0001984932549691998,0.07186223442355792,"[0, 1, 2]",3,0,16,0.019059869279926922
T05,BG1,4,0.9906675815582275,0.11428571428571428,mlp,0.0001984932549691998,0.07186223442355792,"[0, 1, 2]",3,0,16,0.10825494043410325
T05,BG12,35,0.009900989942252636,1.0,linear,0.0018767936488798566,0.679471880197525,"[0, 1, 2]",3,0,16,0.1532544603322463
T05,BG12,35,0.009900989942252636,1.0,mlp,0.0018767936488798566,0.679471880197525,"[0, 1, 2]",3,0,16,0.11388759987429331
T05,BG3,19,0.831115186214447,0.5428571428571428,linear,0.0004610753137328677,0.16692709426085153,"[0, 1, 2]",3,0,16,0.38638092892463044
T05,BG3,19,0.831115186214447,0.5428571428571428,mlp,0.0004610753137328677,0.16692709426085153,"[0, 1, 2]",3,0,16,0.41361415269483226
T05,BG14,35,0.009900989942252636,1.0,linear,0.003634976818987591,1.31600218017896,"[0, 1, 2]",3,0,16,0.23535781789287147
T05,BG14,35,0.009900989942252636,1.0,mlp,0.003634976818987591,1.31600218017896,"[0, 1, 2]",3,0,16,0.21459066446418235
T05,BG12,27,0.30132922530174255,0.7714285714285715,linear,0.0018767936488798566,0.679471880197525,"[0, 1, 2]",3,0,16,0.37705560645637615
T05,BG12,27,0.30132922530174255,0.7714285714285715,mlp,0.0018767936488798566,0.679471880197525,"[0, 1, 2]",3,0,16,0.28037535507023775
T05,BG10,35,0.009900989942252636,1.0,linear,0.0029683919490314293,1.0746726791063945,"[0, 1, 2]",3,0,16,0.17270108367489165
T05,BG10,35,0.009900989942252636,1.0,mlp,0.0029683919490314293,1.0746726791063945,"[0, 1, 2]",3,0,16,0.15878673358704354
T05,BG14,4,0.9906675815582275,0.11428571428571428,linear,0.003634976818987591,1.31600218017896,"[0, 1, 2]",3,0,16,0.012221361734682417
T05,BG14,4,0.9906675815582275,0.11428571428571428,mlp,0.003634976818987591,1.31600218017896,"[0, 1, 2]",3,0,16,0.06662025718876742
T05,BG11,31,0.07776966691017151,0.8857142857142857,linear,0.0011240543918339563,0.4069511592388153,"[0, 1, 2]",3,0,16,0.17587138562603108
T05,BG11,31,0.07776966691017151,0.8857142857142857,mlp,0.0011240543918339563,0.4069511592388153,"[0, 1, 2]",3,0,16,0.25198042181096414
T05,BG1,12,0.9606394171714783,0.34285714285714286,linear,0.0001984932549691998,0.07186223442355792,"[0, 1, 2]",3,0,16,0.2621809196939456
T05,BG1,12,0.9606394171714783,0.34285714285714286,mlp,0.0001984932549691998,0.07186223442355792,"[0, 1, 2]",3,0,16,0.1447951988843674
T05,BG9,23,0.618124783039093,0.6571428571428571,linear,0.0018424289854559218,0.667030543088913,"[0, 1, 2]",3,0,16,0.34151081098082514
T05,BG9,23,0.618124783039093,0.6571428571428571,mlp,0.0018424289854559218,0.667030543088913,"[0, 1, 2]",3,0,16,0.17361983484656154
T05,BG3,35,0.009900989942252636,1.0,linear,0.0004610753137328677,0.16692709426085153,"[0, 1, 2]",3,0,16,0.19185092593665776
T05,BG3,35,0.009900989942252636,1.0,mlp,0.0004610753137328677,0.16692709426085153,"[0, 1, 2]",3,0,16,0.20115319684578245
T05,BG4,31,0.07776966691017151,0.8857142857142857,linear,0.00045982371559625336,0.1664739673336347,"[0, 1, 2]",3,0,16,0.177687805532177
T05,BG4,31,0.07776966691017151,0.8857142857142857,mlp,0.00045982371559625336,0.1664739673336347,"[0, 1, 2]",3,0,16,0.22153888090834883
T05,BG9,8,0.9814466834068298,0.22857142857142856,linear,0.0018424289854559218,0.667030543088913,"[0, 1, 2]",3,0,16,-0.07545756013307625
T05,BG9,8,0.9814466834068298,0.22857142857142856,mlp,0.0018424289854559218,0.667030543088913,"[0, 1, 2]",3,0,16,-0.010253604612347544
T05,BG6,27,0.30132922530174255,0.7714285714285715,linear,0.0003611274512495632,0.13074210286140442,"[0, 1, 2]",3,0,16,0.33471230879975433
T05,BG6,27,0.30132922530174255,0.7714285714285715,mlp,0.0003611274512495632,0.13074210286140442,"[0, 1, 2]",3,0,16,0.1954551648188902
T05,BG3,0,0.9950248599052429,0.0,linear,0.0004610753137328677,0.16692709426085153,"[0, 1, 2]",3,0,16,0.039882116221965525
T05,BG3,0,0.9950248599052429,0.0,mlp,0.0004610753137328677,0.16692709426085153,"[0, 1, 2]",3,0,16,0.0968004892955689
T05,BG9,12,0.9606394171714783,0.34285714285714286,linear,0.0018424289854559218,0.667030543088913,"[0, 1, 2]",3,0,16,0.19911977839760872
T05,BG9,12,0.9606394171714783,0.34285714285714286,mlp,0.0018424289854559218,0.667030543088913,"[0, 1, 2]",3,0,16,0.043435381052708506
T05,BG2,35,0.009900989942252636,1.0,linear,0.00034604434677404714,0.12528143574794134,"[0, 1, 2]",3,0,16,0.1893319418973087
T05,BG2,35,0.009900989942252636,1.0,mlp,0.00034604434677404714,0.12528143574794134,"[0, 1, 2]",3,0,16,0.12563908590888592
T05,BG8,31,0.07776966691017151,0.8857142857142857,linear,0.0042404148435607955,1.5351941585540771,"[0, 1, 2]",3,0,16,0.14177026659949782
T05,BG8,31,0.07776966691017151,0.8857142857142857,mlp,0.0042404148435607955,1.5351941585540771,"[0, 1, 2]",3,0,16,0.2370308449091485
T05,BG2,31,0.07776966691017151,0.8857142857142857,linear,0.00034604434677404714,0.12528143574794134,"[0, 1, 2]",3,0,16,0.15825977247188894
T05,BG2,31,0.07776966691017151,0.8857142857142857,mlp,0.00034604434677404714,0.12528143574794134,"[0, 1, 2]",3,0,16,0.2427969596445163
T05,BG14,12,0.9606394171714783,0.34285714285714286,linear,0.003634976818987591,1.31600218017896,"[0, 1, 2]",3,0,16,0.23938527566287096
T05,BG14,12,0.9606394171714783,0.34285714285714286,mlp,0.003634976818987591,1.31600218017896,"[0, 1, 2]",3,0,16,0.11052105546219772
T05,BG11,8,0.9814466834068298,0.22857142857142856,linear,0.0011240543918339563,0.4069511592388153,"[0, 1, 2]",3,0,16,0.0171906455272416
T05,BG11,8,0.9814466834068298,0.22857142857142856,mlp,0.0011240543918339563,0.4069511592388153,"[0, 1, 2]",3,0,16,0.08897596053304994
T05,BG13,8,0.9814466834068298,0.22857142857142856,linear,0.001279042773189303,0.46306294699509937,"[0, 1, 2]",3,0,16,-0.023331260693804395
T05,BG13,8,0.9814466834068298,0.22857142857142856,mlp,0.001279042773189303,0.46306294699509937,"[0, 1, 2]",3,0,16,0.0532515210521224
T05,BG1,23,0.618124783039093,0.6571428571428571,linear,0.0001984932549691998,0.07186223442355792,"[0, 1, 2]",3,0,16,0.3800785706331452
T05,BG1,23,0.618124783039093,0.6571428571428571,mlp,0.0001984932549691998,0.07186223442355792,"[0, 1, 2]",3,0,16,0.28210110972518604
T05,BG9,0,0.9950248599052429,0.0,linear,0.0018424289854559218,0.667030543088913,"[0, 1, 2]",3,0,16,-0.05379517618322013
T05,BG9,0,0.9950248599052429,0.0,mlp,0.0018424289854559218,0.667030543088913,"[0, 1, 2]",3,0,16,-0.04921413471791912
T05,BG6,0,0.9950248599052429,0.0,linear,0.0003611274512495632,0.13074210286140442,"[0, 1, 2]",3,0,16,0.008769862952777275
T05,BG6,0,0.9950248599052429,0.0,mlp,0.0003611274512495632,0.13074210286140442,"[0, 1, 2]",3,0,16,-0.0078019664443430975
T05,BG9,27,0.30132922530174255,0.7714285714285715,linear,0.0018424289854559218,0.667030543088913,"[0, 1, 2]",3,0,16,0.3505360037764313
T05,BG9,27,0.30132922530174255,0.7714285714285715,mlp,0.0018424289854559218,0.667030543088913,"[0, 1, 2]",3,0,16,0.24818231466238508
T05,BG3,8,0.9814466834068298,0.22857142857142856,linear,0.0004610753137328677,0.16692709426085153,"[0, 1, 2]",3,0,16,0.022296351603907843
T05,BG3,8,0.9814466834068298,0.22857142857142856,mlp,0.0004610753137328677,0.16692709426085153,"[0, 1, 2]",3,0,16,0.11975470319171438
T05,BG14,19,0.831115186214447,0.5428571428571428,linear,0.003634976818987591,1.31600218017896,"[0, 1, 2]",3,0,16,0.3790455496408105
T05,BG14,19,0.831115186214447,0.5428571428571428,mlp,0.003634976818987591,1.31600218017896,"[0, 1, 2]",3,0,16,0.3862170501239406
T05,BG15,19,0.831115186214447,0.5428571428571428,linear,0.0007966726544888881,0.28842630982398987,"[0, 1, 2]",3,0,16,0.3793360382513961
T05,BG15,19,0.831115186214447,0.5428571428571428,mlp,0.0007966726544888881,0.28842630982398987,"[0, 1, 2]",3,0,16,0.41160479566027275
T05,BG3,23,0.618124783039093,0.6571428571428571,linear,0.0004610753137328677,0.16692709426085153,"[0, 1, 2]",3,0,16,0.3495507209061925
T05,BG3,23,0.618124783039093,0.6571428571428571,mlp,0.0004610753137328677,0.16692709426085153,"[0, 1, 2]",3,0,16,0.27085331015547537
T05,BG8,8,0.9814466834068298,0.22857142857142856,linear,0.0042404148435607955,1.5351941585540771,"[0, 1, 2]",3,0,16,-0.010792302415977367
T05,BG8,8,0.9814466834068298,0.22857142857142856,mlp,0.0042404148435607955,1.5351941585540771,"[0, 1, 2]",3,0,16,0.024879129029031256
T05,BG14,23,0.618124783039093,0.6571428571428571,linear,0.003634976818987591,1.31600218017896,"[0, 1, 2]",3,0,16,0.35874433278300166
T05,BG14,23,0.618124783039093,0.6571428571428571,mlp,0.003634976818987591,1.31600218017896,"[0, 1, 2]",3,0,16,0.24707251156588014
T05,BG5,8,0.9814466834068298,0.22857142857142856,linear,0.00040108403560561574,0.14520793159802756,"[0, 1, 2]",3,0,16,-0.041233784736618415
T05,BG5,8,0.9814466834068298,0.22857142857142856,mlp,0.00040108403560561574,0.14520793159802756,"[0, 1, 2]",3,0,16,0.00033437831074711557
T05,BG10,16,0.9109315872192383,0.45714285714285713,linear,0.0029683919490314293,1.0746726791063945,"[0, 1, 2]",3,0,16,0.075331059680376
T05,BG10,16,0.9109315872192383,0.45714285714285713,mlp,0.0029683919490314293,1.0746726791063945,"[0, 1, 2]",3,0,16,0.2300450074199894
T05,BG2,12,0.9606394171714783,0.34285714285714286,linear,0.00034604434677404714,0.12528143574794134,"[0, 1, 2]",3,0,16,0.26274625453200384
T05,BG2,12,0.9606394171714783,0.34285714285714286,mlp,0.00034604434677404714,0.12528143574794134,"[0, 1, 2]",3,0,16,0.13950454213670563
T05,BG6,31,0.07776966691017151,0.8857142857142857,linear,0.0003611274512495632,0.13074210286140442,"[0, 1, 2]",3,0,16,0.19625849890586125
T05,BG6,31,0.07776966691017151,0.8857142857142857,mlp,0.0003611274512495632,0.13074210286140442,"[0, 1, 2]",3,0,16,0.26725405231474864
T05,BG5,19,0.831115186214447,0.5428571428571428,linear,0.00040108403560561574,0.14520793159802756,"[0, 1, 2]",3,0,16,0.3692138322968158
T05,BG5,19,0.831115186214447,0.5428571428571428,mlp,0.00040108403560561574,0.14520793159802756,"[0, 1, 2]",3,0,16,0.34749766260642484
T05,BG2,19,0.831115186214447,0.5428571428571428,linear,0.00034604434677404714,0.12528143574794134,"[0, 1, 2]",3,0,16,0.40643835798725914
T05,BG2,19,0.831115186214447,0.5428571428571428,mlp,0.00034604434677404714,0.12528143574794134,"[0, 1, 2]",3,0,16,0.4042335914351173
T05,BG10,31,0.07776966691017151,0.8857142857142857,linear,0.0029683919490314293,1.0746726791063945,"[0, 1, 2]",3,0,16,0.19627684357292205
T05,BG10,31,0.07776966691017151,0.8857142857142857,mlp,0.0029683919490314293,1.0746726791063945,"[0, 1, 2]",3,0,16,0.2476946943738677
T05,BG7,12,0.9606394171714783,0.34285714285714286,linear,0.0011387687182448406,0.41227831443150836,"[0, 1, 2]",3,0,16,0.20634403190112607
T05,BG7,12,0.9606394171714783,0.34285714285714286,mlp,0.0011387687182448406,0.41227831443150836,"[0, 1, 2]",3,0,16,-0.01981815697741998
T05,BG12,12,0.9606394171714783,0.34285714285714286,linear,0.0018767936488798566,0.679471880197525,"[0, 1, 2]",3,0,16,0.23751348483115536
T05,BG12,12,0.9606394171714783,0.34285714285714286,mlp,0.0018767936488798566,0.679471880197525,"[0, 1, 2]",3,0,16,0.08843253428129036
T05,BG11,19,0.831115186214447,0.5428571428571428,linear,0.0011240543918339563,0.4069511592388153,"[0, 1, 2]",3,0,16,0.35922047732047907
T05,BG11,19,0.831115186214447,0.5428571428571428,mlp,0.0011240543918339563,0.4069511592388153,"[0, 1, 2]",3,0,16,0.35377265683344056
T05,BG11,4,0.9906675815582275,0.11428571428571428,linear,0.0011240543918339563,0.4069511592388153,"[0, 1, 2]",3,0,16,0.016658980087294165
T05,BG11,4,0.9906675815582275,0.11428571428571428,mlp,0.0011240543918339563,0.4069511592388153,"[0, 1, 2]",3,0,16,0.05929421233268877
T05,BG13,27,0.30132922530174255,0.7714285714285715,linear,0.001279042773189303,0.46306294699509937,"[0, 1, 2]",3,0,16,0.3614364000509741
T05,BG13,27,0.30132922530174255,0.7714285714285715,mlp,0.001279042773189303,0.46306294699509937,"[0, 1, 2]",3,0,16,0.27701173856385725
T05,BG2,16,0.9109315872192383,0.45714285714285713,linear,0.00034604434677404714,0.12528143574794134,"[0, 1, 2]",3,0,16,0.09226915755867694
T05,BG2,16,0.9109315872192383,0.45714285714285713,mlp,0.00034604434677404714,0.12528143574794134,"[0, 1, 2]",3,0,16,0.26413368014788596
T05,BG2,4,0.9906675815582275,0.11428571428571428,linear,0.00034604434677404714,0.12528143574794134,"[0, 1, 2]",3,0,16,0.021134914465159124
T05,BG2,4,0.9906675815582275,0.11428571428571428,mlp,0.00034604434677404714,0.12528143574794134,"[0, 1, 2]",3,0,16,0.1105756152843225
T05,BG1,35,0.009900989942252636,1.0,linear,0.0001984932549691998,0.07186223442355792,"[0, 1, 2]",3,0,16,0.21753548044121684
T05,BG1,35,0.009900989942252636,1.0,mlp,0.0001984932549691998,0.07186223442355792,"[0, 1, 2]",3,0,16,0.21465943457151251
T05,BG3,31,0.07776966691017151,0.8857142857142857,linear,0.0004610753137328677,0.16692709426085153,"[0, 1, 2]",3,0,16,0.2545047283322363
T05,BG3,31,0.07776966691017151,0.8857142857142857,mlp,0.0004610753137328677,0.16692709426085153,"[0, 1, 2]",3,0,16,0.3059681784535655
T05,BG14,8,0.9814466834068298,0.22857142857142856,linear,0.003634976818987591,1.31600218017896,"[0, 1, 2]",3,0,16,0.012735532439327483
T05,BG14,8,0.9814466834068298,0.22857142857142856,mlp,0.003634976818987591,1.31600218017896,"[0, 1, 2]",3,0,16,0.08431488278931432
T05,BG1,31,0.07776966691017151,0.8857142857142857,linear,0.0001984932549691998,0.07186223442355792,"[0, 1, 2]",3,0,16,0.20357648753158628
T05,BG1,31,0.07776966691017151,0.8857142857142857,mlp,0.0001984932549691998,0.07186223442355792,"[0, 1, 2]",3,0,16,0.24342354991732154
T05,BG15,4,0.9906675815582275,0.11428571428571428,linear,0.0007966726544888881,0.28842630982398987,"[0, 1, 2]",3,0,16,0.012320943316957461
T05,BG15,4,0.9906675815582275,0.11428571428571428,mlp,0.0007966726544888881,0.28842630982398987,"[0, 1, 2]",3,0,16,0.09381320269590024
T05,BG12,19,0.831115186214447,0.5428571428571428,linear,0.0018767936488798566,0.679471880197525,"[0, 1, 2]",3,0,16,0.37164193209564855
T05,BG12,19,0.831115186214447,0.5428571428571428,mlp,0.0018767936488798566,0.679471880197525,"[0, 1, 2]",3,0,16,0.38438123199486884
T05,BG9,19,0.831115186214447,0.5428571428571428,linear,0.0018424289854559218,0.667030543088913,"[0, 1, 2]",3,0,16,0.33818474675377985
T05,BG9,19,0.831115186214447,0.5428571428571428,mlp,0.0018424289854559218,0.667030543088913,"[0, 1, 2]",3,0,16,0.33868380828670314
T05,BG8,19,0.831115186214447,0.5428571428571428,linear,0.0042404148435607955,1.5351941585540771,"[0, 1, 2]",3,0,16,0.09568301906529102
T05,BG8,19,0.831115186214447,0.5428571428571428,mlp,0.0042404148435607955,1.5351941585540771,"[0, 1, 2]",3,0,16,0.16514929279688334
T05,BG10,19,0.831115186214447,0.5428571428571428,linear,0.0029683919490314293,1.0746726791063945,"[0, 1, 2]",3,0,16,0.36152503663686913
T05,BG10,19,0.831115186214447,0.5428571428571428,mlp,0.0029683919490314293,1.0746726791063945,"[0, 1, 2]",3,0,16,0.33592896997379196
T05,BG6,23,0.618124783039093,0.6571428571428571,linear,0.0003611274512495632,0.13074210286140442,"[0, 1, 2]",3,0,16,0.3890132326729791
T05,BG6,23,0.618124783039093,0.6571428571428571,mlp,0.0003611274512495632,0.13074210286140442,"[0, 1, 2]",3,0,16,0.27330964386451656
T05,BG5,23,0.618124783039093,0.6571428571428571,linear,0.00040108403560561574,0.14520793159802756,"[0, 1, 2]",3,0,16,0.3640382892024497
T05,BG5,23,0.618124783039093,0.6571428571428571,mlp,0.00040108403560561574,0.14520793159802756,"[0, 1, 2]",3,0,16,0.25136758460639774
T05,BG6,19,0.831115186214447,0.5428571428571428,linear,0.0003611274512495632,0.13074210286140442,"[0, 1, 2]",3,0,16,0.34795886780089985
T05,BG6,19,0.831115186214447,0.5428571428571428,mlp,0.0003611274512495632,0.13074210286140442,"[0, 1, 2]",3,0,16,0.3208438818261802
T05,BG10,8,0.9814466834068298,0.22857142857142856,linear,0.0029683919490314293,1.0746726791063945,"[0, 1, 2]",3,0,16,0.01600792345630919
T05,BG10,8,0.9814466834068298,0.22857142857142856,mlp,0.0029683919490314293,1.0746726791063945,"[0, 1, 2]",3,0,16,0.06958728063518786
T05,BG7,8,0.9814466834068298,0.22857142857142856,linear,0.0011387687182448406,0.41227831443150836,"[0, 1, 2]",3,0,16,-0.11592612582725013
T05,BG7,8,0.9814466834068298,0.22857142857142856,mlp,0.0011387687182448406,0.41227831443150836,"[0, 1, 2]",3,0,16,-0.06478304973964341
T05,BG13,12,0.9606394171714783,0.34285714285714286,linear,0.001279042773189303,0.46306294699509937,"[0, 1, 2]",3,0,16,0.23370285052147416
T05,BG13,12,0.9606394171714783,0.34285714285714286,mlp,0.001279042773189303,0.46306294699509937,"[0, 1, 2]",3,0,16,0.08623464055484605
T05,BG13,16,0.9109315872192383,0.45714285714285713,linear,0.001279042773189303,0.46306294699509937,"[0, 1, 2]",3,0,16,0.04008796672942586
T05,BG13,16,0.9109315872192383,0.45714285714285713,mlp,0.001279042773189303,0.46306294699509937,"[0, 1, 2]",3,0,16,0.2526623547611182
T05,BG15,8,0.9814466834068298,0.22857142857142856,linear,0.0007966726544888881,0.28842630982398987,"[0, 1, 2]",3,0,16,0.01403097962023594
T05,BG15,8,0.9814466834068298,0.22857142857142856,mlp,0.0007966726544888881,0.28842630982398987,"[0, 1, 2]",3,0,16,0.10959031041025023
T05,BG12,4,0.9906675815582275,0.11428571428571428,linear,0.0018767936488798566,0.679471880197525,"[0, 1, 2]",3,0,16,0.006690251983158418
T05,BG12,4,0.9906675815582275,0.11428571428571428,mlp,0.0018767936488798566,0.679471880197525,"[0, 1, 2]",3,0,16,0.050509568773777276
T05,BG2,0,0.9950248599052429,0.0,linear,0.00034604434677404714,0.12528143574794134,"[0, 1, 2]",3,0,16,0.02950680444469928
T05,BG2,0,0.9950248599052429,0.0,mlp,0.00034604434677404714,0.12528143574794134,"[0, 1, 2]",3,0,16,0.06697360629013493
T05,BG9,16,0.9109315872192383,0.45714285714285713,linear,0.0018424289854559218,0.667030543088913,"[0, 1, 2]",3,0,16,0.0022951619973053537
T05,BG9,16,0.9109315872192383,0.45714285714285713,mlp,0.0018424289854559218,0.667030543088913,"[0, 1, 2]",3,0,16,0.23217858748896103
T05,BG4,4,0.9906675815582275,0.11428571428571428,linear,0.00045982371559625336,0.1664739673336347,"[0, 1, 2]",3,0,16,0.011426397884755244
T05,BG4,4,0.9906675815582275,0.11428571428571428,mlp,0.00045982371559625336,0.1664739673336347,"[0, 1, 2]",3,0,16,0.10546420390626465
T05,BG7,31,0.07776966691017151,0.8857142857142857,linear,0.0011387687182448406,0.41227831443150836,"[0, 1, 2]",3,0,16,0.06420931265690001
T05,BG7,31,0.07776966691017151,0.8857142857142857,mlp,0.0011387687182448406,0.41227831443150836,"[0, 1, 2]",3,0,16,0.0841380213300492
T05,BG3,16,0.9109315872192383,0.45714285714285713,linear,0.0004610753137328677,0.16692709426085153,"[0, 1, 2]",3,0,16,0.07155873130055963
T05,BG3,16,0.9109315872192383,0.45714285714285713,mlp,0.0004610753137328677,0.16692709426085153,"[0, 1, 2]",3,0,16,0.2769775283078518
T05,BG1,19,0.831115186214447,0.5428571428571428,linear,0.0001984932549691998,0.07186223442355792,"[0, 1, 2]",3,0,16,0.3988312456706052
T05,BG1,19,0.831115186214447,0.5428571428571428,mlp,0.0001984932549691998,0.07186223442355792,"[0, 1, 2]",3,0,16,0.4053454662542548
T05,BG10,12,0.9606394171714783,0.34285714285714286,linear,0.0029683919490314293,1.0746726791063945,"[0, 1, 2]",3,0,16,0.2533495226676032
T05,BG10,12,0.9606394171714783,0.34285714285714286,mlp,0.0029683919490314293,1.0746726791063945,"[0, 1, 2]",3,0,16,0.08872186601211061
T05,BG2,27,0.30132922530174255,0.7714285714285715,linear,0.00034604434677404714,0.12528143574794134,"[0, 1, 2]",3,0,16,0.40406021160349914
T05,BG2,27,0.30132922530174255,0.7714285714285715,mlp,0.00034604434677404714,0.12528143574794134,"[0, 1, 2]",3,0,16,0.2796129594764078
T05,BG12,16,0.9109315872192383,0.45714285714285713,linear,0.0018767936488798566,0.679471880197525,"[0, 1, 2]",3,0,16,0.03763922101601442
T05,BG12,16,0.9109315872192383,0.45714285714285713,mlp,0.0018767936488798566,0.679471880197525,"[0, 1, 2]",3,0,16,0.24583383451297403
T05,BG15,27,0.30132922530174255,0.7714285714285715,linear,0.0007966726544888881,0.28842630982398987,"[0, 1, 2]",3,0,16,0.35826220452140517
T05,BG15,27,0.30132922530174255,0.7714285714285715,mlp,0.0007966726544888881,0.28842630982398987,"[0, 1, 2]",3,0,16,0.27240734395811034
T05,BG15,12,0.9606394171714783,0.34285714285714286,linear,0.0007966726544888881,0.28842630982398987,"[0, 1, 2]",3,0,16,0.2549656440298316
T05,BG15,12,0.9606394171714783,0.34285714285714286,mlp,0.0007966726544888881,0.28842630982398987,"[0, 1, 2]",3,0,16,0.14735702978959797
T05,BG11,16,0.9109315872192383,0.45714285714285713,linear,0.0011240543918339563,0.4069511592388153,"[0, 1, 2]",3,0,16,0.06723742464506949
T05,BG11,16,0.9109315872192383,0.45714285714285713,mlp,0.0011240543918339563,0.4069511592388153,"[0, 1, 2]",3,0,16,0.25351594444935016
T05,BG13,23,0.618124783039093,0.6571428571428571,linear,0.001279042773189303,0.46306294699509937,"[0, 1, 2]",3,0,16,0.35864824148704266
T05,BG13,23,0.618124783039093,0.6571428571428571,mlp,0.001279042773189303,0.46306294699509937,"[0, 1, 2]",3,0,16,0.24093715625032114
T05,BG12,31,0.07776966691017151,0.8857142857142857,linear,0.0018767936488798566,0.679471880197525,"[0, 1, 2]",3,0,16,0.1891008830054321
T05,BG12,31,0.07776966691017151,0.8857142857142857,mlp,0.0018767936488798566,0.679471880197525,"[0, 1, 2]",3,0,16,0.2755600608351734
T05,BG7,19,0.831115186214447,0.5428571428571428,linear,0.0011387687182448406,0.41227831443150836,"[0, 1, 2]",3,0,16,0.4016259133699697
T05,BG7,19,0.831115186214447,0.5428571428571428,mlp,0.0011387687182448406,0.41227831443150836,"[0, 1, 2]",3,0,16,0.38643824888009437
T05,BG15,31,0.07776966691017151,0.8857142857142857,linear,0.0007966726544888881,0.28842630982398987,"[0, 1, 2]",3,0,16,0.1642064674160322
T05,BG15,31,0.07776966691017151,0.8857142857142857,mlp,0.0007966726544888881,0.28842630982398987,"[0, 1, 2]",3,0,16,0.24857714137168704
T05,BG5,12,0.9606394171714783,0.34285714285714286,linear,0.00040108403560561574,0.14520793159802756,"[0, 1, 2]",3,0,16,0.20419172633228405
T05,BG5,12,0.9606394171714783,0.34285714285714286,mlp,0.00040108403560561574,0.14520793159802756,"[0, 1, 2]",3,0,16,0.039102082536841415
T05,BG8,27,0.30132922530174255,0.7714285714285715,linear,0.0042404148435607955,1.5351941585540771,"[0, 1, 2]",3,0,16,0.37449320531574015
T05,BG8,27,0.30132922530174255,0.7714285714285715,mlp,0.0042404148435607955,1.5351941585540771,"[0, 1, 2]",3,0,16,0.27891925224595937
T05,BG5,27,0.30132922530174255,0.7714285714285715,linear,0.00040108403560561574,0.14520793159802756,"[0, 1, 2]",3,0,16,0.3547540637749159
T05,BG5,27,0.30132922530174255,0.7714285714285715,mlp,0.00040108403560561574,0.14520793159802756,"[0, 1, 2]",3,0,16,0.23842335136786527
T05,BG7,4,0.9906675815582275,0.11428571428571428,linear,0.0011387687182448406,0.41227831443150836,"[0, 1, 2]",3,0,16,-0.11975260145566415
T05,BG7,4,0.9906675815582275,0.11428571428571428,mlp,0.0011387687182448406,0.41227831443150836,"[0, 1, 2]",3,0,16,-0.06724457679452775
T05,BG5,31,0.07776966691017151,0.8857142857142857,linear,0.00040108403560561574,0.14520793159802756,"[0, 1, 2]",3,0,16,-0.060807773250229936
T05,BG5,31,0.07776966691017151,0.8857142857142857,mlp,0.00040108403560561574,0.14520793159802756,"[0, 1, 2]",3,0,16,0.22596169329140353
T05,BG10,27,0.30132922530174255,0.7714285714285715,linear,0.0029683919490314293,1.0746726791063945,"[0, 1, 2]",3,0,16,0.34877613040061733
T05,BG10,27,0.30132922530174255,0.7714285714285715,mlp,0.0029683919490314293,1.0746726791063945,"[0, 1, 2]",3,0,16,0.20600171693463554
T05,BG6,8,0.9814466834068298,0.22857142857142856,linear,0.0003611274512495632,0.13074210286140442,"[0, 1, 2]",3,0,16,-0.0023600679163794727
T05,BG6,8,0.9814466834068298,0.22857142857142856,mlp,0.0003611274512495632,0.13074210286140442,"[0, 1, 2]",3,0,16,0.05349809507996524
T05,BG4,12,0.9606394171714783,0.34285714285714286,linear,0.00045982371559625336,0.1664739673336347,"[0, 1, 2]",3,0,16,0.2568859905797406
T05,BG4,12,0.9606394171714783,0.34285714285714286,mlp,0.00045982371559625336,0.1664739673336347,"[0, 1, 2]",3,0,16,0.14839426025956062
T05,BG4,35,0.009900989942252636,1.0,linear,0.00045982371559625336,0.1664739673336347,"[0, 1, 2]",3,0,16,0.2240009482401841
T05,BG4,35,0.009900989942252636,1.0,mlp,0.00045982371559625336,0.1664739673336347,"[0, 1, 2]",3,0,16,0.21256374660640975
T05,BG6,16,0.9109315872192383,0.45714285714285713,linear,0.0003611274512495632,0.13074210286140442,"[0, 1, 2]",3,0,16,0.05911568511141225
T05,BG6,16,0.9109315872192383,0.45714285714285713,mlp,0.0003611274512495632,0.13074210286140442,"[0, 1, 2]",3,0,16,0.24084319601609339
T05,BG8,0,0.9950248599052429,0.0,linear,0.0042404148435607955,1.5351941585540771,"[0, 1, 2]",3,0,16,0.008666691487263784
T05,BG8,0,0.9950248599052429,0.0,mlp,0.0042404148435607955,1.5351941585540771,"[0, 1, 2]",3,0,16,-0.010374047213601452
T05,BG13,35,0.009900989942252636,1.0,linear,0.001279042773189303,0.46306294699509937,"[0, 1, 2]",3,0,16,0.13670225928563573
T05,BG13,35,0.009900989942252636,1.0,mlp,0.001279042773189303,0.46306294699509937,"[0, 1, 2]",3,0,16,0.15940722434578797
T05,BG15,23,0.618124783039093,0.6571428571428571,linear,0.0007966726544888881,0.28842630982398987,"[0, 1, 2]",3,0,16,0.34043361488846663
T05,BG15,23,0.618124783039093,0.6571428571428571,mlp,0.0007966726544888881,0.28842630982398987,"[0, 1, 2]",3,0,16,0.25880193528101214
T05,BG3,12,0.9606394171714783,0.34285714285714286,linear,0.0004610753137328677,0.16692709426085153,"[0, 1, 2]",3,0,16,0.2674569441735346
T05,BG3,12,0.9606394171714783,0.34285714285714286,mlp,0.0004610753137328677,0.16692709426085153,"[0, 1, 2]",3,0,16,0.15501860080256008
T05,BG1,8,0.9814466834068298,0.22857142857142856,linear,0.0001984932549691998,0.07186223442355792,"[0, 1, 2]",3,0,16,0.020558280009902508
T05,BG1,8,0.9814466834068298,0.22857142857142856,mlp,0.0001984932549691998,0.07186223442355792,"[0, 1, 2]",3,0,16,0.11824507230252002
T05,BG6,35,0.009900989942252636,1.0,linear,0.0003611274512495632,0.13074210286140442,"[0, 1, 2]",3,0,16,0.1843677290316719
T05,BG6,35,0.009900989942252636,1.0,mlp,0.0003611274512495632,0.13074210286140442,"[0, 1, 2]",3,0,16,0.17165608855678166
T05,BG1,27,0.30132922530174255,0.7714285714285715,linear,0.0001984932549691998,0.07186223442355792,"[0, 1, 2]",3,0,16,0.36192317979357186
T05,BG1,27,0.30132922530174255,0.7714285714285715,mlp,0.0001984932549691998,0.07186223442355792,"[0, 1, 2]",3,0,16,0.23631747818984722
T05,BG5,16,0.9109315872192383,0.45714285714285713,linear,0.00040108403560561574,0.14520793159802756,"[0, 1, 2]",3,0,16,0.030442589473011074
T05,BG5,16,0.9109315872192383,0.45714285714285713,mlp,0.00040108403560561574,0.14520793159802756,"[0, 1, 2]",3,0,16,0.1906561538955507
T05,BG12,0,0.9950248599052429,0.0,linear,0.0018767936488798566,0.679471880197525,"[0, 1, 2]",3,0,16,0.015971144163121603
T05,BG12,0,0.9950248599052429,0.0,mlp,0.0018767936488798566,0.679471880197525,"[0, 1, 2]",3,0,16,0.047588368357871856
T05,BG7,0,0.9950248599052429,0.0,linear,0.0011387687182448406,0.41227831443150836,"[0, 1, 2]",3,0,16,-0.1155050670151483
T05,BG7,0,0.9950248599052429,0.0,mlp,0.0011387687182448406,0.41227831443150836,"[0, 1, 2]",3,0,16,-0.08084176659363543
T05,BG6,4,0.9906675815582275,0.11428571428571428,linear,0.0003611274512495632,0.13074210286140442,"[0, 1, 2]",3,0,16,-0.00021812532134973646
T05,BG6,4,0.9906675815582275,0.11428571428571428,mlp,0.0003611274512495632,0.13074210286140442,"[0, 1, 2]",3,0,16,0.02174575905660368
T05,BG8,23,0.618124783039093,0.6571428571428571,linear,0.0042404148435607955,1.5351941585540771,"[0, 1, 2]",3,0,16,0.33824308726776753
T05,BG8,23,0.618124783039093,0.6571428571428571,mlp,0.0042404148435607955,1.5351941585540771,"[0, 1, 2]",3,0,16,0.15111628651601203
T05,BG7,16,0.9109315872192383,0.45714285714285713,linear,0.0011387687182448406,0.41227831443150836,"[0, 1, 2]",3,0,16,-0.026390091756541372
T05,BG7,16,0.9109315872192383,0.45714285714285713,mlp,0.0011387687182448406,0.41227831443150836,"[0, 1, 2]",3,0,16,0.1900385542597866
T05,BG5,4,0.9906675815582275,0.11428571428571428,linear,0.00040108403560561574,0.14520793159802756,"[0, 1, 2]",3,0,16,-0.0423990509952489
T05,BG5,4,0.9906675815582275,0.11428571428571428,mlp,0.00040108403560561574,0.14520793159802756,"[0, 1, 2]",3,0,16,-0.01866578761956743
T05,BG15,16,0.9109315872192383,0.45714285714285713,linear,0.0007966726544888881,0.28842630982398987,"[0, 1, 2]",3,0,16,0.08311014803348445
T05,BG15,16,0.9109315872192383,0.45714285714285713,mlp,0.0007966726544888881,0.28842630982398987,"[0, 1, 2]",3,0,16,0.27856810884169264
T05,BG11,0,0.9950248599052429,0.0,linear,0.0011240543918339563,0.4069511592388153,"[0, 1, 2]",3,0,16,0.023600362694869148
T05,BG11,0,0.9950248599052429,0.0,mlp,0.0011240543918339563,0.4069511592388153,"[0, 1, 2]",3,0,16,0.036185171064381356
T05,BG4,8,0.9814466834068298,0.22857142857142856,linear,0.00045982371559625336,0.1664739673336347,"[0, 1, 2]",3,0,16,0.005571254797793022
T05,BG4,8,0.9814466834068298,0.22857142857142856,mlp,0.00045982371559625336,0.1664739673336347,"[0, 1, 2]",3,0,16,0.10791240852828958
T05,BG5,35,0.009900989942252636,1.0,linear,0.00040108403560561574,0.14520793159802756,"[0, 1, 2]",3,0,16,0.12185907567268589
T05,BG5,35,0.009900989942252636,1.0,mlp,0.00040108403560561574,0.14520793159802756,"[0, 1, 2]",3,0,16,0.155704967801671
T05,BG1,16,0.9109315872192383,0.45714285714285713,linear,0.0001984932549691998,0.07186223442355792,"[0, 1, 2]",3,0,16,0.08261770877030242
T05,BG1,16,0.9109315872192383,0.45714285714285713,mlp,0.0001984932549691998,0.07186223442355792,"[0, 1, 2]",3,0,16,0.26599877396171595
T05,BG11,27,0.30132922530174255,0.7714285714285715,linear,0.0011240543918339563,0.4069511592388153,"[0, 1, 2]",3,0,16,0.3339979965026625
T05,BG11,27,0.30132922530174255,0.7714285714285715,mlp,0.0011240543918339563,0.4069511592388153,"[0, 1, 2]",3,0,16,0.2240284990626797
T05,BG11,23,0.618124783039093,0.6571428571428571,linear,0.0011240543918339563,0.4069511592388153,"[0, 1, 2]",3,0,16,0.36839005906488664
T05,BG11,23,0.618124783039093,0.6571428571428571,mlp,0.0011240543918339563,0.4069511592388153,"[0, 1, 2]",3,0,16,0.24118116386290803
T05,BG6,12,0.9606394171714783,0.34285714285714286,linear,0.0003611274512495632,0.13074210286140442,"[0, 1, 2]",3,0,16,0.24227930676156448
T05,BG6,12,0.9606394171714783,0.34285714285714286,mlp,0.0003611274512495632,0.13074210286140442,"[0, 1, 2]",3,0,16,0.08637426472029702
T05,BG4,0,0.9950248599052429,0.0,linear,0.00045982371559625336,0.1664739673336347,"[0, 1, 2]",3,0,16,0.02141551398137508
T05,BG4,0,0.9950248599052429,0.0,mlp,0.00045982371559625336,0.1664739673336347,"[0, 1, 2]",3,0,16,0.08068112385576352
T05,BG15,35,0.009900989942252636,1.0,linear,0.0007966726544888881,0.28842630982398987,"[0, 1, 2]",3,0,16,0.13773572663800251
T05,BG15,35,0.009900989942252636,1.0,mlp,0.0007966726544888881,0.28842630982398987,"[0, 1, 2]",3,0,16,0.1586451661147065
T05,BG14,0,0.9950248599052429,0.0,linear,0.003634976818987591,1.31600218017896,"[0, 1, 2]",3,0,16,0.02231480820143099
T05,BG14,0,0.9950248599052429,0.0,mlp,0.003634976818987591,1.31600218017896,"[0, 1, 2]",3,0,16,0.056761717850932376
T05,BG8,4,0.9906675815582275,0.11428571428571428,linear,0.0042404148435607955,1.5351941585540771,"[0, 1, 2]",3,0,16,-0.0013068614617172411
T05,BG8,4,0.9906675815582275,0.11428571428571428,mlp,0.0042404148435607955,1.5351941585540771,"[0, 1, 2]",3,0,16,-0.004631298350843035
T05,BG4,23,0.618124783039093,0.6571428571428571,linear,0.00045982371559625336,0.1664739673336347,"[0, 1, 2]",3,0,16,0.3371904330535432
T05,BG4,23,0.618124783039093,0.6571428571428571,mlp,0.00045982371559625336,0.1664739673336347,"[0, 1, 2]",3,0,16,0.2634347024236307
T05,BG3,4,0.9906675815582275,0.11428571428571428,linear,0.0004610753137328677,0.16692709426085153,"[0, 1, 2]",3,0,16,0.02882380342047201
T05,BG3,4,0.9906675815582275,0.11428571428571428,mlp,0.0004610753137328677,0.16692709426085153,"[0, 1, 2]",3,0,16,0.11668320882826506
T05,BG5,0,0.9950248599052429,0.0,linear,0.00040108403560561574,0.14520793159802756,"[0, 1, 2]",3,0,16,-0.027629455225568755
T05,BG5,0,0.9950248599052429,0.0,mlp,0.00040108403560561574,0.14520793159802756,"[0, 1, 2]",3,0,16,-0.030590472916185087
T05,BG10,4,0.9906675815582275,0.11428571428571428,linear,0.0029683919490314293,1.0746726791063945,"[0, 1, 2]",3,0,16,0.019345086429476716
T05,BG10,4,0.9906675815582275,0.11428571428571428,mlp,0.0029683919490314293,1.0746726791063945,"[0, 1, 2]",3,0,16,0.05120735273902681
T05,BG3,27,0.30132922530174255,0.7714285714285715,linear,0.0004610753137328677,0.16692709426085153,"[0, 1, 2]",3,0,16,0.37159821675248433
T05,BG3,27,0.30132922530174255,0.7714285714285715,mlp,0.0004610753137328677,0.16692709426085153,"[0, 1, 2]",3,0,16,0.2872658861012783
T05,BG10,0,0.9950248599052429,0.0,linear,0.0029683919490314293,1.0746726791063945,"[0, 1, 2]",3,0,16,0.03233558779181822
T05,BG10,0,0.9950248599052429,0.0,mlp,0.0029683919490314293,1.0746726791063945,"[0, 1, 2]",3,0,16,0.04209017215795227
T05,BG4,19,0.831115186214447,0.5428571428571428,linear,0.00045982371559625336,0.1664739673336347,"[0, 1, 2]",3,0,16,0.38261264512148957
T05,BG4,19,0.831115186214447,0.5428571428571428,mlp,0.00045982371559625336,0.1664739673336347,"[0, 1, 2]",3,0,16,0.4087146463237814
T05,BG12,23,0.618124783039093,0.6571428571428571,linear,0.0018767936488798566,0.679471880197525,"[0, 1, 2]",3,0,16,0.36739875873168315
T05,BG12,23,0.618124783039093,0.6571428571428571,mlp,0.0018767936488798566,0.679471880197525,"[0, 1, 2]",3,0,16,0.2364484851189695
T05,BG1,0,0.9950248599052429,0.0,linear,0.0001984932549691998,0.07186223442355792,"[0, 1, 2]",3,0,16,0.02522913154922922
T05,BG1,0,0.9950248599052429,0.0,mlp,0.0001984932549691998,0.07186223442355792,"[0, 1, 2]",3,0,16,0.06330456589325222
T05,BG9,35,0.009900989942252636,1.0,linear,0.0018424289854559218,0.667030543088913,"[0, 1, 2]",3,0,16,0.14301693014324987
T05,BG9,35,0.009900989942252636,1.0,mlp,0.0018424289854559218,0.667030543088913,"[0, 1, 2]",3,0,16,0.11744678000772962
T05,BG15,0,0.9950248599052429,0.0,linear,0.0007966726544888881,0.28842630982398987,"[0, 1, 2]",3,0,16,0.02363814135119132
T05,BG15,0,0.9950248599052429,0.0,mlp,0.0007966726544888881,0.28842630982398987,"[0, 1, 2]",3,0,16,0.07819388405677254
