task,seed,background,step,tau,progress,n_actions,D_norm,D_raw,probe,lobo_R2
Original,0,BG11,12,0.9606394171714783,0.34285714285714286,16,0.20351455823645148,0.2315142137819648,linear,0.46947713539044267
Original,0,BG11,12,0.9606394171714783,0.34285714285714286,16,0.20351455823645148,0.2315142137819648,mlp,0.5645762117725828
Original,0,BG2,8,0.9814466834068298,0.22857142857142856,16,0.029437771214280213,0.033226171544961255,linear,0.5212133914544342
Original,0,BG2,8,0.9814466834068298,0.22857142857142856,16,0.029437771214280213,0.033226171544961255,mlp,0.5955227994900718
Original,0,BG4,16,0.9109315872192383,0.45714285714285713,16,0.053677653637623966,0.06031170359281184,linear,0.5577936481851961
Original,0,BG4,16,0.9109315872192383,0.45714285714285713,16,0.053677653637623966,0.06031170359281184,mlp,0.6000138114983544
Original,0,BG8,12,0.9606394171714783,0.34285714285714286,16,0.33933902129571136,0.38469369497884315,linear,0.17123033341573138
Original,0,BG8,12,0.9606394171714783,0.34285714285714286,16,0.33933902129571136,0.38469369497884315,mlp,0.36948121510435644
Original,0,BG13,0,0.9950248599052429,0.0,16,0.0702810117134499,0.07928649612621617,linear,0.5053875001610869
Original,0,BG13,0,0.9950248599052429,0.0,16,0.0702810117134499,0.07928649612621617,mlp,0.5806129532466027
Original,0,BG13,19,0.831115186214447,0.5428571428571428,16,0.07642253496295294,0.08585052359590928,linear,0.6040789100065187
Original,0,BG13,19,0.831115186214447,0.5428571428571428,16,0.07642253496295294,0.08585052359590928,mlp,0.5912966465437506
Original,0,BG9,4,0.9906675815582275,0.11428571428571428,16,0.1699578613934135,0.19274971695574372,linear,0.44030499126819933
Original,0,BG9,4,0.9906675815582275,0.11428571428571428,16,0.1699578613934135,0.19274971695574372,mlp,0.5785903017936386
Original,0,BG14,27,0.30132922530174255,0.7714285714285715,16,0.06769194290497482,0.07525821188101547,linear,0.57849007888428
Original,0,BG14,27,0.30132922530174255,0.7714285714285715,16,0.06769194290497482,0.07525821188101547,mlp,0.632993872966944
Original,0,BG7,35,0.009900989942252636,1.0,16,0.17499891195771622,0.11536276246638785,linear,0.1540501433357068
Original,0,BG7,35,0.009900989942252636,1.0,16,0.17499891195771622,0.11536276246638785,mlp,0.34053843815567064
Original,0,BG14,31,0.07776966691017151,0.8857142857142857,16,0.10438185724397595,0.09693799425877697,linear,0.5414901372072696
Original,0,BG14,31,0.07776966691017151,0.8857142857142857,16,0.10438185724397595,0.09693799425877697,mlp,0.6189168885253403
Original,0,BG13,31,0.07776966691017151,0.8857142857142857,16,0.13054056628852392,0.12112365811079141,linear,0.5211307459779574
Original,0,BG13,31,0.07776966691017151,0.8857142857142857,16,0.13054056628852392,0.12112365811079141,mlp,0.601543530050155
Original,0,BG12,8,0.9814466834068298,0.22857142857142856,16,0.0935949174668049,0.10600756797293785,linear,0.502681321545463
Original,0,BG12,8,0.9814466834068298,0.22857142857142856,16,0.0935949174668049,0.10600756797293785,mlp,0.587740976957524
Original,0,BG7,27,0.30132922530174255,0.7714285714285715,16,0.10840133222955826,0.12086801938122135,linear,0.5084103519267148
Original,0,BG7,27,0.30132922530174255,0.7714285714285715,16,0.10840133222955826,0.12086801938122135,mlp,0.5697333057445398
Original,0,BG9,31,0.07776966691017151,0.8857142857142857,16,0.1138533811990693,0.10565816390354929,linear,0.5641029030749867
Original,0,BG9,31,0.07776966691017151,0.8857142857142857,16,0.1138533811990693,0.10565816390354929,mlp,0.6040648269669585
Original,0,BG14,16,0.9109315872192383,0.45714285714285713,16,0.20143384055812008,0.22838479422086846,linear,0.5228314802584104
Original,0,BG14,16,0.9109315872192383,0.45714285714285713,16,0.20143384055812008,0.22838479422086846,mlp,0.5777318798652901
Original,0,BG11,35,0.009900989942252636,1.0,16,0.13298338509247576,0.08773138054825946,linear,0.5235407572539952
Original,0,BG11,35,0.009900989942252636,1.0,16,0.13298338509247576,0.08773138054825946,mlp,0.6228385504670927
Original,0,BG8,16,0.9109315872192383,0.45714285714285713,16,0.31140435720110393,0.3501588631456218,linear,0.3820799649842052
Original,0,BG8,16,0.9109315872192383,0.45714285714285713,16,0.31140435720110393,0.3501588631456218,mlp,0.4332670629940048
Original,0,BG10,23,0.618124783039093,0.6571428571428571,16,0.13247945902715041,0.1492203619781105,linear,0.5637157487157641
Original,0,BG10,23,0.618124783039093,0.6571428571428571,16,0.13247945902715041,0.1492203619781105,mlp,0.5553377665609026
Original,0,BG13,4,0.9906675815582275,0.11428571428571428,16,0.0714032827814789,0.0805860129349223,linear,0.5031012264063125
Original,0,BG13,4,0.9906675815582275,0.11428571428571428,16,0.0714032827814789,0.0805860129349223,mlp,0.5816708900272589
Original,0,BG4,27,0.30132922530174255,0.7714285714285715,16,0.04939898184285177,0.05496024150862103,linear,0.6025765564606835
Original,0,BG4,27,0.30132922530174255,0.7714285714285715,16,0.04939898184285177,0.05496024150862103,mlp,0.6389011773771626
Original,0,BG2,23,0.618124783039093,0.6571428571428571,16,0.03308012170029997,0.03732209176161495,linear,0.5898778042950014
Original,0,BG2,23,0.618124783039093,0.6571428571428571,16,0.03308012170029997,0.03732209176161495,mlp,0.6162595237312685
Original,0,BG7,23,0.618124783039093,0.6571428571428571,16,0.09702824168164884,0.10978005391380562,linear,0.5000986105942911
Original,0,BG7,23,0.618124783039093,0.6571428571428571,16,0.09702824168164884,0.10978005391380562,mlp,0.5822600324190138
Original,0,BG8,35,0.009900989942252636,1.0,16,0.1471506450306861,0.09697000040411495,linear,0.282350230709887
Original,0,BG8,35,0.009900989942252636,1.0,16,0.1471506450306861,0.09697000040411495,mlp,0.4551520769268172
Original,0,BG1,4,0.9906675815582275,0.11428571428571428,16,0.0494949484269438,0.05593846803320275,linear,0.5234692402951767
Original,0,BG1,4,0.9906675815582275,0.11428571428571428,16,0.0494949484269438,0.05593846803320275,mlp,0.5980768695412118
Original,0,BG12,35,0.009900989942252636,1.0,16,0.13913753805492,0.09180009584877125,linear,0.5322679575269161
Original,0,BG12,35,0.009900989942252636,1.0,16,0.13913753805492,0.09180009584877125,mlp,0.6101873741916025
Original,0,BG3,19,0.831115186214447,0.5428571428571428,16,0.03992992255775493,0.044891086445472905,linear,0.605603707631175
Original,0,BG3,19,0.831115186214447,0.5428571428571428,16,0.03992992255775493,0.044891086445472905,mlp,0.598128007012625
Original,0,BG14,35,0.009900989942252636,1.0,16,0.10783904245613299,0.07123663268546147,linear,0.5509269405659506
Original,0,BG14,35,0.009900989942252636,1.0,16,0.10783904245613299,0.07123663268546147,mlp,0.6372183464462344
Original,0,BG12,27,0.30132922530174255,0.7714285714285715,16,0.079177119182814,0.08811196674941084,linear,0.5858576241266499
Original,0,BG12,27,0.30132922530174255,0.7714285714285715,16,0.079177119182814,0.08811196674941084,mlp,0.6358642990779809
Original,0,BG10,35,0.009900989942252636,1.0,16,0.14008519982654818,0.09226615565803417,linear,0.5150579765213853
Original,0,BG10,35,0.009900989942252636,1.0,16,0.14008519982654818,0.09226615565803417,mlp,0.6164609994935004
Original,0,BG14,4,0.9906675815582275,0.11428571428571428,16,0.18315532192007128,0.2078369096420803,linear,0.4646374554521212
Original,0,BG14,4,0.9906675815582275,0.11428571428571428,16,0.18315532192007128,0.2078369096420803,mlp,0.5861676862301319
Original,0,BG11,31,0.07776966691017151,0.8857142857142857,16,0.1295459796328039,0.12037220953596886,linear,0.5669087159234526
Original,0,BG11,31,0.07776966691017151,0.8857142857142857,16,0.1295459796328039,0.12037220953596886,mlp,0.6115611976699357
Original,0,BG1,12,0.9606394171714783,0.34285714285714286,16,0.05856958850110079,0.06627639511648559,linear,0.4848228358018721
Original,0,BG1,12,0.9606394171714783,0.34285714285714286,16,0.05856958850110079,0.06627639511648559,mlp,0.5737997614283372
Original,0,BG9,23,0.618124783039093,0.6571428571428571,16,0.06135989476515535,0.06921608661594246,linear,0.5865672888777581
Original,0,BG9,23,0.618124783039093,0.6571428571428571,16,0.06135989476515535,0.06921608661594246,mlp,0.6123098355550218
Original,0,BG3,35,0.009900989942252636,1.0,16,0.08420808121214837,0.05574708109644915,linear,0.556783566658984
Original,0,BG3,35,0.009900989942252636,1.0,16,0.08420808121214837,0.05574708109644915,mlp,0.6345247890628849
Original,0,BG4,31,0.07776966691017151,0.8857142857142857,16,0.07828527740741226,0.07276564146752092,linear,0.5659753729485898
Original,0,BG4,31,0.07776966691017151,0.8857142857142857,16,0.07828527740741226,0.07276564146752092,mlp,0.6165108277159262
Original,0,BG9,8,0.9814466834068298,0.22857142857142856,16,0.17574897886579643,0.19965379475678713,linear,0.440345726152254
Original,0,BG9,8,0.9814466834068298,0.22857142857142856,16,0.17574897886579643,0.19965379475678713,mlp,0.5879204897631055
Original,0,BG6,27,0.30132922530174255,0.7714285714285715,16,0.1141819492413234,0.12717297360150526,linear,0.5457091780620514
Original,0,BG6,27,0.30132922530174255,0.7714285714285715,16,0.1141819492413234,0.12717297360150526,mlp,0.5990052207227501
Original,0,BG3,0,0.9950248599052429,0.0,16,0.05660998163220739,0.06400502674645649,linear,0.5276323559891373
Original,0,BG3,0,0.9950248599052429,0.0,16,0.05660998163220739,0.06400502674645649,mlp,0.601911514364245
Original,0,BG9,12,0.9606394171714783,0.34285714285714286,16,0.18676123799967354,0.21210658115046616,linear,0.4179955796156517
Original,0,BG9,12,0.9606394171714783,0.34285714285714286,16,0.18676123799967354,0.21210658115046616,mlp,0.5641124295648865
Original,0,BG2,35,0.009900989942252636,1.0,16,0.08752394522912715,0.057907033774503305,linear,0.5575582575440852
Original,0,BG2,35,0.009900989942252636,1.0,16,0.08752394522912715,0.057907033774503305,mlp,0.6113700550927823
Original,0,BG8,31,0.07776966691017151,0.8857142857142857,16,0.13030546035659255,0.12038428560880438,linear,0.49054799316099623
Original,0,BG8,31,0.07776966691017151,0.8857142857142857,16,0.13030546035659255,0.12038428560880438,mlp,0.5807682782851203
Original,0,BG2,31,0.07776966691017151,0.8857142857142857,16,0.08012145416635794,0.07427999468348316,linear,0.5291984810893752
Original,0,BG2,31,0.07776966691017151,0.8857142857142857,16,0.08012145416635794,0.07427999468348316,mlp,0.5928950663986589
Original,0,BG14,12,0.9606394171714783,0.34285714285714286,16,0.20752307684570276,0.23579926922076216,linear,0.4378616823682494
Original,0,BG14,12,0.9606394171714783,0.34285714285714286,16,0.20752307684570276,0.23579926922076216,mlp,0.5601382748161613
Original,0,BG11,8,0.9814466834068298,0.22857142857142856,16,0.19171698831014178,0.21815327341081825,linear,0.49112333796405766
Original,0,BG11,8,0.9814466834068298,0.22857142857142856,16,0.19171698831014178,0.21815327341081825,mlp,0.5870799503934342
Original,0,BG13,8,0.9814466834068298,0.22857142857142856,16,0.0718245663405338,0.08118644245852537,linear,0.4946040359773362
Original,0,BG13,8,0.9814466834068298,0.22857142857142856,16,0.0718245663405338,0.08118644245852537,mlp,0.5796947990500544
Original,0,BG1,23,0.618124783039093,0.6571428571428571,16,0.032621699895969095,0.036801224767825234,linear,0.5962815439345229
Original,0,BG1,23,0.618124783039093,0.6571428571428571,16,0.032621699895969095,0.036801224767825234,mlp,0.6169318779209849
Original,0,BG9,0,0.9950248599052429,0.0,16,0.1692986714885369,0.19197698648838432,linear,0.4452834113807408
Original,0,BG9,0,0.9950248599052429,0.0,16,0.1692986714885369,0.19197698648838432,mlp,0.5813970608714383
Original,0,BG6,0,0.9950248599052429,0.0,16,0.2287642647860619,0.2607920100550787,linear,0.3455068297455465
Original,0,BG6,0,0.9950248599052429,0.0,16,0.2287642647860619,0.2607920100550787,mlp,0.47397979659626666
Original,0,BG9,27,0.30132922530174255,0.7714285714285715,16,0.0715648807082711,0.0795996044558428,linear,0.5935817389550272
Original,0,BG9,27,0.30132922530174255,0.7714285714285715,16,0.0715648807082711,0.0795996044558428,mlp,0.6260029382071212
Original,0,BG3,8,0.9814466834068298,0.22857142857142856,16,0.056887757654371415,0.06444168901680486,linear,0.5268827480679723
Original,0,BG3,8,0.9814466834068298,0.22857142857142856,16,0.056887757654371415,0.06444168901680486,mlp,0.6022096867077311
Original,0,BG14,19,0.831115186214447,0.5428571428571428,16,0.1238731744936519,0.13939518662059663,linear,0.5717440478043402
Original,0,BG14,19,0.831115186214447,0.5428571428571428,16,0.1238731744936519,0.13939518662059663,mlp,0.5423481487439846
Original,0,BG15,19,0.831115186214447,0.5428571428571428,16,0.06497204148410865,0.07300941211147016,linear,0.5941214390464282
Original,0,BG15,19,0.831115186214447,0.5428571428571428,16,0.06497204148410865,0.07300941211147016,mlp,0.5865612385630268
Original,0,BG3,23,0.618124783039093,0.6571428571428571,16,0.03856765992710144,0.04352918734884626,linear,0.5988090263088832
Original,0,BG3,23,0.618124783039093,0.6571428571428571,16,0.03856765992710144,0.04352918734884626,mlp,0.621141758513226
Original,0,BG8,8,0.9814466834068298,0.22857142857142856,16,0.3261874305261585,0.3702291286075743,linear,0.18120149047150902
Original,0,BG8,8,0.9814466834068298,0.22857142857142856,16,0.3261874305261585,0.3702291286075743,mlp,0.3644454737768128
Original,0,BG14,23,0.618124783039093,0.6571428571428571,16,0.061478238731585144,0.06932444653995853,linear,0.6018473561433031
Original,0,BG14,23,0.618124783039093,0.6571428571428571,16,0.061478238731585144,0.06932444653995853,mlp,0.6146302336139767
Original,0,BG5,8,0.9814466834068298,0.22857142857142856,16,0.1637166597282018,0.18622257955914834,linear,0.28565927239474764
Original,0,BG5,8,0.9814466834068298,0.22857142857142856,16,0.1637166597282018,0.18622257955914834,mlp,0.4678367386201521
Original,0,BG10,16,0.9109315872192383,0.45714285714285713,16,0.2982168520801145,0.3375048557198643,linear,0.4613211882709627
Original,0,BG10,16,0.9109315872192383,0.45714285714285713,16,0.2982168520801145,0.3375048557198643,mlp,0.5455660190001579
Original,0,BG2,12,0.9606394171714783,0.34285714285714286,16,0.03198195157643401,0.036067819500169476,linear,0.48549519895280874
Original,0,BG2,12,0.9606394171714783,0.34285714285714286,16,0.03198195157643401,0.036067819500169476,mlp,0.5802424542644946
Original,0,BG6,31,0.07776966691017151,0.8857142857142857,16,0.16201049245808485,0.15011431365035174,linear,0.5346586212146323
Original,0,BG6,31,0.07776966691017151,0.8857142857142857,16,0.16201049245808485,0.15011431365035174,mlp,0.5224819392360033
Original,0,BG5,19,0.831115186214447,0.5428571428571428,16,0.1374007921219323,0.15481069815517937,linear,0.5502749800767024
Original,0,BG5,19,0.831115186214447,0.5428571428571428,16,0.1374007921219323,0.15481069815517937,mlp,0.5034891288879607
Original,0,BG2,19,0.831115186214447,0.5428571428571428,16,0.031181114730813454,0.03500555514389138,linear,0.5987850737580193
Original,0,BG2,19,0.831115186214447,0.5428571428571428,16,0.031181114730813454,0.03500555514389138,mlp,0.5890842915682768
Original,0,BG10,31,0.07776966691017151,0.8857142857142857,16,0.1364444943516998,0.12660660412391356,linear,0.5639142604854642
Original,0,BG10,31,0.07776966691017151,0.8857142857142857,16,0.1364444943516998,0.12660660412391356,mlp,0.6053330588362892
Original,0,BG7,12,0.9606394171714783,0.34285714285714286,16,0.16729918066277655,0.19050168880927854,linear,0.10171737806710902
Original,0,BG7,12,0.9606394171714783,0.34285714285714286,16,0.16729918066277655,0.19050168880927854,mlp,0.13796896083655438
Original,0,BG12,12,0.9606394171714783,0.34285714285714286,16,0.09975166830907091,0.11293641297394716,linear,0.4675550274858287
Original,0,BG12,12,0.9606394171714783,0.34285714285714286,16,0.09975166830907091,0.11293641297394716,mlp,0.5713211174161822
Original,0,BG11,19,0.831115186214447,0.5428571428571428,16,0.12929652666805852,0.1455747669858424,linear,0.5841265863783773
Original,0,BG11,19,0.831115186214447,0.5428571428571428,16,0.12929652666805852,0.1455747669858424,mlp,0.5472306267626168
Original,0,BG11,4,0.9906675815582275,0.11428571428571428,16,0.18545527336656056,0.21066607777326116,linear,0.48928814200963494
Original,0,BG11,4,0.9906675815582275,0.11428571428571428,16,0.18545527336656056,0.21066607777326116,mlp,0.5922664306890941
Original,0,BG13,27,0.30132922530174255,0.7714285714285715,16,0.07822150816779613,0.08708607375880584,linear,0.5874698601986741
Original,0,BG13,27,0.30132922530174255,0.7714285714285715,16,0.07822150816779613,0.08708607375880584,mlp,0.6386711705112486
Original,0,BG2,16,0.9109315872192383,0.45714285714285713,16,0.041204615572494926,0.04600357840467448,linear,0.5649081029624679
Original,0,BG2,16,0.9109315872192383,0.45714285714285713,16,0.041204615572494926,0.04600357840467448,mlp,0.6039266126971252
Original,0,BG2,4,0.9906675815582275,0.11428571428571428,16,0.029565353924227766,0.03332486341273119,linear,0.5250208983360632
Original,0,BG2,4,0.9906675815582275,0.11428571428571428,16,0.029565353924227766,0.03332486341273119,mlp,0.5917549221043483
Original,0,BG1,35,0.009900989942252636,1.0,16,0.07796565121129576,0.05162993454445355,linear,0.5613044632690465
Original,0,BG1,35,0.009900989942252636,1.0,16,0.07796565121129576,0.05162993454445355,mlp,0.6067414471036185
Original,0,BG3,31,0.07776966691017151,0.8857142857142857,16,0.08049628708122142,0.07482456031468182,linear,0.5724859723217596
Original,0,BG3,31,0.07776966691017151,0.8857142857142857,16,0.08049628708122142,0.07482456031468182,mlp,0.6251619710190118
Original,0,BG14,8,0.9814466834068298,0.22857142857142856,16,0.19001222477383023,0.21596542325897647,linear,0.4687396527489815
Original,0,BG14,8,0.9814466834068298,0.22857142857142856,16,0.19001222477383023,0.21596542325897647,mlp,0.603103431248098
Original,0,BG1,31,0.07776966691017151,0.8857142857142857,16,0.0742487990227064,0.06889194528396561,linear,0.5495527937342304
Original,0,BG1,31,0.07776966691017151,0.8857142857142857,16,0.0742487990227064,0.06889194528396561,mlp,0.5745715484440372
Original,0,BG15,4,0.9906675815582275,0.11428571428571428,16,0.09565022287405425,0.10828695677919589,linear,0.5116602963971072
Original,0,BG15,4,0.9906675815582275,0.11428571428571428,16,0.09565022287405425,0.10828695677919589,mlp,0.5988095507662874
Original,0,BG12,19,0.831115186214447,0.5428571428571428,16,0.08252144821814375,0.092678257977313,linear,0.605604243925438
Original,0,BG12,19,0.831115186214447,0.5428571428571428,16,0.08252144821814375,0.092678257977313,mlp,0.5932241133527881
Original,0,BG9,19,0.831115186214447,0.5428571428571428,16,0.1127720957765982,0.12665039523935911,linear,0.5658739113883546
Original,0,BG9,19,0.831115186214447,0.5428571428571428,16,0.1127720957765982,0.12665039523935911,mlp,0.5539253644609701
Original,0,BG8,19,0.831115186214447,0.5428571428571428,16,0.225216216078216,0.25085470966166773,linear,0.19157814906543819
Original,0,BG8,19,0.831115186214447,0.5428571428571428,16,0.225216216078216,0.25085470966166773,mlp,0.0648973737820399
Original,0,BG10,19,0.831115186214447,0.5428571428571428,16,0.20477348509798693,0.228881623889769,linear,0.46040689094263343
Original,0,BG10,19,0.831115186214447,0.5428571428571428,16,0.20477348509798693,0.228881623889769,mlp,0.4204558556571258
Original,0,BG6,23,0.618124783039093,0.6571428571428571,16,0.10733746522214413,0.12134165798360871,linear,0.5365104644644422
Original,0,BG6,23,0.618124783039093,0.6571428571428571,16,0.10733746522214413,0.12134165798360871,mlp,0.5752265985495906
Original,0,BG5,23,0.618124783039093,0.6571428571428571,16,0.08178250406355651,0.09219819428348949,linear,0.5447108828671455
Original,0,BG5,23,0.618124783039093,0.6571428571428571,16,0.08178250406355651,0.09219819428348949,mlp,0.5994640090956832
Original,0,BG6,19,0.831115186214447,0.5428571428571428,16,0.17311898322992575,0.19549116311650777,linear,0.5124652099158709
Original,0,BG6,19,0.831115186214447,0.5428571428571428,16,0.17311898322992575,0.19549116311650777,mlp,0.3755637939836988
Original,0,BG10,8,0.9814466834068298,0.22857142857142856,16,0.31943554671429136,0.3628194067456685,linear,0.4761621210965627
Original,0,BG10,8,0.9814466834068298,0.22857142857142856,16,0.31943554671429136,0.3628194067456685,mlp,0.5740258216512473
Original,0,BG7,8,0.9814466834068298,0.22857142857142856,16,0.15893106944001267,0.18096604721479037,linear,0.19064852765228393
Original,0,BG7,8,0.9814466834068298,0.22857142857142856,16,0.15893106944001267,0.18096604721479037,mlp,0.22380255570894717
Original,0,BG13,12,0.9606394171714783,0.34285714285714286,16,0.07651710796068042,0.08643797953957055,linear,0.46724912111264566
Original,0,BG13,12,0.9606394171714783,0.34285714285714286,16,0.07651710796068042,0.08643797953957055,mlp,0.570658682881438
Original,0,BG13,16,0.9109315872192383,0.45714285714285713,16,0.07696276270308071,0.08600411944518305,linear,0.556914459226295
Original,0,BG13,16,0.9109315872192383,0.45714285714285713,16,0.07696276270308071,0.08600411944518305,mlp,0.6116838248908458
Original,0,BG15,8,0.9814466834068298,0.22857142857142856,16,0.09856279753390615,0.11177579061819473,linear,0.5081505184614077
Original,0,BG15,8,0.9814466834068298,0.22857142857142856,16,0.09856279753390615,0.11177579061819473,mlp,0.6021805380384102
Original,0,BG12,4,0.9906675815582275,0.11428571428571428,16,0.08868769997602419,0.10024997387094631,linear,0.5035356722500819
Original,0,BG12,4,0.9906675815582275,0.11428571428571428,16,0.08868769997602419,0.10024997387094631,mlp,0.5796034781284679
Original,0,BG2,0,0.9950248599052429,0.0,16,0.031157500944154017,0.03510972307783281,linear,0.5252237243190326
Original,0,BG2,0,0.9950248599052429,0.0,16,0.031157500944154017,0.03510972307783281,mlp,0.5928640602195697
Original,0,BG9,16,0.9109315872192383,0.45714285714285713,16,0.16837321497021954,0.19019883337751245,linear,0.50719492036691
Original,0,BG9,16,0.9109315872192383,0.45714285714285713,16,0.16837321497021954,0.19019883337751245,mlp,0.5745889025107389
Original,0,BG4,4,0.9906675815582275,0.11428571428571428,16,0.049559517475041004,0.056010315428744614,linear,0.5279508451013138
Original,0,BG4,4,0.9906675815582275,0.11428571428571428,16,0.049559517475041004,0.056010315428744614,mlp,0.6023165649849348
Original,0,BG7,31,0.07776966691017151,0.8857142857142857,16,0.1602173631962801,0.14851119155040293,linear,0.1962666117990401
Original,0,BG7,31,0.07776966691017151,0.8857142857142857,16,0.1602173631962801,0.14851119155040293,mlp,0.33655414793029503
Original,0,BG3,16,0.9109315872192383,0.45714285714285713,16,0.06127794559795149,0.0687107778530367,linear,0.5522915379564247
Original,0,BG3,16,0.9109315872192383,0.45714285714285713,16,0.06127794559795149,0.0687107778530367,mlp,0.5948521898485094
Original,0,BG1,19,0.831115186214447,0.5428571428571428,16,0.034775253269987885,0.0390693860698346,linear,0.5993830817665293
Original,0,BG1,19,0.831115186214447,0.5428571428571428,16,0.034775253269987885,0.0390693860698346,mlp,0.5894677050592596
Original,0,BG10,12,0.9606394171714783,0.34285714285714286,16,0.3292939100221266,0.3736506398222569,linear,0.4341723877479038
Original,0,BG10,12,0.9606394171714783,0.34285714285714286,16,0.3292939100221266,0.3736506398222569,mlp,0.5490272936536005
Original,0,BG2,27,0.30132922530174255,0.7714285714285715,16,0.04656158721785439,0.051768398186828886,linear,0.5930912903321879
Original,0,BG2,27,0.30132922530174255,0.7714285714285715,16,0.04656158721785439,0.051768398186828886,mlp,0.630916779576388
Original,0,BG12,16,0.9109315872192383,0.45714285714285713,16,0.08346521495025135,0.09331549954340754,linear,0.5431573298061082
Original,0,BG12,16,0.9109315872192383,0.45714285714285713,16,0.08346521495025135,0.09331549954340754,mlp,0.5972770743459286
Original,0,BG15,27,0.30132922530174255,0.7714285714285715,16,0.06330495947670609,0.07041670015164839,linear,0.6012214373167025
Original,0,BG15,27,0.30132922530174255,0.7714285714285715,16,0.06330495947670609,0.07041670015164839,mlp,0.635728926542086
Original,0,BG15,12,0.9606394171714783,0.34285714285714286,16,0.10521950756408599,0.11927491362681576,linear,0.4777434096687848
Original,0,BG15,12,0.9606394171714783,0.34285714285714286,16,0.10521950756408599,0.11927491362681576,mlp,0.583269435927985
Original,0,BG11,16,0.9109315872192383,0.45714285714285713,16,0.2104479025906144,0.23845742566181222,linear,0.5270943208916486
Original,0,BG11,16,0.9109315872192383,0.45714285714285713,16,0.2104479025906144,0.23845742566181222,mlp,0.5979872907765672
Original,0,BG13,23,0.618124783039093,0.6571428571428571,16,0.07312323131446666,0.08253304364144964,linear,0.5524145391480462
Original,0,BG13,23,0.618124783039093,0.6571428571428571,16,0.07312323131446666,0.08253304364144964,mlp,0.6126139017510415
Original,0,BG12,31,0.07776966691017151,0.8857142857142857,16,0.12941092074629384,0.1199496508171082,linear,0.5235240822801955
Original,0,BG12,31,0.07776966691017151,0.8857142857142857,16,0.12941092074629384,0.1199496508171082,mlp,0.6021084105067329
Original,0,BG7,19,0.831115186214447,0.5428571428571428,16,0.14187737198385453,0.15992981528311118,linear,0.5385883360644907
Original,0,BG7,19,0.831115186214447,0.5428571428571428,16,0.14187737198385453,0.15992981528311118,mlp,0.5031589885192042
Original,0,BG15,31,0.07776966691017151,0.8857142857142857,16,0.09873790491310354,0.09181883615393052,linear,0.5623352575320982
Original,0,BG15,31,0.07776966691017151,0.8857142857142857,16,0.09873790491310354,0.09181883615393052,mlp,0.6321569104853005
Original,0,BG5,12,0.9606394171714783,0.34285714285714286,16,0.17825038000541132,0.20279003211398466,linear,0.2594254836264137
Original,0,BG5,12,0.9606394171714783,0.34285714285714286,16,0.17825038000541132,0.20279003211398466,mlp,0.4275237663598691
Original,0,BG8,27,0.30132922530174255,0.7714285714285715,16,0.08113640148982972,0.09007329506388037,linear,0.6032970019089704
Original,0,BG8,27,0.30132922530174255,0.7714285714285715,16,0.08113640148982972,0.09007329506388037,mlp,0.6178107571982713
Original,0,BG5,27,0.30132922530174255,0.7714285714285715,16,0.09437842495188384,0.10493061620941221,linear,0.5458611629004887
Original,0,BG5,27,0.30132922530174255,0.7714285714285715,16,0.09437842495188384,0.10493061620941221,mlp,0.6019317193227163
Original,0,BG7,4,0.9906675815582275,0.11428571428571428,16,0.15221509293931107,0.17291694288215403,linear,0.20848523729234059
Original,0,BG7,4,0.9906675815582275,0.11428571428571428,16,0.15221509293931107,0.17291694288215403,mlp,0.23445197036336787
Original,0,BG5,31,0.07776966691017151,0.8857142857142857,16,0.14462517135726788,0.13378565876360915,linear,0.44543581893026596
Original,0,BG5,31,0.07776966691017151,0.8857142857142857,16,0.14462517135726788,0.13378565876360915,mlp,0.5129124651984307
Original,0,BG10,27,0.30132922530174255,0.7714285714285715,16,0.09254572420121891,0.10293317647941468,linear,0.6001360051194796
Original,0,BG10,27,0.30132922530174255,0.7714285714285715,16,0.09254572420121891,0.10293317647941468,mlp,0.6077662042899009
Original,0,BG6,8,0.9814466834068298,0.22857142857142856,16,0.23893615067120166,0.2729313202764862,linear,0.34444437410679285
Original,0,BG6,8,0.9814466834068298,0.22857142857142856,16,0.23893615067120166,0.2729313202764862,mlp,0.4671905546048749
Original,0,BG4,12,0.9606394171714783,0.34285714285714286,16,0.052136040603952924,0.05897898759784922,linear,0.49229358642028104
Original,0,BG4,12,0.9606394171714783,0.34285714285714286,16,0.052136040603952924,0.05897898759784922,mlp,0.5821925712943872
Original,0,BG4,35,0.009900989942252636,1.0,16,0.08057264596894817,0.053324924776007754,linear,0.550635141490013
Original,0,BG4,35,0.009900989942252636,1.0,16,0.08057264596894817,0.053324924776007754,mlp,0.6280139490030948
Original,0,BG6,16,0.9109315872192383,0.45714285714285713,16,0.2640720235343991,0.30037623076845665,linear,0.4417932687853421
Original,0,BG6,16,0.9109315872192383,0.45714285714285713,16,0.2640720235343991,0.30037623076845665,mlp,0.497993515053038
Original,0,BG8,0,0.9950248599052429,0.0,16,0.31798026739715024,0.36037645941317936,linear,0.17263901680567653
Original,0,BG8,0,0.9950248599052429,0.0,16,0.31798026739715024,0.36037645941317936,mlp,0.3656954459017836
Original,0,BG13,35,0.009900989942252636,1.0,16,0.13922846137719364,0.09191117298255336,linear,0.5485008905400099
Original,0,BG13,35,0.009900989942252636,1.0,16,0.13922846137719364,0.09191117298255336,mlp,0.6064814212290648
Original,0,BG15,23,0.618124783039093,0.6571428571428571,16,0.057037236083176984,0.0643504171821531,linear,0.588767730754187
Original,0,BG15,23,0.618124783039093,0.6571428571428571,16,0.057037236083176984,0.0643504171821531,mlp,0.6139959248279782
Original,0,BG3,12,0.9606394171714783,0.34285714285714286,16,0.059489500752050686,0.0673436916407235,linear,0.48896447400644355
Original,0,BG3,12,0.9606394171714783,0.34285714285714286,16,0.059489500752050686,0.0673436916407235,mlp,0.5862559349430031
Original,0,BG1,8,0.9814466834068298,0.22857142857142856,16,0.05119234939317627,0.0579475410749751,linear,0.5220520174116554
Original,0,BG1,8,0.9814466834068298,0.22857142857142856,16,0.05119234939317627,0.0579475410749751,mlp,0.5980166911518932
Original,0,BG6,35,0.009900989942252636,1.0,16,0.17082720483388336,0.11241798647798747,linear,0.46467584580512217
Original,0,BG6,35,0.009900989942252636,1.0,16,0.17082720483388336,0.11241798647798747,mlp,0.4766766422236288
Original,0,BG1,27,0.30132922530174255,0.7714285714285715,16,0.045714367540571677,0.05082241175900999,linear,0.5908909492500243
Original,0,BG1,27,0.30132922530174255,0.7714285714285715,16,0.045714367540571677,0.05082241175900999,mlp,0.615847105888996
Original,0,BG5,16,0.9109315872192383,0.45714285714285713,16,0.1910000884686729,0.21589844552699627,linear,0.4073984511202639
Original,0,BG5,16,0.9109315872192383,0.45714285714285713,16,0.1910000884686729,0.21589844552699627,mlp,0.5269275250988014
Original,0,BG12,0,0.9950248599052429,0.0,16,0.08656997918518376,0.09780564844678297,linear,0.5037632330430958
Original,0,BG12,0,0.9950248599052429,0.0,16,0.08656997918518376,0.09780564844678297,mlp,0.5829094937802787
Original,0,BG7,0,0.9950248599052429,0.0,16,0.1506658202443933,0.17109308071869678,linear,0.21756735244254907
Original,0,BG7,0,0.9950248599052429,0.0,16,0.1506658202443933,0.17109308071869678,mlp,0.2387490754973386
Original,0,BG6,4,0.9906675815582275,0.11428571428571428,16,0.2307949701806038,0.26318227399364474,linear,0.34412757698007024
Original,0,BG6,4,0.9906675815582275,0.11428571428571428,16,0.2307949701806038,0.26318227399364474,mlp,0.4813894097600151
Original,0,BG8,23,0.618124783039093,0.6571428571428571,16,0.1028763834480454,0.1159026905916673,linear,0.5697084192114998
Original,0,BG8,23,0.618124783039093,0.6571428571428571,16,0.1028763834480454,0.1159026905916673,mlp,0.5738333669776314
Original,0,BG7,16,0.9109315872192383,0.45714285714285713,16,0.16381945483589694,0.18379426552548261,linear,0.15210935512047083
Original,0,BG7,16,0.9109315872192383,0.45714285714285713,16,0.16381945483589694,0.18379426552548261,mlp,0.33182272684601294
Original,0,BG5,4,0.9906675815582275,0.11428571428571428,16,0.1555832858744264,0.176626228935124,linear,0.28349843139874437
Original,0,BG5,4,0.9906675815582275,0.11428571428571428,16,0.1555832858744264,0.176626228935124,mlp,0.4560954429364487
Original,0,BG15,16,0.9109315872192383,0.45714285714285713,16,0.10438947401222816,0.11767250301965877,linear,0.5513099427528815
Original,0,BG15,16,0.9109315872192383,0.45714285714285713,16,0.10438947401222816,0.11767250301965877,mlp,0.5944073115004607
Original,0,BG11,0,0.9950248599052429,0.0,16,0.18427528098879087,0.20928182481508392,linear,0.4928327666003574
Original,0,BG11,0,0.9950248599052429,0.0,16,0.18427528098879087,0.20928182481508392,mlp,0.5896244738992393
Original,0,BG4,8,0.9814466834068298,0.22857142857142856,16,0.04818839633367722,0.0545422755022519,linear,0.5274328847664003
Original,0,BG4,8,0.9814466834068298,0.22857142857142856,16,0.04818839633367722,0.0545422755022519,mlp,0.5998951732682082
Original,0,BG5,35,0.009900989942252636,1.0,16,0.15495934250245824,0.10206402015932567,linear,0.37799586744830244
Original,0,BG5,35,0.009900989942252636,1.0,16,0.15495934250245824,0.10206402015932567,mlp,0.43206788380108835
Original,0,BG1,16,0.9109315872192383,0.45714285714285713,16,0.07376033111525272,0.0828886650506628,linear,0.5634037146440266
Original,0,BG1,16,0.9109315872192383,0.45714285714285713,16,0.07376033111525272,0.0828886650506628,mlp,0.5938473146354902
Original,0,BG11,27,0.30132922530174255,0.7714285714285715,16,0.08169836677751896,0.0909248238016292,linear,0.6005789802797467
Original,0,BG11,27,0.30132922530174255,0.7714285714285715,16,0.08169836677751896,0.0909248238016292,mlp,0.6133294870133237
Original,0,BG11,23,0.618124783039093,0.6571428571428571,16,0.07924008813202302,0.0894742287858325,linear,0.6046004637674449
Original,0,BG11,23,0.618124783039093,0.6571428571428571,16,0.07924008813202302,0.0894742287858325,mlp,0.611747540453145
Original,0,BG6,12,0.9606394171714783,0.34285714285714286,16,0.25299007471952745,0.2889220867002006,linear,0.30993432026154516
Original,0,BG6,12,0.9606394171714783,0.34285714285714286,16,0.25299007471952745,0.2889220867002006,mlp,0.3870810654699618
Original,0,BG4,0,0.9950248599052429,0.0,16,0.05028616403654337,0.056817103551408385,linear,0.5286764598064403
Original,0,BG4,0,0.9950248599052429,0.0,16,0.05028616403654337,0.056817103551408385,mlp,0.6000554279252717
Original,0,BG15,35,0.009900989942252636,1.0,16,0.100712173913629,0.06663536887603902,linear,0.5308212334563391
Original,0,BG15,35,0.009900989942252636,1.0,16,0.100712173913629,0.06663536887603902,mlp,0.6225772590775237
Original,0,BG14,0,0.9950248599052429,0.0,16,0.18179269302780662,0.20624216557746877,linear,0.4651056919092407
Original,0,BG14,0,0.9950248599052429,0.0,16,0.18179269302780662,0.20624216557746877,mlp,0.5879587466607253
Original,0,BG8,4,0.9906675815582275,0.11428571428571428,16,0.3193044211938001,0.3619646343619614,linear,0.1760608673574059
Original,0,BG8,4,0.9906675815582275,0.11428571428571428,16,0.3193044211938001,0.3619646343619614,mlp,0.36618951454610443
Original,0,BG4,23,0.618124783039093,0.6571428571428571,16,0.0360419577603301,0.04068727651724151,linear,0.5993518752927404
Original,0,BG4,23,0.618124783039093,0.6571428571428571,16,0.0360419577603301,0.04068727651724151,mlp,0.6214566782852703
Original,0,BG3,4,0.9906675815582275,0.11428571428571428,16,0.055929403995347765,0.06325580683251314,linear,0.5288559555048483
Original,0,BG3,4,0.9906675815582275,0.11428571428571428,16,0.055929403995347765,0.06325580683251314,mlp,0.6040387628942328
Original,0,BG5,0,0.9950248599052429,0.0,16,0.15386804182245128,0.1745996016236051,linear,0.2898500460079375
Original,0,BG5,0,0.9950248599052429,0.0,16,0.15386804182245128,0.1745996016236051,mlp,0.46413540998792857
Original,0,BG10,4,0.9906675815582275,0.11428571428571428,16,0.31383366878438135,0.35598316286285014,linear,0.4750258193749007
Original,0,BG10,4,0.9906675815582275,0.11428571428571428,16,0.31383366878438135,0.35598316286285014,mlp,0.5762862709993187
Original,0,BG3,27,0.30132922530174255,0.7714285714285715,16,0.051068527145394574,0.056802887545334343,linear,0.6032135107852621
Original,0,BG3,27,0.30132922530174255,0.7714285714285715,16,0.051068527145394574,0.056802887545334343,mlp,0.6329395421333999
Original,0,BG10,0,0.9950248599052429,0.0,16,0.31276676995776714,0.3546877975038121,linear,0.478721728268754
Original,0,BG10,0,0.9950248599052429,0.0,16,0.31276676995776714,0.3546877975038121,mlp,0.5776380305081054
Original,0,BG4,19,0.831115186214447,0.5428571428571428,16,0.03487546589076666,0.03920033720358655,linear,0.6030646401518966
Original,0,BG4,19,0.831115186214447,0.5428571428571428,16,0.03487546589076666,0.03920033720358655,mlp,0.5976662218112967
Original,0,BG12,23,0.618124783039093,0.6571428571428571,16,0.06445339637503562,0.07274409682110314,linear,0.5784357343970709
Original,0,BG12,23,0.618124783039093,0.6571428571428571,16,0.06445339637503562,0.07274409682110314,mlp,0.6139543623422297
Original,0,BG1,0,0.9950248599052429,0.0,16,0.05051358070146766,0.05707538355076249,linear,0.5266226970157942
Original,0,BG1,0,0.9950248599052429,0.0,16,0.05051358070146766,0.05707538355076249,mlp,0.5965628626995253
Original,0,BG9,35,0.009900989942252636,1.0,16,0.12475657224076538,0.08236865492296255,linear,0.5023897314380728
Original,0,BG9,35,0.009900989942252636,1.0,16,0.12475657224076538,0.08236865492296255,mlp,0.5947511358032077
Original,0,BG15,0,0.9950248599052429,0.0,16,0.09544269571297054,0.1080204228286985,linear,0.512737186545094
Original,0,BG15,0,0.9950248599052429,0.0,16,0.09544269571297054,0.1080204228286985,mlp,0.5988482215730377
T01,0,BG11,12,0.9606394171714783,0.34285714285714286,16,0.09670876446068755,0.1083357582955573,linear,0.2621868572521014
T01,0,BG11,12,0.9606394171714783,0.34285714285714286,16,0.09670876446068755,0.1083357582955573,mlp,0.02448476796905675
T01,0,BG2,8,0.9814466834068298,0.22857142857142856,16,0.023517337451840148,0.02636169953141436,linear,0.24995578582772535
T01,0,BG2,8,0.9814466834068298,0.22857142857142856,16,0.023517337451840148,0.02636169953141436,mlp,-0.05555377608816988
T01,0,BG4,16,0.9109315872192383,0.45714285714285713,16,0.03556025122911355,0.040135243818865796,linear,0.0800722258573531
T01,0,BG4,16,0.9109315872192383,0.45714285714285713,16,0.03556025122911355,0.040135243818865796,mlp,-0.07519427344851891
T01,0,BG8,12,0.9606394171714783,0.34285714285714286,16,0.17082891105117698,0.19188177708636855,linear,0.29425458675862454
T01,0,BG8,12,0.9606394171714783,0.34285714285714286,16,0.17082891105117698,0.19188177708636855,mlp,0.1764555038401044
T01,0,BG13,0,0.9950248599052429,0.0,16,0.06284408657801605,0.0704679645645906,linear,0.2408731380314532
T01,0,BG13,0,0.9950248599052429,0.0,16,0.06284408657801605,0.0704679645645906,mlp,-0.01292561030014571
T01,0,BG13,19,0.831115186214447,0.5428571428571428,16,0.12471914352152262,0.14310738929052258,linear,0.2582763583119379
T01,0,BG13,19,0.831115186214447,0.5428571428571428,16,0.12471914352152262,0.14310738929052258,mlp,0.2600215192633076
T01,0,BG9,4,0.9906675815582275,0.11428571428571428,16,0.08256623411953251,0.09262900796756406,linear,0.22004145874677739
T01,0,BG9,4,0.9906675815582275,0.11428571428571428,16,0.08256623411953251,0.09262900796756406,mlp,0.02787351871728043
T01,0,BG14,27,0.30132922530174255,0.7714285714285715,16,0.07783257584114489,0.08802525646344267,linear,0.3191196511348046
T01,0,BG14,27,0.30132922530174255,0.7714285714285715,16,0.07783257584114489,0.08802525646344267,mlp,0.08890745556066061
T01,0,BG7,35,0.009900989942252636,1.0,16,0.1872157572551983,0.13368585203077865,linear,-0.07154624965865225
T01,0,BG7,35,0.009900989942252636,1.0,16,0.1872157572551983,0.13368585203077865,mlp,-0.3766061423375469
T01,0,BG14,31,0.07776966691017151,0.8857142857142857,16,0.10954727351096004,0.10724476781871739,linear,0.11750972357966499
T01,0,BG14,31,0.07776966691017151,0.8857142857142857,16,0.10954727351096004,0.10724476781871739,mlp,0.07154903619564149
T01,0,BG13,31,0.07776966691017151,0.8857142857142857,16,0.13686373597623852,0.13381894291115037,linear,0.1626847692687122
T01,0,BG13,31,0.07776966691017151,0.8857142857142857,16,0.13686373597623852,0.13381894291115037,mlp,0.07566188242204319
T01,0,BG12,8,0.9814466834068298,0.22857142857142856,16,0.06705092213043634,0.0753120372613886,linear,0.23793261090367532
T01,0,BG12,8,0.9814466834068298,0.22857142857142856,16,0.06705092213043634,0.0753120372613886,mlp,-0.05565075434200801
T01,0,BG7,27,0.30132922530174255,0.7714285714285715,16,0.11140159275112616,0.1260871112392204,linear,0.28846915568433484
T01,0,BG7,27,0.30132922530174255,0.7714285714285715,16,0.11140159275112616,0.1260871112392204,mlp,0.0996981710066314
T01,0,BG9,31,0.07776966691017151,0.8857142857142857,16,0.13159722058935985,0.12888336767341801,linear,0.10223615273953383
T01,0,BG9,31,0.07776966691017151,0.8857142857142857,16,0.13159722058935985,0.12888336767341801,mlp,0.04129560009124903
T01,0,BG14,16,0.9109315872192383,0.45714285714285713,16,0.07692767254481639,0.08683310727249388,linear,0.17818394982810198
T01,0,BG14,16,0.9109315872192383,0.45714285714285713,16,0.07692767254481639,0.08683310727249388,mlp,0.06446591797697653
T01,0,BG11,35,0.009900989942252636,1.0,16,0.14423148318790938,0.1030173877519566,linear,0.1300511144156124
T01,0,BG11,35,0.009900989942252636,1.0,16,0.14423148318790938,0.1030173877519566,mlp,-0.09726561430248591
T01,0,BG8,16,0.9109315872192383,0.45714285714285713,16,0.18432496398116327,0.20800181039270582,linear,0.08628538009676753
T01,0,BG8,16,0.9109315872192383,0.45714285714285713,16,0.18432496398116327,0.20800181039270582,mlp,0.054362003884715904
T01,0,BG10,23,0.618124783039093,0.6571428571428571,16,0.1251896089434115,0.14379744021839289,linear,0.24252930103824819
T01,0,BG10,23,0.618124783039093,0.6571428571428571,16,0.1251896089434115,0.14379744021839289,mlp,0.039766542043972335
T01,0,BG13,4,0.9906675815582275,0.11428571428571428,16,0.06313657084107577,0.07080015913692947,linear,0.23278876645911645
T01,0,BG13,4,0.9906675815582275,0.11428571428571428,16,0.06313657084107577,0.07080015913692947,mlp,-0.036589540540006994
T01,0,BG4,27,0.30132922530174255,0.7714285714285715,16,0.07088195020511455,0.08033517881861887,linear,0.3048619039266845
T01,0,BG4,27,0.30132922530174255,0.7714285714285715,16,0.07088195020511455,0.08033517881861887,mlp,0.11720644590030364
T01,0,BG2,23,0.618124783039093,0.6571428571428571,16,0.04706853542677847,0.054076692765421985,linear,0.3158892691276393
T01,0,BG2,23,0.618124783039093,0.6571428571428571,16,0.04706853542677847,0.054076692765421985,mlp,0.0630868694430374
T01,0,BG7,23,0.618124783039093,0.6571428571428571,16,0.11039253443155259,0.12696231967015023,linear,0.29400135702220537
T01,0,BG7,23,0.618124783039093,0.6571428571428571,16,0.11039253443155259,0.12696231967015023,mlp,0.009735185336730368
T01,0,BG8,35,0.009900989942252636,1.0,16,0.166151818310093,0.11859793783475177,linear,0.11958154437605634
T01,0,BG8,35,0.009900989942252636,1.0,16,0.166151818310093,0.11859793783475177,mlp,-0.23238737454744185
T01,0,BG1,4,0.9906675815582275,0.11428571428571428,16,0.02323462063845862,0.02600602216441494,linear,0.2532940444583738
T01,0,BG1,4,0.9906675815582275,0.11428571428571428,16,0.02323462063845862,0.02600602216441494,mlp,-0.01769700042821723
T01,0,BG12,35,0.009900989942252636,1.0,16,0.15015789073286562,0.10729860028521054,linear,0.2102972172497344
T01,0,BG12,35,0.009900989942252636,1.0,16,0.15015789073286562,0.10729860028521054,mlp,-0.02521886664257461
T01,0,BG3,19,0.831115186214447,0.5428571428571428,16,0.04608666215189068,0.05279800387474032,linear,0.2842169273637916
T01,0,BG3,19,0.831115186214447,0.5428571428571428,16,0.04608666215189068,0.05279800387474032,mlp,0.26413013509634764
T01,0,BG14,35,0.009900989942252636,1.0,16,0.11825242287589445,0.08457136998875335,linear,0.22656801581753278
T01,0,BG14,35,0.009900989942252636,1.0,16,0.11825242287589445,0.08457136998875335,mlp,0.017775872293077782
T01,0,BG12,27,0.30132922530174255,0.7714285714285715,16,0.09138700200038873,0.10325591733630976,linear,0.2960998693796632
T01,0,BG12,27,0.30132922530174255,0.7714285714285715,16,0.09138700200038873,0.10325591733630976,mlp,0.06494873255114825
T01,0,BG10,35,0.009900989942252636,1.0,16,0.15215321472788573,0.10852423778751258,linear,0.045252245353274136
T01,0,BG10,35,0.009900989942252636,1.0,16,0.15215321472788573,0.10852423778751258,mlp,-0.24665350534641017
T01,0,BG14,4,0.9906675815582275,0.11428571428571428,16,0.06518948884906955,0.07306620027175777,linear,0.2512781568557589
T01,0,BG14,4,0.9906675815582275,0.11428571428571428,16,0.06518948884906955,0.07306620027175777,mlp,0.03245791934429002
T01,0,BG11,31,0.07776966691017151,0.8857142857142857,16,0.13129878226415784,0.12848655149626625,linear,0.08136067345766425
T01,0,BG11,31,0.07776966691017151,0.8857142857142857,16,0.13129878226415784,0.12848655149626625,mlp,-0.009250710833156792
T01,0,BG1,12,0.9606394171714783,0.34285714285714286,16,0.02458999810178368,0.02746910146259754,linear,0.23469373062126028
T01,0,BG1,12,0.9606394171714783,0.34285714285714286,16,0.02458999810178368,0.02746910146259754,mlp,0.04023834186928667
T01,0,BG9,23,0.618124783039093,0.6571428571428571,16,0.06480494132819282,0.07438997898932889,linear,0.32611650616826293
T01,0,BG9,23,0.618124783039093,0.6571428571428571,16,0.06480494132819282,0.07438997898932889,mlp,0.10753810298320511
T01,0,BG3,35,0.009900989942252636,1.0,16,0.08827929716220209,0.06320539924414399,linear,0.1535548537970392
T01,0,BG3,35,0.009900989942252636,1.0,16,0.08827929716220209,0.06320539924414399,mlp,-0.05071459213227933
T01,0,BG4,31,0.07776966691017151,0.8857142857142857,16,0.08646473572761657,0.08482003864112361,linear,0.16412406879653735
T01,0,BG4,31,0.07776966691017151,0.8857142857142857,16,0.08646473572761657,0.08482003864112361,mlp,0.10111508611202155
T01,0,BG9,8,0.9814466834068298,0.22857142857142856,16,0.08348423532459837,0.09385216869259959,linear,0.2225150976781333
T01,0,BG9,8,0.9814466834068298,0.22857142857142856,16,0.08348423532459837,0.09385216869259959,mlp,-0.03222848401506176
T01,0,BG6,27,0.30132922530174255,0.7714285714285715,16,0.10979401728721186,0.1240982375642311,linear,0.15538695822947698
T01,0,BG6,27,0.30132922530174255,0.7714285714285715,16,0.10979401728721186,0.1240982375642311,mlp,-0.10303815966557821
T01,0,BG3,0,0.9950248599052429,0.0,16,0.028970473551478575,0.0324644916652642,linear,0.23980163112019973
T01,0,BG3,0,0.9950248599052429,0.0,16,0.028970473551478575,0.0324644916652642,mlp,0.005570107663973392
T01,0,BG9,12,0.9606394171714783,0.34285714285714286,16,0.08918200172673982,0.09996089096657465,linear,0.2429567387438861
T01,0,BG9,12,0.9606394171714783,0.34285714285714286,16,0.08918200172673982,0.09996089096657465,mlp,0.03742813603909664
T01,0,BG2,35,0.009900989942252636,1.0,16,0.09239524953492846,0.06601278316356508,linear,0.18698874704848806
T01,0,BG2,35,0.009900989942252636,1.0,16,0.09239524953492846,0.06601278316356508,mlp,-0.053370922442078264
T01,0,BG8,31,0.07776966691017151,0.8857142857142857,16,0.14348161119965971,0.1398629690420461,linear,0.008342382971135796
T01,0,BG8,31,0.07776966691017151,0.8857142857142857,16,0.14348161119965971,0.1398629690420461,mlp,-0.1959382095818296
T01,0,BG2,31,0.07776966691017151,0.8857142857142857,16,0.09229783431271696,0.09001844265565397,linear,0.1485697798655362
T01,0,BG2,31,0.07776966691017151,0.8857142857142857,16,0.09229783431271696,0.09001844265565397,mlp,0.006857152454118598
T01,0,BG14,12,0.9606394171714783,0.34285714285714286,16,0.0675712381259469,0.07573154395763365,linear,0.2737194442794577
T01,0,BG14,12,0.9606394171714783,0.34285714285714286,16,0.0675712381259469,0.07573154395763365,mlp,0.08016451208733404
T01,0,BG11,8,0.9814466834068298,0.22857142857142856,16,0.08381403532886517,0.09427551264690212,linear,0.25120929758491306
T01,0,BG11,8,0.9814466834068298,0.22857142857142856,16,0.08381403532886517,0.09427551264690212,mlp,-0.07982793137298896
T01,0,BG13,8,0.9814466834068298,0.22857142857142856,16,0.06405210266146275,0.07195737736938361,linear,0.22404172037382317
T01,0,BG13,8,0.9814466834068298,0.22857142857142856,16,0.06405210266146275,0.07195737736938361,mlp,-0.07824065547513942
T01,0,BG1,23,0.618124783039093,0.6571428571428571,16,0.04640180136123031,0.0533216455174501,linear,0.3073980294020129
T01,0,BG1,23,0.618124783039093,0.6571428571428571,16,0.04640180136123031,0.0533216455174501,mlp,0.047733914163495046
T01,0,BG9,0,0.9950248599052429,0.0,16,0.08247495972335536,0.09252248431999699,linear,0.2305537137634349
T01,0,BG9,0,0.9950248599052429,0.0,16,0.08247495972335536,0.09252248431999699,mlp,0.051214766567611494
T01,0,BG6,0,0.9950248599052429,0.0,16,0.11969108067124097,0.1347467647670686,linear,0.1857586225074041
T01,0,BG6,0,0.9950248599052429,0.0,16,0.11969108067124097,0.1347467647670686,mlp,-0.20949884315515854
T01,0,BG9,27,0.30132922530174255,0.7714285714285715,16,0.08935077245973726,0.10112348863622486,linear,0.3311625101153454
T01,0,BG9,27,0.30132922530174255,0.7714285714285715,16,0.08935077245973726,0.10112348863622486,mlp,0.1419824426694437
T01,0,BG3,8,0.9814466834068298,0.22857142857142856,16,0.028797351266658583,0.03233209988641786,linear,0.22473145900457442
T01,0,BG3,8,0.9814466834068298,0.22857142857142856,16,0.028797351266658583,0.03233209988641786,mlp,-0.045342150972357234
T01,0,BG14,19,0.831115186214447,0.5428571428571428,16,0.08418252419770936,0.09637792483829768,linear,0.33696550907994144
T01,0,BG14,19,0.831115186214447,0.5428571428571428,16,0.08418252419770936,0.09637792483829768,mlp,0.32976486502112184
T01,0,BG15,19,0.831115186214447,0.5428571428571428,16,0.0744846898114465,0.08530140184674179,linear,0.2855262731918109
T01,0,BG15,19,0.831115186214447,0.5428571428571428,16,0.0744846898114465,0.08530140184674179,mlp,0.2672437008780639
T01,0,BG3,23,0.618124783039093,0.6571428571428571,16,0.05460851288048944,0.062823758086062,linear,0.3143331852935249
T01,0,BG3,23,0.618124783039093,0.6571428571428571,16,0.05460851288048944,0.062823758086062,mlp,0.07542907606673628
T01,0,BG8,8,0.9814466834068298,0.22857142857142856,16,0.16032847526781932,0.1804795412887768,linear,0.21642943582612004
T01,0,BG8,8,0.9814466834068298,0.22857142857142856,16,0.16032847526781932,0.1804795412887768,mlp,0.0941965615497912
T01,0,BG14,23,0.618124783039093,0.6571428571428571,16,0.07770896153119108,0.08924340215595358,linear,0.32546993066589
T01,0,BG14,23,0.618124783039093,0.6571428571428571,16,0.07770896153119108,0.08924340215595358,mlp,0.11258174413123077
T01,0,BG5,8,0.9814466834068298,0.22857142857142856,16,0.11534214498158263,0.12986200030675318,linear,0.10726465537045701
T01,0,BG5,8,0.9814466834068298,0.22857142857142856,16,0.11534214498158263,0.12986200030675318,mlp,-0.10601615891620304
T01,0,BG10,16,0.9109315872192383,0.45714285714285713,16,0.1789564709596587,0.2023565778607255,linear,0.21129624178070527
T01,0,BG10,16,0.9109315872192383,0.45714285714285713,16,0.1789564709596587,0.2023565778607255,mlp,0.05946772661259929
T01,0,BG2,12,0.9606394171714783,0.34285714285714286,16,0.02500511485996961,0.027925554975299013,linear,0.23321979717845615
T01,0,BG2,12,0.9606394171714783,0.34285714285714286,16,0.02500511485996961,0.027925554975299013,mlp,0.03290384902650685
T01,0,BG6,31,0.07776966691017151,0.8857142857142857,16,0.16146427256649817,0.15741385590055032,linear,0.01758403745741062
T01,0,BG6,31,0.07776966691017151,0.8857142857142857,16,0.16146427256649817,0.15741385590055032,mlp,0.01042829797862192
T01,0,BG5,19,0.831115186214447,0.5428571428571428,16,0.2021002960847238,0.2332679266470456,linear,0.19580017292704816
T01,0,BG5,19,0.831115186214447,0.5428571428571428,16,0.2021002960847238,0.2332679266470456,mlp,0.2976782284447239
T01,0,BG2,19,0.831115186214447,0.5428571428571428,16,0.04164751643774662,0.04770542947219272,linear,0.24358955411831995
T01,0,BG2,19,0.831115186214447,0.5428571428571428,16,0.04164751643774662,0.04770542947219272,mlp,0.19601946264210082
T01,0,BG10,31,0.07776966691017151,0.8857142857142857,16,0.13662475359334697,0.13345071659612975,linear,0.023043791176882676
T01,0,BG10,31,0.07776966691017151,0.8857142857142857,16,0.13662475359334697,0.13345071659612975,mlp,-0.05130178808279494
T01,0,BG7,12,0.9606394171714783,0.34285714285714286,16,0.14551009006892654,0.16361015518404787,linear,0.2175117431556731
T01,0,BG7,12,0.9606394171714783,0.34285714285714286,16,0.14551009006892654,0.16361015518404787,mlp,-0.10335919964028871
T01,0,BG12,12,0.9606394171714783,0.34285714285714286,16,0.07208188734388088,0.08065813344953308,linear,0.24349993232833092
T01,0,BG12,12,0.9606394171714783,0.34285714285714286,16,0.07208188734388088,0.08065813344953308,mlp,0.014366826397737549
T01,0,BG11,19,0.831115186214447,0.5428571428571428,16,0.12523004397183596,0.14368121914657922,linear,0.2251223554961357
T01,0,BG11,19,0.831115186214447,0.5428571428571428,16,0.12523004397183596,0.14368121914657922,mlp,0.22420673138277702
T01,0,BG11,4,0.9906675815582275,0.11428571428571428,16,0.0822697875664815,0.09237676832030339,linear,0.2564081507553361
T01,0,BG11,4,0.9906675815582275,0.11428571428571428,16,0.0822697875664815,0.09237676832030339,mlp,-0.043346564606671176
T01,0,BG13,27,0.30132922530174255,0.7714285714285715,16,0.09204710458409422,0.10404309968839436,linear,0.31104678717279616
T01,0,BG13,27,0.30132922530174255,0.7714285714285715,16,0.09204710458409422,0.10404309968839436,mlp,0.10843055298176589
T01,0,BG2,16,0.9109315872192383,0.45714285714285713,16,0.03281844384508745,0.03698855514403274,linear,0.055489696878882507
T01,0,BG2,16,0.9109315872192383,0.45714285714285713,16,0.03281844384508745,0.03698855514403274,mlp,-0.13699456089596204
T01,0,BG2,4,0.9906675815582275,0.11428571428571428,16,0.023375094507266676,0.026158031248825226,linear,0.2579989742818025
T01,0,BG2,4,0.9906675815582275,0.11428571428571428,16,0.023375094507266676,0.026158031248825226,mlp,-0.02514482889777564
T01,0,BG1,35,0.009900989942252636,1.0,16,0.08159170623986998,0.05839569348516497,linear,0.19589938274575097
T01,0,BG1,35,0.009900989942252636,1.0,16,0.08159170623986998,0.05839569348516497,mlp,0.02193204321618829
T01,0,BG3,31,0.07776966691017151,0.8857142857142857,16,0.08950003032351933,0.08773031471172797,linear,0.1466209756602969
T01,0,BG3,31,0.07776966691017151,0.8857142857142857,16,0.08950003032351933,0.08773031471172797,mlp,0.06268660535665399
T01,0,BG14,8,0.9814466834068298,0.22857142857142856,16,0.06572974912569376,0.07382487520361514,linear,0.2448857773155871
T01,0,BG14,8,0.9814466834068298,0.22857142857142856,16,0.06572974912569376,0.07382487520361514,mlp,-0.01639599648932715
T01,0,BG1,31,0.07776966691017151,0.8857142857142857,16,0.08824506505540924,0.08624275301120574,linear,0.1493349461450969
T01,0,BG1,31,0.07776966691017151,0.8857142857142857,16,0.08824506505540924,0.08624275301120574,mlp,0.038174630217267184
T01,0,BG15,4,0.9906675815582275,0.11428571428571428,16,0.046068294104974886,0.05162469316593789,linear,0.23689327280613515
T01,0,BG15,4,0.9906675815582275,0.11428571428571428,16,0.046068294104974886,0.05162469316593789,mlp,0.014791918664529393
T01,0,BG12,19,0.831115186214447,0.5428571428571428,16,0.1333861202531218,0.15302102075877308,linear,0.3179695372550307
T01,0,BG12,19,0.831115186214447,0.5428571428571428,16,0.1333861202531218,0.15302102075877308,mlp,0.33146099575086546
T01,0,BG9,19,0.831115186214447,0.5428571428571428,16,0.12788456855646396,0.14646779633704132,linear,0.3461903837542093
T01,0,BG9,19,0.831115186214447,0.5428571428571428,16,0.12788456855646396,0.14646779633704132,mlp,0.3681858906350609
T01,0,BG8,19,0.831115186214447,0.5428571428571428,16,0.10302567654770861,0.11793479619018851,linear,0.11596551118954149
T01,0,BG8,19,0.831115186214447,0.5428571428571428,16,0.10302567654770861,0.11793479619018851,mlp,0.23767233294656487
T01,0,BG10,19,0.831115186214447,0.5428571428571428,16,0.14783935111314656,0.16942284303711885,linear,0.2399397151589091
T01,0,BG10,19,0.831115186214447,0.5428571428571428,16,0.14783935111314656,0.16942284303711885,mlp,0.258266055419133
T01,0,BG6,23,0.618124783039093,0.6571428571428571,16,0.14698635333378907,0.1691475173128422,linear,0.2792922739427763
T01,0,BG6,23,0.618124783039093,0.6571428571428571,16,0.14698635333378907,0.1691475173128422,mlp,0.07652636829894452
T01,0,BG5,23,0.618124783039093,0.6571428571428571,16,0.09432018426225772,0.10805723695885552,linear,0.26246342545933626
T01,0,BG5,23,0.618124783039093,0.6571428571428571,16,0.09432018426225772,0.10805723695885552,mlp,0.004312903677257651
T01,0,BG6,19,0.831115186214447,0.5428571428571428,16,0.19325947983702757,0.22255064116609158,linear,0.2963568544035243
T01,0,BG6,19,0.831115186214447,0.5428571428571428,16,0.19325947983702757,0.22255064116609158,mlp,0.3171011677793274
T01,0,BG10,8,0.9814466834068298,0.22857142857142856,16,0.18100568495441058,0.20387318054759251,linear,0.24601717581571597
T01,0,BG10,8,0.9814466834068298,0.22857142857142856,16,0.18100568495441058,0.20387318054759251,mlp,0.07426248730019928
T01,0,BG7,8,0.9814466834068298,0.22857142857142856,16,0.13623902306402008,0.1537765198214754,linear,0.1073041038819019
T01,0,BG7,8,0.9814466834068298,0.22857142857142856,16,0.13623902306402008,0.1537765198214754,mlp,-0.17701860708969835
T01,0,BG13,12,0.9606394171714783,0.34285714285714286,16,0.06905273902024475,0.07728518142432933,linear,0.22397543590089758
T01,0,BG13,12,0.9606394171714783,0.34285714285714286,16,0.06905273902024475,0.07728518142432933,mlp,-0.009031353858028928
T01,0,BG13,16,0.9109315872192383,0.45714285714285713,16,0.09387335388067031,0.10602484771974295,linear,0.0862154575315854
T01,0,BG13,16,0.9109315872192383,0.45714285714285713,16,0.09387335388067031,0.10602484771974295,mlp,-0.07882113228761892
T01,0,BG15,8,0.9814466834068298,0.22857142857142856,16,0.045848600491198224,0.05147832541340551,linear,0.23310264036936915
T01,0,BG15,8,0.9814466834068298,0.22857142857142856,16,0.045848600491198224,0.05147832541340551,mlp,-0.03599186176344839
T01,0,BG12,4,0.9906675815582275,0.11428571428571428,16,0.06564772955167505,0.07359494349925465,linear,0.25102104746632137
T01,0,BG12,4,0.9906675815582275,0.11428571428571428,16,0.06564772955167505,0.07359494349925465,mlp,-0.014246687457996796
T01,0,BG2,0,0.9950248599052429,0.0,16,0.023377705009871234,0.026159542718711293,linear,0.26567593829162
T01,0,BG2,0,0.9950248599052429,0.0,16,0.023377705009871234,0.026159542718711293,mlp,-0.004839266709095824
T01,0,BG9,16,0.9109315872192383,0.45714285714285713,16,0.11602105687411655,0.13105086246561098,linear,0.1403805757561776
T01,0,BG9,16,0.9109315872192383,0.45714285714285713,16,0.11602105687411655,0.13105086246561098,mlp,-0.021912272000405634
T01,0,BG4,4,0.9906675815582275,0.11428571428571428,16,0.026689443219252474,0.029906813704906367,linear,0.2372998537924071
T01,0,BG4,4,0.9906675815582275,0.11428571428571428,16,0.026689443219252474,0.029906813704906367,mlp,-0.006513553795842901
T01,0,BG7,31,0.07776966691017151,0.8857142857142857,16,0.16446876118167672,0.16068329230002099,linear,-0.4100056635306223
T01,0,BG7,31,0.07776966691017151,0.8857142857142857,16,0.16446876118167672,0.16068329230002099,mlp,0.05795713662402393
T01,0,BG3,16,0.9109315872192383,0.45714285714285713,16,0.04210124884280768,0.04754278335387563,linear,0.0815138273881715
T01,0,BG3,16,0.9109315872192383,0.45714285714285713,16,0.04210124884280768,0.04754278335387563,mlp,-0.08833517123782121
T01,0,BG1,19,0.831115186214447,0.5428571428571428,16,0.03851244716715871,0.044091291879923444,linear,0.2596762283657932
T01,0,BG1,19,0.831115186214447,0.5428571428571428,16,0.03851244716715871,0.044091291879923444,mlp,0.22852531904078538
T01,0,BG10,12,0.9606394171714783,0.34285714285714286,16,0.1963756499802488,0.22069871732137708,linear,0.2983352280497054
T01,0,BG10,12,0.9606394171714783,0.34285714285714286,16,0.1963756499802488,0.22069871732137708,mlp,0.18528264269881695
T01,0,BG2,27,0.30132922530174255,0.7714285714285715,16,0.06302541393546418,0.07129672629967579,linear,0.315868412469142
T01,0,BG2,27,0.30132922530174255,0.7714285714285715,16,0.06302541393546418,0.07129672629967579,mlp,0.10523608211347071
T01,0,BG12,16,0.9109315872192383,0.45714285714285713,16,0.09925076166030097,0.11205438240791489,linear,0.13416157069695797
T01,0,BG12,16,0.9109315872192383,0.45714285714285713,16,0.09925076166030097,0.11205438240791489,mlp,-0.05618012912103664
T01,0,BG15,27,0.30132922530174255,0.7714285714285715,16,0.07839602816815425,0.08872962616023955,linear,0.31893411031617264
T01,0,BG15,27,0.30132922530174255,0.7714285714285715,16,0.07839602816815425,0.08872962616023955,mlp,0.11626331469952184
T01,0,BG15,12,0.9606394171714783,0.34285714285714286,16,0.04769148697605817,0.05338580195536385,linear,0.2537105986297122
T01,0,BG15,12,0.9606394171714783,0.34285714285714286,16,0.04769148697605817,0.05338580195536385,mlp,0.05253580646904038
T01,0,BG11,16,0.9109315872192383,0.45714285714285713,16,0.11016413636542113,0.12452522390847204,linear,0.21183141982513856
T01,0,BG11,16,0.9109315872192383,0.45714285714285713,16,0.11016413636542113,0.12452522390847204,mlp,0.02920291515246536
T01,0,BG13,23,0.618124783039093,0.6571428571428571,16,0.1109933556346541,0.12757374810681835,linear,0.3389636814174759
T01,0,BG13,23,0.618124783039093,0.6571428571428571,16,0.1109933556346541,0.12757374810681835,mlp,0.17514471607933443
T01,0,BG12,31,0.07776966691017151,0.8857142857142857,16,0.13820424199193826,0.13507074202788627,linear,0.13416115897095512
T01,0,BG12,31,0.07776966691017151,0.8857142857142857,16,0.13820424199193826,0.13507074202788627,mlp,0.05965661281092886
T01,0,BG7,19,0.831115186214447,0.5428571428571428,16,0.22277454864434176,0.2570862841254644,linear,-0.28825258845291685
T01,0,BG7,19,0.831115186214447,0.5428571428571428,16,0.22277454864434176,0.2570862841254644,mlp,-0.13789849263343487
T01,0,BG15,31,0.07776966691017151,0.8857142857142857,16,0.10594010091579072,0.10384571803671389,linear,0.1845248250001573
T01,0,BG15,31,0.07776966691017151,0.8857142857142857,16,0.10594010091579072,0.10384571803671389,mlp,0.13318463209690212
T01,0,BG5,12,0.9606394171714783,0.34285714285714286,16,0.1220869067341597,0.13701599510706491,linear,0.18683925358093922
T01,0,BG5,12,0.9606394171714783,0.34285714285714286,16,0.1220869067341597,0.13701599510706491,mlp,-0.022142524349649407
T01,0,BG8,27,0.30132922530174255,0.7714285714285715,16,0.0952097979324501,0.10740654303599,linear,0.21208781626892498
T01,0,BG8,27,0.30132922530174255,0.7714285714285715,16,0.0952097979324501,0.10740654303599,mlp,-0.08107739459171943
T01,0,BG5,27,0.30132922530174255,0.7714285714285715,16,0.10538536174051484,0.11896981327253911,linear,0.31396541347597134
T01,0,BG5,27,0.30132922530174255,0.7714285714285715,16,0.10538536174051484,0.11896981327253911,mlp,0.12420604937717294
T01,0,BG7,4,0.9906675815582275,0.11428571428571428,16,0.1350103492743373,0.1521114157198714,linear,0.08617817820564017
T01,0,BG7,4,0.9906675815582275,0.11428571428571428,16,0.1350103492743373,0.1521114157198714,mlp,-0.1174293271951855
T01,0,BG5,31,0.07776966691017151,0.8857142857142857,16,0.15169484282441997,0.14806251737905685,linear,0.16043847783417015
T01,0,BG5,31,0.07776966691017151,0.8857142857142857,16,0.15169484282441997,0.14806251737905685,mlp,0.08184276034922489
T01,0,BG10,27,0.30132922530174255,0.7714285714285715,16,0.09328657320002344,0.10548376651568264,linear,0.2902955059817559
T01,0,BG10,27,0.30132922530174255,0.7714285714285715,16,0.09328657320002344,0.10548376651568264,mlp,0.02433785610146657
T01,0,BG6,8,0.9814466834068298,0.22857142857142856,16,0.12227850365559226,0.13787547230899486,linear,0.1517813134860516
T01,0,BG6,8,0.9814466834068298,0.22857142857142856,16,0.12227850365559226,0.13787547230899486,mlp,-0.2900301578208902
T01,0,BG4,12,0.9606394171714783,0.34285714285714286,16,0.02758392036126457,0.03086011843232429,linear,0.23132811587174743
T01,0,BG4,12,0.9606394171714783,0.34285714285714286,16,0.02758392036126457,0.03086011843232429,mlp,0.03654597506770548
T01,0,BG4,35,0.009900989942252636,1.0,16,0.08246689249066833,0.059071496701763676,linear,0.14787659758202257
T01,0,BG4,35,0.009900989942252636,1.0,16,0.08246689249066833,0.059071496701763676,mlp,-0.07753185818760662
T01,0,BG6,16,0.9109315872192383,0.45714285714285713,16,0.17065789143074628,0.19348317983719107,linear,0.2742159706577641
T01,0,BG6,16,0.9109315872192383,0.45714285714285713,16,0.17065789143074628,0.19348317983719107,mlp,0.03571719076225427
T01,0,BG8,0,0.9950248599052429,0.0,16,0.15678776456888094,0.17612210398834405,linear,0.23366718867327196
T01,0,BG8,0,0.9950248599052429,0.0,16,0.15678776456888094,0.17612210398834405,mlp,0.1522739124791305
T01,0,BG13,35,0.009900989942252636,1.0,16,0.14847353164270866,0.10611987619111722,linear,0.22848171903440703
T01,0,BG13,35,0.009900989942252636,1.0,16,0.14847353164270866,0.10611987619111722,mlp,-0.05353823266603308
T01,0,BG15,23,0.618124783039093,0.6571428571428571,16,0.08492955452692467,0.09766092506882659,linear,0.30871201745971133
T01,0,BG15,23,0.618124783039093,0.6571428571428571,16,0.08492955452692467,0.09766092506882659,mlp,0.0917331892020673
T01,0,BG3,12,0.9606394171714783,0.34285714285714286,16,0.030264147112566354,0.03387038406649239,linear,0.21552353788816267
T01,0,BG3,12,0.9606394171714783,0.34285714285714286,16,0.030264147112566354,0.03387038406649239,mlp,0.03910090929929427
T01,0,BG1,8,0.9814466834068298,0.22857142857142856,16,0.02322335571541491,0.02603807827686528,linear,0.24979540616523943
T01,0,BG1,8,0.9814466834068298,0.22857142857142856,16,0.02322335571541491,0.02603807827686528,mlp,-0.04206205109430583
T01,0,BG6,35,0.009900989942252636,1.0,16,0.17787344655833193,0.1267745755978258,linear,0.07087871521895779
T01,0,BG6,35,0.009900989942252636,1.0,16,0.17787344655833193,0.1267745755978258,mlp,-0.2391986305740879
T01,0,BG1,27,0.30132922530174255,0.7714285714285715,16,0.0655274892247178,0.07419228284511245,linear,0.3257513354436624
T01,0,BG1,27,0.30132922530174255,0.7714285714285715,16,0.0655274892247178,0.07419228284511245,mlp,0.09691887410015275
T01,0,BG5,16,0.9109315872192383,0.45714285714285713,16,0.164457353442186,0.18665096047063084,linear,0.06036815678108083
T01,0,BG5,16,0.9109315872192383,0.45714285714285713,16,0.164457353442186,0.18665096047063084,mlp,0.0494178234083211
T01,0,BG12,0,0.9950248599052429,0.0,16,0.06533720452463633,0.07324161486374707,linear,0.2588456596398277
T01,0,BG12,0,0.9950248599052429,0.0,16,0.06533720452463633,0.07324161486374707,mlp,0.006409034391632267
T01,0,BG7,0,0.9950248599052429,0.0,16,0.13472186848889978,0.15177490726019074,linear,0.10803626334480074
T01,0,BG7,0,0.9950248599052429,0.0,16,0.13472186848889978,0.15177490726019074,mlp,-0.08779279882745701
T01,0,BG6,4,0.9906675815582275,0.11428571428571428,16,0.1201651190752746,0.1352787975792374,linear,0.17201103940559118
T01,0,BG6,4,0.9906675815582275,0.11428571428571428,16,0.1201651190752746,0.1352787975792374,mlp,-0.24206071262051312
T01,0,BG8,23,0.618124783039093,0.6571428571428571,16,0.07175625544794374,0.08220848816541837,linear,0.3044665607115822
T01,0,BG8,23,0.618124783039093,0.6571428571428571,16,0.07175625544794374,0.08220848816541837,mlp,0.10191520206126453
T01,0,BG7,16,0.9109315872192383,0.45714285714285713,16,0.19210337986221948,0.21841979666634107,linear,-0.2706873819602746
T01,0,BG7,16,0.9109315872192383,0.45714285714285713,16,0.19210337986221948,0.21841979666634107,mlp,-0.43649487395500564
T01,0,BG5,4,0.9906675815582275,0.11428571428571428,16,0.11374625714983289,0.1278241971973657,linear,0.1125864900421035
T01,0,BG5,4,0.9906675815582275,0.11428571428571428,16,0.11374625714983289,0.1278241971973657,mlp,-0.05494971741174207
T01,0,BG15,16,0.9109315872192383,0.45714285714285713,16,0.061107909666285466,0.06898104284827519,linear,0.12464614558656584
T01,0,BG15,16,0.9109315872192383,0.45714285714285713,16,0.061107909666285466,0.06898104284827519,mlp,-0.031014949282473506
T01,0,BG11,0,0.9950248599052429,0.0,16,0.08239598962715551,0.09251788350437176,linear,0.2652499037033199
T01,0,BG11,0,0.9950248599052429,0.0,16,0.08239598962715551,0.09251788350437176,mlp,-0.010165105668504992
T01,0,BG4,8,0.9814466834068298,0.22857142857142856,16,0.02647950642801699,0.0297232194386162,linear,0.23545641545325516
T01,0,BG4,8,0.9814466834068298,0.22857142857142856,16,0.02647950642801699,0.0297232194386162,mlp,-0.03597427056346894
T01,0,BG5,35,0.009900989942252636,1.0,16,0.16238812483684692,0.11598575941925246,linear,0.1815264632215782
T01,0,BG5,35,0.009900989942252636,1.0,16,0.16238812483684692,0.11598575941925246,mlp,-0.01881985986990709
T01,0,BG1,16,0.9109315872192383,0.45714285714285713,16,0.03201932556809309,0.036101326367288106,linear,0.0670272859270311
T01,0,BG1,16,0.9109315872192383,0.45714285714285713,16,0.03201932556809309,0.036101326367288106,mlp,-0.08484694881488881
T01,0,BG11,27,0.30132922530174255,0.7714285714285715,16,0.08813300470216998,0.09975071246743364,linear,0.29541439450907736
T01,0,BG11,27,0.30132922530174255,0.7714285714285715,16,0.08813300470216998,0.09975071246743364,mlp,0.061087100145508215
T01,0,BG11,23,0.618124783039093,0.6571428571428571,16,0.12210659971855121,0.14056831000356323,linear,0.26942528025897794
T01,0,BG11,23,0.618124783039093,0.6571428571428571,16,0.12210659971855121,0.14056831000356323,mlp,0.03880108011076232
T01,0,BG6,12,0.9606394171714783,0.34285714285714286,16,0.13909660605037133,0.1561129307620488,linear,0.19599641674678833
T01,0,BG6,12,0.9606394171714783,0.34285714285714286,16,0.13909660605037133,0.1561129307620488,mlp,-0.09433016259154381
T01,0,BG4,0,0.9950248599052429,0.0,16,0.02674058035014885,0.029963034083768766,linear,0.24059342905714948
T01,0,BG4,0,0.9950248599052429,0.0,16,0.02674058035014885,0.029963034083768766,mlp,0.008811880856613082
T01,0,BG15,35,0.009900989942252636,1.0,16,0.11069656217590393,0.07927578316844139,linear,0.24684955789627666
T01,0,BG15,35,0.009900989942252636,1.0,16,0.11069656217590393,0.07927578316844139,mlp,0.06873876978181781
T01,0,BG14,0,0.9950248599052429,0.0,16,0.06528234583200428,0.07316494616545344,linear,0.25565334324587635
T01,0,BG14,0,0.9950248599052429,0.0,16,0.06528234583200428,0.07316494616545344,mlp,0.05172280190245233
T01,0,BG8,4,0.9906675815582275,0.11428571428571428,16,0.15714884322989642,0.17652865765806902,linear,0.22678690836534354
T01,0,BG8,4,0.9906675815582275,0.11428571428571428,16,0.15714884322989642,0.17652865765806902,mlp,0.13605831675381766
T01,0,BG4,23,0.618124783039093,0.6571428571428571,16,0.05144062872314986,0.059172960074179055,linear,0.31178794542805016
T01,0,BG4,23,0.618124783039093,0.6571428571428571,16,0.05144062872314986,0.059172960074179055,mlp,0.059061656675708334
T01,0,BG3,4,0.9906675815582275,0.11428571428571428,16,0.028917941134713784,0.03240597037173415,linear,0.23249121228469666
T01,0,BG3,4,0.9906675815582275,0.11428571428571428,16,0.028917941134713784,0.03240597037173415,mlp,-0.01649383858276323
T01,0,BG5,0,0.9950248599052429,0.0,16,0.11336818054873307,0.1273941549780501,linear,0.11935015989074824
T01,0,BG5,0,0.9950248599052429,0.0,16,0.11336818054873307,0.1273941549780501,mlp,-0.04425370033147367
T01,0,BG10,4,0.9906675815582275,0.11428571428571428,16,0.17834136361894398,0.20047373151962433,linear,0.2807462196333501
T01,0,BG10,4,0.9906675815582275,0.11428571428571428,16,0.17834136361894398,0.20047373151962433,mlp,0.14158362362765453
T01,0,BG3,27,0.30132922530174255,0.7714285714285715,16,0.0720433701684833,0.08161770427176979,linear,0.29344842109759806
T01,0,BG3,27,0.30132922530174255,0.7714285714285715,16,0.0720433701684833,0.08161770427176979,mlp,0.1137474200332535
T01,0,BG10,0,0.9950248599052429,0.0,16,0.17794395847500316,0.20001839507215868,linear,0.29017074971705714
T01,0,BG10,0,0.9950248599052429,0.0,16,0.17794395847500316,0.20001839507215868,mlp,0.1523261613285005
T01,0,BG4,19,0.831115186214447,0.5428571428571428,16,0.04225149577354406,0.04839854669749527,linear,0.25349292554622677
T01,0,BG4,19,0.831115186214447,0.5428571428571428,16,0.04225149577354406,0.04839854669749527,mlp,0.26595223476718965
T01,0,BG12,23,0.618124783039093,0.6571428571428571,16,0.08411641931060479,0.09653263638651415,linear,0.3046622928840662
T01,0,BG12,23,0.618124783039093,0.6571428571428571,16,0.08411641931060479,0.09653263638651415,mlp,0.028127308816367397
T01,0,BG1,0,0.9950248599052429,0.0,16,0.023488202981149498,0.026291123056910316,linear,0.2606876787771371
T01,0,BG1,0,0.9950248599052429,0.0,16,0.023488202981149498,0.026291123056910316,mlp,0.002010386600557723
T01,0,BG9,35,0.009900989942252636,1.0,16,0.14889901177666517,0.10649501941211317,linear,0.11055017255742719
T01,0,BG9,35,0.009900989942252636,1.0,16,0.14889901177666517,0.10649501941211317,mlp,-0.11060086678954034
T01,0,BG15,0,0.9950248599052429,0.0,16,0.04595712648286226,0.051498508812347965,linear,0.2406990799110114
T01,0,BG15,0,0.9950248599052429,0.0,16,0.04595712648286226,0.051498508812347965,mlp,0.02974789010354562
T02,0,BG11,12,0.9606394171714783,0.34285714285714286,16,0.08282811527905443,0.09283505013214724,linear,0.3690946856636943
T02,0,BG11,12,0.9606394171714783,0.34285714285714286,16,0.08282811527905443,0.09283505013214724,mlp,0.42101180071047806
T02,0,BG2,8,0.9814466834068298,0.22857142857142856,16,0.023753348867890604,0.026534959051070693,linear,0.3885171536307859
T02,0,BG2,8,0.9814466834068298,0.22857142857142856,16,0.023753348867890604,0.026534959051070693,mlp,0.4492429321097326
T02,0,BG4,16,0.9109315872192383,0.45714285714285713,16,0.03128382698053089,0.03468130572023074,linear,0.31598013917222834
T02,0,BG4,16,0.9109315872192383,0.45714285714285713,16,0.03128382698053089,0.03468130572023074,mlp,0.2414299775513565
T02,0,BG8,12,0.9606394171714783,0.34285714285714286,16,0.19242077337411154,0.21604098751722223,linear,0.2618608806169821
T02,0,BG8,12,0.9606394171714783,0.34285714285714286,16,0.19242077337411154,0.21604098751722223,mlp,0.3515412979728084
T02,0,BG13,0,0.9950248599052429,0.0,16,0.062104233647639596,0.06940532405549446,linear,0.41198134388407653
T02,0,BG13,0,0.9950248599052429,0.0,16,0.062104233647639596,0.06940532405549446,mlp,0.45756908878628605
T02,0,BG13,19,0.831115186214447,0.5428571428571428,16,0.09170192102846064,0.1021449606096983,linear,0.4150380229827528
T02,0,BG13,19,0.831115186214447,0.5428571428571428,16,0.09170192102846064,0.1021449606096983,mlp,0.3681220813118272
T02,0,BG9,4,0.9906675815582275,0.11428571428571428,16,0.0766683163600323,0.08577391218129862,linear,0.3906587521027035
T02,0,BG9,4,0.9906675815582275,0.11428571428571428,16,0.0766683163600323,0.08577391218129862,mlp,0.4330260018327432
T02,0,BG14,27,0.30132922530174255,0.7714285714285715,16,0.06803859325845835,0.07527882036336275,linear,0.44404496247303876
T02,0,BG14,27,0.30132922530174255,0.7714285714285715,16,0.06803859325845835,0.07527882036336275,mlp,0.3070244359743122
T02,0,BG7,35,0.009900989942252636,1.0,16,0.17310862993792708,0.11483929219363638,linear,-0.17424709609436614
T02,0,BG7,35,0.009900989942252636,1.0,16,0.17310862993792708,0.11483929219363638,mlp,0.008610929489364375
T02,0,BG14,31,0.07776966691017151,0.8857142857142857,16,0.10065182565933527,0.0937591813041388,linear,0.41812377962982183
T02,0,BG14,31,0.07776966691017151,0.8857142857142857,16,0.10065182565933527,0.0937591813041388,mlp,0.35697590325185435
T02,0,BG13,31,0.07776966691017151,0.8857142857142857,16,0.12499585264776601,0.11625255037402835,linear,0.42098594063918643
T02,0,BG13,31,0.07776966691017151,0.8857142857142857,16,0.12499585264776601,0.11625255037402835,mlp,0.3330738869839359
T02,0,BG12,8,0.9814466834068298,0.22857142857142856,16,0.06662643678199681,0.07454796415646257,linear,0.4054479614252616
T02,0,BG12,8,0.9814466834068298,0.22857142857142856,16,0.06662643678199681,0.07454796415646257,mlp,0.45871173510444574
T02,0,BG7,27,0.30132922530174255,0.7714285714285715,16,0.10018755436839627,0.1110353840780973,linear,0.4552541765898875
T02,0,BG7,27,0.30132922530174255,0.7714285714285715,16,0.10018755436839627,0.1110353840780973,mlp,0.27165150237561136
T02,0,BG9,31,0.07776966691017151,0.8857142857142857,16,0.1149068239867931,0.10696526485142302,linear,0.40568509118682505
T02,0,BG9,31,0.07776966691017151,0.8857142857142857,16,0.1149068239867931,0.10696526485142302,mlp,0.3255529117324797
T02,0,BG14,16,0.9109315872192383,0.45714285714285713,16,0.07492835180354362,0.08335848334071709,linear,0.3347878510209307
T02,0,BG14,16,0.9109315872192383,0.45714285714285713,16,0.07492835180354362,0.08335848334071709,mlp,0.26358151146667946
T02,0,BG11,35,0.009900989942252636,1.0,16,0.12718335107876672,0.08430912578441371,linear,0.2722363920400267
T02,0,BG11,35,0.009900989942252636,1.0,16,0.12718335107876672,0.08430912578441371,mlp,0.28686182637891167
T02,0,BG8,16,0.9109315872192383,0.45714285714285713,16,0.1944545412400591,0.21689830171014868,linear,0.27146170914535717
T02,0,BG8,16,0.9109315872192383,0.45714285714285713,16,0.1944545412400591,0.21689830171014868,mlp,0.3449464828155843
T02,0,BG10,23,0.618124783039093,0.6571428571428571,16,0.12617424672277103,0.14115051022931965,linear,0.398492701451638
T02,0,BG10,23,0.618124783039093,0.6571428571428571,16,0.12617424672277103,0.14115051022931965,mlp,0.261478907944446
T02,0,BG13,4,0.9906675815582275,0.11428571428571428,16,0.0625074913473386,0.06984610925654246,linear,0.4113472281362368
T02,0,BG13,4,0.9906675815582275,0.11428571428571428,16,0.0625074913473386,0.06984610925654246,mlp,0.45646739272628317
T02,0,BG4,27,0.30132922530174255,0.7714285714285715,16,0.059281571170674355,0.06567727670485156,linear,0.45876121929496677
T02,0,BG4,27,0.30132922530174255,0.7714285714285715,16,0.059281571170674355,0.06567727670485156,mlp,0.3127650652347845
T02,0,BG2,23,0.618124783039093,0.6571428571428571,16,0.03797591322215908,0.04244989165475823,linear,0.4813555264346629
T02,0,BG2,23,0.618124783039093,0.6571428571428571,16,0.03797591322215908,0.04244989165475823,mlp,0.35387367665190317
T02,0,BG7,23,0.618124783039093,0.6571428571428571,16,0.10983665562699566,0.12330766397439277,linear,0.4811363677336408
T02,0,BG7,23,0.618124783039093,0.6571428571428571,16,0.10983665562699566,0.12330766397439277,mlp,0.3413587157730647
T02,0,BG8,35,0.009900989942252636,1.0,16,0.14271388968582815,0.09458770016481538,linear,0.1645101620425981
T02,0,BG8,35,0.009900989942252636,1.0,16,0.14271388968582815,0.09458770016481538,mlp,0.24651486569180978
T02,0,BG1,4,0.9906675815582275,0.11428571428571428,16,0.022428682172355753,0.025025859081049873,linear,0.3946781781879241
T02,0,BG1,4,0.9906675815582275,0.11428571428571428,16,0.022428682172355753,0.025025859081049873,mlp,0.44579160335641566
T02,0,BG12,35,0.009900989942252636,1.0,16,0.137135760033264,0.09092119569545927,linear,0.3066251993984411
T02,0,BG12,35,0.009900989942252636,1.0,16,0.137135760033264,0.09092119569545927,mlp,0.3223589907664836
T02,0,BG3,19,0.831115186214447,0.5428571428571428,16,0.039474659444835046,0.0439510376614996,linear,0.4112786014940769
T02,0,BG3,19,0.831115186214447,0.5428571428571428,16,0.039474659444835046,0.0439510376614996,mlp,0.3621448907213887
T02,0,BG14,35,0.009900989942252636,1.0,16,0.10590672271505272,0.07028855946287726,linear,0.2796845050009864
T02,0,BG14,35,0.009900989942252636,1.0,16,0.10590672271505272,0.07028855946287726,mlp,0.30228696440619335
T02,0,BG12,27,0.30132922530174255,0.7714285714285715,16,0.07430752511831262,0.08223425649285959,linear,0.4623901356534317
T02,0,BG12,27,0.30132922530174255,0.7714285714285715,16,0.07430752511831262,0.08223425649285959,mlp,0.32829757840917445
T02,0,BG10,35,0.009900989942252636,1.0,16,0.1341500941026541,0.08875055615016011,linear,0.26398906945668466
T02,0,BG10,35,0.009900989942252636,1.0,16,0.1341500941026541,0.08875055615016011,mlp,0.2761890601270398
T02,0,BG14,4,0.9906675815582275,0.11428571428571428,16,0.07198000802140049,0.08058250628290456,linear,0.39980709132480513
T02,0,BG14,4,0.9906675815582275,0.11428571428571428,16,0.07198000802140049,0.08058250628290456,mlp,0.4328412191777397
T02,0,BG11,31,0.07776966691017151,0.8857142857142857,16,0.11803238423006099,0.10989180509043261,linear,0.42388170916631396
T02,0,BG11,31,0.07776966691017151,0.8857142857142857,16,0.11803238423006099,0.10989180509043261,mlp,0.3412766147804283
T02,0,BG1,12,0.9606394171714783,0.34285714285714286,16,0.023013975693949584,0.025674648601049295,linear,0.3722613206349775
T02,0,BG1,12,0.9606394171714783,0.34285714285714286,16,0.023013975693949584,0.025674648601049295,mlp,0.43523660539337267
T02,0,BG9,23,0.618124783039093,0.6571428571428571,16,0.05921281662847329,0.06608259641398585,linear,0.4397722701489196
T02,0,BG9,23,0.618124783039093,0.6571428571428571,16,0.05921281662847329,0.06608259641398585,mlp,0.2989487012020045
T02,0,BG3,35,0.009900989942252636,1.0,16,0.0816384765083566,0.054305493428382756,linear,0.32262406128596693
T02,0,BG3,35,0.009900989942252636,1.0,16,0.0816384765083566,0.054305493428382756,mlp,0.28107282913098286
T02,0,BG4,31,0.07776966691017151,0.8857142857142857,16,0.0794820231907227,0.07422779461823786,linear,0.4182257616942817
T02,0,BG4,31,0.07776966691017151,0.8857142857142857,16,0.0794820231907227,0.07422779461823786,mlp,0.33376820871488666
T02,0,BG9,8,0.9814466834068298,0.22857142857142856,16,0.07700977025415798,0.08628714631672471,linear,0.3809532748201082
T02,0,BG9,8,0.9814466834068298,0.22857142857142856,16,0.07700977025415798,0.08628714631672471,mlp,0.43965069418616376
T02,0,BG6,27,0.30132922530174255,0.7714285714285715,16,0.10525858659597635,0.11651636904773857,linear,0.4666201678347518
T02,0,BG6,27,0.30132922530174255,0.7714285714285715,16,0.10525858659597635,0.11651636904773857,mlp,0.2567948950413374
T02,0,BG3,0,0.9950248599052429,0.0,16,0.02815056742564167,0.031458529573843715,linear,0.4008324414729596
T02,0,BG3,0,0.9950248599052429,0.0,16,0.02815056742564167,0.031458529573843715,mlp,0.4431728387055311
T02,0,BG9,12,0.9606394171714783,0.34285714285714286,16,0.07665204699995475,0.08574939029242262,linear,0.35821302090243173
T02,0,BG9,12,0.9606394171714783,0.34285714285714286,16,0.07665204699995475,0.08574939029242262,mlp,0.416676670837562
T02,0,BG2,35,0.009900989942252636,1.0,16,0.08675889037200156,0.05764369441442633,linear,0.28125966642358985
T02,0,BG2,35,0.009900989942252636,1.0,16,0.08675889037200156,0.05764369441442633,mlp,0.2570168396737393
T02,0,BG8,31,0.07776966691017151,0.8857142857142857,16,0.13101935611336474,0.12152426131665939,linear,0.3222603969979627
T02,0,BG8,31,0.07776966691017151,0.8857142857142857,16,0.13101935611336474,0.12152426131665939,mlp,0.22905367897673182
T02,0,BG2,31,0.07776966691017151,0.8857142857142857,16,0.08282858061391055,0.07706055521600275,linear,0.4117680667551793
T02,0,BG2,31,0.07776966691017151,0.8857142857142857,16,0.08282858061391055,0.07706055521600275,mlp,0.2916110219179431
T02,0,BG14,12,0.9606394171714783,0.34285714285714286,16,0.07389132606107052,0.08280721831594234,linear,0.3654459828435824
T02,0,BG14,12,0.9606394171714783,0.34285714285714286,16,0.07389132606107052,0.08280721831594234,mlp,0.4188641889506512
T02,0,BG11,8,0.9814466834068298,0.22857142857142856,16,0.08195728827691179,0.09197459592918004,linear,0.38220644617968147
T02,0,BG11,8,0.9814466834068298,0.22857142857142856,16,0.08195728827691179,0.09197459592918004,mlp,0.4343147116922124
T02,0,BG13,8,0.9814466834068298,0.22857142857142856,16,0.06338866217623038,0.07092649450955933,linear,0.40021553098636276
T02,0,BG13,8,0.9814466834068298,0.22857142857142856,16,0.06338866217623038,0.07092649450955933,mlp,0.45900834330692275
T02,0,BG1,23,0.618124783039093,0.6571428571428571,16,0.03713012240523231,0.04150190296458371,linear,0.47292555239589634
T02,0,BG1,23,0.618124783039093,0.6571428571428571,16,0.03713012240523231,0.04150190296458371,mlp,0.35533817304267606
T02,0,BG9,0,0.9950248599052429,0.0,16,0.07638193655615302,0.08544969811881731,linear,0.392457851986406
T02,0,BG9,0,0.9950248599052429,0.0,16,0.07638193655615302,0.08544969811881731,mlp,0.43214722930433913
T02,0,BG6,0,0.9950248599052429,0.0,16,0.12034339163459604,0.13514265833166886,linear,0.36447941159038894
T02,0,BG6,0,0.9950248599052429,0.0,16,0.12034339163459604,0.13514265833166886,mlp,0.41262207111122357
T02,0,BG9,27,0.30132922530174255,0.7714285714285715,16,0.0730678799791313,0.08086580346402866,linear,0.45498151698680916
T02,0,BG9,27,0.30132922530174255,0.7714285714285715,16,0.0730678799791313,0.08086580346402866,mlp,0.3538494631992025
T02,0,BG3,8,0.9814466834068298,0.22857142857142856,16,0.028270493674940212,0.031636771105035426,linear,0.39104966309802214
T02,0,BG3,8,0.9814466834068298,0.22857142857142856,16,0.028270493674940212,0.031636771105035426,mlp,0.44799745055265383
T02,0,BG14,19,0.831115186214447,0.5428571428571428,16,0.07626795731522257,0.08507582895808015,linear,0.39521690341493426
T02,0,BG14,19,0.831115186214447,0.5428571428571428,16,0.07626795731522257,0.08507582895808015,mlp,0.36926420901155615
T02,0,BG15,19,0.831115186214447,0.5428571428571428,16,0.06050859803899898,0.06735468174654669,linear,0.39778801485528936
T02,0,BG15,19,0.831115186214447,0.5428571428571428,16,0.06050859803899898,0.06735468174654669,mlp,0.34694050794889203
T02,0,BG3,23,0.618124783039093,0.6571428571428571,16,0.04540635240733697,0.05081821862157254,linear,0.46836813517196996
T02,0,BG3,23,0.618124783039093,0.6571428571428571,16,0.04540635240733697,0.05081821862157254,mlp,0.3556501512345782
T02,0,BG8,8,0.9814466834068298,0.22857142857142856,16,0.18948569860465508,0.21290814571918473,linear,0.28714669441651736
T02,0,BG8,8,0.9814466834068298,0.22857142857142856,16,0.18948569860465508,0.21290814571918473,mlp,0.36419032948511465
T02,0,BG14,23,0.618124783039093,0.6571428571428571,16,0.07076081785933966,0.07910528350583665,linear,0.4655583211597268
T02,0,BG14,23,0.618124783039093,0.6571428571428571,16,0.07076081785933966,0.07910528350583665,mlp,0.3469860464880378
T02,0,BG5,8,0.9814466834068298,0.22857142857142856,16,0.11195201968694954,0.12556483609094324,linear,0.36980962051730026
T02,0,BG5,8,0.9814466834068298,0.22857142857142856,16,0.11195201968694954,0.12556483609094324,mlp,0.42098064421649717
T02,0,BG10,16,0.9109315872192383,0.45714285714285713,16,0.19634113126942268,0.21971460637722223,linear,0.30026141169724824
T02,0,BG10,16,0.9109315872192383,0.45714285714285713,16,0.19634113126942268,0.21971460637722223,mlp,0.3087609661074789
T02,0,BG2,12,0.9606394171714783,0.34285714285714286,16,0.02440178035385847,0.02721094552493756,linear,0.37933409164853243
T02,0,BG2,12,0.9606394171714783,0.34285714285714286,16,0.02440178035385847,0.02721094552493756,mlp,0.43465682350996226
T02,0,BG6,31,0.07776966691017151,0.8857142857142857,16,0.15088384935741128,0.13996610788198705,linear,0.392304702907981
T02,0,BG6,31,0.07776966691017151,0.8857142857142857,16,0.15088384935741128,0.13996610788198705,mlp,0.1651142281020809
T02,0,BG5,19,0.831115186214447,0.5428571428571428,16,0.15425389843049364,0.1725446157651263,linear,0.29095229031292247
T02,0,BG5,19,0.831115186214447,0.5428571428571428,16,0.15425389843049364,0.1725446157651263,mlp,0.32123635544271734
T02,0,BG2,19,0.831115186214447,0.5428571428571428,16,0.032710341058794,0.036389184818950766,linear,0.4151755905420142
T02,0,BG2,19,0.831115186214447,0.5428571428571428,16,0.032710341058794,0.036389184818950766,mlp,0.36518484288866027
T02,0,BG10,31,0.07776966691017151,0.8857142857142857,16,0.12478319563272791,0.11592622748143765,linear,0.4182558274797137
T02,0,BG10,31,0.07776966691017151,0.8857142857142857,16,0.12478319563272791,0.11592622748143765,mlp,0.33673915147586836
T02,0,BG7,12,0.9606394171714783,0.34285714285714286,16,0.14189118514926277,0.15934414437180472,linear,0.05831289397002141
T02,0,BG7,12,0.9606394171714783,0.34285714285714286,16,0.14189118514926277,0.15934414437180472,mlp,0.3169878750964832
T02,0,BG12,12,0.9606394171714783,0.34285714285714286,16,0.0689230011013716,0.07698681627761542,linear,0.39910075396097333
T02,0,BG12,12,0.9606394171714783,0.34285714285714286,16,0.0689230011013716,0.07698681627761542,mlp,0.4430206089055847
T02,0,BG11,19,0.831115186214447,0.5428571428571428,16,0.09294153091540552,0.10365741409995077,linear,0.412833994226214
T02,0,BG11,19,0.831115186214447,0.5428571428571428,16,0.09294153091540552,0.10365741409995077,mlp,0.35647082143648945
T02,0,BG11,4,0.9906675815582275,0.11428571428571428,16,0.07980944205985326,0.08941945120972587,linear,0.3944603052979311
T02,0,BG11,4,0.9906675815582275,0.11428571428571428,16,0.07980944205985326,0.08941945120972587,mlp,0.4342937188158284
T02,0,BG13,27,0.30132922530174255,0.7714285714285715,16,0.07594256029530122,0.08406923897936587,linear,0.4676307758790872
T02,0,BG13,27,0.30132922530174255,0.7714285714285715,16,0.07594256029530122,0.08406923897936587,mlp,0.3325296776761174
T02,0,BG2,16,0.9109315872192383,0.45714285714285713,16,0.029092102423834143,0.032181189861042014,linear,0.32059246675130115
T02,0,BG2,16,0.9109315872192383,0.45714285714285713,16,0.029092102423834143,0.032181189861042014,mlp,0.22809489300471583
T02,0,BG2,4,0.9906675815582275,0.11428571428571428,16,0.023638095264024113,0.0263694377641097,linear,0.3983270171432668
T02,0,BG2,4,0.9906675815582275,0.11428571428571428,16,0.023638095264024113,0.0263694377641097,mlp,0.4457657145962236
T02,0,BG1,35,0.009900989942252636,1.0,16,0.07541529318856356,0.05018693042940239,linear,0.31709552615592046
T02,0,BG1,35,0.009900989942252636,1.0,16,0.07541529318856356,0.05018693042940239,mlp,0.28667124257961496
T02,0,BG3,31,0.07776966691017151,0.8857142857142857,16,0.08113378581081583,0.07576252669820523,linear,0.4157247273476891
T02,0,BG3,31,0.07776966691017151,0.8857142857142857,16,0.08113378581081583,0.07576252669820523,mlp,0.3223459795263096
T02,0,BG14,8,0.9814466834068298,0.22857142857142856,16,0.07356731042149715,0.08249937486253617,linear,0.3883716156650007
T02,0,BG14,8,0.9814466834068298,0.22857142857142856,16,0.07356731042149715,0.08249937486253617,mlp,0.44058709307388544
T02,0,BG1,31,0.07776966691017151,0.8857142857142857,16,0.07794573482399822,0.07263748742101245,linear,0.41781555780601615
T02,0,BG1,31,0.07776966691017151,0.8857142857142857,16,0.07794573482399822,0.07263748742101245,mlp,0.3209978660848621
T02,0,BG15,4,0.9906675815582275,0.11428571428571428,16,0.0421064496991663,0.04704469249554051,linear,0.39670115038605036
T02,0,BG15,4,0.9906675815582275,0.11428571428571428,16,0.0421064496991663,0.04704469249554051,mlp,0.43374799999965274
T02,0,BG12,19,0.831115186214447,0.5428571428571428,16,0.09501906786076317,0.10579476002428531,linear,0.41631777553314236
T02,0,BG12,19,0.831115186214447,0.5428571428571428,16,0.09501906786076317,0.10579476002428531,mlp,0.3775543988374555
T02,0,BG9,19,0.831115186214447,0.5428571428571428,16,0.10538455314671068,0.11728716216223914,linear,0.3374503018327791
T02,0,BG9,19,0.831115186214447,0.5428571428571428,16,0.10538455314671068,0.11728716216223914,mlp,0.3379804192627365
T02,0,BG8,19,0.831115186214447,0.5428571428571428,16,0.14163183311572008,0.15780801415512158,linear,0.09826096695839354
T02,0,BG8,19,0.831115186214447,0.5428571428571428,16,0.14163183311572008,0.15780801415512158,mlp,0.12205517011333407
T02,0,BG10,19,0.831115186214447,0.5428571428571428,16,0.1622220886813597,0.18161950126857024,linear,0.3075191809519655
T02,0,BG10,19,0.831115186214447,0.5428571428571428,16,0.1622220886813597,0.18161950126857024,mlp,0.3265253814986262
T02,0,BG6,23,0.618124783039093,0.6571428571428571,16,0.12831643589910718,0.14398638484442455,linear,0.4911946945705376
T02,0,BG6,23,0.618124783039093,0.6571428571428571,16,0.12831643589910718,0.14398638484442455,mlp,0.3333462699249381
T02,0,BG5,23,0.618124783039093,0.6571428571428571,16,0.10250536863719636,0.11454505134530196,linear,0.4620582597879678
T02,0,BG5,23,0.618124783039093,0.6571428571428571,16,0.10250536863719636,0.11454505134530196,mlp,0.33948818099433803
T02,0,BG6,19,0.831115186214447,0.5428571428571428,16,0.14948115079315413,0.16728805143178038,linear,0.35467179753875705
T02,0,BG6,19,0.831115186214447,0.5428571428571428,16,0.14948115079315413,0.16728805143178038,mlp,0.3049984243443821
T02,0,BG10,8,0.9814466834068298,0.22857142857142856,16,0.20509315912523784,0.2304322101075605,linear,0.2829519166461592
T02,0,BG10,8,0.9814466834068298,0.22857142857142856,16,0.20509315912523784,0.2304322101075605,mlp,0.35906643029089325
T02,0,BG7,8,0.9814466834068298,0.22857142857142856,16,0.1384583637039595,0.15573328754083438,linear,0.03347269078080825
T02,0,BG7,8,0.9814466834068298,0.22857142857142856,16,0.1384583637039595,0.15573328754083438,mlp,0.31747085202185055
T02,0,BG13,12,0.9606394171714783,0.34285714285714286,16,0.06524461698876957,0.07288037125531403,linear,0.39373391768040206
T02,0,BG13,12,0.9606394171714783,0.34285714285714286,16,0.06524461698876957,0.07288037125531403,mlp,0.44167086282218015
T02,0,BG13,16,0.9109315872192383,0.45714285714285713,16,0.08106765243262319,0.0897845855225402,linear,0.3321260713594764
T02,0,BG13,16,0.9109315872192383,0.45714285714285713,16,0.08106765243262319,0.0897845855225402,mlp,0.27636139087965056
T02,0,BG15,8,0.9814466834068298,0.22857142857142856,16,0.04245128186943013,0.047500228864202826,linear,0.38479897462789137
T02,0,BG15,8,0.9814466834068298,0.22857142857142856,16,0.04245128186943013,0.047500228864202826,mlp,0.4400836165374086
T02,0,BG12,4,0.9906675815582275,0.11428571428571428,16,0.06569514238840471,0.07340505945912848,linear,0.41363589205048407
T02,0,BG12,4,0.9906675815582275,0.11428571428571428,16,0.06569514238840471,0.07340505945912848,mlp,0.4541077211482657
T02,0,BG2,0,0.9950248599052429,0.0,16,0.02348879460329161,0.026204275728509772,linear,0.4002517085040525
T02,0,BG2,0,0.9950248599052429,0.0,16,0.02348879460329161,0.026204275728509772,mlp,0.4469372966638943
T02,0,BG9,16,0.9109315872192383,0.45714285714285713,16,0.09526821011557582,0.10552149290839496,linear,0.26555507909704845
T02,0,BG9,16,0.9109315872192383,0.45714285714285713,16,0.09526821011557582,0.10552149290839496,mlp,0.3517880532108908
T02,0,BG4,4,0.9906675815582275,0.11428571428571428,16,0.02626460609773886,0.029346105968673188,linear,0.39972851621649774
T02,0,BG4,4,0.9906675815582275,0.11428571428571428,16,0.02626460609773886,0.029346105968673188,mlp,0.44604157156621266
T02,0,BG7,31,0.07776966691017151,0.8857142857142857,16,0.15502360378359575,0.14410410315982713,linear,0.32855737919096983
T02,0,BG7,31,0.07776966691017151,0.8857142857142857,16,0.15502360378359575,0.14410410315982713,mlp,0.09844868692237144
T02,0,BG3,16,0.9109315872192383,0.45714285714285713,16,0.034294536671517384,0.03803194093720606,linear,0.3104438311066998
T02,0,BG3,16,0.9109315872192383,0.45714285714285713,16,0.034294536671517384,0.03803194093720606,mlp,0.2451153144440703
T02,0,BG1,19,0.831115186214447,0.5428571428571428,16,0.03128991612281719,0.03481933820689018,linear,0.41230153954939663
T02,0,BG1,19,0.831115186214447,0.5428571428571428,16,0.03128991612281719,0.03481933820689018,mlp,0.36927347206188565
T02,0,BG10,12,0.9606394171714783,0.34285714285714286,16,0.20654991100493314,0.23198789160549949,linear,0.26490553937970157
T02,0,BG10,12,0.9606394171714783,0.34285714285714286,16,0.20654991100493314,0.23198789160549949,mlp,0.3470994189977255
T02,0,BG2,27,0.30132922530174255,0.7714285714285715,16,0.051877719281087656,0.057391104370642015,linear,0.4656928724751716
T02,0,BG2,27,0.30132922530174255,0.7714285714285715,16,0.051877719281087656,0.057391104370642015,mlp,0.31854885701914964
T02,0,BG12,16,0.9109315872192383,0.45714285714285713,16,0.08549304014102987,0.09462961626833719,linear,0.3426216607706626
T02,0,BG12,16,0.9109315872192383,0.45714285714285713,16,0.08549304014102987,0.09462961626833719,mlp,0.3032406581456497
T02,0,BG15,27,0.30132922530174255,0.7714285714285715,16,0.06541111389050895,0.07241432528685865,linear,0.4550785448815556
T02,0,BG15,27,0.30132922530174255,0.7714285714285715,16,0.06541111389050895,0.07241432528685865,mlp,0.32051533948941746
T02,0,BG15,12,0.9606394171714783,0.34285714285714286,16,0.04319462520224471,0.04826040319765683,linear,0.3664368141556254
T02,0,BG15,12,0.9606394171714783,0.34285714285714286,16,0.04319462520224471,0.04826040319765683,mlp,0.4211737820341779
T02,0,BG11,16,0.9109315872192383,0.45714285714285713,16,0.09802502325126164,0.10880182323757884,linear,0.32864759132499144
T02,0,BG11,16,0.9109315872192383,0.45714285714285713,16,0.09802502325126164,0.10880182323757884,mlp,0.30435477211729867
T02,0,BG13,23,0.618124783039093,0.6571428571428571,16,0.09751002902832853,0.10910364356440416,linear,0.4693530611573073
T02,0,BG13,23,0.618124783039093,0.6571428571428571,16,0.09751002902832853,0.10910364356440416,mlp,0.32670225327676555
T02,0,BG12,31,0.07776966691017151,0.8857142857142857,16,0.12331627720137013,0.11464930612083324,linear,0.41719123164855737
T02,0,BG12,31,0.07776966691017151,0.8857142857142857,16,0.12331627720137013,0.11464930612083324,mlp,0.340789961105184
T02,0,BG7,19,0.831115186214447,0.5428571428571428,16,0.1755091378327919,0.1966225728206069,linear,0.12120251424139239
T02,0,BG7,19,0.831115186214447,0.5428571428571428,16,0.1755091378327919,0.1966225728206069,mlp,0.2252165388689037
T02,0,BG15,31,0.07776966691017151,0.8857142857142857,16,0.09463377639202433,0.0882992708024447,linear,0.41654241760638583
T02,0,BG15,31,0.07776966691017151,0.8857142857142857,16,0.09463377639202433,0.0882992708024447,mlp,0.35986717886959674
T02,0,BG5,12,0.9606394171714783,0.34285714285714286,16,0.11474757102842506,0.128491979670028,linear,0.3554286216696235
T02,0,BG5,12,0.9606394171714783,0.34285714285714286,16,0.11474757102842506,0.128491979670028,mlp,0.3840347079508542
T02,0,BG8,27,0.30132922530174255,0.7714285714285715,16,0.08461212549193414,0.09341501242134348,linear,0.40625601911999054
T02,0,BG8,27,0.30132922530174255,0.7714285714285715,16,0.08461212549193414,0.09341501242134348,mlp,0.27927511933997734
T02,0,BG5,27,0.30132922530174255,0.7714285714285715,16,0.08763821517959092,0.0968431372963967,linear,0.4770125995274709
T02,0,BG5,27,0.30132922530174255,0.7714285714285715,16,0.08763821517959092,0.0968431372963967,mlp,0.359789106403088
T02,0,BG7,4,0.9906675815582275,0.11428571428571428,16,0.1370572485952058,0.15393970697031603,linear,0.0324481876347613
T02,0,BG7,4,0.9906675815582275,0.11428571428571428,16,0.1370572485952058,0.15393970697031603,mlp,0.3197597184752046
T02,0,BG5,31,0.07776966691017151,0.8857142857142857,16,0.13938237642794643,0.1293517118678007,linear,0.41359064800238415
T02,0,BG5,31,0.07776966691017151,0.8857142857142857,16,0.13938237642794643,0.1293517118678007,mlp,0.2990790043492122
T02,0,BG10,27,0.30132922530174255,0.7714285714285715,16,0.09042709913307548,0.10009386561232529,linear,0.4462230569280803
T02,0,BG10,27,0.30132922530174255,0.7714285714285715,16,0.09042709913307548,0.10009386561232529,mlp,0.257842754584036
T02,0,BG6,8,0.9814466834068298,0.22857142857142856,16,0.12251383129685534,0.13780386299307623,linear,0.3555347615837428
T02,0,BG6,8,0.9814466834068298,0.22857142857142856,16,0.12251383129685534,0.13780386299307623,mlp,0.417923615687579
T02,0,BG4,12,0.9606394171714783,0.34285714285714286,16,0.026460788185782166,0.02956126392012002,linear,0.3732192210145431
T02,0,BG4,12,0.9606394171714783,0.34285714285714286,16,0.026460788185782166,0.02956126392012002,mlp,0.43353722054034893
T02,0,BG4,35,0.009900989942252636,1.0,16,0.0783087460732281,0.052086833938501206,linear,0.29289508803835274
T02,0,BG4,35,0.009900989942252636,1.0,16,0.0783087460732281,0.052086833938501206,mlp,0.29963866499738573
T02,0,BG6,16,0.9109315872192383,0.45714285714285713,16,0.14623605534212442,0.16253718338578732,linear,0.2537861948169469
T02,0,BG6,16,0.9109315872192383,0.45714285714285713,16,0.14623605534212442,0.16253718338578732,mlp,0.3301312944713981
T02,0,BG8,0,0.9950248599052429,0.0,16,0.18325081088549194,0.20554292067166594,linear,0.3007173497910473
T02,0,BG8,0,0.9950248599052429,0.0,16,0.18325081088549194,0.20554292067166594,mlp,0.3629830202979383
T02,0,BG13,35,0.009900989942252636,1.0,16,0.13820554661595175,0.09162514589666496,linear,0.29700516009161276
T02,0,BG13,35,0.009900989942252636,1.0,16,0.13820554661595175,0.09162514589666496,mlp,0.28534473155605533
T02,0,BG15,23,0.618124783039093,0.6571428571428571,16,0.06704718792778827,0.07500309491241196,linear,0.46555146743590586
T02,0,BG15,23,0.618124783039093,0.6571428571428571,16,0.06704718792778827,0.07500309491241196,mlp,0.32041038527894855
T02,0,BG3,12,0.9606394171714783,0.34285714285714286,16,0.028649413085092213,0.03200840011261563,linear,0.374007558816898
T02,0,BG3,12,0.9606394171714783,0.34285714285714286,16,0.028649413085092213,0.03200840011261563,mlp,0.4313720353038775
T02,0,BG1,8,0.9814466834068298,0.22857142857142856,16,0.022472679377628625,0.02511219732422565,linear,0.3867312951852701
T02,0,BG1,8,0.9814466834068298,0.22857142857142856,16,0.022472679377628625,0.02511219732422565,mlp,0.45091192355957554
T02,0,BG6,35,0.009900989942252636,1.0,16,0.1620771066076676,0.10729143394901275,linear,0.1478827564470306
T02,0,BG6,35,0.009900989942252636,1.0,16,0.1620771066076676,0.10729143394901275,mlp,0.09051002463993063
T02,0,BG1,27,0.30132922530174255,0.7714285714285715,16,0.05342847835487449,0.05911687784115828,linear,0.4651553872213554
T02,0,BG1,27,0.30132922530174255,0.7714285714285715,16,0.05342847835487449,0.05911687784115828,mlp,0.30979094059565426
T02,0,BG5,16,0.9109315872192383,0.45714285714285713,16,0.13904491350525663,0.15472946311284433,linear,0.2039763691483363
T02,0,BG5,16,0.9109315872192383,0.45714285714285713,16,0.13904491350525663,0.15472946311284433,mlp,0.24824668164991662
T02,0,BG12,0,0.9950248599052429,0.0,16,0.06532773568491984,0.0729968563511263,linear,0.4149838126097997
T02,0,BG12,0,0.9950248599052429,0.0,16,0.06532773568491984,0.0729968563511263,mlp,0.45413558034375634
T02,0,BG7,0,0.9950248599052429,0.0,16,0.1365679178708975,0.15339947280471533,linear,0.031915053050112746
T02,0,BG7,0,0.9950248599052429,0.0,16,0.1365679178708975,0.15339947280471533,mlp,0.3185049129039562
T02,0,BG6,4,0.9906675815582275,0.11428571428571428,16,0.12031305304826866,0.13510182831309148,linear,0.36294373630387444
T02,0,BG6,4,0.9906675815582275,0.11428571428571428,16,0.12031305304826866,0.13510182831309148,mlp,0.4129862992023266
T02,0,BG8,23,0.618124783039093,0.6571428571428571,16,0.08040983009866759,0.08968473719467657,linear,0.39616592403863105
T02,0,BG8,23,0.618124783039093,0.6571428571428571,16,0.08040983009866759,0.08968473719467657,mlp,0.31658059896585733
T02,0,BG7,16,0.9109315872192383,0.45714285714285713,16,0.16950007789834926,0.1888122571010261,linear,-0.2075447919897778
T02,0,BG7,16,0.9109315872192383,0.45714285714285713,16,0.16950007789834926,0.1888122571010261,mlp,-0.44033237405706455
T02,0,BG5,4,0.9906675815582275,0.11428571428571428,16,0.11119186976903095,0.12453550959209353,linear,0.3825751198191628
T02,0,BG5,4,0.9906675815582275,0.11428571428571428,16,0.11119186976903095,0.12453550959209353,mlp,0.41386204633222534
T02,0,BG15,16,0.9109315872192383,0.45714285714285713,16,0.051769535077706604,0.057389831212840414,linear,0.3160899500313042
T02,0,BG15,16,0.9109315872192383,0.45714285714285713,16,0.051769535077706604,0.057389831212840414,mlp,0.24076714938938684
T02,0,BG11,0,0.9950248599052429,0.0,16,0.07883629930584928,0.08832759509952347,linear,0.393357019049632
T02,0,BG11,0,0.9950248599052429,0.0,16,0.07883629930584928,0.08832759509952347,mlp,0.4325031191873639
T02,0,BG4,8,0.9814466834068298,0.22857142857142856,16,0.02634440881657687,0.029475059934808704,linear,0.3868559028458966
T02,0,BG4,8,0.9814466834068298,0.22857142857142856,16,0.02634440881657687,0.029475059934808704,mlp,0.44986764328793033
T02,0,BG5,35,0.009900989942252636,1.0,16,0.14991815612840037,0.09930015812980705,linear,0.05516269345221707
T02,0,BG5,35,0.009900989942252636,1.0,16,0.14991815612840037,0.09930015812980705,mlp,0.21425013259268236
T02,0,BG1,16,0.9109315872192383,0.45714285714285713,16,0.027268178042428495,0.03017813709455208,linear,0.316561182838173
T02,0,BG1,16,0.9109315872192383,0.45714285714285713,16,0.027268178042428495,0.03017813709455208,mlp,0.2506155139607262
T02,0,BG11,27,0.30132922530174255,0.7714285714285715,16,0.08004414134828877,0.08867266750092813,linear,0.46668180973360834
T02,0,BG11,27,0.30132922530174255,0.7714285714285715,16,0.08004414134828877,0.08867266750092813,mlp,0.29098007868203474
T02,0,BG11,23,0.618124783039093,0.6571428571428571,16,0.09180961865946619,0.10281330524360698,linear,0.4911724956017278
T02,0,BG11,23,0.618124783039093,0.6571428571428571,16,0.09180961865946619,0.10281330524360698,mlp,0.3577339574073231
T02,0,BG6,12,0.9606394171714783,0.34285714285714286,16,0.12410360348101984,0.13937635350055216,linear,0.3498197002339845
T02,0,BG6,12,0.9606394171714783,0.34285714285714286,16,0.12410360348101984,0.13937635350055216,mlp,0.4294195076078501
T02,0,BG4,0,0.9950248599052429,0.0,16,0.026289526396453693,0.029375671837888577,linear,0.40003632419719753
T02,0,BG4,0,0.9950248599052429,0.0,16,0.026289526396453693,0.029375671837888577,mlp,0.4454587810513005
T02,0,BG15,35,0.009900989942252636,1.0,16,0.0989123747944089,0.06572141760654662,linear,0.27764674033601283
T02,0,BG15,35,0.009900989942252636,1.0,16,0.0989123747944089,0.06572141760654662,mlp,0.2956027681164614
T02,0,BG14,0,0.9950248599052429,0.0,16,0.07108190860485221,0.07957088729030612,linear,0.40057723640127696
T02,0,BG14,0,0.9950248599052429,0.0,16,0.07108190860485221,0.07957088729030612,mlp,0.4335933744393995
T02,0,BG8,4,0.9906675815582275,0.11428571428571428,16,0.18414581917884093,0.20654501975011771,linear,0.3003699262630888
T02,0,BG8,4,0.9906675815582275,0.11428571428571428,16,0.18414581917884093,0.20654501975011771,mlp,0.36668555532188696
T02,0,BG4,23,0.618124783039093,0.6571428571428571,16,0.04282538137040889,0.04793264590163769,linear,0.47776426676515665
T02,0,BG4,23,0.618124783039093,0.6571428571428571,16,0.04282538137040889,0.04793264590163769,mlp,0.34922605263367057
T02,0,BG3,4,0.9906675815582275,0.11428571428571428,16,0.028183927051721173,0.03149364813951641,linear,0.4006919140751312
T02,0,BG3,4,0.9906675815582275,0.11428571428571428,16,0.028183927051721173,0.03149364813951641,mlp,0.4423017512554238
T02,0,BG5,0,0.9950248599052429,0.0,16,0.11090700166186712,0.124227911066981,linear,0.3856582834264698
T02,0,BG5,0,0.9950248599052429,0.0,16,0.11090700166186712,0.124227911066981,mlp,0.41432050791173114
T02,0,BG10,4,0.9906675815582275,0.11428571428571428,16,0.20179554381620307,0.22633039586715553,linear,0.2891050400065598
T02,0,BG10,4,0.9906675815582275,0.11428571428571428,16,0.20179554381620307,0.22633039586715553,mlp,0.35594085335469344
T02,0,BG3,27,0.30132922530174255,0.7714285714285715,16,0.059984980594998606,0.06644852617621166,linear,0.4372688589550168
T02,0,BG3,27,0.30132922530174255,0.7714285714285715,16,0.059984980594998606,0.06644852617621166,mlp,0.2756271083416531
T02,0,BG10,0,0.9950248599052429,0.0,16,0.20038938262001388,0.22475129949347403,linear,0.29186348089246145
T02,0,BG10,0,0.9950248599052429,0.0,16,0.20038938262001388,0.22475129949347403,mlp,0.3592423652108625
T02,0,BG4,19,0.831115186214447,0.5428571428571428,16,0.037320003238300835,0.04152896529569955,linear,0.4212752910184257
T02,0,BG4,19,0.831115186214447,0.5428571428571428,16,0.037320003238300835,0.04152896529569955,mlp,0.3683049468881809
T02,0,BG12,23,0.618124783039093,0.6571428571428571,16,0.07933634838979556,0.08871926675013195,linear,0.47232202178169336
T02,0,BG12,23,0.618124783039093,0.6571428571428571,16,0.07933634838979556,0.08871926675013195,mlp,0.3588321533526265
T02,0,BG1,0,0.9950248599052429,0.0,16,0.022426793375257527,0.025025558611644395,linear,0.39705076887106566
T02,0,BG1,0,0.9950248599052429,0.0,16,0.022426793375257527,0.025025558611644395,mlp,0.4467354733620582
T02,0,BG9,35,0.009900989942252636,1.0,16,0.12538343772593552,0.08314101089579076,linear,0.21170431202732162
T02,0,BG9,35,0.009900989942252636,1.0,16,0.12538343772593552,0.08314101089579076,mlp,0.23496417938714786
T02,0,BG15,0,0.9950248599052429,0.0,16,0.041952559638902404,0.046871981796757084,linear,0.3975205188040707
T02,0,BG15,0,0.9950248599052429,0.0,16,0.041952559638902404,0.046871981796757084,mlp,0.43477945919554134
T03,0,BG11,12,0.9606394171714783,0.34285714285714286,16,0.13921362677716628,0.1581085337034286,linear,0.57159082832941
T03,0,BG11,12,0.9606394171714783,0.34285714285714286,16,0.13921362677716628,0.1581085337034286,mlp,0.5514803036947117
T03,0,BG2,8,0.9814466834068298,0.22857142857142856,16,0.030118664684588656,0.034151367842449945,linear,0.5829489634926639
T03,0,BG2,8,0.9814466834068298,0.22857142857142856,16,0.030118664684588656,0.034151367842449945,mlp,0.5968000376421925
T03,0,BG4,16,0.9109315872192383,0.45714285714285713,16,0.037804677228044405,0.04277164295683385,linear,0.6051115179005628
T03,0,BG4,16,0.9109315872192383,0.45714285714285713,16,0.037804677228044405,0.04277164295683385,mlp,0.6002091580372436
T03,0,BG8,12,0.9606394171714783,0.34285714285714286,16,0.27209472571898025,0.3092313577792657,linear,0.2093483926432902
T03,0,BG8,12,0.9606394171714783,0.34285714285714286,16,0.27209472571898025,0.3092313577792657,mlp,0.3404917767933549
T03,0,BG13,0,0.9950248599052429,0.0,16,0.07401269051179703,0.08395026900681103,linear,0.5661442279563601
T03,0,BG13,0,0.9950248599052429,0.0,16,0.07401269051179703,0.08395026900681103,mlp,0.5731146189128129
T03,0,BG13,19,0.831115186214447,0.5428571428571428,16,0.10519392416750305,0.11987038297025202,linear,0.5792596682068261
T03,0,BG13,19,0.831115186214447,0.5428571428571428,16,0.10519392416750305,0.11987038297025202,mlp,0.6241567999395913
T03,0,BG9,4,0.9906675815582275,0.11428571428571428,16,0.1244518558651869,0.14112079394692512,linear,0.5656415424345742
T03,0,BG9,4,0.9906675815582275,0.11428571428571428,16,0.1244518558651869,0.14112079394692512,mlp,0.5458796160391356
T03,0,BG14,27,0.30132922530174255,0.7714285714285715,16,0.10117868135560473,0.11362240502988988,linear,0.4562885781351687
T03,0,BG14,27,0.30132922530174255,0.7714285714285715,16,0.10117868135560473,0.11362240502988988,mlp,0.5526345463857877
T03,0,BG7,35,0.009900989942252636,1.0,16,0.1963905731714425,0.13397472553243173,linear,0.457859265314821
T03,0,BG7,35,0.009900989942252636,1.0,16,0.1963905731714425,0.13397472553243173,mlp,0.5154189855909244
T03,0,BG14,31,0.07776966691017151,0.8857142857142857,16,0.13715569756941481,0.13117382164115998,linear,0.5904886386334246
T03,0,BG14,31,0.07776966691017151,0.8857142857142857,16,0.13715569756941481,0.13117382164115998,mlp,0.561667776074408
T03,0,BG13,31,0.07776966691017151,0.8857142857142857,16,0.16312765740225874,0.15593080135420542,linear,0.6245155882619542
T03,0,BG13,31,0.07776966691017151,0.8857142857142857,16,0.16312765740225874,0.15593080135420542,mlp,0.6372615252741534
T03,0,BG12,8,0.9814466834068298,0.22857142857142856,16,0.09130987121380697,0.1037511673697467,linear,0.5577333193688155
T03,0,BG12,8,0.9814466834068298,0.22857142857142856,16,0.09130987121380697,0.1037511673697467,mlp,0.5693006949817643
T03,0,BG7,27,0.30132922530174255,0.7714285714285715,16,0.12405012652072633,0.13950835856535515,linear,0.38006846684228646
T03,0,BG7,27,0.30132922530174255,0.7714285714285715,16,0.12405012652072633,0.13950835856535515,mlp,0.5843924135786295
T03,0,BG9,31,0.07776966691017151,0.8857142857142857,16,0.13894256582979836,0.13287753625116822,linear,0.5957934013051918
T03,0,BG9,31,0.07776966691017151,0.8857142857142857,16,0.13894256582979836,0.13287753625116822,mlp,0.5959082474177996
T03,0,BG14,16,0.9109315872192383,0.45714285714285713,16,0.11057937352457367,0.1251324799583669,linear,0.5653172719629136
T03,0,BG14,16,0.9109315872192383,0.45714285714285713,16,0.11057937352457367,0.1251324799583669,mlp,0.5487742105594036
T03,0,BG11,35,0.009900989942252636,1.0,16,0.15917669833903958,0.10920516099368278,linear,0.6472904397604146
T03,0,BG11,35,0.009900989942252636,1.0,16,0.15917669833903958,0.10920516099368278,mlp,0.6477463997294287
T03,0,BG8,16,0.9109315872192383,0.45714285714285713,16,0.2411905982120559,0.27344295634336235,linear,0.3570862307418953
T03,0,BG8,16,0.9109315872192383,0.45714285714285713,16,0.2411905982120559,0.27344295634336235,mlp,0.375744366705685
T03,0,BG10,23,0.618124783039093,0.6571428571428571,16,0.14037138422195697,0.16038626877806256,linear,0.5654656884827733
T03,0,BG10,23,0.618124783039093,0.6571428571428571,16,0.14037138422195697,0.16038626877806256,mlp,0.5887162594672032
T03,0,BG13,4,0.9906675815582275,0.11428571428571428,16,0.07437222318843928,0.08436301558033801,linear,0.5665926245878236
T03,0,BG13,4,0.9906675815582275,0.11428571428571428,16,0.07437222318843928,0.08436301558033801,mlp,0.5738261211329934
T03,0,BG4,27,0.30132922530174255,0.7714285714285715,16,0.06954005409830517,0.07816275988049297,linear,0.5283211400778147
T03,0,BG4,27,0.30132922530174255,0.7714285714285715,16,0.06954005409830517,0.07816275988049297,mlp,0.616597947785842
T03,0,BG2,23,0.618124783039093,0.6571428571428571,16,0.04515075644348319,0.05151680574463263,linear,0.5483127274204432
T03,0,BG2,23,0.618124783039093,0.6571428571428571,16,0.04515075644348319,0.05151680574463263,mlp,0.5869850071312452
T03,0,BG7,23,0.618124783039093,0.6571428571428571,16,0.14054185652177975,0.16124295808806838,linear,0.5463744069216804
T03,0,BG7,23,0.618124783039093,0.6571428571428571,16,0.14054185652177975,0.16124295808806838,mlp,0.5312242572487527
T03,0,BG8,35,0.009900989942252636,1.0,16,0.17174643513540133,0.11735008753174299,linear,0.6328925373469927
T03,0,BG8,35,0.009900989942252636,1.0,16,0.17174643513540133,0.11735008753174299,mlp,0.6308324297254904
T03,0,BG1,4,0.9906675815582275,0.11428571428571428,16,0.03870477133914317,0.043838625786854914,linear,0.581005273939515
T03,0,BG1,4,0.9906675815582275,0.11428571428571428,16,0.03870477133914317,0.043838625786854914,mlp,0.5841140137445243
T03,0,BG12,35,0.009900989942252636,1.0,16,0.1638758243262151,0.1122355039446745,linear,0.6628454081447399
T03,0,BG12,35,0.009900989942252636,1.0,16,0.1638758243262151,0.1122355039446745,mlp,0.6448029657580644
T03,0,BG3,19,0.831115186214447,0.5428571428571428,16,0.0439605395802118,0.050001453385073266,linear,0.589698900784842
T03,0,BG3,19,0.831115186214447,0.5428571428571428,16,0.0439605395802118,0.050001453385073266,mlp,0.6320045421293532
T03,0,BG14,35,0.009900989942252636,1.0,16,0.13102752781721233,0.08998984889531021,linear,0.640791218621158
T03,0,BG14,35,0.009900989942252636,1.0,16,0.13102752781721233,0.08998984889531021,mlp,0.6069305561686785
T03,0,BG12,27,0.30132922530174255,0.7714285714285715,16,0.10704109181884705,0.12029750385890955,linear,0.5271989359651462
T03,0,BG12,27,0.30132922530174255,0.7714285714285715,16,0.10704109181884705,0.12029750385890955,mlp,0.5992881194666434
T03,0,BG10,35,0.009900989942252636,1.0,16,0.165357865644957,0.113229177828361,linear,0.6316587584373531
T03,0,BG10,35,0.009900989942252636,1.0,16,0.165357865644957,0.113229177828361,mlp,0.630304338811382
T03,0,BG14,4,0.9906675815582275,0.11428571428571428,16,0.1336662062053741,0.15144028948120836,linear,0.5484018042370139
T03,0,BG14,4,0.9906675815582275,0.11428571428571428,16,0.1336662062053741,0.15144028948120836,mlp,0.5276087712746819
T03,0,BG11,31,0.07776966691017151,0.8857142857142857,16,0.1593069337703164,0.15265028431261662,linear,0.6200407267548489
T03,0,BG11,31,0.07776966691017151,0.8857142857142857,16,0.1593069337703164,0.15265028431261662,mlp,0.6120624500521661
T03,0,BG1,12,0.9606394171714783,0.34285714285714286,16,0.04005041696978666,0.04532450082545665,linear,0.5893515438227626
T03,0,BG1,12,0.9606394171714783,0.34285714285714286,16,0.04005041696978666,0.04532450082545665,mlp,0.5964013830535305
T03,0,BG9,23,0.618124783039093,0.6571428571428571,16,0.0861648606945945,0.09837406900648094,linear,0.5551112060158289
T03,0,BG9,23,0.618124783039093,0.6571428571428571,16,0.0861648606945945,0.09837406900648094,mlp,0.5748582439255371
T03,0,BG3,35,0.009900989942252636,1.0,16,0.10819354331595421,0.07462887693466597,linear,0.6361512511401106
T03,0,BG3,35,0.009900989942252636,1.0,16,0.10819354331595421,0.07462887693466597,mlp,0.6183953209783754
T03,0,BG4,31,0.07776966691017151,0.8857142857142857,16,0.11188319855725601,0.10731694344019335,linear,0.5967116034522938
T03,0,BG4,31,0.07776966691017151,0.8857142857142857,16,0.11188319855725601,0.10731694344019335,mlp,0.6106899324013594
T03,0,BG9,8,0.9814466834068298,0.22857142857142856,16,0.12462600618432351,0.1415254134807385,linear,0.5615805408837288
T03,0,BG9,8,0.9814466834068298,0.22857142857142856,16,0.12462600618432351,0.1415254134807385,mlp,0.5490738175994754
T03,0,BG6,27,0.30132922530174255,0.7714285714285715,16,0.14920662496223738,0.1681054389655256,linear,0.48482779755515476
T03,0,BG6,27,0.30132922530174255,0.7714285714285715,16,0.14920662496223738,0.1681054389655256,mlp,0.5879684758680224
T03,0,BG3,0,0.9950248599052429,0.0,16,0.04396259176840037,0.049818636507111644,linear,0.584168780740022
T03,0,BG3,0,0.9950248599052429,0.0,16,0.04396259176840037,0.049818636507111644,mlp,0.5840987731876807
T03,0,BG9,12,0.9606394171714783,0.34285714285714286,16,0.13068212290818063,0.14814280383303788,linear,0.5681984098205457
T03,0,BG9,12,0.9606394171714783,0.34285714285714286,16,0.13068212290818063,0.14814280383303788,mlp,0.5566123692226331
T03,0,BG2,35,0.009900989942252636,1.0,16,0.11375068109545329,0.0783135297148988,linear,0.6457002463572431
T03,0,BG2,35,0.009900989942252636,1.0,16,0.11375068109545329,0.0783135297148988,mlp,0.6221790987831128
T03,0,BG8,31,0.07776966691017151,0.8857142857142857,16,0.15819481835496468,0.15018832851265562,linear,0.6144273816890778
T03,0,BG8,31,0.07776966691017151,0.8857142857142857,16,0.15819481835496468,0.15018832851265562,mlp,0.6268924855523268
T03,0,BG2,31,0.07776966691017151,0.8857142857142857,16,0.11404010310659407,0.10905801077949137,linear,0.5977956836880652
T03,0,BG2,31,0.07776966691017151,0.8857142857142857,16,0.11404010310659407,0.10905801077949137,mlp,0.6221373984221051
T03,0,BG14,12,0.9606394171714783,0.34285714285714286,16,0.14387551073061344,0.16302629190554327,linear,0.5525603451128241
T03,0,BG14,12,0.9606394171714783,0.34285714285714286,16,0.14387551073061344,0.16302629190554327,mlp,0.536543354218128
T03,0,BG11,8,0.9814466834068298,0.22857142857142856,16,0.13538999609014202,0.1540046721109772,linear,0.5590945592314895
T03,0,BG11,8,0.9814466834068298,0.22857142857142856,16,0.13538999609014202,0.1540046721109772,mlp,0.5361042226589853
T03,0,BG13,8,0.9814466834068298,0.22857142857142856,16,0.07619219080279743,0.08655099362877872,linear,0.5677775759955715
T03,0,BG13,8,0.9814466834068298,0.22857142857142856,16,0.07619219080279743,0.08655099362877872,mlp,0.5822076093747542
T03,0,BG1,23,0.618124783039093,0.6571428571428571,16,0.04224956927765729,0.048200389236167956,linear,0.5489720201019267
T03,0,BG1,23,0.618124783039093,0.6571428571428571,16,0.04224956927765729,0.048200389236167956,mlp,0.5860750303939083
T03,0,BG9,0,0.9950248599052429,0.0,16,0.12402503008523269,0.14061617750393735,linear,0.5662810999512294
T03,0,BG9,0,0.9950248599052429,0.0,16,0.12402503008523269,0.14061617750393735,mlp,0.5484108009857417
T03,0,BG6,0,0.9950248599052429,0.0,16,0.1942150426252574,0.22189012264567026,linear,0.5553138614981945
T03,0,BG6,0,0.9950248599052429,0.0,16,0.1942150426252574,0.22189012264567026,mlp,0.49130430045111423
T03,0,BG9,27,0.30132922530174255,0.7714285714285715,16,0.09482725243031692,0.10660762902123008,linear,0.5132234992686808
T03,0,BG9,27,0.30132922530174255,0.7714285714285715,16,0.09482725243031692,0.10660762902123008,mlp,0.5994460499213692
T03,0,BG3,8,0.9814466834068298,0.22857142857142856,16,0.043039201070306767,0.048838962209200615,linear,0.5880075834928509
T03,0,BG3,8,0.9814466834068298,0.22857142857142856,16,0.043039201070306767,0.048838962209200615,mlp,0.5925209007558945
T03,0,BG14,19,0.831115186214447,0.5428571428571428,16,0.10031198800330927,0.11409540911694331,linear,0.5779799293019463
T03,0,BG14,19,0.831115186214447,0.5428571428571428,16,0.10031198800330927,0.11409540911694331,mlp,0.6221305639872454
T03,0,BG15,19,0.831115186214447,0.5428571428571428,16,0.06847894465818463,0.07784157177848577,linear,0.5828853624053011
T03,0,BG15,19,0.831115186214447,0.5428571428571428,16,0.06847894465818463,0.07784157177848577,mlp,0.6286889030104167
T03,0,BG3,23,0.618124783039093,0.6571428571428571,16,0.05006989037091264,0.05717760652246266,linear,0.5696154329963146
T03,0,BG3,23,0.618124783039093,0.6571428571428571,16,0.05006989037091264,0.05717760652246266,mlp,0.5889611923406362
T03,0,BG8,8,0.9814466834068298,0.22857142857142856,16,0.25933424289714047,0.2951935702355384,linear,0.2774772546639137
T03,0,BG8,8,0.9814466834068298,0.22857142857142856,16,0.25933424289714047,0.2951935702355384,mlp,0.340158903186609
T03,0,BG14,23,0.618124783039093,0.6571428571428571,16,0.08798277144671546,0.10036808753689126,linear,0.5453254031100374
T03,0,BG14,23,0.618124783039093,0.6571428571428571,16,0.08798277144671546,0.10036808753689126,mlp,0.5708685122440526
T03,0,BG5,8,0.9814466834068298,0.22857142857142856,16,0.1631164508604803,0.18605730811977933,linear,0.5028305023897747
T03,0,BG5,8,0.9814466834068298,0.22857142857142856,16,0.1631164508604803,0.18605730811977933,mlp,0.5209303501517626
T03,0,BG10,16,0.9109315872192383,0.45714285714285713,16,0.20526724464007595,0.23303051450130627,linear,0.4454041644800602
T03,0,BG10,16,0.9109315872192383,0.45714285714285713,16,0.20526724464007595,0.23303051450130627,mlp,0.43359347895815364
T03,0,BG2,12,0.9606394171714783,0.34285714285714286,16,0.03189299425815449,0.036095649916095006,linear,0.5861721072481927
T03,0,BG2,12,0.9606394171714783,0.34285714285714286,16,0.03189299425815449,0.036095649916095006,mlp,0.598956867785544
T03,0,BG6,31,0.07776966691017151,0.8857142857142857,16,0.1884297719218857,0.17951060465413457,linear,0.6120109706582925
T03,0,BG6,31,0.07776966691017151,0.8857142857142857,16,0.1884297719218857,0.17951060465413457,mlp,0.6375439042020707
T03,0,BG5,19,0.831115186214447,0.5428571428571428,16,0.19783213648398718,0.22642879839119479,linear,0.5572114455102333
T03,0,BG5,19,0.831115186214447,0.5428571428571428,16,0.19783213648398718,0.22642879839119479,mlp,0.5600488197880692
T03,0,BG2,19,0.831115186214447,0.5428571428571428,16,0.03926964576913837,0.04463732743445242,linear,0.5757546637005159
T03,0,BG2,19,0.831115186214447,0.5428571428571428,16,0.03926964576913837,0.04463732743445242,mlp,0.6155766437241619
T03,0,BG10,31,0.07776966691017151,0.8857142857142857,16,0.1633205304961742,0.15614818803742234,linear,0.6208980696813559
T03,0,BG10,31,0.07776966691017151,0.8857142857142857,16,0.1633205304961742,0.15614818803742234,mlp,0.6068044427906417
T03,0,BG7,12,0.9606394171714783,0.34285714285714286,16,0.1669523657717348,0.19074202460388595,linear,0.49381558766820016
T03,0,BG7,12,0.9606394171714783,0.34285714285714286,16,0.1669523657717348,0.19074202460388595,mlp,0.4048252306934706
T03,0,BG12,12,0.9606394171714783,0.34285714285714286,16,0.09907501274573849,0.11236991510930378,linear,0.55967383532596
T03,0,BG12,12,0.9606394171714783,0.34285714285714286,16,0.09907501274573849,0.11236991510930378,mlp,0.5631472571182704
T03,0,BG11,19,0.831115186214447,0.5428571428571428,16,0.12011328329744628,0.13681019992535592,linear,0.5863902909414251
T03,0,BG11,19,0.831115186214447,0.5428571428571428,16,0.12011328329744628,0.13681019992535592,mlp,0.6226382362456628
T03,0,BG11,4,0.9906675815582275,0.11428571428571428,16,0.1330143608362777,0.15108131680716594,linear,0.5676938831500542
T03,0,BG11,4,0.9906675815582275,0.11428571428571428,16,0.1330143608362777,0.15108131680716594,mlp,0.5362140326379167
T03,0,BG13,27,0.30132922530174255,0.7714285714285715,16,0.1075596004315308,0.12097668535481482,linear,0.535841742518113
T03,0,BG13,27,0.30132922530174255,0.7714285714285715,16,0.1075596004315308,0.12097668535481482,mlp,0.6119290485695805
T03,0,BG2,16,0.9109315872192383,0.45714285714285713,16,0.035036616282887116,0.039629383347026606,linear,0.5931307455403758
T03,0,BG2,16,0.9109315872192383,0.45714285714285713,16,0.035036616282887116,0.039629383347026606,mlp,0.5917381050292114
T03,0,BG2,4,0.9906675815582275,0.11428571428571428,16,0.030074722366366304,0.034052638228286275,linear,0.5800480045616014
T03,0,BG2,4,0.9906675815582275,0.11428571428571428,16,0.030074722366366304,0.034052638228286275,mlp,0.5880768895369747
T03,0,BG1,35,0.009900989942252636,1.0,16,0.09772062126571271,0.06723704222911533,linear,0.6246455584585996
T03,0,BG1,35,0.009900989942252636,1.0,16,0.09772062126571271,0.06723704222911533,mlp,0.6265671863093846
T03,0,BG3,31,0.07776966691017151,0.8857142857142857,16,0.11272005793742684,0.10810765955804462,linear,0.5923724554819471
T03,0,BG3,31,0.07776966691017151,0.8857142857142857,16,0.11272005793742684,0.10810765955804462,mlp,0.6030708767802663
T03,0,BG14,8,0.9814466834068298,0.22857142857142856,16,0.13664057607375266,0.15505133283437555,linear,0.5459090306573042
T03,0,BG14,8,0.9814466834068298,0.22857142857142856,16,0.13664057607375266,0.15505133283437555,mlp,0.5302028751736613
T03,0,BG1,31,0.07776966691017151,0.8857142857142857,16,0.10215119640125828,0.09765453101281937,linear,0.6025802817606776
T03,0,BG1,31,0.07776966691017151,0.8857142857142857,16,0.10215119640125828,0.09765453101281937,mlp,0.6222631912037381
T03,0,BG15,4,0.9906675815582275,0.11428571428571428,16,0.06840067410867695,0.07751230774910471,linear,0.5934505825823032
T03,0,BG15,4,0.9906675815582275,0.11428571428571428,16,0.06840067410867695,0.07751230774910471,mlp,0.5999988838763128
T03,0,BG12,19,0.831115186214447,0.5428571428571428,16,0.11374960105365627,0.12955079511803017,linear,0.5663932202290255
T03,0,BG12,19,0.831115186214447,0.5428571428571428,16,0.11374960105365627,0.12955079511803017,mlp,0.6135867724455408
T03,0,BG9,19,0.831115186214447,0.5428571428571428,16,0.12176791140701249,0.13838460795054033,linear,0.5773838802820745
T03,0,BG9,19,0.831115186214447,0.5428571428571428,16,0.12176791140701249,0.13838460795054033,mlp,0.6169174459243747
T03,0,BG8,19,0.831115186214447,0.5428571428571428,16,0.2125367849082869,0.24037603287550507,linear,0.39786284381932213
T03,0,BG8,19,0.831115186214447,0.5428571428571428,16,0.2125367849082869,0.24037603287550507,mlp,0.4039434587730609
T03,0,BG10,19,0.831115186214447,0.5428571428571428,16,0.1801391617717895,0.2049070883198317,linear,0.5485297920811537
T03,0,BG10,19,0.831115186214447,0.5428571428571428,16,0.1801391617717895,0.2049070883198317,mlp,0.6009554495628001
T03,0,BG6,23,0.618124783039093,0.6571428571428571,16,0.15943269273370297,0.182913002573856,linear,0.5164387369638562
T03,0,BG6,23,0.618124783039093,0.6571428571428571,16,0.15943269273370297,0.182913002573856,mlp,0.5422863511386682
T03,0,BG5,23,0.618124783039093,0.6571428571428571,16,0.1284955529956365,0.14656481475121658,linear,0.5272365547298461
T03,0,BG5,23,0.618124783039093,0.6571428571428571,16,0.1284955529956365,0.14656481475121658,mlp,0.5874775005256838
T03,0,BG6,19,0.831115186214447,0.5428571428571428,16,0.1961600031175585,0.224619464595736,linear,0.5122821051168224
T03,0,BG6,19,0.831115186214447,0.5428571428571428,16,0.1961600031175585,0.224619464595736,mlp,0.5749159821301144
T03,0,BG10,8,0.9814466834068298,0.22857142857142856,16,0.23694285872653467,0.2698991688948549,linear,0.3678457280432864
T03,0,BG10,8,0.9814466834068298,0.22857142857142856,16,0.23694285872653467,0.2698991688948549,mlp,0.3973413879207556
T03,0,BG7,8,0.9814466834068298,0.22857142857142856,16,0.1607477549268473,0.1839507403815802,linear,0.5013201812042849
T03,0,BG7,8,0.9814466834068298,0.22857142857142856,16,0.1607477549268473,0.1839507403815802,mlp,0.41941696599026934
T03,0,BG13,12,0.9606394171714783,0.34285714285714286,16,0.07967488021912714,0.09035435315088755,linear,0.5677065987719353
T03,0,BG13,12,0.9606394171714783,0.34285714285714286,16,0.07967488021912714,0.09035435315088755,mlp,0.5808608186919816
T03,0,BG13,16,0.9109315872192383,0.45714285714285713,16,0.09152337272704063,0.10368639451539377,linear,0.6084442170994403
T03,0,BG13,16,0.9109315872192383,0.45714285714285713,16,0.09152337272704063,0.10368639451539377,mlp,0.6076601241875591
T03,0,BG15,8,0.9814466834068298,0.22857142857142856,16,0.06802210004548326,0.07717816782521303,linear,0.5969913752578198
T03,0,BG15,8,0.9814466834068298,0.22857142857142856,16,0.06802210004548326,0.07717816782521303,mlp,0.6070603964696453
T03,0,BG12,4,0.9906675815582275,0.11428571428571428,16,0.08813923671442872,0.10001253510575617,linear,0.5544384631839472
T03,0,BG12,4,0.9906675815582275,0.11428571428571428,16,0.08813923671442872,0.10001253510575617,mlp,0.5627027700636844
T03,0,BG2,0,0.9950248599052429,0.0,16,0.02999929474224214,0.0339657145845918,linear,0.5804775002832289
T03,0,BG2,0,0.9950248599052429,0.0,16,0.02999929474224214,0.0339657145845918,mlp,0.5880671354929399
T03,0,BG9,16,0.9109315872192383,0.45714285714285713,16,0.10763374165554296,0.12174927098176773,linear,0.5755778689477157
T03,0,BG9,16,0.9109315872192383,0.45714285714285713,16,0.10763374165554296,0.12174927098176773,mlp,0.570250177404735
T03,0,BG4,4,0.9906675815582275,0.11428571428571428,16,0.03824604378130257,0.043351307357092625,linear,0.5880211449115422
T03,0,BG4,4,0.9906675815582275,0.11428571428571428,16,0.03824604378130257,0.043351307357092625,mlp,0.5900740622590879
T03,0,BG7,31,0.07776966691017151,0.8857142857142857,16,0.18176023299768812,0.1726017689171238,linear,0.5831104256190464
T03,0,BG7,31,0.07776966691017151,0.8857142857142857,16,0.18176023299768812,0.1726017689171238,mlp,0.6256685910195963
T03,0,BG3,16,0.9109315872192383,0.45714285714285713,16,0.04067861143959865,0.04600929608690493,linear,0.5975374929313444
T03,0,BG3,16,0.9109315872192383,0.45714285714285713,16,0.04067861143959865,0.04600929608690493,mlp,0.5970454796837731
T03,0,BG1,19,0.831115186214447,0.5428571428571428,16,0.037573060333914915,0.04272300022889566,linear,0.5732278262084897
T03,0,BG1,19,0.831115186214447,0.5428571428571428,16,0.037573060333914915,0.04272300022889566,mlp,0.6201621478233711
T03,0,BG10,12,0.9606394171714783,0.34285714285714286,16,0.24594629558499154,0.27960768011682785,linear,0.3915034742141364
T03,0,BG10,12,0.9606394171714783,0.34285714285714286,16,0.24594629558499154,0.27960768011682785,mlp,0.4186254924616782
T03,0,BG2,27,0.30132922530174255,0.7714285714285715,16,0.0674951944482439,0.07578947697077984,linear,0.5357340753143252
T03,0,BG2,27,0.30132922530174255,0.7714285714285715,16,0.0674951944482439,0.07578947697077984,mlp,0.6119412912296395
T03,0,BG12,16,0.9109315872192383,0.45714285714285713,16,0.10054118984043428,0.11390800081851099,linear,0.6058458997163577
T03,0,BG12,16,0.9109315872192383,0.45714285714285713,16,0.10054118984043428,0.11390800081851099,mlp,0.6040341236837743
T03,0,BG15,27,0.30132922530174255,0.7714285714285715,16,0.09169452110960867,0.10306054331824194,linear,0.49776347794820197
T03,0,BG15,27,0.30132922530174255,0.7714285714285715,16,0.09169452110960867,0.10306054331824194,mlp,0.5847912179397967
T03,0,BG15,12,0.9606394171714783,0.34285714285714286,16,0.0738771684053504,0.08361103928914228,linear,0.6030275069078455
T03,0,BG15,12,0.9606394171714783,0.34285714285714286,16,0.0738771684053504,0.08361103928914228,mlp,0.6098804555859166
T03,0,BG11,16,0.9109315872192383,0.45714285714285713,16,0.11807096995945078,0.13388488913609028,linear,0.5715684689565165
T03,0,BG11,16,0.9109315872192383,0.45714285714285713,16,0.11807096995945078,0.13388488913609028,mlp,0.5589302839338737
T03,0,BG13,23,0.618124783039093,0.6571428571428571,16,0.11114075863605198,0.12702996569448366,linear,0.556131446826374
T03,0,BG13,23,0.618124783039093,0.6571428571428571,16,0.11114075863605198,0.12702996569448366,mlp,0.5695157955410242
T03,0,BG12,31,0.07776966691017151,0.8857142857142857,16,0.1612956653336323,0.15388569982161107,linear,0.6271322703286152
T03,0,BG12,31,0.07776966691017151,0.8857142857142857,16,0.1612956653336323,0.15388569982161107,mlp,0.6271929009246756
T03,0,BG7,19,0.831115186214447,0.5428571428571428,16,0.20396631189057318,0.23439342942522862,linear,0.3568770298468324
T03,0,BG7,19,0.831115186214447,0.5428571428571428,16,0.20396631189057318,0.23439342942522862,mlp,0.1329927593875209
T03,0,BG15,31,0.07776966691017151,0.8857142857142857,16,0.13308233805408587,0.12765685722172643,linear,0.5916817326602162
T03,0,BG15,31,0.07776966691017151,0.8857142857142857,16,0.13308233805408587,0.12765685722172643,mlp,0.5809825257407555
T03,0,BG5,12,0.9606394171714783,0.34285714285714286,16,0.17231856411862428,0.19631339107006654,linear,0.48947011347355973
T03,0,BG5,12,0.9606394171714783,0.34285714285714286,16,0.17231856411862428,0.19631339107006654,mlp,0.4968759002509521
T03,0,BG8,27,0.30132922530174255,0.7714285714285715,16,0.10060510036652952,0.11271380088357706,linear,0.46528021810378634
T03,0,BG8,27,0.30132922530174255,0.7714285714285715,16,0.10060510036652952,0.11271380088357706,mlp,0.5581414678540587
T03,0,BG5,27,0.30132922530174255,0.7714285714285715,16,0.11569486860672987,0.12974152851217166,linear,0.5245501019525544
T03,0,BG5,27,0.30132922530174255,0.7714285714285715,16,0.11569486860672987,0.12974152851217166,mlp,0.6060102868244008
T03,0,BG7,4,0.9906675815582275,0.11428571428571428,16,0.15753941423973192,0.1799763563967849,linear,0.5061713298957281
T03,0,BG7,4,0.9906675815582275,0.11428571428571428,16,0.15753941423973192,0.1799763563967849,mlp,0.423822329925483
T03,0,BG5,31,0.07776966691017151,0.8857142857142857,16,0.17064510777940708,0.16221934501615923,linear,0.6250055322407643
T03,0,BG5,31,0.07776966691017151,0.8857142857142857,16,0.17064510777940708,0.16221934501615923,mlp,0.6348324913450724
T03,0,BG10,27,0.30132922530174255,0.7714285714285715,16,0.12339133931801147,0.1387857075271248,linear,0.503489980275568
T03,0,BG10,27,0.30132922530174255,0.7714285714285715,16,0.12339133931801147,0.1387857075271248,mlp,0.5860762001510049
T03,0,BG6,8,0.9814466834068298,0.22857142857142856,16,0.197491221304013,0.22602067006562457,linear,0.47924070535203783
T03,0,BG6,8,0.9814466834068298,0.22857142857142856,16,0.197491221304013,0.22602067006562457,mlp,0.5003578939221397
T03,0,BG4,12,0.9606394171714783,0.34285714285714286,16,0.03888153396126329,0.044032147324851965,linear,0.5967824150200065
T03,0,BG4,12,0.9606394171714783,0.34285714285714286,16,0.03888153396126329,0.044032147324851965,mlp,0.6037457006121631
T03,0,BG4,35,0.009900989942252636,1.0,16,0.10406067442719985,0.07169032396516525,linear,0.6445839133963758
T03,0,BG4,35,0.009900989942252636,1.0,16,0.10406067442719985,0.07169032396516525,mlp,0.6313062533261729
T03,0,BG6,16,0.9109315872192383,0.45714285714285713,16,0.1867538848778519,0.21300540125791118,linear,0.5697488825008181
T03,0,BG6,16,0.9109315872192383,0.45714285714285713,16,0.1867538848778519,0.21300540125791118,mlp,0.507569275908196
T03,0,BG8,0,0.9950248599052429,0.0,16,0.25289644210630124,0.28737778032200056,linear,0.24301652232258947
T03,0,BG8,0,0.9950248599052429,0.0,16,0.25289644210630124,0.28737778032200056,mlp,0.36223777444604405
T03,0,BG13,35,0.009900989942252636,1.0,16,0.16766893956803802,0.11506355639346873,linear,0.6737916082290466
T03,0,BG13,35,0.009900989942252636,1.0,16,0.16766893956803802,0.11506355639346873,mlp,0.6483980836009843
T03,0,BG15,23,0.618124783039093,0.6571428571428571,16,0.0739091319981161,0.08437512646572218,linear,0.5387929981054407
T03,0,BG15,23,0.618124783039093,0.6571428571428571,16,0.0739091319981161,0.08437512646572218,mlp,0.5615295359930949
T03,0,BG3,12,0.9606394171714783,0.34285714285714286,16,0.04340295637563253,0.04914653812594837,linear,0.5932210050977885
T03,0,BG3,12,0.9606394171714783,0.34285714285714286,16,0.04340295637563253,0.04914653812594837,mlp,0.5986879812094278
T03,0,BG1,8,0.9814466834068298,0.22857142857142856,16,0.03889973859972313,0.04411658030900557,linear,0.5854679465074799
T03,0,BG1,8,0.9814466834068298,0.22857142857142856,16,0.03889973859972313,0.04411658030900557,mlp,0.5924592602147574
T03,0,BG6,35,0.009900989942252636,1.0,16,0.19620756187879285,0.13379493016296135,linear,0.5616969572600607
T03,0,BG6,35,0.009900989942252636,1.0,16,0.19620756187879285,0.13379493016296135,mlp,0.585632240126001
T03,0,BG1,27,0.30132922530174255,0.7714285714285715,16,0.06271302079111922,0.07040806089063074,linear,0.5185047957651987
T03,0,BG1,27,0.30132922530174255,0.7714285714285715,16,0.06271302079111922,0.07040806089063074,mlp,0.6094163164463635
T03,0,BG5,16,0.9109315872192383,0.45714285714285713,16,0.17697453765359816,0.2016363251453977,linear,0.5687234694766955
T03,0,BG5,16,0.9109315872192383,0.45714285714285713,16,0.17697453765359816,0.2016363251453977,mlp,0.552586572912927
T03,0,BG12,0,0.9950248599052429,0.0,16,0.08789603226573212,0.09972501465773465,linear,0.5571559778704834
T03,0,BG12,0,0.9950248599052429,0.0,16,0.08789603226573212,0.09972501465773465,mlp,0.5624669714805598
T03,0,BG7,0,0.9950248599052429,0.0,16,0.15648660551071597,0.17874491119293406,linear,0.507041996469462
T03,0,BG7,0,0.9950248599052429,0.0,16,0.15648660551071597,0.17874491119293406,mlp,0.4205707565439332
T03,0,BG6,4,0.9906675815582275,0.11428571428571428,16,0.19490758453985818,0.22270080834111305,linear,0.477985969248457
T03,0,BG6,4,0.9906675815582275,0.11428571428571428,16,0.19490758453985818,0.22270080834111305,mlp,0.49207415322731307
T03,0,BG8,23,0.618124783039093,0.6571428571428571,16,0.13629401364656754,0.15535405623530663,linear,0.5547940617186693
T03,0,BG8,23,0.618124783039093,0.6571428571428571,16,0.13629401364656754,0.15535405623530663,mlp,0.5826521755657824
T03,0,BG7,16,0.9109315872192383,0.45714285714285713,16,0.18917094874644874,0.21635948146676148,linear,0.43100938503767394
T03,0,BG7,16,0.9109315872192383,0.45714285714285713,16,0.18917094874644874,0.21635948146676148,mlp,0.23406415434987907
T03,0,BG5,4,0.9906675815582275,0.11428571428571428,16,0.15998351148897283,0.1822049604445281,linear,0.5025442588746462
T03,0,BG5,4,0.9906675815582275,0.11428571428571428,16,0.15998351148897283,0.1822049604445281,mlp,0.5190173815864901
T03,0,BG15,16,0.9109315872192383,0.45714285714285713,16,0.06299891842018204,0.0712432992489788,linear,0.6032969737423883
T03,0,BG15,16,0.9109315872192383,0.45714285714285713,16,0.06299891842018204,0.0712432992489788,mlp,0.6043686870053112
T03,0,BG11,0,0.9950248599052429,0.0,16,0.1327473901093796,0.1507576735853236,linear,0.5681019958192675
T03,0,BG11,0,0.9950248599052429,0.0,16,0.1327473901093796,0.1507576735853236,mlp,0.534651318120193
T03,0,BG4,8,0.9814466834068298,0.22857142857142856,16,0.03742959212316485,0.042478826719187124,linear,0.5896417996838919
T03,0,BG4,8,0.9814466834068298,0.22857142857142856,16,0.03742959212316485,0.042478826719187124,mlp,0.597374646135337
T03,0,BG5,35,0.009900989942252636,1.0,16,0.17710828818621857,0.1210976757788295,linear,0.6054403385539934
T03,0,BG5,35,0.009900989942252636,1.0,16,0.17710828818621857,0.1210976757788295,mlp,0.6305659564019367
T03,0,BG1,16,0.9109315872192383,0.45714285714285713,16,0.0368956113744978,0.04170477482217656,linear,0.5854214416857437
T03,0,BG1,16,0.9109315872192383,0.45714285714285713,16,0.0368956113744978,0.04170477482217656,mlp,0.588044452407156
T03,0,BG11,27,0.30132922530174255,0.7714285714285715,16,0.11060911180259977,0.12451217067072447,linear,0.5213474224489953
T03,0,BG11,27,0.30132922530174255,0.7714285714285715,16,0.11060911180259977,0.12451217067072447,mlp,0.600495391374201
T03,0,BG11,23,0.618124783039093,0.6571428571428571,16,0.1029765559411715,0.11776728685718381,linear,0.5651917364763706
T03,0,BG11,23,0.618124783039093,0.6571428571428571,16,0.1029765559411715,0.11776728685718381,mlp,0.5782006197396117
T03,0,BG6,12,0.9606394171714783,0.34285714285714286,16,0.2013514772198956,0.23004615580236787,linear,0.5576188236892174
T03,0,BG6,12,0.9606394171714783,0.34285714285714286,16,0.2013514772198956,0.23004615580236787,mlp,0.5050033065999839
T03,0,BG4,0,0.9950248599052429,0.0,16,0.03850305882551591,0.04363788801362206,linear,0.5854456966306378
T03,0,BG4,0,0.9950248599052429,0.0,16,0.03850305882551591,0.04363788801362206,mlp,0.5884263455195361
T03,0,BG15,35,0.009900989942252636,1.0,16,0.12450373498653265,0.08577251960722382,linear,0.6500482893573172
T03,0,BG15,35,0.009900989942252636,1.0,16,0.12450373498653265,0.08577251960722382,mlp,0.6154504163920643
T03,0,BG14,0,0.9950248599052429,0.0,16,0.13343136078180437,0.15114982090795825,linear,0.5478606828182494
T03,0,BG14,0,0.9950248599052429,0.0,16,0.13343136078180437,0.15114982090795825,mlp,0.5294294311202947
T03,0,BG8,4,0.9906675815582275,0.11428571428571428,16,0.2536990890896157,0.28832391599457213,linear,0.235079027636565
T03,0,BG8,4,0.9906675815582275,0.11428571428571428,16,0.2536990890896157,0.28832391599457213,mlp,0.3605241924519391
T03,0,BG4,23,0.618124783039093,0.6571428571428571,16,0.04738887155075196,0.05413396626048343,linear,0.5640640148266437
T03,0,BG4,23,0.618124783039093,0.6571428571428571,16,0.04738887155075196,0.05413396626048343,mlp,0.5858486689273992
T03,0,BG3,4,0.9906675815582275,0.11428571428571428,16,0.04330323389808166,0.04907454308419572,linear,0.5849725557626309
T03,0,BG3,4,0.9906675815582275,0.11428571428571428,16,0.04330323389808166,0.04907454308419572,mlp,0.584554726430095
T03,0,BG5,0,0.9950248599052429,0.0,16,0.15879862387355992,0.18082077576341524,linear,0.5036953093254942
T03,0,BG5,0,0.9950248599052429,0.0,16,0.15879862387355992,0.18082077576341524,mlp,0.5176003170442255
T03,0,BG10,4,0.9906675815582275,0.11428571428571428,16,0.23318977102823682,0.2652314493867978,linear,0.38966682977566464
T03,0,BG10,4,0.9906675815582275,0.11428571428571428,16,0.23318977102823682,0.2652314493867978,mlp,0.39743168723562844
T03,0,BG3,27,0.30132922530174255,0.7714285714285715,16,0.07199303475997607,0.0808841043091595,linear,0.5315148286865989
T03,0,BG3,27,0.30132922530174255,0.7714285714285715,16,0.07199303475997607,0.0808841043091595,mlp,0.6180980300762826
T03,0,BG10,0,0.9950248599052429,0.0,16,0.23244873816964984,0.26434975143719996,linear,0.3883915505681545
T03,0,BG10,0,0.9950248599052429,0.0,16,0.23244873816964984,0.26434975143719996,mlp,0.3988189167265346
T03,0,BG4,19,0.831115186214447,0.5428571428571428,16,0.04181999472800229,0.04756468060917385,linear,0.5843952927572695
T03,0,BG4,19,0.831115186214447,0.5428571428571428,16,0.04181999472800229,0.04756468060917385,mlp,0.6285599644904535
T03,0,BG12,23,0.618124783039093,0.6571428571428571,16,0.09697722756243471,0.11077929255540031,linear,0.5627534564540664
T03,0,BG12,23,0.618124783039093,0.6571428571428571,16,0.09697722756243471,0.11077929255540031,mlp,0.57944002435885
T03,0,BG1,0,0.9950248599052429,0.0,16,0.0395686917537295,0.04481691069185553,linear,0.5806657370508486
T03,0,BG1,0,0.9950248599052429,0.0,16,0.0395686917537295,0.04481691069185553,mlp,0.5835768513798824
T03,0,BG9,35,0.009900989942252636,1.0,16,0.14381001079674832,0.09871101756321621,linear,0.6507468253855411
T03,0,BG9,35,0.009900989942252636,1.0,16,0.14381001079674832,0.09871101756321621,mlp,0.6034858388113076
T03,0,BG15,0,0.9950248599052429,0.0,16,0.06779178737396932,0.07681455811836463,linear,0.5929574910643506
T03,0,BG15,0,0.9950248599052429,0.0,16,0.06779178737396932,0.07681455811836463,mlp,0.5997358823946186
T04,0,BG11,12,0.9606394171714783,0.34285714285714286,16,0.040955890832490044,0.04704209965791237,linear,0.371302452780027
T04,0,BG11,12,0.9606394171714783,0.34285714285714286,16,0.040955890832490044,0.04704209965791237,mlp,0.25778987887935517
T04,0,BG2,8,0.9814466834068298,0.22857142857142856,16,0.01425841573544177,0.01633796149538755,linear,0.3692926990308532
T04,0,BG2,8,0.9814466834068298,0.22857142857142856,16,0.01425841573544177,0.01633796149538755,mlp,0.2503488057818602
T04,0,BG4,16,0.9109315872192383,0.45714285714285713,16,0.018250566662711423,0.02100905682946734,linear,0.3482000889589455
T04,0,BG4,16,0.9109315872192383,0.45714285714285713,16,0.018250566662711423,0.02100905682946734,mlp,0.40617856181956324
T04,0,BG8,12,0.9606394171714783,0.34285714285714286,16,0.07575224362943682,0.08695879446420406,linear,0.3256033178593472
T04,0,BG8,12,0.9606394171714783,0.34285714285714286,16,0.07575224362943682,0.08695879446420406,mlp,0.2263185122927086
T04,0,BG13,0,0.9950248599052429,0.0,16,0.04214808723673487,0.04826717665619411,linear,0.37272053606181754
T04,0,BG13,0,0.9950248599052429,0.0,16,0.04214808723673487,0.04826717665619411,mlp,0.2627949988057629
T04,0,BG13,19,0.831115186214447,0.5428571428571428,16,0.08517377424243067,0.09784621698526746,linear,0.3021108093023981
T04,0,BG13,19,0.831115186214447,0.5428571428571428,16,0.08517377424243067,0.09784621698526746,mlp,0.36504245087550563
T04,0,BG9,4,0.9906675815582275,0.11428571428571428,16,0.05218804988042237,0.05978720060631888,linear,0.35931136335842373
T04,0,BG9,4,0.9906675815582275,0.11428571428571428,16,0.05218804988042237,0.05978720060631888,mlp,0.2382942820981177
T04,0,BG14,27,0.30132922530174255,0.7714285714285715,16,0.034716023484220156,0.03938620200573962,linear,0.2098699475110612
T04,0,BG14,27,0.30132922530174255,0.7714285714285715,16,0.034716023484220156,0.03938620200573962,mlp,0.2850070793336376
T04,0,BG7,35,0.009900989942252636,1.0,16,0.1128290070088906,0.07981220711478594,linear,-0.005294059831882403
T04,0,BG7,35,0.009900989942252636,1.0,16,0.1128290070088906,0.07981220711478594,mlp,-0.07091116730469496
T04,0,BG14,31,0.07776966691017151,0.8857142857142857,16,0.059197055627820204,0.056143266441430854,linear,0.27538095896994697
T04,0,BG14,31,0.07776966691017151,0.8857142857142857,16,0.059197055627820204,0.056143266441430854,mlp,0.2680448697283473
T04,0,BG13,31,0.07776966691017151,0.8857142857142857,16,0.07395476459381152,0.07020505152916931,linear,0.24799835520871688
T04,0,BG13,31,0.07776966691017151,0.8857142857142857,16,0.07395476459381152,0.07020505152916931,mlp,0.24302119978415318
T04,0,BG12,8,0.9814466834068298,0.22857142857142856,16,0.04731584265546156,0.05429884340853866,linear,0.36634535024804044
T04,0,BG12,8,0.9814466834068298,0.22857142857142856,16,0.04731584265546156,0.05429884340853866,mlp,0.24398369665333755
T04,0,BG7,27,0.30132922530174255,0.7714285714285715,16,0.051037815063214656,0.05799895421287342,linear,0.13598005449226064
T04,0,BG7,27,0.30132922530174255,0.7714285714285715,16,0.051037815063214656,0.05799895421287342,mlp,0.2215568277709491
T04,0,BG9,31,0.07776966691017151,0.8857142857142857,16,0.07171026552899987,0.0680812021086222,linear,0.26855861394104524
T04,0,BG9,31,0.07776966691017151,0.8857142857142857,16,0.07171026552899987,0.0680812021086222,mlp,0.2781516484980148
T04,0,BG14,16,0.9109315872192383,0.45714285714285713,16,0.049266432958692694,0.05667946905051842,linear,0.35875265800246403
T04,0,BG14,16,0.9109315872192383,0.45714285714285713,16,0.049266432958692694,0.05667946905051842,mlp,0.4066811960524259
T04,0,BG11,35,0.009900989942252636,1.0,16,0.08171908663256032,0.05778374574063202,linear,0.22758791702696357
T04,0,BG11,35,0.009900989942252636,1.0,16,0.08171908663256032,0.05778374574063202,mlp,0.2539168310378841
T04,0,BG8,16,0.9109315872192383,0.45714285714285713,16,0.09497574085168245,0.1093673615522539,linear,0.3048126614279296
T04,0,BG8,16,0.9109315872192383,0.45714285714285713,16,0.09497574085168245,0.1093673615522539,mlp,0.3702127945215998
T04,0,BG10,23,0.618124783039093,0.6571428571428571,16,0.04095195659876594,0.046953664451825916,linear,0.23301203059571446
T04,0,BG10,23,0.618124783039093,0.6571428571428571,16,0.04095195659876594,0.046953664451825916,mlp,0.24687232677121368
T04,0,BG13,4,0.9906675815582275,0.11428571428571428,16,0.04222294064952147,0.04836281857135239,linear,0.37292500607075724
T04,0,BG13,4,0.9906675815582275,0.11428571428571428,16,0.04222294064952147,0.04836281857135239,mlp,0.26453059666818207
T04,0,BG4,27,0.30132922530174255,0.7714285714285715,16,0.030656244872840882,0.03481654294730095,linear,0.20667454373173552
T04,0,BG4,27,0.30132922530174255,0.7714285714285715,16,0.030656244872840882,0.03481654294730095,mlp,0.27470293693472086
T04,0,BG2,23,0.618124783039093,0.6571428571428571,16,0.027303629926809923,0.0313771490030673,linear,0.2159810873924365
T04,0,BG2,23,0.618124783039093,0.6571428571428571,16,0.027303629926809923,0.0313771490030673,mlp,0.2558574249385523
T04,0,BG7,23,0.618124783039093,0.6571428571428571,16,0.05195758336694664,0.05983081889725498,linear,0.15345897262686
T04,0,BG7,23,0.618124783039093,0.6571428571428571,16,0.05195758336694664,0.05983081889725498,mlp,0.21318120940670768
T04,0,BG8,35,0.009900989942252636,1.0,16,0.09165538378823412,0.0647827926710873,linear,0.18083097535528406
T04,0,BG8,35,0.009900989942252636,1.0,16,0.09165538378823412,0.0647827926710873,mlp,0.1327443136570771
T04,0,BG1,4,0.9906675815582275,0.11428571428571428,16,0.01270865051983228,0.014541780097512847,linear,0.3719676343086175
T04,0,BG1,4,0.9906675815582275,0.11428571428571428,16,0.01270865051983228,0.014541780097512847,mlp,0.26987504979238747
T04,0,BG12,35,0.009900989942252636,1.0,16,0.0869761269877769,0.06150136952627756,linear,0.22009520048372316
T04,0,BG12,35,0.009900989942252636,1.0,16,0.0869761269877769,0.06150136952627756,mlp,0.17990307059322766
T04,0,BG3,19,0.831115186214447,0.5428571428571428,16,0.0248079793937276,0.028421550485290926,linear,0.31329972689831104
T04,0,BG3,19,0.831115186214447,0.5428571428571428,16,0.0248079793937276,0.028421550485290926,mlp,0.38870666391084974
T04,0,BG14,35,0.009900989942252636,1.0,16,0.06860335817908231,0.0484802187498882,linear,0.21604331729821008
T04,0,BG14,35,0.009900989942252636,1.0,16,0.06860335817908231,0.0484802187498882,mlp,0.2236663340951638
T04,0,BG12,27,0.30132922530174255,0.7714285714285715,16,0.04053060109558804,0.04601243039438194,linear,0.16541402311206965
T04,0,BG12,27,0.30132922530174255,0.7714285714285715,16,0.04053060109558804,0.04601243039438194,mlp,0.26017510073959643
T04,0,BG10,35,0.009900989942252636,1.0,16,0.0845448274461412,0.05975753948092822,linear,0.19683278244834826
T04,0,BG10,35,0.009900989942252636,1.0,16,0.0845448274461412,0.05975753948092822,mlp,0.1975014751678385
T04,0,BG14,4,0.9906675815582275,0.11428571428571428,16,0.04045877269617566,0.04630989922884754,linear,0.3740349081999115
T04,0,BG14,4,0.9906675815582275,0.11428571428571428,16,0.04045877269617566,0.04630989922884754,mlp,0.27640649361430847
T04,0,BG11,31,0.07776966691017151,0.8857142857142857,16,0.06785939125005105,0.06445411973676696,linear,0.28249257693134894
T04,0,BG11,31,0.07776966691017151,0.8857142857142857,16,0.06785939125005105,0.06445411973676696,mlp,0.26788686650443067
T04,0,BG1,12,0.9606394171714783,0.34285714285714286,16,0.013064744574284701,0.014978550423208527,linear,0.3588470189033448
T04,0,BG1,12,0.9606394171714783,0.34285714285714286,16,0.013064744574284701,0.014978550423208527,mlp,0.25024619756819283
T04,0,BG9,23,0.618124783039093,0.6571428571428571,16,0.045815498565947646,0.05247566066852225,linear,0.21580956273174132
T04,0,BG9,23,0.618124783039093,0.6571428571428571,16,0.045815498565947646,0.05247566066852225,mlp,0.24764564438356204
T04,0,BG3,35,0.009900989942252636,1.0,16,0.05407143328899866,0.03826023637728046,linear,0.22708439752718645
T04,0,BG3,35,0.009900989942252636,1.0,16,0.05407143328899866,0.03826023637728046,mlp,0.23569551995937774
T04,0,BG4,31,0.07776966691017151,0.8857142857142857,16,0.04838322337717867,0.04596077666308787,linear,0.2939462886389753
T04,0,BG4,31,0.07776966691017151,0.8857142857142857,16,0.04838322337717867,0.04596077666308787,mlp,0.30128340351835786
T04,0,BG9,8,0.9814466834068298,0.22857142857142856,16,0.05315210578086145,0.061015322758167824,linear,0.3583894319091731
T04,0,BG9,8,0.9814466834068298,0.22857142857142856,16,0.05315210578086145,0.061015322758167824,mlp,0.21842222706407524
T04,0,BG6,27,0.30132922530174255,0.7714285714285715,16,0.05147950842271091,0.05847324319942446,linear,0.165531851440158
T04,0,BG6,27,0.30132922530174255,0.7714285714285715,16,0.05147950842271091,0.05847324319942446,mlp,0.25813062884691795
T04,0,BG3,0,0.9950248599052429,0.0,16,0.014322850534347264,0.016386022354340706,linear,0.37388134358635794
T04,0,BG3,0,0.9950248599052429,0.0,16,0.014322850534347264,0.016386022354340706,mlp,0.2779749234687265
T04,0,BG9,12,0.9606394171714783,0.34285714285714286,16,0.05559352513538437,0.06381513235843131,linear,0.34889018449756837
T04,0,BG9,12,0.9606394171714783,0.34285714285714286,16,0.05559352513538437,0.06381513235843131,mlp,0.21059881247558063
T04,0,BG2,35,0.009900989942252636,1.0,16,0.058180101913885354,0.04113103677036595,linear,0.21329672150379347
T04,0,BG2,35,0.009900989942252636,1.0,16,0.058180101913885354,0.04113103677036595,mlp,0.25968178194040686
T04,0,BG8,31,0.07776966691017151,0.8857142857142857,16,0.07691510471263502,0.07289596087323522,linear,0.2317284995041265
T04,0,BG8,31,0.07776966691017151,0.8857142857142857,16,0.07691510471263502,0.07289596087323522,mlp,0.21235605375828337
T04,0,BG2,31,0.07776966691017151,0.8857142857142857,16,0.05405285865897175,0.05121454811150561,linear,0.2848438273289646
T04,0,BG2,31,0.07776966691017151,0.8857142857142857,16,0.05405285865897175,0.05121454811150561,mlp,0.2926449832016451
T04,0,BG14,12,0.9606394171714783,0.34285714285714286,16,0.04074991818640958,0.046739655567922325,linear,0.36017546922535054
T04,0,BG14,12,0.9606394171714783,0.34285714285714286,16,0.04074991818640958,0.046739655567922325,mlp,0.2548804202169655
T04,0,BG11,8,0.9814466834068298,0.22857142857142856,16,0.0397376805996136,0.04563701391367225,linear,0.37884176542609366
T04,0,BG11,8,0.9814466834068298,0.22857142857142856,16,0.0397376805996136,0.04563701391367225,mlp,0.25492311265577305
T04,0,BG13,8,0.9814466834068298,0.22857142857142856,16,0.04289737704669342,0.04923345612129119,linear,0.3695127851858988
T04,0,BG13,8,0.9814466834068298,0.22857142857142856,16,0.04289737704669342,0.04923345612129119,mlp,0.24304210436701562
T04,0,BG1,23,0.618124783039093,0.6571428571428571,16,0.026959976743981817,0.03100863964327244,linear,0.22003969264070689
T04,0,BG1,23,0.618124783039093,0.6571428571428571,16,0.026959976743981817,0.03100863964327244,mlp,0.25380148281828485
T04,0,BG9,0,0.9950248599052429,0.0,16,0.05186847513118283,0.05941081086497404,linear,0.3599896802401782
T04,0,BG9,0,0.9950248599052429,0.0,16,0.05186847513118283,0.05941081086497404,mlp,0.24364212797448384
T04,0,BG6,0,0.9950248599052429,0.0,16,0.048594120165558065,0.05570368837530677,linear,0.3772207966731724
T04,0,BG6,0,0.9950248599052429,0.0,16,0.048594120165558065,0.05570368837530677,mlp,0.2602539985645805
T04,0,BG9,27,0.30132922530174255,0.7714285714285715,16,0.04017495817106119,0.045602815044630984,linear,0.1856319105734103
T04,0,BG9,27,0.30132922530174255,0.7714285714285715,16,0.04017495817106119,0.045602815044630984,mlp,0.2687637925199451
T04,0,BG3,8,0.9814466834068298,0.22857142857142856,16,0.014509286293944275,0.016635537983214342,linear,0.36988015897647697
T04,0,BG3,8,0.9814466834068298,0.22857142857142856,16,0.014509286293944275,0.016635537983214342,mlp,0.25793585793485135
T04,0,BG14,19,0.831115186214447,0.5428571428571428,16,0.07348041394344845,0.08423570744631598,linear,0.30929727954101666
T04,0,BG14,19,0.831115186214447,0.5428571428571428,16,0.07348041394344845,0.08423570744631598,mlp,0.3990827737583706
T04,0,BG15,19,0.831115186214447,0.5428571428571428,16,0.0454545344832363,0.05203851858629285,linear,0.3266014176985647
T04,0,BG15,19,0.831115186214447,0.5428571428571428,16,0.0454545344832363,0.05203851858629285,mlp,0.40872148417696336
T04,0,BG3,23,0.618124783039093,0.6571428571428571,16,0.02513139038338999,0.0288928586124949,linear,0.22159754191638484
T04,0,BG3,23,0.618124783039093,0.6571428571428571,16,0.02513139038338999,0.0288928586124949,mlp,0.24178868964520614
T04,0,BG8,8,0.9814466834068298,0.22857142857142856,16,0.07619304663065882,0.08745563433647953,linear,0.3361557627377552
T04,0,BG8,8,0.9814466834068298,0.22857142857142856,16,0.07619304663065882,0.08745563433647953,mlp,0.2274551904957145
T04,0,BG14,23,0.618124783039093,0.6571428571428571,16,0.040836563502849386,0.046781937194393164,linear,0.23476625703368306
T04,0,BG14,23,0.618124783039093,0.6571428571428571,16,0.040836563502849386,0.046781937194393164,mlp,0.24934519568792898
T04,0,BG5,8,0.9814466834068298,0.22857142857142856,16,0.05784380198627575,0.06638316972439233,linear,0.3600562534669966
T04,0,BG5,8,0.9814466834068298,0.22857142857142856,16,0.05784380198627575,0.06638316972439233,mlp,0.2454436994141763
T04,0,BG10,16,0.9109315872192383,0.45714285714285713,16,0.0580783569876695,0.06691835865619647,linear,0.3430811147504881
T04,0,BG10,16,0.9109315872192383,0.45714285714285713,16,0.0580783569876695,0.06691835865619647,mlp,0.3942979218015952
T04,0,BG2,12,0.9606394171714783,0.34285714285714286,16,0.014389084738968445,0.016487899924375826,linear,0.3589005444442799
T04,0,BG2,12,0.9606394171714783,0.34285714285714286,16,0.014389084738968445,0.016487899924375826,mlp,0.24992812037136714
T04,0,BG6,31,0.07776966691017151,0.8857142857142857,16,0.0870601651580965,0.08261190304428033,linear,0.24515535505191455
T04,0,BG6,31,0.07776966691017151,0.8857142857142857,16,0.0870601651580965,0.08261190304428033,mlp,0.262437157095997
T04,0,BG5,19,0.831115186214447,0.5428571428571428,16,0.08875271380121225,0.10195350552752219,linear,0.2864427292880383
T04,0,BG5,19,0.831115186214447,0.5428571428571428,16,0.08875271380121225,0.10195350552752219,mlp,0.34200913207297207
T04,0,BG2,19,0.831115186214447,0.5428571428571428,16,0.03318647985228074,0.03806358407195898,linear,0.31117829621569315
T04,0,BG2,19,0.831115186214447,0.5428571428571428,16,0.03318647985228074,0.03806358407195898,mlp,0.3598870439203135
T04,0,BG10,31,0.07776966691017151,0.8857142857142857,16,0.07132462555418279,0.06767570432319776,linear,0.2654751133434766
T04,0,BG10,31,0.07776966691017151,0.8857142857142857,16,0.07132462555418279,0.06767570432319776,mlp,0.24672951335685642
T04,0,BG7,12,0.9606394171714783,0.34285714285714286,16,0.07779340463060147,0.08950318670426724,linear,0.3470496125814873
T04,0,BG7,12,0.9606394171714783,0.34285714285714286,16,0.07779340463060147,0.08950318670426724,mlp,0.1953257839776641
T04,0,BG12,12,0.9606394171714783,0.34285714285714286,16,0.04773380712050531,0.05478165544959929,linear,0.35700547290154355
T04,0,BG12,12,0.9606394171714783,0.34285714285714286,16,0.04773380712050531,0.05478165544959929,mlp,0.23918337074228974
T04,0,BG11,19,0.831115186214447,0.5428571428571428,16,0.0888983790079734,0.10203217531293149,linear,0.31691335803891346
T04,0,BG11,19,0.831115186214447,0.5428571428571428,16,0.0888983790079734,0.10203217531293149,mlp,0.3941005206186367
T04,0,BG11,4,0.9906675815582275,0.11428571428571428,16,0.03916361859026496,0.044889827384392025,linear,0.38209652790661996
T04,0,BG11,4,0.9906675815582275,0.11428571428571428,16,0.03916361859026496,0.044889827384392025,mlp,0.2763319915763542
T04,0,BG13,27,0.30132922530174255,0.7714285714285715,16,0.039892861836154765,0.045305294267576235,linear,0.1802009537535165
T04,0,BG13,27,0.30132922530174255,0.7714285714285715,16,0.039892861836154765,0.045305294267576235,mlp,0.2701196611622406
T04,0,BG2,16,0.9109315872192383,0.45714285714285713,16,0.019979504458726163,0.02291086701106622,linear,0.34056247185466515
T04,0,BG2,16,0.9109315872192383,0.45714285714285713,16,0.019979504458726163,0.02291086701106622,mlp,0.4021133456305886
T04,0,BG2,4,0.9906675815582275,0.11428571428571428,16,0.014391904573422092,0.016458666851568073,linear,0.3718511812687258
T04,0,BG2,4,0.9906675815582275,0.11428571428571428,16,0.014391904573422092,0.016458666851568073,mlp,0.26820917743162964
T04,0,BG1,35,0.009900989942252636,1.0,16,0.05249312000042376,0.03713431414861596,linear,0.20154340326705883
T04,0,BG1,35,0.009900989942252636,1.0,16,0.05249312000042376,0.03713431414861596,mlp,0.25126537802164056
T04,0,BG3,31,0.07776966691017151,0.8857142857142857,16,0.04878490548745218,0.04632581686089875,linear,0.2786374921385329
T04,0,BG3,31,0.07776966691017151,0.8857142857142857,16,0.04878490548745218,0.04632581686089875,mlp,0.27498335353654474
T04,0,BG14,8,0.9814466834068298,0.22857142857142856,16,0.04046654024092436,0.046413933182918365,linear,0.3700146341774172
T04,0,BG14,8,0.9814466834068298,0.22857142857142856,16,0.04046654024092436,0.046413933182918365,mlp,0.2545683183123264
T04,0,BG1,31,0.07776966691017151,0.8857142857142857,16,0.051380025772044466,0.04870454187575811,linear,0.28471783348870905
T04,0,BG1,31,0.07776966691017151,0.8857142857142857,16,0.051380025772044466,0.04870454187575811,mlp,0.2913356604797376
T04,0,BG15,4,0.9906675815582275,0.11428571428571428,16,0.026877910403706327,0.03075752221404749,linear,0.38426751126157455
T04,0,BG15,4,0.9906675815582275,0.11428571428571428,16,0.026877910403706327,0.03075752221404749,mlp,0.2948311832501668
T04,0,BG12,19,0.831115186214447,0.5428571428571428,16,0.09144356018443484,0.10512646292761196,linear,0.29761579173014213
T04,0,BG12,19,0.831115186214447,0.5428571428571428,16,0.09144356018443484,0.10512646292761196,mlp,0.3526271650540183
T04,0,BG9,19,0.831115186214447,0.5428571428571428,16,0.13850458464217802,0.15889391049611903,linear,0.24552457040134398
T04,0,BG9,19,0.831115186214447,0.5428571428571428,16,0.13850458464217802,0.15889391049611903,mlp,0.34643426204791544
T04,0,BG8,19,0.831115186214447,0.5428571428571428,16,0.10820382681301373,0.12384435637172775,linear,0.25530633470595115
T04,0,BG8,19,0.831115186214447,0.5428571428571428,16,0.10820382681301373,0.12384435637172775,mlp,0.40946064428235074
T04,0,BG10,19,0.831115186214447,0.5428571428571428,16,0.0971861863180376,0.11159593843972662,linear,0.3104224611446597
T04,0,BG10,19,0.831115186214447,0.5428571428571428,16,0.0971861863180376,0.11159593843972662,mlp,0.3715320455349073
T04,0,BG6,23,0.618124783039093,0.6571428571428571,16,0.0637911117036091,0.0733880007321986,linear,0.19318783381324162
T04,0,BG6,23,0.618124783039093,0.6571428571428571,16,0.0637911117036091,0.0733880007321986,mlp,0.2072126535258414
T04,0,BG5,23,0.618124783039093,0.6571428571428571,16,0.03855386384627631,0.0442848207779366,linear,0.23251323159474283
T04,0,BG5,23,0.618124783039093,0.6571428571428571,16,0.03855386384627631,0.0442848207779366,mlp,0.248267901243352
T04,0,BG6,19,0.831115186214447,0.5428571428571428,16,0.09670814729702375,0.11105572112029238,linear,0.2932557716579504
T04,0,BG6,19,0.831115186214447,0.5428571428571428,16,0.09670814729702375,0.11105572112029238,mlp,0.3672265202444936
T04,0,BG10,8,0.9814466834068298,0.22857142857142856,16,0.046170561273480924,0.053023300084853134,linear,0.3706875938795636
T04,0,BG10,8,0.9814466834068298,0.22857142857142856,16,0.046170561273480924,0.053023300084853134,mlp,0.2499970745761039
T04,0,BG7,8,0.9814466834068298,0.22857142857142856,16,0.07702739238149237,0.08861892801896475,linear,0.3521037441555115
T04,0,BG7,8,0.9814466834068298,0.22857142857142856,16,0.07702739238149237,0.08861892801896475,mlp,0.18156739881647643
T04,0,BG13,12,0.9606394171714783,0.34285714285714286,16,0.043941186584140944,0.050431461378103074,linear,0.3614358566816026
T04,0,BG13,12,0.9606394171714783,0.34285714285714286,16,0.043941186584140944,0.050431461378103074,mlp,0.24130141298575142
T04,0,BG13,16,0.9109315872192383,0.45714285714285713,16,0.04911353157643631,0.05656754481184109,linear,0.3508216435085336
T04,0,BG13,16,0.9109315872192383,0.45714285714285713,16,0.04911353157643631,0.05656754481184109,mlp,0.40844889956685543
T04,0,BG15,8,0.9814466834068298,0.22857142857142856,16,0.027240456018493703,0.03123533202011119,linear,0.3808163347892468
T04,0,BG15,8,0.9814466834068298,0.22857142857142856,16,0.027240456018493703,0.03123533202011119,mlp,0.2711835566117698
T04,0,BG12,4,0.9906675815582275,0.11428571428571428,16,0.046622875309752176,0.053393420417835985,linear,0.37103541894272346
T04,0,BG12,4,0.9906675815582275,0.11428571428571428,16,0.046622875309752176,0.053393420417835985,mlp,0.26056748785187567
T04,0,BG2,0,0.9950248599052429,0.0,16,0.014319218447866648,0.016372662269903047,linear,0.3727315199154149
T04,0,BG2,0,0.9950248599052429,0.0,16,0.014319218447866648,0.016372662269903047,mlp,0.27442004901773065
T04,0,BG9,16,0.9109315872192383,0.45714285714285713,16,0.0728973992046752,0.08383437231988916,linear,0.3329448317154635
T04,0,BG9,16,0.9109315872192383,0.45714285714285713,16,0.0728973992046752,0.08383437231988916,mlp,0.3947399543173658
T04,0,BG4,4,0.9906675815582275,0.11428571428571428,16,0.015894442185604943,0.018196159003952543,linear,0.37597369132595354
T04,0,BG4,4,0.9906675815582275,0.11428571428571428,16,0.015894442185604943,0.018196159003952543,mlp,0.2809848956156534
T04,0,BG7,31,0.07776966691017151,0.8857142857142857,16,0.09566429294784465,0.09083400208399164,linear,0.17349814382786344
T04,0,BG7,31,0.07776966691017151,0.8857142857142857,16,0.09566429294784465,0.09083400208399164,mlp,0.16028869594197093
T04,0,BG3,16,0.9109315872192383,0.45714285714285713,16,0.01741801028155212,0.02003097791797201,linear,0.34668073318506526
T04,0,BG3,16,0.9109315872192383,0.45714285714285713,16,0.01741801028155212,0.02003097791797201,mlp,0.4042229922887093
T04,0,BG1,19,0.831115186214447,0.5428571428571428,16,0.028076944358564462,0.0322183925496105,linear,0.3106014550392176
T04,0,BG1,19,0.831115186214447,0.5428571428571428,16,0.028076944358564462,0.0322183925496105,mlp,0.3659664242396408
T04,0,BG10,12,0.9606394171714783,0.34285714285714286,16,0.047190551926734346,0.054197584496820564,linear,0.3613718730795189
T04,0,BG10,12,0.9606394171714783,0.34285714285714286,16,0.047190551926734346,0.054197584496820564,mlp,0.24272881664245138
T04,0,BG2,27,0.30132922530174255,0.7714285714285715,16,0.03349562162284515,0.037996351252509775,linear,0.1547907139325895
T04,0,BG2,27,0.30132922530174255,0.7714285714285715,16,0.03349562162284515,0.037996351252509775,mlp,0.2645547746860362
T04,0,BG12,16,0.9109315872192383,0.45714285714285713,16,0.054074762168577026,0.06227861888618974,linear,0.3419857846399543
T04,0,BG12,16,0.9109315872192383,0.45714285714285713,16,0.054074762168577026,0.06227861888618974,mlp,0.40672150837436033
T04,0,BG15,27,0.30132922530174255,0.7714285714285715,16,0.033915554400717064,0.03849402410427727,linear,0.2154378915708831
T04,0,BG15,27,0.30132922530174255,0.7714285714285715,16,0.033915554400717064,0.03849402410427727,mlp,0.2751843312808933
T04,0,BG15,12,0.9606394171714783,0.34285714285714286,16,0.027641230447763017,0.031695824024911404,linear,0.3701785829208502
T04,0,BG15,12,0.9606394171714783,0.34285714285714286,16,0.027641230447763017,0.031695824024911404,mlp,0.2698914939692687
T04,0,BG11,16,0.9109315872192383,0.45714285714285713,16,0.048627477894573445,0.05604232422788973,linear,0.3536102682027114
T04,0,BG11,16,0.9109315872192383,0.45714285714285713,16,0.048627477894573445,0.05604232422788973,mlp,0.40355763159701985
T04,0,BG13,23,0.618124783039093,0.6571428571428571,16,0.04208238459687129,0.048327645612521605,linear,0.21572171359862746
T04,0,BG13,23,0.618124783039093,0.6571428571428571,16,0.04208238459687129,0.048327645612521605,mlp,0.2538456191025073
T04,0,BG12,31,0.07776966691017151,0.8857142857142857,16,0.07395265779480838,0.07013371911336827,linear,0.23742736164033648
T04,0,BG12,31,0.07776966691017151,0.8857142857142857,16,0.07395265779480838,0.07013371911336827,mlp,0.20905906581489922
T04,0,BG7,19,0.831115186214447,0.5428571428571428,16,0.10708694040212857,0.1234268575870641,linear,0.2567002218087457
T04,0,BG7,19,0.831115186214447,0.5428571428571428,16,0.10708694040212857,0.1234268575870641,mlp,0.3268354198813977
T04,0,BG15,31,0.07776966691017151,0.8857142857142857,16,0.05662367692955596,0.05375870857437523,linear,0.2881607394488689
T04,0,BG15,31,0.07776966691017151,0.8857142857142857,16,0.05662367692955596,0.05375870857437523,mlp,0.2954227818939272
T04,0,BG5,12,0.9606394171714783,0.34285714285714286,16,0.06030208676637528,0.06920002909743203,linear,0.3518611428610173
T04,0,BG5,12,0.9606394171714783,0.34285714285714286,16,0.06030208676637528,0.06920002909743203,mlp,0.24353728047017403
T04,0,BG8,27,0.30132922530174255,0.7714285714285715,16,0.043521587630824046,0.04937873271351804,linear,0.14028850052847397
T04,0,BG8,27,0.30132922530174255,0.7714285714285715,16,0.043521587630824046,0.04937873271351804,mlp,0.24050149206673252
T04,0,BG5,27,0.30132922530174255,0.7714285714285715,16,0.04839294676655188,0.05487816245863736,linear,0.1818539167305736
T04,0,BG5,27,0.30132922530174255,0.7714285714285715,16,0.04839294676655188,0.05487816245863736,mlp,0.26867284179872164
T04,0,BG7,4,0.9906675815582275,0.11428571428571428,16,0.07685613879898695,0.08824259877074785,linear,0.3559743391420124
T04,0,BG7,4,0.9906675815582275,0.11428571428571428,16,0.07685613879898695,0.08824259877074785,mlp,0.19428113992978413
T04,0,BG5,31,0.07776966691017151,0.8857142857142857,16,0.08636483671257508,0.08184568879462592,linear,0.22142115759281636
T04,0,BG5,31,0.07776966691017151,0.8857142857142857,16,0.08636483671257508,0.08184568879462592,mlp,0.2696804054330287
T04,0,BG10,27,0.30132922530174255,0.7714285714285715,16,0.03995547315407143,0.04536165308921977,linear,0.18824153750793599
T04,0,BG10,27,0.30132922530174255,0.7714285714285715,16,0.03995547315407143,0.04536165308921977,mlp,0.2737539546158696
T04,0,BG6,8,0.9814466834068298,0.22857142857142856,16,0.04995756282083684,0.057392173516273876,linear,0.37573095761282893
T04,0,BG6,8,0.9814466834068298,0.22857142857142856,16,0.04995756282083684,0.057392173516273876,mlp,0.2526304827081664
T04,0,BG4,12,0.9606394171714783,0.34285714285714286,16,0.0164787297139879,0.018905018827407145,linear,0.3621734010381511
T04,0,BG4,12,0.9606394171714783,0.34285714285714286,16,0.0164787297139879,0.018905018827407145,mlp,0.2559223958476962
T04,0,BG4,35,0.009900989942252636,1.0,16,0.052501463912722174,0.03713650475481101,linear,0.22860937642778084
T04,0,BG4,35,0.009900989942252636,1.0,16,0.052501463912722174,0.03713650475481101,mlp,0.25942691566209664
T04,0,BG6,16,0.9109315872192383,0.45714285714285713,16,0.05911082884276235,0.0680888319177196,linear,0.35125619156227905
T04,0,BG6,16,0.9109315872192383,0.45714285714285713,16,0.05911082884276235,0.0680888319177196,mlp,0.40278712040828935
T04,0,BG8,0,0.9950248599052429,0.0,16,0.07554629266870627,0.0865253976379472,linear,0.3415445369077816
T04,0,BG8,0,0.9950248599052429,0.0,16,0.07554629266870627,0.0865253976379472,mlp,0.2491303542033345
T04,0,BG13,35,0.009900989942252636,1.0,16,0.08746506409537676,0.061886832770802924,linear,0.23268110464628464
T04,0,BG13,35,0.009900989942252636,1.0,16,0.08746506409537676,0.061886832770802924,mlp,0.2061032553372939
T04,0,BG15,23,0.618124783039093,0.6571428571428571,16,0.03314322798762308,0.03804319395668769,linear,0.2290668362537559
T04,0,BG15,23,0.618124783039093,0.6571428571428571,16,0.03314322798762308,0.03804319395668769,mlp,0.24842971417356824
T04,0,BG3,12,0.9606394171714783,0.34285714285714286,16,0.014859789804967483,0.01703796145538681,linear,0.36176519728208534
T04,0,BG3,12,0.9606394171714783,0.34285714285714286,16,0.014859789804967483,0.01703796145538681,mlp,0.25629737326371665
T04,0,BG1,8,0.9814466834068298,0.22857142857142856,16,0.012658700928343317,0.014512633085040206,linear,0.36711255497921647
T04,0,BG1,8,0.9814466834068298,0.22857142857142856,16,0.012658700928343317,0.014512633085040206,mlp,0.2534785658397545
T04,0,BG6,35,0.009900989942252636,1.0,16,0.10169491415156266,0.07189876163613212,linear,0.16050354968227973
T04,0,BG6,35,0.009900989942252636,1.0,16,0.10169491415156266,0.07189876163613212,mlp,0.19176413965413847
T04,0,BG1,27,0.30132922530174255,0.7714285714285715,16,0.03528016507652761,0.04003050061995186,linear,0.1515975059316999
T04,0,BG1,27,0.30132922530174255,0.7714285714285715,16,0.03528016507652761,0.04003050061995186,mlp,0.26297391462420927
T04,0,BG5,16,0.9109315872192383,0.45714285714285713,16,0.06981930102557703,0.08033148811623422,linear,0.32544799407205477
T04,0,BG5,16,0.9109315872192383,0.45714285714285713,16,0.06981930102557703,0.08033148811623422,mlp,0.3895049573090726
T04,0,BG12,0,0.9950248599052429,0.0,16,0.04668597682968181,0.053457091785790306,linear,0.3716150039833261
T04,0,BG12,0,0.9950248599052429,0.0,16,0.04668597682968181,0.053457091785790306,mlp,0.2613209239772479
T04,0,BG7,0,0.9950248599052429,0.0,16,0.07683504367114487,0.0881982014686685,linear,0.3508533768511277
T04,0,BG7,0,0.9950248599052429,0.0,16,0.07683504367114487,0.0881982014686685,mlp,0.19546851190208112
T04,0,BG6,4,0.9906675815582275,0.11428571428571428,16,0.04891930658113454,0.056085272601194266,linear,0.3795591201765565
T04,0,BG6,4,0.9906675815582275,0.11428571428571428,16,0.04891930658113454,0.056085272601194266,mlp,0.26479936763426376
T04,0,BG8,23,0.618124783039093,0.6571428571428571,16,0.06122148737691253,0.0701443671509552,linear,0.2293851314547371
T04,0,BG8,23,0.618124783039093,0.6571428571428571,16,0.06122148737691253,0.0701443671509552,mlp,0.22077849742419886
T04,0,BG7,16,0.9109315872192383,0.45714285714285713,16,0.0832315927560679,0.09613790619202948,linear,0.31944851814966585
T04,0,BG7,16,0.9109315872192383,0.45714285714285713,16,0.0832315927560679,0.09613790619202948,mlp,0.3275776935390297
T04,0,BG5,4,0.9906675815582275,0.11428571428571428,16,0.05697582420038771,0.06525524249633734,linear,0.36204165019132417
T04,0,BG5,4,0.9906675815582275,0.11428571428571428,16,0.05697582420038771,0.06525524249633734,mlp,0.2567079188110721
T04,0,BG15,16,0.9109315872192383,0.45714285714285713,16,0.03212517379547158,0.036940749858887054,linear,0.3616298229004711
T04,0,BG15,16,0.9109315872192383,0.45714285714285713,16,0.03212517379547158,0.036940749858887054,mlp,0.412637476468144
T04,0,BG11,0,0.9950248599052429,0.0,16,0.0390318143094098,0.04472956532019077,linear,0.38173115462859375
T04,0,BG11,0,0.9950248599052429,0.0,16,0.0390318143094098,0.04472956532019077,mlp,0.28224960220966355
T04,0,BG4,8,0.9814466834068298,0.22857142857142856,16,0.016096924987829213,0.018464949818347738,linear,0.37050226074592546
T04,0,BG4,8,0.9814466834068298,0.22857142857142856,16,0.016096924987829213,0.018464949818347738,mlp,0.2585485784867953
T04,0,BG5,35,0.009900989942252636,1.0,16,0.09800600428131132,0.06934742130241651,linear,0.19349816294630262
T04,0,BG5,35,0.009900989942252636,1.0,16,0.09800600428131132,0.06934742130241651,mlp,0.23891933142421448
T04,0,BG1,16,0.9109315872192383,0.45714285714285713,16,0.017930059077150232,0.020580765293899725,linear,0.33825300750464843
T04,0,BG1,16,0.9109315872192383,0.45714285714285713,16,0.017930059077150232,0.020580765293899725,mlp,0.39956367467960924
T04,0,BG11,27,0.30132922530174255,0.7714285714285715,16,0.038078763723144796,0.043252174634791724,linear,0.1990072515655045
T04,0,BG11,27,0.30132922530174255,0.7714285714285715,16,0.038078763723144796,0.043252174634791724,mlp,0.27090025415565067
T04,0,BG11,23,0.618124783039093,0.6571428571428571,16,0.05227962642467938,0.06013705887483885,linear,0.21855870249254844
T04,0,BG11,23,0.618124783039093,0.6571428571428571,16,0.05227962642467938,0.06013705887483885,mlp,0.2508643234938587
T04,0,BG6,12,0.9606394171714783,0.34285714285714286,16,0.051700929111736155,0.05940226064539272,linear,0.3705347423251862
T04,0,BG6,12,0.9606394171714783,0.34285714285714286,16,0.051700929111736155,0.05940226064539272,mlp,0.2557322340211627
T04,0,BG4,0,0.9950248599052429,0.0,16,0.01572367794548925,0.01799755227802877,linear,0.37472152240736045
T04,0,BG4,0,0.9950248599052429,0.0,16,0.01572367794548925,0.01799755227802877,mlp,0.2792265935285291
T04,0,BG15,35,0.009900989942252636,1.0,16,0.06553776700245173,0.046338861346300594,linear,0.2519549632287993
T04,0,BG15,35,0.009900989942252636,1.0,16,0.06553776700245173,0.046338861346300594,mlp,0.25867588982663686
T04,0,BG14,0,0.9950248599052429,0.0,16,0.04058704442390834,0.04644938306935904,linear,0.3735124488829711
T04,0,BG14,0,0.9950248599052429,0.0,16,0.04058704442390834,0.04644938306935904,mlp,0.27981132470173614
T04,0,BG8,4,0.9906675815582275,0.11428571428571428,16,0.0747464063567384,0.08562227320254746,linear,0.3411716062776866
T04,0,BG8,4,0.9906675815582275,0.11428571428571428,16,0.0747464063567384,0.08562227320254746,mlp,0.24411011279428915
T04,0,BG4,23,0.618124783039093,0.6571428571428571,16,0.02772576645676421,0.031891518895926195,linear,0.21797586969452343
T04,0,BG4,23,0.618124783039093,0.6571428571428571,16,0.02772576645676421,0.031891518895926195,mlp,0.2368942723390272
T04,0,BG3,4,0.9906675815582275,0.11428571428571428,16,0.014324473541399197,0.01639079342326468,linear,0.373236535491706
T04,0,BG3,4,0.9906675815582275,0.11428571428571428,16,0.014324473541399197,0.01639079342326468,mlp,0.2777254336282721
T04,0,BG5,0,0.9950248599052429,0.0,16,0.056822039354724616,0.06506582152693105,linear,0.3628714235004726
T04,0,BG5,0,0.9950248599052429,0.0,16,0.056822039354724616,0.06506582152693105,mlp,0.2599023090203241
T04,0,BG10,4,0.9906675815582275,0.11428571428571428,16,0.0460144326615266,0.052735423332288825,linear,0.3721569197629677
T04,0,BG10,4,0.9906675815582275,0.11428571428571428,16,0.0460144326615266,0.052735423332288825,mlp,0.26573329184332006
T04,0,BG3,27,0.30132922530174255,0.7714285714285715,16,0.029751005913577,0.03377259283101709,linear,0.1994878584278314
T04,0,BG3,27,0.30132922530174255,0.7714285714285715,16,0.029751005913577,0.03377259283101709,mlp,0.2721220515248912
T04,0,BG10,0,0.9950248599052429,0.0,16,0.046173348249814186,0.0529085234603017,linear,0.37115309415867925
T04,0,BG10,0,0.9950248599052429,0.0,16,0.046173348249814186,0.0529085234603017,mlp,0.2648022571039584
T04,0,BG4,19,0.831115186214447,0.5428571428571428,16,0.02661457053386989,0.030512060854470648,linear,0.31655883257646833
T04,0,BG4,19,0.831115186214447,0.5428571428571428,16,0.02661457053386989,0.030512060854470648,mlp,0.40113865478133076
T04,0,BG12,23,0.618124783039093,0.6571428571428571,16,0.03805676034520088,0.0436331186684412,linear,0.22563907503461714
T04,0,BG12,23,0.618124783039093,0.6571428571428571,16,0.03805676034520088,0.0436331186684412,mlp,0.2623202181946615
T04,0,BG1,0,0.9950248599052429,0.0,16,0.01271759305166591,0.014549235971918208,linear,0.3737602448365241
T04,0,BG1,0,0.9950248599052429,0.0,16,0.01271759305166591,0.014549235971918208,mlp,0.2769238725468328
T04,0,BG9,35,0.009900989942252636,1.0,16,0.08644216384996128,0.06110901833919123,linear,0.20590979004975032
T04,0,BG9,35,0.009900989942252636,1.0,16,0.08644216384996128,0.06110901833919123,mlp,0.23306469727851356
T04,0,BG15,0,0.9950248599052429,0.0,16,0.026777133605563188,0.030637309938962055,linear,0.3836540670713531
T04,0,BG15,0,0.9950248599052429,0.0,16,0.026777133605563188,0.030637309938962055,mlp,0.2933666048467757
T05,0,BG11,12,0.9606394171714783,0.34285714285714286,16,0.03480020577536419,0.04026573818630305,linear,0.2636153175980851
T05,0,BG11,12,0.9606394171714783,0.34285714285714286,16,0.03480020577536419,0.04026573818630305,mlp,0.103299618971156
T05,0,BG2,8,0.9814466834068298,0.22857142857142856,16,0.013059168965527286,0.01508716916345541,linear,0.02103700362366054
T05,0,BG2,8,0.9814466834068298,0.22857142857142856,16,0.013059168965527286,0.01508716916345541,mlp,0.11336618997868993
T05,0,BG4,16,0.9109315872192383,0.45714285714285713,16,0.015016740638647346,0.017422707335190274,linear,0.059475290207226146
T05,0,BG4,16,0.9109315872192383,0.45714285714285713,16,0.015016740638647346,0.017422707335190274,mlp,0.27594997929013737
T05,0,BG8,12,0.9606394171714783,0.34285714285714286,16,0.07160495716773888,0.0827008344172375,linear,0.22335940826219758
T05,0,BG8,12,0.9606394171714783,0.34285714285714286,16,0.07160495716773888,0.0827008344172375,mlp,0.06116528292433652
T05,0,BG13,0,0.9950248599052429,0.0,16,0.04166812959119406,0.04799645023687703,linear,0.005271076921100537
T05,0,BG13,0,0.9950248599052429,0.0,16,0.04166812959119406,0.04799645023687703,mlp,0.04104690113030118
T05,0,BG13,19,0.831115186214447,0.5428571428571428,16,0.03832249657724844,0.044175118681514414,linear,0.36921767117877197
T05,0,BG13,19,0.831115186214447,0.5428571428571428,16,0.03832249657724844,0.044175118681514414,mlp,0.3849500110115086
T05,0,BG9,4,0.9906675815582275,0.11428571428571428,16,0.052919569277466785,0.06097711162882702,linear,-0.0684317265837406
T05,0,BG9,4,0.9906675815582275,0.11428571428571428,16,0.052919569277466785,0.06097711162882702,mlp,-0.0577430356998921
T05,0,BG14,27,0.30132922530174255,0.7714285714285715,16,0.027620549746956807,0.03163029036763519,linear,0.3714948650671559
T05,0,BG14,27,0.30132922530174255,0.7714285714285715,16,0.027620549746956807,0.03163029036763519,mlp,0.2640626415776339
T05,0,BG7,35,0.009900989942252636,1.0,16,0.08964933007116663,0.06503105090666435,linear,-0.07542715706884164
T05,0,BG7,35,0.009900989942252636,1.0,16,0.08964933007116663,0.06503105090666435,mlp,0.1420243626124795
T05,0,BG14,31,0.07776966691017151,0.8857142857142857,16,0.050016609058890354,0.04864333513228679,linear,0.22184064265601613
T05,0,BG14,31,0.07776966691017151,0.8857142857142857,16,0.050016609058890354,0.04864333513228679,mlp,0.2706533088919764
T05,0,BG13,31,0.07776966691017151,0.8857142857142857,16,0.0598130966940773,0.0582080017753279,linear,0.17977082510080591
T05,0,BG13,31,0.07776966691017151,0.8857142857142857,16,0.0598130966940773,0.0582080017753279,mlp,0.29195555602431816
T05,0,BG12,8,0.9814466834068298,0.22857142857142856,16,0.044022684090600846,0.05082376778485423,linear,-0.010814879383130156
T05,0,BG12,8,0.9814466834068298,0.22857142857142856,16,0.044022684090600846,0.05082376778485423,mlp,0.05928745007712628
T05,0,BG7,27,0.30132922530174255,0.7714285714285715,16,0.041282480383308284,0.04730866086417824,linear,0.3244369844441823
T05,0,BG7,27,0.30132922530174255,0.7714285714285715,16,0.041282480383308284,0.04730866086417824,mlp,0.24229491063431396
T05,0,BG9,31,0.07776966691017151,0.8857142857142857,16,0.059275821189715944,0.05765900112709195,linear,0.18160975098732418
T05,0,BG9,31,0.07776966691017151,0.8857142857142857,16,0.059275821189715944,0.05765900112709195,mlp,0.2429648766915714
T05,0,BG14,16,0.9109315872192383,0.45714285714285713,16,0.04109856671209317,0.04763203944935884,linear,0.05879215251824285
T05,0,BG14,16,0.9109315872192383,0.45714285714285713,16,0.04109856671209317,0.04763203944935884,mlp,0.23622297522163446
T05,0,BG11,35,0.009900989942252636,1.0,16,0.06894624257378633,0.05003519662957978,linear,0.15213596948339592
T05,0,BG11,35,0.009900989942252636,1.0,16,0.06894624257378633,0.05003519662957978,mlp,0.12601564816833474
T05,0,BG8,16,0.9109315872192383,0.45714285714285713,16,0.08790247653809756,0.10196646185582436,linear,0.02916870587363534
T05,0,BG8,16,0.9109315872192383,0.45714285714285713,16,0.08790247653809756,0.10196646185582436,mlp,0.15367819828006968
T05,0,BG10,23,0.618124783039093,0.6571428571428571,16,0.028836558189107242,0.03341810641764833,linear,0.36535014074365973
T05,0,BG10,23,0.618124783039093,0.6571428571428571,16,0.028836558189107242,0.03341810641764833,mlp,0.20246019855825861
T05,0,BG13,4,0.9906675815582275,0.11428571428571428,16,0.041093296572748614,0.04735574561935775,linear,-0.004054409901940785
T05,0,BG13,4,0.9906675815582275,0.11428571428571428,16,0.041093296572748614,0.04735574561935775,mlp,0.061404543183264944
T05,0,BG4,27,0.30132922530174255,0.7714285714285715,16,0.018265209381434125,0.020914643994005173,linear,0.3340256949653695
T05,0,BG4,27,0.30132922530174255,0.7714285714285715,16,0.018265209381434125,0.020914643994005173,mlp,0.23862677433933444
T05,0,BG2,23,0.618124783039093,0.6571428571428571,16,0.01616009313862787,0.01870881075623355,linear,0.39862721763553216
T05,0,BG2,23,0.618124783039093,0.6571428571428571,16,0.01616009313862787,0.01870881075623355,mlp,0.3004302807715235
T05,0,BG7,23,0.618124783039093,0.6571428571428571,16,0.03263319351510274,0.037831511850166116,linear,0.4046447797949929
T05,0,BG7,23,0.618124783039093,0.6571428571428571,16,0.03263319351510274,0.037831511850166116,mlp,0.27328784476292567
T05,0,BG8,35,0.009900989942252636,1.0,16,0.08008498581662707,0.05800638542607369,linear,0.17839898904225307
T05,0,BG8,35,0.009900989942252636,1.0,16,0.08008498581662707,0.05800638542607369,mlp,0.1820776723568254
T05,0,BG1,4,0.9906675815582275,0.11428571428571428,16,0.011740752189262843,0.013540245728468688,linear,0.019059869279926922
T05,0,BG1,4,0.9906675815582275,0.11428571428571428,16,0.011740752189262843,0.013540245728468688,mlp,0.10825494043410325
T05,0,BG12,35,0.009900989942252636,1.0,16,0.07145105356866457,0.051829215803672515,linear,0.1532544603322463
T05,0,BG12,35,0.009900989942252636,1.0,16,0.07145105356866457,0.051829215803672515,mlp,0.11388759987429331
T05,0,BG3,19,0.831115186214447,0.5428571428571428,16,0.019071173701113095,0.02195692898466086,linear,0.38638092892463044
T05,0,BG3,19,0.831115186214447,0.5428571428571428,16,0.019071173701113095,0.02195692898466086,mlp,0.41361415269483226
T05,0,BG14,35,0.009900989942252636,1.0,16,0.05840680617716257,0.042349125002558954,linear,0.23535781789287147
T05,0,BG14,35,0.009900989942252636,1.0,16,0.05840680617716257,0.042349125002558954,mlp,0.21459066446418235
T05,0,BG12,27,0.30132922530174255,0.7714285714285715,16,0.0328918902381698,0.03767546905786629,linear,0.37705560645637615
T05,0,BG12,27,0.30132922530174255,0.7714285714285715,16,0.0328918902381698,0.03767546905786629,mlp,0.28037535507023775
T05,0,BG10,35,0.009900989942252636,1.0,16,0.07411592933126397,0.05375370061083437,linear,0.17270108367489165
T05,0,BG10,35,0.009900989942252636,1.0,16,0.07411592933126397,0.05375370061083437,mlp,0.15878673358704354
T05,0,BG14,4,0.9906675815582275,0.11428571428571428,16,0.061538057020887243,0.07083302269956022,linear,0.012221361734682417
T05,0,BG14,4,0.9906675815582275,0.11428571428571428,16,0.061538057020887243,0.07083302269956022,mlp,0.06662025718876742
T05,0,BG11,31,0.07776966691017151,0.8857142857142857,16,0.05681142472992561,0.055304948421823444,linear,0.17587138562603108
T05,0,BG11,31,0.07776966691017151,0.8857142857142857,16,0.05681142472992561,0.055304948421823444,mlp,0.25198042181096414
T05,0,BG1,12,0.9606394171714783,0.34285714285714286,16,0.013212532820434837,0.01527461476864077,linear,0.2621809196939456
T05,0,BG1,12,0.9606394171714783,0.34285714285714286,16,0.013212532820434837,0.01527461476864077,mlp,0.1447951988843674
T05,0,BG9,23,0.618124783039093,0.6571428571428571,16,0.029287046721090917,0.033949054040162324,linear,0.34151081098082514
T05,0,BG9,23,0.618124783039093,0.6571428571428571,16,0.029287046721090917,0.033949054040162324,mlp,0.17361983484656154
T05,0,BG3,35,0.009900989942252636,1.0,16,0.043348978210612635,0.03150005956502686,linear,0.19185092593665776
T05,0,BG3,35,0.009900989942252636,1.0,16,0.043348978210612635,0.03150005956502686,mlp,0.20115319684578245
T05,0,BG4,31,0.07776966691017151,0.8857142857142857,16,0.033536082867712175,0.03266461056808697,linear,0.177687805532177
T05,0,BG4,31,0.07776966691017151,0.8857142857142857,16,0.033536082867712175,0.03266461056808697,mlp,0.22153888090834883
T05,0,BG9,8,0.9814466834068298,0.22857142857142856,16,0.05163511810389329,0.05962557626438911,linear,-0.07545756013307625
T05,0,BG9,8,0.9814466834068298,0.22857142857142856,16,0.05163511810389329,0.05962557626438911,mlp,-0.010253604612347544
T05,0,BG6,27,0.30132922530174255,0.7714285714285715,16,0.040467692448933106,0.04635869665423458,linear,0.33471230879975433
T05,0,BG6,27,0.30132922530174255,0.7714285714285715,16,0.040467692448933106,0.04635869665423458,mlp,0.1954551648188902
T05,0,BG3,0,0.9950248599052429,0.0,16,0.01535523941466108,0.01769505459007662,linear,0.039882116221965525
T05,0,BG3,0,0.9950248599052429,0.0,16,0.01535523941466108,0.01769505459007662,mlp,0.0968004892955689
T05,0,BG9,12,0.9606394171714783,0.34285714285714286,16,0.048667713434857596,0.05624403633071727,linear,0.19911977839760872
T05,0,BG9,12,0.9606394171714783,0.34285714285714286,16,0.048667713434857596,0.05624403633071727,mlp,0.043435381052708506
T05,0,BG2,35,0.009900989942252636,1.0,16,0.04546910888016127,0.03302089255245751,linear,0.1893319418973087
T05,0,BG2,35,0.009900989942252636,1.0,16,0.04546910888016127,0.03302089255245751,mlp,0.12563908590888592
T05,0,BG8,31,0.07776966691017151,0.8857142857142857,16,0.0668906886908426,0.06497206562539927,linear,0.14177026659949782
T05,0,BG8,31,0.07776966691017151,0.8857142857142857,16,0.0668906886908426,0.06497206562539927,mlp,0.2370308449091485
T05,0,BG2,31,0.07776966691017151,0.8857142857142857,16,0.03854920833185527,0.0374827222287845,linear,0.15825977247188894
T05,0,BG2,31,0.07776966691017151,0.8857142857142857,16,0.03854920833185527,0.0374827222287845,mlp,0.2427969596445163
T05,0,BG14,12,0.9606394171714783,0.34285714285714286,16,0.04285190715925369,0.04949329203657457,linear,0.23938527566287096
T05,0,BG14,12,0.9606394171714783,0.34285714285714286,16,0.04285190715925369,0.04949329203657457,mlp,0.11052105546219772
T05,0,BG11,8,0.9814466834068298,0.22857142857142856,16,0.03674284742770684,0.04247591887073567,linear,0.0171906455272416
T05,0,BG11,8,0.9814466834068298,0.22857142857142856,16,0.03674284742770684,0.04247591887073567,mlp,0.08897596053304994
T05,0,BG13,8,0.9814466834068298,0.22857142857142856,16,0.03937085804846987,0.04547042207261766,linear,-0.023331260693804395
T05,0,BG13,8,0.9814466834068298,0.22857142857142856,16,0.03937085804846987,0.04547042207261766,mlp,0.0532515210521224
T05,0,BG1,23,0.618124783039093,0.6571428571428571,16,0.014457008332774635,0.0167338319766182,linear,0.3800785706331452
T05,0,BG1,23,0.618124783039093,0.6571428571428571,16,0.014457008332774635,0.0167338319766182,mlp,0.28210110972518604
T05,0,BG9,0,0.9950248599052429,0.0,16,0.05321031468624923,0.061287861870858454,linear,-0.05379517618322013
T05,0,BG9,0,0.9950248599052429,0.0,16,0.05321031468624923,0.061287861870858454,mlp,-0.04921413471791912
T05,0,BG6,0,0.9950248599052429,0.0,16,0.04220409867518776,0.04872076929588705,linear,0.008769862952777275
T05,0,BG6,0,0.9950248599052429,0.0,16,0.04220409867518776,0.04872076929588705,mlp,-0.0078019664443430975
T05,0,BG9,27,0.30132922530174255,0.7714285714285715,16,0.03198311973675656,0.03663617006614284,linear,0.3505360037764313
T05,0,BG9,27,0.30132922530174255,0.7714285714285715,16,0.03198311973675656,0.03663617006614284,mlp,0.24818231466238508
T05,0,BG3,8,0.9814466834068298,0.22857142857142856,16,0.014861487422744693,0.01716575367822598,linear,0.022296351603907843
T05,0,BG3,8,0.9814466834068298,0.22857142857142856,16,0.014861487422744693,0.01716575367822598,mlp,0.11975470319171438
T05,0,BG14,19,0.831115186214447,0.5428571428571428,16,0.045581265243888024,0.05254642881032096,linear,0.3790455496408105
T05,0,BG14,19,0.831115186214447,0.5428571428571428,16,0.045581265243888024,0.05254642881032096,mlp,0.3862170501239406
T05,0,BG15,19,0.831115186214447,0.5428571428571428,16,0.03181959001494882,0.036618208527929186,linear,0.3793360382513961
T05,0,BG15,19,0.831115186214447,0.5428571428571428,16,0.03181959001494882,0.036618208527929186,mlp,0.41160479566027275
T05,0,BG3,23,0.618124783039093,0.6571428571428571,16,0.014685625987641593,0.016999048169671422,linear,0.3495507209061925
T05,0,BG3,23,0.618124783039093,0.6571428571428571,16,0.014685625987641593,0.016999048169671422,mlp,0.27085331015547537
T05,0,BG8,8,0.9814466834068298,0.22857142857142856,16,0.08931312189723536,0.10308848613478952,linear,-0.010792302415977367
T05,0,BG8,8,0.9814466834068298,0.22857142857142856,16,0.08931312189723536,0.10308848613478952,mlp,0.024879129029031256
T05,0,BG14,23,0.618124783039093,0.6571428571428571,16,0.027157611811703085,0.03146310809829874,linear,0.35874433278300166
T05,0,BG14,23,0.618124783039093,0.6571428571428571,16,0.027157611811703085,0.03146310809829874,mlp,0.24707251156588014
T05,0,BG5,8,0.9814466834068298,0.22857142857142856,16,0.04402102932839813,0.05085596776817803,linear,-0.041233784736618415
T05,0,BG5,8,0.9814466834068298,0.22857142857142856,16,0.04402102932839813,0.05085596776817803,mlp,0.00033437831074711557
T05,0,BG10,16,0.9109315872192383,0.45714285714285713,16,0.049831369329362496,0.057852455879218,linear,0.075331059680376
T05,0,BG10,16,0.9109315872192383,0.45714285714285713,16,0.049831369329362496,0.057852455879218,mlp,0.2300450074199894
T05,0,BG2,12,0.9606394171714783,0.34285714285714286,16,0.014243138660419012,0.016466431628397706,linear,0.26274625453200384
T05,0,BG2,12,0.9606394171714783,0.34285714285714286,16,0.014243138660419012,0.016466431628397706,mlp,0.13950454213670563
T05,0,BG6,31,0.07776966691017151,0.8857142857142857,16,0.07485060199120334,0.072785374432254,linear,0.19625849890586125
T05,0,BG6,31,0.07776966691017151,0.8857142857142857,16,0.07485060199120334,0.072785374432254,mlp,0.26725405231474864
T05,0,BG5,19,0.831115186214447,0.5428571428571428,16,0.05143203190704586,0.0593613922063228,linear,0.3692138322968158
T05,0,BG5,19,0.831115186214447,0.5428571428571428,16,0.05143203190704586,0.0593613922063228,mlp,0.34749766260642484
T05,0,BG2,19,0.831115186214447,0.5428571428571428,16,0.03406448947909406,0.03926976738374722,linear,0.40643835798725914
T05,0,BG2,19,0.831115186214447,0.5428571428571428,16,0.03406448947909406,0.03926976738374722,mlp,0.4042335914351173
T05,0,BG10,31,0.07776966691017151,0.8857142857142857,16,0.062246431783424205,0.060531128420625,linear,0.19627684357292205
T05,0,BG10,31,0.07776966691017151,0.8857142857142857,16,0.062246431783424205,0.060531128420625,mlp,0.2476946943738677
T05,0,BG7,12,0.9606394171714783,0.34285714285714286,16,0.059234714404064595,0.06861726517748906,linear,0.20634403190112607
T05,0,BG7,12,0.9606394171714783,0.34285714285714286,16,0.059234714404064595,0.06861726517748906,mlp,-0.01981815697741998
T05,0,BG12,12,0.9606394171714783,0.34285714285714286,16,0.037754224361078545,0.04363886064061727,linear,0.23751348483115536
T05,0,BG12,12,0.9606394171714783,0.34285714285714286,16,0.037754224361078545,0.04363886064061727,mlp,0.08843253428129036
T05,0,BG11,19,0.831115186214447,0.5428571428571428,16,0.061500384948538565,0.07088583542168041,linear,0.35922047732047907
T05,0,BG11,19,0.831115186214447,0.5428571428571428,16,0.061500384948538565,0.07088583542168041,mlp,0.35377265683344056
T05,0,BG11,4,0.9906675815582275,0.11428571428571428,16,0.03837484591727944,0.04426801993298386,linear,0.016658980087294165
T05,0,BG11,4,0.9906675815582275,0.11428571428571428,16,0.03837484591727944,0.04426801993298386,mlp,0.05929421233268877
T05,0,BG13,27,0.30132922530174255,0.7714285714285715,16,0.032522025893163956,0.037264645766978924,linear,0.3614364000509741
T05,0,BG13,27,0.30132922530174255,0.7714285714285715,16,0.032522025893163956,0.037264645766978924,mlp,0.27701173856385725
T05,0,BG2,16,0.9109315872192383,0.45714285714285713,16,0.030592256651459843,0.03544969843967247,linear,0.09226915755867694
T05,0,BG2,16,0.9109315872192383,0.45714285714285713,16,0.030592256651459843,0.03544969843967247,mlp,0.26413368014788596
T05,0,BG2,4,0.9906675815582275,0.11428571428571428,16,0.013067421314528902,0.015068198606237263,linear,0.021134914465159124
T05,0,BG2,4,0.9906675815582275,0.11428571428571428,16,0.013067421314528902,0.015068198606237263,mlp,0.1105756152843225
T05,0,BG1,35,0.009900989942252636,1.0,16,0.04163471826179209,0.030252581247066826,linear,0.21753548044121684
T05,0,BG1,35,0.009900989942252636,1.0,16,0.04163471826179209,0.030252581247066826,mlp,0.21465943457151251
T05,0,BG3,31,0.07776966691017151,0.8857142857142857,16,0.035522486384940294,0.034594021402428524,linear,0.2545047283322363
T05,0,BG3,31,0.07776966691017151,0.8857142857142857,16,0.035522486384940294,0.034594021402428524,mlp,0.3059681784535655
T05,0,BG14,8,0.9814466834068298,0.22857142857142856,16,0.05622168493893423,0.06485213567759647,linear,0.012735532439327483
T05,0,BG14,8,0.9814466834068298,0.22857142857142856,16,0.05622168493893423,0.06485213567759647,mlp,0.08431488278931432
T05,0,BG1,31,0.07776966691017151,0.8857142857142857,16,0.03519350402550427,0.03423151678542928,linear,0.20357648753158628
T05,0,BG1,31,0.07776966691017151,0.8857142857142857,16,0.03519350402550427,0.03423151678542928,mlp,0.24342354991732154
T05,0,BG15,4,0.9906675815582275,0.11428571428571428,16,0.027408620684970984,0.03157665116795018,linear,0.012320943316957461
T05,0,BG15,4,0.9906675815582275,0.11428571428571428,16,0.027408620684970984,0.03157665116795018,mlp,0.09381320269590024
T05,0,BG12,19,0.831115186214447,0.5428571428571428,16,0.04022647892815188,0.04639118756084504,linear,0.37164193209564855
T05,0,BG12,19,0.831115186214447,0.5428571428571428,16,0.04022647892815188,0.04639118756084504,mlp,0.38438123199486884
T05,0,BG9,19,0.831115186214447,0.5428571428571428,16,0.10837469090552528,0.12490313651517754,linear,0.33818474675377985
T05,0,BG9,19,0.831115186214447,0.5428571428571428,16,0.10837469090552528,0.12490313651517754,mlp,0.33868380828670314
T05,0,BG8,19,0.831115186214447,0.5428571428571428,16,0.07981725748237169,0.09193721367316633,linear,0.09568301906529102
T05,0,BG8,19,0.831115186214447,0.5428571428571428,16,0.07981725748237169,0.09193721367316633,mlp,0.16514929279688334
T05,0,BG10,19,0.831115186214447,0.5428571428571428,16,0.0601839877321758,0.06937804505621312,linear,0.36152503663686913
T05,0,BG10,19,0.831115186214447,0.5428571428571428,16,0.0601839877321758,0.06937804505621312,mlp,0.33592896997379196
T05,0,BG6,23,0.618124783039093,0.6571428571428571,16,0.03613019072729866,0.041839664637905796,linear,0.3890132326729791
T05,0,BG6,23,0.618124783039093,0.6571428571428571,16,0.03613019072729866,0.041839664637905796,mlp,0.27330964386451656
T05,0,BG5,23,0.618124783039093,0.6571428571428571,16,0.029808230394628682,0.034521361777338985,linear,0.3640382892024497
T05,0,BG5,23,0.618124783039093,0.6571428571428571,16,0.029808230394628682,0.034521361777338985,mlp,0.25136758460639774
T05,0,BG6,19,0.831115186214447,0.5428571428571428,16,0.06412879458504117,0.07396323873784678,linear,0.34795886780089985
T05,0,BG6,19,0.831115186214447,0.5428571428571428,16,0.06412879458504117,0.07396323873784678,mlp,0.3208438818261802
T05,0,BG10,8,0.9814466834068298,0.22857142857142856,16,0.05269387475045103,0.060872935470428574,linear,0.01600792345630919
T05,0,BG10,8,0.9814466834068298,0.22857142857142856,16,0.05269387475045103,0.060872935470428574,mlp,0.06958728063518786
T05,0,BG7,8,0.9814466834068298,0.22857142857142856,16,0.06257031847500491,0.07243480610382605,linear,-0.11592612582725013
T05,0,BG7,8,0.9814466834068298,0.22857142857142856,16,0.06257031847500491,0.07243480610382605,mlp,-0.06478304973964341
T05,0,BG13,12,0.9606394171714783,0.34285714285714286,16,0.03515669237651451,0.04065068998722968,linear,0.23370285052147416
T05,0,BG13,12,0.9606394171714783,0.34285714285714286,16,0.03515669237651451,0.04065068998722968,mlp,0.08623464055484605
T05,0,BG13,16,0.9109315872192383,0.45714285714285713,16,0.03192342864191418,0.03701083261966512,linear,0.04008796672942586
T05,0,BG13,16,0.9109315872192383,0.45714285714285713,16,0.03192342864191418,0.03701083261966512,mlp,0.2526623547611182
T05,0,BG15,8,0.9814466834068298,0.22857142857142856,16,0.026147170841471837,0.03018795811108302,linear,0.01403097962023594
T05,0,BG15,8,0.9814466834068298,0.22857142857142856,16,0.026147170841471837,0.03018795811108302,mlp,0.10959031041025023
T05,0,BG12,4,0.9906675815582275,0.11428571428571428,16,0.04631824347568196,0.05335503175781105,linear,0.006690251983158418
T05,0,BG12,4,0.9906675815582275,0.11428571428571428,16,0.04631824347568196,0.05335503175781105,mlp,0.050509568773777276
T05,0,BG2,0,0.9950248599052429,0.0,16,0.013100139656209077,0.015097825125300997,linear,0.02950680444469928
T05,0,BG2,0,0.9950248599052429,0.0,16,0.013100139656209077,0.015097825125300997,mlp,0.06697360629013493
T05,0,BG9,16,0.9109315872192383,0.45714285714285713,16,0.0620002805762053,0.0718462700043821,linear,0.0022951619973053537
T05,0,BG9,16,0.9109315872192383,0.45714285714285713,16,0.0620002805762053,0.0718462700043821,mlp,0.23217858748896103
T05,0,BG4,4,0.9906675815582275,0.11428571428571428,16,0.01463399497750251,0.016875458821392922,linear,0.011426397884755244
T05,0,BG4,4,0.9906675815582275,0.11428571428571428,16,0.01463399497750251,0.016875458821392922,mlp,0.10546420390626465
T05,0,BG7,31,0.07776966691017151,0.8857142857142857,16,0.07572531416482679,0.07366647859828857,linear,0.06420931265690001
T05,0,BG7,31,0.07776966691017151,0.8857142857142857,16,0.07572531416482679,0.07366647859828857,mlp,0.0841380213300492
T05,0,BG3,16,0.9109315872192383,0.45714285714285713,16,0.01537203661865025,0.017807762612745845,linear,0.07155873130055963
T05,0,BG3,16,0.9109315872192383,0.45714285714285713,16,0.01537203661865025,0.017807762612745845,mlp,0.2769775283078518
T05,0,BG1,19,0.831115186214447,0.5428571428571428,16,0.02463439592984088,0.028406970697949466,linear,0.3988312456706052
T05,0,BG1,19,0.831115186214447,0.5428571428571428,16,0.02463439592984088,0.028406970697949466,mlp,0.4053454662542548
T05,0,BG10,12,0.9606394171714783,0.34285714285714286,16,0.043619670054494686,0.05044888255078973,linear,0.2533495226676032
T05,0,BG10,12,0.9606394171714783,0.34285714285714286,16,0.043619670054494686,0.05044888255078973,mlp,0.08872186601211061
T05,0,BG2,27,0.30132922530174255,0.7714285714285715,16,0.020572424964659393,0.023543339567420694,linear,0.40406021160349914
T05,0,BG2,27,0.30132922530174255,0.7714285714285715,16,0.020572424964659393,0.023543339567420694,mlp,0.2796129594764078
T05,0,BG12,16,0.9109315872192383,0.45714285714285713,16,0.03283494251944387,0.038041015829657715,linear,0.03763922101601442
T05,0,BG12,16,0.9109315872192383,0.45714285714285713,16,0.03283494251944387,0.038041015829657715,mlp,0.24583383451297403
T05,0,BG15,27,0.30132922530174255,0.7714285714285715,16,0.025205482895433687,0.028863658362931414,linear,0.35826220452140517
T05,0,BG15,27,0.30132922530174255,0.7714285714285715,16,0.025205482895433687,0.028863658362931414,mlp,0.27240734395811034
T05,0,BG15,12,0.9606394171714783,0.34285714285714286,16,0.02437498743186845,0.02816650139096099,linear,0.2549656440298316
T05,0,BG15,12,0.9606394171714783,0.34285714285714286,16,0.02437498743186845,0.02816650139096099,mlp,0.14735702978959797
T05,0,BG11,16,0.9109315872192383,0.45714285714285713,16,0.033773423007834626,0.03915865655243925,linear,0.06723742464506949
T05,0,BG11,16,0.9109315872192383,0.45714285714285713,16,0.033773423007834626,0.03915865655243925,mlp,0.25351594444935016
T05,0,BG13,23,0.618124783039093,0.6571428571428571,16,0.02477554803998589,0.028712997834751557,linear,0.35864824148704266
T05,0,BG13,23,0.618124783039093,0.6571428571428571,16,0.02477554803998589,0.028712997834751557,mlp,0.24093715625032114
T05,0,BG12,31,0.07776966691017151,0.8857142857142857,16,0.0609747974598145,0.05928252575890348,linear,0.1891008830054321
T05,0,BG12,31,0.07776966691017151,0.8857142857142857,16,0.0609747974598145,0.05928252575890348,mlp,0.2755600608351734
T05,0,BG7,19,0.831115186214447,0.5428571428571428,16,0.04265265991282575,0.04922456118906657,linear,0.4016259133699697
T05,0,BG7,19,0.831115186214447,0.5428571428571428,16,0.04265265991282575,0.04922456118906657,mlp,0.38643824888009437
T05,0,BG15,31,0.07776966691017151,0.8857142857142857,16,0.04482332412543801,0.04363462359700044,linear,0.1642064674160322
T05,0,BG15,31,0.07776966691017151,0.8857142857142857,16,0.04482332412543801,0.04363462359700044,mlp,0.24857714137168704
T05,0,BG5,12,0.9606394171714783,0.34285714285714286,16,0.04191641803194071,0.04847716119227856,linear,0.20419172633228405
T05,0,BG5,12,0.9606394171714783,0.34285714285714286,16,0.04191641803194071,0.04847716119227856,mlp,0.039102082536841415
T05,0,BG8,27,0.30132922530174255,0.7714285714285715,16,0.03552162963091036,0.04067437493681787,linear,0.37449320531574015
T05,0,BG8,27,0.30132922530174255,0.7714285714285715,16,0.03552162963091036,0.04067437493681787,mlp,0.27891925224595937
T05,0,BG5,27,0.30132922530174255,0.7714285714285715,16,0.039611438478924905,0.04534055577932523,linear,0.3547540637749159
T05,0,BG5,27,0.30132922530174255,0.7714285714285715,16,0.039611438478924905,0.04534055577932523,mlp,0.23842335136786527
T05,0,BG7,4,0.9906675815582275,0.11428571428571428,16,0.06364934517207853,0.07353644393710262,linear,-0.11975260145566415
T05,0,BG7,4,0.9906675815582275,0.11428571428571428,16,0.06364934517207853,0.07353644393710262,mlp,-0.06724457679452775
T05,0,BG5,31,0.07776966691017151,0.8857142857142857,16,0.06912152883563807,0.06719639383576093,linear,-0.060807773250229936
T05,0,BG5,31,0.07776966691017151,0.8857142857142857,16,0.06912152883563807,0.06719639383576093,mlp,0.22596169329140353
T05,0,BG10,27,0.30132922530174255,0.7714285714285715,16,0.03324371141576801,0.038083837217789865,linear,0.34877613040061733
T05,0,BG10,27,0.30132922530174255,0.7714285714285715,16,0.03324371141576801,0.038083837217789865,mlp,0.20600171693463554
T05,0,BG6,8,0.9814466834068298,0.22857142857142856,16,0.042701124255093696,0.04941316441373601,linear,-0.0023600679163794727
T05,0,BG6,8,0.9814466834068298,0.22857142857142856,16,0.042701124255093696,0.04941316441373601,mlp,0.05349809507996524
T05,0,BG4,12,0.9606394171714783,0.34285714285714286,16,0.013891475196142906,0.016063248395254894,linear,0.2568859905797406
T05,0,BG4,12,0.9606394171714783,0.34285714285714286,16,0.013891475196142906,0.016063248395254894,mlp,0.14839426025956062
T05,0,BG4,35,0.009900989942252636,1.0,16,0.04115530706445303,0.029895583932411308,linear,0.2240009482401841
T05,0,BG4,35,0.009900989942252636,1.0,16,0.04115530706445303,0.029895583932411308,mlp,0.21256374660640975
T05,0,BG6,16,0.9109315872192383,0.45714285714285713,16,0.043994753018969594,0.05100548797346251,linear,0.05911568511141225
T05,0,BG6,16,0.9109315872192383,0.45714285714285713,16,0.043994753018969594,0.05100548797346251,mlp,0.24084319601609339
T05,0,BG8,0,0.9950248599052429,0.0,16,0.0954439314357213,0.10992044394252326,linear,0.008666691487263784
T05,0,BG8,0,0.9950248599052429,0.0,16,0.0954439314357213,0.10992044394252326,mlp,-0.010374047213601452
T05,0,BG13,35,0.009900989942252636,1.0,16,0.07040262887954832,0.05112288144553845,linear,0.13670225928563573
T05,0,BG13,35,0.009900989942252636,1.0,16,0.07040262887954832,0.05112288144553845,mlp,0.15940722434578797
T05,0,BG15,23,0.618124783039093,0.6571428571428571,16,0.02126331322631357,0.024617372552715934,linear,0.34043361488846663
T05,0,BG15,23,0.618124783039093,0.6571428571428571,16,0.02126331322631357,0.024617372552715934,mlp,0.25880193528101214
T05,0,BG3,12,0.9606394171714783,0.34285714285714286,16,0.014349019026274754,0.016586804751711294,linear,0.2674569441735346
T05,0,BG3,12,0.9606394171714783,0.34285714285714286,16,0.014349019026274754,0.016586804751711294,mlp,0.15501860080256008
T05,0,BG1,8,0.9814466834068298,0.22857142857142856,16,0.012069217964592791,0.013943807806438606,linear,0.020558280009902508
T05,0,BG1,8,0.9814466834068298,0.22857142857142856,16,0.012069217964592791,0.013943807806438606,mlp,0.11824507230252002
T05,0,BG6,35,0.009900989942252636,1.0,16,0.08799726695651891,0.06384772580531922,linear,0.1843677290316719
T05,0,BG6,35,0.009900989942252636,1.0,16,0.08799726695651891,0.06384772580531922,mlp,0.17165608855678166
T05,0,BG1,27,0.30132922530174255,0.7714285714285715,16,0.019362653788686762,0.022155325243610906,linear,0.36192317979357186
T05,0,BG1,27,0.30132922530174255,0.7714285714285715,16,0.019362653788686762,0.022155325243610906,mlp,0.23631747818984722
T05,0,BG5,16,0.9109315872192383,0.45714285714285713,16,0.05262907898873408,0.060924105936126474,linear,0.030442589473011074
T05,0,BG5,16,0.9109315872192383,0.45714285714285713,16,0.05262907898873408,0.060924105936126474,mlp,0.1906561538955507
T05,0,BG12,0,0.9950248599052429,0.0,16,0.047290848928317114,0.0544512178718425,linear,0.015971144163121603
T05,0,BG12,0,0.9950248599052429,0.0,16,0.047290848928317114,0.0544512178718425,mlp,0.047588368357871856
T05,0,BG7,0,0.9950248599052429,0.0,16,0.06407102255442501,0.07399297742193209,linear,-0.1155050670151483
T05,0,BG7,0,0.9950248599052429,0.0,16,0.06407102255442501,0.07399297742193209,mlp,-0.08084176659363543
T05,0,BG6,4,0.9906675815582275,0.11428571428571428,16,0.042348693930528675,0.04891044902325053,linear,-0.00021812532134973646
T05,0,BG6,4,0.9906675815582275,0.11428571428571428,16,0.042348693930528675,0.04891044902325053,mlp,0.02174575905660368
T05,0,BG8,23,0.618124783039093,0.6571428571428571,16,0.03732204455434336,0.043273772425334076,linear,0.33824308726776753
T05,0,BG8,23,0.618124783039093,0.6571428571428571,16,0.03732204455434336,0.043273772425334076,mlp,0.15111628651601203
T05,0,BG7,16,0.9109315872192383,0.45714285714285713,16,0.05355265471899724,0.06210670286747154,linear,-0.026390091756541372
T05,0,BG7,16,0.9109315872192383,0.45714285714285713,16,0.05355265471899724,0.06210670286747154,mlp,0.1900385542597866
T05,0,BG5,4,0.9906675815582275,0.11428571428571428,16,0.04534369524705371,0.05227346052230547,linear,-0.0423990509952489
T05,0,BG5,4,0.9906675815582275,0.11428571428571428,16,0.04534369524705371,0.05227346052230547,mlp,-0.01866578761956743
T05,0,BG15,16,0.9109315872192383,0.45714285714285713,16,0.023724576335987256,0.02746027463770334,linear,0.08311014803348445
T05,0,BG15,16,0.9109315872192383,0.45714285714285713,16,0.023724576335987256,0.02746027463770334,mlp,0.27856810884169264
T05,0,BG11,0,0.9950248599052429,0.0,16,0.03910968022750188,0.04509109969609858,linear,0.023600362694869148
T05,0,BG11,0,0.9950248599052429,0.0,16,0.03910968022750188,0.04509109969609858,mlp,0.036185171064381356
T05,0,BG4,8,0.9814466834068298,0.22857142857142856,16,0.014378296063672823,0.0166130795572554,linear,0.005571254797793022
T05,0,BG4,8,0.9814466834068298,0.22857142857142856,16,0.014378296063672823,0.0166130795572554,mlp,0.10791240852828958
T05,0,BG5,35,0.009900989942252636,1.0,16,0.07897477551487628,0.057348861137469134,linear,0.12185907567268589
T05,0,BG5,35,0.009900989942252636,1.0,16,0.07897477551487628,0.057348861137469134,mlp,0.155704967801671
T05,0,BG1,16,0.9109315872192383,0.45714285714285713,16,0.023222151294834348,0.026912235840972673,linear,0.08261770877030242
T05,0,BG1,16,0.9109315872192383,0.45714285714285713,16,0.023222151294834348,0.026912235840972673,mlp,0.26599877396171595
T05,0,BG11,27,0.30132922530174255,0.7714285714285715,16,0.03000641536234898,0.034380856176731076,linear,0.3339979965026625
T05,0,BG11,27,0.30132922530174255,0.7714285714285715,16,0.03000641536234898,0.034380856176731076,mlp,0.2240284990626797
T05,0,BG11,23,0.618124783039093,0.6571428571428571,16,0.02713975093662519,0.03143652294764844,linear,0.36839005906488664
T05,0,BG11,23,0.618124783039093,0.6571428571428571,16,0.02713975093662519,0.03143652294764844,mlp,0.24118116386290803
T05,0,BG6,12,0.9606394171714783,0.34285714285714286,16,0.04239938989498268,0.04909886863491272,linear,0.24227930676156448
T05,0,BG6,12,0.9606394171714783,0.34285714285714286,16,0.04239938989498268,0.04909886863491272,mlp,0.08637426472029702
T05,0,BG4,0,0.9950248599052429,0.0,16,0.014806168392263695,0.0170641537987586,linear,0.02141551398137508
T05,0,BG4,0,0.9950248599052429,0.0,16,0.014806168392263695,0.0170641537987586,mlp,0.08068112385576352
T05,0,BG15,35,0.009900989942252636,1.0,16,0.05282355252028934,0.038330709595970916,linear,0.13773572663800251
T05,0,BG15,35,0.009900989942252636,1.0,16,0.05282355252028934,0.038330709595970916,mlp,0.1586451661147065
T05,0,BG14,0,0.9950248599052429,0.0,16,0.06391113226802433,0.07353558732358198,linear,0.02231480820143099
T05,0,BG14,0,0.9950248599052429,0.0,16,0.06391113226802433,0.07353558732358198,mlp,0.056761717850932376
T05,0,BG8,4,0.9906675815582275,0.11428571428571428,16,0.09325755829885796,0.10743442347146936,linear,-0.0013068614617172411
T05,0,BG8,4,0.9906675815582275,0.11428571428571428,16,0.09325755829885796,0.10743442347146936,mlp,-0.004631298350843035
T05,0,BG4,23,0.618124783039093,0.6571428571428571,16,0.01427034834393818,0.016515636925752503,linear,0.3371904330535432
T05,0,BG4,23,0.618124783039093,0.6571428571428571,16,0.01427034834393818,0.016515636925752503,mlp,0.2634347024236307
T05,0,BG3,4,0.9906675815582275,0.11428571428571428,16,0.015184584658354872,0.017507536733241517,linear,0.02882380342047201
T05,0,BG3,4,0.9906675815582275,0.11428571428571428,16,0.015184584658354872,0.017507536733241517,mlp,0.11668320882826506
T05,0,BG5,0,0.9950248599052429,0.0,16,0.045592210265058136,0.05253236766752284,linear,-0.027629455225568755
T05,0,BG5,0,0.9950248599052429,0.0,16,0.045592210265058136,0.05253236766752284,mlp,-0.030590472916185087
T05,0,BG10,4,0.9906675815582275,0.11428571428571428,16,0.05758384647012319,0.066386806548863,linear,0.019345086429476716
T05,0,BG10,4,0.9906675815582275,0.11428571428571428,16,0.05758384647012319,0.066386806548863,mlp,0.05120735273902681
T05,0,BG3,27,0.30132922530174255,0.7714285714285715,16,0.01891907002533569,0.021661719959215744,linear,0.37159821675248433
T05,0,BG3,27,0.30132922530174255,0.7714285714285715,16,0.01891907002533569,0.021661719959215744,mlp,0.2872658861012783
T05,0,BG10,0,0.9950248599052429,0.0,16,0.059974419992726145,0.0691108162513134,linear,0.03233558779181822
T05,0,BG10,0,0.9950248599052429,0.0,16,0.059974419992726145,0.0691108162513134,mlp,0.04209017215795227
T05,0,BG4,19,0.831115186214447,0.5428571428571428,16,0.018698571697258047,0.021538163733681157,linear,0.38261264512148957
T05,0,BG4,19,0.831115186214447,0.5428571428571428,16,0.018698571697258047,0.021538163733681157,mlp,0.4087146463237814
T05,0,BG12,23,0.618124783039093,0.6571428571428571,16,0.02560050326966585,0.029671764740220576,linear,0.36739875873168315
T05,0,BG12,23,0.618124783039093,0.6571428571428571,16,0.02560050326966585,0.029671764740220576,mlp,0.2364484851189695
T05,0,BG1,0,0.9950248599052429,0.0,16,0.011649598108732598,0.013428074703610958,linear,0.02522913154922922
T05,0,BG1,0,0.9950248599052429,0.0,16,0.011649598108732598,0.013428074703610958,mlp,0.06330456589325222
T05,0,BG9,35,0.009900989942252636,1.0,16,0.0718007267373087,0.05201458462998415,linear,0.14301693014324987
T05,0,BG9,35,0.009900989942252636,1.0,16,0.0718007267373087,0.05201458462998415,mlp,0.11744678000772962
T05,0,BG15,0,0.9950248599052429,0.0,16,0.02782366112921054,0.03203842714992145,linear,0.02363814135119132
T05,0,BG15,0,0.9950248599052429,0.0,16,0.02782366112921054,0.03203842714992145,mlp,0.07819388405677254
