task,seed,background,ADE_GT,FDE_GT,nADE_GT,nFDE_GT,D_traj_BG,nD_traj_BG,visible_fraction,valid_frame_fraction,paired_valid_frame_fraction,tracker_failed,paired_tracker_failed,n_points,gt_tracker_ADE_point_px,confidence_status,action_hash,physical_state_hash,standard_noise_hash,confidence_mean,confidence_min,visibility_probability_min,lost_track_fraction,confidence_below_half_fraction,GT_tracker_background_drift_px,above_GT_tracker_background_floor,delta_nADE_vs_BG0,ADE_GT_mean_landmarks_px,legacy_RMS_landmark_motion_difference_px
Original,0,BG0,1.6456586108725162,3.9207105143664447,0.004545532669007773,0.010829535124132459,0.0,0.0,1.0,1.0,1.0,False,False,4,0.2551948226366686,continuous official CoTracker3 confidence recovered; unchanged source tracks verified,2ed4e86484ba454a1f701f898134fc61c6b43b262ec7a48989d304f71309d8b7,0ea882672f492d84780f4b57128af453fe129efd52f72b15ce35490ca6da1069,71d6ad97b54100358729448f34758e00ee23a6c8b3a384cc68f55bc359bd4356,0.9999433755874634,0.9996869564056396,0.9977138042449951,0.0,0.0,0.0,False,0.0,1.6677882431195385,0.0
Original,1,BG0,2.190348805684703,5.030757776991243,0.006050040990873082,0.013895636478974488,0.0,0.0,1.0,1.0,1.0,False,False,4,0.2551948226366686,continuous official CoTracker3 confidence recovered; unchanged source tracks verified,2ed4e86484ba454a1f701f898134fc61c6b43b262ec7a48989d304f71309d8b7,0ea882672f492d84780f4b57128af453fe129efd52f72b15ce35490ca6da1069,f81805e30c0fa864bee1e1c256000472db9b193be90a5166fafbce60c146bf52,0.9999383091926575,0.999651312828064,0.9975826740264893,0.0,0.0,0.0,False,0.0,2.2138545924138073,0.0
Original,2,BG0,1.8754277008695173,4.905843991508973,0.00518018611292942,0.013550607632184663,0.0,0.0,1.0,1.0,1.0,False,False,4,0.2551948226366686,continuous official CoTracker3 confidence recovered; unchanged source tracks verified,2ed4e86484ba454a1f701f898134fc61c6b43b262ec7a48989d304f71309d8b7,0ea882672f492d84780f4b57128af453fe129efd52f72b15ce35490ca6da1069,2f019c9f2ecf65bdc0aa61ea74b948111ac6fc9fbdc0c7b9e3edc5ae657a4836,0.9999538660049438,0.999711811542511,0.9978895783424377,0.0,0.0,0.0,False,0.0,1.9429067185721105,0.0
Original,0,BG1,3.927728758022306,9.153852432492792,0.010848920466636673,0.025284184097643072,2.430945873260498,0.0067146027799998105,1.0,1.0,1.0,False,False,4,0.2730511576682436,continuous official CoTracker3 confidence recovered; unchanged source tracks verified,2ed4e86484ba454a1f701f898134fc61c6b43b262ec7a48989d304f71309d8b7,0ea882672f492d84780f4b57128af453fe129efd52f72b15ce35490ca6da1069,71d6ad97b54100358729448f34758e00ee23a6c8b3a384cc68f55bc359bd4356,0.9999645948410034,0.9997772574424744,0.9980059266090393,0.0,0.0,0.03671395406126976,True,0.0063033877976289,3.9344873968497964,2.45916878283977
Original,1,BG1,3.439822213562946,7.750374619250595,0.00950125630190031,0.021407587695344538,1.3310407400131226,0.003676515364448591,1.0,1.0,1.0,False,False,4,0.2730511576682436,continuous official CoTracker3 confidence recovered; unchanged source tracks verified,2ed4e86484ba454a1f701f898134fc61c6b43b262ec7a48989d304f71309d8b7,0ea882672f492d84780f4b57128af453fe129efd52f72b15ce35490ca6da1069,f81805e30c0fa864bee1e1c256000472db9b193be90a5166fafbce60c146bf52,0.9999666213989258,0.9997829794883728,0.9983848333358765,0.0,0.0,0.03671395406126976,True,0.003451215311027228,3.4461818348548,1.3460646013486088
Original,2,BG1,2.2325220138689907,5.943995453709721,0.0061665291216992605,0.01641812301820372,0.4987603724002838,0.0013776439121537829,1.0,1.0,1.0,False,False,4,0.2730511576682436,continuous official CoTracker3 confidence recovered; unchanged source tracks verified,2ed4e86484ba454a1f701f898134fc61c6b43b262ec7a48989d304f71309d8b7,0ea882672f492d84780f4b57128af453fe129efd52f72b15ce35490ca6da1069,2f019c9f2ecf65bdc0aa61ea74b948111ac6fc9fbdc0c7b9e3edc5ae657a4836,0.9999632835388184,0.9997614026069641,0.9982471466064453,0.0,0.0,0.03671395406126976,True,0.0009863430087698405,2.3077874463963064,0.5069336436916363
Original,0,BG2,2.119820953858854,5.283645627523307,0.0058552334819333245,0.01459414708050149,0.5590561628341675,0.0015441890773600412,1.0,1.0,1.0,False,False,4,0.27294335846211426,continuous official CoTracker3 confidence recovered; unchanged source tracks verified,2ed4e86484ba454a1f701f898134fc61c6b43b262ec7a48989d304f71309d8b7,0ea882672f492d84780f4b57128af453fe129efd52f72b15ce35490ca6da1069,71d6ad97b54100358729448f34758e00ee23a6c8b3a384cc68f55bc359bd4356,0.9999592900276184,0.999721109867096,0.9984246492385864,0.0,0.0,0.03730643540620804,True,0.001309700812925551,2.1365994788874403,0.5775462329575237
Original,1,BG2,2.2702368783324665,5.226868422493627,0.006270702701440102,0.014437320726230765,0.1020728126168251,0.00028193897646930003,1.0,1.0,1.0,False,False,4,0.27294335846211426,continuous official CoTracker3 confidence recovered; unchanged source tracks verified,2ed4e86484ba454a1f701f898134fc61c6b43b262ec7a48989d304f71309d8b7,0ea882672f492d84780f4b57128af453fe129efd52f72b15ce35490ca6da1069,f81805e30c0fa864bee1e1c256000472db9b193be90a5166fafbce60c146bf52,0.9999523162841797,0.9997227787971497,0.9973684549331665,0.0,0.0,0.03730643540620804,True,0.00022066171056701975,2.2916325822709225,0.12430709768968251
Original,2,BG2,1.7913435805779614,4.7272341900180335,0.004947934348678387,0.013057263093822841,0.1224132627248764,0.00033812206320285365,1.0,1.0,1.0,False,False,4,0.27294335846211426,continuous official CoTracker3 confidence recovered; unchanged source tracks verified,2ed4e86484ba454a1f701f898134fc61c6b43b262ec7a48989d304f71309d8b7,0ea882672f492d84780f4b57128af453fe129efd52f72b15ce35490ca6da1069,2f019c9f2ecf65bdc0aa61ea74b948111ac6fc9fbdc0c7b9e3edc5ae657a4836,0.9999672174453735,0.9998016953468323,0.9984976053237915,0.0,0.0,0.03730643540620804,True,-0.00023225176425103328,1.864989888895721,0.14211061675780484
Original,0,BG3,4.256790163007256,10.145568122991191,0.011757832774807108,0.028023437573270093,2.7501072883605957,0.007596169971055958,1.0,1.0,1.0,False,False,4,0.26175689545176956,continuous official CoTracker3 confidence recovered; unchanged source tracks verified,2ed4e86484ba454a1f701f898134fc61c6b43b262ec7a48989d304f71309d8b7,0ea882672f492d84780f4b57128af453fe129efd52f72b15ce35490ca6da1069,71d6ad97b54100358729448f34758e00ee23a6c8b3a384cc68f55bc359bd4356,0.9999769926071167,0.9998754262924194,0.9985450506210327,0.0,0.0,0.02301877737045288,True,0.007212300105799335,4.2640264400762975,2.7802983124806557
Original,1,BG3,3.669678055424874,8.160660669276124,0.010136149366259341,0.022540853508623032,1.5612986087799072,0.004312518881739824,1.0,1.0,1.0,False,False,4,0.26175689545176956,continuous official CoTracker3 confidence recovered; unchanged source tracks verified,2ed4e86484ba454a1f701f898134fc61c6b43b262ec7a48989d304f71309d8b7,0ea882672f492d84780f4b57128af453fe129efd52f72b15ce35490ca6da1069,f81805e30c0fa864bee1e1c256000472db9b193be90a5166fafbce60c146bf52,0.9999753832817078,0.999861478805542,0.9981762170791626,0.0,0.0,0.02301877737045288,True,0.004086108375386259,3.674000631048176,1.579945856825836
Original,2,BG3,2.366536918770854,6.293396533515341,0.006536696496840581,0.017383216271658626,0.6606011986732483,0.001824670262663342,1.0,1.0,1.0,False,False,4,0.26175689545176956,continuous official CoTracker3 confidence recovered; unchanged source tracks verified,2ed4e86484ba454a1f701f898134fc61c6b43b262ec7a48989d304f71309d8b7,0ea882672f492d84780f4b57128af453fe129efd52f72b15ce35490ca6da1069,2f019c9f2ecf65bdc0aa61ea74b948111ac6fc9fbdc0c7b9e3edc5ae657a4836,0.9999618530273438,0.9998090863227844,0.9979996085166931,0.0,0.0,0.02301877737045288,True,0.0013565103839111607,2.4219375411990987,0.666371560074333
Original,0,BG4,3.6939256379172543,8.696368874203186,0.010203124483477084,0.02402055235409646,2.1887693405151367,0.006045678293482268,1.0,1.0,1.0,False,False,4,0.27648874761839337,continuous official CoTracker3 confidence recovered; unchanged source tracks verified,2ed4e86484ba454a1f701f898134fc61c6b43b262ec7a48989d304f71309d8b7,0ea882672f492d84780f4b57128af453fe129efd52f72b15ce35490ca6da1069,71d6ad97b54100358729448f34758e00ee23a6c8b3a384cc68f55bc359bd4356,0.999970555305481,0.9998247027397156,0.9977654218673706,0.0,0.0,0.030168836936354637,True,0.005657591814469311,3.7019280288636836,2.224719178043911
Original,1,BG4,3.3663924825891156,7.744495735345947,0.00929843340849289,0.02139134941927116,1.2505133152008057,0.0034540876763381255,1.0,1.0,1.0,False,False,4,0.27648874761839337,continuous official CoTracker3 confidence recovered; unchanged source tracks verified,2ed4e86484ba454a1f701f898134fc61c6b43b262ec7a48989d304f71309d8b7,0ea882672f492d84780f4b57128af453fe129efd52f72b15ce35490ca6da1069,f81805e30c0fa864bee1e1c256000472db9b193be90a5166fafbce60c146bf52,0.9999734163284302,0.9998464584350586,0.9984320998191833,0.0,0.0,0.030168836936354637,True,0.0032483924176198086,3.374632268419565,1.264746086487757
Original,2,BG4,2.2415513422237834,6.050740773791524,0.006191469353375955,0.01671296809511689,0.4913806915283203,0.0013572602309523843,1.0,1.0,1.0,False,False,4,0.27648874761839337,continuous official CoTracker3 confidence recovered; unchanged source tracks verified,2ed4e86484ba454a1f701f898134fc61c6b43b262ec7a48989d304f71309d8b7,0ea882672f492d84780f4b57128af453fe129efd52f72b15ce35490ca6da1069,2f019c9f2ecf65bdc0aa61ea74b948111ac6fc9fbdc0c7b9e3edc5ae657a4836,0.9999656677246094,0.9997795224189758,0.9984033703804016,0.0,0.0,0.030168836936354637,True,0.001011283240446535,2.3074707378080603,0.4969536738653634
Original,0,BG5,7.52785644974548,19.354862404897812,0.020792962278960613,0.053460759591546135,6.02841854095459,0.016651311055233216,1.0,1.0,1.0,False,False,4,0.27575596590807727,continuous official CoTracker3 confidence recovered; unchanged source tracks verified,2ed4e86484ba454a1f701f898134fc61c6b43b262ec7a48989d304f71309d8b7,0ea882672f492d84780f4b57128af453fe129efd52f72b15ce35490ca6da1069,71d6ad97b54100358729448f34758e00ee23a6c8b3a384cc68f55bc359bd4356,0.9999706149101257,0.9997579455375671,0.9982422590255737,0.0,0.0,0.07046333700418472,True,0.01624742960995284,7.531149701611613,6.037938648649115
Original,1,BG5,5.060822995489831,10.735110163210688,0.013978680697248733,0.02965183278590196,3.005764961242676,0.008302331198232876,1.0,1.0,1.0,False,False,4,0.27575596590807727,continuous official CoTracker3 confidence recovered; unchanged source tracks verified,2ed4e86484ba454a1f701f898134fc61c6b43b262ec7a48989d304f71309d8b7,0ea882672f492d84780f4b57128af453fe129efd52f72b15ce35490ca6da1069,f81805e30c0fa864bee1e1c256000472db9b193be90a5166fafbce60c146bf52,0.9999801516532898,0.9999010562896729,0.9989008903503418,0.0,0.0,0.07046333700418472,True,0.00792863970637565,5.06231603697965,3.021664841229085
Original,2,BG5,3.605847535649887,8.760775681397407,0.009959840798370452,0.024198452706133994,1.9681003093719482,0.005436160448485338,1.0,1.0,1.0,False,False,4,0.27575596590807727,continuous official CoTracker3 confidence recovered; unchanged source tracks verified,2ed4e86484ba454a1f701f898134fc61c6b43b262ec7a48989d304f71309d8b7,0ea882672f492d84780f4b57128af453fe129efd52f72b15ce35490ca6da1069,2f019c9f2ecf65bdc0aa61ea74b948111ac6fc9fbdc0c7b9e3edc5ae657a4836,0.9999750256538391,0.9998587369918823,0.9986989498138428,0.0,0.0,0.07046333700418472,True,0.004779654685441032,3.626273367003111,1.9925043523161658
Original,0,BG6,18.542331122504002,46.07568867532135,0.0512164377958162,0.12726731214906226,17.024517059326172,0.04702402913701405,1.0,1.0,1.0,False,False,4,0.27441928641156554,continuous official CoTracker3 confidence recovered; unchanged source tracks verified,2ed4e86484ba454a1f701f898134fc61c6b43b262ec7a48989d304f71309d8b7,0ea882672f492d84780f4b57128af453fe129efd52f72b15ce35490ca6da1069,71d6ad97b54100358729448f34758e00ee23a6c8b3a384cc68f55bc359bd4356,0.9999958276748657,0.9999642372131348,0.9984368681907654,0.0,0.0,0.04637300968170166,True,0.04667090512680843,18.55027730174477,17.040888137998
Original,1,BG6,10.428336308408364,25.371759362714464,0.02880448171941188,0.07008024646878389,8.374262809753418,0.023130851641464657,1.0,1.0,1.0,False,False,4,0.27441928641156554,continuous official CoTracker3 confidence recovered; unchanged source tracks verified,2ed4e86484ba454a1f701f898134fc61c6b43b262ec7a48989d304f71309d8b7,0ea882672f492d84780f4b57128af453fe129efd52f72b15ce35490ca6da1069,f81805e30c0fa864bee1e1c256000472db9b193be90a5166fafbce60c146bf52,0.9999847412109375,0.9998689889907837,0.998557984828949,0.0,0.0,0.04637300968170166,True,0.0227544407285388,10.430573616754995,8.38432383396407
Original,2,BG6,14.354695441164239,36.05745391181628,0.03964961909497989,0.09959558661471365,12.720043182373047,0.035134487465787866,1.0,1.0,1.0,False,False,4,0.27441928641156554,continuous official CoTracker3 confidence recovered; unchanged source tracks verified,2ed4e86484ba454a1f701f898134fc61c6b43b262ec7a48989d304f71309d8b7,0ea882672f492d84780f4b57128af453fe129efd52f72b15ce35490ca6da1069,2f019c9f2ecf65bdc0aa61ea74b948111ac6fc9fbdc0c7b9e3edc5ae657a4836,0.9999879598617554,0.9998354911804199,0.9979435801506042,0.0,0.0,0.04637300968170166,True,0.03446943298205047,14.3569767340839,12.734490535127692
Original,0,BG7,5.2361204986914185,13.487909728162823,0.014462876217713238,0.037255439190687245,3.720771312713623,0.010277275884625682,1.0,1.0,1.0,False,False,4,0.2967664709596567,continuous official CoTracker3 confidence recovered; unchanged source tracks verified,2ed4e86484ba454a1f701f898134fc61c6b43b262ec7a48989d304f71309d8b7,0ea882672f492d84780f4b57128af453fe129efd52f72b15ce35490ca6da1069,71d6ad97b54100358729448f34758e00ee23a6c8b3a384cc68f55bc359bd4356,0.9999885559082031,0.9999464750289917,0.9985861778259277,0.0,0.0,0.07902032881975174,True,0.009917343548705465,5.2423933708247805,3.7370353652565678
Original,1,BG7,2.661966666320514,5.724846038523258,0.007352713597842902,0.015812802558940384,0.5434101223945618,0.001500972587932056,1.0,1.0,1.0,False,False,4,0.2967664709596567,continuous official CoTracker3 confidence recovered; unchanged source tracks verified,2ed4e86484ba454a1f701f898134fc61c6b43b262ec7a48989d304f71309d8b7,0ea882672f492d84780f4b57128af453fe129efd52f72b15ce35490ca6da1069,f81805e30c0fa864bee1e1c256000472db9b193be90a5166fafbce60c146bf52,0.9999735951423645,0.9998427629470825,0.998174786567688,0.0,0.0,0.07902032881975174,True,0.0013026726069698203,2.6726309805875506,0.5626562936462804
Original,2,BG7,2.121972621624249,5.786498257388549,0.005861176680635556,0.015983094363763994,0.35359853506088257,0.0009766871951530439,1.0,1.0,1.0,False,False,4,0.2967664709596567,continuous official CoTracker3 confidence recovered; unchanged source tracks verified,2ed4e86484ba454a1f701f898134fc61c6b43b262ec7a48989d304f71309d8b7,0ea882672f492d84780f4b57128af453fe129efd52f72b15ce35490ca6da1069,2f019c9f2ecf65bdc0aa61ea74b948111ac6fc9fbdc0c7b9e3edc5ae657a4836,0.9999803304672241,0.9999099969863892,0.9987743496894836,0.0,0.0,0.07902032881975174,True,0.0006809905677061358,2.1995509552646957,0.38036368490762995
Original,0,BG8,27.120261065013903,67.79802617646264,0.07490984572898761,0.18726735961109292,25.601327896118164,0.0707143459481464,1.0,1.0,1.0,False,False,4,0.2962300588779826,continuous official CoTracker3 confidence recovered; unchanged source tracks verified,2ed4e86484ba454a1f701f898134fc61c6b43b262ec7a48989d304f71309d8b7,0ea882672f492d84780f4b57128af453fe129efd52f72b15ce35490ca6da1069,71d6ad97b54100358729448f34758e00ee23a6c8b3a384cc68f55bc359bd4356,0.9981883764266968,0.9880701899528503,0.9151217341423035,0.0,0.0,0.05642471835017204,True,0.07036431305997984,27.136216371858882,25.623622557319056
Original,1,BG8,22.56155359388674,55.29165294811555,0.06231807632945716,0.1527230575883815,20.51751136779785,0.056672153989226315,1.0,1.0,1.0,False,False,4,0.2962300588779826,continuous official CoTracker3 confidence recovered; unchanged source tracks verified,2ed4e86484ba454a1f701f898134fc61c6b43b262ec7a48989d304f71309d8b7,0ea882672f492d84780f4b57128af453fe129efd52f72b15ce35490ca6da1069,f81805e30c0fa864bee1e1c256000472db9b193be90a5166fafbce60c146bf52,0.9999569058418274,0.9993855953216553,0.9967964291572571,0.0,0.0,0.05642471835017204,True,0.05626803533858408,22.56382064218483,20.52923366191125
Original,2,BG8,27.08770462449909,69.34335049875841,0.07481992041703714,0.19153575534323294,25.415056228637695,0.07019983829494966,1.0,1.0,1.0,False,False,4,0.2962300588779826,continuous official CoTracker3 confidence recovered; unchanged source tracks verified,2ed4e86484ba454a1f701f898134fc61c6b43b262ec7a48989d304f71309d8b7,0ea882672f492d84780f4b57128af453fe129efd52f72b15ce35490ca6da1069,2f019c9f2ecf65bdc0aa61ea74b948111ac6fc9fbdc0c7b9e3edc5ae657a4836,0.9966659545898438,0.9808068871498108,0.9021098613739014,0.0,0.0,0.05642471835017204,True,0.06963973430410772,27.11321917469585,25.456101506104652
Original,0,BG9,14.751047442501127,37.86187098598685,0.04074439717264463,0.10457963172891208,13.250747680664062,0.03660036539370889,1.0,1.0,1.0,False,False,4,0.27698128156686125,continuous official CoTracker3 confidence recovered; unchanged source tracks verified,2ed4e86484ba454a1f701f898134fc61c6b43b262ec7a48989d304f71309d8b7,0ea882672f492d84780f4b57128af453fe129efd52f72b15ce35490ca6da1069,71d6ad97b54100358729448f34758e00ee23a6c8b3a384cc68f55bc359bd4356,0.9999841451644897,0.9998314380645752,0.997548520565033,0.0,0.0,0.04156119376420975,True,0.03619886450363686,14.754970708085102,13.261459495068724
Original,1,BG9,9.62589326544072,23.956472899504387,0.026588025011605673,0.06617103297090353,7.563302040100098,0.02089086781530011,1.0,1.0,1.0,False,False,4,0.27698128156686125,continuous official CoTracker3 confidence recovered; unchanged source tracks verified,2ed4e86484ba454a1f701f898134fc61c6b43b262ec7a48989d304f71309d8b7,0ea882672f492d84780f4b57128af453fe129efd52f72b15ce35490ca6da1069,f81805e30c0fa864bee1e1c256000472db9b193be90a5166fafbce60c146bf52,0.9999683499336243,0.9997665286064148,0.9976034760475159,0.0,0.0,0.04156119376420975,True,0.02053798402073259,9.628692962682985,7.5812670450418365
Original,2,BG9,13.040924700482872,32.17367678105571,0.03602080581505697,0.08886806651401821,11.40212631225586,0.031494222013053436,1.0,1.0,1.0,False,False,4,0.27698128156686125,continuous official CoTracker3 confidence recovered; unchanged source tracks verified,2ed4e86484ba454a1f701f898134fc61c6b43b262ec7a48989d304f71309d8b7,0ea882672f492d84780f4b57128af453fe129efd52f72b15ce35490ca6da1069,2f019c9f2ecf65bdc0aa61ea74b948111ac6fc9fbdc0c7b9e3edc5ae657a4836,0.9999802708625793,0.999794065952301,0.9974331259727478,0.0,0.0,0.04156119376420975,True,0.03084061970212755,13.043660545988033,11.416896618782742
Original,0,BG10,25.43261491161217,61.55504084620924,0.07024833776291825,0.170023385931912,23.933589935302734,0.06610782711480728,1.0,1.0,1.0,False,False,4,0.2767461707868133,continuous official CoTracker3 confidence recovered; unchanged source tracks verified,2ed4e86484ba454a1f701f898134fc61c6b43b262ec7a48989d304f71309d8b7,0ea882672f492d84780f4b57128af453fe129efd52f72b15ce35490ca6da1069,71d6ad97b54100358729448f34758e00ee23a6c8b3a384cc68f55bc359bd4356,0.9999420046806335,0.99932861328125,0.9949519634246826,0.0,0.0,0.04643135517835617,True,0.06570280509391048,25.437436065548006,23.94256185612574
Original,1,BG10,19.563701889801393,46.699203872259176,0.05403760262261968,0.12898954583627945,17.50212287902832,0.048343241300473225,1.0,1.0,1.0,False,False,4,0.2767461707868133,continuous official CoTracker3 confidence recovered; unchanged source tracks verified,2ed4e86484ba454a1f701f898134fc61c6b43b262ec7a48989d304f71309d8b7,0ea882672f492d84780f4b57128af453fe129efd52f72b15ce35490ca6da1069,f81805e30c0fa864bee1e1c256000472db9b193be90a5166fafbce60c146bf52,0.9999929666519165,0.9998900890350342,0.9975670576095581,0.0,0.0,0.04643135517835617,True,0.0479875616317466,19.5655703771932,17.51027786021484
Original,2,BG10,25.052213594595,63.818038709132445,0.0691976176424685,0.17627409348927006,23.418764114379883,0.06468580825111792,1.0,1.0,1.0,False,False,4,0.2767461707868133,continuous official CoTracker3 confidence recovered; unchanged source tracks verified,2ed4e86484ba454a1f701f898134fc61c6b43b262ec7a48989d304f71309d8b7,0ea882672f492d84780f4b57128af453fe129efd52f72b15ce35490ca6da1069,2f019c9f2ecf65bdc0aa61ea74b948111ac6fc9fbdc0c7b9e3edc5ae657a4836,0.999957263469696,0.9993847608566284,0.9533274173736572,0.0,0.0,0.04643135517835617,True,0.06401743152953908,25.056494959824672,23.43268968116638
Original,0,BG11,15.372290364745663,38.56845032079176,0.042460354528438604,0.10653129985034503,13.874478340148926,0.038323194217754604,1.0,1.0,1.0,False,False,4,0.2703969497834766,continuous official CoTracker3 confidence recovered; unchanged source tracks verified,2ed4e86484ba454a1f701f898134fc61c6b43b262ec7a48989d304f71309d8b7,0ea882672f492d84780f4b57128af453fe129efd52f72b15ce35490ca6da1069,71d6ad97b54100358729448f34758e00ee23a6c8b3a384cc68f55bc359bd4356,0.9999925494194031,0.9999191761016846,0.9984172582626343,0.0,0.0,0.03740512207150459,True,0.03791482185943083,15.377467142193032,13.88682491013551
Original,1,BG11,9.930989794985704,24.18001017807347,0.027430743077846844,0.06678847330498237,7.865904331207275,0.021726696456098826,1.0,1.0,1.0,False,False,4,0.2703969497834766,continuous official CoTracker3 confidence recovered; unchanged source tracks verified,2ed4e86484ba454a1f701f898134fc61c6b43b262ec7a48989d304f71309d8b7,0ea882672f492d84780f4b57128af453fe129efd52f72b15ce35490ca6da1069,f81805e30c0fa864bee1e1c256000472db9b193be90a5166fafbce60c146bf52,0.9999876022338867,0.9998981952667236,0.9984253644943237,0.0,0.0,0.03740512207150459,True,0.021380702086973763,9.933295737308827,7.878451905113923
Original,2,BG11,10.947631667255033,27.40000074568756,0.030238846054096182,0.07568252473356302,9.304561614990234,0.025700463335654875,1.0,1.0,1.0,False,False,4,0.2703969497834766,continuous official CoTracker3 confidence recovered; unchanged source tracks verified,2ed4e86484ba454a1f701f898134fc61c6b43b262ec7a48989d304f71309d8b7,0ea882672f492d84780f4b57128af453fe129efd52f72b15ce35490ca6da1069,2f019c9f2ecf65bdc0aa61ea74b948111ac6fc9fbdc0c7b9e3edc5ae657a4836,0.99998539686203,0.9998960494995117,0.9982361793518066,0.0,0.0,0.03740512207150459,True,0.025058659941166763,10.95067156442017,9.321337634881681
Original,0,BG12,5.386330124706875,13.407603233611802,0.014877775612850051,0.03703362174197495,3.867065906524658,0.01068136142890191,1.0,1.0,1.0,False,False,4,0.2783322031171897,continuous official CoTracker3 confidence recovered; unchanged source tracks verified,2ed4e86484ba454a1f701f898134fc61c6b43b262ec7a48989d304f71309d8b7,0ea882672f492d84780f4b57128af453fe129efd52f72b15ce35490ca6da1069,71d6ad97b54100358729448f34758e00ee23a6c8b3a384cc68f55bc359bd4356,0.9999767541885376,0.9998513460159302,0.997786283493042,0.0,0.0,0.057986605912446976,True,0.010332242943842277,5.392517214676037,3.8812835045826026
Original,1,BG12,4.28791859080772,9.325786863058788,0.011843813721625015,0.025759090354567537,2.220304250717163,0.006132781999919618,1.0,1.0,1.0,False,False,4,0.2783322031171897,continuous official CoTracker3 confidence recovered; unchanged source tracks verified,2ed4e86484ba454a1f701f898134fc61c6b43b262ec7a48989d304f71309d8b7,0ea882672f492d84780f4b57128af453fe129efd52f72b15ce35490ca6da1069,f81805e30c0fa864bee1e1c256000472db9b193be90a5166fafbce60c146bf52,0.9999761581420898,0.9998842477798462,0.9984253644943237,0.0,0.0,0.057986605912446976,True,0.005793772730751933,4.293036338107184,2.2412953940791267
Original,2,BG12,2.7704387575629044,7.065897759801859,0.007652328251307668,0.019516969613776285,1.0837031602859497,0.0029933353649667462,1.0,1.0,1.0,False,False,4,0.2783322031171897,continuous official CoTracker3 confidence recovered; unchanged source tracks verified,2ed4e86484ba454a1f701f898134fc61c6b43b262ec7a48989d304f71309d8b7,0ea882672f492d84780f4b57128af453fe129efd52f72b15ce35490ca6da1069,2f019c9f2ecf65bdc0aa61ea74b948111ac6fc9fbdc0c7b9e3edc5ae657a4836,0.9999640583992004,0.9998210072517395,0.9979707598686218,0.0,0.0,0.057986605912446976,True,0.002472142138378248,2.8087588230949327,1.098210297596759
Original,0,BG13,2.3197658245819706,5.954321056627153,0.006407508380182478,0.016446643736339486,0.7770875692367554,0.002146421444465158,1.0,1.0,1.0,False,False,4,0.2677418440306344,continuous official CoTracker3 confidence recovered; unchanged source tracks verified,2ed4e86484ba454a1f701f898134fc61c6b43b262ec7a48989d304f71309d8b7,0ea882672f492d84780f4b57128af453fe129efd52f72b15ce35490ca6da1069,71d6ad97b54100358729448f34758e00ee23a6c8b3a384cc68f55bc359bd4356,0.9999593496322632,0.999751627445221,0.9977356195449829,0.0,0.0,0.050115637481212616,True,0.0018619757111747043,2.3378282808262325,0.8034867885598344
Original,1,BG13,2.7995300957110323,6.398793159666012,0.007732682479738654,0.017674336072695047,0.6832457184791565,0.0018872175029425247,1.0,1.0,1.0,False,False,4,0.2677418440306344,continuous official CoTracker3 confidence recovered; unchanged source tracks verified,2ed4e86484ba454a1f701f898134fc61c6b43b262ec7a48989d304f71309d8b7,0ea882672f492d84780f4b57128af453fe129efd52f72b15ce35490ca6da1069,f81805e30c0fa864bee1e1c256000472db9b193be90a5166fafbce60c146bf52,0.9999513626098633,0.9996987581253052,0.9978195428848267,0.0,0.0,0.050115637481212616,True,0.0016826414888655716,2.8097531315443662,0.7017245210175183
Original,2,BG13,2.135206412239124,5.7648061117754485,0.0058977302083097006,0.015923177710398726,0.38100290298461914,0.0010523817826257205,1.0,1.0,1.0,False,False,4,0.2677418440306344,continuous official CoTracker3 confidence recovered; unchanged source tracks verified,2ed4e86484ba454a1f701f898134fc61c6b43b262ec7a48989d304f71309d8b7,0ea882672f492d84780f4b57128af453fe129efd52f72b15ce35490ca6da1069,2f019c9f2ecf65bdc0aa61ea74b948111ac6fc9fbdc0c7b9e3edc5ae657a4836,0.9999655485153198,0.9997943043708801,0.9983031749725342,0.0,0.0,0.050115637481212616,True,0.0007175440953802806,2.205580548332546,0.3963070876243465
Original,0,BG14,15.951401032490674,39.51455588870463,0.04405993687304785,0.10914457197061665,14.447237968444824,0.039905234128527714,1.0,1.0,1.0,False,False,4,0.28503814121744575,continuous official CoTracker3 confidence recovered; unchanged source tracks verified,2ed4e86484ba454a1f701f898134fc61c6b43b262ec7a48989d304f71309d8b7,0ea882672f492d84780f4b57128af453fe129efd52f72b15ce35490ca6da1069,71d6ad97b54100358729448f34758e00ee23a6c8b3a384cc68f55bc359bd4356,0.9999936819076538,0.9998835325241089,0.9947006702423096,0.0,0.0,0.04638335108757019,True,0.03951440420404008,15.955777553504879,14.458165720016325
Original,1,BG14,10.074629317669547,24.66451996128736,0.02782749495494116,0.06812675515366115,8.013456344604492,0.022134255164110155,1.0,1.0,1.0,False,False,4,0.28503814121744575,continuous official CoTracker3 confidence recovered; unchanged source tracks verified,2ed4e86484ba454a1f701f898134fc61c6b43b262ec7a48989d304f71309d8b7,0ea882672f492d84780f4b57128af453fe129efd52f72b15ce35490ca6da1069,f81805e30c0fa864bee1e1c256000472db9b193be90a5166fafbce60c146bf52,0.9999818801879883,0.9998778104782104,0.998426079750061,0.0,0.0,0.04638335108757019,True,0.021777453964068078,10.07669980515958,8.02981132424664
Original,2,BG14,13.293508781720584,32.676123931275214,0.036718477364521655,0.0902558938074091,11.654156684875488,0.0321903641440859,1.0,1.0,1.0,False,False,4,0.28503814121744575,continuous official CoTracker3 confidence recovered; unchanged source tracks verified,2ed4e86484ba454a1f701f898134fc61c6b43b262ec7a48989d304f71309d8b7,0ea882672f492d84780f4b57128af453fe129efd52f72b15ce35490ca6da1069,2f019c9f2ecf65bdc0aa61ea74b948111ac6fc9fbdc0c7b9e3edc5ae657a4836,0.999992847442627,0.9999480247497559,0.9983692765235901,0.0,0.0,0.04638335108757019,True,0.031538291251592236,13.296006617664267,11.668173438896236
Original,0,BG15,6.92310524632272,18.245090657594996,0.01912255729118343,0.050395419247456046,5.440240383148193,0.015026683071128862,1.0,1.0,1.0,False,False,4,0.27986465548188033,continuous official CoTracker3 confidence recovered; unchanged source tracks verified,2ed4e86484ba454a1f701f898134fc61c6b43b262ec7a48989d304f71309d8b7,0ea882672f492d84780f4b57128af453fe129efd52f72b15ce35490ca6da1069,71d6ad97b54100358729448f34758e00ee23a6c8b3a384cc68f55bc359bd4356,0.999973475933075,0.9998034834861755,0.9985290765762329,0.0,0.0,0.03963277488946915,True,0.014577024622175656,6.927472441465826,5.451613501743705
Original,1,BG15,4.601693497849856,10.19667623700661,0.012710502645592484,0.02816460512793399,2.513551950454712,0.006942771988403124,1.0,1.0,1.0,False,False,4,0.27986465548188033,continuous official CoTracker3 confidence recovered; unchanged source tracks verified,2ed4e86484ba454a1f701f898134fc61c6b43b262ec7a48989d304f71309d8b7,0ea882672f492d84780f4b57128af453fe129efd52f72b15ce35490ca6da1069,f81805e30c0fa864bee1e1c256000472db9b193be90a5166fafbce60c146bf52,0.9999750852584839,0.9998701810836792,0.9987238049507141,0.0,0.0,0.03963277488946915,True,0.006660461654719402,4.603944172118309,2.536956253382189
Original,2,BG15,3.4601086526087137,8.337760793026252,0.009557290202741677,0.02303002811195386,1.7973333597183228,0.004964478932459477,1.0,1.0,1.0,False,False,4,0.27986465548188033,continuous official CoTracker3 confidence recovered; unchanged source tracks verified,2ed4e86484ba454a1f701f898134fc61c6b43b262ec7a48989d304f71309d8b7,0ea882672f492d84780f4b57128af453fe129efd52f72b15ce35490ca6da1069,2f019c9f2ecf65bdc0aa61ea74b948111ac6fc9fbdc0c7b9e3edc5ae657a4836,0.9999629855155945,0.9997736811637878,0.9978122711181641,0.0,0.0,0.03963277488946915,True,0.004377104089812257,3.480948256303601,1.8065441217411116
T01,0,BG0,0.6887355520142866,0.7637396427644224,0.0019023811690373521,0.002109552658045759,0.0,0.0,1.0,1.0,1.0,False,False,5,0.13740768768072342,continuous official CoTracker3 confidence recovered; unchanged source tracks verified,cad3f55537b1e0df4e9708ec44b3383f82a8780a1a4ae140911dbd19f3615109,e6002891104fad0bc1da003092c8ac6f220b69362c6893d85ca0b2daacd49eb0,71d6ad97b54100358729448f34758e00ee23a6c8b3a384cc68f55bc359bd4356,0.999998152256012,0.9999727010726929,0.9967689514160156,0.0,0.0,0.0,False,0.0,0.7082119519658927,0.0
T01,1,BG0,0.22058683918694277,0.8089946701517711,0.0006092908196468504,0.0022345531922191076,0.0,0.0,1.0,1.0,1.0,False,False,5,0.13740768768072342,continuous official CoTracker3 confidence recovered; unchanged source tracks verified,cad3f55537b1e0df4e9708ec44b3383f82a8780a1a4ae140911dbd19f3615109,e6002891104fad0bc1da003092c8ac6f220b69362c6893d85ca0b2daacd49eb0,f81805e30c0fa864bee1e1c256000472db9b193be90a5166fafbce60c146bf52,0.9999991059303284,0.9999945163726807,0.997945249080658,0.0,0.0,0.0,False,0.0,0.30570962529644363,0.0
T01,2,BG0,0.23275342900557602,0.7058316110932736,0.0006428965937275955,0.0019496028069526552,0.0,0.0,1.0,1.0,1.0,False,False,5,0.13740768768072342,continuous official CoTracker3 confidence recovered; unchanged source tracks verified,cad3f55537b1e0df4e9708ec44b3383f82a8780a1a4ae140911dbd19f3615109,e6002891104fad0bc1da003092c8ac6f220b69362c6893d85ca0b2daacd49eb0,2f019c9f2ecf65bdc0aa61ea74b948111ac6fc9fbdc0c7b9e3edc5ae657a4836,0.9999989867210388,0.9999936819076538,0.9988040924072266,0.0,0.0,0.0,False,0.0,0.2940308540185196,0.0
T01,0,BG1,0.615162001683059,0.6872189809736681,0.0016991610270249272,0.0018981921937757408,0.08668477833271027,0.00023943513509653175,1.0,1.0,1.0,False,False,5,0.13384216759608203,continuous official CoTracker3 confidence recovered; unchanged source tracks verified,cad3f55537b1e0df4e9708ec44b3383f82a8780a1a4ae140911dbd19f3615109,e6002891104fad0bc1da003092c8ac6f220b69362c6893d85ca0b2daacd49eb0,71d6ad97b54100358729448f34758e00ee23a6c8b3a384cc68f55bc359bd4356,0.9999988079071045,0.9999799728393555,0.9974828362464905,0.0,0.0,0.013468801975250244,True,-0.00020322014201242487,0.6382188915471132,0.10879021430535085
T01,1,BG1,0.2168234228583948,0.7818035786542011,0.0005988957524345672,0.0021594477032120937,0.04158913344144821,0.0001148748370317197,1.0,1.0,1.0,False,False,5,0.13384216759608203,continuous official CoTracker3 confidence recovered; unchanged source tracks verified,cad3f55537b1e0df4e9708ec44b3383f82a8780a1a4ae140911dbd19f3615109,e6002891104fad0bc1da003092c8ac6f220b69362c6893d85ca0b2daacd49eb0,f81805e30c0fa864bee1e1c256000472db9b193be90a5166fafbce60c146bf52,0.9999991655349731,0.9999943971633911,0.9979029893875122,0.0,0.0,0.013468801975250244,True,-1.0395067212283114e-05,0.2952889020789958,0.05924355886507845
T01,2,BG1,0.24777570857282258,0.7080549248742336,0.0006843901708794712,0.001955743901683992,0.044448740780353546,0.0001227734610194962,1.0,1.0,1.0,False,False,5,0.13384216759608203,continuous official CoTracker3 confidence recovered; unchanged source tracks verified,cad3f55537b1e0df4e9708ec44b3383f82a8780a1a4ae140911dbd19f3615109,e6002891104fad0bc1da003092c8ac6f220b69362c6893d85ca0b2daacd49eb0,2f019c9f2ecf65bdc0aa61ea74b948111ac6fc9fbdc0c7b9e3edc5ae657a4836,0.9999992251396179,0.9999947547912598,0.9985840320587158,0.0,0.0,0.013468801975250244,True,4.149357715187564e-05,0.3069800860788717,0.06622661458454818
T01,0,BG2,0.6325490222691845,0.7037425824883553,0.0017471863401541437,0.0019438326261220675,0.07483633607625961,0.00020670812780733842,1.0,1.0,1.0,False,False,5,0.13666586894427152,continuous official CoTracker3 confidence recovered; unchanged source tracks verified,cad3f55537b1e0df4e9708ec44b3383f82a8780a1a4ae140911dbd19f3615109,e6002891104fad0bc1da003092c8ac6f220b69362c6893d85ca0b2daacd49eb0,71d6ad97b54100358729448f34758e00ee23a6c8b3a384cc68f55bc359bd4356,0.9999986886978149,0.9999842643737793,0.9966854453086853,0.0,0.0,0.014240195974707603,True,-0.00015519482888320837,0.654920724819505,0.0958360832926663
T01,1,BG2,0.2384273958610391,0.768635906498955,0.0006585688610702738,0.002123076803706563,0.06096557900309563,0.00016839521223458248,1.0,1.0,1.0,False,False,5,0.13666586894427152,continuous official CoTracker3 confidence recovered; unchanged source tracks verified,cad3f55537b1e0df4e9708ec44b3383f82a8780a1a4ae140911dbd19f3615109,e6002891104fad0bc1da003092c8ac6f220b69362c6893d85ca0b2daacd49eb0,f81805e30c0fa864bee1e1c256000472db9b193be90a5166fafbce60c146bf52,0.9999991059303284,0.9999939203262329,0.997215986251831,0.0,0.0,0.014240195974707603,True,4.927804142342343e-05,0.3166227049643573,0.0779890221954533
T01,2,BG2,0.25223137951839003,0.7183211854034964,0.0006966973393964501,0.001984100708081139,0.027345459908246994,7.553187553041529e-05,1.0,1.0,1.0,False,False,5,0.13666586894427152,continuous official CoTracker3 confidence recovered; unchanged source tracks verified,cad3f55537b1e0df4e9708ec44b3383f82a8780a1a4ae140911dbd19f3615109,e6002891104fad0bc1da003092c8ac6f220b69362c6893d85ca0b2daacd49eb0,2f019c9f2ecf65bdc0aa61ea74b948111ac6fc9fbdc0c7b9e3edc5ae657a4836,0.9999989867210388,0.9999927282333374,0.9986222982406616,0.0,0.0,0.014240195974707603,True,5.380074566885458e-05,0.316544406213456,0.05949519326470369
T01,0,BG3,0.6059082188249717,0.6710407180872257,0.0016736008215148437,0.001853505633639717,0.09934935718774796,0.00027441642255461346,1.0,1.0,1.0,False,False,5,0.13232749316841264,continuous official CoTracker3 confidence recovered; unchanged source tracks verified,cad3f55537b1e0df4e9708ec44b3383f82a8780a1a4ae140911dbd19f3615109,e6002891104fad0bc1da003092c8ac6f220b69362c6893d85ca0b2daacd49eb0,71d6ad97b54100358729448f34758e00ee23a6c8b3a384cc68f55bc359bd4356,0.9999988675117493,0.9999817609786987,0.9987758994102478,0.0,0.0,0.019376937299966812,True,-0.00022878034752250843,0.6274054394537965,0.13303496439470694
T01,1,BG3,0.22400066294539284,0.7967248594724214,0.0006187202646834745,0.002200662308097064,0.06272457540035248,0.00017325379926810992,1.0,1.0,1.0,False,False,5,0.13232749316841264,continuous official CoTracker3 confidence recovered; unchanged source tracks verified,cad3f55537b1e0df4e9708ec44b3383f82a8780a1a4ae140911dbd19f3615109,e6002891104fad0bc1da003092c8ac6f220b69362c6893d85ca0b2daacd49eb0,f81805e30c0fa864bee1e1c256000472db9b193be90a5166fafbce60c146bf52,0.9999994039535522,0.9999964237213135,0.9986481070518494,0.0,0.0,0.019376937299966812,True,9.429445036624124e-06,0.30519938731062124,0.09434472575863531
T01,2,BG3,0.23716942889516912,0.6986889271238291,0.0006550941853981046,0.0019298737433953634,0.03637907654047012,0.00010048395201199558,1.0,1.0,1.0,False,False,5,0.13232749316841264,continuous official CoTracker3 confidence recovered; unchanged source tracks verified,cad3f55537b1e0df4e9708ec44b3383f82a8780a1a4ae140911dbd19f3615109,e6002891104fad0bc1da003092c8ac6f220b69362c6893d85ca0b2daacd49eb0,2f019c9f2ecf65bdc0aa61ea74b948111ac6fc9fbdc0c7b9e3edc5ae657a4836,0.9999994039535522,0.9999969005584717,0.9990077614784241,0.0,0.0,0.019376937299966812,True,1.219759167050906e-05,0.2837342140734218,0.07284188353145601
T01,0,BG4,0.6413144129580701,0.6751443044644215,0.0017713975401379735,0.0018648402967432324,0.1008487120270729,0.00027855784432918976,1.0,1.0,1.0,False,False,5,0.12976638492581757,continuous official CoTracker3 confidence recovered; unchanged source tracks verified,cad3f55537b1e0df4e9708ec44b3383f82a8780a1a4ae140911dbd19f3615109,e6002891104fad0bc1da003092c8ac6f220b69362c6893d85ca0b2daacd49eb0,71d6ad97b54100358729448f34758e00ee23a6c8b3a384cc68f55bc359bd4356,0.9999988675117493,0.9999825954437256,0.9986299276351929,0.0,0.0,0.017193693667650223,True,-0.00013098362889937864,0.6649658120941311,0.11952282288297374
T01,1,BG4,0.21966627214247475,0.8049348192037526,0.0006067480883980995,0.002223339332313051,0.08365786075592041,0.0002310743775002784,1.0,1.0,1.0,False,False,5,0.12976638492581757,continuous official CoTracker3 confidence recovered; unchanged source tracks verified,cad3f55537b1e0df4e9708ec44b3383f82a8780a1a4ae140911dbd19f3615109,e6002891104fad0bc1da003092c8ac6f220b69362c6893d85ca0b2daacd49eb0,f81805e30c0fa864bee1e1c256000472db9b193be90a5166fafbce60c146bf52,0.9999991655349731,0.9999958276748657,0.9989057779312134,0.0,0.0,0.017193693667650223,True,-2.542731248750805e-06,0.29799815397987095,0.10408844110770252
T01,2,BG4,0.2669784923392617,0.7297667912188992,0.0007374308686095807,0.0020157150263891838,0.056367747485637665,0.00015569537690353653,1.0,1.0,1.0,False,False,5,0.12976638492581757,continuous official CoTracker3 confidence recovered; unchanged source tracks verified,cad3f55537b1e0df4e9708ec44b3383f82a8780a1a4ae140911dbd19f3615109,e6002891104fad0bc1da003092c8ac6f220b69362c6893d85ca0b2daacd49eb0,2f019c9f2ecf65bdc0aa61ea74b948111ac6fc9fbdc0c7b9e3edc5ae657a4836,0.9999991059303284,0.9999926090240479,0.9989948868751526,0.0,0.0,0.017193693667650223,True,9.453427488198519e-05,0.32376051005016043,0.0873668562265283
T01,0,BG5,0.5294701769985322,0.4857992721891749,0.0014624685648113424,0.001341843592423652,0.21551470458507538,0.0005952808947559465,1.0,1.0,1.0,False,False,5,0.1515099176671873,continuous official CoTracker3 confidence recovered; unchanged source tracks verified,cad3f55537b1e0df4e9708ec44b3383f82a8780a1a4ae140911dbd19f3615109,e6002891104fad0bc1da003092c8ac6f220b69362c6893d85ca0b2daacd49eb0,71d6ad97b54100358729448f34758e00ee23a6c8b3a384cc68f55bc359bd4356,0.9999986290931702,0.9999862909317017,0.9975382089614868,0.0,0.0,0.028792593628168106,True,-0.0004399126042260097,0.5614559518523354,0.2856325052439661
T01,1,BG5,0.2360528412660486,0.5788449268053629,0.000652010018662401,0.001598848332029308,0.18748627603054047,0.000517862567033625,1.0,1.0,1.0,False,False,5,0.1515099176671873,continuous official CoTracker3 confidence recovered; unchanged source tracks verified,cad3f55537b1e0df4e9708ec44b3383f82a8780a1a4ae140911dbd19f3615109,e6002891104fad0bc1da003092c8ac6f220b69362c6893d85ca0b2daacd49eb0,f81805e30c0fa864bee1e1c256000472db9b193be90a5166fafbce60c146bf52,0.9999989867210388,0.9999955892562866,0.9972681999206543,0.0,0.0,0.028792593628168106,True,4.271919901555066e-05,0.29578498441546797,0.2256132336584633
T01,2,BG5,0.3286874488550769,0.982341738130931,0.0009078793905325445,0.002713361345605316,0.11697675287723541,0.00032310568437764116,1.0,1.0,1.0,False,False,5,0.1515099176671873,continuous official CoTracker3 confidence recovered; unchanged source tracks verified,cad3f55537b1e0df4e9708ec44b3383f82a8780a1a4ae140911dbd19f3615109,e6002891104fad0bc1da003092c8ac6f220b69362c6893d85ca0b2daacd49eb0,2f019c9f2ecf65bdc0aa61ea74b948111ac6fc9fbdc0c7b9e3edc5ae657a4836,0.9999989867210388,0.9999897480010986,0.998412013053894,0.0,0.0,0.028792593628168106,True,0.00026498279680494893,0.3597650745604687,0.172678310094521
T01,0,BG6,0.5979121911041065,0.5742610962220606,0.0016515147065774244,0.0015861871691806228,0.12531641125679016,0.00034614095388140045,1.0,1.0,1.0,False,False,5,0.13492269597184048,continuous official CoTracker3 confidence recovered; unchanged source tracks verified,cad3f55537b1e0df4e9708ec44b3383f82a8780a1a4ae140911dbd19f3615109,e6002891104fad0bc1da003092c8ac6f220b69362c6893d85ca0b2daacd49eb0,71d6ad97b54100358729448f34758e00ee23a6c8b3a384cc68f55bc359bd4356,0.9999983906745911,0.9999845027923584,0.9975447058677673,0.0,0.0,0.03287503123283386,True,-0.00025086646245992775,0.6340807114427854,0.22143831708148368
T01,1,BG6,0.2897403488778328,0.6774529205857642,0.0008003022088862174,0.0018712170081282245,0.2682100534439087,0.0007408326077054459,1.0,1.0,1.0,False,False,5,0.13492269597184048,continuous official CoTracker3 confidence recovered; unchanged source tracks verified,cad3f55537b1e0df4e9708ec44b3383f82a8780a1a4ae140911dbd19f3615109,e6002891104fad0bc1da003092c8ac6f220b69362c6893d85ca0b2daacd49eb0,f81805e30c0fa864bee1e1c256000472db9b193be90a5166fafbce60c146bf52,0.9999989867210388,0.9999912977218628,0.9970910549163818,0.0,0.0,0.03287503123283386,True,0.00019101138923936702,0.35241624859733917,0.29295150331919695
T01,2,BG6,0.2793587107535715,0.8626672027119446,0.0007716267138960222,0.0023828040193158047,0.06678131222724915,0.00018445905754853112,1.0,1.0,1.0,False,False,5,0.13492269597184048,continuous official CoTracker3 confidence recovered; unchanged source tracks verified,cad3f55537b1e0df4e9708ec44b3383f82a8780a1a4ae140911dbd19f3615109,e6002891104fad0bc1da003092c8ac6f220b69362c6893d85ca0b2daacd49eb0,2f019c9f2ecf65bdc0aa61ea74b948111ac6fc9fbdc0c7b9e3edc5ae657a4836,0.999998927116394,0.9999923706054688,0.9982106685638428,0.0,0.0,0.03287503123283386,True,0.00012873012016842672,0.3231124660181343,0.17233053750204633
T01,0,BG7,0.6146954141079297,0.8616748696788886,0.0016978722487499612,0.002380063060656159,0.1293904334306717,0.0003573939566386504,1.0,1.0,1.0,False,False,5,0.1296416489141661,continuous official CoTracker3 confidence recovered; unchanged source tracks verified,cad3f55537b1e0df4e9708ec44b3383f82a8780a1a4ae140911dbd19f3615109,e6002891104fad0bc1da003092c8ac6f220b69362c6893d85ca0b2daacd49eb0,71d6ad97b54100358729448f34758e00ee23a6c8b3a384cc68f55bc359bd4356,0.999998927116394,0.9999932050704956,0.9986635446548462,0.0,0.0,0.021773699671030045,True,-0.00020450892028739094,0.6327673150357831,0.20321584986520774
T01,1,BG7,0.19000220632287942,0.652279356366503,0.0005248119083254435,0.0018016842035732457,0.07997135818004608,0.00022089175652269084,1.0,1.0,1.0,False,False,5,0.1296416489141661,continuous official CoTracker3 confidence recovered; unchanged source tracks verified,cad3f55537b1e0df4e9708ec44b3383f82a8780a1a4ae140911dbd19f3615109,e6002891104fad0bc1da003092c8ac6f220b69362c6893d85ca0b2daacd49eb0,f81805e30c0fa864bee1e1c256000472db9b193be90a5166fafbce60c146bf52,0.9999992251396179,0.9999958276748657,0.9985126852989197,0.0,0.0,0.021773699671030045,True,-8.447891132140682e-05,0.26882208314977013,0.12147335889151742
T01,2,BG7,0.2876769169539976,0.7929788169741572,0.0007946027295664491,0.0021903152297645025,0.06680778414011002,0.00018453217656843308,1.0,1.0,1.0,False,False,5,0.1296416489141661,continuous official CoTracker3 confidence recovered; unchanged source tracks verified,cad3f55537b1e0df4e9708ec44b3383f82a8780a1a4ae140911dbd19f3615109,e6002891104fad0bc1da003092c8ac6f220b69362c6893d85ca0b2daacd49eb0,2f019c9f2ecf65bdc0aa61ea74b948111ac6fc9fbdc0c7b9e3edc5ae657a4836,0.9999992251396179,0.9999959468841553,0.9956923127174377,0.0,0.0,0.021773699671030045,True,0.00015170613583885355,0.3532874246672683,0.13860190618428322
T01,0,BG8,0.5280262339200331,0.6285954751869067,0.0014584801978486312,0.0017362661059681325,0.23853638768196106,0.0006588699112877261,1.0,1.0,1.0,False,False,5,0.1270670442655628,continuous official CoTracker3 confidence recovered; unchanged source tracks verified,cad3f55537b1e0df4e9708ec44b3383f82a8780a1a4ae140911dbd19f3615109,e6002891104fad0bc1da003092c8ac6f220b69362c6893d85ca0b2daacd49eb0,71d6ad97b54100358729448f34758e00ee23a6c8b3a384cc68f55bc359bd4356,0.9999984502792358,0.9999823570251465,0.9982874989509583,0.0,0.0,0.024687692523002625,True,-0.0004439009711887209,0.5796704180928505,0.3255074596977962
T01,1,BG8,0.26724520883336067,0.653391696665876,0.0007381675758034545,0.0018047566386071275,0.2359149008989334,0.0006516290086272974,1.0,1.0,1.0,False,False,5,0.1270670442655628,continuous official CoTracker3 confidence recovered; unchanged source tracks verified,cad3f55537b1e0df4e9708ec44b3383f82a8780a1a4ae140911dbd19f3615109,e6002891104fad0bc1da003092c8ac6f220b69362c6893d85ca0b2daacd49eb0,f81805e30c0fa864bee1e1c256000472db9b193be90a5166fafbce60c146bf52,0.9999991655349731,0.9999923706054688,0.9981638789176941,0.0,0.0,0.024687692523002625,True,0.00012887675615660412,0.32849442866152695,0.2860635117809206
T01,2,BG8,0.5997011392442813,0.7591255485098831,0.0016564560243942548,0.002096807902825374,0.5482338070869446,0.0015142962604175626,1.0,1.0,1.0,False,False,5,0.1270670442655628,continuous official CoTracker3 confidence recovered; unchanged source tracks verified,cad3f55537b1e0df4e9708ec44b3383f82a8780a1a4ae140911dbd19f3615109,e6002891104fad0bc1da003092c8ac6f220b69362c6893d85ca0b2daacd49eb0,2f019c9f2ecf65bdc0aa61ea74b948111ac6fc9fbdc0c7b9e3edc5ae657a4836,0.9999989867210388,0.9999892711639404,0.9970210194587708,0.0,0.0,0.024687692523002625,True,0.0010135594306666593,0.6543580249743529,0.6018333535241118
T01,0,BG9,0.46363613806456677,0.4819646973692422,0.0012806260047992092,0.0013312519757902863,0.2382129728794098,0.0006579765956626476,1.0,1.0,1.0,False,False,5,0.1342457658660597,continuous official CoTracker3 confidence recovered; unchanged source tracks verified,cad3f55537b1e0df4e9708ec44b3383f82a8780a1a4ae140911dbd19f3615109,e6002891104fad0bc1da003092c8ac6f220b69362c6893d85ca0b2daacd49eb0,71d6ad97b54100358729448f34758e00ee23a6c8b3a384cc68f55bc359bd4356,0.9999969005584717,0.9999439716339111,0.9968770742416382,0.0,0.0,0.06087075546383858,True,-0.0006217551642381429,0.48978560357124123,0.2839534317024107
T01,1,BG9,0.2388385132856638,0.8268013389016815,0.0006597044232531492,0.0022837376305917803,0.09575113654136658,0.00026447764826062237,1.0,1.0,1.0,False,False,5,0.1342457658660597,continuous official CoTracker3 confidence recovered; unchanged source tracks verified,cad3f55537b1e0df4e9708ec44b3383f82a8780a1a4ae140911dbd19f3615109,e6002891104fad0bc1da003092c8ac6f220b69362c6893d85ca0b2daacd49eb0,f81805e30c0fa864bee1e1c256000472db9b193be90a5166fafbce60c146bf52,0.9999988079071045,0.9999890327453613,0.9974159002304077,0.0,0.0,0.06087075546383858,True,5.041360360629886e-05,0.3003256208759575,0.16165171638010106
T01,2,BG9,0.2736174095846113,0.7249960557998607,0.000755768460031155,0.002002537606990555,0.06690835952758789,0.0001848099794532224,1.0,1.0,1.0,False,False,5,0.1342457658660597,continuous official CoTracker3 confidence recovered; unchanged source tracks verified,cad3f55537b1e0df4e9708ec44b3383f82a8780a1a4ae140911dbd19f3615109,e6002891104fad0bc1da003092c8ac6f220b69362c6893d85ca0b2daacd49eb0,2f019c9f2ecf65bdc0aa61ea74b948111ac6fc9fbdc0c7b9e3edc5ae657a4836,0.9999988675117493,0.9999936819076538,0.9977017045021057,0.0,0.0,0.06087075546383858,True,0.00011287186630355944,0.32613472080845207,0.148682937980891
T01,0,BG10,0.5463235151815807,0.39067725107533974,0.0015090197746350292,0.001079103646448016,0.33547243475914,0.0009266204434349592,1.0,1.0,1.0,False,False,5,0.135637354283399,continuous official CoTracker3 confidence recovered; unchanged source tracks verified,cad3f55537b1e0df4e9708ec44b3383f82a8780a1a4ae140911dbd19f3615109,e6002891104fad0bc1da003092c8ac6f220b69362c6893d85ca0b2daacd49eb0,71d6ad97b54100358729448f34758e00ee23a6c8b3a384cc68f55bc359bd4356,0.9999991655349731,0.9999898672103882,0.9988200068473816,0.0,0.0,0.01993287354707718,True,-0.0003933613944023229,0.6399042597967246,0.41628725455381854
T01,1,BG10,0.34409385742529675,0.7242787702299541,0.0009504339841799389,0.0020005563667931793,0.34621888399124146,0.0009563035962697088,1.0,1.0,1.0,False,False,5,0.135637354283399,continuous official CoTracker3 confidence recovered; unchanged source tracks verified,cad3f55537b1e0df4e9708ec44b3383f82a8780a1a4ae140911dbd19f3615109,e6002891104fad0bc1da003092c8ac6f220b69362c6893d85ca0b2daacd49eb0,f81805e30c0fa864bee1e1c256000472db9b193be90a5166fafbce60c146bf52,0.9999992847442627,0.9999948740005493,0.9985597729682922,0.0,0.0,0.01993287354707718,True,0.00034114316453308857,0.43160057498383153,0.4028772105321086
T01,2,BG10,0.4391733024498806,0.4218273980668163,0.0012130563292125046,0.0011651445846223552,0.4433864951133728,0.0012246937397703199,1.0,1.0,1.0,False,False,5,0.135637354283399,continuous official CoTracker3 confidence recovered; unchanged source tracks verified,cad3f55537b1e0df4e9708ec44b3383f82a8780a1a4ae140911dbd19f3615109,e6002891104fad0bc1da003092c8ac6f220b69362c6893d85ca0b2daacd49eb0,2f019c9f2ecf65bdc0aa61ea74b948111ac6fc9fbdc0c7b9e3edc5ae657a4836,0.9999994039535522,0.9999927282333374,0.9983478784561157,0.0,0.0,0.01993287354707718,True,0.0005701597354849091,0.5275295728267188,0.5259488860823666
T01,0,BG11,0.547533503637921,0.5283283310711302,0.0015123619271453245,0.0014593146312240916,0.16596104204654694,0.00045840694626523074,1.0,1.0,1.0,False,False,5,0.12912802376099786,continuous official CoTracker3 confidence recovered; unchanged source tracks verified,cad3f55537b1e0df4e9708ec44b3383f82a8780a1a4ae140911dbd19f3615109,e6002891104fad0bc1da003092c8ac6f220b69362c6893d85ca0b2daacd49eb0,71d6ad97b54100358729448f34758e00ee23a6c8b3a384cc68f55bc359bd4356,0.9999983906745911,0.9999685287475586,0.9983357787132263,0.0,0.0,0.0302965696901083,True,-0.0003900192418920276,0.5769416739877833,0.22315166542578696
T01,1,BG11,0.26701429454000125,0.8273549372628635,0.0007375297591522539,0.0022852667444794583,0.18556393682956696,0.000512552804983824,1.0,1.0,1.0,False,False,5,0.12912802376099786,continuous official CoTracker3 confidence recovered; unchanged source tracks verified,cad3f55537b1e0df4e9708ec44b3383f82a8780a1a4ae140911dbd19f3615109,e6002891104fad0bc1da003092c8ac6f220b69362c6893d85ca0b2daacd49eb0,f81805e30c0fa864bee1e1c256000472db9b193be90a5166fafbce60c146bf52,0.9999991059303284,0.999990701675415,0.9981759786605835,0.0,0.0,0.0302965696901083,True,0.00012823893950540352,0.3450362451664345,0.22255364045271975
T01,2,BG11,0.26567710757552715,0.8216856623344848,0.0007338362670807934,0.002269607436876851,0.0640900507569313,0.00017702542772193806,1.0,1.0,1.0,False,False,5,0.12912802376099786,continuous official CoTracker3 confidence recovered; unchanged source tracks verified,cad3f55537b1e0df4e9708ec44b3383f82a8780a1a4ae140911dbd19f3615109,e6002891104fad0bc1da003092c8ac6f220b69362c6893d85ca0b2daacd49eb0,2f019c9f2ecf65bdc0aa61ea74b948111ac6fc9fbdc0c7b9e3edc5ae657a4836,0.9999992847442627,0.9999953508377075,0.9986186027526855,0.0,0.0,0.0302965696901083,True,9.093967335319791e-05,0.31807529451611566,0.15043130609137792
T01,0,BG12,0.6282680252135231,0.7253668009415902,0.0017353616446529802,0.0020035616554429335,0.12039540708065033,0.00033254847175954186,1.0,1.0,1.0,False,False,5,0.13416988452171386,continuous official CoTracker3 confidence recovered; unchanged source tracks verified,cad3f55537b1e0df4e9708ec44b3383f82a8780a1a4ae140911dbd19f3615109,e6002891104fad0bc1da003092c8ac6f220b69362c6893d85ca0b2daacd49eb0,71d6ad97b54100358729448f34758e00ee23a6c8b3a384cc68f55bc359bd4356,0.9999992251396179,0.9999927282333374,0.999134361743927,0.0,0.0,0.027734840288758278,True,-0.00016701952438437188,0.6462543456675699,0.16967580283072498
T01,1,BG12,0.26266877647348225,0.7142195685940128,0.0007255268478530186,0.001972771485191238,0.16228368878364563,0.00044824959693313705,1.0,1.0,1.0,False,False,5,0.13416988452171386,continuous official CoTracker3 confidence recovered; unchanged source tracks verified,cad3f55537b1e0df4e9708ec44b3383f82a8780a1a4ae140911dbd19f3615109,e6002891104fad0bc1da003092c8ac6f220b69362c6893d85ca0b2daacd49eb0,f81805e30c0fa864bee1e1c256000472db9b193be90a5166fafbce60c146bf52,0.9999995231628418,0.9999972581863403,0.999043881893158,0.0,0.0,0.027734840288758278,True,0.00011623602820616823,0.3069993467815555,0.18060730943271397
T01,2,BG12,0.3575367094861895,0.8134295344831832,0.0009875649679719108,0.0022468028900409194,0.1789350062608719,0.0004942427981199993,1.0,1.0,1.0,False,False,5,0.13416988452171386,continuous official CoTracker3 confidence recovered; unchanged source tracks verified,cad3f55537b1e0df4e9708ec44b3383f82a8780a1a4ae140911dbd19f3615109,e6002891104fad0bc1da003092c8ac6f220b69362c6893d85ca0b2daacd49eb0,2f019c9f2ecf65bdc0aa61ea74b948111ac6fc9fbdc0c7b9e3edc5ae657a4836,0.9999992847442627,0.9999958276748657,0.9986807703971863,0.0,0.0,0.027734840288758278,True,0.00034466837424431524,0.3961076357042637,0.20622806536853466
T01,0,BG13,0.576470762900086,0.6216434470603909,0.0015922905687595049,0.0017170636597522771,0.17161914706230164,0.00047403540105158136,1.0,1.0,1.0,False,False,5,0.12849117280141495,continuous official CoTracker3 confidence recovered; unchanged source tracks verified,cad3f55537b1e0df4e9708ec44b3383f82a8780a1a4ae140911dbd19f3615109,e6002891104fad0bc1da003092c8ac6f220b69362c6893d85ca0b2daacd49eb0,71d6ad97b54100358729448f34758e00ee23a6c8b3a384cc68f55bc359bd4356,0.9999989867210388,0.9999897480010986,0.9989991784095764,0.0,0.0,0.03200729936361313,True,-0.00031009060027784724,0.6021367681011432,0.2231905928245511
T01,1,BG13,0.25564834702664163,0.6639681529917134,0.0007061354678971486,0.0018339702479388577,0.14835485816001892,0.0004097762743238976,1.0,1.0,1.0,False,False,5,0.12849117280141495,continuous official CoTracker3 confidence recovered; unchanged source tracks verified,cad3f55537b1e0df4e9708ec44b3383f82a8780a1a4ae140911dbd19f3615109,e6002891104fad0bc1da003092c8ac6f220b69362c6893d85ca0b2daacd49eb0,f81805e30c0fa864bee1e1c256000472db9b193be90a5166fafbce60c146bf52,0.9999991655349731,0.9999942779541016,0.9985440969467163,0.0,0.0,0.03200729936361313,True,9.684464825029829e-05,0.3049319021650953,0.17473979074203166
T01,2,BG13,0.30993656818817744,0.8304437514044193,0.0008560869105607306,0.0022937984687971106,0.09956661611795425,0.0002750165212375127,1.0,1.0,1.0,False,False,5,0.12849117280141495,continuous official CoTracker3 confidence recovered; unchanged source tracks verified,cad3f55537b1e0df4e9708ec44b3383f82a8780a1a4ae140911dbd19f3615109,e6002891104fad0bc1da003092c8ac6f220b69362c6893d85ca0b2daacd49eb0,2f019c9f2ecf65bdc0aa61ea74b948111ac6fc9fbdc0c7b9e3edc5ae657a4836,0.9999992847442627,0.9999943971633911,0.9985461235046387,0.0,0.0,0.03200729936361313,True,0.00021319031683313507,0.35208696412337515,0.15978767888655077
T01,0,BG14,0.6050513935075893,0.6570895574520685,0.00167123415357651,0.0018149706325047857,0.11993545293807983,0.00033127801592654796,1.0,1.0,1.0,False,False,5,0.1270810110876833,continuous official CoTracker3 confidence recovered; unchanged source tracks verified,cad3f55537b1e0df4e9708ec44b3383f82a8780a1a4ae140911dbd19f3615109,e6002891104fad0bc1da003092c8ac6f220b69362c6893d85ca0b2daacd49eb0,71d6ad97b54100358729448f34758e00ee23a6c8b3a384cc68f55bc359bd4356,0.9999991059303284,0.99998939037323,0.9985882639884949,0.0,0.0,0.016937270760536194,True,-0.00023114701546084215,0.6234093789709708,0.15889590709994675
T01,1,BG14,0.21466952826985025,0.7942749924659768,0.0005929464029442514,0.002193895442576508,0.09256462007761002,0.0002556760568548222,1.0,1.0,1.0,False,False,5,0.1270810110876833,continuous official CoTracker3 confidence recovered; unchanged source tracks verified,cad3f55537b1e0df4e9708ec44b3383f82a8780a1a4ae140911dbd19f3615109,e6002891104fad0bc1da003092c8ac6f220b69362c6893d85ca0b2daacd49eb0,f81805e30c0fa864bee1e1c256000472db9b193be90a5166fafbce60c146bf52,0.9999994039535522,0.999996542930603,0.9987859129905701,0.0,0.0,0.016937270760536194,True,-1.6344416702598918e-05,0.27673321862828076,0.13039039714840492
T01,2,BG14,0.2955989381984633,0.7143207571104564,0.0008164844285612365,0.001973050981621533,0.10694859176874161,0.00029540654092980064,1.0,1.0,1.0,False,False,5,0.1270810110876833,continuous official CoTracker3 confidence recovered; unchanged source tracks verified,cad3f55537b1e0df4e9708ec44b3383f82a8780a1a4ae140911dbd19f3615109,e6002891104fad0bc1da003092c8ac6f220b69362c6893d85ca0b2daacd49eb0,2f019c9f2ecf65bdc0aa61ea74b948111ac6fc9fbdc0c7b9e3edc5ae657a4836,0.9999992847442627,0.9999960660934448,0.9989345669746399,0.0,0.0,0.016937270760536194,True,0.00017358783483364102,0.34332176517846724,0.13514442287182568
T01,0,BG15,0.5914681815088335,0.6553799462431928,0.0016337154765662964,0.0018102484540712368,0.11407514661550522,0.0003150910536588803,1.0,1.0,1.0,False,False,5,0.12282791080393952,continuous official CoTracker3 confidence recovered; unchanged source tracks verified,cad3f55537b1e0df4e9708ec44b3383f82a8780a1a4ae140911dbd19f3615109,e6002891104fad0bc1da003092c8ac6f220b69362c6893d85ca0b2daacd49eb0,71d6ad97b54100358729448f34758e00ee23a6c8b3a384cc68f55bc359bd4356,0.9999986290931702,0.9999842643737793,0.9985145926475525,0.0,0.0,0.029869195073843002,True,-0.0002686656924710557,0.6118043004520815,0.1490143473310493
T01,1,BG15,0.22961886164743706,0.8369913933557819,0.0006342384928095249,0.0023118839454556654,0.06898456066846848,0.00019054472908534706,1.0,1.0,1.0,False,False,5,0.12282791080393952,continuous official CoTracker3 confidence recovered; unchanged source tracks verified,cad3f55537b1e0df4e9708ec44b3383f82a8780a1a4ae140911dbd19f3615109,e6002891104fad0bc1da003092c8ac6f220b69362c6893d85ca0b2daacd49eb0,f81805e30c0fa864bee1e1c256000472db9b193be90a5166fafbce60c146bf52,0.9999991059303284,0.9999920129776001,0.9983766078948975,0.0,0.0,0.029869195073843002,True,2.4947673162674573e-05,0.3025470522802331,0.08949012944668734
T01,2,BG15,0.3090307720596847,0.8232901502746651,0.0008535849785887395,0.0022740392505597945,0.08705292642116547,0.00024045201013492057,1.0,1.0,1.0,False,False,5,0.12282791080393952,continuous official CoTracker3 confidence recovered; unchanged source tracks verified,cad3f55537b1e0df4e9708ec44b3383f82a8780a1a4ae140911dbd19f3615109,e6002891104fad0bc1da003092c8ac6f220b69362c6893d85ca0b2daacd49eb0,2f019c9f2ecf65bdc0aa61ea74b948111ac6fc9fbdc0c7b9e3edc5ae657a4836,0.9999991655349731,0.999994158744812,0.9988825917243958,0.0,0.0,0.029869195073843002,True,0.00021068838486114393,0.3489262671799837,0.10625032635627614
T02,0,BG0,0.5849808416488764,0.9639117309147739,0.0016157965624770878,0.0026624551616996066,0.0,0.0,1.0,1.0,1.0,False,False,5,0.2890189535672842,continuous official CoTracker3 confidence recovered; unchanged source tracks verified,2a11f7688b812585734ecbd8bbcbc665fb353bde12798047d4b5f46071c731ee,7ab07d05db9b206bf6e5c4cd74dc888e2e5b0f2404805a68a1f1bb0b5475f63c,71d6ad97b54100358729448f34758e00ee23a6c8b3a384cc68f55bc359bd4356,0.999992847442627,0.9998956918716431,0.9973070621490479,0.0,0.0,0.0,False,0.0,0.6158366257453474,0.0
T02,1,BG0,0.9337305369074962,1.1150534915900556,0.0025790906033134626,0.003079929239410411,0.0,0.0,1.0,1.0,1.0,False,False,5,0.2890189535672842,continuous official CoTracker3 confidence recovered; unchanged source tracks verified,2a11f7688b812585734ecbd8bbcbc665fb353bde12798047d4b5f46071c731ee,7ab07d05db9b206bf6e5c4cd74dc888e2e5b0f2404805a68a1f1bb0b5475f63c,f81805e30c0fa864bee1e1c256000472db9b193be90a5166fafbce60c146bf52,0.9999932646751404,0.9999121427536011,0.9977999329566956,0.0,0.0,0.0,False,0.0,0.9656763356472371,0.0
T02,2,BG0,1.3329560917162646,2.2766616225938137,0.0036818058260800323,0.006288448717981461,0.0,0.0,1.0,1.0,1.0,False,False,5,0.2890189535672842,continuous official CoTracker3 confidence recovered; unchanged source tracks verified,2a11f7688b812585734ecbd8bbcbc665fb353bde12798047d4b5f46071c731ee,7ab07d05db9b206bf6e5c4cd74dc888e2e5b0f2404805a68a1f1bb0b5475f63c,2f019c9f2ecf65bdc0aa61ea74b948111ac6fc9fbdc0c7b9e3edc5ae657a4836,0.9999954700469971,0.999953031539917,0.9972161054611206,0.0,0.0,0.0,False,0.0,1.3421337798180177,0.0
T02,0,BG1,0.5654975378777043,0.9838211696577677,0.0015619810303813327,0.002717447736483939,0.034417521208524704,9.50658696803892e-05,1.0,1.0,1.0,False,False,5,0.2946886237483739,continuous official CoTracker3 confidence recovered; unchanged source tracks verified,2a11f7688b812585734ecbd8bbcbc665fb353bde12798047d4b5f46071c731ee,7ab07d05db9b206bf6e5c4cd74dc888e2e5b0f2404805a68a1f1bb0b5475f63c,71d6ad97b54100358729448f34758e00ee23a6c8b3a384cc68f55bc359bd4356,0.9999935626983643,0.9999305009841919,0.9975020289421082,0.0,0.0,0.020614780485630035,True,-5.381553209575507e-05,0.6066832378564757,0.07198157413485809
T02,1,BG1,0.9710306364834617,1.1609037369436426,0.0026821185460833793,0.0032065738464752093,0.07588722556829453,0.00020961082736239926,1.0,1.0,1.0,False,False,5,0.2946886237483739,continuous official CoTracker3 confidence recovered; unchanged source tracks verified,2a11f7688b812585734ecbd8bbcbc665fb353bde12798047d4b5f46071c731ee,7ab07d05db9b206bf6e5c4cd74dc888e2e5b0f2404805a68a1f1bb0b5475f63c,f81805e30c0fa864bee1e1c256000472db9b193be90a5166fafbce60c146bf52,0.9999940395355225,0.9999415874481201,0.9984387755393982,0.0,0.0,0.020614780485630035,True,0.00010302794276991671,0.9963721829034732,0.08969941272099143
T02,2,BG1,1.3259591843139886,2.251585662669098,0.003662479417207049,0.0062191855097489274,0.0651148110628128,0.00017985595491482718,1.0,1.0,1.0,False,False,5,0.2946886237483739,continuous official CoTracker3 confidence recovered; unchanged source tracks verified,2a11f7688b812585734ecbd8bbcbc665fb353bde12798047d4b5f46071c731ee,7ab07d05db9b206bf6e5c4cd74dc888e2e5b0f2404805a68a1f1bb0b5475f63c,2f019c9f2ecf65bdc0aa61ea74b948111ac6fc9fbdc0c7b9e3edc5ae657a4836,0.9999957084655762,0.9999592304229736,0.9978423118591309,0.0,0.0,0.020614780485630035,True,-1.932640887298328e-05,1.3350531494983273,0.08264790753130001
T02,0,BG2,0.6135756598222244,1.0886116731690472,0.0016947793352785356,0.0030068933444401045,0.05138346552848816,0.00014192811295335618,1.0,1.0,1.0,False,False,5,0.291941360746838,continuous official CoTracker3 confidence recovered; unchanged source tracks verified,2a11f7688b812585734ecbd8bbcbc665fb353bde12798047d4b5f46071c731ee,7ab07d05db9b206bf6e5c4cd74dc888e2e5b0f2404805a68a1f1bb0b5475f63c,71d6ad97b54100358729448f34758e00ee23a6c8b3a384cc68f55bc359bd4356,0.9999934434890747,0.9999232292175293,0.9977186918258667,0.0,0.0,0.021125121042132378,True,7.898277280144785e-05,0.6556775213224687,0.08693053325799581
T02,1,BG2,0.9680728637769194,1.1952920452243145,0.0026739487760130487,0.0033015590260798834,0.051632512360811234,0.0001426160141407338,1.0,1.0,1.0,False,False,5,0.291941360746838,continuous official CoTracker3 confidence recovered; unchanged source tracks verified,2a11f7688b812585734ecbd8bbcbc665fb353bde12798047d4b5f46071c731ee,7ab07d05db9b206bf6e5c4cd74dc888e2e5b0f2404805a68a1f1bb0b5475f63c,f81805e30c0fa864bee1e1c256000472db9b193be90a5166fafbce60c146bf52,0.999993085861206,0.999923586845398,0.9978722333908081,0.0,0.0,0.021125121042132378,True,9.485817269958615e-05,1.0016939148788975,0.0755984317443607
T02,2,BG2,1.320164114119767,2.233868653972991,0.0036464726459891346,0.006170248724626434,0.060461170971393585,0.0001670019687201236,1.0,1.0,1.0,False,False,5,0.291941360746838,continuous official CoTracker3 confidence recovered; unchanged source tracks verified,2a11f7688b812585734ecbd8bbcbc665fb353bde12798047d4b5f46071c731ee,7ab07d05db9b206bf6e5c4cd74dc888e2e5b0f2404805a68a1f1bb0b5475f63c,2f019c9f2ecf65bdc0aa61ea74b948111ac6fc9fbdc0c7b9e3edc5ae657a4836,0.9999953508377075,0.9999526739120483,0.9974552989006042,0.0,0.0,0.021125121042132378,True,-3.533318009089773e-05,1.3302631322733487,0.08679570415860768
T02,0,BG3,0.4388401290101143,0.6630731173723036,0.0012121360589055904,0.0018314980379549194,0.15548615157604218,0.00042947387562507347,1.0,1.0,1.0,False,False,5,0.2949473760718257,continuous official CoTracker3 confidence recovered; unchanged source tracks verified,2a11f7688b812585734ecbd8bbcbc665fb353bde12798047d4b5f46071c731ee,7ab07d05db9b206bf6e5c4cd74dc888e2e5b0f2404805a68a1f1bb0b5475f63c,71d6ad97b54100358729448f34758e00ee23a6c8b3a384cc68f55bc359bd4356,0.9999938011169434,0.9999363422393799,0.9978873133659363,0.0,0.0,0.01617063581943512,True,-0.00040366050357149735,0.4841371013331494,0.17019341046681982
T02,1,BG3,0.7954844550863672,0.8805391752393356,0.002197236142656468,0.002432168835594312,0.15340082347393036,0.0004237139160860026,1.0,1.0,1.0,False,False,5,0.2949473760718257,continuous official CoTracker3 confidence recovered; unchanged source tracks verified,2a11f7688b812585734ecbd8bbcbc665fb353bde12798047d4b5f46071c731ee,7ab07d05db9b206bf6e5c4cd74dc888e2e5b0f2404805a68a1f1bb0b5475f63c,f81805e30c0fa864bee1e1c256000472db9b193be90a5166fafbce60c146bf52,0.9999947547912598,0.9999421834945679,0.9978918433189392,0.0,0.0,0.01617063581943512,True,-0.00038185446065699437,0.8327989415445045,0.1668090545495287
T02,2,BG3,1.2629478610609466,2.191485015552581,0.003488433581411097,0.0060531793568981895,0.11376945674419403,0.00031424669670206714,1.0,1.0,1.0,False,False,5,0.2949473760718257,continuous official CoTracker3 confidence recovered; unchanged source tracks verified,2a11f7688b812585734ecbd8bbcbc665fb353bde12798047d4b5f46071c731ee,7ab07d05db9b206bf6e5c4cd74dc888e2e5b0f2404805a68a1f1bb0b5475f63c,2f019c9f2ecf65bdc0aa61ea74b948111ac6fc9fbdc0c7b9e3edc5ae657a4836,0.9999956488609314,0.9999656677246094,0.9978150129318237,0.0,0.0,0.01617063581943512,True,-0.0001933722446689351,1.2729312818578835,0.1276982679412688
T02,0,BG4,0.5266933907209757,0.8383377674209538,0.0014547987038474128,0.0023156028135474494,0.06494251638650894,0.00017938005361023028,1.0,1.0,1.0,False,False,5,0.29746403545603406,continuous official CoTracker3 confidence recovered; unchanged source tracks verified,2a11f7688b812585734ecbd8bbcbc665fb353bde12798047d4b5f46071c731ee,7ab07d05db9b206bf6e5c4cd74dc888e2e5b0f2404805a68a1f1bb0b5475f63c,71d6ad97b54100358729448f34758e00ee23a6c8b3a384cc68f55bc359bd4356,0.9999945163726807,0.9999459981918335,0.9981149435043335,0.0,0.0,0.015247650444507599,True,-0.00016099785862967492,0.5662501335351294,0.08813362746573557
T02,1,BG4,0.8659711886168138,0.9971051041383148,0.0023919300772778274,0.0027541397683278164,0.07374497503042221,0.00020369364032204752,1.0,1.0,1.0,False,False,5,0.29746403545603406,continuous official CoTracker3 confidence recovered; unchanged source tracks verified,2a11f7688b812585734ecbd8bbcbc665fb353bde12798047d4b5f46071c731ee,7ab07d05db9b206bf6e5c4cd74dc888e2e5b0f2404805a68a1f1bb0b5475f63c,f81805e30c0fa864bee1e1c256000472db9b193be90a5166fafbce60c146bf52,0.9999948740005493,0.9999486207962036,0.9983880519866943,0.0,0.0,0.015247650444507599,True,-0.0001871605260356352,0.90499262852872,0.08890527413468054
T02,2,BG4,1.3064946907297545,2.2026030485113512,0.0036087158414032446,0.006083888874470853,0.06465710699558258,0.00017859171409562735,1.0,1.0,1.0,False,False,5,0.29746403545603406,continuous official CoTracker3 confidence recovered; unchanged source tracks verified,2a11f7688b812585734ecbd8bbcbc665fb353bde12798047d4b5f46071c731ee,7ab07d05db9b206bf6e5c4cd74dc888e2e5b0f2404805a68a1f1bb0b5475f63c,2f019c9f2ecf65bdc0aa61ea74b948111ac6fc9fbdc0c7b9e3edc5ae657a4836,0.9999958872795105,0.9999639987945557,0.9977344274520874,0.0,0.0,0.015247650444507599,True,-7.308998467678773e-05,1.315947691792993,0.08117473240016396
T02,0,BG5,0.5731185303461828,1.051917148241051,0.001583031246997867,0.002905538081123679,0.09323091059923172,0.0002575164418004434,1.0,1.0,1.0,False,False,5,0.27614895460209604,continuous official CoTracker3 confidence recovered; unchanged source tracks verified,2a11f7688b812585734ecbd8bbcbc665fb353bde12798047d4b5f46071c731ee,7ab07d05db9b206bf6e5c4cd74dc888e2e5b0f2404805a68a1f1bb0b5475f63c,71d6ad97b54100358729448f34758e00ee23a6c8b3a384cc68f55bc359bd4356,0.9999907612800598,0.999885082244873,0.9964922070503235,0.0,0.0,0.04144518822431564,True,-3.276531547922079e-05,0.6256036648014276,0.22564649202082743
T02,1,BG5,0.9325643508549474,1.1814365277486132,0.0025758694389936094,0.0032632882043458324,0.09952665865421295,0.00027490615329387797,1.0,1.0,1.0,False,False,5,0.27614895460209604,continuous official CoTracker3 confidence recovered; unchanged source tracks verified,2a11f7688b812585734ecbd8bbcbc665fb353bde12798047d4b5f46071c731ee,7ab07d05db9b206bf6e5c4cd74dc888e2e5b0f2404805a68a1f1bb0b5475f63c,f81805e30c0fa864bee1e1c256000472db9b193be90a5166fafbce60c146bf52,0.9999939799308777,0.9999394416809082,0.9982106685638428,0.0,0.0,0.04144518822431564,True,-3.2211643198531634e-06,0.9700507983422768,0.17468378212735286
T02,2,BG5,1.2908438468889287,2.0894623702014634,0.00356548608432848,0.005771378949232699,0.08006369322538376,0.00022114679846292303,1.0,1.0,1.0,False,False,5,0.27614895460209604,continuous official CoTracker3 confidence recovered; unchanged source tracks verified,2a11f7688b812585734ecbd8bbcbc665fb353bde12798047d4b5f46071c731ee,7ab07d05db9b206bf6e5c4cd74dc888e2e5b0f2404805a68a1f1bb0b5475f63c,2f019c9f2ecf65bdc0aa61ea74b948111ac6fc9fbdc0c7b9e3edc5ae657a4836,0.9999942779541016,0.9999270439147949,0.9980359673500061,0.0,0.0,0.04144518822431564,True,-0.00011631974175155225,1.313940820112646,0.1899689953406189
T02,0,BG6,0.5310815740168401,1.2007504390353583,0.0014669194623067694,0.0033166358513852575,0.9174648523330688,0.0025341625725977634,1.0,1.0,1.0,False,False,5,0.2834433142152237,continuous official CoTracker3 confidence recovered; unchanged source tracks verified,2a11f7688b812585734ecbd8bbcbc665fb353bde12798047d4b5f46071c731ee,7ab07d05db9b206bf6e5c4cd74dc888e2e5b0f2404805a68a1f1bb0b5475f63c,71d6ad97b54100358729448f34758e00ee23a6c8b3a384cc68f55bc359bd4356,0.999989926815033,0.9998352527618408,0.9971517324447632,0.0,0.0,0.022408094257116318,True,-0.0001488771001703184,0.601595179579629,0.9455471822542545
T02,1,BG6,0.5020382590126686,0.3047832461408234,0.001386697880324009,0.0008418527349149409,0.5048477053642273,0.0013944579528496611,1.0,1.0,1.0,False,False,5,0.2834433142152237,continuous official CoTracker3 confidence recovered; unchanged source tracks verified,2a11f7688b812585734ecbd8bbcbc665fb353bde12798047d4b5f46071c731ee,7ab07d05db9b206bf6e5c4cd74dc888e2e5b0f2404805a68a1f1bb0b5475f63c,f81805e30c0fa864bee1e1c256000472db9b193be90a5166fafbce60c146bf52,0.9999912977218628,0.9998863935470581,0.9973089694976807,0.0,0.0,0.022408094257116318,True,-0.0011923927229894535,0.5703187617378304,0.519185990442656
T02,2,BG6,1.3141893242361429,2.6107593560284177,0.0036299694645716522,0.007211272049585617,0.2422594130039215,0.0006691534130521303,1.0,1.0,1.0,False,False,5,0.2834433142152237,continuous official CoTracker3 confidence recovered; unchanged source tracks verified,2a11f7688b812585734ecbd8bbcbc665fb353bde12798047d4b5f46071c731ee,7ab07d05db9b206bf6e5c4cd74dc888e2e5b0f2404805a68a1f1bb0b5475f63c,2f019c9f2ecf65bdc0aa61ea74b948111ac6fc9fbdc0c7b9e3edc5ae657a4836,0.9999943375587463,0.9999340772628784,0.9979458451271057,0.0,0.0,0.022408094257116318,True,-5.183636150838007e-05,1.3285242926871825,0.27189708814218905
T02,0,BG7,0.5219528534042988,0.7896282858908161,0.001441704695710342,0.002181060607695726,0.08302100747823715,0.0002293153022218772,1.0,1.0,1.0,False,False,5,0.27840014693739973,continuous official CoTracker3 confidence recovered; unchanged source tracks verified,2a11f7688b812585734ecbd8bbcbc665fb353bde12798047d4b5f46071c731ee,7ab07d05db9b206bf6e5c4cd74dc888e2e5b0f2404805a68a1f1bb0b5475f63c,71d6ad97b54100358729448f34758e00ee23a6c8b3a384cc68f55bc359bd4356,0.9999924302101135,0.9999009370803833,0.9963880777359009,0.0,0.0,0.028719604015350342,True,-0.00017409186676674575,0.5793881235013076,0.1844716605991488
T02,1,BG7,0.7834356159301061,0.857631822073703,0.002163955611903272,0.0023688956138659765,0.17242828011512756,0.0004762703364755477,1.0,1.0,1.0,False,False,5,0.27840014693739973,continuous official CoTracker3 confidence recovered; unchanged source tracks verified,2a11f7688b812585734ecbd8bbcbc665fb353bde12798047d4b5f46071c731ee,7ab07d05db9b206bf6e5c4cd74dc888e2e5b0f2404805a68a1f1bb0b5475f63c,f81805e30c0fa864bee1e1c256000472db9b193be90a5166fafbce60c146bf52,0.9999952912330627,0.9999419450759888,0.9982080459594727,0.0,0.0,0.028719604015350342,True,-0.00041513499141019065,0.8434564669957442,0.2120280597192865
T02,2,BG7,1.2575161987995827,2.165732443263606,0.0034734305922777945,0.005982047253388302,0.11620793491601944,0.0003209821047140715,1.0,1.0,1.0,False,False,5,0.27840014693739973,continuous official CoTracker3 confidence recovered; unchanged source tracks verified,2a11f7688b812585734ecbd8bbcbc665fb353bde12798047d4b5f46071c731ee,7ab07d05db9b206bf6e5c4cd74dc888e2e5b0f2404805a68a1f1bb0b5475f63c,2f019c9f2ecf65bdc0aa61ea74b948111ac6fc9fbdc0c7b9e3edc5ae657a4836,0.9999963641166687,0.9999512434005737,0.9980145692825317,0.0,0.0,0.028719604015350342,True,-0.00020837523380223778,1.272689387761919,0.1912493060102671
T02,0,BG8,1.8314818288127597,5.103873055334908,0.005058801643646257,0.014097590811494596,2.2072556018829346,0.006096739858997724,1.0,1.0,1.0,False,False,5,0.2748614736360426,continuous official CoTracker3 confidence recovered; unchanged source tracks verified,2a11f7688b812585734ecbd8bbcbc665fb353bde12798047d4b5f46071c731ee,7ab07d05db9b206bf6e5c4cd74dc888e2e5b0f2404805a68a1f1bb0b5475f63c,71d6ad97b54100358729448f34758e00ee23a6c8b3a384cc68f55bc359bd4356,0.9999741911888123,0.9994691014289856,0.9962511658668518,0.0,0.0,0.02216198667883873,True,0.0034430050811691693,1.8779959799851593,2.2373455080283895
T02,1,BG8,1.15948209155305,3.2556185684269603,0.0032026470687559487,0.008992460807388842,1.6633977890014648,0.004594530689115804,1.0,1.0,1.0,False,False,5,0.2748614736360426,continuous official CoTracker3 confidence recovered; unchanged source tracks verified,2a11f7688b812585734ecbd8bbcbc665fb353bde12798047d4b5f46071c731ee,7ab07d05db9b206bf6e5c4cd74dc888e2e5b0f2404805a68a1f1bb0b5475f63c,f81805e30c0fa864bee1e1c256000472db9b193be90a5166fafbce60c146bf52,0.9999912977218628,0.999874472618103,0.9957141280174255,0.0,0.0,0.02216198667883873,True,0.0006235564654424861,1.1933831576443894,1.675022331953506
T02,2,BG8,1.6345638940720808,4.313846467932143,0.004514887553832257,0.011915430040908025,1.195948839187622,0.0033033731802412005,1.0,1.0,1.0,False,False,5,0.2748614736360426,continuous official CoTracker3 confidence recovered; unchanged source tracks verified,2a11f7688b812585734ecbd8bbcbc665fb353bde12798047d4b5f46071c731ee,7ab07d05db9b206bf6e5c4cd74dc888e2e5b0f2404805a68a1f1bb0b5475f63c,2f019c9f2ecf65bdc0aa61ea74b948111ac6fc9fbdc0c7b9e3edc5ae657a4836,0.9999784231185913,0.9995154142379761,0.9970762729644775,0.0,0.0,0.02216198667883873,True,0.0008330817277522251,1.6411977555991408,1.216577533616259
T02,0,BG9,0.30752558373369066,0.06013690867726661,0.0008494274439314222,0.00016610631220816932,0.301666796207428,0.000833244676785518,1.0,1.0,1.0,False,False,5,0.2857217144840943,continuous official CoTracker3 confidence recovered; unchanged source tracks verified,2a11f7688b812585734ecbd8bbcbc665fb353bde12798047d4b5f46071c731ee,7ab07d05db9b206bf6e5c4cd74dc888e2e5b0f2404805a68a1f1bb0b5475f63c,71d6ad97b54100358729448f34758e00ee23a6c8b3a384cc68f55bc359bd4356,0.9999778866767883,0.9996507167816162,0.995089590549469,0.0,0.0,0.030514052137732506,True,-0.0007663691185456656,0.3750661111428714,0.349864065863932
T02,1,BG9,0.7645552717910196,0.7198524208489391,0.0021118055362318506,0.001988330188421239,0.21422740817070007,0.0005917252071621891,1.0,1.0,1.0,False,False,5,0.2857217144840943,continuous official CoTracker3 confidence recovered; unchanged source tracks verified,2a11f7688b812585734ecbd8bbcbc665fb353bde12798047d4b5f46071c731ee,7ab07d05db9b206bf6e5c4cd74dc888e2e5b0f2404805a68a1f1bb0b5475f63c,f81805e30c0fa864bee1e1c256000472db9b193be90a5166fafbce60c146bf52,0.9999846816062927,0.999795138835907,0.9968959093093872,0.0,0.0,0.030514052137732506,True,-0.000467285067081612,0.8047171593714704,0.2512725907040715
T02,2,BG9,1.2510812143094698,2.2991295944189867,0.0034556562908333063,0.0063505083087513365,0.24071283638477325,0.0006648815583059417,1.0,1.0,1.0,False,False,5,0.2857217144840943,continuous official CoTracker3 confidence recovered; unchanged source tracks verified,2a11f7688b812585734ecbd8bbcbc665fb353bde12798047d4b5f46071c731ee,7ab07d05db9b206bf6e5c4cd74dc888e2e5b0f2404805a68a1f1bb0b5475f63c,2f019c9f2ecf65bdc0aa61ea74b948111ac6fc9fbdc0c7b9e3edc5ae657a4836,0.9999871253967285,0.9998379945755005,0.9959024786949158,0.0,0.0,0.030514052137732506,True,-0.000226149535246726,1.2677045007619896,0.2608135552757712
T02,0,BG10,2.7189966605943114,7.651496547173328,0.00751023819035084,0.021134473026295758,3.1790108680725098,0.008780859930780486,1.0,1.0,1.0,False,False,5,0.27300566843012425,continuous official CoTracker3 confidence recovered; unchanged source tracks verified,2a11f7688b812585734ecbd8bbcbc665fb353bde12798047d4b5f46071c731ee,7ab07d05db9b206bf6e5c4cd74dc888e2e5b0f2404805a68a1f1bb0b5475f63c,71d6ad97b54100358729448f34758e00ee23a6c8b3a384cc68f55bc359bd4356,0.9999945163726807,0.9999140501022339,0.996752142906189,0.0,0.0,0.02615722082555294,True,0.005894441627873752,2.7603631346129025,3.2023704742205625
T02,1,BG10,1.6959468794815595,5.069389396440086,0.0046844356992717774,0.014002342260538921,2.3989131450653076,0.006626124032629793,1.0,1.0,1.0,False,False,5,0.27300566843012425,continuous official CoTracker3 confidence recovered; unchanged source tracks verified,2a11f7688b812585734ecbd8bbcbc665fb353bde12798047d4b5f46071c731ee,7ab07d05db9b206bf6e5c4cd74dc888e2e5b0f2404805a68a1f1bb0b5475f63c,f81805e30c0fa864bee1e1c256000472db9b193be90a5166fafbce60c146bf52,0.9999920725822449,0.999883770942688,0.9979088306427002,0.0,0.0,0.02615722082555294,True,0.002105345095958315,1.7079285619505225,2.410819729074468
T02,2,BG10,1.7033794894862702,4.872057451109738,0.004704965577928988,0.013457284617227117,1.7293552160263062,0.004776714063798937,1.0,1.0,1.0,False,False,5,0.27300566843012425,continuous official CoTracker3 confidence recovered; unchanged source tracks verified,2a11f7688b812585734ecbd8bbcbc665fb353bde12798047d4b5f46071c731ee,7ab07d05db9b206bf6e5c4cd74dc888e2e5b0f2404805a68a1f1bb0b5475f63c,2f019c9f2ecf65bdc0aa61ea74b948111ac6fc9fbdc0c7b9e3edc5ae657a4836,0.9999895691871643,0.9997614026069641,0.9973016977310181,0.0,0.0,0.02615722082555294,True,0.0010231597518489555,1.7154763441293763,1.7476404719622685
T02,0,BG11,0.38482777258535694,1.027878567119187,0.0010629465921250798,0.002839140254087066,0.7998195290565491,0.0022092102059426432,1.0,1.0,1.0,False,False,5,0.275757542366593,continuous official CoTracker3 confidence recovered; unchanged source tracks verified,2a11f7688b812585734ecbd8bbcbc665fb353bde12798047d4b5f46071c731ee,7ab07d05db9b206bf6e5c4cd74dc888e2e5b0f2404805a68a1f1bb0b5475f63c,71d6ad97b54100358729448f34758e00ee23a6c8b3a384cc68f55bc359bd4356,0.9999944567680359,0.9999251365661621,0.997995138168335,0.0,0.0,0.02213428169488907,True,-0.000552849970352008,0.47058701529272406,0.8204538783640792
T02,1,BG11,0.470629207318797,0.09503906221748187,0.0012999418121858238,0.0002625108022327798,0.5080522298812866,0.0014033092849453299,1.0,1.0,1.0,False,False,5,0.275757542366593,continuous official CoTracker3 confidence recovered; unchanged source tracks verified,2a11f7688b812585734ecbd8bbcbc665fb353bde12798047d4b5f46071c731ee,7ab07d05db9b206bf6e5c4cd74dc888e2e5b0f2404805a68a1f1bb0b5475f63c,f81805e30c0fa864bee1e1c256000472db9b193be90a5166fafbce60c146bf52,0.9999933838844299,0.9999039173126221,0.9972165822982788,0.0,0.0,0.02213428169488907,True,-0.0012791487911276388,0.5575098582775151,0.5217283539280521
T02,2,BG11,1.090282617664296,2.1889120360051537,0.003011508720157201,0.006046072437812877,0.47235170006752014,0.001304699571182569,1.0,1.0,1.0,False,False,5,0.275757542366593,continuous official CoTracker3 confidence recovered; unchanged source tracks verified,2a11f7688b812585734ecbd8bbcbc665fb353bde12798047d4b5f46071c731ee,7ab07d05db9b206bf6e5c4cd74dc888e2e5b0f2404805a68a1f1bb0b5475f63c,2f019c9f2ecf65bdc0aa61ea74b948111ac6fc9fbdc0c7b9e3edc5ae657a4836,0.9999954104423523,0.9999432563781738,0.9977878332138062,0.0,0.0,0.02213428169488907,True,-0.0006702971059228311,1.104056909783204,0.48183657914269773
T02,0,BG12,0.5730990091062499,0.8968244208390559,0.0015829773266809383,0.0024771508965195097,0.05305776745080948,0.0001465527623401807,1.0,1.0,1.0,False,False,5,0.28149650511669444,continuous official CoTracker3 confidence recovered; unchanged source tracks verified,2a11f7688b812585734ecbd8bbcbc665fb353bde12798047d4b5f46071c731ee,7ab07d05db9b206bf6e5c4cd74dc888e2e5b0f2404805a68a1f1bb0b5475f63c,71d6ad97b54100358729448f34758e00ee23a6c8b3a384cc68f55bc359bd4356,0.9999934434890747,0.9999375343322754,0.9983540773391724,0.0,0.0,0.04684301093220711,True,-3.281923579614944e-05,0.6045474509222295,0.167276641614859
T02,1,BG12,0.8945456761758139,1.071556524249111,0.0024708566941602475,0.002959784705942318,0.07492901384830475,0.00020696411640530084,1.0,1.0,1.0,False,False,5,0.28149650511669444,continuous official CoTracker3 confidence recovered; unchanged source tracks verified,2a11f7688b812585734ecbd8bbcbc665fb353bde12798047d4b5f46071c731ee,7ab07d05db9b206bf6e5c4cd74dc888e2e5b0f2404805a68a1f1bb0b5475f63c,f81805e30c0fa864bee1e1c256000472db9b193be90a5166fafbce60c146bf52,0.9999932646751404,0.9999209642410278,0.9984405636787415,0.0,0.0,0.04684301093220711,True,-0.00010823390915321507,0.9229772707972707,0.14932119696318552
T02,2,BG12,1.3649989066210635,2.3507868575334756,0.00377031243431241,0.006493192687836464,0.10035562515258789,0.00027719587138910214,1.0,1.0,1.0,False,False,5,0.28149650511669444,continuous official CoTracker3 confidence recovered; unchanged source tracks verified,2a11f7688b812585734ecbd8bbcbc665fb353bde12798047d4b5f46071c731ee,7ab07d05db9b206bf6e5c4cd74dc888e2e5b0f2404805a68a1f1bb0b5475f63c,2f019c9f2ecf65bdc0aa61ea74b948111ac6fc9fbdc0c7b9e3edc5ae657a4836,0.9999958872795105,0.9999687671661377,0.9987109899520874,0.0,0.0,0.04684301093220711,True,8.850660823237757e-05,1.3851295239067638,0.16704507872696647
T02,0,BG13,0.601489856241101,0.992641612543811,0.0016613967037617347,0.0027418109981159305,0.05251247435808182,0.00014504658873236073,1.0,1.0,1.0,False,False,5,0.2775255390796274,continuous official CoTracker3 confidence recovered; unchanged source tracks verified,2a11f7688b812585734ecbd8bbcbc665fb353bde12798047d4b5f46071c731ee,7ab07d05db9b206bf6e5c4cd74dc888e2e5b0f2404805a68a1f1bb0b5475f63c,71d6ad97b54100358729448f34758e00ee23a6c8b3a384cc68f55bc359bd4356,0.9999940395355225,0.999944806098938,0.9983225464820862,0.0,0.0,0.04217786714434624,True,4.560014128464698e-05,0.6461314797887856,0.15105856893499212
T02,1,BG13,0.8926376130435323,1.087036421365631,0.0024655863645517773,0.0030025422849390424,0.09096410125494003,0.00025125520641370246,1.0,1.0,1.0,False,False,5,0.2775255390796274,continuous official CoTracker3 confidence recovered; unchanged source tracks verified,2a11f7688b812585734ecbd8bbcbc665fb353bde12798047d4b5f46071c731ee,7ab07d05db9b206bf6e5c4cd74dc888e2e5b0f2404805a68a1f1bb0b5475f63c,f81805e30c0fa864bee1e1c256000472db9b193be90a5166fafbce60c146bf52,0.9999934434890747,0.9999314546585083,0.9977335929870605,0.0,0.0,0.04217786714434624,True,-0.00011350423876168528,0.9473727656395599,0.15187030315770836
T02,2,BG13,1.3382980518182188,2.2728867316699874,0.00369656104566175,0.006278021956378035,0.06295681744813919,0.0001738952833574327,1.0,1.0,1.0,False,False,5,0.2775255390796274,continuous official CoTracker3 confidence recovered; unchanged source tracks verified,2a11f7688b812585734ecbd8bbcbc665fb353bde12798047d4b5f46071c731ee,7ab07d05db9b206bf6e5c4cd74dc888e2e5b0f2404805a68a1f1bb0b5475f63c,2f019c9f2ecf65bdc0aa61ea74b948111ac6fc9fbdc0c7b9e3edc5ae657a4836,0.9999958276748657,0.9999593496322632,0.9985677003860474,0.0,0.0,0.04217786714434624,True,1.4755219581717802e-05,1.356223404967524,0.1448704069941898
T02,0,BG14,0.4047082401086265,0.959429416527759,0.0011178591444643878,0.0026500744003774648,0.7131537199020386,0.001969827466293528,1.0,1.0,1.0,False,False,5,0.29333875220504213,continuous official CoTracker3 confidence recovered; unchanged source tracks verified,2a11f7688b812585734ecbd8bbcbc665fb353bde12798047d4b5f46071c731ee,7ab07d05db9b206bf6e5c4cd74dc888e2e5b0f2404805a68a1f1bb0b5475f63c,71d6ad97b54100358729448f34758e00ee23a6c8b3a384cc68f55bc359bd4356,0.9999932050704956,0.9999263286590576,0.997287392616272,0.0,0.0,0.025015613064169884,True,-0.0004979374180126999,0.4692484144088736,0.7321537094953461
T02,1,BG14,0.5370655136260041,0.07908351655209364,0.0014834479165093109,0.00021843941732056243,0.4373696446418762,0.001208074381294614,1.0,1.0,1.0,False,False,5,0.29333875220504213,continuous official CoTracker3 confidence recovered; unchanged source tracks verified,2a11f7688b812585734ecbd8bbcbc665fb353bde12798047d4b5f46071c731ee,7ab07d05db9b206bf6e5c4cd74dc888e2e5b0f2404805a68a1f1bb0b5475f63c,f81805e30c0fa864bee1e1c256000472db9b193be90a5166fafbce60c146bf52,0.9999937415122986,0.9999388456344604,0.997664213180542,0.0,0.0,0.025015613064169884,True,-0.0010956426868041517,0.5981750485807642,0.4492606886698015
T02,2,BG14,1.1536819881884552,2.3089921814449683,0.003186626395237637,0.006377750114087719,0.4540467858314514,0.0012541389110834972,1.0,1.0,1.0,False,False,5,0.29333875220504213,continuous official CoTracker3 confidence recovered; unchanged source tracks verified,2a11f7688b812585734ecbd8bbcbc665fb353bde12798047d4b5f46071c731ee,7ab07d05db9b206bf6e5c4cd74dc888e2e5b0f2404805a68a1f1bb0b5475f63c,2f019c9f2ecf65bdc0aa61ea74b948111ac6fc9fbdc0c7b9e3edc5ae657a4836,0.9999952912330627,0.9999560117721558,0.9978839755058289,0.0,0.0,0.025015613064169884,True,-0.0004951794308423953,1.1663878993859123,0.4670084004949767
T02,0,BG15,0.43743207431038833,0.581805654713941,0.0012082468205209895,0.0016070262647691666,0.15674643218517303,0.00043295494189427014,1.0,1.0,1.0,False,False,5,0.29428758873847377,continuous official CoTracker3 confidence recovered; unchanged source tracks verified,2a11f7688b812585734ecbd8bbcbc665fb353bde12798047d4b5f46071c731ee,7ab07d05db9b206bf6e5c4cd74dc888e2e5b0f2404805a68a1f1bb0b5475f63c,71d6ad97b54100358729448f34758e00ee23a6c8b3a384cc68f55bc359bd4356,0.9999940395355225,0.9999465942382812,0.9983025789260864,0.0,0.0,0.023780152201652527,True,-0.00040754974195609823,0.49356583779772983,0.18103961300838783
T02,1,BG15,0.8034898600803129,0.8325867643029018,0.0022193481588961696,0.0022997177615810454,0.14324915409088135,0.00039567362600351116,1.0,1.0,1.0,False,False,5,0.29428758873847377,continuous official CoTracker3 confidence recovered; unchanged source tracks verified,2a11f7688b812585734ecbd8bbcbc665fb353bde12798047d4b5f46071c731ee,7ab07d05db9b206bf6e5c4cd74dc888e2e5b0f2404805a68a1f1bb0b5475f63c,f81805e30c0fa864bee1e1c256000472db9b193be90a5166fafbce60c146bf52,0.9999945163726807,0.9999526739120483,0.9979658126831055,0.0,0.0,0.023780152201652527,True,-0.00035974244441729303,0.8435384599986959,0.1603132877008427
T02,2,BG15,1.2461972123299547,2.144229068035664,0.003442166013805792,0.005922652009473941,0.14750508964061737,0.00040742909822035194,1.0,1.0,1.0,False,False,5,0.29428758873847377,continuous official CoTracker3 confidence recovered; unchanged source tracks verified,2a11f7688b812585734ecbd8bbcbc665fb353bde12798047d4b5f46071c731ee,7ab07d05db9b206bf6e5c4cd74dc888e2e5b0f2404805a68a1f1bb0b5475f63c,2f019c9f2ecf65bdc0aa61ea74b948111ac6fc9fbdc0c7b9e3edc5ae657a4836,0.9999951720237732,0.9999550580978394,0.9983521699905396,0.0,0.0,0.023780152201652527,True,-0.00023963981227424032,1.2576939301140135,0.16649622013245313
T03,0,BG0,0.7090076171135158,1.6501901855435608,0.0019583753670854775,0.004558049493927105,0.0,0.0,1.0,1.0,1.0,False,False,5,0.18584534227719401,continuous official CoTracker3 confidence recovered; unchanged source tracks verified,0621af164f0d6fe5212699283835179d19f439f1fcc3be509802dbcf3cc64f99,e9055165efd2caa6818f693e09238dd2de35c656513a8428d0f740f0b7fc3ef7,71d6ad97b54100358729448f34758e00ee23a6c8b3a384cc68f55bc359bd4356,0.9999958276748657,0.9999328851699829,0.9977179765701294,0.0,0.0,0.0,False,0.0,0.7291129842950707,0.0
T03,1,BG0,0.5946315410487378,0.8300869506520026,0.0016424531054022242,0.0022928129366425547,0.0,0.0,1.0,1.0,1.0,False,False,5,0.18584534227719401,continuous official CoTracker3 confidence recovered; unchanged source tracks verified,0621af164f0d6fe5212699283835179d19f439f1fcc3be509802dbcf3cc64f99,e9055165efd2caa6818f693e09238dd2de35c656513a8428d0f740f0b7fc3ef7,f81805e30c0fa864bee1e1c256000472db9b193be90a5166fafbce60c146bf52,0.9999958276748657,0.999955415725708,0.9978967905044556,0.0,0.0,0.0,False,0.0,0.6114185068313609,0.0
T03,2,BG0,0.7466560907487398,0.8057852871990029,0.002062365566338563,0.0022256884404639244,0.0,0.0,1.0,1.0,1.0,False,False,5,0.18584534227719401,continuous official CoTracker3 confidence recovered; unchanged source tracks verified,0621af164f0d6fe5212699283835179d19f439f1fcc3be509802dbcf3cc64f99,e9055165efd2caa6818f693e09238dd2de35c656513a8428d0f740f0b7fc3ef7,2f019c9f2ecf65bdc0aa61ea74b948111ac6fc9fbdc0c7b9e3edc5ae657a4836,0.9999929666519165,0.999919056892395,0.9981356859207153,0.0,0.0,0.0,False,0.0,0.7790545909679136,0.0
T03,0,BG1,0.7999175991054047,1.8570127785997683,0.0022094810887417727,0.005129321595695191,0.10791195929050446,0.00029806749291188416,1.0,1.0,1.0,False,False,5,0.1797668639612078,continuous official CoTracker3 confidence recovered; unchanged source tracks verified,0621af164f0d6fe5212699283835179d19f439f1fcc3be509802dbcf3cc64f99,e9055165efd2caa6818f693e09238dd2de35c656513a8428d0f740f0b7fc3ef7,71d6ad97b54100358729448f34758e00ee23a6c8b3a384cc68f55bc359bd4356,0.9999961256980896,0.9999598264694214,0.9981313347816467,0.0,0.0,0.017857089638710022,True,0.0002511057216562952,0.820584741062309,0.12183782317833199
T03,1,BG1,0.5826491930380275,0.782351376619257,0.0016093562322267929,0.002160960795617606,0.06497737765312195,0.00017947634516500687,1.0,1.0,1.0,False,False,5,0.1797668639612078,continuous official CoTracker3 confidence recovered; unchanged source tracks verified,0621af164f0d6fe5212699283835179d19f439f1fcc3be509802dbcf3cc64f99,e9055165efd2caa6818f693e09238dd2de35c656513a8428d0f740f0b7fc3ef7,f81805e30c0fa864bee1e1c256000472db9b193be90a5166fafbce60c146bf52,0.9999961853027344,0.9999556541442871,0.998099148273468,0.0,0.0,0.017857089638710022,True,-3.30968731754313e-05,0.6012891385228396,0.08806298235668006
T03,2,BG1,0.7674138410740102,0.8295659836581456,0.0021197012929681566,0.002291373955024857,0.0412403829395771,0.00011391154076291005,1.0,1.0,1.0,False,False,5,0.1797668639612078,continuous official CoTracker3 confidence recovered; unchanged source tracks verified,0621af164f0d6fe5212699283835179d19f439f1fcc3be509802dbcf3cc64f99,e9055165efd2caa6818f693e09238dd2de35c656513a8428d0f740f0b7fc3ef7,2f019c9f2ecf65bdc0aa61ea74b948111ac6fc9fbdc0c7b9e3edc5ae657a4836,0.9999943375587463,0.9999197721481323,0.9975255131721497,0.0,0.0,0.017857089638710022,True,5.733572662959367e-05,0.7981227050629174,0.06734035213141257
T03,0,BG2,0.7511629724911508,1.7548522779187503,0.002074814186034128,0.004847140412878938,0.0647699162364006,0.00017890330854548254,1.0,1.0,1.0,False,False,5,0.17731454486450507,continuous official CoTracker3 confidence recovered; unchanged source tracks verified,0621af164f0d6fe5212699283835179d19f439f1fcc3be509802dbcf3cc64f99,e9055165efd2caa6818f693e09238dd2de35c656513a8428d0f740f0b7fc3ef7,71d6ad97b54100358729448f34758e00ee23a6c8b3a384cc68f55bc359bd4356,0.9999957084655762,0.9999518394470215,0.997810423374176,0.0,0.0,0.02236480638384819,True,0.0001164388189486506,0.7703558636864818,0.08144464778642135
T03,1,BG2,0.5865329104934875,0.8171109077443811,0.0016200835874962006,0.0022569713431544814,0.07040947675704956,0.00019448054091682166,1.0,1.0,1.0,False,False,5,0.17731454486450507,continuous official CoTracker3 confidence recovered; unchanged source tracks verified,0621af164f0d6fe5212699283835179d19f439f1fcc3be509802dbcf3cc64f99,e9055165efd2caa6818f693e09238dd2de35c656513a8428d0f740f0b7fc3ef7,f81805e30c0fa864bee1e1c256000472db9b193be90a5166fafbce60c146bf52,0.9999956488609314,0.9999414682388306,0.9977295994758606,0.0,0.0,0.02236480638384819,True,-2.236951790602357e-05,0.6020612309504255,0.08780939911877575
T03,2,BG2,0.758942409943715,0.8232470571391555,0.0020963020492236776,0.0022739202214647107,0.03202849254012108,8.846704791524361e-05,1.0,1.0,1.0,False,False,5,0.17731454486450507,continuous official CoTracker3 confidence recovered; unchanged source tracks verified,0621af164f0d6fe5212699283835179d19f439f1fcc3be509802dbcf3cc64f99,e9055165efd2caa6818f693e09238dd2de35c656513a8428d0f740f0b7fc3ef7,2f019c9f2ecf65bdc0aa61ea74b948111ac6fc9fbdc0c7b9e3edc5ae657a4836,0.9999933838844299,0.9999150037765503,0.9972929358482361,0.0,0.0,0.02236480638384819,True,3.393648288511474e-05,0.7901402773436886,0.05899239407329056
T03,0,BG3,0.8090871269301093,1.9317737201884801,0.0022348085704024263,0.005335821473684525,0.12295351177453995,0.0003396143044784266,1.0,1.0,1.0,False,False,5,0.17809369014184864,continuous official CoTracker3 confidence recovered; unchanged source tracks verified,0621af164f0d6fe5212699283835179d19f439f1fcc3be509802dbcf3cc64f99,e9055165efd2caa6818f693e09238dd2de35c656513a8428d0f740f0b7fc3ef7,71d6ad97b54100358729448f34758e00ee23a6c8b3a384cc68f55bc359bd4356,0.9999961256980896,0.9999653100967407,0.9984143972396851,0.0,0.0,0.019443178549408913,True,0.00027643320331694875,0.8280235960986154,0.14164090104498242
T03,1,BG3,0.5472157838069116,0.7582711247006111,0.0015114843418053863,0.0020944478681787196,0.10034006834030151,0.00027715290135995626,1.0,1.0,1.0,False,False,5,0.17809369014184864,continuous official CoTracker3 confidence recovered; unchanged source tracks verified,0621af164f0d6fe5212699283835179d19f439f1fcc3be509802dbcf3cc64f99,e9055165efd2caa6818f693e09238dd2de35c656513a8428d0f740f0b7fc3ef7,f81805e30c0fa864bee1e1c256000472db9b193be90a5166fafbce60c146bf52,0.9999963641166687,0.9999544620513916,0.9979807734489441,0.0,0.0,0.019443178549408913,True,-0.00013096876359683786,0.5743265732412184,0.13450106388080502
T03,2,BG3,0.761649639266413,0.8422233049891928,0.0021037797844280014,0.0023263351962156406,0.03415151685476303,9.43311295148813e-05,1.0,1.0,1.0,False,False,5,0.17809369014184864,continuous official CoTracker3 confidence recovered; unchanged source tracks verified,0621af164f0d6fe5212699283835179d19f439f1fcc3be509802dbcf3cc64f99,e9055165efd2caa6818f693e09238dd2de35c656513a8428d0f740f0b7fc3ef7,2f019c9f2ecf65bdc0aa61ea74b948111ac6fc9fbdc0c7b9e3edc5ae657a4836,0.9999948740005493,0.9999498128890991,0.9980295300483704,0.0,0.0,0.019443178549408913,True,4.141421808943847e-05,0.7958372505200622,0.06697871567057158
T03,0,BG4,0.7242525838844174,1.7804895041968065,0.002000484036549025,0.004917953915035296,0.07289621233940125,0.0002013492424531449,1.0,1.0,1.0,False,False,5,0.17339349618721786,continuous official CoTracker3 confidence recovered; unchanged source tracks verified,0621af164f0d6fe5212699283835179d19f439f1fcc3be509802dbcf3cc64f99,e9055165efd2caa6818f693e09238dd2de35c656513a8428d0f740f0b7fc3ef7,71d6ad97b54100358729448f34758e00ee23a6c8b3a384cc68f55bc359bd4356,0.9999967217445374,0.9999600648880005,0.9984068274497986,0.0,0.0,0.011699046939611435,True,4.2108669463547434e-05,0.741772940658015,0.10478564752824145
T03,1,BG4,0.585088524340151,0.7630680989858832,0.0016160939967005904,0.0021076977628908034,0.04373559355735779,0.0001208036514985405,1.0,1.0,1.0,False,False,5,0.17339349618721786,continuous official CoTracker3 confidence recovered; unchanged source tracks verified,0621af164f0d6fe5212699283835179d19f439f1fcc3be509802dbcf3cc64f99,e9055165efd2caa6818f693e09238dd2de35c656513a8428d0f740f0b7fc3ef7,f81805e30c0fa864bee1e1c256000472db9b193be90a5166fafbce60c146bf52,0.9999958872795105,0.999951958656311,0.9983416795730591,0.0,0.0,0.011699046939611435,True,-2.6359108701633736e-05,0.6063361225561181,0.09664464189451519
T03,2,BG4,0.7836267899537681,0.8806586922550668,0.002164483660530296,0.0024324989578298224,0.052887409925460815,0.00014608221170971117,1.0,1.0,1.0,False,False,5,0.17339349618721786,continuous official CoTracker3 confidence recovered; unchanged source tracks verified,0621af164f0d6fe5212699283835179d19f439f1fcc3be509802dbcf3cc64f99,e9055165efd2caa6818f693e09238dd2de35c656513a8428d0f740f0b7fc3ef7,2f019c9f2ecf65bdc0aa61ea74b948111ac6fc9fbdc0c7b9e3edc5ae657a4836,0.9999948740005493,0.9999387264251709,0.9984914064407349,0.0,0.0,0.011699046939611435,True,0.00010211809419173297,0.8080377601448389,0.08978947335726102
T03,0,BG5,1.1179198672462884,2.462838031487845,0.003087846558410217,0.006802693254020245,0.4439018666744232,0.001226117266042388,1.0,1.0,1.0,False,False,5,0.1865951127652354,continuous official CoTracker3 confidence recovered; unchanged source tracks verified,0621af164f0d6fe5212699283835179d19f439f1fcc3be509802dbcf3cc64f99,e9055165efd2caa6818f693e09238dd2de35c656513a8428d0f740f0b7fc3ef7,71d6ad97b54100358729448f34758e00ee23a6c8b3a384cc68f55bc359bd4356,0.9999932646751404,0.9999330043792725,0.9973813891410828,0.0,0.0,0.04682258516550064,True,0.0011294711913247394,1.1399746430136146,0.47277127639966315
T03,1,BG5,0.6654463166646485,0.7703948470173135,0.0018380531368327483,0.0021279352363949814,0.1162295788526535,0.0003210418882076868,1.0,1.0,1.0,False,False,5,0.1865951127652354,continuous official CoTracker3 confidence recovered; unchanged source tracks verified,0621af164f0d6fe5212699283835179d19f439f1fcc3be509802dbcf3cc64f99,e9055165efd2caa6818f693e09238dd2de35c656513a8428d0f740f0b7fc3ef7,f81805e30c0fa864bee1e1c256000472db9b193be90a5166fafbce60c146bf52,0.9999958872795105,0.9999140501022339,0.997042715549469,0.0,0.0,0.04682258516550064,True,0.00019560003143052418,0.684135395225548,0.18173176025391513
T03,2,BG5,0.8915054177352907,1.0851113366171188,0.0024624590872858194,0.0029972249393139185,0.16479507088661194,0.000455186375507973,1.0,1.0,1.0,False,False,5,0.1865951127652354,continuous official CoTracker3 confidence recovered; unchanged source tracks verified,0621af164f0d6fe5212699283835179d19f439f1fcc3be509802dbcf3cc64f99,e9055165efd2caa6818f693e09238dd2de35c656513a8428d0f740f0b7fc3ef7,2f019c9f2ecf65bdc0aa61ea74b948111ac6fc9fbdc0c7b9e3edc5ae657a4836,0.999991774559021,0.9999170303344727,0.9953846335411072,0.0,0.0,0.04682258516550064,True,0.0004000935209472565,0.9268904472193007,0.20603911178090956
T03,0,BG6,1.6003028533424661,3.3500429664325435,0.004420253904494683,0.009253273823557614,0.9094946980476379,0.002512147923604282,1.0,1.0,1.0,False,False,5,0.19606339592072644,continuous official CoTracker3 confidence recovered; unchanged source tracks verified,0621af164f0d6fe5212699283835179d19f439f1fcc3be509802dbcf3cc64f99,e9055165efd2caa6818f693e09238dd2de35c656513a8428d0f740f0b7fc3ef7,71d6ad97b54100358729448f34758e00ee23a6c8b3a384cc68f55bc359bd4356,0.9999955892562866,0.9999579191207886,0.9895413517951965,0.0,0.0,0.039826974272727966,True,0.0024618785374092055,1.6211724524288242,0.9373270669672153
T03,1,BG6,0.6415165182059314,0.9233362808640266,0.0017719557822913957,0.002550380255916093,0.301567018032074,0.0008329690759089272,1.0,1.0,1.0,False,False,5,0.19606339592072644,continuous official CoTracker3 confidence recovered; unchanged source tracks verified,0621af164f0d6fe5212699283835179d19f439f1fcc3be509802dbcf3cc64f99,e9055165efd2caa6818f693e09238dd2de35c656513a8428d0f740f0b7fc3ef7,f81805e30c0fa864bee1e1c256000472db9b193be90a5166fafbce60c146bf52,0.9999946355819702,0.9998887777328491,0.9967165589332581,0.0,0.0,0.039826974272727966,True,0.00012950267688917154,0.6700380365777566,0.34800976015855156
T03,2,BG6,0.6702140920922439,0.627854329498978,0.001851222380332855,0.001734218960883048,0.15701250731945038,0.00043368987756517885,1.0,1.0,1.0,False,False,5,0.19606339592072644,continuous official CoTracker3 confidence recovered; unchanged source tracks verified,0621af164f0d6fe5212699283835179d19f439f1fcc3be509802dbcf3cc64f99,e9055165efd2caa6818f693e09238dd2de35c656513a8428d0f740f0b7fc3ef7,2f019c9f2ecf65bdc0aa61ea74b948111ac6fc9fbdc0c7b9e3edc5ae657a4836,0.9999874830245972,0.9997418522834778,0.9963794350624084,0.0,0.0,0.039826974272727966,True,-0.0002111431860057078,0.7044828918558821,0.21073504594253928
T03,0,BG7,0.9219200820658795,2.3584363338115835,0.002546468522425163,0.0065143215806051195,0.2824065089225769,0.0007800451465248959,1.0,1.0,1.0,False,False,5,0.1833532709319463,continuous official CoTracker3 confidence recovered; unchanged source tracks verified,0621af164f0d6fe5212699283835179d19f439f1fcc3be509802dbcf3cc64f99,e9055165efd2caa6818f693e09238dd2de35c656513a8428d0f740f0b7fc3ef7,71d6ad97b54100358729448f34758e00ee23a6c8b3a384cc68f55bc359bd4356,0.9999964833259583,0.9999717473983765,0.997977077960968,0.0,0.0,0.03329389542341232,True,0.0005880931553396856,0.9488851328207063,0.3146980348248619
T03,1,BG7,0.4774894432445905,0.7312578597766863,0.0013188907158720273,0.0020198335603283453,0.1452312022447586,0.00040114831229353027,1.0,1.0,1.0,False,False,5,0.1833532709319463,continuous official CoTracker3 confidence recovered; unchanged source tracks verified,0621af164f0d6fe5212699283835179d19f439f1fcc3be509802dbcf3cc64f99,e9055165efd2caa6818f693e09238dd2de35c656513a8428d0f740f0b7fc3ef7,f81805e30c0fa864bee1e1c256000472db9b193be90a5166fafbce60c146bf52,0.9999961853027344,0.9999556541442871,0.9974355101585388,0.0,0.0,0.03329389542341232,True,-0.00032356238953019684,0.501943092127156,0.18958813545045242
T03,2,BG7,0.8767332779724892,0.9247306945075435,0.002421656430258818,0.002554231815850116,0.16103342175483704,0.00044479618953327565,1.0,1.0,1.0,False,False,5,0.1833532709319463,continuous official CoTracker3 confidence recovered; unchanged source tracks verified,0621af164f0d6fe5212699283835179d19f439f1fcc3be509802dbcf3cc64f99,e9055165efd2caa6818f693e09238dd2de35c656513a8428d0f740f0b7fc3ef7,2f019c9f2ecf65bdc0aa61ea74b948111ac6fc9fbdc0c7b9e3edc5ae657a4836,0.9999923706054688,0.9999220371246338,0.9981420040130615,0.0,0.0,0.03329389542341232,True,0.00035929086392025517,0.9051376691065071,0.19290033336769258
T03,0,BG8,2.382304040390294,5.901907870948887,0.006580247428937843,0.016301871396430533,1.6882730722427368,0.004663239601083926,1.0,1.0,1.0,False,False,5,0.1962859995505505,continuous official CoTracker3 confidence recovered; unchanged source tracks verified,0621af164f0d6fe5212699283835179d19f439f1fcc3be509802dbcf3cc64f99,e9055165efd2caa6818f693e09238dd2de35c656513a8428d0f740f0b7fc3ef7,71d6ad97b54100358729448f34758e00ee23a6c8b3a384cc68f55bc359bd4356,0.9999874234199524,0.9998693466186523,0.9949830770492554,0.0,0.0,0.04451564699411392,True,0.004621872061852365,2.4104634540941987,1.7292797980333283
T03,1,BG8,0.9447287994460112,1.9855750287551515,0.0026094692987128918,0.005484427997607194,0.7198796272277832,0.0019884053361359745,1.0,1.0,1.0,False,False,5,0.1962859995505505,continuous official CoTracker3 confidence recovered; unchanged source tracks verified,0621af164f0d6fe5212699283835179d19f439f1fcc3be509802dbcf3cc64f99,e9055165efd2caa6818f693e09238dd2de35c656513a8428d0f740f0b7fc3ef7,f81805e30c0fa864bee1e1c256000472db9b193be90a5166fafbce60c146bf52,0.9999936819076538,0.9999356269836426,0.9976252913475037,0.0,0.0,0.04451564699411392,True,0.0009670161933106676,1.0001249938833907,0.7585256310000725
T03,2,BG8,0.9335002513533853,2.138790075604134,0.0025784545233254893,0.005907628773414733,0.8585934638977051,0.0023715517992363845,1.0,1.0,1.0,False,False,5,0.1962859995505505,continuous official CoTracker3 confidence recovered; unchanged source tracks verified,0621af164f0d6fe5212699283835179d19f439f1fcc3be509802dbcf3cc64f99,e9055165efd2caa6818f693e09238dd2de35c656513a8428d0f740f0b7fc3ef7,2f019c9f2ecf65bdc0aa61ea74b948111ac6fc9fbdc0c7b9e3edc5ae657a4836,0.9999621510505676,0.999413251876831,0.9922382235527039,0.0,0.0,0.04451564699411392,True,0.0005160889569869264,0.9949286017617862,0.9087813093600101
T03,0,BG9,1.2581880950598852,2.826151360730119,0.0034752864610352705,0.007806214030593186,0.5779231786727905,0.0015963023384547455,1.0,1.0,1.0,False,False,5,0.19137562460528507,continuous official CoTracker3 confidence recovered; unchanged source tracks verified,0621af164f0d6fe5212699283835179d19f439f1fcc3be509802dbcf3cc64f99,e9055165efd2caa6818f693e09238dd2de35c656513a8428d0f740f0b7fc3ef7,71d6ad97b54100358729448f34758e00ee23a6c8b3a384cc68f55bc359bd4356,0.9999907612800598,0.9998718500137329,0.9974334836006165,0.0,0.0,0.06342540681362152,True,0.001516911093949793,1.2782332374958043,0.6018253663287054
T03,1,BG9,0.6782372790259446,0.8800037569523423,0.0018733835127060857,0.002430689937541561,0.19444969296455383,0.0005370964706831176,1.0,1.0,1.0,False,False,5,0.19137562460528507,continuous official CoTracker3 confidence recovered; unchanged source tracks verified,0621af164f0d6fe5212699283835179d19f439f1fcc3be509802dbcf3cc64f99,e9055165efd2caa6818f693e09238dd2de35c656513a8428d0f740f0b7fc3ef7,f81805e30c0fa864bee1e1c256000472db9b193be90a5166fafbce60c146bf52,0.999990701675415,0.9998646974563599,0.9972355961799622,0.0,0.0,0.06342540681362152,True,0.0002309304073038615,0.7001147034503608,0.23058228526889266
T03,2,BG9,0.627441446208398,0.7390272748277495,0.0017330785211384868,0.0020412937402832657,0.20172636210918427,0.0005571956194980359,1.0,1.0,1.0,False,False,5,0.19137562460528507,continuous official CoTracker3 confidence recovered; unchanged source tracks verified,0621af164f0d6fe5212699283835179d19f439f1fcc3be509802dbcf3cc64f99,e9055165efd2caa6818f693e09238dd2de35c656513a8428d0f740f0b7fc3ef7,2f019c9f2ecf65bdc0aa61ea74b948111ac6fc9fbdc0c7b9e3edc5ae657a4836,0.999985933303833,0.9998155236244202,0.9961246848106384,0.0,0.0,0.06342540681362152,True,-0.00032928704520007604,0.6849158653273697,0.2231433795375704
T03,0,BG10,2.203502401379464,5.28462944943233,0.0060863730092822685,0.014596864530280201,1.5121304988861084,0.004176709882036579,1.0,1.0,1.0,False,False,5,0.1824848201304053,continuous official CoTracker3 confidence recovered; unchanged source tracks verified,0621af164f0d6fe5212699283835179d19f439f1fcc3be509802dbcf3cc64f99,e9055165efd2caa6818f693e09238dd2de35c656513a8428d0f740f0b7fc3ef7,71d6ad97b54100358729448f34758e00ee23a6c8b3a384cc68f55bc359bd4356,0.9999957084655762,0.9999489784240723,0.9976129531860352,0.0,0.0,0.027299413457512856,True,0.004127997642196791,2.237550218012099,1.5580445969705539
T03,1,BG10,0.9927714788245158,2.192786481181877,0.0027421697064273906,0.006056774181788644,0.8525760769844055,0.0023549309590355353,1.0,1.0,1.0,False,False,5,0.1824848201304053,continuous official CoTracker3 confidence recovered; unchanged source tracks verified,0621af164f0d6fe5212699283835179d19f439f1fcc3be509802dbcf3cc64f99,e9055165efd2caa6818f693e09238dd2de35c656513a8428d0f740f0b7fc3ef7,f81805e30c0fa864bee1e1c256000472db9b193be90a5166fafbce60c146bf52,0.9999954700469971,0.9999163150787354,0.9975436329841614,0.0,0.0,0.027299413457512856,True,0.0010997166010251664,1.0466280946417192,0.882529978036185
T03,2,BG10,0.7982122031623973,1.695183653271406,0.002204770553445255,0.00468232756478436,0.6846696138381958,0.0018911504953803245,1.0,1.0,1.0,False,False,5,0.1824848201304053,continuous official CoTracker3 confidence recovered; unchanged source tracks verified,0621af164f0d6fe5212699283835179d19f439f1fcc3be509802dbcf3cc64f99,e9055165efd2caa6818f693e09238dd2de35c656513a8428d0f740f0b7fc3ef7,2f019c9f2ecf65bdc0aa61ea74b948111ac6fc9fbdc0c7b9e3edc5ae657a4836,0.9999842047691345,0.9997270703315735,0.9965619444847107,0.0,0.0,0.027299413457512856,True,0.000142404987106692,0.8647528570745848,0.7282220589860737
T03,0,BG11,1.375003122735844,3.0679824455195392,0.003797945438434351,0.008474184342922476,0.6817330121994019,0.0018830392026755014,1.0,1.0,1.0,False,False,5,0.18936460502163302,continuous official CoTracker3 confidence recovered; unchanged source tracks verified,0621af164f0d6fe5212699283835179d19f439f1fcc3be509802dbcf3cc64f99,e9055165efd2caa6818f693e09238dd2de35c656513a8428d0f740f0b7fc3ef7,71d6ad97b54100358729448f34758e00ee23a6c8b3a384cc68f55bc359bd4356,0.9999960064888,0.9999535083770752,0.9980142116546631,0.0,0.0,0.03674541786313057,True,0.0018395700713488734,1.3989112454926436,0.7167161407015532
T03,1,BG11,0.6083347139320541,0.8975309853287562,0.0016803031306739605,0.0024791025236367468,0.2583298981189728,0.0007135422763404516,1.0,1.0,1.0,False,False,5,0.18936460502163302,continuous official CoTracker3 confidence recovered; unchanged source tracks verified,0621af164f0d6fe5212699283835179d19f439f1fcc3be509802dbcf3cc64f99,e9055165efd2caa6818f693e09238dd2de35c656513a8428d0f740f0b7fc3ef7,f81805e30c0fa864bee1e1c256000472db9b193be90a5166fafbce60c146bf52,0.9999951720237732,0.9999133348464966,0.9973466396331787,0.0,0.0,0.03674541786313057,True,3.785002527173639e-05,0.6422299014949313,0.2937929327887015
T03,2,BG11,0.6708201224001534,0.7493796197028071,0.001852896318381009,0.002069888323339262,0.1624700129032135,0.00044876424946612553,1.0,1.0,1.0,False,False,5,0.18936460502163302,continuous official CoTracker3 confidence recovered; unchanged source tracks verified,0621af164f0d6fe5212699283835179d19f439f1fcc3be509802dbcf3cc64f99,e9055165efd2caa6818f693e09238dd2de35c656513a8428d0f740f0b7fc3ef7,2f019c9f2ecf65bdc0aa61ea74b948111ac6fc9fbdc0c7b9e3edc5ae657a4836,0.9999887347221375,0.999790370464325,0.9973836541175842,0.0,0.0,0.03674541786313057,True,-0.0002094692479575539,0.7122386783947712,0.2077547535279225
T03,0,BG12,0.9396061161225269,2.125631181072342,0.0025953197513851303,0.005871282118897746,0.27500230073928833,0.0007595937175572386,1.0,1.0,1.0,False,False,5,0.19026964975420577,continuous official CoTracker3 confidence recovered; unchanged source tracks verified,0621af164f0d6fe5212699283835179d19f439f1fcc3be509802dbcf3cc64f99,e9055165efd2caa6818f693e09238dd2de35c656513a8428d0f740f0b7fc3ef7,71d6ad97b54100358729448f34758e00ee23a6c8b3a384cc68f55bc359bd4356,0.9999949932098389,0.9999226331710815,0.9982219338417053,0.0,0.0,0.04609097167849541,True,0.0006369443842996528,0.9616926527360665,0.3041817155464769
T03,1,BG12,0.6541166667785878,0.8904444202817234,0.001806759104555784,0.002459528468167698,0.12315800040960312,0.00034017912987111703,1.0,1.0,1.0,False,False,5,0.19026964975420577,continuous official CoTracker3 confidence recovered; unchanged source tracks verified,0621af164f0d6fe5212699283835179d19f439f1fcc3be509802dbcf3cc64f99,e9055165efd2caa6818f693e09238dd2de35c656513a8428d0f740f0b7fc3ef7,f81805e30c0fa864bee1e1c256000472db9b193be90a5166fafbce60c146bf52,0.9999945759773254,0.9999301433563232,0.9978367686271667,0.0,0.0,0.04609097167849541,True,0.0001643059991535598,0.6679118087190823,0.15640189645294605
T03,2,BG12,0.7858678887577231,0.782923456492557,0.0021706738799114897,0.0021625409579527264,0.07749985158443451,0.000214065119516815,1.0,1.0,1.0,False,False,5,0.19026964975420577,continuous official CoTracker3 confidence recovered; unchanged source tracks verified,0621af164f0d6fe5212699283835179d19f439f1fcc3be509802dbcf3cc64f99,e9055165efd2caa6818f693e09238dd2de35c656513a8428d0f740f0b7fc3ef7,2f019c9f2ecf65bdc0aa61ea74b948111ac6fc9fbdc0c7b9e3edc5ae657a4836,0.9999926090240479,0.9999216794967651,0.9974327683448792,0.0,0.0,0.04609097167849541,True,0.00010830831357292684,0.8179758975567178,0.11737806509584561
T03,0,BG13,0.7608497428968495,1.8156431458701479,0.0021015703619781385,0.005015053049451787,0.1382676661014557,0.00038191407937178374,1.0,1.0,1.0,False,False,5,0.19347209758159536,continuous official CoTracker3 confidence recovered; unchanged source tracks verified,0621af164f0d6fe5212699283835179d19f439f1fcc3be509802dbcf3cc64f99,e9055165efd2caa6818f693e09238dd2de35c656513a8428d0f740f0b7fc3ef7,71d6ad97b54100358729448f34758e00ee23a6c8b3a384cc68f55bc359bd4356,0.9999958872795105,0.9999188184738159,0.9983946681022644,0.0,0.0,0.05337090045213699,True,0.000143194994892661,0.7834959939184993,0.1643470442316528
T03,1,BG13,0.6518466216375158,0.7914850636585729,0.0018004889314587075,0.0021861892801595434,0.1102125495672226,0.00030442203582359994,1.0,1.0,1.0,False,False,5,0.19347209758159536,continuous official CoTracker3 confidence recovered; unchanged source tracks verified,0621af164f0d6fe5212699283835179d19f439f1fcc3be509802dbcf3cc64f99,e9055165efd2caa6818f693e09238dd2de35c656513a8428d0f740f0b7fc3ef7,f81805e30c0fa864bee1e1c256000472db9b193be90a5166fafbce60c146bf52,0.9999964237213135,0.9999665021896362,0.9981464147567749,0.0,0.0,0.05337090045213699,True,0.00015803582605648336,0.6727529790333786,0.14450454019576087
T03,2,BG13,0.7775639849669042,0.8372547149674305,0.0021477373694395803,0.002312611275522969,0.06358213722705841,0.00017562250154526025,1.0,1.0,1.0,False,False,5,0.19347209758159536,continuous official CoTracker3 confidence recovered; unchanged source tracks verified,0621af164f0d6fe5212699283835179d19f439f1fcc3be509802dbcf3cc64f99,e9055165efd2caa6818f693e09238dd2de35c656513a8428d0f740f0b7fc3ef7,2f019c9f2ecf65bdc0aa61ea74b948111ac6fc9fbdc0c7b9e3edc5ae657a4836,0.9999940991401672,0.9999232292175293,0.9984254837036133,0.0,0.0,0.05337090045213699,True,8.537180310101743e-05,0.8125232946882569,0.10803920271535468
T03,0,BG14,1.5807426345738573,3.4519269467061853,0.004366225922726028,0.009534691219439522,0.8837348818778992,0.002440995811511543,1.0,1.0,1.0,False,False,5,0.17630215045904038,continuous official CoTracker3 confidence recovered; unchanged source tracks verified,0621af164f0d6fe5212699283835179d19f439f1fcc3be509802dbcf3cc64f99,e9055165efd2caa6818f693e09238dd2de35c656513a8428d0f740f0b7fc3ef7,71d6ad97b54100358729448f34758e00ee23a6c8b3a384cc68f55bc359bd4356,0.9999953508377075,0.999967098236084,0.9927238821983337,0.0,0.0,0.022935491055250168,True,0.0024078505556405505,1.598718309624661,0.9022053251751597
T03,1,BG14,0.6752843065150232,1.14671558799118,0.0018652270014282344,0.003167384251409697,0.3291338384151459,0.0009091123791457306,1.0,1.0,1.0,False,False,5,0.17630215045904038,continuous official CoTracker3 confidence recovered; unchanged source tracks verified,0621af164f0d6fe5212699283835179d19f439f1fcc3be509802dbcf3cc64f99,e9055165efd2caa6818f693e09238dd2de35c656513a8428d0f740f0b7fc3ef7,f81805e30c0fa864bee1e1c256000472db9b193be90a5166fafbce60c146bf52,0.9999956488609314,0.9999402761459351,0.9972794651985168,0.0,0.0,0.022935491055250168,True,0.00022277389602601023,0.6920386309284744,0.3439143642516675
T03,2,BG14,0.7053236914379204,0.7889827689841915,0.0019481998638565684,0.0021792776022971135,0.18171530961990356,0.0005019223737408081,1.0,1.0,1.0,False,False,5,0.17630215045904038,continuous official CoTracker3 confidence recovered; unchanged source tracks verified,0621af164f0d6fe5212699283835179d19f439f1fcc3be509802dbcf3cc64f99,e9055165efd2caa6818f693e09238dd2de35c656513a8428d0f740f0b7fc3ef7,2f019c9f2ecf65bdc0aa61ea74b948111ac6fc9fbdc0c7b9e3edc5ae657a4836,0.9999894499778748,0.999859094619751,0.9972726702690125,0.0,0.0,0.022935491055250168,True,-0.0001141657024819945,0.763494842395207,0.22057660204101232
T03,0,BG15,0.8976562437745494,2.154146953009162,0.0024794485044821422,0.0059500465552543656,0.21554365754127502,0.0005953608667546347,1.0,1.0,1.0,False,False,5,0.17852247484341702,continuous official CoTracker3 confidence recovered; unchanged source tracks verified,0621af164f0d6fe5212699283835179d19f439f1fcc3be509802dbcf3cc64f99,e9055165efd2caa6818f693e09238dd2de35c656513a8428d0f740f0b7fc3ef7,71d6ad97b54100358729448f34758e00ee23a6c8b3a384cc68f55bc359bd4356,0.9999958872795105,0.9999428987503052,0.9983092546463013,0.0,0.0,0.033764149993658066,True,0.0005210731373966647,0.9158816714646545,0.23117849126670137
T03,1,BG15,0.5982491815097543,0.7358823556735207,0.001652445519862691,0.002032607046297958,0.07828187197446823,0.00021622516608251418,1.0,1.0,1.0,False,False,5,0.17852247484341702,continuous official CoTracker3 confidence recovered; unchanged source tracks verified,0621af164f0d6fe5212699283835179d19f439f1fcc3be509802dbcf3cc64f99,e9055165efd2caa6818f693e09238dd2de35c656513a8428d0f740f0b7fc3ef7,f81805e30c0fa864bee1e1c256000472db9b193be90a5166fafbce60c146bf52,0.9999957084655762,0.9999586343765259,0.9978686571121216,0.0,0.0,0.033764149993658066,True,9.992414460466932e-06,0.6292785111153565,0.12932615686381793
T03,2,BG15,0.7855882615100611,0.8873991170681395,0.002169901511462168,0.002451116926944673,0.05937804654240608,0.00016401023188963192,1.0,1.0,1.0,False,False,5,0.17852247484341702,continuous official CoTracker3 confidence recovered; unchanged source tracks verified,0621af164f0d6fe5212699283835179d19f439f1fcc3be509802dbcf3cc64f99,e9055165efd2caa6818f693e09238dd2de35c656513a8428d0f740f0b7fc3ef7,2f019c9f2ecf65bdc0aa61ea74b948111ac6fc9fbdc0c7b9e3edc5ae657a4836,0.9999944567680359,0.9999322891235352,0.998028576374054,0.0,0.0,0.033764149993658066,True,0.000107535945123605,0.8173237121476882,0.08529950389201532
T04,0,BG0,1.1061672419261437,2.336164733464124,0.0030553842105171735,0.0064528043945365045,0.0,0.0,1.0,1.0,1.0,False,False,8,0.20717251892428531,continuous official CoTracker3 confidence recovered; unchanged source tracks verified,d903059aa96ba77eb520482de8ba587dd64152264e5fd1d689b865151696a421,c432f64e96352cbe9ffa5a4bcc29030572d22fcbe1e0d46822aab212141ecf2d,71d6ad97b54100358729448f34758e00ee23a6c8b3a384cc68f55bc359bd4356,0.9998895525932312,0.9984337687492371,0.9981938004493713,0.0,0.0,0.0,False,0.0,1.1579329087997108,0.0
T04,1,BG0,1.1603127787173009,2.4199014531545355,0.003204941539564099,0.006684096591127939,0.0,0.0,1.0,1.0,1.0,False,False,8,0.20717251892428531,continuous official CoTracker3 confidence recovered; unchanged source tracks verified,d903059aa96ba77eb520482de8ba587dd64152264e5fd1d689b865151696a421,c432f64e96352cbe9ffa5a4bcc29030572d22fcbe1e0d46822aab212141ecf2d,f81805e30c0fa864bee1e1c256000472db9b193be90a5166fafbce60c146bf52,0.999954342842102,0.9994342923164368,0.9986215829849243,0.0,0.0,0.0,False,0.0,1.198114142344829,0.0
T04,2,BG0,0.9710908140935104,1.5534087469818287,0.002682284764818305,0.004290726011505269,0.0,0.0,1.0,1.0,1.0,False,False,8,0.20717251892428531,continuous official CoTracker3 confidence recovered; unchanged source tracks verified,d903059aa96ba77eb520482de8ba587dd64152264e5fd1d689b865151696a421,c432f64e96352cbe9ffa5a4bcc29030572d22fcbe1e0d46822aab212141ecf2d,2f019c9f2ecf65bdc0aa61ea74b948111ac6fc9fbdc0c7b9e3edc5ae657a4836,0.9997962713241577,0.9957927465438843,0.9962124824523926,0.0,0.0,0.0,False,0.0,1.0013916955502353,0.0
T04,0,BG1,1.1744501286477078,2.37109086249591,0.0032439908208289348,0.00654927510812624,0.24302008748054504,0.0006712544993048491,1.0,1.0,1.0,False,False,8,0.2048989338478751,continuous official CoTracker3 confidence recovered; unchanged source tracks verified,d903059aa96ba77eb520482de8ba587dd64152264e5fd1d689b865151696a421,c432f64e96352cbe9ffa5a4bcc29030572d22fcbe1e0d46822aab212141ecf2d,71d6ad97b54100358729448f34758e00ee23a6c8b3a384cc68f55bc359bd4356,0.9999154806137085,0.9988866448402405,0.998496413230896,0.0,0.0,0.012044781818985939,True,0.00018860661031176121,1.2173971670946389,0.2582313705556382
T04,1,BG1,1.1564031251551943,2.4403493746197062,0.00319414254524435,0.006740576528351346,0.02807644009590149,7.75509421226165e-05,1.0,1.0,1.0,False,False,8,0.2048989338478751,continuous official CoTracker3 confidence recovered; unchanged source tracks verified,d903059aa96ba77eb520482de8ba587dd64152264e5fd1d689b865151696a421,c432f64e96352cbe9ffa5a4bcc29030572d22fcbe1e0d46822aab212141ecf2d,f81805e30c0fa864bee1e1c256000472db9b193be90a5166fafbce60c146bf52,0.9999489784240723,0.9993582367897034,0.99874347448349,0.0,0.0,0.012044781818985939,True,-1.079899431974873e-05,1.1890263646091956,0.05488774956233618
T04,2,BG1,0.9727386388000209,1.5762507544670774,0.0026868362805377594,0.004353818739586258,0.18768185377120972,0.0005184027793253297,1.0,1.0,1.0,False,False,8,0.2048989338478751,continuous official CoTracker3 confidence recovered; unchanged source tracks verified,d903059aa96ba77eb520482de8ba587dd64152264e5fd1d689b865151696a421,c432f64e96352cbe9ffa5a4bcc29030572d22fcbe1e0d46822aab212141ecf2d,2f019c9f2ecf65bdc0aa61ea74b948111ac6fc9fbdc0c7b9e3edc5ae657a4836,0.9997516870498657,0.9954308271408081,0.9952758550643921,0.0,0.0,0.012044781818985939,True,4.5515157194543285e-06,1.0049104676561407,0.20482904529634
T04,0,BG2,1.1775925656354604,2.3410423735531354,0.0032526706587331974,0.006466277099158096,0.2940189242362976,0.0008121202153307022,1.0,1.0,1.0,False,False,8,0.20486081550598972,continuous official CoTracker3 confidence recovered; unchanged source tracks verified,d903059aa96ba77eb520482de8ba587dd64152264e5fd1d689b865151696a421,c432f64e96352cbe9ffa5a4bcc29030572d22fcbe1e0d46822aab212141ecf2d,71d6ad97b54100358729448f34758e00ee23a6c8b3a384cc68f55bc359bd4356,0.9998981356620789,0.9986534118652344,0.9979164004325867,0.0,0.0,0.017102565616369247,True,0.00019728644821602383,1.2265355142423666,0.30760677684300175
T04,1,BG2,1.170464614641705,2.4169016090241584,0.0032329822896564405,0.006675810614068985,0.03828014060854912,0.00010573494925421724,1.0,1.0,1.0,False,False,8,0.20486081550598972,continuous official CoTracker3 confidence recovered; unchanged source tracks verified,d903059aa96ba77eb520482de8ba587dd64152264e5fd1d689b865151696a421,c432f64e96352cbe9ffa5a4bcc29030572d22fcbe1e0d46822aab212141ecf2d,f81805e30c0fa864bee1e1c256000472db9b193be90a5166fafbce60c146bf52,0.9999504089355469,0.9994128942489624,0.9987069368362427,0.0,0.0,0.017102565616369247,True,2.8040750092341547e-05,1.20437995394741,0.07075041110003977
T04,2,BG2,0.9838273824561403,1.6616559301265161,0.0027174648970771397,0.004589719438247264,0.20341333746910095,0.0005618552746413629,1.0,1.0,1.0,False,False,8,0.20486081550598972,continuous official CoTracker3 confidence recovered; unchanged source tracks verified,d903059aa96ba77eb520482de8ba587dd64152264e5fd1d689b865151696a421,c432f64e96352cbe9ffa5a4bcc29030572d22fcbe1e0d46822aab212141ecf2d,2f019c9f2ecf65bdc0aa61ea74b948111ac6fc9fbdc0c7b9e3edc5ae657a4836,0.9997612237930298,0.9955196380615234,0.9954238533973694,0.0,0.0,0.017102565616369247,True,3.5180132258834634e-05,1.0183736538610595,0.21638710557427226
T04,0,BG3,1.1481229978187104,2.3691051397708187,0.003171271708569679,0.006543790272171286,0.11719624698162079,0.00032371195691530277,1.0,1.0,1.0,False,False,8,0.20668864664179004,continuous official CoTracker3 confidence recovered; unchanged source tracks verified,d903059aa96ba77eb520482de8ba587dd64152264e5fd1d689b865151696a421,c432f64e96352cbe9ffa5a4bcc29030572d22fcbe1e0d46822aab212141ecf2d,71d6ad97b54100358729448f34758e00ee23a6c8b3a384cc68f55bc359bd4356,0.999885082244873,0.998336136341095,0.9982807636260986,0.0,0.0,0.013103602454066277,True,0.00011588749805250534,1.1946675409359588,0.13172987530513364
T04,1,BG3,1.1955310920043751,2.48081054940267,0.003302219305764265,0.006852335790319345,0.06940113753080368,0.00019169537097691987,1.0,1.0,1.0,False,False,8,0.20668864664179004,continuous official CoTracker3 confidence recovered; unchanged source tracks verified,d903059aa96ba77eb520482de8ba587dd64152264e5fd1d689b865151696a421,c432f64e96352cbe9ffa5a4bcc29030572d22fcbe1e0d46822aab212141ecf2d,f81805e30c0fa864bee1e1c256000472db9b193be90a5166fafbce60c146bf52,0.9999502301216125,0.999434769153595,0.9987207055091858,0.0,0.0,0.013103602454066277,True,9.727776620016603e-05,1.2279567337490598,0.08655983883951679
T04,2,BG3,0.9876702493800084,1.6541707054699044,0.0027280794176281734,0.004569044230773065,0.12538442015647888,0.00034632880370230254,1.0,1.0,1.0,False,False,8,0.20668864664179004,continuous official CoTracker3 confidence recovered; unchanged source tracks verified,d903059aa96ba77eb520482de8ba587dd64152264e5fd1d689b865151696a421,c432f64e96352cbe9ffa5a4bcc29030572d22fcbe1e0d46822aab212141ecf2d,2f019c9f2ecf65bdc0aa61ea74b948111ac6fc9fbdc0c7b9e3edc5ae657a4836,0.9997695088386536,0.9955708384513855,0.9956973791122437,0.0,0.0,0.013103602454066277,True,4.579465280986827e-05,1.014654134233847,0.1472960617157884
T04,0,BG4,1.1340466384528585,2.406944714706694,0.003132390891530567,0.006648308319180559,0.08302890509366989,0.0002293371165087041,1.0,1.0,1.0,False,False,8,0.20316820350645096,continuous official CoTracker3 confidence recovered; unchanged source tracks verified,d903059aa96ba77eb520482de8ba587dd64152264e5fd1d689b865151696a421,c432f64e96352cbe9ffa5a4bcc29030572d22fcbe1e0d46822aab212141ecf2d,71d6ad97b54100358729448f34758e00ee23a6c8b3a384cc68f55bc359bd4356,0.9999126195907593,0.9987362027168274,0.9984419941902161,0.0,0.0,0.00841247383505106,True,7.700668101339337e-05,1.1762552535752788,0.11345565948024942
T04,1,BG4,1.196455143040731,2.4366886124908995,0.0033047716602719593,0.006730465005985759,0.06304486095905304,0.0001741384714965212,1.0,1.0,1.0,False,False,8,0.20316820350645096,continuous official CoTracker3 confidence recovered; unchanged source tracks verified,d903059aa96ba77eb520482de8ba587dd64152264e5fd1d689b865151696a421,c432f64e96352cbe9ffa5a4bcc29030572d22fcbe1e0d46822aab212141ecf2d,f81805e30c0fa864bee1e1c256000472db9b193be90a5166fafbce60c146bf52,0.9999475479125977,0.9994128942489624,0.9984264373779297,0.0,0.0,0.00841247383505106,True,9.983012070786034e-05,1.2314314229965633,0.07798526395405733
T04,2,BG4,0.977674084407506,1.5214310189094549,0.0027004686518550644,0.004202399181947008,0.06666119396686554,0.00018412727459360309,1.0,1.0,1.0,False,False,8,0.20316820350645096,continuous official CoTracker3 confidence recovered; unchanged source tracks verified,d903059aa96ba77eb520482de8ba587dd64152264e5fd1d689b865151696a421,c432f64e96352cbe9ffa5a4bcc29030572d22fcbe1e0d46822aab212141ecf2d,2f019c9f2ecf65bdc0aa61ea74b948111ac6fc9fbdc0c7b9e3edc5ae657a4836,0.9997930526733398,0.9960391521453857,0.996025800704956,0.0,0.0,0.00841247383505106,True,1.8183887036759324e-05,1.0077763689147718,0.08513611929204896
T04,0,BG5,1.361735410675164,2.6388721873337944,0.00376129821511819,0.00728892350917306,0.6909598112106323,0.0019085248751344326,1.0,1.0,1.0,False,False,8,0.2101597836835852,continuous official CoTracker3 confidence recovered; unchanged source tracks verified,d903059aa96ba77eb520482de8ba587dd64152264e5fd1d689b865151696a421,c432f64e96352cbe9ffa5a4bcc29030572d22fcbe1e0d46822aab212141ecf2d,71d6ad97b54100358729448f34758e00ee23a6c8b3a384cc68f55bc359bd4356,0.9999498128890991,0.9993540644645691,0.9987288117408752,0.0,0.0,0.03076489269733429,True,0.0007059140046010164,1.393227023344251,0.7229620023245751
T04,1,BG5,1.0560042288946832,2.5186856756805946,0.0029168271531761778,0.006956952034965507,0.13569390773773193,0.0003748050090900468,1.0,1.0,1.0,False,False,8,0.2101597836835852,continuous official CoTracker3 confidence recovered; unchanged source tracks verified,d903059aa96ba77eb520482de8ba587dd64152264e5fd1d689b865151696a421,c432f64e96352cbe9ffa5a4bcc29030572d22fcbe1e0d46822aab212141ecf2d,f81805e30c0fa864bee1e1c256000472db9b193be90a5166fafbce60c146bf52,0.9999517202377319,0.9994977712631226,0.9984748959541321,0.0,0.0,0.03076489269733429,True,-0.00028811438638792113,1.0841070127802699,0.1826350468715075
T04,2,BG5,1.107154886618169,1.974243877442845,0.0030581122193419157,0.005453129818186949,0.47363734245300293,0.0013082506901238022,1.0,1.0,1.0,False,False,8,0.2101597836835852,continuous official CoTracker3 confidence recovered; unchanged source tracks verified,d903059aa96ba77eb520482de8ba587dd64152264e5fd1d689b865151696a421,c432f64e96352cbe9ffa5a4bcc29030572d22fcbe1e0d46822aab212141ecf2d,2f019c9f2ecf65bdc0aa61ea74b948111ac6fc9fbdc0c7b9e3edc5ae657a4836,0.9998038411140442,0.9962267875671387,0.996274471282959,0.0,0.0,0.03076489269733429,True,0.0003758274545236106,1.1398574150488547,0.4984247633787313
T04,0,BG6,1.2330528359398514,2.5583372985128054,0.003405859460368642,0.007066475204456552,0.42926764488220215,0.0011856955571882184,1.0,1.0,1.0,False,False,8,0.20921668643199487,continuous official CoTracker3 confidence recovered; unchanged source tracks verified,d903059aa96ba77eb520482de8ba587dd64152264e5fd1d689b865151696a421,c432f64e96352cbe9ffa5a4bcc29030572d22fcbe1e0d46822aab212141ecf2d,71d6ad97b54100358729448f34758e00ee23a6c8b3a384cc68f55bc359bd4356,0.9999271631240845,0.9991381168365479,0.9975480437278748,0.0,0.0,0.021054483950138092,True,0.00035047524985146834,1.2814508445715758,0.4560204168088899
T04,1,BG6,0.9099877708362122,2.051543534214298,0.00251350985763717,0.0056666419724310385,0.29558029770851135,0.0008164329409954176,1.0,1.0,1.0,False,False,8,0.20921668643199487,continuous official CoTracker3 confidence recovered; unchanged source tracks verified,d903059aa96ba77eb520482de8ba587dd64152264e5fd1d689b865151696a421,c432f64e96352cbe9ffa5a4bcc29030572d22fcbe1e0d46822aab212141ecf2d,f81805e30c0fa864bee1e1c256000472db9b193be90a5166fafbce60c146bf52,0.999936580657959,0.9993318915367126,0.9982990622520447,0.0,0.0,0.021054483950138092,True,-0.0006914316819269287,0.9605643375560107,0.3301152554356438
T04,2,BG6,1.0461640038249544,1.9121642029802661,0.00288964711460115,0.005281657322927797,0.4229009747505188,0.0011681099492831747,1.0,1.0,1.0,False,False,8,0.20921668643199487,continuous official CoTracker3 confidence recovered; unchanged source tracks verified,d903059aa96ba77eb520482de8ba587dd64152264e5fd1d689b865151696a421,c432f64e96352cbe9ffa5a4bcc29030572d22fcbe1e0d46822aab212141ecf2d,2f019c9f2ecf65bdc0aa61ea74b948111ac6fc9fbdc0c7b9e3edc5ae657a4836,0.9997698068618774,0.9953808784484863,0.9960342049598694,0.0,0.0,0.021054483950138092,True,0.00020736234978284505,1.0841187653701474,0.43867823783135185
T04,0,BG7,1.1883648273460863,2.513486111211864,0.0032824251091406183,0.006942590131469194,0.11995883285999298,0.00033134259444736203,1.0,1.0,1.0,False,False,8,0.19936160796097102,continuous official CoTracker3 confidence recovered; unchanged source tracks verified,d903059aa96ba77eb520482de8ba587dd64152264e5fd1d689b865151696a421,c432f64e96352cbe9ffa5a4bcc29030572d22fcbe1e0d46822aab212141ecf2d,71d6ad97b54100358729448f34758e00ee23a6c8b3a384cc68f55bc359bd4356,0.999925434589386,0.9990761280059814,0.998475968837738,0.0,0.0,0.01685996726155281,True,0.00022704089862344472,1.2378107663515423,0.18680084815933734
T04,1,BG7,1.1344955643407917,2.8414951749035677,0.0031336308858259097,0.007848595730012373,0.12558116018772125,0.00034687222639848353,1.0,1.0,1.0,False,False,8,0.19936160796097102,continuous official CoTracker3 confidence recovered; unchanged source tracks verified,d903059aa96ba77eb520482de8ba587dd64152264e5fd1d689b865151696a421,c432f64e96352cbe9ffa5a4bcc29030572d22fcbe1e0d46822aab212141ecf2d,f81805e30c0fa864bee1e1c256000472db9b193be90a5166fafbce60c146bf52,0.9999505877494812,0.9993863105773926,0.9989006519317627,0.0,0.0,0.01685996726155281,True,-7.131065373818923e-05,1.1658914192440117,0.1719364319268295
T04,2,BG7,0.9873020831150752,1.6039427654106748,0.0027270624923838825,0.004430307836160124,0.08529267460107803,0.00023558995545296829,1.0,1.0,1.0,False,False,8,0.19936160796097102,continuous official CoTracker3 confidence recovered; unchanged source tracks verified,d903059aa96ba77eb520482de8ba587dd64152264e5fd1d689b865151696a421,c432f64e96352cbe9ffa5a4bcc29030572d22fcbe1e0d46822aab212141ecf2d,2f019c9f2ecf65bdc0aa61ea74b948111ac6fc9fbdc0c7b9e3edc5ae657a4836,0.9997720718383789,0.995083212852478,0.9959285855293274,0.0,0.0,0.01685996726155281,True,4.4777727565577415e-05,1.0242288571842306,0.15668289726420037
T04,0,BG8,1.3712912349703374,3.9550331338114986,0.0037876927001140657,0.010924338862248409,0.7721380591392517,0.002132750225115564,1.0,1.0,1.0,False,False,8,0.21203071642570376,continuous official CoTracker3 confidence recovered; unchanged source tracks verified,d903059aa96ba77eb520482de8ba587dd64152264e5fd1d689b865151696a421,c432f64e96352cbe9ffa5a4bcc29030572d22fcbe1e0d46822aab212141ecf2d,71d6ad97b54100358729448f34758e00ee23a6c8b3a384cc68f55bc359bd4356,0.9999479055404663,0.99937903881073,0.9985426664352417,0.0,0.0,0.01758226379752159,True,0.0007323084895968922,1.4066197028790839,0.7947807537575291
T04,1,BG8,1.6163804369916512,4.176796260051778,0.0044646623748987166,0.011536878746551649,0.5107503533363342,0.0014107618685060433,1.0,1.0,1.0,False,False,8,0.21203071642570376,continuous official CoTracker3 confidence recovered; unchanged source tracks verified,d903059aa96ba77eb520482de8ba587dd64152264e5fd1d689b865151696a421,c432f64e96352cbe9ffa5a4bcc29030572d22fcbe1e0d46822aab212141ecf2d,f81805e30c0fa864bee1e1c256000472db9b193be90a5166fafbce60c146bf52,0.9999512434005737,0.9994935989379883,0.998586893081665,0.0,0.0,0.01758226379752159,True,0.0012597208353346176,1.6479139670320422,0.5485888703994524
T04,2,BG8,1.0356323356853392,1.7389087581439477,0.002860557216324868,0.004803102245110404,0.14617466926574707,0.00040375429638871314,1.0,1.0,1.0,False,False,8,0.21203071642570376,continuous official CoTracker3 confidence recovered; unchanged source tracks verified,d903059aa96ba77eb520482de8ba587dd64152264e5fd1d689b865151696a421,c432f64e96352cbe9ffa5a4bcc29030572d22fcbe1e0d46822aab212141ecf2d,2f019c9f2ecf65bdc0aa61ea74b948111ac6fc9fbdc0c7b9e3edc5ae657a4836,0.9997768402099609,0.9954546689987183,0.9952605366706848,0.0,0.0,0.01758226379752159,True,0.00017827245150656276,1.0772744187000816,0.1829238945364742
T04,0,BG9,1.1926182991781058,2.8683831550082437,0.0032941737762343954,0.007922863984170284,0.17496083676815033,0.00048326560203449894,1.0,1.0,1.0,False,False,8,0.2073284384003319,continuous official CoTracker3 confidence recovered; unchanged source tracks verified,d903059aa96ba77eb520482de8ba587dd64152264e5fd1d689b865151696a421,c432f64e96352cbe9ffa5a4bcc29030572d22fcbe1e0d46822aab212141ecf2d,71d6ad97b54100358729448f34758e00ee23a6c8b3a384cc68f55bc359bd4356,0.9998719096183777,0.9981752634048462,0.9979350566864014,0.0,0.0,0.019085174426436424,True,0.00023878956571722187,1.2417701937523133,0.2232553779379473
T04,1,BG9,1.2805155673405388,3.1988196919404914,0.003536957972974352,0.008835574593610096,0.29368099570274353,0.0008111868108087002,1.0,1.0,1.0,False,False,8,0.2073284384003319,continuous official CoTracker3 confidence recovered; unchanged source tracks verified,d903059aa96ba77eb520482de8ba587dd64152264e5fd1d689b865151696a421,c432f64e96352cbe9ffa5a4bcc29030572d22fcbe1e0d46822aab212141ecf2d,f81805e30c0fa864bee1e1c256000472db9b193be90a5166fafbce60c146bf52,0.9999431371688843,0.9994194507598877,0.9986200332641602,0.0,0.0,0.019085174426436424,True,0.0003320164334102531,1.317281372945318,0.3285154370482998
T04,2,BG9,1.126927154271678,1.7548931849987752,0.003112725908940477,0.004847253403791767,0.3612338602542877,0.0009977770007031268,1.0,1.0,1.0,False,False,8,0.2073284384003319,continuous official CoTracker3 confidence recovered; unchanged source tracks verified,d903059aa96ba77eb520482de8ba587dd64152264e5fd1d689b865151696a421,c432f64e96352cbe9ffa5a4bcc29030572d22fcbe1e0d46822aab212141ecf2d,2f019c9f2ecf65bdc0aa61ea74b948111ac6fc9fbdc0c7b9e3edc5ae657a4836,0.9997845888137817,0.9958820343017578,0.996502161026001,0.0,0.0,0.019085174426436424,True,0.0004304411441221718,1.15891855281324,0.3824690364231211
T04,0,BG10,1.173623001716868,2.875564154680923,0.003241706183869174,0.007942698880905636,0.2879043221473694,0.0007952308536067235,1.0,1.0,1.0,False,False,8,0.20424278840622795,continuous official CoTracker3 confidence recovered; unchanged source tracks verified,d903059aa96ba77eb520482de8ba587dd64152264e5fd1d689b865151696a421,c432f64e96352cbe9ffa5a4bcc29030572d22fcbe1e0d46822aab212141ecf2d,71d6ad97b54100358729448f34758e00ee23a6c8b3a384cc68f55bc359bd4356,0.9999102354049683,0.9989008903503418,0.9983515739440918,0.0,0.0,0.014469596557319164,True,0.00018632197335200027,1.2208586904463372,0.31279281358609723
T04,1,BG10,1.2771607654946118,2.9719750167002568,0.00352769155447907,0.008208998780569353,0.17795664072036743,0.0004915404195724605,1.0,1.0,1.0,False,False,8,0.20424278840622795,continuous official CoTracker3 confidence recovered; unchanged source tracks verified,d903059aa96ba77eb520482de8ba587dd64152264e5fd1d689b865151696a421,c432f64e96352cbe9ffa5a4bcc29030572d22fcbe1e0d46822aab212141ecf2d,f81805e30c0fa864bee1e1c256000472db9b193be90a5166fafbce60c146bf52,0.9999479055404663,0.9993956089019775,0.9988899827003479,0.0,0.0,0.014469596557319164,True,0.0003227500149149713,1.3062748366543575,0.20849367318494988
T04,2,BG10,0.9511142240871824,1.5078785512270922,0.0026271067091212037,0.004164965424915718,0.16904546320438385,0.0004669265365650032,1.0,1.0,1.0,False,False,8,0.20424278840622795,continuous official CoTracker3 confidence recovered; unchanged source tracks verified,d903059aa96ba77eb520482de8ba587dd64152264e5fd1d689b865151696a421,c432f64e96352cbe9ffa5a4bcc29030572d22fcbe1e0d46822aab212141ecf2d,2f019c9f2ecf65bdc0aa61ea74b948111ac6fc9fbdc0c7b9e3edc5ae657a4836,0.9997224807739258,0.9944108128547668,0.9946229457855225,0.0,0.0,0.014469596557319164,True,-5.5178055697101356e-05,0.9853517975681342,0.18611773188169428
T04,0,BG11,1.1042394443691523,2.550183815030911,0.003050059371746457,0.007043954175314599,0.13240724802017212,0.000365726808411378,1.0,1.0,1.0,False,False,8,0.20559753616169946,continuous official CoTracker3 confidence recovered; unchanged source tracks verified,d903059aa96ba77eb520482de8ba587dd64152264e5fd1d689b865151696a421,c432f64e96352cbe9ffa5a4bcc29030572d22fcbe1e0d46822aab212141ecf2d,71d6ad97b54100358729448f34758e00ee23a6c8b3a384cc68f55bc359bd4356,0.9998885989189148,0.9985696077346802,0.9980223178863525,0.0,0.0,0.01489313505589962,True,-5.324838770716638e-06,1.164721334043741,0.16236393647702727
T04,1,BG11,1.1142496131407138,2.7324276130668044,0.0030777088179151793,0.007547336305862926,0.14510199427604675,0.0004007914223292354,1.0,1.0,1.0,False,False,8,0.20559753616169946,continuous official CoTracker3 confidence recovered; unchanged source tracks verified,d903059aa96ba77eb520482de8ba587dd64152264e5fd1d689b865151696a421,c432f64e96352cbe9ffa5a4bcc29030572d22fcbe1e0d46822aab212141ecf2d,f81805e30c0fa864bee1e1c256000472db9b193be90a5166fafbce60c146bf52,0.9999515414237976,0.9992954730987549,0.9989633560180664,0.0,0.0,0.01489313505589962,True,-0.00012723272164891957,1.1461274835110666,0.16690126843309433
T04,2,BG11,0.9977394985553708,1.6168510274162653,0.0027558920518990946,0.004465962209587803,0.24975614249706268,0.0006898603984479167,1.0,1.0,1.0,False,False,8,0.20559753616169946,continuous official CoTracker3 confidence recovered; unchanged source tracks verified,d903059aa96ba77eb520482de8ba587dd64152264e5fd1d689b865151696a421,c432f64e96352cbe9ffa5a4bcc29030572d22fcbe1e0d46822aab212141ecf2d,2f019c9f2ecf65bdc0aa61ea74b948111ac6fc9fbdc0c7b9e3edc5ae657a4836,0.999786376953125,0.9954042434692383,0.9962592124938965,0.0,0.0,0.01489313505589962,True,7.360728708078954e-05,1.035735222640349,0.26412263037393713
T04,0,BG12,1.0848384597462002,2.410323460744199,0.0029964712163222953,0.006657640874786133,0.12298014014959335,0.0003396878556681619,1.0,1.0,1.0,False,False,8,0.20337861685871342,continuous official CoTracker3 confidence recovered; unchanged source tracks verified,d903059aa96ba77eb520482de8ba587dd64152264e5fd1d689b865151696a421,c432f64e96352cbe9ffa5a4bcc29030572d22fcbe1e0d46822aab212141ecf2d,71d6ad97b54100358729448f34758e00ee23a6c8b3a384cc68f55bc359bd4356,0.9999042749404907,0.9985438585281372,0.9982044696807861,0.0,0.0,0.020818311721086502,True,-5.891299419487827e-05,1.1371746061187786,0.17752403161717853
T04,1,BG12,1.310435644485539,3.087336603611334,0.0036196012911105012,0.00852764315710554,0.21275310218334198,0.0005876529737199827,1.0,1.0,1.0,False,False,8,0.20337861685871342,continuous official CoTracker3 confidence recovered; unchanged source tracks verified,d903059aa96ba77eb520482de8ba587dd64152264e5fd1d689b865151696a421,c432f64e96352cbe9ffa5a4bcc29030572d22fcbe1e0d46822aab212141ecf2d,f81805e30c0fa864bee1e1c256000472db9b193be90a5166fafbce60c146bf52,0.9999538660049438,0.9993839263916016,0.9987311959266663,0.0,0.0,0.020818311721086502,True,0.0004146597515464023,1.342243780591442,0.2409644773183805
T04,2,BG12,1.0155672818595511,1.6281644369348311,0.0028051348115393686,0.004497211383763265,0.10872801393270493,0.0003003215467060979,1.0,1.0,1.0,False,False,8,0.20337861685871342,continuous official CoTracker3 confidence recovered; unchanged source tracks verified,d903059aa96ba77eb520482de8ba587dd64152264e5fd1d689b865151696a421,c432f64e96352cbe9ffa5a4bcc29030572d22fcbe1e0d46822aab212141ecf2d,2f019c9f2ecf65bdc0aa61ea74b948111ac6fc9fbdc0c7b9e3edc5ae657a4836,0.9998218417167664,0.9962649941444397,0.9966272711753845,0.0,0.0,0.020818311721086502,True,0.00012285004672106352,1.047035246351267,0.15397419748279592
T04,0,BG13,1.0854074545548442,2.2919386829617454,0.0029980428572896865,0.00633064603432037,0.18052737414836884,0.0004986411345707524,1.0,1.0,1.0,False,False,8,0.20405321140221927,continuous official CoTracker3 confidence recovered; unchanged source tracks verified,d903059aa96ba77eb520482de8ba587dd64152264e5fd1d689b865151696a421,c432f64e96352cbe9ffa5a4bcc29030572d22fcbe1e0d46822aab212141ecf2d,71d6ad97b54100358729448f34758e00ee23a6c8b3a384cc68f55bc359bd4356,0.9998922348022461,0.9985916018486023,0.997763991355896,0.0,0.0,0.023161036893725395,True,-5.7341353227487006e-05,1.1382044343888873,0.22203234617062115
T04,1,BG13,1.1725353038710917,2.8645393913076083,0.0032387018146401484,0.00791224698659998,0.15269717574119568,0.0004217703454477869,1.0,1.0,1.0,False,False,8,0.20405321140221927,continuous official CoTracker3 confidence recovered; unchanged source tracks verified,d903059aa96ba77eb520482de8ba587dd64152264e5fd1d689b865151696a421,c432f64e96352cbe9ffa5a4bcc29030572d22fcbe1e0d46822aab212141ecf2d,f81805e30c0fa864bee1e1c256000472db9b193be90a5166fafbce60c146bf52,0.9999529123306274,0.99937903881073,0.9990653395652771,0.0,0.0,0.023161036893725395,True,3.376027507604948e-05,1.2052999288583304,0.17889858933617803
T04,2,BG13,1.03470033452493,1.6543651344407746,0.002857982902494403,0.004569581270006508,0.1416201889514923,0.00039117420297078275,1.0,1.0,1.0,False,False,8,0.20405321140221927,continuous official CoTracker3 confidence recovered; unchanged source tracks verified,d903059aa96ba77eb520482de8ba587dd64152264e5fd1d689b865151696a421,c432f64e96352cbe9ffa5a4bcc29030572d22fcbe1e0d46822aab212141ecf2d,2f019c9f2ecf65bdc0aa61ea74b948111ac6fc9fbdc0c7b9e3edc5ae657a4836,0.999839186668396,0.9966464638710022,0.9972898960113525,0.0,0.0,0.023161036893725395,True,0.0001756981376760977,1.063253244496913,0.17160972880019457
T04,0,BG14,1.2416049532752376,3.045226655467536,0.0034294815703739333,0.008411329759105956,0.3067805767059326,0.0008473696333011122,1.0,1.0,1.0,False,False,8,0.20317862897302158,continuous official CoTracker3 confidence recovered; unchanged source tracks verified,d903059aa96ba77eb520482de8ba587dd64152264e5fd1d689b865151696a421,c432f64e96352cbe9ffa5a4bcc29030572d22fcbe1e0d46822aab212141ecf2d,71d6ad97b54100358729448f34758e00ee23a6c8b3a384cc68f55bc359bd4356,0.9999120831489563,0.998785674571991,0.9987285733222961,0.0,0.0,0.013103003613650799,True,0.0003740973598567597,1.2844472470929496,0.3339388592717857
T04,1,BG14,1.3611250006047688,3.0687059027708483,0.003759612179570998,0.008476182630142394,0.2659527659416199,0.0007345976729399925,1.0,1.0,1.0,False,False,8,0.20317862897302158,continuous official CoTracker3 confidence recovered; unchanged source tracks verified,d903059aa96ba77eb520482de8ba587dd64152264e5fd1d689b865151696a421,c432f64e96352cbe9ffa5a4bcc29030572d22fcbe1e0d46822aab212141ecf2d,f81805e30c0fa864bee1e1c256000472db9b193be90a5166fafbce60c146bf52,0.9999498128890991,0.9994331002235413,0.9988692402839661,0.0,0.0,0.013103003613650799,True,0.0005546706400068992,1.3934191391703894,0.2901158762913204
T04,2,BG14,0.9565547481828702,1.4809301325894833,0.0026421341758449133,0.004090530231318424,0.1389196664094925,0.00038371499280595773,1.0,1.0,1.0,False,False,8,0.20317862897302158,continuous official CoTracker3 confidence recovered; unchanged source tracks verified,d903059aa96ba77eb520482de8ba587dd64152264e5fd1d689b865151696a421,c432f64e96352cbe9ffa5a4bcc29030572d22fcbe1e0d46822aab212141ecf2d,2f019c9f2ecf65bdc0aa61ea74b948111ac6fc9fbdc0c7b9e3edc5ae657a4836,0.9997565150260925,0.9955214262008667,0.9933618307113647,0.0,0.0,0.013103003613650799,True,-4.015058897339184e-05,0.9892729818173767,0.16627582457914353
T04,0,BG15,1.128375318773648,2.3424963588571956,0.003116725936048354,0.006470293204112185,0.23605680465698242,0.0006520209660866423,1.0,1.0,1.0,False,False,8,0.20478305783153025,continuous official CoTracker3 confidence recovered; unchanged source tracks verified,d903059aa96ba77eb520482de8ba587dd64152264e5fd1d689b865151696a421,c432f64e96352cbe9ffa5a4bcc29030572d22fcbe1e0d46822aab212141ecf2d,71d6ad97b54100358729448f34758e00ee23a6c8b3a384cc68f55bc359bd4356,0.9998944401741028,0.9986870884895325,0.9982505440711975,0.0,0.0,0.015781333670020103,True,6.134172553118062e-05,1.1802871532270665,0.2560813645972041
T04,1,BG15,1.0949021633282843,2.3692794324286157,0.003024268532911135,0.006544271692172221,0.0737762525677681,0.0002037800331296885,1.0,1.0,1.0,False,False,8,0.20478305783153025,continuous official CoTracker3 confidence recovered; unchanged source tracks verified,d903059aa96ba77eb520482de8ba587dd64152264e5fd1d689b865151696a421,c432f64e96352cbe9ffa5a4bcc29030572d22fcbe1e0d46822aab212141ecf2d,f81805e30c0fa864bee1e1c256000472db9b193be90a5166fafbce60c146bf52,0.9999502301216125,0.9994737505912781,0.9982686042785645,0.0,0.0,0.015781333670020103,True,-0.0001806730066529639,1.1324341851999944,0.09265868778387444
T04,2,BG15,1.0591688378226212,1.7761606478423706,0.0029255682329916016,0.004905997025648561,0.20938138663768768,0.000578339837288091,1.0,1.0,1.0,False,False,8,0.20478305783153025,continuous official CoTracker3 confidence recovered; unchanged source tracks verified,d903059aa96ba77eb520482de8ba587dd64152264e5fd1d689b865151696a421,c432f64e96352cbe9ffa5a4bcc29030572d22fcbe1e0d46822aab212141ecf2d,2f019c9f2ecf65bdc0aa61ea74b948111ac6fc9fbdc0c7b9e3edc5ae657a4836,0.9997941255569458,0.995935320854187,0.9966989159584045,0.0,0.0,0.015781333670020103,True,0.00024328346817329653,1.0874550784517545,0.2242884166342356
T05,0,BG0,0.7539439533821162,1.7767778359829607,0.00208249563309019,0.004907701783146526,0.0,0.0,1.0,1.0,1.0,False,False,8,0.31507147029439575,continuous official CoTracker3 confidence recovered; unchanged source tracks verified,48c447ae987a7027330935145ad8d9bb90afcdc727ef4e0a7170ae6256961dea,9874c4ea5ce62ca341f4e1b913a4c40f40ea4bae2e726aa668c93711a160fa83,71d6ad97b54100358729448f34758e00ee23a6c8b3a384cc68f55bc359bd4356,0.9999645352363586,0.9995973706245422,0.9948924779891968,0.0,0.0,0.0,False,0.0,0.8496293886621082,0.0
T05,1,BG0,2.449527012836513,3.3826114927804154,0.0067659264120168965,0.009343232518221023,0.0,0.0,1.0,1.0,1.0,False,False,8,0.31507147029439575,continuous official CoTracker3 confidence recovered; unchanged source tracks verified,48c447ae987a7027330935145ad8d9bb90afcdc727ef4e0a7170ae6256961dea,9874c4ea5ce62ca341f4e1b913a4c40f40ea4bae2e726aa668c93711a160fa83,f81805e30c0fa864bee1e1c256000472db9b193be90a5166fafbce60c146bf52,0.9999505877494812,0.9996155500411987,0.9886080026626587,0.0,0.0,0.0,False,0.0,2.459148823395388,0.0
T05,2,BG0,0.9550435149866686,1.1153770199928352,0.0026379599444348025,0.0030808228688147545,0.0,0.0,1.0,1.0,1.0,False,False,8,0.31507147029439575,continuous official CoTracker3 confidence recovered; unchanged source tracks verified,48c447ae987a7027330935145ad8d9bb90afcdc727ef4e0a7170ae6256961dea,9874c4ea5ce62ca341f4e1b913a4c40f40ea4bae2e726aa668c93711a160fa83,2f019c9f2ecf65bdc0aa61ea74b948111ac6fc9fbdc0c7b9e3edc5ae657a4836,0.9999675750732422,0.9997883439064026,0.9959535598754883,0.0,0.0,0.0,False,0.0,1.0131121878372222,0.0
T05,0,BG1,0.7439540121229127,1.8454750855342104,0.0020549020580587912,0.005097452919890874,0.05507557466626167,0.00015212622001663925,1.0,1.0,1.0,False,False,8,0.31542133573739745,continuous official CoTracker3 confidence recovered; unchanged source tracks verified,48c447ae987a7027330935145ad8d9bb90afcdc727ef4e0a7170ae6256961dea,9874c4ea5ce62ca341f4e1b913a4c40f40ea4bae2e726aa668c93711a160fa83,71d6ad97b54100358729448f34758e00ee23a6c8b3a384cc68f55bc359bd4356,0.9999664425849915,0.999660849571228,0.9948920011520386,0.0,0.0,0.008864183910191059,True,-2.75935750313986e-05,0.8465709209194225,0.08681529143003945
T05,1,BG1,2.456947276901374,3.342233708522372,0.0067864221895108726,0.009231703592212625,0.06139460951089859,0.00016958025278693942,1.0,1.0,1.0,False,False,8,0.31542133573739745,continuous official CoTracker3 confidence recovered; unchanged source tracks verified,48c447ae987a7027330935145ad8d9bb90afcdc727ef4e0a7170ae6256961dea,9874c4ea5ce62ca341f4e1b913a4c40f40ea4bae2e726aa668c93711a160fa83,f81805e30c0fa864bee1e1c256000472db9b193be90a5166fafbce60c146bf52,0.9999451637268066,0.9996811151504517,0.9928501844406128,0.0,0.0,0.008864183910191059,True,2.0495777493976033e-05,2.466601406946455,0.09440997327485477
T05,2,BG1,0.8795500022039608,1.0691900858441894,0.0024294366052775916,0.0029532482815541137,0.09911651909351349,0.0002737732921040207,1.0,1.0,1.0,False,False,8,0.31542133573739745,continuous official CoTracker3 confidence recovered; unchanged source tracks verified,48c447ae987a7027330935145ad8d9bb90afcdc727ef4e0a7170ae6256961dea,9874c4ea5ce62ca341f4e1b913a4c40f40ea4bae2e726aa668c93711a160fa83,2f019c9f2ecf65bdc0aa61ea74b948111ac6fc9fbdc0c7b9e3edc5ae657a4836,0.9999640583992004,0.9997424483299255,0.9954467415809631,0.0,0.0,0.008864183910191059,True,-0.00020852333915721095,0.9453503313511031,0.12540079366276596
T05,0,BG2,0.7157737848369281,1.7907333180361307,0.001977064441616221,0.0049462487206251345,0.12003803253173828,0.00033156135470110753,1.0,1.0,1.0,False,False,8,0.31385732333698196,continuous official CoTracker3 confidence recovered; unchanged source tracks verified,48c447ae987a7027330935145ad8d9bb90afcdc727ef4e0a7170ae6256961dea,9874c4ea5ce62ca341f4e1b913a4c40f40ea4bae2e726aa668c93711a160fa83,71d6ad97b54100358729448f34758e00ee23a6c8b3a384cc68f55bc359bd4356,0.9999608993530273,0.9996188879013062,0.992958664894104,0.0,0.0,0.008764884434640408,True,-0.00010543119147396864,0.816306352927357,0.14180147664564785
T05,1,BG2,2.5862557858129165,3.417153091557139,0.007143589859497095,0.009438641107002453,0.15278378129005432,0.0004220095617403116,1.0,1.0,1.0,False,False,8,0.31385732333698196,continuous official CoTracker3 confidence recovered; unchanged source tracks verified,48c447ae987a7027330935145ad8d9bb90afcdc727ef4e0a7170ae6256961dea,9874c4ea5ce62ca341f4e1b913a4c40f40ea4bae2e726aa668c93711a160fa83,f81805e30c0fa864bee1e1c256000472db9b193be90a5166fafbce60c146bf52,0.999943733215332,0.9996039271354675,0.9921973347663879,0.0,0.0,0.008764884434640408,True,0.00037766344748019817,2.596931054648537,0.17828345177633273
T05,2,BG2,0.8726039996116457,1.0869443301812836,0.002410250802405852,0.003002287916575997,0.1030224934220314,0.0002845621238807222,1.0,1.0,1.0,False,False,8,0.31385732333698196,continuous official CoTracker3 confidence recovered; unchanged source tracks verified,48c447ae987a7027330935145ad8d9bb90afcdc727ef4e0a7170ae6256961dea,9874c4ea5ce62ca341f4e1b913a4c40f40ea4bae2e726aa668c93711a160fa83,2f019c9f2ecf65bdc0aa61ea74b948111ac6fc9fbdc0c7b9e3edc5ae657a4836,0.9999601244926453,0.9996978044509888,0.9955469369888306,0.0,0.0,0.008764884434640408,True,-0.00022770914202895065,0.9381778287239658,0.12932890380755802
T05,0,BG3,0.8151757535330043,2.021789410147195,0.002251626184304848,0.0055844570392430916,0.10728973150253296,0.00029634881522314457,1.0,1.0,1.0,False,False,8,0.3164582828575989,continuous official CoTracker3 confidence recovered; unchanged source tracks verified,48c447ae987a7027330935145ad8d9bb90afcdc727ef4e0a7170ae6256961dea,9874c4ea5ce62ca341f4e1b913a4c40f40ea4bae2e726aa668c93711a160fa83,71d6ad97b54100358729448f34758e00ee23a6c8b3a384cc68f55bc359bd4356,0.9999628067016602,0.9995728135108948,0.9956791996955872,0.0,0.0,0.013935496099293232,True,0.0001691305512146581,0.9014887069123839,0.13881064219697353
T05,1,BG3,2.2927016715672046,3.1342981755093664,0.00633275351251134,0.008657357399075378,0.18057823181152344,0.0004987816103461115,1.0,1.0,1.0,False,False,8,0.3164582828575989,continuous official CoTracker3 confidence recovered; unchanged source tracks verified,48c447ae987a7027330935145ad8d9bb90afcdc727ef4e0a7170ae6256961dea,9874c4ea5ce62ca341f4e1b913a4c40f40ea4bae2e726aa668c93711a160fa83,f81805e30c0fa864bee1e1c256000472db9b193be90a5166fafbce60c146bf52,0.9999420046806335,0.9995105266571045,0.9927352666854858,0.0,0.0,0.013935496099293232,True,-0.00043317289950555674,2.306221797386665,0.20454167003296866
T05,2,BG3,1.0590799858457123,1.0627917416329729,0.0029253228117595933,0.002935575185538032,0.21291331946849823,0.0005880955156293471,1.0,1.0,1.0,False,False,8,0.3164582828575989,continuous official CoTracker3 confidence recovered; unchanged source tracks verified,48c447ae987a7027330935145ad8d9bb90afcdc727ef4e0a7170ae6256961dea,9874c4ea5ce62ca341f4e1b913a4c40f40ea4bae2e726aa668c93711a160fa83,2f019c9f2ecf65bdc0aa61ea74b948111ac6fc9fbdc0c7b9e3edc5ae657a4836,0.9999639391899109,0.9997262358665466,0.9962098598480225,0.0,0.0,0.013935496099293232,True,0.00028736286732479075,1.1135123533991513,0.23669257118205325
T05,0,BG4,0.7868156102644919,1.8643730792750222,0.002173291615474429,0.005149651746160206,0.09179813414812088,0.00025355891857972127,1.0,1.0,1.0,False,False,8,0.30662909763811375,continuous official CoTracker3 confidence recovered; unchanged source tracks verified,48c447ae987a7027330935145ad8d9bb90afcdc727ef4e0a7170ae6256961dea,9874c4ea5ce62ca341f4e1b913a4c40f40ea4bae2e726aa668c93711a160fa83,71d6ad97b54100358729448f34758e00ee23a6c8b3a384cc68f55bc359bd4356,0.9999580383300781,0.9995124340057373,0.9946349859237671,0.0,0.0,0.01055282074958086,True,9.079598238423935e-05,0.8702796355852669,0.11553562826052848
T05,1,BG4,2.3093858264100353,3.1719145843798118,0.006378837414963418,0.008761259031091696,0.15295448899269104,0.0004224810796080272,1.0,1.0,1.0,False,False,8,0.30662909763811375,continuous official CoTracker3 confidence recovered; unchanged source tracks verified,48c447ae987a7027330935145ad8d9bb90afcdc727ef4e0a7170ae6256961dea,9874c4ea5ce62ca341f4e1b913a4c40f40ea4bae2e726aa668c93711a160fa83,f81805e30c0fa864bee1e1c256000472db9b193be90a5166fafbce60c146bf52,0.9999384880065918,0.9995962977409363,0.9908612966537476,0.0,0.0,0.01055282074958086,True,-0.0003870889970534787,2.319709172708593,0.17318195038312081
T05,2,BG4,1.1157208162380519,1.0756137897991624,0.0030817724807535793,0.0029709914246279275,0.25466927886009216,0.0007034311486010118,1.0,1.0,1.0,False,False,8,0.30662909763811375,continuous official CoTracker3 confidence recovered; unchanged source tracks verified,48c447ae987a7027330935145ad8d9bb90afcdc727ef4e0a7170ae6256961dea,9874c4ea5ce62ca341f4e1b913a4c40f40ea4bae2e726aa668c93711a160fa83,2f019c9f2ecf65bdc0aa61ea74b948111ac6fc9fbdc0c7b9e3edc5ae657a4836,0.9999599456787109,0.9996753931045532,0.9957589507102966,0.0,0.0,0.01055282074958086,True,0.00044381253631877674,1.1624869443550983,0.273105034447895
T05,0,BG5,0.8146763678917397,2.0952727072428194,0.002250246813315139,0.0057874278895566145,0.1146140843629837,0.0003165796729396594,1.0,1.0,1.0,False,False,8,0.29896964591678726,continuous official CoTracker3 confidence recovered; unchanged source tracks verified,48c447ae987a7027330935145ad8d9bb90afcdc727ef4e0a7170ae6256961dea,9874c4ea5ce62ca341f4e1b913a4c40f40ea4bae2e726aa668c93711a160fa83,71d6ad97b54100358729448f34758e00ee23a6c8b3a384cc68f55bc359bd4356,0.9999748468399048,0.9996823072433472,0.9967125654220581,0.0,0.0,0.027850070968270302,True,0.00016775118022494939,0.9218479797852648,0.19153155064111718
T05,1,BG5,2.338521428538569,3.2228066622604477,0.006459313906522166,0.008901829864599788,0.1407848447561264,0.00038886686880997,1.0,1.0,1.0,False,False,8,0.29896964591678726,continuous official CoTracker3 confidence recovered; unchanged source tracks verified,48c447ae987a7027330935145ad8d9bb90afcdc727ef4e0a7170ae6256961dea,9874c4ea5ce62ca341f4e1b913a4c40f40ea4bae2e726aa668c93711a160fa83,f81805e30c0fa864bee1e1c256000472db9b193be90a5166fafbce60c146bf52,0.9999676942825317,0.9996923208236694,0.9959357976913452,0.0,0.0,0.027850070968270302,True,-0.00030661250549473065,2.34964562837706,0.1980981371283147
T05,2,BG5,1.077335735581873,1.1260192406315395,0.002975747672830233,0.003110218128113626,0.18022486567497253,0.0004978055650672177,1.0,1.0,1.0,False,False,8,0.29896964591678726,continuous official CoTracker3 confidence recovered; unchanged source tracks verified,48c447ae987a7027330935145ad8d9bb90afcdc727ef4e0a7170ae6256961dea,9874c4ea5ce62ca341f4e1b913a4c40f40ea4bae2e726aa668c93711a160fa83,2f019c9f2ecf65bdc0aa61ea74b948111ac6fc9fbdc0c7b9e3edc5ae657a4836,0.9999774694442749,0.9998695850372314,0.9981033802032471,0.0,0.0,0.027850070968270302,True,0.0003377877283954303,1.134491199352134,0.21898553523362976
T05,0,BG6,0.8255485689654387,1.9691645824142971,0.0022802773098215307,0.005439100115224709,0.0991101861000061,0.0002737557995155274,1.0,1.0,1.0,False,False,8,0.30245440376293203,continuous official CoTracker3 confidence recovered; unchanged source tracks verified,48c447ae987a7027330935145ad8d9bb90afcdc727ef4e0a7170ae6256961dea,9874c4ea5ce62ca341f4e1b913a4c40f40ea4bae2e726aa668c93711a160fa83,71d6ad97b54100358729448f34758e00ee23a6c8b3a384cc68f55bc359bd4356,0.9999619722366333,0.9995912909507751,0.9950902462005615,0.0,0.0,0.021696677431464195,True,0.00019778167673134084,0.9237658493833816,0.15310810033969685
T05,1,BG6,2.4637876599490727,3.447431815933942,0.0068053162568504875,0.009522275057520093,0.15624070167541504,0.00043155804551574354,1.0,1.0,1.0,False,False,8,0.30245440376293203,continuous official CoTracker3 confidence recovered; unchanged source tracks verified,48c447ae987a7027330935145ad8d9bb90afcdc727ef4e0a7170ae6256961dea,9874c4ea5ce62ca341f4e1b913a4c40f40ea4bae2e726aa668c93711a160fa83,f81805e30c0fa864bee1e1c256000472db9b193be90a5166fafbce60c146bf52,0.9999521374702454,0.9995883107185364,0.9938978552818298,0.0,0.0,0.021696677431464195,True,3.938984483359102e-05,2.4738902082441996,0.20979494128464432
T05,2,BG6,0.9178414402973505,1.0635540472727756,0.0025352027597198602,0.002937680777285068,0.13687542080879211,0.0003780685087174186,1.0,1.0,1.0,False,False,8,0.30245440376293203,continuous official CoTracker3 confidence recovered; unchanged source tracks verified,48c447ae987a7027330935145ad8d9bb90afcdc727ef4e0a7170ae6256961dea,9874c4ea5ce62ca341f4e1b913a4c40f40ea4bae2e726aa668c93711a160fa83,2f019c9f2ecf65bdc0aa61ea74b948111ac6fc9fbdc0c7b9e3edc5ae657a4836,0.9999678730964661,0.9997242093086243,0.9955793023109436,0.0,0.0,0.021696677431464195,True,-0.00010275718471494232,0.9896582115177409,0.19665686763922502
T05,0,BG7,0.9890936902947882,2.4330850099245995,0.002732011154829186,0.006720511366097744,0.3219597637653351,0.0008892966102644036,1.0,1.0,1.0,False,False,8,0.2867895042264615,continuous official CoTracker3 confidence recovered; unchanged source tracks verified,48c447ae987a7027330935145ad8d9bb90afcdc727ef4e0a7170ae6256961dea,9874c4ea5ce62ca341f4e1b913a4c40f40ea4bae2e726aa668c93711a160fa83,71d6ad97b54100358729448f34758e00ee23a6c8b3a384cc68f55bc359bd4356,0.9999586939811707,0.9994422793388367,0.9967709183692932,0.0,0.0,0.02342907153069973,True,0.000649515521738996,1.065012704879955,0.3440960471646129
T05,1,BG7,2.2073060163004667,3.129804796747825,0.0060968791104684525,0.008644946076447543,0.2624523341655731,0.0007249290047918537,1.0,1.0,1.0,False,False,8,0.2867895042264615,continuous official CoTracker3 confidence recovered; unchanged source tracks verified,48c447ae987a7027330935145ad8d9bb90afcdc727ef4e0a7170ae6256961dea,9874c4ea5ce62ca341f4e1b913a4c40f40ea4bae2e726aa668c93711a160fa83,f81805e30c0fa864bee1e1c256000472db9b193be90a5166fafbce60c146bf52,0.999955952167511,0.9996209144592285,0.9945183396339417,0.0,0.0,0.02342907153069973,True,-0.0006690473015484441,2.220407061466195,0.2864133026007396
T05,2,BG7,1.4471515501515764,1.567311512129293,0.003997229197331265,0.004329127337727988,0.6524228453636169,0.0018020805396782647,1.0,1.0,1.0,False,False,8,0.2867895042264615,continuous official CoTracker3 confidence recovered; unchanged source tracks verified,48c447ae987a7027330935145ad8d9bb90afcdc727ef4e0a7170ae6256961dea,9874c4ea5ce62ca341f4e1b913a4c40f40ea4bae2e726aa668c93711a160fa83,2f019c9f2ecf65bdc0aa61ea74b948111ac6fc9fbdc0c7b9e3edc5ae657a4836,0.9999707937240601,0.9997585415840149,0.9976333379745483,0.0,0.0,0.02342907153069973,True,0.0013592692528964622,1.4764577355761026,0.675387578447511
T05,0,BG8,1.121566664010173,2.9023742323293305,0.0030979195065404972,0.008016751957895194,0.5063354969024658,0.0013985674352156004,1.0,1.0,1.0,False,False,8,0.29357686071570577,continuous official CoTracker3 confidence recovered; unchanged source tracks verified,48c447ae987a7027330935145ad8d9bb90afcdc727ef4e0a7170ae6256961dea,9874c4ea5ce62ca341f4e1b913a4c40f40ea4bae2e726aa668c93711a160fa83,71d6ad97b54100358729448f34758e00ee23a6c8b3a384cc68f55bc359bd4356,0.9999658465385437,0.999554455280304,0.9961138963699341,0.0,0.0,0.021174076944589615,True,0.0010154238734503074,1.2293710616349567,0.5453056380430172
T05,1,BG8,1.6052719188015054,2.3818644820666957,0.004433979138409708,0.006579033309127907,2.0123238563537598,0.005558311893637529,1.0,1.0,1.0,False,False,8,0.29357686071570577,continuous official CoTracker3 confidence recovered; unchanged source tracks verified,48c447ae987a7027330935145ad8d9bb90afcdc727ef4e0a7170ae6256961dea,9874c4ea5ce62ca341f4e1b913a4c40f40ea4bae2e726aa668c93711a160fa83,f81805e30c0fa864bee1e1c256000472db9b193be90a5166fafbce60c146bf52,0.9999387860298157,0.9990808963775635,0.9962940812110901,0.0,0.0,0.021174076944589615,True,-0.002331947273607188,1.652757543101974,2.050047052055678
T05,2,BG8,2.856067847102743,4.363410874729922,0.007888847430528177,0.01205233366650255,2.086923122406006,0.005764365201829258,1.0,1.0,1.0,False,False,8,0.29357686071570577,continuous official CoTracker3 confidence recovered; unchanged source tracks verified,48c447ae987a7027330935145ad8d9bb90afcdc727ef4e0a7170ae6256961dea,9874c4ea5ce62ca341f4e1b913a4c40f40ea4bae2e726aa668c93711a160fa83,2f019c9f2ecf65bdc0aa61ea74b948111ac6fc9fbdc0c7b9e3edc5ae657a4836,0.9999656677246094,0.999552309513092,0.9961763620376587,0.0,0.0,0.021174076944589615,True,0.005250887486093374,2.866865066880753,2.1138515367117803
T05,0,BG9,0.752300352224579,1.9779034185068907,0.0020779557833868283,0.005463237967805766,0.22765544056892395,0.0006288152570324108,1.0,1.0,1.0,False,False,8,0.2974568772530815,continuous official CoTracker3 confidence recovered; unchanged source tracks verified,48c447ae987a7027330935145ad8d9bb90afcdc727ef4e0a7170ae6256961dea,9874c4ea5ce62ca341f4e1b913a4c40f40ea4bae2e726aa668c93711a160fa83,71d6ad97b54100358729448f34758e00ee23a6c8b3a384cc68f55bc359bd4356,0.9999656677246094,0.9997326731681824,0.9953488707542419,0.0,0.0,0.018786495551466942,True,-4.53984970336151e-06,0.868095853997102,0.26073519101896125
T05,1,BG9,1.7744969402121373,2.080484299858952,0.004901401639135866,0.005746580299150044,0.9805799722671509,0.002708495108928981,1.0,1.0,1.0,False,False,8,0.2974568772530815,continuous official CoTracker3 confidence recovered; unchanged source tracks verified,48c447ae987a7027330935145ad8d9bb90afcdc727ef4e0a7170ae6256961dea,9874c4ea5ce62ca341f4e1b913a4c40f40ea4bae2e726aa668c93711a160fa83,f81805e30c0fa864bee1e1c256000472db9b193be90a5166fafbce60c146bf52,0.9999607801437378,0.9996215105056763,0.9955387711524963,0.0,0.0,0.018786495551466942,True,-0.0018645247728810302,1.796326875064299,1.008279445091715
T05,2,BG9,1.5698829716579144,1.752002835844133,0.0043362300583148425,0.004839269866732219,0.7928562164306641,0.0021899765904063733,1.0,1.0,1.0,False,False,8,0.2974568772530815,continuous official CoTracker3 confidence recovered; unchanged source tracks verified,48c447ae987a7027330935145ad8d9bb90afcdc727ef4e0a7170ae6256961dea,9874c4ea5ce62ca341f4e1b913a4c40f40ea4bae2e726aa668c93711a160fa83,2f019c9f2ecf65bdc0aa61ea74b948111ac6fc9fbdc0c7b9e3edc5ae657a4836,0.9999659657478333,0.9997562766075134,0.9965826869010925,0.0,0.0,0.018786495551466942,True,0.00169827011388004,1.598803255683907,0.829705390526788
T05,0,BG10,1.0514227657468596,2.6643625624325735,0.0029041725295059343,0.0073593313884204635,0.4142903685569763,0.0011443262851051248,1.0,1.0,1.0,False,False,8,0.3028377511539726,continuous official CoTracker3 confidence recovered; unchanged source tracks verified,48c447ae987a7027330935145ad8d9bb90afcdc727ef4e0a7170ae6256961dea,9874c4ea5ce62ca341f4e1b913a4c40f40ea4bae2e726aa668c93711a160fa83,71d6ad97b54100358729448f34758e00ee23a6c8b3a384cc68f55bc359bd4356,0.9999721646308899,0.999616265296936,0.9968113303184509,0.0,0.0,0.012306835502386093,True,0.0008216768964157445,1.1461794461590267,0.4443051741038406
T05,1,BG10,1.5472600783366435,1.8478282653305027,0.004273742553324489,0.005103952722200677,1.4580485820770264,0.004027328280023812,1.0,1.0,1.0,False,False,8,0.3028377511539726,continuous official CoTracker3 confidence recovered; unchanged source tracks verified,48c447ae987a7027330935145ad8d9bb90afcdc727ef4e0a7170ae6256961dea,9874c4ea5ce62ca341f4e1b913a4c40f40ea4bae2e726aa668c93711a160fa83,f81805e30c0fa864bee1e1c256000472db9b193be90a5166fafbce60c146bf52,0.9999697804450989,0.9996373653411865,0.9975685477256775,0.0,0.0,0.012306835502386093,True,-0.0024921838586924074,1.5760669053879524,1.4932685673319541
T05,2,BG10,2.1132268707769133,2.825697451227722,0.005837019728562435,0.007804960270877601,1.3516790866851807,0.003733521281965353,1.0,1.0,1.0,False,False,8,0.3028377511539726,continuous official CoTracker3 confidence recovered; unchanged source tracks verified,48c447ae987a7027330935145ad8d9bb90afcdc727ef4e0a7170ae6256961dea,9874c4ea5ce62ca341f4e1b913a4c40f40ea4bae2e726aa668c93711a160fa83,2f019c9f2ecf65bdc0aa61ea74b948111ac6fc9fbdc0c7b9e3edc5ae657a4836,0.9999753832817078,0.9998112320899963,0.9980273842811584,0.0,0.0,0.012306835502386093,True,0.0031990597841276324,2.1338826876548773,1.3724916928352326
T05,0,BG11,0.8301089106646315,2.028595033032076,0.002292873593181011,0.005603255094290348,0.19358518719673157,0.0005347085882971723,1.0,1.0,1.0,False,False,8,0.3074614240086559,continuous official CoTracker3 confidence recovered; unchanged source tracks verified,48c447ae987a7027330935145ad8d9bb90afcdc727ef4e0a7170ae6256961dea,9874c4ea5ce62ca341f4e1b913a4c40f40ea4bae2e726aa668c93711a160fa83,71d6ad97b54100358729448f34758e00ee23a6c8b3a384cc68f55bc359bd4356,0.9999755620956421,0.9997331500053406,0.9978609681129456,0.0,0.0,0.015260068699717522,True,0.0002103779600908214,0.9194642001108827,0.2204768856928029
T05,1,BG11,1.9847345701104735,2.557889060040675,0.005482106536642511,0.007065237108897051,0.5558802485466003,0.0015354167706053304,1.0,1.0,1.0,False,False,8,0.3074614240086559,continuous official CoTracker3 confidence recovered; unchanged source tracks verified,48c447ae987a7027330935145ad8d9bb90afcdc727ef4e0a7170ae6256961dea,9874c4ea5ce62ca341f4e1b913a4c40f40ea4bae2e726aa668c93711a160fa83,f81805e30c0fa864bee1e1c256000472db9b193be90a5166fafbce60c146bf52,0.999970555305481,0.9997047781944275,0.9970691800117493,0.0,0.0,0.015260068699717522,True,-0.0012838198753743852,2.004103467013219,0.5790475020288132
T05,2,BG11,1.2445683931076934,1.104971995375218,0.003437666993815995,0.0030520827771525275,0.471388041973114,0.0013020378165993663,1.0,1.0,1.0,False,False,8,0.3074614240086559,continuous official CoTracker3 confidence recovered; unchanged source tracks verified,48c447ae987a7027330935145ad8d9bb90afcdc727ef4e0a7170ae6256961dea,9874c4ea5ce62ca341f4e1b913a4c40f40ea4bae2e726aa668c93711a160fa83,2f019c9f2ecf65bdc0aa61ea74b948111ac6fc9fbdc0c7b9e3edc5ae657a4836,0.9999771118164062,0.9998377561569214,0.9978941082954407,0.0,0.0,0.015260068699717522,True,0.0007997070493811925,1.2888977565676276,0.4891946233666742
T05,0,BG12,0.8714810396257745,2.3074867312623684,0.002407149034355029,0.00637359185614688,0.2495788037776947,0.0006893705648110728,1.0,1.0,1.0,False,False,8,0.28926645997592315,continuous official CoTracker3 confidence recovered; unchanged source tracks verified,48c447ae987a7027330935145ad8d9bb90afcdc727ef4e0a7170ae6256961dea,9874c4ea5ce62ca341f4e1b913a4c40f40ea4bae2e726aa668c93711a160fa83,71d6ad97b54100358729448f34758e00ee23a6c8b3a384cc68f55bc359bd4356,0.9999710321426392,0.9996334314346313,0.9958093166351318,0.0,0.0,0.029077285900712013,True,0.00032465340126483933,0.9750448509416472,0.28856898970994227
T05,1,BG12,1.853246902013728,2.208531665151838,0.005118919732917454,0.006100264519117508,0.8170528411865234,0.002256810955432523,1.0,1.0,1.0,False,False,8,0.28926645997592315,continuous official CoTracker3 confidence recovered; unchanged source tracks verified,48c447ae987a7027330935145ad8d9bb90afcdc727ef4e0a7170ae6256961dea,9874c4ea5ce62ca341f4e1b913a4c40f40ea4bae2e726aa668c93711a160fa83,f81805e30c0fa864bee1e1c256000472db9b193be90a5166fafbce60c146bf52,0.9999629855155945,0.9995923638343811,0.9960833787918091,0.0,0.0,0.029077285900712013,True,-0.0016470066790994428,1.8688314378465165,0.8494291112828846
T05,2,BG12,1.759272878406446,2.0088192897942343,0.004859350712026462,0.005548631804655654,0.9717839956283569,0.002684199426395974,1.0,1.0,1.0,False,False,8,0.28926645997592315,continuous official CoTracker3 confidence recovered; unchanged source tracks verified,48c447ae987a7027330935145ad8d9bb90afcdc727ef4e0a7170ae6256961dea,9874c4ea5ce62ca341f4e1b913a4c40f40ea4bae2e726aa668c93711a160fa83,2f019c9f2ecf65bdc0aa61ea74b948111ac6fc9fbdc0c7b9e3edc5ae657a4836,0.9999752044677734,0.999790370464325,0.9981160163879395,0.0,0.0,0.029077285900712013,True,0.0022213907675916597,1.7846553613409573,0.9990674867504301
T05,0,BG13,0.7739920570865912,2.0110346570469706,0.002137871219337711,0.0055547509499963895,0.138937845826149,0.00038376520682469143,1.0,1.0,1.0,False,False,8,0.2939809707606263,continuous official CoTracker3 confidence recovered; unchanged source tracks verified,48c447ae987a7027330935145ad8d9bb90afcdc727ef4e0a7170ae6256961dea,9874c4ea5ce62ca341f4e1b913a4c40f40ea4bae2e726aa668c93711a160fa83,71d6ad97b54100358729448f34758e00ee23a6c8b3a384cc68f55bc359bd4356,0.9999615550041199,0.9995430707931519,0.9965054988861084,0.0,0.0,0.032368846237659454,True,5.537558624752132e-05,0.8822556952177327,0.17581791375227634
T05,1,BG13,2.002375087365168,2.5260229457407606,0.005530832042011389,0.006977218571742617,0.6029322743415833,0.001665380858527974,1.0,1.0,1.0,False,False,8,0.2939809707606263,continuous official CoTracker3 confidence recovered; unchanged source tracks verified,48c447ae987a7027330935145ad8d9bb90afcdc727ef4e0a7170ae6256961dea,9874c4ea5ce62ca341f4e1b913a4c40f40ea4bae2e726aa668c93711a160fa83,f81805e30c0fa864bee1e1c256000472db9b193be90a5166fafbce60c146bf52,0.9999397397041321,0.9992250204086304,0.9951382279396057,0.0,0.0,0.032368846237659454,True,-0.001235094370005508,2.0203851171179195,0.6293423304003236
T05,2,BG13,1.445123897729373,1.439113535300311,0.00399162854585615,0.0039750271082351395,0.6473187208175659,0.0017879822542152437,1.0,1.0,1.0,False,False,8,0.2939809707606263,continuous official CoTracker3 confidence recovered; unchanged source tracks verified,48c447ae987a7027330935145ad8d9bb90afcdc727ef4e0a7170ae6256961dea,9874c4ea5ce62ca341f4e1b913a4c40f40ea4bae2e726aa668c93711a160fa83,2f019c9f2ecf65bdc0aa61ea74b948111ac6fc9fbdc0c7b9e3edc5ae657a4836,0.9999725222587585,0.9998024106025696,0.9981479644775391,0.0,0.0,0.032368846237659454,True,0.0013536686014213473,1.4840997517921497,0.6702783422764216
T05,0,BG14,1.0371419621580942,2.7354271279003304,0.0028647270097465235,0.007555621373359238,0.44142594933509827,0.0012192784459631146,1.0,1.0,1.0,False,False,8,0.3003748509479004,continuous official CoTracker3 confidence recovered; unchanged source tracks verified,48c447ae987a7027330935145ad8d9bb90afcdc727ef4e0a7170ae6256961dea,9874c4ea5ce62ca341f4e1b913a4c40f40ea4bae2e726aa668c93711a160fa83,71d6ad97b54100358729448f34758e00ee23a6c8b3a384cc68f55bc359bd4356,0.9999693036079407,0.9996874332427979,0.9932529330253601,0.0,0.0,0.012246387079358101,True,0.0007822313766563337,1.121815734139354,0.4634543131400489
T05,1,BG14,1.4253828634651033,2.0621733303083647,0.003937101127122161,0.005696002913449573,1.9728981256484985,0.005449412668891728,1.0,1.0,1.0,False,False,8,0.3003748509479004,continuous official CoTracker3 confidence recovered; unchanged source tracks verified,48c447ae987a7027330935145ad8d9bb90afcdc727ef4e0a7170ae6256961dea,9874c4ea5ce62ca341f4e1b913a4c40f40ea4bae2e726aa668c93711a160fa83,f81805e30c0fa864bee1e1c256000472db9b193be90a5166fafbce60c146bf52,0.9999620318412781,0.9995393753051758,0.9931031465530396,0.0,0.0,0.012246387079358101,True,-0.0028288252848947355,1.4621697453313256,1.999269381967348
T05,2,BG14,2.2941364806318907,3.264493071291817,0.006336716650086916,0.009016973390027123,1.5336824655532837,0.0042362393421079315,1.0,1.0,1.0,False,False,8,0.3003748509479004,continuous official CoTracker3 confidence recovered; unchanged source tracks verified,48c447ae987a7027330935145ad8d9bb90afcdc727ef4e0a7170ae6256961dea,9874c4ea5ce62ca341f4e1b913a4c40f40ea4bae2e726aa668c93711a160fa83,2f019c9f2ecf65bdc0aa61ea74b948111ac6fc9fbdc0c7b9e3edc5ae657a4836,0.9999637603759766,0.999705970287323,0.9954679012298584,0.0,0.0,0.012246387079358101,True,0.0036987567056521132,2.3103712478950227,1.5565201161353417
T05,0,BG15,0.7534669455436068,1.8983821708789117,0.0020811780726320292,0.005243589477781709,0.1461218297481537,0.00040360834646213146,1.0,1.0,1.0,False,False,8,0.3057340578535926,continuous official CoTracker3 confidence recovered; unchanged source tracks verified,48c447ae987a7027330935145ad8d9bb90afcdc727ef4e0a7170ae6256961dea,9874c4ea5ce62ca341f4e1b913a4c40f40ea4bae2e726aa668c93711a160fa83,71d6ad97b54100358729448f34758e00ee23a6c8b3a384cc68f55bc359bd4356,0.9999526739120483,0.9994472861289978,0.994684636592865,0.0,0.0,0.015546498820185661,True,-1.3175604581605951e-06,0.85877902247786,0.18494352321144655
T05,1,BG15,2.213532893941603,2.9197361958437185,0.0061140785925218365,0.008064708059987918,0.2615513205528259,0.0007224402827781235,1.0,1.0,1.0,False,False,8,0.3057340578535926,continuous official CoTracker3 confidence recovered; unchanged source tracks verified,48c447ae987a7027330935145ad8d9bb90afcdc727ef4e0a7170ae6256961dea,9874c4ea5ce62ca341f4e1b913a4c40f40ea4bae2e726aa668c93711a160fa83,f81805e30c0fa864bee1e1c256000472db9b193be90a5166fafbce60c146bf52,0.9999440312385559,0.9995235204696655,0.992173433303833,0.0,0.0,0.015546498820185661,True,-0.00065184781949506,2.2289390411667203,0.29725239758299343
T05,2,BG15,1.2420506446484714,1.1059424790782715,0.003430712630500222,0.0030547633849941688,0.45760577917099,0.0012639693342264093,1.0,1.0,1.0,False,False,8,0.3057340578535926,continuous official CoTracker3 confidence recovered; unchanged source tracks verified,48c447ae987a7027330935145ad8d9bb90afcdc727ef4e0a7170ae6256961dea,9874c4ea5ce62ca341f4e1b913a4c40f40ea4bae2e726aa668c93711a160fa83,2f019c9f2ecf65bdc0aa61ea74b948111ac6fc9fbdc0c7b9e3edc5ae657a4836,0.9999620318412781,0.9997518658638,0.9959574341773987,0.0,0.0,0.015546498820185661,True,0.0007927526860654196,1.2857000112536423,0.48208597165720324
