task,seed,background,frame,error_px,drift_px,valid,paired_valid
Original,0,BG0,1,0.1324413182651255,0.0,True,True
Original,0,BG0,2,0.21838687285194688,0.0,True,True
Original,0,BG0,3,0.37366768068630385,0.0,True,True
Original,0,BG0,4,0.39683873720553403,0.0,True,True
Original,0,BG0,5,0.3885532938762328,0.0,True,True
Original,0,BG0,6,0.47629944788851775,0.0,True,True
Original,0,BG0,7,0.6345125252696502,0.0,True,True
Original,0,BG0,8,0.6858764584606178,0.0,True,True
Original,0,BG0,9,1.0274307746591105,0.0,True,True
Original,0,BG0,10,1.2307874341978564,0.0,True,True
Original,0,BG0,11,1.4525269536673595,0.0,True,True
Original,0,BG0,12,1.753135424538703,0.0,True,True
Original,0,BG0,13,1.8949683434643965,0.0,True,True
Original,0,BG0,14,2.2950856684560303,0.0,True,True
Original,0,BG0,15,2.621654773189392,0.0,True,True
Original,0,BG0,16,2.760528661019434,0.0,True,True
Original,0,BG0,17,3.230491735864861,0.0,True,True
Original,0,BG0,18,3.534328475464468,0.0,True,True
Original,0,BG0,19,3.884947124058339,0.0,True,True
Original,0,BG0,20,3.9207105143664447,0.0,True,True
Original,1,BG0,1,0.3892340789413372,0.0,True,True
Original,1,BG0,2,0.25948736541701634,0.0,True,True
Original,1,BG0,3,0.0663441724464161,0.0,True,True
Original,1,BG0,4,0.18454318819406945,0.0,True,True
Original,1,BG0,5,0.30793299078293207,0.0,True,True
Original,1,BG0,6,0.36940858998876736,0.0,True,True
Original,1,BG0,7,0.4546201139594357,0.0,True,True
Original,1,BG0,8,0.91075547921803,0.0,True,True
Original,1,BG0,9,1.394241936034279,0.0,True,True
Original,1,BG0,10,1.6628695125286943,0.0,True,True
Original,1,BG0,11,2.0176537682597893,0.0,True,True
Original,1,BG0,12,2.4995859713676745,0.0,True,True
Original,1,BG0,13,2.880918575852726,0.0,True,True
Original,1,BG0,14,3.2989072477658024,0.0,True,True
Original,1,BG0,15,3.7838501175374466,0.0,True,True
Original,1,BG0,16,4.094968128499184,0.0,True,True
Original,1,BG0,17,4.499989878983283,0.0,True,True
Original,1,BG0,18,4.6684844137148165,0.0,True,True
Original,1,BG0,19,5.032422807211121,0.0,True,True
Original,1,BG0,20,5.030757776991243,0.0,True,True
Original,2,BG0,1,0.476256683494567,0.0,True,True
Original,2,BG0,2,0.45896870697478653,0.0,True,True
Original,2,BG0,3,0.29248139941499224,0.0,True,True
Original,2,BG0,4,0.3377291602146854,0.0,True,True
Original,2,BG0,5,0.2575295319506164,0.0,True,True
Original,2,BG0,6,0.2920712453540177,0.0,True,True
Original,2,BG0,7,0.11957573687923878,0.0,True,True
Original,2,BG0,8,0.2565280711800795,0.0,True,True
Original,2,BG0,9,0.5712567218331421,0.0,True,True
Original,2,BG0,10,1.040943614411554,0.0,True,True
Original,2,BG0,11,1.4039361577163474,0.0,True,True
Original,2,BG0,12,2.0683028770741023,0.0,True,True
Original,2,BG0,13,2.493312154919877,0.0,True,True
Original,2,BG0,14,2.9259312256592,0.0,True,True
Original,2,BG0,15,3.1517149822603083,0.0,True,True
Original,2,BG0,16,3.4185275302479505,0.0,True,True
Original,2,BG0,17,3.969033492254198,0.0,True,True
Original,2,BG0,18,4.354944222369398,0.0,True,True
Original,2,BG0,19,4.713666511672313,0.0,True,True
Original,2,BG0,20,4.905843991508973,0.0,True,True
Original,0,BG1,1,0.1807865284632286,0.29981204867362976,True,True
Original,0,BG1,2,0.6678795109838984,0.5638457536697388,True,True
Original,0,BG1,3,0.9345656328989439,0.6923590302467346,True,True
Original,0,BG1,4,1.1454965502148886,0.8703079223632812,True,True
Original,0,BG1,5,1.2086287201180075,1.015967607498169,True,True
Original,0,BG1,6,1.2437776303589838,1.1192286014556885,True,True
Original,0,BG1,7,1.4795918480443921,1.2557398080825806,True,True
Original,0,BG1,8,1.7157237760707713,1.3135101795196533,True,True
Original,0,BG1,9,2.372036995768971,1.5616666078567505,True,True
Original,0,BG1,10,2.9018392082639175,1.848039150238037,True,True
Original,0,BG1,11,3.6571646863841294,2.330582618713379,True,True
Original,0,BG1,12,4.186184189353619,2.585237503051758,True,True
Original,0,BG1,13,4.833903988316166,3.041334629058838,True,True
Original,0,BG1,14,5.563586191478087,3.374530076980591,True,True
Original,0,BG1,15,6.189979527424104,3.6920273303985596,True,True
Original,0,BG1,16,6.703550890517315,3.9742045402526855,True,True
Original,0,BG1,17,7.441812583972436,4.246880054473877,True,True
Original,0,BG1,18,8.193523911705233,4.685072422027588,True,True
Original,0,BG1,19,8.780690357616228,4.909668445587158,True,True
Original,0,BG1,20,9.153852432492792,5.238903522491455,True,True
Original,1,BG1,1,0.19614281158395666,0.21673162281513214,True,True
Original,1,BG1,2,0.04986307498840742,0.29833656549453735,True,True
Original,1,BG1,3,0.31768182922759625,0.36795738339424133,True,True
Original,1,BG1,4,0.5464819985250832,0.547102153301239,True,True
Original,1,BG1,5,0.8702372254448792,0.6378474831581116,True,True
Original,1,BG1,6,1.1124794122033936,0.7795120477676392,True,True
Original,1,BG1,7,1.431706848989001,0.9786743521690369,True,True
Original,1,BG1,8,1.8239305025848052,0.9189814329147339,True,True
Original,1,BG1,9,2.435084481888373,1.0414535999298096,True,True
Original,1,BG1,10,2.879351548645769,1.218671441078186,True,True
Original,1,BG1,11,3.3544990053447137,1.347341537475586,True,True
Original,1,BG1,12,3.975859022076472,1.4864784479141235,True,True
Original,1,BG1,13,4.490711440041757,1.6423938274383545,True,True
Original,1,BG1,14,4.949098637140914,1.6787338256835938,True,True
Original,1,BG1,15,5.468987977838683,1.7091442346572876,True,True
Original,1,BG1,16,5.976147521301379,1.9066025018692017,True,True
Original,1,BG1,17,6.579840607877447,2.109229326248169,True,True
Original,1,BG1,18,7.039544395166416,2.4211533069610596,True,True
Original,1,BG1,19,7.548421311139275,2.549250602722168,True,True
Original,1,BG1,20,7.750374619250595,2.765216827392578,True,True
Original,2,BG1,1,0.2837216656701394,0.1938297152519226,True,True
Original,2,BG1,2,0.29106873822739315,0.18413801491260529,True,True
Original,2,BG1,3,0.16761076392652474,0.1944921314716339,True,True
Original,2,BG1,4,0.14186570324072426,0.24362623691558838,True,True
Original,2,BG1,5,0.06422862873297215,0.23171059787273407,True,True
Original,2,BG1,6,0.04266231004113787,0.2581384479999542,True,True
Original,2,BG1,7,0.1523551046848422,0.23623576760292053,True,True
Original,2,BG1,8,0.4731772948199972,0.22198493778705597,True,True
Original,2,BG1,9,0.8883870219099712,0.3223084509372711,True,True
Original,2,BG1,10,1.402912566847082,0.3709023892879486,True,True
Original,2,BG1,11,1.8475279027126623,0.4607596695423126,True,True
Original,2,BG1,12,2.48933079836668,0.4287930727005005,True,True
Original,2,BG1,13,3.045605544121695,0.5808534026145935,True,True
Original,2,BG1,14,3.567721660171902,0.656300961971283,True,True
Original,2,BG1,15,3.9551752081952247,0.8165427446365356,True,True
Original,2,BG1,16,4.253520707022456,0.8605800271034241,True,True
Original,2,BG1,17,4.822933107066835,0.8862685561180115,True,True
Original,2,BG1,18,5.205168084206608,0.8662317991256714,True,True
Original,2,BG1,19,5.611472013705256,0.9070993065834045,True,True
Original,2,BG1,20,5.943995453709721,1.0544102191925049,True,True
Original,0,BG2,1,0.05521383373149573,0.08966989815235138,True,True
Original,0,BG2,2,0.27757990181440373,0.10207278281450272,True,True
Original,0,BG2,3,0.43104117974306216,0.10421082377433777,True,True
Original,0,BG2,4,0.5397571566003501,0.19525189697742462,True,True
Original,0,BG2,5,0.48759047066914235,0.18229342997074127,True,True
Original,0,BG2,6,0.5429835755986555,0.23849190771579742,True,True
Original,0,BG2,7,0.7131478182976136,0.2694643437862396,True,True
Original,0,BG2,8,0.7905245617865952,0.24691717326641083,True,True
Original,0,BG2,9,1.1707680129422007,0.2961841821670532,True,True
Original,0,BG2,10,1.4967388013682887,0.361287385225296,True,True
Original,0,BG2,11,1.8523090818804224,0.49065151810646057,True,True
Original,0,BG2,12,2.1947095215296377,0.5448919534683228,True,True
Original,0,BG2,13,2.4917153035815147,0.673130452632904,True,True
Original,0,BG2,14,3.066146922583518,0.843934953212738,True,True
Original,0,BG2,15,3.4649038812866704,0.934745192527771,True,True
Original,0,BG2,16,3.6500297632297327,0.9154633283615112,True,True
Original,0,BG2,17,4.176805940884953,0.9782096743583679,True,True
Original,0,BG2,18,4.648978171797446,1.1580971479415894,True,True
Original,0,BG2,19,5.061829550328068,1.1900910139083862,True,True
Original,0,BG2,20,5.283645627523307,1.3660637140274048,True,True
Original,1,BG2,1,0.35816948280770755,0.034206390380859375,True,True
Original,1,BG2,2,0.259641079869696,0.035484228283166885,True,True
Original,1,BG2,3,0.10237740436516199,0.06312079727649689,True,True
Original,1,BG2,4,0.1342306069748975,0.06673861294984818,True,True
Original,1,BG2,5,0.28817456433625,0.028858842328190804,True,True
Original,1,BG2,6,0.38574090294203867,0.038405030965805054,True,True
Original,1,BG2,7,0.47036593632144685,0.020516300573945045,True,True
Original,1,BG2,8,0.9432059214002527,0.04361966624855995,True,True
Original,1,BG2,9,1.439227850295498,0.050763167440891266,True,True
Original,1,BG2,10,1.7314494125437183,0.07115551829338074,True,True
Original,1,BG2,11,2.1031845691160687,0.08682689815759659,True,True
Original,1,BG2,12,2.601868414810661,0.1030459776520729,True,True
Original,1,BG2,13,3.005176923915568,0.13395391404628754,True,True
Original,1,BG2,14,3.4515390651666826,0.1667252480983734,True,True
Original,1,BG2,15,3.964061002072529,0.1884257197380066,True,True
Original,1,BG2,16,4.288843291458035,0.2078140527009964,True,True
Original,1,BG2,17,4.64065196988551,0.15265187621116638,True,True
Original,1,BG2,18,4.8130690873342585,0.15266509354114532,True,True
Original,1,BG2,19,5.19689165853973,0.17487852275371552,True,True
Original,1,BG2,20,5.226868422493627,0.22160030901432037,True,True
Original,2,BG2,1,0.39298306481523326,0.08396065980195999,True,True
Original,2,BG2,2,0.44112126889048137,0.04133228585124016,True,True
Original,2,BG2,3,0.2930700849701835,0.020379994064569473,True,True
Original,2,BG2,4,0.34569261218901987,0.02451840601861477,True,True
Original,2,BG2,5,0.3246302522662135,0.06719359755516052,True,True
Original,2,BG2,6,0.39408977978051213,0.1037072241306305,True,True
Original,2,BG2,7,0.24759873511328193,0.1303609013557434,True,True
Original,2,BG2,8,0.1205918426300508,0.1488034725189209,True,True
Original,2,BG2,9,0.4569307296939701,0.11455608904361725,True,True
Original,2,BG2,10,0.9227097518158943,0.11823416501283646,True,True
Original,2,BG2,11,1.2837872212896955,0.12298137694597244,True,True
Original,2,BG2,12,1.9712116656511227,0.09840497374534607,True,True
Original,2,BG2,13,2.3960604946256265,0.09750565141439438,True,True
Original,2,BG2,14,2.8177386024459268,0.10871186852455139,True,True
Original,2,BG2,15,2.9430667416056093,0.21060395240783691,True,True
Original,2,BG2,16,3.2566230891716867,0.17247015237808228,True,True
Original,2,BG2,17,3.761209159876297,0.20915134251117706,True,True
Original,2,BG2,18,4.198417006254939,0.17554937303066254,True,True
Original,2,BG2,19,4.532105318455452,0.19818998873233795,True,True
Original,2,BG2,20,4.7272341900180335,0.2016499936580658,True,True
Original,0,BG3,1,0.21816314373636594,0.329849511384964,True,True
Original,0,BG3,2,0.7403145464185182,0.626410186290741,True,True
Original,0,BG3,3,1.0571511577187163,0.8032456636428833,True,True
Original,0,BG3,4,1.2618965173102674,0.9761862754821777,True,True
Original,0,BG3,5,1.3221449633476057,1.1237914562225342,True,True
Original,0,BG3,6,1.373706843727664,1.2374399900436401,True,True
Original,0,BG3,7,1.6324512274203555,1.3862578868865967,True,True
Original,0,BG3,8,1.8623827913999722,1.4440537691116333,True,True
Original,0,BG3,9,2.56859795982919,1.7356877326965332,True,True
Original,0,BG3,10,3.1586964183740487,2.085712194442749,True,True
Original,0,BG3,11,3.959868692470877,2.621541738510132,True,True
Original,0,BG3,12,4.53672335287066,2.9187920093536377,True,True
Original,0,BG3,13,5.158791425674389,3.3577775955200195,True,True
Original,0,BG3,14,5.93300368072601,3.737156867980957,True,True
Original,0,BG3,15,6.578909980124362,4.069855690002441,True,True
Original,0,BG3,16,7.207851657641516,4.476230144500732,True,True
Original,0,BG3,17,7.9973704624231745,4.801732063293457,True,True
Original,0,BG3,18,8.794645551977514,5.284632682800293,True,True
Original,0,BG3,19,9.627564763962724,5.754830837249756,True,True
Original,0,BG3,20,10.145568122991191,6.230960845947266,True,True
Original,1,BG3,1,0.16281159973902043,0.2455470860004425,True,True
Original,1,BG3,2,0.1476853888758371,0.4069388806819916,True,True
Original,1,BG3,3,0.4255093509314688,0.47403764724731445,True,True
Original,1,BG3,4,0.6675104072165603,0.6821673512458801,True,True
Original,1,BG3,5,1.0174379736058743,0.7977429628372192,True,True
Original,1,BG3,6,1.2805368129112387,0.9532832503318787,True,True
Original,1,BG3,7,1.6504130586993886,1.196682333946228,True,True
Original,1,BG3,8,2.066233844753623,1.1603868007659912,True,True
Original,1,BG3,9,2.6525078145266,1.2588564157485962,True,True
Original,1,BG3,10,3.112048936207171,1.4507758617401123,True,True
Original,1,BG3,11,3.6154905535475415,1.6056472063064575,True,True
Original,1,BG3,12,4.228244642580417,1.7338135242462158,True,True
Original,1,BG3,13,4.753767258259667,1.8974648714065552,True,True
Original,1,BG3,14,5.173228554464335,1.8936786651611328,True,True
Original,1,BG3,15,5.760564804660068,1.989833116531372,True,True
Original,1,BG3,16,6.315908087844592,2.2372663021087646,True,True
Original,1,BG3,17,6.908054146587441,2.427523374557495,True,True
Original,1,BG3,18,7.410315628151423,2.776921033859253,True,True
Original,1,BG3,19,7.8846315756590934,2.8726139068603516,True,True
Original,1,BG3,20,8.160660669276124,3.164794921875,True,True
Original,2,BG3,1,0.2255000066768516,0.2512417137622833,True,True
Original,2,BG3,2,0.2157475891907636,0.2705773413181305,True,True
Original,2,BG3,3,0.18124274669769178,0.27325400710105896,True,True
Original,2,BG3,4,0.12937099537159027,0.36905527114868164,True,True
Original,2,BG3,5,0.13559676354929684,0.36877208948135376,True,True
Original,2,BG3,6,0.07382671144897868,0.36494848132133484,True,True
Original,2,BG3,7,0.31979619615049615,0.4134396016597748,True,True
Original,2,BG3,8,0.6116102178873446,0.35875841975212097,True,True
Original,2,BG3,9,0.9948829961894237,0.42801034450531006,True,True
Original,2,BG3,10,1.4945686864982801,0.4624619781970978,True,True
Original,2,BG3,11,1.9836001728630812,0.5936563611030579,True,True
Original,2,BG3,12,2.628674949696745,0.5673906207084656,True,True
Original,2,BG3,13,3.187452503715222,0.7187020182609558,True,True
Original,2,BG3,14,3.722461314893287,0.8048907518386841,True,True
Original,2,BG3,15,4.1431247023034015,1.0011911392211914,True,True
Original,2,BG3,16,4.484580050301197,1.083519458770752,True,True
Original,2,BG3,17,5.058103869851889,1.1044975519180298,True,True
Original,2,BG3,18,5.526200886849597,1.1764339208602905,True,True
Original,2,BG3,19,5.921000481766612,1.2088373899459839,True,True
Original,2,BG3,20,6.293396533515341,1.3923853635787964,True,True
Original,0,BG4,1,0.15249765372749308,0.26266080141067505,True,True
Original,0,BG4,2,0.6121438839383156,0.4959894120693207,True,True
Original,0,BG4,3,0.8577442032213086,0.5957817435264587,True,True
Original,0,BG4,4,1.036204406541667,0.7411311268806458,True,True
Original,0,BG4,5,1.0794546735534178,0.8667953610420227,True,True
Original,0,BG4,6,1.0953553425532097,0.9421314597129822,True,True
Original,0,BG4,7,1.3471159544908302,1.0863077640533447,True,True
Original,0,BG4,8,1.5779135624149316,1.1500314474105835,True,True
Original,0,BG4,9,2.152295854151808,1.322523832321167,True,True
Original,0,BG4,10,2.6724916107042462,1.607150912284851,True,True
Original,0,BG4,11,3.4100313297929747,2.083991765975952,True,True
Original,0,BG4,12,3.9141682121029033,2.310351848602295,True,True
Original,0,BG4,13,4.565420331250688,2.775355100631714,True,True
Original,0,BG4,14,5.288381667660187,3.103285551071167,True,True
Original,0,BG4,15,5.9050922957687115,3.412954807281494,True,True
Original,0,BG4,16,6.375745358139956,3.6478192806243896,True,True
Original,0,BG4,17,7.046422561436972,3.8587605953216553,True,True
Original,0,BG4,18,7.800564929228447,4.299386501312256,True,True
Original,0,BG4,19,8.293100053463826,4.428704738616943,True,True
Original,0,BG4,20,8.696368874203186,4.784276485443115,True,True
Original,1,BG4,1,0.2171421427422922,0.1774192899465561,True,True
Original,1,BG4,2,0.016229911477666732,0.2649276554584503,True,True
Original,1,BG4,3,0.2937657394886578,0.3364388346672058,True,True
Original,1,BG4,4,0.4932493068395582,0.5001671314239502,True,True
Original,1,BG4,5,0.800334583770493,0.5761384963989258,True,True
Original,1,BG4,6,1.077658104176276,0.7496813535690308,True,True
Original,1,BG4,7,1.3475689686111352,0.8963719606399536,True,True
Original,1,BG4,8,1.712407073824751,0.8072308301925659,True,True
Original,1,BG4,9,2.3153411252074205,0.9218061566352844,True,True
Original,1,BG4,10,2.7644960701988914,1.1032817363739014,True,True
Original,1,BG4,11,3.2430396925423195,1.2323739528656006,True,True
Original,1,BG4,12,3.8557751388047157,1.3609614372253418,True,True
Original,1,BG4,13,4.391314884243949,1.5320249795913696,True,True
Original,1,BG4,14,4.768095486275595,1.4882540702819824,True,True
Original,1,BG4,15,5.374325416828032,1.6022975444793701,True,True
Original,1,BG4,16,5.886391794476325,1.8070634603500366,True,True
Original,1,BG4,17,6.514362622982797,2.035008192062378,True,True
Original,1,BG4,18,6.974020428834118,2.3410022258758545,True,True
Original,1,BG4,19,7.537835425111378,2.5286221504211426,True,True
Original,1,BG4,20,7.744495735345947,2.7491962909698486,True,True
Original,2,BG4,1,0.2755458127306248,0.20355190336704254,True,True
Original,2,BG4,2,0.31013004745479494,0.17908433079719543,True,True
Original,2,BG4,3,0.21551557758075446,0.17821678519248962,True,True
Original,2,BG4,4,0.18276854854129074,0.2083483785390854,True,True
Original,2,BG4,5,0.1069350460460152,0.22218012809753418,True,True
Original,2,BG4,6,0.07529817815089662,0.2224743813276291,True,True
Original,2,BG4,7,0.150651265868114,0.21815679967403412,True,True
Original,2,BG4,8,0.451344462963939,0.19501735270023346,True,True
Original,2,BG4,9,0.8563424267710309,0.29542478919029236,True,True
Original,2,BG4,10,1.354049069817786,0.32647740840911865,True,True
Original,2,BG4,11,1.8187099223266618,0.4328245222568512,True,True
Original,2,BG4,12,2.478270425477979,0.4196678400039673,True,True
Original,2,BG4,13,3.009112951525673,0.543364405632019,True,True
Original,2,BG4,14,3.530643880847972,0.6140374541282654,True,True
Original,2,BG4,15,3.950431590062689,0.8094398975372314,True,True
Original,2,BG4,16,4.26267779164556,0.8625454306602478,True,True
Original,2,BG4,17,4.838176683440765,0.8871002197265625,True,True
Original,2,BG4,18,5.239691222776132,0.8907750844955444,True,True
Original,2,BG4,19,5.673991166655465,0.9641205668449402,True,True
Original,2,BG4,20,6.050740773791524,1.1548056602478027,True,True
Original,0,BG5,1,0.4787999471668425,0.5831846594810486,True,True
Original,0,BG5,2,1.1793581559326973,1.0617676973342896,True,True
Original,0,BG5,3,1.706729913985216,1.452035665512085,True,True
Original,0,BG5,4,2.1520041157618013,1.8657463788986206,True,True
Original,0,BG5,5,2.3848645545973115,2.1847283840179443,True,True
Original,0,BG5,6,2.674633077892298,2.561706304550171,True,True
Original,0,BG5,7,3.199516010170544,2.980534076690674,True,True
Original,0,BG5,8,3.6574989802540068,3.2857980728149414,True,True
Original,0,BG5,9,4.659286026763677,3.8593406677246094,True,True
Original,0,BG5,10,5.627222886701638,4.584206581115723,True,True
Original,0,BG5,11,6.707610037857331,5.383829593658447,True,True
Original,0,BG5,12,7.779382301803209,6.169074058532715,True,True
Original,0,BG5,13,8.843659441278195,7.055239677429199,True,True
Original,0,BG5,14,9.945631334080236,7.748013973236084,True,True
Original,0,BG5,15,11.076113069635586,8.556055068969727,True,True
Original,0,BG5,16,12.303437558991835,9.573996543884277,True,True
Original,0,BG5,17,13.714810092243665,10.512627601623535,True,True
Original,0,BG5,18,15.596104681493248,12.078094482421875,True,True
Original,0,BG5,19,17.515604403402456,13.637470245361328,True,True
Original,0,BG5,20,19.354862404897812,15.434913635253906,True,True
Original,1,BG5,1,0.21154376261034677,0.5991147756576538,True,True
Original,1,BG5,2,0.6591962511032792,0.9158899188041687,True,True
Original,1,BG5,3,1.0260549791432734,1.0692229270935059,True,True
Original,1,BG5,4,1.3224639581292308,1.3668221235275269,True,True
Original,1,BG5,5,1.8271545786596586,1.6485710144042969,True,True
Original,1,BG5,6,2.1524303475629325,1.853869915008545,True,True
Original,1,BG5,7,2.600444189637191,2.1547093391418457,True,True
Original,1,BG5,8,3.143429362825416,2.2328200340270996,True,True
Original,1,BG5,9,3.6922103832942694,2.3036959171295166,True,True
Original,1,BG5,10,4.225845634951995,2.576326847076416,True,True
Original,1,BG5,11,4.831015117756064,2.848797082901001,True,True
Original,1,BG5,12,5.566872512359654,3.112438440322876,True,True
Original,1,BG5,13,6.380917644784449,3.5821797847747803,True,True
Original,1,BG5,14,7.190503638547397,3.9790799617767334,True,True
Original,1,BG5,15,7.795223176929285,4.099299907684326,True,True
Original,1,BG5,16,8.418332977113298,4.407901287078857,True,True
Original,1,BG5,17,9.148305133741005,4.760349273681641,True,True
Original,1,BG5,18,9.837545446575426,5.305609703063965,True,True
Original,1,BG5,19,10.451860650861763,5.496144771575928,True,True
Original,1,BG5,20,10.735110163210688,5.802456378936768,True,True
Original,2,BG5,1,0.029659499226506923,0.5016688704490662,True,True
Original,2,BG5,2,0.26003958260166055,0.6973577737808228,True,True
Original,2,BG5,3,0.5712015653220952,0.8115818500518799,True,True
Original,2,BG5,4,0.7736675822608134,1.0839570760726929,True,True
Original,2,BG5,5,0.860641954058724,1.1143091917037964,True,True
Original,2,BG5,6,0.8844179432385684,1.1764742136001587,True,True
Original,2,BG5,7,1.2178198513307548,1.324034333229065,True,True
Original,2,BG5,8,1.5944590428751697,1.3521218299865723,True,True
Original,2,BG5,9,2.0199318667121755,1.4562429189682007,True,True
Original,2,BG5,10,2.6859178835478295,1.6523189544677734,True,True
Original,2,BG5,11,3.2863244479833678,1.9007840156555176,True,True
Original,2,BG5,12,4.123473820317054,2.0814731121063232,True,True
Original,2,BG5,13,4.563689651709452,2.125434398651123,True,True
Original,2,BG5,14,5.290407835893999,2.3880374431610107,True,True
Original,2,BG5,15,5.923405398983625,2.7940495014190674,True,True
Original,2,BG5,16,6.3426726778677445,2.9704971313476562,True,True
Original,2,BG5,17,6.987017241421921,3.0894672870635986,True,True
Original,2,BG5,18,7.710657380430024,3.4108223915100098,True,True
Original,2,BG5,19,8.230769805818847,3.5449657440185547,True,True
Original,2,BG5,20,8.760775681397407,3.8864052295684814,True,True
Original,0,BG6,1,0.47767891148315245,0.5809895992279053,True,True
Original,0,BG6,2,1.3139749201744317,1.1917314529418945,True,True
Original,0,BG6,3,2.160476293321609,1.8953099250793457,True,True
Original,0,BG6,4,3.118475691049249,2.8193740844726562,True,True
Original,0,BG6,5,4.131847179073247,3.92663836479187,True,True
Original,0,BG6,6,5.4308396264116485,5.31430721282959,True,True
Original,0,BG6,7,7.095112907203913,6.875229358673096,True,True
Original,0,BG6,8,9.033363268013874,8.638631820678711,True,True
Original,0,BG6,9,11.228201052294457,10.39311695098877,True,True
Original,0,BG6,10,13.785265204969424,12.708378791809082,True,True
Original,0,BG6,11,16.505342676200325,15.151190757751465,True,True
Original,0,BG6,12,19.484052695220416,17.82282066345215,True,True
Original,0,BG6,13,22.74266085473481,20.905136108398438,True,True
Original,0,BG6,14,26.16685851394272,23.927597045898438,True,True
Original,0,BG6,15,29.696781357615674,27.14048957824707,True,True
Original,0,BG6,16,33.151530196049684,30.405658721923828,True,True
Original,0,BG6,17,36.522058577016075,33.308494567871094,True,True
Original,0,BG6,18,39.75655423701581,36.23596954345703,True,True
Original,0,BG6,19,42.9698596129682,39.09176254272461,True,True
Original,0,BG6,20,46.07568867532135,42.15748977661133,True,True
Original,1,BG6,1,0.1786593038007369,0.5589134097099304,True,True
Original,1,BG6,2,0.7570174223545093,1.0156052112579346,True,True
Original,1,BG6,3,1.387069983152545,1.4334096908569336,True,True
Original,1,BG6,4,1.9584003511713497,1.9956990480422974,True,True
Original,1,BG6,5,2.7977332788793143,2.6210122108459473,True,True
Original,1,BG6,6,3.631505795467399,3.3329098224639893,True,True
Original,1,BG6,7,4.4425316221727735,3.9972667694091797,True,True
Original,1,BG6,8,5.537843880504669,4.62717866897583,True,True
Original,1,BG6,9,6.515545271454235,5.126805782318115,True,True
Original,1,BG6,10,7.715224360033857,6.062520503997803,True,True
Original,1,BG6,11,9.091142067401167,7.101008892059326,True,True
Original,1,BG6,12,10.809092943843325,8.348540306091309,True,True
Original,1,BG6,13,12.69737205612455,9.900100708007812,True,True
Original,1,BG6,14,14.59371967571508,11.385608673095703,True,True
Original,1,BG6,15,16.442746719512538,12.739962577819824,True,True
Original,1,BG6,16,18.337685771313925,14.325921058654785,True,True
Original,1,BG6,17,20.319345564540452,15.939095497131348,True,True
Original,1,BG6,18,22.136750052865775,17.610458374023438,True,True
Original,1,BG6,19,23.845580685144586,18.908594131469727,True,True
Original,1,BG6,20,25.371759362714464,20.454652786254883,True,True
Original,2,BG6,1,0.29448105309463624,0.770319938659668,True,True
Original,2,BG6,2,0.971297046618154,1.4235343933105469,True,True
Original,2,BG6,3,1.7459029199963954,2.005816698074341,True,True
Original,2,BG6,4,2.5693407426304926,2.889864683151245,True,True
Original,2,BG6,5,3.464210436393998,3.7181215286254883,True,True
Original,2,BG6,6,4.471132925937438,4.7631144523620605,True,True
Original,2,BG6,7,5.6661011872071265,5.772014617919922,True,True
Original,2,BG6,8,7.124625790355669,6.884121894836426,True,True
Original,2,BG6,9,8.634879259498973,8.077508926391602,True,True
Original,2,BG6,10,10.522560501512276,9.497166633605957,True,True
Original,2,BG6,11,12.691496987794352,11.31511402130127,True,True
Original,2,BG6,12,15.157861557229296,13.123394966125488,True,True
Original,2,BG6,13,17.576021767116945,15.140910148620605,True,True
Original,2,BG6,14,20.09526584539681,17.195070266723633,True,True
Original,2,BG6,15,22.735391592635015,19.60491371154785,True,True
Original,2,BG6,16,25.24315307314625,21.85931968688965,True,True
Original,2,BG6,17,27.948878315042872,24.043825149536133,True,True
Original,2,BG6,18,30.693176725777064,26.386804580688477,True,True
Original,2,BG6,19,33.43067718408474,28.741092681884766,True,True
Original,2,BG6,20,36.05745391181628,31.188825607299805,True,True
Original,0,BG7,1,0.20479063533221645,0.3156045079231262,True,True
Original,0,BG7,2,0.693406898574932,0.5939769744873047,True,True
Original,0,BG7,3,1.0179926037324607,0.7888317704200745,True,True
Original,0,BG7,4,1.2844641626379558,1.01410973072052,True,True
Original,0,BG7,5,1.4535984620620945,1.2610586881637573,True,True
Original,0,BG7,6,1.6632153609642268,1.5378594398498535,True,True
Original,0,BG7,7,1.917726680129248,1.672610878944397,True,True
Original,0,BG7,8,2.2469387179330593,1.8350393772125244,True,True
Original,0,BG7,9,2.8552172338132746,2.0141959190368652,True,True
Original,0,BG7,10,3.549809598314818,2.4660468101501465,True,True
Original,0,BG7,11,4.529024059731369,3.1622860431671143,True,True
Original,0,BG7,12,5.2627123734709675,3.6120078563690186,True,True
Original,0,BG7,13,6.0610731147858745,4.244315147399902,True,True
Original,0,BG7,14,7.180592795106336,4.951418399810791,True,True
Original,0,BG7,15,8.074121270742271,5.5183000564575195,True,True
Original,0,BG7,16,8.957577986085264,6.209631443023682,True,True
Original,0,BG7,17,10.132265316860924,6.915735721588135,True,True
Original,0,BG7,18,11.470173153219942,7.939557075500488,True,True
Original,0,BG7,19,12.679799822168304,8.795589447021484,True,True
Original,0,BG7,20,13.487909728162823,9.567254066467285,True,True
Original,1,BG7,1,0.21368646677077732,0.1841028481721878,True,True
Original,1,BG7,2,0.015917710171740287,0.27496227622032166,True,True
Original,1,BG7,3,0.3141122830696104,0.36222273111343384,True,True
Original,1,BG7,4,0.43836972196965185,0.43690162897109985,True,True
Original,1,BG7,5,0.7250967777087955,0.49663475155830383,True,True
Original,1,BG7,6,1.043599506729907,0.7094926238059998,True,True
Original,1,BG7,7,1.1950029543577996,0.7423592805862427,True,True
Original,1,BG7,8,1.4893883132818473,0.5881998538970947,True,True
Original,1,BG7,9,1.864191188582059,0.4733891189098358,True,True
Original,1,BG7,10,2.2432087938370344,0.5809902548789978,True,True
Original,1,BG7,11,2.653833958151632,0.6369984149932861,True,True
Original,1,BG7,12,3.0766771946575684,0.5774141550064087,True,True
Original,1,BG7,13,3.4251433277295273,0.5501025915145874,True,True
Original,1,BG7,14,3.8107760558719823,0.523173987865448,True,True
Original,1,BG7,15,4.257653561049135,0.4813510477542877,True,True
Original,1,BG7,16,4.6259786932050035,0.5361518859863281,True,True
Original,1,BG7,17,5.0324545379474275,0.5372646450996399,True,True
Original,1,BG7,18,5.342248495585482,0.7083775997161865,True,True
Original,1,BG7,19,5.747147747210036,0.7341869473457336,True,True
Original,1,BG7,20,5.724846038523258,0.733924388885498,True,True
Original,2,BG7,1,0.3542871126485048,0.1377069056034088,True,True
Original,2,BG7,2,0.3366067779926757,0.1601526290178299,True,True
Original,2,BG7,3,0.20686194293132146,0.17648352682590485,True,True
Original,2,BG7,4,0.25175590990076246,0.12914033234119415,True,True
Original,2,BG7,5,0.11057632003919889,0.1677699089050293,True,True
Original,2,BG7,6,0.10392406666616481,0.1968085616827011,True,True
Original,2,BG7,7,0.14877024710090792,0.21878056228160858,True,True
Original,2,BG7,8,0.28625973235847196,0.03048454038798809,True,True
Original,2,BG7,9,0.6523082661868194,0.08889390528202057,True,True
Original,2,BG7,10,1.1699009959236961,0.1392000913619995,True,True
Original,2,BG7,11,1.608368535831988,0.22980129718780518,True,True
Original,2,BG7,12,2.253918167573136,0.18650883436203003,True,True
Original,2,BG7,13,2.825043812879667,0.3488413691520691,True,True
Original,2,BG7,14,3.4041180575611825,0.49405139684677124,True,True
Original,2,BG7,15,3.7481304205176094,0.6231652498245239,True,True
Original,2,BG7,16,4.08511698734105,0.6988823413848877,True,True
Original,2,BG7,17,4.579541887580817,0.6413879990577698,True,True
Original,2,BG7,18,5.045307930888704,0.7195624113082886,True,True
Original,2,BG7,19,5.4821570031737465,0.7792611718177795,True,True
Original,2,BG7,20,5.786498257388549,0.9050877690315247,True,True
Original,0,BG8,1,0.48355352391293405,0.41887572407722473,True,True
Original,0,BG8,2,0.9572224765117981,0.7545856237411499,True,True
Original,0,BG8,3,2.062878856394346,1.7560830116271973,True,True
Original,0,BG8,4,3.665731353290877,3.3532469272613525,True,True
Original,0,BG8,5,5.235881378505678,5.025762557983398,True,True
Original,0,BG8,6,7.41235432468621,7.299137592315674,True,True
Original,0,BG8,7,10.08376910150756,9.881174087524414,True,True
Original,0,BG8,8,13.350621654214157,12.97852897644043,True,True
Original,0,BG8,9,16.985689790196904,16.194852828979492,True,True
Original,0,BG8,10,21.017128648064887,19.983549118041992,True,True
Original,0,BG8,11,25.354762579742737,24.037710189819336,True,True
Original,0,BG8,12,29.605241343219387,27.97988510131836,True,True
Original,0,BG8,13,33.72485734449066,31.9119873046875,True,True
Original,0,BG8,14,38.102263369556056,35.882911682128906,True,True
Original,0,BG8,15,43.318887079923,40.77690124511719,True,True
Original,0,BG8,16,48.43923062523398,45.69867706298828,True,True
Original,0,BG8,17,53.40808852135352,50.20085144042969,True,True
Original,0,BG8,18,58.222347525703974,54.706058502197266,True,True
Original,0,BG8,19,63.176685627306775,59.30303955078125,True,True
Original,0,BG8,20,67.79802617646264,63.88276290893555,True,True
Original,1,BG8,1,0.48803802682608965,0.8762404322624207,True,True
Original,1,BG8,2,1.4362247136448885,1.6887661218643188,True,True
Original,1,BG8,3,2.4400845460263354,2.4797346591949463,True,True
Original,1,BG8,4,3.632186323274827,3.6947591304779053,True,True
Original,1,BG8,5,5.22868247693123,5.084161281585693,True,True
Original,1,BG8,6,7.1699625283436506,6.895362377166748,True,True
Original,1,BG8,7,9.511983307024655,9.075517654418945,True,True
Original,1,BG8,8,11.95399213116862,11.048473358154297,True,True
Original,1,BG8,9,14.65588768302493,13.28371524810791,True,True
Original,1,BG8,10,17.635576135403497,16.003814697265625,True,True
Original,1,BG8,11,20.77571379527326,18.814125061035156,True,True
Original,1,BG8,12,23.977505325951277,21.54620361328125,True,True
Original,1,BG8,13,27.51467783954154,24.74569320678711,True,True
Original,1,BG8,14,31.39866133788234,28.203393936157227,True,True
Original,1,BG8,15,35.612513683736154,31.918550491333008,True,True
Original,1,BG8,16,39.76147197478088,35.7593994140625,True,True
Original,1,BG8,17,43.58671621585554,39.205238342285156,True,True
Original,1,BG8,18,47.6544296853922,43.11471939086914,True,True
Original,1,BG8,19,51.5051111995374,46.55833435058594,True,True
Original,1,BG8,20,55.29165294811555,50.35401916503906,True,True
Original,2,BG8,1,0.5242880517585001,0.33450421690940857,True,True
Original,2,BG8,2,0.3251263244855302,0.6553089618682861,True,True
Original,2,BG8,3,0.9739906309777102,1.2182682752609253,True,True
Original,2,BG8,4,2.3351746486641196,2.660670042037964,True,True
Original,2,BG8,5,3.8338971676629408,4.090339183807373,True,True
Original,2,BG8,6,6.162839732037946,6.454483509063721,True,True
Original,2,BG8,7,8.846514724551863,8.955642700195312,True,True
Original,2,BG8,8,12.26944491087128,12.031869888305664,True,True
Original,2,BG8,9,16.29477287302514,15.734560012817383,True,True
Original,2,BG8,10,20.351943396237616,19.32232093811035,True,True
Original,2,BG8,11,24.967485083930992,23.58602523803711,True,True
Original,2,BG8,12,29.900412395354575,27.861509323120117,True,True
Original,2,BG8,13,34.59106128431693,32.15372848510742,True,True
Original,2,BG8,14,39.26022196961728,36.35940933227539,True,True
Original,2,BG8,15,44.25494232746817,41.12799072265625,True,True
Original,2,BG8,16,49.258620307301584,45.88784408569336,True,True
Original,2,BG8,17,54.14422052899875,50.251014709472656,True,True
Original,2,BG8,18,59.45502537693675,55.157989501953125,True,True
Original,2,BG8,19,64.66076025702577,59.977909088134766,True,True
Original,2,BG8,20,69.34335049875841,64.479736328125,True,True
Original,0,BG9,1,0.42973419964730436,0.5382643342018127,True,True
Original,0,BG9,2,1.215268894886797,1.0960488319396973,True,True
Original,0,BG9,3,1.984216296784903,1.7228888273239136,True,True
Original,0,BG9,4,2.8079608178326865,2.5190699100494385,True,True
Original,0,BG9,5,3.5431870949153876,3.352884531021118,True,True
Original,0,BG9,6,4.505048272964054,4.403982162475586,True,True
Original,0,BG9,7,5.76173220848628,5.563743591308594,True,True
Original,0,BG9,8,7.234133625180456,6.864180088043213,True,True
Original,0,BG9,9,8.816231969172398,8.013455390930176,True,True
Original,0,BG9,10,10.698817451765425,9.652551651000977,True,True
Original,0,BG9,11,12.750720037430677,11.41884708404541,True,True
Original,0,BG9,12,14.969873161266614,13.339043617248535,True,True
Original,0,BG9,13,17.442492921581767,15.630784034729004,True,True
Original,0,BG9,14,20.167789378177968,17.95603370666504,True,True
Original,0,BG9,15,22.997587079397626,20.462326049804688,True,True
Original,0,BG9,16,25.891307334698748,23.157817840576172,True,True
Original,0,BG9,17,28.833911283025078,25.636911392211914,True,True
Original,0,BG9,18,32.00441420898719,28.497169494628906,True,True
Original,0,BG9,19,35.10465162783431,31.238231658935547,True,True
Original,0,BG9,20,37.86187098598685,33.95068359375,True,True
Original,1,BG9,1,0.12425095335310374,0.4995897710323334,True,True
Original,1,BG9,2,0.6739662207118117,0.9309214949607849,True,True
Original,1,BG9,3,1.2000373120822307,1.2438042163848877,True,True
Original,1,BG9,4,1.687200253974029,1.72183358669281,True,True
Original,1,BG9,5,2.4401309342022395,2.261077404022217,True,True
Original,1,BG9,6,3.245515367065425,2.9442436695098877,True,True
Original,1,BG9,7,4.04917870678279,3.6018121242523193,True,True
Original,1,BG9,8,5.052271080028893,4.141632080078125,True,True
Original,1,BG9,9,5.864425747357642,4.472988128662109,True,True
Original,1,BG9,10,7.017861782972255,5.361656665802002,True,True
Original,1,BG9,11,8.29832046173051,6.301455020904541,True,True
Original,1,BG9,12,9.873747303311369,7.402384281158447,True,True
Original,1,BG9,13,11.664585577572325,8.85447883605957,True,True
Original,1,BG9,14,13.421076653545528,10.200907707214355,True,True
Original,1,BG9,15,15.222962082165349,11.51010513305664,True,True
Original,1,BG9,16,16.922373737620507,12.896595001220703,True,True
Original,1,BG9,17,18.756123428291183,14.353363990783691,True,True
Original,1,BG9,18,20.594866985072475,16.046695709228516,True,True
Original,1,BG9,19,22.45249782147035,17.50078010559082,True,True
Original,1,BG9,20,23.956472899504387,19.01972007751465,True,True
Original,2,BG9,1,0.2878251813138266,0.7638617753982544,True,True
Original,2,BG9,2,0.9406181402429497,1.3936004638671875,True,True
Original,2,BG9,3,1.6888434526569283,1.9507756233215332,True,True
Original,2,BG9,4,2.4870203484595272,2.8090381622314453,True,True
Original,2,BG9,5,3.311586961398245,3.5663444995880127,True,True
Original,2,BG9,6,4.296417105573249,4.588446617126465,True,True
Original,2,BG9,7,5.428222144077233,5.535093307495117,True,True
Original,2,BG9,8,6.825529562189844,6.58649206161499,True,True
Original,2,BG9,9,8.149192570542148,7.589697360992432,True,True
Original,2,BG9,10,9.90007509949214,8.8715238571167,True,True
Original,2,BG9,11,11.805376093960746,10.42265796661377,True,True
Original,2,BG9,12,13.993040892276673,11.950201988220215,True,True
Original,2,BG9,13,16.1675403401987,13.723616600036621,True,True
Original,2,BG9,14,18.211966069776302,15.30422306060791,True,True
Original,2,BG9,15,20.41513494899818,17.276287078857422,True,True
Original,2,BG9,16,22.79590789569655,19.401336669921875,True,True
Original,2,BG9,17,24.92391651723833,21.004547119140625,True,True
Original,2,BG9,18,27.270021594484632,22.954017639160156,True,True
Original,2,BG9,19,29.746582310025577,25.051572799682617,True,True
Original,2,BG9,20,32.17367678105571,27.299182891845703,True,True
Original,0,BG10,1,0.518198445549945,0.6143866181373596,True,True
Original,0,BG10,2,1.4683153754989422,1.3425915241241455,True,True
Original,0,BG10,3,2.578788901924573,2.323927879333496,True,True
Original,0,BG10,4,4.121163775261893,3.838153123855591,True,True
Original,0,BG10,5,5.576180330815074,5.386331558227539,True,True
Original,0,BG10,6,7.626634728094886,7.5276970863342285,True,True
Original,0,BG10,7,10.128873410742518,9.9324369430542,True,True
Original,0,BG10,8,13.151447323786533,12.787793159484863,True,True
Original,0,BG10,9,16.334237649873785,15.543327331542969,True,True
Original,0,BG10,10,19.949388574431016,18.91737937927246,True,True
Original,0,BG10,11,23.76735741670814,22.454978942871094,True,True
Original,0,BG10,12,27.83987023911962,26.222312927246094,True,True
Original,0,BG10,13,31.7435335972012,29.933534622192383,True,True
Original,0,BG10,14,35.94370782588146,33.726905822753906,True,True
Original,0,BG10,15,40.56920415627517,38.02852249145508,True,True
Original,0,BG10,16,45.27554954324255,42.536869049072266,True,True
Original,0,BG10,17,49.33802887475143,46.13445281982422,True,True
Original,0,BG10,18,53.52017867897858,50.00568771362305,True,True
Original,0,BG10,19,57.64659853789684,53.773826599121094,True,True
Original,0,BG10,20,61.55504084620924,57.64064407348633,True,True
Original,1,BG10,1,0.3916828796173482,0.7797721028327942,True,True
Original,1,BG10,2,1.2668708854895592,1.5245733261108398,True,True
Original,1,BG10,3,2.2098513391410624,2.2552950382232666,True,True
Original,1,BG10,4,3.2703422517500687,3.3115766048431396,True,True
Original,1,BG10,5,4.793736949453382,4.630396366119385,True,True
Original,1,BG10,6,6.586531703052007,6.300306797027588,True,True
Original,1,BG10,7,8.692391428263985,8.250082969665527,True,True
Original,1,BG10,8,10.902231239067056,9.992941856384277,True,True
Original,1,BG10,9,13.296643372115986,11.913227081298828,True,True
Original,1,BG10,10,15.877595341228938,14.232123374938965,True,True
Original,1,BG10,11,18.647018142910138,16.661865234375,True,True
Original,1,BG10,12,21.467496390218045,19.00697135925293,True,True
Original,1,BG10,13,24.325008737106863,21.519351959228516,True,True
Original,1,BG10,14,27.37419005711924,24.148590087890625,True,True
Original,1,BG10,15,30.56321611498624,26.84276580810547,True,True
Original,1,BG10,16,33.73144093131067,29.697509765625,True,True
Original,1,BG10,17,37.036768414064596,32.62541580200195,True,True
Original,1,BG10,18,40.51849495636894,35.950035095214844,True,True
Original,1,BG10,19,43.62332279050459,38.65342330932617,True,True
Original,1,BG10,20,46.699203872259176,41.74624252319336,True,True
Original,2,BG10,1,0.2564849809772565,0.7276910543441772,True,True
Original,2,BG10,2,0.9597918217781173,1.4078763723373413,True,True
Original,2,BG10,3,1.8121514672601147,2.069164991378784,True,True
Original,2,BG10,4,2.8704113643835805,3.1915857791900635,True,True
Original,2,BG10,5,4.1197921473171135,4.37459135055542,True,True
Original,2,BG10,6,6.1095965055798285,6.401666164398193,True,True
Original,2,BG10,7,8.519913355926251,8.626651763916016,True,True
Original,2,BG10,8,11.57683733877182,11.337224006652832,True,True
Original,2,BG10,9,14.896322892204367,14.337453842163086,True,True
Original,2,BG10,10,18.648348127027063,17.62006378173828,True,True
Original,2,BG10,11,22.92188138761697,21.540756225585938,True,True
Original,2,BG10,12,27.246679048493988,25.20587158203125,True,True
Original,2,BG10,13,31.354047737045413,28.916566848754883,True,True
Original,2,BG10,14,35.674965166453504,32.775535583496094,True,True
Original,2,BG10,15,40.46765107191072,37.34036636352539,True,True
Original,2,BG10,16,45.45743290011354,42.083927154541016,True,True
Original,2,BG10,17,50.081417474699116,46.18620681762695,True,True
Original,2,BG10,18,54.803487379216506,50.51026153564453,True,True
Original,2,BG10,19,59.44902101599229,54.76708221435547,True,True
Original,2,BG10,20,63.818038709132445,58.95473098754883,True,True
Original,0,BG11,1,0.39229738292301075,0.49681106209754944,True,True
Original,0,BG11,2,1.1684109320374088,1.048834204673767,True,True
Original,0,BG11,3,1.9448059946711078,1.6855393648147583,True,True
Original,0,BG11,4,2.8031501251711597,2.515214681625366,True,True
Original,0,BG11,5,3.6908061338970297,3.5059313774108887,True,True
Original,0,BG11,6,4.771401631967148,4.677006244659424,True,True
Original,0,BG11,7,6.127939052441848,5.937256813049316,True,True
Original,0,BG11,8,7.671716377141919,7.308928489685059,True,True
Original,0,BG11,9,9.45249450043736,8.655793190002441,True,True
Original,0,BG11,10,11.415438483263474,10.374251365661621,True,True
Original,0,BG11,11,13.54938915785207,12.222603797912598,True,True
Original,0,BG11,12,15.965239378460703,14.339009284973145,True,True
Original,0,BG11,13,18.56037756231257,16.752094268798828,True,True
Original,0,BG11,14,21.292311907595685,19.081995010375977,True,True
Original,0,BG11,15,24.151585336617906,21.617427825927734,True,True
Original,0,BG11,16,27.02585827572527,24.293054580688477,True,True
Original,0,BG11,17,29.961316654063086,26.764263153076172,True,True
Original,0,BG11,18,33.02228952350678,29.513490676879883,True,True
Original,0,BG11,19,35.91052856403593,32.04301071166992,True,True
Original,0,BG11,20,38.56845032079176,34.657039642333984,True,True
Original,1,BG11,1,0.12079070043378232,0.487264484167099,True,True
Original,1,BG11,2,0.6867351886125266,0.9458242058753967,True,True
Original,1,BG11,3,1.24980866464253,1.2972774505615234,True,True
Original,1,BG11,4,1.8204363587664494,1.8461261987686157,True,True
Original,1,BG11,5,2.61512221451101,2.429030656814575,True,True
Original,1,BG11,6,3.424115348306778,3.120607376098633,True,True
Original,1,BG11,7,4.293344028535989,3.8456015586853027,True,True
Original,1,BG11,8,5.332770930178026,4.422142028808594,True,True
Original,1,BG11,9,6.220957195348923,4.829202175140381,True,True
Original,1,BG11,10,7.426910808850868,5.770329475402832,True,True
Original,1,BG11,11,8.716873202474739,6.7180867195129395,True,True
Original,1,BG11,12,10.390151136691838,7.918722629547119,True,True
Original,1,BG11,13,12.143307832390505,9.333261489868164,True,True
Original,1,BG11,14,13.852920650363732,10.630256652832031,True,True
Original,1,BG11,15,15.654920483910447,11.93815803527832,True,True
Original,1,BG11,16,17.390900215219926,13.360453605651855,True,True
Original,1,BG11,17,19.28787942689617,14.88259506225586,True,True
Original,1,BG11,18,21.02107372342152,16.468475341796875,True,True
Original,1,BG11,19,22.79076761208487,17.834516525268555,True,True
Original,1,BG11,20,24.18001017807347,19.240135192871094,True,True
Original,2,BG11,1,0.2195456895014219,0.694621741771698,True,True
Original,2,BG11,2,0.8396112673821519,1.2920893430709839,True,True
Original,2,BG11,3,1.5417560588232813,1.8043146133422852,True,True
Original,2,BG11,4,2.2625720895929864,2.585897207260132,True,True
Original,2,BG11,5,3.0213796996400144,3.2765939235687256,True,True
Original,2,BG11,6,3.8024604903552266,4.094527244567871,True,True
Original,2,BG11,7,4.762719273897993,4.870638370513916,True,True
Original,2,BG11,8,5.8822508493501795,5.645075798034668,True,True
Original,2,BG11,9,6.999163428321583,6.4383745193481445,True,True
Original,2,BG11,10,8.368622239106129,7.338494777679443,True,True
Original,2,BG11,11,9.751799851356143,8.365063667297363,True,True
Original,2,BG11,12,11.539242973571053,9.490775108337402,True,True
Original,2,BG11,13,13.133273871889157,10.681644439697266,True,True
Original,2,BG11,14,14.80114621629137,11.887322425842285,True,True
Original,2,BG11,15,16.702243123819766,13.558793067932129,True,True
Original,2,BG11,16,18.671756160044406,15.26960277557373,True,True
Original,2,BG11,17,20.944572592733625,17.010881423950195,True,True
Original,2,BG11,18,23.077286505836828,18.747573852539062,True,True
Original,2,BG11,19,25.23123021789977,20.52631378173828,True,True
Original,2,BG11,20,27.40000074568756,22.512643814086914,True,True
Original,0,BG12,1,0.3264100199680455,0.439153254032135,True,True
Original,0,BG12,2,0.8949995980696115,0.7826199531555176,True,True
Original,0,BG12,3,1.3002199675848432,1.0484503507614136,True,True
Original,0,BG12,4,1.5598789353848628,1.2724926471710205,True,True
Original,0,BG12,5,1.71599287676001,1.5110805034637451,True,True
Original,0,BG12,6,1.8177192912022186,1.686145305633545,True,True
Original,0,BG12,7,1.9936674473015978,1.7341657876968384,True,True
Original,0,BG12,8,2.2793314801316393,1.85080885887146,True,True
Original,0,BG12,9,3.019476997341399,2.1688694953918457,True,True
Original,0,BG12,10,3.7611804021494866,2.6778628826141357,True,True
Original,0,BG12,11,4.771332659158405,3.4145689010620117,True,True
Original,0,BG12,12,5.510083839754217,3.85920786857605,True,True
Original,0,BG12,13,6.315238617337882,4.4994797706604,True,True
Original,0,BG12,14,7.368373084335959,5.1447601318359375,True,True
Original,0,BG12,15,8.264445793120863,5.714752197265625,True,True
Original,0,BG12,16,9.10260549851361,6.358290195465088,True,True
Original,0,BG12,17,10.229655676449788,7.014742851257324,True,True
Original,0,BG12,18,11.444653891698191,7.915914535522461,True,True
Original,0,BG12,19,12.64373318426307,8.760575294494629,True,True
Original,0,BG12,20,13.407603233611802,9.487382888793945,True,True
Original,1,BG12,1,0.07699867093500919,0.42525866627693176,True,True
Original,1,BG12,2,0.399169807833906,0.6579466462135315,True,True
Original,1,BG12,3,0.7144446786752551,0.7566848397254944,True,True
Original,1,BG12,4,0.9463756680887828,0.9853295683860779,True,True
Original,1,BG12,5,1.383674823174615,1.198994517326355,True,True
Original,1,BG12,6,1.7097447615944548,1.4093445539474487,True,True
Original,1,BG12,7,2.0872098114774653,1.6381086111068726,True,True
Original,1,BG12,8,2.6450586395657356,1.7348670959472656,True,True
Original,1,BG12,9,3.1965900999536023,1.8091249465942383,True,True
Original,1,BG12,10,3.634861894892533,1.9877313375473022,True,True
Original,1,BG12,11,4.177889922958375,2.1960268020629883,True,True
Original,1,BG12,12,4.808185785137936,2.3369507789611816,True,True
Original,1,BG12,13,5.390097319708352,2.5747363567352295,True,True
Original,1,BG12,14,6.0645054700247965,2.8313703536987305,True,True
Original,1,BG12,15,6.547987204405821,2.824936628341675,True,True
Original,1,BG12,16,7.287187950082762,3.246913433074951,True,True
Original,1,BG12,17,7.91758762222609,3.493056297302246,True,True
Original,1,BG12,18,8.480035367948169,3.9315526485443115,True,True
Original,1,BG12,19,8.96497945441194,3.9927849769592285,True,True
Original,1,BG12,20,9.325786863058788,4.374363899230957,True,True
Original,2,BG12,1,0.2479638242377076,0.228304922580719,True,True
Original,2,BG12,2,0.15846562929286626,0.3222328722476959,True,True
Original,2,BG12,3,0.21685205456043058,0.40670496225357056,True,True
Original,2,BG12,4,0.252290555159168,0.5268614292144775,True,True
Original,2,BG12,5,0.27788911412392914,0.5246285796165466,True,True
Original,2,BG12,6,0.30024588787726203,0.592067301273346,True,True
Original,2,BG12,7,0.5141364256534908,0.6173638701438904,True,True
Original,2,BG12,8,0.8798975611037364,0.6368113160133362,True,True
Original,2,BG12,9,1.317209114198443,0.7535901665687561,True,True
Original,2,BG12,10,1.9106811227354876,0.876763105392456,True,True
Original,2,BG12,11,2.3911972510522452,0.9980486631393433,True,True
Original,2,BG12,12,3.0681017328755713,1.008691430091858,True,True
Original,2,BG12,13,3.6538472981373755,1.1997418403625488,True,True
Original,2,BG12,14,4.3853823661930065,1.4800056219100952,True,True
Original,2,BG12,15,4.786529434946904,1.654746413230896,True,True
Original,2,BG12,16,5.187825701796301,1.8038201332092285,True,True
Original,2,BG12,17,5.749441490264955,1.8279155492782593,True,True
Original,2,BG12,18,6.345119455082898,2.0211312770843506,True,True
Original,2,BG12,19,6.699801372164446,2.0059220790863037,True,True
Original,2,BG12,20,7.065897759801859,2.1887106895446777,True,True
Original,0,BG13,1,0.02158431608240109,0.13410772383213043,True,True
Original,0,BG13,2,0.35109585863973636,0.21136242151260376,True,True
Original,0,BG13,3,0.5443502318428668,0.24570432305335999,True,True
Original,0,BG13,4,0.6175341338890437,0.2996266484260559,True,True
Original,0,BG13,5,0.644764544163135,0.37600603699684143,True,True
Original,0,BG13,6,0.6481177525589685,0.37916675209999084,True,True
Original,0,BG13,7,0.815614275044888,0.39920490980148315,True,True
Original,0,BG13,8,0.8936733317704242,0.36132460832595825,True,True
Original,0,BG13,9,1.24680213509065,0.36720335483551025,True,True
Original,0,BG13,10,1.5544339640758527,0.4472459852695465,True,True
Original,0,BG13,11,1.9279744153373901,0.582132875919342,True,True
Original,0,BG13,12,2.2787376430479505,0.6344324946403503,True,True
Original,0,BG13,13,2.6951639727248096,0.8719356656074524,True,True
Original,0,BG13,14,3.2845069786794823,1.0798619985580444,True,True
Original,0,BG13,15,3.752334095702286,1.245137333869934,True,True
Original,0,BG13,16,3.962461931077046,1.2308902740478516,True,True
Original,0,BG13,17,4.514603002557335,1.322068452835083,True,True
Original,0,BG13,18,5.073380440441709,1.5770812034606934,True,True
Original,0,BG13,19,5.613862412286279,1.7411760091781616,True,True
Original,0,BG13,20,5.954321056627153,2.036083459854126,True,True
Original,1,BG13,1,0.25260527042016595,0.13707749545574188,True,True
Original,1,BG13,2,0.09790057603701126,0.2138843834400177,True,True
Original,1,BG13,3,0.2542678649190061,0.2745099663734436,True,True
Original,1,BG13,4,0.32451415516303017,0.37837645411491394,True,True
Original,1,BG13,5,0.5398405798190262,0.35391730070114136,True,True
Original,1,BG13,6,0.7720647585404626,0.4676130712032318,True,True
Original,1,BG13,7,0.9255111030407448,0.48426446318626404,True,True
Original,1,BG13,8,1.3525917858833945,0.44184327125549316,True,True
Original,1,BG13,9,1.8811323201052406,0.49091896414756775,True,True
Original,1,BG13,10,2.255172905841901,0.604966402053833,True,True
Original,1,BG13,11,2.6940983597600114,0.6892684698104858,True,True
Original,1,BG13,12,3.2313089760404132,0.7408034205436707,True,True
Original,1,BG13,13,3.581333372944306,0.7392683625221252,True,True
Original,1,BG13,14,4.039565893796767,0.7808895707130432,True,True
Original,1,BG13,15,4.631178735795565,0.8699052333831787,True,True
Original,1,BG13,16,5.114065130571951,1.0381662845611572,True,True
Original,1,BG13,17,5.512180570570014,1.057141661643982,True,True
Original,1,BG13,18,5.866804199347642,1.2447104454040527,True,True
Original,1,BG13,19,6.2656721959579835,1.2517493963241577,True,True
Original,1,BG13,20,6.398793159666012,1.4056408405303955,True,True
Original,2,BG13,1,0.33828126634314615,0.13808844983577728,True,True
Original,2,BG13,2,0.27009476055965964,0.1949755847454071,True,True
Original,2,BG13,3,0.18599328738014673,0.22089846432209015,True,True
Original,2,BG13,4,0.17165077690433986,0.253049373626709,True,True
Original,2,BG13,5,0.12273520382429878,0.15752778947353363,True,True
Original,2,BG13,6,0.15567170449214787,0.15279796719551086,True,True
Original,2,BG13,7,0.14875910522769206,0.22418637573719025,True,True
Original,2,BG13,8,0.37560639009671953,0.12165862321853638,True,True
Original,2,BG13,9,0.7689143132540747,0.20774497091770172,True,True
Original,2,BG13,10,1.3031284699230183,0.271136075258255,True,True
Original,2,BG13,11,1.7119918817812325,0.31513816118240356,True,True
Original,2,BG13,12,2.3598809074916147,0.29415521025657654,True,True
Original,2,BG13,13,2.915058454850756,0.44584640860557556,True,True
Original,2,BG13,14,3.4346454024143265,0.5285140872001648,True,True
Original,2,BG13,15,3.7619336751607806,0.6321504712104797,True,True
Original,2,BG13,16,4.059816687269179,0.6700130105018616,True,True
Original,2,BG13,17,4.5034372400221825,0.5691299438476562,True,True
Original,2,BG13,18,4.955423085558434,0.6383151412010193,True,True
Original,2,BG13,19,5.396299520453285,0.6931046843528748,True,True
Original,2,BG13,20,5.7648061117754485,0.8916270732879639,True,True
Original,0,BG14,1,0.48275437487963524,0.5899065136909485,True,True
Original,0,BG14,2,1.3228646760663314,1.2074304819107056,True,True
Original,0,BG14,3,2.140003478284391,1.8788564205169678,True,True
Original,0,BG14,4,3.045662739209624,2.7536916732788086,True,True
Original,0,BG14,5,3.9788985577020557,3.7851884365081787,True,True
Original,0,BG14,6,5.118640317043345,5.013843059539795,True,True
Original,0,BG14,7,6.553428712189634,6.348855972290039,True,True
Original,0,BG14,8,8.156102004863353,7.777328968048096,True,True
Original,0,BG14,9,9.959006021110758,9.150362968444824,True,True
Original,0,BG14,10,12.007203357708192,10.958126068115234,True,True
Original,0,BG14,11,14.248112323199317,12.913260459899902,True,True
Original,0,BG14,12,16.585570568986736,14.94960880279541,True,True
Original,0,BG14,13,19.245267197465594,17.428247451782227,True,True
Original,0,BG14,14,22.064666317930843,19.84725570678711,True,True
Original,0,BG14,15,24.967678976145745,22.426660537719727,True,True
Original,0,BG14,16,27.944964249302615,25.2077693939209,True,True
Original,0,BG14,17,30.93574702157628,27.734285354614258,True,True
Original,0,BG14,18,33.903258719680146,30.390413284301758,True,True
Original,0,BG14,19,36.85363514776425,32.98250961303711,True,True
Original,0,BG14,20,39.51455588870463,35.60115051269531,True,True
Original,1,BG14,1,0.14086406631908538,0.5193762183189392,True,True
Original,1,BG14,2,0.7133906277811363,0.9722968339920044,True,True
Original,1,BG14,3,1.2991959979315237,1.345461368560791,True,True
Original,1,BG14,4,1.859684532114294,1.8947643041610718,True,True
Original,1,BG14,5,2.6482465672857844,2.4686267375946045,True,True
Original,1,BG14,6,3.4217456721918746,3.1215150356292725,True,True
Original,1,BG14,7,4.313177126620694,3.86639404296875,True,True
Original,1,BG14,8,5.313471754710762,4.402739524841309,True,True
Original,1,BG14,9,6.261140559684962,4.869530200958252,True,True
Original,1,BG14,10,7.502006338466093,5.845621585845947,True,True
Original,1,BG14,11,8.82455786688698,6.826661586761475,True,True
Original,1,BG14,12,10.537863583187503,8.068784713745117,True,True
Original,1,BG14,13,12.350547621381608,9.542773246765137,True,True
Original,1,BG14,14,14.088143622578961,10.869184494018555,True,True
Original,1,BG14,15,15.904711718954616,12.190567970275879,True,True
Original,1,BG14,16,17.611821363994242,13.58751106262207,True,True
Original,1,BG14,17,19.58620654648802,15.18669319152832,True,True
Original,1,BG14,18,21.297384758907587,16.75210189819336,True,True
Original,1,BG14,19,23.15390606661786,18.20639991760254,True,True
Original,1,BG14,20,24.66451996128736,19.732126235961914,True,True
Original,2,BG14,1,0.32992433434478274,0.8059497475624084,True,True
Original,2,BG14,2,0.9888870873943831,1.4427622556686401,True,True
Original,2,BG14,3,1.728951130766484,1.992436170578003,True,True
Original,2,BG14,4,2.5248339160112416,2.848463296890259,True,True
Original,2,BG14,5,3.3872903980435574,3.6423799991607666,True,True
Original,2,BG14,6,4.344208927936764,4.636279582977295,True,True
Original,2,BG14,7,5.49506710959261,5.602188587188721,True,True
Original,2,BG14,8,6.908370314163152,6.669548034667969,True,True
Original,2,BG14,9,8.275896132386139,7.715230941772461,True,True
Original,2,BG14,10,10.029905610490331,8.998461723327637,True,True
Original,2,BG14,11,11.992506858071483,10.606586456298828,True,True
Original,2,BG14,12,14.229898548169073,12.183128356933594,True,True
Original,2,BG14,13,16.42314160198545,13.97672176361084,True,True
Original,2,BG14,14,18.61588161712707,15.706500053405762,True,True
Original,2,BG14,15,20.882579528580283,17.742673873901367,True,True
Original,2,BG14,16,23.332103040250708,19.937448501586914,True,True
Original,2,BG14,17,25.506304318475795,21.586923599243164,True,True
Original,2,BG14,18,27.90376811415868,23.587453842163086,True,True
Original,2,BG14,19,30.294533115188493,25.59972381591797,True,True
Original,2,BG14,20,32.676123931275214,27.802268981933594,True,True
Original,0,BG15,1,0.2845419607462884,0.39826875925064087,True,True
Original,0,BG15,2,0.8786055452292737,0.7644634246826172,True,True
Original,0,BG15,3,1.3588293168383097,1.1143078804016113,True,True
Original,0,BG15,4,1.7200214074583797,1.4431384801864624,True,True
Original,0,BG15,5,1.9882173390879416,1.8096493482589722,True,True
Original,0,BG15,6,2.1384928390573323,2.048253059387207,True,True
Original,0,BG15,7,2.6325861247275752,2.438394546508789,True,True
Original,0,BG15,8,3.093315931905891,2.7445168495178223,True,True
Original,0,BG15,9,3.93834624432464,3.1659886837005615,True,True
Original,0,BG15,10,4.783730182827844,3.776855230331421,True,True
Original,0,BG15,11,5.944266508626011,4.650827407836914,True,True
Original,0,BG15,12,7.07427206827692,5.494865417480469,True,True
Original,0,BG15,13,8.230310056325164,6.464972972869873,True,True
Original,0,BG15,14,9.423177363980953,7.24540376663208,True,True
Original,0,BG15,15,10.542511900425346,8.040021896362305,True,True
Original,0,BG15,16,11.732873540205887,9.007994651794434,True,True
Original,0,BG15,17,13.096637692055248,9.89991569519043,True,True
Original,0,BG15,18,14.829557673529962,11.317754745483398,True,True
Original,0,BG15,19,16.52672057323042,12.652725219726562,True,True
Original,0,BG15,20,18.245090657594996,14.326484680175781,True,True
Original,1,BG15,1,0.08791175745979551,0.32732468843460083,True,True
Original,1,BG15,2,0.270751783172487,0.5290075540542603,True,True
Original,1,BG15,3,0.6241875197486988,0.6686402559280396,True,True
Original,1,BG15,4,0.863793300518266,0.8864613771438599,True,True
Original,1,BG15,5,1.4004810477297975,1.197515606880188,True,True
Original,1,BG15,6,1.776850379979709,1.45846688747406,True,True
Original,1,BG15,7,2.227154587987617,1.7738591432571411,True,True
Original,1,BG15,8,2.7862261133059985,1.8788444995880127,True,True
Original,1,BG15,9,3.2784829330173433,1.8854585886001587,True,True
Original,1,BG15,10,3.8016916640753338,2.140956401824951,True,True
Original,1,BG15,11,4.385645464589766,2.3838181495666504,True,True
Original,1,BG15,12,5.117282182903995,2.6317546367645264,True,True
Original,1,BG15,13,5.858087443971719,3.022218704223633,True,True
Original,1,BG15,14,6.573261440657168,3.321000814437866,True,True
Original,1,BG15,15,7.189947976973256,3.447770833969116,True,True
Original,1,BG15,16,7.945340584595079,3.8863654136657715,True,True
Original,1,BG15,17,8.608212901431024,4.155899524688721,True,True
Original,1,BG15,18,9.171019184331163,4.580902576446533,True,True
Original,1,BG15,19,9.870865453542276,4.877699375152588,True,True
Original,1,BG15,20,10.19667623700661,5.217071056365967,True,True
Original,2,BG15,1,0.10137686120124084,0.3754577040672302,True,True
Original,2,BG15,2,0.12673475300656448,0.5442018508911133,True,True
Original,2,BG15,3,0.3854031060941045,0.6273490786552429,True,True
Original,2,BG15,4,0.5722075610657668,0.8900946974754333,True,True
Original,2,BG15,5,0.7070291275916971,0.9626303911209106,True,True
Original,2,BG15,6,0.8985979584207358,1.1901905536651611,True,True
Original,2,BG15,7,1.2025294748945163,1.3116313219070435,True,True
Original,2,BG15,8,1.5290689339514267,1.295444130897522,True,True
Original,2,BG15,9,1.9765421014387354,1.4066239595413208,True,True
Original,2,BG15,10,2.6262322949009174,1.5863486528396606,True,True
Original,2,BG15,11,3.21520494506892,1.815750002861023,True,True
Original,2,BG15,12,3.9801918385228454,1.916656494140625,True,True
Original,2,BG15,13,4.508018795480048,2.0367136001586914,True,True
Original,2,BG15,14,5.141102777941151,2.2220466136932373,True,True
Original,2,BG15,15,5.748729754329299,2.6010701656341553,True,True
Original,2,BG15,16,6.138291287101027,2.7375571727752686,True,True
Original,2,BG15,17,6.743079223628293,2.7876851558685303,True,True
Original,2,BG15,18,7.398879822914213,3.052109956741333,True,True
Original,2,BG15,19,7.865191641596526,3.1525397300720215,True,True
Original,2,BG15,20,8.337760793026252,3.434563159942627,True,True
T01,0,BG0,1,0.06510439244424451,0.0,True,True
T01,0,BG0,2,0.19658608996279273,0.0,True,True
T01,0,BG0,3,0.28863286732014715,0.0,True,True
T01,0,BG0,4,0.3613225900622415,0.0,True,True
T01,0,BG0,5,0.5255763772562938,0.0,True,True
T01,0,BG0,6,0.6538219442466492,0.0,True,True
T01,0,BG0,7,0.7641779891660488,0.0,True,True
T01,0,BG0,8,0.8304953037784356,0.0,True,True
T01,0,BG0,9,0.8804241220200197,0.0,True,True
T01,0,BG0,10,0.9227237354166775,0.0,True,True
T01,0,BG0,11,0.9291479503828581,0.0,True,True
T01,0,BG0,12,0.9173389070005853,0.0,True,True
T01,0,BG0,13,0.9318905226200365,0.0,True,True
T01,0,BG0,14,0.916470631433913,0.0,True,True
T01,0,BG0,15,0.8520680412968884,0.0,True,True
T01,0,BG0,16,0.8031593008705793,0.0,True,True
T01,0,BG0,17,0.798844776291289,0.0,True,True
T01,0,BG0,18,0.7178122084850203,0.0,True,True
T01,0,BG0,19,0.6553736474665899,0.0,True,True
T01,0,BG0,20,0.7637396427644224,0.0,True,True
T01,1,BG0,1,0.15269078298123812,0.0,True,True
T01,1,BG0,2,0.13710497943499822,0.0,True,True
T01,1,BG0,3,0.15620033716056192,0.0,True,True
T01,1,BG0,4,0.20755801399472132,0.0,True,True
T01,1,BG0,5,0.11705303864046947,0.0,True,True
T01,1,BG0,6,0.03746286509033154,0.0,True,True
T01,1,BG0,7,0.05979673350613439,0.0,True,True
T01,1,BG0,8,0.08428220704348945,0.0,True,True
T01,1,BG0,9,0.1584010992127809,0.0,True,True
T01,1,BG0,10,0.1647250774588952,0.0,True,True
T01,1,BG0,11,0.2166575282876602,0.0,True,True
T01,1,BG0,12,0.2745339091220595,0.0,True,True
T01,1,BG0,13,0.2170219935439804,0.0,True,True
T01,1,BG0,14,0.042047736859291245,0.0,True,True
T01,1,BG0,15,0.07486321072525061,0.0,True,True
T01,1,BG0,16,0.11070714633919677,0.0,True,True
T01,1,BG0,17,0.31697774517974414,0.0,True,True
T01,1,BG0,18,0.4920249627819507,0.0,True,True
T01,1,BG0,19,0.5826327462243303,0.0,True,True
T01,1,BG0,20,0.8089946701517711,0.0,True,True
T01,2,BG0,1,0.07774372362658548,0.0,True,True
T01,2,BG0,2,0.037965752024540896,0.0,True,True
T01,2,BG0,3,0.10843289469285382,0.0,True,True
T01,2,BG0,4,0.14684503114880823,0.0,True,True
T01,2,BG0,5,0.1441697868707375,0.0,True,True
T01,2,BG0,6,0.19890972819709662,0.0,True,True
T01,2,BG0,7,0.29048965749022226,0.0,True,True
T01,2,BG0,8,0.2983551875121665,0.0,True,True
T01,2,BG0,9,0.30233755493565545,0.0,True,True
T01,2,BG0,10,0.22563762082128053,0.0,True,True
T01,2,BG0,11,0.18393590983034594,0.0,True,True
T01,2,BG0,12,0.12009846149072022,0.0,True,True
T01,2,BG0,13,0.11959146293953907,0.0,True,True
T01,2,BG0,14,0.12111858155080901,0.0,True,True
T01,2,BG0,15,0.11738899042822622,0.0,True,True
T01,2,BG0,16,0.05141206503148938,0.0,True,True
T01,2,BG0,17,0.4171145261045441,0.0,True,True
T01,2,BG0,18,0.43064300145856527,0.0,True,True
T01,2,BG0,19,0.5570470328640605,0.0,True,True
T01,2,BG0,20,0.7058316110932736,0.0,True,True
T01,0,BG1,1,0.033927670871980994,0.031248018145561218,True,True
T01,0,BG1,2,0.1702157895136323,0.03546145558357239,True,True
T01,0,BG1,3,0.27870213800476834,0.023168940097093582,True,True
T01,0,BG1,4,0.3280083155997135,0.04010568931698799,True,True
T01,0,BG1,5,0.4486008465326531,0.0790880024433136,True,True
T01,0,BG1,6,0.5779132752351929,0.08080307394266129,True,True
T01,0,BG1,7,0.6784429495960651,0.09701114892959595,True,True
T01,0,BG1,8,0.7113532257413877,0.12281811237335205,True,True
T01,0,BG1,9,0.7982694286210218,0.0909651666879654,True,True
T01,0,BG1,10,0.8360979709159874,0.09528373181819916,True,True
T01,0,BG1,11,0.8422169246717471,0.09804607182741165,True,True
T01,0,BG1,12,0.8487685387632082,0.09281822293996811,True,True
T01,0,BG1,13,0.8724746125908862,0.09130784869194031,True,True
T01,0,BG1,14,0.8532989927355114,0.11122287809848785,True,True
T01,0,BG1,15,0.7562564239014288,0.11283129453659058,True,True
T01,0,BG1,16,0.7183794089193842,0.11344996839761734,True,True
T01,0,BG1,17,0.6750988879201697,0.13103775680065155,True,True
T01,0,BG1,18,0.6329212753525025,0.08724366128444672,True,True
T01,0,BG1,19,0.5550743772002719,0.11476951837539673,True,True
T01,0,BG1,20,0.6872189809736681,0.08501481264829636,True,True
T01,1,BG1,1,0.08284806799883875,0.08041076362133026,True,True
T01,1,BG1,2,0.0829446327776471,0.0567597821354866,True,True
T01,1,BG1,3,0.11031241949160002,0.05509725585579872,True,True
T01,1,BG1,4,0.1650450325384386,0.04370748624205589,True,True
T01,1,BG1,5,0.10279753931472072,0.02047472819685936,True,True
T01,1,BG1,6,0.03758390629322961,0.00096921093063429,True,True
T01,1,BG1,7,0.05235486986030527,0.02225634455680847,True,True
T01,1,BG1,8,0.0801736793257914,0.012337852269411087,True,True
T01,1,BG1,9,0.18129241262941642,0.02388370968401432,True,True
T01,1,BG1,10,0.19681295161867834,0.03404861316084862,True,True
T01,1,BG1,11,0.2514459008498797,0.037360940128564835,True,True
T01,1,BG1,12,0.2929442834552442,0.024695269763469696,True,True
T01,1,BG1,13,0.28188392007315505,0.07173914462327957,True,True
T01,1,BG1,14,0.0960921616392542,0.06822450459003448,True,True
T01,1,BG1,15,0.08797328388198015,0.032271288335323334,True,True
T01,1,BG1,16,0.15344729067003127,0.04336228221654892,True,True
T01,1,BG1,17,0.260240643222384,0.09428752213716507,True,True
T01,1,BG1,18,0.4759999826738777,0.04015996679663658,True,True
T01,1,BG1,19,0.5624719001992218,0.03445268049836159,True,True
T01,1,BG1,20,0.7818035786542011,0.03528331220149994,True,True
T01,2,BG1,1,0.09024521804121077,0.02634616754949093,True,True
T01,2,BG1,2,0.04632509930988427,0.019704414531588554,True,True
T01,2,BG1,3,0.10139354990059049,0.03728138282895088,True,True
T01,2,BG1,4,0.14010846165222127,0.021148256957530975,True,True
T01,2,BG1,5,0.14103942420201485,0.02109518088400364,True,True
T01,2,BG1,6,0.18479521609849656,0.023741470649838448,True,True
T01,2,BG1,7,0.2620327425940734,0.04267694428563118,True,True
T01,2,BG1,8,0.288759743972866,0.0365571565926075,True,True
T01,2,BG1,9,0.33293009285950526,0.06413435935974121,True,True
T01,2,BG1,10,0.24857159680993318,0.04640936478972435,True,True
T01,2,BG1,11,0.22208812698391897,0.06934569031000137,True,True
T01,2,BG1,12,0.1567111349711116,0.07420019060373306,True,True
T01,2,BG1,13,0.16896470018467208,0.06409608572721481,True,True
T01,2,BG1,14,0.16566857127254914,0.04912635684013367,True,True
T01,2,BG1,15,0.14021199551250466,0.04742071405053139,True,True
T01,2,BG1,16,0.08066539621590678,0.039904359728097916,True,True
T01,2,BG1,17,0.4278947609885422,0.042638301849365234,True,True
T01,2,BG1,18,0.4587602992629376,0.06990505754947662,True,True
T01,2,BG1,19,0.5902931157492783,0.06460080295801163,True,True
T01,2,BG1,20,0.7080549248742336,0.028642548248171806,True,True
T01,0,BG2,1,0.05339986021447586,0.013848850503563881,True,True
T01,0,BG2,2,0.17656786228081778,0.03162248432636261,True,True
T01,0,BG2,3,0.28959680882658784,0.013224362395703793,True,True
T01,0,BG2,4,0.36214808613152266,0.03554492071270943,True,True
T01,0,BG2,5,0.48944079311337546,0.04128342121839523,True,True
T01,0,BG2,6,0.5950617988009467,0.06319046765565872,True,True
T01,0,BG2,7,0.709931143092875,0.06094497814774513,True,True
T01,0,BG2,8,0.7612578902095576,0.07147736847400665,True,True
T01,0,BG2,9,0.8335612927685582,0.05415978655219078,True,True
T01,0,BG2,10,0.8906433202874717,0.05500921607017517,True,True
T01,0,BG2,11,0.8766271130426203,0.07162810862064362,True,True
T01,0,BG2,12,0.8705214328633993,0.07818211615085602,True,True
T01,0,BG2,13,0.8780663987119125,0.09016735851764679,True,True
T01,0,BG2,14,0.8635244717189471,0.1079302430152893,True,True
T01,0,BG2,15,0.7617170750691619,0.10969295352697372,True,True
T01,0,BG2,16,0.7155591613441016,0.12325303256511688,True,True
T01,0,BG2,17,0.655815675686765,0.1604670137166977,True,True
T01,0,BG2,18,0.6112611387736362,0.11868911236524582,True,True
T01,0,BG2,19,0.552536539958602,0.11431851238012314,True,True
T01,0,BG2,20,0.7037425824883553,0.08209250867366791,True,True
T01,1,BG2,1,0.14990951332691385,0.0030637220479547977,True,True
T01,1,BG2,2,0.14508204537067126,0.016594864428043365,True,True
T01,1,BG2,3,0.1766539074527085,0.020495349541306496,True,True
T01,1,BG2,4,0.2319312839050385,0.03058530203998089,True,True
T01,1,BG2,5,0.17398279046691079,0.061336226761341095,True,True
T01,1,BG2,6,0.07787519590764803,0.056573547422885895,True,True
T01,1,BG2,7,0.029514127729494154,0.06381941586732864,True,True
T01,1,BG2,8,0.05119732798161439,0.05206646770238876,True,True
T01,1,BG2,9,0.16658054115864954,0.05306681618094444,True,True
T01,1,BG2,10,0.17627541929294205,0.04228838160634041,True,True
T01,1,BG2,11,0.2533455621031277,0.06535089761018753,True,True
T01,1,BG2,12,0.32998710921646096,0.06811299175024033,True,True
T01,1,BG2,13,0.2941850125221951,0.08878982067108154,True,True
T01,1,BG2,14,0.11758465592526886,0.07733762264251709,True,True
T01,1,BG2,15,0.16249353847977102,0.10172856599092484,True,True
T01,1,BG2,16,0.20346457212841,0.09498761594295502,True,True
T01,1,BG2,17,0.26144282913249506,0.15387625992298126,True,True
T01,1,BG2,18,0.46890904299160496,0.06584762781858444,True,True
T01,1,BG2,19,0.5294975356299024,0.060613829642534256,True,True
T01,1,BG2,20,0.768635906498955,0.04277627542614937,True,True
T01,2,BG2,1,0.07933358385402114,0.022264765575528145,True,True
T01,2,BG2,2,0.04166692931574608,0.004720894154161215,True,True
T01,2,BG2,3,0.11262927370626766,0.022380560636520386,True,True
T01,2,BG2,4,0.15978870205534954,0.016547784209251404,True,True
T01,2,BG2,5,0.1382629186189443,0.01011277362704277,True,True
T01,2,BG2,6,0.2020477367198952,0.0040503982454538345,True,True
T01,2,BG2,7,0.2902730517981037,0.020645588636398315,True,True
T01,2,BG2,8,0.3186521328528355,0.02117862179875374,True,True
T01,2,BG2,9,0.3256759702625625,0.026755651459097862,True,True
T01,2,BG2,10,0.2570791464159252,0.034787993878126144,True,True
T01,2,BG2,11,0.19975787935018907,0.02618948556482792,True,True
T01,2,BG2,12,0.1421618619241939,0.030104419216513634,True,True
T01,2,BG2,13,0.18241697030752177,0.0639200508594513,True,True
T01,2,BG2,14,0.1811167489923668,0.06000364199280739,True,True
T01,2,BG2,15,0.13010472713098511,0.017311884090304375,True,True
T01,2,BG2,16,0.08416537452152285,0.047205496579408646,True,True
T01,2,BG2,17,0.4222172211183445,0.008648466318845749,True,True
T01,2,BG2,18,0.44922402321703186,0.03593479469418526,True,True
T01,2,BG2,19,0.6097321528024974,0.05632631108164787,True,True
T01,2,BG2,20,0.7183211854034964,0.017819659784436226,True,True
T01,0,BG3,1,0.029225717845008842,0.06018679589033127,True,True
T01,0,BG3,2,0.14635506454497935,0.05062701925635338,True,True
T01,0,BG3,3,0.2448948024238572,0.04526367783546448,True,True
T01,0,BG3,4,0.3264361759277164,0.04096231609582901,True,True
T01,0,BG3,5,0.4716364096841867,0.058408960700035095,True,True
T01,0,BG3,6,0.5972425280348567,0.0679796040058136,True,True
T01,0,BG3,7,0.707221940269519,0.08602345734834671,True,True
T01,0,BG3,8,0.7522626330128842,0.08939690887928009,True,True
T01,0,BG3,9,0.8133580495672561,0.08852985501289368,True,True
T01,0,BG3,10,0.8543371936762792,0.09831123054027557,True,True
T01,0,BG3,11,0.8712258804789802,0.08008841425180435,True,True
T01,0,BG3,12,0.8527101316463149,0.0944569930434227,True,True
T01,0,BG3,13,0.866921854607173,0.10540073364973068,True,True
T01,0,BG3,14,0.8088395701317742,0.14058712124824524,True,True
T01,0,BG3,15,0.715828997215895,0.1515045166015625,True,True
T01,0,BG3,16,0.6396026556322743,0.1912287324666977,True,True
T01,0,BG3,17,0.6373666694718401,0.17066818475723267,True,True
T01,0,BG3,18,0.5917245119766434,0.1298207938671112,True,True
T01,0,BG3,19,0.5199328722647699,0.13582351803779602,True,True
T01,0,BG3,20,0.6710407180872257,0.10171839594841003,True,True
T01,1,BG3,1,0.08674358054964594,0.06765157729387283,True,True
T01,1,BG3,2,0.05616627124199479,0.0951513797044754,True,True
T01,1,BG3,3,0.0771749889370415,0.0821184366941452,True,True
T01,1,BG3,4,0.07904705407977201,0.12953409552574158,True,True
T01,1,BG3,5,0.038586219411834155,0.08435644209384918,True,True
T01,1,BG3,6,0.04569232268090326,0.08123136311769485,True,True
T01,1,BG3,7,0.1435584620998495,0.08440957963466644,True,True
T01,1,BG3,8,0.15975108584409417,0.0802694708108902,True,True
T01,1,BG3,9,0.23703495685894554,0.08096400648355484,True,True
T01,1,BG3,10,0.23219338414687488,0.07864639163017273,True,True
T01,1,BG3,11,0.2527823410242049,0.0657605454325676,True,True
T01,1,BG3,12,0.3046560902021175,0.05270855873823166,True,True
T01,1,BG3,13,0.25608640462493615,0.058015722781419754,True,True
T01,1,BG3,14,0.06283034677221684,0.02820449322462082,True,True
T01,1,BG3,15,0.09071750839730851,0.01716720499098301,True,True
T01,1,BG3,16,0.13335429598059562,0.03213245049118996,True,True
T01,1,BG3,17,0.33911422510001965,0.04627915099263191,True,True
T01,1,BG3,18,0.5030122323677456,0.018883271142840385,True,True
T01,1,BG3,19,0.5847866291153349,0.0049398490227758884,True,True
T01,1,BG3,20,0.7967248594724214,0.06606762111186981,True,True
T01,2,BG3,1,0.08364439538306369,0.018763478845357895,True,True
T01,2,BG3,2,0.051520077121155486,0.013667600229382515,True,True
T01,2,BG3,3,0.11138400749895173,0.023376518860459328,True,True
T01,2,BG3,4,0.17437067317824867,0.027976585552096367,True,True
T01,2,BG3,5,0.1523927213464748,0.011178195476531982,True,True
T01,2,BG3,6,0.18926926501770666,0.010820708237588406,True,True
T01,2,BG3,7,0.2606803936104694,0.03001312166452408,True,True
T01,2,BG3,8,0.28530726546326307,0.013373095542192459,True,True
T01,2,BG3,9,0.29487780324489743,0.02231523208320141,True,True
T01,2,BG3,10,0.2234012480352405,0.005794936791062355,True,True
T01,2,BG3,11,0.1853167108084177,0.02835841104388237,True,True
T01,2,BG3,12,0.13883451347075107,0.051217373460531235,True,True
T01,2,BG3,13,0.15543184773884794,0.06030319258570671,True,True
T01,2,BG3,14,0.13842053195274429,0.05316664278507233,True,True
T01,2,BG3,15,0.12197731703246614,0.0725899487733841,True,True
T01,2,BG3,16,0.06743496256300709,0.03273232653737068,True,True
T01,2,BG3,17,0.4105412409907592,0.08209303021430969,True,True
T01,2,BG3,18,0.4232792240359754,0.09466865658760071,True,True
T01,2,BG3,19,0.5766154522871129,0.06593749672174454,True,True
T01,2,BG3,20,0.6986889271238291,0.00923490896821022,True,True
T01,0,BG4,1,0.04503259511261466,0.024881893768906593,True,True
T01,0,BG4,2,0.1932478926382747,0.018431108444929123,True,True
T01,0,BG4,3,0.27933999615074717,0.019696783274412155,True,True
T01,0,BG4,4,0.3400492315519018,0.032519787549972534,True,True
T01,0,BG4,5,0.48565074042463424,0.05667585879564285,True,True
T01,0,BG4,6,0.6123851495356749,0.06601212918758392,True,True
T01,0,BG4,7,0.7249789263308618,0.0747845396399498,True,True
T01,0,BG4,8,0.7790190644672246,0.06868863850831985,True,True
T01,0,BG4,9,0.8485140840568821,0.08039718121290207,True,True
T01,0,BG4,10,0.897607670307224,0.09814472496509552,True,True
T01,0,BG4,11,0.8961503705131,0.08877486735582352,True,True
T01,0,BG4,12,0.89853336600299,0.10249793529510498,True,True
T01,0,BG4,13,0.9355046381101731,0.13417981564998627,True,True
T01,0,BG4,14,0.8869755641830225,0.1658157855272293,True,True
T01,0,BG4,15,0.7661278755088589,0.14869628846645355,True,True
T01,0,BG4,16,0.711789464362794,0.17723284661769867,True,True
T01,0,BG4,17,0.6760948990189518,0.20469515025615692,True,True
T01,0,BG4,18,0.6111035999514859,0.14979887008666992,True,True
T01,0,BG4,19,0.5630388264695642,0.14196471869945526,True,True
T01,0,BG4,20,0.6751443044644215,0.16308540105819702,True,True
T01,1,BG4,1,0.07076024305981068,0.08527234196662903,True,True
T01,1,BG4,2,0.04495332506954099,0.1145537868142128,True,True
T01,1,BG4,3,0.0686076633315341,0.11003164201974869,True,True
T01,1,BG4,4,0.0741758811919712,0.13887138664722443,True,True
T01,1,BG4,5,0.024127141994899886,0.1045181006193161,True,True
T01,1,BG4,6,0.05112236680193947,0.08379879593849182,True,True
T01,1,BG4,7,0.13638382863416124,0.07710340619087219,True,True
T01,1,BG4,8,0.17049080746332262,0.08990655839443207,True,True
T01,1,BG4,9,0.27377759786923567,0.11552569270133972,True,True
T01,1,BG4,10,0.2584849976950275,0.1026531383395195,True,True
T01,1,BG4,11,0.30010074929804703,0.09995195269584656,True,True
T01,1,BG4,12,0.3466777563370795,0.10761384665966034,True,True
T01,1,BG4,13,0.2679938425020422,0.08537455648183823,True,True
T01,1,BG4,14,0.07122612351313805,0.06183066591620445,True,True
T01,1,BG4,15,0.026937979234199744,0.04868365824222565,True,True
T01,1,BG4,16,0.1125491947916377,0.0286695696413517,True,True
T01,1,BG4,17,0.2173832217313494,0.10730189830064774,True,True
T01,1,BG4,18,0.47838781505206107,0.031777240335941315,True,True
T01,1,BG4,19,0.5942500880747443,0.03043946623802185,True,True
T01,1,BG4,20,0.8049348192037526,0.04927941784262657,True,True
T01,2,BG4,1,0.05371943678163112,0.04526474326848984,True,True
T01,2,BG4,2,0.0733767080532139,0.048911046236753464,True,True
T01,2,BG4,3,0.17905025430241409,0.07093274593353271,True,True
T01,2,BG4,4,0.23057392902429627,0.08897929638624191,True,True
T01,2,BG4,5,0.2062864626452954,0.07585788518190384,True,True
T01,2,BG4,6,0.25655461282731457,0.08173322677612305,True,True
T01,2,BG4,7,0.32480367388480813,0.04803605377674103,True,True
T01,2,BG4,8,0.34011504206798326,0.05755214765667915,True,True
T01,2,BG4,9,0.34066654961482284,0.047500140964984894,True,True
T01,2,BG4,10,0.2662957118189377,0.060428034514188766,True,True
T01,2,BG4,11,0.20901096049950235,0.042576830834150314,True,True
T01,2,BG4,12,0.15081730761501347,0.03772108629345894,True,True
T01,2,BG4,13,0.18244338650444586,0.07806483656167984,True,True
T01,2,BG4,14,0.1683852578112569,0.06320567429065704,True,True
T01,2,BG4,15,0.14967444294813348,0.04985677823424339,True,True
T01,2,BG4,16,0.11474377502283717,0.085284523665905,True,True
T01,2,BG4,17,0.35977403911909717,0.0699910894036293,True,True
T01,2,BG4,18,0.41662917829143337,0.014033470302820206,True,True
T01,2,BG4,19,0.5868823267338981,0.03003915771842003,True,True
T01,2,BG4,20,0.7297667912188992,0.03138609603047371,True,True
T01,0,BG5,1,0.013285293432005893,0.057111337780952454,True,True
T01,0,BG5,2,0.1430638859003482,0.07747696340084076,True,True
T01,0,BG5,3,0.2541867390643377,0.08506651967763901,True,True
T01,0,BG5,4,0.3360801787720504,0.103056401014328,True,True
T01,0,BG5,5,0.4366573176357807,0.12550874054431915,True,True
T01,0,BG5,6,0.5200026789517219,0.16570338606834412,True,True
T01,0,BG5,7,0.6118783478805883,0.17946475744247437,True,True
T01,0,BG5,8,0.651129463881605,0.21132253110408783,True,True
T01,0,BG5,9,0.7120403739500751,0.2065923660993576,True,True
T01,0,BG5,10,0.7588540524332182,0.22698532044887543,True,True
T01,0,BG5,11,0.7632626976679152,0.24618664383888245,True,True
T01,0,BG5,12,0.7864694008475198,0.24838687479496002,True,True
T01,0,BG5,13,0.7741371726385254,0.24859517812728882,True,True
T01,0,BG5,14,0.7521720902098736,0.32041075825691223,True,True
T01,0,BG5,15,0.6566556190875791,0.2887982130050659,True,True
T01,0,BG5,16,0.6071192366793396,0.28545987606048584,True,True
T01,0,BG5,17,0.47715893445848917,0.3644202947616577,True,True
T01,0,BG5,18,0.4725023957429678,0.25119274854660034,True,True
T01,0,BG5,19,0.3769483885475296,0.3080901503562927,True,True
T01,0,BG5,20,0.4857992721891749,0.3104647397994995,True,True
T01,1,BG5,1,0.026795119902954235,0.1445068120956421,True,True
T01,1,BG5,2,0.1071825837127438,0.18194299936294556,True,True
T01,1,BG5,3,0.14592553607920783,0.19359540939331055,True,True
T01,1,BG5,4,0.04689131275736466,0.2038477063179016,True,True
T01,1,BG5,5,0.08374094453408176,0.13690178096294403,True,True
T01,1,BG5,6,0.08092110352185464,0.1153738796710968,True,True
T01,1,BG5,7,0.1304123875436264,0.0919654592871666,True,True
T01,1,BG5,8,0.1652923830970503,0.10691237449645996,True,True
T01,1,BG5,9,0.2818915777533582,0.1324729174375534,True,True
T01,1,BG5,10,0.28817120379053474,0.12411186099052429,True,True
T01,1,BG5,11,0.351973933422123,0.13570494949817657,True,True
T01,1,BG5,12,0.42646403494633117,0.15593068301677704,True,True
T01,1,BG5,13,0.41121465940313373,0.20500847697257996,True,True
T01,1,BG5,14,0.33003316608679056,0.3082278370857239,True,True
T01,1,BG5,15,0.23587586749426495,0.24686746299266815,True,True
T01,1,BG5,16,0.28522600442111773,0.19867020845413208,True,True
T01,1,BG5,17,0.12423442355669065,0.34340327978134155,True,True
T01,1,BG5,18,0.30417651973760457,0.19249893724918365,True,True
T01,1,BG5,19,0.3157891367547761,0.2702202796936035,True,True
T01,1,BG5,20,0.5788449268053629,0.2615623474121094,True,True
T01,2,BG5,1,0.009427684201526013,0.06869541108608246,True,True
T01,2,BG5,2,0.09823612910109566,0.08444005995988846,True,True
T01,2,BG5,3,0.18684443728949987,0.07842549681663513,True,True
T01,2,BG5,4,0.2537422634195343,0.11324988305568695,True,True
T01,2,BG5,5,0.21068065953901752,0.08701284974813461,True,True
T01,2,BG5,6,0.23880910178367581,0.08181969821453094,True,True
T01,2,BG5,7,0.3273852288209145,0.05117209628224373,True,True
T01,2,BG5,8,0.35141533727330226,0.07332354038953781,True,True
T01,2,BG5,9,0.34569646171978785,0.08094727993011475,True,True
T01,2,BG5,10,0.3012384565826797,0.09195464104413986,True,True
T01,2,BG5,11,0.24730713236201526,0.09251181036233902,True,True
T01,2,BG5,12,0.2152853865965849,0.09918444603681564,True,True
T01,2,BG5,13,0.21852453318891582,0.11577577143907547,True,True
T01,2,BG5,14,0.22917510580800027,0.1223713755607605,True,True
T01,2,BG5,15,0.23235983684069791,0.1303924173116684,True,True
T01,2,BG5,16,0.20256239880751636,0.15749211609363556,True,True
T01,2,BG5,17,0.48225863654252443,0.07828577607870102,True,True
T01,2,BG5,18,0.623950281107828,0.19360168278217316,True,True
T01,2,BG5,19,0.8165081679854902,0.2600201666355133,True,True
T01,2,BG5,20,0.982341738130931,0.27885833382606506,True,True
T01,0,BG6,1,0.07385562125973706,0.03588642552495003,True,True
T01,0,BG6,2,0.19677737927381533,0.02147875726222992,True,True
T01,0,BG6,3,0.28826745804209825,0.011826246045529842,True,True
T01,0,BG6,4,0.3517299357903531,0.01454460434615612,True,True
T01,0,BG6,5,0.48695506412215084,0.039509959518909454,True,True
T01,0,BG6,6,0.5965329247281366,0.058479394763708115,True,True
T01,0,BG6,7,0.6954452391400027,0.07642246037721634,True,True
T01,0,BG6,8,0.7303519234805279,0.10664394497871399,True,True
T01,0,BG6,9,0.7472873578185388,0.14191834628582,True,True
T01,0,BG6,10,0.7681420395340675,0.1681576371192932,True,True
T01,0,BG6,11,0.7651227944756955,0.1747594177722931,True,True
T01,0,BG6,12,0.7790341997487293,0.16916508972644806,True,True
T01,0,BG6,13,0.8330252563047389,0.11376551538705826,True,True
T01,0,BG6,14,0.8336084596143688,0.13650406897068024,True,True
T01,0,BG6,15,0.7548244766306127,0.16068851947784424,True,True
T01,0,BG6,16,0.7376964880411078,0.2242162674665451,True,True
T01,0,BG6,17,0.6212454195503253,0.2662193775177002,True,True
T01,0,BG6,18,0.5837483255971029,0.18437525629997253,True,True
T01,0,BG6,19,0.5403323627079613,0.18013504147529602,True,True
T01,0,BG6,20,0.5742610962220606,0.22163178026676178,True,True
T01,1,BG6,1,0.06251274851595245,0.1764836311340332,True,True
T01,1,BG6,2,0.0701786624290684,0.20659278333187103,True,True
T01,1,BG6,3,0.09024515574268903,0.231004998087883,True,True
T01,1,BG6,4,0.07684778065183691,0.28270846605300903,True,True
T01,1,BG6,5,0.1407505209087945,0.2572803795337677,True,True
T01,1,BG6,6,0.2154561062007199,0.24605101346969604,True,True
T01,1,BG6,7,0.32015062119010196,0.2603952884674072,True,True
T01,1,BG6,8,0.3676839463414788,0.28523045778274536,True,True
T01,1,BG6,9,0.46154550733262156,0.3067722022533417,True,True
T01,1,BG6,10,0.4582117761884231,0.3053435683250427,True,True
T01,1,BG6,11,0.46118083574533947,0.2896489202976227,True,True
T01,1,BG6,12,0.4560372086319628,0.26919981837272644,True,True
T01,1,BG6,13,0.4528025398948544,0.31847965717315674,True,True
T01,1,BG6,14,0.32625914177804555,0.3316498398780823,True,True
T01,1,BG6,15,0.21749554568408808,0.28040003776550293,True,True
T01,1,BG6,16,0.2897510593893047,0.2708646357059479,True,True
T01,1,BG6,17,0.06250784941522501,0.3779708743095398,True,True
T01,1,BG6,18,0.2480075329157119,0.2585535943508148,True,True
T01,1,BG6,19,0.33972951801467277,0.26134929060935974,True,True
T01,1,BG6,20,0.6774529205857642,0.14822204411029816,True,True
T01,2,BG6,1,0.08665244688058248,0.04425184428691864,True,True
T01,2,BG6,2,0.0750077071543902,0.04057329148054123,True,True
T01,2,BG6,3,0.1514376173172873,0.04585713893175125,True,True
T01,2,BG6,4,0.17262368048588306,0.029129384085536003,True,True
T01,2,BG6,5,0.16252995822660282,0.032503265887498856,True,True
T01,2,BG6,6,0.19536192361856006,0.02690664678812027,True,True
T01,2,BG6,7,0.26720201735626303,0.0341794490814209,True,True
T01,2,BG6,8,0.29039732995655393,0.03462459519505501,True,True
T01,2,BG6,9,0.2953543881146808,0.009416935034096241,True,True
T01,2,BG6,10,0.2521277839852611,0.026567695662379265,True,True
T01,2,BG6,11,0.21861871987860598,0.036670535802841187,True,True
T01,2,BG6,12,0.16992515095032404,0.06345309317111969,True,True
T01,2,BG6,13,0.212899826253489,0.09427180141210556,True,True
T01,2,BG6,14,0.19856888896106953,0.07794572412967682,True,True
T01,2,BG6,15,0.16508348405402967,0.04778216779232025,True,True
T01,2,BG6,16,0.12052293122494892,0.07030005753040314,True,True
T01,2,BG6,17,0.3884655707777084,0.04891655594110489,True,True
T01,2,BG6,18,0.5725177484444812,0.16364368796348572,True,True
T01,2,BG6,19,0.7292098387187648,0.206830233335495,True,True
T01,2,BG6,20,0.8626672027119446,0.20180203020572662,True,True
T01,0,BG7,1,0.05504036802050396,0.04366927593946457,True,True
T01,0,BG7,2,0.18693838619933442,0.021594097837805748,True,True
T01,0,BG7,3,0.2890793353813811,0.01786993257701397,True,True
T01,0,BG7,4,0.3623216632330796,0.005366344936192036,True,True
T01,0,BG7,5,0.48431039383573304,0.05076868087053299,True,True
T01,0,BG7,6,0.5648621437114945,0.08903028070926666,True,True
T01,0,BG7,7,0.636643043273287,0.12765946984291077,True,True
T01,0,BG7,8,0.6742651628432358,0.1562308669090271,True,True
T01,0,BG7,9,0.7337761676438707,0.14774298667907715,True,True
T01,0,BG7,10,0.7674620643102832,0.15622302889823914,True,True
T01,0,BG7,11,0.7764314331107842,0.1527203470468521,True,True
T01,0,BG7,12,0.8056458507302472,0.11187160760164261,True,True
T01,0,BG7,13,0.8118644779749264,0.12298892438411713,True,True
T01,0,BG7,14,0.7861605149466422,0.14665630459785461,True,True
T01,0,BG7,15,0.742266290616754,0.19925211369991302,True,True
T01,0,BG7,16,0.7129468559061356,0.18818408250808716,True,True
T01,0,BG7,17,0.7270350501169872,0.1648659110069275,True,True
T01,0,BG7,18,0.6901290701908877,0.1737343668937683,True,True
T01,0,BG7,19,0.6250551404341378,0.16910316050052643,True,True
T01,0,BG7,20,0.8616748696788886,0.34227678179740906,True,True
T01,1,BG7,1,0.09171182963569083,0.0854797512292862,True,True
T01,1,BG7,2,0.0328836505949178,0.10442446917295456,True,True
T01,1,BG7,3,0.036421869342087285,0.13172230124473572,True,True
T01,1,BG7,4,0.08890317492386585,0.15369299054145813,True,True
T01,1,BG7,5,0.018936813500163626,0.10145698487758636,True,True
T01,1,BG7,6,0.04996878364841448,0.08478496223688126,True,True
T01,1,BG7,7,0.13885392593003357,0.07906452566385269,True,True
T01,1,BG7,8,0.168471358618379,0.0849398821592331,True,True
T01,1,BG7,9,0.21774243359963236,0.064542755484581,True,True
T01,1,BG7,10,0.20742276692783265,0.04982028529047966,True,True
T01,1,BG7,11,0.22705892743191944,0.030839828774333,True,True
T01,1,BG7,12,0.2606902266858435,0.02906135283410549,True,True
T01,1,BG7,13,0.19764184488887013,0.023052439093589783,True,True
T01,1,BG7,14,0.07095565710136292,0.048277419060468674,True,True
T01,1,BG7,15,0.06559150118916916,0.019127914682030678,True,True
T01,1,BG7,16,0.09589805121338721,0.02936912700533867,True,True
T01,1,BG7,17,0.2784649176053116,0.06255468726158142,True,True
T01,1,BG7,18,0.4064747297081376,0.0930616706609726,True,True
T01,1,BG7,19,0.4936723075460664,0.129317507147789,True,True
T01,1,BG7,20,0.652279356366503,0.19483628869056702,True,True
T01,2,BG7,1,0.07522324933378985,0.055886633694171906,True,True
T01,2,BG7,2,0.10464299674504356,0.07423282414674759,True,True
T01,2,BG7,3,0.1746184065431687,0.07219221442937851,True,True
T01,2,BG7,4,0.225303786950606,0.07847912609577179,True,True
T01,2,BG7,5,0.23915012662130816,0.10252197086811066,True,True
T01,2,BG7,6,0.2729459388599364,0.09097805619239807,True,True
T01,2,BG7,7,0.34224882205198126,0.05536409839987755,True,True
T01,2,BG7,8,0.35049382992777267,0.052672334015369415,True,True
T01,2,BG7,9,0.34128218126517823,0.042419470846652985,True,True
T01,2,BG7,10,0.27931238800200536,0.053681377321481705,True,True
T01,2,BG7,11,0.2009167243980198,0.02084490843117237,True,True
T01,2,BG7,12,0.15371935694740763,0.03667258098721504,True,True
T01,2,BG7,13,0.1755854253205974,0.05750921741127968,True,True
T01,2,BG7,14,0.17867601147798182,0.060890644788742065,True,True
T01,2,BG7,15,0.14510457440320032,0.05485102906823158,True,True
T01,2,BG7,16,0.12941091521336515,0.08154517412185669,True,True
T01,2,BG7,17,0.3858495048132399,0.03134039789438248,True,True
T01,2,BG7,18,0.5327460623221835,0.1106887087225914,True,True
T01,2,BG7,19,0.6533292209090097,0.1156567707657814,True,True
T01,2,BG7,20,0.7929788169741572,0.08772816509008408,True,True
T01,0,BG8,1,0.04394248548448829,0.07347884774208069,True,True
T01,0,BG8,2,0.17037850825071696,0.1201186329126358,True,True
T01,0,BG8,3,0.2197772693757351,0.16772842407226562,True,True
T01,0,BG8,4,0.2321373633384031,0.18502408266067505,True,True
T01,0,BG8,5,0.328302369920253,0.2332705557346344,True,True
T01,0,BG8,6,0.4058437702993281,0.28770431876182556,True,True
T01,0,BG8,7,0.4681750504459775,0.34422698616981506,True,True
T01,0,BG8,8,0.5208198286828571,0.3489409387111664,True,True
T01,0,BG8,9,0.6460698380067161,0.2980344295501709,True,True
T01,0,BG8,10,0.6966085787918358,0.3057421147823334,True,True
T01,0,BG8,11,0.7068227628112896,0.30567696690559387,True,True
T01,0,BG8,12,0.7267996656466376,0.30110883712768555,True,True
T01,0,BG8,13,0.8068550028933245,0.22524745762348175,True,True
T01,0,BG8,14,0.8201457850889634,0.22294941544532776,True,True
T01,0,BG8,15,0.7396711610802776,0.19398432970046997,True,True
T01,0,BG8,16,0.7260646642221221,0.25065183639526367,True,True
T01,0,BG8,17,0.6072342267347078,0.3329462707042694,True,True
T01,0,BG8,18,0.5462762541705583,0.23937788605690002,True,True
T01,0,BG8,19,0.5200046179695632,0.1532309651374817,True,True
T01,0,BG8,20,0.6285954751869067,0.18128378689289093,True,True
T01,1,BG8,1,0.02606924279167558,0.12813493609428406,True,True
T01,1,BG8,2,0.09921120275324294,0.2003001570701599,True,True
T01,1,BG8,3,0.13434410571421745,0.18792089819908142,True,True
T01,1,BG8,4,0.0681398553371607,0.2554834485054016,True,True
T01,1,BG8,5,0.11516765588303361,0.21682848036289215,True,True
T01,1,BG8,6,0.1600463657510825,0.19702407717704773,True,True
T01,1,BG8,7,0.24700426338378376,0.19315053522586823,True,True
T01,1,BG8,8,0.28971215479804946,0.21566389501094818,True,True
T01,1,BG8,9,0.363158065770429,0.20724543929100037,True,True
T01,1,BG8,10,0.3883600846848442,0.22370316088199615,True,True
T01,1,BG8,11,0.387851031724104,0.17560279369354248,True,True
T01,1,BG8,12,0.45145099993619775,0.19569508731365204,True,True
T01,1,BG8,13,0.4193838420838139,0.23432081937789917,True,True
T01,1,BG8,14,0.28657082916006116,0.2716098129749298,True,True
T01,1,BG8,15,0.26401186345825656,0.2885425388813019,True,True
T01,1,BG8,16,0.3594954721863727,0.2889519929885864,True,True
T01,1,BG8,17,0.13728956585911584,0.4044056236743927,True,True
T01,1,BG8,18,0.19447509631304924,0.33462491631507874,True,True
T01,1,BG8,19,0.2997707824128483,0.31720030307769775,True,True
T01,1,BG8,20,0.653391696665876,0.18188896775245667,True,True
T01,2,BG8,1,0.09952747627356642,0.1620321124792099,True,True
T01,2,BG8,2,0.2514186948095772,0.23540471494197845,True,True
T01,2,BG8,3,0.3600807142309726,0.252713680267334,True,True
T01,2,BG8,4,0.45740317831591093,0.3227851390838623,True,True
T01,2,BG8,5,0.49840225011879613,0.3896348178386688,True,True
T01,2,BG8,6,0.5542846541313535,0.44806817173957825,True,True
T01,2,BG8,7,0.650929577227368,0.47816237807273865,True,True
T01,2,BG8,8,0.7161220803133244,0.5238394141197205,True,True
T01,2,BG8,9,0.7553518753800353,0.6050476431846619,True,True
T01,2,BG8,10,0.735065240807904,0.6293831467628479,True,True
T01,2,BG8,11,0.7043852145777261,0.6354437470436096,True,True
T01,2,BG8,12,0.7168401611921328,0.6605948805809021,True,True
T01,2,BG8,13,0.6843510591026319,0.6776099801063538,True,True
T01,2,BG8,14,0.6930822336357957,0.6863906979560852,True,True
T01,2,BG8,15,0.7092766100176814,0.7251074910163879,True,True
T01,2,BG8,16,0.7570189829638864,0.7613818049430847,True,True
T01,2,BG8,17,0.6588649120211677,0.8676009178161621,True,True
T01,2,BG8,18,0.6318286257596545,0.7307437062263489,True,True
T01,2,BG8,19,0.6006636954962554,0.6460959911346436,True,True
T01,2,BG8,20,0.7591255485098831,0.526634931564331,True,True
T01,0,BG9,1,0.029809930268010862,0.09295561909675598,True,True
T01,0,BG9,2,0.08867291736721379,0.11448389291763306,True,True
T01,0,BG9,3,0.19779482586740038,0.10976792126893997,True,True
T01,0,BG9,4,0.25260826079950327,0.10881923139095306,True,True
T01,0,BG9,5,0.37974268510161036,0.149183988571167,True,True
T01,0,BG9,6,0.451512046158655,0.21343302726745605,True,True
T01,0,BG9,7,0.5524772732809304,0.22643019258975983,True,True
T01,0,BG9,8,0.5900291087248521,0.24987900257110596,True,True
T01,0,BG9,9,0.6171577014989287,0.27532142400741577,True,True
T01,0,BG9,10,0.6547169012122822,0.2902642786502838,True,True
T01,0,BG9,11,0.6488156040307419,0.2963428497314453,True,True
T01,0,BG9,12,0.6577768326497087,0.2839554250240326,True,True
T01,0,BG9,13,0.6435862978710749,0.2942034602165222,True,True
T01,0,BG9,14,0.6289899855810377,0.29228562116622925,True,True
T01,0,BG9,15,0.5698963491224317,0.28535881638526917,True,True
T01,0,BG9,16,0.560683160573757,0.24872666597366333,True,True
T01,0,BG9,17,0.4911276980440125,0.31268054246902466,True,True
T01,0,BG9,18,0.431754481978999,0.2966591417789459,True,True
T01,0,BG9,19,0.34360600379094125,0.3141982853412628,True,True
T01,0,BG9,20,0.4819646973692422,0.30931007862091064,True,True
T01,1,BG9,1,0.09433402257388944,0.0773196741938591,True,True
T01,1,BG9,2,0.06531438636346992,0.11604876071214676,True,True
T01,1,BG9,3,0.07472322492046045,0.0959734171628952,True,True
T01,1,BG9,4,0.08691778949586952,0.12155742198228836,True,True
T01,1,BG9,5,0.04015815552420117,0.0869414359331131,True,True
T01,1,BG9,6,0.03515259146896862,0.07178130000829697,True,True
T01,1,BG9,7,0.11709050939652269,0.06953402608633041,True,True
T01,1,BG9,8,0.14132209140702473,0.07345357537269592,True,True
T01,1,BG9,9,0.22169157064612546,0.07098221033811569,True,True
T01,1,BG9,10,0.23292046174354683,0.06840511411428452,True,True
T01,1,BG9,11,0.2636781404038192,0.047052811831235886,True,True
T01,1,BG9,12,0.29558692946706927,0.02489914745092392,True,True
T01,1,BG9,13,0.2064728703828801,0.0195759404450655,True,True
T01,1,BG9,14,0.12007247153299594,0.08007348328828812,True,True
T01,1,BG9,15,0.17213538301664286,0.10504471510648727,True,True
T01,1,BG9,16,0.21615672036829667,0.11535649746656418,True,True
T01,1,BG9,17,0.40154685787816513,0.17264431715011597,True,True
T01,1,BG9,18,0.5122685761500945,0.15038956701755524,True,True
T01,1,BG9,19,0.6524261740715527,0.1870146542787552,True,True
T01,1,BG9,20,0.8268013389016815,0.16097459197044373,True,True
T01,2,BG9,1,0.06910210890434026,0.02084706537425518,True,True
T01,2,BG9,2,0.05076105714601584,0.030181314796209335,True,True
T01,2,BG9,3,0.11347318133895816,0.009779502637684345,True,True
T01,2,BG9,4,0.17573215679139523,0.02899147942662239,True,True
T01,2,BG9,5,0.17930268072433725,0.039209865033626556,True,True
T01,2,BG9,6,0.2136166446369442,0.03746180981397629,True,True
T01,2,BG9,7,0.31276940838594414,0.02472628466784954,True,True
T01,2,BG9,8,0.33241057123915874,0.034305695444345474,True,True
T01,2,BG9,9,0.34208114877259704,0.06291454285383224,True,True
T01,2,BG9,10,0.28178592807070124,0.07061465829610825,True,True
T01,2,BG9,11,0.23777919397583577,0.08135124295949936,True,True
T01,2,BG9,12,0.18408609115693245,0.1157299056649208,True,True
T01,2,BG9,13,0.1832513480823895,0.0777852013707161,True,True
T01,2,BG9,14,0.166812478939376,0.06118905916810036,True,True
T01,2,BG9,15,0.15083937656457805,0.04891974851489067,True,True
T01,2,BG9,16,0.13425109048237827,0.08932369202375412,True,True
T01,2,BG9,17,0.4753895655814892,0.11801087111234665,True,True
T01,2,BG9,18,0.4912791398264681,0.12910069525241852,True,True
T01,2,BG9,19,0.6526289652725256,0.16976550221443176,True,True
T01,2,BG9,20,0.7249960557998607,0.08795905113220215,True,True
T01,0,BG10,1,0.06532276068496912,0.05675465986132622,True,True
T01,0,BG10,2,0.17213613846491466,0.06675167381763458,True,True
T01,0,BG10,3,0.2569255649923957,0.08373802155256271,True,True
T01,0,BG10,4,0.3142181090784622,0.10093151032924652,True,True
T01,0,BG10,5,0.4358606484645664,0.15493658185005188,True,True
T01,0,BG10,6,0.5078872776540081,0.20441797375679016,True,True
T01,0,BG10,7,0.5928349353149958,0.24802124500274658,True,True
T01,0,BG10,8,0.6480265475482165,0.2600349187850952,True,True
T01,0,BG10,9,0.6893556702329305,0.2812795042991638,True,True
T01,0,BG10,10,0.7111896322718066,0.33865880966186523,True,True
T01,0,BG10,11,0.72394297894622,0.33670100569725037,True,True
T01,0,BG10,12,0.7452769460888256,0.34574151039123535,True,True
T01,0,BG10,13,0.8225266758153127,0.3618427515029907,True,True
T01,0,BG10,14,0.8346039372852682,0.4817025065422058,True,True
T01,0,BG10,15,0.7815474580254392,0.485537052154541,True,True
T01,0,BG10,16,0.7245005937965348,0.5208469033241272,True,True
T01,0,BG10,17,0.5986134899978437,0.711783766746521,True,True
T01,0,BG10,18,0.46986481455428936,0.6438349485397339,True,True
T01,0,BG10,19,0.4411588733392739,0.5498439073562622,True,True
T01,0,BG10,20,0.39067725107533974,0.4760896563529968,True,True
T01,1,BG10,1,0.0454521708163566,0.19435329735279083,True,True
T01,1,BG10,2,0.10520875724751566,0.236821249127388,True,True
T01,1,BG10,3,0.14013190967306466,0.2716551721096039,True,True
T01,1,BG10,4,0.1290688967880414,0.3363690674304962,True,True
T01,1,BG10,5,0.2156764889871794,0.33224916458129883,True,True
T01,1,BG10,6,0.277746857091765,0.30893486738204956,True,True
T01,1,BG10,7,0.39844036962935586,0.3387964367866516,True,True
T01,1,BG10,8,0.45137181173081936,0.36977195739746094,True,True
T01,1,BG10,9,0.5011074833758375,0.3431732654571533,True,True
T01,1,BG10,10,0.4884688114322488,0.3326297700405121,True,True
T01,1,BG10,11,0.4861905955837726,0.30179834365844727,True,True
T01,1,BG10,12,0.5231917554610572,0.31524911522865295,True,True
T01,1,BG10,13,0.549991296905895,0.3999710977077484,True,True
T01,1,BG10,14,0.5145581066336802,0.5108916759490967,True,True
T01,1,BG10,15,0.41649415209342044,0.4700489044189453,True,True
T01,1,BG10,16,0.45156465426788184,0.4275702238082886,True,True
T01,1,BG10,17,0.20773269761168736,0.5208342671394348,True,True
T01,1,BG10,18,0.0857005186670993,0.40717262029647827,True,True
T01,1,BG10,19,0.16950104427930163,0.41440707445144653,True,True
T01,1,BG10,20,0.7242787702299541,0.09167932718992233,True,True
T01,2,BG10,1,0.037112883361795364,0.09296971559524536,True,True
T01,2,BG10,2,0.12936156500442833,0.11520427465438843,True,True
T01,2,BG10,3,0.2348103310894672,0.1266392469406128,True,True
T01,2,BG10,4,0.3105872115941681,0.17895235121250153,True,True
T01,2,BG10,5,0.33571933482548943,0.24424153566360474,True,True
T01,2,BG10,6,0.37251371276950057,0.2892826795578003,True,True
T01,2,BG10,7,0.4815616656177386,0.34375473856925964,True,True
T01,2,BG10,8,0.5323627916197644,0.37709954380989075,True,True
T01,2,BG10,9,0.5715508624912665,0.468999981880188,True,True
T01,2,BG10,10,0.5479265798004945,0.48924770951271057,True,True
T01,2,BG10,11,0.5625275308433499,0.5356987714767456,True,True
T01,2,BG10,12,0.585159090902526,0.556791365146637,True,True
T01,2,BG10,13,0.562440854800123,0.5874241590499878,True,True
T01,2,BG10,14,0.5524502588714076,0.5883791446685791,True,True
T01,2,BG10,15,0.5916442272134952,0.6372173428535461,True,True
T01,2,BG10,16,0.6900520453305856,0.705965518951416,True,True
T01,2,BG10,17,0.5765878817515478,0.9149684309959412,True,True
T01,2,BG10,18,0.42635275967877745,0.7305832505226135,True,True
T01,2,BG10,19,0.26091706336487014,0.5883421897888184,True,True
T01,2,BG10,20,0.4218273980668163,0.29596850275993347,True,True
T01,0,BG11,1,0.036545680502185825,0.029148386791348457,True,True
T01,0,BG11,2,0.15377190358598664,0.042814288288354874,True,True
T01,0,BG11,3,0.24807272385737325,0.04067626968026161,True,True
T01,0,BG11,4,0.3194622205509999,0.042463116347789764,True,True
T01,0,BG11,5,0.4433385506078027,0.09450894594192505,True,True
T01,0,BG11,6,0.5155768005580362,0.14417585730552673,True,True
T01,0,BG11,7,0.6295439659398068,0.15117540955543518,True,True
T01,0,BG11,8,0.660061464716403,0.18866294622421265,True,True
T01,0,BG11,9,0.7375123381572047,0.16949477791786194,True,True
T01,0,BG11,10,0.7411393238170676,0.22382640838623047,True,True
T01,0,BG11,11,0.7462108595133475,0.2151440531015396,True,True
T01,0,BG11,12,0.7438419055305417,0.22662097215652466,True,True
T01,0,BG11,13,0.7737436750593426,0.20354971289634705,True,True
T01,0,BG11,14,0.7678607394588102,0.20437996089458466,True,True
T01,0,BG11,15,0.7005632441446576,0.20848798751831055,True,True
T01,0,BG11,16,0.6835432839965447,0.21538648009300232,True,True
T01,0,BG11,17,0.5723085436604625,0.2426411509513855,True,True
T01,0,BG11,18,0.5053156093617015,0.21302250027656555,True,True
T01,0,BG11,19,0.4439289086690141,0.2145795375108719,True,True
T01,0,BG11,20,0.5283283310711302,0.24846191704273224,True,True
T01,1,BG11,1,0.042389209228845766,0.17684417963027954,True,True
T01,1,BG11,2,0.06998123643465493,0.19941799342632294,True,True
T01,1,BG11,3,0.08084626404011368,0.20585988461971283,True,True
T01,1,BG11,4,0.03187846151557924,0.23785242438316345,True,True
T01,1,BG11,5,0.0883146645257351,0.20417778193950653,True,True
T01,1,BG11,6,0.15567782205165914,0.18656675517559052,True,True
T01,1,BG11,7,0.2523737430621505,0.1926896721124649,True,True
T01,1,BG11,8,0.2966796900168531,0.21489213407039642,True,True
T01,1,BG11,9,0.4022661175849682,0.2441403567790985,True,True
T01,1,BG11,10,0.3912115773538821,0.23400267958641052,True,True
T01,1,BG11,11,0.41220900489006845,0.22262930870056152,True,True
T01,1,BG11,12,0.4099291595280274,0.1981954127550125,True,True
T01,1,BG11,13,0.3608652570671581,0.2186124175786972,True,True
T01,1,BG11,14,0.21457147170152174,0.2151395082473755,True,True
T01,1,BG11,15,0.12566251631368022,0.17647045850753784,True,True
T01,1,BG11,16,0.16549491285458048,0.12887099385261536,True,True
T01,1,BG11,17,0.11073581518446123,0.21100974082946777,True,True
T01,1,BG11,18,0.3853054622482683,0.10705848038196564,True,True
T01,1,BG11,19,0.5165385679349541,0.075309619307518,True,True
T01,1,BG11,20,0.8273549372628635,0.06153901293873787,True,True
T01,2,BG11,1,0.0640311581176679,0.04712908715009689,True,True
T01,2,BG11,2,0.07593584570819085,0.04234413057565689,True,True
T01,2,BG11,3,0.1454199400133586,0.04196295887231827,True,True
T01,2,BG11,4,0.18992954945117696,0.04421469569206238,True,True
T01,2,BG11,5,0.18180279026422613,0.05491695553064346,True,True
T01,2,BG11,6,0.20138793156952806,0.05001549422740936,True,True
T01,2,BG11,7,0.2798396614836869,0.040238477289676666,True,True
T01,2,BG11,8,0.284238413331206,0.0618966668844223,True,True
T01,2,BG11,9,0.29335228713876643,0.013903469778597355,True,True
T01,2,BG11,10,0.24640493819380171,0.030191544443368912,True,True
T01,2,BG11,11,0.19381381264678332,0.034856751561164856,True,True
T01,2,BG11,12,0.1449760095631415,0.06825464218854904,True,True
T01,2,BG11,13,0.1508706570882329,0.036046236753463745,True,True
T01,2,BG11,14,0.14781835043776576,0.05495840683579445,True,True
T01,2,BG11,15,0.1425557314380346,0.05508411303162575,True,True
T01,2,BG11,16,0.09966618301742503,0.04982130974531174,True,True
T01,2,BG11,17,0.4196163989940521,0.06342385709285736,True,True
T01,2,BG11,18,0.5395911405535276,0.14547958970069885,True,True
T01,2,BG11,19,0.6906056901654853,0.17782223224639893,True,True
T01,2,BG11,20,0.8216856623344848,0.1692403256893158,True,True
T01,0,BG12,1,0.040126645078477796,0.03981770947575569,True,True
T01,0,BG12,2,0.17469813074751392,0.047590501606464386,True,True
T01,0,BG12,3,0.2817125575081849,0.05951857939362526,True,True
T01,0,BG12,4,0.34941453659099775,0.074113629758358,True,True
T01,0,BG12,5,0.482522030810197,0.08858293294906616,True,True
T01,0,BG12,6,0.582691829933447,0.1252681165933609,True,True
T01,0,BG12,7,0.6836274766063976,0.1314210444688797,True,True
T01,0,BG12,8,0.7232864660936931,0.14941281080245972,True,True
T01,0,BG12,9,0.814138232308409,0.11211363226175308,True,True
T01,0,BG12,10,0.8679104809293139,0.1260741502046585,True,True
T01,0,BG12,11,0.8592535630148778,0.12646323442459106,True,True
T01,0,BG12,12,0.8662516271341508,0.13261693716049194,True,True
T01,0,BG12,13,0.87088031235927,0.13067959249019623,True,True
T01,0,BG12,14,0.8530947465139688,0.16170333325862885,True,True
T01,0,BG12,15,0.7657774259001726,0.13957150280475616,True,True
T01,0,BG12,16,0.7470148422587162,0.15241925418376923,True,True
T01,0,BG12,17,0.6728320388075753,0.1725713610649109,True,True
T01,0,BG12,18,0.6266651871561865,0.11695335805416107,True,True
T01,0,BG12,19,0.5780955735773226,0.13231472671031952,True,True
T01,0,BG12,20,0.7253668009415902,0.18870161473751068,True,True
T01,1,BG12,1,0.09316371386139298,0.10878018289804459,True,True
T01,1,BG12,2,0.10783346904607191,0.1480032354593277,True,True
T01,1,BG12,3,0.1297074866381539,0.1443719118833542,True,True
T01,1,BG12,4,0.06703246411898131,0.19201737642288208,True,True
T01,1,BG12,5,0.10109757319059885,0.19497816264629364,True,True
T01,1,BG12,6,0.16264668178024455,0.2000480443239212,True,True
T01,1,BG12,7,0.23746514129665727,0.18263255059719086,True,True
T01,1,BG12,8,0.26002470064447475,0.18651485443115234,True,True
T01,1,BG12,9,0.31930153045051796,0.1645314246416092,True,True
T01,1,BG12,10,0.32070563009548103,0.1565629243850708,True,True
T01,1,BG12,11,0.36989727547110657,0.15548431873321533,True,True
T01,1,BG12,12,0.4169545460789351,0.15181313455104828,True,True
T01,1,BG12,13,0.3802524020998942,0.182687446475029,True,True
T01,1,BG12,14,0.21139174199445476,0.19741199910640717,True,True
T01,1,BG12,15,0.10012460642523519,0.1280495673418045,True,True
T01,1,BG12,16,0.1698459484428281,0.10064738243818283,True,True
T01,1,BG12,17,0.17213895973170995,0.14530311524868011,True,True
T01,1,BG12,18,0.40983772790996176,0.11007143557071686,True,True
T01,1,BG12,19,0.5097343615989317,0.18055638670921326,True,True
T01,1,BG12,20,0.7142195685940128,0.21520878374576569,True,True
T01,2,BG12,1,0.040988745505682454,0.04391477257013321,True,True
T01,2,BG12,2,0.10868134737771545,0.08546420186758041,True,True
T01,2,BG12,3,0.19999670426932434,0.09200025349855423,True,True
T01,2,BG12,4,0.25658069793116234,0.11578255146741867,True,True
T01,2,BG12,5,0.26677875947936286,0.14087004959583282,True,True
T01,2,BG12,6,0.31601083152833054,0.15741457045078278,True,True
T01,2,BG12,7,0.42667377394067274,0.1806696653366089,True,True
T01,2,BG12,8,0.4444221427184534,0.19762757420539856,True,True
T01,2,BG12,9,0.4432469994730108,0.21456874907016754,True,True
T01,2,BG12,10,0.40445070530723576,0.23476053774356842,True,True
T01,2,BG12,11,0.34648497396238226,0.22047823667526245,True,True
T01,2,BG12,12,0.2858544603013065,0.18306933343410492,True,True
T01,2,BG12,13,0.30045579891154595,0.2266858071088791,True,True
T01,2,BG12,14,0.29352494976654825,0.2333194762468338,True,True
T01,2,BG12,15,0.2909580143765582,0.25473952293395996,True,True
T01,2,BG12,16,0.30142451699574696,0.28332528471946716,True,True
T01,2,BG12,17,0.4046201330197152,0.20998607575893402,True,True
T01,2,BG12,18,0.5109291114138104,0.14181368052959442,True,True
T01,2,BG12,19,0.6952219889620412,0.16774490475654602,True,True
T01,2,BG12,20,0.8134295344831832,0.1944648027420044,True,True
T01,0,BG13,1,0.028292110132529382,0.03899336978793144,True,True
T01,0,BG13,2,0.1629722468668622,0.06424714624881744,True,True
T01,0,BG13,3,0.27296842471333027,0.08104995638132095,True,True
T01,0,BG13,4,0.3216059072545188,0.08215215057134628,True,True
T01,0,BG13,5,0.455563131210922,0.12041936069726944,True,True
T01,0,BG13,6,0.5415659011966952,0.1672053039073944,True,True
T01,0,BG13,7,0.6293493592776066,0.18202881515026093,True,True
T01,0,BG13,8,0.6739422550025868,0.2079409509897232,True,True
T01,0,BG13,9,0.7272366305890208,0.19537627696990967,True,True
T01,0,BG13,10,0.7993851432202518,0.19167664647102356,True,True
T01,0,BG13,11,0.8025068695429344,0.18555621802806854,True,True
T01,0,BG13,12,0.8001579386780067,0.18827664852142334,True,True
T01,0,BG13,13,0.8097893472901387,0.18857671320438385,True,True
T01,0,BG13,14,0.8035718307607836,0.23293203115463257,True,True
T01,0,BG13,15,0.7168816538157659,0.21068844199180603,True,True
T01,0,BG13,16,0.7059833757025947,0.1848309189081192,True,True
T01,0,BG13,17,0.6035469847939824,0.23861348628997803,True,True
T01,0,BG13,18,0.5580870385731185,0.1857454776763916,True,True
T01,0,BG13,19,0.49436566231968193,0.2347373366355896,True,True
T01,0,BG13,20,0.6216434470603909,0.2513359785079956,True,True
T01,1,BG13,1,0.11938208127227809,0.08760996162891388,True,True
T01,1,BG13,2,0.1458388399024713,0.16269512474536896,True,True
T01,1,BG13,3,0.18336610056093236,0.16512800753116608,True,True
T01,1,BG13,4,0.08440262616750588,0.16563047468662262,True,True
T01,1,BG13,5,0.08405930690778565,0.15819387137889862,True,True
T01,1,BG13,6,0.10918472677519682,0.14608415961265564,True,True
T01,1,BG13,7,0.18164804328457515,0.12995150685310364,True,True
T01,1,BG13,8,0.20257095338472716,0.13558340072631836,True,True
T01,1,BG13,9,0.3175993905167233,0.16329526901245117,True,True
T01,1,BG13,10,0.33571298131507193,0.17098896205425262,True,True
T01,1,BG13,11,0.3831631240742155,0.1686398684978485,True,True
T01,1,BG13,12,0.43097184571617486,0.16801992058753967,True,True
T01,1,BG13,13,0.36270230513122526,0.16036759316921234,True,True
T01,1,BG13,14,0.20120351456622435,0.18451792001724243,True,True
T01,1,BG13,15,0.11587580531548478,0.12229003757238388,True,True
T01,1,BG13,16,0.1554269731707888,0.06568080186843872,True,True
T01,1,BG13,17,0.18366227294872375,0.1696772426366806,True,True
T01,1,BG13,18,0.4035520796032346,0.09050912410020828,True,True
T01,1,BG13,19,0.4486758169277797,0.14944666624069214,True,True
T01,1,BG13,20,0.6639681529917134,0.2027873992919922,True,True
T01,2,BG13,1,0.06135941157537823,0.016388053074479103,True,True
T01,2,BG13,2,0.04389640892701778,0.02526232972741127,True,True
T01,2,BG13,3,0.13239026145657815,0.025412190705537796,True,True
T01,2,BG13,4,0.18173837353152675,0.04565606266260147,True,True
T01,2,BG13,5,0.19547197492311746,0.06585236638784409,True,True
T01,2,BG13,6,0.24713200216576858,0.07456379383802414,True,True
T01,2,BG13,7,0.3584139931132532,0.08464895188808441,True,True
T01,2,BG13,8,0.3748038498805334,0.10204754024744034,True,True
T01,2,BG13,9,0.3676090347847819,0.1024261862039566,True,True
T01,2,BG13,10,0.31705143229085564,0.11336496472358704,True,True
T01,2,BG13,11,0.26317098796406885,0.10751061886548996,True,True
T01,2,BG13,12,0.22065309893681442,0.10469819605350494,True,True
T01,2,BG13,13,0.2496672827066079,0.14671435952186584,True,True
T01,2,BG13,14,0.24604297599094513,0.15020965039730072,True,True
T01,2,BG13,15,0.22011301990938056,0.1423777937889099,True,True
T01,2,BG13,16,0.22701191337529233,0.18839453160762787,True,True
T01,2,BG13,17,0.4503200900659586,0.08577483892440796,True,True
T01,2,BG13,18,0.5168973564052789,0.0963829979300499,True,True
T01,2,BG13,19,0.6945441443559716,0.14449188113212585,True,True
T01,2,BG13,20,0.8304437514044193,0.16915498673915863,True,True
T01,0,BG14,1,0.02984271353226049,0.03672027960419655,True,True
T01,0,BG14,2,0.13877649335604877,0.05898086726665497,True,True
T01,0,BG14,3,0.24130513369979337,0.048384230583906174,True,True
T01,0,BG14,4,0.31602894384783126,0.049315184354782104,True,True
T01,0,BG14,5,0.4766661051198896,0.05488133430480957,True,True
T01,0,BG14,6,0.5741508031838723,0.09707915782928467,True,True
T01,0,BG14,7,0.6741518701665071,0.11741968989372253,True,True
T01,0,BG14,8,0.7247117238055576,0.13091914355754852,True,True
T01,0,BG14,9,0.8042220177524068,0.11491267383098602,True,True
T01,0,BG14,10,0.8503162091390957,0.13149607181549072,True,True
T01,0,BG14,11,0.8435337260607703,0.12761060893535614,True,True
T01,0,BG14,12,0.8333222000541091,0.1510206013917923,True,True
T01,0,BG14,13,0.875759593909021,0.1350805163383484,True,True
T01,0,BG14,14,0.8807367500058763,0.1706530600786209,True,True
T01,0,BG14,15,0.7802004517444948,0.1291642189025879,True,True
T01,0,BG14,16,0.7037674161814251,0.18135596811771393,True,True
T01,0,BG14,17,0.609820581956879,0.234735906124115,True,True
T01,0,BG14,18,0.5357196519286875,0.19661755859851837,True,True
T01,0,BG14,19,0.5509059272551937,0.12171576917171478,True,True
T01,0,BG14,20,0.6570895574520685,0.11064624041318893,True,True
T01,1,BG14,1,0.08234186162570138,0.08597826957702637,True,True
T01,1,BG14,2,0.040004547272495763,0.09710539132356644,True,True
T01,1,BG14,3,0.06354421839896458,0.09345662593841553,True,True
T01,1,BG14,4,0.08231733120048082,0.1252826601266861,True,True
T01,1,BG14,5,0.023652811692204612,0.12606081366539001,True,True
T01,1,BG14,6,0.06029779652421394,0.09536980837583542,True,True
T01,1,BG14,7,0.1482035378919755,0.08981742709875107,True,True
T01,1,BG14,8,0.1711090766069506,0.09793304651975632,True,True
T01,1,BG14,9,0.23806507492886567,0.0801350399851799,True,True
T01,1,BG14,10,0.2287508204721797,0.06508857011795044,True,True
T01,1,BG14,11,0.269298819307557,0.05678286403417587,True,True
T01,1,BG14,12,0.3355111690786734,0.07175295799970627,True,True
T01,1,BG14,13,0.31413975439215625,0.11099833995103836,True,True
T01,1,BG14,14,0.12453335292071128,0.11075355857610703,True,True
T01,1,BG14,15,0.06930983496844842,0.10945887118577957,True,True
T01,1,BG14,16,0.13200908897279223,0.06345900148153305,True,True
T01,1,BG14,17,0.1705082406360355,0.15480171144008636,True,True
T01,1,BG14,18,0.3972964560368222,0.10038439929485321,True,True
T01,1,BG14,19,0.5482217800037996,0.041268330067396164,True,True
T01,1,BG14,20,0.7942749924659768,0.07540465891361237,True,True
T01,2,BG14,1,0.07686608221392117,0.09765740483999252,True,True
T01,2,BG14,2,0.12840102769701325,0.1001301035284996,True,True
T01,2,BG14,3,0.2199046364685738,0.11465635150671005,True,True
T01,2,BG14,4,0.2752543711256485,0.13004592061042786,True,True
T01,2,BG14,5,0.26190964409941486,0.13090923428535461,True,True
T01,2,BG14,6,0.29108755616317505,0.1375061273574829,True,True
T01,2,BG14,7,0.36103596449787045,0.12333068996667862,True,True
T01,2,BG14,8,0.3975984272149744,0.14320603013038635,True,True
T01,2,BG14,9,0.38358121423277824,0.12310207635164261,True,True
T01,2,BG14,10,0.30776065717263723,0.12159786373376846,True,True
T01,2,BG14,11,0.23437522102983174,0.08881350606679916,True,True
T01,2,BG14,12,0.19735385179718398,0.08828482031822205,True,True
T01,2,BG14,13,0.20076484916763215,0.12930928170681,True,True
T01,2,BG14,14,0.18162260095504404,0.1229185089468956,True,True
T01,2,BG14,15,0.16556906593548687,0.1378026008605957,True,True
T01,2,BG14,16,0.16719204055682346,0.15268255770206451,True,True
T01,2,BG14,17,0.3473581720519673,0.11508604139089584,True,True
T01,2,BG14,18,0.40942212892071606,0.031133560463786125,True,True
T01,2,BG14,19,0.5906004955581173,0.038545817136764526,True,True
T01,2,BG14,20,0.7143207571104564,0.012253377586603165,True,True
T01,0,BG15,1,0.06615941650170808,0.064005047082901,True,True
T01,0,BG15,2,0.1518646929848409,0.04737135395407677,True,True
T01,0,BG15,3,0.25941437361693426,0.030256491154432297,True,True
T01,0,BG15,4,0.34713798274046814,0.014419305138289928,True,True
T01,0,BG15,5,0.473516423935803,0.05207250639796257,True,True
T01,0,BG15,6,0.5678853879437017,0.08809791505336761,True,True
T01,0,BG15,7,0.6745472011173786,0.10342887043952942,True,True
T01,0,BG15,8,0.7136323359447313,0.12117809057235718,True,True
T01,0,BG15,9,0.7878253915567818,0.10671870410442352,True,True
T01,0,BG15,10,0.8119881001626437,0.1391325145959854,True,True
T01,0,BG15,11,0.8102267234688947,0.13606689870357513,True,True
T01,0,BG15,12,0.8076973874469366,0.13633160293102264,True,True
T01,0,BG15,13,0.8432660440590777,0.13224266469478607,True,True
T01,0,BG15,14,0.8141459129710591,0.15192118287086487,True,True
T01,0,BG15,15,0.6964646108729282,0.1704045832157135,True,True
T01,0,BG15,16,0.64593793892878,0.16950201988220215,True,True
T01,0,BG15,17,0.6217429261236118,0.1878768652677536,True,True
T01,0,BG15,18,0.5728613916886435,0.14820821583271027,True,True
T01,0,BG15,19,0.5076694418685586,0.15417365729808807,True,True
T01,0,BG15,20,0.6553799462431928,0.1280944049358368,True,True
T01,1,BG15,1,0.060061517363587655,0.10076864063739777,True,True
T01,1,BG15,2,0.055024771894892174,0.11734572798013687,True,True
T01,1,BG15,3,0.06713876362298288,0.10153616219758987,True,True
T01,1,BG15,4,0.0852523012873596,0.1255466490983963,True,True
T01,1,BG15,5,0.04637013050745956,0.0854177474975586,True,True
T01,1,BG15,6,0.03957459637109989,0.0767223984003067,True,True
T01,1,BG15,7,0.11216927280663934,0.05429256707429886,True,True
T01,1,BG15,8,0.14912665795937483,0.07359880954027176,True,True
T01,1,BG15,9,0.22645709285535928,0.06890774518251419,True,True
T01,1,BG15,10,0.23295676392843334,0.06825178861618042,True,True
T01,1,BG15,11,0.27816438074233274,0.06419418752193451,True,True
T01,1,BG15,12,0.3189552069115577,0.048675112426280975,True,True
T01,1,BG15,13,0.27346900202300123,0.058997541666030884,True,True
T01,1,BG15,14,0.09480611468809944,0.05557218939065933,True,True
T01,1,BG15,15,0.11636405374788418,0.04910456761717796,True,True
T01,1,BG15,16,0.13999905220081574,0.05208449438214302,True,True
T01,1,BG15,17,0.3341873463305602,0.0837734192609787,True,True
T01,1,BG15,18,0.49387227001649175,0.014910290949046612,True,True
T01,1,BG15,19,0.6314365443350269,0.05051945522427559,True,True
T01,1,BG15,20,0.8369913933557819,0.029471589252352715,True,True
T01,2,BG15,1,0.05385665737373732,0.04816962778568268,True,True
T01,2,BG15,2,0.08280200789199689,0.05500636249780655,True,True
T01,2,BG15,3,0.15564653593538183,0.05077730119228363,True,True
T01,2,BG15,4,0.21867172980269928,0.07188516110181808,True,True
T01,2,BG15,5,0.2098653122624536,0.06575430184602737,True,True
T01,2,BG15,6,0.23957693520052917,0.044958699494600296,True,True
T01,2,BG15,7,0.32147551590243745,0.03656768426299095,True,True
T01,2,BG15,8,0.3414320746628336,0.04894023761153221,True,True
T01,2,BG15,9,0.3571709302450054,0.06811586022377014,True,True
T01,2,BG15,10,0.3120215103975199,0.09226130694150925,True,True
T01,2,BG15,11,0.2678897207150682,0.08899810910224915,True,True
T01,2,BG15,12,0.2108851257376783,0.10162974148988724,True,True
T01,2,BG15,13,0.21637615701039467,0.09780825674533844,True,True
T01,2,BG15,14,0.21883625361867454,0.10077604651451111,True,True
T01,2,BG15,15,0.21912012069615605,0.10520286858081818,True,True
T01,2,BG15,16,0.1816194011772064,0.13263769447803497,True,True
T01,2,BG15,17,0.49389038256111556,0.10028763860464096,True,True
T01,2,BG15,18,0.5230919612511947,0.11102631688117981,True,True
T01,2,BG15,19,0.7330969584769463,0.19596558809280396,True,True
T01,2,BG15,20,0.8232901502746651,0.12428976595401764,True,True
T02,0,BG0,1,0.2772423560875403,0.0,True,True
T02,0,BG0,2,0.44858837882782393,0.0,True,True
T02,0,BG0,3,0.5636523422757515,0.0,True,True
T02,0,BG0,4,0.5015807537730645,0.0,True,True
T02,0,BG0,5,0.5094603663386023,0.0,True,True
T02,0,BG0,6,0.5044407568951388,0.0,True,True
T02,0,BG0,7,0.5385587947556948,0.0,True,True
T02,0,BG0,8,0.5806417333664042,0.0,True,True
T02,0,BG0,9,0.4791704622799962,0.0,True,True
T02,0,BG0,10,0.45116364575072176,0.0,True,True
T02,0,BG0,11,0.4461274288597083,0.0,True,True
T02,0,BG0,12,0.4226895620320729,0.0,True,True
T02,0,BG0,13,0.5072751829668574,0.0,True,True
T02,0,BG0,14,0.6187121885550682,0.0,True,True
T02,0,BG0,15,0.6171089007316362,0.0,True,True
T02,0,BG0,16,0.7272032093659749,0.0,True,True
T02,0,BG0,17,0.8231529617607425,0.0,True,True
T02,0,BG0,18,0.8415720223721178,0.0,True,True
T02,0,BG0,19,0.8773640550678402,0.0,True,True
T02,0,BG0,20,0.9639117309147739,0.0,True,True
T02,1,BG0,1,0.16909427328566,0.0,True,True
T02,1,BG0,2,0.21079561986311293,0.0,True,True
T02,1,BG0,3,0.32812817263447863,0.0,True,True
T02,1,BG0,4,0.40648215744550165,0.0,True,True
T02,1,BG0,5,0.5527492669833901,0.0,True,True
T02,1,BG0,6,0.6578206755196853,0.0,True,True
T02,1,BG0,7,0.7804105713429164,0.0,True,True
T02,1,BG0,8,0.8413412302393003,0.0,True,True
T02,1,BG0,9,0.8728778920301623,0.0,True,True
T02,1,BG0,10,0.9179793156875534,0.0,True,True
T02,1,BG0,11,1.056972227997315,0.0,True,True
T02,1,BG0,12,1.2108402255259822,0.0,True,True
T02,1,BG0,13,1.3580679738483545,0.0,True,True
T02,1,BG0,14,1.3137162013170396,0.0,True,True
T02,1,BG0,15,1.2803860526673982,0.0,True,True
T02,1,BG0,16,1.2954025363955668,0.0,True,True
T02,1,BG0,17,1.6411569213091348,0.0,True,True
T02,1,BG0,18,1.435694586328647,0.0,True,True
T02,1,BG0,19,1.2296413461386682,0.0,True,True
T02,1,BG0,20,1.1150534915900556,0.0,True,True
T02,2,BG0,1,0.05196393057837124,0.0,True,True
T02,2,BG0,2,0.21732156141359946,0.0,True,True
T02,2,BG0,3,0.4560320189174274,0.0,True,True
T02,2,BG0,4,0.6461034537112892,0.0,True,True
T02,2,BG0,5,0.8340305363641259,0.0,True,True
T02,2,BG0,6,0.894168879218636,0.0,True,True
T02,2,BG0,7,1.0116087301531311,0.0,True,True
T02,2,BG0,8,1.1620969312315135,0.0,True,True
T02,2,BG0,9,1.0477239654420594,0.0,True,True
T02,2,BG0,10,1.2470484264359125,0.0,True,True
T02,2,BG0,11,1.3727984185353066,0.0,True,True
T02,2,BG0,12,1.5968612891109677,0.0,True,True
T02,2,BG0,13,1.633169534650907,0.0,True,True
T02,2,BG0,14,1.6593071327979312,0.0,True,True
T02,2,BG0,15,1.8662119260358585,0.0,True,True
T02,2,BG0,16,2.0102257076338406,0.0,True,True
T02,2,BG0,17,2.309020283278321,0.0,True,True
T02,2,BG0,18,2.0992268348460024,0.0,True,True
T02,2,BG0,19,2.267540651376278,0.0,True,True
T02,2,BG0,20,2.2766616225938137,0.0,True,True
T02,0,BG1,1,0.2541083393821318,0.04607956483960152,True,True
T02,0,BG1,2,0.3954190567448384,0.0594073049724102,True,True
T02,0,BG1,3,0.5199625213421851,0.06901559233665466,True,True
T02,0,BG1,4,0.4809400280355353,0.024750564247369766,True,True
T02,0,BG1,5,0.5142134882086344,0.033600956201553345,True,True
T02,0,BG1,6,0.520044727866696,0.01584438420832157,True,True
T02,0,BG1,7,0.5533002616406139,0.023027310147881508,True,True
T02,0,BG1,8,0.5886896812825996,0.010214616544544697,True,True
T02,0,BG1,9,0.4655966452183279,0.020434299483895302,True,True
T02,0,BG1,10,0.410370668871772,0.045641664415597916,True,True
T02,0,BG1,11,0.40310164520169545,0.04315497353672981,True,True
T02,0,BG1,12,0.4028476533365357,0.025987526401877403,True,True
T02,0,BG1,13,0.43928557763902315,0.0852925181388855,True,True
T02,0,BG1,14,0.53299742482451,0.08787951618432999,True,True
T02,0,BG1,15,0.5886599504011344,0.02913828380405903,True,True
T02,0,BG1,16,0.7231082787112526,0.025686081498861313,True,True
T02,0,BG1,17,0.8192551092610535,0.005291308276355267,True,True
T02,0,BG1,18,0.8310853148147653,0.010643073357641697,True,True
T02,0,BG1,19,0.8831432151130114,0.006763780023902655,True,True
T02,0,BG1,20,0.9838211696577677,0.020497184246778488,True,True
T02,1,BG1,1,0.1690748569587779,0.00032244910835288465,True,True
T02,1,BG1,2,0.2059559562179561,0.04450467601418495,True,True
T02,1,BG1,3,0.2990136545678237,0.08644764870405197,True,True
T02,1,BG1,4,0.39617984417874735,0.09601607173681259,True,True
T02,1,BG1,5,0.5828160032320068,0.08653569966554642,True,True
T02,1,BG1,6,0.7227150788500198,0.08536095172166824,True,True
T02,1,BG1,7,0.8535580371509044,0.09640716761350632,True,True
T02,1,BG1,8,0.9146122689641873,0.07972913980484009,True,True
T02,1,BG1,9,0.906568043167619,0.08127877861261368,True,True
T02,1,BG1,10,0.9627490208131411,0.07839694619178772,True,True
T02,1,BG1,11,1.0968622982938487,0.09123251587152481,True,True
T02,1,BG1,12,1.2402870533300139,0.10776733607053757,True,True
T02,1,BG1,13,1.418590569426165,0.09719791263341904,True,True
T02,1,BG1,14,1.373102195945079,0.08709603548049927,True,True
T02,1,BG1,15,1.3222877483221274,0.051523007452487946,True,True
T02,1,BG1,16,1.3648663658830076,0.07889928668737411,True,True
T02,1,BG1,17,1.6949783459617986,0.07393742352724075,True,True
T02,1,BG1,18,1.4832246973775365,0.08480894565582275,True,True
T02,1,BG1,19,1.2522669540848304,0.05211791768670082,True,True
T02,1,BG1,20,1.1609037369436426,0.05816458538174629,True,True
T02,2,BG1,1,0.05102534328926197,0.03629625216126442,True,True
T02,2,BG1,2,0.25667450076940534,0.05555219575762749,True,True
T02,2,BG1,3,0.500093903880145,0.057659123092889786,True,True
T02,2,BG1,4,0.6720371464868533,0.040693506598472595,True,True
T02,2,BG1,5,0.8251469258057366,0.03249155730009079,True,True
T02,2,BG1,6,0.8834796318955564,0.07715346664190292,True,True
T02,2,BG1,7,1.011885996873228,0.08642364293336868,True,True
T02,2,BG1,8,1.1466327437571828,0.09912405163049698,True,True
T02,2,BG1,9,1.0378760115100312,0.09318337589502335,True,True
T02,2,BG1,10,1.2168708684816298,0.09606607258319855,True,True
T02,2,BG1,11,1.3147081245920815,0.10283194482326508,True,True
T02,2,BG1,12,1.5783584540606035,0.10271230340003967,True,True
T02,2,BG1,13,1.6234686821841076,0.07640930265188217,True,True
T02,2,BG1,14,1.6544188587435793,0.06187182664871216,True,True
T02,2,BG1,15,1.8709048224607683,0.043966587632894516,True,True
T02,2,BG1,16,2.0152990126145367,0.04577800631523132,True,True
T02,2,BG1,17,2.304696073563556,0.04598579928278923,True,True
T02,2,BG1,18,2.084908964363965,0.05342583358287811,True,True
T02,2,BG1,19,2.2191119582784453,0.05673936754465103,True,True
T02,2,BG1,20,2.251585662669098,0.03793221339583397,True,True
T02,0,BG2,1,0.25913965529795874,0.046460170298814774,True,True
T02,0,BG2,2,0.4142633192982488,0.06807009875774384,True,True
T02,0,BG2,3,0.5659806967821884,0.06744882464408875,True,True
T02,0,BG2,4,0.5175411202205283,0.025211086496710777,True,True
T02,0,BG2,5,0.555622022603217,0.05891992896795273,True,True
T02,0,BG2,6,0.5618248455660274,0.05899230018258095,True,True
T02,0,BG2,7,0.5857751985920823,0.047742683440446854,True,True
T02,0,BG2,8,0.6303304404532255,0.05312347039580345,True,True
T02,0,BG2,9,0.4944005878387991,0.019404388964176178,True,True
T02,0,BG2,10,0.4476655921122851,0.01602623425424099,True,True
T02,0,BG2,11,0.4399721093701333,0.020470812916755676,True,True
T02,0,BG2,12,0.4444091152669225,0.03072465769946575,True,True
T02,0,BG2,13,0.49706683421155456,0.06291510909795761,True,True
T02,0,BG2,14,0.6132538648505633,0.010412502102553844,True,True
T02,0,BG2,15,0.654714208498248,0.038146212697029114,True,True
T02,0,BG2,16,0.7889783732213339,0.06774498522281647,True,True
T02,0,BG2,17,0.8811100173710942,0.05796284228563309,True,True
T02,0,BG2,18,0.893371604769588,0.05959387868642807,True,True
T02,0,BG2,19,0.9374819169514429,0.09353557229042053,True,True
T02,0,BG2,20,1.0886116731690472,0.12476366013288498,True,True
T02,1,BG2,1,0.1788039191829143,0.010188441723585129,True,True
T02,1,BG2,2,0.20108068998919276,0.044393911957740784,True,True
T02,1,BG2,3,0.31459221290664957,0.08440209180116653,True,True
T02,1,BG2,4,0.4251929252054009,0.09074269235134125,True,True
T02,1,BG2,5,0.5965607344148873,0.07125354558229446,True,True
T02,1,BG2,6,0.731007121585854,0.0767335444688797,True,True
T02,1,BG2,7,0.8337734765207413,0.05390390008687973,True,True
T02,1,BG2,8,0.8916376718859075,0.053587235510349274,True,True
T02,1,BG2,9,0.895828926437871,0.03377832472324371,True,True
T02,1,BG2,10,0.9366164179723389,0.03517411649227142,True,True
T02,1,BG2,11,1.0735271528170696,0.016812792047858238,True,True
T02,1,BG2,12,1.2302599891437347,0.027405884116888046,True,True
T02,1,BG2,13,1.380181155822076,0.02256619557738304,True,True
T02,1,BG2,14,1.351098704801146,0.04262024909257889,True,True
T02,1,BG2,15,1.2861033199391887,0.006051274947822094,True,True
T02,1,BG2,16,1.340947630105833,0.04791809991002083,True,True
T02,1,BG2,17,1.7171248398674577,0.0764789804816246,True,True
T02,1,BG2,18,1.4943578659423908,0.0732259675860405,True,True
T02,1,BG2,19,1.2874704757734186,0.0759626105427742,True,True
T02,1,BG2,20,1.1952920452243145,0.0894504114985466,True,True
T02,2,BG2,1,0.054615444962014315,0.022979043424129486,True,True
T02,2,BG2,2,0.2148296650327321,0.006280137691646814,True,True
T02,2,BG2,3,0.45376801106018483,0.011043145321309566,True,True
T02,2,BG2,4,0.6240471767091993,0.023464277386665344,True,True
T02,2,BG2,5,0.804693645503503,0.05318613722920418,True,True
T02,2,BG2,6,0.865837116345714,0.09552029520273209,True,True
T02,2,BG2,7,1.0004475324858264,0.08842931687831879,True,True
T02,2,BG2,8,1.1280557136340563,0.07798124849796295,True,True
T02,2,BG2,9,1.0053930290545137,0.07853543013334274,True,True
T02,2,BG2,10,1.2300372254839642,0.0844203308224678,True,True
T02,2,BG2,11,1.3313425512225867,0.09290527552366257,True,True
T02,2,BG2,12,1.595386035096442,0.07316388189792633,True,True
T02,2,BG2,13,1.62820824679759,0.0327974334359169,True,True
T02,2,BG2,14,1.6666628548120086,0.08593560010194778,True,True
T02,2,BG2,15,1.8936316830938982,0.05481509119272232,True,True
T02,2,BG2,16,2.0382027217238394,0.04258919507265091,True,True
T02,2,BG2,17,2.313987522431698,0.06910310685634613,True,True
T02,2,BG2,18,2.0803110353673486,0.06679542362689972,True,True
T02,2,BG2,19,2.2399564176052302,0.044941872358322144,True,True
T02,2,BG2,20,2.233868653972991,0.10433709621429443,True,True
T02,0,BG3,1,0.20491021828633907,0.0979788675904274,True,True
T02,0,BG3,2,0.3162580484042853,0.1326301246881485,True,True
T02,0,BG3,3,0.4287567000417876,0.13510911166667938,True,True
T02,0,BG3,4,0.3966718591240447,0.14022304117679596,True,True
T02,0,BG3,5,0.4026173257275086,0.11169613897800446,True,True
T02,0,BG3,6,0.4111739389357416,0.09664920717477798,True,True
T02,0,BG3,7,0.46851186688427543,0.09070348739624023,True,True
T02,0,BG3,8,0.5245820989346863,0.08018673211336136,True,True
T02,0,BG3,9,0.3915143665384333,0.0913306400179863,True,True
T02,0,BG3,10,0.3362628414542782,0.11582653224468231,True,True
T02,0,BG3,11,0.30888689436302597,0.143343985080719,True,True
T02,0,BG3,12,0.29655706007999016,0.1364719271659851,True,True
T02,0,BG3,13,0.3209563952533232,0.1986951380968094,True,True
T02,0,BG3,14,0.4500934371443719,0.17862728238105774,True,True
T02,0,BG3,15,0.44665465187075604,0.17728395760059357,True,True
T02,0,BG3,16,0.5759990459818235,0.15177291631698608,True,True
T02,0,BG3,17,0.551953062392376,0.274096816778183,True,True
T02,0,BG3,18,0.6295268153732978,0.2173006385564804,True,True
T02,0,BG3,19,0.6518428360396393,0.2280905395746231,True,True
T02,0,BG3,20,0.6630731173723036,0.3117062747478485,True,True
T02,1,BG3,1,0.13233062951786945,0.03676377981901169,True,True
T02,1,BG3,2,0.16667420168084637,0.04874987527728081,True,True
T02,1,BG3,3,0.23751379490640231,0.09202864021062851,True,True
T02,1,BG3,4,0.31302743516913684,0.09522370249032974,True,True
T02,1,BG3,5,0.45736700276577763,0.10357697308063507,True,True
T02,1,BG3,6,0.5868710499249916,0.11709567904472351,True,True
T02,1,BG3,7,0.69510264227316,0.13962411880493164,True,True
T02,1,BG3,8,0.7668397125746702,0.1261569708585739,True,True
T02,1,BG3,9,0.7042453000597453,0.20174609124660492,True,True
T02,1,BG3,10,0.7607983016470201,0.19081659615039825,True,True
T02,1,BG3,11,0.866469401021153,0.20336215198040009,True,True
T02,1,BG3,12,1.018855365856339,0.19804324209690094,True,True
T02,1,BG3,13,1.1513814167161451,0.2071850299835205,True,True
T02,1,BG3,14,1.145963169879654,0.1799314171075821,True,True
T02,1,BG3,15,1.1171766507585574,0.17383821308612823,True,True
T02,1,BG3,16,1.1318749711246914,0.1775665581226349,True,True
T02,1,BG3,17,1.4581539788525335,0.18826207518577576,True,True
T02,1,BG3,18,1.274499867161386,0.16119840741157532,True,True
T02,1,BG3,19,1.0440050345979328,0.1911820024251938,True,True
T02,1,BG3,20,0.8805391752393356,0.2356652319431305,True,True
T02,2,BG3,1,0.035158039291113524,0.01797555759549141,True,True
T02,2,BG3,2,0.23235392379490102,0.065233014523983,True,True
T02,2,BG3,3,0.4535442567296956,0.08529222011566162,True,True
T02,2,BG3,4,0.6444918501502453,0.10434261709451675,True,True
T02,2,BG3,5,0.8130295570731806,0.08677002042531967,True,True
T02,2,BG3,6,0.8353595495201865,0.061220720410346985,True,True
T02,2,BG3,7,0.9505963101447262,0.06436944007873535,True,True
T02,2,BG3,8,1.0532753323310056,0.11599227786064148,True,True
T02,2,BG3,9,0.9473090948948534,0.10724209994077682,True,True
T02,2,BG3,10,1.1910135875925367,0.06725263595581055,True,True
T02,2,BG3,11,1.2760958554407067,0.11718954145908356,True,True
T02,2,BG3,12,1.517784627417775,0.10118401795625687,True,True
T02,2,BG3,13,1.5426554298644521,0.10878510773181915,True,True
T02,2,BG3,14,1.5478159873694828,0.1320333331823349,True,True
T02,2,BG3,15,1.7652909242671357,0.1335882693529129,True,True
T02,2,BG3,16,1.9351938963584123,0.15514320135116577,True,True
T02,2,BG3,17,2.1791738849174123,0.18828463554382324,True,True
T02,2,BG3,18,2.0279998950379077,0.14851754903793335,True,True
T02,2,BG3,19,2.1193302034706205,0.23589220643043518,True,True
T02,2,BG3,20,2.191485015552581,0.17908042669296265,True,True
T02,0,BG4,1,0.21986685691970312,0.05756199359893799,True,True
T02,0,BG4,2,0.36318098496155643,0.08589501678943634,True,True
T02,0,BG4,3,0.4996091041592391,0.07681834697723389,True,True
T02,0,BG4,4,0.47726169592036116,0.08090341091156006,True,True
T02,0,BG4,5,0.47644927812569476,0.0337798036634922,True,True
T02,0,BG4,6,0.4727753012595874,0.03172324597835541,True,True
T02,0,BG4,7,0.510218253656464,0.02877269685268402,True,True
T02,0,BG4,8,0.5472306610269568,0.0341353677213192,True,True
T02,0,BG4,9,0.4480420687455762,0.031344152987003326,True,True
T02,0,BG4,10,0.4157736512726795,0.03814678639173508,True,True
T02,0,BG4,11,0.4139724841688657,0.03255607187747955,True,True
T02,0,BG4,12,0.39366289404827304,0.04831298813223839,True,True
T02,0,BG4,13,0.4269820616739333,0.09867922216653824,True,True
T02,0,BG4,14,0.5464039509648947,0.07528617233037949,True,True
T02,0,BG4,15,0.5539304212855608,0.063838429749012,True,True
T02,0,BG4,16,0.6910589768991359,0.03905240818858147,True,True
T02,0,BG4,17,0.7425207529044396,0.08888329565525055,True,True
T02,0,BG4,18,0.723502598073459,0.11826035380363464,True,True
T02,0,BG4,19,0.7730880509321764,0.10472249984741211,True,True
T02,0,BG4,20,0.8383377674209538,0.13017798960208893,True,True
T02,1,BG4,1,0.1234128167222725,0.05753636360168457,True,True
T02,1,BG4,2,0.1968878008717186,0.046493932604789734,True,True
T02,1,BG4,3,0.3061753157954653,0.02914510853588581,True,True
T02,1,BG4,4,0.3757350475183729,0.048036448657512665,True,True
T02,1,BG4,5,0.5315151973434793,0.02684955671429634,True,True
T02,1,BG4,6,0.6416787097398228,0.018039409071207047,True,True
T02,1,BG4,7,0.7534720365808335,0.03867024555802345,True,True
T02,1,BG4,8,0.7916878341634583,0.051522351801395416,True,True
T02,1,BG4,9,0.7887369124908842,0.08567363023757935,True,True
T02,1,BG4,10,0.8355180366092025,0.08703543990850449,True,True
T02,1,BG4,11,0.9621535215791498,0.0948796346783638,True,True
T02,1,BG4,12,1.1237888545658437,0.0871887132525444,True,True
T02,1,BG4,13,1.251274246489112,0.11317893862724304,True,True
T02,1,BG4,14,1.2179177021193002,0.09931530058383942,True,True
T02,1,BG4,15,1.1791708323895793,0.10122250020503998,True,True
T02,1,BG4,16,1.2210312455689156,0.07459386438131332,True,True
T02,1,BG4,17,1.5596388681005298,0.08301561325788498,True,True
T02,1,BG4,18,1.3430841968570724,0.09453711658716202,True,True
T02,1,BG4,19,1.1194394926929487,0.11740462481975555,True,True
T02,1,BG4,20,0.9971051041383148,0.12056080251932144,True,True
T02,2,BG4,1,0.05165326435601924,0.07299725711345673,True,True
T02,2,BG4,2,0.2632190982896873,0.08107217401266098,True,True
T02,2,BG4,3,0.5095665138611826,0.0959184467792511,True,True
T02,2,BG4,4,0.6917568382373533,0.08579828590154648,True,True
T02,2,BG4,5,0.841490118670815,0.03546464815735817,True,True
T02,2,BG4,6,0.8727437144926413,0.030241914093494415,True,True
T02,2,BG4,7,0.9915983005313095,0.03573324903845787,True,True
T02,2,BG4,8,1.1123222857687054,0.05325443670153618,True,True
T02,2,BG4,9,1.0135112275887626,0.03654487058520317,True,True
T02,2,BG4,10,1.228067625670926,0.03271762654185295,True,True
T02,2,BG4,11,1.316615447571699,0.05739743262529373,True,True
T02,2,BG4,12,1.5751026291816108,0.021765124052762985,True,True
T02,2,BG4,13,1.569599605596182,0.0640830397605896,True,True
T02,2,BG4,14,1.597895807004427,0.06165182963013649,True,True
T02,2,BG4,15,1.8209536998662912,0.05342114344239235,True,True
T02,2,BG4,16,1.979461155381164,0.0671558752655983,True,True
T02,2,BG4,17,2.234009388178386,0.0955749973654747,True,True
T02,2,BG4,18,2.092409016344595,0.04887722432613373,True,True
T02,2,BG4,19,2.165315029491984,0.15518026053905487,True,True
T02,2,BG4,20,2.2026030485113512,0.1082923412322998,True,True
T02,0,BG5,1,0.18988017714743502,0.09582832455635071,True,True
T02,0,BG5,2,0.364371297995797,0.09365272521972656,True,True
T02,0,BG5,3,0.509791391876052,0.06895992159843445,True,True
T02,0,BG5,4,0.4840023258154749,0.08033309131860733,True,True
T02,0,BG5,5,0.45613445767669886,0.05812646821141243,True,True
T02,0,BG5,6,0.44449016875265324,0.06730063259601593,True,True
T02,0,BG5,7,0.5036148018021365,0.03833388164639473,True,True
T02,0,BG5,8,0.5274361765087946,0.054804567247629166,True,True
T02,0,BG5,9,0.4151229472286299,0.06948044151067734,True,True
T02,0,BG5,10,0.3751354512900175,0.07667451351881027,True,True
T02,0,BG5,11,0.43730393570217735,0.07547929137945175,True,True
T02,0,BG5,12,0.4119231703118877,0.09758903086185455,True,True
T02,0,BG5,13,0.48033035772033766,0.17770329117774963,True,True
T02,0,BG5,14,0.5421423469679224,0.09706888347864151,True,True
T02,0,BG5,15,0.6200065682481163,0.033519621938467026,True,True
T02,0,BG5,16,0.772937937290036,0.05815834924578667,True,True
T02,0,BG5,17,0.9076176706704365,0.1175699383020401,True,True
T02,0,BG5,18,0.9340918002067938,0.1286739706993103,True,True
T02,0,BG5,19,1.0341204754712068,0.163927361369133,True,True
T02,0,BG5,20,1.051917148241051,0.21143373847007751,True,True
T02,1,BG5,1,0.11158806190790184,0.05892043188214302,True,True
T02,1,BG5,2,0.20142689637453048,0.07631464302539825,True,True
T02,1,BG5,3,0.3318808340627048,0.025112463161349297,True,True
T02,1,BG5,4,0.403744857092798,0.04656216502189636,True,True
T02,1,BG5,5,0.5572805245927712,0.03165313974022865,True,True
T02,1,BG5,6,0.7299144261652823,0.07252028584480286,True,True
T02,1,BG5,7,0.8414105740024963,0.0633750781416893,True,True
T02,1,BG5,8,0.8743722922083331,0.03470337390899658,True,True
T02,1,BG5,9,0.8034661275169258,0.08151624351739883,True,True
T02,1,BG5,10,0.821560479938575,0.13683222234249115,True,True
T02,1,BG5,11,0.9909468410239893,0.21335628628730774,True,True
T02,1,BG5,12,1.1869363734965948,0.20500651001930237,True,True
T02,1,BG5,13,1.2823864618572367,0.26675549149513245,True,True
T02,1,BG5,14,1.2401660046757497,0.15176299214363098,True,True
T02,1,BG5,15,1.2493422381649806,0.12351695448160172,True,True
T02,1,BG5,16,1.3524281839288896,0.1317143589258194,True,True
T02,1,BG5,17,1.6914284292247446,0.06478554755449295,True,True
T02,1,BG5,18,1.5483485101834626,0.11586890369653702,True,True
T02,1,BG5,19,1.251222372932367,0.023220224305987358,True,True
T02,1,BG5,20,1.1814365277486132,0.06703584641218185,True,True
T02,2,BG5,1,0.04001149947378375,0.012828257866203785,True,True
T02,2,BG5,2,0.2672131052464418,0.07780055701732635,True,True
T02,2,BG5,3,0.5214590614855558,0.09199576079845428,True,True
T02,2,BG5,4,0.6658662447484158,0.07861071079969406,True,True
T02,2,BG5,5,0.815973813028508,0.023330919444561005,True,True
T02,2,BG5,6,0.8431065972625793,0.0653776153922081,True,True
T02,2,BG5,7,0.985378753165657,0.06465069204568863,True,True
T02,2,BG5,8,1.0765191592155938,0.08636368811130524,True,True
T02,2,BG5,9,0.9963528021352862,0.052617255598306656,True,True
T02,2,BG5,10,1.2159610221400832,0.055024489760398865,True,True
T02,2,BG5,11,1.3204654881184759,0.09456700086593628,True,True
T02,2,BG5,12,1.5856234978332757,0.07804135233163834,True,True
T02,2,BG5,13,1.5887484591712282,0.06586291640996933,True,True
T02,2,BG5,14,1.608137070130598,0.05118102952837944,True,True
T02,2,BG5,15,1.796825787765877,0.07908614724874496,True,True
T02,2,BG5,16,2.0027000777682504,0.024654505774378777,True,True
T02,2,BG5,17,2.2610573402986143,0.04800049215555191,True,True
T02,2,BG5,18,2.037205802699503,0.06817948073148727,True,True
T02,2,BG5,19,2.0988089858893817,0.1842791736125946,True,True
T02,2,BG5,20,2.0894623702014634,0.2988217771053314,True,True
T02,0,BG6,1,0.05587742193574549,0.2225516140460968,True,True
T02,0,BG6,2,0.2838477802859688,0.27932101488113403,True,True
T02,0,BG6,3,0.36074684419978376,0.3574416935443878,True,True
T02,0,BG6,4,0.3772199301569888,0.40206071734428406,True,True
T02,0,BG6,5,0.2727707547888475,0.4809207320213318,True,True
T02,0,BG6,6,0.10385935887810345,0.5828788876533508,True,True
T02,0,BG6,7,0.13248227493986683,0.6518971920013428,True,True
T02,0,BG6,8,0.08982439268599535,0.669593870639801,True,True
T02,0,BG6,9,0.21555757141521076,0.6097000241279602,True,True
T02,0,BG6,10,0.3503066391073484,0.6642422080039978,True,True
T02,0,BG6,11,0.4986072132254085,0.7417279481887817,True,True
T02,0,BG6,12,0.576092180167787,0.8196449279785156,True,True
T02,0,BG6,13,0.5537537217268048,0.99900883436203,True,True
T02,0,BG6,14,0.7684653070301247,1.1347235441207886,True,True
T02,0,BG6,15,0.7614262777577592,1.1922942399978638,True,True
T02,0,BG6,16,0.7749450165031816,1.2891298532485962,True,True
T02,0,BG6,17,1.035544223976472,1.6328201293945312,True,True
T02,0,BG6,18,1.0698616363841962,1.7292453050613403,True,True
T02,0,BG6,19,1.1396924961358503,1.7637032270431519,True,True
T02,0,BG6,20,1.2007504390353583,2.1263904571533203,True,True
T02,1,BG6,1,0.05035149233904111,0.13323184847831726,True,True
T02,1,BG6,2,0.11003444498530361,0.15044713020324707,True,True
T02,1,BG6,3,0.157576674106552,0.19143378734588623,True,True
T02,1,BG6,4,0.19977664440202864,0.2141573429107666,True,True
T02,1,BG6,5,0.31231141029045545,0.24370716512203217,True,True
T02,1,BG6,6,0.4102586581307492,0.2665289342403412,True,True
T02,1,BG6,7,0.5119046539409751,0.3204004466533661,True,True
T02,1,BG6,8,0.5175246371460493,0.3361484706401825,True,True
T02,1,BG6,9,0.4355912699286898,0.4473874270915985,True,True
T02,1,BG6,10,0.45336921008183395,0.4655425250530243,True,True
T02,1,BG6,11,0.5483667952083443,0.5219306945800781,True,True
T02,1,BG6,12,0.7351316623701613,0.5080181360244751,True,True
T02,1,BG6,13,0.8410208662809652,0.5348389744758606,True,True
T02,1,BG6,14,0.7504673743543766,0.576932966709137,True,True
T02,1,BG6,15,0.6859017212427901,0.601900577545166,True,True
T02,1,BG6,16,0.6938997081497557,0.6733701825141907,True,True
T02,1,BG6,17,0.9632567137551378,0.8028852939605713,True,True
T02,1,BG6,18,0.7610886231746895,0.8969675302505493,True,True
T02,1,BG6,19,0.5981493742246483,1.1064586639404297,True,True
T02,1,BG6,20,0.3047832461408234,1.1046653985977173,True,True
T02,2,BG6,1,0.029847736538163732,0.05880299583077431,True,True
T02,2,BG6,2,0.25398887194961056,0.09491261839866638,True,True
T02,2,BG6,3,0.430743277367149,0.11471473425626755,True,True
T02,2,BG6,4,0.5964021544274298,0.14073309302330017,True,True
T02,2,BG6,5,0.732921693538945,0.1375148594379425,True,True
T02,2,BG6,6,0.8036353238376303,0.1259768158197403,True,True
T02,2,BG6,7,0.9590402469749069,0.1026359498500824,True,True
T02,2,BG6,8,1.0735893044206648,0.16058272123336792,True,True
T02,2,BG6,9,0.9561069554607944,0.16911108791828156,True,True
T02,2,BG6,10,1.1522774037336185,0.16536538302898407,True,True
T02,2,BG6,11,1.2038549424564389,0.24179138243198395,True,True
T02,2,BG6,12,1.407944296897549,0.24739810824394226,True,True
T02,2,BG6,13,1.4804959876671877,0.22963640093803406,True,True
T02,2,BG6,14,1.530506647024168,0.23021931946277618,True,True
T02,2,BG6,15,1.8266384979988357,0.23772762715816498,True,True
T02,2,BG6,16,2.050824110701716,0.31607773900032043,True,True
T02,2,BG6,17,2.326000173999194,0.3958066403865814,True,True
T02,2,BG6,18,2.3581452209434444,0.5081990361213684,True,True
T02,2,BG6,19,2.5000642827569908,0.6099810600280762,True,True
T02,2,BG6,20,2.6107593560284177,0.5580004453659058,True,True
T02,0,BG7,1,0.23899499932921392,0.047737278044223785,True,True
T02,0,BG7,2,0.4004483159380351,0.05017845705151558,True,True
T02,0,BG7,3,0.5185696093838498,0.045333269983530045,True,True
T02,0,BG7,4,0.488232175168086,0.018230848014354706,True,True
T02,0,BG7,5,0.4493766420938176,0.06294408440589905,True,True
T02,0,BG7,6,0.48422923742259627,0.0610915906727314,True,True
T02,0,BG7,7,0.5098915748591296,0.052766282111406326,True,True
T02,0,BG7,8,0.5329338709514219,0.06509996205568314,True,True
T02,0,BG7,9,0.40675575665808955,0.09310786426067352,True,True
T02,0,BG7,10,0.3484700916044742,0.12460095435380936,True,True
T02,0,BG7,11,0.39563387074541956,0.050714995712041855,True,True
T02,0,BG7,12,0.3557150885443101,0.07449761778116226,True,True
T02,0,BG7,13,0.4004502070699575,0.12199748307466507,True,True
T02,0,BG7,14,0.5532798697143371,0.07671758532524109,True,True
T02,0,BG7,15,0.6019153989715812,0.05573166906833649,True,True
T02,0,BG7,16,0.7039454796017444,0.05387182533740997,True,True
T02,0,BG7,17,0.6873307959220117,0.1544119119644165,True,True
T02,0,BG7,18,0.7166669968346413,0.20532481372356415,True,True
T02,0,BG7,19,0.8565888013824419,0.06973303854465485,True,True
T02,0,BG7,20,0.7896282858908161,0.1763286292552948,True,True
T02,1,BG7,1,0.12755701113678625,0.042090341448783875,True,True
T02,1,BG7,2,0.17633176098780262,0.03910448029637337,True,True
T02,1,BG7,3,0.28040983992794294,0.04780188202857971,True,True
T02,1,BG7,4,0.3375008924803396,0.07018686085939407,True,True
T02,1,BG7,5,0.4972221322037584,0.06660274416208267,True,True
T02,1,BG7,6,0.6317894188896443,0.04338155686855316,True,True
T02,1,BG7,7,0.7617116760849246,0.08625640720129013,True,True
T02,1,BG7,8,0.823237059011492,0.0594518817961216,True,True
T02,1,BG7,9,0.7351836915558477,0.14917634427547455,True,True
T02,1,BG7,10,0.756086385409311,0.16192087531089783,True,True
T02,1,BG7,11,0.8848675653964165,0.21025685966014862,True,True
T02,1,BG7,12,0.9874308032721746,0.23233409225940704,True,True
T02,1,BG7,13,1.1168769189545702,0.273217111825943,True,True
T02,1,BG7,14,1.047908406709235,0.28350579738616943,True,True
T02,1,BG7,15,0.972321613472882,0.31619322299957275,True,True
T02,1,BG7,16,1.0391689902274832,0.33118337392807007,True,True
T02,1,BG7,17,1.3777181407529409,0.2802777588367462,True,True
T02,1,BG7,18,1.2606215715434892,0.22940631210803986,True,True
T02,1,BG7,19,0.9971366185113781,0.26332342624664307,True,True
T02,1,BG7,20,0.857631822073703,0.2628941833972931,True,True
T02,2,BG7,1,0.06510637778413783,0.016641579568386078,True,True
T02,2,BG7,2,0.2065191849775104,0.011346801184117794,True,True
T02,2,BG7,3,0.3940055997174126,0.06713566184043884,True,True
T02,2,BG7,4,0.5479062229998023,0.10377383977174759,True,True
T02,2,BG7,5,0.7323414280144891,0.1536039412021637,True,True
T02,2,BG7,6,0.7897582624049756,0.2016613930463791,True,True
T02,2,BG7,7,0.9104133132716935,0.2225591391324997,True,True
T02,2,BG7,8,0.9794434269627551,0.23659782111644745,True,True
T02,2,BG7,9,0.8983529087957494,0.1817571073770523,True,True
T02,2,BG7,10,1.157382562180266,0.1068110242486,True,True
T02,2,BG7,11,1.2564161026994762,0.11672762781381607,True,True
T02,2,BG7,12,1.4763193077940742,0.12440944463014603,True,True
T02,2,BG7,13,1.5072519139686615,0.1264493465423584,True,True
T02,2,BG7,14,1.627906301083982,0.036783039569854736,True,True
T02,2,BG7,15,1.828429092221342,0.03968158736824989,True,True
T02,2,BG7,16,1.9792602430359771,0.0966162160038948,True,True
T02,2,BG7,17,2.2380358632679616,0.13660180568695068,True,True
T02,2,BG7,18,2.14849830360409,0.10722878575325012,True,True
T02,2,BG7,19,2.241245117943692,0.12405534088611603,True,True
T02,2,BG7,20,2.165732443263606,0.11371713131666183,True,True
T02,0,BG8,1,0.1075719023561882,0.1735048145055771,True,True
T02,0,BG8,2,0.3098409088537663,0.27433255314826965,True,True
T02,0,BG8,3,0.44406995748708183,0.3753088712692261,True,True
T02,0,BG8,4,0.5398728184675886,0.5280857086181641,True,True
T02,0,BG8,5,0.5355261623111353,0.7664792537689209,True,True
T02,0,BG8,6,0.46252303411808365,0.9338063597679138,True,True
T02,0,BG8,7,0.5495019513335488,1.0610021352767944,True,True
T02,0,BG8,8,0.698399865146129,1.2681864500045776,True,True
T02,0,BG8,9,1.0414206148633363,1.4381999969482422,True,True
T02,0,BG8,10,1.318661011610928,1.5906832218170166,True,True
T02,0,BG8,11,1.535338419648695,1.7811447381973267,True,True
T02,0,BG8,12,1.8331424138854049,2.0755512714385986,True,True
T02,0,BG8,13,1.9754952210478636,2.3900809288024902,True,True
T02,0,BG8,14,2.3323022641008877,2.6895298957824707,True,True
T02,0,BG8,15,2.6944718391562077,3.114809989929199,True,True
T02,0,BG8,16,3.011878442157786,3.5204877853393555,True,True
T02,0,BG8,17,3.5114834085562334,4.154512882232666,True,True
T02,0,BG8,18,4.0884466990901105,4.775111198425293,True,True
T02,0,BG8,19,4.535816586729315,5.206835746765137,True,True
T02,0,BG8,20,5.103873055334908,6.0274553298950195,True,True
T02,1,BG8,1,0.05437479252849162,0.14418524503707886,True,True
T02,1,BG8,2,0.27943510769360336,0.27036383748054504,True,True
T02,1,BG8,3,0.468590719376498,0.3564828932285309,True,True
T02,1,BG8,4,0.5728279455850518,0.5652590394020081,True,True
T02,1,BG8,5,0.5723807229373221,0.7723188996315002,True,True
T02,1,BG8,6,0.4430747419791409,0.9133048057556152,True,True
T02,1,BG8,7,0.34925487972374103,1.0328048467636108,True,True
T02,1,BG8,8,0.33468897256942176,1.14584219455719,True,True
T02,1,BG8,9,0.5110571142214816,1.1628038883209229,True,True
T02,1,BG8,10,0.6956011100177961,1.2443548440933228,True,True
T02,1,BG8,11,0.7592196740130708,1.3336783647537231,True,True
T02,1,BG8,12,1.001178079985315,1.4468141794204712,True,True
T02,1,BG8,13,1.2023645513449057,1.7667453289031982,True,True
T02,1,BG8,14,1.1678615591972528,1.952497959136963,True,True
T02,1,BG8,15,1.468064493995085,2.2877159118652344,True,True
T02,1,BG8,16,1.910887388972046,2.6551034450531006,True,True
T02,1,BG8,17,2.3724265430073763,3.0494115352630615,True,True
T02,1,BG8,18,2.7903051715847154,3.469364643096924,True,True
T02,1,BG8,19,2.980429693901724,3.6426339149475098,True,True
T02,1,BG8,20,3.2556185684269603,4.056272029876709,True,True
T02,2,BG8,1,0.05233638166500552,0.050442732870578766,True,True
T02,2,BG8,2,0.19649635093664816,0.13233190774917603,True,True
T02,2,BG8,3,0.35199613526472107,0.2013341635465622,True,True
T02,2,BG8,4,0.4918529657167188,0.29967179894447327,True,True
T02,2,BG8,5,0.6243036214592551,0.3922995626926422,True,True
T02,2,BG8,6,0.6527882545306257,0.4436490535736084,True,True
T02,2,BG8,7,0.7659652428191268,0.47867336869239807,True,True
T02,2,BG8,8,0.9138258557239489,0.6753547787666321,True,True
T02,2,BG8,9,0.9784478348050625,0.7376388311386108,True,True
T02,2,BG8,10,1.2109324089771791,0.806628406047821,True,True
T02,2,BG8,11,1.332255057677907,0.9469013810157776,True,True
T02,2,BG8,12,1.6520123778218472,1.238896131515503,True,True
T02,2,BG8,13,1.6591450095868723,1.3918191194534302,True,True
T02,2,BG8,14,2.003130260021487,1.5465829372406006,True,True
T02,2,BG8,15,2.3797115293907156,1.777026891708374,True,True
T02,2,BG8,16,2.7056627190819196,1.8977024555206299,True,True
T02,2,BG8,17,3.1355178032003277,2.4246463775634766,True,True
T02,2,BG8,18,3.472804313585572,2.497276544570923,True,True
T02,2,BG8,19,3.7982472912445266,2.8840901851654053,True,True
T02,2,BG8,20,4.313846467932143,3.096010446548462,True,True
T02,0,BG9,1,0.16096226596782226,0.12095797806978226,True,True
T02,0,BG9,2,0.3690707047314189,0.10354877263307571,True,True
T02,0,BG9,3,0.4698492197170662,0.12010384351015091,True,True
T02,0,BG9,4,0.4088369579891064,0.16699281334877014,True,True
T02,0,BG9,5,0.35791716251143874,0.16823136806488037,True,True
T02,0,BG9,6,0.3488824330568959,0.156409353017807,True,True
T02,0,BG9,7,0.3401651413144762,0.19845615327358246,True,True
T02,0,BG9,8,0.41112362135105723,0.18565917015075684,True,True
T02,0,BG9,9,0.35617605501272986,0.12738794088363647,True,True
T02,0,BG9,10,0.3404985394738303,0.11405067145824432,True,True
T02,0,BG9,11,0.2923059177285607,0.15533992648124695,True,True
T02,0,BG9,12,0.2593102608381815,0.16576604545116425,True,True
T02,0,BG9,13,0.2422484103978586,0.27026495337486267,True,True
T02,0,BG9,14,0.38296399222428,0.26841503381729126,True,True
T02,0,BG9,15,0.2599849638876816,0.3702612519264221,True,True
T02,0,BG9,16,0.2781000389136378,0.47405076026916504,True,True
T02,0,BG9,17,0.31800530370665336,0.5611571669578552,True,True
T02,0,BG9,18,0.20825087514653856,0.7105949521064758,True,True
T02,0,BG9,19,0.28572290202731143,0.6771491765975952,True,True
T02,0,BG9,20,0.06013690867726661,0.9185384511947632,True,True
T02,1,BG9,1,0.1215005777066611,0.06889136880636215,True,True
T02,1,BG9,2,0.2684878758996814,0.12484578788280487,True,True
T02,1,BG9,3,0.3881774069467568,0.09024958312511444,True,True
T02,1,BG9,4,0.43025852735220516,0.15432217717170715,True,True
T02,1,BG9,5,0.4710181543346066,0.1697874814271927,True,True
T02,1,BG9,6,0.5115464291011019,0.18200762569904327,True,True
T02,1,BG9,7,0.6091570562444192,0.18648843467235565,True,True
T02,1,BG9,8,0.6537515612040006,0.18861235678195953,True,True
T02,1,BG9,9,0.6124679477329832,0.2609931528568268,True,True
T02,1,BG9,10,0.6957817577047893,0.22683100402355194,True,True
T02,1,BG9,11,0.8247554556512787,0.23370100557804108,True,True
T02,1,BG9,12,0.9970768813761179,0.2168152779340744,True,True
T02,1,BG9,13,1.137508909770566,0.2270244061946869,True,True
T02,1,BG9,14,1.168097131632334,0.1537690907716751,True,True
T02,1,BG9,15,1.1577214101215292,0.19034545123577118,True,True
T02,1,BG9,16,1.1545047846128118,0.19465190172195435,True,True
T02,1,BG9,17,1.401514930774843,0.27915406227111816,True,True
T02,1,BG9,18,1.1036618243326546,0.33256030082702637,True,True
T02,1,BG9,19,0.8642643924721125,0.3661297559738159,True,True
T02,1,BG9,20,0.7198524208489391,0.43736782670021057,True,True
T02,2,BG9,1,0.017840800970143452,0.03635571524500847,True,True
T02,2,BG9,2,0.21885180371764607,0.06482421606779099,True,True
T02,2,BG9,3,0.4201742546871553,0.11065082252025604,True,True
T02,2,BG9,4,0.5999393333536528,0.15055109560489655,True,True
T02,2,BG9,5,0.7394455156516078,0.14405114948749542,True,True
T02,2,BG9,6,0.7838786166680655,0.16422919929027557,True,True
T02,2,BG9,7,0.9282888938668521,0.1450752466917038,True,True
T02,2,BG9,8,1.0474101868548795,0.22403937578201294,True,True
T02,2,BG9,9,0.9409567890561309,0.23855769634246826,True,True
T02,2,BG9,10,1.18165371373269,0.1863340586423874,True,True
T02,2,BG9,11,1.261206004525281,0.25044167041778564,True,True
T02,2,BG9,12,1.5224818108746594,0.23286527395248413,True,True
T02,2,BG9,13,1.4722151436517092,0.27356359362602234,True,True
T02,2,BG9,14,1.48754065853674,0.21497806906700134,True,True
T02,2,BG9,15,1.6780524003545174,0.24331063032150269,True,True
T02,2,BG9,16,1.9373008541842458,0.3033141791820526,True,True
T02,2,BG9,17,2.159053652777024,0.3873775005340576,True,True
T02,2,BG9,18,2.1336159647378206,0.38485825061798096,True,True
T02,2,BG9,19,2.19258829356959,0.5398035645484924,True,True
T02,2,BG9,20,2.2991295944189867,0.5190755724906921,True,True
T02,0,BG10,1,0.06943205721069697,0.2877858877182007,True,True
T02,0,BG10,2,0.32299469313525275,0.44892898201942444,True,True
T02,0,BG10,3,0.500124749196541,0.6586689352989197,True,True
T02,0,BG10,4,0.6987028704192085,0.8446780443191528,True,True
T02,0,BG10,5,0.7347960923597449,1.0812033414840698,True,True
T02,0,BG10,6,0.8521271437818271,1.3509140014648438,True,True
T02,0,BG10,7,0.9883532183187329,1.5238600969314575,True,True
T02,0,BG10,8,1.226261028299486,1.8066374063491821,True,True
T02,0,BG10,9,1.6131361822412549,2.061528444290161,True,True
T02,0,BG10,10,1.978495126742703,2.3281314373016357,True,True
T02,0,BG10,11,2.2666524503850805,2.5997838973999023,True,True
T02,0,BG10,12,2.60078923475763,2.9136948585510254,True,True
T02,0,BG10,13,2.991423578007333,3.4555838108062744,True,True
T02,0,BG10,14,3.4724078754117595,3.926487445831299,True,True
T02,0,BG10,15,3.97834095575838,4.478979587554932,True,True
T02,0,BG10,16,4.525646647869652,5.120233058929443,True,True
T02,0,BG10,17,5.129927796143755,5.836843490600586,True,True
T02,0,BG10,18,5.990768639316203,6.734079837799072,True,True
T02,0,BG10,19,6.788056325357664,7.520968914031982,True,True
T02,0,BG10,20,7.651496547173328,8.601221084594727,True,True
T02,1,BG10,1,0.04530806680426245,0.18046018481254578,True,True
T02,1,BG10,2,0.2910343377228101,0.33839863538742065,True,True
T02,1,BG10,3,0.429478033818615,0.4353005886077881,True,True
T02,1,BG10,4,0.5110915234141936,0.6440752148628235,True,True
T02,1,BG10,5,0.5366828922678509,0.8977446556091309,True,True
T02,1,BG10,6,0.5417555353957133,1.172818660736084,True,True
T02,1,BG10,7,0.6303328689290366,1.407274603843689,True,True
T02,1,BG10,8,0.7481821252288227,1.5893864631652832,True,True
T02,1,BG10,9,0.9574407900126202,1.7915666103363037,True,True
T02,1,BG10,10,1.0084895863932002,1.8305120468139648,True,True
T02,1,BG10,11,1.0613057574010067,2.0135560035705566,True,True
T02,1,BG10,12,1.189004163079828,2.1365747451782227,True,True
T02,1,BG10,13,1.454242991947733,2.513690233230591,True,True
T02,1,BG10,14,1.7924564940125136,2.88694429397583,True,True
T02,1,BG10,15,2.380025549226264,3.446911334991455,True,True
T02,1,BG10,16,3.0447991322760473,3.9634547233581543,True,True
T02,1,BG10,17,3.5904858898188445,4.537519931793213,True,True
T02,1,BG10,18,4.102771374084191,4.952089309692383,True,True
T02,1,BG10,19,4.5346610813575525,5.31166934967041,True,True
T02,1,BG10,20,5.069389396440086,5.928318500518799,True,True
T02,2,BG10,1,0.042652982262235455,0.08392263203859329,True,True
T02,2,BG10,2,0.1808703313743514,0.2006298154592514,True,True
T02,2,BG10,3,0.3199818469064848,0.3792913556098938,True,True
T02,2,BG10,4,0.41614040067089203,0.5884227156639099,True,True
T02,2,BG10,5,0.5006247983187834,0.701237678527832,True,True
T02,2,BG10,6,0.5627723965373547,0.798660159111023,True,True
T02,2,BG10,7,0.7016650072452886,0.9714816212654114,True,True
T02,2,BG10,8,0.9177411919220811,1.1542466878890991,True,True
T02,2,BG10,9,1.0511988241882744,1.2723444700241089,True,True
T02,2,BG10,10,1.2111239871196127,1.4408061504364014,True,True
T02,2,BG10,11,1.409310532331026,1.6520137786865234,True,True
T02,2,BG10,12,1.6326478531359003,1.9469083547592163,True,True
T02,2,BG10,13,1.8107436317731804,2.221069812774658,True,True
T02,2,BG10,14,2.096562466549223,2.269686698913574,True,True
T02,2,BG10,15,2.482106087575385,2.5024333000183105,True,True
T02,2,BG10,16,2.8645661919339633,2.673295021057129,True,True
T02,2,BG10,17,3.1973354700469674,2.9749300479888916,True,True
T02,2,BG10,18,3.598569515602756,3.0837697982788086,True,True
T02,2,BG10,19,4.198918823121911,3.668030261993408,True,True
T02,2,BG10,20,4.872057451109738,4.0039238929748535,True,True
T02,0,BG11,1,0.1052726483326278,0.1823069453239441,True,True
T02,0,BG11,2,0.32016935441802485,0.21024951338768005,True,True
T02,0,BG11,3,0.3840689797636107,0.29011550545692444,True,True
T02,0,BG11,4,0.363251428972618,0.3409402072429657,True,True
T02,0,BG11,5,0.21334666127311247,0.4529613256454468,True,True
T02,0,BG11,6,0.04804965454458404,0.47673970460891724,True,True
T02,0,BG11,7,0.03952382393565109,0.5211775898933411,True,True
T02,0,BG11,8,0.13527025800655554,0.4907800555229187,True,True
T02,0,BG11,9,0.046126098307377704,0.45403698086738586,True,True
T02,0,BG11,10,0.13815326242148454,0.5233480334281921,True,True
T02,0,BG11,11,0.25115730123660895,0.5971401929855347,True,True
T02,0,BG11,12,0.32514570019433603,0.6586408019065857,True,True
T02,0,BG11,13,0.3403010200219787,0.8415284156799316,True,True
T02,0,BG11,14,0.5386122090859202,0.9900683164596558,True,True
T02,0,BG11,15,0.5447426146193807,1.098824381828308,True,True
T02,0,BG11,16,0.5981029093087415,1.2444326877593994,True,True
T02,0,BG11,17,0.6529445693430117,1.3992801904678345,True,True
T02,0,BG11,18,0.7801016217012637,1.5749216079711914,True,True
T02,0,BG11,19,0.8443367691010648,1.6597511768341064,True,True
T02,0,BG11,20,1.027878567119187,1.9891464710235596,True,True
T02,1,BG11,1,0.08731196224836484,0.09062813967466354,True,True
T02,1,BG11,2,0.18293615643405278,0.09994295984506607,True,True
T02,1,BG11,3,0.25374012390193623,0.11926506459712982,True,True
T02,1,BG11,4,0.2700680407779782,0.16688916087150574,True,True
T02,1,BG11,5,0.3103097677535326,0.2430693656206131,True,True
T02,1,BG11,6,0.41554636264558004,0.2616187334060669,True,True
T02,1,BG11,7,0.4931954297470396,0.3248995840549469,True,True
T02,1,BG11,8,0.5721921522043589,0.2972187101840973,True,True
T02,1,BG11,9,0.48416441273993593,0.42419740557670593,True,True
T02,1,BG11,10,0.5254647116152265,0.40858128666877747,True,True
T02,1,BG11,11,0.5755959030473692,0.4908181428909302,True,True
T02,1,BG11,12,0.7075036778918522,0.5040972232818604,True,True
T02,1,BG11,13,0.7732265207594188,0.5895359516143799,True,True
T02,1,BG11,14,0.7368634686799291,0.5786622762680054,True,True
T02,1,BG11,15,0.6431611124110874,0.6589047312736511,True,True
T02,1,BG11,16,0.49148852128139014,0.8044580221176147,True,True
T02,1,BG11,17,0.8243749550132844,0.8445069193840027,True,True
T02,1,BG11,18,0.59466818823103,0.9477155208587646,True,True
T02,1,BG11,19,0.37573361677508954,1.0961034297943115,True,True
T02,1,BG11,20,0.09503906221748187,1.2099311351776123,True,True
T02,2,BG11,1,0.011339395399989523,0.05703010410070419,True,True
T02,2,BG11,2,0.22716486834373587,0.09761177748441696,True,True
T02,2,BG11,3,0.3646010875588492,0.144622340798378,True,True
T02,2,BG11,4,0.4829632604427094,0.24929454922676086,True,True
T02,2,BG11,5,0.6236945612965674,0.2612565755844116,True,True
T02,2,BG11,6,0.6463981516247916,0.3072170615196228,True,True
T02,2,BG11,7,0.8107455244820145,0.2881830334663391,True,True
T02,2,BG11,8,0.8527365090785742,0.436131089925766,True,True
T02,2,BG11,9,0.8318793169633438,0.38171902298927307,True,True
T02,2,BG11,10,1.0337726956374917,0.38351866602897644,True,True
T02,2,BG11,11,1.0241018985344557,0.5142403841018677,True,True
T02,2,BG11,12,1.2175692326263372,0.5551106333732605,True,True
T02,2,BG11,13,1.154345194996649,0.6290606260299683,True,True
T02,2,BG11,14,1.3015679628357966,0.6127563714981079,True,True
T02,2,BG11,15,1.4322529902458605,0.641166090965271,True,True
T02,2,BG11,16,1.6690632978920832,0.6530253291130066,True,True
T02,2,BG11,17,1.8749171607448953,0.7271836400032043,True,True
T02,2,BG11,18,2.0114193507485516,0.6960287690162659,True,True
T02,2,BG11,19,2.04620785782807,0.92112135887146,True,True
T02,2,BG11,20,2.1889120360051537,0.890756368637085,True,True
T02,0,BG12,1,0.2300072322970646,0.06682098656892776,True,True
T02,0,BG12,2,0.3723308272351609,0.08356579393148422,True,True
T02,0,BG12,3,0.5025871550384762,0.07005979120731354,True,True
T02,0,BG12,4,0.49521289886966474,0.052345264703035355,True,True
T02,0,BG12,5,0.5125291397610968,0.0034520397894084454,True,True
T02,0,BG12,6,0.5080854620406821,0.015923598781228065,True,True
T02,0,BG12,7,0.5380523518867895,0.020113840699195862,True,True
T02,0,BG12,8,0.5233040884449465,0.057350773364305496,True,True
T02,0,BG12,9,0.46823404030259586,0.014012963511049747,True,True
T02,0,BG12,10,0.45369525033173397,0.05275711789727211,True,True
T02,0,BG12,11,0.4868458405665194,0.05189136043190956,True,True
T02,0,BG12,12,0.4735187542539603,0.05136758089065552,True,True
T02,0,BG12,13,0.5258327973598945,0.10882339626550674,True,True
T02,0,BG12,14,0.6083571074300824,0.05204515531659126,True,True
T02,0,BG12,15,0.6664225037088157,0.0812351182103157,True,True
T02,0,BG12,16,0.7271052824697806,0.038078371435403824,True,True
T02,0,BG12,17,0.7778514196649519,0.050611939281225204,True,True
T02,0,BG12,18,0.8305383833985628,0.01141892746090889,True,True
T02,0,BG12,19,0.8646452262251632,0.10198311507701874,True,True
T02,0,BG12,20,0.8968244208390559,0.077298104763031,True,True
T02,1,BG12,1,0.13715780584355072,0.03213367983698845,True,True
T02,1,BG12,2,0.19618273565641184,0.0670124739408493,True,True
T02,1,BG12,3,0.3125185336487034,0.06802640110254288,True,True
T02,1,BG12,4,0.39311823323372747,0.10014646500349045,True,True
T02,1,BG12,5,0.547421308770113,0.05825212970376015,True,True
T02,1,BG12,6,0.6739960004882399,0.055295515805482864,True,True
T02,1,BG12,7,0.7748444214195589,0.005703865550458431,True,True
T02,1,BG12,8,0.8449511046708841,0.007578067947179079,True,True
T02,1,BG12,9,0.8112013364443217,0.062165189534425735,True,True
T02,1,BG12,10,0.8292085342444555,0.11448496580123901,True,True
T02,1,BG12,11,1.0122525408393208,0.12118487060070038,True,True
T02,1,BG12,12,1.147119879993481,0.11693063378334045,True,True
T02,1,BG12,13,1.2902725450671146,0.19773565232753754,True,True
T02,1,BG12,14,1.2657894785728894,0.05716090649366379,True,True
T02,1,BG12,15,1.2042013054133445,0.08286373317241669,True,True
T02,1,BG12,16,1.269250057308117,0.02982957288622856,True,True
T02,1,BG12,17,1.559641509619063,0.09017975628376007,True,True
T02,1,BG12,18,1.432302301252594,0.0033923278097063303,True,True
T02,1,BG12,19,1.117927366781276,0.1171831339597702,True,True
T02,1,BG12,20,1.071556524249111,0.11132094264030457,True,True
T02,2,BG12,1,0.0197524496908487,0.03495855629444122,True,True
T02,2,BG12,2,0.24714570771163663,0.08974694460630417,True,True
T02,2,BG12,3,0.46644051709905093,0.11380581557750702,True,True
T02,2,BG12,4,0.6628070415196602,0.12391465157270432,True,True
T02,2,BG12,5,0.8518425252019848,0.0789552703499794,True,True
T02,2,BG12,6,0.9252662661508396,0.051222093403339386,True,True
T02,2,BG12,7,1.0405658436573795,0.03105943091213703,True,True
T02,2,BG12,8,1.1532731258804252,0.04108512029051781,True,True
T02,2,BG12,9,1.0486202833691143,0.03859977051615715,True,True
T02,2,BG12,10,1.304706162253226,0.08909670263528824,True,True
T02,2,BG12,11,1.4107117734154986,0.11146759986877441,True,True
T02,2,BG12,12,1.6636628664646582,0.12117628008127213,True,True
T02,2,BG12,13,1.6985222187834383,0.16834187507629395,True,True
T02,2,BG12,14,1.6686801874489867,0.05990792065858841,True,True
T02,2,BG12,15,1.8916038282385537,0.052395980805158615,True,True
T02,2,BG12,16,2.0950570682605867,0.1647467017173767,True,True
T02,2,BG12,17,2.297701167553495,0.16767166554927826,True,True
T02,2,BG12,18,2.231082818032919,0.22825616598129272,True,True
T02,2,BG12,19,2.2717494241554927,0.14240069687366486,True,True
T02,2,BG12,20,2.3507868575334756,0.09830333292484283,True,True
T02,0,BG13,1,0.21572398762955788,0.06421112269163132,True,True
T02,0,BG13,2,0.39110768994437667,0.059202972799539566,True,True
T02,0,BG13,3,0.5161221356858868,0.047875434160232544,True,True
T02,0,BG13,4,0.4862460681154073,0.04365827888250351,True,True
T02,0,BG13,5,0.5151068103234754,0.00982927531003952,True,True
T02,0,BG13,6,0.5270510261474122,0.03239001706242561,True,True
T02,0,BG13,7,0.5450652414953249,0.01866275630891323,True,True
T02,0,BG13,8,0.5707553312734583,0.010923591442406178,True,True
T02,0,BG13,9,0.478160901569524,0.021113445982336998,True,True
T02,0,BG13,10,0.45815179076246,0.057881973683834076,True,True
T02,0,BG13,11,0.5262009151196781,0.08158079534769058,True,True
T02,0,BG13,12,0.5071725044114249,0.08448294550180435,True,True
T02,0,BG13,13,0.5659671256037079,0.11631397157907486,True,True
T02,0,BG13,14,0.6393884536725485,0.03890839219093323,True,True
T02,0,BG13,15,0.6660034660248547,0.04960424453020096,True,True
T02,0,BG13,16,0.768125089691307,0.041101519018411636,True,True
T02,0,BG13,17,0.8189039337616427,0.061526019126176834,True,True
T02,0,BG13,18,0.8809607664181833,0.07077791541814804,True,True
T02,0,BG13,19,0.9609422746279778,0.11146634817123413,True,True
T02,0,BG13,20,0.992641612543811,0.028738494962453842,True,True
T02,1,BG13,1,0.13984132658039217,0.02981967106461525,True,True
T02,1,BG13,2,0.2175863475681011,0.06791140139102936,True,True
T02,1,BG13,3,0.36045650717265865,0.05573393777012825,True,True
T02,1,BG13,4,0.4342776489042605,0.1002325788140297,True,True
T02,1,BG13,5,0.5686432625735756,0.07764799147844315,True,True
T02,1,BG13,6,0.6775690844050615,0.07234654575586319,True,True
T02,1,BG13,7,0.7749594304590917,0.05888441205024719,True,True
T02,1,BG13,8,0.8276949620632128,0.03549082949757576,True,True
T02,1,BG13,9,0.7764344049148278,0.09730274230241776,True,True
T02,1,BG13,10,0.8024850652979527,0.14013050496578217,True,True
T02,1,BG13,11,0.986263240972774,0.1767081916332245,True,True
T02,1,BG13,12,1.133310652815932,0.13930600881576538,True,True
T02,1,BG13,13,1.2672109637746563,0.21169331669807434,True,True
T02,1,BG13,14,1.2474272394852135,0.07602331042289734,True,True
T02,1,BG13,15,1.205531159064973,0.0749174952507019,True,True
T02,1,BG13,16,1.252625389413299,0.06551070511341095,True,True
T02,1,BG13,17,1.5458528036658215,0.09700214117765427,True,True
T02,1,BG13,18,1.4227204485798053,0.04520892724394798,True,True
T02,1,BG13,19,1.124825901793405,0.11030301451683044,True,True
T02,1,BG13,20,1.087036421365631,0.08710835874080658,True,True
T02,2,BG13,1,0.030761120869402418,0.03011556901037693,True,True
T02,2,BG13,2,0.23159274222492704,0.08013323694467545,True,True
T02,2,BG13,3,0.4525993254104778,0.09830407053232193,True,True
T02,2,BG13,4,0.6526843758399349,0.1280726194381714,True,True
T02,2,BG13,5,0.8248381919590765,0.06278658658266068,True,True
T02,2,BG13,6,0.8956517054555909,0.006896302569657564,True,True
T02,2,BG13,7,1.0396224343664755,0.038947638124227524,True,True
T02,2,BG13,8,1.136510654389348,0.04074995592236519,True,True
T02,2,BG13,9,1.0358607514018776,0.05809605121612549,True,True
T02,2,BG13,10,1.265265648979857,0.06949862837791443,True,True
T02,2,BG13,11,1.3613625455387,0.07006129622459412,True,True
T02,2,BG13,12,1.6371990331357664,0.08465759456157684,True,True
T02,2,BG13,13,1.6439655875422465,0.08152169734239578,True,True
T02,2,BG13,14,1.6695481344835736,0.018356401473283768,True,True
T02,2,BG13,15,1.8688403443716508,0.02303742803633213,True,True
T02,2,BG13,16,2.0482956152991094,0.07651474326848984,True,True
T02,2,BG13,17,2.3099449923814794,0.0922330841422081,True,True
T02,2,BG13,18,2.162380504621904,0.11561334133148193,True,True
T02,2,BG13,19,2.2261505964229915,0.07523581385612488,True,True
T02,2,BG13,20,2.2728867316699874,0.008304272778332233,True,True
T02,0,BG14,1,0.16007212632223575,0.11833371222019196,True,True
T02,0,BG14,2,0.3140701519594015,0.16195793449878693,True,True
T02,0,BG14,3,0.41353426866044796,0.18912693858146667,True,True
T02,0,BG14,4,0.4072920889165878,0.25829023122787476,True,True
T02,0,BG14,5,0.28390322327102363,0.30923372507095337,True,True
T02,0,BG14,6,0.17546233085118498,0.3290204703807831,True,True
T02,0,BG14,7,0.18588751077834303,0.3601421117782593,True,True
T02,0,BG14,8,0.22344417659297006,0.3815273642539978,True,True
T02,0,BG14,9,0.14985072691810639,0.3529198467731476,True,True
T02,0,BG14,10,0.161265826902914,0.42844125628471375,True,True
T02,0,BG14,11,0.21017086875483046,0.5001755356788635,True,True
T02,0,BG14,12,0.266516029092562,0.5732836723327637,True,True
T02,0,BG14,13,0.3043134892616469,0.78643399477005,True,True
T02,0,BG14,14,0.4734383035815172,0.8825979232788086,True,True
T02,0,BG14,15,0.56015737536618,1.0713047981262207,True,True
T02,0,BG14,16,0.5958417860827788,1.2038230895996094,True,True
T02,0,BG14,17,0.6331889955183276,1.3185937404632568,True,True
T02,0,BG14,18,0.7591326434212787,1.5243593454360962,True,True
T02,0,BG14,19,0.8571934633924344,1.5927056074142456,True,True
T02,0,BG14,20,0.959429416527759,1.920803427696228,True,True
T02,1,BG14,1,0.11428041871501673,0.06963790208101273,True,True
T02,1,BG14,2,0.18486777567360124,0.09236223995685577,True,True
T02,1,BG14,3,0.25054415020587156,0.11303187161684036,True,True
T02,1,BG14,4,0.308587896094913,0.16603000462055206,True,True
T02,1,BG14,5,0.40298491975978873,0.16419997811317444,True,True
T02,1,BG14,6,0.5294345730628239,0.14564189314842224,True,True
T02,1,BG14,7,0.6377182109118926,0.2121153622865677,True,True
T02,1,BG14,8,0.6946389688344523,0.20596133172512054,True,True
T02,1,BG14,9,0.5850150157285963,0.30904871225357056,True,True
T02,1,BG14,10,0.5937853593604108,0.3374881446361542,True,True
T02,1,BG14,11,0.6523867120442683,0.41340672969818115,True,True
T02,1,BG14,12,0.7766788406017124,0.438295841217041,True,True
T02,1,BG14,13,0.8614476828318621,0.4991116225719452,True,True
T02,1,BG14,14,0.7739471748888995,0.5445539951324463,True,True
T02,1,BG14,15,0.6586278647541429,0.6265150904655457,True,True
T02,1,BG14,16,0.6296859247549055,0.6706634759902954,True,True
T02,1,BG14,17,0.9622772048926795,0.6881257891654968,True,True
T02,1,BG14,18,0.6397694705883131,0.8484653234481812,True,True
T02,1,BG14,19,0.40554859226383994,1.064287543296814,True,True
T02,1,BG14,20,0.07908351655209364,1.1384499073028564,True,True
T02,2,BG14,1,0.006934553400159534,0.045080605894327164,True,True
T02,2,BG14,2,0.21601511715440333,0.10634489357471466,True,True
T02,2,BG14,3,0.4042118561703984,0.1493118405342102,True,True
T02,2,BG14,4,0.5740634776526773,0.22930587828159332,True,True
T02,2,BG14,5,0.6826366151978178,0.2365998774766922,True,True
T02,2,BG14,6,0.7004058784443769,0.2525256276130676,True,True
T02,2,BG14,7,0.8199929456167779,0.26763859391212463,True,True
T02,2,BG14,8,0.8825723133603843,0.3958998918533325,True,True
T02,2,BG14,9,0.8014092493604617,0.37234121561050415,True,True
T02,2,BG14,10,1.0409882061173092,0.3168056905269623,True,True
T02,2,BG14,11,1.090496361096508,0.45506128668785095,True,True
T02,2,BG14,12,1.3562147953753194,0.4840450882911682,True,True
T02,2,BG14,13,1.2810051314639996,0.6050509810447693,True,True
T02,2,BG14,14,1.3592750350813463,0.6128323674201965,True,True
T02,2,BG14,15,1.576833668755991,0.6238418817520142,True,True
T02,2,BG14,16,1.8123174589283724,0.6681633591651917,True,True
T02,2,BG14,17,2.006218052993588,0.7296512722969055,True,True
T02,2,BG14,18,2.03687855323757,0.712371289730072,True,True
T02,2,BG14,19,2.1161783129166736,0.9231888055801392,True,True
T02,2,BG14,20,2.3089921814449683,0.8948742151260376,True,True
T02,0,BG15,1,0.17300484697363266,0.10525485128164291,True,True
T02,0,BG15,2,0.35229616626776555,0.10086726397275925,True,True
T02,0,BG15,3,0.4760180078609851,0.09610480815172195,True,True
T02,0,BG15,4,0.43458474644231576,0.1343531757593155,True,True
T02,0,BG15,5,0.3962512708611482,0.1186438500881195,True,True
T02,0,BG15,6,0.4131718210932742,0.09208796918392181,True,True
T02,0,BG15,7,0.4749357278145319,0.07405256479978561,True,True
T02,0,BG15,8,0.5112999390034556,0.08819183707237244,True,True
T02,0,BG15,9,0.4100804421685023,0.07565484941005707,True,True
T02,0,BG15,10,0.3676684331688283,0.09601959586143494,True,True
T02,0,BG15,11,0.3355547187884996,0.11110905557870865,True,True
T02,0,BG15,12,0.31927670180472073,0.10439842939376831,True,True
T02,0,BG15,13,0.33307140518400635,0.18291884660720825,True,True
T02,0,BG15,14,0.45799656868839766,0.16151772439479828,True,True
T02,0,BG15,15,0.42547467046296394,0.1971675306558609,True,True
T02,0,BG15,16,0.5365080304843834,0.1948099583387375,True,True
T02,0,BG15,17,0.5740711918009785,0.26315897703170776,True,True
T02,0,BG15,18,0.5628052790060211,0.2798486351966858,True,True
T02,0,BG15,19,0.612765863619415,0.267686128616333,True,True
T02,0,BG15,20,0.581805654713941,0.39108285307884216,True,True
T02,1,BG15,1,0.12275897340546281,0.05631294846534729,True,True
T02,1,BG15,2,0.2069720663639484,0.06415665149688721,True,True
T02,1,BG15,3,0.28928158557188194,0.042886100709438324,True,True
T02,1,BG15,4,0.34806022523545266,0.07029914855957031,True,True
T02,1,BG15,5,0.48395481866755435,0.07141304761171341,True,True
T02,1,BG15,6,0.6122233257433882,0.04731694981455803,True,True
T02,1,BG15,7,0.7336287680450696,0.06222005933523178,True,True
T02,1,BG15,8,0.7918519111878487,0.07932037115097046,True,True
T02,1,BG15,9,0.7531768747512223,0.14877867698669434,True,True
T02,1,BG15,10,0.7731908100986968,0.16074837744235992,True,True
T02,1,BG15,11,0.8835282189137654,0.1902165710926056,True,True
T02,1,BG15,12,1.0263376731829832,0.20421414077281952,True,True
T02,1,BG15,13,1.193574008216156,0.1682136058807373,True,True
T02,1,BG15,14,1.1642487468755836,0.15635959804058075,True,True
T02,1,BG15,15,1.088862702046165,0.20304208993911743,True,True
T02,1,BG15,16,1.1417581917877624,0.1580204963684082,True,True
T02,1,BG15,17,1.4532978428485446,0.1903081089258194,True,True
T02,1,BG15,18,1.2010278597783126,0.23586522042751312,True,True
T02,1,BG15,19,0.9694758345835546,0.2647445499897003,True,True
T02,1,BG15,20,0.8325867643029018,0.2905464768409729,True,True
T02,2,BG15,1,0.019006852437727484,0.05757204443216324,True,True
T02,2,BG15,2,0.2516613798299203,0.07593511044979095,True,True
T02,2,BG15,3,0.4687435188776268,0.10276363044977188,True,True
T02,2,BG15,4,0.6582988350486902,0.1387580931186676,True,True
T02,2,BG15,5,0.79912687282859,0.1217188760638237,True,True
T02,2,BG15,6,0.8447847818797535,0.0739891454577446,True,True
T02,2,BG15,7,0.986902299786877,0.07025431096553802,True,True
T02,2,BG15,8,1.0625796425018363,0.14363688230514526,True,True
T02,2,BG15,9,0.947443029297498,0.13189934194087982,True,True
T02,2,BG15,10,1.160744015840724,0.10756450891494751,True,True
T02,2,BG15,11,1.2302492266087317,0.16567949950695038,True,True
T02,2,BG15,12,1.4751254256036608,0.13252341747283936,True,True
T02,2,BG15,13,1.4701350616655104,0.1741858720779419,True,True
T02,2,BG15,14,1.5181814434730942,0.15076829493045807,True,True
T02,2,BG15,15,1.7162232075761343,0.17038042843341827,True,True
T02,2,BG15,16,1.9213608480697464,0.18200570344924927,True,True
T02,2,BG15,17,2.142212346475956,0.2146405279636383,True,True
T02,2,BG15,18,2.0276601830779217,0.17180375754833221,True,True
T02,2,BG15,19,2.0792762076834324,0.312665194272995,True,True
T02,2,BG15,20,2.144229068035664,0.2513571083545685,True,True
T03,0,BG0,1,0.05721363009577657,0.0,True,True
T03,0,BG0,2,0.14119777186456112,0.0,True,True
T03,0,BG0,3,0.2031765601263848,0.0,True,True
T03,0,BG0,4,0.20372929760834801,0.0,True,True
T03,0,BG0,5,0.25547609732648513,0.0,True,True
T03,0,BG0,6,0.3744539292828055,0.0,True,True
T03,0,BG0,7,0.5033855943076359,0.0,True,True
T03,0,BG0,8,0.5160758611015179,0.0,True,True
T03,0,BG0,9,0.4699125350583139,0.0,True,True
T03,0,BG0,10,0.5225804930995984,0.0,True,True
T03,0,BG0,11,0.5990288600570374,0.0,True,True
T03,0,BG0,12,0.7345427137385214,0.0,True,True
T03,0,BG0,13,0.7241158669717976,0.0,True,True
T03,0,BG0,14,0.8596030785914319,0.0,True,True
T03,0,BG0,15,0.9566003908463884,0.0,True,True
T03,0,BG0,16,1.0983520549850352,0.0,True,True
T03,0,BG0,17,1.2467164418090046,0.0,True,True
T03,0,BG0,18,1.4570276934437314,0.0,True,True
T03,0,BG0,19,1.6067732864123783,0.0,True,True
T03,0,BG0,20,1.6501901855435608,0.0,True,True
T03,1,BG0,1,0.12791239533069584,0.0,True,True
T03,1,BG0,2,0.24374945012745225,0.0,True,True
T03,1,BG0,3,0.4340786793160279,0.0,True,True
T03,1,BG0,4,0.472104215929068,0.0,True,True
T03,1,BG0,5,0.6289892504013447,0.0,True,True
T03,1,BG0,6,0.7030358055229219,0.0,True,True
T03,1,BG0,7,0.6289257103177157,0.0,True,True
T03,1,BG0,8,0.5319641573882713,0.0,True,True
T03,1,BG0,9,0.4196221064753263,0.0,True,True
T03,1,BG0,10,0.5110726530177422,0.0,True,True
T03,1,BG0,11,0.5730794144984941,0.0,True,True
T03,1,BG0,12,0.6390359640064266,0.0,True,True
T03,1,BG0,13,0.6221901562348696,0.0,True,True
T03,1,BG0,14,0.4710008580014617,0.0,True,True
T03,1,BG0,15,0.7977551882495223,0.0,True,True
T03,1,BG0,16,0.7117629093994972,0.0,True,True
T03,1,BG0,17,0.8383225136093125,0.0,True,True
T03,1,BG0,18,0.7867826976056367,0.0,True,True
T03,1,BG0,19,0.9211597448909674,0.0,True,True
T03,1,BG0,20,0.8300869506520026,0.0,True,True
T03,2,BG0,1,0.21664146248419267,0.0,True,True
T03,2,BG0,2,0.31029803868665456,0.0,True,True
T03,2,BG0,3,0.3962919512307632,0.0,True,True
T03,2,BG0,4,0.42739115487748713,0.0,True,True
T03,2,BG0,5,0.5277916411396855,0.0,True,True
T03,2,BG0,6,0.6151655257278398,0.0,True,True
T03,2,BG0,7,0.7194909235330653,0.0,True,True
T03,2,BG0,8,0.8085467106138877,0.0,True,True
T03,2,BG0,9,0.9306855669774017,0.0,True,True
T03,2,BG0,10,0.838876743593818,0.0,True,True
T03,2,BG0,11,0.8282452670827032,0.0,True,True
T03,2,BG0,12,0.8364707335187064,0.0,True,True
T03,2,BG0,13,0.883226050408933,0.0,True,True
T03,2,BG0,14,0.8852393576828587,0.0,True,True
T03,2,BG0,15,0.7066427066688431,0.0,True,True
T03,2,BG0,16,0.7329303620945666,0.0,True,True
T03,2,BG0,17,1.0712014047831664,0.0,True,True
T03,2,BG0,18,1.3495768099760794,0.0,True,True
T03,2,BG0,19,1.0426241166951407,0.0,True,True
T03,2,BG0,20,0.8057852871990029,0.0,True,True
T03,0,BG1,1,0.037046768097535675,0.02706177905201912,True,True
T03,0,BG1,2,0.13538721936001682,0.005843539722263813,True,True
T03,0,BG1,3,0.18720011945546428,0.018438296392560005,True,True
T03,0,BG1,4,0.24186930680563545,0.039031561464071274,True,True
T03,0,BG1,5,0.27416263220833886,0.055680304765701294,True,True
T03,0,BG1,6,0.3797765217777482,0.06173225864768028,True,True
T03,0,BG1,7,0.5228400237651106,0.07860700786113739,True,True
T03,0,BG1,8,0.5688934190108997,0.05889032781124115,True,True
T03,0,BG1,9,0.5615923478269728,0.09170776605606079,True,True
T03,0,BG1,10,0.6364891983903775,0.12086258083581924,True,True
T03,0,BG1,11,0.7162586683570952,0.13428200781345367,True,True
T03,0,BG1,12,0.8663197250548661,0.148922860622406,True,True
T03,0,BG1,13,0.8780158548739938,0.1539958417415619,True,True
T03,0,BG1,14,0.9901066284054039,0.13066501915454865,True,True
T03,0,BG1,15,1.0501992962034405,0.0945051982998848,True,True
T03,0,BG1,16,1.217280694131923,0.12539507448673248,True,True
T03,0,BG1,17,1.4243244875417769,0.18031154572963715,True,True
T03,0,BG1,18,1.6229864983078814,0.17900139093399048,True,True
T03,0,BG1,19,1.8305897939338462,0.23557661473751068,True,True
T03,0,BG1,20,1.8570127785997683,0.21772819757461548,True,True
T03,1,BG1,1,0.13616457437433452,0.03771449252963066,True,True
T03,1,BG1,2,0.2579334064786982,0.03550930321216583,True,True
T03,1,BG1,3,0.45139216722796494,0.02836664207279682,True,True
T03,1,BG1,4,0.522674220650554,0.07957937568426132,True,True
T03,1,BG1,5,0.6787990703821613,0.06710390001535416,True,True
T03,1,BG1,6,0.7265150173107944,0.06197108328342438,True,True
T03,1,BG1,7,0.6213977755237657,0.0768190547823906,True,True
T03,1,BG1,8,0.5094184279875346,0.07536613196134567,True,True
T03,1,BG1,9,0.3902529328556039,0.04983154311776161,True,True
T03,1,BG1,10,0.47438779282493054,0.06323529779911041,True,True
T03,1,BG1,11,0.5346081864741301,0.06050390005111694,True,True
T03,1,BG1,12,0.6054295607429296,0.05856771394610405,True,True
T03,1,BG1,13,0.5897063720894177,0.0676722452044487,True,True
T03,1,BG1,14,0.46140137287806404,0.06871309876441956,True,True
T03,1,BG1,15,0.7527206830272765,0.07970330119132996,True,True
T03,1,BG1,16,0.695724980691264,0.10253206640481949,True,True
T03,1,BG1,17,0.8611116196477812,0.0848432257771492,True,True
T03,1,BG1,18,0.7675951187178494,0.04587404802441597,True,True
T03,1,BG1,19,0.8333992042562381,0.09140292555093765,True,True
T03,1,BG1,20,0.782351376619257,0.0642382800579071,True,True
T03,2,BG1,1,0.22623676169714127,0.02072969265282154,True,True
T03,2,BG1,2,0.32332547936896194,0.04064307361841202,True,True
T03,2,BG1,3,0.44601004634739044,0.06611648201942444,True,True
T03,2,BG1,4,0.4656857651884598,0.0832582339644432,True,True
T03,2,BG1,5,0.567205981360172,0.0749407559633255,True,True
T03,2,BG1,6,0.6565826971993746,0.08029284328222275,True,True
T03,2,BG1,7,0.7522695327347386,0.05174657702445984,True,True
T03,2,BG1,8,0.8474720566663454,0.039007168263196945,True,True
T03,2,BG1,9,0.9570817467954388,0.05584121122956276,True,True
T03,2,BG1,10,0.8566787627462339,0.023973971605300903,True,True
T03,2,BG1,11,0.8566334013989954,0.030913155525922775,True,True
T03,2,BG1,12,0.8614990895875898,0.025525204837322235,True,True
T03,2,BG1,13,0.8980623558833257,0.029426921159029007,True,True
T03,2,BG1,14,0.8968303006737417,0.021625127643346786,True,True
T03,2,BG1,15,0.7242851508428353,0.022311896085739136,True,True
T03,2,BG1,16,0.7667468982010631,0.04217035323381424,True,True
T03,2,BG1,17,1.0694734863329391,0.008939895778894424,True,True
T03,2,BG1,18,1.3225462618011306,0.028703603893518448,True,True
T03,2,BG1,19,1.0240850629961817,0.04412054643034935,True,True
T03,2,BG1,20,0.8295659836581456,0.03452084958553314,True,True
T03,0,BG2,1,0.00984315301778487,0.047479718923568726,True,True
T03,0,BG2,2,0.1499677469958686,0.011834802106022835,True,True
T03,0,BG2,3,0.18292831021814154,0.0207455363124609,True,True
T03,0,BG2,4,0.2423202006897275,0.04021545127034187,True,True
T03,0,BG2,5,0.268797795329113,0.04754025489091873,True,True
T03,0,BG2,6,0.3552542112147773,0.06381045281887054,True,True
T03,0,BG2,7,0.4891902364182979,0.060356255620718,True,True
T03,0,BG2,8,0.5145366913734537,0.031067827716469765,True,True
T03,0,BG2,9,0.5123576757367462,0.04428984224796295,True,True
T03,0,BG2,10,0.5898430928593331,0.06871460378170013,True,True
T03,0,BG2,11,0.6710520101551499,0.0872240960597992,True,True
T03,0,BG2,12,0.8134538168402066,0.08705286681652069,True,True
T03,0,BG2,13,0.8351587758606343,0.11266851425170898,True,True
T03,0,BG2,14,0.9386733487621911,0.09336161613464355,True,True
T03,0,BG2,15,0.9861075454329398,0.03601885214447975,True,True
T03,0,BG2,16,1.1620334958205385,0.06428548693656921,True,True
T03,0,BG2,17,1.3229640659884858,0.07789157330989838,True,True
T03,0,BG2,18,1.5260012763835795,0.08711741119623184,True,True
T03,0,BG2,19,1.6979237228072968,0.09460824728012085,True,True
T03,0,BG2,20,1.7548522779187503,0.1191149577498436,True,True
T03,1,BG2,1,0.11496672599125328,0.053841132670640945,True,True
T03,1,BG2,2,0.255454366600756,0.05235771834850311,True,True
T03,1,BG2,3,0.4442603086403723,0.04543718323111534,True,True
T03,1,BG2,4,0.5035989502613032,0.09457948058843613,True,True
T03,1,BG2,5,0.6615760274161709,0.07204850018024445,True,True
T03,1,BG2,6,0.7375289921668339,0.07455477118492126,True,True
T03,1,BG2,7,0.6333702440954881,0.07460512220859528,True,True
T03,1,BG2,8,0.5247644008219305,0.029153216630220413,True,True
T03,1,BG2,9,0.39737907154702057,0.027239054441452026,True,True
T03,1,BG2,10,0.4729803433860634,0.05744596943259239,True,True
T03,1,BG2,11,0.5171659855552366,0.07272998243570328,True,True
T03,1,BG2,12,0.5813576731861912,0.09242326766252518,True,True
T03,1,BG2,13,0.5673489088213128,0.07357774674892426,True,True
T03,1,BG2,14,0.4519150417204552,0.09210454672574997,True,True
T03,1,BG2,15,0.7360421612007988,0.11612330377101898,True,True
T03,1,BG2,16,0.7103809096406621,0.10308126360177994,True,True
T03,1,BG2,17,0.8969300607902904,0.11951894313097,True,True
T03,1,BG2,18,0.82677042122618,0.07734918594360352,True,True
T03,1,BG2,19,0.8797567090570524,0.04197142645716667,True,True
T03,1,BG2,20,0.8171109077443811,0.038047630339860916,True,True
T03,2,BG2,1,0.2085028053985711,0.023461496457457542,True,True
T03,2,BG2,2,0.32551780563947574,0.015681931748986244,True,True
T03,2,BG2,3,0.43452393888746116,0.03845961391925812,True,True
T03,2,BG2,4,0.46079825869350566,0.03953755646944046,True,True
T03,2,BG2,5,0.5716481410078492,0.04410713538527489,True,True
T03,2,BG2,6,0.6686486891125636,0.053483180701732635,True,True
T03,2,BG2,7,0.7634772318186027,0.04407382011413574,True,True
T03,2,BG2,8,0.8527891453630113,0.05684791877865791,True,True
T03,2,BG2,9,0.9360673154569285,0.008406146429479122,True,True
T03,2,BG2,10,0.8387271152590937,0.03254560008645058,True,True
T03,2,BG2,11,0.8343729075866388,0.027872201055288315,True,True
T03,2,BG2,12,0.8385640022512997,0.039302557706832886,True,True
T03,2,BG2,13,0.901760273846499,0.019931839779019356,True,True
T03,2,BG2,14,0.8695417531299655,0.01577991247177124,True,True
T03,2,BG2,15,0.7077700143997543,0.009679777547717094,True,True
T03,2,BG2,16,0.7397885172897013,0.038708921521902084,True,True
T03,2,BG2,17,1.0809248756861696,0.028268348425626755,True,True
T03,2,BG2,18,1.3238085921173295,0.04270347207784653,True,True
T03,2,BG2,19,0.9983697587907239,0.04425628110766411,True,True
T03,2,BG2,20,0.8232470571391555,0.017462169751524925,True,True
T03,0,BG3,1,0.02853568702014175,0.029332688078284264,True,True
T03,0,BG3,2,0.13159697145336247,0.02438458241522312,True,True
T03,0,BG3,3,0.18076507393319421,0.03611746430397034,True,True
T03,0,BG3,4,0.239232719958072,0.05194082111120224,True,True
T03,0,BG3,5,0.277278862605306,0.04809872806072235,True,True
T03,0,BG3,6,0.4076460109570345,0.0867157131433487,True,True
T03,0,BG3,7,0.5378442641694059,0.11549926549196243,True,True
T03,0,BG3,8,0.5866970229326037,0.10323462635278702,True,True
T03,0,BG3,9,0.553154888958153,0.09341707080602646,True,True
T03,0,BG3,10,0.6165232836824835,0.0960949957370758,True,True
T03,0,BG3,11,0.6956096357841685,0.09661141782999039,True,True
T03,0,BG3,12,0.8162852390102316,0.08196652680635452,True,True
T03,0,BG3,13,0.9059948765305735,0.19256898760795593,True,True
T03,0,BG3,14,1.0209163917547013,0.16782712936401367,True,True
T03,0,BG3,15,1.0532649600466877,0.1128142699599266,True,True
T03,0,BG3,16,1.2300461854059026,0.1395081877708435,True,True
T03,0,BG3,17,1.4352532068860933,0.1947176307439804,True,True
T03,0,BG3,18,1.6545384348927348,0.20781484246253967,True,True
T03,0,BG3,19,1.8787851024328561,0.2900301218032837,True,True
T03,0,BG3,20,1.9317737201884801,0.29037535190582275,True,True
T03,1,BG3,1,0.08587843598316647,0.04315364733338356,True,True
T03,1,BG3,2,0.2168514092082587,0.06135661527514458,True,True
T03,1,BG3,3,0.42239604769372074,0.06620731949806213,True,True
T03,1,BG3,4,0.49047059922580283,0.0880189910531044,True,True
T03,1,BG3,5,0.642549277940546,0.09040780365467072,True,True
T03,1,BG3,6,0.6828838717681028,0.07801378518342972,True,True
T03,1,BG3,7,0.55167578779273,0.11606264859437943,True,True
T03,1,BG3,8,0.43926981019259737,0.12146837264299393,True,True
T03,1,BG3,9,0.3588432749249846,0.06429292261600494,True,True
T03,1,BG3,10,0.444209294257794,0.09177277982234955,True,True
T03,1,BG3,11,0.5262570219724174,0.07052501291036606,True,True
T03,1,BG3,12,0.595250775448777,0.07507093995809555,True,True
T03,1,BG3,13,0.5626177950947023,0.07926832139492035,True,True
T03,1,BG3,14,0.40402172934856045,0.10949794948101044,True,True
T03,1,BG3,15,0.6863524192352163,0.17773877084255219,True,True
T03,1,BG3,16,0.649414535274149,0.1902420073747635,True,True
T03,1,BG3,17,0.8176171832690421,0.17344971001148224,True,True
T03,1,BG3,18,0.7605180494106237,0.09730608761310577,True,True
T03,1,BG3,19,0.8489672333964282,0.1014523133635521,True,True
T03,1,BG3,20,0.7582711247006111,0.11149526387453079,True,True
T03,2,BG3,1,0.18839944019888308,0.028450507670640945,True,True
T03,2,BG3,2,0.2833753881753573,0.02985588274896145,True,True
T03,2,BG3,3,0.3966426113368244,0.02723163738846779,True,True
T03,2,BG3,4,0.429416078945359,0.032956965267658234,True,True
T03,2,BG3,5,0.5476180171688289,0.030188055709004402,True,True
T03,2,BG3,6,0.6282619574216963,0.0179985910654068,True,True
T03,2,BG3,7,0.7304974051004319,0.023638209328055382,True,True
T03,2,BG3,8,0.8265430301937796,0.021174516528844833,True,True
T03,2,BG3,9,0.9858881158398038,0.07358395308256149,True,True
T03,2,BG3,10,0.8588667699488374,0.02558254264295101,True,True
T03,2,BG3,11,0.8437941535784212,0.017026985064148903,True,True
T03,2,BG3,12,0.846392529532549,0.01799139939248562,True,True
T03,2,BG3,13,0.8829937286490891,0.011610841378569603,True,True
T03,2,BG3,14,0.9074703325990224,0.022236529737710953,True,True
T03,2,BG3,15,0.7197708756045322,0.01828983798623085,True,True
T03,2,BG3,16,0.7823104116848763,0.06152169778943062,True,True
T03,2,BG3,17,1.1219381385055387,0.06071820855140686,True,True
T03,2,BG3,18,1.3562731041987364,0.055712003260850906,True,True
T03,2,BG3,19,1.0543173916564994,0.04704926162958145,True,True
T03,2,BG3,20,0.8422233049891928,0.060212694108486176,True,True
T03,0,BG4,1,0.0297855933082791,0.028180597350001335,True,True
T03,0,BG4,2,0.14922330077310442,0.008107882924377918,True,True
T03,0,BG4,3,0.205273804325396,0.02499302290380001,True,True
T03,0,BG4,4,0.23675010903908422,0.044907599687576294,True,True
T03,0,BG4,5,0.24808684633344832,0.06606809049844742,True,True
T03,0,BG4,6,0.3298751243861415,0.08771994709968567,True,True
T03,0,BG4,7,0.4451772970598006,0.09962806850671768,True,True
T03,0,BG4,8,0.4577509098712994,0.07585541158914566,True,True
T03,0,BG4,9,0.4342051817959522,0.05129450932145119,True,True
T03,0,BG4,10,0.48863068241392305,0.05685415863990784,True,True
T03,0,BG4,11,0.590991441565112,0.05279240012168884,True,True
T03,0,BG4,12,0.7071881544110107,0.07305632531642914,True,True
T03,0,BG4,13,0.7802385487480702,0.10129904001951218,True,True
T03,0,BG4,14,0.9108819511485712,0.0881161242723465,True,True
T03,0,BG4,15,1.0020273542673328,0.08860582858324051,True,True
T03,0,BG4,16,1.1696159537291464,0.08166839927434921,True,True
T03,0,BG4,17,1.3082897785677965,0.07515885680913925,True,True
T03,0,BG4,18,1.5100272850007963,0.08166588842868805,True,True
T03,0,BG4,19,1.7005428567472767,0.128281369805336,True,True
T03,0,BG4,20,1.7804895041968065,0.14367075264453888,True,True
T03,1,BG4,1,0.1053801441120199,0.04710149019956589,True,True
T03,1,BG4,2,0.24825813621014875,0.032541126012802124,True,True
T03,1,BG4,3,0.4504012352319013,0.016903581097722054,True,True
T03,1,BG4,4,0.5112358055183645,0.051525212824344635,True,True
T03,1,BG4,5,0.6644977953364977,0.04514731466770172,True,True
T03,1,BG4,6,0.711948521105903,0.013998298905789852,True,True
T03,1,BG4,7,0.631937978664564,0.041730474680662155,True,True
T03,1,BG4,8,0.5268357155856302,0.039536479860544205,True,True
T03,1,BG4,9,0.4003214352919515,0.01978960447013378,True,True
T03,1,BG4,10,0.5001533228534882,0.03544147312641144,True,True
T03,1,BG4,11,0.5506454056035616,0.04088453948497772,True,True
T03,1,BG4,12,0.6328424457434539,0.0564579963684082,True,True
T03,1,BG4,13,0.6099491408092894,0.05017539858818054,True,True
T03,1,BG4,14,0.46022237383749187,0.04930191859602928,True,True
T03,1,BG4,15,0.7662636837858906,0.06687866151332855,True,True
T03,1,BG4,16,0.6815738577194572,0.06905264407396317,True,True
T03,1,BG4,17,0.829060457747026,0.03908266872167587,True,True
T03,1,BG4,18,0.789572042584442,0.02420635148882866,True,True
T03,1,BG4,19,0.867602890076056,0.05745728313922882,True,True
T03,1,BG4,20,0.7630680989858832,0.07749936729669571,True,True
T03,2,BG4,1,0.19556975363973406,0.028408721089363098,True,True
T03,2,BG4,2,0.30096184796620223,0.013098286464810371,True,True
T03,2,BG4,3,0.42127257765832016,0.03644319251179695,True,True
T03,2,BG4,4,0.45222751518830956,0.04821247234940529,True,True
T03,2,BG4,5,0.5685486851177587,0.06398738920688629,True,True
T03,2,BG4,6,0.6496232495785725,0.038208167999982834,True,True
T03,2,BG4,7,0.7757599077451981,0.06428911536931992,True,True
T03,2,BG4,8,0.8531970628166232,0.0586882084608078,True,True
T03,2,BG4,9,0.9975337973381405,0.10502928495407104,True,True
T03,2,BG4,10,0.9062358388911456,0.06841904670000076,True,True
T03,2,BG4,11,0.8582155132558491,0.03860148414969444,True,True
T03,2,BG4,12,0.8607086076341228,0.03961595147848129,True,True
T03,2,BG4,13,0.8987768899750885,0.062148548662662506,True,True
T03,2,BG4,14,0.8947898523373895,0.03077908419072628,True,True
T03,2,BG4,15,0.7507369305028327,0.06550362706184387,True,True
T03,2,BG4,16,0.7923245736209334,0.059570327401161194,True,True
T03,2,BG4,17,1.1473322825475554,0.07796772569417953,True,True
T03,2,BG4,18,1.3833141604835384,0.034924060106277466,True,True
T03,2,BG4,19,1.0847480605229833,0.04360157996416092,True,True
T03,2,BG4,20,0.8806586922550668,0.08025195449590683,True,True
T03,0,BG5,1,0.031095809582821137,0.08212357014417648,True,True
T03,0,BG5,2,0.1395345006410006,0.045472823083400726,True,True
T03,0,BG5,3,0.20056552684495738,0.02423620969057083,True,True
T03,0,BG5,4,0.308847458903872,0.11737246811389923,True,True
T03,0,BG5,5,0.3494623171649489,0.12729176878929138,True,True
T03,0,BG5,6,0.467973261696307,0.16380475461483002,True,True
T03,0,BG5,7,0.6509944173587126,0.23781725764274597,True,True
T03,0,BG5,8,0.7976424164843411,0.3262414336204529,True,True
T03,0,BG5,9,0.8286898516508991,0.3786402940750122,True,True
T03,0,BG5,10,0.9421869585571213,0.4196275472640991,True,True
T03,0,BG5,11,1.0761414763887607,0.485113263130188,True,True
T03,0,BG5,12,1.2458870005750868,0.5155680179595947,True,True
T03,0,BG5,13,1.336900079562338,0.6138874292373657,True,True
T03,0,BG5,14,1.4365607173183108,0.5775119066238403,True,True
T03,0,BG5,15,1.5238304782914531,0.5723851323127747,True,True
T03,0,BG5,16,1.7873186997041293,0.6969738602638245,True,True
T03,0,BG5,17,2.033445325758049,0.8028859496116638,True,True
T03,0,BG5,18,2.280466048869428,0.8854442834854126,True,True
T03,0,BG5,19,2.4580169680853876,0.8976463079452515,True,True
T03,0,BG5,20,2.462838031487845,0.907993733882904,True,True
T03,1,BG5,1,0.18122965330932578,0.11108533293008804,True,True
T03,1,BG5,2,0.32967950464678486,0.10601110011339188,True,True
T03,1,BG5,3,0.5021918126300614,0.07238703966140747,True,True
T03,1,BG5,4,0.6255297909441986,0.1769138127565384,True,True
T03,1,BG5,5,0.7670072741052051,0.14285363256931305,True,True
T03,1,BG5,6,0.8101357676550506,0.10967440903186798,True,True
T03,1,BG5,7,0.7218251493123155,0.1021871268749237,True,True
T03,1,BG5,8,0.5885976069687242,0.09474807977676392,True,True
T03,1,BG5,9,0.48536869514605374,0.07489562034606934,True,True
T03,1,BG5,10,0.573193456050729,0.07281118631362915,True,True
T03,1,BG5,11,0.6030148533490339,0.07444556802511215,True,True
T03,1,BG5,12,0.70080758738282,0.1086786761879921,True,True
T03,1,BG5,13,0.6882115530890676,0.07786016911268234,True,True
T03,1,BG5,14,0.5430084201620375,0.1119447574019432,True,True
T03,1,BG5,15,0.8415844178229613,0.22275128960609436,True,True
T03,1,BG5,16,0.740177402102575,0.23271508514881134,True,True
T03,1,BG5,17,0.9228431652446222,0.11778612434864044,True,True
T03,1,BG5,18,0.9156105701322247,0.15705187618732452,True,True
T03,1,BG5,19,0.9985148062218671,0.09284436702728271,True,True
T03,1,BG5,20,0.7703948470173135,0.0649467334151268,True,True
T03,2,BG5,1,0.25455383952305444,0.09386288374662399,True,True
T03,2,BG5,2,0.34751891178281974,0.09592136740684509,True,True
T03,2,BG5,3,0.4758545679980558,0.1250055879354477,True,True
T03,2,BG5,4,0.5438445949328247,0.18179026246070862,True,True
T03,2,BG5,5,0.6930463943426797,0.20948179066181183,True,True
T03,2,BG5,6,0.8149263070655948,0.22302120923995972,True,True
T03,2,BG5,7,0.9043034674687347,0.19526366889476776,True,True
T03,2,BG5,8,1.0024211188223289,0.19737890362739563,True,True
T03,2,BG5,9,1.0500647264247622,0.14960478246212006,True,True
T03,2,BG5,10,1.0138928685033013,0.1798330396413803,True,True
T03,2,BG5,11,1.032712985364565,0.2058679610490799,True,True
T03,2,BG5,12,0.9685586593007071,0.13339444994926453,True,True
T03,2,BG5,13,1.0345965676903,0.17054425179958344,True,True
T03,2,BG5,14,1.004323431961891,0.12747445702552795,True,True
T03,2,BG5,15,0.8351294981496855,0.13480211794376373,True,True
T03,2,BG5,16,0.9554415286045589,0.22303257882595062,True,True
T03,2,BG5,17,1.2978987525568657,0.22672468423843384,True,True
T03,2,BG5,18,1.41270633836776,0.06413935869932175,True,True
T03,2,BG5,19,1.103202459228206,0.06843849271535873,True,True
T03,2,BG5,20,1.0851113366171188,0.2903195917606354,True,True
T03,0,BG6,1,0.032633883365974524,0.025139227509498596,True,True
T03,0,BG6,2,0.19231218981309037,0.056136731058359146,True,True
T03,0,BG6,3,0.27564343224318,0.07430128753185272,True,True
T03,0,BG6,4,0.37412921134520577,0.17103324830532074,True,True
T03,0,BG6,5,0.5111785084971475,0.26067206263542175,True,True
T03,0,BG6,6,0.7066459360452653,0.3481943905353546,True,True
T03,0,BG6,7,0.9281182906485254,0.4503723978996277,True,True
T03,0,BG6,8,1.1625107951874676,0.6647415161132812,True,True
T03,0,BG6,9,1.275721785249683,0.8112046122550964,True,True
T03,0,BG6,10,1.4167700594731212,0.8955150842666626,True,True
T03,0,BG6,11,1.585276648629906,1.0065747499465942,True,True
T03,0,BG6,12,1.783735697562079,1.062434196472168,True,True
T03,0,BG6,13,1.9623220655549423,1.238207221031189,True,True
T03,0,BG6,14,2.1500058903522876,1.2913228273391724,True,True
T03,0,BG6,15,2.349237102514178,1.3956763744354248,True,True
T03,0,BG6,16,2.5743676347632016,1.4908599853515625,True,True
T03,0,BG6,17,2.8950489568666917,1.6726107597351074,True,True
T03,0,BG6,18,3.186698759830891,1.7833302021026611,True,True
T03,0,BG6,19,3.2936572524739387,1.7329457998275757,True,True
T03,0,BG6,20,3.3500429664325435,1.7586220502853394,True,True
T03,1,BG6,1,0.13477504982525948,0.04650120809674263,True,True
T03,1,BG6,2,0.28364405676293253,0.06427979469299316,True,True
T03,1,BG6,3,0.45260263023099073,0.055641189217567444,True,True
T03,1,BG6,4,0.5627657708638005,0.1889161765575409,True,True
T03,1,BG6,5,0.7320136321870467,0.2061343789100647,True,True
T03,1,BG6,6,0.7212454603965419,0.1658869981765747,True,True
T03,1,BG6,7,0.6066187518137475,0.20259125530719757,True,True
T03,1,BG6,8,0.4767201978185696,0.281506210565567,True,True
T03,1,BG6,9,0.3938555648106316,0.3349955379962921,True,True
T03,1,BG6,10,0.45659619597660767,0.3841845691204071,True,True
T03,1,BG6,11,0.4181703776929749,0.3975989818572998,True,True
T03,1,BG6,12,0.5497043044096975,0.39778560400009155,True,True
T03,1,BG6,13,0.5493820604556365,0.35809287428855896,True,True
T03,1,BG6,14,0.5706852544650326,0.3572351038455963,True,True
T03,1,BG6,15,0.832570936688382,0.4512343406677246,True,True
T03,1,BG6,16,0.8432848576700832,0.5149782299995422,True,True
T03,1,BG6,17,1.1027191096022904,0.43543463945388794,True,True
T03,1,BG6,18,1.071517589511461,0.3869530260562897,True,True
T03,1,BG6,19,1.1481222820729131,0.39259010553359985,True,True
T03,1,BG6,20,0.9233362808640266,0.4088002145290375,True,True
T03,2,BG6,1,0.19176870362855467,0.06823357194662094,True,True
T03,2,BG6,2,0.2732127053791329,0.16480807960033417,True,True
T03,2,BG6,3,0.3930425415751271,0.16403551399707794,True,True
T03,2,BG6,4,0.47320446326596016,0.1572924703359604,True,True
T03,2,BG6,5,0.5964209214654511,0.17634445428848267,True,True
T03,2,BG6,6,0.6522478506692257,0.18055953085422516,True,True
T03,2,BG6,7,0.7267729981495099,0.07160869240760803,True,True
T03,2,BG6,8,0.7768321704970615,0.05146556720137596,True,True
T03,2,BG6,9,0.9113957039773097,0.03171601891517639,True,True
T03,2,BG6,10,0.8304511062674015,0.036179475486278534,True,True
T03,2,BG6,11,0.7984719054509759,0.03028370440006256,True,True
T03,2,BG6,12,0.7336410789974278,0.10283159464597702,True,True
T03,2,BG6,13,0.7273530636311392,0.1581210345029831,True,True
T03,2,BG6,14,0.723717219076593,0.16162891685962677,True,True
T03,2,BG6,15,0.49980038474612626,0.20703500509262085,True,True
T03,2,BG6,16,0.6337039593524694,0.1506040245294571,True,True
T03,2,BG6,17,0.8492716072228397,0.2988169193267822,True,True
T03,2,BG6,18,1.1340507282762045,0.3965393006801605,True,True
T03,2,BG6,19,0.851068400717392,0.2863621115684509,True,True
T03,2,BG6,20,0.627854329498978,0.24578437209129333,True,True
T03,0,BG7,1,0.06795145547152219,0.062196508049964905,True,True
T03,0,BG7,2,0.05709681371489837,0.10657920688390732,True,True
T03,0,BG7,3,0.052975268635536976,0.16256652772426605,True,True
T03,0,BG7,4,0.07205733469699654,0.13176913559436798,True,True
T03,0,BG7,5,0.18200021318452347,0.07358012348413467,True,True
T03,0,BG7,6,0.28733347617622,0.08785833418369293,True,True
T03,0,BG7,7,0.4798576759463353,0.023550892248749733,True,True
T03,0,BG7,8,0.6137254721341258,0.09779151529073715,True,True
T03,0,BG7,9,0.6241583909538779,0.15451492369174957,True,True
T03,0,BG7,10,0.7102597737548181,0.1917416751384735,True,True
T03,0,BG7,11,0.8158357270383298,0.2470036894083023,True,True
T03,0,BG7,12,0.9555288760882502,0.26089856028556824,True,True
T03,0,BG7,13,1.0229226957953825,0.3027592599391937,True,True
T03,0,BG7,14,1.154043916679313,0.29936647415161133,True,True
T03,0,BG7,15,1.242375709611278,0.3009564280509949,True,True
T03,0,BG7,16,1.4823086005295856,0.3849695324897766,True,True
T03,0,BG7,17,1.844167264555906,0.597477376461029,True,True
T03,0,BG7,18,2.1362715165214072,0.725065290927887,True,True
T03,0,BG7,19,2.279095126017701,0.6916284561157227,True,True
T03,0,BG7,20,2.3584363338115835,0.7458557486534119,True,True
T03,1,BG7,1,0.15568751160402367,0.03829415887594223,True,True
T03,1,BG7,2,0.23192508846553428,0.020039213821291924,True,True
T03,1,BG7,3,0.3801196865885542,0.05441110208630562,True,True
T03,1,BG7,4,0.4405418470401819,0.0546034574508667,True,True
T03,1,BG7,5,0.5748325085826237,0.07218566536903381,True,True
T03,1,BG7,6,0.5849805742421819,0.12722675502300262,True,True
T03,1,BG7,7,0.45350174665831494,0.18281300365924835,True,True
T03,1,BG7,8,0.31559362059165447,0.22383585572242737,True,True
T03,1,BG7,9,0.30852586330015086,0.15164262056350708,True,True
T03,1,BG7,10,0.3514742445976417,0.17193681001663208,True,True
T03,1,BG7,11,0.4342001979510619,0.18352292478084564,True,True
T03,1,BG7,12,0.48542196293217654,0.2073645144701004,True,True
T03,1,BG7,13,0.4295179535970621,0.19632144272327423,True,True
T03,1,BG7,14,0.3533655669401123,0.14524468779563904,True,True
T03,1,BG7,15,0.48897130700198166,0.3120979070663452,True,True
T03,1,BG7,16,0.5021669688009113,0.25710079073905945,True,True
T03,1,BG7,17,0.7119234641132562,0.182917058467865,True,True
T03,1,BG7,18,0.7937583543453987,0.056558042764663696,True,True
T03,1,BG7,19,0.8220225377623017,0.10893245041370392,True,True
T03,1,BG7,20,0.7312578597766863,0.15757502615451813,True,True
T03,2,BG7,1,0.2663983794755039,0.07334237545728683,True,True
T03,2,BG7,2,0.38425423666171143,0.0749717429280281,True,True
T03,2,BG7,3,0.5589042753599947,0.1653032898902893,True,True
T03,2,BG7,4,0.6546455689150161,0.23549728095531464,True,True
T03,2,BG7,5,0.7797835388971963,0.2631627023220062,True,True
T03,2,BG7,6,0.8219664306657085,0.2246330976486206,True,True
T03,2,BG7,7,0.8944594210726956,0.183181032538414,True,True
T03,2,BG7,8,1.044095413034799,0.23838162422180176,True,True
T03,2,BG7,9,1.079625945570856,0.16767460107803345,True,True
T03,2,BG7,10,1.0306468855093127,0.1932259052991867,True,True
T03,2,BG7,11,0.9963672902465818,0.16873498260974884,True,True
T03,2,BG7,12,0.9337502702085652,0.10436666011810303,True,True
T03,2,BG7,13,0.9993644889031394,0.16297422349452972,True,True
T03,2,BG7,14,0.9567992848698326,0.12077413499355316,True,True
T03,2,BG7,15,0.7693496315677346,0.11869686841964722,True,True
T03,2,BG7,16,0.8902749768395573,0.15772663056850433,True,True
T03,2,BG7,17,1.2435710931409218,0.17434531450271606,True,True
T03,2,BG7,18,1.2725033328710036,0.07729490101337433,True,True
T03,2,BG7,19,1.0331744011321105,0.09267722815275192,True,True
T03,2,BG7,20,0.9247306945075435,0.22370393574237823,True,True
T03,0,BG8,1,0.048283830610401014,0.030484285205602646,True,True
T03,0,BG8,2,0.14169007811690748,0.01851753145456314,True,True
T03,0,BG8,3,0.243570195599834,0.04047262296080589,True,True
T03,0,BG8,4,0.34693869284154266,0.14323346316814423,True,True
T03,0,BG8,5,0.5807893063564994,0.32710132002830505,True,True
T03,0,BG8,6,0.8525682032983752,0.47855544090270996,True,True
T03,0,BG8,7,1.1486945189190045,0.6501505374908447,True,True
T03,0,BG8,8,1.4269524845810142,0.9127451777458191,True,True
T03,0,BG8,9,1.6258800248047431,1.1560474634170532,True,True
T03,0,BG8,10,1.7834430942956592,1.2710270881652832,True,True
T03,0,BG8,11,2.016287586097781,1.4566417932510376,True,True
T03,0,BG8,12,2.3692019846204273,1.6506896018981934,True,True
T03,0,BG8,13,2.7362729311003053,2.0121896266937256,True,True
T03,0,BG8,14,3.1375610984940536,2.2791671752929688,True,True
T03,0,BG8,15,3.5999441349493746,2.6438963413238525,True,True
T03,0,BG8,16,4.058957759946309,2.9719350337982178,True,True
T03,0,BG8,17,4.600221861948512,3.383411407470703,True,True
T03,0,BG8,18,5.291019678300107,3.882317304611206,True,True
T03,0,BG8,19,5.735895471976133,4.162720680236816,True,True
T03,0,BG8,20,5.901907870948887,4.294157981872559,True,True
T03,1,BG8,1,0.08507114419490636,0.043635737150907516,True,True
T03,1,BG8,2,0.19956664026757992,0.08365733176469803,True,True
T03,1,BG8,3,0.41487343798714094,0.07847423851490021,True,True
T03,1,BG8,4,0.5054703816263761,0.12730813026428223,True,True
T03,1,BG8,5,0.6241376507602616,0.1314363181591034,True,True
T03,1,BG8,6,0.6388584956594451,0.1706799864768982,True,True
T03,1,BG8,7,0.5710535840465386,0.2737354338169098,True,True
T03,1,BG8,8,0.5492977779872753,0.3892970681190491,True,True
T03,1,BG8,9,0.4865888906907888,0.49454715847969055,True,True
T03,1,BG8,10,0.5875693572559423,0.6070244312286377,True,True
T03,1,BG8,11,0.5547337892065577,0.6775301098823547,True,True
T03,1,BG8,12,0.8078288772527727,0.7894983291625977,True,True
T03,1,BG8,13,0.9666970126113341,0.8541874885559082,True,True
T03,1,BG8,14,1.0657801446628161,0.9709627032279968,True,True
T03,1,BG8,15,1.2884600203672452,1.1875237226486206,True,True
T03,1,BG8,16,1.547137305678896,1.3542819023132324,True,True
T03,1,BG8,17,1.9116343429252642,1.3889658451080322,True,True
T03,1,BG8,18,1.9584350032845577,1.504122257232666,True,True
T03,1,BG8,19,2.145807103699373,1.6689425706863403,True,True
T03,1,BG8,20,1.9855750287551515,1.601783275604248,True,True
T03,2,BG8,1,0.2255486113751171,0.014175912365317345,True,True
T03,2,BG8,2,0.35667295157058987,0.04645651951432228,True,True
T03,2,BG8,3,0.4380341675902392,0.07482542097568512,True,True
T03,2,BG8,4,0.4652265182217592,0.09966249018907547,True,True
T03,2,BG8,5,0.5628800095005707,0.055370137095451355,True,True
T03,2,BG8,6,0.6112749761561913,0.07267983257770538,True,True
T03,2,BG8,7,0.6763865119333835,0.18142178654670715,True,True
T03,2,BG8,8,0.7025109956521706,0.3211936354637146,True,True
T03,2,BG8,9,0.8144400140952922,0.4043661653995514,True,True
T03,2,BG8,10,0.6397262107306947,0.5596897006034851,True,True
T03,2,BG8,11,0.5758202006726361,0.7096217274665833,True,True
T03,2,BG8,12,0.6591649808271728,0.8396233320236206,True,True
T03,2,BG8,13,0.9070055790183975,1.041786789894104,True,True
T03,2,BG8,14,1.037746019603637,1.2299991846084595,True,True
T03,2,BG8,15,1.1960343437746224,1.4362462759017944,True,True
T03,2,BG8,16,1.4983284621880317,1.734808325767517,True,True
T03,2,BG8,17,1.5362034588337707,1.8241722583770752,True,True
T03,2,BG8,18,1.7721997658267548,1.9912478923797607,True,True
T03,2,BG8,19,1.856011173892535,2.0807392597198486,True,True
T03,2,BG8,20,2.138790075604134,2.453782796859741,True,True
T03,0,BG9,1,0.039955029863411706,0.027375459671020508,True,True
T03,0,BG9,2,0.14900499217639077,0.01968192681670189,True,True
T03,0,BG9,3,0.25276209699968577,0.06168003007769585,True,True
T03,0,BG9,4,0.33482562571150104,0.1363709419965744,True,True
T03,0,BG9,5,0.4199258035907589,0.18005216121673584,True,True
T03,0,BG9,6,0.6070953330447978,0.2670103907585144,True,True
T03,0,BG9,7,0.8081276421902905,0.369033545255661,True,True
T03,0,BG9,8,0.9046309384164025,0.4411594867706299,True,True
T03,0,BG9,9,0.9329448355253286,0.4922872483730316,True,True
T03,0,BG9,10,1.0311717963847293,0.5128477811813354,True,True
T03,0,BG9,11,1.1635106041648866,0.5656531453132629,True,True
T03,0,BG9,12,1.3197409674187144,0.58665931224823,True,True
T03,0,BG9,13,1.4717229784730859,0.7607439756393433,True,True
T03,0,BG9,14,1.6255290805048648,0.7667744755744934,True,True
T03,0,BG9,15,1.798524579452346,0.8591044545173645,True,True
T03,0,BG9,16,2.023586412022088,0.9614542126655579,True,True
T03,0,BG9,17,2.244946222608615,1.0398920774459839,True,True
T03,0,BG9,18,2.514946728476367,1.1342782974243164,True,True
T03,0,BG9,19,2.6946588734433186,1.1413036584854126,True,True
T03,0,BG9,20,2.826151360730119,1.2351008653640747,True,True
T03,1,BG9,1,0.10902834792201885,0.07208004593849182,True,True
T03,1,BG9,2,0.29719003598583793,0.10146944969892502,True,True
T03,1,BG9,3,0.5000473066352318,0.0920463427901268,True,True
T03,1,BG9,4,0.5602297613320669,0.15518686175346375,True,True
T03,1,BG9,5,0.6846322383332998,0.1288309395313263,True,True
T03,1,BG9,6,0.7419445265998585,0.09343832731246948,True,True
T03,1,BG9,7,0.7045729131066455,0.1543155461549759,True,True
T03,1,BG9,8,0.6338910334942459,0.2098976969718933,True,True
T03,1,BG9,9,0.5049708545696824,0.18725642561912537,True,True
T03,1,BG9,10,0.6036600712891687,0.22756893932819366,True,True
T03,1,BG9,11,0.5872103252962523,0.2199430912733078,True,True
T03,1,BG9,12,0.7334009320097843,0.24516944587230682,True,True
T03,1,BG9,13,0.7151443060625006,0.19913944602012634,True,True
T03,1,BG9,14,0.562927951296551,0.21644169092178345,True,True
T03,1,BG9,15,0.8450492158227111,0.23127137124538422,True,True
T03,1,BG9,16,0.8250862534278597,0.27117079496383667,True,True
T03,1,BG9,17,1.0361955954934448,0.27020299434661865,True,True
T03,1,BG9,18,0.9759147551196578,0.24463360011577606,True,True
T03,1,BG9,19,1.0636453997697317,0.2676185965538025,True,True
T03,1,BG9,20,0.8800037569523423,0.30131223797798157,True,True
T03,2,BG9,1,0.19779718073185454,0.035160552710294724,True,True
T03,2,BG9,2,0.2558290192219084,0.058718692511320114,True,True
T03,2,BG9,3,0.3170318900516465,0.08240542560815811,True,True
T03,2,BG9,4,0.33629627616749047,0.09349361062049866,True,True
T03,2,BG9,5,0.4457079397458102,0.08409533649682999,True,True
T03,2,BG9,6,0.48759249854162995,0.12886957824230194,True,True
T03,2,BG9,7,0.5844172773908886,0.167662113904953,True,True
T03,2,BG9,8,0.6676331657413722,0.1888519823551178,True,True
T03,2,BG9,9,0.8361713107782444,0.10748594254255295,True,True
T03,2,BG9,10,0.6942580882573546,0.16493366658687592,True,True
T03,2,BG9,11,0.6502475046979919,0.18990041315555573,True,True
T03,2,BG9,12,0.6371618421970245,0.2257591038942337,True,True
T03,2,BG9,13,0.7169876599030917,0.2195645570755005,True,True
T03,2,BG9,14,0.7375257261628089,0.2144434154033661,True,True
T03,2,BG9,15,0.5393725784974894,0.2599220871925354,True,True
T03,2,BG9,16,0.602502374907784,0.28046390414237976,True,True
T03,2,BG9,17,0.9353865207561585,0.34422826766967773,True,True
T03,2,BG9,18,1.174519045446593,0.4304722249507904,True,True
T03,2,BG9,19,0.9933637501430688,0.38261520862579346,True,True
T03,2,BG9,20,0.7390272748277495,0.3754810094833374,True,True
T03,0,BG10,1,0.035806486287672606,0.02356160245835781,True,True
T03,0,BG10,2,0.14581579860021993,0.019062764942646027,True,True
T03,0,BG10,3,0.24179575896172406,0.052400968968868256,True,True
T03,0,BG10,4,0.3528961067467079,0.15471306443214417,True,True
T03,0,BG10,5,0.5535610086345185,0.29931876063346863,True,True
T03,0,BG10,6,0.8102339862285276,0.4435214102268219,True,True
T03,0,BG10,7,1.0866607489144884,0.5988408923149109,True,True
T03,0,BG10,8,1.3361122083327783,0.8282265067100525,True,True
T03,0,BG10,9,1.5498765819701166,1.082566499710083,True,True
T03,0,BG10,10,1.7395990041187748,1.2213197946548462,True,True
T03,0,BG10,11,1.9722696506107917,1.4010674953460693,True,True
T03,0,BG10,12,2.232202095935779,1.5098477602005005,True,True
T03,0,BG10,13,2.5547686924788,1.8309067487716675,True,True
T03,0,BG10,14,2.9171059039925145,2.0576608180999756,True,True
T03,0,BG10,15,3.3291154198134967,2.375199794769287,True,True
T03,0,BG10,16,3.7296060330345018,2.647150993347168,True,True
T03,0,BG10,17,4.245524369264429,3.03770112991333,True,True
T03,0,BG10,18,4.764529571861499,3.3668980598449707,True,True
T03,0,BG10,19,5.187939152369617,3.6187713146209717,True,True
T03,0,BG10,20,5.28462944943233,3.6738779544830322,True,True
T03,1,BG10,1,0.11759279377791078,0.011262346059083939,True,True
T03,1,BG10,2,0.1953675958471656,0.05175205320119858,True,True
T03,1,BG10,3,0.3566401488802321,0.09410905838012695,True,True
T03,1,BG10,4,0.4205988212989065,0.13270863890647888,True,True
T03,1,BG10,5,0.5956574026351921,0.19215969741344452,True,True
T03,1,BG10,6,0.6197962597011804,0.25481900572776794,True,True
T03,1,BG10,7,0.5311477729976987,0.37478262186050415,True,True
T03,1,BG10,8,0.5100109528585968,0.5184701085090637,True,True
T03,1,BG10,9,0.4986001890488492,0.6009523868560791,True,True
T03,1,BG10,10,0.596815017664727,0.7284221053123474,True,True
T03,1,BG10,11,0.5618227219826872,0.8039656281471252,True,True
T03,1,BG10,12,0.7548597696758542,0.8861541748046875,True,True
T03,1,BG10,13,1.018693320063456,1.0099164247512817,True,True
T03,1,BG10,14,1.1714763890985331,1.1493679285049438,True,True
T03,1,BG10,15,1.409884552214411,1.3599107265472412,True,True
T03,1,BG10,16,1.7393562089775627,1.6313430070877075,True,True
T03,1,BG10,17,2.094585775179986,1.6457693576812744,True,True
T03,1,BG10,18,2.153230180609347,1.7542519569396973,True,True
T03,1,BG10,19,2.316507222796144,1.9229873418807983,True,True
T03,1,BG10,20,2.192786481181877,1.9284167289733887,True,True
T03,2,BG10,1,0.18743586756037312,0.042657896876335144,True,True
T03,2,BG10,2,0.27714266442147784,0.07110998779535294,True,True
T03,2,BG10,3,0.41854239718089026,0.10023968666791916,True,True
T03,2,BG10,4,0.49944341170089834,0.1250920444726944,True,True
T03,2,BG10,5,0.5560755208712216,0.10794255137443542,True,True
T03,2,BG10,6,0.5701992957204854,0.08297988772392273,True,True
T03,2,BG10,7,0.6190394406350688,0.11684851348400116,True,True
T03,2,BG10,8,0.6677862615044021,0.21343088150024414,True,True
T03,2,BG10,9,0.7693534609603337,0.27118581533432007,True,True
T03,2,BG10,10,0.5706459209759195,0.37124887108802795,True,True
T03,2,BG10,11,0.49490121585025776,0.46760091185569763,True,True
T03,2,BG10,12,0.5398809891257653,0.5608970522880554,True,True
T03,2,BG10,13,0.7197073051305024,0.7390572428703308,True,True
T03,2,BG10,14,0.7997549817184318,0.9251696467399597,True,True
T03,2,BG10,15,0.9368672699398695,1.1439800262451172,True,True
T03,2,BG10,16,1.1184429810936418,1.3131341934204102,True,True
T03,2,BG10,17,1.3091109682167423,1.5324002504348755,True,True
T03,2,BG10,18,1.6226942075161865,1.7643077373504639,True,True
T03,2,BG10,19,1.592036249854072,1.7576621770858765,True,True
T03,2,BG10,20,1.695183653271406,1.9864469766616821,True,True
T03,0,BG11,1,0.022509871623436817,0.03866957873106003,True,True
T03,0,BG11,2,0.13407135697177205,0.02827528491616249,True,True
T03,0,BG11,3,0.20988918467451037,0.018400736153125763,True,True
T03,0,BG11,4,0.2627532657711467,0.06155160814523697,True,True
T03,0,BG11,5,0.3726016548371016,0.12206616252660751,True,True
T03,0,BG11,6,0.5375490542156062,0.18049076199531555,True,True
T03,0,BG11,7,0.7484074137615858,0.26846224069595337,True,True
T03,0,BG11,8,0.893997254100861,0.3812626302242279,True,True
T03,0,BG11,9,1.0252780095049094,0.5566386580467224,True,True
T03,0,BG11,10,1.1595596197678926,0.6398069262504578,True,True
T03,0,BG11,11,1.3156565476335584,0.7392961382865906,True,True
T03,0,BG11,12,1.4866727389485352,0.7669071555137634,True,True
T03,0,BG11,13,1.708789449991634,0.984860360622406,True,True
T03,0,BG11,14,1.859127058820933,1.0032382011413574,True,True
T03,0,BG11,15,2.040958956700982,1.0864986181259155,True,True
T03,0,BG11,16,2.2462666816265853,1.1579736471176147,True,True
T03,0,BG11,17,2.588174701531856,1.357445240020752,True,True
T03,0,BG11,18,2.8495878003787656,1.4218783378601074,True,True
T03,0,BG11,19,2.97022938833567,1.3807461261749268,True,True
T03,0,BG11,20,3.0679824455195392,1.4401911497116089,True,True
T03,1,BG11,1,0.14837661130089638,0.048419203609228134,True,True
T03,1,BG11,2,0.28383287490287384,0.04187533259391785,True,True
T03,1,BG11,3,0.43673297516777204,0.0027813955675810575,True,True
T03,1,BG11,4,0.5125337968419783,0.08438446372747421,True,True
T03,1,BG11,5,0.666791305365295,0.10095386952161789,True,True
T03,1,BG11,6,0.6890688332912374,0.1030779629945755,True,True
T03,1,BG11,7,0.574278190516673,0.16058531403541565,True,True
T03,1,BG11,8,0.4460384552987663,0.22186613082885742,True,True
T03,1,BG11,9,0.3271759598900035,0.2580636441707611,True,True
T03,1,BG11,10,0.4313158715536212,0.2968027591705322,True,True
T03,1,BG11,11,0.4110054539253548,0.28486984968185425,True,True
T03,1,BG11,12,0.5305713565368477,0.2535247802734375,True,True
T03,1,BG11,13,0.5555102024028111,0.26673099398612976,True,True
T03,1,BG11,14,0.5212707468866475,0.30562615394592285,True,True
T03,1,BG11,15,0.7698735951666182,0.40815287828445435,True,True
T03,1,BG11,16,0.8149350188727381,0.5472531318664551,True,True
T03,1,BG11,17,1.0752902744210346,0.4845050275325775,True,True
T03,1,BG11,18,1.013493765757328,0.4047752022743225,True,True
T03,1,BG11,19,1.0610680052138286,0.42082634568214417,True,True
T03,1,BG11,20,0.8975309853287562,0.47152334451675415,True,True
T03,2,BG11,1,0.19600787631217587,0.04037526622414589,True,True
T03,2,BG11,2,0.27370069028632965,0.1076849028468132,True,True
T03,2,BG11,3,0.4089988789400234,0.1171717643737793,True,True
T03,2,BG11,4,0.4642160100597977,0.140045166015625,True,True
T03,2,BG11,5,0.5557310381495847,0.1086076945066452,True,True
T03,2,BG11,6,0.5776961043701797,0.10502687841653824,True,True
T03,2,BG11,7,0.6447019513413095,0.07481149584054947,True,True
T03,2,BG11,8,0.745409294752361,0.08873392641544342,True,True
T03,2,BG11,9,0.8685685308760277,0.062223948538303375,True,True
T03,2,BG11,10,0.7556348522173283,0.08361577987670898,True,True
T03,2,BG11,11,0.7336018954427801,0.09464361518621445,True,True
T03,2,BG11,12,0.7248220801895499,0.11285896599292755,True,True
T03,2,BG11,13,0.75379424702135,0.13019007444381714,True,True
T03,2,BG11,14,0.7678475750111095,0.1296081691980362,True,True
T03,2,BG11,15,0.5774531533389766,0.2077634185552597,True,True
T03,2,BG11,16,0.6316667353013962,0.19830381870269775,True,True
T03,2,BG11,17,0.8741681966001155,0.3611958622932434,True,True
T03,2,BG11,18,1.166442447793813,0.4288559854030609,True,True
T03,2,BG11,19,0.9465612702960541,0.352273553609848,True,True
T03,2,BG11,20,0.7493796197028071,0.3054099678993225,True,True
T03,0,BG12,1,0.047281937036215735,0.07442774623632431,True,True
T03,0,BG12,2,0.09679637082644513,0.09943316876888275,True,True
T03,0,BG12,3,0.12775528350992715,0.10279513895511627,True,True
T03,0,BG12,4,0.19400840324980065,0.041567813605070114,True,True
T03,0,BG12,5,0.2834727771393493,0.07628677040338516,True,True
T03,0,BG12,6,0.4097085159980115,0.0873183086514473,True,True
T03,0,BG12,7,0.5759516562449585,0.15026091039180756,True,True
T03,0,BG12,8,0.7274135179025458,0.24240651726722717,True,True
T03,0,BG12,9,0.7292670727185557,0.2662801444530487,True,True
T03,0,BG12,10,0.8225345367276481,0.30086010694503784,True,True
T03,0,BG12,11,0.925519605699677,0.33855706453323364,True,True
T03,0,BG12,12,1.0731575274028637,0.3441879153251648,True,True
T03,0,BG12,13,1.1339880665440023,0.4124993085861206,True,True
T03,0,BG12,14,1.1761414499895892,0.3186740577220917,True,True
T03,0,BG12,15,1.189831606598376,0.25517070293426514,True,True
T03,0,BG12,16,1.4365778360947141,0.33960169553756714,True,True
T03,0,BG12,17,1.6767914896227185,0.43726542592048645,True,True
T03,0,BG12,18,1.9240177648273307,0.523932695388794,True,True
T03,0,BG12,19,2.1162757232454625,0.5558174848556519,True,True
T03,0,BG12,20,2.125631181072342,0.5327028632164001,True,True
T03,1,BG12,1,0.1649017155606112,0.0958385169506073,True,True
T03,1,BG12,2,0.311481395866479,0.084175243973732,True,True
T03,1,BG12,3,0.47917810577679093,0.046984437853097916,True,True
T03,1,BG12,4,0.5593421805445069,0.13013003766536713,True,True
T03,1,BG12,5,0.7206402339355361,0.14202289283275604,True,True
T03,1,BG12,6,0.7750667197926725,0.13094095885753632,True,True
T03,1,BG12,7,0.674699499578793,0.11790800839662552,True,True
T03,1,BG12,8,0.6194443784007123,0.1616218239068985,True,True
T03,1,BG12,9,0.48864113652569824,0.12537464499473572,True,True
T03,1,BG12,10,0.5525305645535342,0.10728009790182114,True,True
T03,1,BG12,11,0.5853461945231065,0.10411001741886139,True,True
T03,1,BG12,12,0.6877230010189521,0.1535862684249878,True,True
T03,1,BG12,13,0.6632567082376555,0.09610447287559509,True,True
T03,1,BG12,14,0.5507151967144974,0.15338769555091858,True,True
T03,1,BG12,15,0.7753740886036429,0.16134366393089294,True,True
T03,1,BG12,16,0.7313476725366459,0.21484988927841187,True,True
T03,1,BG12,17,0.9427954547058216,0.1252342164516449,True,True
T03,1,BG12,18,0.9221022904577832,0.15571478009223938,True,True
T03,1,BG12,19,0.9873023779565939,0.08600969612598419,True,True
T03,1,BG12,20,0.8904444202817234,0.07054270058870316,True,True
T03,2,BG12,1,0.24598693649460107,0.0822804644703865,True,True
T03,2,BG12,2,0.3501581613984129,0.0659719705581665,True,True
T03,2,BG12,3,0.4652258744393035,0.0887727364897728,True,True
T03,2,BG12,4,0.5282480509997687,0.135529026389122,True,True
T03,2,BG12,5,0.653920261286497,0.13906392455101013,True,True
T03,2,BG12,6,0.7124590273715957,0.10340013355016708,True,True
T03,2,BG12,7,0.8046377763566671,0.08780305832624435,True,True
T03,2,BG12,8,0.9186249343923888,0.11125475913286209,True,True
T03,2,BG12,9,0.953593754879703,0.02500039152801037,True,True
T03,2,BG12,10,0.8653972572357372,0.04794379696249962,True,True
T03,2,BG12,11,0.8351231203093871,0.05412936210632324,True,True
T03,2,BG12,12,0.8511863823372848,0.07031545042991638,True,True
T03,2,BG12,13,0.8868262189947844,0.03349125012755394,True,True
T03,2,BG12,14,0.8605725037497988,0.08888346701860428,True,True
T03,2,BG12,15,0.6981092856211135,0.04373608157038689,True,True
T03,2,BG12,16,0.7914933185195087,0.08211927860975266,True,True
T03,2,BG12,17,1.2127499060325286,0.16250164806842804,True,True
T03,2,BG12,18,1.2967661183005625,0.06452760845422745,True,True
T03,2,BG12,19,1.0033554299422618,0.04019267484545708,True,True
T03,2,BG12,20,0.782923456492557,0.023079928010702133,True,True
T03,0,BG13,1,0.06517625423424316,0.08994145691394806,True,True
T03,0,BG13,2,0.11874837992154415,0.12784355878829956,True,True
T03,0,BG13,3,0.1432136336421836,0.14325089752674103,True,True
T03,0,BG13,4,0.19363609535228768,0.11332858353853226,True,True
T03,0,BG13,5,0.23283810602573585,0.12406639754772186,True,True
T03,0,BG13,6,0.30866945139316443,0.1573779284954071,True,True
T03,0,BG13,7,0.4856160472304502,0.1950499266386032,True,True
T03,0,BG13,8,0.5145644298481862,0.15994249284267426,True,True
T03,0,BG13,9,0.5069751133418754,0.09397154301404953,True,True
T03,0,BG13,10,0.6050340872532294,0.09538505971431732,True,True
T03,0,BG13,11,0.6880551412547339,0.0923648476600647,True,True
T03,0,BG13,12,0.8240398991438839,0.093252032995224,True,True
T03,0,BG13,13,0.8293201674649058,0.12864187359809875,True,True
T03,0,BG13,14,0.8978789778683047,0.0727778971195221,True,True
T03,0,BG13,15,0.9777888862106826,0.10832491517066956,True,True
T03,0,BG13,16,1.1990661703571617,0.10518050193786621,True,True
T03,0,BG13,17,1.4151609270695147,0.17205972969532013,True,True
T03,0,BG13,18,1.6192117833357285,0.25124114751815796,True,True
T03,0,BG13,19,1.7763581611190264,0.23016199469566345,True,True
T03,0,BG13,20,1.8156431458701479,0.2111903727054596,True,True
T03,1,BG13,1,0.1801920249848227,0.10204969346523285,True,True
T03,1,BG13,2,0.3428303534510098,0.10225740820169449,True,True
T03,1,BG13,3,0.5090661991299892,0.07631903141736984,True,True
T03,1,BG13,4,0.5920676774348788,0.14043642580509186,True,True
T03,1,BG13,5,0.7355783534022236,0.1299923211336136,True,True
T03,1,BG13,6,0.8054494082735939,0.13890913128852844,True,True
T03,1,BG13,7,0.7113733121333541,0.14167626202106476,True,True
T03,1,BG13,8,0.6273456259122773,0.16525278985500336,True,True
T03,1,BG13,9,0.4928781547741905,0.10440139472484589,True,True
T03,1,BG13,10,0.5746389292666918,0.12131951749324799,True,True
T03,1,BG13,11,0.586887841872064,0.07531850785017014,True,True
T03,1,BG13,12,0.6957687649203106,0.12392119318246841,True,True
T03,1,BG13,13,0.6706311115142962,0.07272440195083618,True,True
T03,1,BG13,14,0.5229102129267962,0.07748447358608246,True,True
T03,1,BG13,15,0.7757113249219516,0.07154963165521622,True,True
T03,1,BG13,16,0.7009900912271769,0.08699007332324982,True,True
T03,1,BG13,17,0.9129069627828359,0.07489211112260818,True,True
T03,1,BG13,18,0.8827432779312137,0.13871723413467407,True,True
T03,1,BG13,19,0.9254777422320671,0.15456190705299377,True,True
T03,1,BG13,20,0.7914850636585729,0.10547740012407303,True,True
T03,2,BG13,1,0.2552845031517357,0.09018022567033768,True,True
T03,2,BG13,2,0.3434519275058964,0.07268110662698746,True,True
T03,2,BG13,3,0.45010196424946175,0.09265092015266418,True,True
T03,2,BG13,4,0.4896813833308869,0.12678711116313934,True,True
T03,2,BG13,5,0.5930978416878291,0.10191599279642105,True,True
T03,2,BG13,6,0.6633761759113262,0.08642059564590454,True,True
T03,2,BG13,7,0.7702306738269872,0.06732702255249023,True,True
T03,2,BG13,8,0.8949937039370442,0.09135404974222183,True,True
T03,2,BG13,9,0.9142883414278494,0.01816106215119362,True,True
T03,2,BG13,10,0.8245657701745384,0.025696085765957832,True,True
T03,2,BG13,11,0.8201485445986737,0.03521023690700531,True,True
T03,2,BG13,12,0.8308823500447297,0.05465003848075867,True,True
T03,2,BG13,13,0.8958302967185252,0.012916553765535355,True,True
T03,2,BG13,14,0.8805331214282419,0.0335901714861393,True,True
T03,2,BG13,15,0.7264134668558359,0.026316720992326736,True,True
T03,2,BG13,16,0.7975848639956818,0.06754490733146667,True,True
T03,2,BG13,17,1.2137558745926464,0.14429627358913422,True,True
T03,2,BG13,18,1.2997925420269458,0.04987786337733269,True,True
T03,2,BG13,19,1.050011638905816,0.03056328371167183,True,True
T03,2,BG13,20,0.8372547149674305,0.043502531945705414,True,True
T03,0,BG14,1,0.0526890422510266,0.044028330594301224,True,True
T03,0,BG14,2,0.15546299401995864,0.022841356694698334,True,True
T03,0,BG14,3,0.26989791981480227,0.07644736766815186,True,True
T03,0,BG14,4,0.3745125657019214,0.1722068339586258,True,True
T03,0,BG14,5,0.49036051240715356,0.23491927981376648,True,True
T03,0,BG14,6,0.6861671176317141,0.3157486617565155,True,True
T03,0,BG14,7,0.9016397015350829,0.4133000075817108,True,True
T03,0,BG14,8,1.0645481213729413,0.5516797304153442,True,True
T03,0,BG14,9,1.221193955499765,0.7538198828697205,True,True
T03,0,BG14,10,1.3661160712461293,0.8465995788574219,True,True
T03,0,BG14,11,1.5666016887786358,0.98841792345047,True,True
T03,0,BG14,12,1.746735275147886,1.0207799673080444,True,True
T03,0,BG14,13,1.9615655039338944,1.2382925748825073,True,True
T03,0,BG14,14,2.111213073211709,1.2523726224899292,True,True
T03,0,BG14,15,2.267224657923963,1.3119723796844482,True,True
T03,0,BG14,16,2.5364418530564965,1.4542499780654907,True,True
T03,0,BG14,17,2.8749741021468695,1.6501715183258057,True,True
T03,0,BG14,18,3.166390180222305,1.7399686574935913,True,True
T03,0,BG14,19,3.349191408868708,1.761261224746704,True,True
T03,0,BG14,20,3.4519269467061853,1.825621485710144,True,True
T03,1,BG14,1,0.073769964524937,0.08072111010551453,True,True
T03,1,BG14,2,0.22957462777552395,0.08563189953565598,True,True
T03,1,BG14,3,0.42632457854746286,0.08456205576658249,True,True
T03,1,BG14,4,0.48352506048076255,0.14827148616313934,True,True
T03,1,BG14,5,0.6647944726912225,0.14068663120269775,True,True
T03,1,BG14,6,0.7153972691017695,0.11766363680362701,True,True
T03,1,BG14,7,0.6097056917516426,0.17332862317562103,True,True
T03,1,BG14,8,0.5096917032020583,0.2158140242099762,True,True
T03,1,BG14,9,0.4137040735873272,0.22150276601314545,True,True
T03,1,BG14,10,0.4828791900346306,0.2406442016363144,True,True
T03,1,BG14,11,0.5030025198904942,0.21109019219875336,True,True
T03,1,BG14,12,0.6306413833826607,0.2469213306903839,True,True
T03,1,BG14,13,0.6500666347001951,0.29726511240005493,True,True
T03,1,BG14,14,0.5972005299677401,0.40943339467048645,True,True
T03,1,BG14,15,0.8614161999533063,0.5418887734413147,True,True
T03,1,BG14,16,0.9782814350135206,0.6932054758071899,True,True
T03,1,BG14,17,1.1598782718728535,0.6012267470359802,True,True
T03,1,BG14,18,1.126308508611509,0.6107791066169739,True,True
T03,1,BG14,19,1.2428084272196676,0.7023670673370361,True,True
T03,1,BG14,20,1.14671558799118,0.7596732974052429,True,True
T03,2,BG14,1,0.1914325885486665,0.025265371426939964,True,True
T03,2,BG14,2,0.29752996902026047,0.022989846765995026,True,True
T03,2,BG14,3,0.41170983864847865,0.03545094281435013,True,True
T03,2,BG14,4,0.4656041519326959,0.07060296088457108,True,True
T03,2,BG14,5,0.5520775522346996,0.035390134900808334,True,True
T03,2,BG14,6,0.6114351110819015,0.0043954914435744286,True,True
T03,2,BG14,7,0.7067987700326545,0.023207321763038635,True,True
T03,2,BG14,8,0.774499170198171,0.06434690207242966,True,True
T03,2,BG14,9,0.9020848526055805,0.033496931195259094,True,True
T03,2,BG14,10,0.8103434984368468,0.05248507484793663,True,True
T03,2,BG14,11,0.7563374611193006,0.09100274741649628,True,True
T03,2,BG14,12,0.7332650338942517,0.1426018327474594,True,True
T03,2,BG14,13,0.7540090936290518,0.17182263731956482,True,True
T03,2,BG14,14,0.788874892420848,0.1856144666671753,True,True
T03,2,BG14,15,0.55519903565031,0.30143654346466064,True,True
T03,2,BG14,16,0.6700789960674586,0.3170355558395386,True,True
T03,2,BG14,17,1.019251857901128,0.43071237206459045,True,True
T03,2,BG14,18,1.3108330451439683,0.5187107920646667,True,True
T03,2,BG14,19,1.006126141207944,0.5542677044868469,True,True
T03,2,BG14,20,0.7889827689841915,0.5534703731536865,True,True
T03,0,BG15,1,0.01745784497011819,0.043311480432748795,True,True
T03,0,BG15,2,0.1374979508998388,0.024990025907754898,True,True
T03,0,BG15,3,0.18288134646498577,0.056589525192976,True,True
T03,0,BG15,4,0.21986703346061534,0.05669543519616127,True,True
T03,0,BG15,5,0.2611927207035683,0.061728328466415405,True,True
T03,0,BG15,6,0.39781981032556285,0.10021673142910004,True,True
T03,0,BG15,7,0.5640715323363316,0.14280112087726593,True,True
T03,0,BG15,8,0.5896030590750928,0.09340820461511612,True,True
T03,0,BG15,9,0.6239724515265961,0.1610521376132965,True,True
T03,0,BG15,10,0.6786452608546348,0.15824078023433685,True,True
T03,0,BG15,11,0.7937028929659975,0.19518107175827026,True,True
T03,0,BG15,12,0.9183870693729177,0.1848859190940857,True,True
T03,0,BG15,13,1.035422798938033,0.3157370388507843,True,True
T03,0,BG15,14,1.1434082997496373,0.28406208753585815,True,True
T03,0,BG15,15,1.2156129617272773,0.26681309938430786,True,True
T03,0,BG15,16,1.3865921005350332,0.2962363064289093,True,True
T03,0,BG15,17,1.6551106624888752,0.41649457812309265,True,True
T03,0,BG15,18,1.8698025260303415,0.4262441396713257,True,True
T03,0,BG15,19,2.1079296000563694,0.5150106549263,True,True
T03,0,BG15,20,2.154146953009162,0.511174201965332,True,True
T03,1,BG15,1,0.11797204598025979,0.06554825603961945,True,True
T03,1,BG15,2,0.28300089529535616,0.05524403601884842,True,True
T03,1,BG15,3,0.48868701883138993,0.06266053020954132,True,True
T03,1,BG15,4,0.5422957716773638,0.08429955691099167,True,True
T03,1,BG15,5,0.6966144715834444,0.07475684583187103,True,True
T03,1,BG15,6,0.7416216085102428,0.03951060399413109,True,True
T03,1,BG15,7,0.6548477227358088,0.036764536052942276,True,True
T03,1,BG15,8,0.5553644416346702,0.0451565645635128,True,True
T03,1,BG15,9,0.41661090804936046,0.03771114721894264,True,True
T03,1,BG15,10,0.5143890468594993,0.08036918193101883,True,True
T03,1,BG15,11,0.5555443587267804,0.06088989973068237,True,True
T03,1,BG15,12,0.6496154443138444,0.05998292937874794,True,True
T03,1,BG15,13,0.5958537795385643,0.059458307921886444,True,True
T03,1,BG15,14,0.4536920500622474,0.0931066945195198,True,True
T03,1,BG15,15,0.741555722797583,0.12668578326702118,True,True
T03,1,BG15,16,0.6802670642035429,0.14559884369373322,True,True
T03,1,BG15,17,0.866564717069991,0.1236003115773201,True,True
T03,1,BG15,18,0.8165333844002975,0.08347176015377045,True,True
T03,1,BG15,19,0.8580708222513169,0.09459646046161652,True,True
T03,1,BG15,20,0.7358823556735207,0.13622508943080902,True,True
T03,2,BG15,1,0.17958344318191607,0.03803284838795662,True,True
T03,2,BG15,2,0.29124567713424454,0.019264856353402138,True,True
T03,2,BG15,3,0.4096728718582141,0.023908862844109535,True,True
T03,2,BG15,4,0.45315437822696275,0.03357112407684326,True,True
T03,2,BG15,5,0.5791037607082354,0.05133168771862984,True,True
T03,2,BG15,6,0.666900409251949,0.05196473374962807,True,True
T03,2,BG15,7,0.7469053796532047,0.0451841726899147,True,True
T03,2,BG15,8,0.8792066541244884,0.0816400945186615,True,True
T03,2,BG15,9,0.9908810312176095,0.06036464124917984,True,True
T03,2,BG15,10,0.888455572454392,0.0536993071436882,True,True
T03,2,BG15,11,0.8634998635187041,0.04212288558483124,True,True
T03,2,BG15,12,0.8584075200372959,0.03393922746181488,True,True
T03,2,BG15,13,0.9201135871610954,0.03835860267281532,True,True
T03,2,BG15,14,0.9174141883486542,0.0342179611325264,True,True
T03,2,BG15,15,0.7646147579214494,0.05979260429739952,True,True
T03,2,BG15,16,0.827123981031464,0.11343857645988464,True,True
T03,2,BG15,17,1.1149087008035514,0.0779692679643631,True,True
T03,2,BG15,18,1.3762873268707754,0.09534329175949097,True,True
T03,2,BG15,19,1.0968870096288743,0.11684225499629974,True,True
T03,2,BG15,20,0.8873991170681395,0.11657392233610153,True,True
T04,0,BG0,1,0.24591755292620313,0.0,True,True
T04,0,BG0,2,0.26975992719115255,0.0,True,True
T04,0,BG0,3,0.3306490969721722,0.0,True,True
T04,0,BG0,4,0.34785878276379023,0.0,True,True
T04,0,BG0,5,0.424420590337421,0.0,True,True
T04,0,BG0,6,0.4944960554304206,0.0,True,True
T04,0,BG0,7,0.5339032646733017,0.0,True,True
T04,0,BG0,8,0.7614546536293565,0.0,True,True
T04,0,BG0,9,0.8581269929109364,0.0,True,True
T04,0,BG0,10,1.0947717373840191,0.0,True,True
T04,0,BG0,11,1.1513981328454836,0.0,True,True
T04,0,BG0,12,1.151727296600836,0.0,True,True
T04,0,BG0,13,1.21631820859517,0.0,True,True
T04,0,BG0,14,1.4077570648309041,0.0,True,True
T04,0,BG0,15,1.5497381698480397,0.0,True,True
T04,0,BG0,16,1.6376712895236918,0.0,True,True
T04,0,BG0,17,1.9373809968727456,0.0,True,True
T04,0,BG0,18,2.0764078338140495,0.0,True,True
T04,0,BG0,19,2.2974224579090556,0.0,True,True
T04,0,BG0,20,2.336164733464124,0.0,True,True
T04,1,BG0,1,0.3417456081474399,0.0,True,True
T04,1,BG0,2,0.4527329165543353,0.0,True,True
T04,1,BG0,3,0.506626418663692,0.0,True,True
T04,1,BG0,4,0.764018495997832,0.0,True,True
T04,1,BG0,5,0.77755115394468,0.0,True,True
T04,1,BG0,6,0.7574494755298686,0.0,True,True
T04,1,BG0,7,0.7545967738771743,0.0,True,True
T04,1,BG0,8,0.7794476891840331,0.0,True,True
T04,1,BG0,9,0.9078950805642216,0.0,True,True
T04,1,BG0,10,0.9259439750942755,0.0,True,True
T04,1,BG0,11,0.8477223543377261,0.0,True,True
T04,1,BG0,12,1.2838016398376868,0.0,True,True
T04,1,BG0,13,1.606406666085341,0.0,True,True
T04,1,BG0,14,1.4327975354195777,0.0,True,True
T04,1,BG0,15,1.4800284651781372,0.0,True,True
T04,1,BG0,16,1.6176090989849008,0.0,True,True
T04,1,BG0,17,1.5804928244882006,0.0,True,True
T04,1,BG0,18,1.846553613655799,0.0,True,True
T04,1,BG0,19,2.1229343356465584,0.0,True,True
T04,1,BG0,20,2.4199014531545355,0.0,True,True
T04,2,BG0,1,0.11379742573658319,0.0,True,True
T04,2,BG0,2,0.14618066703094715,0.0,True,True
T04,2,BG0,3,0.31451503123097435,0.0,True,True
T04,2,BG0,4,0.4271920115552363,0.0,True,True
T04,2,BG0,5,0.5820828540328022,0.0,True,True
T04,2,BG0,6,0.5920062113244665,0.0,True,True
T04,2,BG0,7,0.5954107419162337,0.0,True,True
T04,2,BG0,8,0.5983187856757473,0.0,True,True
T04,2,BG0,9,0.6250357791384532,0.0,True,True
T04,2,BG0,10,0.744099461264653,0.0,True,True
T04,2,BG0,11,0.9248713361373238,0.0,True,True
T04,2,BG0,12,1.101941426051935,0.0,True,True
T04,2,BG0,13,1.2851684121520768,0.0,True,True
T04,2,BG0,14,1.4931784836889166,0.0,True,True
T04,2,BG0,15,1.6195190033453828,0.0,True,True
T04,2,BG0,16,1.873304089831703,0.0,True,True
T04,2,BG0,17,1.6119756701510302,0.0,True,True
T04,2,BG0,18,1.5610609333990588,0.0,True,True
T04,2,BG0,19,1.658749211224852,0.0,True,True
T04,2,BG0,20,1.5534087469818287,0.0,True,True
T04,0,BG1,1,0.23446696160601832,0.031105222180485725,True,True
T04,0,BG1,2,0.2737073536355639,0.023234747350215912,True,True
T04,0,BG1,3,0.3270871188733931,0.04424818977713585,True,True
T04,0,BG1,4,0.34993809405748566,0.09760827571153641,True,True
T04,0,BG1,5,0.45397722228150117,0.1204904243350029,True,True
T04,0,BG1,6,0.5643149411944752,0.1156262457370758,True,True
T04,0,BG1,7,0.6296963938901418,0.13528378307819366,True,True
T04,0,BG1,8,0.880401153012745,0.14080657064914703,True,True
T04,0,BG1,9,1.0156585362082373,0.219862163066864,True,True
T04,0,BG1,10,1.1975028161090657,0.18530695140361786,True,True
T04,0,BG1,11,1.2894845281274494,0.20156395435333252,True,True
T04,0,BG1,12,1.279346133435913,0.2162379026412964,True,True
T04,0,BG1,13,1.3162553746905117,0.22809718549251556,True,True
T04,0,BG1,14,1.5096881744136632,0.3220064640045166,True,True
T04,0,BG1,15,1.683808498102247,0.43904441595077515,True,True
T04,0,BG1,16,1.7595548568408284,0.40495872497558594,True,True
T04,0,BG1,17,2.038277963044877,0.4108732044696808,True,True
T04,0,BG1,18,2.084676453512435,0.475600928068161,True,True
T04,0,BG1,19,2.230069137421689,0.5055244565010071,True,True
T04,0,BG1,20,2.37109086249591,0.5429213643074036,True,True
T04,1,BG1,1,0.36255250480716955,0.029355153441429138,True,True
T04,1,BG1,2,0.4682974249192632,0.023191561922430992,True,True
T04,1,BG1,3,0.5069231072717455,0.026303566992282867,True,True
T04,1,BG1,4,0.7422181938476001,0.025425424799323082,True,True
T04,1,BG1,5,0.8013912302757611,0.03005513921380043,True,True
T04,1,BG1,6,0.7655800443450549,0.02486853301525116,True,True
T04,1,BG1,7,0.7573880485216195,0.01420846488326788,True,True
T04,1,BG1,8,0.7651346547530029,0.016006935387849808,True,True
T04,1,BG1,9,0.8892147614654015,0.024916084483265877,True,True
T04,1,BG1,10,0.9347310470982124,0.010224618948996067,True,True
T04,1,BG1,11,0.8638624295093974,0.02095888927578926,True,True
T04,1,BG1,12,1.2807966797482084,0.006782799027860165,True,True
T04,1,BG1,13,1.566201533333011,0.0402069091796875,True,True
T04,1,BG1,14,1.411542275012799,0.025834061205387115,True,True
T04,1,BG1,15,1.4465346461705635,0.03394516557455063,True,True
T04,1,BG1,16,1.5973140958576972,0.030472368001937866,True,True
T04,1,BG1,17,1.5802472227844249,0.00879837665706873,True,True
T04,1,BG1,18,1.830598319013192,0.0731496512889862,True,True
T04,1,BG1,19,2.117184909750053,0.03041696548461914,True,True
T04,1,BG1,20,2.4403493746197062,0.06640813499689102,True,True
T04,2,BG1,1,0.09580544222658711,0.024842794984579086,True,True
T04,2,BG1,2,0.10038104336099142,0.045820724219083786,True,True
T04,2,BG1,3,0.2653854105907271,0.052734289318323135,True,True
T04,2,BG1,4,0.3687567230033124,0.07036864012479782,True,True
T04,2,BG1,5,0.5008222291892619,0.12209940701723099,True,True
T04,2,BG1,6,0.493881088567588,0.15089236199855804,True,True
T04,2,BG1,7,0.5030883230231387,0.17374791204929352,True,True
T04,2,BG1,8,0.5594985970527898,0.16440226137638092,True,True
T04,2,BG1,9,0.5715284400062557,0.1283343881368637,True,True
T04,2,BG1,10,0.7226018605087652,0.15931536257266998,True,True
T04,2,BG1,11,0.9422609278262266,0.17799001932144165,True,True
T04,2,BG1,12,1.137522052091643,0.19891734421253204,True,True
T04,2,BG1,13,1.3513837345844468,0.22702106833457947,True,True
T04,2,BG1,14,1.591519255702843,0.2795850932598114,True,True
T04,2,BG1,15,1.750639239240065,0.2833816409111023,True,True
T04,2,BG1,16,1.953610601094932,0.23530767858028412,True,True
T04,2,BG1,17,1.627868243655505,0.26545047760009766,True,True
T04,2,BG1,18,1.5933547458132271,0.2595721483230591,True,True
T04,2,BG1,19,1.7486140639950356,0.3689367473125458,True,True
T04,2,BG1,20,1.5762507544670774,0.3649168014526367,True,True
T04,0,BG2,1,0.24705017044739877,0.0588681660592556,True,True
T04,0,BG2,2,0.25968688536734497,0.08740586042404175,True,True
T04,0,BG2,3,0.3099644230162158,0.10692902654409409,True,True
T04,0,BG2,4,0.3763766914089941,0.1727488487958908,True,True
T04,0,BG2,5,0.4635867990667745,0.1726916879415512,True,True
T04,0,BG2,6,0.5576895682909717,0.15244613587856293,True,True
T04,0,BG2,7,0.6369654401969927,0.15366479754447937,True,True
T04,0,BG2,8,0.8961789479584825,0.16542784869670868,True,True
T04,0,BG2,9,1.0269522923854797,0.2451813966035843,True,True
T04,0,BG2,10,1.211275410432006,0.21304506063461304,True,True
T04,0,BG2,11,1.3361575213423655,0.28267601132392883,True,True
T04,0,BG2,12,1.3225119997010961,0.2802256941795349,True,True
T04,0,BG2,13,1.3159472868991928,0.24395890533924103,True,True
T04,0,BG2,14,1.5217104863794733,0.36102861166000366,True,True
T04,0,BG2,15,1.6859887968961738,0.48537006974220276,True,True
T04,0,BG2,16,1.7562678619463692,0.4687558114528656,True,True
T04,0,BG2,17,2.0408097171150295,0.4566957652568817,True,True
T04,0,BG2,18,2.043148396468812,0.5401666760444641,True,True
T04,0,BG2,19,2.202540243836904,0.5754885077476501,True,True
T04,0,BG2,20,2.3410423735531354,0.6576035618782043,True,True
T04,1,BG2,1,0.382557136164985,0.046434883028268814,True,True
T04,1,BG2,2,0.47465826172180103,0.07291229814291,True,True
T04,1,BG2,3,0.5145911345632762,0.06341718137264252,True,True
T04,1,BG2,4,0.7391550775570593,0.05135038495063782,True,True
T04,1,BG2,5,0.7961392811963707,0.05036766454577446,True,True
T04,1,BG2,6,0.7718183838395294,0.0430268868803978,True,True
T04,1,BG2,7,0.771488295774414,0.03280838578939438,True,True
T04,1,BG2,8,0.7785330062382587,0.029091443866491318,True,True
T04,1,BG2,9,0.9004390125042889,0.04761073365807533,True,True
T04,1,BG2,10,0.9673463350902879,0.047336723655462265,True,True
T04,1,BG2,11,0.8735446672014462,0.03733697906136513,True,True
T04,1,BG2,12,1.2761713417679101,0.02840556763112545,True,True
T04,1,BG2,13,1.5798275974192602,0.02728336490690708,True,True
T04,1,BG2,14,1.4044971206458274,0.028470566496253014,True,True
T04,1,BG2,15,1.4713939322441076,0.008808623999357224,True,True
T04,1,BG2,16,1.6269370058787629,0.025721993297338486,True,True
T04,1,BG2,17,1.595653346737333,0.015664802864193916,True,True
T04,1,BG2,18,1.8970919259985564,0.057892218232154846,True,True
T04,1,BG2,19,2.1705478212664677,0.047922760248184204,True,True
T04,1,BG2,20,2.4169016090241584,0.0037393548991531134,True,True
T04,2,BG2,1,0.10120359316400467,0.03549351915717125,True,True
T04,2,BG2,2,0.0351160180928559,0.11200010776519775,True,True
T04,2,BG2,3,0.257914249259394,0.09100916236639023,True,True
T04,2,BG2,4,0.3679919070677538,0.10343572497367859,True,True
T04,2,BG2,5,0.5156525344209058,0.12310712784528732,True,True
T04,2,BG2,6,0.5127491081323148,0.14162003993988037,True,True
T04,2,BG2,7,0.5100180382125846,0.18545831739902496,True,True
T04,2,BG2,8,0.5455002246578295,0.17117632925510406,True,True
T04,2,BG2,9,0.5430154766433726,0.17168176174163818,True,True
T04,2,BG2,10,0.7219820678488816,0.18139177560806274,True,True
T04,2,BG2,11,0.9532903958180009,0.17942668497562408,True,True
T04,2,BG2,12,1.145201836088502,0.17818492650985718,True,True
T04,2,BG2,13,1.3583920493681698,0.2023475617170334,True,True
T04,2,BG2,14,1.6085472891595842,0.265938937664032,True,True
T04,2,BG2,15,1.7592653533328484,0.26143884658813477,True,True
T04,2,BG2,16,1.9915802756307757,0.27939844131469727,True,True
T04,2,BG2,17,1.6701113909208467,0.25204384326934814,True,True
T04,2,BG2,18,1.6357932103629855,0.2888364791870117,True,True
T04,2,BG2,19,1.7815667008146772,0.38987818360328674,True,True
T04,2,BG2,20,1.6616559301265161,0.45439934730529785,True,True
T04,0,BG3,1,0.2398151783592007,0.008654095232486725,True,True
T04,0,BG3,2,0.25855491938147557,0.013510794378817081,True,True
T04,0,BG3,3,0.3088800193460306,0.022232264280319214,True,True
T04,0,BG3,4,0.3095911351306816,0.08950639516115189,True,True
T04,0,BG3,5,0.41748890614533635,0.09413786232471466,True,True
T04,0,BG3,6,0.5451310158031739,0.13336507976055145,True,True
T04,0,BG3,7,0.5883978563753492,0.09617100656032562,True,True
T04,0,BG3,8,0.8321415844201449,0.08590701967477798,True,True
T04,0,BG3,9,0.971296697305756,0.15862315893173218,True,True
T04,0,BG3,10,1.1789579733753763,0.13105779886245728,True,True
T04,0,BG3,11,1.2764711323619047,0.16758716106414795,True,True
T04,0,BG3,12,1.2527104791173411,0.15152357518672943,True,True
T04,0,BG3,13,1.274247696524328,0.10649414360523224,True,True
T04,0,BG3,14,1.467361832097306,0.15603899955749512,True,True
T04,0,BG3,15,1.593648226906812,0.14412981271743774,True,True
T04,0,BG3,16,1.6902930518447115,0.1641782522201538,True,True
T04,0,BG3,17,1.9899499638483895,0.13469816744327545,True,True
T04,0,BG3,18,2.0778182448576086,0.1369030922651291,True,True
T04,0,BG3,19,2.320598903402464,0.15420427918434143,True,True
T04,0,BG3,20,2.3691051397708187,0.1950020045042038,True,True
T04,1,BG3,1,0.3505920959284887,0.008911018259823322,True,True
T04,1,BG3,2,0.4438222386154871,0.009270170703530312,True,True
T04,1,BG3,3,0.5198467132251299,0.019181570038199425,True,True
T04,1,BG3,4,0.7339799680844237,0.0456162728369236,True,True
T04,1,BG3,5,0.7815857215919924,0.004179160576313734,True,True
T04,1,BG3,6,0.7869291272559551,0.029587456956505775,True,True
T04,1,BG3,7,0.78874507708614,0.034488338977098465,True,True
T04,1,BG3,8,0.7961487972189786,0.03343993052840233,True,True
T04,1,BG3,9,0.902077600746043,0.03460416942834854,True,True
T04,1,BG3,10,0.9938545952265305,0.07071039080619812,True,True
T04,1,BG3,11,0.9046851619314622,0.0639704167842865,True,True
T04,1,BG3,12,1.3348931966524462,0.061042897403240204,True,True
T04,1,BG3,13,1.637166915642069,0.04183298349380493,True,True
T04,1,BG3,14,1.4905498301458489,0.10933151841163635,True,True
T04,1,BG3,15,1.567655945928138,0.149666890501976,True,True
T04,1,BG3,16,1.6327164361033915,0.12179916352033615,True,True
T04,1,BG3,17,1.6479664532834961,0.12972822785377502,True,True
T04,1,BG3,18,1.9132147808901427,0.13014282286167145,True,True
T04,1,BG3,19,2.2033806351286684,0.15161094069480896,True,True
T04,1,BG3,20,2.48081054940267,0.13890837132930756,True,True
T04,2,BG3,1,0.08853384735747422,0.025571860373020172,True,True
T04,2,BG3,2,0.10415382288544463,0.0430963896214962,True,True
T04,2,BG3,3,0.277765107992319,0.03699568286538124,True,True
T04,2,BG3,4,0.4000776815863849,0.030328795313835144,True,True
T04,2,BG3,5,0.5455654965146166,0.06257949769496918,True,True
T04,2,BG3,6,0.5429321653623332,0.0905103012919426,True,True
T04,2,BG3,7,0.538310876093827,0.10198670625686646,True,True
T04,2,BG3,8,0.5598729713089993,0.10765152424573898,True,True
T04,2,BG3,9,0.5746555497103869,0.10877696424722672,True,True
T04,2,BG3,10,0.7371934800466974,0.11449839919805527,True,True
T04,2,BG3,11,0.945329391147063,0.10723249614238739,True,True
T04,2,BG3,12,1.1243345802525397,0.08762899041175842,True,True
T04,2,BG3,13,1.3428312542077494,0.141604945063591,True,True
T04,2,BG3,14,1.577525991349261,0.19050434231758118,True,True
T04,2,BG3,15,1.7237927982436836,0.18831491470336914,True,True
T04,2,BG3,16,1.9377740325113149,0.1552051603794098,True,True
T04,2,BG3,17,1.6745853722646622,0.1592390090227127,True,True
T04,2,BG3,18,1.6406315272960847,0.18906420469284058,True,True
T04,2,BG3,19,1.7633683359994186,0.2550920844078064,True,True
T04,2,BG3,20,1.6541707054699044,0.3118061423301697,True,True
T04,0,BG4,1,0.24272125562940278,0.010666374117136002,True,True
T04,0,BG4,2,0.2808515603993433,0.034432895481586456,True,True
T04,0,BG4,3,0.30904107121784574,0.024970153346657753,True,True
T04,0,BG4,4,0.31210502258326334,0.04673456400632858,True,True
T04,0,BG4,5,0.4123863882082527,0.034115832298994064,True,True
T04,0,BG4,6,0.5035246531393738,0.04242957383394241,True,True
T04,0,BG4,7,0.5669450430915808,0.06933806836605072,True,True
T04,0,BG4,8,0.8098000999839177,0.07769300788640976,True,True
T04,0,BG4,9,0.9223560288592021,0.12901048362255096,True,True
T04,0,BG4,10,1.1148962969210339,0.09975318610668182,True,True
T04,0,BG4,11,1.221949783600116,0.11320226639509201,True,True
T04,0,BG4,12,1.1831599713534464,0.07300596684217453,True,True
T04,0,BG4,13,1.2228098698530727,0.05349345877766609,True,True
T04,0,BG4,14,1.4649141828150942,0.11707928776741028,True,True
T04,0,BG4,15,1.591495002601497,0.11246203631162643,True,True
T04,0,BG4,16,1.663448410090926,0.11960896849632263,True,True
T04,0,BG4,17,1.992707277625897,0.12516865134239197,True,True
T04,0,BG4,18,2.1083860911201344,0.15221251547336578,True,True
T04,0,BG4,19,2.350490045257076,0.09111801534891129,True,True
T04,0,BG4,20,2.406944714706694,0.13408276438713074,True,True
T04,1,BG4,1,0.3345030396387946,0.033508267253637314,True,True
T04,1,BG4,2,0.451063395189737,0.02427847869694233,True,True
T04,1,BG4,3,0.5307581993569843,0.05120164901018143,True,True
T04,1,BG4,4,0.7341892899647813,0.07579199224710464,True,True
T04,1,BG4,5,0.7976659339196006,0.055368196219205856,True,True
T04,1,BG4,6,0.8013130684554236,0.05064806342124939,True,True
T04,1,BG4,7,0.7779465558816926,0.03438912332057953,True,True
T04,1,BG4,8,0.7999962045045866,0.022323276847600937,True,True
T04,1,BG4,9,0.9141016417551636,0.007123670075088739,True,True
T04,1,BG4,10,0.9842780338717179,0.0597248338162899,True,True
T04,1,BG4,11,0.9050827264105501,0.057443082332611084,True,True
T04,1,BG4,12,1.3347661974900302,0.053432680666446686,True,True
T04,1,BG4,13,1.6519496438702954,0.04556338116526604,True,True
T04,1,BG4,14,1.51705906671757,0.0934399738907814,True,True
T04,1,BG4,15,1.604363716334282,0.13605214655399323,True,True
T04,1,BG4,16,1.6687784426171544,0.09097816795110703,True,True
T04,1,BG4,17,1.6523608338286888,0.10953449457883835,True,True
T04,1,BG4,18,1.8719654012970306,0.09893075376749039,True,True
T04,1,BG4,19,2.1602728572196432,0.10633103549480438,True,True
T04,1,BG4,20,2.4366886124908995,0.05483400449156761,True,True
T04,2,BG4,1,0.12194581358395169,0.030189339071512222,True,True
T04,2,BG4,2,0.1596389734642568,0.01780952699482441,True,True
T04,2,BG4,3,0.3352937834113971,0.025713499635457993,True,True
T04,2,BG4,4,0.45844533372537594,0.03128569573163986,True,True
T04,2,BG4,5,0.5902313454473704,0.022508244961500168,True,True
T04,2,BG4,6,0.571975795513094,0.024354612454771996,True,True
T04,2,BG4,7,0.5875580895963499,0.026882939040660858,True,True
T04,2,BG4,8,0.6111630361318684,0.04578223451972008,True,True
T04,2,BG4,9,0.6247314436735312,0.030209871008992195,True,True
T04,2,BG4,10,0.7435860084588282,0.03699394688010216,True,True
T04,2,BG4,11,0.9342815028414001,0.05167969688773155,True,True
T04,2,BG4,12,1.117481845625862,0.08185338973999023,True,True
T04,2,BG4,13,1.307780922560726,0.09373165667057037,True,True
T04,2,BG4,14,1.5440053881220812,0.12400322407484055,True,True
T04,2,BG4,15,1.6644402656287274,0.10066482424736023,True,True
T04,2,BG4,16,1.878215061454739,0.06794163584709167,True,True
T04,2,BG4,17,1.5658795413364734,0.13763543963432312,True,True
T04,2,BG4,18,1.5322073421078846,0.1217605471611023,True,True
T04,2,BG4,19,1.6831891765567506,0.15978817641735077,True,True
T04,2,BG4,20,1.5214310189094549,0.10243538022041321,True,True
T04,0,BG5,1,0.21378773887372848,0.05505911633372307,True,True
T04,0,BG5,2,0.22758993787780712,0.08496760576963425,True,True
T04,0,BG5,3,0.2843609138648726,0.10468433052301407,True,True
T04,0,BG5,4,0.3446682814595829,0.20357823371887207,True,True
T04,0,BG5,5,0.46142778615789176,0.2336254119873047,True,True
T04,0,BG5,6,0.6203831666482341,0.27042195200920105,True,True
T04,0,BG5,7,0.7406810596063017,0.30862078070640564,True,True
T04,0,BG5,8,1.0139327602004335,0.35049179196357727,True,True
T04,0,BG5,9,1.2128388679296638,0.49223220348358154,True,True
T04,0,BG5,10,1.4016684011952079,0.4892641603946686,True,True
T04,0,BG5,11,1.588190776124162,0.6229336857795715,True,True
T04,0,BG5,12,1.5792883066647623,0.6729227900505066,True,True
T04,0,BG5,13,1.6515586003929676,0.7979970574378967,True,True
T04,0,BG5,14,1.8265977178638435,0.9398263096809387,True,True
T04,0,BG5,15,2.0919087083195427,1.1863274574279785,True,True
T04,0,BG5,16,2.1920818614845534,1.2719627618789673,True,True
T04,0,BG5,17,2.388676610342118,1.2960623502731323,True,True
T04,0,BG5,18,2.354565683633879,1.3409082889556885,True,True
T04,0,BG5,19,2.401628847529932,1.6210523843765259,True,True
T04,0,BG5,20,2.6388721873337944,1.4762585163116455,True,True
T04,1,BG5,1,0.2901622159886241,0.055913303047418594,True,True
T04,1,BG5,2,0.3604283522710357,0.09381917864084244,True,True
T04,1,BG5,3,0.418072235890641,0.09122826904058456,True,True
T04,1,BG5,4,0.6143398542233611,0.15297605097293854,True,True
T04,1,BG5,5,0.6706910442840597,0.10773181170225143,True,True
T04,1,BG5,6,0.6797616907830434,0.08472002297639847,True,True
T04,1,BG5,7,0.704176079217087,0.056083690375089645,True,True
T04,1,BG5,8,0.7120266695174363,0.06749138981103897,True,True
T04,1,BG5,9,0.7580483733513734,0.16295938193798065,True,True
T04,1,BG5,10,0.7801587570820411,0.1519416719675064,True,True
T04,1,BG5,11,0.7111196200826213,0.1537436842918396,True,True
T04,1,BG5,12,1.0800171575611206,0.2058296650648117,True,True
T04,1,BG5,13,1.4035865945553028,0.2088325321674347,True,True
T04,1,BG5,14,1.250543684684267,0.1993085891008377,True,True
T04,1,BG5,15,1.269610304760155,0.22612886130809784,True,True
T04,1,BG5,16,1.3994913904543957,0.23743203282356262,True,True
T04,1,BG5,17,1.4400589691563632,0.1493309587240219,True,True
T04,1,BG5,18,1.839363900128837,0.08782876282930374,True,True
T04,1,BG5,19,2.219742008221308,0.11666636168956757,True,True
T04,1,BG5,20,2.5186856756805946,0.10391223430633545,True,True
T04,2,BG5,1,0.08539740195385422,0.03917676955461502,True,True
T04,2,BG5,2,0.07881869009902391,0.0682452842593193,True,True
T04,2,BG5,3,0.27161493515490087,0.059475142508745193,True,True
T04,2,BG5,4,0.38972168613432895,0.0735045075416565,True,True
T04,2,BG5,5,0.5137793974152749,0.1584891825914383,True,True
T04,2,BG5,6,0.5063760964507323,0.19418193399906158,True,True
T04,2,BG5,7,0.5132230242919202,0.20999987423419952,True,True
T04,2,BG5,8,0.5981430682082238,0.23948711156845093,True,True
T04,2,BG5,9,0.5626284938508139,0.28106561303138733,True,True
T04,2,BG5,10,0.743236392469195,0.29920652508735657,True,True
T04,2,BG5,11,1.0345175603780268,0.3738178610801697,True,True
T04,2,BG5,12,1.2349376028281704,0.41227400302886963,True,True
T04,2,BG5,13,1.5705728511073613,0.6041488647460938,True,True
T04,2,BG5,14,1.7820700075742932,0.6242789030075073,True,True
T04,2,BG5,15,1.9984012526900474,0.7150014638900757,True,True
T04,2,BG5,16,2.280049492741531,0.8669596910476685,True,True
T04,2,BG5,17,1.8791007381470912,0.8733117580413818,True,True
T04,2,BG5,18,1.8995572567466044,0.9979280233383179,True,True
T04,2,BG5,19,2.226707906679146,1.2176941633224487,True,True
T04,2,BG5,20,1.974243877442845,1.1644998788833618,True,True
T04,0,BG6,1,0.20774950731903902,0.08368590474128723,True,True
T04,0,BG6,2,0.22539186636723268,0.05273563042283058,True,True
T04,0,BG6,3,0.2605087848115465,0.10971974581480026,True,True
T04,0,BG6,4,0.33156831716130963,0.1994686871767044,True,True
T04,0,BG6,5,0.417264441998556,0.17084278166294098,True,True
T04,0,BG6,6,0.5698392368358308,0.1845991462469101,True,True
T04,0,BG6,7,0.6751115771538183,0.20679441094398499,True,True
T04,0,BG6,8,0.8963953186528517,0.17545032501220703,True,True
T04,0,BG6,9,1.0392012674265492,0.2773738503456116,True,True
T04,0,BG6,10,1.2550827455016007,0.2753904461860657,True,True
T04,0,BG6,11,1.3844366136036712,0.3593815267086029,True,True
T04,0,BG6,12,1.3684490405661889,0.37786513566970825,True,True
T04,0,BG6,13,1.421508347872859,0.42434537410736084,True,True
T04,0,BG6,14,1.6321872063880611,0.5201603770256042,True,True
T04,0,BG6,15,1.8236489060706482,0.6822065711021423,True,True
T04,0,BG6,16,1.887586469666287,0.7094947695732117,True,True
T04,0,BG6,17,2.194957759474999,0.7594402432441711,True,True
T04,0,BG6,18,2.225258984107502,0.8159424662590027,True,True
T04,0,BG6,19,2.2865730293056736,1.1171377897262573,True,True
T04,0,BG6,20,2.5583372985128054,1.0833173990249634,True,True
T04,1,BG6,1,0.3203064396799981,0.03409739211201668,True,True
T04,1,BG6,2,0.36889884476071994,0.08585290610790253,True,True
T04,1,BG6,3,0.39736526427027097,0.10951638966798782,True,True
T04,1,BG6,4,0.597385253608149,0.16672933101654053,True,True
T04,1,BG6,5,0.6275865913762828,0.14998513460159302,True,True
T04,1,BG6,6,0.6202674073794099,0.13746565580368042,True,True
T04,1,BG6,7,0.6185881593299255,0.14157408475875854,True,True
T04,1,BG6,8,0.5982461487989752,0.18162888288497925,True,True
T04,1,BG6,9,0.7007649523008888,0.21008385717868805,True,True
T04,1,BG6,10,0.7146525156094501,0.21538002789020538,True,True
T04,1,BG6,11,0.6426134096950062,0.2059069573879242,True,True
T04,1,BG6,12,1.0015375951049372,0.29482442140579224,True,True
T04,1,BG6,13,1.281737965715696,0.3345525860786438,True,True
T04,1,BG6,14,1.1215342483575161,0.3420248329639435,True,True
T04,1,BG6,15,1.0124580233555989,0.5301521420478821,True,True
T04,1,BG6,16,1.1269058132305225,0.5522942543029785,True,True
T04,1,BG6,17,1.1378249290121907,0.5886432528495789,True,True
T04,1,BG6,18,1.5630808780612482,0.4806707203388214,True,True
T04,1,BG6,19,1.6964574428631631,0.5810877084732056,True,True
T04,1,BG6,20,2.051543534214298,0.5691350102424622,True,True
T04,2,BG6,1,0.09894740752749791,0.04807637631893158,True,True
T04,2,BG6,2,0.06223572762408416,0.09309486299753189,True,True
T04,2,BG6,3,0.24961259206196856,0.10150129348039627,True,True
T04,2,BG6,4,0.3432559770832875,0.14299407601356506,True,True
T04,2,BG6,5,0.4704682649713406,0.17468789219856262,True,True
T04,2,BG6,6,0.45903907887259715,0.2505026161670685,True,True
T04,2,BG6,7,0.47603572891280405,0.25090882182121277,True,True
T04,2,BG6,8,0.5570400490345441,0.2543054521083832,True,True
T04,2,BG6,9,0.566968835687238,0.3030704855918884,True,True
T04,2,BG6,10,0.7265476491275803,0.313396692276001,True,True
T04,2,BG6,11,0.9758461918316885,0.3589056432247162,True,True
T04,2,BG6,12,1.1611080111639036,0.36078301072120667,True,True
T04,2,BG6,13,1.4903175946585325,0.5256271362304688,True,True
T04,2,BG6,14,1.690072361631963,0.5140786170959473,True,True
T04,2,BG6,15,1.900378959931839,0.6168201565742493,True,True
T04,2,BG6,16,2.182657674029298,0.7336200475692749,True,True
T04,2,BG6,17,1.7537897973788077,0.7085220217704773,True,True
T04,2,BG6,18,1.748500398708469,0.7244920134544373,True,True
T04,2,BG6,19,2.0982935732813788,0.9990366697311401,True,True
T04,2,BG6,20,1.9121642029802661,0.9835948944091797,True,True
T04,0,BG7,1,0.2650631006530693,0.02001238986849785,True,True
T04,0,BG7,2,0.314276581223068,0.050365012139081955,True,True
T04,0,BG7,3,0.38441340450371936,0.05501911789178848,True,True
T04,0,BG7,4,0.38245701470243615,0.03465624898672104,True,True
T04,0,BG7,5,0.43019238746099736,0.031770795583724976,True,True
T04,0,BG7,6,0.5086026901671453,0.03464681655168533,True,True
T04,0,BG7,7,0.5530802581096089,0.020476199686527252,True,True
T04,0,BG7,8,0.8045422589363047,0.054865092039108276,True,True
T04,0,BG7,9,0.960366560476998,0.14066679775714874,True,True
T04,0,BG7,10,1.1340082406867193,0.13737906515598297,True,True
T04,0,BG7,11,1.2724140307668848,0.16498351097106934,True,True
T04,0,BG7,12,1.2430090555225461,0.15941770374774933,True,True
T04,0,BG7,13,1.3209181260987088,0.20267091691493988,True,True
T04,0,BG7,14,1.4910102749819207,0.15745846927165985,True,True
T04,0,BG7,15,1.679148270202832,0.2134532481431961,True,True
T04,0,BG7,16,1.7352097710797632,0.16614246368408203,True,True
T04,0,BG7,17,2.109065824350843,0.21487021446228027,True,True
T04,0,BG7,18,2.2181580039130533,0.18123364448547363,True,True
T04,0,BG7,19,2.447874581873244,0.17089255154132843,True,True
T04,0,BG7,20,2.513486111211864,0.18819637596607208,True,True
T04,1,BG7,1,0.30042304109544554,0.046075884252786636,True,True
T04,1,BG7,2,0.40046239847281706,0.057453934103250504,True,True
T04,1,BG7,3,0.467340115085294,0.04500950872898102,True,True
T04,1,BG7,4,0.6627860430117236,0.11140409111976624,True,True
T04,1,BG7,5,0.7448792751549201,0.039272673428058624,True,True
T04,1,BG7,6,0.7746673824544893,0.03503107279539108,True,True
T04,1,BG7,7,0.7578471512272895,0.030480386689305305,True,True
T04,1,BG7,8,0.7014379390464929,0.0900256559252739,True,True
T04,1,BG7,9,0.7690314118601329,0.14131306111812592,True,True
T04,1,BG7,10,0.7690148580856686,0.15874794125556946,True,True
T04,1,BG7,11,0.6880469193615515,0.159796342253685,True,True
T04,1,BG7,12,1.0819338031191028,0.21111537516117096,True,True
T04,1,BG7,13,1.4292771978260668,0.17928555607795715,True,True
T04,1,BG7,14,1.3213243927553342,0.1473921239376068,True,True
T04,1,BG7,15,1.4054144714660584,0.08560983836650848,True,True
T04,1,BG7,16,1.6179312482693793,0.03096204437315464,True,True
T04,1,BG7,17,1.5758034445381328,0.06479755789041519,True,True
T04,1,BG7,18,2.018161876497453,0.19276739656925201,True,True
T04,1,BG7,19,2.362633142584911,0.2529342770576477,True,True
T04,1,BG7,20,2.8414951749035677,0.43214842677116394,True,True
T04,2,BG7,1,0.1272493908085551,0.014729483984410763,True,True
T04,2,BG7,2,0.19766099777783594,0.05712132528424263,True,True
T04,2,BG7,3,0.3478422091112735,0.07626981288194656,True,True
T04,2,BG7,4,0.4234920854037872,0.08031971007585526,True,True
T04,2,BG7,5,0.5222380933371202,0.05986139178276062,True,True
T04,2,BG7,6,0.5050745534256154,0.08966049551963806,True,True
T04,2,BG7,7,0.531924049506938,0.06622935086488724,True,True
T04,2,BG7,8,0.6168331201898205,0.03816211596131325,True,True
T04,2,BG7,9,0.5903681447371212,0.07342401146888733,True,True
T04,2,BG7,10,0.7857838378962536,0.07631398737430573,True,True
T04,2,BG7,11,0.9798800983049714,0.08617518097162247,True,True
T04,2,BG7,12,1.1628697199329425,0.14701537787914276,True,True
T04,2,BG7,13,1.3855435432821566,0.18236111104488373,True,True
T04,2,BG7,14,1.5484311326754148,0.05528556555509567,True,True
T04,2,BG7,15,1.6001259467831863,0.05327680706977844,True,True
T04,2,BG7,16,1.9368882696938428,0.10139182209968567,True,True
T04,2,BG7,17,1.5860006532013429,0.03750108182430267,True,True
T04,2,BG7,18,1.5724828848445014,0.13317006826400757,True,True
T04,2,BG7,19,1.7214101659781507,0.07746072858572006,True,True
T04,2,BG7,20,1.6039427654106748,0.20012398064136505,True,True
T04,0,BG8,1,0.22728999829000335,0.01955523155629635,True,True
T04,0,BG8,2,0.2612980506546853,0.02975654974579811,True,True
T04,0,BG8,3,0.3299876226748291,0.014236744493246078,True,True
T04,0,BG8,4,0.3142467515556573,0.06700511276721954,True,True
T04,0,BG8,5,0.41770287149474206,0.1118602529168129,True,True
T04,0,BG8,6,0.45852246461602586,0.10867584496736526,True,True
T04,0,BG8,7,0.4638883953778402,0.13882587850093842,True,True
T04,0,BG8,8,0.67611582184837,0.15462623536586761,True,True
T04,0,BG8,9,0.7626165492636268,0.21132321655750275,True,True
T04,0,BG8,10,0.987350053215218,0.2512142062187195,True,True
T04,0,BG8,11,1.0450096627130985,0.34212929010391235,True,True
T04,0,BG8,12,1.014928303783845,0.5337913632392883,True,True
T04,0,BG8,13,1.2194393006593889,0.7406389117240906,True,True
T04,0,BG8,14,1.5304507255079527,0.9064140915870667,True,True
T04,0,BG8,15,1.9218834638058337,1.374070167541504,True,True
T04,0,BG8,16,2.2259817118688123,1.6810601949691772,True,True
T04,0,BG8,17,2.6561295660264883,1.7461270093917847,True,True
T04,0,BG8,18,3.2237075333131737,2.031775712966919,True,True
T04,0,BG8,19,3.734242718925661,2.2534377574920654,True,True
T04,0,BG8,20,3.9550331338114986,2.7262370586395264,True,True
T04,1,BG8,1,0.32715721891280997,0.015577223151922226,True,True
T04,1,BG8,2,0.40765426380520947,0.045408543199300766,True,True
T04,1,BG8,3,0.48363385948244436,0.03080875799059868,True,True
T04,1,BG8,4,0.7123235661781139,0.07434751093387604,True,True
T04,1,BG8,5,0.8054595791434633,0.0394105426967144,True,True
T04,1,BG8,6,0.8072262916438208,0.05155780911445618,True,True
T04,1,BG8,7,0.799710667203378,0.05055207386612892,True,True
T04,1,BG8,8,0.788780228296264,0.009539783000946045,True,True
T04,1,BG8,9,0.8825034368677463,0.06004996597766876,True,True
T04,1,BG8,10,0.9854363498059664,0.09697625786066055,True,True
T04,1,BG8,11,0.9234118380117162,0.13433749973773956,True,True
T04,1,BG8,12,1.415084269318576,0.16903628408908844,True,True
T04,1,BG8,13,1.9566673015888696,0.3646812438964844,True,True
T04,1,BG8,14,2.0325784087811325,0.6229265332221985,True,True
T04,1,BG8,15,2.186388928072421,0.7627776265144348,True,True
T04,1,BG8,16,2.5256207976553533,1.0358786582946777,True,True
T04,1,BG8,17,2.9113663837980193,1.4040412902832031,True,True
T04,1,BG8,18,3.321810259005506,1.5809967517852783,True,True
T04,1,BG8,19,3.8779988322104355,1.81519615650177,True,True
T04,1,BG8,20,4.176796260051778,1.8509067296981812,True,True
T04,2,BG8,1,0.10163913527526264,0.013900790363550186,True,True
T04,2,BG8,2,0.13515685336549496,0.034724161028862,True,True
T04,2,BG8,3,0.3127809136335022,0.005865238141268492,True,True
T04,2,BG8,4,0.41639754583375016,0.02657780796289444,True,True
T04,2,BG8,5,0.5444948657093264,0.05459856986999512,True,True
T04,2,BG8,6,0.5160759701522706,0.10847081243991852,True,True
T04,2,BG8,7,0.5487731710479218,0.08680476248264313,True,True
T04,2,BG8,8,0.6058579847688654,0.10566622018814087,True,True
T04,2,BG8,9,0.6116279208179416,0.09871983528137207,True,True
T04,2,BG8,10,0.718004905348145,0.17463111877441406,True,True
T04,2,BG8,11,0.968410562268728,0.22984260320663452,True,True
T04,2,BG8,12,1.1676334047668304,0.19518370926380157,True,True
T04,2,BG8,13,1.4649706789756454,0.283817857503891,True,True
T04,2,BG8,14,1.6615118706991785,0.279908686876297,True,True
T04,2,BG8,15,1.8327595317835552,0.2837352454662323,True,True
T04,2,BG8,16,2.08170647607148,0.2387549728155136,True,True
T04,2,BG8,17,1.7185184687487576,0.10660343617200851,True,True
T04,2,BG8,18,1.7211204170356351,0.16422590613365173,True,True
T04,2,BG8,19,1.846297279260545,0.21366190910339355,True,True
T04,2,BG8,20,1.7389087581439477,0.21779999136924744,True,True
T04,0,BG9,1,0.22151322845107801,0.026066983118653297,True,True
T04,0,BG9,2,0.24675503221248013,0.03892005607485771,True,True
T04,0,BG9,3,0.2721183522603868,0.06986400485038757,True,True
T04,0,BG9,4,0.2408859512410087,0.10774728655815125,True,True
T04,0,BG9,5,0.33113256354789256,0.10228037089109421,True,True
T04,0,BG9,6,0.4542930495321007,0.12008924037218094,True,True
T04,0,BG9,7,0.5077173124295964,0.1230957880616188,True,True
T04,0,BG9,8,0.7697706495351557,0.12808310985565186,True,True
T04,0,BG9,9,0.8862512729214093,0.16633547842502594,True,True
T04,0,BG9,10,1.0933496612410056,0.17506177723407745,True,True
T04,0,BG9,11,1.1836801521816787,0.10803638398647308,True,True
T04,0,BG9,12,1.1677974655855763,0.04990061745047569,True,True
T04,0,BG9,13,1.268651474269765,0.07118872553110123,True,True
T04,0,BG9,14,1.4922407396103465,0.0868457704782486,True,True
T04,0,BG9,15,1.6961049845596259,0.1830095499753952,True,True
T04,0,BG9,16,1.7978632594213684,0.24515284597873688,True,True
T04,0,BG9,17,2.2012805159790245,0.3009231686592102,True,True
T04,0,BG9,18,2.4485590248674565,0.4113118052482605,True,True
T04,0,BG9,19,2.704018138706918,0.4105921685695648,True,True
T04,0,BG9,20,2.8683831550082437,0.5747118592262268,True,True
T04,1,BG9,1,0.2764226376240674,0.06667032837867737,True,True
T04,1,BG9,2,0.3703588656830308,0.08256715536117554,True,True
T04,1,BG9,3,0.41171717713621886,0.10934042185544968,True,True
T04,1,BG9,4,0.5937490589129325,0.18760481476783752,True,True
T04,1,BG9,5,0.7020219042698757,0.09013638645410538,True,True
T04,1,BG9,6,0.6996041105997552,0.06620699167251587,True,True
T04,1,BG9,7,0.671811813387689,0.09154747426509857,True,True
T04,1,BG9,8,0.654257684189881,0.12890884280204773,True,True
T04,1,BG9,9,0.7894710983702884,0.121685691177845,True,True
T04,1,BG9,10,0.8565359030457926,0.07834890484809875,True,True
T04,1,BG9,11,0.8052017315594454,0.06453338265419006,True,True
T04,1,BG9,12,1.258321854200978,0.06112503632903099,True,True
T04,1,BG9,13,1.6747140535965865,0.0990995243191719,True,True
T04,1,BG9,14,1.5463001640614822,0.2102605104446411,True,True
T04,1,BG9,15,1.7270462699909563,0.3928042948246002,True,True
T04,1,BG9,16,1.9510444279955728,0.5750063061714172,True,True
T04,1,BG9,17,2.064130400460789,0.6325727105140686,True,True
T04,1,BG9,18,2.443179896458764,0.7916437983512878,True,True
T04,1,BG9,19,2.9156026033261777,0.9887049794197083,True,True
T04,1,BG9,20,3.1988196919404914,1.0348522663116455,True,True
T04,2,BG9,1,0.10026841572670928,0.022652696818113327,True,True
T04,2,BG9,2,0.14753474928900598,0.03403657302260399,True,True
T04,2,BG9,3,0.32779315894196626,0.026045767590403557,True,True
T04,2,BG9,4,0.4446072987339374,0.06571279466152191,True,True
T04,2,BG9,5,0.5585615828048305,0.12627774477005005,True,True
T04,2,BG9,6,0.5411483131632945,0.1997232437133789,True,True
T04,2,BG9,7,0.5932584650611274,0.22042642533779144,True,True
T04,2,BG9,8,0.7097952822748861,0.2912765443325043,True,True
T04,2,BG9,9,0.6979158549282619,0.28853702545166016,True,True
T04,2,BG9,10,0.8420404886823034,0.27370619773864746,True,True
T04,2,BG9,11,1.0995406953430693,0.32381924986839294,True,True
T04,2,BG9,12,1.3227041013143468,0.3625848591327667,True,True
T04,2,BG9,13,1.6469321293655637,0.5419451594352722,True,True
T04,2,BG9,14,1.8419189002596672,0.5444260835647583,True,True
T04,2,BG9,15,2.0079314255872514,0.6125901341438293,True,True
T04,2,BG9,16,2.1877510127352697,0.5959143042564392,True,True
T04,2,BG9,17,1.8678839219400039,0.625952422618866,True,True
T04,2,BG9,18,1.8384249259250782,0.6765294671058655,True,True
T04,2,BG9,19,2.007639178358214,0.7485365271568298,True,True
T04,2,BG9,20,1.7548931849987752,0.6439840793609619,True,True
T04,0,BG10,1,0.2186314436142768,0.04438992962241173,True,True
T04,0,BG10,2,0.2721630892913678,0.06151096895337105,True,True
T04,0,BG10,3,0.30324417658914954,0.05101945251226425,True,True
T04,0,BG10,4,0.3036984577168013,0.06798132508993149,True,True
T04,0,BG10,5,0.38571313768363796,0.07550827413797379,True,True
T04,0,BG10,6,0.4488631724645157,0.07959064841270447,True,True
T04,0,BG10,7,0.4742347759824142,0.0833439752459526,True,True
T04,0,BG10,8,0.7186601142880011,0.05460752919316292,True,True
T04,0,BG10,9,0.7984066945018445,0.060770805925130844,True,True
T04,0,BG10,10,1.0324863289085167,0.06305743753910065,True,True
T04,0,BG10,11,1.1121589420326166,0.0621182806789875,True,True
T04,0,BG10,12,1.057553416126079,0.1481313854455948,True,True
T04,0,BG10,13,1.1415071426550998,0.2052304595708847,True,True
T04,0,BG10,14,1.4008400664622935,0.2914656400680542,True,True
T04,0,BG10,15,1.6361380337928404,0.5414996147155762,True,True
T04,0,BG10,16,1.7490036561296918,0.5916174650192261,True,True
T04,0,BG10,17,2.248270527814984,0.7269325256347656,True,True
T04,0,BG10,18,2.4803714035645283,0.7902329564094543,True,True
T04,0,BG10,19,2.814951300037781,0.8055545687675476,True,True
T04,0,BG10,20,2.875564154680923,0.9535235166549683,True,True
T04,1,BG10,1,0.2859246353768488,0.05850858613848686,True,True
T04,1,BG10,2,0.3903527524356227,0.07130978256464005,True,True
T04,1,BG10,3,0.4440691760331949,0.07278922200202942,True,True
T04,1,BG10,4,0.6705942116139229,0.12085545063018799,True,True
T04,1,BG10,5,0.7662290300960661,0.038066547363996506,True,True
T04,1,BG10,6,0.7668325997093787,0.04524469003081322,True,True
T04,1,BG10,7,0.7666907576260462,0.05208059772849083,True,True
T04,1,BG10,8,0.7521356967095044,0.051696036010980606,True,True
T04,1,BG10,9,0.8622026621599881,0.06953856348991394,True,True
T04,1,BG10,10,0.9004236225470759,0.06527947634458542,True,True
T04,1,BG10,11,0.830129396125869,0.04165683314204216,True,True
T04,1,BG10,12,1.3006297527742077,0.05026055499911308,True,True
T04,1,BG10,13,1.6492711152275135,0.050092197954654694,True,True
T04,1,BG10,14,1.58730951383147,0.15673261880874634,True,True
T04,1,BG10,15,1.7243316262457908,0.24656881392002106,True,True
T04,1,BG10,16,1.8762515850793224,0.2846969962120056,True,True
T04,1,BG10,17,2.032878362725353,0.46800318360328674,True,True
T04,1,BG10,18,2.265371438078207,0.43959951400756836,True,True
T04,1,BG10,19,2.6996123587966006,0.5987072587013245,True,True
T04,1,BG10,20,2.9719750167002568,0.5774462223052979,True,True
T04,2,BG10,1,0.09992474634178129,0.015898291021585464,True,True
T04,2,BG10,2,0.12806903963420987,0.018239818513393402,True,True
T04,2,BG10,3,0.28429031997675525,0.030224792659282684,True,True
T04,2,BG10,4,0.38705707068875544,0.05932246148586273,True,True
T04,2,BG10,5,0.5057103904716446,0.10724573582410812,True,True
T04,2,BG10,6,0.49128906092088076,0.15604089200496674,True,True
T04,2,BG10,7,0.5073520024663962,0.1354743391275406,True,True
T04,2,BG10,8,0.5669885279148694,0.14430703222751617,True,True
T04,2,BG10,9,0.544751596705304,0.17035356163978577,True,True
T04,2,BG10,10,0.6723373474759791,0.1916963756084442,True,True
T04,2,BG10,11,0.9370037315085874,0.2567978501319885,True,True
T04,2,BG10,12,1.0904811681415816,0.2143627554178238,True,True
T04,2,BG10,13,1.3175625867384197,0.2821211814880371,True,True
T04,2,BG10,14,1.573920038989079,0.2749508023262024,True,True
T04,2,BG10,15,1.674070115131515,0.2121841162443161,True,True
T04,2,BG10,16,1.8824652636828276,0.21344470977783203,True,True
T04,2,BG10,17,1.5860653792529291,0.23927748203277588,True,True
T04,2,BG10,18,1.558070526957765,0.20977525413036346,True,True
T04,2,BG10,19,1.7069970175172753,0.3023642897605896,True,True
T04,2,BG10,20,1.5078785512270922,0.1468277871608734,True,True
T04,0,BG11,1,0.21220188243853352,0.03374349698424339,True,True
T04,0,BG11,2,0.23357413132567345,0.03754288703203201,True,True
T04,0,BG11,3,0.26273090474532673,0.07213751971721649,True,True
T04,0,BG11,4,0.26099641932925005,0.1311684101819992,True,True
T04,0,BG11,5,0.3652914312578664,0.11152934283018112,True,True
T04,0,BG11,6,0.49482886382513497,0.1247011199593544,True,True
T04,0,BG11,7,0.5423889887591148,0.11150454729795456,True,True
T04,0,BG11,8,0.7697246832136704,0.06920948624610901,True,True
T04,0,BG11,9,0.8701922393004757,0.12319236993789673,True,True
T04,0,BG11,10,1.0509515025890026,0.13163618743419647,True,True
T04,0,BG11,11,1.1491648928077074,0.11252304166555405,True,True
T04,0,BG11,12,1.0666347111522485,0.103267140686512,True,True
T04,0,BG11,13,1.1340980866544723,0.09532614797353745,True,True
T04,0,BG11,14,1.3524148333532304,0.05881299450993538,True,True
T04,0,BG11,15,1.5076630377976097,0.10970485955476761,True,True
T04,0,BG11,16,1.6022061281168944,0.1147911548614502,True,True
T04,0,BG11,17,2.014518523972059,0.21419361233711243,True,True
T04,0,BG11,18,2.177694286775441,0.2750836908817291,True,True
T04,0,BG11,19,2.467329524938429,0.2616550922393799,True,True
T04,0,BG11,20,2.550183815030911,0.35642167925834656,True,True
T04,1,BG11,1,0.28850691018320807,0.06093031167984009,True,True
T04,1,BG11,2,0.36951745066697883,0.08795716613531113,True,True
T04,1,BG11,3,0.40261225513900745,0.11376242339611053,True,True
T04,1,BG11,4,0.5891118715095781,0.18666748702526093,True,True
T04,1,BG11,5,0.6631713992398939,0.12516719102859497,True,True
T04,1,BG11,6,0.6466896705751135,0.11667850613594055,True,True
T04,1,BG11,7,0.6739286598538137,0.10497523844242096,True,True
T04,1,BG11,8,0.6361681193785504,0.1677629053592682,True,True
T04,1,BG11,9,0.7712572606570967,0.17560087144374847,True,True
T04,1,BG11,10,0.8071383676494926,0.1718217432498932,True,True
T04,1,BG11,11,0.7021005926430804,0.1632043570280075,True,True
T04,1,BG11,12,1.1314129352467945,0.179113507270813,True,True
T04,1,BG11,13,1.4852227772260356,0.14102280139923096,True,True
T04,1,BG11,14,1.3958417530039806,0.12510107457637787,True,True
T04,1,BG11,15,1.4891568463434648,0.10292589664459229,True,True
T04,1,BG11,16,1.6347888005368005,0.08493326604366302,True,True
T04,1,BG11,17,1.6651416273089146,0.11699145287275314,True,True
T04,1,BG11,18,1.9238567077215831,0.15947546064853668,True,True
T04,1,BG11,19,2.2769406448640863,0.1944647878408432,True,True
T04,1,BG11,20,2.7324276130668044,0.32348349690437317,True,True
T04,2,BG11,1,0.0992784992523281,0.014956485480070114,True,True
T04,2,BG11,2,0.09614075713665005,0.059046171605587006,True,True
T04,2,BG11,3,0.2816048026763011,0.05162609741091728,True,True
T04,2,BG11,4,0.3605118119179946,0.11770200729370117,True,True
T04,2,BG11,5,0.4829276335590275,0.16992521286010742,True,True
T04,2,BG11,6,0.48939994873680015,0.22097958624362946,True,True
T04,2,BG11,7,0.5189992822480027,0.206409752368927,True,True
T04,2,BG11,8,0.6129327242101615,0.21617491543293,True,True
T04,2,BG11,9,0.5950349362088779,0.23956307768821716,True,True
T04,2,BG11,10,0.7460336144375896,0.2233055979013443,True,True
T04,2,BG11,11,0.9726102930859224,0.24279019236564636,True,True
T04,2,BG11,12,1.1377112272758445,0.22155411541461945,True,True
T04,2,BG11,13,1.4300578905893457,0.3483120799064636,True,True
T04,2,BG11,14,1.6666600342384137,0.3468012511730194,True,True
T04,2,BG11,15,1.7726578009104401,0.3330186903476715,True,True
T04,2,BG11,16,1.986736884636736,0.3429139256477356,True,True
T04,2,BG11,17,1.6739235511822363,0.41586917638778687,True,True
T04,2,BG11,18,1.6188762294557215,0.3695632219314575,True,True
T04,2,BG11,19,1.795841021932758,0.4858235716819763,True,True
T04,2,BG11,20,1.6168510274162653,0.368787944316864,True,True
T04,0,BG12,1,0.22249422938680347,0.028475984930992126,True,True
T04,0,BG12,2,0.27211284092652016,0.07552573084831238,True,True
T04,0,BG12,3,0.312007562944797,0.0670962780714035,True,True
T04,0,BG12,4,0.2697692537310258,0.09619269520044327,True,True
T04,0,BG12,5,0.36263120639218077,0.07913431525230408,True,True
T04,0,BG12,6,0.42526338948166753,0.07465915381908417,True,True
T04,0,BG12,7,0.4847087416382344,0.05583476275205612,True,True
T04,0,BG12,8,0.7406371147293292,0.08112724870443344,True,True
T04,0,BG12,9,0.8679560540513157,0.1381605714559555,True,True
T04,0,BG12,10,1.1010103864333347,0.18931198120117188,True,True
T04,0,BG12,11,1.172261488242027,0.1344580203294754,True,True
T04,0,BG12,12,1.1145500205591659,0.13596636056900024,True,True
T04,0,BG12,13,1.1655384819675552,0.11712369322776794,True,True
T04,0,BG12,14,1.3296433639275251,0.08775858581066132,True,True
T04,0,BG12,15,1.4999442649280976,0.07155857235193253,True,True
T04,0,BG12,16,1.5901340254066207,0.09854026883840561,True,True
T04,0,BG12,17,1.9419289991484376,0.17866286635398865,True,True
T04,0,BG12,18,2.0602807191874497,0.18722787499427795,True,True
T04,0,BG12,19,2.3535735910977227,0.23026268184185028,True,True
T04,0,BG12,20,2.410323460744199,0.3325253427028656,True,True
T04,1,BG12,1,0.30001402891659484,0.04609140753746033,True,True
T04,1,BG12,2,0.36455687481831794,0.09368930011987686,True,True
T04,1,BG12,3,0.44557748295337857,0.0662994533777237,True,True
T04,1,BG12,4,0.6693689388665146,0.10908916592597961,True,True
T04,1,BG12,5,0.7543325318480805,0.04543462023139,True,True
T04,1,BG12,6,0.7767683329429227,0.03158510848879814,True,True
T04,1,BG12,7,0.7741950903276805,0.033691588789224625,True,True
T04,1,BG12,8,0.8099548860544467,0.048247698694467545,True,True
T04,1,BG12,9,0.8758421516431225,0.03315629065036774,True,True
T04,1,BG12,10,0.9142332121562324,0.01209843996912241,True,True
T04,1,BG12,11,0.8230361933663635,0.030514931306242943,True,True
T04,1,BG12,12,1.2768226635622868,0.00699948612600565,True,True
T04,1,BG12,13,1.7364502390496386,0.13400572538375854,True,True
T04,1,BG12,14,1.5886243550379198,0.16846279799938202,True,True
T04,1,BG12,15,1.7613042732683426,0.3487091064453125,True,True
T04,1,BG12,16,1.9057745929091345,0.39907896518707275,True,True
T04,1,BG12,17,2.1401134438492777,0.6117008328437805,True,True
T04,1,BG12,18,2.3996681090716203,0.6038850545883179,True,True
T04,1,BG12,19,2.8047388854575703,0.7281068563461304,True,True
T04,1,BG12,20,3.087336603611334,0.7042152881622314,True,True
T04,2,BG12,1,0.1216944560889634,0.019310779869556427,True,True
T04,2,BG12,2,0.19307184370107353,0.04713659733533859,True,True
T04,2,BG12,3,0.36733657953356263,0.07782327383756638,True,True
T04,2,BG12,4,0.45208188550648554,0.04938195273280144,True,True
T04,2,BG12,5,0.5711662157438884,0.014523149468004704,True,True
T04,2,BG12,6,0.5733163896560388,0.03466418385505676,True,True
T04,2,BG12,7,0.6134323430104605,0.021784860640764236,True,True
T04,2,BG12,8,0.6359470986787865,0.03864405304193497,True,True
T04,2,BG12,9,0.6457373097883515,0.021220870316028595,True,True
T04,2,BG12,10,0.7483709119287049,0.006789377890527248,True,True
T04,2,BG12,11,0.9445297003826065,0.06283582001924515,True,True
T04,2,BG12,12,1.1549056239779854,0.11295132339000702,True,True
T04,2,BG12,13,1.380252775417899,0.1512593775987625,True,True
T04,2,BG12,14,1.5924160535330123,0.16766412556171417,True,True
T04,2,BG12,15,1.6934991803588215,0.16806919872760773,True,True
T04,2,BG12,16,1.9625449062685192,0.12880554795265198,True,True
T04,2,BG12,17,1.6128643755171164,0.21036528050899506,True,True
T04,2,BG12,18,1.616457168971824,0.2578717768192291,True,True
T04,2,BG12,19,1.8035563821920926,0.3883120119571686,True,True
T04,2,BG12,20,1.6281644369348311,0.19514679908752441,True,True
T04,0,BG13,1,0.21191327716166647,0.03631336987018585,True,True
T04,0,BG13,2,0.24715244437424003,0.050481852144002914,True,True
T04,0,BG13,3,0.2838588677292564,0.060563795268535614,True,True
T04,0,BG13,4,0.24051717971879275,0.11738745123147964,True,True
T04,0,BG13,5,0.32807065984841605,0.1241636574268341,True,True
T04,0,BG13,6,0.4601389460922329,0.15914832055568695,True,True
T04,0,BG13,7,0.5401982962879169,0.13589529693126678,True,True
T04,0,BG13,8,0.7952163842673174,0.17205221951007843,True,True
T04,0,BG13,9,0.9343050093638283,0.24867580831050873,True,True
T04,0,BG13,10,1.152347887146695,0.26335251331329346,True,True
T04,0,BG13,11,1.2488525257117489,0.2538897693157196,True,True
T04,0,BG13,12,1.203657776728198,0.23874256014823914,True,True
T04,0,BG13,13,1.2354421669061204,0.2532879412174225,True,True
T04,0,BG13,14,1.3944555759118844,0.2653694748878479,True,True
T04,0,BG13,15,1.5060139551111416,0.26643475890159607,True,True
T04,0,BG13,16,1.5818463288375184,0.2851124405860901,True,True
T04,0,BG13,17,1.8911614111740194,0.2158447504043579,True,True
T04,0,BG13,18,1.9689776152322434,0.19750086963176727,True,True
T04,0,BG13,19,2.1920841005319,0.16505886614322662,True,True
T04,0,BG13,20,2.2919386829617454,0.10127165168523788,True,True
T04,1,BG13,1,0.27925440586695677,0.06351921707391739,True,True
T04,1,BG13,2,0.3584834080322595,0.09764612466096878,True,True
T04,1,BG13,3,0.432740560057254,0.09949450939893723,True,True
T04,1,BG13,4,0.6445887741712629,0.13797959685325623,True,True
T04,1,BG13,5,0.687062740938975,0.10259926319122314,True,True
T04,1,BG13,6,0.6935177816863795,0.06543979048728943,True,True
T04,1,BG13,7,0.6894835231993398,0.07158663123846054,True,True
T04,1,BG13,8,0.7174246334538071,0.07377271354198456,True,True
T04,1,BG13,9,0.7844134791640793,0.12350683659315109,True,True
T04,1,BG13,10,0.8160269393570387,0.11081068962812424,True,True
T04,1,BG13,11,0.7290415501220013,0.11875680834054947,True,True
T04,1,BG13,12,1.158336832722248,0.12557744979858398,True,True
T04,1,BG13,13,1.5651501937890386,0.06577667593955994,True,True
T04,1,BG13,14,1.4152090594413147,0.06284622102975845,True,True
T04,1,BG13,15,1.5337429013526092,0.14771075546741486,True,True
T04,1,BG13,16,1.6975623659703099,0.20050036907196045,True,True
T04,1,BG13,17,1.7965832841235614,0.2540091872215271,True,True
T04,1,BG13,18,2.0850968425433445,0.25524279475212097,True,True
T04,1,BG13,19,2.5024474101224428,0.41390717029571533,True,True
T04,1,BG13,20,2.8645393913076083,0.4632604122161865,True,True
T04,2,BG13,1,0.11343205206773671,0.013382316567003727,True,True
T04,2,BG13,2,0.18148097879827246,0.037091780453920364,True,True
T04,2,BG13,3,0.3545915387813284,0.05322064086794853,True,True
T04,2,BG13,4,0.4485966098425957,0.034629300236701965,True,True
T04,2,BG13,5,0.5627524327893414,0.0345284566283226,True,True
T04,2,BG13,6,0.5597850556676618,0.052466992288827896,True,True
T04,2,BG13,7,0.5950393663189092,0.044474419206380844,True,True
T04,2,BG13,8,0.6321239172240319,0.046866267919540405,True,True
T04,2,BG13,9,0.6432410298947977,0.08237134665250778,True,True
T04,2,BG13,10,0.7790347248140153,0.08052059262990952,True,True
T04,2,BG13,11,0.9699790505735244,0.11455687135457993,True,True
T04,2,BG13,12,1.2090968212490572,0.18862314522266388,True,True
T04,2,BG13,13,1.4306140958695157,0.21124547719955444,True,True
T04,2,BG13,14,1.6442688722835987,0.20959220826625824,True,True
T04,2,BG13,15,1.7531785247469809,0.21942445635795593,True,True
T04,2,BG13,16,2.0051088052555093,0.20254157483577728,True,True
T04,2,BG13,17,1.6620745495359497,0.22765836119651794,True,True
T04,2,BG13,18,1.664980856111268,0.2889881730079651,True,True
T04,2,BG13,19,1.8302622742337329,0.4154508709907532,True,True
T04,2,BG13,20,1.6543651344407746,0.2747703790664673,True,True
T04,0,BG14,1,0.22501723259563988,0.023505106568336487,True,True
T04,0,BG14,2,0.26998832022469454,0.048446137458086014,True,True
T04,0,BG14,3,0.31689594058979786,0.04563222825527191,True,True
T04,0,BG14,4,0.31150367999249623,0.06627052277326584,True,True
T04,0,BG14,5,0.4063683981540291,0.05346086248755455,True,True
T04,0,BG14,6,0.47767975063859436,0.04327205941081047,True,True
T04,0,BG14,7,0.5218908751972362,0.018886113539338112,True,True
T04,0,BG14,8,0.7747926716207773,0.018952377140522003,True,True
T04,0,BG14,9,0.8811001739967348,0.028240229934453964,True,True
T04,0,BG14,10,1.1225090346796043,0.041581716388463974,True,True
T04,0,BG14,11,1.1998443474441645,0.091682568192482,True,True
T04,0,BG14,12,1.1380420522430494,0.1832413673400879,True,True
T04,0,BG14,13,1.2220086417756262,0.2524992525577545,True,True
T04,0,BG14,14,1.4986487337217416,0.3360707759857178,True,True
T04,0,BG14,15,1.7272757228347448,0.5738002061843872,True,True
T04,0,BG14,16,1.8744905378908239,0.6750437617301941,True,True
T04,0,BG14,17,2.342044041511854,0.7985546588897705,True,True
T04,0,BG14,18,2.565740423175046,0.844119668006897,True,True
T04,0,BG14,19,2.911031831750554,0.8751990795135498,True,True
T04,0,BG14,20,3.045226655467536,1.1171534061431885,True,True
T04,1,BG14,1,0.3112494257555686,0.03255198895931244,True,True
T04,1,BG14,2,0.4052793538558806,0.04796558991074562,True,True
T04,1,BG14,3,0.49305944593157236,0.02689361944794655,True,True
T04,1,BG14,4,0.7361431157612283,0.06306204944849014,True,True
T04,1,BG14,5,0.801171616124233,0.031060243025422096,True,True
T04,1,BG14,6,0.8086846400200827,0.051289357244968414,True,True
T04,1,BG14,7,0.7667438269163637,0.012159065343439579,True,True
T04,1,BG14,8,0.7957980449630783,0.02339411899447441,True,True
T04,1,BG14,9,0.8878252286148175,0.04060220718383789,True,True
T04,1,BG14,10,0.9965586768340555,0.0751950666308403,True,True
T04,1,BG14,11,0.9133365954454715,0.08741232752799988,True,True
T04,1,BG14,12,1.399649927674814,0.14477522671222687,True,True
T04,1,BG14,13,1.7229134823747965,0.15459775924682617,True,True
T04,1,BG14,14,1.6034191650495777,0.2515147924423218,True,True
T04,1,BG14,15,1.8135734056352346,0.4395595192909241,True,True
T04,1,BG14,16,2.0370305575519843,0.560613214969635,True,True
T04,1,BG14,17,2.2588845539809768,0.7752553820610046,True,True
T04,1,BG14,18,2.4978373754851524,0.7832779288291931,True,True
T04,1,BG14,19,2.9046356713496424,0.8943384885787964,True,True
T04,1,BG14,20,3.0687059027708483,0.8235374093055725,True,True
T04,2,BG14,1,0.11623227775455346,0.017178280279040337,True,True
T04,2,BG14,2,0.16789806209147867,0.02175850421190262,True,True
T04,2,BG14,3,0.317091399190934,0.028323853388428688,True,True
T04,2,BG14,4,0.42335928575703236,0.006179056130349636,True,True
T04,2,BG14,5,0.532464813680924,0.0701991468667984,True,True
T04,2,BG14,6,0.513098225097567,0.10570916533470154,True,True
T04,2,BG14,7,0.5436867635957234,0.09857790917158127,True,True
T04,2,BG14,8,0.5687331500569031,0.12147578597068787,True,True
T04,2,BG14,9,0.5517276573322549,0.1349489688873291,True,True
T04,2,BG14,10,0.6802411565720391,0.1573759913444519,True,True
T04,2,BG14,11,0.9327241928530133,0.2357599437236786,True,True
T04,2,BG14,12,1.0916374274912837,0.1911715418100357,True,True
T04,2,BG14,13,1.3088395089120446,0.2380065768957138,True,True
T04,2,BG14,14,1.5493867719333225,0.27073174715042114,True,True
T04,2,BG14,15,1.6727883774769197,0.22872720658779144,True,True
T04,2,BG14,16,1.8838972192314372,0.17149993777275085,True,True
T04,2,BG14,17,1.5783768091094248,0.1967039555311203,True,True
T04,2,BG14,18,1.5464748253875322,0.17349113523960114,True,True
T04,2,BG14,19,1.671506907543531,0.2339661866426468,True,True
T04,2,BG14,20,1.4809301325894833,0.07660841196775436,True,True
T04,0,BG15,1,0.20436373848425343,0.04874595254659653,True,True
T04,0,BG15,2,0.20664335823795446,0.06640789657831192,True,True
T04,0,BG15,3,0.2613589657804475,0.07749423384666443,True,True
T04,0,BG15,4,0.2679550464378993,0.16781705617904663,True,True
T04,0,BG15,5,0.3847239997750402,0.1331302970647812,True,True
T04,0,BG15,6,0.5072377591100157,0.16916316747665405,True,True
T04,0,BG15,7,0.6020759297656567,0.16711057722568512,True,True
T04,0,BG15,8,0.8430837694700278,0.18148508667945862,True,True
T04,0,BG15,9,0.9831670853525001,0.2505026161670685,True,True
T04,0,BG15,10,1.158481730129473,0.2278631031513214,True,True
T04,0,BG15,11,1.2618061331845565,0.26177844405174255,True,True
T04,0,BG15,12,1.2507514233133354,0.2670556306838989,True,True
T04,0,BG15,13,1.2709559833763793,0.27147114276885986,True,True
T04,0,BG15,14,1.4933932727795756,0.37041205167770386,True,True
T04,0,BG15,15,1.6271568851716494,0.4109642505645752,True,True
T04,0,BG15,16,1.6611656509720656,0.3942147195339203,True,True
T04,0,BG15,17,1.9927057810248405,0.3273169696331024,True,True
T04,0,BG15,18,2.0091666527220986,0.34717294573783875,True,True
T04,0,BG15,19,2.2388168515279934,0.2893145978450775,True,True
T04,0,BG15,20,2.3424963588571956,0.29171493649482727,True,True
T04,1,BG15,1,0.3184413899247706,0.02377077005803585,True,True
T04,1,BG15,2,0.4024364966445345,0.05214819684624672,True,True
T04,1,BG15,3,0.4582550982886787,0.06675878912210464,True,True
T04,1,BG15,4,0.6532412358554347,0.1361682265996933,True,True
T04,1,BG15,5,0.7060500675679451,0.09528017789125443,True,True
T04,1,BG15,6,0.7244154520493039,0.04818141460418701,True,True
T04,1,BG15,7,0.70513841907428,0.05771695077419281,True,True
T04,1,BG15,8,0.6779271378211575,0.10177013278007507,True,True
T04,1,BG15,9,0.7945099166070066,0.11409645527601242,True,True
T04,1,BG15,10,0.8553145010884231,0.07679492235183716,True,True
T04,1,BG15,11,0.7939968555133496,0.05452394485473633,True,True
T04,1,BG15,12,1.2305505879516447,0.056610845029354095,True,True
T04,1,BG15,13,1.5133586561662913,0.09306804835796356,True,True
T04,1,BG15,14,1.359208594472182,0.07360322773456573,True,True
T04,1,BG15,15,1.3876423330740337,0.09261073917150497,True,True
T04,1,BG15,16,1.5491005828995752,0.07061061263084412,True,True
T04,1,BG15,17,1.56056259239118,0.0282120518386364,True,True
T04,1,BG15,18,1.7802715321611167,0.09193547070026398,True,True
T04,1,BG15,19,2.058342384586161,0.07758135348558426,True,True
T04,1,BG15,20,2.3692794324286157,0.06408263742923737,True,True
T04,2,BG15,1,0.11015717688307294,0.0038218393456190825,True,True
T04,2,BG15,2,0.13807759218129537,0.02852478064596653,True,True
T04,2,BG15,3,0.340876825107697,0.02636183612048626,True,True
T04,2,BG15,4,0.4732470160236481,0.0569566935300827,True,True
T04,2,BG15,5,0.6065526139635281,0.07758815586566925,True,True
T04,2,BG15,6,0.5869323169173234,0.07521098852157593,True,True
T04,2,BG15,7,0.5800591666729078,0.07464716583490372,True,True
T04,2,BG15,8,0.635872435256997,0.10995958745479584,True,True
T04,2,BG15,9,0.6197300733381869,0.14634457230567932,True,True
T04,2,BG15,10,0.7625749377029468,0.13324479758739471,True,True
T04,2,BG15,11,0.9889946543311317,0.17429132759571075,True,True
T04,2,BG15,12,1.168272068937333,0.17472557723522186,True,True
T04,2,BG15,13,1.4697564218152988,0.3085006773471832,True,True
T04,2,BG15,14,1.6803357167838526,0.34281784296035767,True,True
T04,2,BG15,15,1.8393390247248933,0.38342154026031494,True,True
T04,2,BG15,16,2.0425674290691247,0.322155624628067,True,True
T04,2,BG15,17,1.736308716386993,0.37543347477912903,True,True
T04,2,BG15,18,1.7182368190600166,0.3908463418483734,True,True
T04,2,BG15,19,1.9093251034538057,0.5101751685142517,True,True
T04,2,BG15,20,1.7761606478423706,0.4726000726222992,True,True
T05,0,BG0,1,0.13398149747205224,0.0,True,True
T05,0,BG0,2,0.05068371613866503,0.0,True,True
T05,0,BG0,3,0.12704237609127494,0.0,True,True
T05,0,BG0,4,0.27596654430852574,0.0,True,True
T05,0,BG0,5,0.3461635032883839,0.0,True,True
T05,0,BG0,6,0.39388776755529664,0.0,True,True
T05,0,BG0,7,0.45692289628427796,0.0,True,True
T05,0,BG0,8,0.3420707535110115,0.0,True,True
T05,0,BG0,9,0.5572663363942881,0.0,True,True
T05,0,BG0,10,0.6469347924483964,0.0,True,True
T05,0,BG0,11,0.8037244318829699,0.0,True,True
T05,0,BG0,12,0.6980265098519712,0.0,True,True
T05,0,BG0,13,0.9492900835328748,0.0,True,True
T05,0,BG0,14,0.9976459991938238,0.0,True,True
T05,0,BG0,15,1.0137458127538312,0.0,True,True
T05,0,BG0,16,0.9490312872300614,0.0,True,True
T05,0,BG0,17,1.2993795534701371,0.0,True,True
T05,0,BG0,18,1.5307816429388155,0.0,True,True
T05,0,BG0,19,1.729555727312705,0.0,True,True
T05,0,BG0,20,1.7767778359829607,0.0,True,True
T05,1,BG0,1,0.9247122557603398,0.0,True,True
T05,1,BG0,2,1.2741100257082396,0.0,True,True
T05,1,BG0,3,1.3765029430349764,0.0,True,True
T05,1,BG0,4,1.8674482883060963,0.0,True,True
T05,1,BG0,5,1.873102046346633,0.0,True,True
T05,1,BG0,6,2.246051101540792,0.0,True,True
T05,1,BG0,7,2.3822441685166753,0.0,True,True
T05,1,BG0,8,2.7679467984546973,0.0,True,True
T05,1,BG0,9,2.5550356612120737,0.0,True,True
T05,1,BG0,10,2.521090053475375,0.0,True,True
T05,1,BG0,11,2.508917177142093,0.0,True,True
T05,1,BG0,12,2.441314479407032,0.0,True,True
T05,1,BG0,13,2.5249961049888103,0.0,True,True
T05,1,BG0,14,2.66091939356263,0.0,True,True
T05,1,BG0,15,2.8735612578067937,0.0,True,True
T05,1,BG0,16,3.002079236598354,0.0,True,True
T05,1,BG0,17,3.027695695417471,0.0,True,True
T05,1,BG0,18,3.385524622786269,0.0,True,True
T05,1,BG0,19,3.394677453884499,0.0,True,True
T05,1,BG0,20,3.3826114927804154,0.0,True,True
T05,2,BG0,1,0.10674303408872207,0.0,True,True
T05,2,BG0,2,0.41343205149484324,0.0,True,True
T05,2,BG0,3,0.7911043221361488,0.0,True,True
T05,2,BG0,4,0.6977090970583328,0.0,True,True
T05,2,BG0,5,1.1965790331468615,0.0,True,True
T05,2,BG0,6,1.303397680259282,0.0,True,True
T05,2,BG0,7,1.342268352196696,0.0,True,True
T05,2,BG0,8,1.059094576355831,0.0,True,True
T05,2,BG0,9,1.0902807022105023,0.0,True,True
T05,2,BG0,10,1.143766945032661,0.0,True,True
T05,2,BG0,11,1.1240469439421967,0.0,True,True
T05,2,BG0,12,0.9987554896798752,0.0,True,True
T05,2,BG0,13,1.246814878412477,0.0,True,True
T05,2,BG0,14,1.0833252797970283,0.0,True,True
T05,2,BG0,15,0.6654601908650146,0.0,True,True
T05,2,BG0,16,0.6381169035849781,0.0,True,True
T05,2,BG0,17,0.9705302763903826,0.0,True,True
T05,2,BG0,18,1.0756105884878477,0.0,True,True
T05,2,BG0,19,1.0384569346008587,0.0,True,True
T05,2,BG0,20,1.1153770199928352,0.0,True,True
T05,0,BG1,1,0.15229002110907852,0.019465366378426552,True,True
T05,0,BG1,2,0.023540521902627315,0.03653150796890259,True,True
T05,0,BG1,3,0.1206961922135388,0.0072637456469237804,True,True
T05,0,BG1,4,0.2538519262888507,0.02239418402314186,True,True
T05,0,BG1,5,0.3127786023417976,0.040619492530822754,True,True
T05,0,BG1,6,0.32293838306634864,0.08531662821769714,True,True
T05,0,BG1,7,0.38511713654280744,0.10208626836538315,True,True
T05,0,BG1,8,0.34627954053560184,0.10059940814971924,True,True
T05,0,BG1,9,0.5364216625714221,0.06420103460550308,True,True
T05,0,BG1,10,0.6414695373387265,0.036919962614774704,True,True
T05,0,BG1,11,0.7733020945630898,0.06015493720769882,True,True
T05,0,BG1,12,0.7086416784736939,0.013796587474644184,True,True
T05,0,BG1,13,0.9422935248022516,0.030933545902371407,True,True
T05,0,BG1,14,0.9700596087287635,0.033626738935709,True,True
T05,0,BG1,15,0.9758209326134916,0.04697907716035843,True,True
T05,0,BG1,16,0.951890161554396,0.06503359973430634,True,True
T05,0,BG1,17,1.2818608531603726,0.031693119555711746,True,True
T05,0,BG1,18,1.5284998808463395,0.09103265404701233,True,True
T05,0,BG1,19,1.8058528982708433,0.11646989732980728,True,True
T05,0,BG1,20,1.8454750855342104,0.09639379382133484,True,True
T05,1,BG1,1,0.9901268876797683,0.07148545235395432,True,True
T05,1,BG1,2,1.327608007451137,0.0708981454372406,True,True
T05,1,BG1,3,1.4157595724743848,0.05745928734540939,True,True
T05,1,BG1,4,1.8799240439221254,0.040656860917806625,True,True
T05,1,BG1,5,1.8953513913877,0.031237667426466942,True,True
T05,1,BG1,6,2.2462802168088296,0.006932470947504044,True,True
T05,1,BG1,7,2.39232464802983,0.023988602682948112,True,True
T05,1,BG1,8,2.7714573481650735,0.003568811807781458,True,True
T05,1,BG1,9,2.5927102788102374,0.07027315348386765,True,True
T05,1,BG1,10,2.5503156232519917,0.06236465647816658,True,True
T05,1,BG1,11,2.5692355514496112,0.09741947799921036,True,True
T05,1,BG1,12,2.5261531255731593,0.10926420986652374,True,True
T05,1,BG1,13,2.5757362445958774,0.08156769722700119,True,True
T05,1,BG1,14,2.644794486781288,0.02838188409805298,True,True
T05,1,BG1,15,2.811505099700475,0.07832388579845428,True,True
T05,1,BG1,16,2.9501454000237906,0.07827956229448318,True,True
T05,1,BG1,17,3.0011484349939863,0.06251924484968185,True,True
T05,1,BG1,18,3.329374848586858,0.08127239346504211,True,True
T05,1,BG1,19,3.3267606198189794,0.09889481216669083,True,True
T05,1,BG1,20,3.342233708522372,0.07310386747121811,True,True
T05,2,BG1,1,0.05628853562896434,0.06967521458864212,True,True
T05,2,BG1,2,0.31970868097991806,0.09386789053678513,True,True
T05,2,BG1,3,0.6666401482900977,0.12494095414876938,True,True
T05,2,BG1,4,0.5906620132809032,0.10872160643339157,True,True
T05,2,BG1,5,1.055571210258177,0.14541953802108765,True,True
T05,2,BG1,6,1.1764105474362483,0.1289754956960678,True,True
T05,2,BG1,7,1.2404501072819936,0.10774239897727966,True,True
T05,2,BG1,8,0.9670422979132584,0.10131258517503738,True,True
T05,2,BG1,9,1.0488425704606288,0.05547143891453743,True,True
T05,2,BG1,10,1.147226966221943,0.02242938242852688,True,True
T05,2,BG1,11,1.1428818164392602,0.07179781049489975,True,True
T05,2,BG1,12,0.9671454270861791,0.05693525820970535,True,True
T05,2,BG1,13,1.2293383264832665,0.06543108075857162,True,True
T05,2,BG1,14,1.02632917903872,0.0921112596988678,True,True
T05,2,BG1,15,0.5964377765415969,0.07765556871891022,True,True
T05,2,BG1,16,0.5647079484067715,0.08142665028572083,True,True
T05,2,BG1,17,0.8446514856603535,0.13976578414440155,True,True
T05,2,BG1,18,0.9527302727949799,0.12709790468215942,True,True
T05,2,BG1,19,0.9287446480317652,0.15100082755088806,True,True
T05,2,BG1,20,1.0691900858441894,0.1605517715215683,True,True
T05,0,BG2,1,0.25615086604094045,0.12228052318096161,True,True
T05,0,BG2,2,0.14396967571375585,0.17330805957317352,True,True
T05,0,BG2,3,0.11174847234447531,0.10546454042196274,True,True
T05,0,BG2,4,0.2999818380785334,0.0705069899559021,True,True
T05,0,BG2,5,0.26978580359968607,0.09501183032989502,True,True
T05,0,BG2,6,0.30777878310267875,0.09161729365587234,True,True
T05,0,BG2,7,0.36918927527147305,0.12854121625423431,True,True
T05,0,BG2,8,0.3544998715626192,0.13359467685222626,True,True
T05,0,BG2,9,0.4893838745525207,0.11424820870161057,True,True
T05,0,BG2,10,0.6204355269346354,0.09759530425071716,True,True
T05,0,BG2,11,0.7046814047130607,0.18932031095027924,True,True
T05,0,BG2,12,0.678901791911064,0.14484013617038727,True,True
T05,0,BG2,13,0.8854986671849522,0.13531076908111572,True,True
T05,0,BG2,14,0.9194720288832804,0.14268723130226135,True,True
T05,0,BG2,15,0.9128340782308648,0.19573035836219788,True,True
T05,0,BG2,16,0.8566687076054574,0.14165367186069489,True,True
T05,0,BG2,17,1.1770444065170511,0.14956091344356537,True,True
T05,0,BG2,18,1.4320278453591824,0.09940043836832047,True,True
T05,0,BG2,19,1.734689461096199,0.033624064177274704,True,True
T05,0,BG2,20,1.7907333180361307,0.036464087665081024,True,True
T05,1,BG2,1,1.2202223923396962,0.29703521728515625,True,True
T05,1,BG2,2,1.5915767973840678,0.3192223608493805,True,True
T05,1,BG2,3,1.6518117437173738,0.27732086181640625,True,True
T05,1,BG2,4,2.069298681398166,0.20234845578670502,True,True
T05,1,BG2,5,2.07687721148234,0.2039383351802826,True,True
T05,1,BG2,6,2.380499343678558,0.13492050766944885,True,True
T05,1,BG2,7,2.5301804598768665,0.14796331524848938,True,True
T05,1,BG2,8,2.9001935270433603,0.13295017182826996,True,True
T05,1,BG2,9,2.733303245086584,0.18943993747234344,True,True
T05,1,BG2,10,2.654733299824194,0.13827015459537506,True,True
T05,1,BG2,11,2.6636521816320475,0.18443220853805542,True,True
T05,1,BG2,12,2.608026779570084,0.19133183360099792,True,True
T05,1,BG2,13,2.672264664908979,0.1819392442703247,True,True
T05,1,BG2,14,2.692892384926241,0.07812924683094025,True,True
T05,1,BG2,15,2.9195384778041924,0.08836913853883743,True,True
T05,1,BG2,16,3.0469249642353846,0.09523718804121017,True,True
T05,1,BG2,17,3.1105044515081266,0.10607805848121643,True,True
T05,1,BG2,18,3.393999636959148,0.04453495144844055,True,True
T05,1,BG2,19,3.391462381325773,0.007542308419942856,True,True
T05,1,BG2,20,3.417153091557139,0.03467198833823204,True,True
T05,2,BG2,1,0.06442914076024876,0.06581465154886246,True,True
T05,2,BG2,2,0.2530481368337622,0.1620018482208252,True,True
T05,2,BG2,3,0.6536393908521266,0.1374848634004593,True,True
T05,2,BG2,4,0.5411417460466599,0.15668758749961853,True,True
T05,2,BG2,5,1.0548674991363078,0.1501598209142685,True,True
T05,2,BG2,6,1.1962482454403474,0.11232515424489975,True,True
T05,2,BG2,7,1.232813369294682,0.12792588770389557,True,True
T05,2,BG2,8,0.9943581885349791,0.09237129986286163,True,True
T05,2,BG2,9,1.0090207012839296,0.09739769995212555,True,True
T05,2,BG2,10,1.0921961690933701,0.06885986775159836,True,True
T05,2,BG2,11,1.1377211728194287,0.06023925170302391,True,True
T05,2,BG2,12,0.9540552723206698,0.05619749426841736,True,True
T05,2,BG2,13,1.2189459394126898,0.04312314838171005,True,True
T05,2,BG2,14,1.0262936267275589,0.09728052467107773,True,True
T05,2,BG2,15,0.5979813954808627,0.0686001181602478,True,True
T05,2,BG2,16,0.5711859466883495,0.08022841066122055,True,True
T05,2,BG2,17,0.8571414404953717,0.1283673793077469,True,True
T05,2,BG2,18,0.9663057830286733,0.12200526893138885,True,True
T05,2,BG2,19,0.9437424978016129,0.12907448410987854,True,True
T05,2,BG2,20,1.0869443301812836,0.10430514812469482,True,True
T05,0,BG3,1,0.11988593887860988,0.016160104423761368,True,True
T05,0,BG3,2,0.05645038681671634,0.020371055230498314,True,True
T05,0,BG3,3,0.1401927007797453,0.03912406787276268,True,True
T05,0,BG3,4,0.23618777170673153,0.044933922588825226,True,True
T05,0,BG3,5,0.35224597362951676,0.006670464761555195,True,True
T05,0,BG3,6,0.40507036310035255,0.011243273504078388,True,True
T05,0,BG3,7,0.4938490851282752,0.04099825769662857,True,True
T05,0,BG3,8,0.37753488428664383,0.03549102693796158,True,True
T05,0,BG3,9,0.6010551049110937,0.08365010470151901,True,True
T05,0,BG3,10,0.7078146028587123,0.1013522744178772,True,True
T05,0,BG3,11,0.873231170787129,0.09195053577423096,True,True
T05,0,BG3,12,0.7405313252594342,0.08933407068252563,True,True
T05,0,BG3,13,1.007259913977987,0.10239128023386002,True,True
T05,0,BG3,14,1.0862395137237972,0.15647633373737335,True,True
T05,0,BG3,15,1.035759185062849,0.11367947608232498,True,True
T05,0,BG3,16,1.013479722784524,0.14994007349014282,True,True
T05,0,BG3,17,1.384995739028228,0.1687098890542984,True,True
T05,0,BG3,18,1.6934076281514947,0.2612205743789673,True,True
T05,0,BG3,19,1.956534649641049,0.2984652817249298,True,True
T05,0,BG3,20,2.021789410147195,0.3136325180530548,True,True
T05,1,BG3,1,0.8392837446249587,0.08647891134023666,True,True
T05,1,BG3,2,1.179869582266697,0.0943954586982727,True,True
T05,1,BG3,3,1.290193228190766,0.08700526505708694,True,True
T05,1,BG3,4,1.7781083849262944,0.08934100717306137,True,True
T05,1,BG3,5,1.796260905355823,0.08336792886257172,True,True
T05,1,BG3,6,2.172803097597226,0.09278492629528046,True,True
T05,1,BG3,7,2.2724921218756933,0.12409577518701553,True,True
T05,1,BG3,8,2.658699102349366,0.14339877665042877,True,True
T05,1,BG3,9,2.4482835173246613,0.12917223572731018,True,True
T05,1,BG3,10,2.3733162742764153,0.2013336718082428,True,True
T05,1,BG3,11,2.3162944868727644,0.22329582273960114,True,True
T05,1,BG3,12,2.253128569484344,0.21968159079551697,True,True
T05,1,BG3,13,2.3048108869972537,0.24929751455783844,True,True
T05,1,BG3,14,2.4650988038335924,0.2359519749879837,True,True
T05,1,BG3,15,2.65680836534777,0.2518048882484436,True,True
T05,1,BG3,16,2.7741443385624245,0.25237706303596497,True,True
T05,1,BG3,17,2.8101905576924175,0.2555132806301117,True,True
T05,1,BG3,18,3.1725284542594503,0.23419596254825592,True,True
T05,1,BG3,19,3.1574208339968144,0.26167863607406616,True,True
T05,1,BG3,20,3.1342981755093664,0.2963937819004059,True,True
T05,2,BG3,1,0.10193116425637841,0.008336370810866356,True,True
T05,2,BG3,2,0.40663095245354736,0.01585390418767929,True,True
T05,2,BG3,3,0.7906977261207122,0.030452676117420197,True,True
T05,2,BG3,4,0.7007020548629113,0.005847447086125612,True,True
T05,2,BG3,5,1.1824484854059256,0.017781000584363937,True,True
T05,2,BG3,6,1.3356859930753702,0.03268281742930412,True,True
T05,2,BG3,7,1.3934148774221262,0.05114882066845894,True,True
T05,2,BG3,8,1.2029918379303133,0.14398273825645447,True,True
T05,2,BG3,9,1.251684136532437,0.16140344738960266,True,True
T05,2,BG3,10,1.3922693922977518,0.25011035799980164,True,True
T05,2,BG3,11,1.3603594659755345,0.24021898210048676,True,True
T05,2,BG3,12,1.2172969146013672,0.2223443239927292,True,True
T05,2,BG3,13,1.5076437638680658,0.27979859709739685,True,True
T05,2,BG3,14,1.3739282168406697,0.3384898602962494,True,True
T05,2,BG3,15,0.8425459045160124,0.36919108033180237,True,True
T05,2,BG3,16,0.7688787192757571,0.37107619643211365,True,True
T05,2,BG3,17,1.0728531245339816,0.3829260766506195,True,True
T05,2,BG3,18,1.169284952136317,0.518889844417572,True,True
T05,2,BG3,19,1.0475602931760923,0.4611070156097412,True,True
T05,2,BG3,20,1.0627917416329729,0.3566247224807739,True,True
T05,0,BG4,1,0.0673249374779436,0.06666368246078491,True,True
T05,0,BG4,2,0.11049217835571687,0.07320164144039154,True,True
T05,0,BG4,3,0.1871572660126789,0.09780813753604889,True,True
T05,0,BG4,4,0.2097419867079679,0.12371663004159927,True,True
T05,0,BG4,5,0.38171903157977144,0.05955519527196884,True,True
T05,0,BG4,6,0.38777067558910355,0.020850883796811104,True,True
T05,0,BG4,7,0.49702018903235023,0.043414562940597534,True,True
T05,0,BG4,8,0.3773319190047628,0.04741429537534714,True,True
T05,0,BG4,9,0.5994388129099846,0.07752333581447601,True,True
T05,0,BG4,10,0.6957205861818755,0.10377376526594162,True,True
T05,0,BG4,11,0.8756004259315123,0.09299232810735703,True,True
T05,0,BG4,12,0.7357986998482337,0.145426407456398,True,True
T05,0,BG4,13,0.9960559779744502,0.08784224092960358,True,True
T05,0,BG4,14,1.0328390947236108,0.08837196230888367,True,True
T05,0,BG4,15,1.01308191559155,0.08384183049201965,True,True
T05,0,BG4,16,0.9699028447548049,0.12526820600032806,True,True
T05,0,BG4,17,1.3280897630854476,0.08878069370985031,True,True
T05,0,BG4,18,1.5725863839215328,0.12032768130302429,True,True
T05,0,BG4,19,1.8342664373315165,0.1539042890071869,True,True
T05,0,BG4,20,1.8643730792750222,0.13528494536876678,True,True
T05,1,BG4,1,0.7951548776634987,0.13178326189517975,True,True
T05,1,BG4,2,1.1689032011746057,0.10525612533092499,True,True
T05,1,BG4,3,1.2743832753959703,0.10215100646018982,True,True
T05,1,BG4,4,1.7781471124349668,0.08979953080415726,True,True
T05,1,BG4,5,1.7853495411273437,0.09238726645708084,True,True
T05,1,BG4,6,2.1441927960307825,0.10310216248035431,True,True
T05,1,BG4,7,2.2815744108426617,0.10574278980493546,True,True
T05,1,BG4,8,2.6884220991156735,0.08814367651939392,True,True
T05,1,BG4,9,2.4385409649833836,0.11698485910892487,True,True
T05,1,BG4,10,2.3552991378514534,0.18337668478488922,True,True
T05,1,BG4,11,2.376735305534595,0.14179280400276184,True,True
T05,1,BG4,12,2.320856334023539,0.1289556622505188,True,True
T05,1,BG4,13,2.3859694560745437,0.1455041766166687,True,True
T05,1,BG4,14,2.497525829968637,0.1780628114938736,True,True
T05,1,BG4,15,2.71612030834077,0.1796206831932068,True,True
T05,1,BG4,16,2.8104989801312756,0.21373260021209717,True,True
T05,1,BG4,17,2.8405639936196447,0.22779378294944763,True,True
T05,1,BG4,18,3.1852403416390036,0.22822614014148712,True,True
T05,1,BG4,19,3.172323977868542,0.24830298125743866,True,True
T05,1,BG4,20,3.1719145843798118,0.24837055802345276,True,True
T05,2,BG4,1,0.12963972211732092,0.03911605104804039,True,True
T05,2,BG4,2,0.4783062066041381,0.06703167408704758,True,True
T05,2,BG4,3,0.8711222624924502,0.08041401207447052,True,True
T05,2,BG4,4,0.767139260872073,0.06962494552135468,True,True
T05,2,BG4,5,1.2661179629305443,0.06985006481409073,True,True
T05,2,BG4,6,1.4110064219118414,0.11432002484798431,True,True
T05,2,BG4,7,1.5117651488671524,0.1728632003068924,True,True
T05,2,BG4,8,1.3335981040683889,0.27640411257743835,True,True
T05,2,BG4,9,1.3789997835506358,0.28945791721343994,True,True
T05,2,BG4,10,1.4598852500480115,0.3171827793121338,True,True
T05,2,BG4,11,1.4305985883129166,0.3110089600086212,True,True
T05,2,BG4,12,1.3038985248852921,0.3098675608634949,True,True
T05,2,BG4,13,1.5360532450546585,0.308295339345932,True,True
T05,2,BG4,14,1.413980185417418,0.36055228114128113,True,True
T05,2,BG4,15,0.8753485230850128,0.3974321186542511,True,True
T05,2,BG4,16,0.79748027193746,0.4107184112071991,True,True
T05,2,BG4,17,1.1096807585935842,0.3938186466693878,True,True
T05,2,BG4,18,1.1597515390203614,0.44794514775276184,True,True
T05,2,BG4,19,1.0044307751926145,0.3598319888114929,True,True
T05,2,BG4,20,1.0756137897991624,0.2976504862308502,True,True
T05,0,BG5,1,0.1246349949107385,0.020658908411860466,True,True
T05,0,BG5,2,0.06767242241293393,0.018807176500558853,True,True
T05,0,BG5,3,0.13819197105530498,0.07271931320428848,True,True
T05,0,BG5,4,0.21835585560078047,0.058334894478321075,True,True
T05,0,BG5,5,0.3021573111660809,0.06871896237134933,True,True
T05,0,BG5,6,0.3643019333791505,0.04696611315011978,True,True
T05,0,BG5,7,0.43169109049416127,0.02735649049282074,True,True
T05,0,BG5,8,0.3545863838167046,0.06292778998613358,True,True
T05,0,BG5,9,0.5280248117655313,0.03365175426006317,True,True
T05,0,BG5,10,0.6632201029042629,0.0510779432952404,True,True
T05,0,BG5,11,0.8302047542321945,0.03387230262160301,True,True
T05,0,BG5,12,0.7152897225414391,0.019027095288038254,True,True
T05,0,BG5,13,0.9886522602851389,0.04453759267926216,True,True
T05,0,BG5,14,1.0651967792028212,0.1341094970703125,True,True
T05,0,BG5,15,1.0633978756362692,0.20366789400577545,True,True
T05,0,BG5,16,1.0690627350930242,0.1767265498638153,True,True
T05,0,BG5,17,1.4581533923644594,0.22230784595012665,True,True
T05,0,BG5,18,1.7767527283940614,0.3109312057495117,True,True
T05,0,BG5,19,2.0387075253369176,0.333537757396698,True,True
T05,0,BG5,20,2.0952727072428194,0.35234466195106506,True,True
T05,1,BG5,1,0.8637213521040475,0.06434095650911331,True,True
T05,1,BG5,2,1.2249176416867502,0.050580959767103195,True,True
T05,1,BG5,3,1.3118323799768736,0.07038240134716034,True,True
T05,1,BG5,4,1.816912480406677,0.06468871980905533,True,True
T05,1,BG5,5,1.823331663690083,0.06553241610527039,True,True
T05,1,BG5,6,2.178204135620474,0.11895012110471725,True,True
T05,1,BG5,7,2.3011081828340076,0.10803630948066711,True,True
T05,1,BG5,8,2.6897140044345997,0.10169001668691635,True,True
T05,1,BG5,9,2.4631662139122517,0.09640707075595856,True,True
T05,1,BG5,10,2.392882918033872,0.1380128115415573,True,True
T05,1,BG5,11,2.3893876820290343,0.1277071088552475,True,True
T05,1,BG5,12,2.3862108276227176,0.0635833740234375,True,True
T05,1,BG5,13,2.4294755456500194,0.11893193423748016,True,True
T05,1,BG5,14,2.4933871338669533,0.18465542793273926,True,True
T05,1,BG5,15,2.7418899664621814,0.16982707381248474,True,True
T05,1,BG5,16,2.820332520707687,0.20514819025993347,True,True
T05,1,BG5,17,2.8699686012535626,0.22049888968467712,True,True
T05,1,BG5,18,3.1973930789560034,0.24016986787319183,True,True
T05,1,BG5,19,3.153785579263146,0.3356599807739258,True,True
T05,1,BG5,20,3.2228066622604477,0.2708934247493744,True,True
T05,2,BG5,1,0.07637527761588575,0.0318145751953125,True,True
T05,2,BG5,2,0.42698352117648564,0.028391225263476372,True,True
T05,2,BG5,3,0.799455366661522,0.018766511231660843,True,True
T05,2,BG5,4,0.711667945424328,0.014128017239272594,True,True
T05,2,BG5,5,1.216031320833427,0.021390242502093315,True,True
T05,2,BG5,6,1.3385924010970587,0.036258820444345474,True,True
T05,2,BG5,7,1.4228211750788338,0.08137297630310059,True,True
T05,2,BG5,8,1.1565510622661614,0.09945548325777054,True,True
T05,2,BG5,9,1.311980784677247,0.22275997698307037,True,True
T05,2,BG5,10,1.4648443194744254,0.32107868790626526,True,True
T05,2,BG5,11,1.4291393651788022,0.3098680078983307,True,True
T05,2,BG5,12,1.27748997097481,0.2800644040107727,True,True
T05,2,BG5,13,1.5195899554122958,0.2750755846500397,True,True
T05,2,BG5,14,1.405850155689323,0.3457903265953064,True,True
T05,2,BG5,15,0.8519962968729119,0.3160587251186371,True,True
T05,2,BG5,16,0.780789306403475,0.2540739178657532,True,True
T05,2,BG5,17,1.029139922499172,0.22987157106399536,True,True
T05,2,BG5,18,1.1224490651853773,0.29830634593963623,True,True
T05,2,BG5,19,1.078948258484374,0.30780449509620667,True,True
T05,2,BG5,20,1.1260192406315395,0.11216764897108078,True,True
T05,0,BG6,1,0.20543668088789108,0.07437152415513992,True,True
T05,0,BG6,2,0.06630524686334814,0.019394714385271072,True,True
T05,0,BG6,3,0.1357585170645002,0.0433657169342041,True,True
T05,0,BG6,4,0.2465075615630506,0.043236374855041504,True,True
T05,0,BG6,5,0.35820646347640256,0.024642668664455414,True,True
T05,0,BG6,6,0.4450925374745425,0.06187667325139046,True,True
T05,0,BG6,7,0.5473142316433196,0.09070791304111481,True,True
T05,0,BG6,8,0.41153446076039235,0.10166026651859283,True,True
T05,0,BG6,9,0.5887992530014615,0.05998299643397331,True,True
T05,0,BG6,10,0.7443657375836862,0.13623152673244476,True,True
T05,0,BG6,11,0.9158573954308198,0.12224237620830536,True,True
T05,0,BG6,12,0.7836059599564008,0.164047971367836,True,True
T05,0,BG6,13,1.020595512278464,0.07653629034757614,True,True
T05,0,BG6,14,1.0610771529478835,0.1187647134065628,True,True
T05,0,BG6,15,1.0480867027790406,0.08827412873506546,True,True
T05,0,BG6,16,1.0147897592004458,0.08600563555955887,True,True
T05,0,BG6,17,1.3927546127005885,0.11000360548496246,True,True
T05,0,BG6,18,1.6518928720588266,0.1684676855802536,True,True
T05,0,BG6,19,1.903826139223412,0.18645696341991425,True,True
T05,0,BG6,20,1.9691645824142971,0.20593410730361938,True,True
T05,1,BG6,1,0.9692444586297667,0.0658971518278122,True,True
T05,1,BG6,2,1.232449184780729,0.04177101328969002,True,True
T05,1,BG6,3,1.323236862660673,0.05455499514937401,True,True
T05,1,BG6,4,1.8878003046228422,0.040151920169591904,True,True
T05,1,BG6,5,1.911248167554379,0.058080416172742844,True,True
T05,1,BG6,6,2.248099244779434,0.04688161984086037,True,True
T05,1,BG6,7,2.387026496313714,0.018444564193487167,True,True
T05,1,BG6,8,2.7942693031936403,0.04681170731782913,True,True
T05,1,BG6,9,2.546280022254796,0.11475060880184174,True,True
T05,1,BG6,10,2.532149060513564,0.12160072475671768,True,True
T05,1,BG6,11,2.504619740787993,0.18855930864810944,True,True
T05,1,BG6,12,2.53267642877393,0.2522455155849457,True,True
T05,1,BG6,13,2.600196860649101,0.24842308461666107,True,True
T05,1,BG6,14,2.6581578376986372,0.22103124856948853,True,True
T05,1,BG6,15,2.876432951211626,0.28635284304618835,True,True
T05,1,BG6,16,3.0099146161358266,0.31057214736938477,True,True
T05,1,BG6,17,3.0675574242811114,0.3236904442310333,True,True
T05,1,BG6,18,3.364010569652831,0.24463844299316406,True,True
T05,1,BG6,19,3.3829518485529224,0.2622215151786804,True,True
T05,1,BG6,20,3.447431815933942,0.1781347095966339,True,True
T05,2,BG6,1,0.044742414768718465,0.08507436513900757,True,True
T05,2,BG6,2,0.3806388811934154,0.04682133346796036,True,True
T05,2,BG6,3,0.7316296895059519,0.05989210307598114,True,True
T05,2,BG6,4,0.6289389634563912,0.0690712034702301,True,True
T05,2,BG6,5,1.0938756553639122,0.1084076464176178,True,True
T05,2,BG6,6,1.2136017288505372,0.09197183698415756,True,True
T05,2,BG6,7,1.279462540912999,0.0658252164721489,True,True
T05,2,BG6,8,1.061131509669082,0.045543521642684937,True,True
T05,2,BG6,9,1.1398257552557762,0.07549995183944702,True,True
T05,2,BG6,10,1.286350383488717,0.14907245337963104,True,True
T05,2,BG6,11,1.2807555347294863,0.1853095442056656,True,True
T05,2,BG6,12,1.076103989605512,0.15079346299171448,True,True
T05,2,BG6,13,1.274390121242754,0.13558755815029144,True,True
T05,2,BG6,14,1.1188311333570666,0.22179314494132996,True,True
T05,2,BG6,15,0.5810200280846312,0.1406838595867157,True,True
T05,2,BG6,16,0.5430739623530647,0.1191045418381691,True,True
T05,2,BG6,17,0.773798118253943,0.20802892744541168,True,True
T05,2,BG6,18,0.8627284355406459,0.2128831446170807,True,True
T05,2,BG6,19,0.9223759130416346,0.2572695314884186,True,True
T05,2,BG6,20,1.0635540472727756,0.308875173330307,True,True
T05,0,BG7,1,0.0602997616660042,0.07498609274625778,True,True
T05,0,BG7,2,0.1651892298919836,0.12862296402454376,True,True
T05,0,BG7,3,0.25329121903626034,0.18090832233428955,True,True
T05,0,BG7,4,0.2373100962001024,0.21215099096298218,True,True
T05,0,BG7,5,0.4642852100202115,0.13413093984127045,True,True
T05,0,BG7,6,0.5332125627748898,0.15251114964485168,True,True
T05,0,BG7,7,0.638292877863526,0.18699023127555847,True,True
T05,0,BG7,8,0.481764964386463,0.16743798553943634,True,True
T05,0,BG7,9,0.7002832576011196,0.20324638485908508,True,True
T05,0,BG7,10,0.8131023589306073,0.2242507040500641,True,True
T05,0,BG7,11,0.9937649308011122,0.23054039478302002,True,True
T05,0,BG7,12,0.9102157657968337,0.3718772530555725,True,True
T05,0,BG7,13,1.2477175489704124,0.3604251742362976,True,True
T05,0,BG7,14,1.2796156617773409,0.425860732793808,True,True
T05,0,BG7,15,1.2153914637390655,0.4184570610523224,True,True
T05,0,BG7,16,1.2564377756895986,0.43272665143013,True,True
T05,0,BG7,17,1.7229399049311596,0.5069266557693481,True,True
T05,0,BG7,18,2.0390892874191797,0.6191980242729187,True,True
T05,0,BG7,19,2.336584918475291,0.6773708462715149,True,True
T05,0,BG7,20,2.4330850099245995,0.7305765748023987,True,True
T05,1,BG7,1,0.7540942839361612,0.17107568681240082,True,True
T05,1,BG7,2,1.071614813204503,0.20382016897201538,True,True
T05,1,BG7,3,1.1644240860842068,0.21637314558029175,True,True
T05,1,BG7,4,1.6219434175914924,0.2514016926288605,True,True
T05,1,BG7,5,1.6611789803763704,0.21872533857822418,True,True
T05,1,BG7,6,2.045306821001011,0.2061671018600464,True,True
T05,1,BG7,7,2.189850345740581,0.1945694237947464,True,True
T05,1,BG7,8,2.571933706030839,0.20450453460216522,True,True
T05,1,BG7,9,2.3294753657166125,0.231169655919075,True,True
T05,1,BG7,10,2.3022592184661326,0.23774856328964233,True,True
T05,1,BG7,11,2.296397992191609,0.22618994116783142,True,True
T05,1,BG7,12,2.3140242435356644,0.13054560124874115,True,True
T05,1,BG7,13,2.3339218459601425,0.21609273552894592,True,True
T05,1,BG7,14,2.347157714874126,0.37026557326316833,True,True
T05,1,BG7,15,2.5634587087633767,0.3430914282798767,True,True
T05,1,BG7,16,2.6084059777284887,0.44466516375541687,True,True
T05,1,BG7,17,2.718696226281644,0.3680192828178406,True,True
T05,1,BG7,18,3.0703369581110094,0.34139323234558105,True,True
T05,1,BG7,19,3.051834823667537,0.3794741630554199,True,True
T05,1,BG7,20,3.129804796747825,0.29375454783439636,True,True
T05,2,BG7,1,0.1442703204017495,0.08251142501831055,True,True
T05,2,BG7,2,0.5769581751171081,0.16497968137264252,True,True
T05,2,BG7,3,1.0098555811999657,0.21889102458953857,True,True
T05,2,BG7,4,0.9531218329252727,0.2554273307323456,True,True
T05,2,BG7,5,1.4283092292371076,0.23346677422523499,True,True
T05,2,BG7,6,1.5956713217037697,0.2985781133174896,True,True
T05,2,BG7,7,1.620190163344572,0.28999194502830505,True,True
T05,2,BG7,8,1.450159410186502,0.3997878432273865,True,True
T05,2,BG7,9,1.5733628954394894,0.48569023609161377,True,True
T05,2,BG7,10,1.7157907934462298,0.5770485997200012,True,True
T05,2,BG7,11,1.7934038354956239,0.6693729758262634,True,True
T05,2,BG7,12,1.7080486821840188,0.7098029851913452,True,True
T05,2,BG7,13,2.04186986294066,0.8032336831092834,True,True
T05,2,BG7,14,1.9153527537685235,0.8643693327903748,True,True
T05,2,BG7,15,1.4749387044650195,1.060750126838684,True,True
T05,2,BG7,16,1.3427337336655127,1.0489071607589722,True,True
T05,2,BG7,17,1.7226174058311576,1.1505281925201416,True,True
T05,2,BG7,18,1.7268538350116691,1.2818577289581299,True,True
T05,2,BG7,19,1.5822109545382792,1.2840684652328491,True,True
T05,2,BG7,20,1.567311512129293,1.169194221496582,True,True
T05,0,BG8,1,0.09992092694799269,0.0471220426261425,True,True
T05,0,BG8,2,0.07528153911296315,0.056071218103170395,True,True
T05,0,BG8,3,0.13400238492830704,0.09807556867599487,True,True
T05,0,BG8,4,0.18701831540892633,0.08897095918655396,True,True
T05,0,BG8,5,0.2995395996420388,0.081979900598526,True,True
T05,0,BG8,6,0.3578033076341459,0.06560103595256805,True,True
T05,0,BG8,7,0.5254781761977392,0.12302170693874359,True,True
T05,0,BG8,8,0.37038909943919646,0.1315445750951767,True,True
T05,0,BG8,9,0.6795602082757588,0.2586009204387665,True,True
T05,0,BG8,10,0.8429168840902136,0.31877565383911133,True,True
T05,0,BG8,11,1.1777646015294612,0.4554516673088074,True,True
T05,0,BG8,12,0.9402594935853146,0.4917648732662201,True,True
T05,0,BG8,13,1.33386136679135,0.5171319842338562,True,True
T05,0,BG8,14,1.480512102669445,0.6912554502487183,True,True
T05,0,BG8,15,1.589992764694529,0.9146643280982971,True,True
T05,0,BG8,16,1.748365638645798,0.9817448258399963,True,True
T05,0,BG8,17,2.2988077600790824,1.1314201354980469,True,True
T05,0,BG8,18,2.5691483602407836,1.211394190788269,True,True
T05,0,BG8,19,2.8183365179610815,1.2276496887207031,True,True
T05,0,BG8,20,2.9023742323293305,1.2344691753387451,True,True
T05,1,BG8,1,0.6934181929120752,0.23134416341781616,True,True
T05,1,BG8,2,0.9275651201285052,0.3484421670436859,True,True
T05,1,BG8,3,0.8887444472937833,0.4886583685874939,True,True
T05,1,BG8,4,1.2774484035589486,0.5965999960899353,True,True
T05,1,BG8,5,1.239565933750135,0.7022961974143982,True,True
T05,1,BG8,6,1.5256292416228114,0.8702403903007507,True,True
T05,1,BG8,7,1.5030302564952438,1.0509083271026611,True,True
T05,1,BG8,8,1.7454543195339027,1.2910804748535156,True,True
T05,1,BG8,9,1.5619491974819015,1.4681329727172852,True,True
T05,1,BG8,10,1.495926568281595,1.7601557970046997,True,True
T05,1,BG8,11,1.4550306068026766,1.9903087615966797,True,True
T05,1,BG8,12,1.44175468238006,2.087083578109741,True,True
T05,1,BG8,13,1.4870385136870896,2.4963767528533936,True,True
T05,1,BG8,14,1.6370466022209742,2.6766068935394287,True,True
T05,1,BG8,15,1.924870221387466,2.992513418197632,True,True
T05,1,BG8,16,1.8816907410277586,3.1714844703674316,True,True
T05,1,BG8,17,2.2036803576650534,3.3939998149871826,True,True
T05,1,BG8,18,2.421077696553025,3.9581215381622314,True,True
T05,1,BG8,19,2.4126527911804083,4.295775890350342,True,True
T05,1,BG8,20,2.3818644820666957,4.376351356506348,True,True
T05,2,BG8,1,0.25603574993067124,0.18382486701011658,True,True
T05,2,BG8,2,0.7684517675794266,0.36410534381866455,True,True
T05,2,BG8,3,1.298069344378974,0.5137025117874146,True,True
T05,2,BG8,4,1.33565893698673,0.6441572904586792,True,True
T05,2,BG8,5,1.860957192794825,0.6646342873573303,True,True
T05,2,BG8,6,2.0689541923428685,0.7677751183509827,True,True
T05,2,BG8,7,2.2406348862824843,0.911032497882843,True,True
T05,2,BG8,8,2.2590996520834503,1.2148269414901733,True,True
T05,2,BG8,9,2.4018904757315998,1.321192979812622,True,True
T05,2,BG8,10,2.6418657152252893,1.5085556507110596,True,True
T05,2,BG8,11,3.068276008849202,1.9473055601119995,True,True
T05,2,BG8,12,3.32961617813737,2.330862522125244,True,True
T05,2,BG8,13,3.850239421382295,2.6095521450042725,True,True
T05,2,BG8,14,4.0238857370076175,2.9760851860046387,True,True
T05,2,BG8,15,3.952653941862407,3.5818493366241455,True,True
T05,2,BG8,16,3.9825237266262903,3.7322702407836914,True,True
T05,2,BG8,17,4.416082746308029,3.924623966217041,True,True
T05,2,BG8,18,4.485957917411449,4.09619140625,True,True
T05,2,BG8,19,4.517092476403959,4.307239055633545,True,True
T05,2,BG8,20,4.363410874729922,4.138677597045898,True,True
T05,0,BG9,1,0.10090758695218677,0.056114960461854935,True,True
T05,0,BG9,2,0.08287683000329941,0.065559022128582,True,True
T05,0,BG9,3,0.05837573417166995,0.09591345489025116,True,True
T05,0,BG9,4,0.1952767514127695,0.11200607568025589,True,True
T05,0,BG9,5,0.1943788248361295,0.15708470344543457,True,True
T05,0,BG9,6,0.2497219935822224,0.15949757397174835,True,True
T05,0,BG9,7,0.3693132708775418,0.1665681004524231,True,True
T05,0,BG9,8,0.19057698411134752,0.15254822373390198,True,True
T05,0,BG9,9,0.451041294039253,0.15471182763576508,True,True
T05,0,BG9,10,0.5584724822569832,0.13602596521377563,True,True
T05,0,BG9,11,0.7684563435763595,0.12442418932914734,True,True
T05,0,BG9,12,0.5847703051224523,0.19897153973579407,True,True
T05,0,BG9,13,0.8872634434395319,0.19304528832435608,True,True
T05,0,BG9,14,1.021403421302546,0.25983384251594543,True,True
T05,0,BG9,15,1.0175366223179834,0.30513015389442444,True,True
T05,0,BG9,16,1.0453984231970193,0.368406742811203,True,True
T05,0,BG9,17,1.5020240131638178,0.39166030287742615,True,True
T05,0,BG9,18,1.767789230594075,0.5115363597869873,True,True
T05,0,BG9,19,2.022520071027504,0.49557581543922424,True,True
T05,0,BG9,20,1.9779034185068907,0.44849470257759094,True,True
T05,1,BG9,1,0.6992712827808051,0.2267150729894638,True,True
T05,1,BG9,2,0.980645719595898,0.29385849833488464,True,True
T05,1,BG9,3,1.082084184263807,0.2946907579898834,True,True
T05,1,BG9,4,1.5666428678184166,0.30187034606933594,True,True
T05,1,BG9,5,1.6108540342555842,0.2706494927406311,True,True
T05,1,BG9,6,1.9539688817313967,0.3254562020301819,True,True
T05,1,BG9,7,1.9593128475652184,0.4680425226688385,True,True
T05,1,BG9,8,2.2718958541485077,0.5885764360427856,True,True
T05,1,BG9,9,2.0031737997361816,0.6803096532821655,True,True
T05,1,BG9,10,1.9164939261091318,0.8029706478118896,True,True
T05,1,BG9,11,1.7871728110430338,0.959947943687439,True,True
T05,1,BG9,12,1.7377049058839205,0.9178346395492554,True,True
T05,1,BG9,13,1.6516792414830255,1.1288331747055054,True,True
T05,1,BG9,14,1.7557176241748327,1.3835740089416504,True,True
T05,1,BG9,15,1.9726282050916175,1.4387438297271729,True,True
T05,1,BG9,16,1.8985677452208503,1.674729585647583,True,True
T05,1,BG9,17,2.112699959477239,1.6843695640563965,True,True
T05,1,BG9,18,2.331275321009645,1.9399815797805786,True,True
T05,1,BG9,19,2.1176652929946855,2.060137987136841,True,True
T05,1,BG9,20,2.080484299858952,2.1703059673309326,True,True
T05,2,BG9,1,0.16056396059739586,0.10557335615158081,True,True
T05,2,BG9,2,0.5688621797614526,0.167998269200325,True,True
T05,2,BG9,3,0.9883595818581251,0.20844823122024536,True,True
T05,2,BG9,4,0.9648175538421987,0.28265810012817383,True,True
T05,2,BG9,5,1.4198280025995302,0.23015059530735016,True,True
T05,2,BG9,6,1.6109339539003584,0.30766990780830383,True,True
T05,2,BG9,7,1.6976542449191527,0.35659441351890564,True,True
T05,2,BG9,8,1.5900939756616168,0.5321393609046936,True,True
T05,2,BG9,9,1.7206195504056232,0.6309983134269714,True,True
T05,2,BG9,10,1.8508025001540813,0.7087758779525757,True,True
T05,2,BG9,11,1.8834783500891723,0.760249674320221,True,True
T05,2,BG9,12,1.7931997317732924,0.8024765849113464,True,True
T05,2,BG9,13,2.0828153318453237,0.8599966168403625,True,True
T05,2,BG9,14,2.0054565220828735,0.9620400667190552,True,True
T05,2,BG9,15,1.6512263417536444,1.2547976970672607,True,True
T05,2,BG9,16,1.5649643372902795,1.2950596809387207,True,True
T05,2,BG9,17,2.0207827659666444,1.5196229219436646,True,True
T05,2,BG9,18,2.060262656921362,1.6398125886917114,True,True
T05,2,BG9,19,2.0109350558920283,1.7473307847976685,True,True
T05,2,BG9,20,1.752002835844133,1.4847320318222046,True,True
T05,0,BG10,1,0.042238653619098114,0.09967389702796936,True,True
T05,0,BG10,2,0.17161740833014677,0.1348109096288681,True,True
T05,0,BG10,3,0.21881925207692773,0.15233764052391052,True,True
T05,0,BG10,4,0.19861530324247828,0.18876957893371582,True,True
T05,0,BG10,5,0.4264062674476032,0.12077586352825165,True,True
T05,0,BG10,6,0.4821354079714723,0.12610507011413574,True,True
T05,0,BG10,7,0.6729824312143267,0.23397541046142578,True,True
T05,0,BG10,8,0.4664668221924305,0.18480312824249268,True,True
T05,0,BG10,9,0.7040654796238586,0.23791104555130005,True,True
T05,0,BG10,10,0.8025737459103589,0.26036423444747925,True,True
T05,0,BG10,11,1.0735989169225162,0.35328006744384766,True,True
T05,0,BG10,12,0.879722384685674,0.4187893271446228,True,True
T05,0,BG10,13,1.2454334983924131,0.40396103262901306,True,True
T05,0,BG10,14,1.353563640519797,0.5210774540901184,True,True
T05,0,BG10,15,1.3721176902255519,0.6084728240966797,True,True
T05,0,BG10,16,1.4828623930889937,0.688513457775116,True,True
T05,0,BG10,17,1.940022057518617,0.7429738640785217,True,True
T05,0,BG10,18,2.2688182381367814,0.8798171281814575,True,True
T05,0,BG10,19,2.5620331613855716,0.9423710703849792,True,True
T05,0,BG10,20,2.6643625624325735,0.987025260925293,True,True
T05,1,BG10,1,0.5936774034762522,0.33113327622413635,True,True
T05,1,BG10,2,0.8619923863887914,0.41396066546440125,True,True
T05,1,BG10,3,0.8894618936306127,0.4929490089416504,True,True
T05,1,BG10,4,1.3022721310244392,0.573699951171875,True,True
T05,1,BG10,5,1.3674247676792735,0.5486437678337097,True,True
T05,1,BG10,6,1.6930239889928107,0.6350697875022888,True,True
T05,1,BG10,7,1.7205587686802977,0.7614185810089111,True,True
T05,1,BG10,8,2.0167041201350298,0.9214789271354675,True,True
T05,1,BG10,9,1.7370786423771885,1.0764405727386475,True,True
T05,1,BG10,10,1.6303386117262326,1.2584069967269897,True,True
T05,1,BG10,11,1.5252779992399172,1.4497699737548828,True,True
T05,1,BG10,12,1.4557204248839024,1.4515891075134277,True,True
T05,1,BG10,13,1.414783664232417,1.7386844158172607,True,True
T05,1,BG10,14,1.5699268128958157,1.9526020288467407,True,True
T05,1,BG10,15,1.8129025925285551,2.137064218521118,True,True
T05,1,BG10,16,1.7369969791490618,2.2045698165893555,True,True
T05,1,BG10,17,1.894873957079688,2.4459142684936523,True,True
T05,1,BG10,18,2.015335426885558,2.7199501991271973,True,True
T05,1,BG10,19,1.8590227303965208,2.9769299030303955,True,True
T05,1,BG10,20,1.8478282653305027,3.070697069168091,True,True
T05,2,BG10,1,0.20052868819176725,0.12272530794143677,True,True
T05,2,BG10,2,0.5987552772559911,0.18870577216148376,True,True
T05,2,BG10,3,1.011193126373188,0.2210390567779541,True,True
T05,2,BG10,4,1.0316700763019044,0.33579254150390625,True,True
T05,2,BG10,5,1.5625945933668337,0.366015762090683,True,True
T05,2,BG10,6,1.7552800579557912,0.4535749554634094,True,True
T05,2,BG10,7,1.8770883065952073,0.5423133373260498,True,True
T05,2,BG10,8,1.8221373368324953,0.7704911231994629,True,True
T05,2,BG10,9,1.9809494064812074,0.892723023891449,True,True
T05,2,BG10,10,2.2029091115031716,1.0609843730926514,True,True
T05,2,BG10,11,2.4491074780395876,1.325064778327942,True,True
T05,2,BG10,12,2.4137784324080354,1.4185940027236938,True,True
T05,2,BG10,13,2.934030382556884,1.7014607191085815,True,True
T05,2,BG10,14,2.96922934816189,1.9393523931503296,True,True
T05,2,BG10,15,2.6807631979935738,2.310779333114624,True,True
T05,2,BG10,16,2.6705629494615066,2.445350408554077,True,True
T05,2,BG10,17,3.053677322978363,2.581760883331299,True,True
T05,2,BG10,18,3.1665962680869053,2.81925106048584,True,True
T05,2,BG10,19,3.057988603766231,2.8952043056488037,True,True
T05,2,BG10,20,2.825697451227722,2.6423959732055664,True,True
T05,0,BG11,1,0.07527784093932555,0.058734338730573654,True,True
T05,0,BG11,2,0.1549889827572483,0.1145676001906395,True,True
T05,0,BG11,3,0.17507466914126074,0.10010085999965668,True,True
T05,0,BG11,4,0.18068550309481687,0.11924666911363602,True,True
T05,0,BG11,5,0.37477504271163614,0.06786759197711945,True,True
T05,0,BG11,6,0.4590779390460901,0.11709674447774887,True,True
T05,0,BG11,7,0.5782762446937014,0.14412042498588562,True,True
T05,0,BG11,8,0.3872856057434405,0.12094558030366898,True,True
T05,0,BG11,9,0.6050934683283931,0.15409785509109497,True,True
T05,0,BG11,10,0.6809094486073008,0.1699734628200531,True,True
T05,0,BG11,11,0.878155540794309,0.1628369688987732,True,True
T05,0,BG11,12,0.6790455347896929,0.21367605030536652,True,True
T05,0,BG11,13,0.97742941299664,0.1705537587404251,True,True
T05,0,BG11,14,1.0712346340996295,0.24762539565563202,True,True
T05,0,BG11,15,1.0107369790470315,0.1916573941707611,True,True
T05,0,BG11,16,1.040190948108673,0.2922973930835724,True,True
T05,0,BG11,17,1.496549678361355,0.2977102994918823,True,True
T05,0,BG11,18,1.75631955827117,0.38024017214775085,True,True
T05,0,BG11,19,1.9924761487288454,0.374359130859375,True,True
T05,0,BG11,20,2.028595033032076,0.37399592995643616,True,True
T05,1,BG11,1,0.7105667253315987,0.21645845472812653,True,True
T05,1,BG11,2,0.9952715374624033,0.28213393688201904,True,True
T05,1,BG11,3,1.118413684678147,0.2645021378993988,True,True
T05,1,BG11,4,1.6084643914289911,0.2647656500339508,True,True
T05,1,BG11,5,1.6586132872041393,0.23916377127170563,True,True
T05,1,BG11,6,2.0010051612668565,0.2810096740722656,True,True
T05,1,BG11,7,2.0917648827919284,0.32498815655708313,True,True
T05,1,BG11,8,2.462362671906393,0.37271228432655334,True,True
T05,1,BG11,9,2.1376877793965843,0.477520227432251,True,True
T05,1,BG11,10,2.041293623385584,0.5891509652137756,True,True
T05,1,BG11,11,2.010055427107825,0.5854408144950867,True,True
T05,1,BG11,12,2.0012444246377816,0.5026084184646606,True,True
T05,1,BG11,13,1.9519600098921714,0.6879869103431702,True,True
T05,1,BG11,14,2.067136352591014,0.7639526724815369,True,True
T05,1,BG11,15,2.29499714308186,0.7508162260055542,True,True
T05,1,BG11,16,2.2939282780371015,0.8617936372756958,True,True
T05,1,BG11,17,2.373639498553465,0.8605097532272339,True,True
T05,1,BG11,18,2.70024703175602,0.8550488352775574,True,True
T05,1,BG11,19,2.618150431658933,0.9314349293708801,True,True
T05,1,BG11,20,2.557889060040675,1.0056078433990479,True,True
T05,2,BG11,1,0.12469463707517847,0.035587068647146225,True,True
T05,2,BG11,2,0.4928260482698708,0.0828847587108612,True,True
T05,2,BG11,3,0.8937873579303967,0.10392994433641434,True,True
T05,2,BG11,4,0.8366850635497344,0.1458195596933365,True,True
T05,2,BG11,5,1.3517798874726805,0.15775075554847717,True,True
T05,2,BG11,6,1.5051993823145808,0.20295368134975433,True,True
T05,2,BG11,7,1.5840488160176696,0.24180163443088531,True,True
T05,2,BG11,8,1.4448607355810958,0.38655221462249756,True,True
T05,2,BG11,9,1.5473638914855559,0.4595399796962738,True,True
T05,2,BG11,10,1.6599294519323078,0.5165053606033325,True,True
T05,2,BG11,11,1.662881566477188,0.5564146637916565,True,True
T05,2,BG11,12,1.4776108486790356,0.5032935738563538,True,True
T05,2,BG11,13,1.7178564439809816,0.523018479347229,True,True
T05,2,BG11,14,1.6170050610587412,0.6420011520385742,True,True
T05,2,BG11,15,1.1472509075543766,0.7882509231567383,True,True
T05,2,BG11,16,1.0065236739910042,0.7612997889518738,True,True
T05,2,BG11,17,1.2670635612882866,0.7597488760948181,True,True
T05,2,BG11,18,1.297030431017146,0.9422088861465454,True,True
T05,2,BG11,19,1.151998101102819,0.8766533732414246,True,True
T05,2,BG11,20,1.104971995375218,0.7415468096733093,True,True
T05,0,BG12,1,0.0520119651280795,0.10053488612174988,True,True
T05,0,BG12,2,0.1695635183742875,0.13736921548843384,True,True
T05,0,BG12,3,0.19473407425511244,0.14513954520225525,True,True
T05,0,BG12,4,0.1747238258822641,0.16267259418964386,True,True
T05,0,BG12,5,0.33139767727475145,0.07688423991203308,True,True
T05,0,BG12,6,0.3517950077975093,0.08791898936033249,True,True
T05,0,BG12,7,0.4715415260216347,0.0951632410287857,True,True
T05,0,BG12,8,0.34353489497628165,0.052669230848550797,True,True
T05,0,BG12,9,0.5451620574577363,0.10891979187726974,True,True
T05,0,BG12,10,0.7026671074022177,0.16126134991645813,True,True
T05,0,BG12,11,0.9238720157034748,0.2079147845506668,True,True
T05,0,BG12,12,0.7696222506687922,0.24944888055324554,True,True
T05,0,BG12,13,1.1289498116211756,0.2810900807380676,True,True
T05,0,BG12,14,1.1797847209853243,0.3396775722503662,True,True
T05,0,BG12,15,1.0842181987316049,0.3249541223049164,True,True
T05,0,BG12,16,1.1373097780940975,0.34519779682159424,True,True
T05,0,BG12,17,1.5109728751101037,0.37109434604644775,True,True
T05,0,BG12,18,1.8763450906620116,0.5094515085220337,True,True
T05,0,BG12,19,2.1739276651066626,0.5705742835998535,True,True
T05,0,BG12,20,2.3074867312623684,0.6636402606964111,True,True
T05,1,BG12,1,0.7023134674193457,0.22293387353420258,True,True
T05,1,BG12,2,0.9751715941937784,0.29943954944610596,True,True
T05,1,BG12,3,1.0947936156963727,0.2835898697376251,True,True
T05,1,BG12,4,1.5305721839754474,0.33889418840408325,True,True
T05,1,BG12,5,1.5560667596607134,0.3330068588256836,True,True
T05,1,BG12,6,1.917166164040525,0.36528480052948,True,True
T05,1,BG12,7,1.992655844934325,0.42934805154800415,True,True
T05,1,BG12,8,2.364500108214482,0.4835212528705597,True,True
T05,1,BG12,9,2.1006340358669973,0.5548729300498962,True,True
T05,1,BG12,10,1.9808491337147365,0.7202791571617126,True,True
T05,1,BG12,11,1.9202921035580371,0.8142586350440979,True,True
T05,1,BG12,12,1.897754609385487,0.7617135047912598,True,True
T05,1,BG12,13,1.835760848522752,0.9584012031555176,True,True
T05,1,BG12,14,1.9183822654980491,1.0876115560531616,True,True
T05,1,BG12,15,2.132342297718357,1.130549430847168,True,True
T05,1,BG12,16,2.096834973988042,1.3367377519607544,True,True
T05,1,BG12,17,2.227956469827123,1.308426022529602,True,True
T05,1,BG12,18,2.391666736831663,1.5089703798294067,True,True
T05,1,BG12,19,2.2206931620764867,1.6834049224853516,True,True
T05,1,BG12,20,2.208531665151838,1.7198115587234497,True,True
T05,2,BG12,1,0.20613060006674302,0.1446044147014618,True,True
T05,2,BG12,2,0.6355401973105399,0.22526448965072632,True,True
T05,2,BG12,3,1.067546004160012,0.28003549575805664,True,True
T05,2,BG12,4,1.0925445193358916,0.3991946578025818,True,True
T05,2,BG12,5,1.6081644900823646,0.41261935234069824,True,True
T05,2,BG12,6,1.7034700817274264,0.400339275598526,True,True
T05,2,BG12,7,1.7921730398233835,0.4541556239128113,True,True
T05,2,BG12,8,1.694446992209785,0.6460307836532593,True,True
T05,2,BG12,9,1.810536207689194,0.7221251726150513,True,True
T05,2,BG12,10,2.0129142743820814,0.87367844581604,True,True
T05,2,BG12,11,2.110274354889246,0.9862995743751526,True,True
T05,2,BG12,12,2.0598055527148915,1.0616581439971924,True,True
T05,2,BG12,13,2.421380325459057,1.184224247932434,True,True
T05,2,BG12,14,2.2996208878612867,1.2451777458190918,True,True
T05,2,BG12,15,1.9669029932974227,1.5618840456008911,True,True
T05,2,BG12,16,1.8927413377543325,1.6123284101486206,True,True
T05,2,BG12,17,2.280827934103303,1.7578405141830444,True,True
T05,2,BG12,18,2.268024430058676,1.8237872123718262,True,True
T05,2,BG12,19,2.253594055409047,1.9639790058135986,True,True
T05,2,BG12,20,2.0088192897942343,1.6804536581039429,True,True
T05,0,BG13,1,0.08545759662639155,0.051312610507011414,True,True
T05,0,BG13,2,0.13209709852259818,0.09379959851503372,True,True
T05,0,BG13,3,0.16912343950737493,0.08831420540809631,True,True
T05,0,BG13,4,0.22847192333483043,0.08234007656574249,True,True
T05,0,BG13,5,0.2760558181627151,0.07013364136219025,True,True
T05,0,BG13,6,0.31936225950249614,0.0820353701710701,True,True
T05,0,BG13,7,0.4479332910256557,0.08479779213666916,True,True
T05,0,BG13,8,0.3147032325274404,0.028372783213853836,True,True
T05,0,BG13,9,0.4889822654960524,0.10153255611658096,True,True
T05,0,BG13,10,0.6114943501662773,0.10300610959529877,True,True
T05,0,BG13,11,0.8165225742534606,0.11853007227182388,True,True
T05,0,BG13,12,0.6850997672299685,0.09720325469970703,True,True
T05,0,BG13,13,0.9565368388881791,0.0872172862291336,True,True
T05,0,BG13,14,1.0152027405029895,0.1551695615053177,True,True
T05,0,BG13,15,0.9737101723864374,0.1485213190317154,True,True
T05,0,BG13,16,0.9761730139879855,0.20033064484596252,True,True
T05,0,BG13,17,1.3522181418132309,0.19605083763599396,True,True
T05,0,BG13,18,1.6794705797302532,0.31469759345054626,True,True
T05,0,BG13,19,1.9401913810205191,0.32095494866371155,True,True
T05,0,BG13,20,2.0110346570469706,0.3544366955757141,True,True
T05,1,BG13,1,0.7129901627376869,0.21249665319919586,True,True
T05,1,BG13,2,0.9878741942579484,0.2873877286911011,True,True
T05,1,BG13,3,1.137602786746303,0.23974676430225372,True,True
T05,1,BG13,4,1.6372290041689144,0.2407846301794052,True,True
T05,1,BG13,5,1.6442804806843496,0.2461746633052826,True,True
T05,1,BG13,6,1.9818468786133423,0.30319806933403015,True,True
T05,1,BG13,7,2.068033831140728,0.35648471117019653,True,True
T05,1,BG13,8,2.4823677410483285,0.3814537227153778,True,True
T05,1,BG13,9,2.2385019904330754,0.39922651648521423,True,True
T05,1,BG13,10,2.1024442281561115,0.5665137767791748,True,True
T05,1,BG13,11,2.0777921790994447,0.5982334613800049,True,True
T05,1,BG13,12,2.0660967889315067,0.565315842628479,True,True
T05,1,BG13,13,2.0228076900720136,0.6666033864021301,True,True
T05,1,BG13,14,2.1013811359732815,0.7889667749404907,True,True
T05,1,BG13,15,2.319279151083508,0.8131117224693298,True,True
T05,1,BG13,16,2.2945639294068547,1.0133111476898193,True,True
T05,1,BG13,17,2.407628349445009,0.9572866559028625,True,True
T05,1,BG13,18,2.672575634493603,1.062376618385315,True,True
T05,1,BG13,19,2.566182645070589,1.1700907945632935,True,True
T05,1,BG13,20,2.5260229457407606,1.1898810863494873,True,True
T05,2,BG13,1,0.18896833051645376,0.11499211192131042,True,True
T05,2,BG13,2,0.6196971456278673,0.20718178153038025,True,True
T05,2,BG13,3,1.047175498096397,0.2578204870223999,True,True
T05,2,BG13,4,0.9895042781882741,0.29748326539993286,True,True
T05,2,BG13,5,1.4931572482212605,0.2994406521320343,True,True
T05,2,BG13,6,1.6208499668183023,0.3174765408039093,True,True
T05,2,BG13,7,1.7357278766746367,0.3941096067428589,True,True
T05,2,BG13,8,1.5966030607479924,0.5388203859329224,True,True
T05,2,BG13,9,1.6905750664627626,0.6004517674446106,True,True
T05,2,BG13,10,1.778089254639836,0.6353514790534973,True,True
T05,2,BG13,11,1.8317763746628781,0.7082763314247131,True,True
T05,2,BG13,12,1.6915204627119382,0.6949841380119324,True,True
T05,2,BG13,13,1.962247122285196,0.7303903102874756,True,True
T05,2,BG13,14,1.8089381378817926,0.7592851519584656,True,True
T05,2,BG13,15,1.4115525983670003,0.9998024702072144,True,True
T05,2,BG13,16,1.2618798370509905,0.9786362051963806,True,True
T05,2,BG13,17,1.5806721748330956,1.013284683227539,True,True
T05,2,BG13,18,1.5978535073473914,1.1424453258514404,True,True
T05,2,BG13,19,1.5565764781530844,1.220371961593628,True,True
T05,2,BG13,20,1.439113535300311,1.0357686281204224,True,True
T05,0,BG14,1,0.03641495452778059,0.10191399604082108,True,True
T05,0,BG14,2,0.15995474501598744,0.12834230065345764,True,True
T05,0,BG14,3,0.21995137707056886,0.16976867616176605,True,True
T05,0,BG14,4,0.1666375123321266,0.19184334576129913,True,True
T05,0,BG14,5,0.37746426613229284,0.11377791315317154,True,True
T05,0,BG14,6,0.4149224972146001,0.10326660424470901,True,True
T05,0,BG14,7,0.526054027539742,0.11981451511383057,True,True
T05,0,BG14,8,0.38102133694237417,0.12256082892417908,True,True
T05,0,BG14,9,0.6307363361749553,0.18473035097122192,True,True
T05,0,BG14,10,0.7574663148151237,0.2502855956554413,True,True
T05,0,BG14,11,1.027795710024626,0.31593620777130127,True,True
T05,0,BG14,12,0.8500614013967344,0.42469367384910583,True,True
T05,0,BG14,13,1.234373755852868,0.4364907145500183,True,True
T05,0,BG14,14,1.367334059260575,0.6003780364990234,True,True
T05,0,BG14,15,1.3883602293550539,0.720037579536438,True,True
T05,0,BG14,16,1.484836317432394,0.7649056911468506,True,True
T05,0,BG14,17,2.018782645816383,0.8873921632766724,True,True
T05,0,BG14,18,2.340536477959936,1.0221843719482422,True,True
T05,0,BG14,19,2.6247081503974314,1.0630030632019043,True,True
T05,0,BG14,20,2.7354271279003304,1.1071932315826416,True,True
T05,1,BG14,1,0.5328639480674183,0.3918721079826355,True,True
T05,1,BG14,2,0.7796182382431329,0.49451956152915955,True,True
T05,1,BG14,3,0.7353666546779805,0.6427162885665894,True,True
T05,1,BG14,4,1.084186014409872,0.7923773527145386,True,True
T05,1,BG14,5,1.0776744712618347,0.8536306619644165,True,True
T05,1,BG14,6,1.3797245978971004,0.9525854587554932,True,True
T05,1,BG14,7,1.3813738150835464,1.120496392250061,True,True
T05,1,BG14,8,1.6558800107187517,1.311895489692688,True,True
T05,1,BG14,9,1.4471363441905327,1.449686050415039,True,True
T05,1,BG14,10,1.353193764207757,1.769798994064331,True,True
T05,1,BG14,11,1.3045004921533598,1.9422528743743896,True,True
T05,1,BG14,12,1.2697637397294823,2.0984506607055664,True,True
T05,1,BG14,13,1.3273251950389668,2.420555591583252,True,True
T05,1,BG14,14,1.5054089200576959,2.6211154460906982,True,True
T05,1,BG14,15,1.7075032391333937,2.780444622039795,True,True
T05,1,BG14,16,1.6540870347776044,2.922834873199463,True,True
T05,1,BG14,17,1.9933591986849932,3.207401990890503,True,True
T05,1,BG14,18,2.161227640285903,3.6943633556365967,True,True
T05,1,BG14,19,2.095290620374379,3.945551633834839,True,True
T05,1,BG14,20,2.0621733303083647,4.045414924621582,True,True
T05,2,BG14,1,0.18959395750549843,0.12011018395423889,True,True
T05,2,BG14,2,0.6230759939439894,0.21642467379570007,True,True
T05,2,BG14,3,1.0652831684703703,0.2761223614215851,True,True
T05,2,BG14,4,1.1303658577679545,0.43624618649482727,True,True
T05,2,BG14,5,1.6159534893609164,0.4195542335510254,True,True
T05,2,BG14,6,1.7842524920179832,0.48243817687034607,True,True
T05,2,BG14,7,1.91820130529408,0.5891861319541931,True,True
T05,2,BG14,8,1.8779979762998924,0.8313589692115784,True,True
T05,2,BG14,9,2.0268858823589135,0.9420911073684692,True,True
T05,2,BG14,10,2.2536835307674044,1.115526556968689,True,True
T05,2,BG14,11,2.512286844833141,1.3886739015579224,True,True
T05,2,BG14,12,2.598601183257707,1.6011543273925781,True,True
T05,2,BG14,13,3.1291849399382565,1.893548607826233,True,True
T05,2,BG14,14,3.2559687299022473,2.219400644302368,True,True
T05,2,BG14,15,3.0303915788342586,2.6663942337036133,True,True
T05,2,BG14,16,3.081038331466251,2.8479244709014893,True,True
T05,2,BG14,17,3.4753489210610047,3.0049688816070557,True,True
T05,2,BG14,18,3.5806543828679476,3.2221009731292725,True,True
T05,2,BG14,19,3.469467975398179,3.3157527446746826,True,True
T05,2,BG14,20,3.264493071291817,3.0846736431121826,True,True
T05,0,BG15,1,0.12436149889969891,0.02891605533659458,True,True
T05,0,BG15,2,0.0733572722500197,0.04480285942554474,True,True
T05,0,BG15,3,0.15104960851238095,0.07891611754894257,True,True
T05,0,BG15,4,0.17856763529752107,0.10281632095575333,True,True
T05,0,BG15,5,0.2938494347623679,0.0780232697725296,True,True
T05,0,BG15,6,0.324028461312673,0.09934127330780029,True,True
T05,0,BG15,7,0.40572778231507095,0.07058542221784592,True,True
T05,0,BG15,8,0.29081035851201165,0.05129692330956459,True,True
T05,0,BG15,9,0.5171991444918755,0.08093053847551346,True,True
T05,0,BG15,10,0.6172198309487195,0.10758353024721146,True,True
T05,0,BG15,11,0.8149010905715399,0.10086986422538757,True,True
T05,0,BG15,12,0.6415641256206348,0.1379406452178955,True,True
T05,0,BG15,13,0.9208983708939145,0.13180091977119446,True,True
T05,0,BG15,14,0.9591707039596954,0.15823757648468018,True,True
T05,0,BG15,15,0.9424371810449631,0.1746908575296402,True,True
T05,0,BG15,16,0.9749965464176218,0.27726009488105774,True,True
T05,0,BG15,17,1.402961502771366,0.2559543550014496,True,True
T05,0,BG15,18,1.6222545738874874,0.31382134556770325,True,True
T05,0,BG15,19,1.9156016175236628,0.324407160282135,True,True
T05,0,BG15,20,1.8983821708789117,0.3042412996292114,True,True
T05,1,BG15,1,0.8447699938217968,0.08026252686977386,True,True
T05,1,BG15,2,1.1459044867150368,0.12860339879989624,True,True
T05,1,BG15,3,1.2444313654981458,0.1332164704799652,True,True
T05,1,BG15,4,1.7159923392803589,0.1516578644514084,True,True
T05,1,BG15,5,1.781045108619409,0.09405358880758286,True,True
T05,1,BG15,6,2.11245743020442,0.14092867076396942,True,True
T05,1,BG15,7,2.246960395166951,0.14529922604560852,True,True
T05,1,BG15,8,2.6408064266558733,0.14957857131958008,True,True
T05,1,BG15,9,2.3802057305436106,0.18125243484973907,True,True
T05,1,BG15,10,2.2539885335381387,0.29454439878463745,True,True
T05,1,BG15,11,2.2842163537706006,0.2315680980682373,True,True
T05,1,BG15,12,2.2429297686945047,0.20109082758426666,True,True
T05,1,BG15,13,2.303296186744045,0.23238807916641235,True,True
T05,1,BG15,14,2.3628212160499906,0.33246666193008423,True,True
T05,1,BG15,15,2.5753688254141043,0.3579231798648834,True,True
T05,1,BG15,16,2.6260261065158463,0.4294637441635132,True,True
T05,1,BG15,17,2.6558565750436247,0.4439953863620758,True,True
T05,1,BG15,18,3.0061321582855385,0.446001261472702,True,True
T05,1,BG15,19,2.927712682426349,0.5271682739257812,True,True
T05,1,BG15,20,2.9197361958437185,0.529564619064331,True,True
T05,2,BG15,1,0.11453883155538754,0.03707107901573181,True,True
T05,2,BG15,2,0.4922491491685602,0.08043504506349564,True,True
T05,2,BG15,3,0.9002367284335269,0.1100061908364296,True,True
T05,2,BG15,4,0.7984239181296835,0.1063428670167923,True,True
T05,2,BG15,5,1.3507630464849119,0.1567094326019287,True,True
T05,2,BG15,6,1.4961830719568823,0.19278837740421295,True,True
T05,2,BG15,7,1.623265387427897,0.28274932503700256,True,True
T05,2,BG15,8,1.4652292609379753,0.40674981474876404,True,True
T05,2,BG15,9,1.4975675989052815,0.4073019027709961,True,True
T05,2,BG15,10,1.5863073282349838,0.44254225492477417,True,True
T05,2,BG15,11,1.6219268004963845,0.5076543688774109,True,True
T05,2,BG15,12,1.4816546417824814,0.4993886649608612,True,True
T05,2,BG15,13,1.7626725454185537,0.5546462535858154,True,True
T05,2,BG15,14,1.6210473518246757,0.6180884838104248,True,True
T05,2,BG15,15,1.1712925616093928,0.7946990132331848,True,True
T05,2,BG15,16,1.0098599604206449,0.7460816502571106,True,True
T05,2,BG15,17,1.2782660953617766,0.7361724972724915,True,True
T05,2,BG15,18,1.3104204671457012,0.8969908356666565,True,True
T05,2,BG15,19,1.1531656685964529,0.8569273948669434,True,True
T05,2,BG15,20,1.1059424790782715,0.7187700867652893,True,True
